#Krågehølen, 25.51.0, Vannføring, day
Time;Discharge (m³/s);Corrected;Controlled
2008-05-30 11:00:00Z;1.666155;0;3
2008-05-31 11:00:00Z;1.562803;0;3
2008-06-01 11:00:00Z;1.522242;0;3
2008-06-02 11:00:00Z;1.433891;0;3
2008-06-03 11:00:00Z;1.358471;0;3
2008-06-04 11:00:00Z;1.220884;0;3
2008-06-05 11:00:00Z;1.117455;0;3
2008-06-06 11:00:00Z;1.03169;0;3
2008-06-07 11:00:00Z;0.96566;0;3
2008-06-08 11:00:00Z;0.9001194;0;3
2008-06-09 11:00:00Z;0.8500084;0;3
2008-06-10 11:00:00Z;0.8284677;0;3
2008-06-11 11:00:00Z;0.7981614;0;3
2008-06-12 11:00:00Z;0.7551981;0;3
2008-06-13 11:00:00Z;0.707075;0;3
2008-06-14 11:00:00Z;0.6800342;0;3
2008-06-15 11:00:00Z;0.7199852;0;3
2008-06-16 11:00:00Z;0.7052702;0;3
2008-06-17 11:00:00Z;0.6700248;0;3
2008-06-18 11:00:00Z;0.7009186;0;3
2008-06-19 11:00:00Z;1.478175;0;3
2008-06-20 11:00:00Z;2.961684;0;3
2008-06-21 11:00:00Z;6.759901;0;3
2008-06-22 11:00:00Z;6.126627;0;3
2008-06-23 11:00:00Z;7.926819;0;3
2008-06-24 11:00:00Z;9.664621;0;3
2008-06-25 11:00:00Z;6.883177;0;3
2008-06-26 11:00:00Z;4.818349;0;3
2008-06-27 11:00:00Z;3.789288;0;3
2008-06-28 11:00:00Z;3.158569;0;3
2008-06-29 11:00:00Z;2.70566;0;3
2008-06-30 11:00:00Z;2.438793;0;3
2008-07-01 11:00:00Z;2.130161;0;3
2008-07-02 11:00:00Z;1.891181;0;3
2008-07-03 11:00:00Z;1.686304;0;3
2008-07-04 11:00:00Z;1.503413;0;3
2008-07-05 11:00:00Z;1.346953;0;3
2008-07-06 11:00:00Z;1.242406;0;3
2008-07-07 11:00:00Z;1.386326;0;3
2008-07-08 11:00:00Z;1.891554;0;3
2008-07-09 11:00:00Z;2.683481;0;3
2008-07-10 11:00:00Z;2.867112;0;3
2008-07-11 11:00:00Z;2.69798;0;3
2008-07-12 11:00:00Z;4.505668;0;3
2008-07-13 11:00:00Z;18.46619;0;3
2008-07-14 11:00:00Z;17.95216;0;3
2008-07-15 11:00:00Z;11.13539;0;3
2008-07-16 11:00:00Z;8.017722;0;3
2008-07-17 11:00:00Z;6.425019;0;3
2008-07-18 11:00:00Z;5.284331;0;3
2008-07-19 11:00:00Z;4.991287;0;3
2008-07-20 11:00:00Z;9.676386;0;3
2008-07-21 11:00:00Z;15.60578;0;3
2008-07-22 11:00:00Z;11.54568;0;3
2008-07-23 11:00:00Z;7.701932;0;3
2008-07-24 11:00:00Z;5.477819;0;3
2008-07-25 11:00:00Z;4.130571;0;3
2008-07-26 11:00:00Z;3.256462;0;3
2008-07-27 11:00:00Z;2.637136;0;3
2008-07-28 11:00:00Z;2.228639;0;3
2008-07-29 11:00:00Z;1.93087;0;3
2008-07-30 11:00:00Z;1.723112;0;3
2008-07-31 11:00:00Z;1.549547;0;3
2008-08-01 11:00:00Z;1.405006;0;3
2008-08-02 11:00:00Z;1.354335;0;3
2008-08-03 11:00:00Z;1.529508;0;3
2008-08-04 11:00:00Z;1.695648;0;3
2008-08-05 11:00:00Z;1.727279;0;3
2008-08-06 11:00:00Z;1.71296;0;3
2008-08-07 11:00:00Z;2.362988;0;3
2008-08-08 11:00:00Z;2.952051;0;3
2008-08-09 11:00:00Z;3.129373;0;3
2008-08-10 11:00:00Z;2.95205;0;3
2008-08-11 11:00:00Z;5.084973;0;3
2008-08-12 11:00:00Z;10.17426;0;3
2008-08-13 11:00:00Z;15.01816;0;3
2008-08-14 11:00:00Z;31.53318;0;3
2008-08-15 11:00:00Z;20.92695;0;3
2008-08-16 11:00:00Z;11.9783;0;3
2008-08-17 11:00:00Z;7.834117;0;3
2008-08-18 11:00:00Z;5.662549;0;3
2008-08-19 11:00:00Z;4.608025;0;3
2008-08-20 11:00:00Z;5.856775;0;3
2008-08-21 11:00:00Z;7.308623;0;3
2008-08-22 11:00:00Z;5.941693;0;3
2008-08-23 11:00:00Z;4.716671;0;3
2008-08-24 11:00:00Z;3.839785;0;3
2008-08-25 11:00:00Z;3.47111;0;3
2008-08-26 11:00:00Z;4.965137;0;3
2008-08-27 11:00:00Z;7.318112;0;3
2008-08-28 11:00:00Z;9.902046;0;3
2008-08-29 11:00:00Z;8.444206;0;3
2008-08-30 11:00:00Z;6.294323;0;3
2008-08-31 11:00:00Z;4.823451;0;3
2008-09-01 11:00:00Z;4.169674;0;3
2008-09-02 11:00:00Z;10.48507;0;3
2008-09-03 11:00:00Z;49.69047;0;3
2008-09-04 11:00:00Z;50.6677;0;3
2008-09-05 11:00:00Z;40.39223;0;3
2008-09-06 11:00:00Z;22.53739;0;3
2008-09-07 11:00:00Z;13.47234;0;3
2008-09-08 11:00:00Z;11.01687;0;3
2008-09-09 11:00:00Z;13.18456;0;3
2008-09-10 11:00:00Z;11.2588;0;3
2008-09-11 11:00:00Z;10.71516;0;3
2008-09-12 11:00:00Z;9.044578;0;3
2008-09-13 11:00:00Z;7.070986;0;3
2008-09-14 11:00:00Z;5.609903;0;3
2008-09-15 11:00:00Z;4.683399;0;3
2008-09-16 11:00:00Z;3.958525;0;3
2008-09-17 11:00:00Z;3.451536;0;3
2008-09-18 11:00:00Z;3.128823;0;3
2008-09-19 11:00:00Z;3.920521;0;3
2008-09-20 11:00:00Z;5.280502;0;3
2008-09-21 11:00:00Z;5.296664;0;3
2008-09-22 11:00:00Z;4.724705;0;3
2008-09-23 11:00:00Z;3.985781;0;3
2008-09-24 11:00:00Z;3.41362;0;3
2008-09-25 11:00:00Z;2.992321;0;3
2008-09-26 11:00:00Z;2.688361;0;3
2008-09-27 11:00:00Z;2.464116;0;3
2008-09-28 11:00:00Z;2.347402;0;3
2008-09-29 11:00:00Z;2.219213;0;3
2008-09-30 11:00:00Z;2.86318;0;3
2008-10-01 11:00:00Z;3.714818;0;3
2008-10-02 11:00:00Z;3.955019;0;3
2008-10-03 11:00:00Z;4.400787;0;3
2008-10-04 11:00:00Z;6.23503;0;3
2008-10-05 11:00:00Z;22.92507;0;3
2008-10-06 11:00:00Z;25.4939;0;3
2008-10-07 11:00:00Z;15.63099;0;3
2008-10-08 11:00:00Z;19.73477;0;3
2008-10-09 11:00:00Z;28.46509;0;3
2008-10-10 11:00:00Z;20.66778;0;3
2008-10-11 11:00:00Z;28.78037;0;3
2008-10-12 11:00:00Z;24.11102;0;3
2008-10-13 11:00:00Z;15.04814;0;3
2008-10-14 11:00:00Z;10.2766;0;3
2008-10-15 11:00:00Z;7.917102;0;3
2008-10-16 11:00:00Z;7.16047;0;3
2008-10-17 11:00:00Z;7.002394;0;3
2008-10-18 11:00:00Z;7.707056;0;3
2008-10-19 11:00:00Z;13.61975;0;3
2008-10-20 11:00:00Z;43.52277;0;3
2008-10-21 11:00:00Z;78.98684;0;3
2008-10-22 11:00:00Z;59.39923;0;3
2008-10-23 11:00:00Z;48.09899;0;3
2008-10-24 11:00:00Z;95.42445;0;3
2008-10-25 11:00:00Z;56.22033;0;3
2008-10-26 11:00:00Z;119.726;0;3
2008-10-27 11:00:00Z;71.16234;0;3
2008-10-28 11:00:00Z;47.13658;0;3
2008-10-29 11:00:00Z;26.72966;0;3
2008-10-30 11:00:00Z;18.39391;0;3
2008-10-31 11:00:00Z;13.05781;0;3
2008-11-01 11:00:00Z;9.871015;0;3
2008-11-02 11:00:00Z;7.92196;0;3
2008-11-03 11:00:00Z;6.630174;0;3
2008-11-04 11:00:00Z;5.760495;0;3
2008-11-05 11:00:00Z;5.252374;0;3
2008-11-06 11:00:00Z;5.514785;0;3
2008-11-07 11:00:00Z;6.198117;0;3
2008-11-08 11:00:00Z;8.102573;0;3
2008-11-09 11:00:00Z;28.08315;0;3
2008-11-10 11:00:00Z;81.77048;0;3
2008-11-11 11:00:00Z;56.69778;0;3
2008-11-12 11:00:00Z;33.1005;0;3
2008-11-13 11:00:00Z;20.22441;0;3
2008-11-14 11:00:00Z;17.59099;0;3
2008-11-15 11:00:00Z;25.03056;0;3
2008-11-16 11:00:00Z;34.79233;0;3
2008-11-17 11:00:00Z;24.14625;0;3
2008-11-18 11:00:00Z;26.32152;0;3
2008-11-19 11:00:00Z;24.60142;0;3
2008-11-20 11:00:00Z;17.1757;0;3
2008-11-21 11:00:00Z;12.88738;0;3
2008-11-22 11:00:00Z;9.375301;0;3
2008-11-23 11:00:00Z;7.225717;0;3
2008-11-24 11:00:00Z;5.943489;0;3
2008-11-25 11:00:00Z;5.127368;0;3
2008-11-26 11:00:00Z;4.481741;0;3
2008-11-27 11:00:00Z;5.431252;0;3
2008-11-28 11:00:00Z;12.49264;0;3
2008-11-29 11:00:00Z;15.54291;0;3
2008-11-30 11:00:00Z;12.55325;0;3
2008-12-01 11:00:00Z;9.037131;0;3
2008-12-02 11:00:00Z;7.116998;0;3
2008-12-03 11:00:00Z;5.686842;0;3
2008-12-04 11:00:00Z;5.053419;0;3
2008-12-05 11:00:00Z;4.487532;0;3
2008-12-06 11:00:00Z;3.967742;0;3
2008-12-07 11:00:00Z;3.490372;0;3
2008-12-08 11:00:00Z;4.131931;0;3
2008-12-09 11:00:00Z;5.292825;0;3
2008-12-10 11:00:00Z;4.993383;0;3
2008-12-11 11:00:00Z;4.461756;0;3
2008-12-12 11:00:00Z;3.945388;0;3
2008-12-13 11:00:00Z;3.806915;0;3
2008-12-14 11:00:00Z;3.422825;0;3
2008-12-15 11:00:00Z;3.274801;0;3
2008-12-16 11:00:00Z;3.113851;0;3
2008-12-17 11:00:00Z;5.771155;0;3
2008-12-18 11:00:00Z;16.82524;0;3
2008-12-19 11:00:00Z;53.85622;0;3
2008-12-20 11:00:00Z;55.04817;0;3
2008-12-21 11:00:00Z;45.61677;0;3
2008-12-22 11:00:00Z;43.78576;0;3
2008-12-23 11:00:00Z;30.53464;0;3
2008-12-24 11:00:00Z;18.17526;0;3
2008-12-25 11:00:00Z;12.23423;0;3
2008-12-26 11:00:00Z;8.985562;0;3
2008-12-27 11:00:00Z;6.812113;0;3
2008-12-28 11:00:00Z;5.724964;0;3
2008-12-29 11:00:00Z;4.959259;0;3
2008-12-30 11:00:00Z;4.248904;0;3
2008-12-31 11:00:00Z;3.566155;0;3
2009-01-01 11:00:00Z;3.412665;0;3
2009-01-02 11:00:00Z;2.642425;0;3
2009-01-03 11:00:00Z;2.928338;0;3
2009-01-04 11:00:00Z;2.534769;0;3
2009-01-05 11:00:00Z;2.827789;0;3
2009-01-06 11:00:00Z;4.792711;0;3
2009-01-07 11:00:00Z;3.396316;0;3
2009-01-08 11:00:00Z;3.399154;0;3
2009-01-09 11:00:00Z;2.826715;0;3
2009-01-10 11:00:00Z;2.439965;0;3
2009-01-11 11:00:00Z;15.69524;0;3
2009-01-12 11:00:00Z;119.1939;0;3
2009-01-13 11:00:00Z;76.10396;0;3
2009-01-14 11:00:00Z;33.6414;0;3
2009-01-15 11:00:00Z;17.4707;0;3
2009-01-16 11:00:00Z;10.78512;0;3
2009-01-17 11:00:00Z;8.28748;0;3
2009-01-18 11:00:00Z;9.67351;0;3
2009-01-19 11:00:00Z;9.639612;0;3
2009-01-20 11:00:00Z;8.524479;0;3
2009-01-21 11:00:00Z;8.049455;0;3
2009-01-22 11:00:00Z;8.888568;0;3
2009-01-23 11:00:00Z;8.342982;0;3
2009-01-24 11:00:00Z;7.235686;0;3
2009-01-25 11:00:00Z;5.862732;0;3
2009-01-26 11:00:00Z;5.125165;0;3
2009-01-27 11:00:00Z;4.477746;0;3
2009-01-28 11:00:00Z;4.097034;0;3
2009-01-29 11:00:00Z;3.834656;0;3
2009-01-30 11:00:00Z;3.490165;0;3
2009-01-31 11:00:00Z;3.242024;0;3
2009-02-01 11:00:00Z;2.872928;0;3
2009-02-02 11:00:00Z;2.63782;0;3
2009-02-03 11:00:00Z;2.55546;0;3
2009-02-04 11:00:00Z;2.595918;0;3
2009-02-05 11:00:00Z;2.622321;0;3
2009-02-06 11:00:00Z;2.595376;0;3
2009-02-07 11:00:00Z;2.555332;0;3
2009-02-08 11:00:00Z;2.169932;0;3
2009-02-09 11:00:00Z;2.231472;0;3
2009-02-10 11:00:00Z;2.628881;0;3
2009-02-11 11:00:00Z;2.175311;0;3
2009-02-12 11:00:00Z;2.641592;0;3
2009-02-13 11:00:00Z;3.030979;0;3
2009-02-14 11:00:00Z;3.154075;0;3
2009-02-15 11:00:00Z;3.395415;0;3
2009-02-16 11:00:00Z;2.506371;0;3
2009-02-17 11:00:00Z;2.145169;0;3
2009-02-18 11:00:00Z;1.989021;0;3
2009-02-19 11:00:00Z;1.839182;0;3
2009-02-20 11:00:00Z;1.788331;0;3
2009-02-21 11:00:00Z;1.795247;0;3
2009-02-22 11:00:00Z;2.578287;0;3
2009-02-23 11:00:00Z;3.519782;0;3
2009-02-24 11:00:00Z;4.025805;0;3
2009-02-25 11:00:00Z;4.905928;0;3
2009-02-26 11:00:00Z;10.3405;0;3
2009-02-27 11:00:00Z;9.743859;0;3
2009-02-28 11:00:00Z;7.65618;0;3
2009-03-01 11:00:00Z;6.027215;0;3
2009-03-02 11:00:00Z;5.271027;0;3
2009-03-03 11:00:00Z;6.00471;0;3
2009-03-04 11:00:00Z;13.22438;0;3
2009-03-05 11:00:00Z;13.07871;0;3
2009-03-06 11:00:00Z;10.18007;0;3
2009-03-07 11:00:00Z;7.762646;0;3
2009-03-08 11:00:00Z;10.40852;0;3
2009-03-09 11:00:00Z;9.268337;0;3
2009-03-10 11:00:00Z;8.198549;0;3
2009-03-11 11:00:00Z;7.031564;0;3
2009-03-12 11:00:00Z;6.661195;0;3
2009-03-13 11:00:00Z;6.333723;0;3
2009-03-14 11:00:00Z;6.203441;0;3
2009-03-15 11:00:00Z;7.125698;0;3
2009-03-16 11:00:00Z;8.095574;0;3
2009-03-17 11:00:00Z;10.42748;0;3
2009-03-18 11:00:00Z;10.62667;0;3
2009-03-19 11:00:00Z;9.457006;0;3
2009-03-20 11:00:00Z;8.1927;0;3
2009-03-21 11:00:00Z;7.373621;0;3
2009-03-22 11:00:00Z;7.786425;0;3
2009-03-23 11:00:00Z;9.502109;0;3
2009-03-24 11:00:00Z;8.893343;0;3
2009-03-25 11:00:00Z;7.569913;0;3
2009-03-26 11:00:00Z;6.239511;0;3
2009-03-27 11:00:00Z;5.820376;0;3
2009-03-28 11:00:00Z;5.100401;0;3
2009-03-29 11:00:00Z;4.547415;0;3
2009-03-30 11:00:00Z;4.864414;0;3
2009-03-31 11:00:00Z;7.882053;0;3
2009-04-01 11:00:00Z;15.73551;0;3
2009-04-02 11:00:00Z;20.82575;0;3
2009-04-03 11:00:00Z;20.55239;0;3
2009-04-04 11:00:00Z;20.11537;0;3
2009-04-05 11:00:00Z;24.30602;0;3
2009-04-06 11:00:00Z;29.33879;0;3
2009-04-07 11:00:00Z;25.79574;0;3
2009-04-08 11:00:00Z;32.4781;0;3
2009-04-09 11:00:00Z;46.16629;0;3
2009-04-10 11:00:00Z;45.87986;0;3
2009-04-11 11:00:00Z;42.41615;0;3
2009-04-12 11:00:00Z;40.59629;0;3
2009-04-13 11:00:00Z;35.62497;0;3
2009-04-14 11:00:00Z;31.87385;0;3
2009-04-15 11:00:00Z;26.60046;0;3
2009-04-16 11:00:00Z;21.71775;0;3
2009-04-17 11:00:00Z;17.09582;0;3
2009-04-18 11:00:00Z;13.06505;0;3
2009-04-19 11:00:00Z;10.37163;0;3
2009-04-20 11:00:00Z;8.591154;0;3
2009-04-21 11:00:00Z;7.419983;0;3
2009-04-22 11:00:00Z;6.519682;0;3
2009-04-23 11:00:00Z;5.795077;0;3
2009-04-24 11:00:00Z;5.126922;0;3
2009-04-25 11:00:00Z;4.652017;0;3
2009-04-26 11:00:00Z;4.316679;0;3
2009-04-27 11:00:00Z;5.978465;0;3
2009-04-28 11:00:00Z;8.308647;0;3
2009-04-29 11:00:00Z;8.550273;0;3
2009-04-30 11:00:00Z;6.94681;0;3
2009-05-01 11:00:00Z;5.869691;0;3
2009-05-02 11:00:00Z;5.049714;0;3
2009-05-03 11:00:00Z;4.374739;0;3
2009-05-04 11:00:00Z;3.89104;0;3
2009-05-05 11:00:00Z;4.378395;0;3
2009-05-06 11:00:00Z;4.580873;0;3
2009-05-07 11:00:00Z;6.002437;0;3
2009-05-08 11:00:00Z;6.926424;0;3
2009-05-09 11:00:00Z;7.604696;0;3
2009-05-10 11:00:00Z;9.098237;0;3
2009-05-11 11:00:00Z;9.214821;0;3
2009-05-12 11:00:00Z;7.279675;0;3
2009-05-13 11:00:00Z;5.513892;0;3
2009-05-14 11:00:00Z;4.412951;0;3
2009-05-15 11:00:00Z;3.749306;0;3
2009-05-16 11:00:00Z;3.161963;0;3
2009-05-17 11:00:00Z;2.873062;0;3
2009-05-18 11:00:00Z;4.19206;0;3
2009-05-19 11:00:00Z;5.729325;0;3
2009-05-20 11:00:00Z;6.809747;0;3
2009-05-21 11:00:00Z;7.904137;0;3
2009-05-22 11:00:00Z;10.19104;0;3
2009-05-23 11:00:00Z;10.51534;0;3
2009-05-24 11:00:00Z;8.44606;0;3
2009-05-25 11:00:00Z;6.327868;0;3
2009-05-26 11:00:00Z;5.784965;0;3
2009-05-27 11:00:00Z;9.162669;0;3
2009-05-28 11:00:00Z;18.56453;0;3
2009-05-29 11:00:00Z;15.72978;0;3
2009-05-30 11:00:00Z;9.961263;0;3
2009-05-31 11:00:00Z;6.876759;0;3
2009-06-01 11:00:00Z;5.055989;0;3
2009-06-02 11:00:00Z;4.011449;0;3
2009-06-03 11:00:00Z;3.238271;0;3
2009-06-04 11:00:00Z;2.705841;0;3
2009-06-05 11:00:00Z;2.377033;0;3
2009-06-06 11:00:00Z;2.236336;0;3
2009-06-07 11:00:00Z;2.088081;0;3
2009-06-08 11:00:00Z;1.969566;0;3
2009-06-09 11:00:00Z;1.896998;0;3
2009-06-10 11:00:00Z;1.853932;0;3
2009-06-11 11:00:00Z;1.819408;0;3
2009-06-12 11:00:00Z;1.709363;0;3
2009-06-13 11:00:00Z;1.59431;0;3
2009-06-14 11:00:00Z;1.458118;0;3
2009-06-15 11:00:00Z;1.345617;0;3
2009-06-16 11:00:00Z;1.242459;0;3
2009-06-17 11:00:00Z;1.185181;0;3
2009-06-18 11:00:00Z;2.853401;0;3
2009-06-19 11:00:00Z;6.55483;0;3
2009-06-20 11:00:00Z;11.24143;0;3
2009-06-21 11:00:00Z;9.06539;0;3
2009-06-22 11:00:00Z;6.882895;0;3
2009-06-23 11:00:00Z;5.598216;0;3
2009-06-24 11:00:00Z;4.375461;0;3
2009-06-25 11:00:00Z;3.432156;0;3
2009-06-26 11:00:00Z;2.754302;0;3
2009-06-27 11:00:00Z;2.2573;0;3
2009-06-28 11:00:00Z;1.917987;0;3
2009-06-29 11:00:00Z;1.675536;0;3
2009-06-30 11:00:00Z;1.496935;0;3
2009-07-01 11:00:00Z;1.374971;0;3
2009-07-02 11:00:00Z;1.264287;0;3
2009-07-03 11:00:00Z;1.16843;0;3
2009-07-04 11:00:00Z;1.081214;0;3
2009-07-05 11:00:00Z;1.01004;0;3
2009-07-06 11:00:00Z;0.9519268;0;3
2009-07-07 11:00:00Z;1.058026;0;3
2009-07-08 11:00:00Z;1.013753;0;3
2009-07-09 11:00:00Z;0.9312729;0;3
2009-07-10 11:00:00Z;1.060961;0;3
2009-07-11 11:00:00Z;1.462674;0;3
2009-07-12 11:00:00Z;2.337716;0;3
2009-07-13 11:00:00Z;3.396017;0;3
2009-07-14 11:00:00Z;3.980193;0;3
2009-07-15 11:00:00Z;4.264901;0;3
2009-07-16 11:00:00Z;4.725886;0;3
2009-07-17 11:00:00Z;5.437827;0;3
2009-07-18 11:00:00Z;13.05268;0;3
2009-07-19 11:00:00Z;46.22515;0;3
2009-07-20 11:00:00Z;26.60846;0;3
2009-07-21 11:00:00Z;14.20836;0;3
2009-07-22 11:00:00Z;9.225628;0;3
2009-07-23 11:00:00Z;8.745748;0;3
2009-07-24 11:00:00Z;9.811596;0;3
2009-07-25 11:00:00Z;8.753427;0;3
2009-07-26 11:00:00Z;7.135344;0;3
2009-07-27 11:00:00Z;6.128904;0;3
2009-07-28 11:00:00Z;16.03065;0;3
2009-07-29 11:00:00Z;17.60782;0;3
2009-07-30 11:00:00Z;29.13739;0;3
2009-07-31 11:00:00Z;70.45922;0;3
2009-08-01 11:00:00Z;42.14064;0;3
2009-08-02 11:00:00Z;21.90486;0;3
2009-08-03 11:00:00Z;16.53366;0;3
2009-08-04 11:00:00Z;12.51701;0;3
2009-08-05 11:00:00Z;9.183469;0;3
2009-08-06 11:00:00Z;6.975296;0;3
2009-08-07 11:00:00Z;5.474234;0;3
2009-08-08 11:00:00Z;4.626625;0;3
2009-08-09 11:00:00Z;4.171805;0;3
2009-08-10 11:00:00Z;3.719533;0;3
2009-08-11 11:00:00Z;3.390907;0;3
2009-08-12 11:00:00Z;3.002974;0;3
2009-08-13 11:00:00Z;2.700293;0;3
2009-08-14 11:00:00Z;2.37449;0;3
2009-08-15 11:00:00Z;3.758982;0;3
2009-08-16 11:00:00Z;15.5374;0;3
2009-08-17 11:00:00Z;23.11366;0;3
2009-08-18 11:00:00Z;16.46589;0;3
2009-08-19 11:00:00Z;10.19201;0;3
2009-08-20 11:00:00Z;7.508588;0;3
2009-08-21 11:00:00Z;8.583258;0;3
2009-08-22 11:00:00Z;8.922304;0;3
2009-08-23 11:00:00Z;9.272625;0;3
2009-08-24 11:00:00Z;8.142083;0;3
2009-08-25 11:00:00Z;6.428136;0;3
2009-08-26 11:00:00Z;5.233295;0;3
2009-08-27 11:00:00Z;5.595281;0;3
2009-08-28 11:00:00Z;8.78583;0;3
2009-08-29 11:00:00Z;29.48642;0;3
2009-08-30 11:00:00Z;62.28783;0;3
2009-08-31 11:00:00Z;37.94418;0;3
2009-09-01 11:00:00Z;31.87767;0;3
2009-09-02 11:00:00Z;27.14606;0;3
2009-09-03 11:00:00Z;32.57454;0;3
2009-09-04 11:00:00Z;48.41969;0;3
2009-09-05 11:00:00Z;29.89873;0;3
2009-09-06 11:00:00Z;19.53491;2;3
2009-09-07 11:00:00Z;12.26449;1;3
2009-09-08 11:00:00Z;10.60104;2;3
2009-09-09 11:00:00Z;9.318416;2;3
2009-09-10 11:00:00Z;7.976678;1;3
2009-09-11 11:00:00Z;6.788733;2;3
2009-09-12 11:00:00Z;5.741795;2;3
2009-09-13 11:00:00Z;4.823707;2;3
2009-09-14 11:00:00Z;4.022938;2;3
2009-09-15 11:00:00Z;3.328569;1;3
2009-09-16 11:00:00Z;3.060977;2;3
2009-09-17 11:00:00Z;2.730286;2;3
2009-09-18 11:00:00Z;2.500864;2;3
2009-09-19 11:00:00Z;2.286565;2;3
2009-09-20 11:00:00Z;2.023133;2;3
2009-09-21 11:00:00Z;1.84139;1;3
2009-09-22 11:00:00Z;2.427785;2;3
2009-09-23 11:00:00Z;3.148263;2;3
2009-09-24 11:00:00Z;3.917475;2;3
2009-09-25 11:00:00Z;4.947417;1;3
2009-09-26 11:00:00Z;4.70239;2;3
2009-09-27 11:00:00Z;4.352474;2;3
2009-09-28 11:00:00Z;4.022938;2;3
2009-09-29 11:00:00Z;3.814152;1;3
2009-09-30 11:00:00Z;3.328569;2;3
2009-10-01 11:00:00Z;2.891997;2;3
2009-10-02 11:00:00Z;2.500864;1;3
2009-10-03 11:00:00Z;4.583434;2;3
2009-10-04 11:00:00Z;7.976678;1;3
2009-10-05 11:00:00Z;9.943829;2;3
2009-10-06 11:00:00Z;12.26449;2;3
2009-10-07 11:00:00Z;14.9809;2;3
2009-10-08 11:00:00Z;18.13804;1;3
2009-10-09 11:00:00Z;14.40384;2;3
2009-10-10 11:00:00Z;11.52871;2;3
2009-10-11 11:00:00Z;8.918599;1;3
2009-10-12 11:00:00Z;7.449488;2;3
2009-10-13 11:00:00Z;6.027252;2;3
2009-10-14 11:00:00Z;4.947417;1;3
2009-10-15 11:00:00Z;4.352474;2;3
2009-10-16 11:00:00Z;3.712938;2;3
2009-10-17 11:00:00Z;3.23745;2;3
2009-10-18 11:00:00Z;2.730286;1;3
2009-10-19 11:00:00Z;2.575621;2;3
2009-10-20 11:00:00Z;2.427785;2;3
2009-10-21 11:00:00Z;2.21837;2;3
2009-10-22 11:00:00Z;2.08668;2;3
2009-10-23 11:00:00Z;1.961086;2;3
2009-10-24 11:00:00Z;1.84139;1;3
2009-10-25 11:00:00Z;2.500864;2;3
2009-10-26 11:00:00Z;3.328569;2;3
2009-10-27 11:00:00Z;4.352474;2;3
2009-10-28 11:00:00Z;5.603025;2;3
2009-10-29 11:00:00Z;7.113211;1;3
2009-10-30 11:00:00Z;6.027252;2;3
2009-10-31 11:00:00Z;5.202149;2;3
2009-11-01 11:00:00Z;4.352474;1;3
2009-11-02 11:00:00Z;11.05739;2;3
2009-11-03 11:00:00Z;23.80541;2;3
2009-11-04 11:00:00Z;45.65896;1;3
2009-11-05 11:00:00Z;12.14088;0;3
2009-11-06 11:00:00Z;19.24993;0;3
2009-11-07 11:00:00Z;13.92388;0;3
2009-11-08 11:00:00Z;29.27499;0;3
2009-11-09 11:00:00Z;33.54946;0;3
2009-11-10 11:00:00Z;19.68558;0;3
2009-11-11 11:00:00Z;12.62236;0;3
2009-11-12 11:00:00Z;9.039329;0;3
2009-11-13 11:00:00Z;7.360372;0;3
2009-11-14 11:00:00Z;8.365558;0;3
2009-11-15 11:00:00Z;37.82241;0;3
2009-11-16 11:00:00Z;36.49232;0;3
2009-11-17 11:00:00Z;42.22952;0;3
2009-11-18 11:00:00Z;77.54558;0;3
2009-11-19 11:00:00Z;68.61907;0;3
2009-11-20 11:00:00Z;151.4482;0;3
2009-11-21 11:00:00Z;89.16924;0;3
2009-11-22 11:00:00Z;55.19685;0;3
2009-11-23 11:00:00Z;70.07327;0;3
2009-11-24 11:00:00Z;60.56682;0;3
2009-11-25 11:00:00Z;68.13811;0;3
2009-11-26 11:00:00Z;76.72473;0;3
2009-11-27 11:00:00Z;57.91195;0;3
2009-11-28 11:00:00Z;45.91272;0;3
2009-11-29 11:00:00Z;32.09242;0;3
2009-11-30 11:00:00Z;23.15193;0;3
2009-12-01 11:00:00Z;15.64958;0;3
2009-12-02 11:00:00Z;10.93016;0;3
2009-12-03 11:00:00Z;8.67798;0;3
2009-12-04 11:00:00Z;7.178187;0;3
2009-12-05 11:00:00Z;7.183683;0;3
2009-12-06 11:00:00Z;14.3872;0;3
2009-12-07 11:00:00Z;53.72655;0;3
2009-12-08 11:00:00Z;42.82193;0;3
2009-12-09 11:00:00Z;33.97811;0;3
2009-12-10 11:00:00Z;25.0859;0;3
2009-12-11 11:00:00Z;19.20395;0;3
2009-12-12 11:00:00Z;13.80695;0;3
2009-12-13 11:00:00Z;10.03359;0;3
2009-12-14 11:00:00Z;7.772219;0;3
2009-12-15 11:00:00Z;6.658948;0;3
2009-12-16 11:00:00Z;5.67152;0;3
2009-12-17 11:00:00Z;4.17848;0;3
2009-12-18 11:00:00Z;3.715959;0;3
2009-12-19 11:00:00Z;3.752559;0;3
2009-12-20 11:00:00Z;3.516716;2;3
2009-12-21 11:00:00Z;3.328569;2;3
2009-12-22 11:00:00Z;3.23745;2;3
2009-12-23 11:00:00Z;3.060977;2;3
2009-12-24 11:00:00Z;2.891997;1;3
2009-12-25 11:00:00Z;2.730286;2;3
2009-12-26 11:00:00Z;2.575621;2;3
2009-12-27 11:00:00Z;2.427785;2;3
2009-12-28 11:00:00Z;2.21837;2;3
2009-12-29 11:00:00Z;2.08668;2;3
2009-12-30 11:00:00Z;1.961086;2;3
2009-12-31 11:00:00Z;1.84139;1;3
2010-01-01 11:00:00Z;1.84139;1;3
2010-01-02 11:00:00Z;1.783692;2;3
2010-01-03 11:00:00Z;1.727394;2;3
2010-01-04 11:00:00Z;1.727394;2;3
2010-01-05 11:00:00Z;1.672474;2;3
2010-01-06 11:00:00Z;1.618906;2;3
2010-01-07 11:00:00Z;1.566668;2;3
2010-01-08 11:00:00Z;1.515736;2;3
2010-01-09 11:00:00Z;1.515736;2;3
2010-01-10 11:00:00Z;1.466088;2;3
2010-01-11 11:00:00Z;1.417699;2;3
2010-01-12 11:00:00Z;1.370549;2;3
2010-01-13 11:00:00Z;1.370549;2;3
2010-01-14 11:00:00Z;1.324615;2;3
2010-01-15 11:00:00Z;1.269547;0;3
2010-01-16 11:00:00Z;1.204309;0;3
2010-01-17 11:00:00Z;1.190951;0;3
2010-01-18 11:00:00Z;1.169419;0;3
2010-01-19 11:00:00Z;1.173584;0;3
2010-01-20 11:00:00Z;1.143159;0;3
2010-01-21 11:00:00Z;1.112771;0;3
2010-01-22 11:00:00Z;1.174802;0;3
2010-01-23 11:00:00Z;1.139831;0;3
2010-01-24 11:00:00Z;1.105872;0;3
2010-01-25 11:00:00Z;1.112409;2;3
2010-01-26 11:00:00Z;1.112409;2;3
2010-01-27 11:00:00Z;1.073312;2;3
2010-01-28 11:00:00Z;1.084723;2;3
2010-01-29 11:00:00Z;1.073312;2;3
2010-01-30 11:00:00Z;1.073312;2;3
2010-01-31 11:00:00Z;1.030168;2;3
2010-02-01 11:00:00Z;1.03528;2;3
2010-02-02 11:00:00Z;1.027732;0;3
2010-02-03 11:00:00Z;1.035993;0;3
2010-02-04 11:00:00Z;1.027121;0;3
2010-02-05 11:00:00Z;1.008008;0;3
2010-02-06 11:00:00Z;0.9757255;0;3
2010-02-07 11:00:00Z;0.9621345;0;3
2010-02-08 11:00:00Z;0.9424949;0;3
2010-02-09 11:00:00Z;0.9602218;0;3
2010-02-10 11:00:00Z;0.8887016;0;3
2010-02-11 11:00:00Z;0.8633233;0;3
2010-02-12 11:00:00Z;0.8500909;0;3
2010-02-13 11:00:00Z;0.82945;0;3
2010-02-14 11:00:00Z;0.8126628;0;3
2010-02-15 11:00:00Z;0.8121403;0;3
2010-02-16 11:00:00Z;0.8212605;0;3
2010-02-17 11:00:00Z;0.8317075;0;3
2010-02-18 11:00:00Z;0.8280253;0;3
2010-02-19 11:00:00Z;0.8234282;0;3
2010-02-20 11:00:00Z;0.8067337;0;3
2010-02-21 11:00:00Z;0.8054254;0;3
2010-02-22 11:00:00Z;0.8199645;0;3
2010-02-23 11:00:00Z;0.8181887;0;3
2010-02-24 11:00:00Z;0.8027171;0;3
2010-02-25 11:00:00Z;0.7973585;0;3
2010-02-26 11:00:00Z;0.7788407;0;3
2010-02-27 11:00:00Z;0.8096519;0;3
2010-02-28 11:00:00Z;0.8178645;0;3
2010-03-01 11:00:00Z;0.810474;0;3
2010-03-02 11:00:00Z;0.8116525;0;3
2010-03-03 11:00:00Z;0.7755277;0;3
2010-03-04 11:00:00Z;0.8138109;0;3
2010-03-05 11:00:00Z;0.786229;0;3
2010-03-06 11:00:00Z;0.9014714;0;3
2010-03-07 11:00:00Z;0.7772175;0;3
2010-03-08 11:00:00Z;0.771464;0;3
2010-03-09 11:00:00Z;0.7692243;0;3
2010-03-10 11:00:00Z;0.766874;0;3
2010-03-11 11:00:00Z;0.766977;2;3
2010-03-12 11:00:00Z;0.766977;2;3
2010-03-13 11:00:00Z;0.766977;2;3
2010-03-14 11:00:00Z;0.766977;2;3
2010-03-15 11:00:00Z;0.766977;2;3
2010-03-16 11:00:00Z;0.766977;2;3
2010-03-17 11:00:00Z;0.766977;2;3
2010-03-18 11:00:00Z;0.766977;1;3
2010-03-19 11:00:00Z;0.8603964;2;3
2010-03-20 11:00:00Z;0.9273748;1;3
2010-03-21 11:00:00Z;1.370549;2;3
2010-03-22 11:00:00Z;1.961086;2;3
2010-03-23 11:00:00Z;2.730286;2;3
2010-03-24 11:00:00Z;3.712938;2;3
2010-03-25 11:00:00Z;4.947417;1;3
2010-03-26 11:00:00Z;5.603025;2;3
2010-03-27 11:00:00Z;6.323502;2;3
2010-03-28 11:00:00Z;7.113211;1;3
2010-03-29 11:00:00Z;6.788733;2;3
2010-03-30 11:00:00Z;6.475762;2;3
2010-03-31 11:00:00Z;6.17401;2;3
2010-04-01 11:00:00Z;5.883192;2;3
2010-04-02 11:00:00Z;5.603025;1;3
2010-04-03 11:00:00Z;5.202149;2;3
2010-04-04 11:00:00Z;4.947417;2;3
2010-04-05 11:00:00Z;4.583434;2;3
2010-04-06 11:00:00Z;4.352474;2;3
2010-04-07 11:00:00Z;4.022938;1;3
2010-04-08 11:00:00Z;4.466805;2;3
2010-04-09 11:00:00Z;5.073554;2;3
2010-04-10 11:00:00Z;5.603025;2;3
2010-04-11 11:00:00Z;6.323502;1;3
2010-04-12 11:00:00Z;6.475762;2;3
2010-04-13 11:00:00Z;6.475762;2;3
2010-04-14 11:00:00Z;6.630828;2;3
2010-04-15 11:00:00Z;6.788733;2;3
2010-04-16 11:00:00Z;6.788733;2;3
2010-04-17 11:00:00Z;6.949516;2;3
2010-04-18 11:00:00Z;6.949516;2;3
2010-04-19 11:00:00Z;7.113211;1;3
2010-04-20 11:00:00Z;6.027252;2;3
2010-04-21 11:00:00Z;5.202149;2;3
2010-04-22 11:00:00Z;4.352474;1;3
2010-04-23 11:00:00Z;3.613803;2;3
2010-04-24 11:00:00Z;3.060977;2;3
2010-04-25 11:00:00Z;2.500864;1;3
2010-04-26 11:00:00Z;2.500864;2;3
2010-04-27 11:00:00Z;2.500864;1;3
2010-04-28 11:00:00Z;3.328569;2;3
2010-04-29 11:00:00Z;4.352474;1;3
2010-04-30 11:00:00Z;5.883192;2;3
2010-05-01 11:00:00Z;7.976678;1;3
2010-05-02 11:00:00Z;6.599413;0;3
2010-05-03 11:00:00Z;5.67763;0;3
2010-05-04 11:00:00Z;4.698831;0;3
2010-05-05 11:00:00Z;3.896892;0;3
2010-05-06 11:00:00Z;3.286613;0;3
2010-05-07 11:00:00Z;2.901991;0;3
2010-05-08 11:00:00Z;2.563633;0;3
2010-05-09 11:00:00Z;2.278772;0;3
2010-05-10 11:00:00Z;2.064869;0;3
2010-05-11 11:00:00Z;1.889849;0;3
2010-05-12 11:00:00Z;1.77554;0;3
2010-05-13 11:00:00Z;1.691035;0;3
2010-05-14 11:00:00Z;1.596052;0;3
2010-05-15 11:00:00Z;1.508843;0;3
2010-05-16 11:00:00Z;1.599154;0;3
2010-05-17 11:00:00Z;2.516003;0;3
2010-05-18 11:00:00Z;3.289244;0;3
2010-05-19 11:00:00Z;3.694652;0;3
2010-05-20 11:00:00Z;3.369369;0;3
2010-05-21 11:00:00Z;3.056949;0;3
2010-05-22 11:00:00Z;2.597979;0;3
2010-05-23 11:00:00Z;2.352945;0;3
2010-05-24 11:00:00Z;2.112038;0;3
2010-05-25 11:00:00Z;1.890388;0;3
2010-05-26 11:00:00Z;1.760727;0;3
2010-05-27 11:00:00Z;1.604084;0;3
2010-05-28 11:00:00Z;1.478737;0;3
2010-05-29 11:00:00Z;1.45314;0;3
2010-05-30 11:00:00Z;1.381456;0;3
2010-05-31 11:00:00Z;1.367881;0;3
2010-06-01 11:00:00Z;1.263657;0;3
2010-06-02 11:00:00Z;1.173357;0;3
2010-06-03 11:00:00Z;1.092929;0;3
2010-06-04 11:00:00Z;1.053547;0;3
2010-06-05 11:00:00Z;0.9743822;0;3
2010-06-06 11:00:00Z;0.9118658;0;3
2010-06-07 11:00:00Z;0.866664;0;3
2010-06-08 11:00:00Z;0.8180547;0;3
2010-06-09 11:00:00Z;0.78146;0;3
2010-06-10 11:00:00Z;0.766977;0;3
2010-06-11 11:00:00Z;0.7953134;0;3
2010-06-12 11:00:00Z;0.7953892;0;3
2010-06-13 11:00:00Z;0.7455858;0;3
2010-06-14 11:00:00Z;0.7081136;0;3
2010-06-15 11:00:00Z;0.6653838;0;3
2010-06-16 11:00:00Z;0.6428548;0;3
2010-06-17 11:00:00Z;0.6115455;0;3
2010-06-18 11:00:00Z;0.562567;0;3
2010-06-19 11:00:00Z;0.5389878;0;3
2010-06-20 11:00:00Z;0.5175747;0;3
2010-06-21 11:00:00Z;0.4941429;0;3
2010-06-22 11:00:00Z;0.4749848;0;3
2010-06-23 11:00:00Z;0.4584866;0;3
2010-06-24 11:00:00Z;0.4465439;0;3
2010-06-25 11:00:00Z;0.4547285;0;3
2010-06-26 11:00:00Z;0.4497178;0;3
2010-06-27 11:00:00Z;0.4217163;0;3
2010-06-28 11:00:00Z;0.4059314;0;3
2010-06-29 11:00:00Z;0.3922703;0;3
2010-06-30 11:00:00Z;0.4001853;0;3
2010-07-01 11:00:00Z;0.3964162;0;3
2010-07-02 11:00:00Z;0.3795306;0;3
2010-07-03 11:00:00Z;0.3610945;0;3
2010-07-04 11:00:00Z;0.3660139;0;3
2010-07-05 11:00:00Z;0.3793818;0;3
2010-07-06 11:00:00Z;0.3835732;0;3
2010-07-07 11:00:00Z;0.3639056;0;3
2010-07-08 11:00:00Z;0.476232;0;3
2010-07-09 11:00:00Z;0.5348063;0;3
2010-07-10 11:00:00Z;0.445305;0;3
2010-07-11 11:00:00Z;0.4261442;0;3
2010-07-12 11:00:00Z;0.4668381;0;3
2010-07-13 11:00:00Z;0.5112942;0;3
2010-07-14 11:00:00Z;0.5476777;0;3
2010-07-15 11:00:00Z;0.5660535;0;3
2010-07-16 11:00:00Z;0.9655815;0;3
2010-07-17 11:00:00Z;2.110205;0;3
2010-07-18 11:00:00Z;3.990976;0;3
2010-07-19 11:00:00Z;4.313581;0;3
2010-07-20 11:00:00Z;5.335128;0;3
2010-07-21 11:00:00Z;6.327811;0;3
2010-07-22 11:00:00Z;6.577493;0;3
2010-07-23 11:00:00Z;5.471703;0;3
2010-07-24 11:00:00Z;4.074586;0;3
2010-07-25 11:00:00Z;3.186881;0;3
2010-07-26 11:00:00Z;2.561682;0;3
2010-07-27 11:00:00Z;2.134058;0;3
2010-07-28 11:00:00Z;1.861637;0;3
2010-07-29 11:00:00Z;1.701362;0;3
2010-07-30 11:00:00Z;1.572327;0;3
2010-07-31 11:00:00Z;1.511946;0;3
2010-08-01 11:00:00Z;1.550147;0;3
2010-08-02 11:00:00Z;1.63037;0;3
2010-08-03 11:00:00Z;1.732951;0;3
2010-08-04 11:00:00Z;1.969423;0;3
2010-08-05 11:00:00Z;1.999928;0;3
2010-08-06 11:00:00Z;1.977952;0;3
2010-08-07 11:00:00Z;1.939817;0;3
2010-08-08 11:00:00Z;1.889427;0;3
2010-08-09 11:00:00Z;1.845115;0;3
2010-08-10 11:00:00Z;1.734806;0;3
2010-08-11 11:00:00Z;1.811192;0;3
2010-08-12 11:00:00Z;2.097342;0;3
2010-08-13 11:00:00Z;3.196743;0;3
2010-08-14 11:00:00Z;3.096585;0;3
2010-08-15 11:00:00Z;2.58042;0;3
2010-08-16 11:00:00Z;2.199251;0;3
2010-08-17 11:00:00Z;1.929188;0;3
2010-08-18 11:00:00Z;1.711633;0;3
2010-08-19 11:00:00Z;1.607073;0;3
2010-08-20 11:00:00Z;1.759308;0;3
2010-08-21 11:00:00Z;3.416316;0;3
2010-08-22 11:00:00Z;8.444379;0;3
2010-08-23 11:00:00Z;9.763048;0;3
2010-08-24 11:00:00Z;11.5711;0;3
2010-08-25 11:00:00Z;44.6852;0;3
2010-08-26 11:00:00Z;34.26122;0;3
2010-08-27 11:00:00Z;18.25823;0;3
2010-08-28 11:00:00Z;11.59408;0;3
2010-08-29 11:00:00Z;8.925383;0;3
2010-08-30 11:00:00Z;6.607272;0;3
2010-08-31 11:00:00Z;5.190745;0;3
2010-09-01 11:00:00Z;4.178205;0;3
2010-09-02 11:00:00Z;3.492708;0;3
2010-09-03 11:00:00Z;3.042144;0;3
2010-09-04 11:00:00Z;3.003641;0;3
2010-09-05 11:00:00Z;3.022102;0;3
2010-09-06 11:00:00Z;2.792592;0;3
2010-09-07 11:00:00Z;2.511539;0;3
2010-09-08 11:00:00Z;2.251708;0;3
2010-09-09 11:00:00Z;2.04362;0;3
2010-09-10 11:00:00Z;1.843158;0;3
2010-09-11 11:00:00Z;1.713721;0;3
2010-09-12 11:00:00Z;3.553228;0;3
2010-09-13 11:00:00Z;8.782228;0;3
2010-09-14 11:00:00Z;10.86596;0;3
2010-09-15 11:00:00Z;17.56901;0;3
2010-09-16 11:00:00Z;25.25662;0;3
2010-09-17 11:00:00Z;19.0612;0;3
2010-09-18 11:00:00Z;12.47305;0;3
2010-09-19 11:00:00Z;8.853135;0;3
2010-09-20 11:00:00Z;6.804687;0;3
2010-09-21 11:00:00Z;8.89844;0;3
2010-09-22 11:00:00Z;12.20727;0;3
2010-09-23 11:00:00Z;9.780103;0;3
2010-09-24 11:00:00Z;7.957075;0;3
2010-09-25 11:00:00Z;10.30541;0;3
2010-09-26 11:00:00Z;13.73441;0;3
2010-09-27 11:00:00Z;11.06962;0;3
2010-09-28 11:00:00Z;7.682866;0;3
2010-09-29 11:00:00Z;5.729234;0;3
2010-09-30 11:00:00Z;4.612189;0;3
2010-10-01 11:00:00Z;3.872823;0;3
2010-10-02 11:00:00Z;3.3614;0;3
2010-10-03 11:00:00Z;4.658409;0;3
2010-10-04 11:00:00Z;24.95344;0;3
2010-10-05 11:00:00Z;29.49658;0;3
2010-10-06 11:00:00Z;28.83722;0;3
2010-10-07 11:00:00Z;129.5026;0;3
2010-10-08 11:00:00Z;69.08088;0;3
2010-10-09 11:00:00Z;28.68503;0;3
2010-10-10 11:00:00Z;16.02408;0;3
2010-10-11 11:00:00Z;10.58052;0;3
2010-10-12 11:00:00Z;7.757673;0;3
2010-10-13 11:00:00Z;6.044251;0;3
2010-10-14 11:00:00Z;5.023872;0;3
2010-10-15 11:00:00Z;4.227268;0;3
2010-10-16 11:00:00Z;3.735674;0;3
2010-10-17 11:00:00Z;3.345394;0;3
2010-10-18 11:00:00Z;3.241989;0;3
2010-10-19 11:00:00Z;7.396693;0;3
2010-10-20 11:00:00Z;10.54809;0;3
2010-10-21 11:00:00Z;9.944241;0;3
2010-10-22 11:00:00Z;8.533807;0;3
2010-10-23 11:00:00Z;7.420191;0;3
2010-10-24 11:00:00Z;6.422091;0;3
2010-10-25 11:00:00Z;5.419892;0;3
2010-10-26 11:00:00Z;4.680978;0;3
2010-10-27 11:00:00Z;5.596325;0;3
2010-10-28 11:00:00Z;31.10346;0;3
2010-10-29 11:00:00Z;38.99307;0;3
2010-10-30 11:00:00Z;60.10841;0;3
2010-10-31 11:00:00Z;57.78852;0;3
2010-11-01 11:00:00Z;31.9456;0;3
2010-11-02 11:00:00Z;18.92961;0;3
2010-11-03 11:00:00Z;29.95423;0;3
2010-11-04 11:00:00Z;49.45128;0;3
2010-11-05 11:00:00Z;36.38068;0;3
2010-11-06 11:00:00Z;23.6594;0;3
2010-11-07 11:00:00Z;15.98622;0;3
2010-11-08 11:00:00Z;11.13661;0;3
2010-11-09 11:00:00Z;8.44393;0;3
2010-11-10 11:00:00Z;6.497011;0;3
2010-11-11 11:00:00Z;5.42105;0;3
2010-11-12 11:00:00Z;7.619702;0;3
2010-11-13 11:00:00Z;16.35881;0;3
2010-11-14 11:00:00Z;18.62672;0;3
2010-11-15 11:00:00Z;18.84892;0;3
2010-11-16 11:00:00Z;14.54847;0;3
2010-11-17 11:00:00Z;10.59929;0;3
2010-11-18 11:00:00Z;8.065517;0;3
2010-11-19 11:00:00Z;6.019096;0;3
2010-11-20 11:00:00Z;5.153932;0;3
2010-11-21 11:00:00Z;4.594537;0;3
2010-11-22 11:00:00Z;3.965142;0;3
2010-11-23 11:00:00Z;3.472913;0;3
2010-11-24 11:00:00Z;2.924303;0;3
2010-11-25 11:00:00Z;2.784548;0;3
2010-11-26 11:00:00Z;2.396216;0;3
2010-11-27 11:00:00Z;2.286565;2;3
2010-11-28 11:00:00Z;2.08668;2;3
2010-11-29 11:00:00Z;1.961086;2;3
2010-11-30 11:00:00Z;1.84139;2;3
2010-12-01 11:00:00Z;1.672474;2;3
2010-12-02 11:00:00Z;1.566668;2;3
2010-12-03 11:00:00Z;1.417699;2;3
2010-12-04 11:00:00Z;1.324615;1;3
2010-12-05 11:00:00Z;1.324615;2;3
2010-12-06 11:00:00Z;1.279873;2;3
2010-12-07 11:00:00Z;1.279873;2;3
2010-12-08 11:00:00Z;1.279873;2;3
2010-12-09 11:00:00Z;1.236304;2;3
2010-12-10 11:00:00Z;1.236304;2;3
2010-12-11 11:00:00Z;1.193884;2;3
2010-12-12 11:00:00Z;1.193884;2;3
2010-12-13 11:00:00Z;1.193884;2;3
2010-12-14 11:00:00Z;1.152593;2;3
2010-12-15 11:00:00Z;1.152593;2;3
2010-12-16 11:00:00Z;1.152593;2;3
2010-12-17 11:00:00Z;1.112409;2;3
2010-12-18 11:00:00Z;1.112409;2;3
2010-12-19 11:00:00Z;1.112409;2;3
2010-12-20 11:00:00Z;1.073312;2;3
2010-12-21 11:00:00Z;1.073312;2;3
2010-12-22 11:00:00Z;1.03528;2;3
2010-12-23 11:00:00Z;1.03528;2;3
2010-12-24 11:00:00Z;1.03528;2;3
2010-12-25 11:00:00Z;0.9982934;2;3
2010-12-26 11:00:00Z;1.014475;0;3
2010-12-27 11:00:00Z;1.001376;0;3
2010-12-28 11:00:00Z;0.9810616;0;3
2010-12-29 11:00:00Z;0.9246875;0;3
2010-12-30 11:00:00Z;0.8872142;0;3
2010-12-31 11:00:00Z;0.8603964;0;3
2011-01-01 11:00:00Z;0.924489;0;3
2011-01-02 11:00:00Z;0.899934;0;3
2011-01-03 11:00:00Z;0.84637;0;3
2011-01-04 11:00:00Z;0.8283359;0;3
2011-01-05 11:00:00Z;0.9022877;0;3
2011-01-06 11:00:00Z;1.883399;0;3
2011-01-07 11:00:00Z;1.599815;0;3
2011-01-08 11:00:00Z;1.387248;0;3
2011-01-09 11:00:00Z;1.405938;0;3
2011-01-10 11:00:00Z;1.648515;0;3
2011-01-11 11:00:00Z;2.701098;0;3
2011-01-12 11:00:00Z;3.681172;0;3
2011-01-13 11:00:00Z;2.582899;0;3
2011-01-14 11:00:00Z;2.333265;0;3
2011-01-15 11:00:00Z;2.196458;0;3
2011-01-16 11:00:00Z;3.127225;0;3
2011-01-17 11:00:00Z;20.37591;0;3
2011-01-18 11:00:00Z;21.98576;0;3
2011-01-19 11:00:00Z;21.40105;0;3
2011-01-20 11:00:00Z;15.09485;0;3
2011-01-21 11:00:00Z;10.00028;0;3
2011-01-22 11:00:00Z;7.856564;0;3
2011-01-23 11:00:00Z;6.403247;0;3
2011-01-24 11:00:00Z;5.211763;0;3
2011-01-25 11:00:00Z;4.683894;0;3
2011-01-26 11:00:00Z;3.951566;0;3
2011-01-27 11:00:00Z;3.313073;0;3
2011-01-28 11:00:00Z;3.370101;0;3
2011-01-29 11:00:00Z;3.906328;0;3
2011-01-30 11:00:00Z;3.035329;0;3
2011-01-31 11:00:00Z;2.684996;0;3
2011-02-01 11:00:00Z;2.688635;0;3
2011-02-02 11:00:00Z;4.146231;0;3
2011-02-03 11:00:00Z;12.64511;0;3
2011-02-04 11:00:00Z;19.33556;0;3
2011-02-05 11:00:00Z;16.29969;0;3
2011-02-06 11:00:00Z;15.49594;0;3
2011-02-07 11:00:00Z;12.03282;0;3
2011-02-08 11:00:00Z;18.82719;0;3
2011-02-09 11:00:00Z;17.03637;0;3
2011-02-10 11:00:00Z;11.25078;0;3
2011-02-11 11:00:00Z;8.762981;0;3
2011-02-12 11:00:00Z;6.330759;0;3
2011-02-13 11:00:00Z;5.248752;0;3
2011-02-14 11:00:00Z;4.618229;0;3
2011-02-15 11:00:00Z;3.873921;0;3
2011-02-16 11:00:00Z;3.419437;0;3
2011-02-17 11:00:00Z;3.181907;0;3
2011-02-18 11:00:00Z;3.127271;0;3
2011-02-19 11:00:00Z;2.966693;0;3
2011-02-20 11:00:00Z;3.274617;0;3
2011-02-21 11:00:00Z;3.789813;0;3
2011-02-22 11:00:00Z;4.115154;0;3
2011-02-23 11:00:00Z;3.853385;0;3
2011-02-24 11:00:00Z;3.786123;0;3
2011-02-25 11:00:00Z;2.98308;0;3
2011-02-26 11:00:00Z;2.845783;0;3
2011-02-27 11:00:00Z;3.777279;0;3
2011-02-28 11:00:00Z;3.727668;0;3
2011-03-01 11:00:00Z;3.398544;0;3
2011-03-02 11:00:00Z;3.028182;0;3
2011-03-03 11:00:00Z;2.744537;0;3
2011-03-04 11:00:00Z;2.563095;0;3
2011-03-05 11:00:00Z;2.494057;0;3
2011-03-06 11:00:00Z;2.311664;0;3
2011-03-07 11:00:00Z;2.363211;0;3
2011-03-08 11:00:00Z;2.221278;0;3
2011-03-09 11:00:00Z;2.999038;0;3
2011-03-10 11:00:00Z;4.961933;0;3
2011-03-11 11:00:00Z;5.838766;0;3
2011-03-12 11:00:00Z;4.940814;0;3
2011-03-13 11:00:00Z;4.16182;0;3
2011-03-14 11:00:00Z;3.82531;0;3
2011-03-15 11:00:00Z;4.025145;0;3
2011-03-16 11:00:00Z;3.660074;0;3
2011-03-17 11:00:00Z;3.305546;0;3
2011-03-18 11:00:00Z;3.203885;0;3
2011-03-19 11:00:00Z;2.833173;0;3
2011-03-20 11:00:00Z;2.732465;0;3
2011-03-21 11:00:00Z;2.680626;0;3
2011-03-22 11:00:00Z;4.379158;0;3
2011-03-23 11:00:00Z;13.54136;0;3
2011-03-24 11:00:00Z;24.37245;0;3
2011-03-25 11:00:00Z;50.42765;0;3
2011-03-26 11:00:00Z;44.10642;0;3
2011-03-27 11:00:00Z;24.54375;0;3
2011-03-28 11:00:00Z;15.67266;0;3
2011-03-29 11:00:00Z;11.34979;0;3
2011-03-30 11:00:00Z;11.00619;0;3
2011-03-31 11:00:00Z;9.708009;0;3
2011-04-01 11:00:00Z;9.681332;0;3
2011-04-02 11:00:00Z;12.31289;0;3
2011-04-03 11:00:00Z;21.92519;0;3
2011-04-04 11:00:00Z;35.75034;0;3
2011-04-05 11:00:00Z;41.90934;0;3
2011-04-06 11:00:00Z;70.64344;0;3
2011-04-07 11:00:00Z;87.53956;0;3
2011-04-08 11:00:00Z;80.45197;0;3
2011-04-09 11:00:00Z;74.5998;0;3
2011-04-10 11:00:00Z;51.1423;0;3
2011-04-11 11:00:00Z;37.6731;0;3
2011-04-12 11:00:00Z;35.70223;0;3
2011-04-13 11:00:00Z;35.15892;0;3
2011-04-14 11:00:00Z;26.91537;0;3
2011-04-15 11:00:00Z;19.28925;0;3
2011-04-16 11:00:00Z;16.02488;0;3
2011-04-17 11:00:00Z;17.72615;0;3
2011-04-18 11:00:00Z;23.65162;0;3
2011-04-19 11:00:00Z;24.72346;0;3
2011-04-20 11:00:00Z;21.25882;0;3
2011-04-21 11:00:00Z;18.57807;0;3
2011-04-22 11:00:00Z;16.22733;0;3
2011-04-23 11:00:00Z;14.84498;0;3
2011-04-24 11:00:00Z;13.78809;0;3
2011-04-25 11:00:00Z;12.80648;0;3
2011-04-26 11:00:00Z;10.66591;0;3
2011-04-27 11:00:00Z;8.728529;0;3
2011-04-28 11:00:00Z;7.129253;0;3
2011-04-29 11:00:00Z;5.929571;0;3
2011-04-30 11:00:00Z;5.010493;0;3
2011-05-01 11:00:00Z;4.33835;0;3
2011-05-02 11:00:00Z;3.901859;0;3
2011-05-03 11:00:00Z;3.556078;0;3
2011-05-04 11:00:00Z;3.352978;0;3
2011-05-05 11:00:00Z;3.119956;0;3
2011-05-06 11:00:00Z;2.843207;0;3
2011-05-07 11:00:00Z;2.642781;0;3
2011-05-08 11:00:00Z;2.444949;0;3
2011-05-09 11:00:00Z;2.226001;0;3
2011-05-10 11:00:00Z;2.10443;0;3
2011-05-11 11:00:00Z;2.10837;0;3
2011-05-12 11:00:00Z;2.091;0;3
2011-05-13 11:00:00Z;2.202769;0;3
2011-05-14 11:00:00Z;2.498759;0;3
2011-05-15 11:00:00Z;3.758597;0;3
2011-05-16 11:00:00Z;4.937643;0;3
2011-05-17 11:00:00Z;4.951662;0;3
2011-05-18 11:00:00Z;4.32832;0;3
2011-05-19 11:00:00Z;8.693062;0;3
2011-05-20 11:00:00Z;13.81498;0;3
2011-05-21 11:00:00Z;10.16864;0;3
2011-05-22 11:00:00Z;7.259818;0;3
2011-05-23 11:00:00Z;7.020672;0;3
2011-05-24 11:00:00Z;18.29457;0;3
2011-05-25 11:00:00Z;45.78347;0;3
2011-05-26 11:00:00Z;35.26223;0;3
2011-05-27 11:00:00Z;20.92231;0;3
2011-05-28 11:00:00Z;14.11693;0;3
2011-05-29 11:00:00Z;16.46543;0;3
2011-05-30 11:00:00Z;19.39587;0;3
2011-05-31 11:00:00Z;22.00487;0;3
2011-06-01 11:00:00Z;26.84914;0;3
2011-06-02 11:00:00Z;18.30505;0;3
2011-06-03 11:00:00Z;11.98147;0;3
2011-06-04 11:00:00Z;8.67468;0;3
2011-06-05 11:00:00Z;6.523001;0;3
2011-06-06 11:00:00Z;5.005608;0;3
2011-06-07 11:00:00Z;4.802183;0;3
2011-06-08 11:00:00Z;4.80161;0;3
2011-06-09 11:00:00Z;4.745996;0;3
2011-06-10 11:00:00Z;5.6555;0;3
2011-06-11 11:00:00Z;5.234418;0;3
2011-06-12 11:00:00Z;4.349691;0;3
2011-06-13 11:00:00Z;3.76301;0;3
2011-06-14 11:00:00Z;3.461301;0;3
2011-06-15 11:00:00Z;3.315525;0;3
2011-06-16 11:00:00Z;3.129049;0;3
2011-06-17 11:00:00Z;3.285304;0;3
2011-06-18 11:00:00Z;4.777911;0;3
2011-06-19 11:00:00Z;5.549392;0;3
2011-06-20 11:00:00Z;4.859482;0;3
2011-06-21 11:00:00Z;3.983865;0;3
2011-06-22 11:00:00Z;3.341054;0;3
2011-06-23 11:00:00Z;2.936285;0;3
2011-06-24 11:00:00Z;2.908213;0;3
2011-06-25 11:00:00Z;2.577326;0;3
2011-06-26 11:00:00Z;2.276606;0;3
2011-06-27 11:00:00Z;2.064395;0;3
2011-06-28 11:00:00Z;2.036466;0;3
2011-06-29 11:00:00Z;2.691094;0;3
2011-06-30 11:00:00Z;16.19419;0;3
2011-07-01 11:00:00Z;21.29139;0;3
2011-07-02 11:00:00Z;11.86295;0;3
2011-07-03 11:00:00Z;7.819986;0;3
2011-07-04 11:00:00Z;6.195826;0;3
2011-07-05 11:00:00Z;5.028135;0;3
2011-07-06 11:00:00Z;4.159711;0;3
2011-07-07 11:00:00Z;3.59641;0;3
2011-07-08 11:00:00Z;3.257486;0;3
2011-07-09 11:00:00Z;3.113986;0;3
2011-07-10 11:00:00Z;5.081542;0;3
2011-07-11 11:00:00Z;10.73367;0;3
2011-07-12 11:00:00Z;12.17288;0;3
2011-07-13 11:00:00Z;8.440058;0;3
2011-07-14 11:00:00Z;5.751994;0;3
2011-07-15 11:00:00Z;4.2687;0;3
2011-07-16 11:00:00Z;3.485218;0;3
2011-07-17 11:00:00Z;5.399266;0;3
2011-07-18 11:00:00Z;61.08579;0;3
2011-07-19 11:00:00Z;62.30302;0;3
2011-07-20 11:00:00Z;60.01944;0;3
2011-07-21 11:00:00Z;46.67384;0;3
2011-07-22 11:00:00Z;26.58497;0;3
2011-07-23 11:00:00Z;16.15372;0;3
2011-07-24 11:00:00Z;14.88747;0;3
2011-07-25 11:00:00Z;16.51183;0;3
2011-07-26 11:00:00Z;13.91249;0;3
2011-07-27 11:00:00Z;10.22541;0;3
2011-07-28 11:00:00Z;8.124763;0;3
2011-07-29 11:00:00Z;6.930892;0;3
2011-07-30 11:00:00Z;5.414988;0;3
2011-07-31 11:00:00Z;7.002818;0;3
2011-08-01 11:00:00Z;6.238767;0;3
2011-08-02 11:00:00Z;4.551958;0;3
2011-08-03 11:00:00Z;3.688039;0;3
2011-08-04 11:00:00Z;3.207347;0;3
2011-08-05 11:00:00Z;3.067969;0;3
2011-08-06 11:00:00Z;5.775317;0;3
2011-08-07 11:00:00Z;7.362126;0;3
2011-08-08 11:00:00Z;15.71245;0;3
2011-08-09 11:00:00Z;22.87803;0;3
2011-08-10 11:00:00Z;16.08524;0;3
2011-08-11 11:00:00Z;10.16982;0;3
2011-08-12 11:00:00Z;6.968914;0;3
2011-08-13 11:00:00Z;5.179944;0;3
2011-08-14 11:00:00Z;4.10351;0;3
2011-08-15 11:00:00Z;3.717546;0;3
2011-08-16 11:00:00Z;3.563321;0;3
2011-08-17 11:00:00Z;3.29962;0;3
2011-08-18 11:00:00Z;3.167122;0;3
2011-08-19 11:00:00Z;3.090268;0;3
2011-08-20 11:00:00Z;2.867353;0;3
2011-08-21 11:00:00Z;2.636661;0;3
2011-08-22 11:00:00Z;3.037655;0;3
2011-08-23 11:00:00Z;3.587412;0;3
2011-08-24 11:00:00Z;4.045362;0;3
2011-08-25 11:00:00Z;3.979041;0;3
2011-08-26 11:00:00Z;4.038815;0;3
2011-08-27 11:00:00Z;7.14153;0;3
2011-08-28 11:00:00Z;10.88225;0;3
2011-08-29 11:00:00Z;26.3539;0;3
2011-08-30 11:00:00Z;58.19029;0;3
2011-08-31 11:00:00Z;31.23952;0;3
2011-09-01 11:00:00Z;16.19304;0;3
2011-09-02 11:00:00Z;10.187;0;3
2011-09-03 11:00:00Z;7.341164;0;3
2011-09-04 11:00:00Z;5.867238;0;3
2011-09-05 11:00:00Z;13.6717;0;3
2011-09-06 11:00:00Z;24.0222;0;3
2011-09-07 11:00:00Z;68.18326;0;3
2011-09-08 11:00:00Z;61.1784;0;3
2011-09-09 11:00:00Z;32.95155;0;3
2011-09-10 11:00:00Z;18.96076;0;3
2011-09-11 11:00:00Z;18.30241;0;3
2011-09-12 11:00:00Z;30.98582;0;3
2011-09-13 11:00:00Z;59.35887;0;3
2011-09-14 11:00:00Z;127.7632;0;3
2011-09-15 11:00:00Z;66.57259;0;3
2011-09-16 11:00:00Z;29.86001;0;3
2011-09-17 11:00:00Z;16.96334;0;3
2011-09-18 11:00:00Z;18.48029;0;3
2011-09-19 11:00:00Z;54.36159;0;3
2011-09-20 11:00:00Z;45.81879;0;3
2011-09-21 11:00:00Z;32.20393;0;3
2011-09-22 11:00:00Z;25.565;0;3
2011-09-23 11:00:00Z;29.6072;0;3
2011-09-24 11:00:00Z;27.24787;0;3
2011-09-25 11:00:00Z;17.96957;0;3
2011-09-26 11:00:00Z;12.32533;0;3
2011-09-27 11:00:00Z;11.28205;0;3
2011-09-28 11:00:00Z;10.86551;0;3
2011-09-29 11:00:00Z;9.305526;0;3
2011-09-30 11:00:00Z;7.708516;0;3
2011-10-01 11:00:00Z;6.427138;0;3
2011-10-02 11:00:00Z;5.427408;0;3
2011-10-03 11:00:00Z;5.160161;0;3
2011-10-04 11:00:00Z;6.707364;0;3
2011-10-05 11:00:00Z;10.40531;0;3
2011-10-06 11:00:00Z;21.20579;0;3
2011-10-07 11:00:00Z;41.74461;0;3
2011-10-08 11:00:00Z;32.04229;0;3
2011-10-09 11:00:00Z;18.78733;0;3
2011-10-10 11:00:00Z;17.37485;0;3
2011-10-11 11:00:00Z;16.99969;0;3
2011-10-12 11:00:00Z;13.97827;0;3
2011-10-13 11:00:00Z;10.71097;0;3
2011-10-14 11:00:00Z;8.418605;0;3
2011-10-15 11:00:00Z;6.857357;0;3
2011-10-16 11:00:00Z;5.724524;0;3
2011-10-17 11:00:00Z;4.970422;0;3
2011-10-18 11:00:00Z;5.977385;0;3
2011-10-19 11:00:00Z;16.45687;0;3
2011-10-20 11:00:00Z;23.126;0;3
2011-10-21 11:00:00Z;15.84099;0;3
2011-10-22 11:00:00Z;14.04344;0;3
2011-10-23 11:00:00Z;16.36864;0;3
2011-10-24 11:00:00Z;14.05393;0;3
2011-10-25 11:00:00Z;10.49379;0;3
2011-10-26 11:00:00Z;8.202778;0;3
2011-10-27 11:00:00Z;11.72415;0;3
2011-10-28 11:00:00Z;18.73209;0;3
2011-10-29 11:00:00Z;27.67659;0;3
2011-10-30 11:00:00Z;24.81005;0;3
2011-10-31 11:00:00Z;31.41158;0;3
2011-11-01 11:00:00Z;22.76957;0;3
2011-11-02 11:00:00Z;17.72268;0;3
2011-11-03 11:00:00Z;16.32499;0;3
2011-11-04 11:00:00Z;14.10129;0;3
2011-11-05 11:00:00Z;12.99446;0;3
2011-11-06 11:00:00Z;13.85683;0;3
2011-11-07 11:00:00Z;12.38879;0;3
2011-11-08 11:00:00Z;9.912345;0;3
2011-11-09 11:00:00Z;7.977272;0;3
2011-11-10 11:00:00Z;6.457047;0;3
2011-11-11 11:00:00Z;5.526167;0;3
2011-11-12 11:00:00Z;4.897115;0;3
2011-11-13 11:00:00Z;4.251611;0;3
2011-11-14 11:00:00Z;3.821841;0;3
2011-11-15 11:00:00Z;3.458724;0;3
2011-11-16 11:00:00Z;3.149136;0;3
2011-11-17 11:00:00Z;2.896048;0;3
2011-11-18 11:00:00Z;2.702847;0;3
2011-11-19 11:00:00Z;3.085479;0;3
2011-11-20 11:00:00Z;3.523162;0;3
2011-11-21 11:00:00Z;3.47529;0;3
2011-11-22 11:00:00Z;3.292907;0;3
2011-11-23 11:00:00Z;3.09948;0;3
2011-11-24 11:00:00Z;3.19681;0;3
2011-11-25 11:00:00Z;5.864083;0;3
2011-11-26 11:00:00Z;17.41726;0;3
2011-11-27 11:00:00Z;71.48592;0;3
2011-11-28 11:00:00Z;117.2062;0;3
2011-11-29 11:00:00Z;46.93774;0;3
2011-11-30 11:00:00Z;48.06107;0;3
2011-12-01 11:00:00Z;62.47141;0;3
2011-12-02 11:00:00Z;62.32884;0;3
2011-12-03 11:00:00Z;38.81218;0;3
2011-12-04 11:00:00Z;47.56913;0;3
2011-12-05 11:00:00Z;35.20345;0;3
2011-12-06 11:00:00Z;19.79008;0;3
2011-12-07 11:00:00Z;13.75639;0;3
2011-12-08 11:00:00Z;10.08072;0;3
2011-12-09 11:00:00Z;13.05012;0;3
2011-12-10 11:00:00Z;30.95582;0;3
2011-12-11 11:00:00Z;22.89658;0;3
2011-12-12 11:00:00Z;32.41732;0;3
2011-12-13 11:00:00Z;68.45259;0;3
2011-12-14 11:00:00Z;73.47366;0;3
2011-12-15 11:00:00Z;64.26107;0;3
2011-12-16 11:00:00Z;52.8249;0;3
2011-12-17 11:00:00Z;31.68174;0;3
2011-12-18 11:00:00Z;18.63881;0;3
2011-12-19 11:00:00Z;12.62664;0;3
2011-12-20 11:00:00Z;9.569462;0;3
2011-12-21 11:00:00Z;7.803758;0;3
2011-12-22 11:00:00Z;6.710317;0;3
2011-12-23 11:00:00Z;6.207124;0;3
2011-12-24 11:00:00Z;12.53058;0;3
2011-12-25 11:00:00Z;21.79276;0;3
2011-12-26 11:00:00Z;80.29021;0;3
2011-12-27 11:00:00Z;103.6707;0;3
2011-12-28 11:00:00Z;84.60645;0;3
2011-12-29 11:00:00Z;66.34395;0;3
2011-12-30 11:00:00Z;75.35439;0;3
2011-12-31 11:00:00Z;34.08696;0;3
2012-01-01 11:00:00Z;20.15829;0;3
2012-01-02 11:00:00Z;26.29846;0;3
2012-01-03 11:00:00Z;30.58574;0;3
2012-01-04 11:00:00Z;47.7762;0;3
2012-01-05 11:00:00Z;39.75556;0;3
2012-01-06 11:00:00Z;22.60311;0;3
2012-01-07 11:00:00Z;14.39233;0;3
2012-01-08 11:00:00Z;11.55927;0;3
2012-01-09 11:00:00Z;9.484215;0;3
2012-01-10 11:00:00Z;8.056055;0;3
2012-01-11 11:00:00Z;9.966987;0;3
2012-01-12 11:00:00Z;30.3266;0;3
2012-01-13 11:00:00Z;64.00652;0;3
2012-01-14 11:00:00Z;32.41623;0;3
2012-01-15 11:00:00Z;17.41988;0;3
2012-01-16 11:00:00Z;11.49334;0;3
2012-01-17 11:00:00Z;8.569557;0;3
2012-01-18 11:00:00Z;6.955911;0;3
2012-01-19 11:00:00Z;6.945233;0;3
2012-01-20 11:00:00Z;6.668693;0;3
2012-01-21 11:00:00Z;5.78546;0;3
2012-01-22 11:00:00Z;5.449589;0;3
2012-01-23 11:00:00Z;4.943094;0;3
2012-01-24 11:00:00Z;4.373701;0;3
2012-01-25 11:00:00Z;3.935347;0;3
2012-01-26 11:00:00Z;3.683952;0;3
2012-01-27 11:00:00Z;3.382364;0;3
2012-01-28 11:00:00Z;3.325547;0;3
2012-01-29 11:00:00Z;3.021827;0;3
2012-01-30 11:00:00Z;2.798191;0;3
2012-01-31 11:00:00Z;2.324733;0;3
2012-02-01 11:00:00Z;2.599273;0;3
2012-02-02 11:00:00Z;3.403695;0;3
2012-02-03 11:00:00Z;3.272299;0;3
2012-02-04 11:00:00Z;3.748198;0;3
2012-02-05 11:00:00Z;4.176337;0;3
2012-02-06 11:00:00Z;3.944228;0;3
2012-02-07 11:00:00Z;2.828329;0;3
2012-02-08 11:00:00Z;2.451391;0;3
2012-02-09 11:00:00Z;2.855835;0;3
2012-02-10 11:00:00Z;2.908197;0;3
2012-02-11 11:00:00Z;2.352333;0;3
2012-02-12 11:00:00Z;1.97722;0;3
2012-02-13 11:00:00Z;1.769112;0;3
2012-02-14 11:00:00Z;1.717498;0;3
2012-02-15 11:00:00Z;1.654617;0;3
2012-02-16 11:00:00Z;1.60166;0;3
2012-02-17 11:00:00Z;1.655902;0;3
2012-02-18 11:00:00Z;2.129652;0;3
2012-02-19 11:00:00Z;11.32559;0;3
2012-02-20 11:00:00Z;13.3612;0;3
2012-02-21 11:00:00Z;17.59966;0;3
2012-02-22 11:00:00Z;20.93749;0;3
2012-02-23 11:00:00Z;62.35069;0;3
2012-02-24 11:00:00Z;52.25043;0;3
2012-02-25 11:00:00Z;43.80645;0;3
2012-02-26 11:00:00Z;29.48927;0;3
2012-02-27 11:00:00Z;17.67594;0;3
2012-02-28 11:00:00Z;13.82573;0;3
2012-02-29 11:00:00Z;22.85937;0;3
2012-03-01 11:00:00Z;33.66569;0;3
2012-03-02 11:00:00Z;29.14645;0;3
2012-03-03 11:00:00Z;23.28557;0;3
2012-03-04 11:00:00Z;15.1302;0;3
2012-03-05 11:00:00Z;10.54821;0;3
2012-03-06 11:00:00Z;7.874015;0;3
2012-03-07 11:00:00Z;6.54866;0;3
2012-03-08 11:00:00Z;7.23092;0;3
2012-03-09 11:00:00Z;6.554644;0;3
2012-03-10 11:00:00Z;11.5707;0;3
2012-03-11 11:00:00Z;17.62114;0;3
2012-03-12 11:00:00Z;20.84611;0;3
2012-03-13 11:00:00Z;23.53289;0;3
2012-03-14 11:00:00Z;22.5031;0;3
2012-03-15 11:00:00Z;19.33169;0;3
2012-03-16 11:00:00Z;14.75105;0;3
2012-03-17 11:00:00Z;11.81631;0;3
2012-03-18 11:00:00Z;11.13563;0;3
2012-03-19 11:00:00Z;11.12993;0;3
2012-03-20 11:00:00Z;9.660378;0;3
2012-03-21 11:00:00Z;10.38255;0;3
2012-03-22 11:00:00Z;13.73359;0;3
2012-03-23 11:00:00Z;13.50224;0;3
2012-03-24 11:00:00Z;11.71721;0;3
2012-03-25 11:00:00Z;9.073433;0;3
2012-03-26 11:00:00Z;7.30402;0;3
2012-03-27 11:00:00Z;6.367635;0;3
2012-03-28 11:00:00Z;6.049331;0;3
2012-03-29 11:00:00Z;6.570092;0;3
2012-03-30 11:00:00Z;6.190978;0;3
2012-03-31 11:00:00Z;5.226454;0;3
2012-04-01 11:00:00Z;4.266371;0;3
2012-04-02 11:00:00Z;3.646434;0;3
2012-04-03 11:00:00Z;3.169393;0;3
2012-04-04 11:00:00Z;2.788414;0;3
2012-04-05 11:00:00Z;2.515725;0;3
2012-04-06 11:00:00Z;2.333333;0;3
2012-04-07 11:00:00Z;2.218731;0;3
2012-04-08 11:00:00Z;2.081797;0;3
2012-04-09 11:00:00Z;2.072447;0;3
2012-04-10 11:00:00Z;3.56165;0;3
2012-04-11 11:00:00Z;13.98748;0;3
2012-04-12 11:00:00Z;15.84289;0;3
2012-04-13 11:00:00Z;12.87039;0;3
2012-04-14 11:00:00Z;10.82294;0;3
2012-04-15 11:00:00Z;10.19783;0;3
2012-04-16 11:00:00Z;8.666284;0;3
2012-04-17 11:00:00Z;6.885166;0;3
2012-04-18 11:00:00Z;5.657359;0;3
2012-04-19 11:00:00Z;6.19772;0;3
2012-04-20 11:00:00Z;6.524045;0;3
2012-04-21 11:00:00Z;6.774317;0;3
2012-04-22 11:00:00Z;6.023726;0;3
2012-04-23 11:00:00Z;5.786964;0;3
2012-04-24 11:00:00Z;5.580816;0;3
2012-04-25 11:00:00Z;5.338879;0;3
2012-04-26 11:00:00Z;6.206273;0;3
2012-04-27 11:00:00Z;13.09727;0;3
2012-04-28 11:00:00Z;23.04252;0;3
2012-04-29 11:00:00Z;18.7437;0;3
2012-04-30 11:00:00Z;11.1777;0;3
2012-05-01 11:00:00Z;7.783606;0;3
2012-05-02 11:00:00Z;6.052138;0;3
2012-05-03 11:00:00Z;5.051476;0;3
2012-05-04 11:00:00Z;4.267958;0;3
2012-05-05 11:00:00Z;3.791301;0;3
2012-05-06 11:00:00Z;3.370691;0;3
2012-05-07 11:00:00Z;3.041949;0;3
2012-05-08 11:00:00Z;2.752754;0;3
2012-05-09 11:00:00Z;3.878117;0;3
2012-05-10 11:00:00Z;6.199118;0;3
2012-05-11 11:00:00Z;9.0088;0;3
2012-05-12 11:00:00Z;10.39012;0;3
2012-05-13 11:00:00Z;8.43695;0;3
2012-05-14 11:00:00Z;12.85684;0;3
2012-05-15 11:00:00Z;39.21307;0;3
2012-05-16 11:00:00Z;33.10578;0;3
2012-05-17 11:00:00Z;29.61334;0;3
2012-05-18 11:00:00Z;25.08211;0;3
2012-05-19 11:00:00Z;16.07618;0;3
2012-05-20 11:00:00Z;10.65982;0;3
2012-05-21 11:00:00Z;7.815119;0;3
2012-05-22 11:00:00Z;6.198431;0;3
2012-05-23 11:00:00Z;5.071929;0;3
2012-05-24 11:00:00Z;4.243529;0;3
2012-05-25 11:00:00Z;3.471066;0;3
2012-05-26 11:00:00Z;3.002292;0;3
2012-05-27 11:00:00Z;2.575663;0;3
2012-05-28 11:00:00Z;2.252168;0;3
2012-05-29 11:00:00Z;1.95979;0;3
2012-05-30 11:00:00Z;1.760697;0;3
2012-05-31 11:00:00Z;1.62468;0;3
2012-06-01 11:00:00Z;1.501654;0;3
2012-06-02 11:00:00Z;1.379695;0;3
2012-06-03 11:00:00Z;1.285834;0;3
2012-06-04 11:00:00Z;1.190702;0;3
2012-06-05 11:00:00Z;1.131032;0;3
2012-06-06 11:00:00Z;1.045667;0;3
2012-06-07 11:00:00Z;0.9917626;0;3
2012-06-08 11:00:00Z;0.9934331;0;3
2012-06-09 11:00:00Z;1.061604;0;3
2012-06-10 11:00:00Z;1.125379;0;3
2012-06-11 11:00:00Z;1.166566;0;3
2012-06-12 11:00:00Z;1.100191;0;3
2012-06-13 11:00:00Z;1.047209;0;3
2012-06-14 11:00:00Z;1.041706;0;3
2012-06-15 11:00:00Z;1.051127;0;3
2012-06-16 11:00:00Z;1.312563;0;3
2012-06-17 11:00:00Z;2.051388;0;3
2012-06-18 11:00:00Z;2.645526;0;3
2012-06-19 11:00:00Z;3.043687;0;3
2012-06-20 11:00:00Z;2.847585;0;3
2012-06-21 11:00:00Z;2.442552;0;3
2012-06-22 11:00:00Z;2.210567;0;3
2012-06-23 11:00:00Z;4.893806;0;3
2012-06-24 11:00:00Z;18.183;0;3
2012-06-25 11:00:00Z;22.3028;0;3
2012-06-26 11:00:00Z;14.08205;0;3
2012-06-27 11:00:00Z;8.355456;0;3
2012-06-28 11:00:00Z;5.625639;0;3
2012-06-29 11:00:00Z;4.801578;0;3
2012-06-30 11:00:00Z;4.419787;0;3
2012-07-01 11:00:00Z;4.766059;0;3
2012-07-02 11:00:00Z;7.192079;0;3
2012-07-03 11:00:00Z;8.263639;0;3
2012-07-04 11:00:00Z;8.38334;0;3
2012-07-05 11:00:00Z;7.756689;0;3
2012-07-06 11:00:00Z;6.190934;0;3
2012-07-07 11:00:00Z;5.122023;0;3
2012-07-08 11:00:00Z;4.280478;0;3
2012-07-09 11:00:00Z;3.756735;0;3
2012-07-10 11:00:00Z;5.043587;0;3
2012-07-11 11:00:00Z;4.763592;0;3
2012-07-12 11:00:00Z;4.267118;0;3
2012-07-13 11:00:00Z;4.10618;0;3
2012-07-14 11:00:00Z;3.866872;0;3
2012-07-15 11:00:00Z;3.475231;0;3
2012-07-16 11:00:00Z;3.015022;0;3
2012-07-17 11:00:00Z;2.616738;0;3
2012-07-18 11:00:00Z;2.318952;0;3
2012-07-19 11:00:00Z;2.193551;0;3
2012-07-20 11:00:00Z;2.073948;0;3
2012-07-21 11:00:00Z;1.858178;0;3
2012-07-22 11:00:00Z;1.667429;0;3
2012-07-23 11:00:00Z;3.019029;0;3
2012-07-24 11:00:00Z;15.09333;0;3
2012-07-25 11:00:00Z;23.05565;0;3
2012-07-26 11:00:00Z;14.31303;0;3
2012-07-27 11:00:00Z;8.781466;0;3
2012-07-28 11:00:00Z;6.115427;0;3
2012-07-29 11:00:00Z;4.665965;0;3
2012-07-30 11:00:00Z;3.82795;0;3
2012-07-31 11:00:00Z;3.479418;0;3
2012-08-01 11:00:00Z;3.274408;0;3
2012-08-02 11:00:00Z;3.305231;0;3
2012-08-03 11:00:00Z;3.844241;0;3
2012-08-04 11:00:00Z;4.387326;0;3
2012-08-05 11:00:00Z;4.19018;0;3
2012-08-06 11:00:00Z;5.561476;0;3
2012-08-07 11:00:00Z;19.67529;0;3
2012-08-08 11:00:00Z;15.64413;0;3
2012-08-09 11:00:00Z;9.617777;0;3
2012-08-10 11:00:00Z;6.403759;0;3
2012-08-11 11:00:00Z;4.783639;0;3
2012-08-12 11:00:00Z;3.781792;0;3
2012-08-13 11:00:00Z;3.137544;0;3
2012-08-14 11:00:00Z;2.665443;0;3
2012-08-15 11:00:00Z;2.312962;0;3
2012-08-16 11:00:00Z;2.175135;0;3
2012-08-17 11:00:00Z;2.50872;0;3
2012-08-18 11:00:00Z;4.685065;0;3
2012-08-19 11:00:00Z;8.587955;0;3
2012-08-20 11:00:00Z;8.614056;0;3
2012-08-21 11:00:00Z;6.399518;0;3
2012-08-22 11:00:00Z;5.135429;0;3
2012-08-23 11:00:00Z;7.676638;0;3
2012-08-24 11:00:00Z;7.352425;0;3
2012-08-25 11:00:00Z;5.753378;0;3
2012-08-26 11:00:00Z;4.648388;0;3
2012-08-27 11:00:00Z;3.751209;0;3
2012-08-28 11:00:00Z;11.95516;0;3
2012-08-29 11:00:00Z;25.31919;0;3
2012-08-30 11:00:00Z;24.81896;0;3
2012-08-31 11:00:00Z;19.67512;0;3
2012-09-01 11:00:00Z;12.63636;0;3
2012-09-02 11:00:00Z;9.602309;0;3
2012-09-03 11:00:00Z;8.337884;0;3
2012-09-04 11:00:00Z;7.359541;0;3
2012-09-05 11:00:00Z;6.39522;0;3
2012-09-06 11:00:00Z;5.899165;0;3
2012-09-07 11:00:00Z;7.707307;0;3
2012-09-08 11:00:00Z;6.853138;0;3
2012-09-09 11:00:00Z;5.744544;0;3
2012-09-10 11:00:00Z;4.988314;0;3
2012-09-11 11:00:00Z;7.100482;0;3
2012-09-12 11:00:00Z;16.85288;0;3
2012-09-13 11:00:00Z;18.06137;0;3
2012-09-14 11:00:00Z;41.70279;0;3
2012-09-15 11:00:00Z;38.10201;0;3
2012-09-16 11:00:00Z;20.66219;0;3
2012-09-17 11:00:00Z;30.45374;0;3
2012-09-18 11:00:00Z;37.64466;0;3
2012-09-19 11:00:00Z;32.39897;0;3
2012-09-20 11:00:00Z;19.77389;0;3
2012-09-21 11:00:00Z;14.22983;0;3
2012-09-22 11:00:00Z;10.46393;0;3
2012-09-23 11:00:00Z;7.93334;0;3
2012-09-24 11:00:00Z;6.423583;0;3
2012-09-25 11:00:00Z;6.295431;0;3
2012-09-26 11:00:00Z;8.075368;0;3
2012-09-27 11:00:00Z;9.324607;0;3
2012-09-28 11:00:00Z;9.32122;0;3
2012-09-29 11:00:00Z;14.23383;0;3
2012-09-30 11:00:00Z;29.25571;0;3
2012-10-01 11:00:00Z;41.82286;0;3
2012-10-02 11:00:00Z;27.85851;0;3
2012-10-03 11:00:00Z;48.63455;0;3
2012-10-04 11:00:00Z;57.79736;0;3
2012-10-05 11:00:00Z;34.98882;0;3
2012-10-06 11:00:00Z;19.29745;0;3
2012-10-07 11:00:00Z;13.03669;0;3
2012-10-08 11:00:00Z;10.45358;0;3
2012-10-09 11:00:00Z;9.667104;0;3
2012-10-10 11:00:00Z;8.402034;0;3
2012-10-11 11:00:00Z;7.027131;0;3
2012-10-12 11:00:00Z;5.891527;0;3
2012-10-13 11:00:00Z;5.143007;0;3
2012-10-14 11:00:00Z;4.477742;0;3
2012-10-15 11:00:00Z;4.558183;0;3
2012-10-16 11:00:00Z;7.410183;0;3
2012-10-17 11:00:00Z;20.04923;0;3
2012-10-18 11:00:00Z;22.53687;0;3
2012-10-19 11:00:00Z;23.03674;0;3
2012-10-20 11:00:00Z;18.64874;0;3
2012-10-21 11:00:00Z;16.476;0;3
2012-10-22 11:00:00Z;12.51035;0;3
2012-10-23 11:00:00Z;9.149832;0;3
2012-10-24 11:00:00Z;7.16573;0;3
2012-10-25 11:00:00Z;5.954584;0;3
2012-10-26 11:00:00Z;5.066268;0;3
2012-10-27 11:00:00Z;4.395917;0;3
2012-10-28 11:00:00Z;3.927692;0;3
2012-10-29 11:00:00Z;6.730099;0;3
2012-10-30 11:00:00Z;8.900443;0;3
2012-10-31 11:00:00Z;14.54866;0;3
2012-11-01 11:00:00Z;32.84421;0;3
2012-11-02 11:00:00Z;44.77382;0;3
2012-11-03 11:00:00Z;34.79722;0;3
2012-11-04 11:00:00Z;29.17915;0;3
2012-11-05 11:00:00Z;19.09755;0;3
2012-11-06 11:00:00Z;12.9215;0;3
2012-11-07 11:00:00Z;9.993402;0;3
2012-11-08 11:00:00Z;10.82144;0;3
2012-11-09 11:00:00Z;11.88508;0;3
2012-11-10 11:00:00Z;34.31925;0;3
2012-11-11 11:00:00Z;60.00506;0;3
2012-11-12 11:00:00Z;40.83475;0;3
2012-11-13 11:00:00Z;21.50687;0;3
2012-11-14 11:00:00Z;17.21992;0;3
2012-11-15 11:00:00Z;22.16103;0;3
2012-11-16 11:00:00Z;18.77797;0;3
2012-11-17 11:00:00Z;20.78116;0;3
2012-11-18 11:00:00Z;31.37248;0;3
2012-11-19 11:00:00Z;26.19025;0;3
2012-11-20 11:00:00Z;33.45735;0;3
2012-11-21 11:00:00Z;91.92144;0;3
2012-11-22 11:00:00Z;67.30846;0;3
2012-11-23 11:00:00Z;51.77223;0;3
2012-11-24 11:00:00Z;59.62623;0;3
2012-11-25 11:00:00Z;32.71191;0;3
2012-11-26 11:00:00Z;19.78525;0;3
2012-11-27 11:00:00Z;13.18724;0;3
2012-11-28 11:00:00Z;9.778833;0;3
2012-11-29 11:00:00Z;7.663283;0;3
2012-11-30 11:00:00Z;6.268452;0;3
2012-12-01 11:00:00Z;5.320679;0;3
2012-12-02 11:00:00Z;4.500949;0;3
2012-12-03 11:00:00Z;4.026886;0;3
2012-12-04 11:00:00Z;3.261281;0;3
2012-12-05 11:00:00Z;3.367664;0;3
2012-12-06 11:00:00Z;3.633789;0;3
2012-12-07 11:00:00Z;4.018298;0;3
2012-12-08 11:00:00Z;3.477525;0;3
2012-12-09 11:00:00Z;3.808481;0;3
2012-12-10 11:00:00Z;3.261326;0;3
2012-12-11 11:00:00Z;3.084418;0;3
2012-12-12 11:00:00Z;4.13514;0;3
2012-12-13 11:00:00Z;4.073006;0;3
2012-12-14 11:00:00Z;3.129958;0;3
2012-12-15 11:00:00Z;2.605758;0;3
2012-12-16 11:00:00Z;5.80439;0;3
2012-12-17 11:00:00Z;9.476292;0;3
2012-12-18 11:00:00Z;8.645197;0;3
2012-12-19 11:00:00Z;6.525961;0;3
2012-12-20 11:00:00Z;5.3086;0;3
2012-12-21 11:00:00Z;4.414675;0;3
2012-12-22 11:00:00Z;3.748071;0;3
2012-12-23 11:00:00Z;3.354822;0;3
2012-12-24 11:00:00Z;3.374355;0;3
2012-12-25 11:00:00Z;3.493748;0;3
2012-12-26 11:00:00Z;4.871565;0;3
2012-12-27 11:00:00Z;5.638421;0;3
2012-12-28 11:00:00Z;5.356192;0;3
2012-12-29 11:00:00Z;23.80081;0;3
2012-12-30 11:00:00Z;101.5237;0;3
2012-12-31 11:00:00Z;82.83131;0;3
2013-01-01 11:00:00Z;104.4209;0;3
2013-01-02 11:00:00Z;47.65746;0;3
2013-01-03 11:00:00Z;29.0201;0;3
2013-01-04 11:00:00Z;28.64305;0;3
2013-01-05 11:00:00Z;29.34114;0;3
2013-01-06 11:00:00Z;25.31256;0;3
2013-01-07 11:00:00Z;18.2714;0;3
2013-01-08 11:00:00Z;13.42526;0;3
2013-01-09 11:00:00Z;10.78154;0;3
2013-01-10 11:00:00Z;8.558692;0;3
2013-01-11 11:00:00Z;6.825799;0;3
2013-01-12 11:00:00Z;5.380688;0;3
2013-01-13 11:00:00Z;4.66868;0;3
2013-01-14 11:00:00Z;4.646415;0;3
2013-01-15 11:00:00Z;4.290275;0;3
2013-01-16 11:00:00Z;4.282166;0;3
2013-01-17 11:00:00Z;5.44384;0;3
2013-01-18 11:00:00Z;6.390865;0;3
2013-01-19 11:00:00Z;6.866446;0;3
2013-01-20 11:00:00Z;8.486402;0;3
2013-01-21 11:00:00Z;10.35012;0;3
2013-01-22 11:00:00Z;12.51738;0;3
2013-01-23 11:00:00Z;16.12695;0;3
2013-01-24 11:00:00Z;20.67881;0;3
2013-01-25 11:00:00Z;21.32493;0;3
2013-01-26 11:00:00Z;16.70412;0;3
2013-01-27 11:00:00Z;13.70834;0;3
2013-01-28 11:00:00Z;10.47392;0;3
2013-01-29 11:00:00Z;11.83405;0;3
2013-01-30 11:00:00Z;15.56742;0;3
2013-01-31 11:00:00Z;26.27152;0;3
2013-02-01 11:00:00Z;16.45356;0;3
2013-02-02 11:00:00Z;10.2257;0;3
2013-02-03 11:00:00Z;7.459743;0;3
2013-02-04 11:00:00Z;6.236686;0;3
2013-02-05 11:00:00Z;5.30526;0;3
2013-02-06 11:00:00Z;4.250825;0;3
2013-02-07 11:00:00Z;3.581571;0;3
2013-02-08 11:00:00Z;3.172136;0;3
2013-02-09 11:00:00Z;3.215784;0;3
2013-02-10 11:00:00Z;3.806149;0;3
2013-02-11 11:00:00Z;3.680146;0;3
2013-02-12 11:00:00Z;3.499562;0;3
2013-02-13 11:00:00Z;3.143899;0;3
2013-02-14 11:00:00Z;2.607509;0;3
2013-02-15 11:00:00Z;2.068527;0;3
2013-02-16 11:00:00Z;1.94345;0;3
2013-02-17 11:00:00Z;1.859866;0;3
2013-02-18 11:00:00Z;1.833094;0;3
2013-02-19 11:00:00Z;1.773368;0;3
2013-02-20 11:00:00Z;1.725441;0;3
2013-02-21 11:00:00Z;1.755166;0;3
2013-02-22 11:00:00Z;2.017791;0;3
2013-02-23 11:00:00Z;2.085525;0;3
2013-02-24 11:00:00Z;1.627678;0;3
2013-02-25 11:00:00Z;1.474547;0;3
2013-02-26 11:00:00Z;1.397677;0;3
2013-02-27 11:00:00Z;1.373489;0;3
2013-02-28 11:00:00Z;1.358738;0;3
2013-03-01 11:00:00Z;1.331613;0;3
2013-03-02 11:00:00Z;1.387935;0;3
2013-03-03 11:00:00Z;1.40224;0;3
2013-03-04 11:00:00Z;1.430762;0;3
2013-03-05 11:00:00Z;1.506614;0;3
2013-03-06 11:00:00Z;1.543646;0;3
2013-03-07 11:00:00Z;1.554233;0;3
2013-03-08 11:00:00Z;1.494534;0;3
2013-03-09 11:00:00Z;1.500232;0;3
2013-03-10 11:00:00Z;1.3933;0;3
2013-03-11 11:00:00Z;1.441463;0;3
2013-03-12 11:00:00Z;1.521975;0;3
2013-03-13 11:00:00Z;1.382798;0;3
2013-03-14 11:00:00Z;1.350446;0;3
2013-03-15 11:00:00Z;1.383209;0;3
2013-03-16 11:00:00Z;1.52253;0;3
2013-03-17 11:00:00Z;1.369643;0;3
2013-03-18 11:00:00Z;1.237433;0;3
2013-03-19 11:00:00Z;1.19713;0;3
2013-03-20 11:00:00Z;1.189346;0;3
2013-03-21 11:00:00Z;1.095904;0;3
2013-03-22 11:00:00Z;1.128432;0;3
2013-03-23 11:00:00Z;1.124227;0;3
2013-03-24 11:00:00Z;1.064583;0;3
2013-03-25 11:00:00Z;1.041519;0;3
2013-03-26 11:00:00Z;1.014336;0;3
2013-03-27 11:00:00Z;0.9926792;0;3
2013-03-28 11:00:00Z;0.9722788;0;3
2013-03-29 11:00:00Z;0.9553653;0;3
2013-03-30 11:00:00Z;0.9352998;0;3
2013-03-31 11:00:00Z;0.9275212;0;3
2013-04-01 11:00:00Z;0.922833;0;3
2013-04-02 11:00:00Z;0.910131;0;3
2013-04-03 11:00:00Z;0.9163006;0;3
2013-04-04 11:00:00Z;0.9573022;0;3
2013-04-05 11:00:00Z;1.01787;0;3
2013-04-06 11:00:00Z;1.067356;0;3
2013-04-07 11:00:00Z;1.114907;0;3
2013-04-08 11:00:00Z;1.165209;0;3
2013-04-09 11:00:00Z;1.20145;0;3
2013-04-10 11:00:00Z;1.23284;0;3
2013-04-11 11:00:00Z;1.256467;0;3
2013-04-12 11:00:00Z;1.301493;0;3
2013-04-13 11:00:00Z;1.49841;0;3
2013-04-14 11:00:00Z;2.992733;0;3
2013-04-15 11:00:00Z;41.2598;0;3
2013-04-16 11:00:00Z;55.07293;0;3
2013-04-17 11:00:00Z;50.84301;0;3
2013-04-18 11:00:00Z;62.83879;0;3
2013-04-19 11:00:00Z;75.08984;0;3
2013-04-20 11:00:00Z;45.20887;0;3
2013-04-21 11:00:00Z;27.13592;0;3
2013-04-22 11:00:00Z;20.43123;0;3
2013-04-23 11:00:00Z;23.30251;0;3
2013-04-24 11:00:00Z;27.339;0;3
2013-04-25 11:00:00Z;24.9353;0;3
2013-04-26 11:00:00Z;18.44063;0;3
2013-04-27 11:00:00Z;14.59129;0;3
2013-04-28 11:00:00Z;13.66017;0;3
2013-04-29 11:00:00Z;31.21767;0;3
2013-04-30 11:00:00Z;36.54361;0;3
2013-05-01 11:00:00Z;26.88248;0;3
2013-05-02 11:00:00Z;19.19141;0;3
2013-05-03 11:00:00Z;14.45052;0;3
2013-05-04 11:00:00Z;26.0195;0;3
2013-05-05 11:00:00Z;32.64706;0;3
2013-05-06 11:00:00Z;21.34602;0;3
2013-05-07 11:00:00Z;17.42184;0;3
2013-05-08 11:00:00Z;18.07365;0;3
2013-05-09 11:00:00Z;28.12424;0;3
2013-05-10 11:00:00Z;36.63576;0;3
2013-05-11 11:00:00Z;50.14967;0;3
2013-05-12 11:00:00Z;37.5736;0;3
2013-05-13 11:00:00Z;26.13751;0;3
2013-05-14 11:00:00Z;22.7539;0;3
2013-05-15 11:00:00Z;23.12268;0;3
2013-05-16 11:00:00Z;43.71645;0;3
2013-05-17 11:00:00Z;28.47126;0;3
2013-05-18 11:00:00Z;19.97742;0;3
2013-05-19 11:00:00Z;17.67245;0;3
2013-05-20 11:00:00Z;15.22406;0;3
2013-05-21 11:00:00Z;11.48341;0;3
2013-05-22 11:00:00Z;8.791055;0;3
2013-05-23 11:00:00Z;9.324212;0;3
2013-05-24 11:00:00Z;10.91571;0;3
2013-05-25 11:00:00Z;9.194521;0;3
2013-05-26 11:00:00Z;7.111328;0;3
2013-05-27 11:00:00Z;5.710825;0;3
2013-05-28 11:00:00Z;4.807837;0;3
2013-05-29 11:00:00Z;4.370139;0;3
2013-05-30 11:00:00Z;4.322592;0;3
2013-05-31 11:00:00Z;4.657873;0;3
2013-06-01 11:00:00Z;4.680136;0;3
2013-06-02 11:00:00Z;4.816823;0;3
2013-06-03 11:00:00Z;4.560973;0;3
2013-06-04 11:00:00Z;3.885982;0;3
2013-06-05 11:00:00Z;3.628499;0;3
2013-06-06 11:00:00Z;4.264832;0;3
2013-06-07 11:00:00Z;4.024337;0;3
2013-06-08 11:00:00Z;3.571215;0;3
2013-06-09 11:00:00Z;3.064135;0;3
2013-06-10 11:00:00Z;2.638388;0;3
2013-06-11 11:00:00Z;2.33377;0;3
2013-06-12 11:00:00Z;2.271213;0;3
2013-06-13 11:00:00Z;3.844171;0;3
2013-06-14 11:00:00Z;11.02857;0;3
2013-06-15 11:00:00Z;11.65107;0;3
2013-06-16 11:00:00Z;16.62665;0;3
2013-06-17 11:00:00Z;16.19658;0;3
2013-06-18 11:00:00Z;10.53988;0;3
2013-06-19 11:00:00Z;7.385195;0;3
2013-06-20 11:00:00Z;5.948527;0;3
2013-06-21 11:00:00Z;4.891712;0;3
2013-06-22 11:00:00Z;6.978609;0;3
2013-06-23 11:00:00Z;10.32745;0;3
2013-06-24 11:00:00Z;29.525;0;3
2013-06-25 11:00:00Z;32.07349;0;3
2013-06-26 11:00:00Z;18.65153;0;3
2013-06-27 11:00:00Z;12.27658;0;3
2013-06-28 11:00:00Z;9.80094;0;3
2013-06-29 11:00:00Z;10.25496;0;3
2013-06-30 11:00:00Z;10.79919;0;3
2013-07-01 11:00:00Z;8.876074;0;3
2013-07-02 11:00:00Z;7.081908;0;3
2013-07-03 11:00:00Z;5.966828;0;3
2013-07-04 11:00:00Z;5.15455;0;3
2013-07-05 11:00:00Z;4.79115;0;3
2013-07-06 11:00:00Z;4.482821;0;3
2013-07-07 11:00:00Z;4.047173;0;3
2013-07-08 11:00:00Z;3.48461;0;3
2013-07-09 11:00:00Z;2.993735;0;3
2013-07-10 11:00:00Z;2.585583;0;3
2013-07-11 11:00:00Z;2.260895;0;3
2013-07-12 11:00:00Z;2.016248;0;3
2013-07-13 11:00:00Z;1.827291;0;3
2013-07-14 11:00:00Z;1.662993;0;3
2013-07-15 11:00:00Z;1.530726;0;3
2013-07-16 11:00:00Z;1.447091;0;3
2013-07-17 11:00:00Z;1.359344;0;3
2013-07-18 11:00:00Z;1.274744;0;3
2013-07-19 11:00:00Z;1.198491;0;3
2013-07-20 11:00:00Z;1.120171;0;3
2013-07-21 11:00:00Z;1.048066;0;3
2013-07-22 11:00:00Z;0.98256;0;3
2013-07-23 11:00:00Z;0.9190658;0;3
2013-07-24 11:00:00Z;0.8537764;0;3
2013-07-25 11:00:00Z;0.8224983;0;3
2013-07-26 11:00:00Z;0.7992429;0;3
2013-07-27 11:00:00Z;0.7627358;0;3
2013-07-28 11:00:00Z;0.7525488;0;3
2013-07-29 11:00:00Z;0.7560315;0;3
2013-07-30 11:00:00Z;0.737677;0;3
2013-07-31 11:00:00Z;0.7347844;0;3
2013-08-01 11:00:00Z;0.7040333;0;3
2013-08-02 11:00:00Z;0.7111142;0;3
2013-08-03 11:00:00Z;0.8798828;0;3
2013-08-04 11:00:00Z;0.8840768;0;3
2013-08-05 11:00:00Z;0.9548866;0;3
2013-08-06 11:00:00Z;1.804494;0;3
2013-08-07 11:00:00Z;5.573505;0;3
2013-08-08 11:00:00Z;4.873259;2;3
2013-08-09 11:00:00Z;4.172908;0;3
2013-08-10 11:00:00Z;3.289856;0;3
2013-08-11 11:00:00Z;2.662515;0;3
2013-08-12 11:00:00Z;2.200965;0;3
2013-08-13 11:00:00Z;1.855351;0;3
2013-08-14 11:00:00Z;1.602432;0;3
2013-08-15 11:00:00Z;1.438434;0;3
2013-08-16 11:00:00Z;2.104908;0;3
2013-08-17 11:00:00Z;8.251745;0;3
2013-08-18 11:00:00Z;18.77361;0;3
2013-08-19 11:00:00Z;26.08269;0;3
2013-08-20 11:00:00Z;14.68;0;3
2013-08-21 11:00:00Z;8.788372;0;3
2013-08-22 11:00:00Z;6.098673;0;3
2013-08-23 11:00:00Z;4.61985;0;3
2013-08-24 11:00:00Z;3.687177;0;3
2013-08-25 11:00:00Z;3.044565;0;3
2013-08-26 11:00:00Z;2.611153;0;3
2013-08-27 11:00:00Z;2.272134;0;3
2013-08-28 11:00:00Z;2.037093;0;3
2013-08-29 11:00:00Z;1.832486;0;3
2013-08-30 11:00:00Z;1.685399;0;3
2013-08-31 11:00:00Z;1.642398;0;3
2013-09-01 11:00:00Z;1.579782;0;3
2013-09-02 11:00:00Z;1.578748;0;3
2013-09-03 11:00:00Z;1.491044;0;3
2013-09-04 11:00:00Z;1.435845;0;3
2013-09-05 11:00:00Z;1.423748;0;3
2013-09-06 11:00:00Z;2.724024;0;3
2013-09-07 11:00:00Z;10.0177;0;3
2013-09-08 11:00:00Z;12.95492;0;3
2013-09-09 11:00:00Z;12.7433;0;3
2013-09-10 11:00:00Z;12.9405;0;3
2013-09-11 11:00:00Z;10.35153;0;3
2013-09-12 11:00:00Z;7.913864;0;3
2013-09-13 11:00:00Z;6.19524;0;3
2013-09-14 11:00:00Z;6.285355;0;3
2013-09-15 11:00:00Z;11.96696;0;3
2013-09-16 11:00:00Z;26.77868;0;3
2013-09-17 11:00:00Z;26.94301;0;3
2013-09-18 11:00:00Z;24.72624;0;3
2013-09-19 11:00:00Z;18.39281;0;3
2013-09-20 11:00:00Z;13.38108;0;3
2013-09-21 11:00:00Z;10.05689;0;3
2013-09-22 11:00:00Z;9.035769;0;3
2013-09-23 11:00:00Z;8.800366;0;3
2013-09-24 11:00:00Z;7.531945;0;3
2013-09-25 11:00:00Z;6.212922;0;3
2013-09-26 11:00:00Z;5.365246;0;3
2013-09-27 11:00:00Z;4.593122;0;3
2013-09-28 11:00:00Z;4.089616;0;3
2013-09-29 11:00:00Z;3.630058;0;3
2013-09-30 11:00:00Z;3.181923;0;3
2013-10-01 11:00:00Z;2.846914;0;3
2013-10-02 11:00:00Z;2.584209;0;3
2013-10-03 11:00:00Z;2.355817;0;3
2013-10-04 11:00:00Z;2.423987;0;3
2013-10-05 11:00:00Z;3.518312;0;3
2013-10-06 11:00:00Z;5.023292;0;3
2013-10-07 11:00:00Z;5.44506;0;3
2013-10-08 11:00:00Z;5.489671;0;3
2013-10-09 11:00:00Z;7.288717;0;3
2013-10-10 11:00:00Z;7.929871;0;3
2013-10-11 11:00:00Z;6.674962;0;3
2013-10-12 11:00:00Z;5.401375;0;3
2013-10-13 11:00:00Z;4.489089;0;3
2013-10-14 11:00:00Z;3.835906;0;3
2013-10-15 11:00:00Z;3.349684;0;3
2013-10-16 11:00:00Z;3.011929;0;3
2013-10-17 11:00:00Z;2.772524;0;3
2013-10-18 11:00:00Z;2.528115;0;3
2013-10-19 11:00:00Z;2.349463;0;3
2013-10-20 11:00:00Z;2.628545;0;3
2013-10-21 11:00:00Z;2.988135;0;3
2013-10-22 11:00:00Z;7.754496;0;3
2013-10-23 11:00:00Z;57.67152;0;3
2013-10-24 11:00:00Z;67.39294;0;3
2013-10-25 11:00:00Z;40.60513;0;3
2013-10-26 11:00:00Z;40.5175;0;3
2013-10-27 11:00:00Z;45.37275;0;3
2013-10-28 11:00:00Z;54.20366;0;3
2013-10-29 11:00:00Z;39.68043;0;3
2013-10-30 11:00:00Z;25.30318;0;3
2013-10-31 11:00:00Z;20.70045;0;3
2013-11-01 11:00:00Z;22.61778;0;3
2013-11-02 11:00:00Z;23.82342;0;3
2013-11-03 11:00:00Z;47.93396;0;3
2013-11-04 11:00:00Z;57.33364;0;3
2013-11-05 11:00:00Z;37.27855;0;3
2013-11-06 11:00:00Z;19.33444;0;3
2013-11-07 11:00:00Z;15.31403;0;3
2013-11-08 11:00:00Z;26.67848;0;3
2013-11-09 11:00:00Z;36.75655;0;3
2013-11-10 11:00:00Z;31.24796;0;3
2013-11-11 11:00:00Z;23.35944;0;3
2013-11-12 11:00:00Z;22.91077;0;3
2013-11-13 11:00:00Z;23.52179;0;3
2013-11-14 11:00:00Z;24.96731;0;3
2013-11-15 11:00:00Z;26.51189;0;3
2013-11-16 11:00:00Z;19.22608;0;3
2013-11-17 11:00:00Z;13.88752;0;3
2013-11-18 11:00:00Z;13.36274;0;3
2013-11-19 11:00:00Z;19.11305;0;3
2013-11-20 11:00:00Z;16.1253;0;3
2013-11-21 11:00:00Z;11.33668;0;3
2013-11-22 11:00:00Z;8.327879;0;3
2013-11-23 11:00:00Z;6.606803;0;3
2013-11-24 11:00:00Z;5.534964;0;3
2013-11-25 11:00:00Z;4.640544;0;3
2013-11-26 11:00:00Z;4.22998;0;3
2013-11-27 11:00:00Z;3.896172;0;3
2013-11-28 11:00:00Z;3.709543;0;3
2013-11-29 11:00:00Z;3.732805;0;3
2013-11-30 11:00:00Z;3.598816;0;3
2013-12-01 11:00:00Z;3.732316;0;3
2013-12-02 11:00:00Z;3.732002;0;3
2013-12-03 11:00:00Z;3.772023;0;3
2013-12-04 11:00:00Z;3.973446;0;3
2013-12-05 11:00:00Z;16.40882;0;3
2013-12-06 11:00:00Z;26.755;0;3
2013-12-07 11:00:00Z;15.18019;0;3
2013-12-08 11:00:00Z;14.4428;0;3
2013-12-09 11:00:00Z;17.83817;0;3
2013-12-10 11:00:00Z;16.61129;0;3
2013-12-11 11:00:00Z;16.53709;0;3
2013-12-12 11:00:00Z;18.11858;0;3
2013-12-13 11:00:00Z;20.02699;0;3
2013-12-14 11:00:00Z;23.00799;0;3
2013-12-15 11:00:00Z;36.24064;0;3
2013-12-16 11:00:00Z;67.24574;0;3
2013-12-17 11:00:00Z;69.63286;0;3
2013-12-18 11:00:00Z;35.05124;0;3
2013-12-19 11:00:00Z;26.76226;0;3
2013-12-20 11:00:00Z;32.39093;0;3
2013-12-21 11:00:00Z;60.68492;0;3
2013-12-22 11:00:00Z;89.13617;0;3
2013-12-23 11:00:00Z;65.44632;0;3
2013-12-24 11:00:00Z;131.1336;0;3
2013-12-25 11:00:00Z;95.49287;0;3
2013-12-26 11:00:00Z;50.0264;0;3
2013-12-27 11:00:00Z;42.48426;0;3
2013-12-28 11:00:00Z;68.9106;0;3
2013-12-29 11:00:00Z;67.90536;0;3
2013-12-30 11:00:00Z;45.31599;0;3
2013-12-31 11:00:00Z;109.9325;0;3
2014-01-01 11:00:00Z;87.1399;0;3
2014-01-02 11:00:00Z;74.79236;0;3
2014-01-03 11:00:00Z;79.63363;0;3
2014-01-04 11:00:00Z;87.71803;0;3
2014-01-05 11:00:00Z;80.38813;0;3
2014-01-06 11:00:00Z;72.40766;0;3
2014-01-07 11:00:00Z;57.79622;0;3
2014-01-08 11:00:00Z;62.7469;0;3
2014-01-09 11:00:00Z;59.88034;0;3
2014-01-10 11:00:00Z;36.59822;0;3
2014-01-11 11:00:00Z;22.41134;0;3
2014-01-12 11:00:00Z;16.16972;0;3
2014-01-13 11:00:00Z;11.79904;0;3
2014-01-14 11:00:00Z;9.040143;0;3
2014-01-15 11:00:00Z;7.378794;0;3
2014-01-16 11:00:00Z;6.564518;0;3
2014-01-17 11:00:00Z;5.866001;0;3
2014-01-18 11:00:00Z;4.711739;0;3
2014-01-19 11:00:00Z;2.736495;0;3
2014-01-20 11:00:00Z;2.917708;0;3
2014-01-21 11:00:00Z;3.75264;0;3
2014-01-22 11:00:00Z;4.15849;0;3
2014-01-23 11:00:00Z;3.673695;0;3
2014-01-24 11:00:00Z;3.195511;0;3
2014-01-25 11:00:00Z;2.886545;0;3
2014-01-26 11:00:00Z;2.649226;0;3
2014-01-27 11:00:00Z;2.538418;0;3
2014-01-28 11:00:00Z;2.466056;0;3
2014-01-29 11:00:00Z;2.473703;0;3
2014-01-30 11:00:00Z;2.33766;0;3
2014-01-31 11:00:00Z;2.265321;0;3
2014-02-01 11:00:00Z;2.232578;0;3
2014-02-02 11:00:00Z;3.824836;0;3
2014-02-03 11:00:00Z;6.91582;0;3
2014-02-04 11:00:00Z;9.296037;0;3
2014-02-05 11:00:00Z;8.770143;0;3
2014-02-06 11:00:00Z;8.040405;0;3
2014-02-07 11:00:00Z;12.62722;0;3
2014-02-08 11:00:00Z;14.93077;0;3
2014-02-09 11:00:00Z;33.32234;0;3
2014-02-10 11:00:00Z;55.44196;0;3
2014-02-11 11:00:00Z;41.42202;0;3
2014-02-12 11:00:00Z;24.62288;0;3
2014-02-13 11:00:00Z;23.57841;0;3
2014-02-14 11:00:00Z;25.28772;0;3
2014-02-15 11:00:00Z;45.57628;0;3
2014-02-16 11:00:00Z;65.585;0;3
2014-02-17 11:00:00Z;46.1938;0;3
2014-02-18 11:00:00Z;28.896;0;3
2014-02-19 11:00:00Z;18.90815;0;3
2014-02-20 11:00:00Z;13.44524;0;3
2014-02-21 11:00:00Z;10.94211;0;3
2014-02-22 11:00:00Z;14.01387;0;3
2014-02-23 11:00:00Z;27.35378;0;3
2014-02-24 11:00:00Z;68.45023;0;3
2014-02-25 11:00:00Z;67.58614;0;3
2014-02-26 11:00:00Z;58.90182;0;3
2014-02-27 11:00:00Z;46.39669;0;3
2014-02-28 11:00:00Z;49.50618;0;3
2014-03-01 11:00:00Z;39.09052;0;3
2014-03-02 11:00:00Z;25.76976;0;3
2014-03-03 11:00:00Z;19.9734;0;3
2014-03-04 11:00:00Z;15.71585;0;3
2014-03-05 11:00:00Z;13.19374;0;3
2014-03-06 11:00:00Z;15.34635;0;3
2014-03-07 11:00:00Z;76.51359;0;3
2014-03-08 11:00:00Z;92.6123;0;3
2014-03-09 11:00:00Z;46.26203;0;3
2014-03-10 11:00:00Z;38.57928;0;3
2014-03-11 11:00:00Z;33.45054;0;3
2014-03-12 11:00:00Z;22.38278;0;3
2014-03-13 11:00:00Z;16.0596;0;3
2014-03-14 11:00:00Z;17.89135;0;3
2014-03-15 11:00:00Z;41.7508;0;3
2014-03-16 11:00:00Z;32.04269;0;3
2014-03-17 11:00:00Z;38.03078;0;3
2014-03-18 11:00:00Z;34.13906;0;3
2014-03-19 11:00:00Z;39.15942;0;3
2014-03-20 11:00:00Z;60.43261;0;3
2014-03-21 11:00:00Z;69.957;0;3
2014-03-22 11:00:00Z;49.11904;0;3
2014-03-23 11:00:00Z;36.46399;0;3
2014-03-24 11:00:00Z;26.60878;0;3
2014-03-25 11:00:00Z;18.37183;0;3
2014-03-26 11:00:00Z;13.65254;0;3
2014-03-27 11:00:00Z;10.55589;0;3
2014-03-28 11:00:00Z;8.830823;0;3
2014-03-29 11:00:00Z;8.553973;0;3
2014-03-30 11:00:00Z;9.652614;0;3
2014-03-31 11:00:00Z;9.72928;0;3
2014-04-01 11:00:00Z;9.205303;0;3
2014-04-02 11:00:00Z;8.707583;0;3
2014-04-03 11:00:00Z;7.768913;0;3
2014-04-04 11:00:00Z;6.888771;0;3
2014-04-05 11:00:00Z;6.421954;0;3
2014-04-06 11:00:00Z;6.451031;0;3
2014-04-07 11:00:00Z;9.562961;0;3
2014-04-08 11:00:00Z;25.73288;0;3
2014-04-09 11:00:00Z;36.79251;0;3
2014-04-10 11:00:00Z;22.75019;0;3
2014-04-11 11:00:00Z;15.81384;0;3
2014-04-12 11:00:00Z;14.64019;0;3
2014-04-13 11:00:00Z;28.57914;0;3
2014-04-14 11:00:00Z;31.52942;0;3
2014-04-15 11:00:00Z;20.03156;0;3
2014-04-16 11:00:00Z;13.13868;0;3
2014-04-17 11:00:00Z;12.69258;0;3
2014-04-18 11:00:00Z;18.65525;0;3
2014-04-19 11:00:00Z;15.63348;0;3
2014-04-20 11:00:00Z;11.49045;0;3
2014-04-21 11:00:00Z;9.45293;0;3
2014-04-22 11:00:00Z;9.00308;0;3
2014-04-23 11:00:00Z;9.943829;0;3
2014-04-24 11:00:00Z;10.15631;0;3
2014-04-25 11:00:00Z;8.44523;0;3
2014-04-26 11:00:00Z;6.217005;0;3
2014-04-27 11:00:00Z;5.183423;0;3
2014-04-28 11:00:00Z;4.971473;0;3
2014-04-29 11:00:00Z;4.824955;0;3
2014-04-30 11:00:00Z;4.530221;0;3
2014-05-01 11:00:00Z;4.255439;0;3
2014-05-02 11:00:00Z;3.793849;0;3
2014-05-03 11:00:00Z;3.287178;0;3
2014-05-04 11:00:00Z;2.799046;0;3
2014-05-05 11:00:00Z;2.566419;0;3
2014-05-06 11:00:00Z;2.651766;0;3
2014-05-07 11:00:00Z;3.136313;0;3
2014-05-08 11:00:00Z;6.258852;0;3
2014-05-09 11:00:00Z;8.863689;0;3
2014-05-10 11:00:00Z;7.456598;0;3
2014-05-11 11:00:00Z;5.932797;0;3
2014-05-12 11:00:00Z;4.777138;0;3
2014-05-13 11:00:00Z;4.470721;0;3
2014-05-14 11:00:00Z;4.516885;0;3
2014-05-15 11:00:00Z;4.602046;0;3
2014-05-16 11:00:00Z;4.176077;0;3
2014-05-17 11:00:00Z;3.706408;0;3
2014-05-18 11:00:00Z;3.41839;0;3
2014-05-19 11:00:00Z;3.270043;0;3
2014-05-20 11:00:00Z;3.047598;0;3
2014-05-21 11:00:00Z;2.842831;0;3
2014-05-22 11:00:00Z;2.934618;0;3
2014-05-23 11:00:00Z;3.238028;0;3
2014-05-24 11:00:00Z;4.019671;0;3
2014-05-25 11:00:00Z;3.852556;0;3
2014-05-26 11:00:00Z;3.369158;0;3
2014-05-27 11:00:00Z;2.898014;0;3
2014-05-28 11:00:00Z;2.475026;0;3
2014-05-29 11:00:00Z;2.143225;0;3
2014-05-30 11:00:00Z;1.907882;0;3
2014-05-31 11:00:00Z;1.730343;0;3
2014-06-01 11:00:00Z;1.578966;0;3
2014-06-02 11:00:00Z;1.449159;0;3
2014-06-03 11:00:00Z;1.351685;0;3
2014-06-04 11:00:00Z;1.262627;0;3
2014-06-05 11:00:00Z;1.249967;0;3
2014-06-06 11:00:00Z;1.246289;0;3
2014-06-07 11:00:00Z;1.237621;0;3
2014-06-08 11:00:00Z;1.185329;0;3
2014-06-09 11:00:00Z;1.175819;0;3
2014-06-10 11:00:00Z;1.140895;0;3
2014-06-11 11:00:00Z;1.107658;0;3
2014-06-12 11:00:00Z;1.07946;0;3
2014-06-13 11:00:00Z;1.062375;0;3
2014-06-14 11:00:00Z;0.9880384;0;3
2014-06-15 11:00:00Z;0.9310982;0;3
2014-06-16 11:00:00Z;0.9006212;0;3
2014-06-17 11:00:00Z;0.8464085;0;3
2014-06-18 11:00:00Z;0.8135323;0;3
2014-06-19 11:00:00Z;0.763513;0;3
2014-06-20 11:00:00Z;0.7212682;0;3
2014-06-21 11:00:00Z;0.6721472;0;3
2014-06-22 11:00:00Z;0.6354961;0;3
2014-06-23 11:00:00Z;0.5935493;0;3
2014-06-24 11:00:00Z;0.5827135;0;3
2014-06-25 11:00:00Z;0.5529443;0;3
2014-06-26 11:00:00Z;0.5245232;0;3
2014-06-27 11:00:00Z;0.5097939;0;3
2014-06-28 11:00:00Z;0.4945893;0;3
2014-06-29 11:00:00Z;0.5044083;0;3
2014-06-30 11:00:00Z;0.5805583;0;3
2014-07-01 11:00:00Z;0.5771704;0;3
2014-07-02 11:00:00Z;0.5426151;0;3
2014-07-03 11:00:00Z;0.5540516;0;3
2014-07-04 11:00:00Z;0.5286587;0;3
2014-07-05 11:00:00Z;0.5450596;0;3
2014-07-06 11:00:00Z;0.6199108;0;3
2014-07-07 11:00:00Z;0.7299642;0;3
2014-07-08 11:00:00Z;0.7151775;0;3
2014-07-09 11:00:00Z;1.194793;0;3
2014-07-10 11:00:00Z;2.657698;0;3
2014-07-11 11:00:00Z;2.973075;0;3
2014-07-12 11:00:00Z;2.457966;0;3
2014-07-13 11:00:00Z;1.982146;0;3
2014-07-14 11:00:00Z;1.731385;0;3
2014-07-15 11:00:00Z;3.636246;0;3
2014-07-16 11:00:00Z;4.738461;0;3
2014-07-17 11:00:00Z;4.139178;0;3
2014-07-18 11:00:00Z;3.518013;0;3
2014-07-19 11:00:00Z;2.993223;0;3
2014-07-20 11:00:00Z;2.503762;0;3
2014-07-21 11:00:00Z;2.076003;0;3
2014-07-22 11:00:00Z;1.770546;0;3
2014-07-23 11:00:00Z;1.561007;0;3
2014-07-24 11:00:00Z;1.38398;0;3
2014-07-25 11:00:00Z;1.28265;0;3
2014-07-26 11:00:00Z;1.212204;0;3
2014-07-27 11:00:00Z;1.29663;0;3
2014-07-28 11:00:00Z;1.565247;0;3
2014-07-29 11:00:00Z;1.451697;0;3
2014-07-30 11:00:00Z;1.296014;0;3
2014-07-31 11:00:00Z;1.196818;0;3
2014-08-01 11:00:00Z;1.172681;0;3
2014-08-02 11:00:00Z;1.259791;0;3
2014-08-03 11:00:00Z;6.609988;0;3
2014-08-04 11:00:00Z;18.23854;0;3
2014-08-05 11:00:00Z;14.03238;0;3
2014-08-06 11:00:00Z;8.264685;0;3
2014-08-07 11:00:00Z;5.631563;0;3
2014-08-08 11:00:00Z;4.662532;0;3
2014-08-09 11:00:00Z;6.258981;0;3
2014-08-10 11:00:00Z;22.2211;0;3
2014-08-11 11:00:00Z;55.61428;0;3
2014-08-12 11:00:00Z;70.32753;0;3
2014-08-13 11:00:00Z;56.00817;0;3
2014-08-14 11:00:00Z;52.21853;0;3
2014-08-15 11:00:00Z;35.99858;0;3
2014-08-16 11:00:00Z;20.64151;0;3
2014-08-17 11:00:00Z;15.2176;0;3
2014-08-18 11:00:00Z;13.04675;0;3
2014-08-19 11:00:00Z;9.964059;0;3
2014-08-20 11:00:00Z;7.732944;0;3
2014-08-21 11:00:00Z;6.214765;0;3
2014-08-22 11:00:00Z;5.446074;0;3
2014-08-23 11:00:00Z;5.55539;0;3
2014-08-24 11:00:00Z;5.649988;0;3
2014-08-25 11:00:00Z;5.11075;0;3
2014-08-26 11:00:00Z;4.516341;0;3
2014-08-27 11:00:00Z;3.911492;0;3
2014-08-28 11:00:00Z;3.419758;0;3
2014-08-29 11:00:00Z;3.069073;0;3
2014-08-30 11:00:00Z;3.541832;0;3
2014-08-31 11:00:00Z;7.060547;0;3
2014-09-01 11:00:00Z;10.85015;0;3
2014-09-02 11:00:00Z;9.185148;0;3
2014-09-03 11:00:00Z;6.994222;0;3
2014-09-04 11:00:00Z;5.533372;0;3
2014-09-05 11:00:00Z;4.509368;0;3
2014-09-06 11:00:00Z;3.941797;0;3
2014-09-07 11:00:00Z;26.66801;0;3
2014-09-08 11:00:00Z;28.66385;0;3
2014-09-09 11:00:00Z;19.07776;0;3
2014-09-10 11:00:00Z;12.01917;0;3
2014-09-11 11:00:00Z;8.362;0;3
2014-09-12 11:00:00Z;6.327248;0;3
2014-09-13 11:00:00Z;5.102259;0;3
2014-09-14 11:00:00Z;4.243866;0;3
2014-09-15 11:00:00Z;3.596465;0;3
2014-09-16 11:00:00Z;3.10148;0;3
2014-09-17 11:00:00Z;2.704255;0;3
2014-09-18 11:00:00Z;2.414133;0;3
2014-09-19 11:00:00Z;2.205032;0;3
2014-09-20 11:00:00Z;2.012358;0;3
2014-09-21 11:00:00Z;2.012804;0;3
2014-09-22 11:00:00Z;1.878992;0;3
2014-09-23 11:00:00Z;1.589496;0;3
2014-09-24 11:00:00Z;1.457569;0;3
2014-09-25 11:00:00Z;1.467268;0;3
2014-09-26 11:00:00Z;1.443604;0;3
2014-09-27 11:00:00Z;1.539293;0;3
2014-09-28 11:00:00Z;1.451308;0;3
2014-09-29 11:00:00Z;1.567812;0;3
2014-09-30 11:00:00Z;1.603517;0;3
2014-10-01 11:00:00Z;1.518154;0;3
2014-10-02 11:00:00Z;1.740782;0;3
2014-10-03 11:00:00Z;1.827173;0;3
2014-10-04 11:00:00Z;2.014271;0;3
2014-10-05 11:00:00Z;2.614866;0;3
2014-10-06 11:00:00Z;5.377154;0;3
2014-10-07 11:00:00Z;8.301121;0;3
2014-10-08 11:00:00Z;52.08009;0;3
2014-10-09 11:00:00Z;64.07899;0;3
2014-10-10 11:00:00Z;66.85221;0;3
2014-10-11 11:00:00Z;47.20213;0;3
2014-10-12 11:00:00Z;41.15255;0;3
2014-10-13 11:00:00Z;26.12419;0;3
2014-10-14 11:00:00Z;16.02051;0;3
2014-10-15 11:00:00Z;10.8352;0;3
2014-10-16 11:00:00Z;8.07505;0;3
2014-10-17 11:00:00Z;6.40853;0;3
2014-10-18 11:00:00Z;8.048325;0;3
2014-10-19 11:00:00Z;25.59619;0;3
2014-10-20 11:00:00Z;36.83362;0;3
2014-10-21 11:00:00Z;30.27166;0;3
2014-10-22 11:00:00Z;34.85734;0;3
2014-10-23 11:00:00Z;27.34282;0;3
2014-10-24 11:00:00Z;36.85508;0;3
2014-10-25 11:00:00Z;39.80028;0;3
2014-10-26 11:00:00Z;28.18976;0;3
2014-10-27 11:00:00Z;65.01926;0;3
2014-10-28 11:00:00Z;69.8347;0;3
2014-10-29 11:00:00Z;86.51442;0;3
2014-10-30 11:00:00Z;41.36227;0;3
2014-10-31 11:00:00Z;25.79075;0;3
2014-11-01 11:00:00Z;21.87042;0;3
2014-11-02 11:00:00Z;36.39437;0;3
2014-11-03 11:00:00Z;63.4057;0;3
2014-11-04 11:00:00Z;44.03209;0;3
2014-11-05 11:00:00Z;31.74827;0;3
2014-11-06 11:00:00Z;20.55627;0;3
2014-11-07 11:00:00Z;13.31472;0;3
2014-11-08 11:00:00Z;14.97371;0;3
2014-11-09 11:00:00Z;23.32684;0;3
2014-11-10 11:00:00Z;24.75699;0;3
2014-11-11 11:00:00Z;20.2825;0;3
2014-11-12 11:00:00Z;13.84579;0;3
2014-11-13 11:00:00Z;10.44684;0;3
2014-11-14 11:00:00Z;8.951103;0;3
2014-11-15 11:00:00Z;8.580453;0;3
2014-11-16 11:00:00Z;8.904788;0;3
2014-11-17 11:00:00Z;7.882502;0;3
2014-11-18 11:00:00Z;6.696183;0;3
2014-11-19 11:00:00Z;5.786068;0;3
2014-11-20 11:00:00Z;4.97235;0;3
2014-11-21 11:00:00Z;4.172057;0;3
2014-11-22 11:00:00Z;3.687476;0;3
2014-11-23 11:00:00Z;4.664049;0;3
2014-11-24 11:00:00Z;15.43615;0;3
2014-11-25 11:00:00Z;14.71503;0;3
2014-11-26 11:00:00Z;10.20062;0;3
2014-11-27 11:00:00Z;7.384918;0;3
2014-11-28 11:00:00Z;6.211519;0;3
2014-11-29 11:00:00Z;5.26176;0;3
2014-11-30 11:00:00Z;4.564432;0;3
2014-12-01 11:00:00Z;4.029983;0;3
2014-12-02 11:00:00Z;3.585614;0;3
2014-12-03 11:00:00Z;3.25396;0;3
2014-12-04 11:00:00Z;2.968024;0;3
2014-12-05 11:00:00Z;2.747239;0;3
2014-12-06 11:00:00Z;2.894379;0;3
2014-12-07 11:00:00Z;11.36576;0;3
2014-12-08 11:00:00Z;25.32093;0;3
2014-12-09 11:00:00Z;17.23229;0;3
2014-12-10 11:00:00Z;46.23619;0;3
2014-12-11 11:00:00Z;39.54016;0;3
2014-12-12 11:00:00Z;24.54399;0;3
2014-12-13 11:00:00Z;15.93891;0;3
2014-12-14 11:00:00Z;17.12333;0;3
2014-12-15 11:00:00Z;60.45044;0;3
2014-12-16 11:00:00Z;36.73028;0;3
2014-12-17 11:00:00Z;20.56881;0;3
2014-12-18 11:00:00Z;15.67555;0;3
2014-12-19 11:00:00Z;24.94463;0;3
2014-12-20 11:00:00Z;24.36547;0;3
2014-12-21 11:00:00Z;19.03178;0;3
2014-12-22 11:00:00Z;50.25718;0;3
2014-12-23 11:00:00Z;46.30861;0;3
2014-12-24 11:00:00Z;30.80767;0;3
2014-12-25 11:00:00Z;18.41718;0;3
2014-12-26 11:00:00Z;12.11108;0;3
2014-12-27 11:00:00Z;9.266716;0;3
2014-12-28 11:00:00Z;6.903086;0;3
2014-12-29 11:00:00Z;6.002684;0;3
2014-12-30 11:00:00Z;5.128273;0;3
2014-12-31 11:00:00Z;4.870729;0;3
2015-01-01 11:00:00Z;12.6378;0;3
2015-01-02 11:00:00Z;109.7695;0;3
2015-01-03 11:00:00Z;57.84921;0;3
2015-01-04 11:00:00Z;26.11587;0;3
2015-01-05 11:00:00Z;15.41574;0;3
2015-01-06 11:00:00Z;12.22588;0;3
2015-01-07 11:00:00Z;27.01278;0;3
2015-01-08 11:00:00Z;53.06052;0;3
2015-01-09 11:00:00Z;43.76657;0;3
2015-01-10 11:00:00Z;42.4652;0;3
2015-01-11 11:00:00Z;38.05264;0;3
2015-01-12 11:00:00Z;55.85893;0;3
2015-01-13 11:00:00Z;59.57179;0;3
2015-01-14 11:00:00Z;32.33686;0;3
2015-01-15 11:00:00Z;31.43135;0;3
2015-01-16 11:00:00Z;41.30607;0;3
2015-01-17 11:00:00Z;34.50265;0;3
2015-01-18 11:00:00Z;20.1586;0;3
2015-01-19 11:00:00Z;12.94662;0;3
2015-01-20 11:00:00Z;9.886324;0;3
2015-01-21 11:00:00Z;8.189486;0;3
2015-01-22 11:00:00Z;6.310196;0;3
2015-01-23 11:00:00Z;5.573439;0;3
2015-01-24 11:00:00Z;6.718103;0;3
2015-01-25 11:00:00Z;5.624811;0;3
2015-01-26 11:00:00Z;6.289592;0;3
2015-01-27 11:00:00Z;7.256548;0;3
2015-01-28 11:00:00Z;16.73219;0;3
2015-01-29 11:00:00Z;27.32941;0;3
2015-01-30 11:00:00Z;18.30904;0;3
2015-01-31 11:00:00Z;12.10303;0;3
2015-02-01 11:00:00Z;8.234608;0;3
2015-02-02 11:00:00Z;6.816386;0;3
2015-02-03 11:00:00Z;5.715774;0;3
2015-02-04 11:00:00Z;4.902543;0;3
2015-02-05 11:00:00Z;4.499883;0;3
2015-02-06 11:00:00Z;3.901419;0;3
2015-02-07 11:00:00Z;3.633346;0;3
2015-02-08 11:00:00Z;3.522284;0;3
2015-02-09 11:00:00Z;3.586406;0;3
2015-02-10 11:00:00Z;3.793941;0;3
2015-02-11 11:00:00Z;4.244132;0;3
2015-02-12 11:00:00Z;4.950744;0;3
2015-02-13 11:00:00Z;5.17944;0;3
2015-02-14 11:00:00Z;5.403568;0;3
2015-02-15 11:00:00Z;4.900541;0;3
2015-02-16 11:00:00Z;4.295;0;3
2015-02-17 11:00:00Z;4.169356;0;3
2015-02-18 11:00:00Z;7.255567;0;3
2015-02-19 11:00:00Z;33.56216;0;3
2015-02-20 11:00:00Z;67.62492;0;3
2015-02-21 11:00:00Z;36.82759;0;3
2015-02-22 11:00:00Z;20.44131;0;3
2015-02-23 11:00:00Z;18.23844;0;3
2015-02-24 11:00:00Z;16.43918;0;3
2015-02-25 11:00:00Z;20.40885;0;3
2015-02-26 11:00:00Z;18.71955;0;3
2015-02-27 11:00:00Z;18.56269;0;3
2015-02-28 11:00:00Z;14.47888;0;3
2015-03-01 11:00:00Z;49.28992;0;3
2015-03-02 11:00:00Z;51.53965;0;3
2015-03-03 11:00:00Z;28.30894;0;3
2015-03-04 11:00:00Z;17.53498;0;3
2015-03-05 11:00:00Z;11.92273;0;3
2015-03-06 11:00:00Z;10.97981;0;3
2015-03-07 11:00:00Z;20.48458;0;3
2015-03-08 11:00:00Z;55.89997;0;3
2015-03-09 11:00:00Z;50.11655;0;3
2015-03-10 11:00:00Z;40.01127;0;3
2015-03-11 11:00:00Z;40.59198;0;3
2015-03-12 11:00:00Z;24.71404;0;3
2015-03-13 11:00:00Z;16.18982;0;3
2015-03-14 11:00:00Z;11.8625;0;3
2015-03-15 11:00:00Z;9.385357;0;3
2015-03-16 11:00:00Z;7.960819;0;3
2015-03-17 11:00:00Z;7.363647;0;3
2015-03-18 11:00:00Z;8.329539;0;3
2015-03-19 11:00:00Z;9.904601;0;3
2015-03-20 11:00:00Z;9.957371;0;3
2015-03-21 11:00:00Z;10.33438;0;3
2015-03-22 11:00:00Z;10.00573;0;3
2015-03-23 11:00:00Z;10.0262;0;3
2015-03-24 11:00:00Z;10.97647;0;3
2015-03-25 11:00:00Z;9.8565;0;3
2015-03-26 11:00:00Z;8.252235;0;3
2015-03-27 11:00:00Z;6.728804;0;3
2015-03-28 11:00:00Z;5.989445;0;3
2015-03-29 11:00:00Z;6.843687;0;3
2015-03-30 11:00:00Z;7.326171;0;3
2015-03-31 11:00:00Z;7.036119;0;3
2015-04-01 11:00:00Z;6.377903;0;3
2015-04-02 11:00:00Z;5.541006;0;3
2015-04-03 11:00:00Z;4.807962;0;3
2015-04-04 11:00:00Z;4.320568;1;3
2015-04-05 11:00:00Z;4.042651;1;3
2015-04-06 11:00:00Z;3.816831;0;3
2015-04-07 11:00:00Z;4.151702;0;3
2015-04-08 11:00:00Z;8.164737;0;3
2015-04-09 11:00:00Z;12.98013;0;3
2015-04-10 11:00:00Z;12.51441;0;3
2015-04-11 11:00:00Z;13.22524;0;3
2015-04-12 11:00:00Z;22.56712;0;3
2015-04-13 11:00:00Z;23.00882;0;3
2015-04-14 11:00:00Z;15.7847;0;3
2015-04-15 11:00:00Z;15.53412;0;3
2015-04-16 11:00:00Z;17.82854;0;3
2015-04-17 11:00:00Z;14.34669;0;3
2015-04-18 11:00:00Z;11.13882;0;3
2015-04-19 11:00:00Z;9.681651;0;3
2015-04-20 11:00:00Z;9.628881;0;3
2015-04-21 11:00:00Z;11.01348;0;3
2015-04-22 11:00:00Z;12.45361;0;3
2015-04-23 11:00:00Z;12.36576;0;3
2015-04-24 11:00:00Z;14.06117;0;3
2015-04-25 11:00:00Z;12.85469;0;3
2015-04-26 11:00:00Z;18.58899;0;3
2015-04-27 11:00:00Z;15.76598;0;3
2015-04-28 11:00:00Z;10.86003;0;3
2015-04-29 11:00:00Z;8.984867;0;3
2015-04-30 11:00:00Z;10.4155;0;3
2015-05-01 11:00:00Z;10.64599;0;3
2015-05-02 11:00:00Z;9.133136;0;3
2015-05-03 11:00:00Z;7.708664;0;3
2015-05-04 11:00:00Z;7.315195;0;3
2015-05-05 11:00:00Z;9.209159;0;3
2015-05-06 11:00:00Z;25.73796;0;3
2015-05-07 11:00:00Z;30.09531;0;3
2015-05-08 11:00:00Z;25.55999;0;3
2015-05-09 11:00:00Z;17.02498;0;3
2015-05-10 11:00:00Z;13.65141;0;3
2015-05-11 11:00:00Z;12.07613;0;3
2015-05-12 11:00:00Z;19.11236;0;3
2015-05-13 11:00:00Z;20.2368;0;3
2015-05-14 11:00:00Z;16.70279;0;3
2015-05-15 11:00:00Z;12.11374;0;3
2015-05-16 11:00:00Z;8.87482;0;3
2015-05-17 11:00:00Z;7.398178;0;3
2015-05-18 11:00:00Z;6.873222;0;3
2015-05-19 11:00:00Z;19.07025;0;3
2015-05-20 11:00:00Z;22.87173;0;3
2015-05-21 11:00:00Z;15.8299;0;3
2015-05-22 11:00:00Z;11.18256;0;3
2015-05-23 11:00:00Z;10.24198;0;3
2015-05-24 11:00:00Z;9.865812;0;3
2015-05-25 11:00:00Z;10.01331;0;3
2015-05-26 11:00:00Z;9.595305;0;3
2015-05-27 11:00:00Z;7.628157;0;3
2015-05-28 11:00:00Z;7.650373;0;3
2015-05-29 11:00:00Z;13.10811;0;3
2015-05-30 11:00:00Z;16.7559;0;3
2015-05-31 11:00:00Z;13.66447;0;3
2015-06-01 11:00:00Z;12.11131;0;3
2015-06-02 11:00:00Z;34.41555;0;3
2015-06-03 11:00:00Z;48.20166;0;3
2015-06-04 11:00:00Z;31.3151;0;3
2015-06-05 11:00:00Z;17.13139;0;3
2015-06-06 11:00:00Z;13.77231;0;3
2015-06-07 11:00:00Z;15.89012;0;3
2015-06-08 11:00:00Z;15.56005;0;3
2015-06-09 11:00:00Z;10.78777;0;3
2015-06-10 11:00:00Z;7.588323;0;3
2015-06-11 11:00:00Z;5.674474;0;3
2015-06-12 11:00:00Z;4.481246;0;3
2015-06-13 11:00:00Z;3.786082;0;3
2015-06-14 11:00:00Z;3.334608;0;3
2015-06-15 11:00:00Z;2.87504;0;3
2015-06-16 11:00:00Z;2.457559;0;3
2015-06-17 11:00:00Z;2.438229;0;3
2015-06-18 11:00:00Z;2.405659;0;3
2015-06-19 11:00:00Z;2.35367;0;3
2015-06-20 11:00:00Z;2.473278;0;3
2015-06-21 11:00:00Z;2.219444;0;3
2015-06-22 11:00:00Z;2.066757;0;3
2015-06-23 11:00:00Z;1.917363;0;3
2015-06-24 11:00:00Z;1.769635;0;3
2015-06-25 11:00:00Z;1.582536;0;3
2015-06-26 11:00:00Z;1.427897;0;3
2015-06-27 11:00:00Z;1.36904;0;3
2015-06-28 11:00:00Z;1.307715;0;3
2015-06-29 11:00:00Z;1.300381;0;3
2015-06-30 11:00:00Z;1.226868;0;3
2015-07-01 11:00:00Z;1.124926;0;3
2015-07-02 11:00:00Z;1.153853;0;3
2015-07-03 11:00:00Z;1.152287;0;3
2015-07-04 11:00:00Z;1.098264;0;3
2015-07-05 11:00:00Z;1.028887;0;3
2015-07-06 11:00:00Z;1.139389;0;3
2015-07-07 11:00:00Z;1.084087;0;3
2015-07-08 11:00:00Z;4.542964;0;3
2015-07-09 11:00:00Z;5.791738;0;3
2015-07-10 11:00:00Z;5.648871;0;3
2015-07-11 11:00:00Z;4.44196;0;3
2015-07-12 11:00:00Z;3.428982;0;3
2015-07-13 11:00:00Z;3.064199;0;3
2015-07-14 11:00:00Z;2.780836;0;3
2015-07-15 11:00:00Z;2.408764;0;3
2015-07-16 11:00:00Z;2.097149;0;3
2015-07-17 11:00:00Z;1.752443;0;3
2015-07-18 11:00:00Z;1.817541;0;3
2015-07-19 11:00:00Z;2.075689;0;3
2015-07-20 11:00:00Z;2.704912;0;3
2015-07-21 11:00:00Z;3.325409;0;3
2015-07-22 11:00:00Z;3.273961;0;3
2015-07-23 11:00:00Z;2.959789;0;3
2015-07-24 11:00:00Z;2.847546;0;3
2015-07-25 11:00:00Z;2.587349;0;3
2015-07-26 11:00:00Z;2.475099;0;3
2015-07-27 11:00:00Z;2.339305;0;3
2015-07-28 11:00:00Z;2.248696;0;3
2015-07-29 11:00:00Z;2.625512;0;3
2015-07-30 11:00:00Z;3.641478;0;3
2015-07-31 11:00:00Z;4.040848;0;3
2015-08-01 11:00:00Z;3.652787;0;3
2015-08-02 11:00:00Z;5.773432;0;3
2015-08-03 11:00:00Z;7.396389;0;3
2015-08-04 11:00:00Z;6.713114;0;3
2015-08-05 11:00:00Z;12.6434;0;3
2015-08-06 11:00:00Z;15.46459;0;3
2015-08-07 11:00:00Z;11.0516;0;3
2015-08-08 11:00:00Z;7.994601;0;3
2015-08-09 11:00:00Z;5.832703;0;3
2015-08-10 11:00:00Z;4.421526;0;3
2015-08-11 11:00:00Z;4.094686;0;3
2015-08-12 11:00:00Z;4.18545;0;3
2015-08-13 11:00:00Z;4.109701;0;3
2015-08-14 11:00:00Z;3.687286;0;3
2015-08-15 11:00:00Z;6.327515;0;3
2015-08-16 11:00:00Z;22.26136;0;3
2015-08-17 11:00:00Z;27.51785;0;3
2015-08-18 11:00:00Z;18.59454;0;3
2015-08-19 11:00:00Z;11.18818;0;3
2015-08-20 11:00:00Z;7.405732;0;3
2015-08-21 11:00:00Z;5.482914;0;3
2015-08-22 11:00:00Z;4.374421;0;3
2015-08-23 11:00:00Z;3.578301;0;3
2015-08-24 11:00:00Z;3.059799;0;3
2015-08-25 11:00:00Z;2.739742;0;3
2015-08-26 11:00:00Z;8.330246;0;3
2015-08-27 11:00:00Z;51.42466;0;3
2015-08-28 11:00:00Z;54.77937;0;3
2015-08-29 11:00:00Z;34.4254;0;3
2015-08-30 11:00:00Z;22.08664;0;3
2015-08-31 11:00:00Z;14.8541;0;3
2015-09-01 11:00:00Z;10.54629;0;3
2015-09-02 11:00:00Z;22.88107;0;3
2015-09-03 11:00:00Z;38.02975;0;3
2015-09-04 11:00:00Z;39.0391;0;3
2015-09-05 11:00:00Z;24.34176;0;3
2015-09-06 11:00:00Z;15.80796;0;3
2015-09-07 11:00:00Z;10.47909;0;3
2015-09-08 11:00:00Z;7.48545;0;3
2015-09-09 11:00:00Z;5.873055;0;3
2015-09-10 11:00:00Z;4.763573;0;3
2015-09-11 11:00:00Z;4.029154;0;3
2015-09-12 11:00:00Z;3.527215;0;3
2015-09-13 11:00:00Z;5.333316;0;3
2015-09-14 11:00:00Z;18.95507;0;3
2015-09-15 11:00:00Z;88.31084;0;3
2015-09-16 11:00:00Z;58.2006;0;3
2015-09-17 11:00:00Z;40.15399;0;3
2015-09-18 11:00:00Z;34.15843;0;3
2015-09-19 11:00:00Z;20.52089;0;3
2015-09-20 11:00:00Z;13.28924;0;3
2015-09-21 11:00:00Z;9.355048;0;3
2015-09-22 11:00:00Z;9.449202;0;3
2015-09-23 11:00:00Z;12.90986;0;3
2015-09-24 11:00:00Z;12.72417;0;3
2015-09-25 11:00:00Z;26.49534;0;3
2015-09-26 11:00:00Z;29.24478;0;3
2015-09-27 11:00:00Z;18.54387;0;3
2015-09-28 11:00:00Z;11.98665;0;3
2015-09-29 11:00:00Z;8.651485;0;3
2015-09-30 11:00:00Z;6.490967;0;3
2015-10-01 11:00:00Z;5.115582;0;3
2015-10-02 11:00:00Z;4.311749;0;3
2015-10-03 11:00:00Z;3.697539;0;3
2015-10-04 11:00:00Z;3.362992;0;3
2015-10-05 11:00:00Z;2.989708;0;3
2015-10-06 11:00:00Z;2.667003;0;3
2015-10-07 11:00:00Z;2.660522;0;3
2015-10-08 11:00:00Z;2.59488;0;3
2015-10-09 11:00:00Z;2.801667;0;3
2015-10-10 11:00:00Z;3.13838;0;3
2015-10-11 11:00:00Z;3.078165;0;3
2015-10-12 11:00:00Z;2.858801;0;3
2015-10-13 11:00:00Z;2.887253;0;3
2015-10-14 11:00:00Z;2.737527;0;3
2015-10-15 11:00:00Z;2.544685;0;3
2015-10-16 11:00:00Z;2.377364;0;3
2015-10-17 11:00:00Z;2.228452;0;3
2015-10-18 11:00:00Z;2.064331;0;3
2015-10-19 11:00:00Z;1.935807;0;3
2015-10-20 11:00:00Z;1.720759;0;3
2015-10-21 11:00:00Z;1.710604;0;3
2015-10-22 11:00:00Z;2.065948;0;3
2015-10-23 11:00:00Z;3.255669;0;3
2015-10-24 11:00:00Z;4.128836;0;3
2015-10-25 11:00:00Z;8.348308;0;3
2015-10-26 11:00:00Z;10.96318;0;3
2015-10-27 11:00:00Z;9.068443;0;3
2015-10-28 11:00:00Z;6.717962;0;3
2015-10-29 11:00:00Z;5.325962;0;3
2015-10-30 11:00:00Z;4.390127;0;3
2015-10-31 11:00:00Z;3.895445;0;3
2015-11-01 11:00:00Z;3.78309;0;3
2015-11-02 11:00:00Z;3.706416;0;3
2015-11-03 11:00:00Z;3.39256;0;3
2015-11-04 11:00:00Z;3.369863;0;3
2015-11-05 11:00:00Z;3.096345;0;3
2015-11-06 11:00:00Z;2.937494;0;3
2015-11-07 11:00:00Z;6.592222;0;3
2015-11-08 11:00:00Z;24.43216;0;3
2015-11-09 11:00:00Z;52.04421;0;3
2015-11-10 11:00:00Z;52.59383;0;3
2015-11-11 11:00:00Z;28.26543;0;3
2015-11-12 11:00:00Z;18.41504;0;3
2015-11-13 11:00:00Z;30.62479;0;3
2015-11-14 11:00:00Z;40.13377;0;3
2015-11-15 11:00:00Z;34.30301;0;3
2015-11-16 11:00:00Z;31.20455;0;3
2015-11-17 11:00:00Z;37.84704;0;3
2015-11-18 11:00:00Z;38.27691;0;3
2015-11-19 11:00:00Z;45.92099;0;3
2015-11-20 11:00:00Z;32.04301;0;3
2015-11-21 11:00:00Z;19.2649;0;3
2015-11-22 11:00:00Z;12.7321;0;3
2015-11-23 11:00:00Z;8.782331;0;3
2015-11-24 11:00:00Z;8.233766;0;3
2015-11-25 11:00:00Z;10.44152;0;3
2015-11-26 11:00:00Z;9.672876;0;3
2015-11-27 11:00:00Z;11.49395;0;3
2015-11-28 11:00:00Z;27.1938;0;3
2015-11-29 11:00:00Z;43.13877;0;3
2015-11-30 11:00:00Z;31.81455;0;3
2015-12-01 11:00:00Z;20.50501;0;3
2015-12-02 11:00:00Z;17.1636;0;3
2015-12-03 11:00:00Z;30.88687;0;3
2015-12-04 11:00:00Z;86.65689;0;3
2015-12-05 11:00:00Z;191.8344;0;3
2015-12-06 11:00:00Z;263.2438;0;3
2015-12-07 11:00:00Z;93.74442;0;3
2015-12-08 11:00:00Z;41.09119;0;3
2015-12-09 11:00:00Z;46.60567;0;3
2015-12-10 11:00:00Z;72.1449;0;3
2015-12-11 11:00:00Z;59.09119;0;3
2015-12-12 11:00:00Z;30.91684;0;3
2015-12-13 11:00:00Z;18.66551;0;3
2015-12-14 11:00:00Z;12.38304;0;3
2015-12-15 11:00:00Z;9.51479;0;3
2015-12-16 11:00:00Z;7.426089;0;3
2015-12-17 11:00:00Z;7.411668;0;3
2015-12-18 11:00:00Z;13.68859;0;3
2015-12-19 11:00:00Z;28.68945;0;3
2015-12-20 11:00:00Z;67.10809;0;3
2015-12-21 11:00:00Z;51.09298;0;3
2015-12-22 11:00:00Z;54.38871;0;3
2015-12-23 11:00:00Z;62.9551;0;3
2015-12-24 11:00:00Z;47.74792;0;3
2015-12-25 11:00:00Z;73.85923;0;3
2015-12-26 11:00:00Z;50.72813;0;3
2015-12-27 11:00:00Z;26.18912;0;3
2015-12-28 11:00:00Z;16.37249;0;3
2015-12-29 11:00:00Z;11.76861;0;3
2015-12-30 11:00:00Z;12.66935;0;3
2015-12-31 11:00:00Z;19.21035;0;3
2016-01-01 11:00:00Z;29.94806;0;3
2016-01-02 11:00:00Z;27.61563;0;3
2016-01-03 11:00:00Z;17.20552;0;3
2016-01-04 11:00:00Z;11.07876;0;3
2016-01-05 11:00:00Z;8.879698;0;3
2016-01-06 11:00:00Z;7.214275;0;3
2016-01-07 11:00:00Z;5.268759;0;3
2016-01-08 11:00:00Z;4.668817;0;3
2016-01-09 11:00:00Z;4.321836;0;3
2016-01-10 11:00:00Z;3.484378;0;3
2016-01-11 11:00:00Z;3.763545;0;3
2016-01-12 11:00:00Z;3.707088;0;3
2016-01-13 11:00:00Z;3.479502;0;3
2016-01-14 11:00:00Z;3.156211;0;3
2016-01-15 11:00:00Z;3.272396;0;3
2016-01-16 11:00:00Z;3.320594;0;3
2016-01-17 11:00:00Z;3.687259;0;3
2016-01-18 11:00:00Z;5.019751;0;3
2016-01-19 11:00:00Z;6.633015;0;3
2016-01-20 11:00:00Z;8.896717;0;3
2016-01-21 11:00:00Z;10.19559;0;3
2016-01-22 11:00:00Z;9.123506;0;3
2016-01-23 11:00:00Z;6.547864;0;3
2016-01-24 11:00:00Z;5.239683;0;3
2016-01-25 11:00:00Z;3.996226;0;3
2016-01-26 11:00:00Z;13.02514;0;3
2016-01-27 11:00:00Z;77.55103;0;3
2016-01-28 11:00:00Z;67.26453;0;3
2016-01-29 11:00:00Z;68.06094;0;3
2016-01-30 11:00:00Z;70.45711;0;3
2016-01-31 11:00:00Z;34.45338;0;3
2016-02-01 11:00:00Z;19.83806;0;3
2016-02-02 11:00:00Z;53.72778;0;3
2016-02-03 11:00:00Z;63.82977;0;3
2016-02-04 11:00:00Z;29.0415;0;3
2016-02-05 11:00:00Z;15.69849;0;3
2016-02-06 11:00:00Z;20.44841;0;3
2016-02-07 11:00:00Z;83.18024;0;3
2016-02-08 11:00:00Z;92.31825;0;3
2016-02-09 11:00:00Z;69.22564;0;3
2016-02-10 11:00:00Z;39.02968;0;3
2016-02-11 11:00:00Z;21.82513;0;3
2016-02-12 11:00:00Z;13.34626;0;3
2016-02-13 11:00:00Z;8.896416;0;3
2016-02-14 11:00:00Z;6.851189;0;3
2016-02-15 11:00:00Z;5.714138;0;3
2016-02-16 11:00:00Z;4.358943;0;3
2016-02-17 11:00:00Z;3.435719;0;3
2016-02-18 11:00:00Z;3.09015;0;3
2016-02-19 11:00:00Z;2.96594;0;3
2016-02-20 11:00:00Z;4.894776;0;3
2016-02-21 11:00:00Z;5.171446;0;3
2016-02-22 11:00:00Z;4.860642;0;3
2016-02-23 11:00:00Z;4.473967;0;3
2016-02-24 11:00:00Z;3.719042;0;3
2016-02-25 11:00:00Z;3.322144;0;3
2016-02-26 11:00:00Z;3.031989;0;3
2016-02-27 11:00:00Z;2.799555;0;3
2016-02-28 11:00:00Z;2.6131;0;3
2016-02-29 11:00:00Z;2.332794;0;3
2016-03-01 11:00:00Z;1.936002;0;3
2016-03-02 11:00:00Z;2.247202;0;3
2016-03-03 11:00:00Z;2.711501;0;3
2016-03-04 11:00:00Z;2.736622;0;3
2016-03-05 11:00:00Z;2.620867;0;3
2016-03-06 11:00:00Z;2.353929;0;3
2016-03-07 11:00:00Z;2.447339;0;3
2016-03-08 11:00:00Z;2.394262;0;3
2016-03-09 11:00:00Z;2.368811;0;3
2016-03-10 11:00:00Z;2.306102;0;3
2016-03-11 11:00:00Z;2.179768;0;3
2016-03-12 11:00:00Z;2.011841;0;3
2016-03-13 11:00:00Z;2.036546;0;3
2016-03-14 11:00:00Z;2.27682;0;3
2016-03-15 11:00:00Z;3.470476;0;3
2016-03-16 11:00:00Z;6.087721;0;3
2016-03-17 11:00:00Z;9.609756;0;3
2016-03-18 11:00:00Z;12.2862;0;3
2016-03-19 11:00:00Z;12.5422;0;3
2016-03-20 11:00:00Z;10.23321;0;3
2016-03-21 11:00:00Z;9.066422;0;3
2016-03-22 11:00:00Z;8.920812;0;3
2016-03-23 11:00:00Z;8.994174;0;3
2016-03-24 11:00:00Z;8.017126;0;3
2016-03-25 11:00:00Z;9.022201;0;3
2016-03-26 11:00:00Z;10.69561;0;3
2016-03-27 11:00:00Z;41.26607;0;3
2016-03-28 11:00:00Z;71.68512;0;3
2016-03-29 11:00:00Z;114.5964;0;3
2016-03-30 11:00:00Z;62.42145;0;3
2016-03-31 11:00:00Z;30.52681;0;3
2016-04-01 11:00:00Z;17.89255;0;3
2016-04-02 11:00:00Z;17.14857;0;3
2016-04-03 11:00:00Z;22.52181;0;3
2016-04-04 11:00:00Z;20.7923;0;3
2016-04-05 11:00:00Z;23.5232;0;3
2016-04-06 11:00:00Z;23.77632;0;3
2016-04-07 11:00:00Z;21.78942;0;3
2016-04-08 11:00:00Z;18.43525;0;3
2016-04-09 11:00:00Z;13.71805;0;3
2016-04-10 11:00:00Z;10.30222;0;3
2016-04-11 11:00:00Z;8.231437;0;3
2016-04-12 11:00:00Z;7.10391;0;3
2016-04-13 11:00:00Z;6.775506;0;3
2016-04-14 11:00:00Z;6.517351;0;3
2016-04-15 11:00:00Z;6.21816;0;3
2016-04-16 11:00:00Z;6.249807;0;3
2016-04-17 11:00:00Z;6.276968;0;3
2016-04-18 11:00:00Z;6.306147;0;3
2016-04-19 11:00:00Z;10.4369;0;3
2016-04-20 11:00:00Z;11.05285;0;3
2016-04-21 11:00:00Z;8.796117;0;3
2016-04-22 11:00:00Z;7.040451;0;3
2016-04-23 11:00:00Z;6.038939;0;3
2016-04-24 11:00:00Z;5.167545;0;3
2016-04-25 11:00:00Z;4.351254;0;3
2016-04-26 11:00:00Z;3.876804;0;3
2016-04-27 11:00:00Z;3.358436;0;3
2016-04-28 11:00:00Z;3.160671;0;3
2016-04-29 11:00:00Z;3.090054;0;3
2016-04-30 11:00:00Z;4.983248;0;3
2016-05-01 11:00:00Z;7.808739;0;3
2016-05-02 11:00:00Z;8.645643;0;3
2016-05-03 11:00:00Z;22.36978;0;3
2016-05-04 11:00:00Z;25.82776;0;3
2016-05-05 11:00:00Z;15.11021;0;3
2016-05-06 11:00:00Z;9.841682;0;3
2016-05-07 11:00:00Z;7.407607;0;3
2016-05-08 11:00:00Z;6.1954;0;3
2016-05-09 11:00:00Z;6.00728;0;3
2016-05-10 11:00:00Z;5.62191;0;3
2016-05-11 11:00:00Z;4.783133;0;3
2016-05-12 11:00:00Z;4.035086;0;3
2016-05-13 11:00:00Z;3.655498;0;3
2016-05-14 11:00:00Z;3.306545;0;3
2016-05-15 11:00:00Z;2.832331;0;3
2016-05-16 11:00:00Z;2.48894;0;3
2016-05-17 11:00:00Z;2.215587;0;3
2016-05-18 11:00:00Z;1.984887;0;3
2016-05-19 11:00:00Z;1.862079;0;3
2016-05-20 11:00:00Z;1.893635;0;3
2016-05-21 11:00:00Z;1.880714;0;3
2016-05-22 11:00:00Z;3.393617;0;3
2016-05-23 11:00:00Z;12.66011;0;3
2016-05-24 11:00:00Z;11.81386;0;3
2016-05-25 11:00:00Z;7.2302;0;3
2016-05-26 11:00:00Z;4.932791;0;3
2016-05-27 11:00:00Z;3.791208;0;3
2016-05-28 11:00:00Z;3.120654;0;3
2016-05-29 11:00:00Z;2.692231;0;3
2016-05-30 11:00:00Z;2.593714;0;3
2016-05-31 11:00:00Z;2.780032;0;3
2016-06-01 11:00:00Z;2.738192;0;3
2016-06-02 11:00:00Z;2.695283;0;3
2016-06-03 11:00:00Z;2.4939;0;3
2016-06-04 11:00:00Z;2.185045;0;3
2016-06-05 11:00:00Z;1.937967;0;3
2016-06-06 11:00:00Z;1.755125;0;3
2016-06-07 11:00:00Z;1.590127;0;3
2016-06-08 11:00:00Z;1.464625;0;3
2016-06-09 11:00:00Z;1.346045;0;3
2016-06-10 11:00:00Z;1.265961;0;3
2016-06-11 11:00:00Z;1.217145;0;3
2016-06-12 11:00:00Z;1.188262;0;3
2016-06-13 11:00:00Z;1.138614;0;3
2016-06-14 11:00:00Z;1.086635;0;3
2016-06-15 11:00:00Z;1.068259;0;3
2016-06-16 11:00:00Z;1.300815;0;3
2016-06-17 11:00:00Z;1.316697;0;3
2016-06-18 11:00:00Z;1.415113;0;3
2016-06-19 11:00:00Z;1.407228;0;3
2016-06-20 11:00:00Z;1.579506;0;3
2016-06-21 11:00:00Z;2.112395;0;3
2016-06-22 11:00:00Z;2.50992;0;3
2016-06-23 11:00:00Z;2.553098;0;3
2016-06-24 11:00:00Z;2.248799;0;3
2016-06-25 11:00:00Z;2.03309;0;3
2016-06-26 11:00:00Z;2.63465;0;3
2016-06-27 11:00:00Z;4.783513;0;3
2016-06-28 11:00:00Z;6.325343;0;3
2016-06-29 11:00:00Z;6.031717;0;3
2016-06-30 11:00:00Z;8.199404;0;3
2016-07-01 11:00:00Z;12.20738;0;3
2016-07-02 11:00:00Z;15.19014;0;3
2016-07-03 11:00:00Z;18.04053;0;3
2016-07-04 11:00:00Z;13.83818;0;3
2016-07-05 11:00:00Z;8.988023;0;3
2016-07-06 11:00:00Z;6.188481;0;3
2016-07-07 11:00:00Z;4.56012;0;3
2016-07-08 11:00:00Z;3.812872;0;3
2016-07-09 11:00:00Z;3.179401;0;3
2016-07-10 11:00:00Z;2.799181;0;3
2016-07-11 11:00:00Z;2.734212;0;3
2016-07-12 11:00:00Z;3.956985;0;3
2016-07-13 11:00:00Z;5.28187;0;3
2016-07-14 11:00:00Z;4.972545;0;3
2016-07-15 11:00:00Z;4.041594;0;3
2016-07-16 11:00:00Z;3.264747;0;3
2016-07-17 11:00:00Z;2.764788;0;3
2016-07-18 11:00:00Z;2.463913;0;3
2016-07-19 11:00:00Z;2.210762;0;3
2016-07-20 11:00:00Z;2.017479;0;3
2016-07-21 11:00:00Z;1.843184;0;3
2016-07-22 11:00:00Z;1.693437;0;3
2016-07-23 11:00:00Z;1.566096;0;3
2016-07-24 11:00:00Z;1.440163;0;3
2016-07-25 11:00:00Z;1.357152;0;3
2016-07-26 11:00:00Z;1.370701;0;3
2016-07-27 11:00:00Z;1.533587;0;3
2016-07-28 11:00:00Z;2.268355;0;3
2016-07-29 11:00:00Z;4.832167;0;3
2016-07-30 11:00:00Z;9.391603;0;3
2016-07-31 11:00:00Z;9.433388;0;3
2016-08-01 11:00:00Z;8.764313;0;3
2016-08-02 11:00:00Z;8.004279;0;3
2016-08-03 11:00:00Z;6.460877;0;3
2016-08-04 11:00:00Z;17.60603;0;3
2016-08-05 11:00:00Z;30.6484;0;3
2016-08-06 11:00:00Z;21.91453;0;3
2016-08-07 11:00:00Z;11.74506;0;3
2016-08-08 11:00:00Z;17.19738;0;3
2016-08-09 11:00:00Z;24.46861;0;3
2016-08-10 11:00:00Z;16.69014;0;3
2016-08-11 11:00:00Z;10.17336;0;3
2016-08-12 11:00:00Z;7.395977;0;3
2016-08-13 11:00:00Z;7.481235;0;3
2016-08-14 11:00:00Z;8.064195;0;3
2016-08-15 11:00:00Z;7.04259;0;3
2016-08-16 11:00:00Z;5.456877;0;3
2016-08-17 11:00:00Z;4.302991;0;3
2016-08-18 11:00:00Z;3.521041;0;3
2016-08-19 11:00:00Z;3.000704;0;3
2016-08-20 11:00:00Z;2.763077;0;3
2016-08-21 11:00:00Z;3.301572;0;3
2016-08-22 11:00:00Z;4.842596;0;3
2016-08-23 11:00:00Z;5.481303;0;3
2016-08-24 11:00:00Z;5.104499;0;3
2016-08-25 11:00:00Z;4.311264;0;3
2016-08-26 11:00:00Z;4.66256;0;3
2016-08-27 11:00:00Z;4.50888;0;3
2016-08-28 11:00:00Z;4.089883;0;3
2016-08-29 11:00:00Z;3.586015;0;3
2016-08-30 11:00:00Z;3.083172;0;3
2016-08-31 11:00:00Z;2.726978;0;3
2016-09-01 11:00:00Z;2.495683;0;3
2016-09-02 11:00:00Z;2.37674;0;3
2016-09-03 11:00:00Z;2.854716;0;3
2016-09-04 11:00:00Z;2.817245;0;3
2016-09-05 11:00:00Z;2.641802;0;3
2016-09-06 11:00:00Z;2.513499;0;3
2016-09-07 11:00:00Z;2.645715;0;3
2016-09-08 11:00:00Z;2.732135;0;3
2016-09-09 11:00:00Z;2.686445;0;3
2016-09-10 11:00:00Z;3.976498;0;3
2016-09-11 11:00:00Z;39.17528;0;3
2016-09-12 11:00:00Z;33.7524;0;3
2016-09-13 11:00:00Z;16.19018;0;3
2016-09-14 11:00:00Z;9.650706;0;3
2016-09-15 11:00:00Z;6.636999;0;3
2016-09-16 11:00:00Z;5.074755;0;3
2016-09-17 11:00:00Z;4.024002;0;3
2016-09-18 11:00:00Z;3.348483;0;3
2016-09-19 11:00:00Z;2.930008;0;3
2016-09-20 11:00:00Z;2.638831;0;3
2016-09-21 11:00:00Z;2.406083;0;3
2016-09-22 11:00:00Z;2.331642;0;3
2016-09-23 11:00:00Z;2.605972;0;3
2016-09-24 11:00:00Z;3.02191;0;3
2016-09-25 11:00:00Z;3.289248;0;3
2016-09-26 11:00:00Z;4.413546;0;3
2016-09-27 11:00:00Z;6.197514;0;3
2016-09-28 11:00:00Z;27.32807;0;3
2016-09-29 11:00:00Z;48.21065;0;3
2016-09-30 11:00:00Z;40.41483;0;3
2016-10-01 11:00:00Z;25.44854;0;3
2016-10-02 11:00:00Z;16.52232;0;3
2016-10-03 11:00:00Z;10.7761;0;3
2016-10-04 11:00:00Z;7.546611;0;3
2016-10-05 11:00:00Z;5.740574;0;3
2016-10-06 11:00:00Z;4.663549;0;3
2016-10-07 11:00:00Z;3.838719;0;3
2016-10-08 11:00:00Z;3.334492;0;3
2016-10-09 11:00:00Z;2.952418;0;3
2016-10-10 11:00:00Z;2.658165;0;3
2016-10-11 11:00:00Z;2.41342;0;3
2016-10-12 11:00:00Z;2.209821;0;3
2016-10-13 11:00:00Z;2.069597;0;3
2016-10-14 11:00:00Z;1.976751;0;3
2016-10-15 11:00:00Z;1.868757;0;3
2016-10-16 11:00:00Z;1.729998;0;3
2016-10-17 11:00:00Z;1.745385;0;3
2016-10-18 11:00:00Z;2.84603;0;3
2016-10-19 11:00:00Z;7.497481;0;3
2016-10-20 11:00:00Z;7.006154;0;3
2016-10-21 11:00:00Z;5.702239;0;3
2016-10-22 11:00:00Z;4.555182;0;3
2016-10-23 11:00:00Z;3.720669;0;3
2016-10-24 11:00:00Z;3.242775;0;3
2016-10-25 11:00:00Z;2.889878;0;3
2016-10-26 11:00:00Z;2.743021;0;3
2016-10-27 11:00:00Z;3.189742;0;3
2016-10-28 11:00:00Z;5.663085;0;3
2016-10-29 11:00:00Z;7.70282;0;3
2016-10-30 11:00:00Z;7.727314;0;3
2016-10-31 11:00:00Z;6.125747;0;3
2016-11-01 11:00:00Z;5.060533;0;3
2016-11-02 11:00:00Z;4.225156;0;3
2016-11-03 11:00:00Z;3.610253;0;3
2016-11-04 11:00:00Z;3.283133;0;3
2016-11-05 11:00:00Z;3.999786;0;3
2016-11-06 11:00:00Z;4.088053;0;3
2016-11-07 11:00:00Z;3.299452;0;3
2016-11-08 11:00:00Z;2.797009;0;3
2016-11-09 11:00:00Z;2.709283;0;3
2016-11-10 11:00:00Z;2.437891;0;3
2016-11-11 11:00:00Z;2.191061;0;3
2016-11-12 11:00:00Z;2.131415;0;3
2016-11-13 11:00:00Z;2.284885;0;3
2016-11-14 11:00:00Z;3.523008;0;3
2016-11-15 11:00:00Z;9.178621;0;3
2016-11-16 11:00:00Z;16.12077;0;3
2016-11-17 11:00:00Z;23.04713;0;3
2016-11-18 11:00:00Z;27.79132;0;3
2016-11-19 11:00:00Z;21.38531;0;3
2016-11-20 11:00:00Z;16.37235;0;3
2016-11-21 11:00:00Z;14.59144;0;3
2016-11-22 11:00:00Z;21.85246;0;3
2016-11-23 11:00:00Z;59.49725;0;3
2016-11-24 11:00:00Z;44.52004;0;3
2016-11-25 11:00:00Z;22.79677;0;3
2016-11-26 11:00:00Z;15.80581;0;3
2016-11-27 11:00:00Z;12.16533;0;3
2016-11-28 11:00:00Z;8.872663;0;3
2016-11-29 11:00:00Z;6.683453;0;3
2016-11-30 11:00:00Z;5.769587;0;3
2016-12-01 11:00:00Z;5.099001;0;3
2016-12-02 11:00:00Z;4.573471;0;3
2016-12-03 11:00:00Z;4.100368;0;3
2016-12-04 11:00:00Z;3.730935;0;3
2016-12-05 11:00:00Z;3.399164;0;3
2016-12-06 11:00:00Z;3.10177;0;3
2016-12-07 11:00:00Z;3.40747;0;3
2016-12-08 11:00:00Z;6.090523;0;3
2016-12-09 11:00:00Z;8.6949;0;3
2016-12-10 11:00:00Z;8.024414;0;3
2016-12-11 11:00:00Z;6.955897;0;3
2016-12-12 11:00:00Z;6.130021;0;3
2016-12-13 11:00:00Z;5.440821;0;3
2016-12-14 11:00:00Z;4.8088;0;3
2016-12-15 11:00:00Z;4.233021;0;3
2016-12-16 11:00:00Z;3.798863;0;3
2016-12-17 11:00:00Z;3.579847;0;3
2016-12-18 11:00:00Z;4.025588;0;3
2016-12-19 11:00:00Z;4.096936;0;3
2016-12-20 11:00:00Z;4.174323;0;3
2016-12-21 11:00:00Z;4.920477;0;3
2016-12-22 11:00:00Z;12.67465;0;3
2016-12-23 11:00:00Z;21.30469;0;3
2016-12-24 11:00:00Z;62.43213;0;3
2016-12-25 11:00:00Z;41.7776;0;3
2016-12-26 11:00:00Z;36.6688;0;3
2016-12-27 11:00:00Z;33.75774;0;3
2016-12-28 11:00:00Z;20.91993;0;3
2016-12-29 11:00:00Z;15.06787;0;3
2016-12-30 11:00:00Z;13.08747;0;3
2016-12-31 11:00:00Z;17.73862;0;3
2017-01-01 11:00:00Z;28.12003;0;3
2017-01-02 11:00:00Z;19.21863;0;3
2017-01-03 11:00:00Z;11.92204;0;3
2017-01-04 11:00:00Z;9.036748;0;3
2017-01-05 11:00:00Z;6.477895;0;3
2017-01-06 11:00:00Z;5.789091;0;3
2017-01-07 11:00:00Z;5.897195;0;3
2017-01-08 11:00:00Z;5.362864;0;3
2017-01-09 11:00:00Z;6.28216;0;3
2017-01-10 11:00:00Z;31.61538;0;3
2017-01-11 11:00:00Z;80.47903;0;3
2017-01-12 11:00:00Z;63.95494;0;3
2017-01-13 11:00:00Z;29.35351;0;3
2017-01-14 11:00:00Z;16.96065;0;3
2017-01-15 11:00:00Z;10.57344;0;3
2017-01-16 11:00:00Z;7.444003;0;3
2017-01-17 11:00:00Z;6.435989;0;3
2017-01-18 11:00:00Z;5.950614;0;3
2017-01-19 11:00:00Z;8.251324;0;3
2017-01-20 11:00:00Z;14.48366;0;3
2017-01-21 11:00:00Z;15.34001;0;3
2017-01-22 11:00:00Z;11.51611;0;3
2017-01-23 11:00:00Z;8.463044;0;3
2017-01-24 11:00:00Z;6.472333;0;3
2017-01-25 11:00:00Z;5.601218;0;3
2017-01-26 11:00:00Z;5.45304;0;3
2017-01-27 11:00:00Z;5.268266;0;3
2017-01-28 11:00:00Z;4.75566;0;3
2017-01-29 11:00:00Z;4.86678;0;3
2017-01-30 11:00:00Z;6.619329;0;3
2017-01-31 11:00:00Z;6.546414;0;3
2017-02-01 11:00:00Z;5.676707;0;3
2017-02-02 11:00:00Z;4.975568;0;3
2017-02-03 11:00:00Z;4.452943;0;3
2017-02-04 11:00:00Z;4.164165;0;3
2017-02-05 11:00:00Z;3.840553;0;3
2017-02-06 11:00:00Z;3.545708;0;3
2017-02-07 11:00:00Z;3.155933;0;3
2017-02-08 11:00:00Z;2.468469;0;3
2017-02-09 11:00:00Z;3.206133;0;3
2017-02-10 11:00:00Z;3.173633;0;3
2017-02-11 11:00:00Z;2.676448;0;3
2017-02-12 11:00:00Z;2.414534;0;3
2017-02-13 11:00:00Z;2.459465;0;3
2017-02-14 11:00:00Z;2.997105;0;3
2017-02-15 11:00:00Z;2.962931;0;3
2017-02-16 11:00:00Z;2.477027;0;3
2017-02-17 11:00:00Z;2.613051;0;3
2017-02-18 11:00:00Z;3.088029;0;3
2017-02-19 11:00:00Z;10.53727;0;3
2017-02-20 11:00:00Z;20.45886;0;3
2017-02-21 11:00:00Z;27.629;0;3
2017-02-22 11:00:00Z;36.98792;0;3
2017-02-23 11:00:00Z;36.01339;0;3
2017-02-24 11:00:00Z;19.39527;0;3
2017-02-25 11:00:00Z;12.70754;0;3
2017-02-26 11:00:00Z;12.97094;0;3
2017-02-27 11:00:00Z;21.15903;0;3
2017-02-28 11:00:00Z;37.85923;0;3
2017-03-01 11:00:00Z;30.1219;0;3
2017-03-02 11:00:00Z;18.02804;0;3
2017-03-03 11:00:00Z;15.04129;0;3
2017-03-04 11:00:00Z;15.35115;0;3
2017-03-05 11:00:00Z;12.64552;0;3
2017-03-06 11:00:00Z;8.621819;0;3
2017-03-07 11:00:00Z;6.567211;0;3
2017-03-08 11:00:00Z;5.472137;0;3
2017-03-09 11:00:00Z;5.370022;0;3
2017-03-10 11:00:00Z;5.700835;0;3
2017-03-11 11:00:00Z;5.652837;0;3
2017-03-12 11:00:00Z;7.439747;0;3
2017-03-13 11:00:00Z;7.604644;0;3
2017-03-14 11:00:00Z;8.914392;0;3
2017-03-15 11:00:00Z;18.40697;0;3
2017-03-16 11:00:00Z;21.28982;0;3
2017-03-17 11:00:00Z;27.94813;0;3
2017-03-18 11:00:00Z;23.78748;0;3
2017-03-19 11:00:00Z;14.7458;0;3
2017-03-20 11:00:00Z;11.14214;0;3
2017-03-21 11:00:00Z;14.36303;0;3
2017-03-22 11:00:00Z;15.89488;0;3
2017-03-23 11:00:00Z;12.51599;0;3
2017-03-24 11:00:00Z;9.194562;0;3
2017-03-25 11:00:00Z;7.486853;0;3
2017-03-26 11:00:00Z;7.305348;0;3
2017-03-27 11:00:00Z;9.775182;0;3
2017-03-28 11:00:00Z;15.77396;0;3
2017-03-29 11:00:00Z;16.61096;0;3
2017-03-30 11:00:00Z;13.51022;0;3
2017-03-31 11:00:00Z;15.06485;0;3
2017-04-01 11:00:00Z;26.49209;0;3
2017-04-02 11:00:00Z;25.57846;0;3
2017-04-03 11:00:00Z;19.30754;0;3
2017-04-04 11:00:00Z;14.36251;0;3
2017-04-05 11:00:00Z;11.46915;0;3
2017-04-06 11:00:00Z;10.10007;0;3
2017-04-07 11:00:00Z;8.757534;0;3
2017-04-08 11:00:00Z;8.187072;0;3
2017-04-09 11:00:00Z;7.795256;0;3
2017-04-10 11:00:00Z;7.065971;0;3
2017-04-11 11:00:00Z;6.348106;0;3
2017-04-12 11:00:00Z;6.472393;0;3
2017-04-13 11:00:00Z;7.144168;0;3
2017-04-14 11:00:00Z;6.632105;0;3
2017-04-15 11:00:00Z;5.974639;0;3
2017-04-16 11:00:00Z;5.044152;0;3
2017-04-17 11:00:00Z;4.852331;0;3
2017-04-18 11:00:00Z;4.512537;0;3
2017-04-19 11:00:00Z;3.887269;0;3
2017-04-20 11:00:00Z;3.394996;0;3
2017-04-21 11:00:00Z;3.868192;0;3
2017-04-22 11:00:00Z;4.364482;0;3
2017-04-23 11:00:00Z;4.251602;0;3
2017-04-24 11:00:00Z;4.993058;0;3
2017-04-25 11:00:00Z;6.810325;0;3
2017-04-26 11:00:00Z;5.825357;0;3
2017-04-27 11:00:00Z;5.076912;0;3
2017-04-28 11:00:00Z;5.592392;0;3
2017-04-29 11:00:00Z;6.462029;0;3
2017-04-30 11:00:00Z;6.005546;0;3
2017-05-01 11:00:00Z;5.419759;0;3
2017-05-02 11:00:00Z;4.639976;0;3
2017-05-03 11:00:00Z;3.919113;0;3
2017-05-04 11:00:00Z;3.541156;0;3
2017-05-05 11:00:00Z;3.123731;0;3
2017-05-06 11:00:00Z;2.932554;0;3
2017-05-07 11:00:00Z;2.822079;0;3
2017-05-08 11:00:00Z;2.998178;0;3
2017-05-09 11:00:00Z;2.219235;0;3
2017-05-10 11:00:00Z;1.97326;0;3
2017-05-11 11:00:00Z;2.416311;0;3
2017-05-12 11:00:00Z;2.704539;0;3
2017-05-13 11:00:00Z;2.984339;0;3
2017-05-14 11:00:00Z;3.56149;0;3
2017-05-15 11:00:00Z;4.426503;0;3
2017-05-16 11:00:00Z;5.978614;0;3
2017-05-17 11:00:00Z;11.14843;0;3
2017-05-18 11:00:00Z;54.394;0;3
2017-05-19 11:00:00Z;48.03424;0;3
2017-05-20 11:00:00Z;23.67894;0;3
2017-05-21 11:00:00Z;14.97622;0;3
2017-05-22 11:00:00Z;10.41384;0;3
2017-05-23 11:00:00Z;7.494767;0;3
2017-05-24 11:00:00Z;5.973981;0;3
2017-05-25 11:00:00Z;4.817588;0;3
2017-05-26 11:00:00Z;3.899956;0;3
2017-05-27 11:00:00Z;3.28987;0;3
2017-05-28 11:00:00Z;3.014983;0;3
2017-05-29 11:00:00Z;2.606262;0;3
2017-05-30 11:00:00Z;2.388969;0;3
2017-05-31 11:00:00Z;2.794544;0;3
2017-06-01 11:00:00Z;2.483258;0;3
2017-06-02 11:00:00Z;2.49647;0;3
2017-06-03 11:00:00Z;2.207655;0;3
2017-06-04 11:00:00Z;2.132156;0;3
2017-06-05 11:00:00Z;2.20862;0;3
2017-06-06 11:00:00Z;2.287709;0;3
2017-06-07 11:00:00Z;3.50515;0;3
2017-06-08 11:00:00Z;8.527635;0;3
2017-06-09 11:00:00Z;10.06534;0;3
2017-06-10 11:00:00Z;9.912098;0;3
2017-06-11 11:00:00Z;9.036481;0;3
2017-06-12 11:00:00Z;9.35238;0;3
2017-06-13 11:00:00Z;9.90416;0;3
2017-06-14 11:00:00Z;7.763118;0;3
2017-06-15 11:00:00Z;5.575696;0;3
2017-06-16 11:00:00Z;6.028831;0;3
2017-06-17 11:00:00Z;5.773067;0;3
2017-06-18 11:00:00Z;4.986128;0;3
2017-06-19 11:00:00Z;3.946118;0;3
2017-06-20 11:00:00Z;3.392435;0;3
2017-06-21 11:00:00Z;2.742733;0;3
2017-06-22 11:00:00Z;2.370029;0;3
2017-06-23 11:00:00Z;2.362592;0;3
2017-06-24 11:00:00Z;2.731374;0;3
2017-06-25 11:00:00Z;4.242622;0;3
2017-06-26 11:00:00Z;10.15889;0;3
2017-06-27 11:00:00Z;10.29366;0;3
2017-06-28 11:00:00Z;6.934774;0;3
2017-06-29 11:00:00Z;4.973541;0;3
2017-06-30 11:00:00Z;3.641089;0;3
2017-07-01 11:00:00Z;2.894115;0;3
2017-07-02 11:00:00Z;2.642666;0;3
2017-07-03 11:00:00Z;2.236741;0;3
2017-07-04 11:00:00Z;2.098576;0;3
2017-07-05 11:00:00Z;1.899525;0;3
2017-07-06 11:00:00Z;1.703113;0;3
2017-07-07 11:00:00Z;1.607401;0;3
2017-07-08 11:00:00Z;1.517895;0;3
2017-07-09 11:00:00Z;1.505216;0;3
2017-07-10 11:00:00Z;1.429002;0;3
2017-07-11 11:00:00Z;1.506352;0;3
2017-07-12 11:00:00Z;1.875497;0;3
2017-07-13 11:00:00Z;2.034968;0;3
2017-07-14 11:00:00Z;2.01681;0;3
2017-07-15 11:00:00Z;1.867356;0;3
2017-07-16 11:00:00Z;2.062113;0;3
2017-07-17 11:00:00Z;2.04344;0;3
2017-07-18 11:00:00Z;2.09553;0;3
2017-07-19 11:00:00Z;1.989179;0;3
2017-07-20 11:00:00Z;1.840793;0;3
2017-07-21 11:00:00Z;2.012149;0;3
2017-07-22 11:00:00Z;2.141258;0;3
2017-07-23 11:00:00Z;2.617251;0;3
2017-07-24 11:00:00Z;2.384986;0;3
2017-07-25 11:00:00Z;2.130067;0;3
2017-07-26 11:00:00Z;1.852574;0;3
2017-07-27 11:00:00Z;2.03149;0;3
2017-07-28 11:00:00Z;2.493426;0;3
2017-07-29 11:00:00Z;2.646638;0;3
2017-07-30 11:00:00Z;3.727121;0;3
2017-07-31 11:00:00Z;9.070501;0;3
2017-08-01 11:00:00Z;12.59054;0;3
2017-08-02 11:00:00Z;15.76008;0;3
2017-08-03 11:00:00Z;20.25067;0;3
2017-08-04 11:00:00Z;47.13654;0;3
2017-08-05 11:00:00Z;44.48219;0;3
2017-08-06 11:00:00Z;23.85171;0;3
2017-08-07 11:00:00Z;17.23234;0;3
2017-08-08 11:00:00Z;22.07867;0;3
2017-08-09 11:00:00Z;15.82937;0;3
2017-08-10 11:00:00Z;12.8069;0;3
2017-08-11 11:00:00Z;8.737257;0;3
2017-08-12 11:00:00Z;6.597438;0;3
2017-08-13 11:00:00Z;5.602452;0;3
2017-08-14 11:00:00Z;4.424742;0;3
2017-08-15 11:00:00Z;3.620818;0;3
2017-08-16 11:00:00Z;3.84825;0;3
2017-08-17 11:00:00Z;3.913178;0;3
2017-08-18 11:00:00Z;7.383637;0;3
2017-08-19 11:00:00Z;12.01048;0;3
2017-08-20 11:00:00Z;19.90508;0;3
2017-08-21 11:00:00Z;18.34827;0;3
2017-08-22 11:00:00Z;11.86869;0;3
2017-08-23 11:00:00Z;7.726846;0;3
2017-08-24 11:00:00Z;5.8202;0;3
2017-08-25 11:00:00Z;5.810966;0;3
2017-08-26 11:00:00Z;5.273638;0;3
2017-08-27 11:00:00Z;4.496963;0;3
2017-08-28 11:00:00Z;3.779011;0;3
2017-08-29 11:00:00Z;4.413376;0;3
2017-08-30 11:00:00Z;6.561818;0;3
2017-08-31 11:00:00Z;6.651276;0;3
2017-09-01 11:00:00Z;5.10416;0;3
2017-09-02 11:00:00Z;4.022634;0;3
2017-09-03 11:00:00Z;3.357906;0;3
2017-09-04 11:00:00Z;2.902197;0;3
2017-09-05 11:00:00Z;2.598524;0;3
2017-09-06 11:00:00Z;8.794093;0;3
2017-09-07 11:00:00Z;10.38577;0;3
2017-09-08 11:00:00Z;9.843801;0;3
2017-09-09 11:00:00Z;21.58329;0;3
2017-09-10 11:00:00Z;24.56874;0;3
2017-09-11 11:00:00Z;56.36377;0;3
2017-09-12 11:00:00Z;76.00976;0;3
2017-09-13 11:00:00Z;50.07355;0;3
2017-09-14 11:00:00Z;27.07171;0;3
2017-09-15 11:00:00Z;15.72869;0;3
2017-09-16 11:00:00Z;10.50995;0;3
2017-09-17 11:00:00Z;7.634429;0;3
2017-09-18 11:00:00Z;5.947583;0;3
2017-09-19 11:00:00Z;5.100152;0;3
2017-09-20 11:00:00Z;5.583877;0;3
2017-09-21 11:00:00Z;10.3898;0;3
2017-09-22 11:00:00Z;15.00446;0;3
2017-09-23 11:00:00Z;13.67786;0;3
2017-09-24 11:00:00Z;10.38409;0;3
2017-09-25 11:00:00Z;8.376336;0;3
2017-09-26 11:00:00Z;6.876461;0;3
2017-09-27 11:00:00Z;6.022754;0;3
2017-09-28 11:00:00Z;6.041911;0;3
2017-09-29 11:00:00Z;6.169053;0;3
2017-09-30 11:00:00Z;68.95171;0;3
2017-10-01 11:00:00Z;131.5939;0;3
2017-10-02 11:00:00Z;147.3909;0;3
2017-10-03 11:00:00Z;98.10774;0;3
2017-10-04 11:00:00Z;54.53023;0;3
2017-10-05 11:00:00Z;46.27896;0;3
2017-10-06 11:00:00Z;27.39985;0;3
2017-10-07 11:00:00Z;16.09008;0;3
2017-10-08 11:00:00Z;11.11355;0;3
2017-10-09 11:00:00Z;8.112505;0;3
2017-10-10 11:00:00Z;6.490661;0;3
2017-10-11 11:00:00Z;9.255025;0;3
2017-10-12 11:00:00Z;29.72055;0;3
2017-10-13 11:00:00Z;26.67767;0;3
2017-10-14 11:00:00Z;29.3275;0;3
2017-10-15 11:00:00Z;22.15903;0;3
2017-10-16 11:00:00Z;15.37353;0;3
2017-10-17 11:00:00Z;13.65989;0;3
2017-10-18 11:00:00Z;25.10403;0;3
2017-10-19 11:00:00Z;20.04539;0;3
2017-10-20 11:00:00Z;13.84288;0;3
2017-10-21 11:00:00Z;14.30186;0;3
2017-10-22 11:00:00Z;50.13342;0;3
2017-10-23 11:00:00Z;45.01542;0;3
2017-10-24 11:00:00Z;35.77862;0;3
2017-10-25 11:00:00Z;55.09103;0;3
2017-10-26 11:00:00Z;39.35892;0;3
2017-10-27 11:00:00Z;26.10032;0;3
2017-10-28 11:00:00Z;17.5412;0;3
2017-10-29 11:00:00Z;13.70556;0;3
2017-10-30 11:00:00Z;10.0292;0;3
2017-10-31 11:00:00Z;7.508311;0;3
2017-11-01 11:00:00Z;6.407084;0;3
2017-11-02 11:00:00Z;6.708209;0;3
2017-11-03 11:00:00Z;5.974042;0;3
2017-11-04 11:00:00Z;5.841425;0;3
2017-11-05 11:00:00Z;15.91195;0;3
2017-11-06 11:00:00Z;16.91623;0;3
2017-11-07 11:00:00Z;11.23245;0;3
2017-11-08 11:00:00Z;8.710818;0;3
2017-11-09 11:00:00Z;12.31837;0;3
2017-11-10 11:00:00Z;23.48557;0;3
2017-11-11 11:00:00Z;24.03171;0;3
2017-11-12 11:00:00Z;16.21725;0;3
2017-11-13 11:00:00Z;10.91988;0;3
2017-11-14 11:00:00Z;8.209064;0;3
2017-11-15 11:00:00Z;7.172035;0;3
2017-11-16 11:00:00Z;7.392552;0;3
2017-11-17 11:00:00Z;17.69319;0;3
2017-11-18 11:00:00Z;44.17184;0;3
2017-11-19 11:00:00Z;34.21138;0;3
2017-11-20 11:00:00Z;23.56841;0;3
2017-11-21 11:00:00Z;14.84998;0;3
2017-11-22 11:00:00Z;11.4532;0;3
2017-11-23 11:00:00Z;141.8287;0;3
2017-11-24 11:00:00Z;100.4115;0;3
2017-11-25 11:00:00Z;39.30155;0;3
2017-11-26 11:00:00Z;28.62702;0;3
2017-11-27 11:00:00Z;25.80296;0;3
2017-11-28 11:00:00Z;20.11068;0;3
2017-11-29 11:00:00Z;14.02469;0;3
2017-11-30 11:00:00Z;10.67426;0;3
2017-12-01 11:00:00Z;8.786539;0;3
2017-12-02 11:00:00Z;6.163443;0;3
2017-12-03 11:00:00Z;6.108776;0;3
2017-12-04 11:00:00Z;6.150721;0;3
2017-12-05 11:00:00Z;6.966718;0;3
2017-12-06 11:00:00Z;33.87467;0;3
2017-12-07 11:00:00Z;107.3914;0;3
2017-12-08 11:00:00Z;92.73215;0;3
2017-12-09 11:00:00Z;40.6151;0;3
2017-12-10 11:00:00Z;21.10987;0;3
2017-12-11 11:00:00Z;13.81193;0;3
2017-12-12 11:00:00Z;9.51413;0;3
2017-12-13 11:00:00Z;7.133821;0;3
2017-12-14 11:00:00Z;8.569204;0;3
2017-12-15 11:00:00Z;8.146055;0;3
2017-12-16 11:00:00Z;6.706933;0;3
2017-12-17 11:00:00Z;5.26898;0;3
2017-12-18 11:00:00Z;5.292967;0;3
2017-12-19 11:00:00Z;4.549436;0;3
2017-12-20 11:00:00Z;4.082472;0;3
2017-12-21 11:00:00Z;5.900017;0;3
2017-12-22 11:00:00Z;7.437365;0;3
2017-12-23 11:00:00Z;19.3792;0;3
2017-12-24 11:00:00Z;48.69753;0;3
2017-12-25 11:00:00Z;32.19719;0;3
2017-12-26 11:00:00Z;76.12842;0;3
2017-12-27 11:00:00Z;64.64365;0;3
2017-12-28 11:00:00Z;28.24404;0;3
2017-12-29 11:00:00Z;16.71923;0;3
2017-12-30 11:00:00Z;10.39615;0;3
2017-12-31 11:00:00Z;7.775959;0;3
2018-01-01 11:00:00Z;11.95073;0;3
2018-01-02 11:00:00Z;18.98699;0;3
2018-01-03 11:00:00Z;16.71956;0;3
2018-01-04 11:00:00Z;12.66469;0;3
2018-01-05 11:00:00Z;9.210427;0;3
2018-01-06 11:00:00Z;7.306472;0;3
2018-01-07 11:00:00Z;5.850043;0;3
2018-01-08 11:00:00Z;4.839147;0;3
2018-01-09 11:00:00Z;3.57279;0;3
2018-01-10 11:00:00Z;3.325671;0;3
2018-01-11 11:00:00Z;3.57622;0;3
2018-01-12 11:00:00Z;3.308905;0;3
2018-01-13 11:00:00Z;2.769936;0;3
2018-01-14 11:00:00Z;2.41387;0;3
2018-01-15 11:00:00Z;2.396649;0;3
2018-01-16 11:00:00Z;3.786132;0;3
2018-01-17 11:00:00Z;3.744959;0;3
2018-01-18 11:00:00Z;3.396937;0;3
2018-01-19 11:00:00Z;3.187601;0;3
2018-01-20 11:00:00Z;3.069581;0;3
2018-01-21 11:00:00Z;2.935179;0;3
2018-01-22 11:00:00Z;2.442667;0;3
2018-01-23 11:00:00Z;2.936015;0;3
2018-01-24 11:00:00Z;23.12706;0;3
2018-01-25 11:00:00Z;70.98427;0;3
2018-01-26 11:00:00Z;52.07253;0;3
2018-01-27 11:00:00Z;27.3957;0;3
2018-01-28 11:00:00Z;42.34144;0;3
2018-01-29 11:00:00Z;50.19782;0;3
2018-01-30 11:00:00Z;34.12923;0;3
2018-01-31 11:00:00Z;34.23107;0;3
2018-02-01 11:00:00Z;26.60592;0;3
2018-02-02 11:00:00Z;17.50189;0;3
2018-02-03 11:00:00Z;11.23156;0;3
2018-02-04 11:00:00Z;9.396441;0;3
2018-02-05 11:00:00Z;6.250546;0;3
2018-02-06 11:00:00Z;4.476973;0;3
2018-02-07 11:00:00Z;4.66858;0;3
2018-02-08 11:00:00Z;4.181212;0;3
2018-02-09 11:00:00Z;7.639603;0;3
2018-02-10 11:00:00Z;6.860789;0;3
2018-02-11 11:00:00Z;5.973372;0;3
2018-02-12 11:00:00Z;5.881248;0;3
2018-02-13 11:00:00Z;5.098282;0;3
2018-02-14 11:00:00Z;4.906908;0;3
2018-02-15 11:00:00Z;4.035695;0;3
2018-02-16 11:00:00Z;4.475051;0;3
2018-02-17 11:00:00Z;4.086349;0;3
2018-02-18 11:00:00Z;3.924774;0;3
2018-02-19 11:00:00Z;4.07995;0;3
2018-02-20 11:00:00Z;3.995593;0;3
2018-02-21 11:00:00Z;3.590986;0;3
2018-02-22 11:00:00Z;3.331749;0;3
2018-02-23 11:00:00Z;3.124492;0;3
2018-02-24 11:00:00Z;3.078953;0;3
2018-02-25 11:00:00Z;2.940057;0;3
2018-02-26 11:00:00Z;2.453412;0;3
2018-02-27 11:00:00Z;2.416089;0;3
2018-02-28 11:00:00Z;2.533936;0;3
2018-03-01 11:00:00Z;2.763543;0;3
2018-03-02 11:00:00Z;3.322177;0;3
2018-03-03 11:00:00Z;4.002007;0;3
2018-03-04 11:00:00Z;3.810684;0;3
2018-03-05 11:00:00Z;3.534327;0;3
2018-03-06 11:00:00Z;3.139278;0;3
2018-03-07 11:00:00Z;2.603499;0;3
2018-03-08 11:00:00Z;2.255475;0;3
2018-03-09 11:00:00Z;2.132868;0;3
2018-03-10 11:00:00Z;2.069533;0;3
2018-03-11 11:00:00Z;1.99211;0;3
2018-03-12 11:00:00Z;2.031264;0;3
2018-03-13 11:00:00Z;2.004117;0;3
2018-03-14 11:00:00Z;1.965057;0;3
2018-03-15 11:00:00Z;1.882881;0;3
2018-03-16 11:00:00Z;1.764953;0;3
2018-03-17 11:00:00Z;1.92889;0;3
2018-03-18 11:00:00Z;1.901989;0;3
2018-03-19 11:00:00Z;1.849557;0;3
2018-03-20 11:00:00Z;1.726142;0;3
2018-03-21 11:00:00Z;1.663658;0;3
2018-03-22 11:00:00Z;1.6969;0;3
2018-03-23 11:00:00Z;1.779707;0;3
2018-03-24 11:00:00Z;2.524649;0;3
2018-03-25 11:00:00Z;3.135956;0;3
2018-03-26 11:00:00Z;3.621454;0;3
2018-03-27 11:00:00Z;3.71535;0;3
2018-03-28 11:00:00Z;3.5178;0;3
2018-03-29 11:00:00Z;3.273271;0;3
2018-03-30 11:00:00Z;3.014567;0;3
2018-03-31 11:00:00Z;2.809533;0;3
2018-04-01 11:00:00Z;2.657395;0;3
2018-04-02 11:00:00Z;2.55854;0;3
2018-04-03 11:00:00Z;2.544472;0;3
2018-04-04 11:00:00Z;2.856969;0;3
2018-04-05 11:00:00Z;4.664329;0;3
2018-04-06 11:00:00Z;6.42032;0;3
2018-04-07 11:00:00Z;7.153357;0;3
2018-04-08 11:00:00Z;9.184499;0;3
2018-04-09 11:00:00Z;13.11551;0;3
2018-04-10 11:00:00Z;17.916;0;3
2018-04-11 11:00:00Z;20.02955;0;3
2018-04-12 11:00:00Z;19.20901;0;3
2018-04-13 11:00:00Z;19.7547;0;3
2018-04-14 11:00:00Z;33.21192;0;3
2018-04-15 11:00:00Z;60.1896;0;3
2018-04-16 11:00:00Z;65.01179;0;3
2018-04-17 11:00:00Z;52.20823;0;3
2018-04-18 11:00:00Z;53.53682;0;3
2018-04-19 11:00:00Z;54.23099;0;3
2018-04-20 11:00:00Z;52.44991;0;3
2018-04-21 11:00:00Z;48.12431;0;3
2018-04-22 11:00:00Z;38.23788;0;3
2018-04-23 11:00:00Z;41.54369;0;3
2018-04-24 11:00:00Z;46.29414;0;3
2018-04-25 11:00:00Z;38.42104;0;3
2018-04-26 11:00:00Z;28.44412;0;3
2018-04-27 11:00:00Z;21.81755;0;3
2018-04-28 11:00:00Z;18.31705;0;3
2018-04-29 11:00:00Z;14.43458;0;3
2018-04-30 11:00:00Z;11.80226;0;3
2018-05-01 11:00:00Z;16.07953;0;3
2018-05-02 11:00:00Z;15.62914;0;3
2018-05-03 11:00:00Z;17.69309;0;3
2018-05-04 11:00:00Z;18.55689;0;3
2018-05-05 11:00:00Z;14.58482;0;3
2018-05-06 11:00:00Z;11.30278;0;3
2018-05-07 11:00:00Z;9.598475;0;3
2018-05-08 11:00:00Z;8.31428;0;3
2018-05-09 11:00:00Z;7.109065;0;3
2018-05-10 11:00:00Z;6.681421;0;3
2018-05-11 11:00:00Z;6.953532;0;3
2018-05-12 11:00:00Z;6.728236;0;3
2018-05-13 11:00:00Z;5.708611;0;3
2018-05-14 11:00:00Z;4.560863;0;3
2018-05-15 11:00:00Z;3.896108;0;3
2018-05-16 11:00:00Z;3.507736;0;3
2018-05-17 11:00:00Z;3.076053;0;3
2018-05-18 11:00:00Z;2.738491;0;3
2018-05-19 11:00:00Z;2.463496;0;3
2018-05-20 11:00:00Z;2.239116;0;3
2018-05-21 11:00:00Z;2.030658;0;3
2018-05-22 11:00:00Z;1.868697;0;3
2018-05-23 11:00:00Z;1.724419;0;3
2018-05-24 11:00:00Z;1.609333;0;3
2018-05-25 11:00:00Z;1.524465;0;3
2018-05-26 11:00:00Z;1.44099;0;3
2018-05-27 11:00:00Z;1.361156;0;3
2018-05-28 11:00:00Z;1.357531;0;3
2018-05-29 11:00:00Z;1.34388;0;3
2018-05-30 11:00:00Z;1.287501;0;3
2018-05-31 11:00:00Z;1.22128;0;3
2018-06-01 11:00:00Z;1.17926;0;3
2018-06-02 11:00:00Z;1.140036;0;3
2018-06-03 11:00:00Z;1.122501;0;3
2018-06-04 11:00:00Z;1.075185;0;3
2018-06-05 11:00:00Z;1.007689;0;3
2018-06-06 11:00:00Z;0.9514073;0;3
2018-06-07 11:00:00Z;0.9181738;0;3
2018-06-08 11:00:00Z;0.8844637;0;3
2018-06-09 11:00:00Z;0.8557604;0;3
2018-06-10 11:00:00Z;0.837687;0;3
2018-06-11 11:00:00Z;0.8578429;0;3
2018-06-12 11:00:00Z;0.8330693;0;3
2018-06-13 11:00:00Z;0.8075805;0;3
2018-06-14 11:00:00Z;0.9616259;0;3
2018-06-15 11:00:00Z;1.066484;0;3
2018-06-16 11:00:00Z;0.9931557;0;3
2018-06-17 11:00:00Z;1.149419;0;3
2018-06-18 11:00:00Z;1.356012;0;3
2018-06-19 11:00:00Z;1.687928;0;3
2018-06-20 11:00:00Z;2.251324;0;3
2018-06-21 11:00:00Z;3.101845;0;3
2018-06-22 11:00:00Z;3.427025;0;3
2018-06-23 11:00:00Z;2.910951;0;3
2018-06-24 11:00:00Z;2.402638;0;3
2018-06-25 11:00:00Z;2.017497;0;3
2018-06-26 11:00:00Z;1.736181;0;3
2018-06-27 11:00:00Z;1.542969;0;3
2018-06-28 11:00:00Z;1.369722;0;3
2018-06-29 11:00:00Z;1.255869;0;3
2018-06-30 11:00:00Z;1.145809;0;3
2018-07-01 11:00:00Z;1.065392;0;3
2018-07-02 11:00:00Z;0.9998417;0;3
2018-07-03 11:00:00Z;0.950851;0;3
2018-07-04 11:00:00Z;0.8976743;0;3
2018-07-05 11:00:00Z;0.8629047;0;3
2018-07-06 11:00:00Z;0.8507037;0;3
2018-07-07 11:00:00Z;0.8045277;0;3
2018-07-08 11:00:00Z;0.7677016;0;3
2018-07-09 11:00:00Z;0.7970318;0;3
2018-07-10 11:00:00Z;0.7597604;0;3
2018-07-11 11:00:00Z;0.6971431;0;3
2018-07-12 11:00:00Z;0.6610445;0;3
2018-07-13 11:00:00Z;0.6391125;0;3
2018-07-14 11:00:00Z;0.6434383;0;3
2018-07-15 11:00:00Z;0.6310288;0;3
2018-07-16 11:00:00Z;0.5985337;0;3
2018-07-17 11:00:00Z;0.579976;0;3
2018-07-18 11:00:00Z;0.5713149;0;3
2018-07-19 11:00:00Z;0.5548568;0;3
2018-07-20 11:00:00Z;0.5330754;0;3
2018-07-21 11:00:00Z;0.5254212;0;3
2018-07-22 11:00:00Z;0.5168419;0;3
2018-07-23 11:00:00Z;0.5079108;0;3
2018-07-24 11:00:00Z;0.5125486;0;3
2018-07-25 11:00:00Z;0.5087156;0;3
2018-07-26 11:00:00Z;0.4839054;0;3
2018-07-27 11:00:00Z;0.4815141;0;3
2018-07-28 11:00:00Z;0.5091326;0;3
2018-07-29 11:00:00Z;0.8432906;0;3
2018-07-30 11:00:00Z;0.7288224;0;3
2018-07-31 11:00:00Z;0.9557084;0;3
2018-08-01 11:00:00Z;1.50771;0;3
2018-08-02 11:00:00Z;2.199012;0;3
2018-08-03 11:00:00Z;2.390245;0;3
2018-08-04 11:00:00Z;2.21229;0;3
2018-08-05 11:00:00Z;1.954468;0;3
2018-08-06 11:00:00Z;1.691347;0;3
2018-08-07 11:00:00Z;1.457409;0;3
2018-08-08 11:00:00Z;1.485262;0;3
2018-08-09 11:00:00Z;1.512426;0;3
2018-08-10 11:00:00Z;7.224025;0;3
2018-08-11 11:00:00Z;18.30235;0;3
2018-08-12 11:00:00Z;12.69172;0;3
2018-08-13 11:00:00Z;7.647629;0;3
2018-08-14 11:00:00Z;5.228926;0;3
2018-08-15 11:00:00Z;3.852762;0;3
2018-08-16 11:00:00Z;6.025134;0;3
2018-08-17 11:00:00Z;34.58501;0;3
2018-08-18 11:00:00Z;32.98014;0;3
2018-08-19 11:00:00Z;28.42326;0;3
2018-08-20 11:00:00Z;18.43819;0;3
2018-08-21 11:00:00Z;11.05525;0;3
2018-08-22 11:00:00Z;7.698155;0;3
2018-08-23 11:00:00Z;9.230107;0;3
2018-08-24 11:00:00Z;11.04258;0;3
2018-08-25 11:00:00Z;10.48052;0;3
2018-08-26 11:00:00Z;8.341349;0;3
2018-08-27 11:00:00Z;9.080774;0;3
2018-08-28 11:00:00Z;11.59011;0;3
2018-08-29 11:00:00Z;10.88324;0;3
2018-08-30 11:00:00Z;23.99269;0;3
2018-08-31 11:00:00Z;21.33422;0;3
2018-09-01 11:00:00Z;12.64968;0;3
2018-09-02 11:00:00Z;8.159053;0;3
2018-09-03 11:00:00Z;6.114968;0;3
2018-09-04 11:00:00Z;5.081432;0;3
2018-09-05 11:00:00Z;4.12051;0;3
2018-09-06 11:00:00Z;3.630653;0;3
2018-09-07 11:00:00Z;11.74792;0;3
2018-09-08 11:00:00Z;59.15017;0;3
2018-09-09 11:00:00Z;60.79049;0;3
2018-09-10 11:00:00Z;63.60912;0;3
2018-09-11 11:00:00Z;65.34707;0;3
2018-09-12 11:00:00Z;59.03111;0;3
2018-09-13 11:00:00Z;38.46131;0;3
2018-09-14 11:00:00Z;33.19527;0;3
2018-09-15 11:00:00Z;40.51649;0;3
2018-09-16 11:00:00Z;38.56342;0;3
2018-09-17 11:00:00Z;51.69538;0;3
2018-09-18 11:00:00Z;31.68283;0;3
2018-09-19 11:00:00Z;30.49868;0;3
2018-09-20 11:00:00Z;38.43545;0;3
2018-09-21 11:00:00Z;86.09413;0;3
2018-09-22 11:00:00Z;107.4186;0;3
2018-09-23 11:00:00Z;57.44466;0;3
2018-09-24 11:00:00Z;31.96158;0;3
2018-09-25 11:00:00Z;18.36695;0;3
2018-09-26 11:00:00Z;25.17664;0;3
2018-09-27 11:00:00Z;33.83539;0;3
2018-09-28 11:00:00Z;26.67364;0;3
2018-09-29 11:00:00Z;17.9452;0;3
2018-09-30 11:00:00Z;14.84601;0;3
2018-10-01 11:00:00Z;15.66759;0;3
2018-10-02 11:00:00Z;13.33333;0;3
2018-10-03 11:00:00Z;13.4864;0;3
2018-10-04 11:00:00Z;11.39548;0;3
2018-10-05 11:00:00Z;12.04198;0;3
2018-10-06 11:00:00Z;11.94281;0;3
2018-10-07 11:00:00Z;9.717174;0;3
2018-10-08 11:00:00Z;23.7236;0;3
2018-10-09 11:00:00Z;41.04714;0;3
2018-10-10 11:00:00Z;44.54268;0;3
2018-10-11 11:00:00Z;27.81452;0;3
2018-10-12 11:00:00Z;17.36463;0;3
2018-10-13 11:00:00Z;16.06135;0;3
2018-10-14 11:00:00Z;19.15621;0;3
2018-10-15 11:00:00Z;18.80219;0;3
2018-10-16 11:00:00Z;12.66836;0;3
2018-10-17 11:00:00Z;9.281604;0;3
2018-10-18 11:00:00Z;9.227365;0;3
2018-10-19 11:00:00Z;7.648842;0;3
2018-10-20 11:00:00Z;6.761212;0;3
2018-10-21 11:00:00Z;5.713215;0;3
2018-10-22 11:00:00Z;6.989605;0;3
2018-10-23 11:00:00Z;35.32057;0;3
2018-10-24 11:00:00Z;45.30447;0;3
2018-10-25 11:00:00Z;19.14917;0;3
2018-10-26 11:00:00Z;12.27492;0;3
2018-10-27 11:00:00Z;9.594732;0;3
2018-10-28 11:00:00Z;7.224609;0;3
2018-10-29 11:00:00Z;5.506362;0;3
2018-10-30 11:00:00Z;4.354323;0;3
2018-10-31 11:00:00Z;4.949811;0;3
2018-11-01 11:00:00Z;5.626301;0;3
2018-11-02 11:00:00Z;9.831779;0;3
2018-11-03 11:00:00Z;10.56672;0;3
2018-11-04 11:00:00Z;8.590404;0;3
2018-11-05 11:00:00Z;7.428068;0;3
2018-11-06 11:00:00Z;6.592651;0;3
2018-11-07 11:00:00Z;6.042335;0;3
2018-11-08 11:00:00Z;6.21819;0;3
2018-11-09 11:00:00Z;6.822314;0;3
2018-11-10 11:00:00Z;10.71067;0;3
2018-11-11 11:00:00Z;40.10824;0;3
2018-11-12 11:00:00Z;61.9664;0;3
2018-11-13 11:00:00Z;54.18089;0;3
2018-11-14 11:00:00Z;44.86823;0;3
2018-11-15 11:00:00Z;29.05757;0;3
2018-11-16 11:00:00Z;20.41319;0;3
2018-11-17 11:00:00Z;14.47879;0;3
2018-11-18 11:00:00Z;10.19047;0;3
2018-11-19 11:00:00Z;7.873955;0;3
2018-11-20 11:00:00Z;6.188223;0;3
2018-11-21 11:00:00Z;5.324321;0;3
2018-11-22 11:00:00Z;4.184122;0;3
2018-11-23 11:00:00Z;3.550351;0;3
2018-11-24 11:00:00Z;3.650327;0;3
2018-11-25 11:00:00Z;3.783001;0;3
2018-11-26 11:00:00Z;3.279549;0;3
2018-11-27 11:00:00Z;3.470585;0;3
2018-11-28 11:00:00Z;2.716957;0;3
2018-11-29 11:00:00Z;7.115572;0;3
2018-11-30 11:00:00Z;42.33861;0;3
2018-12-01 11:00:00Z;56.49414;0;3
2018-12-02 11:00:00Z;35.3507;0;3
2018-12-03 11:00:00Z;30.37854;0;3
2018-12-04 11:00:00Z;32.88751;0;3
2018-12-05 11:00:00Z;21.31526;0;3
2018-12-06 11:00:00Z;12.18215;0;3
2018-12-07 11:00:00Z;12.26358;0;3
2018-12-08 11:00:00Z;23.02978;0;3
2018-12-09 11:00:00Z;29.09776;0;3
2018-12-10 11:00:00Z;19.23252;0;3
2018-12-11 11:00:00Z;12.76311;0;3
2018-12-12 11:00:00Z;10.45956;0;3
2018-12-13 11:00:00Z;8.327757;0;3
2018-12-14 11:00:00Z;5.836001;0;3
2018-12-15 11:00:00Z;3.380406;0;3
2018-12-16 11:00:00Z;2.429995;0;3
2018-12-17 11:00:00Z;2.647208;0;3
2018-12-18 11:00:00Z;2.50296;0;3
2018-12-19 11:00:00Z;2.002205;0;3
2018-12-20 11:00:00Z;3.358823;0;3
2018-12-21 11:00:00Z;6.588183;0;3
2018-12-22 11:00:00Z;5.842007;0;3
2018-12-23 11:00:00Z;5.253408;0;3
2018-12-24 11:00:00Z;5.069297;0;3
2018-12-25 11:00:00Z;4.495203;0;3
2018-12-26 11:00:00Z;4.119535;0;3
2018-12-27 11:00:00Z;4.570282;0;3
2018-12-28 11:00:00Z;8.78836;0;3
2018-12-29 11:00:00Z;8.07423;0;3
2018-12-30 11:00:00Z;8.003533;0;3
2018-12-31 11:00:00Z;5.996494;0;3
2019-01-01 11:00:00Z;17.29973;0;3
2019-01-02 11:00:00Z;21.72964;0;3
2019-01-03 11:00:00Z;14.339;0;3
2019-01-04 11:00:00Z;7.124732;0;3
2019-01-05 11:00:00Z;5.209171;0;3
2019-01-06 11:00:00Z;5.872793;0;3
2019-01-07 11:00:00Z;4.366657;0;3
2019-01-08 11:00:00Z;5.712452;0;3
2019-01-09 11:00:00Z;8.411553;0;3
2019-01-10 11:00:00Z;5.623248;0;3
2019-01-11 11:00:00Z;3.391175;0;3
2019-01-12 11:00:00Z;2.300814;0;3
2019-01-13 11:00:00Z;1.300664;0;3
2019-01-14 11:00:00Z;2.230544;0;3
2019-01-15 11:00:00Z;1.971497;0;3
2019-01-16 11:00:00Z;1.903237;0;3
2019-01-17 11:00:00Z;6.742919;0;3
2019-01-18 11:00:00Z;9.512741;0;3
2019-01-19 11:00:00Z;6.88739;0;3
2019-01-20 11:00:00Z;5.194695;0;3
2019-01-21 11:00:00Z;3.785502;0;3
2019-01-22 11:00:00Z;2.566417;0;3
2019-01-23 11:00:00Z;2.176028;0;3
2019-01-24 11:00:00Z;2.398265;0;3
2019-01-25 11:00:00Z;1.989743;0;3
2019-01-26 11:00:00Z;1.447289;0;3
2019-01-27 11:00:00Z;0.9288848;0;3
2019-01-28 11:00:00Z;1.074043;0;3
2019-01-29 11:00:00Z;1.224072;0;3
2019-01-30 11:00:00Z;1.328545;0;3
2019-01-31 11:00:00Z;1.300411;0;3
2019-02-01 11:00:00Z;1.454667;0;3
2019-02-02 11:00:00Z;1.599985;0;3
2019-02-03 11:00:00Z;1.979127;0;3
2019-02-04 11:00:00Z;1.945061;0;3
2019-02-05 11:00:00Z;2.820637;0;3
2019-02-06 11:00:00Z;2.431605;0;3
2019-02-07 11:00:00Z;1.498263;0;3
2019-02-08 11:00:00Z;1.644659;0;3
2019-02-09 11:00:00Z;6.884572;0;3
2019-02-10 11:00:00Z;22.39899;0;3
2019-02-11 11:00:00Z;28.33501;0;3
2019-02-12 11:00:00Z;20.66199;0;3
2019-02-13 11:00:00Z;14.67637;0;3
2019-02-14 11:00:00Z;14.64689;0;3
2019-02-15 11:00:00Z;16.35015;0;3
2019-02-16 11:00:00Z;13.39549;0;3
2019-02-17 11:00:00Z;13.34694;0;3
2019-02-18 11:00:00Z;14.51684;0;3
2019-02-19 11:00:00Z;25.15273;0;3
2019-02-20 11:00:00Z;29.38852;0;3
2019-02-21 11:00:00Z;23.33126;0;3
2019-02-22 11:00:00Z;20.32985;0;3
2019-02-23 11:00:00Z;14.34391;0;3
2019-02-24 11:00:00Z;11.06999;0;3
2019-02-25 11:00:00Z;11.42853;0;3
2019-02-26 11:00:00Z;10.1059;0;3
2019-02-27 11:00:00Z;10.84149;0;3
2019-02-28 11:00:00Z;9.502522;0;3
2019-03-01 11:00:00Z;7.941597;0;3
2019-03-02 11:00:00Z;5.661008;0;3
2019-03-03 11:00:00Z;9.190984;0;3
2019-03-04 11:00:00Z;18.65484;0;3
2019-03-05 11:00:00Z;23.08163;0;3
2019-03-06 11:00:00Z;16.1113;0;3
2019-03-07 11:00:00Z;16.52281;0;3
2019-03-08 11:00:00Z;24.64255;0;3
2019-03-09 11:00:00Z;19.67026;0;3
2019-03-10 11:00:00Z;17.02384;0;3
2019-03-11 11:00:00Z;11.71922;0;3
2019-03-12 11:00:00Z;11.62884;0;3
2019-03-13 11:00:00Z;13.25098;0;3
2019-03-14 11:00:00Z;11.03128;0;3
2019-03-15 11:00:00Z;10.00422;0;3
2019-03-16 11:00:00Z;9.599177;0;3
2019-03-17 11:00:00Z;14.90544;0;3
2019-03-18 11:00:00Z;13.27713;0;3
2019-03-19 11:00:00Z;9.125611;0;3
2019-03-20 11:00:00Z;8.253683;0;3
2019-03-21 11:00:00Z;16.96933;0;3
2019-03-22 11:00:00Z;28.689;0;3
2019-03-23 11:00:00Z;35.22449;0;3
2019-03-24 11:00:00Z;30.56917;0;3
2019-03-25 11:00:00Z;25.36699;0;3
2019-03-26 11:00:00Z;18.6733;0;3
2019-03-27 11:00:00Z;14.90811;0;3
2019-03-28 11:00:00Z;21.5611;0;3
2019-03-29 11:00:00Z;31.56152;0;3
2019-03-30 11:00:00Z;32.52829;0;3
2019-03-31 11:00:00Z;27.84697;0;3
2019-04-01 11:00:00Z;18.21016;0;3
2019-04-02 11:00:00Z;11.40001;0;3
2019-04-03 11:00:00Z;9.60532;0;3
2019-04-04 11:00:00Z;7.884704;0;3
2019-04-05 11:00:00Z;8.985638;0;3
2019-04-06 11:00:00Z;10.79005;0;3
2019-04-07 11:00:00Z;11.92559;0;3
2019-04-08 11:00:00Z;10.8653;0;3
2019-04-09 11:00:00Z;8.702904;0;3
2019-04-10 11:00:00Z;7.032191;0;3
2019-04-11 11:00:00Z;5.699389;0;3
2019-04-12 11:00:00Z;4.825957;0;3
2019-04-13 11:00:00Z;4.259321;0;3
2019-04-14 11:00:00Z;3.822093;0;3
2019-04-15 11:00:00Z;3.385071;0;3
2019-04-16 11:00:00Z;3.132318;0;3
2019-04-17 11:00:00Z;2.916827;0;3
2019-04-18 11:00:00Z;2.774137;0;3
2019-04-19 11:00:00Z;2.67348;0;3
2019-04-20 11:00:00Z;2.616772;0;3
2019-04-21 11:00:00Z;2.681016;0;3
2019-04-22 11:00:00Z;2.775902;0;3
2019-04-23 11:00:00Z;2.800385;0;3
2019-04-24 11:00:00Z;2.832637;0;3
2019-04-25 11:00:00Z;2.81045;0;3
2019-04-26 11:00:00Z;3.039365;0;3
2019-04-27 11:00:00Z;4.716528;0;3
2019-04-28 11:00:00Z;8.325888;0;3
2019-04-29 11:00:00Z;10.77328;0;3
2019-04-30 11:00:00Z;8.88828;0;3
2019-05-01 11:00:00Z;6.564614;0;3
2019-05-02 11:00:00Z;5.131387;0;3
2019-05-03 11:00:00Z;4.090999;0;3
2019-05-04 11:00:00Z;3.428029;0;3
2019-05-05 11:00:00Z;2.902647;0;3
2019-05-06 11:00:00Z;2.724107;0;3
2019-05-07 11:00:00Z;2.438148;0;3
2019-05-08 11:00:00Z;2.234228;0;3
2019-05-09 11:00:00Z;2.174076;0;3
2019-05-10 11:00:00Z;2.910222;0;3
2019-05-11 11:00:00Z;4.740849;0;3
2019-05-12 11:00:00Z;5.877387;0;3
2019-05-13 11:00:00Z;4.713333;0;3
2019-05-14 11:00:00Z;3.675935;0;3
2019-05-15 11:00:00Z;3.147041;0;3
2019-05-16 11:00:00Z;2.675146;0;3
2019-05-17 11:00:00Z;2.288981;0;3
2019-05-18 11:00:00Z;2.082869;0;3
2019-05-19 11:00:00Z;1.963097;0;3
2019-05-20 11:00:00Z;1.772995;0;3
2019-05-21 11:00:00Z;1.724215;0;3
2019-05-22 11:00:00Z;2.755291;0;3
2019-05-23 11:00:00Z;6.957088;0;3
2019-05-24 11:00:00Z;30.88607;0;3
2019-05-25 11:00:00Z;25.37971;0;3
2019-05-26 11:00:00Z;13.74444;0;3
2019-05-27 11:00:00Z;8.772953;0;3
2019-05-28 11:00:00Z;6.160494;0;3
2019-05-29 11:00:00Z;4.598048;0;3
2019-05-30 11:00:00Z;4.686441;0;3
2019-05-31 11:00:00Z;5.534551;0;3
2019-06-01 11:00:00Z;8.030294;0;3
2019-06-02 11:00:00Z;8.678963;0;3
2019-06-03 11:00:00Z;8.238037;0;3
2019-06-04 11:00:00Z;8.735382;0;3
2019-06-05 11:00:00Z;7.512891;0;3
2019-06-06 11:00:00Z;6.633658;0;3
2019-06-07 11:00:00Z;6.132428;0;3
2019-06-08 11:00:00Z;5.46817;0;3
2019-06-09 11:00:00Z;16.17594;0;3
2019-06-10 11:00:00Z;20.31116;0;3
2019-06-11 11:00:00Z;14.09151;0;3
2019-06-12 11:00:00Z;11.58367;0;3
2019-06-13 11:00:00Z;9.782664;0;3
2019-06-14 11:00:00Z;10.44455;0;3
2019-06-15 11:00:00Z;11.03043;0;3
2019-06-16 11:00:00Z;9.364975;0;3
2019-06-17 11:00:00Z;7.935592;0;3
2019-06-18 11:00:00Z;6.430758;0;3
2019-06-19 11:00:00Z;5.308609;0;3
2019-06-20 11:00:00Z;4.559752;0;3
2019-06-21 11:00:00Z;4.064665;0;3
2019-06-22 11:00:00Z;3.720217;0;3
2019-06-23 11:00:00Z;3.533108;0;3
2019-06-24 11:00:00Z;3.290082;0;3
2019-06-25 11:00:00Z;3.025504;0;3
2019-06-26 11:00:00Z;2.805734;0;3
2019-06-27 11:00:00Z;2.587128;0;3
2019-06-28 11:00:00Z;2.370569;0;3
2019-06-29 11:00:00Z;2.127274;0;3
2019-06-30 11:00:00Z;1.921098;0;3
2019-07-01 11:00:00Z;1.856349;0;3
2019-07-02 11:00:00Z;1.834178;0;3
2019-07-03 11:00:00Z;1.82937;0;3
2019-07-04 11:00:00Z;1.594397;0;3
2019-07-05 11:00:00Z;1.447039;0;3
2019-07-06 11:00:00Z;1.403948;0;3
2019-07-07 11:00:00Z;1.372691;0;3
2019-07-08 11:00:00Z;1.334387;0;3
2019-07-09 11:00:00Z;1.283773;0;3
2019-07-10 11:00:00Z;1.226631;0;3
2019-07-11 11:00:00Z;1.199234;0;3
2019-07-12 11:00:00Z;1.208572;0;3
2019-07-13 11:00:00Z;1.193681;0;3
2019-07-14 11:00:00Z;1.215475;0;3
2019-07-15 11:00:00Z;1.263502;0;3
2019-07-16 11:00:00Z;1.187753;0;3
2019-07-17 11:00:00Z;1.083186;0;3
2019-07-18 11:00:00Z;1.188237;0;3
2019-07-19 11:00:00Z;1.193881;0;3
2019-07-20 11:00:00Z;1.395149;0;3
2019-07-21 11:00:00Z;4.092704;0;3
2019-07-22 11:00:00Z;9.911615;0;3
2019-07-23 11:00:00Z;9.515575;0;3
2019-07-24 11:00:00Z;7.319217;0;3
2019-07-25 11:00:00Z;5.136352;0;3
2019-07-26 11:00:00Z;3.647544;0;3
2019-07-27 11:00:00Z;2.755759;0;3
2019-07-28 11:00:00Z;2.217166;0;3
2019-07-29 11:00:00Z;2.031948;0;3
2019-07-30 11:00:00Z;2.114464;0;3
2019-07-31 11:00:00Z;2.406902;0;3
2019-08-01 11:00:00Z;2.894649;0;3
2019-08-02 11:00:00Z;3.243299;0;3
2019-08-03 11:00:00Z;2.969907;0;3
2019-08-04 11:00:00Z;2.500308;0;3
2019-08-05 11:00:00Z;2.04163;0;3
2019-08-06 11:00:00Z;2.074147;0;3
2019-08-07 11:00:00Z;2.300564;0;3
2019-08-08 11:00:00Z;2.761943;0;3
2019-08-09 11:00:00Z;2.76771;0;3
2019-08-10 11:00:00Z;6.467332;0;3
2019-08-11 11:00:00Z;45.59362;0;3
2019-08-12 11:00:00Z;69.67905;0;3
2019-08-13 11:00:00Z;40.10976;0;3
2019-08-14 11:00:00Z;20.17228;0;3
2019-08-15 11:00:00Z;12.09233;0;3
2019-08-16 11:00:00Z;9.13398;0;3
2019-08-17 11:00:00Z;16.67295;0;3
2019-08-18 11:00:00Z;29.88493;0;3
2019-08-19 11:00:00Z;36.05759;0;3
2019-08-20 11:00:00Z;47.61313;0;3
2019-08-21 11:00:00Z;35.39254;0;3
2019-08-22 11:00:00Z;37.95624;0;3
2019-08-23 11:00:00Z;54.6892;0;3
2019-08-24 11:00:00Z;33.53038;0;3
2019-08-25 11:00:00Z;18.32057;0;3
2019-08-26 11:00:00Z;11.37999;0;3
2019-08-27 11:00:00Z;7.875718;0;3
2019-08-28 11:00:00Z;5.869332;0;3
2019-08-29 11:00:00Z;4.748349;0;3
2019-08-30 11:00:00Z;3.970747;0;3
2019-08-31 11:00:00Z;4.69609;0;3
2019-09-01 11:00:00Z;6.061274;0;3
2019-09-02 11:00:00Z;5.762882;0;3
2019-09-03 11:00:00Z;5.824437;0;3
2019-09-04 11:00:00Z;10.3341;0;3
2019-09-05 11:00:00Z;24.50715;0;3
2019-09-06 11:00:00Z;18.42857;0;3
2019-09-07 11:00:00Z;17.47982;0;3
2019-09-08 11:00:00Z;14.77892;0;3
2019-09-09 11:00:00Z;9.913951;0;3
2019-09-10 11:00:00Z;8.843868;0;3
2019-09-11 11:00:00Z;8.775581;0;3
2019-09-12 11:00:00Z;10.23839;0;3
2019-09-13 11:00:00Z;9.884315;0;3
2019-09-14 11:00:00Z;8.178487;0;3
2019-09-15 11:00:00Z;46.04941;0;3
2019-09-16 11:00:00Z;38.90261;0;3
2019-09-17 11:00:00Z;21.91859;0;3
2019-09-18 11:00:00Z;14.102;0;3
2019-09-19 11:00:00Z;9.505519;0;3
2019-09-20 11:00:00Z;6.728453;0;3
2019-09-21 11:00:00Z;5.577464;0;3
2019-09-22 11:00:00Z;4.628372;0;3
2019-09-23 11:00:00Z;3.945853;0;3
2019-09-24 11:00:00Z;3.270338;0;3
2019-09-25 11:00:00Z;2.893282;0;3
2019-09-26 11:00:00Z;2.790591;0;3
2019-09-27 11:00:00Z;32.50014;0;3
2019-09-28 11:00:00Z;54.69014;0;3
2019-09-29 11:00:00Z;39.74086;0;3
2019-09-30 11:00:00Z;22.91532;0;3
2019-10-01 11:00:00Z;13.35909;0;3
2019-10-02 11:00:00Z;9.206811;0;3
2019-10-03 11:00:00Z;6.700073;0;3
2019-10-04 11:00:00Z;5.864393;0;3
2019-10-05 11:00:00Z;4.984694;0;3
2019-10-06 11:00:00Z;4.230399;0;3
2019-10-07 11:00:00Z;3.463278;0;3
2019-10-08 11:00:00Z;4.346456;0;3
2019-10-09 11:00:00Z;11.0365;0;3
2019-10-10 11:00:00Z;28.13872;0;3
2019-10-11 11:00:00Z;30.5769;0;3
2019-10-12 11:00:00Z;39.19916;0;3
2019-10-13 11:00:00Z;32.92425;0;3
2019-10-14 11:00:00Z;44.86021;0;3
2019-10-15 11:00:00Z;36.33408;0;3
2019-10-16 11:00:00Z;29.39631;0;3
2019-10-17 11:00:00Z;19.72925;0;3
2019-10-18 11:00:00Z;17.56088;0;3
2019-10-19 11:00:00Z;28.30346;0;3
2019-10-20 11:00:00Z;30.802;0;3
2019-10-21 11:00:00Z;22.87051;0;3
2019-10-22 11:00:00Z;14.56477;0;3
2019-10-23 11:00:00Z;10.47477;0;3
2019-10-24 11:00:00Z;8.562849;0;3
2019-10-25 11:00:00Z;15.99998;0;3
2019-10-26 11:00:00Z;22.23024;0;3
2019-10-27 11:00:00Z;21.14539;0;3
2019-10-28 11:00:00Z;17.27955;0;3
2019-10-29 11:00:00Z;12.40767;0;3
2019-10-30 11:00:00Z;9.42509;0;3
2019-10-31 11:00:00Z;7.126394;0;3
2019-11-01 11:00:00Z;5.748631;0;3
2019-11-02 11:00:00Z;5.102567;0;3
2019-11-03 11:00:00Z;5.373106;0;3
2019-11-04 11:00:00Z;4.755418;0;3
2019-11-05 11:00:00Z;4.030026;0;3
2019-11-06 11:00:00Z;3.733194;0;3
2019-11-07 11:00:00Z;3.407455;0;3
2019-11-08 11:00:00Z;3.01246;0;3
2019-11-09 11:00:00Z;2.573471;0;3
2019-11-10 11:00:00Z;2.642115;0;3
2019-11-11 11:00:00Z;2.352508;0;3
2019-11-12 11:00:00Z;3.778372;0;3
2019-11-13 11:00:00Z;9.660991;0;3
2019-11-14 11:00:00Z;9.913362;0;3
2019-11-15 11:00:00Z;8.913484;0;3
2019-11-16 11:00:00Z;8.494088;0;3
2019-11-17 11:00:00Z;8.488461;0;3
2019-11-18 11:00:00Z;7.848518;0;3
2019-11-19 11:00:00Z;10.82366;0;3
2019-11-20 11:00:00Z;10.83374;0;3
2019-11-21 11:00:00Z;9.86;0;3
2019-11-22 11:00:00Z;15.48832;0;3
2019-11-23 11:00:00Z;29.70826;0;3
2019-11-24 11:00:00Z;25.61053;0;3
2019-11-25 11:00:00Z;18.58052;0;3
2019-11-26 11:00:00Z;15.44713;0;3
2019-11-27 11:00:00Z;14.97557;0;3
2019-11-28 11:00:00Z;13.8544;0;3
2019-11-29 11:00:00Z;11.92264;0;3
2019-11-30 11:00:00Z;11.16225;0;3
2019-12-01 11:00:00Z;9.198177;0;3
2019-12-02 11:00:00Z;7.757981;0;3
2019-12-03 11:00:00Z;5.203558;0;3
2019-12-04 11:00:00Z;4.102843;0;3
2019-12-05 11:00:00Z;5.176934;0;3
2019-12-06 11:00:00Z;38.68249;0;3
2019-12-07 11:00:00Z;42.45564;0;3
2019-12-08 11:00:00Z;49.26913;0;3
2019-12-09 11:00:00Z;61.6312;0;3
2019-12-10 11:00:00Z;37.50465;0;3
2019-12-11 11:00:00Z;92.19904;0;3
2019-12-12 11:00:00Z;61.41977;0;3
2019-12-13 11:00:00Z;34.90758;0;3
2019-12-14 11:00:00Z;21.95585;0;3
2019-12-15 11:00:00Z;17.7857;0;3
2019-12-16 11:00:00Z;14.3348;0;3
2019-12-17 11:00:00Z;14.42196;0;3
2019-12-18 11:00:00Z;16.71896;0;3
2019-12-19 11:00:00Z;16.73806;0;3
2019-12-20 11:00:00Z;29.15161;0;3
2019-12-21 11:00:00Z;73.79816;0;3
2019-12-22 11:00:00Z;53.26393;0;3
2019-12-23 11:00:00Z;39.49865;0;3
2019-12-24 11:00:00Z;34.25661;0;3
2019-12-25 11:00:00Z;24.65491;0;3
2019-12-26 11:00:00Z;16.72374;0;3
2019-12-27 11:00:00Z;11.62326;0;3
2019-12-28 11:00:00Z;8.308836;0;3
2019-12-29 11:00:00Z;8.658024;0;3
2019-12-30 11:00:00Z;13.63409;0;3
2019-12-31 11:00:00Z;22.24557;0;3
2020-01-01 11:00:00Z;17.02477;0;3
2020-01-02 11:00:00Z;11.88793;0;3
2020-01-03 11:00:00Z;19.97842;0;3
2020-01-04 11:00:00Z;24.84476;0;3
2020-01-05 11:00:00Z;15.64457;0;3
2020-01-06 11:00:00Z;14.81413;0;3
2020-01-07 11:00:00Z;20.91695;0;3
2020-01-08 11:00:00Z;62.25154;0;3
2020-01-09 11:00:00Z;46.07478;0;3
2020-01-10 11:00:00Z;25.11672;0;3
2020-01-11 11:00:00Z;52.54165;0;3
2020-01-12 11:00:00Z;113.8335;0;3
2020-01-13 11:00:00Z;48.99722;0;3
2020-01-14 11:00:00Z;53.76161;0;3
2020-01-15 11:00:00Z;66.2141;0;3
2020-01-16 11:00:00Z;51.52974;0;3
2020-01-17 11:00:00Z;95.17128;0;3
2020-01-18 11:00:00Z;100.4894;0;3
2020-01-19 11:00:00Z;45.88762;0;3
2020-01-20 11:00:00Z;23.42888;0;3
2020-01-21 11:00:00Z;15.57186;0;3
2020-01-22 11:00:00Z;12.13721;0;3
2020-01-23 11:00:00Z;9.504133;0;3
2020-01-24 11:00:00Z;8.360732;0;3
2020-01-25 11:00:00Z;7.544761;0;3
2020-01-26 11:00:00Z;7.849483;0;3
2020-01-27 11:00:00Z;23.54137;0;3
2020-01-28 11:00:00Z;32.88842;0;3
2020-01-29 11:00:00Z;24.39627;0;3
2020-01-30 11:00:00Z;17.84703;0;3
2020-01-31 11:00:00Z;17.18229;0;3
2020-02-01 11:00:00Z;30.3938;0;3
2020-02-02 11:00:00Z;52.27085;0;3
2020-02-03 11:00:00Z;29.23365;0;3
2020-02-04 11:00:00Z;18.35102;0;3
2020-02-05 11:00:00Z;12.10104;0;3
2020-02-06 11:00:00Z;11.39346;0;3
2020-02-07 11:00:00Z;10.97115;0;3
2020-02-08 11:00:00Z;10.25149;0;3
2020-02-09 11:00:00Z;48.44049;0;3
2020-02-10 11:00:00Z;116.4919;0;3
2020-02-11 11:00:00Z;55.93451;0;3
2020-02-12 11:00:00Z;33.41767;0;3
2020-02-13 11:00:00Z;20.84941;0;3
2020-02-14 11:00:00Z;14.1868;0;3
2020-02-15 11:00:00Z;18.93596;0;3
2020-02-16 11:00:00Z;136.5413;0;3
2020-02-17 11:00:00Z;112.076;0;3
2020-02-18 11:00:00Z;77.20693;0;3
2020-02-19 11:00:00Z;48.4401;0;3
2020-02-20 11:00:00Z;39.61675;0;3
2020-02-21 11:00:00Z;66.43964;0;3
2020-02-22 11:00:00Z;118.2732;0;3
2020-02-23 11:00:00Z;82.25845;0;3
2020-02-24 11:00:00Z;43.6516;0;3
2020-02-25 11:00:00Z;24.92599;0;3
2020-02-26 11:00:00Z;17.13247;0;3
2020-02-27 11:00:00Z;12.02407;0;3
2020-02-28 11:00:00Z;9.437016;0;3
2020-02-29 11:00:00Z;8.392035;0;3
2020-03-01 11:00:00Z;12.12844;0;3
2020-03-02 11:00:00Z;23.17072;0;3
2020-03-03 11:00:00Z;23.68664;0;3
2020-03-04 11:00:00Z;18.79951;0;3
2020-03-05 11:00:00Z;13.46878;0;3
2020-03-06 11:00:00Z;10.29255;0;3
2020-03-07 11:00:00Z;8.168881;0;3
2020-03-08 11:00:00Z;41.38724;0;3
2020-03-09 11:00:00Z;77.28638;0;3
2020-03-10 11:00:00Z;59.00863;0;3
2020-03-11 11:00:00Z;53.93304;0;3
2020-03-12 11:00:00Z;46.69061;0;3
2020-03-13 11:00:00Z;30.76005;0;3
2020-03-14 11:00:00Z;19.01499;0;3
2020-03-15 11:00:00Z;58.03519;0;3
2020-03-16 11:00:00Z;90.80323;0;3
2020-03-17 11:00:00Z;52.41437;0;3
2020-03-18 11:00:00Z;48.56555;0;3
2020-03-19 11:00:00Z;32.30619;0;3
2020-03-20 11:00:00Z;22.13859;0;3
2020-03-21 11:00:00Z;15.8406;0;3
2020-03-22 11:00:00Z;11.64908;0;3
2020-03-23 11:00:00Z;8.964788;0;3
2020-03-24 11:00:00Z;7.245049;0;3
2020-03-25 11:00:00Z;6.35333;0;3
2020-03-26 11:00:00Z;5.928017;0;3
2020-03-27 11:00:00Z;5.891102;0;3
2020-03-28 11:00:00Z;6.052744;0;3
2020-03-29 11:00:00Z;5.689101;0;3
2020-03-30 11:00:00Z;5.066157;0;3
2020-03-31 11:00:00Z;4.407733;0;3
2020-04-01 11:00:00Z;3.840735;0;3
2020-04-02 11:00:00Z;4.236708;0;3
2020-04-03 11:00:00Z;5.895272;0;3
2020-04-04 11:00:00Z;5.966852;0;3
2020-04-05 11:00:00Z;5.870577;0;3
2020-04-06 11:00:00Z;6.315019;0;3
2020-04-07 11:00:00Z;8.612703;0;3
2020-04-08 11:00:00Z;11.66251;0;3
2020-04-09 11:00:00Z;11.17889;0;3
2020-04-10 11:00:00Z;9.454582;0;3
2020-04-11 11:00:00Z;7.745501;0;3
2020-04-12 11:00:00Z;8.201923;0;3
2020-04-13 11:00:00Z;9.339414;0;3
2020-04-14 11:00:00Z;8.224447;0;3
2020-04-15 11:00:00Z;6.220528;0;3
2020-04-16 11:00:00Z;6.000453;0;3
2020-04-17 11:00:00Z;7.127315;0;3
2020-04-18 11:00:00Z;6.437771;0;3
2020-04-19 11:00:00Z;5.235929;0;3
2020-04-20 11:00:00Z;4.412271;0;3
2020-04-21 11:00:00Z;4.201993;0;3
2020-04-22 11:00:00Z;4.412954;0;3
2020-04-23 11:00:00Z;4.773972;0;3
2020-04-24 11:00:00Z;4.750865;0;3
2020-04-25 11:00:00Z;4.489811;0;3
2020-04-26 11:00:00Z;4.058964;0;3
2020-04-27 11:00:00Z;3.615342;0;3
2020-04-28 11:00:00Z;3.277634;0;3
2020-04-29 11:00:00Z;2.938225;0;3
2020-04-30 11:00:00Z;3.080345;0;3
2020-05-01 11:00:00Z;3.444768;0;3
2020-05-02 11:00:00Z;3.367828;0;3
2020-05-03 11:00:00Z;3.153673;0;3
2020-05-04 11:00:00Z;2.937578;0;3
2020-05-05 11:00:00Z;2.740523;0;3
2020-05-06 11:00:00Z;2.602029;0;3
2020-05-07 11:00:00Z;2.350336;0;3
2020-05-08 11:00:00Z;2.185423;0;3
2020-05-09 11:00:00Z;2.06868;0;3
2020-05-10 11:00:00Z;2.151063;0;3
2020-05-11 11:00:00Z;2.059615;0;3
2020-05-12 11:00:00Z;1.958939;0;3
2020-05-13 11:00:00Z;1.910367;0;3
2020-05-14 11:00:00Z;1.776224;0;3
2020-05-15 11:00:00Z;1.723844;0;3
2020-05-16 11:00:00Z;1.680435;0;3
2020-05-17 11:00:00Z;1.646352;0;3
2020-05-18 11:00:00Z;1.576996;0;3
2020-05-19 11:00:00Z;1.561431;0;3
2020-05-20 11:00:00Z;1.550333;0;3
2020-05-21 11:00:00Z;1.48611;0;3
2020-05-22 11:00:00Z;1.986819;0;3
2020-05-23 11:00:00Z;3.463758;0;3
2020-05-24 11:00:00Z;13.04618;0;3
2020-05-25 11:00:00Z;17.62051;0;3
2020-05-26 11:00:00Z;12.00842;0;3
2020-05-27 11:00:00Z;7.777779;0;3
2020-05-28 11:00:00Z;5.482318;0;3
2020-05-29 11:00:00Z;4.16736;0;3
2020-05-30 11:00:00Z;3.361293;0;3
2020-05-31 11:00:00Z;2.807526;0;3
2020-06-01 11:00:00Z;2.422821;0;3
2020-06-02 11:00:00Z;2.091767;0;3
2020-06-03 11:00:00Z;1.859408;0;3
2020-06-04 11:00:00Z;2.008855;0;3
2020-06-05 11:00:00Z;15.07743;0;3
2020-06-06 11:00:00Z;21.43574;0;3
2020-06-07 11:00:00Z;14.27952;0;3
2020-06-08 11:00:00Z;8.680185;0;3
2020-06-09 11:00:00Z;5.97656;0;3
2020-06-10 11:00:00Z;4.560925;0;3
2020-06-11 11:00:00Z;3.657598;0;3
2020-06-12 11:00:00Z;3.049191;0;3
2020-06-13 11:00:00Z;2.66245;0;3
2020-06-14 11:00:00Z;3.638896;0;3
2020-06-15 11:00:00Z;4.090892;0;3
2020-06-16 11:00:00Z;3.868767;0;3
2020-06-17 11:00:00Z;3.263178;0;3
2020-06-18 11:00:00Z;2.773488;0;3
2020-06-19 11:00:00Z;2.629785;0;3
2020-06-20 11:00:00Z;6.582687;0;3
2020-06-21 11:00:00Z;10.34674;0;3
2020-06-22 11:00:00Z;8.127773;0;3
2020-06-23 11:00:00Z;6.701962;0;3
2020-06-24 11:00:00Z;5.252306;0;3
2020-06-25 11:00:00Z;3.999995;0;3
2020-06-26 11:00:00Z;3.188424;0;3
2020-06-27 11:00:00Z;2.723825;0;3
2020-06-28 11:00:00Z;2.587021;0;3
2020-06-29 11:00:00Z;4.645671;0;3
2020-06-30 11:00:00Z;18.10418;0;3
2020-07-01 11:00:00Z;20.63838;0;3
2020-07-02 11:00:00Z;13.00105;0;3
2020-07-03 11:00:00Z;8.162821;0;3
2020-07-04 11:00:00Z;6.955169;0;3
2020-07-05 11:00:00Z;10.57523;0;3
2020-07-06 11:00:00Z;32.55623;0;3
2020-07-07 11:00:00Z;24.37316;2;3
2020-07-08 11:00:00Z;16.19026;0;3
2020-07-09 11:00:00Z;10.01076;0;3
2020-07-10 11:00:00Z;7.421926;0;3
2020-07-11 11:00:00Z;6.769823;0;3
2020-07-12 11:00:00Z;5.575885;0;3
2020-07-13 11:00:00Z;4.668701;0;3
2020-07-14 11:00:00Z;8.617873;0;3
2020-07-15 11:00:00Z;12.60958;0;3
2020-07-16 11:00:00Z;10.77399;0;3
2020-07-17 11:00:00Z;8.039419;0;3
2020-07-18 11:00:00Z;14.68564;0;3
2020-07-19 11:00:00Z;52.44535;0;3
2020-07-20 11:00:00Z;35.68784;0;3
2020-07-21 11:00:00Z;18.86936;0;3
2020-07-22 11:00:00Z;11.30104;0;3
2020-07-23 11:00:00Z;7.655809;0;3
2020-07-24 11:00:00Z;9.355746;0;3
2020-07-25 11:00:00Z;8.61788;0;3
2020-07-26 11:00:00Z;18.72782;0;3
2020-07-27 11:00:00Z;39.19359;0;3
2020-07-28 11:00:00Z;69.21619;0;3
2020-07-29 11:00:00Z;80.13249;0;3
2020-07-30 11:00:00Z;48.4902;0;3
2020-07-31 11:00:00Z;25.41869;0;3
2020-08-01 11:00:00Z;15.19661;0;3
2020-08-02 11:00:00Z;10.05236;0;3
2020-08-03 11:00:00Z;7.365115;0;3
2020-08-04 11:00:00Z;5.634799;0;3
2020-08-05 11:00:00Z;13.63797;0;3
2020-08-06 11:00:00Z;24.20347;0;3
2020-08-07 11:00:00Z;18.79238;0;3
2020-08-08 11:00:00Z;12.03544;0;3
2020-08-09 11:00:00Z;8.076698;0;3
2020-08-10 11:00:00Z;5.875521;0;3
2020-08-11 11:00:00Z;4.629187;0;3
2020-08-12 11:00:00Z;3.688822;0;3
2020-08-13 11:00:00Z;3.12675;0;3
2020-08-14 11:00:00Z;2.701073;0;3
2020-08-15 11:00:00Z;2.384165;0;3
2020-08-16 11:00:00Z;2.131993;0;3
2020-08-17 11:00:00Z;1.924976;0;3
2020-08-18 11:00:00Z;1.750024;0;3
2020-08-19 11:00:00Z;1.623675;0;3
2020-08-20 11:00:00Z;1.622282;0;3
2020-08-21 11:00:00Z;1.7681;0;3
2020-08-22 11:00:00Z;3.138201;0;3
2020-08-23 11:00:00Z;7.679869;0;3
2020-08-24 11:00:00Z;9.791749;0;3
2020-08-25 11:00:00Z;7.42614;0;3
2020-08-26 11:00:00Z;5.737207;0;3
2020-08-27 11:00:00Z;4.705506;0;3
2020-08-28 11:00:00Z;3.846114;0;3
2020-08-29 11:00:00Z;3.225515;0;3
2020-08-30 11:00:00Z;2.786592;0;3
2020-08-31 11:00:00Z;2.450554;0;3
2020-09-01 11:00:00Z;2.187034;0;3
2020-09-02 11:00:00Z;1.983616;0;3
2020-09-03 11:00:00Z;1.948469;0;3
2020-09-04 11:00:00Z;2.393713;0;3
2020-09-05 11:00:00Z;4.461483;0;3
2020-09-06 11:00:00Z;6.893189;0;3
2020-09-07 11:00:00Z;6.68743;0;3
2020-09-08 11:00:00Z;5.841961;0;3
2020-09-09 11:00:00Z;8.727462;0;3
2020-09-10 11:00:00Z;10.7279;0;3
2020-09-11 11:00:00Z;8.943437;0;3
2020-09-12 11:00:00Z;15.03725;0;3
2020-09-13 11:00:00Z;23.37717;0;3
2020-09-14 11:00:00Z;26.11106;0;3
2020-09-15 11:00:00Z;18.03432;0;3
2020-09-16 11:00:00Z;11.7248;0;3
2020-09-17 11:00:00Z;8.056107;0;3
2020-09-18 11:00:00Z;6.019153;0;3
2020-09-19 11:00:00Z;4.825828;0;3
2020-09-20 11:00:00Z;4.006609;0;3
2020-09-21 11:00:00Z;3.372901;0;3
2020-09-22 11:00:00Z;2.831082;0;3
2020-09-23 11:00:00Z;4.817828;0;3
2020-09-24 11:00:00Z;37.9954;0;3
2020-09-25 11:00:00Z;44.09726;0;3
2020-09-26 11:00:00Z;25.62262;0;3
2020-09-27 11:00:00Z;15.15193;0;3
2020-09-28 11:00:00Z;10.0159;0;3
2020-09-29 11:00:00Z;7.716203;0;3
2020-09-30 11:00:00Z;6.263565;0;3
2020-10-01 11:00:00Z;7.138522;0;3
2020-10-02 11:00:00Z;18.22245;0;3
2020-10-03 11:00:00Z;22.8227;0;3
2020-10-04 11:00:00Z;44.68743;0;3
2020-10-05 11:00:00Z;52.28221;0;3
2020-10-06 11:00:00Z;30.60332;0;3
2020-10-07 11:00:00Z;21.62506;0;3
2020-10-08 11:00:00Z;16.93399;0;3
2020-10-09 11:00:00Z;19.79886;0;3
2020-10-10 11:00:00Z;22.37113;0;3
2020-10-11 11:00:00Z;20.56318;0;3
2020-10-12 11:00:00Z;14.22079;0;3
2020-10-13 11:00:00Z;10.47019;0;3
2020-10-14 11:00:00Z;7.915287;0;3
2020-10-15 11:00:00Z;6.459807;0;3
2020-10-16 11:00:00Z;5.225074;0;3
2020-10-17 11:00:00Z;4.471425;0;3
2020-10-18 11:00:00Z;4.035099;0;3
2020-10-19 11:00:00Z;3.596591;0;3
2020-10-20 11:00:00Z;11.36681;0;3
2020-10-21 11:00:00Z;26.84991;0;3
2020-10-22 11:00:00Z;33.367;0;3
2020-10-23 11:00:00Z;32.61227;0;3
2020-10-24 11:00:00Z;20.38046;0;3
2020-10-25 11:00:00Z;62.39992;0;3
2020-10-26 11:00:00Z;53.12068;0;3
2020-10-27 11:00:00Z;32.88146;0;3
2020-10-28 11:00:00Z;42.13055;0;3
2020-10-29 11:00:00Z;51.8003;0;3
2020-10-30 11:00:00Z;33.60842;0;3
2020-10-31 11:00:00Z;21.51654;0;3
2020-11-01 11:00:00Z;28.16302;0;3
2020-11-02 11:00:00Z;87.13322;0;3
2020-11-03 11:00:00Z;65.46467;0;3
2020-11-04 11:00:00Z;34.61117;0;3
2020-11-05 11:00:00Z;19.90013;0;3
2020-11-06 11:00:00Z;14.88321;0;3
2020-11-07 11:00:00Z;10.36327;0;3
2020-11-08 11:00:00Z;9.02951;0;3
2020-11-09 11:00:00Z;7.427752;0;3
2020-11-10 11:00:00Z;5.677231;0;3
2020-11-11 11:00:00Z;4.904809;0;3
2020-11-12 11:00:00Z;4.975424;0;3
2020-11-13 11:00:00Z;8.685155;0;3
2020-11-14 11:00:00Z;25.05188;0;3
2020-11-15 11:00:00Z;60.59931;0;3
2020-11-16 11:00:00Z;108.6811;0;3
2020-11-17 11:00:00Z;66.43433;0;3
2020-11-18 11:00:00Z;57.98423;0;3
2020-11-19 11:00:00Z;93.48706;0;3
2020-11-20 11:00:00Z;46.15748;0;3
2020-11-21 11:00:00Z;46.60027;0;3
2020-11-22 11:00:00Z;54.44228;0;3
2020-11-23 11:00:00Z;40.28505;0;3
2020-11-24 11:00:00Z;38.25953;0;3
2020-11-25 11:00:00Z;44.70463;0;3
2020-11-26 11:00:00Z;41.4609;0;3
2020-11-27 11:00:00Z;25.78599;0;3
2020-11-28 11:00:00Z;16.50344;0;3
2020-11-29 11:00:00Z;11.14715;0;3
2020-11-30 11:00:00Z;9.174658;0;3
2020-12-01 11:00:00Z;13.0621;0;3
2020-12-02 11:00:00Z;11.16011;0;3
2020-12-03 11:00:00Z;32.0398;0;3
2020-12-04 11:00:00Z;32.30286;0;3
2020-12-05 11:00:00Z;20.94427;0;3
2020-12-06 11:00:00Z;18.38516;0;3
2020-12-07 11:00:00Z;25.68805;0;3
2020-12-08 11:00:00Z;59.11286;0;3
2020-12-09 11:00:00Z;41.27715;0;3
2020-12-10 11:00:00Z;25.55519;0;3
2020-12-11 11:00:00Z;20.2143;0;3
2020-12-12 11:00:00Z;15.63758;0;3
2020-12-13 11:00:00Z;12.26023;0;3
2020-12-14 11:00:00Z;25.89929;0;3
2020-12-15 11:00:00Z;51.32728;0;3
2020-12-16 11:00:00Z;45.17096;0;3
2020-12-17 11:00:00Z;44.56624;0;3
2020-12-18 11:00:00Z;58.64405;0;3
2020-12-19 11:00:00Z;70.77391;0;3
2020-12-20 11:00:00Z;69.00209;0;3
2020-12-21 11:00:00Z;49.96861;0;3
2020-12-22 11:00:00Z;41.67691;0;3
2020-12-23 11:00:00Z;32.43703;0;3
2020-12-24 11:00:00Z;20.92172;0;3
2020-12-25 11:00:00Z;13.72219;0;3
2020-12-26 11:00:00Z;9.784994;0;3
2020-12-27 11:00:00Z;68.39174;0;3
2020-12-28 11:00:00Z;77.42243;0;3
2020-12-29 11:00:00Z;36.75699;0;3
2020-12-30 11:00:00Z;22.36031;0;3
2020-12-31 11:00:00Z;15.40042;0;3
2021-01-01 11:00:00Z;11.36785;0;3
2021-01-02 11:00:00Z;8.786646;0;3
2021-01-03 11:00:00Z;8.115651;0;3
2021-01-04 11:00:00Z;8.043285;0;3
2021-01-05 11:00:00Z;6.411507;0;3
2021-01-06 11:00:00Z;4.713252;0;3
2021-01-07 11:00:00Z;3.766002;0;3
2021-01-08 11:00:00Z;3.553266;0;3
2021-01-09 11:00:00Z;3.676869;0;3
2021-01-10 11:00:00Z;2.927953;0;3
2021-01-11 11:00:00Z;2.667622;0;3
2021-01-12 11:00:00Z;2.8987;1;3
2021-01-13 11:00:00Z;3.066538;1;3
2021-01-14 11:00:00Z;2.395417;1;3
2021-01-15 11:00:00Z;2.227579;1;3
2021-01-16 11:00:00Z;2.8987;1;3
2021-01-17 11:00:00Z;2.395417;1;3
2021-01-18 11:00:00Z;2.227579;1;3
2021-01-19 11:00:00Z;1.86053;0;3
2021-01-20 11:00:00Z;2.395417;1;3
2021-01-21 11:00:00Z;5.583642;1;3
2021-01-22 11:00:00Z;36.29241;1;3
2021-01-23 11:00:00Z;27.06295;1;3
2021-01-24 11:00:00Z;18.67268;1;3
2021-01-25 11:00:00Z;13.29066;0;3
2021-01-26 11:00:00Z;10.13598;0;3
2021-01-27 11:00:00Z;7.74894;0;3
2021-01-28 11:00:00Z;5.646088;0;3
2021-01-29 11:00:00Z;4.447536;0;3
2021-01-30 11:00:00Z;4.017522;0;3
2021-01-31 11:00:00Z;3.600625;0;3
2021-02-01 11:00:00Z;3.477125;0;3
2021-02-02 11:00:00Z;3.439912;0;3
2021-02-03 11:00:00Z;3.234375;1;3
2021-02-04 11:00:00Z;3.234375;1;3
2021-02-05 11:00:00Z;3.066538;1;3
2021-02-06 11:00:00Z;2.563254;1;3
2021-02-07 11:00:00Z;2.731092;1;3
2021-02-08 11:00:00Z;2.059741;1;3
2021-02-09 11:00:00Z;2.059741;1;3
2021-02-10 11:00:00Z;1.891904;1;3
2021-02-11 11:00:00Z;1.556229;1;3
2021-02-12 11:00:00Z;1.220783;1;3
2021-02-13 11:00:00Z;1.220783;1;3
2021-02-14 11:00:00Z;1.220783;1;3
2021-02-15 11:00:00Z;1.220783;1;3
2021-02-16 11:00:00Z;1.388621;1;3
2021-02-17 11:00:00Z;0.9725856;3;3
2021-02-18 11:00:00Z;0.885108;3;3
2021-02-19 11:00:00Z;1.220783;1;3
2021-02-20 11:00:00Z;1.891904;1;3
2021-02-21 11:00:00Z;4.241171;1;3
2021-02-22 11:00:00Z;9.107544;1;3
2021-02-23 11:00:00Z;14.47743;1;3
2021-02-24 11:00:00Z;21.8609;1;3
2021-02-25 11:00:00Z;49.71689;1;3
2021-02-26 11:00:00Z;38.30601;1;3
2021-02-27 11:00:00Z;28.7411;1;3
2021-02-28 11:00:00Z;23.20338;1;3
2021-03-01 11:00:00Z;18.337;1;3
2021-03-02 11:00:00Z;15.65206;1;3
2021-03-03 11:00:00Z;12.79928;1;3
2021-03-04 11:00:00Z;11.12137;1;3
2021-03-05 11:00:00Z;9.036826;3;3
2021-03-06 11:00:00Z;8.436422;1;3
2021-03-07 11:00:00Z;7.932909;1;3
2021-03-08 11:00:00Z;5.08036;1;3
2021-03-09 11:00:00Z;3.570051;1;3
2021-03-10 11:00:00Z;3.083987;3;3
2021-03-11 11:00:00Z;3.066538;1;3
2021-03-12 11:00:00Z;3.905726;1;3
2021-03-13 11:00:00Z;6.926114;1;3
2021-03-14 11:00:00Z;10.61785;1;3
2021-03-15 11:00:00Z;16.17884;0;3
2021-03-16 11:00:00Z;11.59958;0;3
2021-03-17 11:00:00Z;8.412877;0;3
2021-03-18 11:00:00Z;6.651362;0;3
2021-03-19 11:00:00Z;5.66428;0;3
2021-03-20 11:00:00Z;5.149806;0;3
2021-03-21 11:00:00Z;5.39726;0;3
2021-03-22 11:00:00Z;5.407372;0;3
2021-03-23 11:00:00Z;6.183347;0;3
2021-03-24 11:00:00Z;10.1193;0;3
2021-03-25 11:00:00Z;18.20806;0;3
2021-03-26 11:00:00Z;23.06573;0;3
2021-03-27 11:00:00Z;44.84709;0;3
2021-03-28 11:00:00Z;37.25237;0;3
2021-03-29 11:00:00Z;48.65932;0;3
2021-03-30 11:00:00Z;56.72737;0;3
2021-03-31 11:00:00Z;49.56025;0;3
2021-04-01 11:00:00Z;33.88628;0;3
2021-04-02 11:00:00Z;22.26153;0;3
2021-04-03 11:00:00Z;15.24478;0;3
2021-04-04 11:00:00Z;11.62619;0;3
2021-04-05 11:00:00Z;11.9601;0;3
2021-04-06 11:00:00Z;10.85907;0;3
2021-04-07 11:00:00Z;8.286512;0;3
2021-04-08 11:00:00Z;7.004821;0;3
2021-04-09 11:00:00Z;14.78584;0;3
2021-04-10 11:00:00Z;14.69774;0;3
2021-04-11 11:00:00Z;10.76449;0;3
2021-04-12 11:00:00Z;8.207848;0;3
2021-04-13 11:00:00Z;6.739385;0;3
2021-04-14 11:00:00Z;5.751033;0;3
2021-04-15 11:00:00Z;5.114768;0;3
2021-04-16 11:00:00Z;4.740993;0;3
2021-04-17 11:00:00Z;4.472478;0;3
2021-04-18 11:00:00Z;4.400111;0;3
2021-04-19 11:00:00Z;4.736143;0;3
2021-04-20 11:00:00Z;5.769016;0;3
2021-04-21 11:00:00Z;6.48598;0;3
2021-04-22 11:00:00Z;6.12163;0;3
2021-04-23 11:00:00Z;5.094872;0;3
2021-04-24 11:00:00Z;4.152342;0;3
2021-04-25 11:00:00Z;3.539269;0;3
2021-04-26 11:00:00Z;3.161082;0;3
2021-04-27 11:00:00Z;2.863647;0;3
2021-04-28 11:00:00Z;2.636553;0;3
2021-04-29 11:00:00Z;2.46917;0;3
2021-04-30 11:00:00Z;2.304182;0;3
2021-05-01 11:00:00Z;2.18942;0;3
2021-05-02 11:00:00Z;2.099008;0;3
2021-05-03 11:00:00Z;2.036466;0;3
2021-05-04 11:00:00Z;2.636061;0;3
2021-05-05 11:00:00Z;2.95351;0;3
2021-05-06 11:00:00Z;2.893964;0;3
2021-05-07 11:00:00Z;2.854791;0;3
2021-05-08 11:00:00Z;2.670443;0;3
2021-05-09 11:00:00Z;3.378851;0;3
2021-05-10 11:00:00Z;6.104774;0;3
2021-05-11 11:00:00Z;8.413282;0;3
2021-05-12 11:00:00Z;8.43157;0;3
2021-05-13 11:00:00Z;7.441088;0;3
2021-05-14 11:00:00Z;6.84658;0;3
2021-05-15 11:00:00Z;8.116754;0;3
2021-05-16 11:00:00Z;12.26973;0;3
2021-05-17 11:00:00Z;10.99268;0;3
2021-05-18 11:00:00Z;8.851853;0;3
2021-05-19 11:00:00Z;7.229251;0;3
2021-05-20 11:00:00Z;5.747446;0;3
2021-05-21 11:00:00Z;4.592628;0;3
2021-05-22 11:00:00Z;4.555481;0;3
2021-05-23 11:00:00Z;5.564619;0;3
2021-05-24 11:00:00Z;7.571751;0;3
2021-05-25 11:00:00Z;23.86559;0;3
2021-05-26 11:00:00Z;23.82202;0;3
2021-05-27 11:00:00Z;14.87445;0;3
2021-05-28 11:00:00Z;9.481689;0;3
2021-05-29 11:00:00Z;6.612826;0;3
2021-05-30 11:00:00Z;4.994915;0;3
2021-05-31 11:00:00Z;3.911139;0;3
2021-06-01 11:00:00Z;3.251936;0;3
2021-06-02 11:00:00Z;2.780003;0;3
2021-06-03 11:00:00Z;2.681384;0;3
2021-06-04 11:00:00Z;4.156784;0;3
2021-06-05 11:00:00Z;3.991862;0;3
2021-06-06 11:00:00Z;3.394284;0;3
2021-06-07 11:00:00Z;2.843637;0;3
2021-06-08 11:00:00Z;2.453457;0;3
2021-06-09 11:00:00Z;2.148905;0;3
2021-06-10 11:00:00Z;1.90253;0;3
2021-06-11 11:00:00Z;1.742641;0;3
2021-06-12 11:00:00Z;1.65607;0;3
2021-06-13 11:00:00Z;1.512107;0;3
2021-06-14 11:00:00Z;2.170503;0;3
2021-06-15 11:00:00Z;2.578986;0;3
2021-06-16 11:00:00Z;2.482699;0;3
2021-06-17 11:00:00Z;2.492253;0;3
2021-06-18 11:00:00Z;3.126679;0;3
2021-06-19 11:00:00Z;4.466499;0;3
2021-06-20 11:00:00Z;6.753642;0;3
2021-06-21 11:00:00Z;10.56473;0;3
2021-06-22 11:00:00Z;9.3838;0;3
2021-06-23 11:00:00Z;6.622178;0;3
2021-06-24 11:00:00Z;4.732408;0;3
2021-06-25 11:00:00Z;3.628216;0;3
2021-06-26 11:00:00Z;3.132409;0;3
2021-06-27 11:00:00Z;2.798979;0;3
2021-06-28 11:00:00Z;2.391881;0;3
2021-06-29 11:00:00Z;2.005958;0;3
2021-06-30 11:00:00Z;1.761124;0;3
2021-07-01 11:00:00Z;1.58537;0;3
2021-07-02 11:00:00Z;1.482797;0;3
2021-07-03 11:00:00Z;1.392704;0;3
2021-07-04 11:00:00Z;1.369567;0;3
2021-07-05 11:00:00Z;1.534297;0;3
2021-07-06 11:00:00Z;4.644392;0;3
2021-07-07 11:00:00Z;13.62198;0;3
2021-07-08 11:00:00Z;24.11814;0;3
2021-07-09 11:00:00Z;22.09647;0;3
2021-07-10 11:00:00Z;13.81738;0;3
2021-07-11 11:00:00Z;8.57872;0;3
2021-07-12 11:00:00Z;5.673067;0;3
2021-07-13 11:00:00Z;4.087897;0;3
2021-07-14 11:00:00Z;3.540719;0;3
2021-07-15 11:00:00Z;3.066234;0;3
2021-07-16 11:00:00Z;2.437228;0;3
2021-07-17 11:00:00Z;2.056134;0;3
2021-07-18 11:00:00Z;1.800617;0;3
2021-07-19 11:00:00Z;1.561857;0;3
2021-07-20 11:00:00Z;1.427215;0;3
2021-07-21 11:00:00Z;1.32209;0;3
2021-07-22 11:00:00Z;1.212917;0;3
2021-07-23 11:00:00Z;1.14036;0;3
2021-07-24 11:00:00Z;1.068855;0;3
2021-07-25 11:00:00Z;1.027901;0;3
2021-07-26 11:00:00Z;1.081632;0;3
2021-07-27 11:00:00Z;2.269122;0;3
2021-07-28 11:00:00Z;13.02326;0;3
2021-07-29 11:00:00Z;19.60953;0;3
2021-07-30 11:00:00Z;13.66557;0;3
2021-07-31 11:00:00Z;5.410095;0;3
2021-08-01 11:00:00Z;3.204339;0;3
2021-08-02 11:00:00Z;5.100571;0;3
2021-08-03 11:00:00Z;4.184191;0;3
2021-08-04 11:00:00Z;3.388467;0;3
2021-08-05 11:00:00Z;2.792173;0;3
2021-08-06 11:00:00Z;2.363952;0;3
2021-08-07 11:00:00Z;1.941836;0;3
2021-08-08 11:00:00Z;1.526424;0;3
2021-08-09 11:00:00Z;1.813086;0;3
2021-08-10 11:00:00Z;3.056559;0;3
2021-08-11 11:00:00Z;3.441552;0;3
2021-08-12 11:00:00Z;2.85522;0;3
2021-08-13 11:00:00Z;2.351067;0;3
2021-08-14 11:00:00Z;4.128428;0;3
2021-08-15 11:00:00Z;8.305215;0;3
2021-08-16 11:00:00Z;7.786689;0;3
2021-08-17 11:00:00Z;5.180278;0;3
2021-08-18 11:00:00Z;3.44616;0;3
2021-08-19 11:00:00Z;2.577129;0;3
2021-08-20 11:00:00Z;2.016593;0;3
2021-08-21 11:00:00Z;1.667519;0;3
2021-08-22 11:00:00Z;1.36582;0;3
2021-08-23 11:00:00Z;1.253249;0;3
2021-08-24 11:00:00Z;1.086168;0;3
2021-08-25 11:00:00Z;0.9789996;0;3
2021-08-26 11:00:00Z;1.070286;0;3
2021-08-27 11:00:00Z;1.041451;0;3
2021-08-28 11:00:00Z;0.8801152;0;3
2021-08-29 11:00:00Z;0.7719112;0;3
2021-08-30 11:00:00Z;0.7651547;0;3
2021-08-31 11:00:00Z;0.7380946;0;3
2021-09-01 11:00:00Z;0.7135004;0;3
2021-09-02 11:00:00Z;0.6951889;0;3
2021-09-03 11:00:00Z;0.6673161;0;3
2021-09-04 11:00:00Z;0.6235337;0;3
2021-09-05 11:00:00Z;0.5970868;0;3
2021-09-06 11:00:00Z;0.5465718;0;3
2021-09-07 11:00:00Z;0.4984094;0;3
2021-09-08 11:00:00Z;0.5074102;0;3
2021-09-09 11:00:00Z;0.5875532;0;3
2021-09-10 11:00:00Z;0.6063619;0;3
2021-09-11 11:00:00Z;0.5514375;0;3
2021-09-12 11:00:00Z;0.5324864;0;3
2021-09-13 11:00:00Z;0.6184502;0;3
2021-09-14 11:00:00Z;0.5451576;0;3
2021-09-15 11:00:00Z;0.5198418;0;3
2021-09-16 11:00:00Z;0.5556223;0;3
2021-09-17 11:00:00Z;0.5787391;0;3
2021-09-18 11:00:00Z;0.5311776;0;3
2021-09-19 11:00:00Z;0.5131413;0;3
2021-09-20 11:00:00Z;0.4687001;0;3
2021-09-21 11:00:00Z;0.4079878;0;3
2021-09-22 11:00:00Z;0.391282;0;3
2021-09-23 11:00:00Z;0.5578565;0;3
2021-09-24 11:00:00Z;0.6007954;0;3
2021-09-25 11:00:00Z;0.6887016;0;3
2021-09-26 11:00:00Z;0.9738895;0;3
2021-09-27 11:00:00Z;0.8193627;0;3
2021-09-28 11:00:00Z;1.389427;0;3
2021-09-29 11:00:00Z;2.489582;0;3
2021-09-30 11:00:00Z;2.366683;0;3
2021-10-01 11:00:00Z;4.107708;0;3
2021-10-02 11:00:00Z;9.278865;0;3
2021-10-03 11:00:00Z;17.73273;0;3
2021-10-04 11:00:00Z;19.2246;0;3
2021-10-05 11:00:00Z;13.49121;0;3
2021-10-06 11:00:00Z;9.222132;0;3
2021-10-07 11:00:00Z;6.130733;0;3
2021-10-08 11:00:00Z;4.513793;0;3
2021-10-09 11:00:00Z;3.725585;0;3
2021-10-10 11:00:00Z;3.044078;0;3
2021-10-11 11:00:00Z;2.856908;0;3
2021-10-12 11:00:00Z;2.628381;0;3
2021-10-13 11:00:00Z;2.266465;0;3
2021-10-14 11:00:00Z;1.942992;0;3
2021-10-15 11:00:00Z;2.359776;0;3
2021-10-16 11:00:00Z;2.403077;0;3
2021-10-17 11:00:00Z;2.425139;0;3
2021-10-18 11:00:00Z;2.157339;0;3
2021-10-19 11:00:00Z;2.064587;0;3
2021-10-20 11:00:00Z;2.891876;0;3
2021-10-21 11:00:00Z;4.369382;0;3
2021-10-22 11:00:00Z;4.095526;0;3
2021-10-23 11:00:00Z;3.040909;0;3
2021-10-24 11:00:00Z;2.371933;0;3
2021-10-25 11:00:00Z;3.149658;0;3
2021-10-26 11:00:00Z;6.762396;0;3
2021-10-27 11:00:00Z;16.47928;0;3
2021-10-28 11:00:00Z;22.89956;0;3
2021-10-29 11:00:00Z;18.02719;0;3
2021-10-30 11:00:00Z;14.58472;0;3
2021-10-31 11:00:00Z;21.23083;0;3
2021-11-01 11:00:00Z;24.04535;0;3
2021-11-02 11:00:00Z;29.69536;0;3
2021-11-03 11:00:00Z;16.90587;0;3
2021-11-04 11:00:00Z;9.236559;0;3
2021-11-05 11:00:00Z;5.897815;0;3
2021-11-06 11:00:00Z;4.478662;0;3
2021-11-07 11:00:00Z;8.908421;0;3
2021-11-08 11:00:00Z;8.863367;0;3
2021-11-09 11:00:00Z;7.565554;0;3
2021-11-10 11:00:00Z;9.280645;0;3
2021-11-11 11:00:00Z;7.030526;0;3
2021-11-12 11:00:00Z;9.72235;0;3
2021-11-13 11:00:00Z;16.77176;0;3
2021-11-14 11:00:00Z;15.92975;0;3
2021-11-15 11:00:00Z;12.32097;0;3
2021-11-16 11:00:00Z;9.046982;0;3
2021-11-17 11:00:00Z;13.77086;0;3
2021-11-18 11:00:00Z;17.06009;0;3
2021-11-19 11:00:00Z;12.4753;0;3
2021-11-20 11:00:00Z;9.734535;0;3
2021-11-21 11:00:00Z;9.437716;0;3
2021-11-22 11:00:00Z;9.715845;0;3
2021-11-23 11:00:00Z;8.076961;0;3
2021-11-24 11:00:00Z;5.712577;0;3
2021-11-25 11:00:00Z;5.404099;0;3
2021-11-26 11:00:00Z;4.952401;0;3
2021-11-27 11:00:00Z;5.867013;0;3
2021-11-28 11:00:00Z;5.762583;0;3
2021-11-29 11:00:00Z;4.63195;1;3
2021-11-30 11:00:00Z;4.315332;1;3
2021-12-01 11:00:00Z;3.682095;1;3
2021-12-02 11:00:00Z;3.365477;1;3
2021-12-03 11:00:00Z;2.890664;1;3
2021-12-04 11:00:00Z;2.573816;1;3
2021-12-05 11:00:00Z;2.415622;1;3
2021-12-06 11:00:00Z;2.415622;1;3
2021-12-07 11:00:00Z;2.257198;1;3
2021-12-08 11:00:00Z;2.73224;1;3
2021-12-09 11:00:00Z;2.573816;1;3
2021-12-10 11:00:00Z;2.573816;1;3
2021-12-11 11:00:00Z;2.257198;1;3
2021-12-12 11:00:00Z;2.415622;1;3
2021-12-13 11:00:00Z;2.73224;1;3
2021-12-14 11:00:00Z;3.523901;1;3
2021-12-15 11:00:00Z;11.91463;1;3
2021-12-16 11:00:00Z;23.12217;0;3
2021-12-17 11:00:00Z;19.24905;0;3
2021-12-18 11:00:00Z;14.86786;0;3
2021-12-19 11:00:00Z;14.67392;0;3
2021-12-20 11:00:00Z;13.17534;0;3
2021-12-21 11:00:00Z;10.41405;0;3
2021-12-22 11:00:00Z;8.505403;0;3
2021-12-23 11:00:00Z;7.343186;0;3
2021-12-24 11:00:00Z;6.083706;0;3
2021-12-25 11:00:00Z;5.318954;0;3
2021-12-26 11:00:00Z;4.63195;1;3
2021-12-27 11:00:00Z;3.840519;1;3
2021-12-28 11:00:00Z;3.523901;1;3
2021-12-29 11:00:00Z;2.890664;1;3
2021-12-30 11:00:00Z;3.523901;1;3
2021-12-31 11:00:00Z;5.265417;1;3
2022-01-01 11:00:00Z;;0;3
2022-01-02 11:00:00Z;;0;3
2022-01-03 11:00:00Z;;0;3
2022-01-04 11:00:00Z;;0;3
2022-01-05 11:00:00Z;;0;3
2022-01-06 11:00:00Z;;0;3
2022-01-07 11:00:00Z;;0;3
2022-01-08 11:00:00Z;;0;3
2022-01-09 11:00:00Z;;0;3
2022-01-10 11:00:00Z;;0;3
2022-01-11 11:00:00Z;;0;3
2022-01-12 11:00:00Z;;0;3
2022-01-13 11:00:00Z;;0;3
2022-01-14 11:00:00Z;;0;3
2022-01-15 11:00:00Z;;0;3
2022-01-16 11:00:00Z;;0;3
2022-01-17 11:00:00Z;;0;3
2022-01-18 11:00:00Z;;0;3
2022-01-19 11:00:00Z;;0;3
2022-01-20 11:00:00Z;;0;3
2022-01-21 11:00:00Z;;0;3
2022-01-22 11:00:00Z;;0;3
2022-01-23 11:00:00Z;;0;3
2022-01-24 11:00:00Z;;0;3
2022-01-25 11:00:00Z;;0;3
2022-01-26 11:00:00Z;;0;3
2022-01-27 11:00:00Z;;0;3
2022-01-28 11:00:00Z;;0;3
2022-01-29 11:00:00Z;;0;3
2022-01-30 11:00:00Z;;0;3
2022-01-31 11:00:00Z;;0;3
2022-02-01 11:00:00Z;;0;3
2022-02-02 11:00:00Z;;0;3
2022-02-03 11:00:00Z;;0;3
2022-02-04 11:00:00Z;;0;3
2022-02-05 11:00:00Z;;0;3
2022-02-06 11:00:00Z;;0;3
2022-02-07 11:00:00Z;;0;3
2022-02-08 11:00:00Z;;0;3
2022-02-09 11:00:00Z;;0;3
2022-02-10 11:00:00Z;;0;3
2022-02-11 11:00:00Z;;0;3
2022-02-12 11:00:00Z;;0;3
2022-02-13 11:00:00Z;;0;3
2022-02-14 11:00:00Z;;0;3
2022-02-15 11:00:00Z;;0;3
2022-02-16 11:00:00Z;;0;3
2022-02-17 11:00:00Z;;0;3
2022-02-18 11:00:00Z;;0;3
2022-02-19 11:00:00Z;;0;3
2022-02-20 11:00:00Z;;0;3
2022-02-21 11:00:00Z;;0;3
2022-02-22 11:00:00Z;;0;3
2022-02-23 11:00:00Z;;0;3
2022-02-24 11:00:00Z;;0;3
2022-02-25 11:00:00Z;;0;3
2022-02-26 11:00:00Z;;0;3
2022-02-27 11:00:00Z;;0;3
2022-02-28 11:00:00Z;;0;3
2022-03-01 11:00:00Z;;0;3
2022-03-02 11:00:00Z;;0;3
2022-03-03 11:00:00Z;;0;3
2022-03-04 11:00:00Z;;0;3
2022-03-05 11:00:00Z;;0;3
2022-03-06 11:00:00Z;;0;3
2022-03-07 11:00:00Z;;0;3
2022-03-08 11:00:00Z;;0;3
2022-03-09 11:00:00Z;;0;3
2022-03-10 11:00:00Z;;0;3
2022-03-11 11:00:00Z;;0;3
2022-03-12 11:00:00Z;;0;3
2022-03-13 11:00:00Z;;0;3
2022-03-14 11:00:00Z;;0;3
2022-03-15 11:00:00Z;;0;3
2022-03-16 11:00:00Z;;0;3
2022-03-17 11:00:00Z;;0;3
2022-03-18 11:00:00Z;;0;3
2022-03-19 11:00:00Z;;0;3
2022-03-20 11:00:00Z;;0;3
2022-03-21 11:00:00Z;;0;3
2022-03-22 11:00:00Z;;0;3
2022-03-23 11:00:00Z;;0;3
2022-03-24 11:00:00Z;;0;3
2022-03-25 11:00:00Z;;0;3
2022-03-26 11:00:00Z;;0;3
2022-03-27 11:00:00Z;;0;3
2022-03-28 11:00:00Z;;0;3
2022-03-29 11:00:00Z;;0;3
2022-03-30 11:00:00Z;;0;3
2022-03-31 11:00:00Z;;0;3
2022-04-01 11:00:00Z;;0;3
2022-04-02 11:00:00Z;;0;3
2022-04-03 11:00:00Z;;0;3
2022-04-04 11:00:00Z;;0;3
2022-04-05 11:00:00Z;;0;3
2022-04-06 11:00:00Z;;0;3
2022-04-07 11:00:00Z;;0;3
2022-04-08 11:00:00Z;;0;3
2022-04-09 11:00:00Z;;0;3
2022-04-10 11:00:00Z;;0;3
2022-04-11 11:00:00Z;;0;3
2022-04-12 11:00:00Z;;0;3
2022-04-13 11:00:00Z;;0;3
2022-04-14 11:00:00Z;;0;3
2022-04-15 11:00:00Z;;0;3
2022-04-16 11:00:00Z;;0;3
2022-04-17 11:00:00Z;;0;3
2022-04-18 11:00:00Z;;0;3
2022-04-19 11:00:00Z;;0;3
2022-04-20 11:00:00Z;;0;3
2022-04-21 11:00:00Z;;0;3
2022-04-22 11:00:00Z;;0;3
2022-04-23 11:00:00Z;;0;3
2022-04-24 11:00:00Z;;0;3
2022-04-25 11:00:00Z;;0;3
2022-04-26 11:00:00Z;;0;3
2022-04-27 11:00:00Z;;0;3
2022-04-28 11:00:00Z;;0;3
2022-04-29 11:00:00Z;;0;3
2022-04-30 11:00:00Z;;0;3
2022-05-01 11:00:00Z;;0;3
2022-05-02 11:00:00Z;;0;3
2022-05-03 11:00:00Z;;0;3
2022-05-04 11:00:00Z;;0;3
2022-05-05 11:00:00Z;;0;3
2022-05-06 11:00:00Z;;0;3
2022-05-07 11:00:00Z;;0;3
2022-05-08 11:00:00Z;;0;3
2022-05-09 11:00:00Z;;0;3
2022-05-10 11:00:00Z;;0;3
2022-05-11 11:00:00Z;;0;3
2022-05-12 11:00:00Z;;0;3
2022-05-13 11:00:00Z;;0;3
2022-05-14 11:00:00Z;;0;3
2022-05-15 11:00:00Z;;0;3
2022-05-16 11:00:00Z;;0;3
2022-05-17 11:00:00Z;;0;3
2022-05-18 11:00:00Z;;0;3
2022-05-19 11:00:00Z;;0;3
2022-05-20 11:00:00Z;;0;3
2022-05-21 11:00:00Z;;0;3
2022-05-22 11:00:00Z;;0;3
2022-05-23 11:00:00Z;;0;3
2022-05-24 11:00:00Z;;0;3
2022-05-25 11:00:00Z;;0;3
2022-05-26 11:00:00Z;;0;3
2022-05-27 11:00:00Z;;0;3
2022-05-28 11:00:00Z;;0;3
2022-05-29 11:00:00Z;;0;3
2022-05-30 11:00:00Z;;0;3
2022-05-31 11:00:00Z;;0;3
2022-06-01 11:00:00Z;;0;3
2022-06-02 11:00:00Z;;0;3
2022-06-03 11:00:00Z;;0;3
2022-06-04 11:00:00Z;;0;3
2022-06-05 11:00:00Z;;0;3
2022-06-06 11:00:00Z;;0;3
2022-06-07 11:00:00Z;;0;3
2022-06-08 11:00:00Z;;0;3
2022-06-09 11:00:00Z;;0;3
2022-06-10 11:00:00Z;;0;3
2022-06-11 11:00:00Z;;0;3
2022-06-12 11:00:00Z;;0;3
2022-06-13 11:00:00Z;;0;3
2022-06-14 11:00:00Z;;0;3
2022-06-15 11:00:00Z;;0;3
2022-06-16 11:00:00Z;;0;3
2022-06-17 11:00:00Z;;0;3
2022-06-18 11:00:00Z;;0;3
2022-06-19 11:00:00Z;;0;3
2022-06-20 11:00:00Z;;0;3
2022-06-21 11:00:00Z;;0;3
2022-06-22 11:00:00Z;;0;3
2022-06-23 11:00:00Z;;0;3
2022-06-24 11:00:00Z;;0;3
2022-06-25 11:00:00Z;;0;3
2022-06-26 11:00:00Z;;0;3
2022-06-27 11:00:00Z;;0;3
2022-06-28 11:00:00Z;;0;3
2022-06-29 11:00:00Z;;0;3
2022-06-30 11:00:00Z;;0;3
2022-07-01 11:00:00Z;;0;3
2022-07-02 11:00:00Z;;0;3
2022-07-03 11:00:00Z;;0;3
2022-07-04 11:00:00Z;;0;3
2022-07-05 11:00:00Z;;0;3
2022-07-06 11:00:00Z;;0;3
2022-07-07 11:00:00Z;;0;3
2022-07-08 11:00:00Z;;0;3
2022-07-09 11:00:00Z;;0;3
2022-07-10 11:00:00Z;;0;3
2022-07-11 11:00:00Z;;0;3
2022-07-12 11:00:00Z;;0;3
2022-07-13 11:00:00Z;;0;3
2022-07-14 11:00:00Z;;0;3
2022-07-15 11:00:00Z;;0;3
2022-07-16 11:00:00Z;;0;3
2022-07-17 11:00:00Z;;0;3
2022-07-18 11:00:00Z;;0;3
2022-07-19 11:00:00Z;;0;3
2022-07-20 11:00:00Z;;0;3
2022-07-21 11:00:00Z;;0;3
2022-07-22 11:00:00Z;;0;3
2022-07-23 11:00:00Z;;0;3
2022-07-24 11:00:00Z;;0;3
2022-07-25 11:00:00Z;;0;3
2022-07-26 11:00:00Z;;0;3
2022-07-27 11:00:00Z;;0;3
2022-07-28 11:00:00Z;;0;3
2022-07-29 11:00:00Z;;0;3
2022-07-30 11:00:00Z;;0;3
2022-07-31 11:00:00Z;;0;3
2022-08-01 11:00:00Z;;0;3
2022-08-02 11:00:00Z;;0;3
2022-08-03 11:00:00Z;;0;3
2022-08-04 11:00:00Z;;0;3
2022-08-05 11:00:00Z;;0;3
2022-08-06 11:00:00Z;;0;3
2022-08-07 11:00:00Z;;0;3
2022-08-08 11:00:00Z;;0;3
2022-08-09 11:00:00Z;;0;3
2022-08-10 11:00:00Z;;0;3
2022-08-11 11:00:00Z;;0;3
2022-08-12 11:00:00Z;;0;3
2022-08-13 11:00:00Z;;0;3
2022-08-14 11:00:00Z;;0;3
2022-08-15 11:00:00Z;;0;3
2022-08-16 11:00:00Z;;0;3
2022-08-17 11:00:00Z;;0;3
2022-08-18 11:00:00Z;;0;3
2022-08-19 11:00:00Z;;0;3
2022-08-20 11:00:00Z;;0;3
2022-08-21 11:00:00Z;;0;3
2022-08-22 11:00:00Z;;0;3
2022-08-23 11:00:00Z;;0;3
2022-08-24 11:00:00Z;;0;3
2022-08-25 11:00:00Z;;0;3
2022-08-26 11:00:00Z;;0;3
2022-08-27 11:00:00Z;;0;3
2022-08-28 11:00:00Z;;0;3
2022-08-29 11:00:00Z;;0;3
2022-08-30 11:00:00Z;;0;3
2022-08-31 11:00:00Z;;0;3
2022-09-01 11:00:00Z;;0;3
2022-09-02 11:00:00Z;;0;3
2022-09-03 11:00:00Z;;0;3
2022-09-04 11:00:00Z;;0;3
2022-09-05 11:00:00Z;;0;3
2022-09-06 11:00:00Z;;0;3
2022-09-07 11:00:00Z;;0;3
2022-09-08 11:00:00Z;;0;3
2022-09-09 11:00:00Z;;0;3
2022-09-10 11:00:00Z;;0;3
2022-09-11 11:00:00Z;;0;3
2022-09-12 11:00:00Z;;0;3
2022-09-13 11:00:00Z;;0;3
2022-09-14 11:00:00Z;;0;3
2022-09-15 11:00:00Z;;0;3
2022-09-16 11:00:00Z;;0;3
2022-09-17 11:00:00Z;;0;3
2022-09-18 11:00:00Z;;0;3
2022-09-19 11:00:00Z;;0;3
2022-09-20 11:00:00Z;;0;3
2022-09-21 11:00:00Z;;0;3
2022-09-22 11:00:00Z;;0;3
2022-09-23 11:00:00Z;;0;3
2022-09-24 11:00:00Z;;0;3
2022-09-25 11:00:00Z;;0;3
2022-09-26 11:00:00Z;;0;3
2022-09-27 11:00:00Z;;0;3
2022-09-28 11:00:00Z;;0;3
2022-09-29 11:00:00Z;;0;3
2022-09-30 11:00:00Z;;0;3
2022-10-01 11:00:00Z;;0;3
2022-10-02 11:00:00Z;;0;3
2022-10-03 11:00:00Z;;0;3
2022-10-04 11:00:00Z;;0;3
2022-10-05 11:00:00Z;;0;3
2022-10-06 11:00:00Z;;0;3
2022-10-07 11:00:00Z;;0;3
2022-10-08 11:00:00Z;;0;3
2022-10-09 11:00:00Z;;0;3
2022-10-10 11:00:00Z;;0;3
2022-10-11 11:00:00Z;;0;3
2022-10-12 11:00:00Z;;0;3
2022-10-13 11:00:00Z;;0;3
2022-10-14 11:00:00Z;;0;3
2022-10-15 11:00:00Z;;0;3
2022-10-16 11:00:00Z;;0;3
2022-10-17 11:00:00Z;;0;3
2022-10-18 11:00:00Z;;0;3
2022-10-19 11:00:00Z;;0;3
2022-10-20 11:00:00Z;;0;3
2022-10-21 11:00:00Z;;0;3
2022-10-22 11:00:00Z;;0;3
2022-10-23 11:00:00Z;;0;3
2022-10-24 11:00:00Z;;0;3
2022-10-25 11:00:00Z;;0;3
2022-10-26 11:00:00Z;;0;3
2022-10-27 11:00:00Z;;0;3
2022-10-28 11:00:00Z;;0;3
2022-10-29 11:00:00Z;;0;3
2022-10-30 11:00:00Z;;0;3
2022-10-31 11:00:00Z;;0;3
2022-11-01 11:00:00Z;;0;3
2022-11-02 11:00:00Z;;0;3
2022-11-03 11:00:00Z;;0;3
2022-11-04 11:00:00Z;;0;3
2022-11-05 11:00:00Z;;0;3
2022-11-06 11:00:00Z;;0;3
2022-11-07 11:00:00Z;;0;3
2022-11-08 11:00:00Z;;0;3
2022-11-09 11:00:00Z;;0;3
2022-11-10 11:00:00Z;;0;3
2022-11-11 11:00:00Z;;0;3
2022-11-12 11:00:00Z;;0;3
2022-11-13 11:00:00Z;;0;3
2022-11-14 11:00:00Z;;0;3
2022-11-15 11:00:00Z;;0;3
2022-11-16 11:00:00Z;;0;3
2022-11-17 11:00:00Z;;0;3
2022-11-18 11:00:00Z;;0;3
2022-11-19 11:00:00Z;;0;3
2022-11-20 11:00:00Z;;0;3
2022-11-21 11:00:00Z;;0;3
2022-11-22 11:00:00Z;;0;3
2022-11-23 11:00:00Z;;0;3
2022-11-24 11:00:00Z;;0;3
2022-11-25 11:00:00Z;;0;3
2022-11-26 11:00:00Z;;0;3
2022-11-27 11:00:00Z;;0;3
2022-11-28 11:00:00Z;;0;3
2022-11-29 11:00:00Z;;0;3
2022-11-30 11:00:00Z;;0;3
2022-12-01 11:00:00Z;;0;3
2022-12-02 11:00:00Z;;0;3
2022-12-03 11:00:00Z;;0;3
2022-12-04 11:00:00Z;;0;3
2022-12-05 11:00:00Z;;0;3
2022-12-06 11:00:00Z;;0;3
2022-12-07 11:00:00Z;;0;3
2022-12-08 11:00:00Z;;0;3
2022-12-09 11:00:00Z;;0;3
2022-12-10 11:00:00Z;;0;3
2022-12-11 11:00:00Z;;0;3
2022-12-12 11:00:00Z;;0;3
2022-12-13 11:00:00Z;;0;3
2022-12-14 11:00:00Z;;0;3
2022-12-15 11:00:00Z;;0;3
2022-12-16 11:00:00Z;;0;3
2022-12-17 11:00:00Z;;0;3
2022-12-18 11:00:00Z;;0;3
2022-12-19 11:00:00Z;;0;3
2022-12-20 11:00:00Z;;0;3
2022-12-21 11:00:00Z;;0;3
2022-12-22 11:00:00Z;;0;3
2022-12-23 11:00:00Z;;0;3
2022-12-24 11:00:00Z;;0;3
2022-12-25 11:00:00Z;;0;3
2022-12-26 11:00:00Z;;0;3
2022-12-27 11:00:00Z;;0;3
2022-12-28 11:00:00Z;;0;3
2022-12-29 11:00:00Z;;0;3
2022-12-30 11:00:00Z;;0;3
2022-12-31 11:00:00Z;;0;3
2023-01-01 11:00:00Z;64.72835;1;3
2023-01-02 11:00:00Z;40.57799;1;3
2023-01-03 11:00:00Z;29.97637;1;3
2023-01-04 11:00:00Z;28.54586;1;3
2023-01-05 11:00:00Z;21.52325;1;3
2023-01-06 11:00:00Z;20.51324;1;3
2023-01-07 11:00:00Z;26.63842;1;3
2023-01-08 11:00:00Z;70.5491;1;3
2023-01-09 11:00:00Z;103.0252;1;3
2023-01-10 11:00:00Z;72.75346;1;3
2023-01-11 11:00:00Z;84.04852;1;3
2023-01-12 11:00:00Z;105.5458;1;3
2023-01-13 11:00:00Z;96.85488;1;3
2023-01-14 11:00:00Z;68.44527;1;3
2023-01-15 11:00:00Z;53.15854;1;3
2023-01-16 11:00:00Z;41.20663;1;3
2023-01-17 11:00:00Z;33.19587;1;3
2023-01-18 11:00:00Z;29.43011;1;3
2023-01-19 11:00:00Z;25.10345;1;3
2023-01-20 11:00:00Z;21.63904;1;3
2023-01-21 11:00:00Z;22.53321;1;3
2023-01-22 11:00:00Z;21.35679;1;3
2023-01-23 11:00:00Z;19.78698;1;3
2023-01-24 11:00:00Z;17.90451;1;3
2023-01-25 11:00:00Z;20.35443;1;3
2023-01-26 11:00:00Z;31.62466;1;3
2023-01-27 11:00:00Z;30.80811;1;3
2023-01-28 11:00:00Z;22.00136;1;3
2023-01-29 11:00:00Z;17.33937;1;3
2023-01-30 11:00:00Z;28.39526;1;3
2023-01-31 11:00:00Z;26.57704;1;3
2023-02-01 11:00:00Z;23.05173;1;3
2023-02-02 11:00:00Z;25.77192;1;3
2023-02-03 11:00:00Z;20.72146;1;3
2023-02-04 11:00:00Z;24.4765;1;3
2023-02-05 11:00:00Z;22.82777;1;3
2023-02-06 11:00:00Z;21.07977;1;3
2023-02-07 11:00:00Z;18.20322;1;3
2023-02-08 11:00:00Z;18.98387;1;3
2023-02-09 11:00:00Z;25.43661;1;3
2023-02-10 11:00:00Z;33.38841;1;3
2023-02-11 11:00:00Z;41.56094;1;3
2023-02-12 11:00:00Z;47.6242;1;3
2023-02-13 11:00:00Z;47.03843;1;3
2023-02-14 11:00:00Z;37.01186;1;3
2023-02-15 11:00:00Z;32.66452;1;3
2023-02-16 11:00:00Z;28.80067;1;3
2023-02-17 11:00:00Z;34.10301;1;3
2023-02-18 11:00:00Z;36.03529;1;3
2023-02-19 11:00:00Z;21.27448;1;3
2023-02-20 11:00:00Z;38.08533;1;3
2023-02-21 11:00:00Z;37.88824;1;3
2023-02-22 11:00:00Z;24.07656;1;3
2023-02-23 11:00:00Z;18.38895;1;3
2023-02-24 11:00:00Z;16.26986;1;3
2023-02-25 11:00:00Z;12.00265;1;3
2023-02-26 11:00:00Z;9.144101;1;3
2023-02-27 11:00:00Z;7.516949;1;3
2023-02-28 11:00:00Z;6.386736;1;3
2023-03-01 11:00:00Z;5.562304;1;3
2023-03-02 11:00:00Z;4.980319;1;3
2023-03-03 11:00:00Z;4.505161;1;3
2023-03-04 11:00:00Z;4.21663;1;3
2023-03-05 11:00:00Z;3.863657;1;3
2023-03-06 11:00:00Z;3.579572;1;3
2023-03-07 11:00:00Z;3.337617;1;3
2023-03-08 11:00:00Z;3.02544;1;3
2023-03-09 11:00:00Z;2.966213;1;3
2023-03-10 11:00:00Z;2.812295;1;3
2023-03-11 11:00:00Z;2.750986;1;3
2023-03-12 11:00:00Z;2.606714;1;3
2023-03-13 11:00:00Z;3.74654;1;3
2023-03-14 11:00:00Z;5.748419;1;3
2023-03-15 11:00:00Z;5.722547;1;3
2023-03-16 11:00:00Z;5.421161;1;3
2023-03-17 11:00:00Z;11.28918;1;3
2023-03-18 11:00:00Z;13.91082;1;3
2023-03-19 11:00:00Z;14.78462;1;3
2023-03-20 11:00:00Z;15.23878;1;3
2023-03-21 11:00:00Z;13.97145;1;3
2023-03-22 11:00:00Z;17.69831;1;3
2023-03-23 11:00:00Z;25.88857;1;3
2023-03-24 11:00:00Z;32.80594;1;3
2023-03-25 11:00:00Z;35.9444;1;3
2023-03-26 11:00:00Z;27.21739;1;3
2023-03-27 11:00:00Z;16.96411;1;3
2023-03-28 11:00:00Z;11.58586;1;3
2023-03-29 11:00:00Z;9.885937;1;3
2023-03-30 11:00:00Z;8.102752;1;3
2023-03-31 11:00:00Z;6.605535;1;3
2023-04-01 11:00:00Z;5.426882;1;3
2023-04-02 11:00:00Z;4.842482;1;3
2023-04-03 11:00:00Z;4.591692;1;3
2023-04-04 11:00:00Z;4.214833;1;3
2023-04-05 11:00:00Z;4.186558;1;3
2023-04-06 11:00:00Z;4.194675;1;3
2023-04-07 11:00:00Z;4.054946;1;3
2023-04-08 11:00:00Z;4.131973;1;3
2023-04-09 11:00:00Z;4.42561;1;3
2023-04-10 11:00:00Z;5.763374;1;3
2023-04-11 11:00:00Z;27.12841;1;3
2023-04-12 11:00:00Z;32.73129;1;3
2023-04-13 11:00:00Z;40.51856;1;3
2023-04-14 11:00:00Z;45.07986;1;3
2023-04-15 11:00:00Z;34.01727;1;3
2023-04-16 11:00:00Z;25.7524;1;3
2023-04-17 11:00:00Z;21.6683;1;3
2023-04-18 11:00:00Z;18.0171;1;3
2023-04-19 11:00:00Z;16.09469;1;3
2023-04-20 11:00:00Z;14.46049;1;3
2023-04-21 11:00:00Z;13.11233;1;3
2023-04-22 11:00:00Z;12.27336;1;3
2023-04-23 11:00:00Z;12.87121;1;3
2023-04-24 11:00:00Z;15.37226;1;3
2023-04-25 11:00:00Z;13.65633;1;3
2023-04-26 11:00:00Z;10.74026;1;3
2023-04-27 11:00:00Z;8.055386;1;3
2023-04-28 11:00:00Z;6.252911;1;3
2023-04-29 11:00:00Z;5.333775;1;3
2023-04-30 11:00:00Z;4.613187;1;3
2023-05-01 11:00:00Z;5.115177;1;3
2023-05-02 11:00:00Z;6.204422;1;3
2023-05-03 11:00:00Z;6.271528;1;3
2023-05-04 11:00:00Z;5.445816;1;3
2023-05-05 11:00:00Z;4.840426;1;3
2023-05-06 11:00:00Z;4.316342;1;3
2023-05-07 11:00:00Z;3.828474;1;3
2023-05-08 11:00:00Z;3.559821;1;3
2023-05-09 11:00:00Z;4.389734;1;3
2023-05-10 11:00:00Z;13.59834;1;3
2023-05-11 11:00:00Z;15.15628;1;3
2023-05-12 11:00:00Z;10.1742;1;3
2023-05-13 11:00:00Z;7.325449;1;3
2023-05-14 11:00:00Z;5.841778;1;3
2023-05-15 11:00:00Z;4.858255;1;3
2023-05-16 11:00:00Z;4.468578;1;3
2023-05-17 11:00:00Z;3.818368;1;3
2023-05-18 11:00:00Z;3.386594;1;3
2023-05-19 11:00:00Z;3.185626;1;3
2023-05-20 11:00:00Z;2.703103;1;3
2023-05-21 11:00:00Z;2.491661;1;3
2023-05-22 11:00:00Z;2.321747;1;3
2023-05-23 11:00:00Z;2.349557;1;3
2023-05-24 11:00:00Z;2.238874;1;3
2023-05-25 11:00:00Z;2.167239;1;3
2023-05-26 11:00:00Z;2.054998;1;3
2023-05-27 11:00:00Z;1.880679;1;3
2023-05-28 11:00:00Z;1.768925;1;3
2023-05-29 11:00:00Z;1.714389;1;3
2023-05-30 11:00:00Z;1.558826;1;3
2023-05-31 11:00:00Z;1.418957;1;3
2023-06-01 11:00:00Z;1.357891;1;3
2023-06-02 11:00:00Z;1.278134;1;3
2023-06-03 11:00:00Z;1.197037;1;3
2023-06-04 11:00:00Z;1.188616;1;3
2023-06-05 11:00:00Z;1.137744;1;3
2023-06-06 11:00:00Z;1.083924;1;3
2023-06-07 11:00:00Z;1.051261;0;3
2023-06-08 11:00:00Z;1.027998;0;3
2023-06-09 11:00:00Z;1.013092;0;3
2023-06-10 11:00:00Z;0.9820087;0;3
2023-06-11 11:00:00Z;0.9514735;0;3
2023-06-12 11:00:00Z;0.9232761;0;3
2023-06-13 11:00:00Z;1.038264;0;3
2023-06-14 11:00:00Z;0.842125;0;3
2023-06-15 11:00:00Z;0.8003104;0;3
2023-06-16 11:00:00Z;0.7160835;0;3
2023-06-17 11:00:00Z;0.7398515;0;3
2023-06-18 11:00:00Z;0.8121994;0;3
2023-06-19 11:00:00Z;0.8041934;0;3
2023-06-20 11:00:00Z;0.782937;0;3
2023-06-21 11:00:00Z;0.9334072;0;3
2023-06-22 11:00:00Z;0.7358865;0;3
2023-06-23 11:00:00Z;0.6895213;0;3
2023-06-24 11:00:00Z;0.6891453;0;3
2023-06-25 11:00:00Z;0.6587569;0;3
2023-06-26 11:00:00Z;0.8351245;0;3
2023-06-27 11:00:00Z;0.832996;0;3
2023-06-28 11:00:00Z;0.8639705;0;3
2023-06-29 11:00:00Z;0.8924932;0;3
2023-06-30 11:00:00Z;0.9357758;0;3
2023-07-01 11:00:00Z;0.7708913;0;3
2023-07-02 11:00:00Z;1.030945;0;3
2023-07-03 11:00:00Z;1.28187;0;3
2023-07-04 11:00:00Z;2.748592;0;3
2023-07-05 11:00:00Z;3.660825;0;3
2023-07-06 11:00:00Z;3.420658;0;3
2023-07-07 11:00:00Z;2.790262;0;3
2023-07-08 11:00:00Z;2.312854;0;3
2023-07-09 11:00:00Z;1.974404;0;3
2023-07-10 11:00:00Z;2.872985;0;3
2023-07-11 11:00:00Z;4.4581;0;3
2023-07-12 11:00:00Z;7.263025;0;3
2023-07-13 11:00:00Z;8.21197;0;3
2023-07-14 11:00:00Z;6.775863;0;3
2023-07-15 11:00:00Z;5.404377;0;3
2023-07-16 11:00:00Z;9.786003;0;3
2023-07-17 11:00:00Z;30.50715;0;3
2023-07-18 11:00:00Z;26.14567;0;3
2023-07-19 11:00:00Z;13.44679;0;3
2023-07-20 11:00:00Z;7.958559;0;3
2023-07-21 11:00:00Z;5.895664;0;3
2023-07-22 11:00:00Z;4.216607;0;3
2023-07-23 11:00:00Z;3.459091;0;3
2023-07-24 11:00:00Z;2.875256;0;3
2023-07-25 11:00:00Z;2.543946;0;3
2023-07-26 11:00:00Z;3.161566;0;3
2023-07-27 11:00:00Z;3.546588;0;3
2023-07-28 11:00:00Z;3.857555;0;3
2023-07-29 11:00:00Z;3.808376;0;3
2023-07-30 11:00:00Z;5.397099;0;3
2023-07-31 11:00:00Z;6.867392;0;3
2023-08-01 11:00:00Z;7.03894;0;3
2023-08-02 11:00:00Z;5.17011;0;3
2023-08-03 11:00:00Z;3.948468;0;3
2023-08-04 11:00:00Z;3.140068;0;3
2023-08-05 11:00:00Z;2.673512;0;3
2023-08-06 11:00:00Z;2.295304;0;3
2023-08-07 11:00:00Z;2.038121;0;3
2023-08-08 11:00:00Z;2.19996;0;3
2023-08-09 11:00:00Z;2.666347;0;3
2023-08-10 11:00:00Z;2.758894;0;3
2023-08-11 11:00:00Z;2.430333;0;3
2023-08-12 11:00:00Z;2.126976;0;3
2023-08-13 11:00:00Z;1.99314;0;3
2023-08-14 11:00:00Z;1.95482;0;3
2023-08-15 11:00:00Z;8.046865;0;3
2023-08-16 11:00:00Z;21.67204;0;3
2023-08-17 11:00:00Z;11.97453;0;3
2023-08-18 11:00:00Z;6.529997;0;3
2023-08-19 11:00:00Z;4.821419;0;3
2023-08-20 11:00:00Z;4.886879;0;3
2023-08-21 11:00:00Z;4.33525;0;3
2023-08-22 11:00:00Z;3.775591;0;3
2023-08-23 11:00:00Z;3.263393;0;3
2023-08-24 11:00:00Z;2.787358;0;3
2023-08-25 11:00:00Z;5.329246;0;3
2023-08-26 11:00:00Z;7.947709;0;3
2023-08-27 11:00:00Z;6.571769;0;3
2023-08-28 11:00:00Z;4.848029;0;3
2023-08-29 11:00:00Z;3.874071;0;3
2023-08-30 11:00:00Z;3.385903;0;3
2023-08-31 11:00:00Z;4.000756;0;3
2023-09-01 11:00:00Z;3.713334;0;3
2023-09-02 11:00:00Z;3.104737;0;3
2023-09-03 11:00:00Z;2.46661;0;3
2023-09-04 11:00:00Z;2.095957;0;3
2023-09-05 11:00:00Z;2.014534;0;3
2023-09-06 11:00:00Z;1.916688;0;3
2023-09-07 11:00:00Z;1.717273;0;3
2023-09-08 11:00:00Z;1.5006;0;3
2023-09-09 11:00:00Z;1.445715;0;3
2023-09-10 11:00:00Z;1.40368;0;3
2023-09-11 11:00:00Z;1.238539;0;3
2023-09-12 11:00:00Z;1.418229;0;3
2023-09-13 11:00:00Z;1.403792;0;3
2023-09-14 11:00:00Z;1.36465;0;3
2023-09-15 11:00:00Z;1.269994;0;3
2023-09-16 11:00:00Z;1.116813;0;3
2023-09-17 11:00:00Z;1.250167;0;3
2023-09-18 11:00:00Z;5.123958;0;3
2023-09-19 11:00:00Z;34.29219;0;3
2023-09-20 11:00:00Z;35.2526;0;3
2023-09-21 11:00:00Z;69.15753;0;3
2023-09-22 11:00:00Z;39.49339;0;3
2023-09-23 11:00:00Z;19.61907;0;3
2023-09-24 11:00:00Z;11.90408;0;3
2023-09-25 11:00:00Z;21.32902;0;3
2023-09-26 11:00:00Z;23.71564;0;3
2023-09-27 11:00:00Z;14.91466;0;3
2023-09-28 11:00:00Z;11.60154;0;3
2023-09-29 11:00:00Z;10.68824;0;3
2023-09-30 11:00:00Z;8.528746;0;3
2023-10-01 11:00:00Z;7.121281;0;3
2023-10-02 11:00:00Z;6.076987;0;3
2023-10-03 11:00:00Z;6.342353;0;3
2023-10-04 11:00:00Z;7.003121;0;3
2023-10-05 11:00:00Z;9.529884;0;3
2023-10-06 11:00:00Z;11.68947;0;3
2023-10-07 11:00:00Z;13.5274;0;3
2023-10-08 11:00:00Z;10.49269;0;3
2023-10-09 11:00:00Z;7.010452;0;3
2023-10-10 11:00:00Z;5.808311;0;3
2023-10-11 11:00:00Z;8.401499;1;3
2023-10-12 11:00:00Z;15.80463;1;3
2023-10-13 11:00:00Z;18.35478;1;3
2023-10-14 11:00:00Z;32.22424;1;3
2023-10-15 11:00:00Z;29.90682;1;3
2023-10-16 11:00:00Z;18.28911;1;3
2023-10-17 11:00:00Z;12.43927;1;3
2023-10-18 11:00:00Z;9.361251;1;3
2023-10-19 11:00:00Z;6.986919;1;3
2023-10-20 11:00:00Z;6.062885;1;3
2023-10-21 11:00:00Z;4.894106;1;3
2023-10-22 11:00:00Z;3.713498;1;3
2023-10-23 11:00:00Z;3.781196;1;3
2023-10-24 11:00:00Z;3.524781;1;3
2023-10-25 11:00:00Z;2.95037;1;3
2023-10-26 11:00:00Z;3.066143;1;3
2023-10-27 11:00:00Z;3.504903;1;3
2023-10-28 11:00:00Z;3.521666;1;3
2023-10-29 11:00:00Z;2.80047;1;3
2023-10-30 11:00:00Z;2.812825;1;3
2023-10-31 11:00:00Z;2.856774;1;3
2023-11-01 11:00:00Z;2.475062;1;3
2023-11-02 11:00:00Z;3.132565;1;3
2023-11-03 11:00:00Z;20.42884;1;3
2023-11-04 11:00:00Z;73.15421;1;3
2023-11-05 11:00:00Z;60.68385;1;3
2023-11-06 11:00:00Z;34.20457;1;3
2023-11-07 11:00:00Z;18.92022;1;3
2023-11-08 11:00:00Z;13.57048;1;3
2023-11-09 11:00:00Z;9.943829;1;3
2023-11-10 11:00:00Z;7.449518;1;3
2023-11-11 11:00:00Z;6.560544;1;3
2023-11-12 11:00:00Z;5.500967;1;3
2023-11-13 11:00:00Z;4.331201;1;3
2023-11-14 11:00:00Z;3.974329;1;3
2023-11-15 11:00:00Z;4.430391;1;3
2023-11-16 11:00:00Z;4.589975;1;3
2023-11-17 11:00:00Z;4.865088;1;3
2023-11-18 11:00:00Z;4.401644;1;3
2023-11-19 11:00:00Z;2.752798;1;3
2023-11-20 11:00:00Z;2.795425;1;3
2023-11-21 11:00:00Z;3.718252;1;3
2023-11-22 11:00:00Z;5.354323;1;3
2023-11-23 11:00:00Z;16.95382;1;3
2023-11-24 11:00:00Z;20.24526;1;3
2023-11-25 11:00:00Z;13.95387;1;3
2023-11-26 11:00:00Z;9.04436;1;3
2023-11-27 11:00:00Z;6.848486;1;3
2023-11-28 11:00:00Z;5.219778;1;3
2023-11-29 11:00:00Z;4.065202;1;3
2023-11-30 11:00:00Z;3.532756;1;3
2023-12-01 11:00:00Z;2.749293;0;3
2023-12-02 11:00:00Z;2.477828;0;3
2023-12-03 11:00:00Z;2.719239;0;3
2023-12-04 11:00:00Z;2.169098;0;3
2023-12-05 11:00:00Z;1.832929;0;3
2023-12-06 11:00:00Z;1.512704;0;3
2023-12-07 11:00:00Z;1.279947;0;3
2023-12-08 11:00:00Z;1.191815;0;3
2023-12-09 11:00:00Z;0.9702698;0;3
2023-12-10 11:00:00Z;1.094764;0;3
2023-12-11 11:00:00Z;1.134158;0;3
2023-12-12 11:00:00Z;1.205658;0;3
2023-12-13 11:00:00Z;1.190944;0;3
2023-12-14 11:00:00Z;1.283963;0;3
2023-12-15 11:00:00Z;1.189564;0;3
2023-12-16 11:00:00Z;1.56114;0;3
2023-12-17 11:00:00Z;8.844124;0;3
2023-12-18 11:00:00Z;14.86626;0;3
2023-12-19 11:00:00Z;13.62751;0;3
2023-12-20 11:00:00Z;10.85909;0;3
2023-12-21 11:00:00Z;11.40785;0;3
2023-12-22 11:00:00Z;10.50834;0;3
2023-12-23 11:00:00Z;6.237096;0;3
2023-12-24 11:00:00Z;3.919979;0;3
2023-12-25 11:00:00Z;5.052692;0;3
2023-12-26 11:00:00Z;5.885473;0;3
2023-12-27 11:00:00Z;4.470051;0;3
2023-12-28 11:00:00Z;3.05418;0;3
2023-12-29 11:00:00Z;5.363621;0;3
2023-12-30 11:00:00Z;7.631816;0;3
2023-12-31 11:00:00Z;5.695215;0;3
2024-01-01 11:00:00Z;4.738536;23;3
2024-01-02 11:00:00Z;3.218544;23;3
2024-01-03 11:00:00Z;2.146818;23;3
2024-01-04 11:00:00Z;1.887072;2;3
2024-01-05 11:00:00Z;1.744488;2;3
2024-01-06 11:00:00Z;1.644797;2;3
2024-01-07 11:00:00Z;1.554868;2;3
2024-01-08 11:00:00Z;1.509311;2;3
2024-01-09 11:00:00Z;1.509903;2;3
2024-01-10 11:00:00Z;1.518777;2;3
2024-01-11 11:00:00Z;1.481504;2;3
2024-01-12 11:00:00Z;1.434173;2;3
2024-01-13 11:00:00Z;1.47618;2;3
2024-01-14 11:00:00Z;1.487455;23;3
2024-01-15 11:00:00Z;1.548835;23;3
2024-01-16 11:00:00Z;1.658039;2;3
2024-01-17 11:00:00Z;1.845556;2;3
2024-01-18 11:00:00Z;2.203413;2;3
2024-01-19 11:00:00Z;2.451766;2;3
2024-01-20 11:00:00Z;2.793161;2;3
2024-01-21 11:00:00Z;4.812888;23;3
2024-01-22 11:00:00Z;34.1918;23;3
2024-01-23 11:00:00Z;46.83919;23;3
2024-01-24 11:00:00Z;42.89072;23;3
2024-01-25 11:00:00Z;35.25267;23;3
2024-01-26 11:00:00Z;24.83986;23;3
2024-01-27 11:00:00Z;20.76497;23;3
2024-01-28 11:00:00Z;19.73418;23;3
2024-01-29 11:00:00Z;15.67905;23;3
2024-01-30 11:00:00Z;12.65618;23;3
2024-01-31 11:00:00Z;11.74292;23;3
2024-02-01 11:00:00Z;16.16217;23;3
2024-02-02 11:00:00Z;12.59084;23;3
2024-02-03 11:00:00Z;20.62918;23;3
2024-02-04 11:00:00Z;23.17226;23;3
2024-02-05 11:00:00Z;15.60302;23;3
2024-02-06 11:00:00Z;9.610116;23;3
2024-02-07 11:00:00Z;6.661345;23;3
2024-02-08 11:00:00Z;5.029748;23;3
2024-02-09 11:00:00Z;3.922491;23;3
2024-02-10 11:00:00Z;3.241556;23;3
2024-02-11 11:00:00Z;2.763775;23;3
2024-02-12 11:00:00Z;2.561173;23;3
2024-02-13 11:00:00Z;2.609439;23;3
2024-02-14 11:00:00Z;2.592078;23;3
2024-02-15 11:00:00Z;2.756223;23;3
2024-02-16 11:00:00Z;7.210374;23;3
2024-02-17 11:00:00Z;10.23206;23;3
2024-02-18 11:00:00Z;8.757971;23;3
2024-02-19 11:00:00Z;6.598881;23;3
2024-02-20 11:00:00Z;5.500227;23;3
2024-02-21 11:00:00Z;7.785632;23;3
2024-02-22 11:00:00Z;17.03249;23;3
2024-02-23 11:00:00Z;29.57341;23;3
2024-02-24 11:00:00Z;25.18131;23;3
2024-02-25 11:00:00Z;17.63027;23;3
2024-02-26 11:00:00Z;11.48219;23;3
2024-02-27 11:00:00Z;7.926908;23;3
2024-02-28 11:00:00Z;7.439067;23;3
2024-02-29 11:00:00Z;17.2459;23;3
2024-03-01 11:00:00Z;33.67324;23;3
2024-03-02 11:00:00Z;34.8196;23;3
2024-03-03 11:00:00Z;27.42015;23;3
2024-03-04 11:00:00Z;23.64566;23;3
2024-03-05 11:00:00Z;17.46586;23;3
2024-03-06 11:00:00Z;11.51753;23;3
2024-03-07 11:00:00Z;7.980975;23;3
2024-03-08 11:00:00Z;6.105035;23;3
2024-03-09 11:00:00Z;5.200755;23;3
2024-03-10 11:00:00Z;4.155765;23;3
2024-03-11 11:00:00Z;3.674703;23;3
2024-03-12 11:00:00Z;3.369409;23;3
2024-03-13 11:00:00Z;3.439076;23;3
2024-03-14 11:00:00Z;11.85894;23;3
2024-03-15 11:00:00Z;21.9586;23;3
2024-03-16 11:00:00Z;32.51514;23;3
2024-03-17 11:00:00Z;19.86971;23;3
2024-03-18 11:00:00Z;11.77669;23;3
2024-03-19 11:00:00Z;8.297261;23;3
2024-03-20 11:00:00Z;6.949784;23;3
2024-03-21 11:00:00Z;6.334143;23;3
2024-03-22 11:00:00Z;7.396638;23;3
2024-03-23 11:00:00Z;10.91606;24;3
2024-03-24 11:00:00Z;16.64347;23;3
2024-03-25 11:00:00Z;12.51334;23;3
2024-03-26 11:00:00Z;9.895294;23;3
2024-03-27 11:00:00Z;8.216666;23;3
2024-03-28 11:00:00Z;7.545394;23;3
2024-03-29 11:00:00Z;15.16433;23;3
2024-03-30 11:00:00Z;22.61287;23;3
2024-03-31 11:00:00Z;27.85418;23;3
2024-04-01 11:00:00Z;22.90525;23;3
2024-04-02 11:00:00Z;15.33857;23;3
2024-04-03 11:00:00Z;11.10293;23;3
2024-04-04 11:00:00Z;9.01757;23;3
2024-04-05 11:00:00Z;7.103603;23;3
2024-04-06 11:00:00Z;6.492824;23;3
2024-04-07 11:00:00Z;8.742193;23;3
2024-04-08 11:00:00Z;26.67515;23;3
2024-04-09 11:00:00Z;24.92996;23;3
2024-04-10 11:00:00Z;22.95999;23;3
2024-04-11 11:00:00Z;27.13855;23;3
2024-04-12 11:00:00Z;26.31887;23;3
2024-04-13 11:00:00Z;21.05249;23;3
2024-04-14 11:00:00Z;26.53577;23;3
2024-04-15 11:00:00Z;21.89063;23;3
2024-04-16 11:00:00Z;15.26884;23;3
2024-04-17 11:00:00Z;10.49312;23;3
2024-04-18 11:00:00Z;8.035526;23;3
2024-04-19 11:00:00Z;6.801883;23;3
2024-04-20 11:00:00Z;5.942306;23;3
2024-04-21 11:00:00Z;5.134022;23;3
2024-04-22 11:00:00Z;4.512278;23;3
2024-04-23 11:00:00Z;4.022312;23;3
2024-04-24 11:00:00Z;3.640841;23;3
2024-04-25 11:00:00Z;3.347368;23;3
2024-04-26 11:00:00Z;3.274038;23;3
2024-04-27 11:00:00Z;3.431102;23;3
2024-04-28 11:00:00Z;3.640834;23;3
2024-04-29 11:00:00Z;4.405742;23;3
2024-04-30 11:00:00Z;7.30453;23;3
2024-05-01 11:00:00Z;8.818511;23;3
2024-05-02 11:00:00Z;9.362791;23;3
2024-05-03 11:00:00Z;8.060959;23;3
2024-05-04 11:00:00Z;6.194649;23;3
2024-05-05 11:00:00Z;4.969258;23;3
2024-05-06 11:00:00Z;4.496936;23;3
2024-05-07 11:00:00Z;3.71385;23;3
2024-05-08 11:00:00Z;3.323627;23;3
2024-05-09 11:00:00Z;2.980602;23;3
2024-05-10 11:00:00Z;2.782517;23;3
2024-05-11 11:00:00Z;2.574409;23;3
2024-05-12 11:00:00Z;2.439176;23;3
2024-05-13 11:00:00Z;2.290223;23;3
2024-05-14 11:00:00Z;2.162118;23;3
2024-05-15 11:00:00Z;2.02257;23;3
2024-05-16 11:00:00Z;1.893045;23;3
2024-05-17 11:00:00Z;1.797991;23;3
2024-05-18 11:00:00Z;1.713953;23;3
2024-05-19 11:00:00Z;1.652712;23;3
2024-05-20 11:00:00Z;1.606307;23;3
2024-05-21 11:00:00Z;1.523611;23;3
2024-05-22 11:00:00Z;1.487384;23;3
2024-05-23 11:00:00Z;1.487412;23;3
2024-05-24 11:00:00Z;1.703486;23;3
2024-05-25 11:00:00Z;1.594405;23;3
2024-05-26 11:00:00Z;1.52442;23;3
2024-05-27 11:00:00Z;1.72244;23;3
2024-05-28 11:00:00Z;2.175155;23;3
2024-05-29 11:00:00Z;3.062482;23;3
2024-05-30 11:00:00Z;4.195803;23;3
2024-05-31 11:00:00Z;5.784226;23;3
2024-06-01 11:00:00Z;5.814349;23;3
2024-06-02 11:00:00Z;5.964592;23;3
2024-06-03 11:00:00Z;5.078092;23;3
2024-06-04 11:00:00Z;4.697631;23;3
2024-06-05 11:00:00Z;12.54119;23;3
2024-06-06 11:00:00Z;20.81445;23;3
2024-06-07 11:00:00Z;15.76465;23;3
2024-06-08 11:00:00Z;14.64015;23;3
2024-06-09 11:00:00Z;21.17114;23;3
2024-06-10 11:00:00Z;21.21194;23;3
2024-06-11 11:00:00Z;15.71444;23;3
2024-06-12 11:00:00Z;18.64322;23;3
2024-06-13 11:00:00Z;13.08617;23;3
2024-06-14 11:00:00Z;8.862424;23;3
2024-06-15 11:00:00Z;13.34563;23;3
2024-06-16 11:00:00Z;25.73858;23;3
2024-06-17 11:00:00Z;28.83739;23;3
2024-06-18 11:00:00Z;32.56781;23;3
2024-06-19 11:00:00Z;25.59401;23;3
2024-06-20 11:00:00Z;16.13346;23;3
2024-06-21 11:00:00Z;10.89545;23;3
2024-06-22 11:00:00Z;8.189758;23;3
2024-06-23 11:00:00Z;6.617986;23;3
2024-06-24 11:00:00Z;5.446902;23;3
2024-06-25 11:00:00Z;4.537372;23;3
2024-06-26 11:00:00Z;3.982778;23;3
2024-06-27 11:00:00Z;3.517671;23;3
2024-06-28 11:00:00Z;2.865383;23;3
2024-06-29 11:00:00Z;3.75234;23;3
2024-06-30 11:00:00Z;3.668283;23;3
2024-07-01 11:00:00Z;3.365102;23;3
2024-07-02 11:00:00Z;3.267621;23;3
2024-07-03 11:00:00Z;2.882209;23;3
2024-07-04 11:00:00Z;2.890035;23;3
2024-07-05 11:00:00Z;6.775163;23;3
2024-07-06 11:00:00Z;15.82537;23;3
2024-07-07 11:00:00Z;20.27311;23;3
2024-07-08 11:00:00Z;14.46604;23;3
2024-07-09 11:00:00Z;12.04323;23;3
2024-07-10 11:00:00Z;11.98185;23;3
2024-07-11 11:00:00Z;16.36572;23;3
2024-07-12 11:00:00Z;13.79452;23;3
2024-07-13 11:00:00Z;10.18318;23;3
2024-07-14 11:00:00Z;8.738109;23;3
2024-07-15 11:00:00Z;9.471937;23;3
2024-07-16 11:00:00Z;9.756159;23;3
2024-07-17 11:00:00Z;9.904368;23;3
2024-07-18 11:00:00Z;8.836346;23;3
2024-07-19 11:00:00Z;6.519364;23;3
2024-07-20 11:00:00Z;5.440618;23;3
2024-07-21 11:00:00Z;4.667287;23;3
2024-07-22 11:00:00Z;4.102574;23;3
2024-07-23 11:00:00Z;3.628044;23;3
2024-07-24 11:00:00Z;3.243192;23;3
2024-07-25 11:00:00Z;2.90611;23;3
2024-07-26 11:00:00Z;3.314204;23;3
2024-07-27 11:00:00Z;2.891676;23;3
2024-07-28 11:00:00Z;2.799979;23;3
2024-07-29 11:00:00Z;2.825408;23;3
2024-07-30 11:00:00Z;2.715406;23;3
2024-07-31 11:00:00Z;2.487777;23;3
2024-08-01 11:00:00Z;2.278265;23;3
2024-08-02 11:00:00Z;2.140537;23;3
2024-08-03 11:00:00Z;2.0032;23;3
2024-08-04 11:00:00Z;2.035567;23;3
2024-08-05 11:00:00Z;2.012573;23;3
2024-08-06 11:00:00Z;1.882246;23;3
2024-08-07 11:00:00Z;2.065569;23;3
2024-08-08 11:00:00Z;2.766253;23;3
2024-08-09 11:00:00Z;5.728686;23;3
2024-08-10 11:00:00Z;13.33762;23;3
2024-08-11 11:00:00Z;12.97999;23;3
2024-08-12 11:00:00Z;9.17841;23;3
2024-08-13 11:00:00Z;6.547243;23;3
2024-08-14 11:00:00Z;5.09634;23;3
2024-08-15 11:00:00Z;4.564527;23;3
2024-08-16 11:00:00Z;11.69311;23;3
2024-08-17 11:00:00Z;12.62385;23;3
2024-08-18 11:00:00Z;8.69398;23;3
2024-08-19 11:00:00Z;6.58209;23;3
2024-08-20 11:00:00Z;6.273587;23;3
2024-08-21 11:00:00Z;10.17226;23;3
2024-08-22 11:00:00Z;17.21986;23;3
2024-08-23 11:00:00Z;33.74758;23;3
2024-08-24 11:00:00Z;36.78873;23;3
2024-08-25 11:00:00Z;29.71874;23;3
2024-08-26 11:00:00Z;35.49486;23;3
2024-08-27 11:00:00Z;29.91647;23;3
2024-08-28 11:00:00Z;17.57212;23;3
2024-08-29 11:00:00Z;11.65438;23;3
2024-08-30 11:00:00Z;8.844272;23;3
2024-08-31 11:00:00Z;7.046908;23;3
2024-09-01 11:00:00Z;5.799523;23;3
2024-09-02 11:00:00Z;4.980823;23;3
2024-09-03 11:00:00Z;7.20306;23;3
2024-09-04 11:00:00Z;18.31539;23;3
2024-09-05 11:00:00Z;13.79773;23;3
2024-09-06 11:00:00Z;9.828683;23;3
2024-09-07 11:00:00Z;8.145463;23;3
2024-09-08 11:00:00Z;5.757321;23;3
2024-09-09 11:00:00Z;5.379102;23;3
2024-09-10 11:00:00Z;5.769154;23;3
2024-09-11 11:00:00Z;22.83142;23;3
2024-09-12 11:00:00Z;31.78966;23;3
2024-09-13 11:00:00Z;17.69809;23;3
2024-09-14 11:00:00Z;11.10917;23;3
2024-09-15 11:00:00Z;7.906658;23;3
2024-09-16 11:00:00Z;7.506468;23;3
2024-09-17 11:00:00Z;7.021345;23;3
2024-09-18 11:00:00Z;6.323711;23;3
2024-09-19 11:00:00Z;5.450896;23;3
2024-09-20 11:00:00Z;4.55444;23;3
2024-09-21 11:00:00Z;3.880904;23;3
2024-09-22 11:00:00Z;3.476191;23;3
2024-09-23 11:00:00Z;3.050313;23;3
2024-09-24 11:00:00Z;2.99564;23;3
2024-09-25 11:00:00Z;4.255644;23;3
2024-09-26 11:00:00Z;4.872046;23;3
2024-09-27 11:00:00Z;5.026453;23;3
2024-09-28 11:00:00Z;4.433225;23;3
2024-09-29 11:00:00Z;3.839274;23;3
2024-09-30 11:00:00Z;3.080234;23;3
2024-10-01 11:00:00Z;2.662624;23;3
2024-10-02 11:00:00Z;2.944748;23;3
2024-10-03 11:00:00Z;2.94234;23;3
2024-10-04 11:00:00Z;2.640669;23;3
2024-10-05 11:00:00Z;2.512857;23;3
2024-10-06 11:00:00Z;2.279096;23;3
2024-10-07 11:00:00Z;2.222594;23;3
2024-10-08 11:00:00Z;3.314228;23;3
2024-10-09 11:00:00Z;7.07343;23;3
2024-10-10 11:00:00Z;9.063255;23;3
2024-10-11 11:00:00Z;7.749343;0;3
2024-10-12 11:00:00Z;8.364301;0;3
2024-10-13 11:00:00Z;19.39948;0;3
2024-10-14 11:00:00Z;20.33701;0;3
2024-10-15 11:00:00Z;12.87568;0;3
2024-10-16 11:00:00Z;8.85158;0;3
2024-10-17 11:00:00Z;6.296932;0;3
2024-10-18 11:00:00Z;5.691194;0;3
2024-10-19 11:00:00Z;6.166482;0;3
2024-10-20 11:00:00Z;14.0042;0;3
2024-10-21 11:00:00Z;35.76826;0;3
2024-10-22 11:00:00Z;31.82341;0;3
2024-10-23 11:00:00Z;22.17108;0;3
2024-10-24 11:00:00Z;14.41189;0;3
2024-10-25 11:00:00Z;10.0921;0;3
2024-10-26 11:00:00Z;8.206553;0;3
2024-10-27 11:00:00Z;23.25686;0;3
2024-10-28 11:00:00Z;24.91996;0;3
2024-10-29 11:00:00Z;15.98367;0;3
2024-10-30 11:00:00Z;11.45694;0;3
2024-10-31 11:00:00Z;8.139559;0;3
2024-11-01 11:00:00Z;7.477309;0;3
2024-11-02 11:00:00Z;6.791969;0;3
2024-11-03 11:00:00Z;5.463942;0;3
2024-11-04 11:00:00Z;5.994295;0;3
2024-11-05 11:00:00Z;4.950781;0;3
2024-11-06 11:00:00Z;4.878956;0;3
2024-11-07 11:00:00Z;4.599811;0;3
2024-11-08 11:00:00Z;4.168377;0;3
2024-11-09 11:00:00Z;3.489436;2;3
2024-11-10 11:00:00Z;3.285744;2;3
2024-11-11 11:00:00Z;3.513145;0;3
2024-11-12 11:00:00Z;3.795122;0;3
2024-11-13 11:00:00Z;3.102479;0;3
2024-11-14 11:00:00Z;3.114827;0;3
2024-11-15 11:00:00Z;2.838645;2;3
2024-11-16 11:00:00Z;3.195457;0;3
2024-11-17 11:00:00Z;4.342748;0;3
2024-11-18 11:00:00Z;5.327909;0;3
2024-11-19 11:00:00Z;5.051958;0;3
2024-11-20 11:00:00Z;4.720169;0;3
2024-11-21 11:00:00Z;4.173625;0;3
2024-11-22 11:00:00Z;4.228271;0;3
2024-11-23 11:00:00Z;5.824009;0;3
2024-11-24 11:00:00Z;7.71363;0;3
2024-11-25 11:00:00Z;32.67624;0;3
2024-11-26 11:00:00Z;47.46575;0;3
2024-11-27 11:00:00Z;40.63126;0;3
2024-11-28 11:00:00Z;22.37601;0;3
2024-11-29 11:00:00Z;13.47467;0;3
2024-11-30 11:00:00Z;10.70511;0;3
2024-12-01 11:00:00Z;14.66401;0;3
2024-12-02 11:00:00Z;33.68006;0;3
2024-12-03 11:00:00Z;39.04573;2;3
2024-12-04 11:00:00Z;21.23724;2;3
2024-12-05 11:00:00Z;15.45312;0;3
2024-12-06 11:00:00Z;18.92818;0;3
2024-12-07 11:00:00Z;14.88662;0;3
2024-12-08 11:00:00Z;15.24487;0;3
2024-12-09 11:00:00Z;11.67357;0;3
2024-12-10 11:00:00Z;8.35169;0;3
2024-12-11 11:00:00Z;6.136945;0;3
2024-12-12 11:00:00Z;5.252031;0;3
2024-12-13 11:00:00Z;4.775155;2;3
2024-12-14 11:00:00Z;4.998932;2;3
2024-12-15 11:00:00Z;6.187183;2;3
2024-12-16 11:00:00Z;29.35169;0;3
2024-12-17 11:00:00Z;31.78028;0;3
2024-12-18 11:00:00Z;35.26757;0;3
2024-12-19 11:00:00Z;46.02445;0;3
2024-12-20 11:00:00Z;28.24396;0;3
2024-12-21 11:00:00Z;19.13651;0;3
2024-12-22 11:00:00Z;32.15457;0;3
2024-12-23 11:00:00Z;36.83182;0;3
2024-12-24 11:00:00Z;22.36434;0;3
2024-12-25 11:00:00Z;17.19526;2;3
2024-12-26 11:00:00Z;16.56481;0;3
2024-12-27 11:00:00Z;15.52588;0;3
2024-12-28 11:00:00Z;11.28961;0;3
2024-12-29 11:00:00Z;9.680038;0;3
2024-12-30 11:00:00Z;17.92608;0;3
2024-12-31 11:00:00Z;16.94225;0;3
2025-01-01 11:00:00Z;25.13505;0;2
2025-01-02 11:00:00Z;28.16174;0;2
2025-01-03 11:00:00Z;17.13919;0;2
2025-01-04 11:00:00Z;11.7512;0;2
2025-01-05 11:00:00Z;7.703715;0;2
2025-01-06 11:00:00Z;4.746584;0;2
2025-01-07 11:00:00Z;6.12267;0;2
2025-01-08 11:00:00Z;8.296218;0;2
2025-01-09 11:00:00Z;9.77441;0;2
2025-01-10 11:00:00Z;11.6298;0;2
2025-01-11 11:00:00Z;13.37519;0;2
2025-01-12 11:00:00Z;16.75066;0;2
2025-01-13 11:00:00Z;12.81736;0;2
2025-01-14 11:00:00Z;10.03953;0;2
2025-01-15 11:00:00Z;16.6979;0;2
2025-01-16 11:00:00Z;15.50604;0;2
2025-01-17 11:00:00Z;14.197;0;2
2025-01-18 11:00:00Z;14.64514;0;2
2025-01-19 11:00:00Z;14.00464;0;2
2025-01-20 11:00:00Z;10.77775;0;2
2025-01-21 11:00:00Z;14.18162;23;2
2025-01-22 11:00:00Z;11.59438;23;2
2025-01-23 11:00:00Z;10.96351;23;2
2025-01-24 11:00:00Z;14.2009;23;2
2025-01-25 11:00:00Z;31.98478;23;2
2025-01-26 11:00:00Z;35.82739;23;2
2025-01-27 11:00:00Z;22.92069;23;2
2025-01-28 11:00:00Z;25.91558;23;2
2025-01-29 11:00:00Z;32.55946;23;2
2025-01-30 11:00:00Z;32.56293;23;2
2025-01-31 11:00:00Z;25.55742;23;2
2025-02-01 11:00:00Z;20.1716;23;2
2025-02-02 11:00:00Z;14.54703;23;2
2025-02-03 11:00:00Z;12.39807;23;2
2025-02-04 11:00:00Z;10.78397;23;2
2025-02-05 11:00:00Z;29.03905;23;2
2025-02-06 11:00:00Z;39.20087;23;2
2025-02-07 11:00:00Z;27.08958;23;2
2025-02-08 11:00:00Z;17.24508;23;2
2025-02-09 11:00:00Z;15.60177;23;2
2025-02-10 11:00:00Z;13.59084;23;2
2025-02-11 11:00:00Z;10.91536;23;2
2025-02-12 11:00:00Z;8.955268;23;2
2025-02-13 11:00:00Z;8.727843;23;2
2025-02-14 11:00:00Z;8.288404;23;2
2025-02-15 11:00:00Z;7.433111;23;2
2025-02-16 11:00:00Z;7.366609;23;2
2025-02-17 11:00:00Z;7.142972;23;2
2025-02-18 11:00:00Z;8.275744;23;2
2025-02-19 11:00:00Z;8.571391;23;2
2025-02-20 11:00:00Z;6.464542;23;2
2025-02-21 11:00:00Z;6.028078;23;2
2025-02-22 11:00:00Z;30.08876;23;2
2025-02-23 11:00:00Z;64.45398;23;2
2025-02-24 11:00:00Z;90.32376;23;2
2025-02-25 11:00:00Z;86.78068;23;2
2025-02-26 11:00:00Z;59.49658;0;2
2025-02-27 11:00:00Z;44.58601;0;2
2025-02-28 11:00:00Z;35.39988;0;2
2025-03-01 11:00:00Z;26.62229;0;2
2025-03-02 11:00:00Z;19.01033;0;2
2025-03-03 11:00:00Z;15.55937;0;2
2025-03-04 11:00:00Z;16.24645;0;2
2025-03-05 11:00:00Z;25.68318;0;2
2025-03-06 11:00:00Z;40.07467;0;2
2025-03-07 11:00:00Z;35.68472;0;2
2025-03-08 11:00:00Z;27.02179;0;2
2025-03-09 11:00:00Z;20.70941;0;2
2025-03-10 11:00:00Z;16.49798;0;2
2025-03-11 11:00:00Z;14.55367;0;2
2025-03-12 11:00:00Z;13.30792;0;2
2025-03-13 11:00:00Z;13.61791;0;2
2025-03-14 11:00:00Z;13.5619;0;2
2025-03-15 11:00:00Z;12.59947;0;2
2025-03-16 11:00:00Z;9.955441;0;2
2025-03-17 11:00:00Z;10.73647;0;2
2025-03-18 11:00:00Z;8.817059;0;2
2025-03-19 11:00:00Z;8.415163;0;2
2025-03-20 11:00:00Z;7.992332;0;2
2025-03-21 11:00:00Z;8.310652;0;2
2025-03-22 11:00:00Z;7.392519;0;2
2025-03-23 11:00:00Z;6.63005;0;2
2025-03-24 11:00:00Z;6.42587;0;2
2025-03-25 11:00:00Z;5.50738;0;2
2025-03-26 11:00:00Z;6.869693;0;2
2025-03-27 11:00:00Z;5.822316;0;2
2025-03-28 11:00:00Z;6.569067;0;2
2025-03-29 11:00:00Z;13.17476;0;2
2025-03-30 11:00:00Z;18.62278;0;2
2025-03-31 11:00:00Z;23.82565;0;2
2025-04-01 11:00:00Z;19.54916;0;2
2025-04-02 11:00:00Z;15.71238;0;2
2025-04-03 11:00:00Z;12.67005;0;2
2025-04-04 11:00:00Z;11.06173;0;2
2025-04-05 11:00:00Z;10.44956;0;2
2025-04-06 11:00:00Z;9.682785;0;2
2025-04-07 11:00:00Z;8.482085;0;2
2025-04-08 11:00:00Z;8.162502;0;2
2025-04-09 11:00:00Z;7.172071;0;2
2025-04-10 11:00:00Z;7.033588;0;2
2025-04-11 11:00:00Z;5.979041;0;2
2025-04-12 11:00:00Z;5.581669;0;2
2025-04-13 11:00:00Z;5.7089;0;2
2025-04-14 11:00:00Z;6.988333;0;2
2025-04-15 11:00:00Z;7.156043;0;2
2025-04-16 11:00:00Z;6.391608;0;2
2025-04-17 11:00:00Z;8.57672;0;2
2025-04-18 11:00:00Z;10.04183;0;2
2025-04-19 11:00:00Z;10.29195;0;2
2025-04-20 11:00:00Z;9.507939;0;2
2025-04-21 11:00:00Z;9.023528;0;2
2025-04-22 11:00:00Z;8.749121;0;2
2025-04-23 11:00:00Z;8.516664;0;2
2025-04-24 11:00:00Z;7.935944;0;2
2025-04-25 11:00:00Z;6.892085;0;2
2025-04-26 11:00:00Z;6.38189;0;2
2025-04-27 11:00:00Z;5.927002;0;2
2025-04-28 11:00:00Z;5.11834;0;2
2025-04-29 11:00:00Z;5.305052;0;2
2025-04-30 11:00:00Z;4.760843;0;2
2025-05-01 11:00:00Z;5.207145;0;2
2025-05-02 11:00:00Z;5.234032;0;2
2025-05-03 11:00:00Z;5.312035;0;2
2025-05-04 11:00:00Z;5.615898;0;2
2025-05-05 11:00:00Z;5.323547;0;2
2025-05-06 11:00:00Z;5.176473;0;2
2025-05-07 11:00:00Z;5.070466;0;2
2025-05-08 11:00:00Z;4.830635;0;2
2025-05-09 11:00:00Z;4.686353;0;2
2025-05-10 11:00:00Z;4.658279;0;2
2025-05-11 11:00:00Z;4.20064;0;2
2025-05-12 11:00:00Z;3.924943;0;2
2025-05-13 11:00:00Z;3.876824;0;2
2025-05-14 11:00:00Z;3.737964;0;2
2025-05-15 11:00:00Z;3.59526;0;2
2025-05-16 11:00:00Z;3.525349;0;2
2025-05-17 11:00:00Z;3.535667;0;2
2025-05-18 11:00:00Z;3.429943;0;2
2025-05-19 11:00:00Z;3.291138;0;2
2025-05-20 11:00:00Z;3.19394;0;2
2025-05-21 11:00:00Z;3.219021;0;2
2025-05-22 11:00:00Z;3.269635;0;2
2025-05-23 11:00:00Z;3.243548;0;2
2025-05-24 11:00:00Z;3.233173;0;2
2025-05-25 11:00:00Z;3.211477;0;2
2025-05-26 11:00:00Z;3.67286;0;2
2025-05-27 11:00:00Z;4.15978;0;2
2025-05-28 11:00:00Z;6.235523;0;2
2025-05-29 11:00:00Z;8.343043;0;2
2025-05-30 11:00:00Z;8.281389;0;2
2025-05-31 11:00:00Z;7.916889;0;2
2025-06-01 11:00:00Z;7.25428;0;2
2025-06-02 11:00:00Z;7.381526;0;2
2025-06-03 11:00:00Z;7.183194;0;2
2025-06-04 11:00:00Z;10.16155;0;2
2025-06-05 11:00:00Z;12.44849;0;2
2025-06-06 11:00:00Z;14.98876;0;2
2025-06-07 11:00:00Z;19.44033;0;2
2025-06-08 11:00:00Z;15.51643;0;2
2025-06-09 11:00:00Z;11.78898;0;2
2025-06-10 11:00:00Z;9.854902;0;2
2025-06-11 11:00:00Z;8.589256;0;2
2025-06-12 11:00:00Z;7.396086;0;2
2025-06-13 11:00:00Z;6.679002;0;2
2025-06-14 11:00:00Z;5.931384;0;2
2025-06-15 11:00:00Z;5.62089;0;2
2025-06-16 11:00:00Z;5.437234;0;2
2025-06-17 11:00:00Z;5.11398;0;2
2025-06-18 11:00:00Z;4.945487;0;2
2025-06-19 11:00:00Z;4.81108;0;2
2025-06-20 11:00:00Z;4.536256;0;2
2025-06-21 11:00:00Z;4.202007;0;2
2025-06-22 11:00:00Z;4.087165;0;2
2025-06-23 11:00:00Z;4.078126;0;2
2025-06-24 11:00:00Z;4.759429;0;2
2025-06-25 11:00:00Z;4.655814;0;2
2025-06-26 11:00:00Z;4.673292;0;2
2025-06-27 11:00:00Z;5.713928;0;2
2025-06-28 11:00:00Z;7.002549;0;1
2025-06-29 11:00:00Z;8.378586;0;1
2025-06-30 11:00:00Z;8.08118;0;1
2025-07-01 11:00:00Z;7.125933;0;1
2025-07-02 11:00:00Z;6.519348;0;1
2025-07-03 11:00:00Z;5.844041;0;1
2025-07-04 11:00:00Z;6.020337;0;1
2025-07-05 11:00:00Z;10.71733;0;1
2025-07-06 11:00:00Z;17.06737;0;1
2025-07-07 11:00:00Z;16.64836;0;1
2025-07-08 11:00:00Z;13.72583;0;1
2025-07-09 11:00:00Z;12.23372;0;1
2025-07-10 11:00:00Z;11.10572;0;1
2025-07-11 11:00:00Z;9.498439;0;1
2025-07-12 11:00:00Z;8.295052;0;1
2025-07-13 11:00:00Z;7.374197;0;1
2025-07-14 11:00:00Z;6.527166;0;1
2025-07-15 11:00:00Z;4.707211;0;1
2025-07-16 11:00:00Z;2.189977;0;1
2025-07-17 11:00:00Z;2.942101;0;1
2025-07-18 11:00:00Z;3.043486;0;1
2025-07-19 11:00:00Z;3.076043;0;1
2025-07-20 11:00:00Z;2.63431;0;1
2025-07-21 11:00:00Z;2.396745;0;1
2025-07-22 11:00:00Z;4.682907;0;1
2025-07-23 11:00:00Z;7.216716;0;1
2025-07-24 11:00:00Z;9.420064;0;1
2025-07-25 11:00:00Z;10.32781;0;1
2025-07-26 11:00:00Z;8.335937;0;1
2025-07-27 11:00:00Z;5.369986;0;1
2025-07-28 11:00:00Z;3.742161;0;1
2025-07-29 11:00:00Z;2.897176;0;1
2025-07-30 11:00:00Z;2.585418;0;1
2025-07-31 11:00:00Z;2.304005;0;1
2025-08-01 11:00:00Z;2.106051;0;1
2025-08-02 11:00:00Z;2.172395;0;1
2025-08-03 11:00:00Z;3.737701;0;1
2025-08-04 11:00:00Z;4.803471;0;1
2025-08-05 11:00:00Z;27.71443;0;1
2025-08-06 11:00:00Z;40.00901;0;1
2025-08-07 11:00:00Z;21.62034;0;1
2025-08-08 11:00:00Z;14.66895;0;1
2025-08-09 11:00:00Z;11.54713;0;1
2025-08-10 11:00:00Z;11.47199;0;1
2025-08-11 11:00:00Z;9.527246;0;1
2025-08-12 11:00:00Z;7.012081;0;1
2025-08-13 11:00:00Z;5.36949;0;1
2025-08-14 11:00:00Z;4.519962;0;1
