#Røynestad, 25.85.0, Vannføring, day
Time;Discharge (m³/s);Corrected;Controlled
1971-01-01 11:00:00Z;1.970676;0;3
1971-01-02 11:00:00Z;2.437073;0;3
1971-01-03 11:00:00Z;2.990656;0;3
1971-01-04 11:00:00Z;2.990656;0;3
1971-01-05 11:00:00Z;2.990656;0;3
1971-01-06 11:00:00Z;2.990656;0;3
1971-01-07 11:00:00Z;2.990656;0;3
1971-01-08 11:00:00Z;14.78232;0;3
1971-01-09 11:00:00Z;39.04865;0;3
1971-01-10 11:00:00Z;51.2905;0;3
1971-01-11 11:00:00Z;31.70259;0;3
1971-01-12 11:00:00Z;14.78232;0;3
1971-01-13 11:00:00Z;8.841879;0;3
1971-01-14 11:00:00Z;6.412881;0;3
1971-01-15 11:00:00Z;5.992111;0;3
1971-01-16 11:00:00Z;5.303548;0;3
1971-01-17 11:00:00Z;4.409753;0;3
1971-01-18 11:00:00Z;5.591575;0;3
1971-01-19 11:00:00Z;9.397121;0;3
1971-01-20 11:00:00Z;22.09385;0;3
1971-01-21 11:00:00Z;24.26567;0;3
1971-01-22 11:00:00Z;12.55628;0;3
1971-01-23 11:00:00Z;8.841879;0;3
1971-01-24 11:00:00Z;8.841879;0;3
1971-01-25 11:00:00Z;24.26567;0;3
1971-01-26 11:00:00Z;44.00234;0;3
1971-01-27 11:00:00Z;20.0655;0;3
1971-01-28 11:00:00Z;10.58221;0;3
1971-01-29 11:00:00Z;8.310637;0;3
1971-01-30 11:00:00Z;6.854502;0;3
1971-01-31 11:00:00Z;6.412881;0;3
1971-02-01 11:00:00Z;5.303548;0;3
1971-02-02 11:00:00Z;42.3037;0;3
1971-02-03 11:00:00Z;5.992111;0;3
1971-02-04 11:00:00Z;5.591575;0;3
1971-02-05 11:00:00Z;6.412881;0;3
1971-02-06 11:00:00Z;7.317581;0;3
1971-02-07 11:00:00Z;8.310637;0;3
1971-02-08 11:00:00Z;7.802749;0;3
1971-02-09 11:00:00Z;13.26939;0;3
1971-02-10 11:00:00Z;12.55628;0;3
1971-02-11 11:00:00Z;9.397121;0;3
1971-02-12 11:00:00Z;12.55628;0;3
1971-02-13 11:00:00Z;98.85735;0;3
1971-02-14 11:00:00Z;47.54604;0;3
1971-02-15 11:00:00Z;21.06212;0;3
1971-02-16 11:00:00Z;29.06389;0;3
1971-02-17 11:00:00Z;16.41553;0;3
1971-02-18 11:00:00Z;11.87117;0;3
1971-02-19 11:00:00Z;9.397121;0;3
1971-02-20 11:00:00Z;7.802749;0;3
1971-02-21 11:00:00Z;7.317581;0;3
1971-02-22 11:00:00Z;6.412881;0;3
1971-02-23 11:00:00Z;5.992111;0;3
1971-02-24 11:00:00Z;5.591575;0;3
1971-02-25 11:00:00Z;7.317581;0;3
1971-02-26 11:00:00Z;5.992111;0;3
1971-02-27 11:00:00Z;5.303548;0;3
1971-02-28 11:00:00Z;4.409753;0;3
1971-03-01 11:00:00Z;2.990656;0;3
1971-03-02 11:00:00Z;2.990656;0;3
1971-03-03 11:00:00Z;2.437073;0;3
1971-03-04 11:00:00Z;2.437073;0;3
1971-03-05 11:00:00Z;2.437073;0;3
1971-03-06 11:00:00Z;2.437073;0;3
1971-03-07 11:00:00Z;2.437073;0;3
1971-03-08 11:00:00Z;2.437073;0;3
1971-03-09 11:00:00Z;2.990656;0;3
1971-03-10 11:00:00Z;5.992111;0;3
1971-03-11 11:00:00Z;5.303548;0;3
1971-03-12 11:00:00Z;4.409753;0;3
1971-03-13 11:00:00Z;4.409753;0;3
1971-03-14 11:00:00Z;6.854502;0;3
1971-03-15 11:00:00Z;6.412881;0;3
1971-03-16 11:00:00Z;6.854502;0;3
1971-03-17 11:00:00Z;8.841879;0;3
1971-03-18 11:00:00Z;7.317581;0;3
1971-03-19 11:00:00Z;5.992111;0;3
1971-03-20 11:00:00Z;5.303548;0;3
1971-03-21 11:00:00Z;5.591575;0;3
1971-03-22 11:00:00Z;4.409753;0;3
1971-03-23 11:00:00Z;4.409753;0;3
1971-03-24 11:00:00Z;4.409753;0;3
1971-03-25 11:00:00Z;6.854502;0;3
1971-03-26 11:00:00Z;10.58221;0;3
1971-03-27 11:00:00Z;9.397121;0;3
1971-03-28 11:00:00Z;7.802749;0;3
1971-03-29 11:00:00Z;6.412881;0;3
1971-03-30 11:00:00Z;5.591575;0;3
1971-03-31 11:00:00Z;5.591575;0;3
1971-04-01 11:00:00Z;5.591575;0;3
1971-04-02 11:00:00Z;5.591575;0;3
1971-04-03 11:00:00Z;5.992111;0;3
1971-04-04 11:00:00Z;8.841879;0;3
1971-04-05 11:00:00Z;12.55628;0;3
1971-04-06 11:00:00Z;9.397121;0;3
1971-04-07 11:00:00Z;8.841879;0;3
1971-04-08 11:00:00Z;12.55628;0;3
1971-04-09 11:00:00Z;14.01116;0;3
1971-04-10 11:00:00Z;18.17467;0;3
1971-04-11 11:00:00Z;17.279;0;3
1971-04-12 11:00:00Z;19.10326;0;3
1971-04-13 11:00:00Z;40.65275;0;3
1971-04-14 11:00:00Z;40.65275;0;3
1971-04-15 11:00:00Z;30.36262;0;3
1971-04-16 11:00:00Z;25.40726;0;3
1971-04-17 11:00:00Z;19.10326;0;3
1971-04-18 11:00:00Z;22.09385;0;3
1971-04-19 11:00:00Z;42.3037;0;3
1971-04-20 11:00:00Z;30.36262;0;3
1971-04-21 11:00:00Z;26.58699;0;3
1971-04-22 11:00:00Z;21.06212;0;3
1971-04-23 11:00:00Z;18.17467;0;3
1971-04-24 11:00:00Z;19.10326;0;3
1971-04-25 11:00:00Z;15.58354;0;3
1971-04-26 11:00:00Z;11.21337;0;3
1971-04-27 11:00:00Z;9.397121;0;3
1971-04-28 11:00:00Z;8.841879;0;3
1971-04-29 11:00:00Z;7.802749;0;3
1971-04-30 11:00:00Z;6.854502;0;3
1971-05-01 11:00:00Z;5.992111;0;3
1971-05-02 11:00:00Z;5.992111;0;3
1971-05-03 11:00:00Z;5.591575;0;3
1971-05-04 11:00:00Z;2.990656;0;3
1971-05-05 11:00:00Z;11.87117;0;3
1971-05-06 11:00:00Z;12.55628;0;3
1971-05-07 11:00:00Z;13.26939;0;3
1971-05-08 11:00:00Z;14.01116;0;3
1971-05-09 11:00:00Z;24.26567;0;3
1971-05-10 11:00:00Z;24.26567;0;3
1971-05-11 11:00:00Z;20.0655;0;3
1971-05-12 11:00:00Z;20.0655;0;3
1971-05-13 11:00:00Z;16.41553;0;3
1971-05-14 11:00:00Z;12.55628;0;3
1971-05-15 11:00:00Z;10.58221;0;3
1971-05-16 11:00:00Z;9.977013;0;3
1971-05-17 11:00:00Z;11.87117;0;3
1971-05-18 11:00:00Z;13.26939;0;3
1971-05-19 11:00:00Z;12.55628;0;3
1971-05-20 11:00:00Z;11.21337;0;3
1971-05-21 11:00:00Z;9.977013;0;3
1971-05-22 11:00:00Z;8.310637;0;3
1971-05-23 11:00:00Z;7.802749;0;3
1971-05-24 11:00:00Z;7.317581;0;3
1971-05-25 11:00:00Z;5.992111;0;3
1971-05-26 11:00:00Z;5.591575;0;3
1971-05-27 11:00:00Z;5.591575;0;3
1971-05-28 11:00:00Z;5.992111;0;3
1971-05-29 11:00:00Z;89.15953;0;3
1971-05-30 11:00:00Z;137.4877;0;3
1971-05-31 11:00:00Z;35.97778;0;3
1971-06-01 11:00:00Z;22.09385;0;3
1971-06-02 11:00:00Z;18.17467;0;3
1971-06-03 11:00:00Z;13.26939;0;3
1971-06-04 11:00:00Z;75.69255;0;3
1971-06-05 11:00:00Z;55.24253;0;3
1971-06-06 11:00:00Z;51.2905;0;3
1971-06-07 11:00:00Z;77.12577;0;3
1971-06-08 11:00:00Z;81.51962;0;3
1971-06-09 11:00:00Z;47.54604;0;3
1971-06-10 11:00:00Z;19.10326;0;3
1971-06-11 11:00:00Z;10.58221;0;3
1971-06-12 11:00:00Z;22.09385;0;3
1971-06-13 11:00:00Z;42.3037;0;3
1971-06-14 11:00:00Z;40.65275;0;3
1971-06-15 11:00:00Z;35.97778;0;3
1971-06-16 11:00:00Z;31.70259;0;3
1971-06-17 11:00:00Z;27.8056;0;3
1971-06-18 11:00:00Z;25.40726;0;3
1971-06-19 11:00:00Z;14.01116;0;3
1971-06-20 11:00:00Z;6.854502;0;3
1971-06-21 11:00:00Z;6.412881;0;3
1971-06-22 11:00:00Z;8.310637;0;3
1971-06-23 11:00:00Z;9.397121;0;3
1971-06-24 11:00:00Z;8.841879;0;3
1971-06-25 11:00:00Z;8.310637;0;3
1971-06-26 11:00:00Z;7.802749;0;3
1971-06-27 11:00:00Z;7.802749;0;3
1971-06-28 11:00:00Z;8.310637;0;3
1971-06-29 11:00:00Z;8.310637;0;3
1971-06-30 11:00:00Z;8.310637;0;3
1971-07-01 11:00:00Z;7.802749;0;3
1971-07-02 11:00:00Z;7.317581;0;3
1971-07-03 11:00:00Z;7.317581;0;3
1971-07-04 11:00:00Z;7.317581;0;3
1971-07-05 11:00:00Z;7.317581;0;3
1971-07-06 11:00:00Z;7.317581;0;3
1971-07-07 11:00:00Z;7.317581;0;3
1971-07-08 11:00:00Z;6.854502;0;3
1971-07-09 11:00:00Z;6.854502;0;3
1971-07-10 11:00:00Z;6.854502;0;3
1971-07-11 11:00:00Z;6.854502;0;3
1971-07-12 11:00:00Z;6.412881;0;3
1971-07-13 11:00:00Z;6.412881;0;3
1971-07-14 11:00:00Z;6.412881;0;3
1971-07-15 11:00:00Z;6.412881;0;3
1971-07-16 11:00:00Z;6.854502;0;3
1971-07-17 11:00:00Z;6.854502;0;3
1971-07-18 11:00:00Z;6.412881;0;3
1971-07-19 11:00:00Z;6.412881;0;3
1971-07-20 11:00:00Z;6.412881;0;3
1971-07-21 11:00:00Z;6.412881;0;3
1971-07-22 11:00:00Z;6.412881;0;3
1971-07-23 11:00:00Z;6.412881;0;3
1971-07-24 11:00:00Z;6.412881;0;3
1971-07-25 11:00:00Z;7.317581;0;3
1971-07-26 11:00:00Z;7.802749;0;3
1971-07-27 11:00:00Z;8.310637;0;3
1971-07-28 11:00:00Z;9.397121;0;3
1971-07-29 11:00:00Z;7.802749;0;3
1971-07-30 11:00:00Z;7.317581;0;3
1971-07-31 11:00:00Z;6.412881;0;3
1971-08-01 11:00:00Z;6.412881;0;3
1971-08-02 11:00:00Z;5.992111;0;3
1971-08-03 11:00:00Z;5.992111;0;3
1971-08-04 11:00:00Z;5.992111;0;3
1971-08-05 11:00:00Z;12.55628;0;3
1971-08-06 11:00:00Z;49.39275;0;3
1971-08-07 11:00:00Z;127.6158;0;3
1971-08-08 11:00:00Z;131.5132;0;3
1971-08-09 11:00:00Z;90.73545;0;3
1971-08-10 11:00:00Z;70.8092;0;3
1971-08-11 11:00:00Z;53.24014;0;3
1971-08-12 11:00:00Z;42.3037;0;3
1971-08-13 11:00:00Z;31.70259;0;3
1971-08-14 11:00:00Z;25.40726;0;3
1971-08-15 11:00:00Z;24.26567;0;3
1971-08-16 11:00:00Z;22.09385;0;3
1971-08-17 11:00:00Z;18.17467;0;3
1971-08-18 11:00:00Z;15.58354;0;3
1971-08-19 11:00:00Z;13.26939;0;3
1971-08-20 11:00:00Z;11.87117;0;3
1971-08-21 11:00:00Z;9.977013;0;3
1971-08-22 11:00:00Z;5.992111;0;3
1971-08-23 11:00:00Z;5.303548;0;3
1971-08-24 11:00:00Z;3.643716;0;3
1971-08-25 11:00:00Z;3.643716;0;3
1971-08-26 11:00:00Z;4.409753;0;3
1971-08-27 11:00:00Z;4.409753;0;3
1971-08-28 11:00:00Z;5.303548;0;3
1971-08-29 11:00:00Z;5.992111;0;3
1971-08-30 11:00:00Z;5.992111;0;3
1971-08-31 11:00:00Z;7.317581;0;3
1971-09-01 11:00:00Z;8.310637;0;3
1971-09-02 11:00:00Z;37.4906;0;3
1971-09-03 11:00:00Z;16.41553;0;3
1971-09-04 11:00:00Z;10.58221;0;3
1971-09-05 11:00:00Z;15.58354;0;3
1971-09-06 11:00:00Z;12.55628;0;3
1971-09-07 11:00:00Z;8.841879;0;3
1971-09-08 11:00:00Z;7.317581;0;3
1971-09-09 11:00:00Z;7.317581;0;3
1971-09-10 11:00:00Z;6.412881;0;3
1971-09-11 11:00:00Z;5.992111;0;3
1971-09-12 11:00:00Z;5.591575;0;3
1971-09-13 11:00:00Z;5.591575;0;3
1971-09-14 11:00:00Z;5.303548;0;3
1971-09-15 11:00:00Z;5.591575;0;3
1971-09-16 11:00:00Z;5.591575;0;3
1971-09-17 11:00:00Z;5.591575;0;3
1971-09-18 11:00:00Z;5.591575;0;3
1971-09-19 11:00:00Z;5.591575;0;3
1971-09-20 11:00:00Z;5.591575;0;3
1971-09-21 11:00:00Z;5.591575;0;3
1971-09-22 11:00:00Z;5.591575;0;3
1971-09-23 11:00:00Z;5.591575;0;3
1971-09-24 11:00:00Z;5.992111;0;3
1971-09-25 11:00:00Z;7.317581;0;3
1971-09-26 11:00:00Z;7.802749;0;3
1971-09-27 11:00:00Z;7.317581;0;3
1971-09-28 11:00:00Z;6.854502;0;3
1971-09-29 11:00:00Z;6.854502;0;3
1971-09-30 11:00:00Z;5.303548;0;3
1971-10-01 11:00:00Z;7.802749;0;3
1971-10-02 11:00:00Z;7.317581;0;3
1971-10-03 11:00:00Z;5.992111;0;3
1971-10-04 11:00:00Z;5.591575;0;3
1971-10-05 11:00:00Z;4.409753;0;3
1971-10-06 11:00:00Z;3.643716;0;3
1971-10-07 11:00:00Z;3.643716;0;3
1971-10-08 11:00:00Z;7.317581;0;3
1971-10-09 11:00:00Z;6.854502;0;3
1971-10-10 11:00:00Z;6.412881;0;3
1971-10-11 11:00:00Z;77.12577;0;3
1971-10-12 11:00:00Z;27.8056;0;3
1971-10-13 11:00:00Z;16.41553;0;3
1971-10-14 11:00:00Z;11.21337;0;3
1971-10-15 11:00:00Z;8.310637;0;3
1971-10-16 11:00:00Z;7.802749;0;3
1971-10-17 11:00:00Z;61.57483;0;3
1971-10-18 11:00:00Z;51.2905;0;3
1971-10-19 11:00:00Z;89.15953;0;3
1971-10-20 11:00:00Z;114.5084;0;3
1971-10-21 11:00:00Z;160.7288;0;3
1971-10-22 11:00:00Z;227.2733;0;3
1971-10-23 11:00:00Z;176.6283;0;3
1971-10-24 11:00:00Z;70.8092;0;3
1971-10-25 11:00:00Z;35.97778;0;3
1971-10-26 11:00:00Z;21.06212;0;3
1971-10-27 11:00:00Z;14.01116;0;3
1971-10-28 11:00:00Z;8.841879;0;3
1971-10-29 11:00:00Z;6.854502;0;3
1971-10-30 11:00:00Z;5.992111;0;3
1971-10-31 11:00:00Z;5.591575;0;3
1971-11-01 11:00:00Z;6.854502;0;3
1971-11-02 11:00:00Z;7.802749;0;3
1971-11-03 11:00:00Z;7.802749;0;3
1971-11-04 11:00:00Z;13.26939;0;3
1971-11-05 11:00:00Z;27.8056;0;3
1971-11-06 11:00:00Z;31.70259;0;3
1971-11-07 11:00:00Z;16.41553;0;3
1971-11-08 11:00:00Z;18.17467;0;3
1971-11-09 11:00:00Z;16.41553;0;3
1971-11-10 11:00:00Z;11.87117;0;3
1971-11-11 11:00:00Z;9.397121;0;3
1971-11-12 11:00:00Z;34.50937;0;3
1971-11-13 11:00:00Z;25.40726;0;3
1971-11-14 11:00:00Z;15.58354;0;3
1971-11-15 11:00:00Z;12.55628;0;3
1971-11-16 11:00:00Z;84.52782;0;3
1971-11-17 11:00:00Z;35.97778;0;3
1971-11-18 11:00:00Z;18.17467;0;3
1971-11-19 11:00:00Z;11.87117;0;3
1971-11-20 11:00:00Z;9.397121;0;3
1971-11-21 11:00:00Z;8.841879;0;3
1971-11-22 11:00:00Z;7.802749;0;3
1971-11-23 11:00:00Z;5.992111;0;3
1971-11-24 11:00:00Z;5.591575;0;3
1971-11-25 11:00:00Z;5.591575;0;3
1971-11-26 11:00:00Z;5.591575;0;3
1971-11-27 11:00:00Z;8.841879;0;3
1971-11-28 11:00:00Z;34.50937;0;3
1971-11-29 11:00:00Z;95.55996;0;3
1971-11-30 11:00:00Z;51.2905;0;3
1971-12-01 11:00:00Z;22.09385;0;3
1971-12-02 11:00:00Z;14.01116;0;3
1971-12-03 11:00:00Z;9.977013;0;3
1971-12-04 11:00:00Z;9.397121;0;3
1971-12-05 11:00:00Z;22.09385;0;3
1971-12-06 11:00:00Z;25.40726;0;3
1971-12-07 11:00:00Z;16.41553;0;3
1971-12-08 11:00:00Z;24.26567;0;3
1971-12-09 11:00:00Z;12.55628;0;3
1971-12-10 11:00:00Z;16.41553;0;3
1971-12-11 11:00:00Z;15.58354;0;3
1971-12-12 11:00:00Z;13.26939;0;3
1971-12-13 11:00:00Z;9.977013;0;3
1971-12-14 11:00:00Z;25.40726;0;3
1971-12-15 11:00:00Z;24.26567;0;3
1971-12-16 11:00:00Z;44.00234;0;3
1971-12-17 11:00:00Z;35.97778;0;3
1971-12-18 11:00:00Z;20.0655;0;3
1971-12-19 11:00:00Z;16.41553;0;3
1971-12-20 11:00:00Z;57.29853;0;3
1971-12-21 11:00:00Z;47.54604;0;3
1971-12-22 11:00:00Z;68.41315;0;3
1971-12-23 11:00:00Z;30.36262;0;3
1971-12-24 11:00:00Z;87.59965;0;3
1971-12-25 11:00:00Z;125.6926;0;3
1971-12-26 11:00:00Z;174.3034;0;3
1971-12-27 11:00:00Z;152.033;0;3
1971-12-28 11:00:00Z;116.3304;0;3
1971-12-29 11:00:00Z;57.29853;0;3
1971-12-30 11:00:00Z;16.41553;0;3
1971-12-31 11:00:00Z;9.977013;0;3
1972-01-01 11:00:00Z;6.854502;0;3
1972-01-02 11:00:00Z;5.992111;0;3
1972-01-03 11:00:00Z;5.591575;0;3
1972-01-04 11:00:00Z;4.409753;0;3
1972-01-05 11:00:00Z;3.643716;0;3
1972-01-06 11:00:00Z;2.990656;0;3
1972-01-07 11:00:00Z;2.990656;0;3
1972-01-08 11:00:00Z;2.437073;0;3
1972-01-09 11:00:00Z;2.437073;0;3
1972-01-10 11:00:00Z;1.970676;0;3
1972-01-11 11:00:00Z;1.580313;0;3
1972-01-12 11:00:00Z;1.580313;0;3
1972-01-13 11:00:00Z;1.580313;0;3
1972-01-14 11:00:00Z;1.580313;0;3
1972-01-15 11:00:00Z;1.580313;0;3
1972-01-16 11:00:00Z;1.580313;0;3
1972-01-17 11:00:00Z;1.580313;0;3
1972-01-18 11:00:00Z;1.255905;0;3
1972-01-19 11:00:00Z;1.255905;0;3
1972-01-20 11:00:00Z;1.580313;0;3
1972-01-21 11:00:00Z;1.580313;0;3
1972-01-22 11:00:00Z;2.437073;0;3
1972-01-23 11:00:00Z;2.437073;0;3
1972-01-24 11:00:00Z;9.397121;0;3
1972-01-25 11:00:00Z;9.397121;0;3
1972-01-26 11:00:00Z;8.841879;0;3
1972-01-27 11:00:00Z;7.317581;0;3
1972-01-28 11:00:00Z;5.992111;0;3
1972-01-29 11:00:00Z;5.303548;0;3
1972-01-30 11:00:00Z;5.303548;0;3
1972-01-31 11:00:00Z;5.303548;0;3
1972-02-01 11:00:00Z;4.409753;0;3
1972-02-02 11:00:00Z;4.409753;0;3
1972-02-03 11:00:00Z;4.409753;0;3
1972-02-04 11:00:00Z;4.409753;0;3
1972-02-05 11:00:00Z;2.990656;0;3
1972-02-06 11:00:00Z;2.437073;0;3
1972-02-07 11:00:00Z;2.437073;0;3
1972-02-08 11:00:00Z;2.437073;0;3
1972-02-09 11:00:00Z;2.437073;0;3
1972-02-10 11:00:00Z;2.437073;0;3
1972-02-11 11:00:00Z;2.437073;0;3
1972-02-12 11:00:00Z;2.437073;0;3
1972-02-13 11:00:00Z;2.437073;0;3
1972-02-14 11:00:00Z;2.437073;0;3
1972-02-15 11:00:00Z;2.437073;0;3
1972-02-16 11:00:00Z;2.437073;0;3
1972-02-17 11:00:00Z;2.437073;0;3
1972-02-18 11:00:00Z;2.437073;0;3
1972-02-19 11:00:00Z;1.970676;0;3
1972-02-20 11:00:00Z;1.970676;0;3
1972-02-21 11:00:00Z;1.580313;0;3
1972-02-22 11:00:00Z;1.580313;0;3
1972-02-23 11:00:00Z;1.580313;0;3
1972-02-24 11:00:00Z;1.970676;0;3
1972-02-25 11:00:00Z;1.970676;0;3
1972-02-26 11:00:00Z;1.970676;0;3
1972-02-27 11:00:00Z;1.580313;0;3
1972-02-28 11:00:00Z;1.580313;0;3
1972-02-29 11:00:00Z;1.580313;0;3
1972-03-01 11:00:00Z;1.580313;0;3
1972-03-02 11:00:00Z;1.580313;0;3
1972-03-03 11:00:00Z;1.255905;0;3
1972-03-04 11:00:00Z;1.255905;0;3
1972-03-05 11:00:00Z;1.580313;0;3
1972-03-06 11:00:00Z;1.580313;0;3
1972-03-07 11:00:00Z;1.580313;0;3
1972-03-08 11:00:00Z;1.580313;0;3
1972-03-09 11:00:00Z;1.580313;0;3
1972-03-10 11:00:00Z;1.580313;0;3
1972-03-11 11:00:00Z;1.580313;0;3
1972-03-12 11:00:00Z;1.580313;0;3
1972-03-13 11:00:00Z;1.970676;0;3
1972-03-14 11:00:00Z;1.970676;0;3
1972-03-15 11:00:00Z;1.970676;0;3
1972-03-16 11:00:00Z;1.970676;0;3
1972-03-17 11:00:00Z;5.303548;0;3
1972-03-18 11:00:00Z;8.841879;0;3
1972-03-19 11:00:00Z;16.41553;0;3
1972-03-20 11:00:00Z;16.41553;0;3
1972-03-21 11:00:00Z;13.26939;0;3
1972-03-22 11:00:00Z;22.09385;0;3
1972-03-23 11:00:00Z;77.12577;0;3
1972-03-24 11:00:00Z;33.08457;0;3
1972-03-25 11:00:00Z;17.279;0;3
1972-03-26 11:00:00Z;11.87117;0;3
1972-03-27 11:00:00Z;11.87117;0;3
1972-03-28 11:00:00Z;11.87117;0;3
1972-03-29 11:00:00Z;8.841879;0;3
1972-03-30 11:00:00Z;7.802749;0;3
1972-03-31 11:00:00Z;7.802749;0;3
1972-04-01 11:00:00Z;7.317581;0;3
1972-04-02 11:00:00Z;6.854502;0;3
1972-04-03 11:00:00Z;15.58354;0;3
1972-04-04 11:00:00Z;20.0655;0;3
1972-04-05 11:00:00Z;31.70259;0;3
1972-04-06 11:00:00Z;31.70259;0;3
1972-04-07 11:00:00Z;29.06389;0;3
1972-04-08 11:00:00Z;23.16146;0;3
1972-04-09 11:00:00Z;23.16146;0;3
1972-04-10 11:00:00Z;23.16146;0;3
1972-04-11 11:00:00Z;33.08457;0;3
1972-04-12 11:00:00Z;57.29853;0;3
1972-04-13 11:00:00Z;42.3037;0;3
1972-04-14 11:00:00Z;23.16146;0;3
1972-04-15 11:00:00Z;20.0655;0;3
1972-04-16 11:00:00Z;21.06212;0;3
1972-04-17 11:00:00Z;20.0655;0;3
1972-04-18 11:00:00Z;18.17467;0;3
1972-04-19 11:00:00Z;17.279;0;3
1972-04-20 11:00:00Z;15.58354;0;3
1972-04-21 11:00:00Z;13.26939;0;3
1972-04-22 11:00:00Z;13.26939;0;3
1972-04-23 11:00:00Z;13.26939;0;3
1972-04-24 11:00:00Z;13.26939;0;3
1972-04-25 11:00:00Z;11.21337;0;3
1972-04-26 11:00:00Z;9.397121;0;3
1972-04-27 11:00:00Z;9.977013;0;3
1972-04-28 11:00:00Z;9.977013;0;3
1972-04-29 11:00:00Z;8.841879;0;3
1972-04-30 11:00:00Z;83.0158;0;3
1972-05-01 11:00:00Z;51.2905;0;3
1972-05-02 11:00:00Z;29.06389;0;3
1972-05-03 11:00:00Z;29.06389;0;3
1972-05-04 11:00:00Z;25.40726;0;3
1972-05-05 11:00:00Z;23.16146;0;3
1972-05-06 11:00:00Z;18.17467;0;3
1972-05-07 11:00:00Z;16.41553;0;3
1972-05-08 11:00:00Z;15.58354;0;3
1972-05-09 11:00:00Z;13.26939;0;3
1972-05-10 11:00:00Z;11.21337;0;3
1972-05-11 11:00:00Z;9.977013;0;3
1972-05-12 11:00:00Z;8.310637;0;3
1972-05-13 11:00:00Z;7.802749;0;3
1972-05-14 11:00:00Z;7.317581;0;3
1972-05-15 11:00:00Z;7.802749;0;3
1972-05-16 11:00:00Z;7.317581;0;3
1972-05-17 11:00:00Z;7.317581;0;3
1972-05-18 11:00:00Z;6.412881;0;3
1972-05-19 11:00:00Z;6.412881;0;3
1972-05-20 11:00:00Z;6.412881;0;3
1972-05-21 11:00:00Z;6.412881;0;3
1972-05-22 11:00:00Z;6.854502;0;3
1972-05-23 11:00:00Z;7.802749;0;3
1972-05-24 11:00:00Z;7.802749;0;3
1972-05-25 11:00:00Z;9.397121;0;3
1972-05-26 11:00:00Z;20.0655;0;3
1972-05-27 11:00:00Z;92.32748;0;3
1972-05-28 11:00:00Z;47.54604;0;3
1972-05-29 11:00:00Z;18.17467;0;3
1972-05-30 11:00:00Z;14.01116;0;3
1972-05-31 11:00:00Z;25.40726;0;3
1972-06-01 11:00:00Z;24.26567;0;3
1972-06-02 11:00:00Z;15.58354;0;3
1972-06-03 11:00:00Z;13.26939;0;3
1972-06-04 11:00:00Z;34.50937;0;3
1972-06-05 11:00:00Z;27.8056;0;3
1972-06-06 11:00:00Z;37.4906;0;3
1972-06-07 11:00:00Z;90.73545;0;3
1972-06-08 11:00:00Z;40.65275;0;3
1972-06-09 11:00:00Z;24.26567;0;3
1972-06-10 11:00:00Z;23.16146;0;3
1972-06-11 11:00:00Z;22.09385;0;3
1972-06-12 11:00:00Z;53.24014;0;3
1972-06-13 11:00:00Z;24.26567;0;3
1972-06-14 11:00:00Z;14.78232;0;3
1972-06-15 11:00:00Z;9.397121;0;3
1972-06-16 11:00:00Z;8.310637;0;3
1972-06-17 11:00:00Z;6.854502;0;3
1972-06-18 11:00:00Z;5.992111;0;3
1972-06-19 11:00:00Z;102.22;0;3
1972-06-20 11:00:00Z;39.04865;0;3
1972-06-21 11:00:00Z;18.17467;0;3
1972-06-22 11:00:00Z;51.2905;0;3
1972-06-23 11:00:00Z;31.70259;0;3
1972-06-24 11:00:00Z;18.17467;0;3
1972-06-25 11:00:00Z;11.87117;0;3
1972-06-26 11:00:00Z;15.58354;0;3
1972-06-27 11:00:00Z;11.87117;0;3
1972-06-28 11:00:00Z;8.841879;0;3
1972-06-29 11:00:00Z;7.317581;0;3
1972-06-30 11:00:00Z;6.854502;0;3
1972-07-01 11:00:00Z;6.854502;0;3
1972-07-02 11:00:00Z;6.854502;0;3
1972-07-03 11:00:00Z;6.854502;0;3
1972-07-04 11:00:00Z;7.802749;0;3
1972-07-05 11:00:00Z;7.317581;0;3
1972-07-06 11:00:00Z;7.317581;0;3
1972-07-07 11:00:00Z;6.854502;0;3
1972-07-08 11:00:00Z;6.854502;0;3
1972-07-09 11:00:00Z;6.412881;0;3
1972-07-10 11:00:00Z;6.412881;0;3
1972-07-11 11:00:00Z;5.992111;0;3
1972-07-12 11:00:00Z;5.992111;0;3
1972-07-13 11:00:00Z;5.992111;0;3
1972-07-14 11:00:00Z;5.591575;0;3
1972-07-15 11:00:00Z;5.591575;0;3
1972-07-16 11:00:00Z;5.591575;0;3
1972-07-17 11:00:00Z;5.591575;0;3
1972-07-18 11:00:00Z;5.591575;0;3
1972-07-19 11:00:00Z;5.591575;0;3
1972-07-20 11:00:00Z;5.591575;0;3
1972-07-21 11:00:00Z;5.591575;0;3
1972-07-22 11:00:00Z;5.591575;0;3
1972-07-23 11:00:00Z;5.591575;0;3
1972-07-24 11:00:00Z;5.591575;0;3
1972-07-25 11:00:00Z;5.591575;0;3
1972-07-26 11:00:00Z;5.591575;0;3
1972-07-27 11:00:00Z;5.591575;0;3
1972-07-28 11:00:00Z;5.591575;0;3
1972-07-29 11:00:00Z;5.591575;0;3
1972-07-30 11:00:00Z;5.591575;0;3
1972-07-31 11:00:00Z;8.310637;0;3
1972-08-01 11:00:00Z;16.41553;0;3
1972-08-02 11:00:00Z;23.16146;0;3
1972-08-03 11:00:00Z;14.01116;0;3
1972-08-04 11:00:00Z;10.58221;0;3
1972-08-05 11:00:00Z;9.977013;0;3
1972-08-06 11:00:00Z;17.279;0;3
1972-08-07 11:00:00Z;135.4791;0;3
1972-08-08 11:00:00Z;103.9259;0;3
1972-08-09 11:00:00Z;97.20052;0;3
1972-08-10 11:00:00Z;109.1425;0;3
1972-08-11 11:00:00Z;147.7902;0;3
1972-08-12 11:00:00Z;143.6172;0;3
1972-08-13 11:00:00Z;103.9259;0;3
1972-08-14 11:00:00Z;86.05576;0;3
1972-08-15 11:00:00Z;89.15953;0;3
1972-08-16 11:00:00Z;55.24253;0;3
1972-08-17 11:00:00Z;37.4906;0;3
1972-08-18 11:00:00Z;51.2905;0;3
1972-08-19 11:00:00Z;23.16146;0;3
1972-08-20 11:00:00Z;17.279;0;3
1972-08-21 11:00:00Z;10.58221;0;3
1972-08-22 11:00:00Z;8.841879;0;3
1972-08-23 11:00:00Z;8.841879;0;3
1972-08-24 11:00:00Z;8.310637;0;3
1972-08-25 11:00:00Z;7.802749;0;3
1972-08-26 11:00:00Z;7.317581;0;3
1972-08-27 11:00:00Z;6.854502;0;3
1972-08-28 11:00:00Z;6.854502;0;3
1972-08-29 11:00:00Z;6.854502;0;3
1972-08-30 11:00:00Z;6.854502;0;3
1972-08-31 11:00:00Z;5.992111;0;3
1972-09-01 11:00:00Z;5.591575;0;3
1972-09-02 11:00:00Z;5.591575;0;3
1972-09-03 11:00:00Z;5.303548;0;3
1972-09-04 11:00:00Z;5.303548;0;3
1972-09-05 11:00:00Z;5.591575;0;3
1972-09-06 11:00:00Z;5.591575;0;3
1972-09-07 11:00:00Z;5.591575;0;3
1972-09-08 11:00:00Z;5.992111;0;3
1972-09-09 11:00:00Z;5.992111;0;3
1972-09-10 11:00:00Z;42.3037;0;3
1972-09-11 11:00:00Z;17.279;0;3
1972-09-12 11:00:00Z;12.55628;0;3
1972-09-13 11:00:00Z;11.87117;0;3
1972-09-14 11:00:00Z;10.58221;0;3
1972-09-15 11:00:00Z;9.397121;0;3
1972-09-16 11:00:00Z;8.310637;0;3
1972-09-17 11:00:00Z;8.310637;0;3
1972-09-18 11:00:00Z;7.802749;0;3
1972-09-19 11:00:00Z;7.317581;0;3
1972-09-20 11:00:00Z;7.317581;0;3
1972-09-21 11:00:00Z;7.317581;0;3
1972-09-22 11:00:00Z;7.317581;0;3
1972-09-23 11:00:00Z;7.317581;0;3
1972-09-24 11:00:00Z;7.802749;0;3
1972-09-25 11:00:00Z;7.317581;0;3
1972-09-26 11:00:00Z;7.317581;0;3
1972-09-27 11:00:00Z;7.317581;0;3
1972-09-28 11:00:00Z;6.854502;0;3
1972-09-29 11:00:00Z;6.854502;0;3
1972-09-30 11:00:00Z;6.412881;0;3
1972-10-01 11:00:00Z;3.643716;0;3
1972-10-02 11:00:00Z;2.990656;0;3
1972-10-03 11:00:00Z;2.437073;0;3
1972-10-04 11:00:00Z;2.437073;0;3
1972-10-05 11:00:00Z;2.437073;0;3
1972-10-06 11:00:00Z;2.437073;0;3
1972-10-07 11:00:00Z;2.437073;0;3
1972-10-08 11:00:00Z;2.437073;0;3
1972-10-09 11:00:00Z;1.970676;0;3
1972-10-10 11:00:00Z;1.970676;0;3
1972-10-11 11:00:00Z;1.580313;0;3
1972-10-12 11:00:00Z;1.255905;0;3
1972-10-13 11:00:00Z;1.255905;0;3
1972-10-14 11:00:00Z;0.9883781;0;3
1972-10-15 11:00:00Z;0.9883781;0;3
1972-10-16 11:00:00Z;0.9883781;0;3
1972-10-17 11:00:00Z;0.9883781;0;3
1972-10-18 11:00:00Z;0.9883781;0;3
1972-10-19 11:00:00Z;0.7695961;0;3
1972-10-20 11:00:00Z;0.7695961;0;3
1972-10-21 11:00:00Z;0.7695961;0;3
1972-10-22 11:00:00Z;0.7695961;0;3
1972-10-23 11:00:00Z;1.580313;0;3
1972-10-24 11:00:00Z;11.21337;0;3
1972-10-25 11:00:00Z;11.21337;0;3
1972-10-26 11:00:00Z;9.977013;0;3
1972-10-27 11:00:00Z;12.55628;0;3
1972-10-28 11:00:00Z;9.397121;0;3
1972-10-29 11:00:00Z;7.802749;0;3
1972-10-30 11:00:00Z;14.78232;0;3
1972-10-31 11:00:00Z;37.4906;0;3
1972-11-01 11:00:00Z;17.279;0;3
1972-11-02 11:00:00Z;35.97778;0;3
1972-11-03 11:00:00Z;20.0655;0;3
1972-11-04 11:00:00Z;12.55628;0;3
1972-11-05 11:00:00Z;9.977013;0;3
1972-11-06 11:00:00Z;10.58221;0;3
1972-11-07 11:00:00Z;11.21337;0;3
1972-11-08 11:00:00Z;11.21337;0;3
1972-11-09 11:00:00Z;13.26939;0;3
1972-11-10 11:00:00Z;133.4876;0;3
1972-11-11 11:00:00Z;57.29853;0;3
1972-11-12 11:00:00Z;49.39275;0;3
1972-11-13 11:00:00Z;27.8056;0;3
1972-11-14 11:00:00Z;16.41553;0;3
1972-11-15 11:00:00Z;19.10326;0;3
1972-11-16 11:00:00Z;9.977013;0;3
1972-11-17 11:00:00Z;8.841879;0;3
1972-11-18 11:00:00Z;7.317581;0;3
1972-11-19 11:00:00Z;5.992111;0;3
1972-11-20 11:00:00Z;5.992111;0;3
1972-11-21 11:00:00Z;5.591575;0;3
1972-11-22 11:00:00Z;4.409753;0;3
1972-11-23 11:00:00Z;3.643716;0;3
1972-11-24 11:00:00Z;3.643716;0;3
1972-11-25 11:00:00Z;2.990656;0;3
1972-11-26 11:00:00Z;2.990656;0;3
1972-11-27 11:00:00Z;2.990656;0;3
1972-11-28 11:00:00Z;27.8056;0;3
1972-11-29 11:00:00Z;84.52782;0;3
1972-11-30 11:00:00Z;114.5084;0;3
1972-12-01 11:00:00Z;114.5084;0;3
1972-12-02 11:00:00Z;145.695;0;3
1972-12-03 11:00:00Z;81.51962;0;3
1972-12-04 11:00:00Z;57.29853;0;3
1972-12-05 11:00:00Z;89.15953;0;3
1972-12-06 11:00:00Z;77.12577;0;3
1972-12-07 11:00:00Z;49.39275;0;3
1972-12-08 11:00:00Z;40.65275;0;3
1972-12-09 11:00:00Z;20.0655;0;3
1972-12-10 11:00:00Z;15.58354;0;3
1972-12-11 11:00:00Z;16.41553;0;3
1972-12-12 11:00:00Z;70.8092;0;3
1972-12-13 11:00:00Z;102.22;0;3
1972-12-14 11:00:00Z;100.5305;0;3
1972-12-15 11:00:00Z;44.00234;0;3
1972-12-16 11:00:00Z;27.8056;0;3
1972-12-17 11:00:00Z;24.26567;0;3
1972-12-18 11:00:00Z;16.41553;0;3
1972-12-19 11:00:00Z;10.58221;0;3
1972-12-20 11:00:00Z;8.841879;0;3
1972-12-21 11:00:00Z;7.802749;0;3
1972-12-22 11:00:00Z;7.317581;0;3
1972-12-23 11:00:00Z;6.412881;0;3
1972-12-24 11:00:00Z;6.412881;0;3
1972-12-25 11:00:00Z;6.412881;0;3
1972-12-26 11:00:00Z;5.591575;0;3
1972-12-27 11:00:00Z;5.303548;0;3
1972-12-28 11:00:00Z;4.409753;0;3
1972-12-29 11:00:00Z;4.409753;0;3
1972-12-30 11:00:00Z;3.643716;0;3
1972-12-31 11:00:00Z;3.643716;0;3
1973-01-01 11:00:00Z;4.409753;0;3
1973-01-02 11:00:00Z;5.303548;0;3
1973-01-03 11:00:00Z;20.0655;0;3
1973-01-04 11:00:00Z;18.17467;0;3
1973-01-05 11:00:00Z;11.87117;0;3
1973-01-06 11:00:00Z;9.397121;0;3
1973-01-07 11:00:00Z;8.310637;0;3
1973-01-08 11:00:00Z;6.854502;0;3
1973-01-09 11:00:00Z;5.992111;0;3
1973-01-10 11:00:00Z;5.303548;0;3
1973-01-11 11:00:00Z;4.409753;0;3
1973-01-12 11:00:00Z;2.990656;0;3
1973-01-13 11:00:00Z;2.437073;0;3
1973-01-14 11:00:00Z;2.437073;0;3
1973-01-15 11:00:00Z;2.437073;0;3
1973-01-16 11:00:00Z;2.437073;0;3
1973-01-17 11:00:00Z;1.580313;0;3
1973-01-18 11:00:00Z;1.580313;0;3
1973-01-19 11:00:00Z;1.580313;0;3
1973-01-20 11:00:00Z;1.580313;0;3
1973-01-21 11:00:00Z;1.580313;0;3
1973-01-22 11:00:00Z;1.580313;0;3
1973-01-23 11:00:00Z;1.580313;0;3
1973-01-24 11:00:00Z;1.580313;0;3
1973-01-25 11:00:00Z;1.580313;0;3
1973-01-26 11:00:00Z;24.26567;0;3
1973-01-27 11:00:00Z;24.26567;0;3
1973-01-28 11:00:00Z;13.26939;0;3
1973-01-29 11:00:00Z;9.397121;0;3
1973-01-30 11:00:00Z;11.21337;0;3
1973-01-31 11:00:00Z;9.397121;0;3
1973-02-01 11:00:00Z;7.802749;0;3
1973-02-02 11:00:00Z;6.854502;0;3
1973-02-03 11:00:00Z;5.992111;0;3
1973-02-04 11:00:00Z;6.412881;0;3
1973-02-05 11:00:00Z;12.55628;0;3
1973-02-06 11:00:00Z;34.50937;0;3
1973-02-07 11:00:00Z;81.51962;0;3
1973-02-08 11:00:00Z;27.8056;0;3
1973-02-09 11:00:00Z;15.58354;0;3
1973-02-10 11:00:00Z;9.977013;0;3
1973-02-11 11:00:00Z;7.802749;0;3
1973-02-12 11:00:00Z;22.09385;0;3
1973-02-13 11:00:00Z;18.17467;0;3
1973-02-14 11:00:00Z;11.21337;0;3
1973-02-15 11:00:00Z;8.841879;0;3
1973-02-16 11:00:00Z;6.854502;0;3
1973-02-17 11:00:00Z;6.412881;0;3
1973-02-18 11:00:00Z;5.992111;0;3
1973-02-19 11:00:00Z;5.591575;0;3
1973-02-20 11:00:00Z;5.591575;0;3
1973-02-21 11:00:00Z;47.54604;0;3
1973-02-22 11:00:00Z;57.29853;0;3
1973-02-23 11:00:00Z;20.0655;0;3
1973-02-24 11:00:00Z;12.55628;0;3
1973-02-25 11:00:00Z;8.841879;0;3
1973-02-26 11:00:00Z;6.854502;0;3
1973-02-27 11:00:00Z;5.992111;0;3
1973-02-28 11:00:00Z;5.591575;0;3
1973-03-01 11:00:00Z;5.591575;0;3
1973-03-02 11:00:00Z;6.412881;0;3
1973-03-03 11:00:00Z;7.317581;0;3
1973-03-04 11:00:00Z;6.854502;0;3
1973-03-05 11:00:00Z;9.977013;0;3
1973-03-06 11:00:00Z;9.397121;0;3
1973-03-07 11:00:00Z;7.317581;0;3
1973-03-08 11:00:00Z;6.412881;0;3
1973-03-09 11:00:00Z;5.992111;0;3
1973-03-10 11:00:00Z;5.992111;0;3
1973-03-11 11:00:00Z;5.992111;0;3
1973-03-12 11:00:00Z;5.992111;0;3
1973-03-13 11:00:00Z;5.303548;0;3
1973-03-14 11:00:00Z;5.303548;0;3
1973-03-15 11:00:00Z;4.409753;0;3
1973-03-16 11:00:00Z;4.409753;0;3
1973-03-17 11:00:00Z;5.303548;0;3
1973-03-18 11:00:00Z;14.78232;0;3
1973-03-19 11:00:00Z;11.21337;0;3
1973-03-20 11:00:00Z;8.310637;0;3
1973-03-21 11:00:00Z;7.317581;0;3
1973-03-22 11:00:00Z;8.841879;0;3
1973-03-23 11:00:00Z;8.841879;0;3
1973-03-24 11:00:00Z;10.58221;0;3
1973-03-25 11:00:00Z;11.87117;0;3
1973-03-26 11:00:00Z;20.0655;0;3
1973-03-27 11:00:00Z;21.06212;0;3
1973-03-28 11:00:00Z;14.01116;0;3
1973-03-29 11:00:00Z;12.55628;0;3
1973-03-30 11:00:00Z;9.977013;0;3
1973-03-31 11:00:00Z;10.58221;0;3
1973-04-01 11:00:00Z;30.36262;0;3
1973-04-02 11:00:00Z;20.0655;0;3
1973-04-03 11:00:00Z;13.26939;0;3
1973-04-04 11:00:00Z;9.977013;0;3
1973-04-05 11:00:00Z;26.58699;0;3
1973-04-06 11:00:00Z;25.40726;0;3
1973-04-07 11:00:00Z;16.41553;0;3
1973-04-08 11:00:00Z;11.87117;0;3
1973-04-09 11:00:00Z;9.397121;0;3
1973-04-10 11:00:00Z;8.310637;0;3
1973-04-11 11:00:00Z;7.317581;0;3
1973-04-12 11:00:00Z;6.412881;0;3
1973-04-13 11:00:00Z;5.992111;0;3
1973-04-14 11:00:00Z;5.591575;0;3
1973-04-15 11:00:00Z;5.303548;0;3
1973-04-16 11:00:00Z;6.412881;0;3
1973-04-17 11:00:00Z;9.977013;0;3
1973-04-18 11:00:00Z;9.977013;0;3
1973-04-19 11:00:00Z;8.310637;0;3
1973-04-20 11:00:00Z;10.58221;0;3
1973-04-21 11:00:00Z;9.397121;0;3
1973-04-22 11:00:00Z;6.412881;0;3
1973-04-23 11:00:00Z;6.412881;0;3
1973-04-24 11:00:00Z;9.397121;0;3
1973-04-25 11:00:00Z;9.397121;0;3
1973-04-26 11:00:00Z;8.310637;0;3
1973-04-27 11:00:00Z;6.854502;0;3
1973-04-28 11:00:00Z;6.412881;0;3
1973-04-29 11:00:00Z;5.992111;0;3
1973-04-30 11:00:00Z;5.591575;0;3
1973-05-01 11:00:00Z;8.310637;0;3
1973-05-02 11:00:00Z;30.36262;0;3
1973-05-03 11:00:00Z;18.17467;0;3
1973-05-04 11:00:00Z;11.87117;0;3
1973-05-05 11:00:00Z;10.58221;0;3
1973-05-06 11:00:00Z;66.07602;0;3
1973-05-07 11:00:00Z;61.57483;0;3
1973-05-08 11:00:00Z;42.3037;0;3
1973-05-09 11:00:00Z;26.58699;0;3
1973-05-10 11:00:00Z;34.50937;0;3
1973-05-11 11:00:00Z;57.29853;0;3
1973-05-12 11:00:00Z;30.36262;0;3
1973-05-13 11:00:00Z;55.24253;0;3
1973-05-14 11:00:00Z;57.29853;0;3
1973-05-15 11:00:00Z;25.40726;0;3
1973-05-16 11:00:00Z;14.01116;0;3
1973-05-17 11:00:00Z;11.21337;0;3
1973-05-18 11:00:00Z;9.977013;0;3
1973-05-19 11:00:00Z;9.397121;0;3
1973-05-20 11:00:00Z;7.802749;0;3
1973-05-21 11:00:00Z;6.854502;0;3
1973-05-22 11:00:00Z;7.802749;0;3
1973-05-23 11:00:00Z;11.87117;0;3
1973-05-24 11:00:00Z;11.21337;0;3
1973-05-25 11:00:00Z;10.58221;0;3
1973-05-26 11:00:00Z;9.397121;0;3
1973-05-27 11:00:00Z;8.841879;0;3
1973-05-28 11:00:00Z;7.802749;0;3
1973-05-29 11:00:00Z;6.854502;0;3
1973-05-30 11:00:00Z;6.854502;0;3
1973-05-31 11:00:00Z;11.21337;0;3
1973-06-01 11:00:00Z;66.07602;0;3
1973-06-02 11:00:00Z;39.04865;0;3
1973-06-03 11:00:00Z;14.01116;0;3
1973-06-04 11:00:00Z;9.977013;0;3
1973-06-05 11:00:00Z;9.977013;0;3
1973-06-06 11:00:00Z;8.310637;0;3
1973-06-07 11:00:00Z;7.317581;0;3
1973-06-08 11:00:00Z;6.412881;0;3
1973-06-09 11:00:00Z;5.591575;0;3
1973-06-10 11:00:00Z;5.303548;0;3
1973-06-11 11:00:00Z;5.303548;0;3
1973-06-12 11:00:00Z;22.09385;0;3
1973-06-13 11:00:00Z;78.57465;0;3
1973-06-14 11:00:00Z;176.6283;0;3
1973-06-15 11:00:00Z;171.9964;0;3
1973-06-16 11:00:00Z;109.1425;0;3
1973-06-17 11:00:00Z;18.17467;0;3
1973-06-18 11:00:00Z;11.21337;0;3
1973-06-19 11:00:00Z;7.802749;0;3
1973-06-20 11:00:00Z;6.412881;0;3
1973-06-21 11:00:00Z;5.303548;0;3
1973-06-22 11:00:00Z;3.643716;0;3
1973-06-23 11:00:00Z;2.990656;0;3
1973-06-24 11:00:00Z;1.970676;0;3
1973-06-25 11:00:00Z;1.970676;0;3
1973-06-26 11:00:00Z;1.580313;0;3
1973-06-27 11:00:00Z;2.990656;0;3
1973-06-28 11:00:00Z;2.990656;0;3
1973-06-29 11:00:00Z;2.990656;0;3
1973-06-30 11:00:00Z;2.990656;0;3
1973-07-01 11:00:00Z;2.990656;0;3
1973-07-02 11:00:00Z;2.990656;0;3
1973-07-03 11:00:00Z;2.990656;0;3
1973-07-04 11:00:00Z;2.990656;0;3
1973-07-05 11:00:00Z;2.990656;0;3
1973-07-06 11:00:00Z;2.990656;0;3
1973-07-07 11:00:00Z;2.990656;0;3
1973-07-08 11:00:00Z;81.51962;0;3
1973-07-09 11:00:00Z;21.06212;0;3
1973-07-10 11:00:00Z;9.977013;0;3
1973-07-11 11:00:00Z;7.802749;0;3
1973-07-12 11:00:00Z;6.412881;0;3
1973-07-13 11:00:00Z;5.992111;0;3
1973-07-14 11:00:00Z;5.591575;0;3
1973-07-15 11:00:00Z;5.303548;0;3
1973-07-16 11:00:00Z;5.303548;0;3
1973-07-17 11:00:00Z;4.409753;0;3
1973-07-18 11:00:00Z;6.854502;0;3
1973-07-19 11:00:00Z;7.802749;0;3
1973-07-20 11:00:00Z;6.412881;0;3
1973-07-21 11:00:00Z;5.992111;0;3
1973-07-22 11:00:00Z;5.591575;0;3
1973-07-23 11:00:00Z;5.303548;0;3
1973-07-24 11:00:00Z;5.303548;0;3
1973-07-25 11:00:00Z;5.303548;0;3
1973-07-26 11:00:00Z;5.591575;0;3
1973-07-27 11:00:00Z;5.591575;0;3
1973-07-28 11:00:00Z;5.303548;0;3
1973-07-29 11:00:00Z;5.303548;0;3
1973-07-30 11:00:00Z;4.409753;0;3
1973-07-31 11:00:00Z;3.643716;0;3
1973-08-01 11:00:00Z;2.990656;0;3
1973-08-02 11:00:00Z;2.990656;0;3
1973-08-03 11:00:00Z;2.990656;0;3
1973-08-04 11:00:00Z;2.990656;0;3
1973-08-05 11:00:00Z;4.409753;0;3
1973-08-06 11:00:00Z;19.10326;0;3
1973-08-07 11:00:00Z;123.7864;0;3
1973-08-08 11:00:00Z;61.57483;0;3
1973-08-09 11:00:00Z;49.39275;0;3
1973-08-10 11:00:00Z;42.3037;0;3
1973-08-11 11:00:00Z;57.29853;0;3
1973-08-12 11:00:00Z;30.36262;0;3
1973-08-13 11:00:00Z;14.78232;0;3
1973-08-14 11:00:00Z;9.397121;0;3
1973-08-15 11:00:00Z;7.802749;0;3
1973-08-16 11:00:00Z;6.412881;0;3
1973-08-17 11:00:00Z;6.412881;0;3
1973-08-18 11:00:00Z;5.591575;0;3
1973-08-19 11:00:00Z;5.303548;0;3
1973-08-20 11:00:00Z;5.303548;0;3
1973-08-21 11:00:00Z;4.409753;0;3
1973-08-22 11:00:00Z;4.409753;0;3
1973-08-23 11:00:00Z;3.643716;0;3
1973-08-24 11:00:00Z;3.643716;0;3
1973-08-25 11:00:00Z;3.643716;0;3
1973-08-26 11:00:00Z;3.643716;0;3
1973-08-27 11:00:00Z;3.643716;0;3
1973-08-28 11:00:00Z;3.643716;0;3
1973-08-29 11:00:00Z;3.643716;0;3
1973-08-30 11:00:00Z;3.643716;0;3
1973-08-31 11:00:00Z;3.643716;0;3
1973-09-01 11:00:00Z;3.643716;0;3
1973-09-02 11:00:00Z;3.643716;0;3
1973-09-03 11:00:00Z;4.409753;0;3
1973-09-04 11:00:00Z;6.412881;0;3
1973-09-05 11:00:00Z;6.412881;0;3
1973-09-06 11:00:00Z;7.802749;0;3
1973-09-07 11:00:00Z;7.317581;0;3
1973-09-08 11:00:00Z;7.317581;0;3
1973-09-09 11:00:00Z;6.412881;0;3
1973-09-10 11:00:00Z;6.412881;0;3
1973-09-11 11:00:00Z;5.992111;0;3
1973-09-12 11:00:00Z;5.591575;0;3
1973-09-13 11:00:00Z;5.303548;0;3
1973-09-14 11:00:00Z;2.990656;0;3
1973-09-15 11:00:00Z;2.990656;0;3
1973-09-16 11:00:00Z;2.437073;0;3
1973-09-17 11:00:00Z;2.437073;0;3
1973-09-18 11:00:00Z;1.970676;0;3
1973-09-19 11:00:00Z;2.990656;0;3
1973-09-20 11:00:00Z;3.643716;0;3
1973-09-21 11:00:00Z;6.854502;0;3
1973-09-22 11:00:00Z;17.279;0;3
1973-09-23 11:00:00Z;14.78232;0;3
1973-09-24 11:00:00Z;11.87117;0;3
1973-09-25 11:00:00Z;9.977013;0;3
1973-09-26 11:00:00Z;8.310637;0;3
1973-09-27 11:00:00Z;6.412881;0;3
1973-09-28 11:00:00Z;27.8056;0;3
1973-09-29 11:00:00Z;83.0158;0;3
1973-09-30 11:00:00Z;40.65275;0;3
1973-10-01 11:00:00Z;17.279;0;3
1973-10-02 11:00:00Z;11.21337;0;3
1973-10-03 11:00:00Z;8.310637;0;3
1973-10-04 11:00:00Z;7.802749;0;3
1973-10-05 11:00:00Z;6.854502;0;3
1973-10-06 11:00:00Z;5.591575;0;3
1973-10-07 11:00:00Z;5.303548;0;3
1973-10-08 11:00:00Z;4.409753;0;3
1973-10-09 11:00:00Z;5.303548;0;3
1973-10-10 11:00:00Z;15.58354;0;3
1973-10-11 11:00:00Z;12.55628;0;3
1973-10-12 11:00:00Z;8.841879;0;3
1973-10-13 11:00:00Z;6.854502;0;3
1973-10-14 11:00:00Z;5.992111;0;3
1973-10-15 11:00:00Z;5.591575;0;3
1973-10-16 11:00:00Z;5.303548;0;3
1973-10-17 11:00:00Z;4.409753;0;3
1973-10-18 11:00:00Z;3.643716;0;3
1973-10-19 11:00:00Z;2.990656;0;3
1973-10-20 11:00:00Z;2.437073;0;3
1973-10-21 11:00:00Z;2.437073;0;3
1973-10-22 11:00:00Z;1.580313;0;3
1973-10-23 11:00:00Z;1.970676;0;3
1973-10-24 11:00:00Z;1.970676;0;3
1973-10-25 11:00:00Z;3.643716;0;3
1973-10-26 11:00:00Z;7.802749;0;3
1973-10-27 11:00:00Z;7.802749;0;3
1973-10-28 11:00:00Z;6.412881;0;3
1973-10-29 11:00:00Z;6.412881;0;3
1973-10-30 11:00:00Z;11.21337;0;3
1973-10-31 11:00:00Z;10.58221;0;3
1973-11-01 11:00:00Z;8.310637;0;3
1973-11-02 11:00:00Z;6.854502;0;3
1973-11-03 11:00:00Z;5.992111;0;3
1973-11-04 11:00:00Z;5.992111;0;3
1973-11-05 11:00:00Z;14.01116;0;3
1973-11-06 11:00:00Z;78.57465;0;3
1973-11-07 11:00:00Z;23.16146;0;3
1973-11-08 11:00:00Z;16.41553;0;3
1973-11-09 11:00:00Z;25.40726;0;3
1973-11-10 11:00:00Z;22.09385;0;3
1973-11-11 11:00:00Z;21.06212;0;3
1973-11-12 11:00:00Z;20.0655;0;3
1973-11-13 11:00:00Z;22.09385;0;3
1973-11-14 11:00:00Z;17.279;0;3
1973-11-15 11:00:00Z;11.87117;0;3
1973-11-16 11:00:00Z;9.397121;0;3
1973-11-17 11:00:00Z;7.802749;0;3
1973-11-18 11:00:00Z;6.412881;0;3
1973-11-19 11:00:00Z;103.9259;0;3
1973-11-20 11:00:00Z;42.3037;0;3
1973-11-21 11:00:00Z;20.0655;0;3
1973-11-22 11:00:00Z;14.78232;0;3
1973-11-23 11:00:00Z;212.8926;0;3
1973-11-24 11:00:00Z;66.07602;0;3
1973-11-25 11:00:00Z;27.8056;0;3
1973-11-26 11:00:00Z;15.58354;0;3
1973-11-27 11:00:00Z;10.58221;0;3
1973-11-28 11:00:00Z;8.310637;0;3
1973-11-29 11:00:00Z;7.802749;0;3
1973-11-30 11:00:00Z;6.412881;0;3
1973-12-01 11:00:00Z;5.591575;0;3
1973-12-02 11:00:00Z;6.412881;0;3
1973-12-03 11:00:00Z;5.992111;0;3
1973-12-04 11:00:00Z;13.26939;0;3
1973-12-05 11:00:00Z;10.58221;0;3
1973-12-06 11:00:00Z;16.41553;0;3
1973-12-07 11:00:00Z;13.26939;0;3
1973-12-08 11:00:00Z;9.977013;0;3
1973-12-09 11:00:00Z;8.310637;0;3
1973-12-10 11:00:00Z;20.0655;0;3
1973-12-11 11:00:00Z;149.9029;0;3
1973-12-12 11:00:00Z;77.12577;0;3
1973-12-13 11:00:00Z;30.36262;0;3
1973-12-14 11:00:00Z;19.10326;0;3
1973-12-15 11:00:00Z;10.58221;0;3
1973-12-16 11:00:00Z;9.977013;0;3
1973-12-17 11:00:00Z;9.397121;0;3
1973-12-18 11:00:00Z;7.317581;0;3
1973-12-19 11:00:00Z;6.854502;0;3
1973-12-20 11:00:00Z;8.841879;0;3
1973-12-21 11:00:00Z;8.841879;0;3
1973-12-22 11:00:00Z;7.802749;0;3
1973-12-23 11:00:00Z;7.317581;0;3
1973-12-24 11:00:00Z;6.854502;0;3
1973-12-25 11:00:00Z;5.992111;0;3
1973-12-26 11:00:00Z;5.992111;0;3
1973-12-27 11:00:00Z;5.992111;0;3
1973-12-28 11:00:00Z;24.26567;0;3
1973-12-29 11:00:00Z;25.40726;0;3
1973-12-30 11:00:00Z;133.4876;0;3
1973-12-31 11:00:00Z;92.32748;0;3
1974-01-01 11:00:00Z;35.97778;0;3
1974-01-02 11:00:00Z;20.0655;0;3
1974-01-03 11:00:00Z;13.26939;0;3
1974-01-04 11:00:00Z;10.58221;0;3
1974-01-05 11:00:00Z;8.841879;0;3
1974-01-06 11:00:00Z;8.310637;0;3
1974-01-07 11:00:00Z;8.310637;0;3
1974-01-08 11:00:00Z;6.854502;0;3
1974-01-09 11:00:00Z;6.412881;0;3
1974-01-10 11:00:00Z;6.412881;0;3
1974-01-11 11:00:00Z;6.854502;0;3
1974-01-12 11:00:00Z;6.854502;0;3
1974-01-13 11:00:00Z;9.977013;0;3
1974-01-14 11:00:00Z;31.70259;0;3
1974-01-15 11:00:00Z;49.39275;0;3
1974-01-16 11:00:00Z;39.04865;0;3
1974-01-17 11:00:00Z;20.0655;0;3
1974-01-18 11:00:00Z;13.26939;0;3
1974-01-19 11:00:00Z;44.00234;0;3
1974-01-20 11:00:00Z;80.03925;0;3
1974-01-21 11:00:00Z;61.57483;0;3
1974-01-22 11:00:00Z;33.08457;0;3
1974-01-23 11:00:00Z;18.17467;0;3
1974-01-24 11:00:00Z;30.36262;0;3
1974-01-25 11:00:00Z;31.70259;0;3
1974-01-26 11:00:00Z;26.58699;0;3
1974-01-27 11:00:00Z;44.00234;0;3
1974-01-28 11:00:00Z;27.8056;0;3
1974-01-29 11:00:00Z;19.10326;0;3
1974-01-30 11:00:00Z;14.78232;0;3
1974-01-31 11:00:00Z;30.36262;0;3
1974-02-01 11:00:00Z;24.26567;0;3
1974-02-02 11:00:00Z;16.41553;0;3
1974-02-03 11:00:00Z;39.04865;0;3
1974-02-04 11:00:00Z;53.24014;0;3
1974-02-05 11:00:00Z;30.36262;0;3
1974-02-06 11:00:00Z;18.17467;0;3
1974-02-07 11:00:00Z;13.26939;0;3
1974-02-08 11:00:00Z;9.397121;0;3
1974-02-09 11:00:00Z;8.310637;0;3
1974-02-10 11:00:00Z;7.802749;0;3
1974-02-11 11:00:00Z;23.16146;0;3
1974-02-12 11:00:00Z;171.9964;0;3
1974-02-13 11:00:00Z;110.9145;0;3
1974-02-14 11:00:00Z;44.00234;0;3
1974-02-15 11:00:00Z;22.09385;0;3
1974-02-16 11:00:00Z;16.41553;0;3
1974-02-17 11:00:00Z;12.55628;0;3
1974-02-18 11:00:00Z;9.977013;0;3
1974-02-19 11:00:00Z;8.310637;0;3
1974-02-20 11:00:00Z;7.802749;0;3
1974-02-21 11:00:00Z;7.317581;0;3
1974-02-22 11:00:00Z;8.310637;0;3
1974-02-23 11:00:00Z;18.17467;0;3
1974-02-24 11:00:00Z;13.26939;0;3
1974-02-25 11:00:00Z;10.58221;0;3
1974-02-26 11:00:00Z;9.397121;0;3
1974-02-27 11:00:00Z;8.841879;0;3
1974-02-28 11:00:00Z;7.802749;0;3
1974-03-01 11:00:00Z;6.854502;0;3
1974-03-02 11:00:00Z;5.591575;0;3
1974-03-03 11:00:00Z;5.591575;0;3
1974-03-04 11:00:00Z;5.303548;0;3
1974-03-05 11:00:00Z;4.409753;0;3
1974-03-06 11:00:00Z;3.643716;0;3
1974-03-07 11:00:00Z;3.643716;0;3
1974-03-08 11:00:00Z;4.409753;0;3
1974-03-09 11:00:00Z;3.643716;0;3
1974-03-10 11:00:00Z;4.409753;0;3
1974-03-11 11:00:00Z;3.643716;0;3
1974-03-12 11:00:00Z;2.990656;0;3
1974-03-13 11:00:00Z;2.437073;0;3
1974-03-14 11:00:00Z;2.990656;0;3
1974-03-15 11:00:00Z;1.970676;0;3
1974-03-16 11:00:00Z;2.437073;0;3
1974-03-17 11:00:00Z;1.970676;0;3
1974-03-18 11:00:00Z;3.643716;0;3
1974-03-19 11:00:00Z;6.412881;0;3
1974-03-20 11:00:00Z;8.841879;0;3
1974-03-21 11:00:00Z;11.21337;0;3
1974-03-22 11:00:00Z;13.26939;0;3
1974-03-23 11:00:00Z;9.977013;0;3
1974-03-24 11:00:00Z;8.310637;0;3
1974-03-25 11:00:00Z;7.802749;0;3
1974-03-26 11:00:00Z;6.854502;0;3
1974-03-27 11:00:00Z;6.854502;0;3
1974-03-28 11:00:00Z;6.412881;0;3
1974-03-29 11:00:00Z;6.854502;0;3
1974-03-30 11:00:00Z;8.310637;0;3
1974-03-31 11:00:00Z;9.397121;0;3
1974-04-01 11:00:00Z;11.21337;0;3
1974-04-02 11:00:00Z;11.21337;0;3
1974-04-03 11:00:00Z;14.01116;0;3
1974-04-04 11:00:00Z;14.78232;0;3
1974-04-05 11:00:00Z;16.41553;0;3
1974-04-06 11:00:00Z;22.09385;0;3
1974-04-07 11:00:00Z;29.06389;0;3
1974-04-08 11:00:00Z;34.50937;0;3
1974-04-09 11:00:00Z;33.08457;0;3
1974-04-10 11:00:00Z;27.8056;0;3
1974-04-11 11:00:00Z;23.16146;0;3
1974-04-12 11:00:00Z;15.58354;0;3
1974-04-13 11:00:00Z;10.58221;0;3
1974-04-14 11:00:00Z;8.841879;0;3
1974-04-15 11:00:00Z;8.310637;0;3
1974-04-16 11:00:00Z;8.841879;0;3
1974-04-17 11:00:00Z;12.55628;0;3
1974-04-18 11:00:00Z;15.58354;0;3
1974-04-19 11:00:00Z;16.41553;0;3
1974-04-20 11:00:00Z;20.0655;0;3
1974-04-21 11:00:00Z;19.10326;0;3
1974-04-22 11:00:00Z;18.17467;0;3
1974-04-23 11:00:00Z;17.279;0;3
1974-04-24 11:00:00Z;14.78232;0;3
1974-04-25 11:00:00Z;13.26939;0;3
1974-04-26 11:00:00Z;11.87117;0;3
1974-04-27 11:00:00Z;11.21337;0;3
1974-04-28 11:00:00Z;11.87117;0;3
1974-04-29 11:00:00Z;11.21337;0;3
1974-04-30 11:00:00Z;11.87117;0;3
1974-05-01 11:00:00Z;12.55628;0;3
1974-05-02 11:00:00Z;14.78232;0;3
1974-05-03 11:00:00Z;18.17467;0;3
1974-05-04 11:00:00Z;16.41553;0;3
1974-05-05 11:00:00Z;11.87117;0;3
1974-05-06 11:00:00Z;8.841879;0;3
1974-05-07 11:00:00Z;7.317581;0;3
1974-05-08 11:00:00Z;7.317581;0;3
1974-05-09 11:00:00Z;7.802749;0;3
1974-05-10 11:00:00Z;7.802749;0;3
1974-05-11 11:00:00Z;8.841879;0;3
1974-05-12 11:00:00Z;9.977013;0;3
1974-05-13 11:00:00Z;9.977013;0;3
1974-05-14 11:00:00Z;9.977013;0;3
1974-05-15 11:00:00Z;8.310637;0;3
1974-05-16 11:00:00Z;7.802749;0;3
1974-05-17 11:00:00Z;7.317581;0;3
1974-05-18 11:00:00Z;7.802749;0;3
1974-05-19 11:00:00Z;7.317581;0;3
1974-05-20 11:00:00Z;7.317581;0;3
1974-05-21 11:00:00Z;7.802749;0;3
1974-05-22 11:00:00Z;6.854502;0;3
1974-05-23 11:00:00Z;6.412881;0;3
1974-05-24 11:00:00Z;6.412881;0;3
1974-05-25 11:00:00Z;5.992111;0;3
1974-05-26 11:00:00Z;5.992111;0;3
1974-05-27 11:00:00Z;5.992111;0;3
1974-05-28 11:00:00Z;5.992111;0;3
1974-05-29 11:00:00Z;6.412881;0;3
1974-05-30 11:00:00Z;8.841879;0;3
1974-05-31 11:00:00Z;8.310637;0;3
1974-06-01 11:00:00Z;5.992111;0;3
1974-06-02 11:00:00Z;5.591575;0;3
1974-06-03 11:00:00Z;9.977013;0;3
1974-06-04 11:00:00Z;9.397121;0;3
1974-06-05 11:00:00Z;10.58221;0;3
1974-06-06 11:00:00Z;9.977013;0;3
1974-06-07 11:00:00Z;39.04865;0;3
1974-06-08 11:00:00Z;22.09385;0;3
1974-06-09 11:00:00Z;11.87117;0;3
1974-06-10 11:00:00Z;8.310637;0;3
1974-06-11 11:00:00Z;6.854502;0;3
1974-06-12 11:00:00Z;5.992111;0;3
1974-06-13 11:00:00Z;5.303548;0;3
1974-06-14 11:00:00Z;3.643716;0;3
1974-06-15 11:00:00Z;2.990656;0;3
1974-06-16 11:00:00Z;2.990656;0;3
1974-06-17 11:00:00Z;2.990656;0;3
1974-06-18 11:00:00Z;2.990656;0;3
1974-06-19 11:00:00Z;3.643716;0;3
1974-06-20 11:00:00Z;7.317581;0;3
1974-06-21 11:00:00Z;5.992111;0;3
1974-06-22 11:00:00Z;4.409753;0;3
1974-06-23 11:00:00Z;2.990656;0;3
1974-06-24 11:00:00Z;3.643716;0;3
1974-06-25 11:00:00Z;2.990656;0;3
1974-06-26 11:00:00Z;2.437073;0;3
1974-06-27 11:00:00Z;1.970676;0;3
1974-06-28 11:00:00Z;1.580313;0;3
1974-06-29 11:00:00Z;1.970676;0;3
1974-06-30 11:00:00Z;2.437073;0;3
1974-07-01 11:00:00Z;2.990656;0;3
1974-07-02 11:00:00Z;2.990656;0;3
1974-07-03 11:00:00Z;2.990656;0;3
1974-07-04 11:00:00Z;2.990656;0;3
1974-07-05 11:00:00Z;2.990656;0;3
1974-07-06 11:00:00Z;2.990656;0;3
1974-07-07 11:00:00Z;2.990656;0;3
1974-07-08 11:00:00Z;2.990656;0;3
1974-07-09 11:00:00Z;2.990656;0;3
1974-07-10 11:00:00Z;2.990656;0;3
1974-07-11 11:00:00Z;2.990656;0;3
1974-07-12 11:00:00Z;2.990656;0;3
1974-07-13 11:00:00Z;2.990656;0;3
1974-07-14 11:00:00Z;3.643716;0;3
1974-07-15 11:00:00Z;3.643716;0;3
1974-07-16 11:00:00Z;4.409753;0;3
1974-07-17 11:00:00Z;6.412881;0;3
1974-07-18 11:00:00Z;8.310637;0;3
1974-07-19 11:00:00Z;6.412881;0;3
1974-07-20 11:00:00Z;5.303548;0;3
1974-07-21 11:00:00Z;4.409753;0;3
1974-07-22 11:00:00Z;4.409753;0;3
1974-07-23 11:00:00Z;27.8056;0;3
1974-07-24 11:00:00Z;22.09385;0;3
1974-07-25 11:00:00Z;18.17467;0;3
1974-07-26 11:00:00Z;11.87117;0;3
1974-07-27 11:00:00Z;7.802749;0;3
1974-07-28 11:00:00Z;5.992111;0;3
1974-07-29 11:00:00Z;5.303548;0;3
1974-07-30 11:00:00Z;5.303548;0;3
1974-07-31 11:00:00Z;6.412881;0;3
1974-08-01 11:00:00Z;5.591575;0;3
1974-08-02 11:00:00Z;4.409753;0;3
1974-08-03 11:00:00Z;3.643716;0;3
1974-08-04 11:00:00Z;3.643716;0;3
1974-08-05 11:00:00Z;2.990656;0;3
1974-08-06 11:00:00Z;2.437073;0;3
1974-08-07 11:00:00Z;2.437073;0;3
1974-08-08 11:00:00Z;2.437073;0;3
1974-08-09 11:00:00Z;2.437073;0;3
1974-08-10 11:00:00Z;2.437073;0;3
1974-08-11 11:00:00Z;2.437073;0;3
1974-08-12 11:00:00Z;2.990656;0;3
1974-08-13 11:00:00Z;4.409753;0;3
1974-08-14 11:00:00Z;4.409753;0;3
1974-08-15 11:00:00Z;4.409753;0;3
1974-08-16 11:00:00Z;5.992111;0;3
1974-08-17 11:00:00Z;5.992111;0;3
1974-08-18 11:00:00Z;5.591575;0;3
1974-08-19 11:00:00Z;5.591575;0;3
1974-08-20 11:00:00Z;5.303548;0;3
1974-08-21 11:00:00Z;4.409753;0;3
1974-08-22 11:00:00Z;3.643716;0;3
1974-08-23 11:00:00Z;3.643716;0;3
1974-08-24 11:00:00Z;4.409753;0;3
1974-08-25 11:00:00Z;6.854502;0;3
1974-08-26 11:00:00Z;9.397121;0;3
1974-08-27 11:00:00Z;87.59965;0;3
1974-08-28 11:00:00Z;45.74953;0;3
1974-08-29 11:00:00Z;17.279;0;3
1974-08-30 11:00:00Z;9.977013;0;3
1974-08-31 11:00:00Z;8.310637;0;3
1974-09-01 11:00:00Z;5.992111;0;3
1974-09-02 11:00:00Z;8.841879;0;3
1974-09-03 11:00:00Z;27.8056;0;3
1974-09-04 11:00:00Z;107.3871;0;3
1974-09-05 11:00:00Z;110.9145;0;3
1974-09-06 11:00:00Z;83.0158;0;3
1974-09-07 11:00:00Z;68.41315;0;3
1974-09-08 11:00:00Z;216.0386;0;3
1974-09-09 11:00:00Z;114.5084;0;3
1974-09-10 11:00:00Z;45.74953;0;3
1974-09-11 11:00:00Z;21.06212;0;3
1974-09-12 11:00:00Z;14.01116;0;3
1974-09-13 11:00:00Z;10.58221;0;3
1974-09-14 11:00:00Z;9.397121;0;3
1974-09-15 11:00:00Z;11.87117;0;3
1974-09-16 11:00:00Z;61.57483;0;3
1974-09-17 11:00:00Z;75.69255;0;3
1974-09-18 11:00:00Z;83.0158;0;3
1974-09-19 11:00:00Z;34.50937;0;3
1974-09-20 11:00:00Z;39.04865;0;3
1974-09-21 11:00:00Z;44.00234;0;3
1974-09-22 11:00:00Z;116.3304;0;3
1974-09-23 11:00:00Z;127.6158;0;3
1974-09-24 11:00:00Z;133.4876;0;3
1974-09-25 11:00:00Z;162.9469;0;3
1974-09-26 11:00:00Z;158.5284;0;3
1974-09-27 11:00:00Z;145.695;0;3
1974-09-28 11:00:00Z;107.3871;0;3
1974-09-29 11:00:00Z;105.6483;0;3
1974-09-30 11:00:00Z;93.93563;0;3
1974-10-01 11:00:00Z;61.57483;0;3
1974-10-02 11:00:00Z;22.09385;0;3
1974-10-03 11:00:00Z;16.41553;0;3
1974-10-04 11:00:00Z;9.977013;0;3
1974-10-05 11:00:00Z;8.841879;0;3
1974-10-06 11:00:00Z;10.58221;0;3
1974-10-07 11:00:00Z;8.841879;0;3
1974-10-08 11:00:00Z;7.802749;0;3
1974-10-09 11:00:00Z;6.854502;0;3
1974-10-10 11:00:00Z;5.992111;0;3
1974-10-11 11:00:00Z;5.591575;0;3
1974-10-12 11:00:00Z;5.303548;0;3
1974-10-13 11:00:00Z;3.643716;0;3
1974-10-14 11:00:00Z;2.990656;0;3
1974-10-15 11:00:00Z;2.990656;0;3
1974-10-16 11:00:00Z;2.990656;0;3
1974-10-17 11:00:00Z;2.990656;0;3
1974-10-18 11:00:00Z;2.437073;0;3
1974-10-19 11:00:00Z;7.802749;0;3
1974-10-20 11:00:00Z;35.97778;0;3
1974-10-21 11:00:00Z;20.0655;0;3
1974-10-22 11:00:00Z;11.87117;0;3
1974-10-23 11:00:00Z;9.397121;0;3
1974-10-24 11:00:00Z;8.841879;0;3
1974-10-25 11:00:00Z;8.841879;0;3
1974-10-26 11:00:00Z;12.55628;0;3
1974-10-27 11:00:00Z;8.841879;0;3
1974-10-28 11:00:00Z;7.802749;0;3
1974-10-29 11:00:00Z;6.854502;0;3
1974-10-30 11:00:00Z;5.992111;0;3
1974-10-31 11:00:00Z;5.303548;0;3
1974-11-01 11:00:00Z;4.409753;0;3
1974-11-02 11:00:00Z;3.643716;0;3
1974-11-03 11:00:00Z;2.437073;0;3
1974-11-04 11:00:00Z;2.990656;0;3
1974-11-05 11:00:00Z;2.990656;0;3
1974-11-06 11:00:00Z;2.437073;0;3
1974-11-07 11:00:00Z;2.437073;0;3
1974-11-08 11:00:00Z;2.437073;0;3
1974-11-09 11:00:00Z;9.397121;0;3
1974-11-10 11:00:00Z;73.265;0;3
1974-11-11 11:00:00Z;131.5132;0;3
1974-11-12 11:00:00Z;135.4791;0;3
1974-11-13 11:00:00Z;103.9259;0;3
1974-11-14 11:00:00Z;107.3871;0;3
1974-11-15 11:00:00Z;174.3034;0;3
1974-11-16 11:00:00Z;80.03925;0;3
1974-11-17 11:00:00Z;33.08457;0;3
1974-11-18 11:00:00Z;45.74953;0;3
1974-11-19 11:00:00Z;35.97778;0;3
1974-11-20 11:00:00Z;23.16146;0;3
1974-11-21 11:00:00Z;14.78232;0;3
1974-11-22 11:00:00Z;11.21337;0;3
1974-11-23 11:00:00Z;8.841879;0;3
1974-11-24 11:00:00Z;7.317581;0;3
1974-11-25 11:00:00Z;18.17467;0;3
1974-11-26 11:00:00Z;21.06212;0;3
1974-11-27 11:00:00Z;16.41553;0;3
1974-11-28 11:00:00Z;9.397121;0;3
1974-11-29 11:00:00Z;7.802749;0;3
1974-11-30 11:00:00Z;6.412881;0;3
1974-12-01 11:00:00Z;5.591575;0;3
1974-12-02 11:00:00Z;5.992111;0;3
1974-12-03 11:00:00Z;22.09385;0;3
1974-12-04 11:00:00Z;25.40726;0;3
1974-12-05 11:00:00Z;55.24253;0;3
1974-12-06 11:00:00Z;22.09385;0;3
1974-12-07 11:00:00Z;15.58354;0;3
1974-12-08 11:00:00Z;14.78232;0;3
1974-12-09 11:00:00Z;19.10326;0;3
1974-12-10 11:00:00Z;22.09385;0;3
1974-12-11 11:00:00Z;15.58354;0;3
1974-12-12 11:00:00Z;11.21337;0;3
1974-12-13 11:00:00Z;7.802749;0;3
1974-12-14 11:00:00Z;11.21337;0;3
1974-12-15 11:00:00Z;24.26567;0;3
1974-12-16 11:00:00Z;14.01116;0;3
1974-12-17 11:00:00Z;12.55628;0;3
1974-12-18 11:00:00Z;9.397121;0;3
1974-12-19 11:00:00Z;7.317581;0;3
1974-12-20 11:00:00Z;51.2905;0;3
1974-12-21 11:00:00Z;116.3304;0;3
1974-12-22 11:00:00Z;162.9469;0;3
1974-12-23 11:00:00Z;152.033;0;3
1974-12-24 11:00:00Z;77.12577;0;3
1974-12-25 11:00:00Z;68.41315;0;3
1974-12-26 11:00:00Z;57.29853;0;3
1974-12-27 11:00:00Z;49.39275;0;3
1974-12-28 11:00:00Z;22.09385;0;3
1974-12-29 11:00:00Z;30.36262;0;3
1974-12-30 11:00:00Z;21.06212;0;3
1974-12-31 11:00:00Z;14.01116;0;3
1975-01-01 11:00:00Z;25.40726;0;3
1975-01-02 11:00:00Z;14.01116;0;3
1975-01-03 11:00:00Z;24.26567;0;3
1975-01-04 11:00:00Z;34.50937;0;3
1975-01-05 11:00:00Z;17.279;0;3
1975-01-06 11:00:00Z;171.9964;0;3
1975-01-07 11:00:00Z;77.12577;0;3
1975-01-08 11:00:00Z;24.26567;0;3
1975-01-09 11:00:00Z;15.58354;0;3
1975-01-10 11:00:00Z;53.24014;0;3
1975-01-11 11:00:00Z;22.09385;0;3
1975-01-12 11:00:00Z;14.78232;0;3
1975-01-13 11:00:00Z;87.59965;0;3
1975-01-14 11:00:00Z;83.0158;0;3
1975-01-15 11:00:00Z;110.9145;0;3
1975-01-16 11:00:00Z;154.1806;0;3
1975-01-17 11:00:00Z;77.12577;0;3
1975-01-18 11:00:00Z;30.36262;0;3
1975-01-19 11:00:00Z;17.279;0;3
1975-01-20 11:00:00Z;14.78232;0;3
1975-01-21 11:00:00Z;77.12577;0;3
1975-01-22 11:00:00Z;30.36262;0;3
1975-01-23 11:00:00Z;93.93563;0;3
1975-01-24 11:00:00Z;40.65275;0;3
1975-01-25 11:00:00Z;23.16146;0;3
1975-01-26 11:00:00Z;19.10326;0;3
1975-01-27 11:00:00Z;13.26939;0;3
1975-01-28 11:00:00Z;14.01116;0;3
1975-01-29 11:00:00Z;11.21337;0;3
1975-01-30 11:00:00Z;9.977013;0;3
1975-01-31 11:00:00Z;9.977013;0;3
1975-02-01 11:00:00Z;61.57483;0;3
1975-02-02 11:00:00Z;34.50937;0;3
1975-02-03 11:00:00Z;27.8056;0;3
1975-02-04 11:00:00Z;17.279;0;3
1975-02-05 11:00:00Z;12.55628;0;3
1975-02-06 11:00:00Z;9.977013;0;3
1975-02-07 11:00:00Z;8.310637;0;3
1975-02-08 11:00:00Z;6.412881;0;3
1975-02-09 11:00:00Z;5.591575;0;3
1975-02-10 11:00:00Z;5.303548;0;3
1975-02-11 11:00:00Z;4.409753;0;3
1975-02-12 11:00:00Z;3.643716;0;3
1975-02-13 11:00:00Z;2.990656;0;3
1975-02-14 11:00:00Z;2.437073;0;3
1975-02-15 11:00:00Z;1.970676;0;3
1975-02-16 11:00:00Z;1.970676;0;3
1975-02-17 11:00:00Z;2.437073;0;3
1975-02-18 11:00:00Z;2.990656;0;3
1975-02-19 11:00:00Z;2.990656;0;3
1975-02-20 11:00:00Z;2.437073;0;3
1975-02-21 11:00:00Z;2.437073;0;3
1975-02-22 11:00:00Z;2.437073;0;3
1975-02-23 11:00:00Z;2.437073;0;3
1975-02-24 11:00:00Z;2.437073;0;3
1975-02-25 11:00:00Z;2.437073;0;3
1975-02-26 11:00:00Z;1.970676;0;3
1975-02-27 11:00:00Z;1.970676;0;3
1975-02-28 11:00:00Z;1.970676;0;3
1975-03-01 11:00:00Z;1.970676;0;3
1975-03-02 11:00:00Z;1.970676;0;3
1975-03-03 11:00:00Z;1.970676;0;3
1975-03-04 11:00:00Z;4.409753;0;3
1975-03-05 11:00:00Z;7.802749;0;3
1975-03-06 11:00:00Z;8.841879;0;3
1975-03-07 11:00:00Z;12.55628;0;3
1975-03-08 11:00:00Z;15.58354;0;3
1975-03-09 11:00:00Z;12.55628;0;3
1975-03-10 11:00:00Z;9.977013;0;3
1975-03-11 11:00:00Z;8.310637;0;3
1975-03-12 11:00:00Z;7.802749;0;3
1975-03-13 11:00:00Z;6.412881;0;3
1975-03-14 11:00:00Z;5.591575;0;3
1975-03-15 11:00:00Z;5.303548;0;3
1975-03-16 11:00:00Z;5.303548;0;3
1975-03-17 11:00:00Z;3.643716;0;3
1975-03-18 11:00:00Z;3.643716;0;3
1975-03-19 11:00:00Z;2.990656;0;3
1975-03-20 11:00:00Z;2.437073;0;3
1975-03-21 11:00:00Z;2.437073;0;3
1975-03-22 11:00:00Z;1.970676;0;3
1975-03-23 11:00:00Z;1.970676;0;3
1975-03-24 11:00:00Z;1.970676;0;3
1975-03-25 11:00:00Z;2.437073;0;3
1975-03-26 11:00:00Z;1.970676;0;3
1975-03-27 11:00:00Z;1.970676;0;3
1975-03-28 11:00:00Z;1.970676;0;3
1975-03-29 11:00:00Z;1.580313;0;3
1975-03-30 11:00:00Z;1.580313;0;3
1975-03-31 11:00:00Z;1.255905;0;3
1975-04-01 11:00:00Z;1.580313;0;3
1975-04-02 11:00:00Z;1.580313;0;3
1975-04-03 11:00:00Z;1.255905;0;3
1975-04-04 11:00:00Z;1.255905;0;3
1975-04-05 11:00:00Z;1.255905;0;3
1975-04-06 11:00:00Z;1.255905;0;3
1975-04-07 11:00:00Z;1.255905;0;3
1975-04-08 11:00:00Z;1.580313;0;3
1975-04-09 11:00:00Z;1.970676;0;3
1975-04-10 11:00:00Z;1.970676;0;3
1975-04-11 11:00:00Z;1.970676;0;3
1975-04-12 11:00:00Z;1.970676;0;3
1975-04-13 11:00:00Z;1.970676;0;3
1975-04-14 11:00:00Z;1.970676;0;3
1975-04-15 11:00:00Z;1.970676;0;3
1975-04-16 11:00:00Z;1.970676;0;3
1975-04-17 11:00:00Z;1.970676;0;3
1975-04-18 11:00:00Z;2.990656;0;3
1975-04-19 11:00:00Z;5.303548;0;3
1975-04-20 11:00:00Z;7.802749;0;3
1975-04-21 11:00:00Z;6.412881;0;3
1975-04-22 11:00:00Z;14.01116;0;3
1975-04-23 11:00:00Z;27.8056;0;3
1975-04-24 11:00:00Z;31.70259;0;3
1975-04-25 11:00:00Z;39.04865;0;3
1975-04-26 11:00:00Z;29.06389;0;3
1975-04-27 11:00:00Z;31.70259;0;3
1975-04-28 11:00:00Z;27.8056;0;3
1975-04-29 11:00:00Z;23.16146;0;3
1975-04-30 11:00:00Z;33.08457;0;3
1975-05-01 11:00:00Z;24.26567;0;3
1975-05-02 11:00:00Z;78.57465;0;3
1975-05-03 11:00:00Z;37.4906;0;3
1975-05-04 11:00:00Z;20.0655;0;3
1975-05-05 11:00:00Z;16.41553;0;3
1975-05-06 11:00:00Z;15.58354;0;3
1975-05-07 11:00:00Z;25.40726;0;3
1975-05-08 11:00:00Z;44.00234;0;3
1975-05-09 11:00:00Z;57.29853;0;3
1975-05-10 11:00:00Z;53.24014;0;3
1975-05-11 11:00:00Z;55.24253;0;3
1975-05-12 11:00:00Z;49.39275;0;3
1975-05-13 11:00:00Z;21.06212;0;3
1975-05-14 11:00:00Z;14.01116;0;3
1975-05-15 11:00:00Z;25.40726;0;3
1975-05-16 11:00:00Z;18.17467;0;3
1975-05-17 11:00:00Z;12.55628;0;3
1975-05-18 11:00:00Z;9.977013;0;3
1975-05-19 11:00:00Z;9.397121;0;3
1975-05-20 11:00:00Z;8.841879;0;3
1975-05-21 11:00:00Z;8.310637;0;3
1975-05-22 11:00:00Z;7.802749;0;3
1975-05-23 11:00:00Z;6.412881;0;3
1975-05-24 11:00:00Z;5.303548;0;3
1975-05-25 11:00:00Z;5.303548;0;3
1975-05-26 11:00:00Z;5.591575;0;3
1975-05-27 11:00:00Z;5.591575;0;3
1975-05-28 11:00:00Z;5.591575;0;3
1975-05-29 11:00:00Z;5.591575;0;3
1975-05-30 11:00:00Z;5.591575;0;3
1975-05-31 11:00:00Z;3.643716;0;3
1975-06-01 11:00:00Z;2.437073;0;3
1975-06-02 11:00:00Z;2.437073;0;3
1975-06-03 11:00:00Z;2.990656;0;3
1975-06-04 11:00:00Z;2.990656;0;3
1975-06-05 11:00:00Z;3.643716;0;3
1975-06-06 11:00:00Z;3.643716;0;3
1975-06-07 11:00:00Z;4.409753;0;3
1975-06-08 11:00:00Z;4.409753;0;3
1975-06-09 11:00:00Z;4.409753;0;3
1975-06-10 11:00:00Z;4.409753;0;3
1975-06-11 11:00:00Z;4.409753;0;3
1975-06-12 11:00:00Z;4.409753;0;3
1975-06-13 11:00:00Z;4.409753;0;3
1975-06-14 11:00:00Z;4.409753;0;3
1975-06-15 11:00:00Z;4.409753;0;3
1975-06-16 11:00:00Z;3.643716;0;3
1975-06-17 11:00:00Z;3.643716;0;3
1975-06-18 11:00:00Z;2.990656;0;3
1975-06-19 11:00:00Z;2.437073;0;3
1975-06-20 11:00:00Z;2.437073;0;3
1975-06-21 11:00:00Z;2.437073;0;3
1975-06-22 11:00:00Z;2.437073;0;3
1975-06-23 11:00:00Z;2.437073;0;3
1975-06-24 11:00:00Z;2.437073;0;3
1975-06-25 11:00:00Z;2.437073;0;3
1975-06-26 11:00:00Z;2.437073;0;3
1975-06-27 11:00:00Z;2.437073;0;3
1975-06-28 11:00:00Z;2.437073;0;3
1975-06-29 11:00:00Z;2.437073;0;3
1975-06-30 11:00:00Z;2.437073;0;3
1975-07-01 11:00:00Z;2.437073;0;3
1975-07-02 11:00:00Z;2.437073;0;3
1975-07-03 11:00:00Z;2.437073;0;3
1975-07-04 11:00:00Z;2.437073;0;3
1975-07-05 11:00:00Z;2.437073;0;3
1975-07-06 11:00:00Z;2.990656;0;3
1975-07-07 11:00:00Z;2.990656;0;3
1975-07-08 11:00:00Z;2.990656;0;3
1975-07-09 11:00:00Z;2.990656;0;3
1975-07-10 11:00:00Z;2.990656;0;3
1975-07-11 11:00:00Z;3.643716;0;3
1975-07-12 11:00:00Z;3.643716;0;3
1975-07-13 11:00:00Z;3.643716;0;3
1975-07-14 11:00:00Z;3.643716;0;3
1975-07-15 11:00:00Z;3.643716;0;3
1975-07-16 11:00:00Z;5.303548;0;3
1975-07-17 11:00:00Z;5.303548;0;3
1975-07-18 11:00:00Z;4.409753;0;3
1975-07-19 11:00:00Z;4.409753;0;3
1975-07-20 11:00:00Z;3.643716;0;3
1975-07-21 11:00:00Z;3.643716;0;3
1975-07-22 11:00:00Z;3.643716;0;3
1975-07-23 11:00:00Z;8.841879;0;3
1975-07-24 11:00:00Z;61.57483;0;3
1975-07-25 11:00:00Z;51.2905;0;3
1975-07-26 11:00:00Z;29.06389;0;3
1975-07-27 11:00:00Z;14.01116;0;3
1975-07-28 11:00:00Z;8.841879;0;3
1975-07-29 11:00:00Z;7.317581;0;3
1975-07-30 11:00:00Z;6.412881;0;3
1975-07-31 11:00:00Z;5.992111;0;3
1975-08-01 11:00:00Z;5.303548;0;3
1975-08-02 11:00:00Z;4.409753;0;3
1975-08-03 11:00:00Z;4.409753;0;3
1975-08-04 11:00:00Z;3.643716;0;3
1975-08-05 11:00:00Z;3.643716;0;3
1975-08-06 11:00:00Z;2.990656;0;3
1975-08-07 11:00:00Z;2.990656;0;3
1975-08-08 11:00:00Z;2.990656;0;3
1975-08-09 11:00:00Z;2.990656;0;3
1975-08-10 11:00:00Z;2.990656;0;3
1975-08-11 11:00:00Z;2.990656;0;3
1975-08-12 11:00:00Z;2.990656;0;3
1975-08-13 11:00:00Z;5.303548;0;3
1975-08-14 11:00:00Z;5.303548;0;3
1975-08-15 11:00:00Z;2.990656;0;3
1975-08-16 11:00:00Z;2.990656;0;3
1975-08-17 11:00:00Z;3.643716;0;3
1975-08-18 11:00:00Z;3.643716;0;3
1975-08-19 11:00:00Z;2.990656;0;3
1975-08-20 11:00:00Z;2.990656;0;3
1975-08-21 11:00:00Z;2.990656;0;3
1975-08-22 11:00:00Z;2.990656;0;3
1975-08-23 11:00:00Z;3.643716;0;3
1975-08-24 11:00:00Z;3.643716;0;3
1975-08-25 11:00:00Z;3.643716;0;3
1975-08-26 11:00:00Z;3.643716;0;3
1975-08-27 11:00:00Z;2.990656;0;3
1975-08-28 11:00:00Z;2.990656;0;3
1975-08-29 11:00:00Z;2.990656;0;3
1975-08-30 11:00:00Z;2.990656;0;3
1975-08-31 11:00:00Z;2.990656;0;3
1975-09-01 11:00:00Z;2.990656;0;3
1975-09-02 11:00:00Z;2.990656;0;3
1975-09-03 11:00:00Z;2.990656;0;3
1975-09-04 11:00:00Z;2.990656;0;3
1975-09-05 11:00:00Z;2.990656;0;3
1975-09-06 11:00:00Z;2.990656;0;3
1975-09-07 11:00:00Z;3.643716;0;3
1975-09-08 11:00:00Z;2.990656;0;3
1975-09-09 11:00:00Z;31.70259;0;3
1975-09-10 11:00:00Z;77.12577;0;3
1975-09-11 11:00:00Z;57.29853;0;3
1975-09-12 11:00:00Z;42.3037;0;3
1975-09-13 11:00:00Z;26.58699;0;3
1975-09-14 11:00:00Z;42.3037;0;3
1975-09-15 11:00:00Z;27.8056;0;3
1975-09-16 11:00:00Z;16.41553;0;3
1975-09-17 11:00:00Z;11.21337;0;3
1975-09-18 11:00:00Z;18.17467;0;3
1975-09-19 11:00:00Z;44.00234;0;3
1975-09-20 11:00:00Z;20.0655;0;3
1975-09-21 11:00:00Z;34.50937;0;3
1975-09-22 11:00:00Z;27.8056;0;3
1975-09-23 11:00:00Z;30.36262;0;3
1975-09-24 11:00:00Z;77.12577;0;3
1975-09-25 11:00:00Z;228.9068;0;3
1975-09-26 11:00:00Z;509.0988;0;3
1975-09-27 11:00:00Z;344.6451;0;3
1975-09-28 11:00:00Z;306.085;0;3
1975-09-29 11:00:00Z;245.6384;0;3
1975-09-30 11:00:00Z;199.0835;0;3
1975-10-01 11:00:00Z;171.9964;0;3
1975-10-02 11:00:00Z;112.7031;0;3
1975-10-03 11:00:00Z;149.9029;0;3
1975-10-04 11:00:00Z;135.4791;0;3
1975-10-05 11:00:00Z;171.9964;0;3
1975-10-06 11:00:00Z;147.7902;0;3
1975-10-07 11:00:00Z;156.3457;0;3
1975-10-08 11:00:00Z;145.695;0;3
1975-10-09 11:00:00Z;107.3871;0;3
1975-10-10 11:00:00Z;75.69255;0;3
1975-10-11 11:00:00Z;21.06212;0;3
1975-10-12 11:00:00Z;7.802749;0;3
1975-10-13 11:00:00Z;5.992111;0;3
1975-10-14 11:00:00Z;5.303548;0;3
1975-10-15 11:00:00Z;4.409753;0;3
1975-10-16 11:00:00Z;4.409753;0;3
1975-10-17 11:00:00Z;3.643716;0;3
1975-10-18 11:00:00Z;3.643716;0;3
1975-10-19 11:00:00Z;2.990656;0;3
1975-10-20 11:00:00Z;2.437073;0;3
1975-10-21 11:00:00Z;1.970676;0;3
1975-10-22 11:00:00Z;1.580313;0;3
1975-10-23 11:00:00Z;1.580313;0;3
1975-10-24 11:00:00Z;1.580313;0;3
1975-10-25 11:00:00Z;1.580313;0;3
1975-10-26 11:00:00Z;1.580313;0;3
1975-10-27 11:00:00Z;1.580313;0;3
1975-10-28 11:00:00Z;1.580313;0;3
1975-10-29 11:00:00Z;1.580313;0;3
1975-10-30 11:00:00Z;1.580313;0;3
1975-10-31 11:00:00Z;1.580313;0;3
1975-11-01 11:00:00Z;1.580313;0;3
1975-11-02 11:00:00Z;1.970676;0;3
1975-11-03 11:00:00Z;2.437073;0;3
1975-11-04 11:00:00Z;4.409753;0;3
1975-11-05 11:00:00Z;5.992111;0;3
1975-11-06 11:00:00Z;13.26939;0;3
1975-11-07 11:00:00Z;14.01116;0;3
1975-11-08 11:00:00Z;8.310637;0;3
1975-11-09 11:00:00Z;6.412881;0;3
1975-11-10 11:00:00Z;5.591575;0;3
1975-11-11 11:00:00Z;4.409753;0;3
1975-11-12 11:00:00Z;3.643716;0;3
1975-11-13 11:00:00Z;2.990656;0;3
1975-11-14 11:00:00Z;2.990656;0;3
1975-11-15 11:00:00Z;2.990656;0;3
1975-11-16 11:00:00Z;9.397121;0;3
1975-11-17 11:00:00Z;25.40726;0;3
1975-11-18 11:00:00Z;17.279;0;3
1975-11-19 11:00:00Z;11.21337;0;3
1975-11-20 11:00:00Z;9.977013;0;3
1975-11-21 11:00:00Z;8.310637;0;3
1975-11-22 11:00:00Z;6.854502;0;3
1975-11-23 11:00:00Z;5.992111;0;3
1975-11-24 11:00:00Z;7.317581;0;3
1975-11-25 11:00:00Z;68.41315;0;3
1975-11-26 11:00:00Z;87.59965;0;3
1975-11-27 11:00:00Z;53.24014;0;3
1975-11-28 11:00:00Z;25.40726;0;3
1975-11-29 11:00:00Z;16.41553;0;3
1975-11-30 11:00:00Z;11.87117;0;3
1975-12-01 11:00:00Z;11.21337;0;3
1975-12-02 11:00:00Z;17.279;0;3
1975-12-03 11:00:00Z;11.87117;0;3
1975-12-04 11:00:00Z;9.977013;0;3
1975-12-05 11:00:00Z;18.17467;0;3
1975-12-06 11:00:00Z;19.10326;0;3
1975-12-07 11:00:00Z;15.58354;0;3
1975-12-08 11:00:00Z;26.58699;0;3
1975-12-09 11:00:00Z;15.58354;0;3
1975-12-10 11:00:00Z;49.39275;0;3
1975-12-11 11:00:00Z;20.0655;0;3
1975-12-12 11:00:00Z;18.17467;0;3
1975-12-13 11:00:00Z;22.09385;0;3
1975-12-14 11:00:00Z;14.78232;0;3
1975-12-15 11:00:00Z;10.58221;0;3
1975-12-16 11:00:00Z;24.26567;0;3
1975-12-17 11:00:00Z;27.8056;0;3
1975-12-18 11:00:00Z;13.26939;0;3
1975-12-19 11:00:00Z;10.58221;0;3
1975-12-20 11:00:00Z;7.802749;0;3
1975-12-21 11:00:00Z;7.802749;0;3
1975-12-22 11:00:00Z;11.21337;0;3
1975-12-23 11:00:00Z;17.279;0;3
1975-12-24 11:00:00Z;51.2905;0;3
1975-12-25 11:00:00Z;17.279;0;3
1975-12-26 11:00:00Z;12.55628;0;3
1975-12-27 11:00:00Z;22.09385;0;3
1975-12-28 11:00:00Z;25.40726;0;3
1975-12-29 11:00:00Z;55.24253;0;3
1975-12-30 11:00:00Z;73.265;0;3
1975-12-31 11:00:00Z;131.5132;0;3
1976-01-01 11:00:00Z;34.50937;0;3
1976-01-02 11:00:00Z;19.10326;0;3
1976-01-03 11:00:00Z;17.279;0;3
1976-01-04 11:00:00Z;9.977013;0;3
1976-01-05 11:00:00Z;10.58221;0;3
1976-01-06 11:00:00Z;10.58221;0;3
1976-01-07 11:00:00Z;10.58221;0;3
1976-01-08 11:00:00Z;25.40726;0;3
1976-01-09 11:00:00Z;73.265;0;3
1976-01-10 11:00:00Z;26.58699;0;3
1976-01-11 11:00:00Z;18.17467;0;3
1976-01-12 11:00:00Z;14.01116;0;3
1976-01-13 11:00:00Z;12.55628;0;3
1976-01-14 11:00:00Z;10.58221;0;3
1976-01-15 11:00:00Z;8.841879;0;3
1976-01-16 11:00:00Z;7.802749;0;3
1976-01-17 11:00:00Z;7.317581;0;3
1976-01-18 11:00:00Z;7.317581;0;3
1976-01-19 11:00:00Z;11.21337;0;3
1976-01-20 11:00:00Z;57.29853;0;3
1976-01-21 11:00:00Z;55.24253;0;3
1976-01-22 11:00:00Z;29.06389;0;3
1976-01-23 11:00:00Z;14.78232;0;3
1976-01-24 11:00:00Z;9.977013;0;3
1976-01-25 11:00:00Z;9.397121;0;3
1976-01-26 11:00:00Z;7.317581;0;3
1976-01-27 11:00:00Z;6.412881;0;3
1976-01-28 11:00:00Z;6.412881;0;3
1976-01-29 11:00:00Z;6.412881;0;3
1976-01-30 11:00:00Z;6.412881;0;3
1976-01-31 11:00:00Z;6.854502;0;3
1976-02-01 11:00:00Z;7.317581;0;3
1976-02-02 11:00:00Z;7.317581;0;3
1976-02-03 11:00:00Z;6.854502;0;3
1976-02-04 11:00:00Z;5.992111;0;3
1976-02-05 11:00:00Z;5.591575;0;3
1976-02-06 11:00:00Z;5.591575;0;3
1976-02-07 11:00:00Z;3.643716;0;3
1976-02-08 11:00:00Z;2.990656;0;3
1976-02-09 11:00:00Z;2.990656;0;3
1976-02-10 11:00:00Z;5.591575;0;3
1976-02-11 11:00:00Z;5.992111;0;3
1976-02-12 11:00:00Z;5.591575;0;3
1976-02-13 11:00:00Z;5.303548;0;3
1976-02-14 11:00:00Z;4.409753;0;3
1976-02-15 11:00:00Z;3.643716;0;3
1976-02-16 11:00:00Z;3.643716;0;3
1976-02-17 11:00:00Z;2.990656;0;3
1976-02-18 11:00:00Z;2.990656;0;3
1976-02-19 11:00:00Z;2.437073;0;3
1976-02-20 11:00:00Z;2.437073;0;3
1976-02-21 11:00:00Z;2.437073;0;3
1976-02-22 11:00:00Z;2.437073;0;3
1976-02-23 11:00:00Z;2.437073;0;3
1976-02-24 11:00:00Z;17.279;0;3
1976-02-25 11:00:00Z;80.03925;0;3
1976-02-26 11:00:00Z;121.8971;0;3
1976-02-27 11:00:00Z;123.7864;0;3
1976-02-28 11:00:00Z;39.04865;0;3
1976-02-29 11:00:00Z;35.97778;0;3
1976-03-01 11:00:00Z;34.50937;0;3
1976-03-02 11:00:00Z;21.06212;0;3
1976-03-03 11:00:00Z;14.01116;0;3
1976-03-04 11:00:00Z;10.58221;0;3
1976-03-05 11:00:00Z;9.397121;0;3
1976-03-06 11:00:00Z;7.317581;0;3
1976-03-07 11:00:00Z;6.412881;0;3
1976-03-08 11:00:00Z;6.412881;0;3
1976-03-09 11:00:00Z;4.409753;0;3
1976-03-10 11:00:00Z;2.990656;0;3
1976-03-11 11:00:00Z;3.643716;0;3
1976-03-12 11:00:00Z;1.255905;0;3
1976-03-13 11:00:00Z;1.970676;0;3
1976-03-14 11:00:00Z;2.990656;0;3
1976-03-15 11:00:00Z;2.990656;0;3
1976-03-16 11:00:00Z;2.990656;0;3
1976-03-17 11:00:00Z;2.437073;0;3
1976-03-18 11:00:00Z;2.990656;0;3
1976-03-19 11:00:00Z;2.990656;0;3
1976-03-20 11:00:00Z;2.990656;0;3
1976-03-21 11:00:00Z;2.990656;0;3
1976-03-22 11:00:00Z;3.643716;0;3
1976-03-23 11:00:00Z;2.990656;0;3
1976-03-24 11:00:00Z;2.990656;0;3
1976-03-25 11:00:00Z;1.970676;0;3
1976-03-26 11:00:00Z;1.970676;0;3
1976-03-27 11:00:00Z;2.437073;0;3
1976-03-28 11:00:00Z;5.992111;0;3
1976-03-29 11:00:00Z;40.65275;0;3
1976-03-30 11:00:00Z;25.40726;0;3
1976-03-31 11:00:00Z;13.26939;0;3
1976-04-01 11:00:00Z;10.58221;0;3
1976-04-02 11:00:00Z;8.310637;0;3
1976-04-03 11:00:00Z;6.854502;0;3
1976-04-04 11:00:00Z;5.591575;0;3
1976-04-05 11:00:00Z;6.854502;0;3
1976-04-06 11:00:00Z;24.26567;0;3
1976-04-07 11:00:00Z;13.26939;0;3
1976-04-08 11:00:00Z;9.397121;0;3
1976-04-09 11:00:00Z;8.310637;0;3
1976-04-10 11:00:00Z;9.397121;0;3
1976-04-11 11:00:00Z;14.78232;0;3
1976-04-12 11:00:00Z;18.17467;0;3
1976-04-13 11:00:00Z;21.06212;0;3
1976-04-14 11:00:00Z;18.17467;0;3
1976-04-15 11:00:00Z;24.26567;0;3
1976-04-16 11:00:00Z;27.8056;0;3
1976-04-17 11:00:00Z;31.70259;0;3
1976-04-18 11:00:00Z;83.0158;0;3
1976-04-19 11:00:00Z;31.70259;0;3
1976-04-20 11:00:00Z;19.10326;0;3
1976-04-21 11:00:00Z;44.00234;0;3
1976-04-22 11:00:00Z;25.40726;0;3
1976-04-23 11:00:00Z;18.17467;0;3
1976-04-24 11:00:00Z;16.41553;0;3
1976-04-25 11:00:00Z;19.10326;0;3
1976-04-26 11:00:00Z;21.06212;0;3
1976-04-27 11:00:00Z;18.17467;0;3
1976-04-28 11:00:00Z;12.55628;0;3
1976-04-29 11:00:00Z;9.397121;0;3
1976-04-30 11:00:00Z;8.310637;0;3
1976-05-01 11:00:00Z;7.802749;0;3
1976-05-02 11:00:00Z;10.58221;0;3
1976-05-03 11:00:00Z;23.16146;0;3
1976-05-04 11:00:00Z;55.24253;0;3
1976-05-05 11:00:00Z;39.04865;0;3
1976-05-06 11:00:00Z;22.09385;0;3
1976-05-07 11:00:00Z;14.78232;0;3
1976-05-08 11:00:00Z;14.01116;0;3
1976-05-09 11:00:00Z;14.78232;0;3
1976-05-10 11:00:00Z;22.09385;0;3
1976-05-11 11:00:00Z;29.06389;0;3
1976-05-12 11:00:00Z;23.16146;0;3
1976-05-13 11:00:00Z;44.00234;0;3
1976-05-14 11:00:00Z;25.40726;0;3
1976-05-15 11:00:00Z;14.78232;0;3
1976-05-16 11:00:00Z;13.26939;0;3
1976-05-17 11:00:00Z;14.01116;0;3
1976-05-18 11:00:00Z;18.17467;0;3
1976-05-19 11:00:00Z;10.58221;0;3
1976-05-20 11:00:00Z;9.977013;0;3
1976-05-21 11:00:00Z;11.21337;0;3
1976-05-22 11:00:00Z;20.0655;0;3
1976-05-23 11:00:00Z;11.87117;0;3
1976-05-24 11:00:00Z;9.397121;0;3
1976-05-25 11:00:00Z;7.317581;0;3
1976-05-26 11:00:00Z;6.854502;0;3
1976-05-27 11:00:00Z;6.412881;0;3
1976-05-28 11:00:00Z;5.992111;0;3
1976-05-29 11:00:00Z;5.303548;0;3
1976-05-30 11:00:00Z;5.303548;0;3
1976-05-31 11:00:00Z;4.409753;0;3
1976-06-01 11:00:00Z;4.409753;0;3
1976-06-02 11:00:00Z;4.409753;0;3
1976-06-03 11:00:00Z;8.310637;0;3
1976-06-04 11:00:00Z;7.317581;0;3
1976-06-05 11:00:00Z;6.412881;0;3
1976-06-06 11:00:00Z;5.591575;0;3
1976-06-07 11:00:00Z;5.591575;0;3
1976-06-08 11:00:00Z;5.303548;0;3
1976-06-09 11:00:00Z;5.303548;0;3
1976-06-10 11:00:00Z;4.409753;0;3
1976-06-11 11:00:00Z;3.643716;0;3
1976-06-12 11:00:00Z;3.643716;0;3
1976-06-13 11:00:00Z;5.303548;0;3
1976-06-14 11:00:00Z;6.854502;0;3
1976-06-15 11:00:00Z;6.412881;0;3
1976-06-16 11:00:00Z;6.854502;0;3
1976-06-17 11:00:00Z;5.591575;0;3
1976-06-18 11:00:00Z;5.303548;0;3
1976-06-19 11:00:00Z;4.409753;0;3
1976-06-20 11:00:00Z;5.591575;0;3
1976-06-21 11:00:00Z;5.992111;0;3
1976-06-22 11:00:00Z;5.591575;0;3
1976-06-23 11:00:00Z;4.409753;0;3
1976-06-24 11:00:00Z;4.409753;0;3
1976-06-25 11:00:00Z;3.643716;0;3
1976-06-26 11:00:00Z;2.990656;0;3
1976-06-27 11:00:00Z;2.990656;0;3
1976-06-28 11:00:00Z;2.990656;0;3
1976-06-29 11:00:00Z;2.990656;0;3
1976-06-30 11:00:00Z;2.990656;0;3
1976-07-01 11:00:00Z;2.990656;0;3
1976-07-02 11:00:00Z;2.990656;0;3
1976-07-03 11:00:00Z;2.990656;0;3
1976-07-04 11:00:00Z;2.990656;0;3
1976-07-05 11:00:00Z;2.990656;0;3
1976-07-06 11:00:00Z;2.990656;0;3
1976-07-07 11:00:00Z;2.990656;0;3
1976-07-08 11:00:00Z;2.990656;0;3
1976-07-09 11:00:00Z;4.409753;0;3
1976-07-10 11:00:00Z;2.990656;0;3
1976-07-11 11:00:00Z;2.437073;0;3
1976-07-12 11:00:00Z;2.437073;0;3
1976-07-13 11:00:00Z;2.437073;0;3
1976-07-14 11:00:00Z;2.990656;0;3
1976-07-15 11:00:00Z;2.990656;0;3
1976-07-16 11:00:00Z;2.990656;0;3
1976-07-17 11:00:00Z;2.990656;0;3
1976-07-18 11:00:00Z;3.643716;0;3
1976-07-19 11:00:00Z;2.990656;0;3
1976-07-20 11:00:00Z;4.409753;0;3
1976-07-21 11:00:00Z;5.591575;0;3
1976-07-22 11:00:00Z;3.643716;0;3
1976-07-23 11:00:00Z;2.990656;0;3
1976-07-24 11:00:00Z;2.990656;0;3
1976-07-25 11:00:00Z;2.990656;0;3
1976-07-26 11:00:00Z;2.990656;0;3
1976-07-27 11:00:00Z;2.990656;0;3
1976-07-28 11:00:00Z;2.990656;0;3
1976-07-29 11:00:00Z;2.990656;0;3
1976-07-30 11:00:00Z;2.990656;0;3
1976-07-31 11:00:00Z;2.990656;0;3
1976-08-01 11:00:00Z;2.990656;0;3
1976-08-02 11:00:00Z;2.990656;0;3
1976-08-03 11:00:00Z;2.990656;0;3
1976-08-04 11:00:00Z;2.990656;0;3
1976-08-05 11:00:00Z;2.990656;0;3
1976-08-06 11:00:00Z;2.990656;0;3
1976-08-07 11:00:00Z;2.990656;0;3
1976-08-08 11:00:00Z;2.990656;0;3
1976-08-09 11:00:00Z;2.990656;0;3
1976-08-10 11:00:00Z;2.990656;0;3
1976-08-11 11:00:00Z;2.990656;0;3
1976-08-12 11:00:00Z;2.990656;0;3
1976-08-13 11:00:00Z;2.437073;0;3
1976-08-14 11:00:00Z;2.437073;0;3
1976-08-15 11:00:00Z;2.437073;0;3
1976-08-16 11:00:00Z;2.437073;0;3
1976-08-17 11:00:00Z;2.437073;0;3
1976-08-18 11:00:00Z;2.437073;0;3
1976-08-19 11:00:00Z;2.437073;0;3
1976-08-20 11:00:00Z;2.990656;0;3
1976-08-21 11:00:00Z;2.990656;0;3
1976-08-22 11:00:00Z;2.990656;0;3
1976-08-23 11:00:00Z;2.990656;0;3
1976-08-24 11:00:00Z;2.990656;0;3
1976-08-25 11:00:00Z;2.990656;0;3
1976-08-26 11:00:00Z;2.990656;0;3
1976-08-27 11:00:00Z;2.990656;0;3
1976-08-28 11:00:00Z;2.990656;0;3
1976-08-29 11:00:00Z;2.990656;0;3
1976-08-30 11:00:00Z;2.990656;0;3
1976-08-31 11:00:00Z;2.990656;0;3
1976-09-01 11:00:00Z;2.990656;0;3
1976-09-02 11:00:00Z;3.643716;0;3
1976-09-03 11:00:00Z;2.990656;0;3
1976-09-04 11:00:00Z;2.990656;0;3
1976-09-05 11:00:00Z;2.990656;0;3
1976-09-06 11:00:00Z;2.990656;0;3
1976-09-07 11:00:00Z;2.990656;0;3
1976-09-08 11:00:00Z;2.990656;0;3
1976-09-09 11:00:00Z;3.643716;0;3
1976-09-10 11:00:00Z;4.409753;0;3
1976-09-11 11:00:00Z;4.409753;0;3
1976-09-12 11:00:00Z;4.409753;0;3
1976-09-13 11:00:00Z;3.643716;0;3
1976-09-14 11:00:00Z;4.409753;0;3
1976-09-15 11:00:00Z;5.591575;0;3
1976-09-16 11:00:00Z;6.854502;0;3
1976-09-17 11:00:00Z;5.303548;0;3
1976-09-18 11:00:00Z;4.409753;0;3
1976-09-19 11:00:00Z;4.409753;0;3
1976-09-20 11:00:00Z;3.643716;0;3
1976-09-21 11:00:00Z;3.643716;0;3
1976-09-22 11:00:00Z;2.990656;0;3
1976-09-23 11:00:00Z;2.990656;0;3
1976-09-24 11:00:00Z;2.990656;0;3
1976-09-25 11:00:00Z;2.990656;0;3
1976-09-26 11:00:00Z;2.990656;0;3
1976-09-27 11:00:00Z;2.990656;0;3
1976-09-28 11:00:00Z;2.437073;0;3
1976-09-29 11:00:00Z;2.437073;0;3
1976-09-30 11:00:00Z;2.437073;0;3
1976-10-01 11:00:00Z;2.437073;0;3
1976-10-02 11:00:00Z;2.437073;0;3
1976-10-03 11:00:00Z;2.437073;0;3
1976-10-04 11:00:00Z;2.990656;0;3
1976-10-05 11:00:00Z;8.310637;0;3
1976-10-06 11:00:00Z;30.36262;0;3
1976-10-07 11:00:00Z;22.09385;0;3
1976-10-08 11:00:00Z;18.17467;0;3
1976-10-09 11:00:00Z;12.55628;0;3
1976-10-10 11:00:00Z;9.397121;0;3
1976-10-11 11:00:00Z;7.802749;0;3
1976-10-12 11:00:00Z;8.841879;0;3
1976-10-13 11:00:00Z;209.7748;0;3
1976-10-14 11:00:00Z;197.584;0;3
1976-10-15 11:00:00Z;37.4906;0;3
1976-10-16 11:00:00Z;23.16146;0;3
1976-10-17 11:00:00Z;21.06212;0;3
1976-10-18 11:00:00Z;21.06212;0;3
1976-10-19 11:00:00Z;14.78232;0;3
1976-10-20 11:00:00Z;10.58221;0;3
1976-10-21 11:00:00Z;9.397121;0;3
1976-10-22 11:00:00Z;97.20052;0;3
1976-10-23 11:00:00Z;59.40901;0;3
1976-10-24 11:00:00Z;24.26567;0;3
1976-10-25 11:00:00Z;30.36262;0;3
1976-10-26 11:00:00Z;20.0655;0;3
1976-10-27 11:00:00Z;12.55628;0;3
1976-10-28 11:00:00Z;9.397121;0;3
1976-10-29 11:00:00Z;8.310637;0;3
1976-10-30 11:00:00Z;6.412881;0;3
1976-10-31 11:00:00Z;5.992111;0;3
1976-11-01 11:00:00Z;5.591575;0;3
1976-11-02 11:00:00Z;5.992111;0;3
1976-11-03 11:00:00Z;21.06212;0;3
1976-11-04 11:00:00Z;33.08457;0;3
1976-11-05 11:00:00Z;22.09385;0;3
1976-11-06 11:00:00Z;47.54604;0;3
1976-11-07 11:00:00Z;27.8056;0;3
1976-11-08 11:00:00Z;21.06212;0;3
1976-11-09 11:00:00Z;19.10326;0;3
1976-11-10 11:00:00Z;73.265;0;3
1976-11-11 11:00:00Z;45.74953;0;3
1976-11-12 11:00:00Z;33.08457;0;3
1976-11-13 11:00:00Z;18.17467;0;3
1976-11-14 11:00:00Z;13.26939;0;3
1976-11-15 11:00:00Z;9.977013;0;3
1976-11-16 11:00:00Z;8.310637;0;3
1976-11-17 11:00:00Z;7.317581;0;3
1976-11-18 11:00:00Z;6.854502;0;3
1976-11-19 11:00:00Z;6.854502;0;3
1976-11-20 11:00:00Z;6.412881;0;3
1976-11-21 11:00:00Z;5.992111;0;3
1976-11-22 11:00:00Z;8.841879;0;3
1976-11-23 11:00:00Z;7.317581;0;3
1976-11-24 11:00:00Z;7.802749;0;3
1976-11-25 11:00:00Z;5.591575;0;3
1976-11-26 11:00:00Z;6.412881;0;3
1976-11-27 11:00:00Z;30.36262;0;3
1976-11-28 11:00:00Z;29.06389;0;3
1976-11-29 11:00:00Z;66.07602;0;3
1976-11-30 11:00:00Z;40.65275;0;3
1976-12-01 11:00:00Z;20.0655;0;3
1976-12-02 11:00:00Z;11.87117;0;3
1976-12-03 11:00:00Z;9.397121;0;3
1976-12-04 11:00:00Z;7.802749;0;3
1976-12-05 11:00:00Z;7.317581;0;3
1976-12-06 11:00:00Z;6.412881;0;3
1976-12-07 11:00:00Z;6.412881;0;3
1976-12-08 11:00:00Z;7.802749;0;3
1976-12-09 11:00:00Z;17.279;0;3
1976-12-10 11:00:00Z;11.21337;0;3
1976-12-11 11:00:00Z;8.841879;0;3
1976-12-12 11:00:00Z;6.854502;0;3
1976-12-13 11:00:00Z;5.992111;0;3
1976-12-14 11:00:00Z;5.303548;0;3
1976-12-15 11:00:00Z;4.409753;0;3
1976-12-16 11:00:00Z;4.409753;0;3
1976-12-17 11:00:00Z;4.409753;0;3
1976-12-18 11:00:00Z;2.437073;0;3
1976-12-19 11:00:00Z;2.990656;0;3
1976-12-20 11:00:00Z;4.409753;0;3
1976-12-21 11:00:00Z;4.409753;0;3
1976-12-22 11:00:00Z;3.643716;0;3
1976-12-23 11:00:00Z;2.990656;0;3
1976-12-24 11:00:00Z;2.437073;0;3
1976-12-25 11:00:00Z;2.437073;0;3
1976-12-26 11:00:00Z;1.970676;0;3
1976-12-27 11:00:00Z;1.580313;0;3
1976-12-28 11:00:00Z;1.580313;0;3
1976-12-29 11:00:00Z;1.580313;0;3
1976-12-30 11:00:00Z;1.970676;0;3
1976-12-31 11:00:00Z;1.970676;0;3
1977-01-01 11:00:00Z;2.437073;0;3
1977-01-02 11:00:00Z;2.437073;0;3
1977-01-03 11:00:00Z;2.437073;0;3
1977-01-04 11:00:00Z;2.437073;0;3
1977-01-05 11:00:00Z;2.990656;0;3
1977-01-06 11:00:00Z;2.990656;0;3
1977-01-07 11:00:00Z;5.303548;0;3
1977-01-08 11:00:00Z;5.303548;0;3
1977-01-09 11:00:00Z;3.643716;0;3
1977-01-10 11:00:00Z;3.643716;0;3
1977-01-11 11:00:00Z;2.990656;0;3
1977-01-12 11:00:00Z;2.437073;0;3
1977-01-13 11:00:00Z;2.437073;0;3
1977-01-14 11:00:00Z;2.437073;0;3
1977-01-15 11:00:00Z;1.970676;0;3
1977-01-16 11:00:00Z;1.970676;0;3
1977-01-17 11:00:00Z;1.970676;0;3
1977-01-18 11:00:00Z;1.970676;0;3
1977-01-19 11:00:00Z;1.580313;0;3
1977-01-20 11:00:00Z;1.580313;0;3
1977-01-21 11:00:00Z;1.580313;0;3
1977-01-22 11:00:00Z;1.580313;0;3
1977-01-23 11:00:00Z;1.580313;0;3
1977-01-24 11:00:00Z;1.580313;0;3
1977-01-25 11:00:00Z;1.580313;0;3
1977-01-26 11:00:00Z;1.970676;0;3
1977-01-27 11:00:00Z;1.970676;0;3
1977-01-28 11:00:00Z;1.970676;0;3
1977-01-29 11:00:00Z;3.643716;0;3
1977-01-30 11:00:00Z;5.992111;0;3
1977-01-31 11:00:00Z;1.580313;0;3
1977-02-01 11:00:00Z;7.317581;0;3
1977-02-02 11:00:00Z;5.591575;0;3
1977-02-03 11:00:00Z;5.303548;0;3
1977-02-04 11:00:00Z;5.303548;0;3
1977-02-05 11:00:00Z;4.409753;0;3
1977-02-06 11:00:00Z;3.643716;0;3
1977-02-07 11:00:00Z;3.643716;0;3
1977-02-08 11:00:00Z;3.643716;0;3
1977-02-09 11:00:00Z;2.437073;0;3
1977-02-10 11:00:00Z;3.643716;0;3
1977-02-11 11:00:00Z;3.643716;0;3
1977-02-12 11:00:00Z;2.990656;0;3
1977-02-13 11:00:00Z;2.437073;0;3
1977-02-14 11:00:00Z;3.643716;0;3
1977-02-15 11:00:00Z;2.990656;0;3
1977-02-16 11:00:00Z;2.990656;0;3
1977-02-17 11:00:00Z;2.437073;0;3
1977-02-18 11:00:00Z;2.437073;0;3
1977-02-19 11:00:00Z;2.437073;0;3
1977-02-20 11:00:00Z;2.437073;0;3
1977-02-21 11:00:00Z;2.437073;0;3
1977-02-22 11:00:00Z;2.437073;0;3
1977-02-23 11:00:00Z;1.970676;0;3
1977-02-24 11:00:00Z;1.970676;0;3
1977-02-25 11:00:00Z;2.437073;0;3
1977-02-26 11:00:00Z;2.990656;0;3
1977-02-27 11:00:00Z;3.643716;0;3
1977-02-28 11:00:00Z;5.591575;0;3
1977-03-01 11:00:00Z;5.303548;0;3
1977-03-02 11:00:00Z;4.409753;0;3
1977-03-03 11:00:00Z;3.643716;0;3
1977-03-04 11:00:00Z;6.412881;0;3
1977-03-05 11:00:00Z;18.17467;0;3
1977-03-06 11:00:00Z;14.01116;0;3
1977-03-07 11:00:00Z;10.58221;0;3
1977-03-08 11:00:00Z;8.310637;0;3
1977-03-09 11:00:00Z;7.317581;0;3
1977-03-10 11:00:00Z;6.854502;0;3
1977-03-11 11:00:00Z;8.841879;0;3
1977-03-12 11:00:00Z;14.01116;0;3
1977-03-13 11:00:00Z;20.0655;0;3
1977-03-14 11:00:00Z;21.06212;0;3
1977-03-15 11:00:00Z;14.78232;0;3
1977-03-16 11:00:00Z;14.78232;0;3
1977-03-17 11:00:00Z;40.65275;0;3
1977-03-18 11:00:00Z;37.4906;0;3
1977-03-19 11:00:00Z;47.54604;0;3
1977-03-20 11:00:00Z;34.50937;0;3
1977-03-21 11:00:00Z;26.58699;0;3
1977-03-22 11:00:00Z;20.0655;0;3
1977-03-23 11:00:00Z;14.78232;0;3
1977-03-24 11:00:00Z;14.01116;0;3
1977-03-25 11:00:00Z;11.87117;0;3
1977-03-26 11:00:00Z;14.78232;0;3
1977-03-27 11:00:00Z;12.55628;0;3
1977-03-28 11:00:00Z;9.397121;0;3
1977-03-29 11:00:00Z;9.397121;0;3
1977-03-30 11:00:00Z;7.802749;0;3
1977-03-31 11:00:00Z;6.412881;0;3
1977-04-01 11:00:00Z;6.412881;0;3
1977-04-02 11:00:00Z;7.317581;0;3
1977-04-03 11:00:00Z;7.317581;0;3
1977-04-04 11:00:00Z;8.310637;0;3
1977-04-05 11:00:00Z;6.854502;0;3
1977-04-06 11:00:00Z;7.802749;0;3
1977-04-07 11:00:00Z;9.397121;0;3
1977-04-08 11:00:00Z;8.310637;0;3
1977-04-09 11:00:00Z;6.854502;0;3
1977-04-10 11:00:00Z;6.412881;0;3
1977-04-11 11:00:00Z;5.992111;0;3
1977-04-12 11:00:00Z;5.591575;0;3
1977-04-13 11:00:00Z;5.303548;0;3
1977-04-14 11:00:00Z;5.591575;0;3
1977-04-15 11:00:00Z;5.591575;0;3
1977-04-16 11:00:00Z;6.412881;0;3
1977-04-17 11:00:00Z;6.412881;0;3
1977-04-18 11:00:00Z;6.412881;0;3
1977-04-19 11:00:00Z;6.412881;0;3
1977-04-20 11:00:00Z;6.412881;0;3
1977-04-21 11:00:00Z;7.802749;0;3
1977-04-22 11:00:00Z;18.17467;0;3
1977-04-23 11:00:00Z;30.36262;0;3
1977-04-24 11:00:00Z;21.06212;0;3
1977-04-25 11:00:00Z;17.279;0;3
1977-04-26 11:00:00Z;16.41553;0;3
1977-04-27 11:00:00Z;21.06212;0;3
1977-04-28 11:00:00Z;29.06389;0;3
1977-04-29 11:00:00Z;37.4906;0;3
1977-04-30 11:00:00Z;40.65275;0;3
1977-05-01 11:00:00Z;42.3037;0;3
1977-05-02 11:00:00Z;68.41315;0;3
1977-05-03 11:00:00Z;78.57465;0;3
1977-05-04 11:00:00Z;61.57483;0;3
1977-05-05 11:00:00Z;105.6483;0;3
1977-05-06 11:00:00Z;125.6926;0;3
1977-05-07 11:00:00Z;81.51962;0;3
1977-05-08 11:00:00Z;40.65275;0;3
1977-05-09 11:00:00Z;26.58699;0;3
1977-05-10 11:00:00Z;19.10326;0;3
1977-05-11 11:00:00Z;20.0655;0;3
1977-05-12 11:00:00Z;86.05576;0;3
1977-05-13 11:00:00Z;59.40901;0;3
1977-05-14 11:00:00Z;37.4906;0;3
1977-05-15 11:00:00Z;23.16146;0;3
1977-05-16 11:00:00Z;16.41553;0;3
1977-05-17 11:00:00Z;15.58354;0;3
1977-05-18 11:00:00Z;14.01116;0;3
1977-05-19 11:00:00Z;13.26939;0;3
1977-05-20 11:00:00Z;13.26939;0;3
1977-05-21 11:00:00Z;12.55628;0;3
1977-05-22 11:00:00Z;14.01116;0;3
1977-05-23 11:00:00Z;14.01116;0;3
1977-05-24 11:00:00Z;14.01116;0;3
1977-05-25 11:00:00Z;14.78232;0;3
1977-05-26 11:00:00Z;14.01116;0;3
1977-05-27 11:00:00Z;11.87117;0;3
1977-05-28 11:00:00Z;11.87117;0;3
1977-05-29 11:00:00Z;10.58221;0;3
1977-05-30 11:00:00Z;9.397121;0;3
1977-05-31 11:00:00Z;7.317581;0;3
1977-06-01 11:00:00Z;6.412881;0;3
1977-06-02 11:00:00Z;6.412881;0;3
1977-06-03 11:00:00Z;6.854502;0;3
1977-06-04 11:00:00Z;7.317581;0;3
1977-06-05 11:00:00Z;8.310637;0;3
1977-06-06 11:00:00Z;7.317581;0;3
1977-06-07 11:00:00Z;6.412881;0;3
1977-06-08 11:00:00Z;7.317581;0;3
1977-06-09 11:00:00Z;24.26567;0;3
1977-06-10 11:00:00Z;16.41553;0;3
1977-06-11 11:00:00Z;22.09385;0;3
1977-06-12 11:00:00Z;14.78232;0;3
1977-06-13 11:00:00Z;10.58221;0;3
1977-06-14 11:00:00Z;8.841879;0;3
1977-06-15 11:00:00Z;8.310637;0;3
1977-06-16 11:00:00Z;7.317581;0;3
1977-06-17 11:00:00Z;6.412881;0;3
1977-06-18 11:00:00Z;5.591575;0;3
1977-06-19 11:00:00Z;7.317581;0;3
1977-06-20 11:00:00Z;6.412881;0;3
1977-06-21 11:00:00Z;5.303548;0;3
1977-06-22 11:00:00Z;4.409753;0;3
1977-06-23 11:00:00Z;2.990656;0;3
1977-06-24 11:00:00Z;3.643716;0;3
1977-06-25 11:00:00Z;3.643716;0;3
1977-06-26 11:00:00Z;3.643716;0;3
1977-06-27 11:00:00Z;3.643716;0;3
1977-06-28 11:00:00Z;2.990656;0;3
1977-06-29 11:00:00Z;2.990656;0;3
1977-06-30 11:00:00Z;2.990656;0;3
1977-07-01 11:00:00Z;3.643716;0;3
1977-07-02 11:00:00Z;4.409753;0;3
1977-07-03 11:00:00Z;5.303548;0;3
1977-07-04 11:00:00Z;4.409753;0;3
1977-07-05 11:00:00Z;3.643716;0;3
1977-07-06 11:00:00Z;2.990656;0;3
1977-07-07 11:00:00Z;2.990656;0;3
1977-07-08 11:00:00Z;2.990656;0;3
1977-07-09 11:00:00Z;2.990656;0;3
1977-07-10 11:00:00Z;2.437073;0;3
1977-07-11 11:00:00Z;2.437073;0;3
1977-07-12 11:00:00Z;2.437073;0;3
1977-07-13 11:00:00Z;2.437073;0;3
1977-07-14 11:00:00Z;2.437073;0;3
1977-07-15 11:00:00Z;2.437073;0;3
1977-07-16 11:00:00Z;2.437073;0;3
1977-07-17 11:00:00Z;2.437073;0;3
1977-07-18 11:00:00Z;2.437073;0;3
1977-07-19 11:00:00Z;2.437073;0;3
1977-07-20 11:00:00Z;2.990656;0;3
1977-07-21 11:00:00Z;2.990656;0;3
1977-07-22 11:00:00Z;2.990656;0;3
1977-07-23 11:00:00Z;2.990656;0;3
1977-07-24 11:00:00Z;4.409753;0;3
1977-07-25 11:00:00Z;6.412881;0;3
1977-07-26 11:00:00Z;6.412881;0;3
1977-07-27 11:00:00Z;5.591575;0;3
1977-07-28 11:00:00Z;4.409753;0;3
1977-07-29 11:00:00Z;2.990656;0;3
1977-07-30 11:00:00Z;2.990656;0;3
1977-07-31 11:00:00Z;2.990656;0;3
1977-08-01 11:00:00Z;2.990656;0;3
1977-08-02 11:00:00Z;2.990656;0;3
1977-08-03 11:00:00Z;2.990656;0;3
1977-08-04 11:00:00Z;2.990656;0;3
1977-08-05 11:00:00Z;2.990656;0;3
1977-08-06 11:00:00Z;3.643716;0;3
1977-08-07 11:00:00Z;5.303548;0;3
1977-08-08 11:00:00Z;4.409753;0;3
1977-08-09 11:00:00Z;3.643716;0;3
1977-08-10 11:00:00Z;3.643716;0;3
1977-08-11 11:00:00Z;3.643716;0;3
1977-08-12 11:00:00Z;3.643716;0;3
1977-08-13 11:00:00Z;2.990656;0;3
1977-08-14 11:00:00Z;2.990656;0;3
1977-08-15 11:00:00Z;2.990656;0;3
1977-08-16 11:00:00Z;2.990656;0;3
1977-08-17 11:00:00Z;2.437073;0;3
1977-08-18 11:00:00Z;2.437073;0;3
1977-08-19 11:00:00Z;2.437073;0;3
1977-08-20 11:00:00Z;2.437073;0;3
1977-08-21 11:00:00Z;2.437073;0;3
1977-08-22 11:00:00Z;2.990656;0;3
1977-08-23 11:00:00Z;2.990656;0;3
1977-08-24 11:00:00Z;3.643716;0;3
1977-08-25 11:00:00Z;3.643716;0;3
1977-08-26 11:00:00Z;4.409753;0;3
1977-08-27 11:00:00Z;26.58699;0;3
1977-08-28 11:00:00Z;34.50937;0;3
1977-08-29 11:00:00Z;14.78232;0;3
1977-08-30 11:00:00Z;9.977013;0;3
1977-08-31 11:00:00Z;10.58221;0;3
1977-09-01 11:00:00Z;10.58221;0;3
1977-09-02 11:00:00Z;9.397121;0;3
1977-09-03 11:00:00Z;20.0655;0;3
1977-09-04 11:00:00Z;12.55628;0;3
1977-09-05 11:00:00Z;25.40726;0;3
1977-09-06 11:00:00Z;83.0158;0;3
1977-09-07 11:00:00Z;92.32748;0;3
1977-09-08 11:00:00Z;29.06389;0;3
1977-09-09 11:00:00Z;21.06212;0;3
1977-09-10 11:00:00Z;24.26567;0;3
1977-09-11 11:00:00Z;25.40726;0;3
1977-09-12 11:00:00Z;33.08457;0;3
1977-09-13 11:00:00Z;31.70259;0;3
1977-09-14 11:00:00Z;17.279;0;3
1977-09-15 11:00:00Z;16.41553;0;3
1977-09-16 11:00:00Z;11.21337;0;3
1977-09-17 11:00:00Z;9.397121;0;3
1977-09-18 11:00:00Z;7.317581;0;3
1977-09-19 11:00:00Z;6.854502;0;3
1977-09-20 11:00:00Z;5.591575;0;3
1977-09-21 11:00:00Z;5.303548;0;3
1977-09-22 11:00:00Z;5.303548;0;3
1977-09-23 11:00:00Z;4.409753;0;3
1977-09-24 11:00:00Z;3.643716;0;3
1977-09-25 11:00:00Z;2.990656;0;3
1977-09-26 11:00:00Z;2.990656;0;3
1977-09-27 11:00:00Z;3.643716;0;3
1977-09-28 11:00:00Z;5.591575;0;3
1977-09-29 11:00:00Z;63.79687;0;3
1977-09-30 11:00:00Z;143.6172;0;3
1977-10-01 11:00:00Z;83.0158;0;3
1977-10-02 11:00:00Z;44.00234;0;3
1977-10-03 11:00:00Z;21.06212;0;3
1977-10-04 11:00:00Z;14.01116;0;3
1977-10-05 11:00:00Z;18.17467;0;3
1977-10-06 11:00:00Z;19.10326;0;3
1977-10-07 11:00:00Z;15.58354;0;3
1977-10-08 11:00:00Z;21.06212;0;3
1977-10-09 11:00:00Z;15.58354;0;3
1977-10-10 11:00:00Z;31.70259;0;3
1977-10-11 11:00:00Z;66.07602;0;3
1977-10-12 11:00:00Z;25.40726;0;3
1977-10-13 11:00:00Z;29.06389;0;3
1977-10-14 11:00:00Z;22.09385;0;3
1977-10-15 11:00:00Z;14.01116;0;3
1977-10-16 11:00:00Z;11.21337;0;3
1977-10-17 11:00:00Z;8.841879;0;3
1977-10-18 11:00:00Z;7.802749;0;3
1977-10-19 11:00:00Z;6.854502;0;3
1977-10-20 11:00:00Z;6.412881;0;3
1977-10-21 11:00:00Z;5.992111;0;3
1977-10-22 11:00:00Z;6.854502;0;3
1977-10-23 11:00:00Z;11.87117;0;3
1977-10-24 11:00:00Z;19.10326;0;3
1977-10-25 11:00:00Z;51.2905;0;3
1977-10-26 11:00:00Z;26.58699;0;3
1977-10-27 11:00:00Z;15.58354;0;3
1977-10-28 11:00:00Z;11.87117;0;3
1977-10-29 11:00:00Z;14.78232;0;3
1977-10-30 11:00:00Z;15.58354;0;3
1977-10-31 11:00:00Z;66.07602;0;3
1977-11-01 11:00:00Z;186.1076;0;3
1977-11-02 11:00:00Z;68.41315;0;3
1977-11-03 11:00:00Z;75.69255;0;3
1977-11-04 11:00:00Z;75.69255;0;3
1977-11-05 11:00:00Z;49.39275;0;3
1977-11-06 11:00:00Z;83.0158;0;3
1977-11-07 11:00:00Z;90.73545;0;3
1977-11-08 11:00:00Z;131.5132;0;3
1977-11-09 11:00:00Z;121.8971;0;3
1977-11-10 11:00:00Z;127.6158;0;3
1977-11-11 11:00:00Z;66.07602;0;3
1977-11-12 11:00:00Z;222.4157;0;3
1977-11-13 11:00:00Z;186.1076;0;3
1977-11-14 11:00:00Z;97.20052;0;3
1977-11-15 11:00:00Z;29.06389;0;3
1977-11-16 11:00:00Z;14.01116;0;3
1977-11-17 11:00:00Z;9.977013;0;3
1977-11-18 11:00:00Z;7.802749;0;3
1977-11-19 11:00:00Z;6.412881;0;3
1977-11-20 11:00:00Z;6.412881;0;3
1977-11-21 11:00:00Z;5.992111;0;3
1977-11-22 11:00:00Z;4.409753;0;3
1977-11-23 11:00:00Z;3.643716;0;3
1977-11-24 11:00:00Z;6.412881;0;3
1977-11-25 11:00:00Z;5.992111;0;3
1977-11-26 11:00:00Z;3.643716;0;3
1977-11-27 11:00:00Z;3.643716;0;3
1977-11-28 11:00:00Z;3.643716;0;3
1977-11-29 11:00:00Z;2.990656;0;3
1977-11-30 11:00:00Z;2.437073;0;3
1977-12-01 11:00:00Z;4.409753;0;3
1977-12-02 11:00:00Z;3.643716;0;3
1977-12-03 11:00:00Z;3.643716;0;3
1977-12-04 11:00:00Z;2.990656;0;3
1977-12-05 11:00:00Z;2.990656;0;3
1977-12-06 11:00:00Z;2.990656;0;3
1977-12-07 11:00:00Z;2.990656;0;3
1977-12-08 11:00:00Z;4.409753;0;3
1977-12-09 11:00:00Z;13.26939;0;3
1977-12-10 11:00:00Z;13.26939;0;3
1977-12-11 11:00:00Z;10.58221;0;3
1977-12-12 11:00:00Z;8.841879;0;3
1977-12-13 11:00:00Z;53.24014;0;3
1977-12-14 11:00:00Z;49.39275;0;3
1977-12-15 11:00:00Z;27.8056;0;3
1977-12-16 11:00:00Z;31.70259;0;3
1977-12-17 11:00:00Z;24.26567;0;3
1977-12-18 11:00:00Z;23.16146;0;3
1977-12-19 11:00:00Z;15.58354;0;3
1977-12-20 11:00:00Z;12.55628;0;3
1977-12-21 11:00:00Z;14.01116;0;3
1977-12-22 11:00:00Z;14.78232;0;3
1977-12-23 11:00:00Z;13.26939;0;3
1977-12-24 11:00:00Z;112.7031;0;3
1977-12-25 11:00:00Z;84.52782;0;3
1977-12-26 11:00:00Z;33.08457;0;3
1977-12-27 11:00:00Z;30.36262;0;3
1977-12-28 11:00:00Z;24.26567;0;3
1977-12-29 11:00:00Z;14.78232;0;3
1977-12-30 11:00:00Z;11.21337;0;3
1977-12-31 11:00:00Z;8.841879;0;3
1978-01-01 11:00:00Z;7.802749;0;3
1978-01-02 11:00:00Z;23.16146;0;3
1978-01-03 11:00:00Z;16.41553;0;3
1978-01-04 11:00:00Z;9.397121;0;3
1978-01-05 11:00:00Z;7.317581;0;3
1978-01-06 11:00:00Z;7.802749;0;3
1978-01-07 11:00:00Z;17.279;0;3
1978-01-08 11:00:00Z;23.16146;0;3
1978-01-09 11:00:00Z;16.41553;0;3
1978-01-10 11:00:00Z;31.70259;0;3
1978-01-11 11:00:00Z;16.41553;0;3
1978-01-12 11:00:00Z;9.977013;0;3
1978-01-13 11:00:00Z;7.802749;0;3
1978-01-14 11:00:00Z;7.802749;0;3
1978-01-15 11:00:00Z;7.317581;0;3
1978-01-16 11:00:00Z;7.317581;0;3
1978-01-17 11:00:00Z;6.854502;0;3
1978-01-18 11:00:00Z;6.854502;0;3
1978-01-19 11:00:00Z;6.412881;0;3
1978-01-20 11:00:00Z;5.992111;0;3
1978-01-21 11:00:00Z;5.591575;0;3
1978-01-22 11:00:00Z;5.303548;0;3
1978-01-23 11:00:00Z;4.409753;0;3
1978-01-24 11:00:00Z;4.409753;0;3
1978-01-25 11:00:00Z;4.409753;0;3
1978-01-26 11:00:00Z;2.990656;0;3
1978-01-27 11:00:00Z;3.643716;0;3
1978-01-28 11:00:00Z;2.990656;0;3
1978-01-29 11:00:00Z;4.409753;0;3
1978-01-30 11:00:00Z;3.643716;0;3
1978-01-31 11:00:00Z;2.990656;0;3
1978-02-01 11:00:00Z;2.990656;0;3
1978-02-02 11:00:00Z;2.990656;0;3
1978-02-03 11:00:00Z;2.990656;0;3
1978-02-04 11:00:00Z;2.437073;0;3
1978-02-05 11:00:00Z;1.255905;0;3
1978-02-06 11:00:00Z;1.255905;0;3
1978-02-07 11:00:00Z;0.9883781;0;3
1978-02-08 11:00:00Z;0.9883781;0;3
1978-02-09 11:00:00Z;0.337211;0;3
1978-02-10 11:00:00Z;0.337211;0;3
1978-02-11 11:00:00Z;0.337211;0;3
1978-02-12 11:00:00Z;0.4500744;0;3
1978-02-13 11:00:00Z;2.990656;0;3
1978-02-14 11:00:00Z;2.437073;0;3
1978-02-15 11:00:00Z;1.255905;0;3
1978-02-16 11:00:00Z;1.255905;0;3
1978-02-17 11:00:00Z;1.970676;0;3
1978-02-18 11:00:00Z;1.580313;0;3
1978-02-19 11:00:00Z;1.255905;0;3
1978-02-20 11:00:00Z;0.7695961;0;3
1978-02-21 11:00:00Z;0.9883781;0;3
1978-02-22 11:00:00Z;1.255905;0;3
1978-02-23 11:00:00Z;0.9883781;0;3
1978-02-24 11:00:00Z;0.9883781;0;3
1978-02-25 11:00:00Z;0.9883781;0;3
1978-02-26 11:00:00Z;1.255905;0;3
1978-02-27 11:00:00Z;1.255905;0;3
1978-02-28 11:00:00Z;1.255905;0;3
1978-03-01 11:00:00Z;44.00234;0;3
1978-03-02 11:00:00Z;23.16146;0;3
1978-03-03 11:00:00Z;14.78232;0;3
1978-03-04 11:00:00Z;9.977013;0;3
1978-03-05 11:00:00Z;7.317581;0;3
1978-03-06 11:00:00Z;6.412881;0;3
1978-03-07 11:00:00Z;5.992111;0;3
1978-03-08 11:00:00Z;5.992111;0;3
1978-03-09 11:00:00Z;5.992111;0;3
1978-03-10 11:00:00Z;6.412881;0;3
1978-03-11 11:00:00Z;6.854502;0;3
1978-03-12 11:00:00Z;7.317581;0;3
1978-03-13 11:00:00Z;7.317581;0;3
1978-03-14 11:00:00Z;10.58221;0;3
1978-03-15 11:00:00Z;8.310637;0;3
1978-03-16 11:00:00Z;6.854502;0;3
1978-03-17 11:00:00Z;5.303548;0;3
1978-03-18 11:00:00Z;5.303548;0;3
1978-03-19 11:00:00Z;5.303548;0;3
1978-03-20 11:00:00Z;3.643716;0;3
1978-03-21 11:00:00Z;3.643716;0;3
1978-03-22 11:00:00Z;2.437073;0;3
1978-03-23 11:00:00Z;2.990656;0;3
1978-03-24 11:00:00Z;3.643716;0;3
1978-03-25 11:00:00Z;3.643716;0;3
1978-03-26 11:00:00Z;3.643716;0;3
1978-03-27 11:00:00Z;3.643716;0;3
1978-03-28 11:00:00Z;4.409753;0;3
1978-03-29 11:00:00Z;20.0655;0;3
1978-03-30 11:00:00Z;42.3037;0;3
1978-03-31 11:00:00Z;31.70259;0;3
1978-04-01 11:00:00Z;24.26567;0;3
1978-04-02 11:00:00Z;22.09385;0;3
1978-04-03 11:00:00Z;18.17467;0;3
1978-04-04 11:00:00Z;12.55628;0;3
1978-04-05 11:00:00Z;12.55628;0;3
1978-04-06 11:00:00Z;11.87117;0;3
1978-04-07 11:00:00Z;11.21337;0;3
1978-04-08 11:00:00Z;14.01116;0;3
1978-04-09 11:00:00Z;15.58354;0;3
1978-04-10 11:00:00Z;19.10326;0;3
1978-04-11 11:00:00Z;17.279;0;3
1978-04-12 11:00:00Z;11.87117;0;3
1978-04-13 11:00:00Z;9.397121;0;3
1978-04-14 11:00:00Z;8.841879;0;3
1978-04-15 11:00:00Z;7.802749;0;3
1978-04-16 11:00:00Z;7.317581;0;3
1978-04-17 11:00:00Z;7.317581;0;3
1978-04-18 11:00:00Z;7.802749;0;3
1978-04-19 11:00:00Z;9.977013;0;3
1978-04-20 11:00:00Z;10.58221;0;3
1978-04-21 11:00:00Z;11.21337;0;3
1978-04-22 11:00:00Z;21.06212;0;3
1978-04-23 11:00:00Z;29.06389;0;3
1978-04-24 11:00:00Z;27.8056;0;3
1978-04-25 11:00:00Z;24.26567;0;3
1978-04-26 11:00:00Z;16.41553;0;3
1978-04-27 11:00:00Z;11.87117;0;3
1978-04-28 11:00:00Z;9.977013;0;3
1978-04-29 11:00:00Z;8.841879;0;3
1978-04-30 11:00:00Z;8.841879;0;3
1978-05-01 11:00:00Z;9.977013;0;3
1978-05-02 11:00:00Z;10.58221;0;3
1978-05-03 11:00:00Z;11.87117;0;3
1978-05-04 11:00:00Z;14.01116;0;3
1978-05-05 11:00:00Z;15.58354;0;3
1978-05-06 11:00:00Z;23.16146;0;3
1978-05-07 11:00:00Z;35.97778;0;3
1978-05-08 11:00:00Z;35.97778;0;3
1978-05-09 11:00:00Z;27.8056;0;3
1978-05-10 11:00:00Z;25.40726;0;3
1978-05-11 11:00:00Z;19.10326;0;3
1978-05-12 11:00:00Z;14.01116;0;3
1978-05-13 11:00:00Z;11.21337;0;3
1978-05-14 11:00:00Z;8.841879;0;3
1978-05-15 11:00:00Z;7.317581;0;3
1978-05-16 11:00:00Z;7.802749;0;3
1978-05-17 11:00:00Z;2.990656;0;3
1978-05-18 11:00:00Z;11.21337;0;3
1978-05-19 11:00:00Z;14.01116;0;3
1978-05-20 11:00:00Z;16.41553;0;3
1978-05-21 11:00:00Z;19.10326;0;3
1978-05-22 11:00:00Z;18.17467;0;3
1978-05-23 11:00:00Z;18.17467;0;3
1978-05-24 11:00:00Z;31.70259;0;3
1978-05-25 11:00:00Z;49.39275;0;3
1978-05-26 11:00:00Z;20.0655;0;3
1978-05-27 11:00:00Z;14.78232;0;3
1978-05-28 11:00:00Z;12.55628;0;3
1978-05-29 11:00:00Z;11.21337;0;3
1978-05-30 11:00:00Z;9.977013;0;3
1978-05-31 11:00:00Z;8.841879;0;3
1978-06-01 11:00:00Z;7.802749;0;3
1978-06-02 11:00:00Z;6.854502;0;3
1978-06-03 11:00:00Z;6.412881;0;3
1978-06-04 11:00:00Z;5.992111;0;3
1978-06-05 11:00:00Z;5.992111;0;3
1978-06-06 11:00:00Z;5.992111;0;3
1978-06-07 11:00:00Z;5.992111;0;3
1978-06-08 11:00:00Z;7.802749;0;3
1978-06-09 11:00:00Z;7.802749;0;3
1978-06-10 11:00:00Z;8.841879;0;3
1978-06-11 11:00:00Z;9.397121;0;3
1978-06-12 11:00:00Z;6.854502;0;3
1978-06-13 11:00:00Z;5.992111;0;3
1978-06-14 11:00:00Z;4.409753;0;3
1978-06-15 11:00:00Z;4.409753;0;3
1978-06-16 11:00:00Z;5.591575;0;3
1978-06-17 11:00:00Z;4.409753;0;3
1978-06-18 11:00:00Z;3.643716;0;3
1978-06-19 11:00:00Z;3.643716;0;3
1978-06-20 11:00:00Z;2.990656;0;3
1978-06-21 11:00:00Z;2.437073;0;3
1978-06-22 11:00:00Z;2.437073;0;3
1978-06-23 11:00:00Z;2.990656;0;3
1978-06-24 11:00:00Z;7.317581;0;3
1978-06-25 11:00:00Z;14.01116;0;3
1978-06-26 11:00:00Z;12.55628;0;3
1978-06-27 11:00:00Z;14.01116;0;3
1978-06-28 11:00:00Z;14.01116;0;3
1978-06-29 11:00:00Z;8.310637;0;3
1978-06-30 11:00:00Z;6.854502;0;3
1978-07-01 11:00:00Z;8.841879;0;3
1978-07-02 11:00:00Z;20.0655;0;3
1978-07-03 11:00:00Z;31.70259;0;3
1978-07-04 11:00:00Z;59.40901;0;3
1978-07-05 11:00:00Z;22.09385;0;3
1978-07-06 11:00:00Z;16.41553;0;3
1978-07-07 11:00:00Z;12.55628;0;3
1978-07-08 11:00:00Z;13.26939;0;3
1978-07-09 11:00:00Z;26.58699;0;3
1978-07-10 11:00:00Z;15.58354;0;3
1978-07-11 11:00:00Z;9.977013;0;3
1978-07-12 11:00:00Z;7.317581;0;3
1978-07-13 11:00:00Z;6.412881;0;3
1978-07-14 11:00:00Z;5.303548;0;3
1978-07-15 11:00:00Z;5.303548;0;3
1978-07-16 11:00:00Z;5.303548;0;3
1978-07-17 11:00:00Z;4.409753;0;3
1978-07-18 11:00:00Z;3.643716;0;3
1978-07-19 11:00:00Z;3.643716;0;3
1978-07-20 11:00:00Z;3.643716;0;3
1978-07-21 11:00:00Z;3.643716;0;3
1978-07-22 11:00:00Z;3.643716;0;3
1978-07-23 11:00:00Z;2.990656;0;3
1978-07-24 11:00:00Z;6.412881;0;3
1978-07-25 11:00:00Z;22.09385;0;3
1978-07-26 11:00:00Z;15.58354;0;3
1978-07-27 11:00:00Z;10.58221;0;3
1978-07-28 11:00:00Z;9.397121;0;3
1978-07-29 11:00:00Z;7.802749;0;3
1978-07-30 11:00:00Z;6.854502;0;3
1978-07-31 11:00:00Z;5.992111;0;3
1978-08-01 11:00:00Z;5.303548;0;3
1978-08-02 11:00:00Z;4.409753;0;3
1978-08-03 11:00:00Z;5.303548;0;3
1978-08-04 11:00:00Z;5.303548;0;3
1978-08-05 11:00:00Z;5.591575;0;3
1978-08-06 11:00:00Z;11.21337;0;3
1978-08-07 11:00:00Z;13.26939;0;3
1978-08-08 11:00:00Z;9.397121;0;3
1978-08-09 11:00:00Z;7.317581;0;3
1978-08-10 11:00:00Z;5.992111;0;3
1978-08-11 11:00:00Z;5.591575;0;3
1978-08-12 11:00:00Z;4.409753;0;3
1978-08-13 11:00:00Z;4.409753;0;3
1978-08-14 11:00:00Z;3.643716;0;3
1978-08-15 11:00:00Z;6.412881;0;3
1978-08-16 11:00:00Z;70.8092;0;3
1978-08-17 11:00:00Z;75.69255;0;3
1978-08-18 11:00:00Z;25.40726;0;3
1978-08-19 11:00:00Z;18.17467;0;3
1978-08-20 11:00:00Z;11.87117;0;3
1978-08-21 11:00:00Z;8.841879;0;3
1978-08-22 11:00:00Z;14.78232;0;3
1978-08-23 11:00:00Z;23.16146;0;3
1978-08-24 11:00:00Z;15.58354;0;3
1978-08-25 11:00:00Z;8.841879;0;3
1978-08-26 11:00:00Z;7.802749;0;3
1978-08-27 11:00:00Z;6.854502;0;3
1978-08-28 11:00:00Z;5.992111;0;3
1978-08-29 11:00:00Z;5.303548;0;3
1978-08-30 11:00:00Z;4.409753;0;3
1978-08-31 11:00:00Z;3.643716;0;3
1978-09-01 11:00:00Z;5.303548;0;3
1978-09-02 11:00:00Z;4.409753;0;3
1978-09-03 11:00:00Z;3.643716;0;3
1978-09-04 11:00:00Z;3.643716;0;3
1978-09-05 11:00:00Z;2.990656;0;3
1978-09-06 11:00:00Z;2.990656;0;3
1978-09-07 11:00:00Z;2.990656;0;3
1978-09-08 11:00:00Z;2.990656;0;3
1978-09-09 11:00:00Z;3.643716;0;3
1978-09-10 11:00:00Z;5.591575;0;3
1978-09-11 11:00:00Z;9.397121;0;3
1978-09-12 11:00:00Z;9.977013;0;3
1978-09-13 11:00:00Z;8.310637;0;3
1978-09-14 11:00:00Z;6.412881;0;3
1978-09-15 11:00:00Z;10.58221;0;3
1978-09-16 11:00:00Z;31.70259;0;3
1978-09-17 11:00:00Z;31.70259;0;3
1978-09-18 11:00:00Z;31.70259;0;3
1978-09-19 11:00:00Z;18.17467;0;3
1978-09-20 11:00:00Z;11.87117;0;3
1978-09-21 11:00:00Z;9.397121;0;3
1978-09-22 11:00:00Z;8.310637;0;3
1978-09-23 11:00:00Z;7.802749;0;3
1978-09-24 11:00:00Z;10.58221;0;3
1978-09-25 11:00:00Z;20.0655;0;3
1978-09-26 11:00:00Z;31.70259;0;3
1978-09-27 11:00:00Z;37.4906;0;3
1978-09-28 11:00:00Z;25.40726;0;3
1978-09-29 11:00:00Z;14.01116;0;3
1978-09-30 11:00:00Z;11.87117;0;3
1978-10-01 11:00:00Z;11.87117;0;3
1978-10-02 11:00:00Z;9.397121;0;3
1978-10-03 11:00:00Z;10.58221;0;3
1978-10-04 11:00:00Z;34.50937;0;3
1978-10-05 11:00:00Z;31.70259;0;3
1978-10-06 11:00:00Z;24.26567;0;3
1978-10-07 11:00:00Z;15.58354;0;3
1978-10-08 11:00:00Z;11.87117;0;3
1978-10-09 11:00:00Z;9.397121;0;3
1978-10-10 11:00:00Z;9.977013;0;3
1978-10-11 11:00:00Z;12.55628;0;3
1978-10-12 11:00:00Z;9.977013;0;3
1978-10-13 11:00:00Z;8.310637;0;3
1978-10-14 11:00:00Z;7.802749;0;3
1978-10-15 11:00:00Z;6.412881;0;3
1978-10-16 11:00:00Z;7.802749;0;3
1978-10-17 11:00:00Z;31.70259;0;3
1978-10-18 11:00:00Z;15.58354;0;3
1978-10-19 11:00:00Z;11.21337;0;3
1978-10-20 11:00:00Z;9.397121;0;3
1978-10-21 11:00:00Z;8.310637;0;3
1978-10-22 11:00:00Z;8.310637;0;3
1978-10-23 11:00:00Z;7.802749;0;3
1978-10-24 11:00:00Z;22.09385;0;3
1978-10-25 11:00:00Z;49.39275;0;3
1978-10-26 11:00:00Z;27.8056;0;3
1978-10-27 11:00:00Z;15.58354;0;3
1978-10-28 11:00:00Z;11.87117;0;3
1978-10-29 11:00:00Z;11.21337;0;3
1978-10-30 11:00:00Z;9.977013;0;3
1978-10-31 11:00:00Z;10.58221;0;3
1978-11-01 11:00:00Z;10.58221;0;3
1978-11-02 11:00:00Z;9.977013;0;3
1978-11-03 11:00:00Z;15.58354;0;3
1978-11-04 11:00:00Z;90.73545;0;3
1978-11-05 11:00:00Z;34.50937;0;3
1978-11-06 11:00:00Z;26.58699;0;3
1978-11-07 11:00:00Z;16.41553;0;3
1978-11-08 11:00:00Z;12.55628;0;3
1978-11-09 11:00:00Z;11.87117;0;3
1978-11-10 11:00:00Z;10.58221;0;3
1978-11-11 11:00:00Z;9.397121;0;3
1978-11-12 11:00:00Z;9.397121;0;3
1978-11-13 11:00:00Z;18.17467;0;3
1978-11-14 11:00:00Z;68.41315;0;3
1978-11-15 11:00:00Z;120.0247;0;3
1978-11-16 11:00:00Z;214.4621;0;3
1978-11-17 11:00:00Z;90.73545;0;3
1978-11-18 11:00:00Z;149.9029;0;3
1978-11-19 11:00:00Z;77.12577;0;3
1978-11-20 11:00:00Z;42.3037;0;3
1978-11-21 11:00:00Z;44.00234;0;3
1978-11-22 11:00:00Z;55.24253;0;3
1978-11-23 11:00:00Z;121.8971;0;3
1978-11-24 11:00:00Z;78.57465;0;3
1978-11-25 11:00:00Z;27.8056;0;3
1978-11-26 11:00:00Z;15.58354;0;3
1978-11-27 11:00:00Z;11.87117;0;3
1978-11-28 11:00:00Z;9.977013;0;3
1978-11-29 11:00:00Z;8.310637;0;3
1978-11-30 11:00:00Z;6.412881;0;3
1978-12-01 11:00:00Z;5.591575;0;3
1978-12-02 11:00:00Z;5.591575;0;3
1978-12-03 11:00:00Z;5.303548;0;3
1978-12-04 11:00:00Z;4.409753;0;3
1978-12-05 11:00:00Z;4.409753;0;3
1978-12-06 11:00:00Z;4.409753;0;3
1978-12-07 11:00:00Z;3.643716;0;3
1978-12-08 11:00:00Z;2.990656;0;3
1978-12-09 11:00:00Z;2.990656;0;3
1978-12-10 11:00:00Z;2.990656;0;3
1978-12-11 11:00:00Z;2.437073;0;3
1978-12-12 11:00:00Z;2.990656;0;3
1978-12-13 11:00:00Z;0.7695961;0;3
1978-12-14 11:00:00Z;0.5923088;0;3
1978-12-15 11:00:00Z;0.4500744;0;3
1978-12-16 11:00:00Z;0.4500744;0;3
1978-12-17 11:00:00Z;0.4500744;0;3
1978-12-18 11:00:00Z;1.580313;0;3
1978-12-19 11:00:00Z;1.970676;0;3
1978-12-20 11:00:00Z;1.580313;0;3
1978-12-21 11:00:00Z;1.255905;0;3
1978-12-22 11:00:00Z;1.255905;0;3
1978-12-23 11:00:00Z;1.255905;0;3
1978-12-24 11:00:00Z;1.255905;0;3
1978-12-25 11:00:00Z;0.4500744;0;3
1978-12-26 11:00:00Z;0.4500744;0;3
1978-12-27 11:00:00Z;0.4500744;0;3
1978-12-28 11:00:00Z;0.4500744;0;3
1978-12-29 11:00:00Z;0.337211;0;3
1978-12-30 11:00:00Z;0.337211;0;3
1978-12-31 11:00:00Z;0.1803097;0;3
1979-01-01 11:00:00Z;0.1803097;0;3
1979-01-02 11:00:00Z;0.2487359;0;3
1979-01-03 11:00:00Z;0.2487359;0;3
1979-01-04 11:00:00Z;0.2487359;0;3
1979-01-05 11:00:00Z;0.337211;0;3
1979-01-06 11:00:00Z;0.7695961;0;3
1979-01-07 11:00:00Z;0.7695961;0;3
1979-01-08 11:00:00Z;0.7695961;0;3
1979-01-09 11:00:00Z;0.7695961;0;3
1979-01-10 11:00:00Z;0.7695961;0;3
1979-01-11 11:00:00Z;0.7695961;0;3
1979-01-12 11:00:00Z;0.5923088;0;3
1979-01-13 11:00:00Z;0.5923088;0;3
1979-01-14 11:00:00Z;0.5923088;0;3
1979-01-15 11:00:00Z;0.5923088;0;3
1979-01-16 11:00:00Z;0.7695961;0;3
1979-01-17 11:00:00Z;0.7695961;0;3
1979-01-18 11:00:00Z;0.7695961;0;3
1979-01-19 11:00:00Z;0.9883781;0;3
1979-01-20 11:00:00Z;0.9883781;0;3
1979-01-21 11:00:00Z;0.7695961;0;3
1979-01-22 11:00:00Z;0.7695961;0;3
1979-01-23 11:00:00Z;0.7695961;0;3
1979-01-24 11:00:00Z;0.7695961;0;3
1979-01-25 11:00:00Z;0.9883781;0;3
1979-01-26 11:00:00Z;0.9883781;0;3
1979-01-27 11:00:00Z;0.7695961;0;3
1979-01-28 11:00:00Z;0.7695961;0;3
1979-01-29 11:00:00Z;0.9883781;0;3
1979-01-30 11:00:00Z;0.9883781;0;3
1979-01-31 11:00:00Z;0.7695961;0;3
1979-02-01 11:00:00Z;0.7695961;0;3
1979-02-02 11:00:00Z;0.7695961;0;3
1979-02-03 11:00:00Z;0.9883781;0;3
1979-02-04 11:00:00Z;0.9883781;0;3
1979-02-05 11:00:00Z;0.7695961;0;3
1979-02-06 11:00:00Z;0.7695961;0;3
1979-02-07 11:00:00Z;0.7695961;0;3
1979-02-08 11:00:00Z;0.7695961;0;3
1979-02-09 11:00:00Z;0.9883781;0;3
1979-02-10 11:00:00Z;0.7695961;0;3
1979-02-11 11:00:00Z;0.5923088;0;3
1979-02-12 11:00:00Z;0.5923088;0;3
1979-02-13 11:00:00Z;0.5923088;0;3
1979-02-14 11:00:00Z;0.5923088;0;3
1979-02-15 11:00:00Z;0.5923088;0;3
1979-02-16 11:00:00Z;0.5923088;0;3
1979-02-17 11:00:00Z;0.5923088;0;3
1979-02-18 11:00:00Z;0.7695961;0;3
1979-02-19 11:00:00Z;0.5923088;0;3
1979-02-20 11:00:00Z;0.5923088;0;3
1979-02-21 11:00:00Z;0.5923088;0;3
1979-02-22 11:00:00Z;0.5923088;0;3
1979-02-23 11:00:00Z;0.4500744;0;3
1979-02-24 11:00:00Z;0.4500744;0;3
1979-02-25 11:00:00Z;0.4500744;0;3
1979-02-26 11:00:00Z;0.4500744;0;3
1979-02-27 11:00:00Z;0.5923088;0;3
1979-02-28 11:00:00Z;1.970676;0;3
1979-03-01 11:00:00Z;3.643716;0;3
1979-03-02 11:00:00Z;3.643716;0;3
1979-03-03 11:00:00Z;15.58354;0;3
1979-03-04 11:00:00Z;45.74953;0;3
1979-03-05 11:00:00Z;33.08457;0;3
1979-03-06 11:00:00Z;61.57483;0;3
1979-03-07 11:00:00Z;30.36262;0;3
1979-03-08 11:00:00Z;16.41553;0;3
1979-03-09 11:00:00Z;31.70259;0;3
1979-03-10 11:00:00Z;21.06212;0;3
1979-03-11 11:00:00Z;13.26939;0;3
1979-03-12 11:00:00Z;9.397121;0;3
1979-03-13 11:00:00Z;7.802749;0;3
1979-03-14 11:00:00Z;6.412881;0;3
1979-03-15 11:00:00Z;5.992111;0;3
1979-03-16 11:00:00Z;5.591575;0;3
1979-03-17 11:00:00Z;5.303548;0;3
1979-03-18 11:00:00Z;5.591575;0;3
1979-03-19 11:00:00Z;5.992111;0;3
1979-03-20 11:00:00Z;6.412881;0;3
1979-03-21 11:00:00Z;5.992111;0;3
1979-03-22 11:00:00Z;5.591575;0;3
1979-03-23 11:00:00Z;5.591575;0;3
1979-03-24 11:00:00Z;5.303548;0;3
1979-03-25 11:00:00Z;3.643716;0;3
1979-03-26 11:00:00Z;6.854502;0;3
1979-03-27 11:00:00Z;14.78232;0;3
1979-03-28 11:00:00Z;14.78232;0;3
1979-03-29 11:00:00Z;19.10326;0;3
1979-03-30 11:00:00Z;20.0655;0;3
1979-03-31 11:00:00Z;14.78232;0;3
1979-04-01 11:00:00Z;11.87117;0;3
1979-04-02 11:00:00Z;9.977013;0;3
1979-04-03 11:00:00Z;9.397121;0;3
1979-04-04 11:00:00Z;8.841879;0;3
1979-04-05 11:00:00Z;7.802749;0;3
1979-04-06 11:00:00Z;7.802749;0;3
1979-04-07 11:00:00Z;7.317581;0;3
1979-04-08 11:00:00Z;6.854502;0;3
1979-04-09 11:00:00Z;6.412881;0;3
1979-04-10 11:00:00Z;5.591575;0;3
1979-04-11 11:00:00Z;5.591575;0;3
1979-04-12 11:00:00Z;9.397121;0;3
1979-04-13 11:00:00Z;19.10326;0;3
1979-04-14 11:00:00Z;24.26567;0;3
1979-04-15 11:00:00Z;29.06389;0;3
1979-04-16 11:00:00Z;23.16146;0;3
1979-04-17 11:00:00Z;14.78232;0;3
1979-04-18 11:00:00Z;11.87117;0;3
1979-04-19 11:00:00Z;10.58221;0;3
1979-04-20 11:00:00Z;11.21337;0;3
1979-04-21 11:00:00Z;21.06212;0;3
1979-04-22 11:00:00Z;20.0655;0;3
1979-04-23 11:00:00Z;17.279;0;3
1979-04-24 11:00:00Z;18.17467;0;3
1979-04-25 11:00:00Z;22.09385;0;3
1979-04-26 11:00:00Z;29.06389;0;3
1979-04-27 11:00:00Z;21.06212;0;3
1979-04-28 11:00:00Z;33.08457;0;3
1979-04-29 11:00:00Z;30.36262;0;3
1979-04-30 11:00:00Z;49.39275;0;3
1979-05-01 11:00:00Z;24.26567;0;3
1979-05-02 11:00:00Z;16.41553;0;3
1979-05-03 11:00:00Z;12.55628;0;3
1979-05-04 11:00:00Z;13.26939;0;3
1979-05-05 11:00:00Z;11.21337;0;3
1979-05-06 11:00:00Z;11.87117;0;3
1979-05-07 11:00:00Z;13.26939;0;3
1979-05-08 11:00:00Z;11.87117;0;3
1979-05-09 11:00:00Z;11.87117;0;3
1979-05-10 11:00:00Z;11.21337;0;3
1979-05-11 11:00:00Z;14.01116;0;3
1979-05-12 11:00:00Z;17.279;0;3
1979-05-13 11:00:00Z;15.58354;0;3
1979-05-14 11:00:00Z;23.16146;0;3
1979-05-15 11:00:00Z;70.8092;0;3
1979-05-16 11:00:00Z;80.03925;0;3
1979-05-17 11:00:00Z;93.93563;0;3
1979-05-18 11:00:00Z;92.32748;0;3
1979-05-19 11:00:00Z;87.59965;0;3
1979-05-20 11:00:00Z;49.39275;0;3
1979-05-21 11:00:00Z;29.06389;0;3
1979-05-22 11:00:00Z;51.2905;0;3
1979-05-23 11:00:00Z;84.52782;0;3
1979-05-24 11:00:00Z;93.93563;0;3
1979-05-25 11:00:00Z;80.03925;0;3
1979-05-26 11:00:00Z;55.24253;0;3
1979-05-27 11:00:00Z;87.59965;0;3
1979-05-28 11:00:00Z;59.40901;0;3
1979-05-29 11:00:00Z;68.41315;0;3
1979-05-30 11:00:00Z;97.20052;0;3
1979-05-31 11:00:00Z;53.24014;0;3
1979-06-01 11:00:00Z;53.24014;0;3
1979-06-02 11:00:00Z;39.04865;0;3
1979-06-03 11:00:00Z;21.06212;0;3
1979-06-04 11:00:00Z;21.06212;0;3
1979-06-05 11:00:00Z;15.58354;0;3
1979-06-06 11:00:00Z;11.87117;0;3
1979-06-07 11:00:00Z;9.977013;0;3
1979-06-08 11:00:00Z;9.397121;0;3
1979-06-09 11:00:00Z;11.21337;0;3
1979-06-10 11:00:00Z;13.26939;0;3
1979-06-11 11:00:00Z;9.397121;0;3
1979-06-12 11:00:00Z;7.317581;0;3
1979-06-13 11:00:00Z;6.412881;0;3
1979-06-14 11:00:00Z;5.992111;0;3
1979-06-15 11:00:00Z;6.412881;0;3
1979-06-16 11:00:00Z;11.87117;0;3
1979-06-17 11:00:00Z;9.397121;0;3
1979-06-18 11:00:00Z;7.317581;0;3
1979-06-19 11:00:00Z;5.992111;0;3
1979-06-20 11:00:00Z;5.591575;0;3
1979-06-21 11:00:00Z;4.409753;0;3
1979-06-22 11:00:00Z;2.990656;0;3
1979-06-23 11:00:00Z;2.990656;0;3
1979-06-24 11:00:00Z;2.990656;0;3
1979-06-25 11:00:00Z;4.409753;0;3
1979-06-26 11:00:00Z;11.87117;0;3
1979-06-27 11:00:00Z;75.69255;0;3
1979-06-28 11:00:00Z;29.06389;0;3
1979-06-29 11:00:00Z;25.40726;0;3
1979-06-30 11:00:00Z;22.09385;0;3
1979-07-01 11:00:00Z;14.78232;0;3
1979-07-02 11:00:00Z;9.977013;0;3
1979-07-03 11:00:00Z;7.802749;0;3
1979-07-04 11:00:00Z;6.412881;0;3
1979-07-05 11:00:00Z;5.303548;0;3
1979-07-06 11:00:00Z;4.409753;0;3
1979-07-07 11:00:00Z;2.990656;0;3
1979-07-08 11:00:00Z;2.990656;0;3
1979-07-09 11:00:00Z;2.990656;0;3
1979-07-10 11:00:00Z;2.990656;0;3
1979-07-11 11:00:00Z;2.437073;0;3
1979-07-12 11:00:00Z;2.437073;0;3
1979-07-13 11:00:00Z;2.437073;0;3
1979-07-14 11:00:00Z;2.437073;0;3
1979-07-15 11:00:00Z;2.990656;0;3
1979-07-16 11:00:00Z;2.990656;0;3
1979-07-17 11:00:00Z;2.990656;0;3
1979-07-18 11:00:00Z;2.990656;0;3
1979-07-19 11:00:00Z;2.990656;0;3
1979-07-20 11:00:00Z;2.990656;0;3
1979-07-21 11:00:00Z;2.437073;0;3
1979-07-22 11:00:00Z;2.437073;0;3
1979-07-23 11:00:00Z;2.990656;0;3
1979-07-24 11:00:00Z;2.990656;0;3
1979-07-25 11:00:00Z;2.437073;0;3
1979-07-26 11:00:00Z;2.437073;0;3
1979-07-27 11:00:00Z;2.990656;0;3
1979-07-28 11:00:00Z;2.990656;0;3
1979-07-29 11:00:00Z;3.643716;0;3
1979-07-30 11:00:00Z;3.643716;0;3
1979-07-31 11:00:00Z;3.643716;0;3
1979-08-01 11:00:00Z;5.303548;0;3
1979-08-02 11:00:00Z;11.21337;0;3
1979-08-03 11:00:00Z;17.279;0;3
1979-08-04 11:00:00Z;13.26939;0;3
1979-08-05 11:00:00Z;8.841879;0;3
1979-08-06 11:00:00Z;6.412881;0;3
1979-08-07 11:00:00Z;5.591575;0;3
1979-08-08 11:00:00Z;7.802749;0;3
1979-08-09 11:00:00Z;107.3871;0;3
1979-08-10 11:00:00Z;30.36262;0;3
1979-08-11 11:00:00Z;14.78232;0;3
1979-08-12 11:00:00Z;9.397121;0;3
1979-08-13 11:00:00Z;7.317581;0;3
1979-08-14 11:00:00Z;44.00234;0;3
1979-08-15 11:00:00Z;196.0915;0;3
1979-08-16 11:00:00Z;89.15953;0;3
1979-08-17 11:00:00Z;39.04865;0;3
1979-08-18 11:00:00Z;73.265;0;3
1979-08-19 11:00:00Z;24.26567;0;3
1979-08-20 11:00:00Z;14.01116;0;3
1979-08-21 11:00:00Z;10.58221;0;3
1979-08-22 11:00:00Z;9.397121;0;3
1979-08-23 11:00:00Z;11.87117;0;3
1979-08-24 11:00:00Z;13.26939;0;3
1979-08-25 11:00:00Z;10.58221;0;3
1979-08-26 11:00:00Z;8.841879;0;3
1979-08-27 11:00:00Z;7.317581;0;3
1979-08-28 11:00:00Z;6.854502;0;3
1979-08-29 11:00:00Z;5.992111;0;3
1979-08-30 11:00:00Z;4.409753;0;3
1979-08-31 11:00:00Z;3.643716;0;3
1979-09-01 11:00:00Z;3.643716;0;3
1979-09-02 11:00:00Z;2.990656;0;3
1979-09-03 11:00:00Z;4.409753;0;3
1979-09-04 11:00:00Z;5.992111;0;3
1979-09-05 11:00:00Z;5.591575;0;3
1979-09-06 11:00:00Z;3.643716;0;3
1979-09-07 11:00:00Z;3.643716;0;3
1979-09-08 11:00:00Z;2.990656;0;3
1979-09-09 11:00:00Z;2.437073;0;3
1979-09-10 11:00:00Z;2.437073;0;3
1979-09-11 11:00:00Z;4.409753;0;3
1979-09-12 11:00:00Z;8.310637;0;3
1979-09-13 11:00:00Z;11.21337;0;3
1979-09-14 11:00:00Z;24.26567;0;3
1979-09-15 11:00:00Z;14.78232;0;3
1979-09-16 11:00:00Z;9.397121;0;3
1979-09-17 11:00:00Z;10.58221;0;3
1979-09-18 11:00:00Z;44.00234;0;3
1979-09-19 11:00:00Z;40.65275;0;3
1979-09-20 11:00:00Z;24.26567;0;3
1979-09-21 11:00:00Z;44.00234;0;3
1979-09-22 11:00:00Z;42.3037;0;3
1979-09-23 11:00:00Z;20.0655;0;3
1979-09-24 11:00:00Z;13.26939;0;3
1979-09-25 11:00:00Z;11.21337;0;3
1979-09-26 11:00:00Z;59.40901;0;3
1979-09-27 11:00:00Z;34.50937;0;3
1979-09-28 11:00:00Z;25.40726;0;3
1979-09-29 11:00:00Z;19.10326;0;3
1979-09-30 11:00:00Z;14.01116;0;3
1979-10-01 11:00:00Z;9.977013;0;3
1979-10-02 11:00:00Z;8.841879;0;3
1979-10-03 11:00:00Z;7.317581;0;3
1979-10-04 11:00:00Z;5.992111;0;3
1979-10-05 11:00:00Z;5.591575;0;3
1979-10-06 11:00:00Z;4.409753;0;3
1979-10-07 11:00:00Z;4.409753;0;3
1979-10-08 11:00:00Z;3.643716;0;3
1979-10-09 11:00:00Z;3.643716;0;3
1979-10-10 11:00:00Z;3.643716;0;3
1979-10-11 11:00:00Z;11.87117;0;3
1979-10-12 11:00:00Z;21.06212;0;3
1979-10-13 11:00:00Z;30.36262;0;3
1979-10-14 11:00:00Z;22.09385;0;3
1979-10-15 11:00:00Z;68.41315;0;3
1979-10-16 11:00:00Z;30.36262;0;3
1979-10-17 11:00:00Z;20.0655;0;3
1979-10-18 11:00:00Z;18.17467;0;3
1979-10-19 11:00:00Z;18.17467;0;3
1979-10-20 11:00:00Z;57.29853;0;3
1979-10-21 11:00:00Z;29.06389;0;3
1979-10-22 11:00:00Z;19.10326;0;3
1979-10-23 11:00:00Z;13.26939;0;3
1979-10-24 11:00:00Z;9.397121;0;3
1979-10-25 11:00:00Z;7.802749;0;3
1979-10-26 11:00:00Z;7.317581;0;3
1979-10-27 11:00:00Z;6.412881;0;3
1979-10-28 11:00:00Z;5.591575;0;3
1979-10-29 11:00:00Z;5.303548;0;3
1979-10-30 11:00:00Z;5.303548;0;3
1979-10-31 11:00:00Z;5.591575;0;3
1979-11-01 11:00:00Z;11.21337;0;3
1979-11-02 11:00:00Z;13.26939;0;3
1979-11-03 11:00:00Z;8.841879;0;3
1979-11-04 11:00:00Z;7.802749;0;3
1979-11-05 11:00:00Z;83.0158;0;3
1979-11-06 11:00:00Z;49.39275;0;3
1979-11-07 11:00:00Z;22.09385;0;3
1979-11-08 11:00:00Z;14.78232;0;3
1979-11-09 11:00:00Z;11.21337;0;3
1979-11-10 11:00:00Z;8.841879;0;3
1979-11-11 11:00:00Z;7.802749;0;3
1979-11-12 11:00:00Z;7.317581;0;3
1979-11-13 11:00:00Z;6.412881;0;3
1979-11-14 11:00:00Z;5.591575;0;3
1979-11-15 11:00:00Z;5.591575;0;3
1979-11-16 11:00:00Z;5.303548;0;3
1979-11-17 11:00:00Z;3.643716;0;3
1979-11-18 11:00:00Z;34.50937;0;3
1979-11-19 11:00:00Z;75.69255;0;3
1979-11-20 11:00:00Z;31.70259;0;3
1979-11-21 11:00:00Z;16.41553;0;3
1979-11-22 11:00:00Z;11.21337;0;3
1979-11-23 11:00:00Z;40.65275;0;3
1979-11-24 11:00:00Z;34.50937;0;3
1979-11-25 11:00:00Z;23.16146;0;3
1979-11-26 11:00:00Z;66.07602;0;3
1979-11-27 11:00:00Z;55.24253;0;3
1979-11-28 11:00:00Z;24.26567;0;3
1979-11-29 11:00:00Z;19.10326;0;3
1979-11-30 11:00:00Z;42.3037;0;3
1979-12-01 11:00:00Z;29.06389;0;3
1979-12-02 11:00:00Z;25.40726;0;3
1979-12-03 11:00:00Z;93.93563;0;3
1979-12-04 11:00:00Z;78.57465;0;3
1979-12-05 11:00:00Z;114.5084;0;3
1979-12-06 11:00:00Z;61.57483;0;3
1979-12-07 11:00:00Z;40.65275;0;3
1979-12-08 11:00:00Z;24.26567;0;3
1979-12-09 11:00:00Z;14.78232;0;3
1979-12-10 11:00:00Z;10.58221;0;3
1979-12-11 11:00:00Z;7.317581;0;3
1979-12-12 11:00:00Z;7.317581;0;3
1979-12-13 11:00:00Z;5.992111;0;3
1979-12-14 11:00:00Z;5.591575;0;3
1979-12-15 11:00:00Z;4.409753;0;3
1979-12-16 11:00:00Z;3.643716;0;3
1979-12-17 11:00:00Z;3.643716;0;3
1979-12-18 11:00:00Z;3.643716;0;3
1979-12-19 11:00:00Z;4.409753;0;3
1979-12-20 11:00:00Z;1.970676;0;3
1979-12-21 11:00:00Z;1.255905;0;3
1979-12-22 11:00:00Z;1.255905;0;3
1979-12-23 11:00:00Z;1.255905;0;3
1979-12-24 11:00:00Z;1.970676;0;3
1979-12-25 11:00:00Z;2.437073;0;3
1979-12-26 11:00:00Z;2.437073;0;3
1979-12-27 11:00:00Z;2.437073;0;3
1979-12-28 11:00:00Z;2.437073;0;3
1979-12-29 11:00:00Z;2.437073;0;3
1979-12-30 11:00:00Z;2.437073;0;3
1979-12-31 11:00:00Z;2.437073;0;3
1980-01-01 11:00:00Z;5.591575;0;3
1980-01-02 11:00:00Z;5.591575;0;3
1980-01-03 11:00:00Z;2.990656;0;3
1980-01-04 11:00:00Z;2.437073;0;3
1980-01-05 11:00:00Z;2.990656;0;3
1980-01-06 11:00:00Z;3.643716;0;3
1980-01-07 11:00:00Z;2.990656;0;3
1980-01-08 11:00:00Z;1.970676;0;3
1980-01-09 11:00:00Z;1.580313;0;3
1980-01-10 11:00:00Z;1.580313;0;3
1980-01-11 11:00:00Z;1.580313;0;3
1980-01-12 11:00:00Z;1.255905;0;3
1980-01-13 11:00:00Z;1.255905;0;3
1980-01-14 11:00:00Z;3.643716;0;3
1980-01-15 11:00:00Z;1.580313;0;3
1980-01-16 11:00:00Z;1.255905;0;3
1980-01-17 11:00:00Z;0.9883781;0;3
1980-01-18 11:00:00Z;0.9883781;0;3
1980-01-19 11:00:00Z;0.9883781;0;3
1980-01-20 11:00:00Z;0.7695961;0;3
1980-01-21 11:00:00Z;0.7695961;0;3
1980-01-22 11:00:00Z;0.7695961;0;3
1980-01-23 11:00:00Z;0.7695961;0;3
1980-01-24 11:00:00Z;0.9883781;0;3
1980-01-25 11:00:00Z;0.7695961;0;3
1980-01-26 11:00:00Z;0.7695961;0;3
1980-01-27 11:00:00Z;0.5923088;0;3
1980-01-28 11:00:00Z;0.7695961;0;3
1980-01-29 11:00:00Z;0.9883781;0;3
1980-01-30 11:00:00Z;0.7695961;0;3
1980-01-31 11:00:00Z;0.7695961;0;3
1980-02-01 11:00:00Z;0.7695961;0;3
1980-02-02 11:00:00Z;0.7695961;0;3
1980-02-03 11:00:00Z;0.5923088;0;3
1980-02-04 11:00:00Z;0.5923088;0;3
1980-02-05 11:00:00Z;0.5923088;0;3
1980-02-06 11:00:00Z;0.5923088;0;3
1980-02-07 11:00:00Z;0.7695961;0;3
1980-02-08 11:00:00Z;0.4500744;0;3
1980-02-09 11:00:00Z;0.4500744;0;3
1980-02-10 11:00:00Z;0.5923088;0;3
1980-02-11 11:00:00Z;0.7695961;0;3
1980-02-12 11:00:00Z;0.9883781;0;3
1980-02-13 11:00:00Z;0.9883781;0;3
1980-02-14 11:00:00Z;0.9883781;0;3
1980-02-15 11:00:00Z;1.255905;0;3
1980-02-16 11:00:00Z;3.643716;0;3
1980-02-17 11:00:00Z;5.992111;0;3
1980-02-18 11:00:00Z;4.409753;0;3
1980-02-19 11:00:00Z;2.437073;0;3
1980-02-20 11:00:00Z;1.970676;0;3
1980-02-21 11:00:00Z;1.255905;0;3
1980-02-22 11:00:00Z;0.9883781;0;3
1980-02-23 11:00:00Z;0.9883781;0;3
1980-02-24 11:00:00Z;0.9883781;0;3
1980-02-25 11:00:00Z;0.9883781;0;3
1980-02-26 11:00:00Z;0.9883781;0;3
1980-02-27 11:00:00Z;0.9883781;0;3
1980-02-28 11:00:00Z;0.9883781;0;3
1980-02-29 11:00:00Z;1.580313;0;3
1980-03-01 11:00:00Z;1.580313;0;3
1980-03-02 11:00:00Z;2.437073;0;3
1980-03-03 11:00:00Z;1.970676;0;3
1980-03-04 11:00:00Z;0.9883781;0;3
1980-03-05 11:00:00Z;0.9883781;0;3
1980-03-06 11:00:00Z;0.7695961;0;3
1980-03-07 11:00:00Z;0.7695961;0;3
1980-03-08 11:00:00Z;0.7695961;0;3
1980-03-09 11:00:00Z;0.7695961;0;3
1980-03-10 11:00:00Z;0.5923088;0;3
1980-03-11 11:00:00Z;0.5923088;0;3
1980-03-12 11:00:00Z;0.5923088;0;3
1980-03-13 11:00:00Z;0.7695961;0;3
1980-03-14 11:00:00Z;0.5923088;0;3
1980-03-15 11:00:00Z;0.5923088;0;3
1980-03-16 11:00:00Z;0.4500744;0;3
1980-03-17 11:00:00Z;0.4500744;0;3
1980-03-18 11:00:00Z;0.4500744;0;3
1980-03-19 11:00:00Z;0.337211;0;3
1980-03-20 11:00:00Z;0.2487359;0;3
1980-03-21 11:00:00Z;0.5923088;0;3
1980-03-22 11:00:00Z;0.7695961;0;3
1980-03-23 11:00:00Z;0.7695961;0;3
1980-03-24 11:00:00Z;0.9883781;0;3
1980-03-25 11:00:00Z;0.9883781;0;3
1980-03-26 11:00:00Z;0.5923088;0;3
1980-03-27 11:00:00Z;0.4500744;0;3
1980-03-28 11:00:00Z;0.4500744;0;3
1980-03-29 11:00:00Z;0.4500744;0;3
1980-03-30 11:00:00Z;0.4500744;0;3
1980-03-31 11:00:00Z;0.4500744;0;3
1980-04-01 11:00:00Z;0.7695961;0;3
1980-04-02 11:00:00Z;0.9883781;0;3
1980-04-03 11:00:00Z;0.9883781;0;3
1980-04-04 11:00:00Z;1.255905;0;3
1980-04-05 11:00:00Z;1.970676;0;3
1980-04-06 11:00:00Z;5.591575;0;3
1980-04-07 11:00:00Z;8.310637;0;3
1980-04-08 11:00:00Z;9.977013;0;3
1980-04-09 11:00:00Z;9.977013;0;3
1980-04-10 11:00:00Z;9.977013;0;3
1980-04-11 11:00:00Z;9.977013;0;3
1980-04-12 11:00:00Z;12.55628;0;3
1980-04-13 11:00:00Z;18.17467;0;3
1980-04-14 11:00:00Z;22.09385;0;3
1980-04-15 11:00:00Z;30.36262;0;3
1980-04-16 11:00:00Z;34.50937;0;3
1980-04-17 11:00:00Z;42.3037;0;3
1980-04-18 11:00:00Z;44.00234;0;3
1980-04-19 11:00:00Z;42.3037;0;3
1980-04-20 11:00:00Z;23.16146;0;3
1980-04-21 11:00:00Z;15.58354;0;3
1980-04-22 11:00:00Z;14.78232;0;3
1980-04-23 11:00:00Z;17.279;0;3
1980-04-24 11:00:00Z;21.06212;0;3
1980-04-25 11:00:00Z;26.58699;0;3
1980-04-26 11:00:00Z;27.8056;0;3
1980-04-27 11:00:00Z;29.06389;0;3
1980-04-28 11:00:00Z;34.50937;0;3
1980-04-29 11:00:00Z;33.08457;0;3
1980-04-30 11:00:00Z;34.50937;0;3
1980-05-01 11:00:00Z;31.70259;0;3
1980-05-02 11:00:00Z;29.06389;0;3
1980-05-03 11:00:00Z;20.0655;0;3
1980-05-04 11:00:00Z;19.10326;0;3
1980-05-05 11:00:00Z;16.41553;0;3
1980-05-06 11:00:00Z;14.78232;0;3
1980-05-07 11:00:00Z;13.26939;0;3
1980-05-08 11:00:00Z;11.87117;0;3
1980-05-09 11:00:00Z;9.397121;0;3
1980-05-10 11:00:00Z;7.802749;0;3
1980-05-11 11:00:00Z;6.854502;0;3
1980-05-12 11:00:00Z;7.317581;0;3
1980-05-13 11:00:00Z;6.854502;0;3
1980-05-14 11:00:00Z;7.317581;0;3
1980-05-15 11:00:00Z;7.317581;0;3
1980-05-16 11:00:00Z;7.317581;0;3
1980-05-17 11:00:00Z;7.802749;0;3
1980-05-18 11:00:00Z;7.317581;0;3
1980-05-19 11:00:00Z;6.854502;0;3
1980-05-20 11:00:00Z;6.412881;0;3
1980-05-21 11:00:00Z;5.992111;0;3
1980-05-22 11:00:00Z;5.591575;0;3
1980-05-23 11:00:00Z;4.409753;0;3
1980-05-24 11:00:00Z;4.409753;0;3
1980-05-25 11:00:00Z;5.303548;0;3
1980-05-26 11:00:00Z;5.303548;0;3
1980-05-27 11:00:00Z;5.303548;0;3
1980-05-28 11:00:00Z;3.643716;0;3
1980-05-29 11:00:00Z;2.990656;0;3
1980-05-30 11:00:00Z;3.643716;0;3
1980-05-31 11:00:00Z;6.854502;0;3
1980-06-01 11:00:00Z;6.412881;0;3
1980-06-02 11:00:00Z;5.303548;0;3
1980-06-03 11:00:00Z;3.643716;0;3
1980-06-04 11:00:00Z;4.409753;0;3
1980-06-05 11:00:00Z;5.591575;0;3
1980-06-06 11:00:00Z;5.303548;0;3
1980-06-07 11:00:00Z;5.303548;0;3
1980-06-08 11:00:00Z;5.303548;0;3
1980-06-09 11:00:00Z;5.591575;0;3
1980-06-10 11:00:00Z;5.591575;0;3
1980-06-11 11:00:00Z;8.841879;0;3
1980-06-12 11:00:00Z;8.841879;0;3
1980-06-13 11:00:00Z;6.412881;0;3
1980-06-14 11:00:00Z;8.310637;0;3
1980-06-15 11:00:00Z;5.591575;0;3
1980-06-16 11:00:00Z;44.00234;0;3
1980-06-17 11:00:00Z;17.279;0;3
1980-06-18 11:00:00Z;17.279;0;3
1980-06-19 11:00:00Z;17.279;0;3
1980-06-20 11:00:00Z;44.00234;0;3
1980-06-21 11:00:00Z;23.16146;0;3
1980-06-22 11:00:00Z;39.04865;0;3
1980-06-23 11:00:00Z;25.40726;0;3
1980-06-24 11:00:00Z;17.279;0;3
1980-06-25 11:00:00Z;13.26939;0;3
1980-06-26 11:00:00Z;12.55628;0;3
1980-06-27 11:00:00Z;11.21337;0;3
1980-06-28 11:00:00Z;9.977013;0;3
1980-06-29 11:00:00Z;8.841879;0;3
1980-06-30 11:00:00Z;7.802749;0;3
1980-07-01 11:00:00Z;6.854502;0;3
1980-07-02 11:00:00Z;6.412881;0;3
1980-07-03 11:00:00Z;5.591575;0;3
1980-07-04 11:00:00Z;5.303548;0;3
1980-07-05 11:00:00Z;3.643716;0;3
1980-07-06 11:00:00Z;2.990656;0;3
1980-07-07 11:00:00Z;3.643716;0;3
1980-07-08 11:00:00Z;2.990656;0;3
1980-07-09 11:00:00Z;2.990656;0;3
1980-07-10 11:00:00Z;2.437073;0;3
1980-07-11 11:00:00Z;2.437073;0;3
1980-07-12 11:00:00Z;2.437073;0;3
1980-07-13 11:00:00Z;1.970676;0;3
1980-07-14 11:00:00Z;1.970676;0;3
1980-07-15 11:00:00Z;2.437073;0;3
1980-07-16 11:00:00Z;2.990656;0;3
1980-07-17 11:00:00Z;3.643716;0;3
1980-07-18 11:00:00Z;2.990656;0;3
1980-07-19 11:00:00Z;2.990656;0;3
1980-07-20 11:00:00Z;2.990656;0;3
1980-07-21 11:00:00Z;2.990656;0;3
1980-07-22 11:00:00Z;2.990656;0;3
1980-07-23 11:00:00Z;2.437073;0;3
1980-07-24 11:00:00Z;2.437073;0;3
1980-07-25 11:00:00Z;2.437073;0;3
1980-07-26 11:00:00Z;2.437073;0;3
1980-07-27 11:00:00Z;2.437073;0;3
1980-07-28 11:00:00Z;2.990656;0;3
1980-07-29 11:00:00Z;2.990656;0;3
1980-07-30 11:00:00Z;2.990656;0;3
1980-07-31 11:00:00Z;2.990656;0;3
1980-08-01 11:00:00Z;2.990656;0;3
1980-08-02 11:00:00Z;3.643716;0;3
1980-08-03 11:00:00Z;2.990656;0;3
1980-08-04 11:00:00Z;2.990656;0;3
1980-08-05 11:00:00Z;3.643716;0;3
1980-08-06 11:00:00Z;8.841879;0;3
1980-08-07 11:00:00Z;6.854502;0;3
1980-08-08 11:00:00Z;5.303548;0;3
1980-08-09 11:00:00Z;3.643716;0;3
1980-08-10 11:00:00Z;4.409753;0;3
1980-08-11 11:00:00Z;4.409753;0;3
1980-08-12 11:00:00Z;3.643716;0;3
1980-08-13 11:00:00Z;4.409753;0;3
1980-08-14 11:00:00Z;3.643716;0;3
1980-08-15 11:00:00Z;3.643716;0;3
1980-08-16 11:00:00Z;3.643716;0;3
1980-08-17 11:00:00Z;3.643716;0;3
1980-08-18 11:00:00Z;3.643716;0;3
1980-08-19 11:00:00Z;4.409753;0;3
1980-08-20 11:00:00Z;6.412881;0;3
1980-08-21 11:00:00Z;11.87117;0;3
1980-08-22 11:00:00Z;16.41553;0;3
1980-08-23 11:00:00Z;9.397121;0;3
1980-08-24 11:00:00Z;6.854502;0;3
1980-08-25 11:00:00Z;5.591575;0;3
1980-08-26 11:00:00Z;4.409753;0;3
1980-08-27 11:00:00Z;3.643716;0;3
1980-08-28 11:00:00Z;2.990656;0;3
1980-08-29 11:00:00Z;3.643716;0;3
1980-08-30 11:00:00Z;4.409753;0;3
1980-08-31 11:00:00Z;7.317581;0;3
1980-09-01 11:00:00Z;7.317581;0;3
1980-09-02 11:00:00Z;5.992111;0;3
1980-09-03 11:00:00Z;7.802749;0;3
1980-09-04 11:00:00Z;10.58221;0;3
1980-09-05 11:00:00Z;7.802749;0;3
1980-09-06 11:00:00Z;6.854502;0;3
1980-09-07 11:00:00Z;6.854502;0;3
1980-09-08 11:00:00Z;6.412881;0;3
1980-09-09 11:00:00Z;5.992111;0;3
1980-09-10 11:00:00Z;5.992111;0;3
1980-09-11 11:00:00Z;6.854502;0;3
1980-09-12 11:00:00Z;6.412881;0;3
1980-09-13 11:00:00Z;59.40901;0;3
1980-09-14 11:00:00Z;59.40901;0;3
1980-09-15 11:00:00Z;23.16146;0;3
1980-09-16 11:00:00Z;14.01116;0;3
1980-09-17 11:00:00Z;40.65275;0;3
1980-09-18 11:00:00Z;66.07602;0;3
1980-09-19 11:00:00Z;26.58699;0;3
1980-09-20 11:00:00Z;14.78232;0;3
1980-09-21 11:00:00Z;11.87117;0;3
1980-09-22 11:00:00Z;10.58221;0;3
1980-09-23 11:00:00Z;8.310637;0;3
1980-09-24 11:00:00Z;7.317581;0;3
1980-09-25 11:00:00Z;19.10326;0;3
1980-09-26 11:00:00Z;15.58354;0;3
1980-09-27 11:00:00Z;10.58221;0;3
1980-09-28 11:00:00Z;8.310637;0;3
1980-09-29 11:00:00Z;9.397121;0;3
1980-09-30 11:00:00Z;11.21337;0;3
1980-10-01 11:00:00Z;14.78232;0;3
1980-10-02 11:00:00Z;19.10326;0;3
1980-10-03 11:00:00Z;21.06212;0;3
1980-10-04 11:00:00Z;13.26939;0;3
1980-10-05 11:00:00Z;37.4906;0;3
1980-10-06 11:00:00Z;35.97778;0;3
1980-10-07 11:00:00Z;105.6483;0;3
1980-10-08 11:00:00Z;127.6158;0;3
1980-10-09 11:00:00Z;102.22;0;3
1980-10-10 11:00:00Z;143.6172;0;3
1980-10-11 11:00:00Z;103.9259;0;3
1980-10-12 11:00:00Z;39.04865;0;3
1980-10-13 11:00:00Z;20.0655;0;3
1980-10-14 11:00:00Z;13.26939;0;3
1980-10-15 11:00:00Z;10.58221;0;3
1980-10-16 11:00:00Z;8.841879;0;3
1980-10-17 11:00:00Z;8.310637;0;3
1980-10-18 11:00:00Z;24.26567;0;3
1980-10-19 11:00:00Z;47.54604;0;3
1980-10-20 11:00:00Z;44.00234;0;3
1980-10-21 11:00:00Z;20.0655;0;3
1980-10-22 11:00:00Z;13.26939;0;3
1980-10-23 11:00:00Z;10.58221;0;3
1980-10-24 11:00:00Z;9.397121;0;3
1980-10-25 11:00:00Z;8.310637;0;3
1980-10-26 11:00:00Z;7.317581;0;3
1980-10-27 11:00:00Z;7.802749;0;3
1980-10-28 11:00:00Z;49.39275;0;3
1980-10-29 11:00:00Z;57.29853;0;3
1980-10-30 11:00:00Z;40.65275;0;3
1980-10-31 11:00:00Z;20.0655;0;3
1980-11-01 11:00:00Z;12.55628;0;3
1980-11-02 11:00:00Z;9.397121;0;3
1980-11-03 11:00:00Z;8.310637;0;3
1980-11-04 11:00:00Z;7.802749;0;3
1980-11-05 11:00:00Z;6.854502;0;3
1980-11-06 11:00:00Z;6.412881;0;3
1980-11-07 11:00:00Z;5.992111;0;3
1980-11-08 11:00:00Z;5.591575;0;3
1980-11-09 11:00:00Z;5.303548;0;3
1980-11-10 11:00:00Z;3.643716;0;3
1980-11-11 11:00:00Z;2.990656;0;3
1980-11-12 11:00:00Z;2.990656;0;3
1980-11-13 11:00:00Z;3.643716;0;3
1980-11-14 11:00:00Z;5.303548;0;3
1980-11-15 11:00:00Z;5.591575;0;3
1980-11-16 11:00:00Z;11.21337;0;3
1980-11-17 11:00:00Z;13.26939;0;3
1980-11-18 11:00:00Z;63.79687;0;3
1980-11-19 11:00:00Z;51.2905;0;3
1980-11-20 11:00:00Z;21.06212;0;3
1980-11-21 11:00:00Z;169.7073;0;3
1980-11-22 11:00:00Z;120.0247;0;3
1980-11-23 11:00:00Z;100.5305;0;3
1980-11-24 11:00:00Z;110.9145;0;3
1980-11-25 11:00:00Z;34.50937;0;3
1980-11-26 11:00:00Z;16.41553;0;3
1980-11-27 11:00:00Z;12.55628;0;3
1980-11-28 11:00:00Z;8.841879;0;3
1980-11-29 11:00:00Z;6.854502;0;3
1980-11-30 11:00:00Z;5.992111;0;3
1980-12-01 11:00:00Z;5.591575;0;3
1980-12-02 11:00:00Z;8.841879;0;3
1980-12-03 11:00:00Z;7.802749;0;3
1980-12-04 11:00:00Z;5.992111;0;3
1980-12-05 11:00:00Z;5.303548;0;3
1980-12-06 11:00:00Z;4.409753;0;3
1980-12-07 11:00:00Z;3.643716;0;3
1980-12-08 11:00:00Z;4.409753;0;3
1980-12-09 11:00:00Z;7.317581;0;3
1980-12-10 11:00:00Z;29.06389;0;3
1980-12-11 11:00:00Z;31.70259;0;3
1980-12-12 11:00:00Z;22.09385;0;3
1980-12-13 11:00:00Z;86.05576;0;3
1980-12-14 11:00:00Z;63.79687;0;3
1980-12-15 11:00:00Z;45.74953;0;3
1980-12-16 11:00:00Z;23.16146;0;3
1980-12-17 11:00:00Z;23.16146;0;3
1980-12-18 11:00:00Z;102.22;0;3
1980-12-19 11:00:00Z;35.97778;0;3
1980-12-20 11:00:00Z;19.10326;0;3
1980-12-21 11:00:00Z;13.26939;0;3
1980-12-22 11:00:00Z;9.397121;0;3
1980-12-23 11:00:00Z;9.977013;0;3
1980-12-24 11:00:00Z;13.26939;0;3
1980-12-25 11:00:00Z;12.55628;0;3
1980-12-26 11:00:00Z;10.58221;0;3
1980-12-27 11:00:00Z;7.802749;0;3
1980-12-28 11:00:00Z;9.977013;0;3
1980-12-29 11:00:00Z;22.09385;0;3
1980-12-30 11:00:00Z;73.265;0;3
1980-12-31 11:00:00Z;120.0247;0;3
1981-01-01 11:00:00Z;63.79687;0;3
1981-01-02 11:00:00Z;25.40726;0;3
1981-01-03 11:00:00Z;16.41553;0;3
1981-01-04 11:00:00Z;11.87117;0;3
1981-01-05 11:00:00Z;8.310637;0;3
1981-01-06 11:00:00Z;6.854502;0;3
1981-01-07 11:00:00Z;5.992111;0;3
1981-01-08 11:00:00Z;6.412881;0;3
1981-01-09 11:00:00Z;7.802749;0;3
1981-01-10 11:00:00Z;15.58354;0;3
1981-01-11 11:00:00Z;11.21337;0;3
1981-01-12 11:00:00Z;11.87117;0;3
1981-01-13 11:00:00Z;10.58221;0;3
1981-01-14 11:00:00Z;9.977013;0;3
1981-01-15 11:00:00Z;9.397121;0;3
1981-01-16 11:00:00Z;8.310637;0;3
1981-01-17 11:00:00Z;7.317581;0;3
1981-01-18 11:00:00Z;7.317581;0;3
1981-01-19 11:00:00Z;6.854502;0;3
1981-01-20 11:00:00Z;6.854502;0;3
1981-01-21 11:00:00Z;7.317581;0;3
1981-01-22 11:00:00Z;6.854502;0;3
1981-01-23 11:00:00Z;6.412881;0;3
1981-01-24 11:00:00Z;6.412881;0;3
1981-01-25 11:00:00Z;9.397121;0;3
1981-01-26 11:00:00Z;7.802749;0;3
1981-01-27 11:00:00Z;6.854502;0;3
1981-01-28 11:00:00Z;6.412881;0;3
1981-01-29 11:00:00Z;5.992111;0;3
1981-01-30 11:00:00Z;7.317581;0;3
1981-01-31 11:00:00Z;15.58354;0;3
1981-02-01 11:00:00Z;68.41315;0;3
1981-02-02 11:00:00Z;80.03925;0;3
1981-02-03 11:00:00Z;103.9259;0;3
1981-02-04 11:00:00Z;34.50937;0;3
1981-02-05 11:00:00Z;18.17467;0;3
1981-02-06 11:00:00Z;11.87117;0;3
1981-02-07 11:00:00Z;33.08457;0;3
1981-02-08 11:00:00Z;33.08457;0;3
1981-02-09 11:00:00Z;26.58699;0;3
1981-02-10 11:00:00Z;13.26939;0;3
1981-02-11 11:00:00Z;9.397121;0;3
1981-02-12 11:00:00Z;7.317581;0;3
1981-02-13 11:00:00Z;6.854502;0;3
1981-02-14 11:00:00Z;5.992111;0;3
1981-02-15 11:00:00Z;5.992111;0;3
1981-02-16 11:00:00Z;5.591575;0;3
1981-02-17 11:00:00Z;5.303548;0;3
1981-02-18 11:00:00Z;5.303548;0;3
1981-02-19 11:00:00Z;5.303548;0;3
1981-02-20 11:00:00Z;4.409753;0;3
1981-02-21 11:00:00Z;5.303548;0;3
1981-02-22 11:00:00Z;5.992111;0;3
1981-02-23 11:00:00Z;5.591575;0;3
1981-02-24 11:00:00Z;5.303548;0;3
1981-02-25 11:00:00Z;5.303548;0;3
1981-02-26 11:00:00Z;3.643716;0;3
1981-02-27 11:00:00Z;2.990656;0;3
1981-02-28 11:00:00Z;2.990656;0;3
1981-03-01 11:00:00Z;2.437073;0;3
1981-03-02 11:00:00Z;2.437073;0;3
1981-03-03 11:00:00Z;2.437073;0;3
1981-03-04 11:00:00Z;1.970676;0;3
1981-03-05 11:00:00Z;1.970676;0;3
1981-03-06 11:00:00Z;1.970676;0;3
1981-03-07 11:00:00Z;2.437073;0;3
1981-03-08 11:00:00Z;3.643716;0;3
1981-03-09 11:00:00Z;5.992111;0;3
1981-03-10 11:00:00Z;7.317581;0;3
1981-03-11 11:00:00Z;6.854502;0;3
1981-03-12 11:00:00Z;5.591575;0;3
1981-03-13 11:00:00Z;4.409753;0;3
1981-03-14 11:00:00Z;4.409753;0;3
1981-03-15 11:00:00Z;3.643716;0;3
1981-03-16 11:00:00Z;2.990656;0;3
1981-03-17 11:00:00Z;2.437073;0;3
1981-03-18 11:00:00Z;2.437073;0;3
1981-03-19 11:00:00Z;3.643716;0;3
1981-03-20 11:00:00Z;4.409753;0;3
1981-03-21 11:00:00Z;3.643716;0;3
1981-03-22 11:00:00Z;5.303548;0;3
1981-03-23 11:00:00Z;26.58699;0;3
1981-03-24 11:00:00Z;25.40726;0;3
1981-03-25 11:00:00Z;14.78232;0;3
1981-03-26 11:00:00Z;10.58221;0;3
1981-03-27 11:00:00Z;8.841879;0;3
1981-03-28 11:00:00Z;8.310637;0;3
1981-03-29 11:00:00Z;7.317581;0;3
1981-03-30 11:00:00Z;6.412881;0;3
1981-03-31 11:00:00Z;7.802749;0;3
1981-04-01 11:00:00Z;9.397121;0;3
1981-04-02 11:00:00Z;12.55628;0;3
1981-04-03 11:00:00Z;14.01116;0;3
1981-04-04 11:00:00Z;19.10326;0;3
1981-04-05 11:00:00Z;25.40726;0;3
1981-04-06 11:00:00Z;23.16146;0;3
1981-04-07 11:00:00Z;22.09385;0;3
1981-04-08 11:00:00Z;24.26567;0;3
1981-04-09 11:00:00Z;18.17467;0;3
1981-04-10 11:00:00Z;22.09385;0;3
1981-04-11 11:00:00Z;33.08457;0;3
1981-04-12 11:00:00Z;44.00234;0;3
1981-04-13 11:00:00Z;35.97778;0;3
1981-04-14 11:00:00Z;24.26567;0;3
1981-04-15 11:00:00Z;27.8056;0;3
1981-04-16 11:00:00Z;30.36262;0;3
1981-04-17 11:00:00Z;18.17467;0;3
1981-04-18 11:00:00Z;14.01116;0;3
1981-04-19 11:00:00Z;14.01116;0;3
1981-04-20 11:00:00Z;11.87117;0;3
1981-04-21 11:00:00Z;11.21337;0;3
1981-04-22 11:00:00Z;10.58221;0;3
1981-04-23 11:00:00Z;8.841879;0;3
1981-04-24 11:00:00Z;7.317581;0;3
1981-04-25 11:00:00Z;6.412881;0;3
1981-04-26 11:00:00Z;5.992111;0;3
1981-04-27 11:00:00Z;5.303548;0;3
1981-04-28 11:00:00Z;5.303548;0;3
1981-04-29 11:00:00Z;5.303548;0;3
1981-04-30 11:00:00Z;5.992111;0;3
1981-05-01 11:00:00Z;6.412881;0;3
1981-05-02 11:00:00Z;6.854502;0;3
1981-05-03 11:00:00Z;6.412881;0;3
1981-05-04 11:00:00Z;5.992111;0;3
1981-05-05 11:00:00Z;6.854502;0;3
1981-05-06 11:00:00Z;10.58221;0;3
1981-05-07 11:00:00Z;12.55628;0;3
1981-05-08 11:00:00Z;13.26939;0;3
1981-05-09 11:00:00Z;31.70259;0;3
1981-05-10 11:00:00Z;31.70259;0;3
1981-05-11 11:00:00Z;39.04865;0;3
1981-05-12 11:00:00Z;57.29853;0;3
1981-05-13 11:00:00Z;57.29853;0;3
1981-05-14 11:00:00Z;30.36262;0;3
1981-05-15 11:00:00Z;18.17467;0;3
1981-05-16 11:00:00Z;14.01116;0;3
1981-05-17 11:00:00Z;10.58221;0;3
1981-05-18 11:00:00Z;9.397121;0;3
1981-05-19 11:00:00Z;14.01116;0;3
1981-05-20 11:00:00Z;11.21337;0;3
1981-05-21 11:00:00Z;9.397121;0;3
1981-05-22 11:00:00Z;7.802749;0;3
1981-05-23 11:00:00Z;7.317581;0;3
1981-05-24 11:00:00Z;7.802749;0;3
1981-05-25 11:00:00Z;6.854502;0;3
1981-05-26 11:00:00Z;8.310637;0;3
1981-05-27 11:00:00Z;9.977013;0;3
1981-05-28 11:00:00Z;9.397121;0;3
1981-05-29 11:00:00Z;9.397121;0;3
1981-05-30 11:00:00Z;8.310637;0;3
1981-05-31 11:00:00Z;6.854502;0;3
1981-06-01 11:00:00Z;6.412881;0;3
1981-06-02 11:00:00Z;8.310637;0;3
1981-06-03 11:00:00Z;7.317581;0;3
1981-06-04 11:00:00Z;7.802749;0;3
1981-06-05 11:00:00Z;7.802749;0;3
1981-06-06 11:00:00Z;13.26939;0;3
1981-06-07 11:00:00Z;16.41553;0;3
1981-06-08 11:00:00Z;30.36262;0;3
1981-06-09 11:00:00Z;59.40901;0;3
1981-06-10 11:00:00Z;40.65275;0;3
1981-06-11 11:00:00Z;42.3037;0;3
1981-06-12 11:00:00Z;23.16146;0;3
1981-06-13 11:00:00Z;14.78232;0;3
1981-06-14 11:00:00Z;11.21337;0;3
1981-06-15 11:00:00Z;10.58221;0;3
1981-06-16 11:00:00Z;9.397121;0;3
1981-06-17 11:00:00Z;7.802749;0;3
1981-06-18 11:00:00Z;7.802749;0;3
1981-06-19 11:00:00Z;9.397121;0;3
1981-06-20 11:00:00Z;7.802749;0;3
1981-06-21 11:00:00Z;6.412881;0;3
1981-06-22 11:00:00Z;5.591575;0;3
1981-06-23 11:00:00Z;5.303548;0;3
1981-06-24 11:00:00Z;5.303548;0;3
1981-06-25 11:00:00Z;5.303548;0;3
1981-06-26 11:00:00Z;4.409753;0;3
1981-06-27 11:00:00Z;3.643716;0;3
1981-06-28 11:00:00Z;5.992111;0;3
1981-06-29 11:00:00Z;5.303548;0;3
1981-06-30 11:00:00Z;5.303548;0;3
1981-07-01 11:00:00Z;3.643716;0;3
1981-07-02 11:00:00Z;3.643716;0;3
1981-07-03 11:00:00Z;3.643716;0;3
1981-07-04 11:00:00Z;3.643716;0;3
1981-07-05 11:00:00Z;3.643716;0;3
1981-07-06 11:00:00Z;3.643716;0;3
1981-07-07 11:00:00Z;5.303548;0;3
1981-07-08 11:00:00Z;6.412881;0;3
1981-07-09 11:00:00Z;6.412881;0;3
1981-07-10 11:00:00Z;4.409753;0;3
1981-07-11 11:00:00Z;5.303548;0;3
1981-07-12 11:00:00Z;23.16146;0;3
1981-07-13 11:00:00Z;34.50937;0;3
1981-07-14 11:00:00Z;15.58354;0;3
1981-07-15 11:00:00Z;9.977013;0;3
1981-07-16 11:00:00Z;7.802749;0;3
1981-07-17 11:00:00Z;6.854502;0;3
1981-07-18 11:00:00Z;11.21337;0;3
1981-07-19 11:00:00Z;14.01116;0;3
1981-07-20 11:00:00Z;9.397121;0;3
1981-07-21 11:00:00Z;7.317581;0;3
1981-07-22 11:00:00Z;5.992111;0;3
1981-07-23 11:00:00Z;5.303548;0;3
1981-07-24 11:00:00Z;5.303548;0;3
1981-07-25 11:00:00Z;6.412881;0;3
1981-07-26 11:00:00Z;14.78232;0;3
1981-07-27 11:00:00Z;8.841879;0;3
1981-07-28 11:00:00Z;6.854502;0;3
1981-07-29 11:00:00Z;5.992111;0;3
1981-07-30 11:00:00Z;5.591575;0;3
1981-07-31 11:00:00Z;5.591575;0;3
1981-08-01 11:00:00Z;4.409753;0;3
1981-08-02 11:00:00Z;4.409753;0;3
1981-08-03 11:00:00Z;3.643716;0;3
1981-08-04 11:00:00Z;3.643716;0;3
1981-08-05 11:00:00Z;4.409753;0;3
1981-08-06 11:00:00Z;4.409753;0;3
1981-08-07 11:00:00Z;4.409753;0;3
1981-08-08 11:00:00Z;3.643716;0;3
1981-08-09 11:00:00Z;4.409753;0;3
1981-08-10 11:00:00Z;5.303548;0;3
1981-08-11 11:00:00Z;4.409753;0;3
1981-08-12 11:00:00Z;4.409753;0;3
1981-08-13 11:00:00Z;4.409753;0;3
1981-08-14 11:00:00Z;4.409753;0;3
1981-08-15 11:00:00Z;4.409753;0;3
1981-08-16 11:00:00Z;3.643716;0;3
1981-08-17 11:00:00Z;3.643716;0;3
1981-08-18 11:00:00Z;3.643716;0;3
1981-08-19 11:00:00Z;3.643716;0;3
1981-08-20 11:00:00Z;3.643716;0;3
1981-08-21 11:00:00Z;3.643716;0;3
1981-08-22 11:00:00Z;3.643716;0;3
1981-08-23 11:00:00Z;4.409753;0;3
1981-08-24 11:00:00Z;4.409753;0;3
1981-08-25 11:00:00Z;3.643716;0;3
1981-08-26 11:00:00Z;3.643716;0;3
1981-08-27 11:00:00Z;3.643716;0;3
1981-08-28 11:00:00Z;3.643716;0;3
1981-08-29 11:00:00Z;3.643716;0;3
1981-08-30 11:00:00Z;3.643716;0;3
1981-08-31 11:00:00Z;3.643716;0;3
1981-09-01 11:00:00Z;3.643716;0;3
1981-09-02 11:00:00Z;3.643716;0;3
1981-09-03 11:00:00Z;3.643716;0;3
1981-09-04 11:00:00Z;2.990656;0;3
1981-09-05 11:00:00Z;3.643716;0;3
1981-09-06 11:00:00Z;3.643716;0;3
1981-09-07 11:00:00Z;2.437073;0;3
1981-09-08 11:00:00Z;1.255905;0;3
1981-09-09 11:00:00Z;0.9883781;0;3
1981-09-10 11:00:00Z;1.970676;0;3
1981-09-11 11:00:00Z;3.643716;0;3
1981-09-12 11:00:00Z;3.643716;0;3
1981-09-13 11:00:00Z;3.643716;0;3
1981-09-14 11:00:00Z;3.643716;0;3
1981-09-15 11:00:00Z;3.643716;0;3
1981-09-16 11:00:00Z;3.643716;0;3
1981-09-17 11:00:00Z;3.643716;0;3
1981-09-18 11:00:00Z;5.303548;0;3
1981-09-19 11:00:00Z;100.5305;0;3
1981-09-20 11:00:00Z;55.24253;0;3
1981-09-21 11:00:00Z;105.6483;0;3
1981-09-22 11:00:00Z;51.2905;0;3
1981-09-23 11:00:00Z;24.26567;0;3
1981-09-24 11:00:00Z;33.08457;0;3
1981-09-25 11:00:00Z;100.5305;0;3
1981-09-26 11:00:00Z;120.0247;0;3
1981-09-27 11:00:00Z;131.5132;0;3
1981-09-28 11:00:00Z;135.4791;0;3
1981-09-29 11:00:00Z;44.00234;0;3
1981-09-30 11:00:00Z;24.26567;0;3
1981-10-01 11:00:00Z;73.265;0;3
1981-10-02 11:00:00Z;123.7864;0;3
1981-10-03 11:00:00Z;44.00234;0;3
1981-10-04 11:00:00Z;98.85735;0;3
1981-10-05 11:00:00Z;39.04865;0;3
1981-10-06 11:00:00Z;20.0655;0;3
1981-10-07 11:00:00Z;24.26567;0;3
1981-10-08 11:00:00Z;98.85735;0;3
1981-10-09 11:00:00Z;47.54604;0;3
1981-10-10 11:00:00Z;100.5305;0;3
1981-10-11 11:00:00Z;149.9029;0;3
1981-10-12 11:00:00Z;75.69255;0;3
1981-10-13 11:00:00Z;45.74953;0;3
1981-10-14 11:00:00Z;45.74953;0;3
1981-10-15 11:00:00Z;18.17467;0;3
1981-10-16 11:00:00Z;12.55628;0;3
1981-10-17 11:00:00Z;20.0655;0;3
1981-10-18 11:00:00Z;14.78232;0;3
1981-10-19 11:00:00Z;20.0655;0;3
1981-10-20 11:00:00Z;61.57483;0;3
1981-10-21 11:00:00Z;27.8056;0;3
1981-10-22 11:00:00Z;16.41553;0;3
1981-10-23 11:00:00Z;11.87117;0;3
1981-10-24 11:00:00Z;9.397121;0;3
1981-10-25 11:00:00Z;8.310637;0;3
1981-10-26 11:00:00Z;7.317581;0;3
1981-10-27 11:00:00Z;7.802749;0;3
1981-10-28 11:00:00Z;75.69255;0;3
1981-10-29 11:00:00Z;34.50937;0;3
1981-10-30 11:00:00Z;51.2905;0;3
1981-10-31 11:00:00Z;27.8056;0;3
1981-11-01 11:00:00Z;23.16146;0;3
1981-11-02 11:00:00Z;37.4906;0;3
1981-11-03 11:00:00Z;45.74953;0;3
1981-11-04 11:00:00Z;57.29853;0;3
1981-11-05 11:00:00Z;70.8092;0;3
1981-11-06 11:00:00Z;33.08457;0;3
1981-11-07 11:00:00Z;18.17467;0;3
1981-11-08 11:00:00Z;11.87117;0;3
1981-11-09 11:00:00Z;9.397121;0;3
1981-11-10 11:00:00Z;12.55628;0;3
1981-11-11 11:00:00Z;55.24253;0;3
1981-11-12 11:00:00Z;33.08457;0;3
1981-11-13 11:00:00Z;19.10326;0;3
1981-11-14 11:00:00Z;14.01116;0;3
1981-11-15 11:00:00Z;9.977013;0;3
1981-11-16 11:00:00Z;9.397121;0;3
1981-11-17 11:00:00Z;17.279;0;3
1981-11-18 11:00:00Z;24.26567;0;3
1981-11-19 11:00:00Z;23.16146;0;3
1981-11-20 11:00:00Z;25.40726;0;3
1981-11-21 11:00:00Z;78.57465;0;3
1981-11-22 11:00:00Z;27.8056;0;3
1981-11-23 11:00:00Z;93.93563;0;3
1981-11-24 11:00:00Z;186.1076;0;3
1981-11-25 11:00:00Z;66.07602;0;3
1981-11-26 11:00:00Z;22.09385;0;3
1981-11-27 11:00:00Z;22.09385;0;3
1981-11-28 11:00:00Z;29.06389;0;3
1981-11-29 11:00:00Z;26.58699;0;3
1981-11-30 11:00:00Z;15.58354;0;3
1981-12-01 11:00:00Z;11.21337;0;3
1981-12-02 11:00:00Z;8.841879;0;3
1981-12-03 11:00:00Z;8.310637;0;3
1981-12-04 11:00:00Z;22.09385;0;3
1981-12-05 11:00:00Z;15.58354;0;3
1981-12-06 11:00:00Z;11.21337;0;3
1981-12-07 11:00:00Z;7.802749;0;3
1981-12-08 11:00:00Z;6.854502;0;3
1981-12-09 11:00:00Z;5.992111;0;3
1981-12-10 11:00:00Z;5.992111;0;3
1981-12-11 11:00:00Z;6.412881;0;3
1981-12-12 11:00:00Z;5.591575;0;3
1981-12-13 11:00:00Z;5.591575;0;3
1981-12-14 11:00:00Z;4.409753;0;3
1981-12-15 11:00:00Z;4.409753;0;3
1981-12-16 11:00:00Z;5.303548;0;3
1981-12-17 11:00:00Z;5.992111;0;3
1981-12-18 11:00:00Z;5.591575;0;3
1981-12-19 11:00:00Z;5.303548;0;3
1981-12-20 11:00:00Z;3.643716;0;3
1981-12-21 11:00:00Z;2.990656;0;3
1981-12-22 11:00:00Z;2.990656;0;3
1981-12-23 11:00:00Z;2.990656;0;3
1981-12-24 11:00:00Z;2.990656;0;3
1981-12-25 11:00:00Z;2.437073;0;3
1981-12-26 11:00:00Z;2.437073;0;3
1981-12-27 11:00:00Z;2.437073;0;3
1981-12-28 11:00:00Z;2.437073;0;3
1981-12-29 11:00:00Z;1.970676;0;3
1981-12-30 11:00:00Z;1.970676;0;3
1981-12-31 11:00:00Z;1.970676;0;3
1982-01-01 11:00:00Z;1.970676;0;3
1982-01-02 11:00:00Z;1.970676;0;3
1982-01-03 11:00:00Z;1.970676;0;3
1982-01-04 11:00:00Z;1.970676;0;3
1982-01-05 11:00:00Z;1.970676;0;3
1982-01-06 11:00:00Z;1.970676;0;3
1982-01-07 11:00:00Z;2.437073;0;3
1982-01-08 11:00:00Z;2.990656;0;3
1982-01-09 11:00:00Z;3.643716;0;3
1982-01-10 11:00:00Z;5.591575;0;3
1982-01-11 11:00:00Z;4.409753;0;3
1982-01-12 11:00:00Z;4.409753;0;3
1982-01-13 11:00:00Z;3.643716;0;3
1982-01-14 11:00:00Z;3.643716;0;3
1982-01-15 11:00:00Z;3.643716;0;3
1982-01-16 11:00:00Z;2.990656;0;3
1982-01-17 11:00:00Z;2.437073;0;3
1982-01-18 11:00:00Z;1.970676;0;3
1982-01-19 11:00:00Z;1.970676;0;3
1982-01-20 11:00:00Z;1.970676;0;3
1982-01-21 11:00:00Z;1.970676;0;3
1982-01-22 11:00:00Z;2.437073;0;3
1982-01-23 11:00:00Z;2.990656;0;3
1982-01-24 11:00:00Z;2.990656;0;3
1982-01-25 11:00:00Z;2.990656;0;3
1982-01-26 11:00:00Z;3.643716;0;3
1982-01-27 11:00:00Z;3.643716;0;3
1982-01-28 11:00:00Z;3.643716;0;3
1982-01-29 11:00:00Z;5.303548;0;3
1982-01-30 11:00:00Z;5.303548;0;3
1982-01-31 11:00:00Z;4.409753;0;3
1982-02-01 11:00:00Z;2.990656;0;3
1982-02-02 11:00:00Z;3.643716;0;3
1982-02-03 11:00:00Z;3.643716;0;3
1982-02-04 11:00:00Z;2.990656;0;3
1982-02-05 11:00:00Z;2.990656;0;3
1982-02-06 11:00:00Z;2.990656;0;3
1982-02-07 11:00:00Z;4.409753;0;3
1982-02-08 11:00:00Z;5.303548;0;3
1982-02-09 11:00:00Z;5.303548;0;3
1982-02-10 11:00:00Z;5.303548;0;3
1982-02-11 11:00:00Z;7.317581;0;3
1982-02-12 11:00:00Z;11.87117;0;3
1982-02-13 11:00:00Z;12.55628;0;3
1982-02-14 11:00:00Z;73.265;0;3
1982-02-15 11:00:00Z;39.04865;0;3
1982-02-16 11:00:00Z;21.06212;0;3
1982-02-17 11:00:00Z;14.78232;0;3
1982-02-18 11:00:00Z;9.977013;0;3
1982-02-19 11:00:00Z;7.802749;0;3
1982-02-20 11:00:00Z;6.412881;0;3
1982-02-21 11:00:00Z;5.591575;0;3
1982-02-22 11:00:00Z;5.992111;0;3
1982-02-23 11:00:00Z;5.591575;0;3
1982-02-24 11:00:00Z;5.591575;0;3
1982-02-25 11:00:00Z;5.591575;0;3
1982-02-26 11:00:00Z;4.409753;0;3
1982-02-27 11:00:00Z;3.643716;0;3
1982-02-28 11:00:00Z;2.990656;0;3
1982-03-01 11:00:00Z;5.303548;0;3
1982-03-02 11:00:00Z;17.279;0;3
1982-03-03 11:00:00Z;23.16146;0;3
1982-03-04 11:00:00Z;37.4906;0;3
1982-03-05 11:00:00Z;13.26939;0;3
1982-03-06 11:00:00Z;8.841879;0;3
1982-03-07 11:00:00Z;6.854502;0;3
1982-03-08 11:00:00Z;6.412881;0;3
1982-03-09 11:00:00Z;5.303548;0;3
1982-03-10 11:00:00Z;5.303548;0;3
1982-03-11 11:00:00Z;5.591575;0;3
1982-03-12 11:00:00Z;5.303548;0;3
1982-03-13 11:00:00Z;7.317581;0;3
1982-03-14 11:00:00Z;7.317581;0;3
1982-03-15 11:00:00Z;6.854502;0;3
1982-03-16 11:00:00Z;14.78232;0;3
1982-03-17 11:00:00Z;14.78232;0;3
1982-03-18 11:00:00Z;11.87117;0;3
1982-03-19 11:00:00Z;9.397121;0;3
1982-03-20 11:00:00Z;7.802749;0;3
1982-03-21 11:00:00Z;6.412881;0;3
1982-03-22 11:00:00Z;5.591575;0;3
1982-03-23 11:00:00Z;5.591575;0;3
1982-03-24 11:00:00Z;5.992111;0;3
1982-03-25 11:00:00Z;8.841879;0;3
1982-03-26 11:00:00Z;16.41553;0;3
1982-03-27 11:00:00Z;21.06212;0;3
1982-03-28 11:00:00Z;18.17467;0;3
1982-03-29 11:00:00Z;15.58354;0;3
1982-03-30 11:00:00Z;14.01116;0;3
1982-03-31 11:00:00Z;9.397121;0;3
1982-04-01 11:00:00Z;14.01116;0;3
1982-04-02 11:00:00Z;19.10326;0;3
1982-04-03 11:00:00Z;18.17467;0;3
1982-04-04 11:00:00Z;21.06212;0;3
1982-04-05 11:00:00Z;25.40726;0;3
1982-04-06 11:00:00Z;23.16146;0;3
1982-04-07 11:00:00Z;27.8056;0;3
1982-04-08 11:00:00Z;44.00234;0;3
1982-04-09 11:00:00Z;22.09385;0;3
1982-04-10 11:00:00Z;14.78232;0;3
1982-04-11 11:00:00Z;11.21337;0;3
1982-04-12 11:00:00Z;9.397121;0;3
1982-04-13 11:00:00Z;8.310637;0;3
1982-04-14 11:00:00Z;7.802749;0;3
1982-04-15 11:00:00Z;9.397121;0;3
1982-04-16 11:00:00Z;11.21337;0;3
1982-04-17 11:00:00Z;33.08457;0;3
1982-04-18 11:00:00Z;24.26567;0;3
1982-04-19 11:00:00Z;24.26567;0;3
1982-04-20 11:00:00Z;30.36262;0;3
1982-04-21 11:00:00Z;31.70259;0;3
1982-04-22 11:00:00Z;25.40726;0;3
1982-04-23 11:00:00Z;21.06212;0;3
1982-04-24 11:00:00Z;22.09385;0;3
1982-04-25 11:00:00Z;20.0655;0;3
1982-04-26 11:00:00Z;31.70259;0;3
1982-04-27 11:00:00Z;39.04865;0;3
1982-04-28 11:00:00Z;51.2905;0;3
1982-04-29 11:00:00Z;44.00234;0;3
1982-04-30 11:00:00Z;23.16146;0;3
1982-05-01 11:00:00Z;18.17467;0;3
1982-05-02 11:00:00Z;17.279;0;3
1982-05-03 11:00:00Z;19.10326;0;3
1982-05-04 11:00:00Z;29.06389;0;3
1982-05-05 11:00:00Z;40.65275;0;3
1982-05-06 11:00:00Z;27.8056;0;3
1982-05-07 11:00:00Z;25.40726;0;3
1982-05-08 11:00:00Z;21.06212;0;3
1982-05-09 11:00:00Z;21.06212;0;3
1982-05-10 11:00:00Z;24.26567;0;3
1982-05-11 11:00:00Z;23.16146;0;3
1982-05-12 11:00:00Z;29.06389;0;3
1982-05-13 11:00:00Z;34.50937;0;3
1982-05-14 11:00:00Z;49.39275;0;3
1982-05-15 11:00:00Z;47.54604;0;3
1982-05-16 11:00:00Z;47.54604;0;3
1982-05-17 11:00:00Z;49.39275;0;3
1982-05-18 11:00:00Z;55.24253;0;3
1982-05-19 11:00:00Z;53.24014;0;3
1982-05-20 11:00:00Z;49.39275;0;3
1982-05-21 11:00:00Z;25.40726;0;3
1982-05-22 11:00:00Z;29.06389;0;3
1982-05-23 11:00:00Z;45.74953;0;3
1982-05-24 11:00:00Z;78.57465;0;3
1982-05-25 11:00:00Z;35.97778;0;3
1982-05-26 11:00:00Z;73.265;0;3
1982-05-27 11:00:00Z;40.65275;0;3
1982-05-28 11:00:00Z;49.39275;0;3
1982-05-29 11:00:00Z;39.04865;0;3
1982-05-30 11:00:00Z;22.09385;0;3
1982-05-31 11:00:00Z;21.06212;0;3
1982-06-01 11:00:00Z;15.58354;0;3
1982-06-02 11:00:00Z;11.87117;0;3
1982-06-03 11:00:00Z;11.21337;0;3
1982-06-04 11:00:00Z;9.977013;0;3
1982-06-05 11:00:00Z;9.397121;0;3
1982-06-06 11:00:00Z;8.310637;0;3
1982-06-07 11:00:00Z;7.802749;0;3
1982-06-08 11:00:00Z;7.317581;0;3
1982-06-09 11:00:00Z;5.992111;0;3
1982-06-10 11:00:00Z;5.303548;0;3
1982-06-11 11:00:00Z;4.409753;0;3
1982-06-12 11:00:00Z;3.643716;0;3
1982-06-13 11:00:00Z;3.643716;0;3
1982-06-14 11:00:00Z;3.643716;0;3
1982-06-15 11:00:00Z;4.409753;0;3
1982-06-16 11:00:00Z;4.409753;0;3
1982-06-17 11:00:00Z;3.643716;0;3
1982-06-18 11:00:00Z;3.643716;0;3
1982-06-19 11:00:00Z;3.643716;0;3
1982-06-20 11:00:00Z;4.409753;0;3
1982-06-21 11:00:00Z;3.643716;0;3
1982-06-22 11:00:00Z;3.643716;0;3
1982-06-23 11:00:00Z;2.990656;0;3
1982-06-24 11:00:00Z;3.643716;0;3
1982-06-25 11:00:00Z;3.643716;0;3
1982-06-26 11:00:00Z;3.643716;0;3
1982-06-27 11:00:00Z;3.643716;0;3
1982-06-28 11:00:00Z;3.643716;0;3
1982-06-29 11:00:00Z;8.841879;0;3
1982-06-30 11:00:00Z;11.21337;0;3
1982-07-01 11:00:00Z;6.854502;0;3
1982-07-02 11:00:00Z;5.591575;0;3
1982-07-03 11:00:00Z;5.591575;0;3
1982-07-04 11:00:00Z;12.55628;0;3
1982-07-05 11:00:00Z;8.841879;0;3
1982-07-06 11:00:00Z;6.854502;0;3
1982-07-07 11:00:00Z;5.591575;0;3
1982-07-08 11:00:00Z;5.303548;0;3
1982-07-09 11:00:00Z;5.303548;0;3
1982-07-10 11:00:00Z;3.643716;0;3
1982-07-11 11:00:00Z;3.643716;0;3
1982-07-12 11:00:00Z;3.643716;0;3
1982-07-13 11:00:00Z;3.643716;0;3
1982-07-14 11:00:00Z;3.643716;0;3
1982-07-15 11:00:00Z;3.643716;0;3
1982-07-16 11:00:00Z;3.643716;0;3
1982-07-17 11:00:00Z;4.409753;0;3
1982-07-18 11:00:00Z;4.409753;0;3
1982-07-19 11:00:00Z;3.643716;0;3
1982-07-20 11:00:00Z;3.643716;0;3
1982-07-21 11:00:00Z;2.990656;0;3
1982-07-22 11:00:00Z;5.303548;0;3
1982-07-23 11:00:00Z;3.643716;0;3
1982-07-24 11:00:00Z;3.643716;0;3
1982-07-25 11:00:00Z;2.990656;0;3
1982-07-26 11:00:00Z;2.990656;0;3
1982-07-27 11:00:00Z;2.990656;0;3
1982-07-28 11:00:00Z;2.990656;0;3
1982-07-29 11:00:00Z;3.643716;0;3
1982-07-30 11:00:00Z;3.643716;0;3
1982-07-31 11:00:00Z;3.643716;0;3
1982-08-01 11:00:00Z;3.643716;0;3
1982-08-02 11:00:00Z;3.643716;0;3
1982-08-03 11:00:00Z;3.643716;0;3
1982-08-04 11:00:00Z;3.643716;0;3
1982-08-05 11:00:00Z;3.643716;0;3
1982-08-06 11:00:00Z;3.643716;0;3
1982-08-07 11:00:00Z;3.643716;0;3
1982-08-08 11:00:00Z;3.643716;0;3
1982-08-09 11:00:00Z;3.643716;0;3
1982-08-10 11:00:00Z;3.643716;0;3
1982-08-11 11:00:00Z;3.643716;0;3
1982-08-12 11:00:00Z;3.643716;0;3
1982-08-13 11:00:00Z;4.409753;0;3
1982-08-14 11:00:00Z;4.409753;0;3
1982-08-15 11:00:00Z;4.409753;0;3
1982-08-16 11:00:00Z;3.643716;0;3
1982-08-17 11:00:00Z;3.643716;0;3
1982-08-18 11:00:00Z;5.591575;0;3
1982-08-19 11:00:00Z;6.854502;0;3
1982-08-20 11:00:00Z;11.21337;0;3
1982-08-21 11:00:00Z;8.310637;0;3
1982-08-22 11:00:00Z;6.854502;0;3
1982-08-23 11:00:00Z;6.412881;0;3
1982-08-24 11:00:00Z;7.802749;0;3
1982-08-25 11:00:00Z;12.55628;0;3
1982-08-26 11:00:00Z;26.58699;0;3
1982-08-27 11:00:00Z;51.2905;0;3
1982-08-28 11:00:00Z;29.06389;0;3
1982-08-29 11:00:00Z;16.41553;0;3
1982-08-30 11:00:00Z;39.04865;0;3
1982-08-31 11:00:00Z;61.57483;0;3
1982-09-01 11:00:00Z;23.16146;0;3
1982-09-02 11:00:00Z;15.58354;0;3
1982-09-03 11:00:00Z;25.40726;0;3
1982-09-04 11:00:00Z;78.57465;0;3
1982-09-05 11:00:00Z;37.4906;0;3
1982-09-06 11:00:00Z;17.279;0;3
1982-09-07 11:00:00Z;11.87117;0;3
1982-09-08 11:00:00Z;26.58699;0;3
1982-09-09 11:00:00Z;53.24014;0;3
1982-09-10 11:00:00Z;21.06212;0;3
1982-09-11 11:00:00Z;15.58354;0;3
1982-09-12 11:00:00Z;20.0655;0;3
1982-09-13 11:00:00Z;17.279;0;3
1982-09-14 11:00:00Z;14.78232;0;3
1982-09-15 11:00:00Z;11.87117;0;3
1982-09-16 11:00:00Z;9.397121;0;3
1982-09-17 11:00:00Z;8.310637;0;3
1982-09-18 11:00:00Z;6.854502;0;3
1982-09-19 11:00:00Z;6.412881;0;3
1982-09-20 11:00:00Z;8.841879;0;3
1982-09-21 11:00:00Z;68.41315;0;3
1982-09-22 11:00:00Z;39.04865;0;3
1982-09-23 11:00:00Z;23.16146;0;3
1982-09-24 11:00:00Z;31.70259;0;3
1982-09-25 11:00:00Z;39.04865;0;3
1982-09-26 11:00:00Z;26.58699;0;3
1982-09-27 11:00:00Z;116.3304;0;3
1982-09-28 11:00:00Z;70.8092;0;3
1982-09-29 11:00:00Z;53.24014;0;3
1982-09-30 11:00:00Z;90.73545;0;3
1982-10-01 11:00:00Z;68.41315;0;3
1982-10-02 11:00:00Z;25.40726;0;3
1982-10-03 11:00:00Z;15.58354;0;3
1982-10-04 11:00:00Z;12.55628;0;3
1982-10-05 11:00:00Z;11.21337;0;3
1982-10-06 11:00:00Z;9.397121;0;3
1982-10-07 11:00:00Z;8.841879;0;3
1982-10-08 11:00:00Z;8.310637;0;3
1982-10-09 11:00:00Z;7.317581;0;3
1982-10-10 11:00:00Z;6.412881;0;3
1982-10-11 11:00:00Z;5.992111;0;3
1982-10-12 11:00:00Z;5.303548;0;3
1982-10-13 11:00:00Z;5.303548;0;3
1982-10-14 11:00:00Z;5.303548;0;3
1982-10-15 11:00:00Z;5.303548;0;3
1982-10-16 11:00:00Z;4.409753;0;3
1982-10-17 11:00:00Z;4.409753;0;3
1982-10-18 11:00:00Z;5.992111;0;3
1982-10-19 11:00:00Z;15.58354;0;3
1982-10-20 11:00:00Z;127.6158;0;3
1982-10-21 11:00:00Z;81.51962;0;3
1982-10-22 11:00:00Z;29.06389;0;3
1982-10-23 11:00:00Z;26.58699;0;3
1982-10-24 11:00:00Z;21.06212;0;3
1982-10-25 11:00:00Z;14.01116;0;3
1982-10-26 11:00:00Z;14.01116;0;3
1982-10-27 11:00:00Z;40.65275;0;3
1982-10-28 11:00:00Z;29.06389;0;3
1982-10-29 11:00:00Z;17.279;0;3
1982-10-30 11:00:00Z;11.21337;0;3
1982-10-31 11:00:00Z;11.87117;0;3
1982-11-01 11:00:00Z;24.26567;0;3
1982-11-02 11:00:00Z;39.04865;0;3
1982-11-03 11:00:00Z;21.06212;0;3
1982-11-04 11:00:00Z;14.78232;0;3
1982-11-05 11:00:00Z;11.21337;0;3
1982-11-06 11:00:00Z;8.841879;0;3
1982-11-07 11:00:00Z;7.317581;0;3
1982-11-08 11:00:00Z;6.412881;0;3
1982-11-09 11:00:00Z;9.977013;0;3
1982-11-10 11:00:00Z;37.4906;0;3
1982-11-11 11:00:00Z;84.52782;0;3
1982-11-12 11:00:00Z;114.5084;0;3
1982-11-13 11:00:00Z;147.7902;0;3
1982-11-14 11:00:00Z;39.04865;0;3
1982-11-15 11:00:00Z;20.0655;0;3
1982-11-16 11:00:00Z;20.0655;0;3
1982-11-17 11:00:00Z;34.50937;0;3
1982-11-18 11:00:00Z;20.0655;0;3
1982-11-19 11:00:00Z;17.279;0;3
1982-11-20 11:00:00Z;73.265;0;3
1982-11-21 11:00:00Z;29.06389;0;3
1982-11-22 11:00:00Z;135.4791;0;3
1982-11-23 11:00:00Z;123.7864;0;3
1982-11-24 11:00:00Z;129.556;0;3
1982-11-25 11:00:00Z;84.52782;0;3
1982-11-26 11:00:00Z;57.29853;0;3
1982-11-27 11:00:00Z;37.4906;0;3
1982-11-28 11:00:00Z;26.58699;0;3
1982-11-29 11:00:00Z;19.10326;0;3
1982-11-30 11:00:00Z;14.78232;0;3
1982-12-01 11:00:00Z;11.87117;0;3
1982-12-02 11:00:00Z;7.802749;0;3
1982-12-03 11:00:00Z;9.397121;0;3
1982-12-04 11:00:00Z;8.310637;0;3
1982-12-05 11:00:00Z;9.397121;0;3
1982-12-06 11:00:00Z;45.74953;0;3
1982-12-07 11:00:00Z;21.06212;0;3
1982-12-08 11:00:00Z;12.55628;0;3
1982-12-09 11:00:00Z;10.58221;0;3
1982-12-10 11:00:00Z;9.397121;0;3
1982-12-11 11:00:00Z;8.310637;0;3
1982-12-12 11:00:00Z;7.317581;0;3
1982-12-13 11:00:00Z;5.591575;0;3
1982-12-14 11:00:00Z;5.303548;0;3
1982-12-15 11:00:00Z;11.87117;0;3
1982-12-16 11:00:00Z;26.58699;0;3
1982-12-17 11:00:00Z;13.26939;0;3
1982-12-18 11:00:00Z;9.397121;0;3
1982-12-19 11:00:00Z;8.841879;0;3
1982-12-20 11:00:00Z;11.87117;0;3
1982-12-21 11:00:00Z;24.26567;0;3
1982-12-22 11:00:00Z;24.26567;0;3
1982-12-23 11:00:00Z;14.01116;0;3
1982-12-24 11:00:00Z;11.21337;0;3
1982-12-25 11:00:00Z;14.01116;0;3
1982-12-26 11:00:00Z;26.58699;0;3
1982-12-27 11:00:00Z;31.70259;0;3
1982-12-28 11:00:00Z;22.09385;0;3
1982-12-29 11:00:00Z;14.01116;0;3
1982-12-30 11:00:00Z;11.21337;0;3
1982-12-31 11:00:00Z;10.58221;0;3
1983-01-01 11:00:00Z;21.06212;0;3
1983-01-02 11:00:00Z;63.79687;0;3
1983-01-03 11:00:00Z;33.08457;0;3
1983-01-04 11:00:00Z;37.4906;0;3
1983-01-05 11:00:00Z;33.08457;0;3
1983-01-06 11:00:00Z;116.3304;0;3
1983-01-07 11:00:00Z;98.85735;0;3
1983-01-08 11:00:00Z;39.04865;0;3
1983-01-09 11:00:00Z;42.3037;0;3
1983-01-10 11:00:00Z;47.54604;0;3
1983-01-11 11:00:00Z;66.07602;0;3
1983-01-12 11:00:00Z;123.7864;0;3
1983-01-13 11:00:00Z;133.4876;0;3
1983-01-14 11:00:00Z;47.54604;0;3
1983-01-15 11:00:00Z;24.26567;0;3
1983-01-16 11:00:00Z;16.41553;0;3
1983-01-17 11:00:00Z;12.55628;0;3
1983-01-18 11:00:00Z;51.2905;0;3
1983-01-19 11:00:00Z;25.40726;0;3
1983-01-20 11:00:00Z;15.58354;0;3
1983-01-21 11:00:00Z;39.04865;0;3
1983-01-22 11:00:00Z;114.5084;0;3
1983-01-23 11:00:00Z;87.59965;0;3
1983-01-24 11:00:00Z;40.65275;0;3
1983-01-25 11:00:00Z;53.24014;0;3
1983-01-26 11:00:00Z;73.265;0;3
1983-01-27 11:00:00Z;127.6158;0;3
1983-01-28 11:00:00Z;98.85735;0;3
1983-01-29 11:00:00Z;51.2905;0;3
1983-01-30 11:00:00Z;39.04865;0;3
1983-01-31 11:00:00Z;21.06212;0;3
1983-02-01 11:00:00Z;14.01116;0;3
1983-02-02 11:00:00Z;11.21337;0;3
1983-02-03 11:00:00Z;9.397121;0;3
1983-02-04 11:00:00Z;8.310637;0;3
1983-02-05 11:00:00Z;7.802749;0;3
1983-02-06 11:00:00Z;7.802749;0;3
1983-02-07 11:00:00Z;6.854502;0;3
1983-02-08 11:00:00Z;5.591575;0;3
1983-02-09 11:00:00Z;4.409753;0;3
1983-02-10 11:00:00Z;5.303548;0;3
1983-02-11 11:00:00Z;5.591575;0;3
1983-02-12 11:00:00Z;5.992111;0;3
1983-02-13 11:00:00Z;5.992111;0;3
1983-02-14 11:00:00Z;5.992111;0;3
1983-02-15 11:00:00Z;5.992111;0;3
1983-02-16 11:00:00Z;5.591575;0;3
1983-02-17 11:00:00Z;5.591575;0;3
1983-02-18 11:00:00Z;5.591575;0;3
1983-02-19 11:00:00Z;5.303548;0;3
1983-02-20 11:00:00Z;5.303548;0;3
1983-02-21 11:00:00Z;5.303548;0;3
1983-02-22 11:00:00Z;5.303548;0;3
1983-02-23 11:00:00Z;3.643716;0;3
1983-02-24 11:00:00Z;2.990656;0;3
1983-02-25 11:00:00Z;2.990656;0;3
1983-02-26 11:00:00Z;2.990656;0;3
1983-02-27 11:00:00Z;2.437073;0;3
1983-02-28 11:00:00Z;2.437073;0;3
1983-03-01 11:00:00Z;2.437073;0;3
1983-03-02 11:00:00Z;1.970676;0;3
1983-03-03 11:00:00Z;1.970676;0;3
1983-03-04 11:00:00Z;2.990656;0;3
1983-03-05 11:00:00Z;5.303548;0;3
1983-03-06 11:00:00Z;24.26567;0;3
1983-03-07 11:00:00Z;75.69255;0;3
1983-03-08 11:00:00Z;31.70259;0;3
1983-03-09 11:00:00Z;59.40901;0;3
1983-03-10 11:00:00Z;68.41315;0;3
1983-03-11 11:00:00Z;33.08457;0;3
1983-03-12 11:00:00Z;17.279;0;3
1983-03-13 11:00:00Z;11.87117;0;3
1983-03-14 11:00:00Z;9.977013;0;3
1983-03-15 11:00:00Z;8.841879;0;3
1983-03-16 11:00:00Z;9.977013;0;3
1983-03-17 11:00:00Z;10.58221;0;3
1983-03-18 11:00:00Z;15.58354;0;3
1983-03-19 11:00:00Z;18.17467;0;3
1983-03-20 11:00:00Z;14.01116;0;3
1983-03-21 11:00:00Z;12.55628;0;3
1983-03-22 11:00:00Z;11.87117;0;3
1983-03-23 11:00:00Z;9.977013;0;3
1983-03-24 11:00:00Z;8.310637;0;3
1983-03-25 11:00:00Z;7.317581;0;3
1983-03-26 11:00:00Z;5.992111;0;3
1983-03-27 11:00:00Z;5.992111;0;3
1983-03-28 11:00:00Z;5.591575;0;3
1983-03-29 11:00:00Z;5.303548;0;3
1983-03-30 11:00:00Z;5.303548;0;3
1983-03-31 11:00:00Z;5.303548;0;3
1983-04-01 11:00:00Z;5.591575;0;3
1983-04-02 11:00:00Z;5.591575;0;3
1983-04-03 11:00:00Z;5.303548;0;3
1983-04-04 11:00:00Z;5.303548;0;3
1983-04-05 11:00:00Z;5.303548;0;3
1983-04-06 11:00:00Z;4.409753;0;3
1983-04-07 11:00:00Z;4.409753;0;3
1983-04-08 11:00:00Z;3.643716;0;3
1983-04-09 11:00:00Z;3.643716;0;3
1983-04-10 11:00:00Z;4.409753;0;3
1983-04-11 11:00:00Z;4.409753;0;3
1983-04-12 11:00:00Z;5.303548;0;3
1983-04-13 11:00:00Z;5.303548;0;3
1983-04-14 11:00:00Z;5.303548;0;3
1983-04-15 11:00:00Z;5.992111;0;3
1983-04-16 11:00:00Z;8.841879;0;3
1983-04-17 11:00:00Z;10.58221;0;3
1983-04-18 11:00:00Z;29.06389;0;3
1983-04-19 11:00:00Z;27.8056;0;3
1983-04-20 11:00:00Z;83.0158;0;3
1983-04-21 11:00:00Z;51.2905;0;3
1983-04-22 11:00:00Z;35.97778;0;3
1983-04-23 11:00:00Z;45.74953;0;3
1983-04-24 11:00:00Z;31.70259;0;3
1983-04-25 11:00:00Z;42.3037;0;3
1983-04-26 11:00:00Z;39.04865;0;3
1983-04-27 11:00:00Z;35.97778;0;3
1983-04-28 11:00:00Z;51.2905;0;3
1983-04-29 11:00:00Z;44.00234;0;3
1983-04-30 11:00:00Z;27.8056;0;3
1983-05-01 11:00:00Z;21.06212;0;3
1983-05-02 11:00:00Z;17.279;0;3
1983-05-03 11:00:00Z;18.17467;0;3
1983-05-04 11:00:00Z;18.17467;0;3
1983-05-05 11:00:00Z;15.58354;0;3
1983-05-06 11:00:00Z;13.26939;0;3
1983-05-07 11:00:00Z;13.26939;0;3
1983-05-08 11:00:00Z;19.10326;0;3
1983-05-09 11:00:00Z;34.50937;0;3
1983-05-10 11:00:00Z;40.65275;0;3
1983-05-11 11:00:00Z;66.07602;0;3
1983-05-12 11:00:00Z;22.09385;0;3
1983-05-13 11:00:00Z;14.78232;0;3
1983-05-14 11:00:00Z;17.279;0;3
1983-05-15 11:00:00Z;29.06389;0;3
1983-05-16 11:00:00Z;22.09385;0;3
1983-05-17 11:00:00Z;33.08457;0;3
1983-05-18 11:00:00Z;34.50937;0;3
1983-05-19 11:00:00Z;39.04865;0;3
1983-05-20 11:00:00Z;29.06389;0;3
1983-05-21 11:00:00Z;19.10326;0;3
1983-05-22 11:00:00Z;51.2905;0;3
1983-05-23 11:00:00Z;61.57483;0;3
1983-05-24 11:00:00Z;33.08457;0;3
1983-05-25 11:00:00Z;19.10326;0;3
1983-05-26 11:00:00Z;25.40726;0;3
1983-05-27 11:00:00Z;47.54604;0;3
1983-05-28 11:00:00Z;44.00234;0;3
1983-05-29 11:00:00Z;23.16146;0;3
1983-05-30 11:00:00Z;18.17467;0;3
1983-05-31 11:00:00Z;22.09385;0;3
1983-06-01 11:00:00Z;18.17467;0;3
1983-06-02 11:00:00Z;12.55628;0;3
1983-06-03 11:00:00Z;34.50937;0;3
1983-06-04 11:00:00Z;20.0655;0;3
1983-06-05 11:00:00Z;14.78232;0;3
1983-06-06 11:00:00Z;11.87117;0;3
1983-06-07 11:00:00Z;9.977013;0;3
1983-06-08 11:00:00Z;8.310637;0;3
1983-06-09 11:00:00Z;7.802749;0;3
1983-06-10 11:00:00Z;7.317581;0;3
1983-06-11 11:00:00Z;7.317581;0;3
1983-06-12 11:00:00Z;6.412881;0;3
1983-06-13 11:00:00Z;5.992111;0;3
1983-06-14 11:00:00Z;5.591575;0;3
1983-06-15 11:00:00Z;7.317581;0;3
1983-06-16 11:00:00Z;16.41553;0;3
1983-06-17 11:00:00Z;10.58221;0;3
1983-06-18 11:00:00Z;7.802749;0;3
1983-06-19 11:00:00Z;5.992111;0;3
1983-06-20 11:00:00Z;5.992111;0;3
1983-06-21 11:00:00Z;5.992111;0;3
1983-06-22 11:00:00Z;5.591575;0;3
1983-06-23 11:00:00Z;5.303548;0;3
1983-06-24 11:00:00Z;4.409753;0;3
1983-06-25 11:00:00Z;5.303548;0;3
1983-06-26 11:00:00Z;4.409753;0;3
1983-06-27 11:00:00Z;4.409753;0;3
1983-06-28 11:00:00Z;4.409753;0;3
1983-06-29 11:00:00Z;4.409753;0;3
1983-06-30 11:00:00Z;4.409753;0;3
1983-07-01 11:00:00Z;6.854502;0;3
1983-07-02 11:00:00Z;7.802749;0;3
1983-07-03 11:00:00Z;9.397121;0;3
1983-07-04 11:00:00Z;18.17467;0;3
1983-07-05 11:00:00Z;11.87117;0;3
1983-07-06 11:00:00Z;8.841879;0;3
1983-07-07 11:00:00Z;7.802749;0;3
1983-07-08 11:00:00Z;6.854502;0;3
1983-07-09 11:00:00Z;6.412881;0;3
1983-07-10 11:00:00Z;5.992111;0;3
1983-07-11 11:00:00Z;5.591575;0;3
1983-07-12 11:00:00Z;5.591575;0;3
1983-07-13 11:00:00Z;5.591575;0;3
1983-07-14 11:00:00Z;5.303548;0;3
1983-07-15 11:00:00Z;12.55628;0;3
1983-07-16 11:00:00Z;6.412881;0;3
1983-07-17 11:00:00Z;14.01116;0;3
1983-07-18 11:00:00Z;10.58221;0;3
1983-07-19 11:00:00Z;14.78232;0;3
1983-07-20 11:00:00Z;6.854502;0;3
1983-07-21 11:00:00Z;5.992111;0;3
1983-07-22 11:00:00Z;5.591575;0;3
1983-07-23 11:00:00Z;5.303548;0;3
1983-07-24 11:00:00Z;5.303548;0;3
1983-07-25 11:00:00Z;5.303548;0;3
1983-07-26 11:00:00Z;5.303548;0;3
1983-07-27 11:00:00Z;5.303548;0;3
1983-07-28 11:00:00Z;5.303548;0;3
1983-07-29 11:00:00Z;4.409753;0;3
1983-07-30 11:00:00Z;4.409753;0;3
1983-07-31 11:00:00Z;4.409753;0;3
1983-08-01 11:00:00Z;5.303548;0;3
1983-08-02 11:00:00Z;5.992111;0;3
1983-08-03 11:00:00Z;6.854502;0;3
1983-08-04 11:00:00Z;5.992111;0;3
1983-08-05 11:00:00Z;5.303548;0;3
1983-08-06 11:00:00Z;5.303548;0;3
1983-08-07 11:00:00Z;4.409753;0;3
1983-08-08 11:00:00Z;4.409753;0;3
1983-08-09 11:00:00Z;4.409753;0;3
1983-08-10 11:00:00Z;3.643716;0;3
1983-08-11 11:00:00Z;4.409753;0;3
1983-08-12 11:00:00Z;4.409753;0;3
1983-08-13 11:00:00Z;5.303548;0;3
1983-08-14 11:00:00Z;5.303548;0;3
1983-08-15 11:00:00Z;5.303548;0;3
1983-08-16 11:00:00Z;5.303548;0;3
1983-08-17 11:00:00Z;5.992111;0;3
1983-08-18 11:00:00Z;5.591575;0;3
1983-08-19 11:00:00Z;5.303548;0;3
1983-08-20 11:00:00Z;5.303548;0;3
1983-08-21 11:00:00Z;5.303548;0;3
1983-08-22 11:00:00Z;5.303548;0;3
1983-08-23 11:00:00Z;4.409753;0;3
1983-08-24 11:00:00Z;4.409753;0;3
1983-08-25 11:00:00Z;4.409753;0;3
1983-08-26 11:00:00Z;3.643716;0;3
1983-08-27 11:00:00Z;4.409753;0;3
1983-08-28 11:00:00Z;3.643716;0;3
1983-08-29 11:00:00Z;3.643716;0;3
1983-08-30 11:00:00Z;3.643716;0;3
1983-08-31 11:00:00Z;3.643716;0;3
1983-09-01 11:00:00Z;4.409753;0;3
1983-09-02 11:00:00Z;4.409753;0;3
1983-09-03 11:00:00Z;4.409753;0;3
1983-09-04 11:00:00Z;5.303548;0;3
1983-09-05 11:00:00Z;5.992111;0;3
1983-09-06 11:00:00Z;8.841879;0;3
1983-09-07 11:00:00Z;11.87117;0;3
1983-09-08 11:00:00Z;8.310637;0;3
1983-09-09 11:00:00Z;6.412881;0;3
1983-09-10 11:00:00Z;8.310637;0;3
1983-09-11 11:00:00Z;73.265;0;3
1983-09-12 11:00:00Z;51.2905;0;3
1983-09-13 11:00:00Z;21.06212;0;3
1983-09-14 11:00:00Z;14.01116;0;3
1983-09-15 11:00:00Z;11.21337;0;3
1983-09-16 11:00:00Z;22.09385;0;3
1983-09-17 11:00:00Z;68.41315;0;3
1983-09-18 11:00:00Z;29.06389;0;3
1983-09-19 11:00:00Z;27.8056;0;3
1983-09-20 11:00:00Z;89.15953;0;3
1983-09-21 11:00:00Z;171.9964;0;3
1983-09-22 11:00:00Z;123.7864;0;3
1983-09-23 11:00:00Z;68.41315;0;3
1983-09-24 11:00:00Z;26.58699;0;3
1983-09-25 11:00:00Z;13.26939;0;3
1983-09-26 11:00:00Z;14.01116;0;3
1983-09-27 11:00:00Z;11.87117;0;3
1983-09-28 11:00:00Z;8.841879;0;3
1983-09-29 11:00:00Z;7.802749;0;3
1983-09-30 11:00:00Z;6.412881;0;3
1983-10-01 11:00:00Z;5.992111;0;3
1983-10-02 11:00:00Z;5.303548;0;3
1983-10-03 11:00:00Z;5.303548;0;3
1983-10-04 11:00:00Z;5.303548;0;3
1983-10-05 11:00:00Z;7.317581;0;3
1983-10-06 11:00:00Z;30.36262;0;3
1983-10-07 11:00:00Z;18.17467;0;3
1983-10-08 11:00:00Z;12.55628;0;3
1983-10-09 11:00:00Z;10.58221;0;3
1983-10-10 11:00:00Z;8.841879;0;3
1983-10-11 11:00:00Z;22.09385;0;3
1983-10-12 11:00:00Z;51.2905;0;3
1983-10-13 11:00:00Z;35.97778;0;3
1983-10-14 11:00:00Z;95.55996;0;3
1983-10-15 11:00:00Z;90.73545;0;3
1983-10-16 11:00:00Z;447.4323;0;3
1983-10-17 11:00:00Z;386.0449;0;3
1983-10-18 11:00:00Z;308.0449;0;3
1983-10-19 11:00:00Z;340.4537;0;3
1983-10-20 11:00:00Z;285.0291;0;3
1983-10-21 11:00:00Z;222.4157;0;3
1983-10-22 11:00:00Z;98.85735;0;3
1983-10-23 11:00:00Z;25.40726;0;3
1983-10-24 11:00:00Z;14.78232;0;3
1983-10-25 11:00:00Z;19.10326;0;3
1983-10-26 11:00:00Z;84.52782;0;3
1983-10-27 11:00:00Z;75.69255;0;3
1983-10-28 11:00:00Z;68.41315;0;3
1983-10-29 11:00:00Z;66.07602;0;3
1983-10-30 11:00:00Z;24.26567;0;3
1983-10-31 11:00:00Z;176.6283;0;3
1983-11-01 11:00:00Z;112.7031;0;3
1983-11-02 11:00:00Z;152.033;0;3
1983-11-03 11:00:00Z;169.7073;0;3
1983-11-04 11:00:00Z;181.3319;0;3
1983-11-05 11:00:00Z;118.1692;0;3
1983-11-06 11:00:00Z;66.07602;0;3
1983-11-07 11:00:00Z;14.01116;0;3
1983-11-08 11:00:00Z;8.310637;0;3
1983-11-09 11:00:00Z;6.412881;0;3
1983-11-10 11:00:00Z;5.992111;0;3
1983-11-11 11:00:00Z;6.854502;0;3
1983-11-12 11:00:00Z;5.992111;0;3
1983-11-13 11:00:00Z;5.303548;0;3
1983-11-14 11:00:00Z;4.409753;0;3
1983-11-15 11:00:00Z;3.643716;0;3
1983-11-16 11:00:00Z;3.643716;0;3
1983-11-17 11:00:00Z;3.643716;0;3
1983-11-18 11:00:00Z;2.437073;0;3
1983-11-19 11:00:00Z;2.437073;0;3
1983-11-20 11:00:00Z;9.977013;0;3
1983-11-21 11:00:00Z;9.977013;0;3
1983-11-22 11:00:00Z;6.412881;0;3
1983-11-23 11:00:00Z;5.992111;0;3
1983-11-24 11:00:00Z;5.591575;0;3
1983-11-25 11:00:00Z;5.303548;0;3
1983-11-26 11:00:00Z;7.802749;0;3
1983-11-27 11:00:00Z;13.26939;0;3
1983-11-28 11:00:00Z;9.977013;0;3
1983-11-29 11:00:00Z;7.317581;0;3
1983-11-30 11:00:00Z;5.591575;0;3
1983-12-01 11:00:00Z;3.643716;0;3
1983-12-02 11:00:00Z;4.409753;0;3
1983-12-03 11:00:00Z;3.643716;0;3
1983-12-04 11:00:00Z;5.303548;0;3
1983-12-05 11:00:00Z;70.8092;0;3
1983-12-06 11:00:00Z;44.00234;0;3
1983-12-07 11:00:00Z;14.01116;0;3
1983-12-08 11:00:00Z;12.55628;0;3
1983-12-09 11:00:00Z;34.50937;0;3
1983-12-10 11:00:00Z;18.17467;0;3
1983-12-11 11:00:00Z;8.841879;0;3
1983-12-12 11:00:00Z;6.854502;0;3
1983-12-13 11:00:00Z;6.412881;0;3
1983-12-14 11:00:00Z;29.06389;0;3
1983-12-15 11:00:00Z;34.50937;0;3
1983-12-16 11:00:00Z;17.279;0;3
1983-12-17 11:00:00Z;10.58221;0;3
1983-12-18 11:00:00Z;3.643716;0;3
1983-12-19 11:00:00Z;5.591575;0;3
1983-12-20 11:00:00Z;5.591575;0;3
1983-12-21 11:00:00Z;5.303548;0;3
1983-12-22 11:00:00Z;5.303548;0;3
1983-12-23 11:00:00Z;5.591575;0;3
1983-12-24 11:00:00Z;5.591575;0;3
1983-12-25 11:00:00Z;5.303548;0;3
1983-12-26 11:00:00Z;8.310637;0;3
1983-12-27 11:00:00Z;8.841879;0;3
1983-12-28 11:00:00Z;100.5305;0;3
1983-12-29 11:00:00Z;42.3037;0;3
1983-12-30 11:00:00Z;73.265;0;3
1983-12-31 11:00:00Z;44.00234;0;3
1984-01-01 11:00:00Z;237.1822;0;3
1984-01-02 11:00:00Z;73.265;0;3
1984-01-03 11:00:00Z;29.06389;0;3
1984-01-04 11:00:00Z;18.17467;0;3
1984-01-05 11:00:00Z;12.55628;0;3
1984-01-06 11:00:00Z;12.55628;0;3
1984-01-07 11:00:00Z;11.21337;0;3
1984-01-08 11:00:00Z;9.397121;0;3
1984-01-09 11:00:00Z;6.412881;0;3
1984-01-10 11:00:00Z;6.412881;0;3
1984-01-11 11:00:00Z;18.17467;0;3
1984-01-12 11:00:00Z;31.70259;0;3
1984-01-13 11:00:00Z;30.36262;0;3
1984-01-14 11:00:00Z;29.06389;0;3
1984-01-15 11:00:00Z;15.58354;0;3
1984-01-16 11:00:00Z;11.87117;0;3
1984-01-17 11:00:00Z;9.397121;0;3
1984-01-18 11:00:00Z;6.854502;0;3
1984-01-19 11:00:00Z;5.992111;0;3
1984-01-20 11:00:00Z;5.591575;0;3
1984-01-21 11:00:00Z;5.303548;0;3
1984-01-22 11:00:00Z;5.992111;0;3
1984-01-23 11:00:00Z;5.992111;0;3
1984-01-24 11:00:00Z;5.992111;0;3
1984-01-25 11:00:00Z;5.992111;0;3
1984-01-26 11:00:00Z;5.992111;0;3
1984-01-27 11:00:00Z;5.992111;0;3
1984-01-28 11:00:00Z;5.591575;0;3
1984-01-29 11:00:00Z;5.303548;0;3
1984-01-30 11:00:00Z;3.643716;0;3
1984-01-31 11:00:00Z;2.990656;0;3
1984-02-01 11:00:00Z;2.437073;0;3
1984-02-02 11:00:00Z;1.970676;0;3
1984-02-03 11:00:00Z;1.970676;0;3
1984-02-04 11:00:00Z;1.970676;0;3
1984-02-05 11:00:00Z;2.990656;0;3
1984-02-06 11:00:00Z;3.643716;0;3
1984-02-07 11:00:00Z;3.643716;0;3
1984-02-08 11:00:00Z;3.643716;0;3
1984-02-09 11:00:00Z;2.990656;0;3
1984-02-10 11:00:00Z;2.990656;0;3
1984-02-11 11:00:00Z;2.990656;0;3
1984-02-12 11:00:00Z;2.437073;0;3
1984-02-13 11:00:00Z;2.437073;0;3
1984-02-14 11:00:00Z;2.437073;0;3
1984-02-15 11:00:00Z;2.990656;0;3
1984-02-16 11:00:00Z;2.437073;0;3
1984-02-17 11:00:00Z;2.437073;0;3
1984-02-18 11:00:00Z;2.437073;0;3
1984-02-19 11:00:00Z;1.970676;0;3
1984-02-20 11:00:00Z;1.970676;0;3
1984-02-21 11:00:00Z;1.970676;0;3
1984-02-22 11:00:00Z;1.580313;0;3
1984-02-23 11:00:00Z;1.580313;0;3
1984-02-24 11:00:00Z;1.580313;0;3
1984-02-25 11:00:00Z;1.580313;0;3
1984-02-26 11:00:00Z;1.255905;0;3
1984-02-27 11:00:00Z;1.255905;0;3
1984-02-28 11:00:00Z;1.580313;0;3
1984-02-29 11:00:00Z;1.580313;0;3
1984-03-01 11:00:00Z;2.990656;0;3
1984-03-02 11:00:00Z;3.643716;0;3
1984-03-03 11:00:00Z;2.990656;0;3
1984-03-04 11:00:00Z;2.437073;0;3
1984-03-05 11:00:00Z;2.437073;0;3
1984-03-06 11:00:00Z;4.409753;0;3
1984-03-07 11:00:00Z;6.854502;0;3
1984-03-08 11:00:00Z;5.591575;0;3
1984-03-09 11:00:00Z;4.409753;0;3
1984-03-10 11:00:00Z;4.409753;0;3
1984-03-11 11:00:00Z;4.409753;0;3
1984-03-12 11:00:00Z;3.643716;0;3
1984-03-13 11:00:00Z;3.643716;0;3
1984-03-14 11:00:00Z;3.643716;0;3
1984-03-15 11:00:00Z;2.990656;0;3
1984-03-16 11:00:00Z;2.990656;0;3
1984-03-17 11:00:00Z;2.990656;0;3
1984-03-18 11:00:00Z;3.643716;0;3
1984-03-19 11:00:00Z;3.643716;0;3
1984-03-20 11:00:00Z;2.990656;0;3
1984-03-21 11:00:00Z;2.437073;0;3
1984-03-22 11:00:00Z;1.970676;0;3
1984-03-23 11:00:00Z;1.970676;0;3
1984-03-24 11:00:00Z;1.970676;0;3
1984-03-25 11:00:00Z;1.580313;0;3
1984-03-26 11:00:00Z;1.970676;0;3
1984-03-27 11:00:00Z;1.970676;0;3
1984-03-28 11:00:00Z;1.970676;0;3
1984-03-29 11:00:00Z;1.970676;0;3
1984-03-30 11:00:00Z;1.970676;0;3
1984-03-31 11:00:00Z;1.970676;0;3
1984-04-01 11:00:00Z;1.580313;0;3
1984-04-02 11:00:00Z;1.970676;0;3
1984-04-03 11:00:00Z;1.970676;0;3
1984-04-04 11:00:00Z;1.970676;0;3
1984-04-05 11:00:00Z;1.970676;0;3
1984-04-06 11:00:00Z;4.409753;0;3
1984-04-07 11:00:00Z;6.412881;0;3
1984-04-08 11:00:00Z;11.87117;0;3
1984-04-09 11:00:00Z;18.17467;0;3
1984-04-10 11:00:00Z;17.279;0;3
1984-04-11 11:00:00Z;14.78232;0;3
1984-04-12 11:00:00Z;14.01116;0;3
1984-04-13 11:00:00Z;13.26939;0;3
1984-04-14 11:00:00Z;20.0655;0;3
1984-04-15 11:00:00Z;37.4906;0;3
1984-04-16 11:00:00Z;40.65275;0;3
1984-04-17 11:00:00Z;21.06212;0;3
1984-04-18 11:00:00Z;15.58354;0;3
1984-04-19 11:00:00Z;14.78232;0;3
1984-04-20 11:00:00Z;21.06212;0;3
1984-04-21 11:00:00Z;33.08457;0;3
1984-04-22 11:00:00Z;27.8056;0;3
1984-04-23 11:00:00Z;45.74953;0;3
1984-04-24 11:00:00Z;39.04865;0;3
1984-04-25 11:00:00Z;42.3037;0;3
1984-04-26 11:00:00Z;55.24253;0;3
1984-04-27 11:00:00Z;63.79687;0;3
1984-04-28 11:00:00Z;55.24253;0;3
1984-04-29 11:00:00Z;51.2905;0;3
1984-04-30 11:00:00Z;40.65275;0;3
1984-05-01 11:00:00Z;42.3037;0;3
1984-05-02 11:00:00Z;61.57483;0;3
1984-05-03 11:00:00Z;33.08457;0;3
1984-05-04 11:00:00Z;26.58699;0;3
1984-05-05 11:00:00Z;31.70259;0;3
1984-05-06 11:00:00Z;21.06212;0;3
1984-05-07 11:00:00Z;15.58354;0;3
1984-05-08 11:00:00Z;11.87117;0;3
1984-05-09 11:00:00Z;10.58221;0;3
1984-05-10 11:00:00Z;9.977013;0;3
1984-05-11 11:00:00Z;9.397121;0;3
1984-05-12 11:00:00Z;9.397121;0;3
1984-05-13 11:00:00Z;9.977013;0;3
1984-05-14 11:00:00Z;9.977013;0;3
1984-05-15 11:00:00Z;10.58221;0;3
1984-05-16 11:00:00Z;11.87117;0;3
1984-05-17 11:00:00Z;19.10326;0;3
1984-05-18 11:00:00Z;33.08457;0;3
1984-05-19 11:00:00Z;39.04865;0;3
1984-05-20 11:00:00Z;26.58699;0;3
1984-05-21 11:00:00Z;13.26939;0;3
1984-05-22 11:00:00Z;19.10326;0;3
1984-05-23 11:00:00Z;15.58354;0;3
1984-05-24 11:00:00Z;11.21337;0;3
1984-05-25 11:00:00Z;11.87117;0;3
1984-05-26 11:00:00Z;11.87117;0;3
1984-05-27 11:00:00Z;11.87117;0;3
1984-05-28 11:00:00Z;8.841879;0;3
1984-05-29 11:00:00Z;8.310637;0;3
1984-05-30 11:00:00Z;8.310637;0;3
1984-05-31 11:00:00Z;7.317581;0;3
1984-06-01 11:00:00Z;6.854502;0;3
1984-06-02 11:00:00Z;6.854502;0;3
1984-06-03 11:00:00Z;10.58221;0;3
1984-06-04 11:00:00Z;10.58221;0;3
1984-06-05 11:00:00Z;7.802749;0;3
1984-06-06 11:00:00Z;7.317581;0;3
1984-06-07 11:00:00Z;6.412881;0;3
1984-06-08 11:00:00Z;5.303548;0;3
1984-06-09 11:00:00Z;4.409753;0;3
1984-06-10 11:00:00Z;4.409753;0;3
1984-06-11 11:00:00Z;4.409753;0;3
1984-06-12 11:00:00Z;3.643716;0;3
1984-06-13 11:00:00Z;4.409753;0;3
1984-06-14 11:00:00Z;6.412881;0;3
1984-06-15 11:00:00Z;6.412881;0;3
1984-06-16 11:00:00Z;5.591575;0;3
1984-06-17 11:00:00Z;5.303548;0;3
1984-06-18 11:00:00Z;5.303548;0;3
1984-06-19 11:00:00Z;4.409753;0;3
1984-06-20 11:00:00Z;4.409753;0;3
1984-06-21 11:00:00Z;4.409753;0;3
1984-06-22 11:00:00Z;4.409753;0;3
1984-06-23 11:00:00Z;4.409753;0;3
1984-06-24 11:00:00Z;5.591575;0;3
1984-06-25 11:00:00Z;4.409753;0;3
1984-06-26 11:00:00Z;4.409753;0;3
1984-06-27 11:00:00Z;3.643716;0;3
1984-06-28 11:00:00Z;3.643716;0;3
1984-06-29 11:00:00Z;3.643716;0;3
1984-06-30 11:00:00Z;4.409753;0;3
1984-07-01 11:00:00Z;5.303548;0;3
1984-07-02 11:00:00Z;5.303548;0;3
1984-07-03 11:00:00Z;4.409753;0;3
1984-07-04 11:00:00Z;4.409753;0;3
1984-07-05 11:00:00Z;4.409753;0;3
1984-07-06 11:00:00Z;4.409753;0;3
1984-07-07 11:00:00Z;4.409753;0;3
1984-07-08 11:00:00Z;4.409753;0;3
1984-07-09 11:00:00Z;3.643716;0;3
1984-07-10 11:00:00Z;4.409753;0;3
1984-07-11 11:00:00Z;4.409753;0;3
1984-07-12 11:00:00Z;4.409753;0;3
1984-07-13 11:00:00Z;4.409753;0;3
1984-07-14 11:00:00Z;4.409753;0;3
1984-07-15 11:00:00Z;4.409753;0;3
1984-07-16 11:00:00Z;4.409753;0;3
1984-07-17 11:00:00Z;4.409753;0;3
1984-07-18 11:00:00Z;5.303548;0;3
1984-07-19 11:00:00Z;4.409753;0;3
1984-07-20 11:00:00Z;3.643716;0;3
1984-07-21 11:00:00Z;3.643716;0;3
1984-07-22 11:00:00Z;3.643716;0;3
1984-07-23 11:00:00Z;3.643716;0;3
1984-07-24 11:00:00Z;3.643716;0;3
1984-07-25 11:00:00Z;3.643716;0;3
1984-07-26 11:00:00Z;4.409753;0;3
1984-07-27 11:00:00Z;4.409753;0;3
1984-07-28 11:00:00Z;4.409753;0;3
1984-07-29 11:00:00Z;4.409753;0;3
1984-07-30 11:00:00Z;4.409753;0;3
1984-07-31 11:00:00Z;4.409753;0;3
1984-08-01 11:00:00Z;4.409753;0;3
1984-08-02 11:00:00Z;4.409753;0;3
1984-08-03 11:00:00Z;4.409753;0;3
1984-08-04 11:00:00Z;4.409753;0;3
1984-08-05 11:00:00Z;4.409753;0;3
1984-08-06 11:00:00Z;3.643716;0;3
1984-08-07 11:00:00Z;4.409753;0;3
1984-08-08 11:00:00Z;4.409753;0;3
1984-08-09 11:00:00Z;3.643716;0;3
1984-08-10 11:00:00Z;4.409753;0;3
1984-08-11 11:00:00Z;4.409753;0;3
1984-08-12 11:00:00Z;4.409753;0;3
1984-08-13 11:00:00Z;4.409753;0;3
1984-08-14 11:00:00Z;3.643716;0;3
1984-08-15 11:00:00Z;3.643716;0;3
1984-08-16 11:00:00Z;3.643716;0;3
1984-08-17 11:00:00Z;3.643716;0;3
1984-08-18 11:00:00Z;3.643716;0;3
1984-08-19 11:00:00Z;3.643716;0;3
1984-08-20 11:00:00Z;3.643716;0;3
1984-08-21 11:00:00Z;3.643716;0;3
1984-08-22 11:00:00Z;3.643716;0;3
1984-08-23 11:00:00Z;3.643716;0;3
1984-08-24 11:00:00Z;3.643716;0;3
1984-08-25 11:00:00Z;3.643716;0;3
1984-08-26 11:00:00Z;3.643716;0;3
1984-08-27 11:00:00Z;3.643716;0;3
1984-08-28 11:00:00Z;3.643716;0;3
1984-08-29 11:00:00Z;3.643716;0;3
1984-08-30 11:00:00Z;5.303548;0;3
1984-08-31 11:00:00Z;5.591575;0;3
1984-09-01 11:00:00Z;5.992111;0;3
1984-09-02 11:00:00Z;4.409753;0;3
1984-09-03 11:00:00Z;3.643716;0;3
1984-09-04 11:00:00Z;4.409753;0;3
1984-09-05 11:00:00Z;5.992111;0;3
1984-09-06 11:00:00Z;5.591575;0;3
1984-09-07 11:00:00Z;3.643716;0;3
1984-09-08 11:00:00Z;2.990656;0;3
1984-09-09 11:00:00Z;3.643716;0;3
1984-09-10 11:00:00Z;4.409753;0;3
1984-09-11 11:00:00Z;5.303548;0;3
1984-09-12 11:00:00Z;5.591575;0;3
1984-09-13 11:00:00Z;5.303548;0;3
1984-09-14 11:00:00Z;4.409753;0;3
1984-09-15 11:00:00Z;4.409753;0;3
1984-09-16 11:00:00Z;4.409753;0;3
1984-09-17 11:00:00Z;5.303548;0;3
1984-09-18 11:00:00Z;4.409753;0;3
1984-09-19 11:00:00Z;5.992111;0;3
1984-09-20 11:00:00Z;16.41553;0;3
1984-09-21 11:00:00Z;19.10326;0;3
1984-09-22 11:00:00Z;21.06212;0;3
1984-09-23 11:00:00Z;37.4906;0;3
1984-09-24 11:00:00Z;23.16146;0;3
1984-09-25 11:00:00Z;15.58354;0;3
1984-09-26 11:00:00Z;12.55628;0;3
1984-09-27 11:00:00Z;9.977013;0;3
1984-09-28 11:00:00Z;8.841879;0;3
1984-09-29 11:00:00Z;7.802749;0;3
1984-09-30 11:00:00Z;6.412881;0;3
1984-10-01 11:00:00Z;8.841879;0;3
1984-10-02 11:00:00Z;12.55628;0;3
1984-10-03 11:00:00Z;12.55628;0;3
1984-10-04 11:00:00Z;12.55628;0;3
1984-10-05 11:00:00Z;13.26939;0;3
1984-10-06 11:00:00Z;11.87117;0;3
1984-10-07 11:00:00Z;11.21337;0;3
1984-10-08 11:00:00Z;10.58221;0;3
1984-10-09 11:00:00Z;9.977013;0;3
1984-10-10 11:00:00Z;14.01116;0;3
1984-10-11 11:00:00Z;30.36262;0;3
1984-10-12 11:00:00Z;49.39275;0;3
1984-10-13 11:00:00Z;33.08457;0;3
1984-10-14 11:00:00Z;49.39275;0;3
1984-10-15 11:00:00Z;25.40726;0;3
1984-10-16 11:00:00Z;15.58354;0;3
1984-10-17 11:00:00Z;11.21337;0;3
1984-10-18 11:00:00Z;9.397121;0;3
1984-10-19 11:00:00Z;80.03925;0;3
1984-10-20 11:00:00Z;137.4877;0;3
1984-10-21 11:00:00Z;89.15953;0;3
1984-10-22 11:00:00Z;37.4906;0;3
1984-10-23 11:00:00Z;51.2905;0;3
1984-10-24 11:00:00Z;33.08457;0;3
1984-10-25 11:00:00Z;39.04865;0;3
1984-10-26 11:00:00Z;89.15953;0;3
1984-10-27 11:00:00Z;143.6172;0;3
1984-10-28 11:00:00Z;61.57483;0;3
1984-10-29 11:00:00Z;37.4906;0;3
1984-10-30 11:00:00Z;116.3304;0;3
1984-10-31 11:00:00Z;75.69255;0;3
1984-11-01 11:00:00Z;37.4906;0;3
1984-11-02 11:00:00Z;24.26567;0;3
1984-11-03 11:00:00Z;18.17467;0;3
1984-11-04 11:00:00Z;14.01116;0;3
1984-11-05 11:00:00Z;14.78232;0;3
1984-11-06 11:00:00Z;14.01116;0;3
1984-11-07 11:00:00Z;11.21337;0;3
1984-11-08 11:00:00Z;9.397121;0;3
1984-11-09 11:00:00Z;8.841879;0;3
1984-11-10 11:00:00Z;9.397121;0;3
1984-11-11 11:00:00Z;9.397121;0;3
1984-11-12 11:00:00Z;11.87117;0;3
1984-11-13 11:00:00Z;10.58221;0;3
1984-11-14 11:00:00Z;8.841879;0;3
1984-11-15 11:00:00Z;7.317581;0;3
1984-11-16 11:00:00Z;6.412881;0;3
1984-11-17 11:00:00Z;5.591575;0;3
1984-11-18 11:00:00Z;4.409753;0;3
1984-11-19 11:00:00Z;4.409753;0;3
1984-11-20 11:00:00Z;4.409753;0;3
1984-11-21 11:00:00Z;3.643716;0;3
1984-11-22 11:00:00Z;3.643716;0;3
1984-11-23 11:00:00Z;24.26567;0;3
1984-11-24 11:00:00Z;45.74953;0;3
1984-11-25 11:00:00Z;70.8092;0;3
1984-11-26 11:00:00Z;42.3037;0;3
1984-11-27 11:00:00Z;13.26939;0;3
1984-11-28 11:00:00Z;133.4876;0;3
1984-11-29 11:00:00Z;105.6483;0;3
1984-11-30 11:00:00Z;59.40901;0;3
1984-12-01 11:00:00Z;42.3037;0;3
1984-12-02 11:00:00Z;21.06212;0;3
1984-12-03 11:00:00Z;14.01116;0;3
1984-12-04 11:00:00Z;11.21337;0;3
1984-12-05 11:00:00Z;9.397121;0;3
1984-12-06 11:00:00Z;12.55628;0;3
1984-12-07 11:00:00Z;61.57483;0;3
1984-12-08 11:00:00Z;75.69255;0;3
1984-12-09 11:00:00Z;47.54604;0;3
1984-12-10 11:00:00Z;37.4906;0;3
1984-12-11 11:00:00Z;27.8056;0;3
1984-12-12 11:00:00Z;16.41553;0;3
1984-12-13 11:00:00Z;11.87117;0;3
1984-12-14 11:00:00Z;9.977013;0;3
1984-12-15 11:00:00Z;8.841879;0;3
1984-12-16 11:00:00Z;7.317581;0;3
1984-12-17 11:00:00Z;6.412881;0;3
1984-12-18 11:00:00Z;5.992111;0;3
1984-12-19 11:00:00Z;5.992111;0;3
1984-12-20 11:00:00Z;20.0655;0;3
1984-12-21 11:00:00Z;45.74953;0;3
1984-12-22 11:00:00Z;45.74953;0;3
1984-12-23 11:00:00Z;21.06212;0;3
1984-12-24 11:00:00Z;139.5136;0;3
1984-12-25 11:00:00Z;183.7107;0;3
1984-12-26 11:00:00Z;80.03925;0;3
1984-12-27 11:00:00Z;30.36262;0;3
1984-12-28 11:00:00Z;18.17467;0;3
1984-12-29 11:00:00Z;11.87117;0;3
1984-12-30 11:00:00Z;9.397121;0;3
1984-12-31 11:00:00Z;8.310637;0;3
1985-01-01 11:00:00Z;7.802749;0;3
1985-01-02 11:00:00Z;5.992111;0;3
1985-01-03 11:00:00Z;5.591575;0;3
1985-01-04 11:00:00Z;5.303548;0;3
1985-01-05 11:00:00Z;5.303548;0;3
1985-01-06 11:00:00Z;4.409753;0;3
1985-01-07 11:00:00Z;3.643716;0;3
1985-01-08 11:00:00Z;2.990656;0;3
1985-01-09 11:00:00Z;2.990656;0;3
1985-01-10 11:00:00Z;2.437073;0;3
1985-01-11 11:00:00Z;1.970676;0;3
1985-01-12 11:00:00Z;1.970676;0;3
1985-01-13 11:00:00Z;1.580313;0;3
1985-01-14 11:00:00Z;1.255905;0;3
1985-01-15 11:00:00Z;0.9883781;0;3
1985-01-16 11:00:00Z;0.9883781;0;3
1985-01-17 11:00:00Z;0.7695961;0;3
1985-01-18 11:00:00Z;0.7695961;0;3
1985-01-19 11:00:00Z;0.7695961;0;3
1985-01-20 11:00:00Z;0.7695961;0;3
1985-01-21 11:00:00Z;0.7695961;0;3
1985-01-22 11:00:00Z;0.7695961;0;3
1985-01-23 11:00:00Z;0.7695961;0;3
1985-01-24 11:00:00Z;0.7695961;0;3
1985-01-25 11:00:00Z;0.7695961;0;3
1985-01-26 11:00:00Z;0.7695961;0;3
1985-01-27 11:00:00Z;0.7695961;0;3
1985-01-28 11:00:00Z;0.7695961;0;3
1985-01-29 11:00:00Z;0.7695961;0;3
1985-01-30 11:00:00Z;0.9883781;0;3
1985-01-31 11:00:00Z;1.580313;0;3
1985-02-01 11:00:00Z;1.970676;0;3
1985-02-02 11:00:00Z;1.580313;0;3
1985-02-03 11:00:00Z;1.255905;0;3
1985-02-04 11:00:00Z;0.9883781;0;3
1985-02-05 11:00:00Z;0.9883781;0;3
1985-02-06 11:00:00Z;0.7695961;0;3
1985-02-07 11:00:00Z;0.5923088;0;3
1985-02-08 11:00:00Z;0.4500744;0;3
1985-02-09 11:00:00Z;0.337211;0;3
1985-02-10 11:00:00Z;0.4500744;0;3
1985-02-11 11:00:00Z;0.4500744;0;3
1985-02-12 11:00:00Z;0.5923088;0;3
1985-02-13 11:00:00Z;0.5923088;0;3
1985-02-14 11:00:00Z;0.7695961;0;3
1985-02-15 11:00:00Z;0.7695961;0;3
1985-02-16 11:00:00Z;0.7695961;0;3
1985-02-17 11:00:00Z;0.7695961;0;3
1985-02-18 11:00:00Z;0.7695961;0;3
1985-02-19 11:00:00Z;0.7695961;0;3
1985-02-20 11:00:00Z;0.7695961;0;3
1985-02-21 11:00:00Z;0.7695961;0;3
1985-02-22 11:00:00Z;0.7695961;0;3
1985-02-23 11:00:00Z;0.7695961;0;3
1985-02-24 11:00:00Z;0.7695961;0;3
1985-02-25 11:00:00Z;2.437073;0;3
1985-02-26 11:00:00Z;3.643716;0;3
1985-02-27 11:00:00Z;5.303548;0;3
1985-02-28 11:00:00Z;5.303548;0;3
1985-03-01 11:00:00Z;4.409753;0;3
1985-03-02 11:00:00Z;2.990656;0;3
1985-03-03 11:00:00Z;2.990656;0;3
1985-03-04 11:00:00Z;2.437073;0;3
1985-03-05 11:00:00Z;2.437073;0;3
1985-03-06 11:00:00Z;2.437073;0;3
1985-03-07 11:00:00Z;3.643716;0;3
1985-03-08 11:00:00Z;3.643716;0;3
1985-03-09 11:00:00Z;2.990656;0;3
1985-03-10 11:00:00Z;2.990656;0;3
1985-03-11 11:00:00Z;3.643716;0;3
1985-03-12 11:00:00Z;4.409753;0;3
1985-03-13 11:00:00Z;7.317581;0;3
1985-03-14 11:00:00Z;8.310637;0;3
1985-03-15 11:00:00Z;6.412881;0;3
1985-03-16 11:00:00Z;5.591575;0;3
1985-03-17 11:00:00Z;4.409753;0;3
1985-03-18 11:00:00Z;2.990656;0;3
1985-03-19 11:00:00Z;2.990656;0;3
1985-03-20 11:00:00Z;2.437073;0;3
1985-03-21 11:00:00Z;1.970676;0;3
1985-03-22 11:00:00Z;1.970676;0;3
1985-03-23 11:00:00Z;1.970676;0;3
1985-03-24 11:00:00Z;1.970676;0;3
1985-03-25 11:00:00Z;1.580313;0;3
1985-03-26 11:00:00Z;1.580313;0;3
1985-03-27 11:00:00Z;1.580313;0;3
1985-03-28 11:00:00Z;1.580313;0;3
1985-03-29 11:00:00Z;1.580313;0;3
1985-03-30 11:00:00Z;1.255905;0;3
1985-03-31 11:00:00Z;1.255905;0;3
1985-04-01 11:00:00Z;1.580313;0;3
1985-04-02 11:00:00Z;6.412881;0;3
1985-04-03 11:00:00Z;14.78232;0;3
1985-04-04 11:00:00Z;15.58354;0;3
1985-04-05 11:00:00Z;15.58354;0;3
1985-04-06 11:00:00Z;11.21337;0;3
1985-04-07 11:00:00Z;8.310637;0;3
1985-04-08 11:00:00Z;7.317581;0;3
1985-04-09 11:00:00Z;6.854502;0;3
1985-04-10 11:00:00Z;7.317581;0;3
1985-04-11 11:00:00Z;6.854502;0;3
1985-04-12 11:00:00Z;5.591575;0;3
1985-04-13 11:00:00Z;6.412881;0;3
1985-04-14 11:00:00Z;8.310637;0;3
1985-04-15 11:00:00Z;9.397121;0;3
1985-04-16 11:00:00Z;11.21337;0;3
1985-04-17 11:00:00Z;17.279;0;3
1985-04-18 11:00:00Z;29.06389;0;3
1985-04-19 11:00:00Z;26.58699;0;3
1985-04-20 11:00:00Z;78.57465;0;3
1985-04-21 11:00:00Z;45.74953;0;3
1985-04-22 11:00:00Z;31.70259;0;3
1985-04-23 11:00:00Z;37.4906;0;3
1985-04-24 11:00:00Z;24.26567;0;3
1985-04-25 11:00:00Z;17.279;0;3
1985-04-26 11:00:00Z;12.55628;0;3
1985-04-27 11:00:00Z;10.58221;0;3
1985-04-28 11:00:00Z;9.977013;0;3
1985-04-29 11:00:00Z;8.841879;0;3
1985-04-30 11:00:00Z;9.397121;0;3
1985-05-01 11:00:00Z;9.397121;0;3
1985-05-02 11:00:00Z;9.977013;0;3
1985-05-03 11:00:00Z;9.977013;0;3
1985-05-04 11:00:00Z;9.977013;0;3
1985-05-05 11:00:00Z;9.977013;0;3
1985-05-06 11:00:00Z;9.397121;0;3
1985-05-07 11:00:00Z;14.78232;0;3
1985-05-08 11:00:00Z;35.97778;0;3
1985-05-09 11:00:00Z;39.04865;0;3
1985-05-10 11:00:00Z;29.06389;0;3
1985-05-11 11:00:00Z;24.26567;0;3
1985-05-12 11:00:00Z;16.41553;0;3
1985-05-13 11:00:00Z;14.01116;0;3
1985-05-14 11:00:00Z;12.55628;0;3
1985-05-15 11:00:00Z;11.87117;0;3
1985-05-16 11:00:00Z;12.55628;0;3
1985-05-17 11:00:00Z;10.58221;0;3
1985-05-18 11:00:00Z;11.21337;0;3
1985-05-19 11:00:00Z;9.397121;0;3
1985-05-20 11:00:00Z;7.802749;0;3
1985-05-21 11:00:00Z;7.317581;0;3
1985-05-22 11:00:00Z;6.854502;0;3
1985-05-23 11:00:00Z;6.412881;0;3
1985-05-24 11:00:00Z;5.591575;0;3
1985-05-25 11:00:00Z;9.977013;0;3
1985-05-26 11:00:00Z;15.58354;0;3
1985-05-27 11:00:00Z;11.87117;0;3
1985-05-28 11:00:00Z;11.21337;0;3
1985-05-29 11:00:00Z;9.977013;0;3
1985-05-30 11:00:00Z;8.310637;0;3
1985-05-31 11:00:00Z;6.412881;0;3
1985-06-01 11:00:00Z;5.591575;0;3
1985-06-02 11:00:00Z;5.303548;0;3
1985-06-03 11:00:00Z;5.591575;0;3
1985-06-04 11:00:00Z;5.591575;0;3
1985-06-05 11:00:00Z;5.303548;0;3
1985-06-06 11:00:00Z;4.409753;0;3
1985-06-07 11:00:00Z;4.409753;0;3
1985-06-08 11:00:00Z;3.643716;0;3
1985-06-09 11:00:00Z;8.841879;0;3
1985-06-10 11:00:00Z;6.854502;0;3
1985-06-11 11:00:00Z;6.412881;0;3
1985-06-12 11:00:00Z;5.591575;0;3
1985-06-13 11:00:00Z;5.303548;0;3
1985-06-14 11:00:00Z;5.303548;0;3
1985-06-15 11:00:00Z;5.591575;0;3
1985-06-16 11:00:00Z;7.317581;0;3
1985-06-17 11:00:00Z;15.58354;0;3
1985-06-18 11:00:00Z;11.87117;0;3
1985-06-19 11:00:00Z;8.841879;0;3
1985-06-20 11:00:00Z;8.310637;0;3
1985-06-21 11:00:00Z;6.412881;0;3
1985-06-22 11:00:00Z;5.591575;0;3
1985-06-23 11:00:00Z;5.303548;0;3
1985-06-24 11:00:00Z;6.412881;0;3
1985-06-25 11:00:00Z;5.992111;0;3
1985-06-26 11:00:00Z;5.303548;0;3
1985-06-27 11:00:00Z;4.409753;0;3
1985-06-28 11:00:00Z;3.643716;0;3
1985-06-29 11:00:00Z;3.643716;0;3
1985-06-30 11:00:00Z;3.643716;0;3
1985-07-01 11:00:00Z;3.643716;0;3
1985-07-02 11:00:00Z;5.591575;0;3
1985-07-03 11:00:00Z;4.409753;0;3
1985-07-04 11:00:00Z;4.409753;0;3
1985-07-05 11:00:00Z;4.409753;0;3
1985-07-06 11:00:00Z;3.643716;0;3
1985-07-07 11:00:00Z;3.643716;0;3
1985-07-08 11:00:00Z;4.409753;0;3
1985-07-09 11:00:00Z;4.409753;0;3
1985-07-10 11:00:00Z;4.409753;0;3
1985-07-11 11:00:00Z;3.643716;0;3
1985-07-12 11:00:00Z;4.409753;0;3
1985-07-13 11:00:00Z;5.992111;0;3
1985-07-14 11:00:00Z;12.55628;0;3
1985-07-15 11:00:00Z;57.29853;0;3
1985-07-16 11:00:00Z;26.58699;0;3
1985-07-17 11:00:00Z;16.41553;0;3
1985-07-18 11:00:00Z;14.78232;0;3
1985-07-19 11:00:00Z;21.06212;0;3
1985-07-20 11:00:00Z;30.36262;0;3
1985-07-21 11:00:00Z;23.16146;0;3
1985-07-22 11:00:00Z;17.279;0;3
1985-07-23 11:00:00Z;11.87117;0;3
1985-07-24 11:00:00Z;9.397121;0;3
1985-07-25 11:00:00Z;7.317581;0;3
1985-07-26 11:00:00Z;6.412881;0;3
1985-07-27 11:00:00Z;5.591575;0;3
1985-07-28 11:00:00Z;5.303548;0;3
1985-07-29 11:00:00Z;5.591575;0;3
1985-07-30 11:00:00Z;5.992111;0;3
1985-07-31 11:00:00Z;6.412881;0;3
1985-08-01 11:00:00Z;5.992111;0;3
1985-08-02 11:00:00Z;4.409753;0;3
1985-08-03 11:00:00Z;8.310637;0;3
1985-08-04 11:00:00Z;45.74953;0;3
1985-08-05 11:00:00Z;25.40726;0;3
1985-08-06 11:00:00Z;49.39275;0;3
1985-08-07 11:00:00Z;26.58699;0;3
1985-08-08 11:00:00Z;15.58354;0;3
1985-08-09 11:00:00Z;12.55628;0;3
1985-08-10 11:00:00Z;133.4876;0;3
1985-08-11 11:00:00Z;63.79687;0;3
1985-08-12 11:00:00Z;31.70259;0;3
1985-08-13 11:00:00Z;33.08457;0;3
1985-08-14 11:00:00Z;26.58699;0;3
1985-08-15 11:00:00Z;26.58699;0;3
1985-08-16 11:00:00Z;24.26567;0;3
1985-08-17 11:00:00Z;14.78232;0;3
1985-08-18 11:00:00Z;10.58221;0;3
1985-08-19 11:00:00Z;8.310637;0;3
1985-08-20 11:00:00Z;7.317581;0;3
1985-08-21 11:00:00Z;14.78232;0;3
1985-08-22 11:00:00Z;35.97778;0;3
1985-08-23 11:00:00Z;27.8056;0;3
1985-08-24 11:00:00Z;24.26567;0;3
1985-08-25 11:00:00Z;116.3304;0;3
1985-08-26 11:00:00Z;81.51962;0;3
1985-08-27 11:00:00Z;47.54604;0;3
1985-08-28 11:00:00Z;39.04865;0;3
1985-08-29 11:00:00Z;78.57465;0;3
1985-08-30 11:00:00Z;27.8056;0;3
1985-08-31 11:00:00Z;16.41553;0;3
1985-09-01 11:00:00Z;11.87117;0;3
1985-09-02 11:00:00Z;10.58221;0;3
1985-09-03 11:00:00Z;8.841879;0;3
1985-09-04 11:00:00Z;10.58221;0;3
1985-09-05 11:00:00Z;11.87117;0;3
1985-09-06 11:00:00Z;9.977013;0;3
1985-09-07 11:00:00Z;8.841879;0;3
1985-09-08 11:00:00Z;7.317581;0;3
1985-09-09 11:00:00Z;6.412881;0;3
1985-09-10 11:00:00Z;5.591575;0;3
1985-09-11 11:00:00Z;5.303548;0;3
1985-09-12 11:00:00Z;4.409753;0;3
1985-09-13 11:00:00Z;5.591575;0;3
1985-09-14 11:00:00Z;5.303548;0;3
1985-09-15 11:00:00Z;30.36262;0;3
1985-09-16 11:00:00Z;68.41315;0;3
1985-09-17 11:00:00Z;34.50937;0;3
1985-09-18 11:00:00Z;18.17467;0;3
1985-09-19 11:00:00Z;22.09385;0;3
1985-09-20 11:00:00Z;95.55996;0;3
1985-09-21 11:00:00Z;42.3037;0;3
1985-09-22 11:00:00Z;29.06389;0;3
1985-09-23 11:00:00Z;18.17467;0;3
1985-09-24 11:00:00Z;11.87117;0;3
1985-09-25 11:00:00Z;9.977013;0;3
1985-09-26 11:00:00Z;8.310637;0;3
1985-09-27 11:00:00Z;6.854502;0;3
1985-09-28 11:00:00Z;6.854502;0;3
1985-09-29 11:00:00Z;6.412881;0;3
1985-09-30 11:00:00Z;5.992111;0;3
1985-10-01 11:00:00Z;10.58221;0;3
1985-10-02 11:00:00Z;59.40901;0;3
1985-10-03 11:00:00Z;24.26567;0;3
1985-10-04 11:00:00Z;95.55996;0;3
1985-10-05 11:00:00Z;77.12577;0;3
1985-10-06 11:00:00Z;34.50937;0;3
1985-10-07 11:00:00Z;97.20052;0;3
1985-10-08 11:00:00Z;87.59965;0;3
1985-10-09 11:00:00Z;33.08457;0;3
1985-10-10 11:00:00Z;31.70259;0;3
1985-10-11 11:00:00Z;33.08457;0;3
1985-10-12 11:00:00Z;22.09385;0;3
1985-10-13 11:00:00Z;22.09385;0;3
1985-10-14 11:00:00Z;15.58354;0;3
1985-10-15 11:00:00Z;11.21337;0;3
1985-10-16 11:00:00Z;9.397121;0;3
1985-10-17 11:00:00Z;7.802749;0;3
1985-10-18 11:00:00Z;6.412881;0;3
1985-10-19 11:00:00Z;5.992111;0;3
1985-10-20 11:00:00Z;5.591575;0;3
1985-10-21 11:00:00Z;5.303548;0;3
1985-10-22 11:00:00Z;5.303548;0;3
1985-10-23 11:00:00Z;4.409753;0;3
1985-10-24 11:00:00Z;3.643716;0;3
1985-10-25 11:00:00Z;3.643716;0;3
1985-10-26 11:00:00Z;2.990656;0;3
1985-10-27 11:00:00Z;2.990656;0;3
1985-10-28 11:00:00Z;2.437073;0;3
1985-10-29 11:00:00Z;1.970676;0;3
1985-10-30 11:00:00Z;2.437073;0;3
1985-10-31 11:00:00Z;2.990656;0;3
1985-11-01 11:00:00Z;2.437073;0;3
1985-11-02 11:00:00Z;4.409753;0;3
1985-11-03 11:00:00Z;3.643716;0;3
1985-11-04 11:00:00Z;3.643716;0;3
1985-11-05 11:00:00Z;8.841879;0;3
1985-11-06 11:00:00Z;39.04865;0;3
1985-11-07 11:00:00Z;29.06389;0;3
1985-11-08 11:00:00Z;17.279;0;3
1985-11-09 11:00:00Z;21.06212;0;3
1985-11-10 11:00:00Z;114.5084;0;3
1985-11-11 11:00:00Z;27.8056;0;3
1985-11-12 11:00:00Z;17.279;0;3
1985-11-13 11:00:00Z;10.58221;0;3
1985-11-14 11:00:00Z;8.841879;0;3
1985-11-15 11:00:00Z;7.317581;0;3
1985-11-16 11:00:00Z;6.412881;0;3
1985-11-17 11:00:00Z;5.591575;0;3
1985-11-18 11:00:00Z;5.303548;0;3
1985-11-19 11:00:00Z;4.409753;0;3
1985-11-20 11:00:00Z;3.643716;0;3
1985-11-21 11:00:00Z;2.437073;0;3
1985-11-22 11:00:00Z;2.437073;0;3
1985-11-23 11:00:00Z;2.437073;0;3
1985-11-24 11:00:00Z;1.580313;0;3
1985-11-25 11:00:00Z;1.580313;0;3
1985-11-26 11:00:00Z;1.580313;0;3
1985-11-27 11:00:00Z;1.580313;0;3
1985-11-28 11:00:00Z;1.255905;0;3
1985-11-29 11:00:00Z;0.9883781;0;3
1985-11-30 11:00:00Z;0.7695961;0;3
1985-12-01 11:00:00Z;0.7695961;0;3
1985-12-02 11:00:00Z;0.7695961;0;3
1985-12-03 11:00:00Z;2.990656;0;3
1985-12-04 11:00:00Z;100.5305;0;3
1985-12-05 11:00:00Z;53.24014;0;3
1985-12-06 11:00:00Z;18.17467;0;3
1985-12-07 11:00:00Z;10.58221;0;3
1985-12-08 11:00:00Z;6.412881;0;3
1985-12-09 11:00:00Z;5.591575;0;3
1985-12-10 11:00:00Z;5.303548;0;3
1985-12-11 11:00:00Z;5.303548;0;3
1985-12-12 11:00:00Z;5.591575;0;3
1985-12-13 11:00:00Z;78.57465;0;3
1985-12-14 11:00:00Z;47.54604;0;3
1985-12-15 11:00:00Z;22.09385;0;3
1985-12-16 11:00:00Z;34.50937;0;3
1985-12-17 11:00:00Z;21.06212;0;3
1985-12-18 11:00:00Z;11.87117;0;3
1985-12-19 11:00:00Z;9.397121;0;3
1985-12-20 11:00:00Z;7.802749;0;3
1985-12-21 11:00:00Z;29.06389;0;3
1985-12-22 11:00:00Z;186.1076;0;3
1985-12-23 11:00:00Z;49.39275;0;3
1985-12-24 11:00:00Z;47.54604;0;3
1985-12-25 11:00:00Z;31.70259;0;3
1985-12-26 11:00:00Z;11.87117;0;3
1985-12-27 11:00:00Z;8.841879;0;3
1985-12-28 11:00:00Z;6.854502;0;3
1985-12-29 11:00:00Z;5.591575;0;3
1985-12-30 11:00:00Z;4.409753;0;3
1985-12-31 11:00:00Z;4.409753;0;3
1986-01-01 11:00:00Z;3.643716;0;3
1986-01-02 11:00:00Z;2.990656;0;3
1986-01-03 11:00:00Z;2.437073;0;3
1986-01-04 11:00:00Z;1.970676;0;3
1986-01-05 11:00:00Z;1.970676;0;3
1986-01-06 11:00:00Z;1.580313;0;3
1986-01-07 11:00:00Z;1.255905;0;3
1986-01-08 11:00:00Z;0.9883781;0;3
1986-01-09 11:00:00Z;0.7695961;0;3
1986-01-10 11:00:00Z;0.7695961;0;3
1986-01-11 11:00:00Z;0.7695961;0;3
1986-01-12 11:00:00Z;6.854502;0;3
1986-01-13 11:00:00Z;15.58354;0;3
1986-01-14 11:00:00Z;10.58221;0;3
1986-01-15 11:00:00Z;7.317581;0;3
1986-01-16 11:00:00Z;5.591575;0;3
1986-01-17 11:00:00Z;4.409753;0;3
1986-01-18 11:00:00Z;4.409753;0;3
1986-01-19 11:00:00Z;3.643716;0;3
1986-01-20 11:00:00Z;2.990656;0;3
1986-01-21 11:00:00Z;4.409753;0;3
1986-01-22 11:00:00Z;10.58221;0;3
1986-01-23 11:00:00Z;11.21337;0;3
1986-01-24 11:00:00Z;7.802749;0;3
1986-01-25 11:00:00Z;5.992111;0;3
1986-01-26 11:00:00Z;2.990656;0;3
1986-01-27 11:00:00Z;1.970676;0;3
1986-01-28 11:00:00Z;1.580313;0;3
1986-01-29 11:00:00Z;1.580313;0;3
1986-01-30 11:00:00Z;1.255905;0;3
1986-01-31 11:00:00Z;1.255905;0;3
1986-02-01 11:00:00Z;0.9883781;0;3
1986-02-02 11:00:00Z;0.9883781;0;3
1986-02-03 11:00:00Z;0.7695961;0;3
1986-02-04 11:00:00Z;0.7695961;0;3
1986-02-05 11:00:00Z;0.5923088;0;3
1986-02-06 11:00:00Z;0.5923088;0;3
1986-02-07 11:00:00Z;0.5923088;0;3
1986-02-08 11:00:00Z;0.5923088;0;3
1986-02-09 11:00:00Z;0.5923088;0;3
1986-02-10 11:00:00Z;0.5923088;0;3
1986-02-11 11:00:00Z;0.5923088;0;3
1986-02-12 11:00:00Z;0.4500744;0;3
1986-02-13 11:00:00Z;0.4500744;0;3
1986-02-14 11:00:00Z;0.4500744;0;3
1986-02-15 11:00:00Z;0.4500744;0;3
1986-02-16 11:00:00Z;0.4500744;0;3
1986-02-17 11:00:00Z;0.4500744;0;3
1986-02-18 11:00:00Z;0.4500744;0;3
1986-02-19 11:00:00Z;0.4500744;0;3
1986-02-20 11:00:00Z;0.4500744;0;3
1986-02-21 11:00:00Z;0.4500744;0;3
1986-02-22 11:00:00Z;0.4500744;0;3
1986-02-23 11:00:00Z;0.4500744;0;3
1986-02-24 11:00:00Z;0.337211;0;3
1986-02-25 11:00:00Z;0.337211;0;3
1986-02-26 11:00:00Z;0.337211;0;3
1986-02-27 11:00:00Z;0.337211;0;3
1986-02-28 11:00:00Z;0.337211;0;3
1986-03-01 11:00:00Z;0.337211;0;3
1986-03-02 11:00:00Z;0.337211;0;3
1986-03-03 11:00:00Z;0.5923088;0;3
1986-03-04 11:00:00Z;1.255905;0;3
1986-03-05 11:00:00Z;1.970676;0;3
1986-03-06 11:00:00Z;2.990656;0;3
1986-03-07 11:00:00Z;5.992111;0;3
1986-03-08 11:00:00Z;7.802749;0;3
1986-03-09 11:00:00Z;6.412881;0;3
1986-03-10 11:00:00Z;5.303548;0;3
1986-03-11 11:00:00Z;3.643716;0;3
1986-03-12 11:00:00Z;2.990656;0;3
1986-03-13 11:00:00Z;1.970676;0;3
1986-03-14 11:00:00Z;1.970676;0;3
1986-03-15 11:00:00Z;1.580313;0;3
1986-03-16 11:00:00Z;1.580313;0;3
1986-03-17 11:00:00Z;1.255905;0;3
1986-03-18 11:00:00Z;1.255905;0;3
1986-03-19 11:00:00Z;1.580313;0;3
1986-03-20 11:00:00Z;2.990656;0;3
1986-03-21 11:00:00Z;5.591575;0;3
1986-03-22 11:00:00Z;7.317581;0;3
1986-03-23 11:00:00Z;83.0158;0;3
1986-03-24 11:00:00Z;37.4906;0;3
1986-03-25 11:00:00Z;18.17467;0;3
1986-03-26 11:00:00Z;11.87117;0;3
1986-03-27 11:00:00Z;9.977013;0;3
1986-03-28 11:00:00Z;13.26939;0;3
1986-03-29 11:00:00Z;13.26939;0;3
1986-03-30 11:00:00Z;12.55628;0;3
1986-03-31 11:00:00Z;10.58221;0;3
1986-04-01 11:00:00Z;8.841879;0;3
1986-04-02 11:00:00Z;7.802749;0;3
1986-04-03 11:00:00Z;7.802749;0;3
1986-04-04 11:00:00Z;8.310637;0;3
1986-04-05 11:00:00Z;7.317581;0;3
1986-04-06 11:00:00Z;6.854502;0;3
1986-04-07 11:00:00Z;6.412881;0;3
1986-04-08 11:00:00Z;5.992111;0;3
1986-04-09 11:00:00Z;6.412881;0;3
1986-04-10 11:00:00Z;7.317581;0;3
1986-04-11 11:00:00Z;7.317581;0;3
1986-04-12 11:00:00Z;5.591575;0;3
1986-04-13 11:00:00Z;5.303548;0;3
1986-04-14 11:00:00Z;5.591575;0;3
1986-04-15 11:00:00Z;5.303548;0;3
1986-04-16 11:00:00Z;3.643716;0;3
1986-04-17 11:00:00Z;2.990656;0;3
1986-04-18 11:00:00Z;3.643716;0;3
1986-04-19 11:00:00Z;5.303548;0;3
1986-04-20 11:00:00Z;7.317581;0;3
1986-04-21 11:00:00Z;8.310637;0;3
1986-04-22 11:00:00Z;7.317581;0;3
1986-04-23 11:00:00Z;14.01116;0;3
1986-04-24 11:00:00Z;19.10326;0;3
1986-04-25 11:00:00Z;25.40726;0;3
1986-04-26 11:00:00Z;26.58699;0;3
1986-04-27 11:00:00Z;22.09385;0;3
1986-04-28 11:00:00Z;35.97778;0;3
1986-04-29 11:00:00Z;42.3037;0;3
1986-04-30 11:00:00Z;47.54604;0;3
1986-05-01 11:00:00Z;57.29853;0;3
1986-05-02 11:00:00Z;44.00234;0;3
1986-05-03 11:00:00Z;66.07602;0;3
1986-05-04 11:00:00Z;102.22;0;3
1986-05-05 11:00:00Z;139.5136;0;3
1986-05-06 11:00:00Z;121.8971;0;3
1986-05-07 11:00:00Z;90.73545;0;3
1986-05-08 11:00:00Z;102.22;0;3
1986-05-09 11:00:00Z;49.39275;0;3
1986-05-10 11:00:00Z;33.08457;0;3
1986-05-11 11:00:00Z;81.51962;0;3
1986-05-12 11:00:00Z;68.41315;0;3
1986-05-13 11:00:00Z;57.29853;0;3
1986-05-14 11:00:00Z;53.24014;0;3
1986-05-15 11:00:00Z;33.08457;0;3
1986-05-16 11:00:00Z;102.22;0;3
1986-05-17 11:00:00Z;44.00234;0;3
1986-05-18 11:00:00Z;25.40726;0;3
1986-05-19 11:00:00Z;31.70259;0;3
1986-05-20 11:00:00Z;25.40726;0;3
1986-05-21 11:00:00Z;37.4906;0;3
1986-05-22 11:00:00Z;114.5084;0;3
1986-05-23 11:00:00Z;51.2905;0;3
1986-05-24 11:00:00Z;26.58699;0;3
1986-05-25 11:00:00Z;18.17467;0;3
1986-05-26 11:00:00Z;18.17467;0;3
1986-05-27 11:00:00Z;40.65275;0;3
1986-05-28 11:00:00Z;34.50937;0;3
1986-05-29 11:00:00Z;40.65275;0;3
1986-05-30 11:00:00Z;24.26567;0;3
1986-05-31 11:00:00Z;15.58354;0;3
1986-06-01 11:00:00Z;11.87117;0;3
1986-06-02 11:00:00Z;9.977013;0;3
1986-06-03 11:00:00Z;9.397121;0;3
1986-06-04 11:00:00Z;22.09385;0;3
1986-06-05 11:00:00Z;33.08457;0;3
1986-06-06 11:00:00Z;18.17467;0;3
1986-06-07 11:00:00Z;12.55628;0;3
1986-06-08 11:00:00Z;11.21337;0;3
1986-06-09 11:00:00Z;40.65275;0;3
1986-06-10 11:00:00Z;22.09385;0;3
1986-06-11 11:00:00Z;29.06389;0;3
1986-06-12 11:00:00Z;19.10326;0;3
1986-06-13 11:00:00Z;12.55628;0;3
1986-06-14 11:00:00Z;9.977013;0;3
1986-06-15 11:00:00Z;8.841879;0;3
1986-06-16 11:00:00Z;7.317581;0;3
1986-06-17 11:00:00Z;6.854502;0;3
1986-06-18 11:00:00Z;5.992111;0;3
1986-06-19 11:00:00Z;7.317581;0;3
1986-06-20 11:00:00Z;7.317581;0;3
1986-06-21 11:00:00Z;6.412881;0;3
1986-06-22 11:00:00Z;5.591575;0;3
1986-06-23 11:00:00Z;5.303548;0;3
1986-06-24 11:00:00Z;5.303548;0;3
1986-06-25 11:00:00Z;4.409753;0;3
1986-06-26 11:00:00Z;5.303548;0;3
1986-06-27 11:00:00Z;4.409753;0;3
1986-06-28 11:00:00Z;4.409753;0;3
1986-06-29 11:00:00Z;3.643716;0;3
1986-06-30 11:00:00Z;3.643716;0;3
1986-07-01 11:00:00Z;3.643716;0;3
1986-07-02 11:00:00Z;3.643716;0;3
1986-07-03 11:00:00Z;3.643716;0;3
1986-07-04 11:00:00Z;2.990656;0;3
1986-07-05 11:00:00Z;2.990656;0;3
1986-07-06 11:00:00Z;2.990656;0;3
1986-07-07 11:00:00Z;2.990656;0;3
1986-07-08 11:00:00Z;2.990656;0;3
1986-07-09 11:00:00Z;2.990656;0;3
1986-07-10 11:00:00Z;2.990656;0;3
1986-07-11 11:00:00Z;2.990656;0;3
1986-07-12 11:00:00Z;2.990656;0;3
1986-07-13 11:00:00Z;2.990656;0;3
1986-07-14 11:00:00Z;2.990656;0;3
1986-07-15 11:00:00Z;2.990656;0;3
1986-07-16 11:00:00Z;2.990656;0;3
1986-07-17 11:00:00Z;2.990656;0;3
1986-07-18 11:00:00Z;2.990656;0;3
1986-07-19 11:00:00Z;2.990656;0;3
1986-07-20 11:00:00Z;2.990656;0;3
1986-07-21 11:00:00Z;3.643716;0;3
1986-07-22 11:00:00Z;3.643716;0;3
1986-07-23 11:00:00Z;3.643716;0;3
1986-07-24 11:00:00Z;3.643716;0;3
1986-07-25 11:00:00Z;3.643716;0;3
1986-07-26 11:00:00Z;2.990656;0;3
1986-07-27 11:00:00Z;2.990656;0;3
1986-07-28 11:00:00Z;2.990656;0;3
1986-07-29 11:00:00Z;3.643716;0;3
1986-07-30 11:00:00Z;5.992111;0;3
1986-07-31 11:00:00Z;5.992111;0;3
1986-08-01 11:00:00Z;21.06212;0;3
1986-08-02 11:00:00Z;14.78232;0;3
1986-08-03 11:00:00Z;11.87117;0;3
1986-08-04 11:00:00Z;9.397121;0;3
1986-08-05 11:00:00Z;8.841879;0;3
1986-08-06 11:00:00Z;7.802749;0;3
1986-08-07 11:00:00Z;6.854502;0;3
1986-08-08 11:00:00Z;8.310637;0;3
1986-08-09 11:00:00Z;24.26567;0;3
1986-08-10 11:00:00Z;15.58354;0;3
1986-08-11 11:00:00Z;10.58221;0;3
1986-08-12 11:00:00Z;12.55628;0;3
1986-08-13 11:00:00Z;13.26939;0;3
1986-08-14 11:00:00Z;9.397121;0;3
1986-08-15 11:00:00Z;8.310637;0;3
1986-08-16 11:00:00Z;37.4906;0;3
1986-08-17 11:00:00Z;45.74953;0;3
1986-08-18 11:00:00Z;25.40726;0;3
1986-08-19 11:00:00Z;17.279;0;3
1986-08-20 11:00:00Z;8.841879;0;3
1986-08-21 11:00:00Z;7.317581;0;3
1986-08-22 11:00:00Z;6.854502;0;3
1986-08-23 11:00:00Z;5.992111;0;3
1986-08-24 11:00:00Z;5.591575;0;3
1986-08-25 11:00:00Z;4.409753;0;3
1986-08-26 11:00:00Z;5.303548;0;3
1986-08-27 11:00:00Z;5.591575;0;3
1986-08-28 11:00:00Z;6.412881;0;3
1986-08-29 11:00:00Z;5.992111;0;3
1986-08-30 11:00:00Z;9.977013;0;3
1986-08-31 11:00:00Z;6.854502;0;3
1986-09-01 11:00:00Z;5.591575;0;3
1986-09-02 11:00:00Z;5.591575;0;3
1986-09-03 11:00:00Z;12.55628;0;3
1986-09-04 11:00:00Z;10.58221;0;3
1986-09-05 11:00:00Z;7.802749;0;3
1986-09-06 11:00:00Z;6.854502;0;3
1986-09-07 11:00:00Z;5.992111;0;3
1986-09-08 11:00:00Z;5.992111;0;3
1986-09-09 11:00:00Z;5.992111;0;3
1986-09-10 11:00:00Z;5.992111;0;3
1986-09-11 11:00:00Z;8.841879;0;3
1986-09-12 11:00:00Z;8.841879;0;3
1986-09-13 11:00:00Z;6.854502;0;3
1986-09-14 11:00:00Z;5.992111;0;3
1986-09-15 11:00:00Z;6.412881;0;3
1986-09-16 11:00:00Z;8.310637;0;3
1986-09-17 11:00:00Z;7.317581;0;3
1986-09-18 11:00:00Z;5.591575;0;3
1986-09-19 11:00:00Z;5.591575;0;3
1986-09-20 11:00:00Z;5.303548;0;3
1986-09-21 11:00:00Z;6.412881;0;3
1986-09-22 11:00:00Z;7.317581;0;3
1986-09-23 11:00:00Z;6.412881;0;3
1986-09-24 11:00:00Z;5.992111;0;3
1986-09-25 11:00:00Z;5.591575;0;3
1986-09-26 11:00:00Z;5.303548;0;3
1986-09-27 11:00:00Z;4.409753;0;3
1986-09-28 11:00:00Z;4.409753;0;3
1986-09-29 11:00:00Z;5.992111;0;3
1986-09-30 11:00:00Z;8.841879;0;3
1986-10-01 11:00:00Z;7.317581;0;3
1986-10-02 11:00:00Z;6.412881;0;3
1986-10-03 11:00:00Z;5.992111;0;3
1986-10-04 11:00:00Z;5.591575;0;3
1986-10-05 11:00:00Z;5.591575;0;3
1986-10-06 11:00:00Z;5.303548;0;3
1986-10-07 11:00:00Z;5.992111;0;3
1986-10-08 11:00:00Z;6.412881;0;3
1986-10-09 11:00:00Z;6.412881;0;3
1986-10-10 11:00:00Z;5.992111;0;3
1986-10-11 11:00:00Z;11.21337;0;3
1986-10-12 11:00:00Z;9.397121;0;3
1986-10-13 11:00:00Z;7.317581;0;3
1986-10-14 11:00:00Z;7.317581;0;3
1986-10-15 11:00:00Z;8.841879;0;3
1986-10-16 11:00:00Z;12.55628;0;3
1986-10-17 11:00:00Z;9.397121;0;3
1986-10-18 11:00:00Z;7.317581;0;3
1986-10-19 11:00:00Z;109.1425;0;3
1986-10-20 11:00:00Z;81.51962;0;3
1986-10-21 11:00:00Z;37.4906;0;3
1986-10-22 11:00:00Z;27.8056;0;3
1986-10-23 11:00:00Z;22.09385;0;3
1986-10-24 11:00:00Z;15.58354;0;3
1986-10-25 11:00:00Z;16.41553;0;3
1986-10-26 11:00:00Z;167.4361;0;3
1986-10-27 11:00:00Z;59.40901;0;3
1986-10-28 11:00:00Z;105.6483;0;3
1986-10-29 11:00:00Z;129.556;0;3
1986-10-30 11:00:00Z;66.07602;0;3
1986-10-31 11:00:00Z;174.3034;0;3
1986-11-01 11:00:00Z;90.73545;0;3
1986-11-02 11:00:00Z;35.97778;0;3
1986-11-03 11:00:00Z;19.10326;0;3
1986-11-04 11:00:00Z;14.78232;0;3
1986-11-05 11:00:00Z;17.279;0;3
1986-11-06 11:00:00Z;37.4906;0;3
1986-11-07 11:00:00Z;33.08457;0;3
1986-11-08 11:00:00Z;57.29853;0;3
1986-11-09 11:00:00Z;80.03925;0;3
1986-11-10 11:00:00Z;237.1822;0;3
1986-11-11 11:00:00Z;135.4791;0;3
1986-11-12 11:00:00Z;70.8092;0;3
1986-11-13 11:00:00Z;30.36262;0;3
1986-11-14 11:00:00Z;19.10326;0;3
1986-11-15 11:00:00Z;37.4906;0;3
1986-11-16 11:00:00Z;55.24253;0;3
1986-11-17 11:00:00Z;40.65275;0;3
1986-11-18 11:00:00Z;31.70259;0;3
1986-11-19 11:00:00Z;30.36262;0;3
1986-11-20 11:00:00Z;19.10326;0;3
1986-11-21 11:00:00Z;14.78232;0;3
1986-11-22 11:00:00Z;12.55628;0;3
1986-11-23 11:00:00Z;26.58699;0;3
1986-11-24 11:00:00Z;61.57483;0;3
1986-11-25 11:00:00Z;77.12577;0;3
1986-11-26 11:00:00Z;171.9964;0;3
1986-11-27 11:00:00Z;73.265;0;3
1986-11-28 11:00:00Z;42.3037;0;3
1986-11-29 11:00:00Z;42.3037;0;3
1986-11-30 11:00:00Z;31.70259;0;3
1986-12-01 11:00:00Z;23.16146;0;3
1986-12-02 11:00:00Z;87.59965;0;3
1986-12-03 11:00:00Z;47.54604;0;3
1986-12-04 11:00:00Z;143.6172;0;3
1986-12-05 11:00:00Z;83.0158;0;3
1986-12-06 11:00:00Z;235.5127;0;3
1986-12-07 11:00:00Z;127.6158;0;3
1986-12-08 11:00:00Z;61.57483;0;3
1986-12-09 11:00:00Z;125.6926;0;3
1986-12-10 11:00:00Z;102.22;0;3
1986-12-11 11:00:00Z;70.8092;0;3
1986-12-12 11:00:00Z;31.70259;0;3
1986-12-13 11:00:00Z;14.78232;0;3
1986-12-14 11:00:00Z;14.78232;0;3
1986-12-15 11:00:00Z;11.21337;0;3
1986-12-16 11:00:00Z;9.397121;0;3
1986-12-17 11:00:00Z;7.802749;0;3
1986-12-18 11:00:00Z;7.802749;0;3
1986-12-19 11:00:00Z;7.317581;0;3
1986-12-20 11:00:00Z;6.412881;0;3
1986-12-21 11:00:00Z;5.591575;0;3
1986-12-22 11:00:00Z;3.643716;0;3
1986-12-23 11:00:00Z;3.643716;0;3
1986-12-24 11:00:00Z;2.990656;0;3
1986-12-25 11:00:00Z;2.990656;0;3
1986-12-26 11:00:00Z;2.437073;0;3
1986-12-27 11:00:00Z;2.437073;0;3
1986-12-28 11:00:00Z;1.970676;0;3
1986-12-29 11:00:00Z;1.970676;0;3
1986-12-30 11:00:00Z;1.580313;0;3
1986-12-31 11:00:00Z;1.580313;0;3
1987-01-01 11:00:00Z;1.580313;0;3
1987-01-02 11:00:00Z;1.580313;0;3
1987-01-03 11:00:00Z;1.580313;0;3
1987-01-04 11:00:00Z;1.580313;0;3
1987-01-05 11:00:00Z;1.580313;0;3
1987-01-06 11:00:00Z;1.580313;0;3
1987-01-07 11:00:00Z;1.580313;0;3
1987-01-08 11:00:00Z;1.255905;0;3
1987-01-09 11:00:00Z;1.255905;0;3
1987-01-10 11:00:00Z;1.255905;0;3
1987-01-11 11:00:00Z;1.255905;0;3
1987-01-12 11:00:00Z;1.255905;0;3
1987-01-13 11:00:00Z;1.255905;0;3
1987-01-14 11:00:00Z;1.255905;0;3
1987-01-15 11:00:00Z;1.255905;0;3
1987-01-16 11:00:00Z;1.255905;0;3
1987-01-17 11:00:00Z;1.255905;0;3
1987-01-18 11:00:00Z;1.255905;0;3
1987-01-19 11:00:00Z;1.255905;0;3
1987-01-20 11:00:00Z;0.9883781;0;3
1987-01-21 11:00:00Z;0.9883781;0;3
1987-01-22 11:00:00Z;0.9883781;0;3
1987-01-23 11:00:00Z;0.9883781;0;3
1987-01-24 11:00:00Z;0.9883781;0;3
1987-01-25 11:00:00Z;0.9883781;0;3
1987-01-26 11:00:00Z;0.9883781;0;3
1987-01-27 11:00:00Z;0.9883781;0;3
1987-01-28 11:00:00Z;0.9883781;0;3
1987-01-29 11:00:00Z;0.9883781;0;3
1987-01-30 11:00:00Z;0.9883781;0;3
1987-01-31 11:00:00Z;0.9883781;0;3
1987-02-01 11:00:00Z;1.255905;0;3
1987-02-02 11:00:00Z;1.970676;0;3
1987-02-03 11:00:00Z;3.643716;0;3
1987-02-04 11:00:00Z;5.591575;0;3
1987-02-05 11:00:00Z;5.992111;0;3
1987-02-06 11:00:00Z;26.58699;0;3
1987-02-07 11:00:00Z;33.08457;0;3
1987-02-08 11:00:00Z;18.17467;0;3
1987-02-09 11:00:00Z;11.87117;0;3
1987-02-10 11:00:00Z;9.397121;0;3
1987-02-11 11:00:00Z;7.802749;0;3
1987-02-12 11:00:00Z;6.854502;0;3
1987-02-13 11:00:00Z;6.412881;0;3
1987-02-14 11:00:00Z;5.992111;0;3
1987-02-15 11:00:00Z;5.303548;0;3
1987-02-16 11:00:00Z;4.409753;0;3
1987-02-17 11:00:00Z;5.591575;0;3
1987-02-18 11:00:00Z;6.412881;0;3
1987-02-19 11:00:00Z;6.854502;0;3
1987-02-20 11:00:00Z;6.854502;0;3
1987-02-21 11:00:00Z;6.412881;0;3
1987-02-22 11:00:00Z;4.409753;0;3
1987-02-23 11:00:00Z;2.990656;0;3
1987-02-24 11:00:00Z;1.970676;0;3
1987-02-25 11:00:00Z;1.970676;0;3
1987-02-26 11:00:00Z;1.970676;0;3
1987-02-27 11:00:00Z;1.580313;0;3
1987-02-28 11:00:00Z;1.580313;0;3
1987-03-01 11:00:00Z;1.255905;0;3
1987-03-02 11:00:00Z;1.255905;0;3
1987-03-03 11:00:00Z;0.9883781;0;3
1987-03-04 11:00:00Z;0.7695961;0;3
1987-03-05 11:00:00Z;0.7695961;0;3
1987-03-06 11:00:00Z;0.5923088;0;3
1987-03-07 11:00:00Z;0.7695961;0;3
1987-03-08 11:00:00Z;0.9883781;0;3
1987-03-09 11:00:00Z;0.9883781;0;3
1987-03-10 11:00:00Z;1.255905;0;3
1987-03-11 11:00:00Z;1.255905;0;3
1987-03-12 11:00:00Z;1.255905;0;3
1987-03-13 11:00:00Z;0.9883781;0;3
1987-03-14 11:00:00Z;0.9883781;0;3
1987-03-15 11:00:00Z;0.9883781;0;3
1987-03-16 11:00:00Z;1.255905;0;3
1987-03-17 11:00:00Z;1.255905;0;3
1987-03-18 11:00:00Z;1.255905;0;3
1987-03-19 11:00:00Z;1.255905;0;3
1987-03-20 11:00:00Z;1.255905;0;3
1987-03-21 11:00:00Z;1.255905;0;3
1987-03-22 11:00:00Z;1.255905;0;3
1987-03-23 11:00:00Z;1.255905;0;3
1987-03-24 11:00:00Z;1.255905;0;3
1987-03-25 11:00:00Z;1.255905;0;3
1987-03-26 11:00:00Z;1.255905;0;3
1987-03-27 11:00:00Z;1.580313;0;3
1987-03-28 11:00:00Z;5.992111;0;3
1987-03-29 11:00:00Z;6.854502;0;3
1987-03-30 11:00:00Z;6.412881;0;3
1987-03-31 11:00:00Z;5.992111;0;3
1987-04-01 11:00:00Z;5.303548;0;3
1987-04-02 11:00:00Z;5.303548;0;3
1987-04-03 11:00:00Z;3.643716;0;3
1987-04-04 11:00:00Z;3.643716;0;3
1987-04-05 11:00:00Z;5.591575;0;3
1987-04-06 11:00:00Z;6.854502;0;3
1987-04-07 11:00:00Z;8.310637;0;3
1987-04-08 11:00:00Z;8.841879;0;3
1987-04-09 11:00:00Z;8.841879;0;3
1987-04-10 11:00:00Z;7.802749;0;3
1987-04-11 11:00:00Z;6.412881;0;3
1987-04-12 11:00:00Z;5.992111;0;3
1987-04-13 11:00:00Z;6.854502;0;3
1987-04-14 11:00:00Z;8.310637;0;3
1987-04-15 11:00:00Z;13.26939;0;3
1987-04-16 11:00:00Z;22.09385;0;3
1987-04-17 11:00:00Z;35.97778;0;3
1987-04-18 11:00:00Z;34.50937;0;3
1987-04-19 11:00:00Z;26.58699;0;3
1987-04-20 11:00:00Z;29.06389;0;3
1987-04-21 11:00:00Z;39.04865;0;3
1987-04-22 11:00:00Z;31.70259;0;3
1987-04-23 11:00:00Z;37.4906;0;3
1987-04-24 11:00:00Z;35.97778;0;3
1987-04-25 11:00:00Z;49.39275;0;3
1987-04-26 11:00:00Z;57.29853;0;3
1987-04-27 11:00:00Z;39.04865;0;3
1987-04-28 11:00:00Z;35.97778;0;3
1987-04-29 11:00:00Z;51.2905;0;3
1987-04-30 11:00:00Z;40.65275;0;3
1987-05-01 11:00:00Z;42.3037;0;3
1987-05-02 11:00:00Z;40.65275;0;3
1987-05-03 11:00:00Z;23.16146;0;3
1987-05-04 11:00:00Z;15.58354;0;3
1987-05-05 11:00:00Z;12.55628;0;3
1987-05-06 11:00:00Z;12.55628;0;3
1987-05-07 11:00:00Z;12.55628;0;3
1987-05-08 11:00:00Z;11.87117;0;3
1987-05-09 11:00:00Z;11.21337;0;3
1987-05-10 11:00:00Z;11.21337;0;3
1987-05-11 11:00:00Z;9.977013;0;3
1987-05-12 11:00:00Z;8.841879;0;3
1987-05-13 11:00:00Z;7.317581;0;3
1987-05-14 11:00:00Z;6.412881;0;3
1987-05-15 11:00:00Z;5.992111;0;3
1987-05-16 11:00:00Z;5.591575;0;3
1987-05-17 11:00:00Z;5.992111;0;3
1987-05-18 11:00:00Z;7.317581;0;3
1987-05-19 11:00:00Z;7.317581;0;3
1987-05-20 11:00:00Z;6.854502;0;3
1987-05-21 11:00:00Z;5.992111;0;3
1987-05-22 11:00:00Z;5.591575;0;3
1987-05-23 11:00:00Z;5.303548;0;3
1987-05-24 11:00:00Z;5.303548;0;3
1987-05-25 11:00:00Z;5.303548;0;3
1987-05-26 11:00:00Z;5.303548;0;3
1987-05-27 11:00:00Z;4.409753;0;3
1987-05-28 11:00:00Z;4.409753;0;3
1987-05-29 11:00:00Z;4.409753;0;3
1987-05-30 11:00:00Z;3.643716;0;3
1987-05-31 11:00:00Z;3.643716;0;3
1987-06-01 11:00:00Z;3.643716;0;3
1987-06-02 11:00:00Z;4.409753;0;3
1987-06-03 11:00:00Z;4.409753;0;3
1987-06-04 11:00:00Z;4.409753;0;3
1987-06-05 11:00:00Z;4.409753;0;3
1987-06-06 11:00:00Z;3.643716;0;3
1987-06-07 11:00:00Z;5.303548;0;3
1987-06-08 11:00:00Z;8.310637;0;3
1987-06-09 11:00:00Z;10.58221;0;3
1987-06-10 11:00:00Z;10.58221;0;3
1987-06-11 11:00:00Z;9.977013;0;3
1987-06-12 11:00:00Z;8.310637;0;3
1987-06-13 11:00:00Z;6.854502;0;3
1987-06-14 11:00:00Z;5.591575;0;3
1987-06-15 11:00:00Z;5.591575;0;3
1987-06-16 11:00:00Z;5.992111;0;3
1987-06-17 11:00:00Z;5.992111;0;3
1987-06-18 11:00:00Z;6.412881;0;3
1987-06-19 11:00:00Z;6.854502;0;3
1987-06-20 11:00:00Z;5.992111;0;3
1987-06-21 11:00:00Z;5.303548;0;3
1987-06-22 11:00:00Z;3.643716;0;3
1987-06-23 11:00:00Z;3.643716;0;3
1987-06-24 11:00:00Z;3.643716;0;3
1987-06-25 11:00:00Z;3.643716;0;3
1987-06-26 11:00:00Z;2.990656;0;3
1987-06-27 11:00:00Z;2.990656;0;3
1987-06-28 11:00:00Z;2.990656;0;3
1987-06-29 11:00:00Z;3.643716;0;3
1987-06-30 11:00:00Z;3.643716;0;3
1987-07-01 11:00:00Z;6.412881;0;3
1987-07-02 11:00:00Z;5.992111;0;3
1987-07-03 11:00:00Z;5.992111;0;3
1987-07-04 11:00:00Z;5.591575;0;3
1987-07-05 11:00:00Z;4.409753;0;3
1987-07-06 11:00:00Z;3.643716;0;3
1987-07-07 11:00:00Z;3.643716;0;3
1987-07-08 11:00:00Z;4.409753;0;3
1987-07-09 11:00:00Z;3.643716;0;3
1987-07-10 11:00:00Z;2.990656;0;3
1987-07-11 11:00:00Z;2.990656;0;3
1987-07-12 11:00:00Z;2.990656;0;3
1987-07-13 11:00:00Z;2.990656;0;3
1987-07-14 11:00:00Z;3.643716;0;3
1987-07-15 11:00:00Z;3.643716;0;3
1987-07-16 11:00:00Z;3.643716;0;3
1987-07-17 11:00:00Z;3.643716;0;3
1987-07-18 11:00:00Z;3.643716;0;3
1987-07-19 11:00:00Z;4.409753;0;3
1987-07-20 11:00:00Z;4.409753;0;3
1987-07-21 11:00:00Z;5.992111;0;3
1987-07-22 11:00:00Z;5.303548;0;3
1987-07-23 11:00:00Z;3.643716;0;3
1987-07-24 11:00:00Z;2.990656;0;3
1987-07-25 11:00:00Z;3.643716;0;3
1987-07-26 11:00:00Z;3.643716;0;3
1987-07-27 11:00:00Z;3.643716;0;3
1987-07-28 11:00:00Z;3.643716;0;3
1987-07-29 11:00:00Z;3.643716;0;3
1987-07-30 11:00:00Z;3.643716;0;3
1987-07-31 11:00:00Z;3.643716;0;3
1987-08-01 11:00:00Z;3.643716;0;3
1987-08-02 11:00:00Z;4.409753;0;3
1987-08-03 11:00:00Z;5.591575;0;3
1987-08-04 11:00:00Z;5.303548;0;3
1987-08-05 11:00:00Z;4.409753;0;3
1987-08-06 11:00:00Z;4.409753;0;3
1987-08-07 11:00:00Z;5.992111;0;3
1987-08-08 11:00:00Z;19.10326;0;3
1987-08-09 11:00:00Z;25.40726;0;3
1987-08-10 11:00:00Z;14.01116;0;3
1987-08-11 11:00:00Z;9.397121;0;3
1987-08-12 11:00:00Z;7.802749;0;3
1987-08-13 11:00:00Z;6.854502;0;3
1987-08-14 11:00:00Z;6.412881;0;3
1987-08-15 11:00:00Z;9.977013;0;3
1987-08-16 11:00:00Z;13.26939;0;3
1987-08-17 11:00:00Z;9.977013;0;3
1987-08-18 11:00:00Z;8.310637;0;3
1987-08-19 11:00:00Z;6.854502;0;3
1987-08-20 11:00:00Z;5.992111;0;3
1987-08-21 11:00:00Z;6.854502;0;3
1987-08-22 11:00:00Z;35.97778;0;3
1987-08-23 11:00:00Z;22.09385;0;3
1987-08-24 11:00:00Z;17.279;0;3
1987-08-25 11:00:00Z;12.55628;0;3
1987-08-26 11:00:00Z;18.17467;0;3
1987-08-27 11:00:00Z;45.74953;0;3
1987-08-28 11:00:00Z;25.40726;0;3
1987-08-29 11:00:00Z;14.01116;0;3
1987-08-30 11:00:00Z;9.977013;0;3
1987-08-31 11:00:00Z;7.802749;0;3
1987-09-01 11:00:00Z;6.854502;0;3
1987-09-02 11:00:00Z;5.992111;0;3
1987-09-03 11:00:00Z;5.303548;0;3
1987-09-04 11:00:00Z;4.409753;0;3
1987-09-05 11:00:00Z;5.303548;0;3
1987-09-06 11:00:00Z;6.412881;0;3
1987-09-07 11:00:00Z;21.06212;0;3
1987-09-08 11:00:00Z;26.58699;0;3
1987-09-09 11:00:00Z;18.17467;0;3
1987-09-10 11:00:00Z;25.40726;0;3
1987-09-11 11:00:00Z;49.39275;0;3
1987-09-12 11:00:00Z;37.4906;0;3
1987-09-13 11:00:00Z;26.58699;0;3
1987-09-14 11:00:00Z;23.16146;0;3
1987-09-15 11:00:00Z;68.41315;0;3
1987-09-16 11:00:00Z;49.39275;0;3
1987-09-17 11:00:00Z;21.06212;0;3
1987-09-18 11:00:00Z;14.01116;0;3
1987-09-19 11:00:00Z;14.78232;0;3
1987-09-20 11:00:00Z;26.58699;0;3
1987-09-21 11:00:00Z;15.58354;0;3
1987-09-22 11:00:00Z;16.41553;0;3
1987-09-23 11:00:00Z;35.97778;0;3
1987-09-24 11:00:00Z;40.65275;0;3
1987-09-25 11:00:00Z;55.24253;0;3
1987-09-26 11:00:00Z;24.26567;0;3
1987-09-27 11:00:00Z;14.78232;0;3
1987-09-28 11:00:00Z;10.58221;0;3
1987-09-29 11:00:00Z;8.310637;0;3
1987-09-30 11:00:00Z;7.317581;0;3
1987-10-01 11:00:00Z;6.412881;0;3
1987-10-02 11:00:00Z;5.591575;0;3
1987-10-03 11:00:00Z;5.303548;0;3
1987-10-04 11:00:00Z;4.409753;0;3
1987-10-05 11:00:00Z;3.643716;0;3
1987-10-06 11:00:00Z;11.87117;0;3
1987-10-07 11:00:00Z;44.00234;0;3
1987-10-08 11:00:00Z;112.7031;0;3
1987-10-09 11:00:00Z;156.3457;0;3
1987-10-10 11:00:00Z;121.8971;0;3
1987-10-11 11:00:00Z;68.41315;0;3
1987-10-12 11:00:00Z;33.08457;0;3
1987-10-13 11:00:00Z;31.70259;0;3
1987-10-14 11:00:00Z;37.4906;0;3
1987-10-15 11:00:00Z;77.12577;0;3
1987-10-16 11:00:00Z;214.4621;0;3
1987-10-17 11:00:00Z;240.5428;0;3
1987-10-18 11:00:00Z;92.32748;0;3
1987-10-19 11:00:00Z;37.4906;0;3
1987-10-20 11:00:00Z;21.06212;0;3
1987-10-21 11:00:00Z;14.78232;0;3
1987-10-22 11:00:00Z;11.87117;0;3
1987-10-23 11:00:00Z;14.01116;0;3
1987-10-24 11:00:00Z;19.10326;0;3
1987-10-25 11:00:00Z;14.01116;0;3
1987-10-26 11:00:00Z;10.58221;0;3
1987-10-27 11:00:00Z;9.397121;0;3
1987-10-28 11:00:00Z;8.841879;0;3
1987-10-29 11:00:00Z;15.58354;0;3
1987-10-30 11:00:00Z;15.58354;0;3
1987-10-31 11:00:00Z;14.78232;0;3
1987-11-01 11:00:00Z;13.26939;0;3
1987-11-02 11:00:00Z;11.87117;0;3
1987-11-03 11:00:00Z;9.977013;0;3
1987-11-04 11:00:00Z;8.310637;0;3
1987-11-05 11:00:00Z;7.317581;0;3
1987-11-06 11:00:00Z;6.412881;0;3
1987-11-07 11:00:00Z;5.591575;0;3
1987-11-08 11:00:00Z;5.303548;0;3
1987-11-09 11:00:00Z;5.303548;0;3
1987-11-10 11:00:00Z;5.591575;0;3
1987-11-11 11:00:00Z;5.303548;0;3
1987-11-12 11:00:00Z;5.992111;0;3
1987-11-13 11:00:00Z;8.841879;0;3
1987-11-14 11:00:00Z;19.10326;0;3
1987-11-15 11:00:00Z;20.0655;0;3
1987-11-16 11:00:00Z;26.58699;0;3
1987-11-17 11:00:00Z;70.8092;0;3
1987-11-18 11:00:00Z;40.65275;0;3
1987-11-19 11:00:00Z;34.50937;0;3
1987-11-20 11:00:00Z;44.00234;0;3
1987-11-21 11:00:00Z;30.36262;0;3
1987-11-22 11:00:00Z;20.0655;0;3
1987-11-23 11:00:00Z;15.58354;0;3
1987-11-24 11:00:00Z;12.55628;0;3
1987-11-25 11:00:00Z;10.58221;0;3
1987-11-26 11:00:00Z;9.397121;0;3
1987-11-27 11:00:00Z;7.317581;0;3
1987-11-28 11:00:00Z;6.412881;0;3
1987-11-29 11:00:00Z;5.303548;0;3
1987-11-30 11:00:00Z;3.643716;0;3
1987-12-01 11:00:00Z;2.990656;0;3
1987-12-02 11:00:00Z;2.437073;0;3
1987-12-03 11:00:00Z;1.580313;0;3
1987-12-04 11:00:00Z;1.255905;0;3
1987-12-05 11:00:00Z;0.9883781;0;3
1987-12-06 11:00:00Z;0.9883781;0;3
1987-12-07 11:00:00Z;0.9883781;0;3
1987-12-08 11:00:00Z;0.9883781;0;3
1987-12-09 11:00:00Z;1.580313;0;3
1987-12-10 11:00:00Z;1.580313;0;3
1987-12-11 11:00:00Z;1.970676;0;3
1987-12-12 11:00:00Z;1.580313;0;3
1987-12-13 11:00:00Z;1.580313;0;3
1987-12-14 11:00:00Z;1.580313;0;3
1987-12-15 11:00:00Z;1.255905;0;3
1987-12-16 11:00:00Z;1.255905;0;3
1987-12-17 11:00:00Z;1.580313;0;3
1987-12-18 11:00:00Z;1.580313;0;3
1987-12-19 11:00:00Z;1.580313;0;3
1987-12-20 11:00:00Z;3.643716;0;3
1987-12-21 11:00:00Z;10.58221;0;3
1987-12-22 11:00:00Z;14.01116;0;3
1987-12-23 11:00:00Z;18.17467;0;3
1987-12-24 11:00:00Z;12.55628;0;3
1987-12-25 11:00:00Z;8.841879;0;3
1987-12-26 11:00:00Z;14.78232;0;3
1987-12-27 11:00:00Z;34.50937;0;3
1987-12-28 11:00:00Z;31.70259;0;3
1987-12-29 11:00:00Z;18.17467;0;3
1987-12-30 11:00:00Z;29.06389;0;3
1987-12-31 11:00:00Z;29.06389;0;3
1988-01-01 11:00:00Z;42.3037;0;3
1988-01-02 11:00:00Z;93.93563;0;3
1988-01-03 11:00:00Z;53.24014;0;3
1988-01-04 11:00:00Z;25.40726;0;3
1988-01-05 11:00:00Z;15.58354;0;3
1988-01-06 11:00:00Z;11.87117;0;3
1988-01-07 11:00:00Z;9.977013;0;3
1988-01-08 11:00:00Z;7.317581;0;3
1988-01-09 11:00:00Z;7.802749;0;3
1988-01-10 11:00:00Z;53.24014;0;3
1988-01-11 11:00:00Z;37.4906;0;3
1988-01-12 11:00:00Z;19.10326;0;3
1988-01-13 11:00:00Z;20.0655;0;3
1988-01-14 11:00:00Z;63.79687;0;3
1988-01-15 11:00:00Z;95.55996;0;3
1988-01-16 11:00:00Z;37.4906;0;3
1988-01-17 11:00:00Z;20.0655;0;3
1988-01-18 11:00:00Z;17.279;0;3
1988-01-19 11:00:00Z;19.10326;0;3
1988-01-20 11:00:00Z;34.50937;0;3
1988-01-21 11:00:00Z;68.41315;0;3
1988-01-22 11:00:00Z;39.04865;0;3
1988-01-23 11:00:00Z;20.0655;0;3
1988-01-24 11:00:00Z;13.26939;0;3
1988-01-25 11:00:00Z;9.397121;0;3
1988-01-26 11:00:00Z;7.802749;0;3
1988-01-27 11:00:00Z;6.854502;0;3
1988-01-28 11:00:00Z;5.992111;0;3
1988-01-29 11:00:00Z;5.591575;0;3
1988-01-30 11:00:00Z;5.992111;0;3
1988-01-31 11:00:00Z;11.21337;0;3
1988-02-01 11:00:00Z;4.409753;0;3
1988-02-02 11:00:00Z;13.26939;0;3
1988-02-03 11:00:00Z;45.74953;0;3
1988-02-04 11:00:00Z;37.4906;0;3
1988-02-05 11:00:00Z;47.54604;0;3
1988-02-06 11:00:00Z;31.70259;0;3
1988-02-07 11:00:00Z;18.17467;0;3
1988-02-08 11:00:00Z;11.87117;0;3
1988-02-09 11:00:00Z;7.802749;0;3
1988-02-10 11:00:00Z;6.854502;0;3
1988-02-11 11:00:00Z;8.841879;0;3
1988-02-12 11:00:00Z;5.303548;0;3
1988-02-13 11:00:00Z;2.437073;0;3
1988-02-14 11:00:00Z;4.409753;0;3
1988-02-15 11:00:00Z;9.397121;0;3
1988-02-16 11:00:00Z;11.87117;0;3
1988-02-17 11:00:00Z;9.977013;0;3
1988-02-18 11:00:00Z;8.310637;0;3
1988-02-19 11:00:00Z;6.854502;0;3
1988-02-20 11:00:00Z;5.992111;0;3
1988-02-21 11:00:00Z;5.591575;0;3
1988-02-22 11:00:00Z;6.412881;0;3
1988-02-23 11:00:00Z;7.317581;0;3
1988-02-24 11:00:00Z;5.992111;0;3
1988-02-25 11:00:00Z;4.409753;0;3
1988-02-26 11:00:00Z;4.409753;0;3
1988-02-27 11:00:00Z;4.409753;0;3
1988-02-28 11:00:00Z;5.303548;0;3
1988-02-29 11:00:00Z;5.591575;0;3
1988-03-01 11:00:00Z;5.303548;0;3
1988-03-02 11:00:00Z;4.409753;0;3
1988-03-03 11:00:00Z;4.409753;0;3
1988-03-04 11:00:00Z;5.303548;0;3
1988-03-05 11:00:00Z;3.643716;0;3
1988-03-06 11:00:00Z;3.643716;0;3
1988-03-07 11:00:00Z;2.990656;0;3
1988-03-08 11:00:00Z;2.437073;0;3
1988-03-09 11:00:00Z;2.990656;0;3
1988-03-10 11:00:00Z;2.990656;0;3
1988-03-11 11:00:00Z;2.990656;0;3
1988-03-12 11:00:00Z;2.437073;0;3
1988-03-13 11:00:00Z;1.970676;0;3
1988-03-14 11:00:00Z;1.970676;0;3
1988-03-15 11:00:00Z;1.970676;0;3
1988-03-16 11:00:00Z;1.580313;0;3
1988-03-17 11:00:00Z;1.970676;0;3
1988-03-18 11:00:00Z;1.970676;0;3
1988-03-19 11:00:00Z;1.580313;0;3
1988-03-20 11:00:00Z;1.970676;0;3
1988-03-21 11:00:00Z;1.970676;0;3
1988-03-22 11:00:00Z;1.970676;0;3
1988-03-23 11:00:00Z;1.970676;0;3
1988-03-24 11:00:00Z;1.580313;0;3
1988-03-25 11:00:00Z;1.580313;0;3
1988-03-26 11:00:00Z;1.580313;0;3
1988-03-27 11:00:00Z;1.580313;0;3
1988-03-28 11:00:00Z;1.580313;0;3
1988-03-29 11:00:00Z;1.970676;0;3
1988-03-30 11:00:00Z;1.970676;0;3
1988-03-31 11:00:00Z;2.990656;0;3
1988-04-01 11:00:00Z;5.303548;0;3
1988-04-02 11:00:00Z;5.992111;0;3
1988-04-03 11:00:00Z;7.802749;0;3
1988-04-04 11:00:00Z;8.841879;0;3
1988-04-05 11:00:00Z;9.977013;0;3
1988-04-06 11:00:00Z;15.58354;0;3
1988-04-07 11:00:00Z;26.58699;0;3
1988-04-08 11:00:00Z;35.97778;0;3
1988-04-09 11:00:00Z;24.26567;0;3
1988-04-10 11:00:00Z;15.58354;0;3
1988-04-11 11:00:00Z;13.26939;0;3
1988-04-12 11:00:00Z;10.58221;0;3
1988-04-13 11:00:00Z;9.397121;0;3
1988-04-14 11:00:00Z;8.310637;0;3
1988-04-15 11:00:00Z;7.317581;0;3
1988-04-16 11:00:00Z;9.397121;0;3
1988-04-17 11:00:00Z;27.8056;0;3
1988-04-18 11:00:00Z;44.00234;0;3
1988-04-19 11:00:00Z;34.50937;0;3
1988-04-20 11:00:00Z;26.58699;0;3
1988-04-21 11:00:00Z;57.29853;0;3
1988-04-22 11:00:00Z;40.65275;0;3
1988-04-23 11:00:00Z;22.09385;0;3
1988-04-24 11:00:00Z;14.01116;0;3
1988-04-25 11:00:00Z;10.58221;0;3
1988-04-26 11:00:00Z;9.397121;0;3
1988-04-27 11:00:00Z;8.841879;0;3
1988-04-28 11:00:00Z;8.841879;0;3
1988-04-29 11:00:00Z;10.58221;0;3
1988-04-30 11:00:00Z;10.58221;0;3
1988-05-01 11:00:00Z;11.87117;0;3
1988-05-02 11:00:00Z;26.58699;0;3
1988-05-03 11:00:00Z;59.40901;0;3
1988-05-04 11:00:00Z;70.8092;0;3
1988-05-05 11:00:00Z;63.79687;0;3
1988-05-06 11:00:00Z;57.29853;0;3
1988-05-07 11:00:00Z;49.39275;0;3
1988-05-08 11:00:00Z;51.2905;0;3
1988-05-09 11:00:00Z;66.07602;0;3
1988-05-10 11:00:00Z;42.3037;0;3
1988-05-11 11:00:00Z;31.70259;0;3
1988-05-12 11:00:00Z;29.06389;0;3
1988-05-13 11:00:00Z;37.4906;0;3
1988-05-14 11:00:00Z;34.50937;0;3
1988-05-15 11:00:00Z;25.40726;0;3
1988-05-16 11:00:00Z;21.06212;0;3
1988-05-17 11:00:00Z;18.17467;0;3
1988-05-18 11:00:00Z;14.01116;0;3
1988-05-19 11:00:00Z;10.58221;0;3
1988-05-20 11:00:00Z;7.802749;0;3
1988-05-21 11:00:00Z;6.854502;0;3
1988-05-22 11:00:00Z;6.412881;0;3
1988-05-23 11:00:00Z;6.412881;0;3
1988-05-24 11:00:00Z;6.412881;0;3
1988-05-25 11:00:00Z;6.412881;0;3
1988-05-26 11:00:00Z;7.317581;0;3
1988-05-27 11:00:00Z;8.841879;0;3
1988-05-28 11:00:00Z;14.78232;0;3
1988-05-29 11:00:00Z;34.50937;0;3
1988-05-30 11:00:00Z;30.36262;0;3
1988-05-31 11:00:00Z;17.279;0;3
1988-06-01 11:00:00Z;11.21337;0;3
1988-06-02 11:00:00Z;8.841879;0;3
1988-06-03 11:00:00Z;7.317581;0;3
1988-06-04 11:00:00Z;6.412881;0;3
1988-06-05 11:00:00Z;6.854502;0;3
1988-06-06 11:00:00Z;8.310637;0;3
1988-06-07 11:00:00Z;7.802749;0;3
1988-06-08 11:00:00Z;6.412881;0;3
1988-06-09 11:00:00Z;5.992111;0;3
1988-06-10 11:00:00Z;5.591575;0;3
1988-06-11 11:00:00Z;4.409753;0;3
1988-06-12 11:00:00Z;3.643716;0;3
1988-06-13 11:00:00Z;2.990656;0;3
1988-06-14 11:00:00Z;2.990656;0;3
1988-06-15 11:00:00Z;3.643716;0;3
1988-06-16 11:00:00Z;2.990656;0;3
1988-06-17 11:00:00Z;2.990656;0;3
1988-06-18 11:00:00Z;2.990656;0;3
1988-06-19 11:00:00Z;3.643716;0;3
1988-06-20 11:00:00Z;5.591575;0;3
1988-06-21 11:00:00Z;4.409753;0;3
1988-06-22 11:00:00Z;4.409753;0;3
1988-06-23 11:00:00Z;3.643716;0;3
1988-06-24 11:00:00Z;2.990656;0;3
1988-06-25 11:00:00Z;3.643716;0;3
1988-06-26 11:00:00Z;3.643716;0;3
1988-06-27 11:00:00Z;3.643716;0;3
1988-06-28 11:00:00Z;3.643716;0;3
1988-06-29 11:00:00Z;3.643716;0;3
1988-06-30 11:00:00Z;4.409753;0;3
1988-07-01 11:00:00Z;5.303548;0;3
1988-07-02 11:00:00Z;5.303548;0;3
1988-07-03 11:00:00Z;7.802749;0;3
1988-07-04 11:00:00Z;9.397121;0;3
1988-07-05 11:00:00Z;33.08457;0;3
1988-07-06 11:00:00Z;63.79687;0;3
1988-07-07 11:00:00Z;45.74953;0;3
1988-07-08 11:00:00Z;31.70259;0;3
1988-07-09 11:00:00Z;47.54604;0;3
1988-07-10 11:00:00Z;24.26567;0;3
1988-07-11 11:00:00Z;89.15953;0;3
1988-07-12 11:00:00Z;63.79687;0;3
1988-07-13 11:00:00Z;39.04865;0;3
1988-07-14 11:00:00Z;20.0655;0;3
1988-07-15 11:00:00Z;13.26939;0;3
1988-07-16 11:00:00Z;11.87117;0;3
1988-07-17 11:00:00Z;9.977013;0;3
1988-07-18 11:00:00Z;11.87117;0;3
1988-07-19 11:00:00Z;13.26939;0;3
1988-07-20 11:00:00Z;8.841879;0;3
1988-07-21 11:00:00Z;6.412881;0;3
1988-07-22 11:00:00Z;5.303548;0;3
1988-07-23 11:00:00Z;3.643716;0;3
1988-07-24 11:00:00Z;5.591575;0;3
1988-07-25 11:00:00Z;18.17467;0;3
1988-07-26 11:00:00Z;23.16146;0;3
1988-07-27 11:00:00Z;26.58699;0;3
1988-07-28 11:00:00Z;26.58699;0;3
1988-07-29 11:00:00Z;49.39275;0;3
1988-07-30 11:00:00Z;152.033;0;3
1988-07-31 11:00:00Z;103.9259;0;3
1988-08-01 11:00:00Z;47.54604;0;3
1988-08-02 11:00:00Z;22.09385;0;3
1988-08-03 11:00:00Z;12.55628;0;3
1988-08-04 11:00:00Z;9.397121;0;3
1988-08-05 11:00:00Z;7.802749;0;3
1988-08-06 11:00:00Z;6.412881;0;3
1988-08-07 11:00:00Z;5.591575;0;3
1988-08-08 11:00:00Z;4.409753;0;3
1988-08-09 11:00:00Z;3.643716;0;3
1988-08-10 11:00:00Z;3.643716;0;3
1988-08-11 11:00:00Z;3.643716;0;3
1988-08-12 11:00:00Z;4.409753;0;3
1988-08-13 11:00:00Z;7.317581;0;3
1988-08-14 11:00:00Z;8.310637;0;3
1988-08-15 11:00:00Z;22.09385;0;3
1988-08-16 11:00:00Z;45.74953;0;3
1988-08-17 11:00:00Z;29.06389;0;3
1988-08-18 11:00:00Z;15.58354;0;3
1988-08-19 11:00:00Z;18.17467;0;3
1988-08-20 11:00:00Z;66.07602;0;3
1988-08-21 11:00:00Z;55.24253;0;3
1988-08-22 11:00:00Z;25.40726;0;3
1988-08-23 11:00:00Z;14.78232;0;3
1988-08-24 11:00:00Z;11.87117;0;3
1988-08-25 11:00:00Z;13.26939;0;3
1988-08-26 11:00:00Z;51.2905;0;3
1988-08-27 11:00:00Z;34.50937;0;3
1988-08-28 11:00:00Z;23.16146;0;3
1988-08-29 11:00:00Z;53.24014;0;3
1988-08-30 11:00:00Z;55.24253;0;3
1988-08-31 11:00:00Z;42.3037;0;3
1988-09-01 11:00:00Z;47.54604;0;3
1988-09-02 11:00:00Z;55.24253;0;3
1988-09-03 11:00:00Z;68.41315;0;3
1988-09-04 11:00:00Z;42.3037;0;3
1988-09-05 11:00:00Z;57.29853;0;3
1988-09-06 11:00:00Z;68.41315;0;3
1988-09-07 11:00:00Z;29.06389;0;3
1988-09-08 11:00:00Z;17.279;0;3
1988-09-09 11:00:00Z;11.87117;0;3
1988-09-10 11:00:00Z;8.841879;0;3
1988-09-11 11:00:00Z;7.317581;0;3
1988-09-12 11:00:00Z;6.412881;0;3
1988-09-13 11:00:00Z;6.412881;0;3
1988-09-14 11:00:00Z;5.591575;0;3
1988-09-15 11:00:00Z;5.303548;0;3
1988-09-16 11:00:00Z;4.409753;0;3
1988-09-17 11:00:00Z;2.990656;0;3
1988-09-18 11:00:00Z;2.990656;0;3
1988-09-19 11:00:00Z;2.990656;0;3
1988-09-20 11:00:00Z;2.990656;0;3
1988-09-21 11:00:00Z;3.643716;0;3
1988-09-22 11:00:00Z;3.643716;0;3
1988-09-23 11:00:00Z;13.26939;0;3
1988-09-24 11:00:00Z;68.41315;0;3
1988-09-25 11:00:00Z;35.97778;0;3
1988-09-26 11:00:00Z;22.09385;0;3
1988-09-27 11:00:00Z;24.26567;0;3
1988-09-28 11:00:00Z;31.70259;0;3
1988-09-29 11:00:00Z;42.3037;0;3
1988-09-30 11:00:00Z;31.70259;0;3
1988-10-01 11:00:00Z;20.0655;0;3
1988-10-02 11:00:00Z;13.26939;0;3
1988-10-03 11:00:00Z;9.977013;0;3
1988-10-04 11:00:00Z;8.310637;0;3
1988-10-05 11:00:00Z;7.317581;0;3
1988-10-06 11:00:00Z;10.58221;0;3
1988-10-07 11:00:00Z;78.57465;0;3
1988-10-08 11:00:00Z;51.2905;0;3
1988-10-09 11:00:00Z;49.39275;0;3
1988-10-10 11:00:00Z;81.51962;0;3
1988-10-11 11:00:00Z;31.70259;0;3
1988-10-12 11:00:00Z;16.41553;0;3
1988-10-13 11:00:00Z;11.87117;0;3
1988-10-14 11:00:00Z;10.58221;0;3
1988-10-15 11:00:00Z;9.397121;0;3
1988-10-16 11:00:00Z;8.310637;0;3
1988-10-17 11:00:00Z;7.317581;0;3
1988-10-18 11:00:00Z;6.412881;0;3
1988-10-19 11:00:00Z;5.591575;0;3
1988-10-20 11:00:00Z;4.409753;0;3
1988-10-21 11:00:00Z;3.643716;0;3
1988-10-22 11:00:00Z;2.437073;0;3
1988-10-23 11:00:00Z;2.437073;0;3
1988-10-24 11:00:00Z;2.437073;0;3
1988-10-25 11:00:00Z;2.437073;0;3
1988-10-26 11:00:00Z;1.970676;0;3
1988-10-27 11:00:00Z;7.802749;0;3
1988-10-28 11:00:00Z;35.97778;0;3
1988-10-29 11:00:00Z;45.74953;0;3
1988-10-30 11:00:00Z;18.17467;0;3
1988-10-31 11:00:00Z;11.21337;0;3
1988-11-01 11:00:00Z;8.841879;0;3
1988-11-02 11:00:00Z;10.58221;0;3
1988-11-03 11:00:00Z;8.310637;0;3
1988-11-04 11:00:00Z;6.854502;0;3
1988-11-05 11:00:00Z;5.992111;0;3
1988-11-06 11:00:00Z;5.591575;0;3
1988-11-07 11:00:00Z;5.591575;0;3
1988-11-08 11:00:00Z;5.591575;0;3
1988-11-09 11:00:00Z;5.303548;0;3
1988-11-10 11:00:00Z;5.992111;0;3
1988-11-11 11:00:00Z;24.26567;0;3
1988-11-12 11:00:00Z;29.06389;0;3
1988-11-13 11:00:00Z;30.36262;0;3
1988-11-14 11:00:00Z;24.26567;0;3
1988-11-15 11:00:00Z;14.01116;0;3
1988-11-16 11:00:00Z;10.58221;0;3
1988-11-17 11:00:00Z;8.310637;0;3
1988-11-18 11:00:00Z;7.317581;0;3
1988-11-19 11:00:00Z;6.412881;0;3
1988-11-20 11:00:00Z;5.591575;0;3
1988-11-21 11:00:00Z;3.643716;0;3
1988-11-22 11:00:00Z;2.990656;0;3
1988-11-23 11:00:00Z;2.437073;0;3
1988-11-24 11:00:00Z;2.990656;0;3
1988-11-25 11:00:00Z;2.437073;0;3
1988-11-26 11:00:00Z;2.437073;0;3
1988-11-27 11:00:00Z;3.643716;0;3
1988-11-28 11:00:00Z;3.643716;0;3
1988-11-29 11:00:00Z;8.841879;0;3
1988-11-30 11:00:00Z;9.397121;0;3
1988-12-01 11:00:00Z;6.854502;0;3
1988-12-02 11:00:00Z;4.409753;0;3
1988-12-03 11:00:00Z;3.643716;0;3
1988-12-04 11:00:00Z;2.990656;0;3
1988-12-05 11:00:00Z;2.990656;0;3
1988-12-06 11:00:00Z;2.437073;0;3
1988-12-07 11:00:00Z;1.970676;0;3
1988-12-08 11:00:00Z;2.437073;0;3
1988-12-09 11:00:00Z;6.854502;0;3
1988-12-10 11:00:00Z;8.310637;0;3
1988-12-11 11:00:00Z;11.21337;0;3
1988-12-12 11:00:00Z;39.04865;0;3
1988-12-13 11:00:00Z;17.279;0;3
1988-12-14 11:00:00Z;11.21337;0;3
1988-12-15 11:00:00Z;7.802749;0;3
1988-12-16 11:00:00Z;6.854502;0;3
1988-12-17 11:00:00Z;6.854502;0;3
1988-12-18 11:00:00Z;7.317581;0;3
1988-12-19 11:00:00Z;11.21337;0;3
1988-12-20 11:00:00Z;8.841879;0;3
1988-12-21 11:00:00Z;7.317581;0;3
1988-12-22 11:00:00Z;15.58354;0;3
1988-12-23 11:00:00Z;23.16146;0;3
1988-12-24 11:00:00Z;15.58354;0;3
1988-12-25 11:00:00Z;13.26939;0;3
1988-12-26 11:00:00Z;18.17467;0;3
1988-12-27 11:00:00Z;77.12577;0;3
1988-12-28 11:00:00Z;61.57483;0;3
1988-12-29 11:00:00Z;57.29853;0;3
1988-12-30 11:00:00Z;55.24253;0;3
1988-12-31 11:00:00Z;37.4906;0;3
1989-01-01 11:00:00Z;20.0655;0;3
1989-01-02 11:00:00Z;13.26939;0;3
1989-01-03 11:00:00Z;11.21337;0;3
1989-01-04 11:00:00Z;10.58221;0;3
1989-01-05 11:00:00Z;17.279;0;3
1989-01-06 11:00:00Z;20.0655;0;3
1989-01-07 11:00:00Z;13.26939;0;3
1989-01-08 11:00:00Z;9.977013;0;3
1989-01-09 11:00:00Z;14.78232;0;3
1989-01-10 11:00:00Z;35.97778;0;3
1989-01-11 11:00:00Z;21.06212;0;3
1989-01-12 11:00:00Z;47.54604;0;3
1989-01-13 11:00:00Z;87.59965;0;3
1989-01-14 11:00:00Z;81.51962;0;3
1989-01-15 11:00:00Z;156.3457;0;3
1989-01-16 11:00:00Z;176.6283;0;3
1989-01-17 11:00:00Z;87.59965;0;3
1989-01-18 11:00:00Z;44.00234;0;3
1989-01-19 11:00:00Z;39.04865;0;3
1989-01-20 11:00:00Z;31.70259;0;3
1989-01-21 11:00:00Z;23.16146;0;3
1989-01-22 11:00:00Z;27.8056;0;3
1989-01-23 11:00:00Z;20.0655;0;3
1989-01-24 11:00:00Z;21.06212;0;3
1989-01-25 11:00:00Z;20.0655;0;3
1989-01-26 11:00:00Z;16.41553;0;3
1989-01-27 11:00:00Z;12.55628;0;3
1989-01-28 11:00:00Z;24.26567;0;3
1989-01-29 11:00:00Z;37.4906;0;3
1989-01-30 11:00:00Z;112.7031;0;3
1989-01-31 11:00:00Z;78.57465;0;3
1989-02-01 11:00:00Z;34.50937;0;3
1989-02-02 11:00:00Z;20.0655;0;3
1989-02-03 11:00:00Z;23.16146;0;3
1989-02-04 11:00:00Z;103.9259;0;3
1989-02-05 11:00:00Z;165.1826;0;3
1989-02-06 11:00:00Z;125.6926;0;3
1989-02-07 11:00:00Z;216.0386;0;3
1989-02-08 11:00:00Z;259.5478;0;3
1989-02-09 11:00:00Z;141.5568;0;3
1989-02-10 11:00:00Z;40.65275;0;3
1989-02-11 11:00:00Z;18.17467;0;3
1989-02-12 11:00:00Z;17.279;0;3
1989-02-13 11:00:00Z;19.10326;0;3
1989-02-14 11:00:00Z;23.16146;0;3
1989-02-15 11:00:00Z;61.57483;0;3
1989-02-16 11:00:00Z;59.40901;0;3
1989-02-17 11:00:00Z;25.40726;0;3
1989-02-18 11:00:00Z;16.41553;0;3
1989-02-19 11:00:00Z;27.8056;0;3
1989-02-20 11:00:00Z;40.65275;0;3
1989-02-21 11:00:00Z;23.16146;0;3
1989-02-22 11:00:00Z;16.41553;0;3
1989-02-23 11:00:00Z;13.26939;0;3
1989-02-24 11:00:00Z;14.01116;0;3
1989-02-25 11:00:00Z;13.26939;0;3
1989-02-26 11:00:00Z;13.26939;0;3
1989-02-27 11:00:00Z;12.55628;0;3
1989-02-28 11:00:00Z;12.55628;0;3
1989-03-01 11:00:00Z;11.87117;0;3
1989-03-02 11:00:00Z;9.397121;0;3
1989-03-03 11:00:00Z;9.397121;0;3
1989-03-04 11:00:00Z;11.21337;0;3
1989-03-05 11:00:00Z;15.58354;0;3
1989-03-06 11:00:00Z;21.06212;0;3
1989-03-07 11:00:00Z;27.8056;0;3
1989-03-08 11:00:00Z;39.04865;0;3
1989-03-09 11:00:00Z;31.70259;0;3
1989-03-10 11:00:00Z;118.1692;0;3
1989-03-11 11:00:00Z;90.73545;0;3
1989-03-12 11:00:00Z;37.4906;0;3
1989-03-13 11:00:00Z;27.8056;0;3
1989-03-14 11:00:00Z;27.8056;0;3
1989-03-15 11:00:00Z;20.0655;0;3
1989-03-16 11:00:00Z;14.78232;0;3
1989-03-17 11:00:00Z;11.21337;0;3
1989-03-18 11:00:00Z;9.977013;0;3
1989-03-19 11:00:00Z;10.58221;0;3
1989-03-20 11:00:00Z;42.3037;0;3
1989-03-21 11:00:00Z;61.57483;0;3
1989-03-22 11:00:00Z;29.06389;0;3
1989-03-23 11:00:00Z;20.0655;0;3
1989-03-24 11:00:00Z;17.279;0;3
1989-03-25 11:00:00Z;21.06212;0;3
1989-03-26 11:00:00Z;18.17467;0;3
1989-03-27 11:00:00Z;13.26939;0;3
1989-03-28 11:00:00Z;15.58354;0;3
1989-03-29 11:00:00Z;45.74953;0;3
1989-03-30 11:00:00Z;35.97778;0;3
1989-03-31 11:00:00Z;30.36262;0;3
1989-04-01 11:00:00Z;39.04865;0;3
1989-04-02 11:00:00Z;26.58699;0;3
1989-04-03 11:00:00Z;17.279;0;3
1989-04-04 11:00:00Z;12.55628;0;3
1989-04-05 11:00:00Z;9.977013;0;3
1989-04-06 11:00:00Z;8.841879;0;3
1989-04-07 11:00:00Z;8.310637;0;3
1989-04-08 11:00:00Z;21.06212;0;3
1989-04-09 11:00:00Z;34.50937;0;3
1989-04-10 11:00:00Z;25.40726;0;3
1989-04-11 11:00:00Z;78.57465;0;3
1989-04-12 11:00:00Z;143.6172;0;3
1989-04-13 11:00:00Z;105.6483;0;3
1989-04-14 11:00:00Z;114.5084;0;3
1989-04-15 11:00:00Z;110.9145;0;3
1989-04-16 11:00:00Z;87.59965;0;3
1989-04-17 11:00:00Z;49.39275;0;3
1989-04-18 11:00:00Z;24.26567;0;3
1989-04-19 11:00:00Z;16.41553;0;3
1989-04-20 11:00:00Z;12.55628;0;3
1989-04-21 11:00:00Z;10.58221;0;3
1989-04-22 11:00:00Z;9.977013;0;3
1989-04-23 11:00:00Z;9.977013;0;3
1989-04-24 11:00:00Z;8.841879;0;3
1989-04-25 11:00:00Z;8.310637;0;3
1989-04-26 11:00:00Z;7.317581;0;3
1989-04-27 11:00:00Z;6.854502;0;3
1989-04-28 11:00:00Z;6.412881;0;3
1989-04-29 11:00:00Z;5.992111;0;3
1989-04-30 11:00:00Z;5.992111;0;3
1989-05-01 11:00:00Z;6.412881;0;3
1989-05-02 11:00:00Z;9.397121;0;3
1989-05-03 11:00:00Z;11.21337;0;3
1989-05-04 11:00:00Z;13.26939;0;3
1989-05-05 11:00:00Z;11.87117;0;3
1989-05-06 11:00:00Z;9.397121;0;3
1989-05-07 11:00:00Z;8.310637;0;3
1989-05-08 11:00:00Z;7.317581;0;3
1989-05-09 11:00:00Z;8.310637;0;3
1989-05-10 11:00:00Z;10.58221;0;3
1989-05-11 11:00:00Z;11.87117;0;3
1989-05-12 11:00:00Z;9.977013;0;3
1989-05-13 11:00:00Z;9.397121;0;3
1989-05-14 11:00:00Z;10.58221;0;3
1989-05-15 11:00:00Z;9.397121;0;3
1989-05-16 11:00:00Z;9.397121;0;3
1989-05-17 11:00:00Z;11.21337;0;3
1989-05-18 11:00:00Z;9.977013;0;3
1989-05-19 11:00:00Z;8.310637;0;3
1989-05-20 11:00:00Z;7.802749;0;3
1989-05-21 11:00:00Z;7.317581;0;3
1989-05-22 11:00:00Z;6.412881;0;3
1989-05-23 11:00:00Z;5.992111;0;3
1989-05-24 11:00:00Z;5.992111;0;3
1989-05-25 11:00:00Z;5.992111;0;3
1989-05-26 11:00:00Z;6.412881;0;3
1989-05-27 11:00:00Z;5.591575;0;3
1989-05-28 11:00:00Z;5.303548;0;3
1989-05-29 11:00:00Z;4.409753;0;3
1989-05-30 11:00:00Z;5.992111;0;3
1989-05-31 11:00:00Z;5.992111;0;3
1989-06-01 11:00:00Z;5.591575;0;3
1989-06-02 11:00:00Z;5.303548;0;3
1989-06-03 11:00:00Z;5.303548;0;3
1989-06-04 11:00:00Z;5.303548;0;3
1989-06-05 11:00:00Z;5.303548;0;3
1989-06-06 11:00:00Z;5.591575;0;3
1989-06-07 11:00:00Z;6.412881;0;3
1989-06-08 11:00:00Z;6.412881;0;3
1989-06-09 11:00:00Z;6.412881;0;3
1989-06-10 11:00:00Z;7.802749;0;3
1989-06-11 11:00:00Z;7.317581;0;3
1989-06-12 11:00:00Z;6.412881;0;3
1989-06-13 11:00:00Z;5.992111;0;3
1989-06-14 11:00:00Z;5.591575;0;3
1989-06-15 11:00:00Z;5.303548;0;3
1989-06-16 11:00:00Z;5.303548;0;3
1989-06-17 11:00:00Z;4.409753;0;3
1989-06-18 11:00:00Z;4.409753;0;3
1989-06-19 11:00:00Z;3.643716;0;3
1989-06-20 11:00:00Z;4.409753;0;3
1989-06-21 11:00:00Z;4.409753;0;3
1989-06-22 11:00:00Z;4.409753;0;3
1989-06-23 11:00:00Z;4.409753;0;3
1989-06-24 11:00:00Z;4.409753;0;3
1989-06-25 11:00:00Z;4.409753;0;3
1989-06-26 11:00:00Z;4.409753;0;3
1989-06-27 11:00:00Z;4.409753;0;3
1989-06-28 11:00:00Z;5.303548;0;3
1989-06-29 11:00:00Z;14.01116;0;3
1989-06-30 11:00:00Z;20.0655;0;3
1989-07-01 11:00:00Z;12.55628;0;3
1989-07-02 11:00:00Z;9.977013;0;3
1989-07-03 11:00:00Z;8.310637;0;3
1989-07-04 11:00:00Z;6.412881;0;3
1989-07-05 11:00:00Z;5.992111;0;3
1989-07-06 11:00:00Z;5.591575;0;3
1989-07-07 11:00:00Z;5.303548;0;3
1989-07-08 11:00:00Z;4.409753;0;3
1989-07-09 11:00:00Z;4.409753;0;3
1989-07-10 11:00:00Z;5.303548;0;3
1989-07-11 11:00:00Z;5.303548;0;3
1989-07-12 11:00:00Z;5.303548;0;3
1989-07-13 11:00:00Z;5.303548;0;3
1989-07-14 11:00:00Z;5.303548;0;3
1989-07-15 11:00:00Z;5.303548;0;3
1989-07-16 11:00:00Z;5.303548;0;3
1989-07-17 11:00:00Z;5.303548;0;3
1989-07-18 11:00:00Z;5.303548;0;3
1989-07-19 11:00:00Z;5.303548;0;3
1989-07-20 11:00:00Z;5.303548;0;3
1989-07-21 11:00:00Z;5.303548;0;3
1989-07-22 11:00:00Z;4.409753;0;3
1989-07-23 11:00:00Z;3.643716;0;3
1989-07-24 11:00:00Z;3.643716;0;3
1989-07-25 11:00:00Z;3.643716;0;3
1989-07-26 11:00:00Z;5.591575;0;3
1989-07-27 11:00:00Z;5.591575;0;3
1989-07-28 11:00:00Z;5.591575;0;3
1989-07-29 11:00:00Z;5.992111;0;3
1989-07-30 11:00:00Z;11.21337;0;3
1989-07-31 11:00:00Z;14.01116;0;3
1989-08-01 11:00:00Z;9.977013;0;3
1989-08-02 11:00:00Z;7.317581;0;3
1989-08-03 11:00:00Z;5.992111;0;3
1989-08-04 11:00:00Z;5.303548;0;3
1989-08-05 11:00:00Z;4.409753;0;3
1989-08-06 11:00:00Z;5.303548;0;3
1989-08-07 11:00:00Z;5.303548;0;3
1989-08-08 11:00:00Z;5.303548;0;3
1989-08-09 11:00:00Z;5.303548;0;3
1989-08-10 11:00:00Z;5.591575;0;3
1989-08-11 11:00:00Z;9.397121;0;3
1989-08-12 11:00:00Z;20.0655;0;3
1989-08-13 11:00:00Z;16.41553;0;3
1989-08-14 11:00:00Z;11.21337;0;3
1989-08-15 11:00:00Z;17.279;0;3
1989-08-16 11:00:00Z;47.54604;0;3
1989-08-17 11:00:00Z;22.09385;0;3
1989-08-18 11:00:00Z;15.58354;0;3
1989-08-19 11:00:00Z;35.97778;0;3
1989-08-20 11:00:00Z;18.17467;0;3
1989-08-21 11:00:00Z;11.87117;0;3
1989-08-22 11:00:00Z;9.397121;0;3
1989-08-23 11:00:00Z;8.310637;0;3
1989-08-24 11:00:00Z;14.78232;0;3
1989-08-25 11:00:00Z;19.10326;0;3
1989-08-26 11:00:00Z;11.21337;0;3
1989-08-27 11:00:00Z;8.310637;0;3
1989-08-28 11:00:00Z;7.317581;0;3
1989-08-29 11:00:00Z;5.992111;0;3
1989-08-30 11:00:00Z;5.303548;0;3
1989-08-31 11:00:00Z;8.310637;0;3
1989-09-01 11:00:00Z;18.17467;0;3
1989-09-02 11:00:00Z;11.21337;0;3
1989-09-03 11:00:00Z;8.310637;0;3
1989-09-04 11:00:00Z;6.412881;0;3
1989-09-05 11:00:00Z;5.992111;0;3
1989-09-06 11:00:00Z;5.303548;0;3
1989-09-07 11:00:00Z;3.643716;0;3
1989-09-08 11:00:00Z;3.643716;0;3
1989-09-09 11:00:00Z;3.643716;0;3
1989-09-10 11:00:00Z;3.643716;0;3
1989-09-11 11:00:00Z;3.643716;0;3
1989-09-12 11:00:00Z;3.643716;0;3
1989-09-13 11:00:00Z;3.643716;0;3
1989-09-14 11:00:00Z;5.303548;0;3
1989-09-15 11:00:00Z;7.802749;0;3
1989-09-16 11:00:00Z;8.310637;0;3
1989-09-17 11:00:00Z;7.317581;0;3
1989-09-18 11:00:00Z;8.310637;0;3
1989-09-19 11:00:00Z;14.78232;0;3
1989-09-20 11:00:00Z;39.04865;0;3
1989-09-21 11:00:00Z;17.279;0;3
1989-09-22 11:00:00Z;11.21337;0;3
1989-09-23 11:00:00Z;8.841879;0;3
1989-09-24 11:00:00Z;7.802749;0;3
1989-09-25 11:00:00Z;7.317581;0;3
1989-09-26 11:00:00Z;9.977013;0;3
1989-09-27 11:00:00Z;11.21337;0;3
1989-09-28 11:00:00Z;8.310637;0;3
1989-09-29 11:00:00Z;7.317581;0;3
1989-09-30 11:00:00Z;5.992111;0;3
1989-10-01 11:00:00Z;5.303548;0;3
1989-10-02 11:00:00Z;5.303548;0;3
1989-10-03 11:00:00Z;4.409753;0;3
1989-10-04 11:00:00Z;3.643716;0;3
1989-10-05 11:00:00Z;2.990656;0;3
1989-10-06 11:00:00Z;2.990656;0;3
1989-10-07 11:00:00Z;2.990656;0;3
1989-10-08 11:00:00Z;4.409753;0;3
1989-10-09 11:00:00Z;5.591575;0;3
1989-10-10 11:00:00Z;5.591575;0;3
1989-10-11 11:00:00Z;8.310637;0;3
1989-10-12 11:00:00Z;8.841879;0;3
1989-10-13 11:00:00Z;8.310637;0;3
1989-10-14 11:00:00Z;11.87117;0;3
1989-10-15 11:00:00Z;12.55628;0;3
1989-10-16 11:00:00Z;11.21337;0;3
1989-10-17 11:00:00Z;19.10326;0;3
1989-10-18 11:00:00Z;20.0655;0;3
1989-10-19 11:00:00Z;16.41553;0;3
1989-10-20 11:00:00Z;16.41553;0;3
1989-10-21 11:00:00Z;77.12577;0;3
1989-10-22 11:00:00Z;66.07602;0;3
1989-10-23 11:00:00Z;63.79687;0;3
1989-10-24 11:00:00Z;80.03925;0;3
1989-10-25 11:00:00Z;86.05576;0;3
1989-10-26 11:00:00Z;81.51962;0;3
1989-10-27 11:00:00Z;57.29853;0;3
1989-10-28 11:00:00Z;27.8056;0;3
1989-10-29 11:00:00Z;18.17467;0;3
1989-10-30 11:00:00Z;20.0655;0;3
1989-10-31 11:00:00Z;17.279;0;3
1989-11-01 11:00:00Z;18.17467;0;3
1989-11-02 11:00:00Z;22.09385;0;3
1989-11-03 11:00:00Z;26.58699;0;3
1989-11-04 11:00:00Z;80.03925;0;3
1989-11-05 11:00:00Z;125.6926;0;3
1989-11-06 11:00:00Z;121.8971;0;3
1989-11-07 11:00:00Z;47.54604;0;3
1989-11-08 11:00:00Z;27.8056;0;3
1989-11-09 11:00:00Z;81.51962;0;3
1989-11-10 11:00:00Z;162.9469;0;3
1989-11-11 11:00:00Z;186.1076;0;3
1989-11-12 11:00:00Z;133.4876;0;3
1989-11-13 11:00:00Z;40.65275;0;3
1989-11-14 11:00:00Z;21.06212;0;3
1989-11-15 11:00:00Z;14.78232;0;3
1989-11-16 11:00:00Z;11.21337;0;3
1989-11-17 11:00:00Z;9.397121;0;3
1989-11-18 11:00:00Z;8.310637;0;3
1989-11-19 11:00:00Z;7.317581;0;3
1989-11-20 11:00:00Z;6.412881;0;3
1989-11-21 11:00:00Z;5.992111;0;3
1989-11-22 11:00:00Z;5.591575;0;3
1989-11-23 11:00:00Z;5.303548;0;3
1989-11-24 11:00:00Z;4.409753;0;3
1989-11-25 11:00:00Z;3.643716;0;3
1989-11-26 11:00:00Z;2.990656;0;3
1989-11-27 11:00:00Z;2.990656;0;3
1989-11-28 11:00:00Z;2.437073;0;3
1989-11-29 11:00:00Z;2.437073;0;3
1989-11-30 11:00:00Z;1.970676;0;3
1989-12-01 11:00:00Z;2.437073;0;3
1989-12-02 11:00:00Z;2.437073;0;3
1989-12-03 11:00:00Z;2.990656;0;3
1989-12-04 11:00:00Z;2.990656;0;3
1989-12-05 11:00:00Z;2.990656;0;3
1989-12-06 11:00:00Z;2.437073;0;3
1989-12-07 11:00:00Z;2.437073;0;3
1989-12-08 11:00:00Z;2.437073;0;3
1989-12-09 11:00:00Z;2.437073;0;3
1989-12-10 11:00:00Z;2.437073;0;3
1989-12-11 11:00:00Z;1.970676;0;3
1989-12-12 11:00:00Z;1.970676;0;3
1989-12-13 11:00:00Z;1.580313;0;3
1989-12-14 11:00:00Z;2.437073;0;3
1989-12-15 11:00:00Z;1.970676;0;3
1989-12-16 11:00:00Z;2.990656;0;3
1989-12-17 11:00:00Z;2.437073;0;3
1989-12-18 11:00:00Z;7.317581;0;3
1989-12-19 11:00:00Z;17.279;0;3
1989-12-20 11:00:00Z;11.87117;0;3
1989-12-21 11:00:00Z;8.841879;0;3
1989-12-22 11:00:00Z;12.55628;0;3
1989-12-23 11:00:00Z;27.8056;0;3
1989-12-24 11:00:00Z;22.09385;0;3
1989-12-25 11:00:00Z;118.1692;0;3
1989-12-26 11:00:00Z;127.6158;0;3
1989-12-27 11:00:00Z;61.57483;0;3
1989-12-28 11:00:00Z;24.26567;0;3
1989-12-29 11:00:00Z;13.26939;0;3
1989-12-30 11:00:00Z;9.977013;0;3
1989-12-31 11:00:00Z;8.310637;0;3
1990-01-01 11:00:00Z;6.854502;0;3
1990-01-02 11:00:00Z;6.412881;0;3
1990-01-03 11:00:00Z;5.591575;0;3
1990-01-04 11:00:00Z;5.303548;0;3
1990-01-05 11:00:00Z;4.409753;0;3
1990-01-06 11:00:00Z;3.643716;0;3
1990-01-07 11:00:00Z;11.21337;0;3
1990-01-08 11:00:00Z;18.17467;0;3
1990-01-09 11:00:00Z;18.17467;0;3
1990-01-10 11:00:00Z;26.58699;0;3
1990-01-11 11:00:00Z;57.29853;0;3
1990-01-12 11:00:00Z;45.74953;0;3
1990-01-13 11:00:00Z;45.74953;0;3
1990-01-14 11:00:00Z;26.58699;0;3
1990-01-15 11:00:00Z;90.73545;0;3
1990-01-16 11:00:00Z;100.5305;0;3
1990-01-17 11:00:00Z;80.03925;0;3
1990-01-18 11:00:00Z;68.41315;0;3
1990-01-19 11:00:00Z;35.97778;0;3
1990-01-20 11:00:00Z;49.39275;0;3
1990-01-21 11:00:00Z;49.39275;0;3
1990-01-22 11:00:00Z;63.79687;0;3
1990-01-23 11:00:00Z;112.7031;0;3
1990-01-24 11:00:00Z;118.1692;0;3
1990-01-25 11:00:00Z;40.65275;0;3
1990-01-26 11:00:00Z;23.16146;0;3
1990-01-27 11:00:00Z;15.58354;0;3
1990-01-28 11:00:00Z;14.78232;0;3
1990-01-29 11:00:00Z;19.10326;0;3
1990-01-30 11:00:00Z;61.57483;0;3
1990-01-31 11:00:00Z;135.4791;0;3
1990-02-01 11:00:00Z;190.9556;0;3
1990-02-02 11:00:00Z;141.5568;0;3
1990-02-03 11:00:00Z;105.6483;0;3
1990-02-04 11:00:00Z;70.8092;0;3
1990-02-05 11:00:00Z;209.7748;0;3
1990-02-06 11:00:00Z;131.5132;0;3
1990-02-07 11:00:00Z;139.5136;0;3
1990-02-08 11:00:00Z;143.6172;0;3
1990-02-09 11:00:00Z;57.29853;0;3
1990-02-10 11:00:00Z;49.39275;0;3
1990-02-11 11:00:00Z;53.24014;0;3
1990-02-12 11:00:00Z;35.97778;0;3
1990-02-13 11:00:00Z;25.40726;0;3
1990-02-14 11:00:00Z;18.17467;0;3
1990-02-15 11:00:00Z;14.01116;0;3
1990-02-16 11:00:00Z;10.58221;0;3
1990-02-17 11:00:00Z;9.397121;0;3
1990-02-18 11:00:00Z;27.8056;0;3
1990-02-19 11:00:00Z;61.57483;0;3
1990-02-20 11:00:00Z;202.1032;0;3
1990-02-21 11:00:00Z;141.5568;0;3
1990-02-22 11:00:00Z;87.59965;0;3
1990-02-23 11:00:00Z;57.29853;0;3
1990-02-24 11:00:00Z;70.8092;0;3
1990-02-25 11:00:00Z;160.7288;0;3
1990-02-26 11:00:00Z;112.7031;0;3
1990-02-27 11:00:00Z;70.8092;0;3
1990-02-28 11:00:00Z;35.97778;0;3
1990-03-01 11:00:00Z;22.09385;0;3
1990-03-02 11:00:00Z;14.78232;0;3
1990-03-03 11:00:00Z;11.21337;0;3
1990-03-04 11:00:00Z;34.50937;0;3
1990-03-05 11:00:00Z;70.8092;0;3
1990-03-06 11:00:00Z;53.24014;0;3
1990-03-07 11:00:00Z;23.16146;0;3
1990-03-08 11:00:00Z;30.36262;0;3
1990-03-09 11:00:00Z;34.50937;0;3
1990-03-10 11:00:00Z;22.09385;0;3
1990-03-11 11:00:00Z;22.09385;0;3
1990-03-12 11:00:00Z;51.2905;0;3
1990-03-13 11:00:00Z;29.06389;0;3
1990-03-14 11:00:00Z;18.17467;0;3
1990-03-15 11:00:00Z;25.40726;0;3
1990-03-16 11:00:00Z;181.3319;0;3
1990-03-17 11:00:00Z;114.5084;0;3
1990-03-18 11:00:00Z;57.29853;0;3
1990-03-19 11:00:00Z;44.00234;0;3
1990-03-20 11:00:00Z;49.39275;0;3
1990-03-21 11:00:00Z;78.57465;0;3
1990-03-22 11:00:00Z;97.20052;0;3
1990-03-23 11:00:00Z;83.0158;0;3
1990-03-24 11:00:00Z;154.1806;0;3
1990-03-25 11:00:00Z;73.265;0;3
1990-03-26 11:00:00Z;31.70259;0;3
1990-03-27 11:00:00Z;20.0655;0;3
1990-03-28 11:00:00Z;14.78232;0;3
1990-03-29 11:00:00Z;11.87117;0;3
1990-03-30 11:00:00Z;9.977013;0;3
1990-03-31 11:00:00Z;11.87117;0;3
1990-04-01 11:00:00Z;19.10326;0;3
1990-04-02 11:00:00Z;18.17467;0;3
1990-04-03 11:00:00Z;26.58699;0;3
1990-04-04 11:00:00Z;24.26567;0;3
1990-04-05 11:00:00Z;14.78232;0;3
1990-04-06 11:00:00Z;12.55628;0;3
1990-04-07 11:00:00Z;11.87117;0;3
1990-04-08 11:00:00Z;9.397121;0;3
1990-04-09 11:00:00Z;7.802749;0;3
1990-04-10 11:00:00Z;11.21337;0;3
1990-04-11 11:00:00Z;17.279;0;3
1990-04-12 11:00:00Z;14.01116;0;3
1990-04-13 11:00:00Z;11.21337;0;3
1990-04-14 11:00:00Z;14.01116;0;3
1990-04-15 11:00:00Z;45.74953;0;3
1990-04-16 11:00:00Z;37.4906;0;3
1990-04-17 11:00:00Z;27.8056;0;3
1990-04-18 11:00:00Z;21.06212;0;3
1990-04-19 11:00:00Z;23.16146;0;3
1990-04-20 11:00:00Z;25.40726;0;3
1990-04-21 11:00:00Z;21.06212;0;3
1990-04-22 11:00:00Z;27.8056;0;3
1990-04-23 11:00:00Z;24.26567;0;3
1990-04-24 11:00:00Z;18.17467;0;3
1990-04-25 11:00:00Z;14.78232;0;3
1990-04-26 11:00:00Z;13.26939;0;3
1990-04-27 11:00:00Z;20.0655;0;3
1990-04-28 11:00:00Z;14.78232;0;3
1990-04-29 11:00:00Z;10.58221;0;3
1990-04-30 11:00:00Z;9.977013;0;3
1990-05-01 11:00:00Z;17.279;0;3
1990-05-02 11:00:00Z;17.279;0;3
1990-05-03 11:00:00Z;14.78232;0;3
1990-05-04 11:00:00Z;13.26939;0;3
1990-05-05 11:00:00Z;11.87117;0;3
1990-05-06 11:00:00Z;11.21337;0;3
1990-05-07 11:00:00Z;10.58221;0;3
1990-05-08 11:00:00Z;9.397121;0;3
1990-05-09 11:00:00Z;9.397121;0;3
1990-05-10 11:00:00Z;9.397121;0;3
1990-05-11 11:00:00Z;8.310637;0;3
1990-05-12 11:00:00Z;7.802749;0;3
1990-05-13 11:00:00Z;8.841879;0;3
1990-05-14 11:00:00Z;7.317581;0;3
1990-05-15 11:00:00Z;6.412881;0;3
1990-05-16 11:00:00Z;6.412881;0;3
1990-05-17 11:00:00Z;6.412881;0;3
1990-05-18 11:00:00Z;5.591575;0;3
1990-05-19 11:00:00Z;5.303548;0;3
1990-05-20 11:00:00Z;3.643716;0;3
1990-05-21 11:00:00Z;3.643716;0;3
1990-05-22 11:00:00Z;5.303548;0;3
1990-05-23 11:00:00Z;5.992111;0;3
1990-05-24 11:00:00Z;6.412881;0;3
1990-05-25 11:00:00Z;6.412881;0;3
1990-05-26 11:00:00Z;5.992111;0;3
1990-05-27 11:00:00Z;4.409753;0;3
1990-05-28 11:00:00Z;5.303548;0;3
1990-05-29 11:00:00Z;5.303548;0;3
1990-05-30 11:00:00Z;5.591575;0;3
1990-05-31 11:00:00Z;5.591575;0;3
1990-06-01 11:00:00Z;5.591575;0;3
1990-06-02 11:00:00Z;6.412881;0;3
1990-06-03 11:00:00Z;6.854502;0;3
1990-06-04 11:00:00Z;9.977013;0;3
1990-06-05 11:00:00Z;10.58221;0;3
1990-06-06 11:00:00Z;8.310637;0;3
1990-06-07 11:00:00Z;7.317581;0;3
1990-06-08 11:00:00Z;7.802749;0;3
1990-06-09 11:00:00Z;8.310637;0;3
1990-06-10 11:00:00Z;7.802749;0;3
1990-06-11 11:00:00Z;7.317581;0;3
1990-06-12 11:00:00Z;6.412881;0;3
1990-06-13 11:00:00Z;5.992111;0;3
1990-06-14 11:00:00Z;6.412881;0;3
1990-06-15 11:00:00Z;9.397121;0;3
1990-06-16 11:00:00Z;8.841879;0;3
1990-06-17 11:00:00Z;6.854502;0;3
1990-06-18 11:00:00Z;6.412881;0;3
1990-06-19 11:00:00Z;7.802749;0;3
1990-06-20 11:00:00Z;24.26567;0;3
1990-06-21 11:00:00Z;16.41553;0;3
1990-06-22 11:00:00Z;15.58354;0;3
1990-06-23 11:00:00Z;59.40901;0;3
1990-06-24 11:00:00Z;100.5305;0;3
1990-06-25 11:00:00Z;186.1076;0;3
1990-06-26 11:00:00Z;120.0247;0;3
1990-06-27 11:00:00Z;68.41315;0;3
1990-06-28 11:00:00Z;57.29853;0;3
1990-06-29 11:00:00Z;75.69255;0;3
1990-06-30 11:00:00Z;53.24014;0;3
1990-07-01 11:00:00Z;47.54604;0;3
1990-07-02 11:00:00Z;95.55996;0;3
1990-07-03 11:00:00Z;97.20052;0;3
1990-07-04 11:00:00Z;90.73545;0;3
1990-07-05 11:00:00Z;109.1425;0;3
1990-07-06 11:00:00Z;256.0264;0;3
1990-07-07 11:00:00Z;233.8504;0;3
1990-07-08 11:00:00Z;160.7288;0;3
1990-07-09 11:00:00Z;118.1692;0;3
1990-07-10 11:00:00Z;131.5132;0;3
1990-07-11 11:00:00Z;68.41315;0;3
1990-07-12 11:00:00Z;31.70259;0;3
1990-07-13 11:00:00Z;17.279;0;3
1990-07-14 11:00:00Z;8.841879;0;3
1990-07-15 11:00:00Z;6.854502;0;3
1990-07-16 11:00:00Z;6.412881;0;3
1990-07-17 11:00:00Z;6.412881;0;3
1990-07-18 11:00:00Z;6.412881;0;3
1990-07-19 11:00:00Z;6.412881;0;3
1990-07-20 11:00:00Z;5.992111;0;3
1990-07-21 11:00:00Z;5.591575;0;3
1990-07-22 11:00:00Z;5.591575;0;3
1990-07-23 11:00:00Z;5.591575;0;3
1990-07-24 11:00:00Z;5.303548;0;3
1990-07-25 11:00:00Z;5.303548;0;3
1990-07-26 11:00:00Z;5.303548;0;3
1990-07-27 11:00:00Z;5.303548;0;3
1990-07-28 11:00:00Z;5.303548;0;3
1990-07-29 11:00:00Z;5.303548;0;3
1990-07-30 11:00:00Z;5.303548;0;3
1990-07-31 11:00:00Z;5.591575;0;3
1990-08-01 11:00:00Z;5.591575;0;3
1990-08-02 11:00:00Z;5.303548;0;3
1990-08-03 11:00:00Z;5.303548;0;3
1990-08-04 11:00:00Z;5.303548;0;3
1990-08-05 11:00:00Z;4.409753;0;3
1990-08-06 11:00:00Z;4.409753;0;3
1990-08-07 11:00:00Z;5.303548;0;3
1990-08-08 11:00:00Z;5.303548;0;3
1990-08-09 11:00:00Z;5.303548;0;3
1990-08-10 11:00:00Z;5.303548;0;3
1990-08-11 11:00:00Z;5.303548;0;3
1990-08-12 11:00:00Z;5.303548;0;3
1990-08-13 11:00:00Z;4.409753;0;3
1990-08-14 11:00:00Z;4.409753;0;3
1990-08-15 11:00:00Z;4.409753;0;3
1990-08-16 11:00:00Z;5.591575;0;3
1990-08-17 11:00:00Z;30.36262;0;3
1990-08-18 11:00:00Z;84.52782;0;3
1990-08-19 11:00:00Z;42.3037;0;3
1990-08-20 11:00:00Z;18.17467;0;3
1990-08-21 11:00:00Z;17.279;0;3
1990-08-22 11:00:00Z;13.26939;0;3
1990-08-23 11:00:00Z;9.397121;0;3
1990-08-24 11:00:00Z;7.317581;0;3
1990-08-25 11:00:00Z;7.317581;0;3
1990-08-26 11:00:00Z;7.802749;0;3
1990-08-27 11:00:00Z;6.412881;0;3
1990-08-28 11:00:00Z;5.992111;0;3
1990-08-29 11:00:00Z;5.992111;0;3
1990-08-30 11:00:00Z;5.591575;0;3
1990-08-31 11:00:00Z;6.854502;0;3
1990-09-01 11:00:00Z;8.841879;0;3
1990-09-02 11:00:00Z;8.310637;0;3
1990-09-03 11:00:00Z;7.802749;0;3
1990-09-04 11:00:00Z;11.87117;0;3
1990-09-05 11:00:00Z;51.2905;0;3
1990-09-06 11:00:00Z;29.06389;0;3
1990-09-07 11:00:00Z;16.41553;0;3
1990-09-08 11:00:00Z;11.21337;0;3
1990-09-09 11:00:00Z;8.841879;0;3
1990-09-10 11:00:00Z;7.317581;0;3
1990-09-11 11:00:00Z;5.992111;0;3
1990-09-12 11:00:00Z;5.303548;0;3
1990-09-13 11:00:00Z;4.409753;0;3
1990-09-14 11:00:00Z;4.409753;0;3
1990-09-15 11:00:00Z;5.303548;0;3
1990-09-16 11:00:00Z;4.409753;0;3
1990-09-17 11:00:00Z;4.409753;0;3
1990-09-18 11:00:00Z;5.303548;0;3
1990-09-19 11:00:00Z;37.4906;0;3
1990-09-20 11:00:00Z;89.15953;0;3
1990-09-21 11:00:00Z;73.265;0;3
1990-09-22 11:00:00Z;37.4906;0;3
1990-09-23 11:00:00Z;21.06212;0;3
1990-09-24 11:00:00Z;15.58354;0;3
1990-09-25 11:00:00Z;11.21337;0;3
1990-09-26 11:00:00Z;8.841879;0;3
1990-09-27 11:00:00Z;7.317581;0;3
1990-09-28 11:00:00Z;6.854502;0;3
1990-09-29 11:00:00Z;7.317581;0;3
1990-09-30 11:00:00Z;8.310637;0;3
1990-10-01 11:00:00Z;8.310637;0;3
1990-10-02 11:00:00Z;8.310637;0;3
1990-10-03 11:00:00Z;9.397121;0;3
1990-10-04 11:00:00Z;40.65275;0;3
1990-10-05 11:00:00Z;73.265;0;3
1990-10-06 11:00:00Z;78.57465;0;3
1990-10-07 11:00:00Z;55.24253;0;3
1990-10-08 11:00:00Z;33.08457;0;3
1990-10-09 11:00:00Z;26.58699;0;3
1990-10-10 11:00:00Z;84.52782;0;3
1990-10-11 11:00:00Z;61.57483;0;3
1990-10-12 11:00:00Z;30.36262;0;3
1990-10-13 11:00:00Z;19.10326;0;3
1990-10-14 11:00:00Z;14.01116;0;3
1990-10-15 11:00:00Z;11.21337;0;3
1990-10-16 11:00:00Z;9.397121;0;3
1990-10-17 11:00:00Z;9.397121;0;3
1990-10-18 11:00:00Z;9.397121;0;3
1990-10-19 11:00:00Z;8.310637;0;3
1990-10-20 11:00:00Z;7.317581;0;3
1990-10-21 11:00:00Z;6.412881;0;3
1990-10-22 11:00:00Z;5.591575;0;3
1990-10-23 11:00:00Z;5.303548;0;3
1990-10-24 11:00:00Z;5.303548;0;3
1990-10-25 11:00:00Z;4.409753;0;3
1990-10-26 11:00:00Z;3.643716;0;3
1990-10-27 11:00:00Z;3.643716;0;3
1990-10-28 11:00:00Z;5.303548;0;3
1990-10-29 11:00:00Z;125.6926;0;3
1990-10-30 11:00:00Z;167.4361;0;3
1990-10-31 11:00:00Z;93.93563;0;3
1990-11-01 11:00:00Z;61.57483;0;3
1990-11-02 11:00:00Z;27.8056;0;3
1990-11-03 11:00:00Z;16.41553;0;3
1990-11-04 11:00:00Z;11.87117;0;3
1990-11-05 11:00:00Z;9.397121;0;3
1990-11-06 11:00:00Z;8.310637;0;3
1990-11-07 11:00:00Z;7.317581;0;3
1990-11-08 11:00:00Z;6.412881;0;3
1990-11-09 11:00:00Z;5.992111;0;3
1990-11-10 11:00:00Z;5.591575;0;3
1990-11-11 11:00:00Z;5.303548;0;3
1990-11-12 11:00:00Z;5.303548;0;3
1990-11-13 11:00:00Z;5.992111;0;3
1990-11-14 11:00:00Z;12.55628;0;3
1990-11-15 11:00:00Z;23.16146;0;3
1990-11-16 11:00:00Z;25.40726;0;3
1990-11-17 11:00:00Z;45.74953;0;3
1990-11-18 11:00:00Z;33.08457;0;3
1990-11-19 11:00:00Z;19.10326;0;3
1990-11-20 11:00:00Z;12.55628;0;3
1990-11-21 11:00:00Z;9.977013;0;3
1990-11-22 11:00:00Z;7.802749;0;3
1990-11-23 11:00:00Z;6.854502;0;3
1990-11-24 11:00:00Z;5.992111;0;3
1990-11-25 11:00:00Z;5.591575;0;3
1990-11-26 11:00:00Z;5.303548;0;3
1990-11-27 11:00:00Z;4.409753;0;3
1990-11-28 11:00:00Z;4.409753;0;3
1990-11-29 11:00:00Z;4.409753;0;3
1990-11-30 11:00:00Z;4.409753;0;3
1990-12-01 11:00:00Z;4.409753;0;3
1990-12-02 11:00:00Z;4.409753;0;3
1990-12-03 11:00:00Z;5.992111;0;3
1990-12-04 11:00:00Z;14.78232;0;3
1990-12-05 11:00:00Z;9.977013;0;3
1990-12-06 11:00:00Z;7.802749;0;3
1990-12-07 11:00:00Z;14.01116;0;3
1990-12-08 11:00:00Z;17.279;0;3
1990-12-09 11:00:00Z;9.977013;0;3
1990-12-10 11:00:00Z;7.317581;0;3
1990-12-11 11:00:00Z;6.412881;0;3
1990-12-12 11:00:00Z;5.992111;0;3
1990-12-13 11:00:00Z;5.303548;0;3
1990-12-14 11:00:00Z;4.409753;0;3
1990-12-15 11:00:00Z;4.409753;0;3
1990-12-16 11:00:00Z;3.643716;0;3
1990-12-17 11:00:00Z;3.643716;0;3
1990-12-18 11:00:00Z;4.409753;0;3
1990-12-19 11:00:00Z;4.409753;0;3
1990-12-20 11:00:00Z;3.643716;0;3
1990-12-21 11:00:00Z;3.643716;0;3
1990-12-22 11:00:00Z;4.409753;0;3
1990-12-23 11:00:00Z;7.802749;0;3
1990-12-24 11:00:00Z;77.12577;0;3
1990-12-25 11:00:00Z;125.6926;0;3
1990-12-26 11:00:00Z;81.51962;0;3
1990-12-27 11:00:00Z;70.8092;0;3
1990-12-28 11:00:00Z;34.50937;0;3
1990-12-29 11:00:00Z;68.41315;0;3
1990-12-30 11:00:00Z;40.65275;0;3
1990-12-31 11:00:00Z;21.06212;0;3
1991-01-01 11:00:00Z;16.41553;0;3
1991-01-02 11:00:00Z;34.50937;0;3
1991-01-03 11:00:00Z;42.3037;0;3
1991-01-04 11:00:00Z;25.40726;0;3
1991-01-05 11:00:00Z;51.2905;0;3
1991-01-06 11:00:00Z;57.29853;0;3
1991-01-07 11:00:00Z;31.70259;0;3
1991-01-08 11:00:00Z;19.10326;0;3
1991-01-09 11:00:00Z;14.78232;0;3
1991-01-10 11:00:00Z;12.55628;0;3
1991-01-11 11:00:00Z;13.26939;0;3
1991-01-12 11:00:00Z;11.87117;0;3
1991-01-13 11:00:00Z;9.397121;0;3
1991-01-14 11:00:00Z;7.802749;0;3
1991-01-15 11:00:00Z;6.854502;0;3
1991-01-16 11:00:00Z;5.992111;0;3
1991-01-17 11:00:00Z;5.591575;0;3
1991-01-18 11:00:00Z;5.591575;0;3
1991-01-19 11:00:00Z;5.992111;0;3
1991-01-20 11:00:00Z;14.78232;0;3
1991-01-21 11:00:00Z;51.2905;0;3
1991-01-22 11:00:00Z;27.8056;0;3
1991-01-23 11:00:00Z;16.41553;0;3
1991-01-24 11:00:00Z;14.78232;0;3
1991-01-25 11:00:00Z;12.55628;0;3
1991-01-26 11:00:00Z;9.977013;0;3
1991-01-27 11:00:00Z;8.841879;0;3
1991-01-28 11:00:00Z;7.317581;0;3
1991-01-29 11:00:00Z;6.854502;0;3
1991-01-30 11:00:00Z;6.412881;0;3
1991-01-31 11:00:00Z;5.992111;0;3
1991-02-01 11:00:00Z;4.409753;0;3
1991-02-02 11:00:00Z;3.643716;0;3
1991-02-03 11:00:00Z;3.643716;0;3
1991-02-04 11:00:00Z;3.643716;0;3
1991-02-05 11:00:00Z;3.643716;0;3
1991-02-06 11:00:00Z;4.409753;0;3
1991-02-07 11:00:00Z;4.409753;0;3
1991-02-08 11:00:00Z;2.990656;0;3
1991-02-09 11:00:00Z;2.437073;0;3
1991-02-10 11:00:00Z;2.437073;0;3
1991-02-11 11:00:00Z;1.970676;0;3
1991-02-12 11:00:00Z;1.580313;0;3
1991-02-13 11:00:00Z;1.580313;0;3
1991-02-14 11:00:00Z;1.970676;0;3
1991-02-15 11:00:00Z;1.970676;0;3
1991-02-16 11:00:00Z;1.970676;0;3
1991-02-17 11:00:00Z;1.580313;0;3
1991-02-18 11:00:00Z;1.580313;0;3
1991-02-19 11:00:00Z;1.580313;0;3
1991-02-20 11:00:00Z;1.580313;0;3
1991-02-21 11:00:00Z;2.437073;0;3
1991-02-22 11:00:00Z;5.591575;0;3
1991-02-23 11:00:00Z;23.16146;0;3
1991-02-24 11:00:00Z;61.57483;0;3
1991-02-25 11:00:00Z;63.79687;0;3
1991-02-26 11:00:00Z;39.04865;0;3
1991-02-27 11:00:00Z;20.0655;0;3
1991-02-28 11:00:00Z;11.87117;0;3
1991-03-01 11:00:00Z;9.977013;0;3
1991-03-02 11:00:00Z;8.310637;0;3
1991-03-03 11:00:00Z;6.854502;0;3
1991-03-04 11:00:00Z;6.412881;0;3
1991-03-05 11:00:00Z;5.992111;0;3
1991-03-06 11:00:00Z;5.591575;0;3
1991-03-07 11:00:00Z;5.303548;0;3
1991-03-08 11:00:00Z;5.591575;0;3
1991-03-09 11:00:00Z;5.591575;0;3
1991-03-10 11:00:00Z;5.591575;0;3
1991-03-11 11:00:00Z;5.992111;0;3
1991-03-12 11:00:00Z;9.977013;0;3
1991-03-13 11:00:00Z;11.21337;0;3
1991-03-14 11:00:00Z;9.977013;0;3
1991-03-15 11:00:00Z;12.55628;0;3
1991-03-16 11:00:00Z;14.78232;0;3
1991-03-17 11:00:00Z;15.58354;0;3
1991-03-18 11:00:00Z;18.17467;0;3
1991-03-19 11:00:00Z;66.07602;0;3
1991-03-20 11:00:00Z;118.1692;0;3
1991-03-21 11:00:00Z;68.41315;0;3
1991-03-22 11:00:00Z;31.70259;0;3
1991-03-23 11:00:00Z;19.10326;0;3
1991-03-24 11:00:00Z;14.01116;0;3
1991-03-25 11:00:00Z;12.55628;0;3
1991-03-26 11:00:00Z;12.55628;0;3
1991-03-27 11:00:00Z;13.26939;0;3
1991-03-28 11:00:00Z;17.279;0;3
1991-03-29 11:00:00Z;24.26567;0;3
1991-03-30 11:00:00Z;21.06212;0;3
1991-03-31 11:00:00Z;18.17467;0;3
1991-04-01 11:00:00Z;15.58354;0;3
1991-04-02 11:00:00Z;49.39275;0;3
1991-04-03 11:00:00Z;123.7864;0;3
1991-04-04 11:00:00Z;77.12577;0;3
1991-04-05 11:00:00Z;51.2905;0;3
1991-04-06 11:00:00Z;80.03925;0;3
1991-04-07 11:00:00Z;73.265;0;3
1991-04-08 11:00:00Z;84.52782;0;3
1991-04-09 11:00:00Z;51.2905;0;3
1991-04-10 11:00:00Z;30.36262;0;3
1991-04-11 11:00:00Z;42.3037;0;3
1991-04-12 11:00:00Z;55.24253;0;3
1991-04-13 11:00:00Z;49.39275;0;3
1991-04-14 11:00:00Z;42.3037;0;3
1991-04-15 11:00:00Z;33.08457;0;3
1991-04-16 11:00:00Z;25.40726;0;3
1991-04-17 11:00:00Z;17.279;0;3
1991-04-18 11:00:00Z;12.55628;0;3
1991-04-19 11:00:00Z;9.397121;0;3
1991-04-20 11:00:00Z;8.310637;0;3
1991-04-21 11:00:00Z;6.854502;0;3
1991-04-22 11:00:00Z;6.854502;0;3
1991-04-23 11:00:00Z;6.854502;0;3
1991-04-24 11:00:00Z;7.317581;0;3
1991-04-25 11:00:00Z;7.317581;0;3
1991-04-26 11:00:00Z;7.317581;0;3
1991-04-27 11:00:00Z;7.317581;0;3
1991-04-28 11:00:00Z;7.317581;0;3
1991-04-29 11:00:00Z;7.802749;0;3
1991-04-30 11:00:00Z;8.841879;0;3
1991-05-01 11:00:00Z;8.841879;0;3
1991-05-02 11:00:00Z;12.55628;0;3
1991-05-03 11:00:00Z;14.01116;0;3
1991-05-04 11:00:00Z;12.55628;0;3
1991-05-05 11:00:00Z;12.55628;0;3
1991-05-06 11:00:00Z;13.26939;0;3
1991-05-07 11:00:00Z;11.87117;0;3
1991-05-08 11:00:00Z;11.21337;0;3
1991-05-09 11:00:00Z;11.21337;0;3
1991-05-10 11:00:00Z;12.55628;0;3
1991-05-11 11:00:00Z;11.87117;0;3
1991-05-12 11:00:00Z;11.87117;0;3
1991-05-13 11:00:00Z;11.87117;0;3
1991-05-14 11:00:00Z;12.55628;0;3
1991-05-15 11:00:00Z;11.21337;0;3
1991-05-16 11:00:00Z;8.841879;0;3
1991-05-17 11:00:00Z;8.310637;0;3
1991-05-18 11:00:00Z;7.802749;0;3
1991-05-19 11:00:00Z;7.802749;0;3
1991-05-20 11:00:00Z;7.802749;0;3
1991-05-21 11:00:00Z;10.58221;0;3
1991-05-22 11:00:00Z;10.58221;0;3
1991-05-23 11:00:00Z;11.21337;0;3
1991-05-24 11:00:00Z;8.841879;0;3
1991-05-25 11:00:00Z;6.854502;0;3
1991-05-26 11:00:00Z;6.412881;0;3
1991-05-27 11:00:00Z;7.317581;0;3
1991-05-28 11:00:00Z;8.841879;0;3
1991-05-29 11:00:00Z;8.310637;0;3
1991-05-30 11:00:00Z;7.802749;0;3
1991-05-31 11:00:00Z;7.317581;0;3
1991-06-01 11:00:00Z;6.854502;0;3
1991-06-02 11:00:00Z;5.992111;0;3
1991-06-03 11:00:00Z;5.591575;0;3
1991-06-04 11:00:00Z;5.992111;0;3
1991-06-05 11:00:00Z;6.412881;0;3
1991-06-06 11:00:00Z;6.412881;0;3
1991-06-07 11:00:00Z;5.992111;0;3
1991-06-08 11:00:00Z;5.591575;0;3
1991-06-09 11:00:00Z;7.317581;0;3
1991-06-10 11:00:00Z;6.854502;0;3
1991-06-11 11:00:00Z;7.317581;0;3
1991-06-12 11:00:00Z;11.87117;0;3
1991-06-13 11:00:00Z;17.279;0;3
1991-06-14 11:00:00Z;29.06389;0;3
1991-06-15 11:00:00Z;20.0655;0;3
1991-06-16 11:00:00Z;13.26939;0;3
1991-06-17 11:00:00Z;11.21337;0;3
1991-06-18 11:00:00Z;10.58221;0;3
1991-06-19 11:00:00Z;11.87117;0;3
1991-06-20 11:00:00Z;12.55628;0;3
1991-06-21 11:00:00Z;13.26939;0;3
1991-06-22 11:00:00Z;9.977013;0;3
1991-06-23 11:00:00Z;19.10326;0;3
1991-06-24 11:00:00Z;47.54604;0;3
1991-06-25 11:00:00Z;47.54604;0;3
1991-06-26 11:00:00Z;22.09385;0;3
1991-06-27 11:00:00Z;30.36262;0;3
1991-06-28 11:00:00Z;21.06212;0;3
1991-06-29 11:00:00Z;14.01116;0;3
1991-06-30 11:00:00Z;9.977013;0;3
1991-07-01 11:00:00Z;7.802749;0;3
1991-07-02 11:00:00Z;6.412881;0;3
1991-07-03 11:00:00Z;5.591575;0;3
1991-07-04 11:00:00Z;4.409753;0;3
1991-07-05 11:00:00Z;5.303548;0;3
1991-07-06 11:00:00Z;5.303548;0;3
1991-07-07 11:00:00Z;4.409753;0;3
1991-07-08 11:00:00Z;4.409753;0;3
1991-07-09 11:00:00Z;4.409753;0;3
1991-07-10 11:00:00Z;6.412881;0;3
1991-07-11 11:00:00Z;6.854502;0;3
1991-07-12 11:00:00Z;5.992111;0;3
1991-07-13 11:00:00Z;10.58221;0;3
1991-07-14 11:00:00Z;75.69255;0;3
1991-07-15 11:00:00Z;55.24253;0;3
1991-07-16 11:00:00Z;20.0655;0;3
1991-07-17 11:00:00Z;11.21337;0;3
1991-07-18 11:00:00Z;8.310637;0;3
1991-07-19 11:00:00Z;6.854502;0;3
1991-07-20 11:00:00Z;5.591575;0;3
1991-07-21 11:00:00Z;4.409753;0;3
1991-07-22 11:00:00Z;3.643716;0;3
1991-07-23 11:00:00Z;3.643716;0;3
1991-07-24 11:00:00Z;4.409753;0;3
1991-07-25 11:00:00Z;5.303548;0;3
1991-07-26 11:00:00Z;5.303548;0;3
1991-07-27 11:00:00Z;4.409753;0;3
1991-07-28 11:00:00Z;4.409753;0;3
1991-07-29 11:00:00Z;4.409753;0;3
1991-07-30 11:00:00Z;5.303548;0;3
1991-07-31 11:00:00Z;5.591575;0;3
1991-08-01 11:00:00Z;5.992111;0;3
1991-08-02 11:00:00Z;6.412881;0;3
1991-08-03 11:00:00Z;9.397121;0;3
1991-08-04 11:00:00Z;6.854502;0;3
1991-08-05 11:00:00Z;5.992111;0;3
1991-08-06 11:00:00Z;5.992111;0;3
1991-08-07 11:00:00Z;6.412881;0;3
1991-08-08 11:00:00Z;5.992111;0;3
1991-08-09 11:00:00Z;5.591575;0;3
1991-08-10 11:00:00Z;6.412881;0;3
1991-08-11 11:00:00Z;6.854502;0;3
1991-08-12 11:00:00Z;7.317581;0;3
1991-08-13 11:00:00Z;8.310637;0;3
1991-08-14 11:00:00Z;6.854502;0;3
1991-08-15 11:00:00Z;5.992111;0;3
1991-08-16 11:00:00Z;6.854502;0;3
1991-08-17 11:00:00Z;12.55628;0;3
1991-08-18 11:00:00Z;11.87117;0;3
1991-08-19 11:00:00Z;8.841879;0;3
1991-08-20 11:00:00Z;7.317581;0;3
1991-08-21 11:00:00Z;5.992111;0;3
1991-08-22 11:00:00Z;5.303548;0;3
1991-08-23 11:00:00Z;3.643716;0;3
1991-08-24 11:00:00Z;3.643716;0;3
1991-08-25 11:00:00Z;4.409753;0;3
1991-08-26 11:00:00Z;5.303548;0;3
1991-08-27 11:00:00Z;5.303548;0;3
1991-08-28 11:00:00Z;4.409753;0;3
1991-08-29 11:00:00Z;3.643716;0;3
1991-08-30 11:00:00Z;3.643716;0;3
1991-08-31 11:00:00Z;4.409753;0;3
1991-09-01 11:00:00Z;4.409753;0;3
1991-09-02 11:00:00Z;5.303548;0;3
1991-09-03 11:00:00Z;5.303548;0;3
1991-09-04 11:00:00Z;5.303548;0;3
1991-09-05 11:00:00Z;5.303548;0;3
1991-09-06 11:00:00Z;5.303548;0;3
1991-09-07 11:00:00Z;4.409753;0;3
1991-09-08 11:00:00Z;4.409753;0;3
1991-09-09 11:00:00Z;5.303548;0;3
1991-09-10 11:00:00Z;5.303548;0;3
1991-09-11 11:00:00Z;5.303548;0;3
1991-09-12 11:00:00Z;5.303548;0;3
1991-09-13 11:00:00Z;5.303548;0;3
1991-09-14 11:00:00Z;5.303548;0;3
1991-09-15 11:00:00Z;13.26939;0;3
1991-09-16 11:00:00Z;21.06212;0;3
1991-09-17 11:00:00Z;14.78232;0;3
1991-09-18 11:00:00Z;21.06212;0;3
1991-09-19 11:00:00Z;24.26567;0;3
1991-09-20 11:00:00Z;20.0655;0;3
1991-09-21 11:00:00Z;14.01116;0;3
1991-09-22 11:00:00Z;39.04865;0;3
1991-09-23 11:00:00Z;100.5305;0;3
1991-09-24 11:00:00Z;95.55996;0;3
1991-09-25 11:00:00Z;105.6483;0;3
1991-09-26 11:00:00Z;47.54604;0;3
1991-09-27 11:00:00Z;19.10326;0;3
1991-09-28 11:00:00Z;9.397121;0;3
1991-09-29 11:00:00Z;8.310637;0;3
1991-09-30 11:00:00Z;7.802749;0;3
1991-10-01 11:00:00Z;10.58221;0;3
1991-10-02 11:00:00Z;39.04865;0;3
1991-10-03 11:00:00Z;26.58699;0;3
1991-10-04 11:00:00Z;30.36262;0;3
1991-10-05 11:00:00Z;25.40726;0;3
1991-10-06 11:00:00Z;39.04865;0;3
1991-10-07 11:00:00Z;24.26567;0;3
1991-10-08 11:00:00Z;14.78232;0;3
1991-10-09 11:00:00Z;11.21337;0;3
1991-10-10 11:00:00Z;8.841879;0;3
1991-10-11 11:00:00Z;7.802749;0;3
1991-10-12 11:00:00Z;6.854502;0;3
1991-10-13 11:00:00Z;5.992111;0;3
1991-10-14 11:00:00Z;5.591575;0;3
1991-10-15 11:00:00Z;5.591575;0;3
1991-10-16 11:00:00Z;7.802749;0;3
1991-10-17 11:00:00Z;63.79687;0;3
1991-10-18 11:00:00Z;77.12577;0;3
1991-10-19 11:00:00Z;31.70259;0;3
1991-10-20 11:00:00Z;16.41553;0;3
1991-10-21 11:00:00Z;11.21337;0;3
1991-10-22 11:00:00Z;8.841879;0;3
1991-10-23 11:00:00Z;7.317581;0;3
1991-10-24 11:00:00Z;6.412881;0;3
1991-10-25 11:00:00Z;5.992111;0;3
1991-10-26 11:00:00Z;5.591575;0;3
1991-10-27 11:00:00Z;4.409753;0;3
1991-10-28 11:00:00Z;4.409753;0;3
1991-10-29 11:00:00Z;4.409753;0;3
1991-10-30 11:00:00Z;3.643716;0;3
1991-10-31 11:00:00Z;3.643716;0;3
1991-11-01 11:00:00Z;6.412881;0;3
1991-11-02 11:00:00Z;116.3304;0;3
1991-11-03 11:00:00Z;143.6172;0;3
1991-11-04 11:00:00Z;149.9029;0;3
1991-11-05 11:00:00Z;68.41315;0;3
1991-11-06 11:00:00Z;30.36262;0;3
1991-11-07 11:00:00Z;24.26567;0;3
1991-11-08 11:00:00Z;34.50937;0;3
1991-11-09 11:00:00Z;34.50937;0;3
1991-11-10 11:00:00Z;20.0655;0;3
1991-11-11 11:00:00Z;39.04865;0;3
1991-11-12 11:00:00Z;49.39275;0;3
1991-11-13 11:00:00Z;83.0158;0;3
1991-11-14 11:00:00Z;47.54604;0;3
1991-11-15 11:00:00Z;24.26567;0;3
1991-11-16 11:00:00Z;15.58354;0;3
1991-11-17 11:00:00Z;11.87117;0;3
1991-11-18 11:00:00Z;9.397121;0;3
1991-11-19 11:00:00Z;8.310637;0;3
1991-11-20 11:00:00Z;7.317581;0;3
1991-11-21 11:00:00Z;6.854502;0;3
1991-11-22 11:00:00Z;8.310637;0;3
1991-11-23 11:00:00Z;14.78232;0;3
1991-11-24 11:00:00Z;25.40726;0;3
1991-11-25 11:00:00Z;24.26567;0;3
1991-11-26 11:00:00Z;31.70259;0;3
1991-11-27 11:00:00Z;53.24014;0;3
1991-11-28 11:00:00Z;49.39275;0;3
1991-11-29 11:00:00Z;86.05576;0;3
1991-11-30 11:00:00Z;30.36262;0;3
1991-12-01 11:00:00Z;18.17467;0;3
1991-12-02 11:00:00Z;13.26939;0;3
1991-12-03 11:00:00Z;10.58221;0;3
1991-12-04 11:00:00Z;8.310637;0;3
1991-12-05 11:00:00Z;8.310637;0;3
1991-12-06 11:00:00Z;7.317581;0;3
1991-12-07 11:00:00Z;5.992111;0;3
1991-12-08 11:00:00Z;5.303548;0;3
1991-12-09 11:00:00Z;5.303548;0;3
1991-12-10 11:00:00Z;4.409753;0;3
1991-12-11 11:00:00Z;3.643716;0;3
1991-12-12 11:00:00Z;3.643716;0;3
1991-12-13 11:00:00Z;3.643716;0;3
1991-12-14 11:00:00Z;6.412881;0;3
1991-12-15 11:00:00Z;13.26939;0;3
1991-12-16 11:00:00Z;9.977013;0;3
1991-12-17 11:00:00Z;14.01116;0;3
1991-12-18 11:00:00Z;83.0158;0;3
1991-12-19 11:00:00Z;42.3037;0;3
1991-12-20 11:00:00Z;29.06389;0;3
1991-12-21 11:00:00Z;23.16146;0;3
1991-12-22 11:00:00Z;14.01116;0;3
1991-12-23 11:00:00Z;11.21337;0;3
1991-12-24 11:00:00Z;11.87117;0;3
1991-12-25 11:00:00Z;9.977013;0;3
1991-12-26 11:00:00Z;16.41553;0;3
1991-12-27 11:00:00Z;20.0655;0;3
1991-12-28 11:00:00Z;14.01116;0;3
1991-12-29 11:00:00Z;14.01116;0;3
1991-12-30 11:00:00Z;19.10326;0;3
1991-12-31 11:00:00Z;14.01116;0;3
1992-01-01 11:00:00Z;39.04865;0;3
1992-01-02 11:00:00Z;133.4876;0;3
1992-01-03 11:00:00Z;254.2767;0;3
1992-01-04 11:00:00Z;137.4877;0;3
1992-01-05 11:00:00Z;44.00234;0;3
1992-01-06 11:00:00Z;21.06212;0;3
1992-01-07 11:00:00Z;59.40901;0;3
1992-01-08 11:00:00Z;131.5132;0;3
1992-01-09 11:00:00Z;61.57483;0;3
1992-01-10 11:00:00Z;21.06212;0;3
1992-01-11 11:00:00Z;18.17467;0;3
1992-01-12 11:00:00Z;24.26567;0;3
1992-01-13 11:00:00Z;18.17467;0;3
1992-01-14 11:00:00Z;11.87117;0;3
1992-01-15 11:00:00Z;11.87117;0;3
1992-01-16 11:00:00Z;11.87117;0;3
1992-01-17 11:00:00Z;10.58221;0;3
1992-01-18 11:00:00Z;8.841879;0;3
1992-01-19 11:00:00Z;8.310637;0;3
1992-01-20 11:00:00Z;9.977013;0;3
1992-01-21 11:00:00Z;7.802749;0;3
1992-01-22 11:00:00Z;6.412881;0;3
1992-01-23 11:00:00Z;5.591575;0;3
1992-01-24 11:00:00Z;4.409753;0;3
1992-01-25 11:00:00Z;4.409753;0;3
1992-01-26 11:00:00Z;3.643716;0;3
1992-01-27 11:00:00Z;3.643716;0;3
1992-01-28 11:00:00Z;3.643716;0;3
1992-01-29 11:00:00Z;2.990656;0;3
1992-01-30 11:00:00Z;2.990656;0;3
1992-01-31 11:00:00Z;2.990656;0;3
1992-02-01 11:00:00Z;2.990656;0;3
1992-02-02 11:00:00Z;2.990656;0;3
1992-02-03 11:00:00Z;11.21337;0;3
1992-02-04 11:00:00Z;11.87117;0;3
1992-02-05 11:00:00Z;8.310637;0;3
1992-02-06 11:00:00Z;7.317581;0;3
1992-02-07 11:00:00Z;21.06212;0;3
1992-02-08 11:00:00Z;23.16146;0;3
1992-02-09 11:00:00Z;18.17467;0;3
1992-02-10 11:00:00Z;25.40726;0;3
1992-02-11 11:00:00Z;33.08457;0;3
1992-02-12 11:00:00Z;16.41553;0;3
1992-02-13 11:00:00Z;23.16146;0;3
1992-02-14 11:00:00Z;33.08457;0;3
1992-02-15 11:00:00Z;29.06389;0;3
1992-02-16 11:00:00Z;17.279;0;3
1992-02-17 11:00:00Z;10.58221;0;3
1992-02-18 11:00:00Z;8.310637;0;3
1992-02-19 11:00:00Z;7.317581;0;3
1992-02-20 11:00:00Z;6.412881;0;3
1992-02-21 11:00:00Z;5.992111;0;3
1992-02-22 11:00:00Z;14.01116;0;3
1992-02-23 11:00:00Z;93.93565;0;3
1992-02-24 11:00:00Z;53.24014;0;3
1992-02-25 11:00:00Z;29.06389;0;3
1992-02-26 11:00:00Z;19.10326;0;3
1992-02-27 11:00:00Z;14.01116;0;3
1992-02-28 11:00:00Z;17.279;0;3
1992-02-29 11:00:00Z;23.16146;0;3
1992-03-01 11:00:00Z;14.01116;0;3
1992-03-02 11:00:00Z;24.26567;0;3
1992-03-03 11:00:00Z;30.36262;0;3
1992-03-04 11:00:00Z;22.09385;0;3
1992-03-05 11:00:00Z;15.58354;0;3
1992-03-06 11:00:00Z;14.01116;0;3
1992-03-07 11:00:00Z;18.17467;0;3
1992-03-08 11:00:00Z;21.06212;0;3
1992-03-09 11:00:00Z;44.00234;0;3
1992-03-10 11:00:00Z;53.24014;0;3
1992-03-11 11:00:00Z;86.05576;0;3
1992-03-12 11:00:00Z;34.50937;0;3
1992-03-13 11:00:00Z;22.09385;0;3
1992-03-14 11:00:00Z;14.01116;0;3
1992-03-15 11:00:00Z;10.58221;0;3
1992-03-16 11:00:00Z;8.841879;0;3
1992-03-17 11:00:00Z;8.310637;0;3
1992-03-18 11:00:00Z;10.58221;0;3
1992-03-19 11:00:00Z;66.07602;0;3
1992-03-20 11:00:00Z;47.54604;0;3
1992-03-21 11:00:00Z;35.97778;0;3
1992-03-22 11:00:00Z;70.8092;0;3
1992-03-23 11:00:00Z;42.3037;0;3
1992-03-24 11:00:00Z;22.09385;0;3
1992-03-25 11:00:00Z;14.78232;0;3
1992-03-26 11:00:00Z;12.55628;0;3
1992-03-27 11:00:00Z;11.21337;0;3
1992-03-28 11:00:00Z;9.397121;0;3
1992-03-29 11:00:00Z;7.802749;0;3
1992-03-30 11:00:00Z;6.854502;0;3
1992-03-31 11:00:00Z;5.992111;0;3
1992-04-01 11:00:00Z;5.591575;0;3
1992-04-02 11:00:00Z;5.303548;0;3
1992-04-03 11:00:00Z;5.303548;0;3
1992-04-04 11:00:00Z;4.409753;0;3
1992-04-05 11:00:00Z;3.643716;0;3
1992-04-06 11:00:00Z;3.643716;0;3
1992-04-07 11:00:00Z;3.643716;0;3
1992-04-08 11:00:00Z;3.643716;0;3
1992-04-09 11:00:00Z;3.643716;0;3
1992-04-10 11:00:00Z;4.409753;0;3
1992-04-11 11:00:00Z;6.854502;0;3
1992-04-12 11:00:00Z;14.01116;0;3
1992-04-13 11:00:00Z;17.279;0;3
1992-04-14 11:00:00Z;19.10326;0;3
1992-04-15 11:00:00Z;12.55628;0;3
1992-04-16 11:00:00Z;9.397121;0;3
1992-04-17 11:00:00Z;7.317581;0;3
1992-04-18 11:00:00Z;6.854502;0;3
1992-04-19 11:00:00Z;11.87117;0;3
1992-04-20 11:00:00Z;13.26939;0;3
1992-04-21 11:00:00Z;9.397121;0;3
1992-04-22 11:00:00Z;7.802749;0;3
1992-04-23 11:00:00Z;6.412881;0;3
1992-04-24 11:00:00Z;5.591575;0;3
1992-04-25 11:00:00Z;6.854502;0;3
1992-04-26 11:00:00Z;12.55628;0;3
1992-04-27 11:00:00Z;44.00234;0;3
1992-04-28 11:00:00Z;49.39275;0;3
1992-04-29 11:00:00Z;37.4906;0;3
1992-04-30 11:00:00Z;21.06212;0;3
1992-05-01 11:00:00Z;49.39275;0;3
1992-05-02 11:00:00Z;55.24253;0;3
1992-05-03 11:00:00Z;29.06389;0;3
1992-05-04 11:00:00Z;18.17467;0;3
1992-05-05 11:00:00Z;14.78232;0;3
1992-05-06 11:00:00Z;15.58354;0;3
1992-05-07 11:00:00Z;21.06212;0;3
1992-05-08 11:00:00Z;30.36262;0;3
1992-05-09 11:00:00Z;25.40726;0;3
1992-05-10 11:00:00Z;17.279;0;3
1992-05-11 11:00:00Z;12.55628;0;3
1992-05-12 11:00:00Z;16.41553;0;3
1992-05-13 11:00:00Z;47.54604;0;3
1992-05-14 11:00:00Z;24.26567;0;3
1992-05-15 11:00:00Z;20.0655;0;3
1992-05-16 11:00:00Z;20.0655;0;3
1992-05-17 11:00:00Z;14.78232;0;3
1992-05-18 11:00:00Z;11.87117;0;3
1992-05-19 11:00:00Z;10.58221;0;3
1992-05-20 11:00:00Z;9.397121;0;3
1992-05-21 11:00:00Z;8.841879;0;3
1992-05-22 11:00:00Z;7.317581;0;3
1992-05-23 11:00:00Z;6.854502;0;3
1992-05-24 11:00:00Z;6.412881;0;3
1992-05-25 11:00:00Z;5.591575;0;3
1992-05-26 11:00:00Z;5.303548;0;3
1992-05-27 11:00:00Z;4.409753;0;3
1992-05-28 11:00:00Z;4.409753;0;3
1992-05-29 11:00:00Z;4.409753;0;3
1992-05-30 11:00:00Z;4.409753;0;3
1992-05-31 11:00:00Z;5.303548;0;3
1992-06-01 11:00:00Z;5.591575;0;3
1992-06-02 11:00:00Z;4.409753;0;3
1992-06-03 11:00:00Z;4.409753;0;3
1992-06-04 11:00:00Z;4.409753;0;3
1992-06-05 11:00:00Z;4.409753;0;3
1992-06-06 11:00:00Z;4.409753;0;3
1992-06-07 11:00:00Z;3.643716;0;3
1992-06-08 11:00:00Z;3.643716;0;3
1992-06-09 11:00:00Z;3.643716;0;3
1992-06-10 11:00:00Z;4.409753;0;3
1992-06-11 11:00:00Z;4.409753;0;3
1992-06-12 11:00:00Z;4.409753;0;3
1992-06-13 11:00:00Z;5.303548;0;3
1992-06-14 11:00:00Z;4.409753;0;3
1992-06-15 11:00:00Z;5.303548;0;3
1992-06-16 11:00:00Z;4.409753;0;3
1992-06-17 11:00:00Z;3.643716;0;3
1992-06-18 11:00:00Z;2.990656;0;3
1992-06-19 11:00:00Z;3.643716;0;3
1992-06-20 11:00:00Z;4.409753;0;3
1992-06-21 11:00:00Z;4.409753;0;3
1992-06-22 11:00:00Z;5.303548;0;3
1992-06-23 11:00:00Z;4.409753;0;3
1992-06-24 11:00:00Z;4.409753;0;3
1992-06-25 11:00:00Z;5.303548;0;3
1992-06-26 11:00:00Z;4.409753;0;3
1992-06-27 11:00:00Z;4.409753;0;3
1992-06-28 11:00:00Z;4.409753;0;3
1992-06-29 11:00:00Z;4.409753;0;3
1992-06-30 11:00:00Z;5.303548;0;3
1992-07-01 11:00:00Z;5.303548;0;3
1992-07-02 11:00:00Z;4.409753;0;3
1992-07-03 11:00:00Z;4.409753;0;3
1992-07-04 11:00:00Z;4.409753;0;3
1992-07-05 11:00:00Z;4.409753;0;3
1992-07-06 11:00:00Z;5.303548;0;3
1992-07-07 11:00:00Z;4.409753;0;3
1992-07-08 11:00:00Z;4.409753;0;3
1992-07-09 11:00:00Z;4.409753;0;3
1992-07-10 11:00:00Z;4.409753;0;3
1992-07-11 11:00:00Z;4.409753;0;3
1992-07-12 11:00:00Z;4.409753;0;3
1992-07-13 11:00:00Z;5.303548;0;3
1992-07-14 11:00:00Z;6.412881;0;3
1992-07-15 11:00:00Z;6.854502;0;3
1992-07-16 11:00:00Z;5.303548;0;3
1992-07-17 11:00:00Z;3.643716;0;3
1992-07-18 11:00:00Z;4.409753;0;3
1992-07-19 11:00:00Z;5.992111;0;3
1992-07-20 11:00:00Z;6.412881;0;3
1992-07-21 11:00:00Z;7.317581;0;3
1992-07-22 11:00:00Z;14.78232;0;3
1992-07-23 11:00:00Z;13.26939;0;3
1992-07-24 11:00:00Z;8.841879;0;3
1992-07-25 11:00:00Z;7.317581;0;3
1992-07-26 11:00:00Z;7.317581;0;3
1992-07-27 11:00:00Z;18.17467;0;3
1992-07-28 11:00:00Z;24.26567;0;3
1992-07-29 11:00:00Z;13.26939;0;3
1992-07-30 11:00:00Z;9.397121;0;3
1992-07-31 11:00:00Z;8.310637;0;3
1992-08-01 11:00:00Z;6.854502;0;3
1992-08-02 11:00:00Z;5.591575;0;3
1992-08-03 11:00:00Z;5.992111;0;3
1992-08-04 11:00:00Z;29.06389;0;3
1992-08-05 11:00:00Z;70.8092;0;3
1992-08-06 11:00:00Z;49.39275;0;3
1992-08-07 11:00:00Z;29.06389;0;3
1992-08-08 11:00:00Z;16.41553;0;3
1992-08-09 11:00:00Z;11.21337;0;3
1992-08-10 11:00:00Z;14.01116;0;3
1992-08-11 11:00:00Z;14.01116;0;3
1992-08-12 11:00:00Z;11.21337;0;3
1992-08-13 11:00:00Z;20.0655;0;3
1992-08-14 11:00:00Z;23.16146;0;3
1992-08-15 11:00:00Z;14.78232;0;3
1992-08-16 11:00:00Z;11.21337;0;3
1992-08-17 11:00:00Z;31.70259;0;3
1992-08-18 11:00:00Z;21.06212;0;3
1992-08-19 11:00:00Z;11.87117;0;3
1992-08-20 11:00:00Z;8.841879;0;3
1992-08-21 11:00:00Z;7.317581;0;3
1992-08-22 11:00:00Z;5.992111;0;3
1992-08-23 11:00:00Z;5.591575;0;3
1992-08-24 11:00:00Z;6.854502;0;3
1992-08-25 11:00:00Z;10.58221;0;3
1992-08-26 11:00:00Z;15.58354;0;3
1992-08-27 11:00:00Z;33.08457;0;3
1992-08-28 11:00:00Z;63.79687;0;3
1992-08-29 11:00:00Z;55.24253;0;3
1992-08-30 11:00:00Z;25.40726;0;3
1992-08-31 11:00:00Z;25.40726;0;3
1992-09-01 11:00:00Z;33.08457;0;3
1992-09-02 11:00:00Z;31.70259;0;3
1992-09-03 11:00:00Z;51.2905;0;3
1992-09-04 11:00:00Z;26.58699;0;3
1992-09-05 11:00:00Z;17.279;0;3
1992-09-06 11:00:00Z;14.01116;0;3
1992-09-07 11:00:00Z;11.87117;0;3
1992-09-08 11:00:00Z;31.70259;0;3
1992-09-09 11:00:00Z;59.40901;0;3
1992-09-10 11:00:00Z;70.8092;0;3
1992-09-11 11:00:00Z;26.58699;0;3
1992-09-12 11:00:00Z;19.10326;0;3
1992-09-13 11:00:00Z;33.08457;0;3
1992-09-14 11:00:00Z;105.6483;0;3
1992-09-15 11:00:00Z;45.74953;0;3
1992-09-16 11:00:00Z;55.24253;0;3
1992-09-17 11:00:00Z;31.70259;0;3
1992-09-18 11:00:00Z;17.279;0;3
1992-09-19 11:00:00Z;12.55628;0;3
1992-09-20 11:00:00Z;9.397121;0;3
1992-09-21 11:00:00Z;7.802749;0;3
1992-09-22 11:00:00Z;6.854502;0;3
1992-09-23 11:00:00Z;6.854502;0;3
1992-09-24 11:00:00Z;18.17467;0;3
1992-09-25 11:00:00Z;37.4906;0;3
1992-09-26 11:00:00Z;51.2905;0;3
1992-09-27 11:00:00Z;33.08457;0;3
1992-09-28 11:00:00Z;16.41553;0;3
1992-09-29 11:00:00Z;11.87117;0;3
1992-09-30 11:00:00Z;9.397121;0;3
1992-10-01 11:00:00Z;7.802749;0;3
1992-10-02 11:00:00Z;6.854502;0;3
1992-10-03 11:00:00Z;5.992111;0;3
1992-10-04 11:00:00Z;5.591575;0;3
1992-10-05 11:00:00Z;5.303548;0;3
1992-10-06 11:00:00Z;4.409753;0;3
1992-10-07 11:00:00Z;4.409753;0;3
1992-10-08 11:00:00Z;2.990656;0;3
1992-10-09 11:00:00Z;2.990656;0;3
1992-10-10 11:00:00Z;2.990656;0;3
1992-10-11 11:00:00Z;2.437073;0;3
1992-10-12 11:00:00Z;2.437073;0;3
1992-10-13 11:00:00Z;2.437073;0;3
1992-10-14 11:00:00Z;2.990656;0;3
1992-10-15 11:00:00Z;2.990656;0;3
1992-10-16 11:00:00Z;2.990656;0;3
1992-10-17 11:00:00Z;2.437073;0;3
1992-10-18 11:00:00Z;1.970676;0;3
1992-10-19 11:00:00Z;3.643716;0;3
1992-10-20 11:00:00Z;8.841879;0;3
1992-10-21 11:00:00Z;9.397121;0;3
1992-10-22 11:00:00Z;7.317581;0;3
1992-10-23 11:00:00Z;6.412881;0;3
1992-10-24 11:00:00Z;5.591575;0;3
1992-10-25 11:00:00Z;5.303548;0;3
1992-10-26 11:00:00Z;4.409753;0;3
1992-10-27 11:00:00Z;4.409753;0;3
1992-10-28 11:00:00Z;5.591575;0;3
1992-10-29 11:00:00Z;5.303548;0;3
1992-10-30 11:00:00Z;4.409753;0;3
1992-10-31 11:00:00Z;4.409753;0;3
1992-11-01 11:00:00Z;21.06212;0;3
1992-11-02 11:00:00Z;97.20052;0;3
1992-11-03 11:00:00Z;110.9145;0;3
1992-11-04 11:00:00Z;63.79687;0;3
1992-11-05 11:00:00Z;35.97778;0;3
1992-11-06 11:00:00Z;45.74953;0;3
1992-11-07 11:00:00Z;95.55998;0;3
1992-11-08 11:00:00Z;37.4906;0;3
1992-11-09 11:00:00Z;18.17467;0;3
1992-11-10 11:00:00Z;42.3037;0;3
1992-11-11 11:00:00Z;70.8092;0;3
1992-11-12 11:00:00Z;35.97778;0;3
1992-11-13 11:00:00Z;19.10326;0;3
1992-11-14 11:00:00Z;13.26939;0;3
1992-11-15 11:00:00Z;9.977013;0;3
1992-11-16 11:00:00Z;8.841879;0;3
1992-11-17 11:00:00Z;7.317581;0;3
1992-11-18 11:00:00Z;6.854502;0;3
1992-11-19 11:00:00Z;8.841879;0;3
1992-11-20 11:00:00Z;11.87117;0;3
1992-11-21 11:00:00Z;9.397121;0;3
1992-11-22 11:00:00Z;7.802749;0;3
1992-11-23 11:00:00Z;7.317581;0;3
1992-11-24 11:00:00Z;14.78232;0;3
1992-11-25 11:00:00Z;44.00234;0;3
1992-11-26 11:00:00Z;83.01578;0;3
1992-11-27 11:00:00Z;47.54604;0;3
1992-11-28 11:00:00Z;80.03925;0;3
1992-11-29 11:00:00Z;51.2905;0;3
1992-11-30 11:00:00Z;40.65275;0;3
1992-12-01 11:00:00Z;290.6805;0;3
1992-12-02 11:00:00Z;240.5428;0;3
1992-12-03 11:00:00Z;272.1058;0;3
1992-12-04 11:00:00Z;112.7031;0;3
1992-12-05 11:00:00Z;40.65275;0;3
1992-12-06 11:00:00Z;22.09385;0;3
1992-12-07 11:00:00Z;15.58354;0;3
1992-12-08 11:00:00Z;13.26939;0;3
1992-12-09 11:00:00Z;11.21337;0;3
1992-12-10 11:00:00Z;9.397121;0;3
1992-12-11 11:00:00Z;20.0655;0;3
1992-12-12 11:00:00Z;26.58699;0;3
1992-12-13 11:00:00Z;17.279;0;3
1992-12-14 11:00:00Z;19.10326;0;3
1992-12-15 11:00:00Z;80.03925;0;3
1992-12-16 11:00:00Z;87.59965;0;3
1992-12-17 11:00:00Z;95.55998;0;3
1992-12-18 11:00:00Z;37.4906;0;3
1992-12-19 11:00:00Z;102.22;0;3
1992-12-20 11:00:00Z;47.54604;0;3
1992-12-21 11:00:00Z;19.10326;0;3
1992-12-22 11:00:00Z;13.26939;0;3
1992-12-23 11:00:00Z;9.977013;0;3
1992-12-24 11:00:00Z;8.310637;0;3
1992-12-25 11:00:00Z;7.802749;0;3
1992-12-26 11:00:00Z;6.854502;0;3
1992-12-27 11:00:00Z;5.992111;0;3
1992-12-28 11:00:00Z;5.591575;0;3
1992-12-29 11:00:00Z;4.409753;0;3
1992-12-30 11:00:00Z;3.643716;0;3
1992-12-31 11:00:00Z;3.643716;0;3
1993-01-01 11:00:00Z;2.990656;0;3
1993-01-02 11:00:00Z;2.990656;0;3
1993-01-03 11:00:00Z;2.990656;0;3
1993-01-04 11:00:00Z;2.437073;0;3
1993-01-05 11:00:00Z;2.437073;0;3
1993-01-06 11:00:00Z;3.643716;0;3
1993-01-07 11:00:00Z;5.303548;0;3
1993-01-08 11:00:00Z;8.310637;0;3
1993-01-09 11:00:00Z;14.78232;0;3
1993-01-10 11:00:00Z;29.06389;0;3
1993-01-11 11:00:00Z;39.04865;0;3
1993-01-12 11:00:00Z;22.09385;0;3
1993-01-13 11:00:00Z;17.279;0;3
1993-01-14 11:00:00Z;33.08457;0;3
1993-01-15 11:00:00Z;49.39275;0;3
1993-01-16 11:00:00Z;103.9259;0;3
1993-01-17 11:00:00Z;105.6483;0;3
1993-01-18 11:00:00Z;105.6483;0;3
1993-01-19 11:00:00Z;40.65275;0;3
1993-01-20 11:00:00Z;23.16146;0;3
1993-01-21 11:00:00Z;27.8056;0;3
1993-01-22 11:00:00Z;114.5084;0;3
1993-01-23 11:00:00Z;77.12577;0;3
1993-01-24 11:00:00Z;33.08457;0;3
1993-01-25 11:00:00Z;20.0655;0;3
1993-01-26 11:00:00Z;13.26939;0;3
1993-01-27 11:00:00Z;9.397121;0;3
1993-01-28 11:00:00Z;7.802749;0;3
1993-01-29 11:00:00Z;6.412881;0;3
1993-01-30 11:00:00Z;6.412881;0;3
1993-01-31 11:00:00Z;6.412881;0;3
1993-02-01 11:00:00Z;6.412881;0;3
1993-02-02 11:00:00Z;5.992111;0;3
1993-02-03 11:00:00Z;14.78232;0;3
1993-02-04 11:00:00Z;68.41315;0;3
1993-02-05 11:00:00Z;139.5136;0;3
1993-02-06 11:00:00Z;78.57465;0;3
1993-02-07 11:00:00Z;30.36262;0;3
1993-02-08 11:00:00Z;18.17467;0;3
1993-02-09 11:00:00Z;13.26939;0;3
1993-02-10 11:00:00Z;12.55628;0;3
1993-02-11 11:00:00Z;11.21337;0;3
1993-02-12 11:00:00Z;9.397121;0;3
1993-02-13 11:00:00Z;7.802749;0;3
1993-02-14 11:00:00Z;7.317581;0;3
1993-02-15 11:00:00Z;7.317581;0;3
1993-02-16 11:00:00Z;9.397121;0;3
1993-02-17 11:00:00Z;19.10326;0;3
1993-02-18 11:00:00Z;21.06212;0;3
1993-02-19 11:00:00Z;19.10326;0;3
1993-02-20 11:00:00Z;14.01116;0;3
1993-02-21 11:00:00Z;11.87117;0;3
1993-02-22 11:00:00Z;9.397121;0;3
1993-02-23 11:00:00Z;7.802749;0;3
1993-02-24 11:00:00Z;6.854502;0;3
1993-02-25 11:00:00Z;5.992111;0;3
1993-02-26 11:00:00Z;5.992111;0;3
1993-02-27 11:00:00Z;5.591575;0;3
1993-02-28 11:00:00Z;5.591575;0;3
1993-03-01 11:00:00Z;4.409753;0;3
1993-03-02 11:00:00Z;4.409753;0;3
1993-03-03 11:00:00Z;3.643716;0;3
1993-03-04 11:00:00Z;2.990656;0;3
1993-03-05 11:00:00Z;2.990656;0;3
1993-03-06 11:00:00Z;3.643716;0;3
1993-03-07 11:00:00Z;3.643716;0;3
1993-03-08 11:00:00Z;4.409753;0;3
1993-03-09 11:00:00Z;3.643716;0;3
1993-03-10 11:00:00Z;3.643716;0;3
1993-03-11 11:00:00Z;3.643716;0;3
1993-03-12 11:00:00Z;4.409753;0;3
1993-03-13 11:00:00Z;4.409753;0;3
1993-03-14 11:00:00Z;4.409753;0;3
1993-03-15 11:00:00Z;6.854502;0;3
1993-03-16 11:00:00Z;23.16146;0;3
1993-03-17 11:00:00Z;68.41315;0;3
1993-03-18 11:00:00Z;92.32748;0;3
1993-03-19 11:00:00Z;59.40901;0;3
1993-03-20 11:00:00Z;97.20052;0;3
1993-03-21 11:00:00Z;87.59965;0;3
1993-03-22 11:00:00Z;63.79687;0;3
1993-03-23 11:00:00Z;30.36262;0;3
1993-03-24 11:00:00Z;19.10326;0;3
1993-03-25 11:00:00Z;13.26939;0;3
1993-03-26 11:00:00Z;10.58221;0;3
1993-03-27 11:00:00Z;8.841879;0;3
1993-03-28 11:00:00Z;7.802749;0;3
1993-03-29 11:00:00Z;6.854502;0;3
1993-03-30 11:00:00Z;6.412881;0;3
1993-03-31 11:00:00Z;5.591575;0;3
1993-04-01 11:00:00Z;5.591575;0;3
1993-04-02 11:00:00Z;5.591575;0;3
1993-04-03 11:00:00Z;5.303548;0;3
1993-04-04 11:00:00Z;5.591575;0;3
1993-04-05 11:00:00Z;5.992111;0;3
1993-04-06 11:00:00Z;6.412881;0;3
1993-04-07 11:00:00Z;6.854502;0;3
1993-04-08 11:00:00Z;6.854502;0;3
1993-04-09 11:00:00Z;7.317581;0;3
1993-04-10 11:00:00Z;7.317581;0;3
1993-04-11 11:00:00Z;6.412881;0;3
1993-04-12 11:00:00Z;5.992111;0;3
1993-04-13 11:00:00Z;5.591575;0;3
1993-04-14 11:00:00Z;5.591575;0;3
1993-04-15 11:00:00Z;5.591575;0;3
1993-04-16 11:00:00Z;5.992111;0;3
1993-04-17 11:00:00Z;8.841879;0;3
1993-04-18 11:00:00Z;16.41553;0;3
1993-04-19 11:00:00Z;14.78232;0;3
1993-04-20 11:00:00Z;11.21337;0;3
1993-04-21 11:00:00Z;25.40726;0;3
1993-04-22 11:00:00Z;63.79687;0;3
1993-04-23 11:00:00Z;35.97778;0;3
1993-04-24 11:00:00Z;37.4906;0;3
1993-04-25 11:00:00Z;73.265;0;3
1993-04-26 11:00:00Z;80.03925;0;3
1993-04-27 11:00:00Z;73.265;0;3
1993-04-28 11:00:00Z;51.2905;0;3
1993-04-29 11:00:00Z;44.00234;0;3
1993-04-30 11:00:00Z;40.65275;0;3
1993-05-01 11:00:00Z;33.08457;0;3
1993-05-02 11:00:00Z;29.06389;0;3
1993-05-03 11:00:00Z;29.06389;0;3
1993-05-04 11:00:00Z;22.09385;0;3
1993-05-05 11:00:00Z;13.26939;0;3
1993-05-06 11:00:00Z;9.977013;0;3
1993-05-07 11:00:00Z;9.397121;0;3
1993-05-08 11:00:00Z;9.397121;0;3
1993-05-09 11:00:00Z;9.977013;0;3
1993-05-10 11:00:00Z;10.58221;0;3
1993-05-11 11:00:00Z;12.55628;0;3
1993-05-12 11:00:00Z;11.87117;0;3
1993-05-13 11:00:00Z;10.58221;0;3
1993-05-14 11:00:00Z;9.397121;0;3
1993-05-15 11:00:00Z;8.310637;0;3
1993-05-16 11:00:00Z;7.802749;0;3
1993-05-17 11:00:00Z;9.397121;0;3
1993-05-18 11:00:00Z;21.06212;0;3
1993-05-19 11:00:00Z;14.78232;0;3
1993-05-20 11:00:00Z;12.55628;0;3
1993-05-21 11:00:00Z;11.21337;0;3
1993-05-22 11:00:00Z;10.58221;0;3
1993-05-23 11:00:00Z;9.977013;0;3
1993-05-24 11:00:00Z;8.841879;0;3
1993-05-25 11:00:00Z;7.317581;0;3
1993-05-26 11:00:00Z;5.992111;0;3
1993-05-27 11:00:00Z;5.303548;0;3
1993-05-28 11:00:00Z;4.409753;0;3
1993-05-29 11:00:00Z;4.409753;0;3
1993-05-30 11:00:00Z;4.409753;0;3
1993-05-31 11:00:00Z;4.409753;0;3
1993-06-01 11:00:00Z;6.412881;0;3
1993-06-02 11:00:00Z;7.802749;0;3
1993-06-03 11:00:00Z;6.412881;0;3
1993-06-04 11:00:00Z;5.303548;0;3
1993-06-05 11:00:00Z;3.643716;0;3
1993-06-06 11:00:00Z;3.643716;0;3
1993-06-07 11:00:00Z;3.643716;0;3
1993-06-08 11:00:00Z;3.643716;0;3
1993-06-09 11:00:00Z;2.990656;0;3
1993-06-10 11:00:00Z;2.990656;0;3
1993-06-11 11:00:00Z;2.990656;0;3
1993-06-12 11:00:00Z;4.409753;0;3
1993-06-13 11:00:00Z;5.303548;0;3
1993-06-14 11:00:00Z;5.303548;0;3
1993-06-15 11:00:00Z;5.303548;0;3
1993-06-16 11:00:00Z;5.303548;0;3
1993-06-17 11:00:00Z;4.409753;0;3
1993-06-18 11:00:00Z;5.303548;0;3
1993-06-19 11:00:00Z;5.303548;0;3
1993-06-20 11:00:00Z;5.303548;0;3
1993-06-21 11:00:00Z;5.992111;0;3
1993-06-22 11:00:00Z;5.591575;0;3
1993-06-23 11:00:00Z;5.591575;0;3
1993-06-24 11:00:00Z;5.591575;0;3
1993-06-25 11:00:00Z;5.303548;0;3
1993-06-26 11:00:00Z;5.303548;0;3
1993-06-27 11:00:00Z;5.303548;0;3
1993-06-28 11:00:00Z;5.303548;0;3
1993-06-29 11:00:00Z;5.591575;0;3
1993-06-30 11:00:00Z;5.591575;0;3
1993-07-01 11:00:00Z;5.303548;0;3
1993-07-02 11:00:00Z;5.303548;0;3
1993-07-03 11:00:00Z;5.303548;0;3
1993-07-04 11:00:00Z;5.303548;0;3
1993-07-05 11:00:00Z;5.303548;0;3
1993-07-06 11:00:00Z;4.409753;0;3
1993-07-07 11:00:00Z;5.303548;0;3
1993-07-08 11:00:00Z;4.409753;0;3
1993-07-09 11:00:00Z;5.303548;0;3
1993-07-10 11:00:00Z;5.992111;0;3
1993-07-11 11:00:00Z;7.317581;0;3
1993-07-12 11:00:00Z;9.977013;0;3
1993-07-13 11:00:00Z;9.977013;0;3
1993-07-14 11:00:00Z;11.87117;0;3
1993-07-15 11:00:00Z;8.841879;0;3
1993-07-16 11:00:00Z;6.412881;0;3
1993-07-17 11:00:00Z;5.591575;0;3
1993-07-18 11:00:00Z;6.854502;0;3
1993-07-19 11:00:00Z;7.802749;0;3
1993-07-20 11:00:00Z;6.854502;0;3
1993-07-21 11:00:00Z;6.854502;0;3
1993-07-22 11:00:00Z;7.802749;0;3
1993-07-23 11:00:00Z;7.317581;0;3
1993-07-24 11:00:00Z;6.412881;0;3
1993-07-25 11:00:00Z;5.992111;0;3
1993-07-26 11:00:00Z;5.591575;0;3
1993-07-27 11:00:00Z;5.303548;0;3
1993-07-28 11:00:00Z;5.591575;0;3
1993-07-29 11:00:00Z;5.591575;0;3
1993-07-30 11:00:00Z;5.591575;0;3
1993-07-31 11:00:00Z;6.412881;0;3
1993-08-01 11:00:00Z;8.310637;0;3
1993-08-02 11:00:00Z;9.397121;0;3
1993-08-03 11:00:00Z;34.50937;0;3
1993-08-04 11:00:00Z;75.69255;0;3
1993-08-05 11:00:00Z;61.57483;0;3
1993-08-06 11:00:00Z;27.8056;0;3
1993-08-07 11:00:00Z;14.78232;0;3
1993-08-08 11:00:00Z;9.977013;0;3
1993-08-09 11:00:00Z;8.841879;0;3
1993-08-10 11:00:00Z;13.26939;0;3
1993-08-11 11:00:00Z;34.50937;0;3
1993-08-12 11:00:00Z;14.78232;0;3
1993-08-13 11:00:00Z;18.17467;0;3
1993-08-14 11:00:00Z;14.01116;0;3
1993-08-15 11:00:00Z;8.310637;0;3
1993-08-16 11:00:00Z;5.992111;0;3
1993-08-17 11:00:00Z;5.591575;0;3
1993-08-18 11:00:00Z;7.317581;0;3
1993-08-19 11:00:00Z;7.317581;0;3
1993-08-20 11:00:00Z;7.317581;0;3
1993-08-21 11:00:00Z;6.854502;0;3
1993-08-22 11:00:00Z;6.854502;0;3
1993-08-23 11:00:00Z;6.412881;0;3
1993-08-24 11:00:00Z;6.412881;0;3
1993-08-25 11:00:00Z;6.412881;0;3
1993-08-26 11:00:00Z;6.412881;0;3
1993-08-27 11:00:00Z;5.992111;0;3
1993-08-28 11:00:00Z;5.992111;0;3
1993-08-29 11:00:00Z;5.992111;0;3
1993-08-30 11:00:00Z;5.931275;0;3
1993-08-31 11:00:00Z;5.934579;0;3
1993-09-01 11:00:00Z;5.876992;0;3
1993-09-02 11:00:00Z;5.819813;0;3
1993-09-03 11:00:00Z;5.763035;0;3
1993-09-04 11:00:00Z;5.706652;0;3
1993-09-05 11:00:00Z;5.650671;0;3
1993-09-06 11:00:00Z;5.600353;0;3
1993-09-07 11:00:00Z;5.591575;0;3
1993-09-08 11:00:00Z;5.591575;0;3
1993-09-09 11:00:00Z;5.591575;0;3
1993-09-10 11:00:00Z;5.591575;0;3
1993-09-11 11:00:00Z;5.591575;0;3
1993-09-12 11:00:00Z;5.591575;0;3
1993-09-13 11:00:00Z;5.591575;0;3
1993-09-14 11:00:00Z;5.591575;0;3
1993-09-15 11:00:00Z;5.591575;0;3
1993-09-16 11:00:00Z;5.591575;0;3
1993-09-17 11:00:00Z;5.591575;0;3
1993-09-18 11:00:00Z;5.591575;0;3
1993-09-19 11:00:00Z;5.591575;0;3
1993-09-20 11:00:00Z;5.597724;0;3
1993-09-21 11:00:00Z;6.089119;0;3
1993-09-22 11:00:00Z;7.317734;0;3
1993-09-23 11:00:00Z;6.784551;0;3
1993-09-24 11:00:00Z;5.898284;0;3
1993-09-25 11:00:00Z;5.787838;0;3
1993-09-26 11:00:00Z;6.268027;0;3
1993-09-27 11:00:00Z;6.729425;0;3
1993-09-28 11:00:00Z;6.412881;0;3
1993-09-29 11:00:00Z;4.409753;0;3
1993-09-30 11:00:00Z;3.643716;0;3
1993-10-01 11:00:00Z;2.990656;0;3
1993-10-02 11:00:00Z;2.990656;0;3
1993-10-03 11:00:00Z;2.990656;0;3
1993-10-04 11:00:00Z;2.990656;0;3
1993-10-05 11:00:00Z;2.437073;0;3
1993-10-06 11:00:00Z;4.409753;0;3
1993-10-07 11:00:00Z;5.992111;0;3
1993-10-08 11:00:00Z;6.412881;0;3
1993-10-09 11:00:00Z;5.992111;0;3
1993-10-10 11:00:00Z;5.992111;0;3
1993-10-11 11:00:00Z;8.841879;0;3
1993-10-12 11:00:00Z;9.977013;0;3
1993-10-13 11:00:00Z;9.977013;0;3
1993-10-14 11:00:00Z;7.802749;0;3
1993-10-15 11:00:00Z;6.412881;0;3
1993-10-16 11:00:00Z;5.992111;0;3
1993-10-17 11:00:00Z;5.992111;0;3
1993-10-18 11:00:00Z;5.992111;0;3
1993-10-19 11:00:00Z;6.412881;0;3
1993-10-20 11:00:00Z;18.17467;0;3
1993-10-21 11:00:00Z;57.29853;0;3
1993-10-22 11:00:00Z;23.16146;0;3
1993-10-23 11:00:00Z;12.55628;0;3
1993-10-24 11:00:00Z;9.397121;0;3
1993-10-25 11:00:00Z;7.802749;0;3
1993-10-26 11:00:00Z;6.854502;0;3
1993-10-27 11:00:00Z;6.412881;0;3
1993-10-28 11:00:00Z;5.992111;0;3
1993-10-29 11:00:00Z;5.591575;0;3
1993-10-30 11:00:00Z;5.303548;0;3
1993-10-31 11:00:00Z;4.409753;0;3
1993-11-01 11:00:00Z;4.519859;0;3
1993-11-02 11:00:00Z;3.973257;0;3
1993-11-03 11:00:00Z;2.852463;0;3
1993-11-04 11:00:00Z;2.739689;0;3
1993-11-05 11:00:00Z;2.414773;0;3
1993-11-06 11:00:00Z;2.095319;0;3
1993-11-07 11:00:00Z;2.032741;0;3
1993-11-08 11:00:00Z;2.05079;0;3
1993-11-09 11:00:00Z;3.551881;0;3
1993-11-10 11:00:00Z;4.566688;0;3
1993-11-11 11:00:00Z;10.95199;0;3
1993-11-12 11:00:00Z;15.79655;0;3
1993-11-13 11:00:00Z;20.59149;0;3
1993-11-14 11:00:00Z;22.81861;0;3
1993-11-15 11:00:00Z;15.4717;0;3
1993-11-16 11:00:00Z;11.49048;0;3
1993-11-17 11:00:00Z;9.082941;0;3
1993-11-18 11:00:00Z;8.175932;0;3
1993-11-19 11:00:00Z;7.441133;0;3
1993-11-20 11:00:00Z;7.015876;0;3
1993-11-21 11:00:00Z;6.082428;0;3
1993-11-22 11:00:00Z;5.303548;2;3
1993-11-23 11:00:00Z;3.643716;2;3
1993-11-24 11:00:00Z;2.990656;2;3
1993-11-25 11:00:00Z;2.12957;0;3
1993-11-26 11:00:00Z;1.764047;0;3
1993-11-27 11:00:00Z;2.304387;0;3
1993-11-28 11:00:00Z;2.201598;0;3
1993-11-29 11:00:00Z;2.001853;0;3
1993-11-30 11:00:00Z;1.970676;0;3
1993-12-01 11:00:00Z;1.970676;0;3
1993-12-02 11:00:00Z;1.970676;0;3
1993-12-03 11:00:00Z;1.97091;0;3
1993-12-04 11:00:00Z;25.78554;0;3
1993-12-05 11:00:00Z;76.42388;0;3
1993-12-06 11:00:00Z;42.50209;0;3
1993-12-07 11:00:00Z;119.1585;0;3
1993-12-08 11:00:00Z;75.61136;0;3
1993-12-09 11:00:00Z;25.70614;0;3
1993-12-10 11:00:00Z;14.94688;0;3
1993-12-11 11:00:00Z;10.7117;0;3
1993-12-12 11:00:00Z;7.910678;0;3
1993-12-13 11:00:00Z;6.550682;0;3
1993-12-14 11:00:00Z;6.163956;0;3
1993-12-15 11:00:00Z;6.390995;0;3
1993-12-16 11:00:00Z;7.427529;0;3
1993-12-17 11:00:00Z;6.932359;0;3
1993-12-18 11:00:00Z;6.66093;0;3
1993-12-19 11:00:00Z;127.561;0;3
1993-12-20 11:00:00Z;152.7725;0;3
1993-12-21 11:00:00Z;53.97501;0;3
1993-12-22 11:00:00Z;24.19262;0;3
1993-12-23 11:00:00Z;14.55311;0;3
1993-12-24 11:00:00Z;9.630699;0;3
1993-12-25 11:00:00Z;8.143579;0;3
1993-12-26 11:00:00Z;7.175146;0;3
1993-12-27 11:00:00Z;6.130283;0;3
1993-12-28 11:00:00Z;6.049269;0;3
1993-12-29 11:00:00Z;5.866255;0;3
1993-12-30 11:00:00Z;5.88336;0;3
1993-12-31 11:00:00Z;6.228082;0;3
1994-01-01 11:00:00Z;5.933821;0;3
1994-01-02 11:00:00Z;6.336801;0;3
1994-01-03 11:00:00Z;6.368186;0;3
1994-01-04 11:00:00Z;6.103728;0;3
1994-01-05 11:00:00Z;5.703562;0;3
1994-01-06 11:00:00Z;5.251958;0;3
1994-01-07 11:00:00Z;4.850842;0;3
1994-01-08 11:00:00Z;3.479168;0;3
1994-01-09 11:00:00Z;2.750656;0;3
1994-01-10 11:00:00Z;3.300081;0;3
1994-01-11 11:00:00Z;3.91285;0;3
1994-01-12 11:00:00Z;4.206312;0;3
1994-01-13 11:00:00Z;6.809345;0;3
1994-01-14 11:00:00Z;22.69975;0;3
1994-01-15 11:00:00Z;20.91469;0;3
1994-01-16 11:00:00Z;12.92949;0;3
1994-01-17 11:00:00Z;8.544152;0;3
1994-01-18 11:00:00Z;7.508903;0;3
1994-01-19 11:00:00Z;7.317581;0;3
1994-01-20 11:00:00Z;7.280496;0;3
1994-01-21 11:00:00Z;17.14941;0;3
1994-01-22 11:00:00Z;45.21727;0;3
1994-01-23 11:00:00Z;28.71416;0;3
1994-01-24 11:00:00Z;16.42181;0;3
1994-01-25 11:00:00Z;12.00105;0;3
1994-01-26 11:00:00Z;10.02637;0;3
1994-01-27 11:00:00Z;9.474098;0;3
1994-01-28 11:00:00Z;8.941766;0;3
1994-01-29 11:00:00Z;7.268077;0;3
1994-01-30 11:00:00Z;7.647471;0;3
1994-01-31 11:00:00Z;10.37893;0;3
1994-02-01 11:00:00Z;8.951194;0;3
1994-02-02 11:00:00Z;8.220113;0;3
1994-02-03 11:00:00Z;6.760435;0;3
1994-02-04 11:00:00Z;5.780242;0;3
1994-02-05 11:00:00Z;5.284244;0;3
1994-02-06 11:00:00Z;5.303548;2;3
1994-02-07 11:00:00Z;4.409753;2;3
1994-02-08 11:00:00Z;4.409753;2;3
1994-02-09 11:00:00Z;4.409753;2;3
1994-02-10 11:00:00Z;4.409753;2;3
1994-02-11 11:00:00Z;3.643716;2;3
1994-02-12 11:00:00Z;3.643716;2;3
1994-02-13 11:00:00Z;3.643716;2;3
1994-02-14 11:00:00Z;3.643716;2;3
1994-02-15 11:00:00Z;2.990656;2;3
1994-02-16 11:00:00Z;2.990656;2;3
1994-02-17 11:00:00Z;2.990656;2;3
1994-02-18 11:00:00Z;2.990656;2;3
1994-02-19 11:00:00Z;2.437073;2;3
1994-02-20 11:00:00Z;2.437073;2;3
1994-02-21 11:00:00Z;2.437073;2;3
1994-02-22 11:00:00Z;2.437073;2;3
1994-02-23 11:00:00Z;1.970676;2;3
1994-02-24 11:00:00Z;1.827004;0;3
1994-02-25 11:00:00Z;2.020771;0;3
1994-02-26 11:00:00Z;2.074449;0;3
1994-02-27 11:00:00Z;2.035633;0;3
1994-02-28 11:00:00Z;2.982424;0;3
1994-03-01 11:00:00Z;3.367762;0;3
1994-03-02 11:00:00Z;4.262794;0;3
1994-03-03 11:00:00Z;5.48212;0;3
1994-03-04 11:00:00Z;3.677227;0;3
1994-03-05 11:00:00Z;9.23933;0;3
1994-03-06 11:00:00Z;37.35664;0;3
1994-03-07 11:00:00Z;39.91893;0;3
1994-03-08 11:00:00Z;40.49834;0;3
1994-03-09 11:00:00Z;72.22298;0;3
1994-03-10 11:00:00Z;47.91463;0;3
1994-03-11 11:00:00Z;58.82749;0;3
1994-03-12 11:00:00Z;66.02312;0;3
1994-03-13 11:00:00Z;32.57896;0;3
1994-03-14 11:00:00Z;20.17996;0;3
1994-03-15 11:00:00Z;15.71909;0;3
1994-03-16 11:00:00Z;12.76855;0;3
1994-03-17 11:00:00Z;10.67821;0;3
1994-03-18 11:00:00Z;9.384822;0;3
1994-03-19 11:00:00Z;8.165863;0;3
1994-03-20 11:00:00Z;7.870184;0;3
1994-03-21 11:00:00Z;7.968299;0;3
1994-03-22 11:00:00Z;7.927551;0;3
1994-03-23 11:00:00Z;13.12599;0;3
1994-03-24 11:00:00Z;30.96965;0;3
1994-03-25 11:00:00Z;27.37033;0;3
1994-03-26 11:00:00Z;20.16874;0;3
1994-03-27 11:00:00Z;13.67384;0;3
1994-03-28 11:00:00Z;10.94954;0;3
1994-03-29 11:00:00Z;12.56401;0;3
1994-03-30 11:00:00Z;19.19628;0;3
1994-03-31 11:00:00Z;67.71917;0;3
1994-04-01 11:00:00Z;139.4034;0;3
1994-04-02 11:00:00Z;111.9891;0;3
1994-04-03 11:00:00Z;68.48131;0;3
1994-04-04 11:00:00Z;42.57822;0;3
1994-04-05 11:00:00Z;30.57715;0;3
1994-04-06 11:00:00Z;21.19001;0;3
1994-04-07 11:00:00Z;17.94788;0;3
1994-04-08 11:00:00Z;14.66587;0;3
1994-04-09 11:00:00Z;14.41465;0;3
1994-04-10 11:00:00Z;26.16583;0;3
1994-04-11 11:00:00Z;34.09059;0;3
1994-04-12 11:00:00Z;27.3863;0;3
1994-04-13 11:00:00Z;22.89778;0;3
1994-04-14 11:00:00Z;22.98977;0;3
1994-04-15 11:00:00Z;20.44442;0;3
1994-04-16 11:00:00Z;20.86779;0;3
1994-04-17 11:00:00Z;22.42945;0;3
1994-04-18 11:00:00Z;20.74326;0;3
1994-04-19 11:00:00Z;18.41548;0;3
1994-04-20 11:00:00Z;19.42398;0;3
1994-04-21 11:00:00Z;38.52279;0;3
1994-04-22 11:00:00Z;35.97709;0;3
1994-04-23 11:00:00Z;59.94469;0;3
1994-04-24 11:00:00Z;86.29137;0;3
1994-04-25 11:00:00Z;110.2127;0;3
1994-04-26 11:00:00Z;171.1557;0;3
1994-04-27 11:00:00Z;119.0003;0;3
1994-04-28 11:00:00Z;71.65234;0;3
1994-04-29 11:00:00Z;78.14973;0;3
1994-04-30 11:00:00Z;99.15489;0;3
1994-05-01 11:00:00Z;87.11351;0;3
1994-05-02 11:00:00Z;62.23587;0;3
1994-05-03 11:00:00Z;54.68697;0;3
1994-05-04 11:00:00Z;60.88717;0;3
1994-05-05 11:00:00Z;67.46214;0;3
1994-05-06 11:00:00Z;52.78905;0;3
1994-05-07 11:00:00Z;67.88294;0;3
1994-05-08 11:00:00Z;76.30649;0;3
1994-05-09 11:00:00Z;100.0122;0;3
1994-05-10 11:00:00Z;79.82489;0;3
1994-05-11 11:00:00Z;66.75826;0;3
1994-05-12 11:00:00Z;66.19289;0;3
1994-05-13 11:00:00Z;59.6645;0;3
1994-05-14 11:00:00Z;46.03332;0;3
1994-05-15 11:00:00Z;39.15501;0;3
1994-05-16 11:00:00Z;33.9853;0;3
1994-05-17 11:00:00Z;26.49269;0;3
1994-05-18 11:00:00Z;20.74016;0;3
1994-05-19 11:00:00Z;17.60868;0;3
1994-05-20 11:00:00Z;16.07665;0;3
1994-05-21 11:00:00Z;16.10726;0;3
1994-05-22 11:00:00Z;16.57778;0;3
1994-05-23 11:00:00Z;15.7745;0;3
1994-05-24 11:00:00Z;15.276;0;3
1994-05-25 11:00:00Z;15.52273;0;3
1994-05-26 11:00:00Z;15.41639;0;3
1994-05-27 11:00:00Z;15.73605;0;3
1994-05-28 11:00:00Z;13.79015;0;3
1994-05-29 11:00:00Z;12.17343;0;3
1994-05-30 11:00:00Z;11.39166;0;3
1994-05-31 11:00:00Z;10.1866;0;3
1994-06-01 11:00:00Z;11.86397;0;3
1994-06-02 11:00:00Z;10.83089;0;3
1994-06-03 11:00:00Z;9.897759;0;3
1994-06-04 11:00:00Z;10.51997;0;3
1994-06-05 11:00:00Z;17.80119;0;3
1994-06-06 11:00:00Z;11.83375;0;3
1994-06-07 11:00:00Z;10.42189;0;3
1994-06-08 11:00:00Z;11.47949;0;3
1994-06-09 11:00:00Z;11.61242;0;3
1994-06-10 11:00:00Z;9.950906;0;3
1994-06-11 11:00:00Z;8.016418;0;3
1994-06-12 11:00:00Z;7.811659;0;3
1994-06-13 11:00:00Z;7.782453;0;3
1994-06-14 11:00:00Z;7.980333;0;3
1994-06-15 11:00:00Z;8.027399;0;3
1994-06-16 11:00:00Z;7.005658;0;3
1994-06-17 11:00:00Z;5.82569;0;3
1994-06-18 11:00:00Z;5.582881;0;3
1994-06-19 11:00:00Z;9.205606;0;3
1994-06-20 11:00:00Z;12.52227;0;3
1994-06-21 11:00:00Z;10.04208;0;3
1994-06-22 11:00:00Z;22.779;0;3
1994-06-23 11:00:00Z;26.34069;0;3
1994-06-24 11:00:00Z;17.38912;0;3
1994-06-25 11:00:00Z;10.98022;0;3
1994-06-26 11:00:00Z;8.123902;0;3
1994-06-27 11:00:00Z;7.317581;0;3
1994-06-28 11:00:00Z;7.317581;0;3
1994-06-29 11:00:00Z;7.317581;0;3
1994-06-30 11:00:00Z;7.471385;0;3
1994-07-01 11:00:00Z;7.524752;0;3
1994-07-02 11:00:00Z;6.220788;0;3
1994-07-03 11:00:00Z;5.422285;0;3
1994-07-04 11:00:00Z;6.003002;0;3
1994-07-05 11:00:00Z;7.317581;0;3
1994-07-06 11:00:00Z;6.884394;0;3
1994-07-07 11:00:00Z;6.253854;0;3
1994-07-08 11:00:00Z;5.41063;0;3
1994-07-09 11:00:00Z;5.303548;0;3
1994-07-10 11:00:00Z;5.303548;0;3
1994-07-11 11:00:00Z;5.303548;0;3
1994-07-12 11:00:00Z;5.303548;0;3
1994-07-13 11:00:00Z;5.303548;0;3
1994-07-14 11:00:00Z;4.786289;0;3
1994-07-15 11:00:00Z;4.409753;0;3
1994-07-16 11:00:00Z;4.409753;0;3
1994-07-17 11:00:00Z;4.409753;0;3
1994-07-18 11:00:00Z;4.794767;0;3
1994-07-19 11:00:00Z;5.114708;0;3
1994-07-20 11:00:00Z;4.926871;0;3
1994-07-21 11:00:00Z;4.744744;0;3
1994-07-22 11:00:00Z;4.568181;0;3
1994-07-23 11:00:00Z;4.106417;0;3
1994-07-24 11:00:00Z;4.36533;0;3
1994-07-25 11:00:00Z;4.801131;0;3
1994-07-26 11:00:00Z;5.129343;0;3
1994-07-27 11:00:00Z;4.956917;0;3
1994-07-28 11:00:00Z;4.789286;0;3
1994-07-29 11:00:00Z;4.626346;0;3
1994-07-30 11:00:00Z;4.416296;0;3
1994-07-31 11:00:00Z;4.018651;0;3
1994-08-01 11:00:00Z;3.962912;0;3
1994-08-02 11:00:00Z;4.814759;0;3
1994-08-03 11:00:00Z;7.807076;0;3
1994-08-04 11:00:00Z;6.045544;0;3
1994-08-05 11:00:00Z;4.409753;0;3
1994-08-06 11:00:00Z;3.174802;0;3
1994-08-07 11:00:00Z;4.951187;0;3
1994-08-08 11:00:00Z;5.775832;0;3
1994-08-09 11:00:00Z;6.047939;0;3
1994-08-10 11:00:00Z;6.107394;0;3
1994-08-11 11:00:00Z;6.167278;0;3
1994-08-12 11:00:00Z;6.227579;0;3
1994-08-13 11:00:00Z;6.907737;0;3
1994-08-14 11:00:00Z;10.04558;0;3
1994-08-15 11:00:00Z;8.157733;0;3
1994-08-16 11:00:00Z;7.294056;0;3
1994-08-17 11:00:00Z;6.542482;0;3
1994-08-18 11:00:00Z;7.182653;0;3
1994-08-19 11:00:00Z;7.738548;0;3
1994-08-20 11:00:00Z;6.714063;0;3
1994-08-21 11:00:00Z;6.34515;0;3
1994-08-22 11:00:00Z;5.998573;0;3
1994-08-23 11:00:00Z;6.049249;0;3
1994-08-24 11:00:00Z;6.10858;0;3
1994-08-25 11:00:00Z;8.687184;0;3
1994-08-26 11:00:00Z;12.06347;0;3
1994-08-27 11:00:00Z;26.85207;0;3
1994-08-28 11:00:00Z;35.70218;0;3
1994-08-29 11:00:00Z;61.61629;0;3
1994-08-30 11:00:00Z;30.17698;0;3
1994-08-31 11:00:00Z;15.00712;0;3
1994-09-01 11:00:00Z;9.892866;0;3
1994-09-02 11:00:00Z;7.5285;0;3
1994-09-03 11:00:00Z;6.863266;0;3
1994-09-04 11:00:00Z;6.913783;0;3
1994-09-05 11:00:00Z;7.055951;0;3
1994-09-06 11:00:00Z;9.161227;0;3
1994-09-07 11:00:00Z;9.066184;0;3
1994-09-08 11:00:00Z;7.20882;0;3
1994-09-09 11:00:00Z;6.880458;0;3
1994-09-10 11:00:00Z;20.46756;0;3
1994-09-11 11:00:00Z;30.29515;0;3
1994-09-12 11:00:00Z;17.03171;0;3
1994-09-13 11:00:00Z;12.11443;0;3
1994-09-14 11:00:00Z;10.67472;0;3
1994-09-15 11:00:00Z;9.025056;0;3
1994-09-16 11:00:00Z;7.563433;0;3
1994-09-17 11:00:00Z;7.091404;0;3
1994-09-18 11:00:00Z;7.610248;0;3
1994-09-19 11:00:00Z;7.051091;0;3
1994-09-20 11:00:00Z;6.301075;0;3
1994-09-21 11:00:00Z;5.752953;0;3
1994-09-22 11:00:00Z;5.39881;0;3
1994-09-23 11:00:00Z;5.230894;0;3
1994-09-24 11:00:00Z;5.436112;0;3
1994-09-25 11:00:00Z;5.150621;0;3
1994-09-26 11:00:00Z;5.035068;0;3
1994-09-27 11:00:00Z;6.389795;0;3
1994-09-28 11:00:00Z;16.91433;0;3
1994-09-29 11:00:00Z;13.86622;0;3
1994-09-30 11:00:00Z;14.56998;0;3
1994-10-01 11:00:00Z;41.67232;0;3
1994-10-02 11:00:00Z;20.12625;0;3
1994-10-03 11:00:00Z;12.35762;0;3
1994-10-04 11:00:00Z;8.948706;0;3
1994-10-05 11:00:00Z;6.670229;0;3
1994-10-06 11:00:00Z;5.734457;0;3
1994-10-07 11:00:00Z;5.881598;0;3
1994-10-08 11:00:00Z;8.35256;0;3
1994-10-09 11:00:00Z;10.37882;0;3
1994-10-10 11:00:00Z;9.269586;0;3
1994-10-11 11:00:00Z;7.115438;0;3
1994-10-12 11:00:00Z;6.017344;0;3
1994-10-13 11:00:00Z;5.408288;0;3
1994-10-14 11:00:00Z;4.674875;0;3
1994-10-15 11:00:00Z;4.409753;0;3
1994-10-16 11:00:00Z;4.219839;0;3
1994-10-17 11:00:00Z;3.554845;0;3
1994-10-18 11:00:00Z;2.990656;0;3
1994-10-19 11:00:00Z;2.582006;0;3
1994-10-20 11:00:00Z;2.437073;0;3
1994-10-21 11:00:00Z;2.016341;0;3
1994-10-22 11:00:00Z;2.062024;0;3
1994-10-23 11:00:00Z;3.042623;0;3
1994-10-24 11:00:00Z;45.44303;0;3
1994-10-25 11:00:00Z;56.24692;0;3
1994-10-26 11:00:00Z;29.45543;0;3
1994-10-27 11:00:00Z;31.16331;0;3
1994-10-28 11:00:00Z;20.43583;0;3
1994-10-29 11:00:00Z;28.21893;0;3
1994-10-30 11:00:00Z;25.21297;0;3
1994-10-31 11:00:00Z;22.07073;1;3
1994-11-01 11:00:00Z;83.45995;0;3
1994-11-02 11:00:00Z;45.19581;0;3
1994-11-03 11:00:00Z;20.35288;0;3
1994-11-04 11:00:00Z;13.09619;0;3
1994-11-05 11:00:00Z;9.403665;0;3
1994-11-06 11:00:00Z;8.310637;0;3
1994-11-07 11:00:00Z;7.733855;0;3
1994-11-08 11:00:00Z;6.829342;0;3
1994-11-09 11:00:00Z;6.078299;0;3
1994-11-10 11:00:00Z;5.261713;0;3
1994-11-11 11:00:00Z;4.468938;0;3
1994-11-12 11:00:00Z;4.209197;0;3
1994-11-13 11:00:00Z;3.643716;0;3
1994-11-14 11:00:00Z;7.348056;0;3
1994-11-15 11:00:00Z;65.70503;0;3
1994-11-16 11:00:00Z;78.09126;0;3
1994-11-17 11:00:00Z;31.15294;0;3
1994-11-18 11:00:00Z;18.2816;0;3
1994-11-19 11:00:00Z;12.78956;0;3
1994-11-20 11:00:00Z;13.91103;0;3
1994-11-21 11:00:00Z;21.62955;0;3
1994-11-22 11:00:00Z;19.69685;0;3
1994-11-23 11:00:00Z;20.41475;0;3
1994-11-24 11:00:00Z;26.25971;0;3
1994-11-25 11:00:00Z;19.16118;0;3
1994-11-26 11:00:00Z;11.90586;0;3
1994-11-27 11:00:00Z;9.385498;0;3
1994-11-28 11:00:00Z;8.331721;1;3
1994-11-29 11:00:00Z;8.310637;1;3
1994-11-30 11:00:00Z;8.310637;1;3
1994-12-01 11:00:00Z;7.769742;1;3
1994-12-02 11:00:00Z;6.37502;0;3
1994-12-03 11:00:00Z;5.992111;0;3
1994-12-04 11:00:00Z;5.992111;0;3
1994-12-05 11:00:00Z;6.917586;0;3
1994-12-06 11:00:00Z;8.530074;0;3
1994-12-07 11:00:00Z;13.76344;0;3
1994-12-08 11:00:00Z;56.44096;0;3
1994-12-09 11:00:00Z;84.50626;0;3
1994-12-10 11:00:00Z;70.74364;0;3
1994-12-11 11:00:00Z;123.1023;0;3
1994-12-12 11:00:00Z;57.18074;0;3
1994-12-13 11:00:00Z;61.01604;0;3
1994-12-14 11:00:00Z;33.30701;0;3
1994-12-15 11:00:00Z;16.55765;0;3
1994-12-16 11:00:00Z;17.62716;0;3
1994-12-17 11:00:00Z;20.08422;0;3
1994-12-18 11:00:00Z;113.0533;0;3
1994-12-19 11:00:00Z;152.457;0;3
1994-12-20 11:00:00Z;56.02863;0;3
1994-12-21 11:00:00Z;26.51565;0;3
1994-12-22 11:00:00Z;14.84006;0;3
1994-12-23 11:00:00Z;11.24618;0;3
1994-12-24 11:00:00Z;19.52108;0;3
1994-12-25 11:00:00Z;44.05202;0;3
1994-12-26 11:00:00Z;60.17027;0;3
1994-12-27 11:00:00Z;37.32802;0;3
1994-12-28 11:00:00Z;19.49566;0;3
1994-12-29 11:00:00Z;17.51464;0;3
1994-12-30 11:00:00Z;42.02943;0;3
1994-12-31 11:00:00Z;37.96347;0;3
1995-01-01 11:00:00Z;17.7849;0;3
1995-01-02 11:00:00Z;12.49805;0;3
1995-01-03 11:00:00Z;8.795562;0;3
1995-01-04 11:00:00Z;7.83556;0;3
1995-01-05 11:00:00Z;7.540023;0;3
1995-01-06 11:00:00Z;6.720673;0;3
1995-01-07 11:00:00Z;6.272386;0;3
1995-01-08 11:00:00Z;6.601602;0;3
1995-01-09 11:00:00Z;10.02435;0;3
1995-01-10 11:00:00Z;22.61523;0;3
1995-01-11 11:00:00Z;12.31038;0;3
1995-01-12 11:00:00Z;8.667249;0;3
1995-01-13 11:00:00Z;8.049049;0;3
1995-01-14 11:00:00Z;7.99376;0;3
1995-01-15 11:00:00Z;13.70322;0;3
1995-01-16 11:00:00Z;15.88168;0;3
1995-01-17 11:00:00Z;62.33623;0;3
1995-01-18 11:00:00Z;94.34704;0;3
1995-01-19 11:00:00Z;45.93555;0;3
1995-01-20 11:00:00Z;27.83572;0;3
1995-01-21 11:00:00Z;33.2089;0;3
1995-01-22 11:00:00Z;26.29309;0;3
1995-01-23 11:00:00Z;17.37711;0;3
1995-01-24 11:00:00Z;11.6875;0;3
1995-01-25 11:00:00Z;9.359658;0;3
1995-01-26 11:00:00Z;7.486103;0;3
1995-01-27 11:00:00Z;6.12006;0;3
1995-01-28 11:00:00Z;6.049481;0;3
1995-01-29 11:00:00Z;5.786817;0;3
1995-01-30 11:00:00Z;4.710062;0;3
1995-01-31 11:00:00Z;4.532283;0;3
1995-02-01 11:00:00Z;9.086558;0;3
1995-02-02 11:00:00Z;22.96678;0;3
1995-02-03 11:00:00Z;22.97185;0;3
1995-02-04 11:00:00Z;49.17737;0;3
1995-02-05 11:00:00Z;37.54898;0;3
1995-02-06 11:00:00Z;38.34122;0;3
1995-02-07 11:00:00Z;78.22044;0;3
1995-02-08 11:00:00Z;35.60542;0;3
1995-02-09 11:00:00Z;17.67052;0;3
1995-02-10 11:00:00Z;11.44352;0;3
1995-02-11 11:00:00Z;8.778713;0;3
1995-02-12 11:00:00Z;8.105544;0;3
1995-02-13 11:00:00Z;8.26568;0;3
1995-02-14 11:00:00Z;38.23781;0;3
1995-02-15 11:00:00Z;56.28653;0;3
1995-02-16 11:00:00Z;48.69868;0;3
1995-02-17 11:00:00Z;38.38685;0;3
1995-02-18 11:00:00Z;18.03279;0;3
1995-02-19 11:00:00Z;14.59091;0;3
1995-02-20 11:00:00Z;17.0615;0;3
1995-02-21 11:00:00Z;13.36172;0;3
1995-02-22 11:00:00Z;14.97342;0;3
1995-02-23 11:00:00Z;75.62743;0;3
1995-02-24 11:00:00Z;33.17669;0;3
1995-02-25 11:00:00Z;17.16298;0;3
1995-02-26 11:00:00Z;11.73748;0;3
1995-02-27 11:00:00Z;8.96399;0;3
1995-02-28 11:00:00Z;12.80465;0;3
1995-03-01 11:00:00Z;20.39389;0;3
1995-03-02 11:00:00Z;14.46767;0;3
1995-03-03 11:00:00Z;10.5053;0;3
1995-03-04 11:00:00Z;8.531519;0;3
1995-03-05 11:00:00Z;7.17319;0;3
1995-03-06 11:00:00Z;6.847421;0;3
1995-03-07 11:00:00Z;6.792206;0;3
1995-03-08 11:00:00Z;6.389062;0;3
1995-03-09 11:00:00Z;6.252517;0;3
1995-03-10 11:00:00Z;5.904631;0;3
1995-03-11 11:00:00Z;5.642296;0;3
1995-03-12 11:00:00Z;5.530221;0;3
1995-03-13 11:00:00Z;5.362655;0;3
1995-03-14 11:00:00Z;5.303548;0;3
1995-03-15 11:00:00Z;5.303548;0;3
1995-03-16 11:00:00Z;4.884743;0;3
1995-03-17 11:00:00Z;7.213679;0;3
1995-03-18 11:00:00Z;12.86158;0;3
1995-03-19 11:00:00Z;10.5456;0;3
1995-03-20 11:00:00Z;10.58221;0;3
1995-03-21 11:00:00Z;9.465065;0;3
1995-03-22 11:00:00Z;8.260943;0;3
1995-03-23 11:00:00Z;8.549486;0;3
1995-03-24 11:00:00Z;17.65192;0;3
1995-03-25 11:00:00Z;29.45703;0;3
1995-03-26 11:00:00Z;17.77913;0;3
1995-03-27 11:00:00Z;12.17413;0;3
1995-03-28 11:00:00Z;10.41226;0;3
1995-03-29 11:00:00Z;7.730321;0;3
1995-03-30 11:00:00Z;6.911066;0;3
1995-03-31 11:00:00Z;6.58117;0;3
1995-04-01 11:00:00Z;9.683149;0;3
1995-04-02 11:00:00Z;14.10831;0;3
1995-04-03 11:00:00Z;13.80591;0;3
1995-04-04 11:00:00Z;10.44112;0;3
1995-04-05 11:00:00Z;8.527374;0;3
1995-04-06 11:00:00Z;7.300406;0;3
1995-04-07 11:00:00Z;14.95557;0;3
1995-04-08 11:00:00Z;29.86435;0;3
1995-04-09 11:00:00Z;19.48504;0;3
1995-04-10 11:00:00Z;14.18137;0;3
1995-04-11 11:00:00Z;11.79887;0;3
1995-04-12 11:00:00Z;17.25405;0;3
1995-04-13 11:00:00Z;29.065;0;3
1995-04-14 11:00:00Z;38.01777;0;3
1995-04-15 11:00:00Z;42.32758;0;3
1995-04-16 11:00:00Z;44.45726;0;3
1995-04-17 11:00:00Z;26.38025;1;3
1995-04-18 11:00:00Z;18.13996;0;3
1995-04-19 11:00:00Z;14.48275;0;3
1995-04-20 11:00:00Z;11.65229;0;3
1995-04-21 11:00:00Z;10.85356;0;3
1995-04-22 11:00:00Z;10.95338;0;3
1995-04-23 11:00:00Z;12.64266;0;3
1995-04-24 11:00:00Z;50.27922;0;3
1995-04-25 11:00:00Z;101.0063;0;3
1995-04-26 11:00:00Z;98.8713;0;3
1995-04-27 11:00:00Z;49.47569;0;3
1995-04-28 11:00:00Z;24.17411;0;3
1995-04-29 11:00:00Z;15.42963;0;3
1995-04-30 11:00:00Z;12.17571;0;3
1995-05-01 11:00:00Z;11.91176;0;3
1995-05-02 11:00:00Z;13.9564;0;3
1995-05-03 11:00:00Z;18.93373;0;3
1995-05-04 11:00:00Z;30.41762;0;3
1995-05-05 11:00:00Z;44.82442;0;3
1995-05-06 11:00:00Z;54.38355;0;3
1995-05-07 11:00:00Z;45.51399;0;3
1995-05-08 11:00:00Z;51.65887;1;3
1995-05-09 11:00:00Z;48.1209;0;3
1995-05-10 11:00:00Z;29.69606;0;3
1995-05-11 11:00:00Z;21.16319;0;3
1995-05-12 11:00:00Z;17.17859;0;3
1995-05-13 11:00:00Z;14.64412;0;3
1995-05-14 11:00:00Z;11.6857;0;3
1995-05-15 11:00:00Z;10.69939;0;3
1995-05-16 11:00:00Z;10.15496;0;3
1995-05-17 11:00:00Z;9.841153;0;3
1995-05-18 11:00:00Z;10.14171;0;3
1995-05-19 11:00:00Z;9.936407;0;3
1995-05-20 11:00:00Z;11.38826;0;3
1995-05-21 11:00:00Z;20.20823;0;3
1995-05-22 11:00:00Z;13.39173;0;3
1995-05-23 11:00:00Z;12.52886;0;3
1995-05-24 11:00:00Z;14.1558;0;3
1995-05-25 11:00:00Z;16.94809;0;3
1995-05-26 11:00:00Z;25.31658;0;3
1995-05-27 11:00:00Z;30.85005;0;3
1995-05-28 11:00:00Z;21.30479;0;3
1995-05-29 11:00:00Z;28.80945;0;3
1995-05-30 11:00:00Z;64.83638;0;3
1995-05-31 11:00:00Z;28.33009;0;3
1995-06-01 11:00:00Z;18.65901;0;3
1995-06-02 11:00:00Z;22.28925;0;3
1995-06-03 11:00:00Z;18.54521;0;3
1995-06-04 11:00:00Z;13.85004;0;3
1995-06-05 11:00:00Z;10.99733;0;3
1995-06-06 11:00:00Z;9.761407;0;3
1995-06-07 11:00:00Z;10.60857;0;3
1995-06-08 11:00:00Z;10.27619;0;3
1995-06-09 11:00:00Z;12.44837;0;3
1995-06-10 11:00:00Z;11.3444;0;3
1995-06-11 11:00:00Z;10.12405;0;3
1995-06-12 11:00:00Z;10.57337;0;3
1995-06-13 11:00:00Z;9.28702;0;3
1995-06-14 11:00:00Z;8.703267;0;3
1995-06-15 11:00:00Z;9.411077;0;3
1995-06-16 11:00:00Z;9.573283;0;3
1995-06-17 11:00:00Z;8.605771;0;3
1995-06-18 11:00:00Z;9.849275;0;3
1995-06-19 11:00:00Z;18.8075;0;3
1995-06-20 11:00:00Z;12.96894;0;3
1995-06-21 11:00:00Z;11.21337;0;3
1995-06-22 11:00:00Z;10.0537;0;3
1995-06-23 11:00:00Z;7.801743;0;3
1995-06-24 11:00:00Z;6.575842;0;3
1995-06-25 11:00:00Z;5.992111;0;3
1995-06-26 11:00:00Z;5.966519;0;3
1995-06-27 11:00:00Z;5.780609;0;3
1995-06-28 11:00:00Z;5.342611;0;3
1995-06-29 11:00:00Z;4.024666;0;3
1995-06-30 11:00:00Z;4.435666;0;3
1995-07-01 11:00:00Z;5.441161;0;3
1995-07-02 11:00:00Z;5.19203;0;3
1995-07-03 11:00:00Z;5.039083;0;3
1995-07-04 11:00:00Z;5.303548;0;3
1995-07-05 11:00:00Z;5.303548;0;3
1995-07-06 11:00:00Z;5.303548;0;3
1995-07-07 11:00:00Z;5.308351;0;3
1995-07-08 11:00:00Z;5.551191;0;3
1995-07-09 11:00:00Z;5.303548;0;3
1995-07-10 11:00:00Z;5.303548;0;3
1995-07-11 11:00:00Z;5.303548;0;3
1995-07-12 11:00:00Z;5.303548;0;3
1995-07-13 11:00:00Z;5.303548;0;3
1995-07-14 11:00:00Z;5.303548;0;3
1995-07-15 11:00:00Z;5.303548;0;3
1995-07-16 11:00:00Z;5.303548;0;3
1995-07-17 11:00:00Z;5.21662;0;3
1995-07-18 11:00:00Z;5.262141;0;3
1995-07-19 11:00:00Z;5.315226;0;3
1995-07-20 11:00:00Z;5.67555;0;3
1995-07-21 11:00:00Z;6.573446;0;3
1995-07-22 11:00:00Z;10.07676;0;3
1995-07-23 11:00:00Z;9.934181;0;3
1995-07-24 11:00:00Z;7.208501;0;3
1995-07-25 11:00:00Z;7.728723;0;3
1995-07-26 11:00:00Z;7.077029;0;3
1995-07-27 11:00:00Z;6.162867;0;3
1995-07-28 11:00:00Z;5.415702;0;3
1995-07-29 11:00:00Z;5.323141;0;3
1995-07-30 11:00:00Z;5.269495;0;3
1995-07-31 11:00:00Z;5.220369;1;3
1995-08-01 11:00:00Z;5.303548;1;3
1995-08-02 11:00:00Z;5.303548;1;3
1995-08-03 11:00:00Z;5.303548;1;3
1995-08-04 11:00:00Z;5.303548;1;3
1995-08-05 11:00:00Z;5.303548;1;3
1995-08-06 11:00:00Z;5.303548;1;3
1995-08-07 11:00:00Z;5.217209;0;3
1995-08-08 11:00:00Z;5.170589;0;3
1995-08-09 11:00:00Z;5.037279;0;3
1995-08-10 11:00:00Z;4.906819;0;3
1995-08-11 11:00:00Z;4.779151;0;3
1995-08-12 11:00:00Z;4.526385;0;3
1995-08-13 11:00:00Z;4.530246;0;3
1995-08-14 11:00:00Z;4.360246;0;3
1995-08-15 11:00:00Z;4.526939;0;3
1995-08-16 11:00:00Z;4.64891;0;3
1995-08-17 11:00:00Z;4.773569;0;3
1995-08-18 11:00:00Z;4.455752;0;3
1995-08-19 11:00:00Z;4.17594;0;3
1995-08-20 11:00:00Z;4.290095;0;3
1995-08-21 11:00:00Z;4.393406;0;3
1995-08-22 11:00:00Z;4.409753;0;3
1995-08-23 11:00:00Z;4.409753;0;3
1995-08-24 11:00:00Z;4.409753;0;3
1995-08-25 11:00:00Z;4.409753;0;3
1995-08-26 11:00:00Z;4.409753;0;3
1995-08-27 11:00:00Z;4.409753;0;3
1995-08-28 11:00:00Z;4.435627;0;3
1995-08-29 11:00:00Z;4.644359;0;3
1995-08-30 11:00:00Z;4.896653;0;3
1995-08-31 11:00:00Z;5.16012;0;3
1995-09-01 11:00:00Z;5.282711;0;3
1995-09-02 11:00:00Z;4.229503;0;3
1995-09-03 11:00:00Z;4.172885;0;3
1995-09-04 11:00:00Z;4.52432;0;3
1995-09-05 11:00:00Z;4.526758;0;3
1995-09-06 11:00:00Z;4.649847;0;3
1995-09-07 11:00:00Z;4.775675;0;3
1995-09-08 11:00:00Z;4.90429;0;3
1995-09-09 11:00:00Z;5.035739;0;3
1995-09-10 11:00:00Z;5.038457;0;3
1995-09-11 11:00:00Z;5.251713;0;3
1995-09-12 11:00:00Z;6.187093;0;3
1995-09-13 11:00:00Z;6.53515;0;3
1995-09-14 11:00:00Z;6.663893;0;3
1995-09-15 11:00:00Z;5.723075;0;3
1995-09-16 11:00:00Z;5.431309;0;3
1995-09-17 11:00:00Z;5.304727;0;3
1995-09-18 11:00:00Z;5.214614;1;3
1995-09-19 11:00:00Z;5.303548;1;3
1995-09-20 11:00:00Z;5.279046;1;3
1995-09-21 11:00:00Z;5.380797;0;3
1995-09-22 11:00:00Z;5.303548;0;3
1995-09-23 11:00:00Z;5.303548;0;3
1995-09-24 11:00:00Z;23.64595;0;3
1995-09-25 11:00:00Z;67.96907;1;3
1995-09-26 11:00:00Z;59.80964;0;3
1995-09-27 11:00:00Z;38.2507;0;3
1995-09-28 11:00:00Z;34.45067;0;3
1995-09-29 11:00:00Z;19.25369;0;3
1995-09-30 11:00:00Z;12.21629;0;3
1995-10-01 11:00:00Z;9.064075;0;3
1995-10-02 11:00:00Z;7.786647;0;3
1995-10-03 11:00:00Z;22.61711;0;3
1995-10-04 11:00:00Z;58.01878;0;3
1995-10-05 11:00:00Z;69.27362;0;3
1995-10-06 11:00:00Z;39.02438;0;3
1995-10-07 11:00:00Z;102.7176;0;3
1995-10-08 11:00:00Z;63.40207;0;3
1995-10-09 11:00:00Z;27.09807;0;3
1995-10-10 11:00:00Z;17.04018;0;3
1995-10-11 11:00:00Z;11.74774;0;3
1995-10-12 11:00:00Z;10.82992;0;3
1995-10-13 11:00:00Z;8.978974;0;3
1995-10-14 11:00:00Z;8.190188;0;3
1995-10-15 11:00:00Z;7.613399;0;3
1995-10-16 11:00:00Z;7.329285;0;3
1995-10-17 11:00:00Z;8.244111;0;3
1995-10-18 11:00:00Z;56.35473;0;3
1995-10-19 11:00:00Z;67.25963;0;3
1995-10-20 11:00:00Z;58.76968;0;3
1995-10-21 11:00:00Z;29.2155;0;3
1995-10-22 11:00:00Z;35.48568;0;3
1995-10-23 11:00:00Z;132.5347;0;3
1995-10-24 11:00:00Z;67.46996;0;3
1995-10-25 11:00:00Z;44.22502;0;3
1995-10-26 11:00:00Z;63.88555;0;3
1995-10-27 11:00:00Z;48.08518;0;3
1995-10-28 11:00:00Z;52.15789;0;3
1995-10-29 11:00:00Z;35.03493;0;3
1995-10-30 11:00:00Z;18.72355;1;3
1995-10-31 11:00:00Z;15.66728;0;3
1995-11-01 11:00:00Z;18.17979;0;3
1995-11-02 11:00:00Z;13.65144;0;3
1995-11-03 11:00:00Z;10.28508;0;3
1995-11-04 11:00:00Z;8.177927;0;3
1995-11-05 11:00:00Z;7.204818;0;3
1995-11-06 11:00:00Z;6.478013;0;3
1995-11-07 11:00:00Z;6.47275;0;3
1995-11-08 11:00:00Z;6.534915;0;3
1995-11-09 11:00:00Z;6.597504;0;3
1995-11-10 11:00:00Z;6.660529;0;3
1995-11-11 11:00:00Z;6.545726;0;3
1995-11-12 11:00:00Z;5.931629;0;3
1995-11-13 11:00:00Z;5.618906;0;3
1995-11-14 11:00:00Z;5.484843;0;3
1995-11-15 11:00:00Z;4.9360289999999996;0;3
1995-11-16 11:00:00Z;4.636645;0;3
1995-11-17 11:00:00Z;3.525085;0;3
1995-11-18 11:00:00Z;2.584547;0;3
1995-11-19 11:00:00Z;2.211599;0;3
1995-11-20 11:00:00Z;2.001523;0;3
1995-11-21 11:00:00Z;2.094121;0;3
1995-11-22 11:00:00Z;2.25512;0;3
1995-11-23 11:00:00Z;14.7546;0;3
1995-11-24 11:00:00Z;92.235;0;3
1995-11-25 11:00:00Z;88.66322;0;3
1995-11-26 11:00:00Z;60.39538;0;3
1995-11-27 11:00:00Z;30.92921;0;3
1995-11-28 11:00:00Z;19.53191;0;3
1995-11-29 11:00:00Z;14.92912;0;3
1995-11-30 11:00:00Z;12.47114;0;3
1995-12-01 11:00:00Z;10.5956;0;3
1995-12-02 11:00:00Z;9.216016;0;3
1995-12-03 11:00:00Z;7.958343;0;3
1995-12-04 11:00:00Z;7.113223;0;3
1995-12-05 11:00:00Z;6.364971;0;3
1995-12-06 11:00:00Z;5.586855;0;3
1995-12-07 11:00:00Z;4.912982;0;3
1995-12-08 11:00:00Z;4.775286;0;3
1995-12-09 11:00:00Z;4.30308;0;3
1995-12-10 11:00:00Z;5.221605;0;3
1995-12-11 11:00:00Z;8.103458;0;3
1995-12-12 11:00:00Z;11.07774;0;3
1995-12-13 11:00:00Z;10.25737;0;3
1995-12-14 11:00:00Z;8.464842;0;3
1995-12-15 11:00:00Z;6.457439;0;3
1995-12-16 11:00:00Z;5.895169;0;3
1995-12-17 11:00:00Z;3.643716;1;3
1995-12-18 11:00:00Z;2.990656;1;3
1995-12-19 11:00:00Z;2.990656;2;3
1995-12-20 11:00:00Z;2.990656;2;3
1995-12-21 11:00:00Z;2.990656;2;3
1995-12-22 11:00:00Z;2.437073;2;3
1995-12-23 11:00:00Z;2.437073;2;3
1995-12-24 11:00:00Z;2.437073;1;3
1995-12-25 11:00:00Z;2.437073;2;3
1995-12-26 11:00:00Z;2.437073;2;3
1995-12-27 11:00:00Z;2.437073;2;3
1995-12-28 11:00:00Z;1.970676;2;3
1995-12-29 11:00:00Z;1.970676;2;3
1995-12-30 11:00:00Z;1.970676;2;3
1995-12-31 11:00:00Z;1.970676;1;3
1996-01-01 11:00:00Z;1.970676;1;3
1996-01-02 11:00:00Z;1.970676;2;3
1996-01-03 11:00:00Z;1.970676;2;3
1996-01-04 11:00:00Z;1.970676;2;3
1996-01-05 11:00:00Z;1.970676;2;3
1996-01-06 11:00:00Z;1.970676;2;3
1996-01-07 11:00:00Z;2.101418;0;3
1996-01-08 11:00:00Z;2.065357;0;3
1996-01-09 11:00:00Z;2.030676;0;3
1996-01-10 11:00:00Z;2.481461;0;3
1996-01-11 11:00:00Z;2.660872;0;3
1996-01-12 11:00:00Z;2.739875;0;3
1996-01-13 11:00:00Z;2.446123;0;3
1996-01-14 11:00:00Z;2.990656;2;3
1996-01-15 11:00:00Z;4.409753;1;3
1996-01-16 11:00:00Z;4.409753;1;3
1996-01-17 11:00:00Z;4.409753;2;3
1996-01-18 11:00:00Z;3.643716;2;3
1996-01-19 11:00:00Z;3.643716;2;3
1996-01-20 11:00:00Z;3.643716;2;3
1996-01-21 11:00:00Z;3.319313;0;3
1996-01-22 11:00:00Z;2.959459;0;3
1996-01-23 11:00:00Z;3.104216;0;3
1996-01-24 11:00:00Z;2.990656;2;3
1996-01-25 11:00:00Z;3.255031;0;3
1996-01-26 11:00:00Z;2.990656;2;3
1996-01-27 11:00:00Z;2.437073;2;3
1996-01-28 11:00:00Z;2.372649;0;3
1996-01-29 11:00:00Z;2.427097;0;3
1996-01-30 11:00:00Z;2.586073;0;3
1996-01-31 11:00:00Z;2.437073;2;3
1996-02-01 11:00:00Z;2.437073;2;3
1996-02-02 11:00:00Z;2.437073;0;3
1996-02-03 11:00:00Z;2.437073;0;3
1996-02-04 11:00:00Z;2.437073;0;3
1996-02-05 11:00:00Z;2.437073;0;3
1996-02-06 11:00:00Z;2.437073;0;3
1996-02-07 11:00:00Z;2.437073;0;3
1996-02-08 11:00:00Z;2.437073;0;3
1996-02-09 11:00:00Z;2.437073;0;3
1996-02-10 11:00:00Z;2.437073;0;3
1996-02-11 11:00:00Z;2.437073;0;3
1996-02-12 11:00:00Z;2.453775;0;3
1996-02-13 11:00:00Z;2.583803;0;3
1996-02-14 11:00:00Z;2.740635;0;3
1996-02-15 11:00:00Z;2.905206;0;3
1996-02-16 11:00:00Z;3.324524;0;3
1996-02-17 11:00:00Z;4.409753;1;3
1996-02-18 11:00:00Z;4.409753;1;3
1996-02-19 11:00:00Z;3.999854;0;3
1996-02-20 11:00:00Z;3.438003;0;3
1996-02-21 11:00:00Z;2.990656;2;3
1996-02-22 11:00:00Z;2.990656;2;3
1996-02-23 11:00:00Z;2.437073;2;3
1996-02-24 11:00:00Z;2.437527;0;3
1996-02-25 11:00:00Z;3.549974;0;3
1996-02-26 11:00:00Z;3.001429;0;3
1996-02-27 11:00:00Z;2.437073;0;3
1996-02-28 11:00:00Z;2.437073;0;3
1996-02-29 11:00:00Z;2.437073;0;3
1996-03-01 11:00:00Z;2.437073;0;3
1996-03-02 11:00:00Z;2.437073;0;3
1996-03-03 11:00:00Z;2.437073;0;3
1996-03-04 11:00:00Z;1.970676;2;3
1996-03-05 11:00:00Z;1.970676;2;3
1996-03-06 11:00:00Z;1.970676;2;3
1996-03-07 11:00:00Z;1.970676;2;3
1996-03-08 11:00:00Z;2.16097;0;3
1996-03-09 11:00:00Z;1.580313;2;3
1996-03-10 11:00:00Z;1.580313;2;3
1996-03-11 11:00:00Z;1.580313;2;3
1996-03-12 11:00:00Z;1.580313;2;3
1996-03-13 11:00:00Z;1.255905;2;3
1996-03-14 11:00:00Z;1.255905;2;3
1996-03-15 11:00:00Z;1.255905;0;3
1996-03-16 11:00:00Z;1.362128;0;3
1996-03-17 11:00:00Z;1.255905;0;3
1996-03-18 11:00:00Z;1.255905;0;3
1996-03-19 11:00:00Z;1.255905;0;3
1996-03-20 11:00:00Z;1.255905;0;3
1996-03-21 11:00:00Z;1.255905;0;3
1996-03-22 11:00:00Z;1.255905;0;3
1996-03-23 11:00:00Z;1.255905;0;3
1996-03-24 11:00:00Z;1.255905;0;3
1996-03-25 11:00:00Z;1.26504;0;3
1996-03-26 11:00:00Z;1.340048;0;3
1996-03-27 11:00:00Z;1.43171;0;3
1996-03-28 11:00:00Z;2.073749;0;3
1996-03-29 11:00:00Z;3.57227;0;3
1996-03-30 11:00:00Z;2.841609;0;3
1996-03-31 11:00:00Z;2.29512;0;3
1996-04-01 11:00:00Z;2.43654;0;3
1996-04-02 11:00:00Z;2.585564;0;3
1996-04-03 11:00:00Z;2.741883;0;3
1996-04-04 11:00:00Z;2.905885;0;3
1996-04-05 11:00:00Z;3.077876;0;3
1996-04-06 11:00:00Z;3.295413;0;3
1996-04-07 11:00:00Z;5.181458;0;3
1996-04-08 11:00:00Z;8.044052;0;3
1996-04-09 11:00:00Z;11.30199;0;3
1996-04-10 11:00:00Z;17.46892;0;3
1996-04-11 11:00:00Z;22.3734;0;3
1996-04-12 11:00:00Z;15.81695;0;3
1996-04-13 11:00:00Z;10.26559;0;3
1996-04-14 11:00:00Z;9.232837;0;3
1996-04-15 11:00:00Z;9.433497;0;3
1996-04-16 11:00:00Z;9.476351;0;3
1996-04-17 11:00:00Z;9.817041;0;3
1996-04-18 11:00:00Z;14.07291;0;3
1996-04-19 11:00:00Z;35.16415;0;3
1996-04-20 11:00:00Z;45.31335;0;3
1996-04-21 11:00:00Z;26.87792;0;3
1996-04-22 11:00:00Z;31.94404;0;3
1996-04-23 11:00:00Z;29.32672;0;3
1996-04-24 11:00:00Z;29.13085;0;3
1996-04-25 11:00:00Z;26.08089;0;3
1996-04-26 11:00:00Z;34.5149;0;3
1996-04-27 11:00:00Z;26.74244;0;3
1996-04-28 11:00:00Z;27.26745;0;3
1996-04-29 11:00:00Z;20.69342;0;3
1996-04-30 11:00:00Z;14.13057;0;3
1996-05-01 11:00:00Z;10.65447;0;3
1996-05-02 11:00:00Z;8.62069;0;3
1996-05-03 11:00:00Z;7.997464;0;3
1996-05-04 11:00:00Z;8.28944;0;3
1996-05-05 11:00:00Z;8.310637;0;3
1996-05-06 11:00:00Z;8.32746;0;3
1996-05-07 11:00:00Z;7.81102;0;3
1996-05-08 11:00:00Z;6.892531;0;3
1996-05-09 11:00:00Z;6.126408;0;3
1996-05-10 11:00:00Z;6.07556;0;3
1996-05-11 11:00:00Z;7.07201;0;3
1996-05-12 11:00:00Z;8.008372;0;3
1996-05-13 11:00:00Z;8.338939;0;3
1996-05-14 11:00:00Z;8.572994;0;3
1996-05-15 11:00:00Z;8.048783;0;3
1996-05-16 11:00:00Z;7.41702;0;3
1996-05-17 11:00:00Z;6.546268;0;3
1996-05-18 11:00:00Z;5.971053;0;3
1996-05-19 11:00:00Z;5.981116;0;3
1996-05-20 11:00:00Z;6.437731;0;3
1996-05-21 11:00:00Z;9.902289;0;3
1996-05-22 11:00:00Z;12.93691;0;3
1996-05-23 11:00:00Z;11.51172;0;3
1996-05-24 11:00:00Z;12.94415;0;3
1996-05-25 11:00:00Z;14.95741;0;3
1996-05-26 11:00:00Z;11.85809;0;3
1996-05-27 11:00:00Z;10.18901;0;3
1996-05-28 11:00:00Z;8.211189;0;3
1996-05-29 11:00:00Z;6.83074;0;3
1996-05-30 11:00:00Z;7.009935;0;3
1996-05-31 11:00:00Z;6.806357;0;3
1996-06-01 11:00:00Z;6.110872;0;3
1996-06-02 11:00:00Z;5.998157;0;3
1996-06-03 11:00:00Z;6.241477;0;3
1996-06-04 11:00:00Z;6.692831;0;3
1996-06-05 11:00:00Z;6.175201;0;3
1996-06-06 11:00:00Z;7.169147;0;3
1996-06-07 11:00:00Z;9.5476;0;3
1996-06-08 11:00:00Z;10.70018;0;3
1996-06-09 11:00:00Z;14.52001;0;3
1996-06-10 11:00:00Z;10.20124;0;3
1996-06-11 11:00:00Z;7.553682;0;3
1996-06-12 11:00:00Z;9.987992;0;3
1996-06-13 11:00:00Z;20.88554;0;3
1996-06-14 11:00:00Z;12.8679;0;3
1996-06-15 11:00:00Z;9.173886;0;3
1996-06-16 11:00:00Z;7.442997;0;3
1996-06-17 11:00:00Z;6.588136;0;3
1996-06-18 11:00:00Z;6.472982;0;3
1996-06-19 11:00:00Z;6.535395;0;3
1996-06-20 11:00:00Z;6.598238;0;3
1996-06-21 11:00:00Z;6.661516;0;3
1996-06-22 11:00:00Z;6.725229;0;3
1996-06-23 11:00:00Z;6.789379;0;3
1996-06-24 11:00:00Z;6.522484;0;3
1996-06-25 11:00:00Z;6.104145;0;3
1996-06-26 11:00:00Z;6.109016;0;3
1996-06-27 11:00:00Z;5.635128;0;3
1996-06-28 11:00:00Z;5.425752;0;3
1996-06-29 11:00:00Z;5.891295;0;3
1996-06-30 11:00:00Z;6.570966;0;3
1996-07-01 11:00:00Z;5.716236;0;3
1996-07-02 11:00:00Z;5.591575;0;3
1996-07-03 11:00:00Z;5.591575;0;3
1996-07-04 11:00:00Z;5.591575;0;3
1996-07-05 11:00:00Z;11.09759;0;3
1996-07-06 11:00:00Z;29.28242;0;3
1996-07-07 11:00:00Z;15.03729;0;3
1996-07-08 11:00:00Z;18.73814;0;3
1996-07-09 11:00:00Z;19.34487;0;3
1996-07-10 11:00:00Z;13.34674;0;3
1996-07-11 11:00:00Z;9.481708;0;3
1996-07-12 11:00:00Z;7.420318;0;3
1996-07-13 11:00:00Z;6.277962;0;3
1996-07-14 11:00:00Z;5.689692;0;3
1996-07-15 11:00:00Z;6.306085;0;3
1996-07-16 11:00:00Z;6.224977;0;3
1996-07-17 11:00:00Z;5.674383;0;3
1996-07-18 11:00:00Z;5.532416;0;3
1996-07-19 11:00:00Z;5.411607;0;3
1996-07-20 11:00:00Z;4.784907;0;3
1996-07-21 11:00:00Z;5.027956;0;3
1996-07-22 11:00:00Z;5.197232;0;3
1996-07-23 11:00:00Z;5.303548;0;3
1996-07-24 11:00:00Z;5.303548;0;3
1996-07-25 11:00:00Z;5.171601;0;3
1996-07-26 11:00:00Z;4.572192;0;3
1996-07-27 11:00:00Z;4.409753;0;3
1996-07-28 11:00:00Z;4.409753;0;3
1996-07-29 11:00:00Z;4.894771;0;3
1996-07-30 11:00:00Z;5.263175;0;3
1996-07-31 11:00:00Z;5.317139;0;3
1996-08-01 11:00:00Z;5.371504;0;3
1996-08-02 11:00:00Z;5.426263;0;3
1996-08-03 11:00:00Z;5.481422;0;3
1996-08-04 11:00:00Z;5.536983;0;3
1996-08-05 11:00:00Z;5.592772;0;3
1996-08-06 11:00:00Z;5.648602;0;3
1996-08-07 11:00:00Z;6.201272;0;3
1996-08-08 11:00:00Z;6.297702;0;3
1996-08-09 11:00:00Z;12.39805;0;3
1996-08-10 11:00:00Z;11.97447;0;3
1996-08-11 11:00:00Z;8.099233;0;3
1996-08-12 11:00:00Z;6.350583;0;3
1996-08-13 11:00:00Z;6.050752;0;3
1996-08-14 11:00:00Z;6.109954;0;3
1996-08-15 11:00:00Z;6.002998;0;3
1996-08-16 11:00:00Z;5.535116;0;3
1996-08-17 11:00:00Z;5.101652;0;3
1996-08-18 11:00:00Z;5.161669;0;3
1996-08-19 11:00:00Z;4.484616;0;3
1996-08-20 11:00:00Z;5.516006;0;3
1996-08-21 11:00:00Z;5.564197;0;3
1996-08-22 11:00:00Z;4.899824;0;3
1996-08-23 11:00:00Z;4.165002;0;3
1996-08-24 11:00:00Z;5.831419;0;3
1996-08-25 11:00:00Z;6.767543;0;3
1996-08-26 11:00:00Z;10.6841;0;3
1996-08-27 11:00:00Z;16.47033;0;3
1996-08-28 11:00:00Z;11.14186;0;3
1996-08-29 11:00:00Z;7.821721;0;3
1996-08-30 11:00:00Z;6.54884;0;3
1996-08-31 11:00:00Z;7.767867;0;3
1996-09-01 11:00:00Z;11.00142;0;3
1996-09-02 11:00:00Z;9.081541;0;3
1996-09-03 11:00:00Z;6.954304;0;3
1996-09-04 11:00:00Z;6.230614;0;3
1996-09-05 11:00:00Z;5.703969;0;3
1996-09-06 11:00:00Z;5.423182;0;3
1996-09-07 11:00:00Z;5.370553;0;3
1996-09-08 11:00:00Z;5.158055;0;3
1996-09-09 11:00:00Z;5.222098;0;3
1996-09-10 11:00:00Z;5.178092;0;3
1996-09-11 11:00:00Z;5.043125;0;3
1996-09-12 11:00:00Z;4.911064;0;3
1996-09-13 11:00:00Z;4.78186;0;3
1996-09-14 11:00:00Z;4.655465;0;3
1996-09-15 11:00:00Z;4.53184;0;3
1996-09-16 11:00:00Z;4.439552;0;3
1996-09-17 11:00:00Z;4.528482;0;3
1996-09-18 11:00:00Z;4.650527;0;3
1996-09-19 11:00:00Z;4.775243;0;3
1996-09-20 11:00:00Z;4.902708;0;3
1996-09-21 11:00:00Z;5.032957;0;3
1996-09-22 11:00:00Z;5.166049;0;3
1996-09-23 11:00:00Z;5.216487;0;3
1996-09-24 11:00:00Z;5.303548;0;3
1996-09-25 11:00:00Z;5.303548;0;3
1996-09-26 11:00:00Z;5.303548;0;3
1996-09-27 11:00:00Z;5.72955;0;3
1996-09-28 11:00:00Z;11.06906;0;3
1996-09-29 11:00:00Z;28.37747;0;3
1996-09-30 11:00:00Z;65.00935;0;3
1996-10-01 11:00:00Z;44.14886;0;3
1996-10-02 11:00:00Z;25.69474;0;3
1996-10-03 11:00:00Z;15.00133;0;3
1996-10-04 11:00:00Z;80.27248;0;3
1996-10-05 11:00:00Z;80.56187;0;3
1996-10-06 11:00:00Z;46.52978;0;3
1996-10-07 11:00:00Z;25.88269;0;3
1996-10-08 11:00:00Z;22.15382;0;3
1996-10-09 11:00:00Z;17.32408;0;3
1996-10-10 11:00:00Z;13.61891;0;3
1996-10-11 11:00:00Z;11.38911;0;3
1996-10-12 11:00:00Z;22.70795;0;3
1996-10-13 11:00:00Z;103.6553;0;3
1996-10-14 11:00:00Z;43.80882;0;3
1996-10-15 11:00:00Z;22.4261;0;3
1996-10-16 11:00:00Z;15.19208;0;3
1996-10-17 11:00:00Z;15.04644;0;3
1996-10-18 11:00:00Z;15.8308;0;3
1996-10-19 11:00:00Z;15.32935;0;3
1996-10-20 11:00:00Z;68.75777;0;3
1996-10-21 11:00:00Z;46.05804;0;3
1996-10-22 11:00:00Z;34.47698;0;3
1996-10-23 11:00:00Z;20.83912;0;3
1996-10-24 11:00:00Z;13.52044;0;3
1996-10-25 11:00:00Z;10.69789;0;3
1996-10-26 11:00:00Z;9.37516;0;3
1996-10-27 11:00:00Z;31.79863;0;3
1996-10-28 11:00:00Z;104.2168;0;3
1996-10-29 11:00:00Z;64.89644;0;3
1996-10-30 11:00:00Z;34.29757;0;3
1996-10-31 11:00:00Z;23.90092;0;3
1996-11-01 11:00:00Z;54.9628;0;3
1996-11-02 11:00:00Z;68.97489;0;3
1996-11-03 11:00:00Z;85.04377;0;3
1996-11-04 11:00:00Z;122.256;1;3
1996-11-05 11:00:00Z;86.2943;0;3
1996-11-06 11:00:00Z;86.12819;0;3
1996-11-07 11:00:00Z;113.2271;0;3
1996-11-08 11:00:00Z;41.62191;0;3
1996-11-09 11:00:00Z;33.42355;0;3
1996-11-10 11:00:00Z;28.4352;0;3
1996-11-11 11:00:00Z;16.98899;0;3
1996-11-12 11:00:00Z;12.74617;0;3
1996-11-13 11:00:00Z;10.4437;0;3
1996-11-14 11:00:00Z;8.561341;0;3
1996-11-15 11:00:00Z;7.532041;0;3
1996-11-16 11:00:00Z;10.64247;0;3
1996-11-17 11:00:00Z;36.20804;0;3
1996-11-18 11:00:00Z;40.07001;0;3
1996-11-19 11:00:00Z;18.97517;0;3
1996-11-20 11:00:00Z;12.34531;0;3
1996-11-21 11:00:00Z;9.843902;0;3
1996-11-22 11:00:00Z;8.269999;0;3
1996-11-23 11:00:00Z;7.044519;0;3
1996-11-24 11:00:00Z;6.526444;0;3
1996-11-25 11:00:00Z;5.97621;0;3
1996-11-26 11:00:00Z;5.920904;0;3
1996-11-27 11:00:00Z;5.159884;0;3
1996-11-28 11:00:00Z;3.88124;0;3
1996-11-29 11:00:00Z;3.643716;0;3
1996-11-30 11:00:00Z;2.931044;0;3
1996-12-01 11:00:00Z;3.2997;0;3
1996-12-02 11:00:00Z;4.024337;1;3
1996-12-03 11:00:00Z;3.663673;1;3
1996-12-04 11:00:00Z;7.438982;0;3
1996-12-05 11:00:00Z;27.37119;0;3
1996-12-06 11:00:00Z;24.1997;0;3
1996-12-07 11:00:00Z;13.50513;0;3
1996-12-08 11:00:00Z;10.86785;0;3
1996-12-09 11:00:00Z;9.590983;0;3
1996-12-10 11:00:00Z;9.47684;0;3
1996-12-11 11:00:00Z;9.264248;0;3
1996-12-12 11:00:00Z;8.396189;0;3
1996-12-13 11:00:00Z;7.064911;0;3
1996-12-14 11:00:00Z;6.226704;0;3
1996-12-15 11:00:00Z;6.116667;0;3
1996-12-16 11:00:00Z;5.591575;2;3
1996-12-17 11:00:00Z;5.303548;2;3
1996-12-18 11:00:00Z;4.409753;1;3
1996-12-19 11:00:00Z;4.409753;2;3
1996-12-20 11:00:00Z;4.409753;2;3
1996-12-21 11:00:00Z;3.643716;2;3
1996-12-22 11:00:00Z;3.643716;2;3
1996-12-23 11:00:00Z;3.643716;2;3
1996-12-24 11:00:00Z;3.643716;2;3
1996-12-25 11:00:00Z;3.643716;2;3
1996-12-26 11:00:00Z;3.643716;2;3
1996-12-27 11:00:00Z;2.990656;2;3
1996-12-28 11:00:00Z;2.990656;2;3
1996-12-29 11:00:00Z;2.991932;0;3
1996-12-30 11:00:00Z;3.01201;0;3
1996-12-31 11:00:00Z;3.165239;0;3
1997-01-01 11:00:00Z;3.3473;0;3
1997-01-02 11:00:00Z;3.537869;0;3
1997-01-03 11:00:00Z;5.381083;0;3
1997-01-04 11:00:00Z;7.646894;0;3
1997-01-05 11:00:00Z;6.831601;0;3
1997-01-06 11:00:00Z;6.271825;0;3
1997-01-07 11:00:00Z;5.421187;0;3
1997-01-08 11:00:00Z;5.419466;0;3
1997-01-09 11:00:00Z;5.438253;0;3
1997-01-10 11:00:00Z;5.445769;0;3
1997-01-11 11:00:00Z;4.927249;0;3
1997-01-12 11:00:00Z;4.772254;0;3
1997-01-13 11:00:00Z;17.34246;0;3
1997-01-14 11:00:00Z;48.04999;0;3
1997-01-15 11:00:00Z;34.43597;0;3
1997-01-16 11:00:00Z;21.32965;0;3
1997-01-17 11:00:00Z;14.83971;0;3
1997-01-18 11:00:00Z;11.00204;0;3
1997-01-19 11:00:00Z;10.67202;0;3
1997-01-20 11:00:00Z;10.7661;0;3
1997-01-21 11:00:00Z;9.146205;0;3
1997-01-22 11:00:00Z;8.266803;0;3
1997-01-23 11:00:00Z;7.196183;0;3
1997-01-24 11:00:00Z;5.814131;0;3
1997-01-25 11:00:00Z;5.831481;0;3
1997-01-26 11:00:00Z;5.591575;0;3
1997-01-27 11:00:00Z;5.594738;0;3
1997-01-28 11:00:00Z;5.639438;0;3
1997-01-29 11:00:00Z;5.697287;0;3
1997-01-30 11:00:00Z;5.755567;0;3
1997-01-31 11:00:00Z;7.383455;0;3
1997-02-01 11:00:00Z;7.988245;0;3
1997-02-02 11:00:00Z;6.698932;0;3
1997-02-03 11:00:00Z;6.066543;0;3
1997-02-04 11:00:00Z;6.790927;0;3
1997-02-05 11:00:00Z;6.469134;0;3
1997-02-06 11:00:00Z;6.168562;0;3
1997-02-07 11:00:00Z;13.93291;0;3
1997-02-08 11:00:00Z;31.86155;0;3
1997-02-09 11:00:00Z;39.23835;0;3
1997-02-10 11:00:00Z;82.59636;1;3
1997-02-11 11:00:00Z;166.7844;0;3
1997-02-12 11:00:00Z;86.26683;0;3
1997-02-13 11:00:00Z;40.27523;0;3
1997-02-14 11:00:00Z;23.53502;0;3
1997-02-15 11:00:00Z;15.12711;0;3
1997-02-16 11:00:00Z;11.70101;0;3
1997-02-17 11:00:00Z;10.01681;0;3
1997-02-18 11:00:00Z;12.64803;0;3
1997-02-19 11:00:00Z;21.01334;0;3
1997-02-20 11:00:00Z;25.87829;0;3
1997-02-21 11:00:00Z;73.04466;0;3
1997-02-22 11:00:00Z;79.29394;0;3
1997-02-23 11:00:00Z;102.3455;0;3
1997-02-24 11:00:00Z;123.7864;1;3
1997-02-25 11:00:00Z;87.59965;1;3
1997-02-26 11:00:00Z;51.2905;1;3
1997-02-27 11:00:00Z;24.26567;1;3
1997-02-28 11:00:00Z;19.10326;1;3
1997-03-01 11:00:00Z;51.2905;1;3
1997-03-02 11:00:00Z;206.6851;1;3
1997-03-03 11:00:00Z;165.1826;1;3
1997-03-04 11:00:00Z;70.92245;0;3
1997-03-05 11:00:00Z;40.29155;0;3
1997-03-06 11:00:00Z;27.60632;0;3
1997-03-07 11:00:00Z;22.83739;0;3
1997-03-08 11:00:00Z;24.54162;0;3
1997-03-09 11:00:00Z;31.28722;0;3
1997-03-10 11:00:00Z;20.93125;0;3
1997-03-11 11:00:00Z;16.98211;0;3
1997-03-12 11:00:00Z;16.82747;0;3
1997-03-13 11:00:00Z;15.94303;0;3
1997-03-14 11:00:00Z;25.3458;0;3
1997-03-15 11:00:00Z;22.22449;0;3
1997-03-16 11:00:00Z;13.74015;0;3
1997-03-17 11:00:00Z;10.52055;0;3
1997-03-18 11:00:00Z;9.249505;0;3
1997-03-19 11:00:00Z;7.751021;0;3
1997-03-20 11:00:00Z;7.049133;0;3
1997-03-21 11:00:00Z;6.129646;0;3
1997-03-22 11:00:00Z;5.95342;0;3
1997-03-23 11:00:00Z;5.425789;0;3
1997-03-24 11:00:00Z;5.214477;0;3
1997-03-25 11:00:00Z;5.303548;0;3
1997-03-26 11:00:00Z;10.75206;0;3
1997-03-27 11:00:00Z;81.09859;0;3
1997-03-28 11:00:00Z;67.29488;0;3
1997-03-29 11:00:00Z;28.51613;0;3
1997-03-30 11:00:00Z;16.38789;0;3
1997-03-31 11:00:00Z;21.60353;0;3
1997-04-01 11:00:00Z;52.54549;0;3
1997-04-02 11:00:00Z;57.18203;0;3
1997-04-03 11:00:00Z;50.41292;0;3
1997-04-04 11:00:00Z;35.88162;0;3
1997-04-05 11:00:00Z;19.11474;0;3
1997-04-06 11:00:00Z;13.43214;0;3
1997-04-07 11:00:00Z;10.23023;0;3
1997-04-08 11:00:00Z;9.580799;0;3
1997-04-09 11:00:00Z;8.469537;0;3
1997-04-10 11:00:00Z;10.51723;0;3
1997-04-11 11:00:00Z;29.48659;0;3
1997-04-12 11:00:00Z;23.1997;0;3
1997-04-13 11:00:00Z;14.61877;0;3
1997-04-14 11:00:00Z;14.50001;0;3
1997-04-15 11:00:00Z;16.25769;0;3
1997-04-16 11:00:00Z;12.61208;0;3
1997-04-17 11:00:00Z;11.33364;0;3
1997-04-18 11:00:00Z;13.65373;0;3
1997-04-19 11:00:00Z;14.69543;0;3
1997-04-20 11:00:00Z;11.47691;0;3
1997-04-21 11:00:00Z;9.953289;0;3
1997-04-22 11:00:00Z;9.673918;0;3
1997-04-23 11:00:00Z;8.176085;0;3
1997-04-24 11:00:00Z;8.145178;0;3
1997-04-25 11:00:00Z;8.918739;0;3
1997-04-26 11:00:00Z;9.081125;0;3
1997-04-27 11:00:00Z;8.851749;0;3
1997-04-28 11:00:00Z;9.504419;0;3
1997-04-29 11:00:00Z;10.06409;0;3
1997-04-30 11:00:00Z;13.72002;0;3
1997-05-01 11:00:00Z;17.18649;0;3
1997-05-02 11:00:00Z;27.45918;0;3
1997-05-03 11:00:00Z;35.25809;0;3
1997-05-04 11:00:00Z;21.41974;0;3
1997-05-05 11:00:00Z;16.05249;0;3
1997-05-06 11:00:00Z;14.88048;0;3
1997-05-07 11:00:00Z;15.44213;0;3
1997-05-08 11:00:00Z;13.59285;0;3
1997-05-09 11:00:00Z;20.23161;0;3
1997-05-10 11:00:00Z;21.67338;0;3
1997-05-11 11:00:00Z;17.1623;0;3
1997-05-12 11:00:00Z;19.92261;0;3
1997-05-13 11:00:00Z;32.42699;0;3
1997-05-14 11:00:00Z;34.50937;0;3
1997-05-15 11:00:00Z;32.11226;0;3
1997-05-16 11:00:00Z;21.39926;0;3
1997-05-17 11:00:00Z;18.57257;0;3
1997-05-18 11:00:00Z;19.98571;0;3
1997-05-19 11:00:00Z;20.39911;0;3
1997-05-20 11:00:00Z;16.05643;0;3
1997-05-21 11:00:00Z;13.01837;0;3
1997-05-22 11:00:00Z;10.4853;0;3
1997-05-23 11:00:00Z;9.634714;0;3
1997-05-24 11:00:00Z;8.536682;0;3
1997-05-25 11:00:00Z;7.344101;0;3
1997-05-26 11:00:00Z;7.451163;0;3
1997-05-27 11:00:00Z;7.873597;0;3
1997-05-28 11:00:00Z;8.355015;0;3
1997-05-29 11:00:00Z;8.532894;0;3
1997-05-30 11:00:00Z;8.093344;0;3
1997-05-31 11:00:00Z;7.76828;0;3
1997-06-01 11:00:00Z;8.031652;0;3
1997-06-02 11:00:00Z;7.669168;0;3
1997-06-03 11:00:00Z;7.355841;0;3
1997-06-04 11:00:00Z;7.575749;0;3
1997-06-05 11:00:00Z;6.646154;0;3
1997-06-06 11:00:00Z;6.641183;0;3
1997-06-07 11:00:00Z;6.100965;0;3
1997-06-08 11:00:00Z;6.921316;0;3
1997-06-09 11:00:00Z;6.876691;0;3
1997-06-10 11:00:00Z;7.225521;0;3
1997-06-11 11:00:00Z;6.890475;0;3
1997-06-12 11:00:00Z;5.5076;0;3
1997-06-13 11:00:00Z;5.119557;0;3
1997-06-14 11:00:00Z;7.128533;0;3
1997-06-15 11:00:00Z;6.77673;0;3
1997-06-16 11:00:00Z;5.398107;0;3
1997-06-17 11:00:00Z;4.433269;0;3
1997-06-18 11:00:00Z;4.145045;0;3
1997-06-19 11:00:00Z;4.135372;0;3
1997-06-20 11:00:00Z;4.276787;0;3
1997-06-21 11:00:00Z;4.45809;0;3
1997-06-22 11:00:00Z;4.761581;0;3
1997-06-23 11:00:00Z;7.159658;0;3
1997-06-24 11:00:00Z;7.466167;0;3
1997-06-25 11:00:00Z;5.755129;0;3
1997-06-26 11:00:00Z;4.499667;0;3
1997-06-27 11:00:00Z;3.66364;0;3
1997-06-28 11:00:00Z;4.176751;0;3
1997-06-29 11:00:00Z;3.998544;0;3
1997-06-30 11:00:00Z;4.560499;0;3
1997-07-01 11:00:00Z;5.303548;0;3
1997-07-02 11:00:00Z;5.303548;0;3
1997-07-03 11:00:00Z;5.303548;0;3
1997-07-04 11:00:00Z;5.119735;0;3
1997-07-05 11:00:00Z;4.781301;0;3
1997-07-06 11:00:00Z;4.483736;0;3
1997-07-07 11:00:00Z;4.409753;0;3
1997-07-08 11:00:00Z;4.409753;0;3
1997-07-09 11:00:00Z;4.409753;0;3
1997-07-10 11:00:00Z;4.409753;0;3
1997-07-11 11:00:00Z;4.409753;0;3
1997-07-12 11:00:00Z;4.409753;0;3
1997-07-13 11:00:00Z;4.409753;0;3
1997-07-14 11:00:00Z;4.423599;0;3
1997-07-15 11:00:00Z;4.527504;0;3
1997-07-16 11:00:00Z;5.123249;0;3
1997-07-17 11:00:00Z;5.759876;0;3
1997-07-18 11:00:00Z;4.967209;0;3
1997-07-19 11:00:00Z;5.032451;0;3
1997-07-20 11:00:00Z;5.165644;0;3
1997-07-21 11:00:00Z;5.223596;0;3
1997-07-22 11:00:00Z;5.175886;0;3
1997-07-23 11:00:00Z;5.04643;0;3
1997-07-24 11:00:00Z;4.919647;0;3
1997-07-25 11:00:00Z;4.810245;0;3
1997-07-26 11:00:00Z;4.850149;0;3
1997-07-27 11:00:00Z;4.554916;0;3
1997-07-28 11:00:00Z;4.449479;0;3
1997-07-29 11:00:00Z;4.591816;0;3
1997-07-30 11:00:00Z;4.841803;0;3
1997-07-31 11:00:00Z;5.102864;0;3
1997-08-01 11:00:00Z;5.252314;0;3
1997-08-02 11:00:00Z;5.367496;0;3
1997-08-03 11:00:00Z;5.485697;0;3
1997-08-04 11:00:00Z;5.588637;0;3
1997-08-05 11:00:00Z;5.649775;0;3
1997-08-06 11:00:00Z;5.148549;0;3
1997-08-07 11:00:00Z;5.061921;0;3
1997-08-08 11:00:00Z;4.905312;0;3
1997-08-09 11:00:00Z;5.034441;0;3
1997-08-10 11:00:00Z;5.139716;0;3
1997-08-11 11:00:00Z;4.947825;0;3
1997-08-12 11:00:00Z;5.303548;0;3
1997-08-13 11:00:00Z;5.303548;0;3
1997-08-14 11:00:00Z;5.303548;0;3
1997-08-15 11:00:00Z;5.303548;0;3
1997-08-16 11:00:00Z;5.303548;0;3
1997-08-17 11:00:00Z;5.303548;0;3
1997-08-18 11:00:00Z;5.303548;0;3
1997-08-19 11:00:00Z;5.303548;0;3
1997-08-20 11:00:00Z;5.303548;0;3
1997-08-21 11:00:00Z;5.303548;0;3
1997-08-22 11:00:00Z;5.670581;0;3
1997-08-23 11:00:00Z;5.992111;0;3
1997-08-24 11:00:00Z;5.410948;0;3
1997-08-25 11:00:00Z;5.991969;0;3
1997-08-26 11:00:00Z;5.751313;0;3
1997-08-27 11:00:00Z;5.987771;0;3
1997-08-28 11:00:00Z;6.529729;0;3
1997-08-29 11:00:00Z;14.00993;0;3
1997-08-30 11:00:00Z;19.09825;0;3
1997-08-31 11:00:00Z;14.20159;0;3
1997-09-01 11:00:00Z;10.30677;0;3
1997-09-02 11:00:00Z;10.6531;0;3
1997-09-03 11:00:00Z;24.00441;0;3
1997-09-04 11:00:00Z;24.78113;0;3
1997-09-05 11:00:00Z;47.15471;0;3
1997-09-06 11:00:00Z;44.7636;0;3
1997-09-07 11:00:00Z;43.44461;0;3
1997-09-08 11:00:00Z;23.4502;0;3
1997-09-09 11:00:00Z;18.03643;0;3
1997-09-10 11:00:00Z;14.8489;0;3
1997-09-11 11:00:00Z;11.29656;0;3
1997-09-12 11:00:00Z;9.992346;0;3
1997-09-13 11:00:00Z;24.44013;0;3
1997-09-14 11:00:00Z;85.44777;0;3
1997-09-15 11:00:00Z;60.20881;0;3
1997-09-16 11:00:00Z;84.23104;0;3
1997-09-17 11:00:00Z;141.455;0;3
1997-09-18 11:00:00Z;54.89439;0;3
1997-09-19 11:00:00Z;23.56942;0;3
1997-09-20 11:00:00Z;14.75507;0;3
1997-09-21 11:00:00Z;10.81255;0;3
1997-09-22 11:00:00Z;8.811239;0;3
1997-09-23 11:00:00Z;7.049892;0;3
1997-09-24 11:00:00Z;6.157655;0;3
1997-09-25 11:00:00Z;5.421515;0;3
1997-09-26 11:00:00Z;6.229285;0;3
1997-09-27 11:00:00Z;5.902147;0;3
1997-09-28 11:00:00Z;5.535772;0;3
1997-09-29 11:00:00Z;5.591477;0;3
1997-09-30 11:00:00Z;5.455516;0;3
1997-10-01 11:00:00Z;5.06947;0;3
1997-10-02 11:00:00Z;8.125321;0;3
1997-10-03 11:00:00Z;10.75691;0;3
1997-10-04 11:00:00Z;9.130731;0;3
1997-10-05 11:00:00Z;10.53362;0;3
1997-10-06 11:00:00Z;10.47522;0;3
1997-10-07 11:00:00Z;9.733501;0;3
1997-10-08 11:00:00Z;68.35754;0;3
1997-10-09 11:00:00Z;53.98447;0;3
1997-10-10 11:00:00Z;22.62435;0;3
1997-10-11 11:00:00Z;19.09822;0;3
1997-10-12 11:00:00Z;18.55975;0;3
1997-10-13 11:00:00Z;13.06323;0;3
1997-10-14 11:00:00Z;10.15423;0;3
1997-10-15 11:00:00Z;8.36517;0;3
1997-10-16 11:00:00Z;7.082779;0;3
1997-10-17 11:00:00Z;9.42814;0;3
1997-10-18 11:00:00Z;35.75095;0;3
1997-10-19 11:00:00Z;32.5826;0;3
1997-10-20 11:00:00Z;16.2979;0;3
1997-10-21 11:00:00Z;10.92104;0;3
1997-10-22 11:00:00Z;8.749786;0;3
1997-10-23 11:00:00Z;7.755221;0;3
1997-10-24 11:00:00Z;7.241666;0;3
1997-10-25 11:00:00Z;6.395246;0;3
1997-10-26 11:00:00Z;5.931887;0;3
1997-10-27 11:00:00Z;5.248069;0;3
1997-10-28 11:00:00Z;3.645166;0;3
1997-10-29 11:00:00Z;3.54145;0;3
1997-10-30 11:00:00Z;3.390431;0;3
1997-10-31 11:00:00Z;3.643716;0;3
1997-11-01 11:00:00Z;4.295527;0;3
1997-11-02 11:00:00Z;4.606743;0;3
1997-11-03 11:00:00Z;4.666045;0;3
1997-11-04 11:00:00Z;5.303548;0;3
1997-11-05 11:00:00Z;4.630676;0;3
1997-11-06 11:00:00Z;3.96744;0;3
1997-11-07 11:00:00Z;5.303548;0;3
1997-11-08 11:00:00Z;6.257009;0;3
1997-11-09 11:00:00Z;13.13866;0;3
1997-11-10 11:00:00Z;49.32929;0;3
1997-11-11 11:00:00Z;103.235;0;3
1997-11-12 11:00:00Z;87.47436;0;3
1997-11-13 11:00:00Z;74.75526;0;3
1997-11-14 11:00:00Z;39.88596;0;3
1997-11-15 11:00:00Z;30.2099;0;3
1997-11-16 11:00:00Z;24.69231;0;3
1997-11-17 11:00:00Z;15.94165;0;3
1997-11-18 11:00:00Z;11.78801;0;3
1997-11-19 11:00:00Z;9.534032;0;3
1997-11-20 11:00:00Z;7.917207;0;3
1997-11-21 11:00:00Z;7.02475;0;3
1997-11-22 11:00:00Z;6.028278;0;3
1997-11-23 11:00:00Z;5.808582;0;3
1997-11-24 11:00:00Z;5.572214;0;3
1997-11-25 11:00:00Z;5.36092;0;3
1997-11-26 11:00:00Z;3.964539;0;3
1997-11-27 11:00:00Z;3.746284;0;3
1997-11-28 11:00:00Z;3.046557;0;3
1997-11-29 11:00:00Z;2.796378;0;3
1997-11-30 11:00:00Z;2.632038;0;3
1997-12-01 11:00:00Z;2.447702;0;3
1997-12-02 11:00:00Z;2.437073;0;3
1997-12-03 11:00:00Z;2.42633;0;3
1997-12-04 11:00:00Z;2.389035;0;3
1997-12-05 11:00:00Z;2.438151;0;3
1997-12-06 11:00:00Z;6.89944;0;3
1997-12-07 11:00:00Z;16.04442;1;3
1997-12-08 11:00:00Z;17.53784;1;3
1997-12-09 11:00:00Z;99.3278;0;3
1997-12-10 11:00:00Z;95.32362;0;3
1997-12-11 11:00:00Z;42.67933;0;3
1997-12-12 11:00:00Z;23.22213;0;3
1997-12-13 11:00:00Z;15.11525;0;3
1997-12-14 11:00:00Z;11.12585;0;3
1997-12-15 11:00:00Z;8.679573;0;3
1997-12-16 11:00:00Z;7.265907;0;3
1997-12-17 11:00:00Z;6.094582;0;3
1997-12-18 11:00:00Z;5.128707;0;3
1997-12-19 11:00:00Z;4.18011;0;3
1997-12-20 11:00:00Z;4.251316;0;3
1997-12-21 11:00:00Z;3.952138;0;3
1997-12-22 11:00:00Z;4.087719;0;3
1997-12-23 11:00:00Z;4.295218;0;3
1997-12-24 11:00:00Z;4.10333;0;3
1997-12-25 11:00:00Z;4.069082;0;3
1997-12-26 11:00:00Z;3.959733;0;3
1997-12-27 11:00:00Z;3.841352;0;3
1997-12-28 11:00:00Z;3.084089;0;3
1997-12-29 11:00:00Z;3.002371;0;3
1997-12-30 11:00:00Z;2.990656;0;3
1997-12-31 11:00:00Z;4.818143;0;3
1998-01-01 11:00:00Z;12.1318;0;3
1998-01-02 11:00:00Z;15.97201;0;3
1998-01-03 11:00:00Z;17.64239;0;3
1998-01-04 11:00:00Z;32.33504;0;3
1998-01-05 11:00:00Z;23.76455;0;3
1998-01-06 11:00:00Z;15.15145;0;3
1998-01-07 11:00:00Z;11.25442;0;3
1998-01-08 11:00:00Z;9.272191;0;3
1998-01-09 11:00:00Z;7.902983;0;3
1998-01-10 11:00:00Z;7.952343;0;3
1998-01-11 11:00:00Z;31.79709;0;3
1998-01-12 11:00:00Z;37.03207;0;3
1998-01-13 11:00:00Z;22.22476;0;3
1998-01-14 11:00:00Z;25.33136;0;3
1998-01-15 11:00:00Z;66.74609;0;3
1998-01-16 11:00:00Z;84.39738;0;3
1998-01-17 11:00:00Z;42.66217;0;3
1998-01-18 11:00:00Z;22.33979;0;3
1998-01-19 11:00:00Z;14.28478;0;3
1998-01-20 11:00:00Z;11.87117;2;3
1998-01-21 11:00:00Z;9.976292;0;3
1998-01-22 11:00:00Z;7.724638;0;3
1998-01-23 11:00:00Z;6.797623;0;3
1998-01-24 11:00:00Z;5.941902;0;3
1998-01-25 11:00:00Z;4.858271;0;3
1998-01-26 11:00:00Z;4.409753;0;3
1998-01-27 11:00:00Z;4.409753;0;3
1998-01-28 11:00:00Z;4.409753;0;3
1998-01-29 11:00:00Z;4.040198;0;3
1998-01-30 11:00:00Z;3.172823;0;3
1998-01-31 11:00:00Z;2.442747;0;3
1998-02-01 11:00:00Z;2.698489;0;3
1998-02-02 11:00:00Z;2.990742;0;3
1998-02-03 11:00:00Z;3.163325;0;3
1998-02-04 11:00:00Z;3.346923;0;3
1998-02-05 11:00:00Z;3.539203;0;3
1998-02-06 11:00:00Z;4.06044;0;3
1998-02-07 11:00:00Z;8.597957;0;3
1998-02-08 11:00:00Z;21.5801;0;3
1998-02-09 11:00:00Z;30.64964;0;3
1998-02-10 11:00:00Z;80.14037;0;3
1998-02-11 11:00:00Z;85.39266;0;3
1998-02-12 11:00:00Z;99.19886;0;3
1998-02-13 11:00:00Z;52.1649;0;3
1998-02-14 11:00:00Z;27.50445;0;3
1998-02-15 11:00:00Z;34.57072;0;3
1998-02-16 11:00:00Z;43.24777;0;3
1998-02-17 11:00:00Z;39.42913;0;3
1998-02-18 11:00:00Z;22.31167;0;3
1998-02-19 11:00:00Z;24.2863;0;3
1998-02-20 11:00:00Z;26.01392;0;3
1998-02-21 11:00:00Z;27.08004;0;3
1998-02-22 11:00:00Z;46.01406;0;3
1998-02-23 11:00:00Z;31.83687;0;3
1998-02-24 11:00:00Z;33.36433;0;3
1998-02-25 11:00:00Z;27.87259;0;3
1998-02-26 11:00:00Z;20.92445;0;3
1998-02-27 11:00:00Z;27.22653;0;3
1998-02-28 11:00:00Z;35.22806;0;3
1998-03-01 11:00:00Z;18.09712;0;3
1998-03-02 11:00:00Z;12.54332;1;3
1998-03-03 11:00:00Z;9.697126;0;3
1998-03-04 11:00:00Z;8.634895;0;3
1998-03-05 11:00:00Z;7.588723;0;3
1998-03-06 11:00:00Z;6.964649;0;3
1998-03-07 11:00:00Z;6.120995;0;3
1998-03-08 11:00:00Z;5.616028;0;3
1998-03-09 11:00:00Z;5.19511;0;3
1998-03-10 11:00:00Z;4.326592;0;3
1998-03-11 11:00:00Z;4.456329;0;3
1998-03-12 11:00:00Z;4.764796;0;3
1998-03-13 11:00:00Z;4.833055;0;3
1998-03-14 11:00:00Z;4.33885;0;3
1998-03-15 11:00:00Z;4.204291;0;3
1998-03-16 11:00:00Z;4.187023;0;3
1998-03-17 11:00:00Z;7.041198;0;3
1998-03-18 11:00:00Z;11.11286;0;3
1998-03-19 11:00:00Z;12.49963;0;3
1998-03-20 11:00:00Z;9.321361;0;3
1998-03-21 11:00:00Z;7.731662;0;3
1998-03-22 11:00:00Z;6.924812;0;3
1998-03-23 11:00:00Z;7.306106;0;3
1998-03-24 11:00:00Z;7.736807;0;3
1998-03-25 11:00:00Z;10.25894;0;3
1998-03-26 11:00:00Z;17.36914;0;3
1998-03-27 11:00:00Z;30.49616;0;3
1998-03-28 11:00:00Z;25.13463;0;3
1998-03-29 11:00:00Z;24.52131;0;3
1998-03-30 11:00:00Z;42.03984;0;3
1998-03-31 11:00:00Z;76.54891;0;3
1998-04-01 11:00:00Z;52.78659;0;3
1998-04-02 11:00:00Z;32.05782;0;3
1998-04-03 11:00:00Z;18.90004;0;3
1998-04-04 11:00:00Z;12.78756;0;3
1998-04-05 11:00:00Z;9.726732;0;3
1998-04-06 11:00:00Z;8.417107;0;3
1998-04-07 11:00:00Z;8.183138;0;3
1998-04-08 11:00:00Z;8.555497;0;3
1998-04-09 11:00:00Z;9.067971;0;3
1998-04-10 11:00:00Z;9.504692;0;3
1998-04-11 11:00:00Z;9.226366;0;3
1998-04-12 11:00:00Z;8.511539;0;3
1998-04-13 11:00:00Z;7.62845;0;3
1998-04-14 11:00:00Z;7.351888;0;3
1998-04-15 11:00:00Z;7.278615;0;3
1998-04-16 11:00:00Z;7.841307;0;3
1998-04-17 11:00:00Z;8.193884;0;3
1998-04-18 11:00:00Z;8.192909;0;3
1998-04-19 11:00:00Z;8.359616;0;3
1998-04-20 11:00:00Z;9.230705;0;3
1998-04-21 11:00:00Z;9.84607;0;3
1998-04-22 11:00:00Z;10.66178;0;3
1998-04-23 11:00:00Z;15.13235;0;3
1998-04-24 11:00:00Z;27.1033;0;3
1998-04-25 11:00:00Z;40.45774;0;3
1998-04-26 11:00:00Z;40.8032;0;3
1998-04-27 11:00:00Z;28.30605;0;3
1998-04-28 11:00:00Z;19.74482;0;3
1998-04-29 11:00:00Z;23.24339;0;3
1998-04-30 11:00:00Z;17.99228;0;3
1998-05-01 11:00:00Z;16.87685;0;3
1998-05-02 11:00:00Z;32.11618;0;3
1998-05-03 11:00:00Z;25.8415;0;3
1998-05-04 11:00:00Z;15.57069;0;3
1998-05-05 11:00:00Z;11.54086;0;3
1998-05-06 11:00:00Z;9.593749;0;3
1998-05-07 11:00:00Z;8.59056;0;3
1998-05-08 11:00:00Z;9.312762;0;3
1998-05-09 11:00:00Z;14.75457;0;3
1998-05-10 11:00:00Z;14.97301;0;3
1998-05-11 11:00:00Z;15.38813;0;3
1998-05-12 11:00:00Z;11.20515;0;3
1998-05-13 11:00:00Z;8.788263;0;3
1998-05-14 11:00:00Z;7.435095;0;3
1998-05-15 11:00:00Z;6.92358;0;3
1998-05-16 11:00:00Z;6.490362;0;3
1998-05-17 11:00:00Z;6.380124;0;3
1998-05-18 11:00:00Z;6.306075;0;3
1998-05-19 11:00:00Z;5.870513;0;3
1998-05-20 11:00:00Z;4.527504;0;3
1998-05-21 11:00:00Z;3.653143;0;3
1998-05-22 11:00:00Z;3.836504;0;3
1998-05-23 11:00:00Z;4.572964;0;3
1998-05-24 11:00:00Z;4.429862;0;3
1998-05-25 11:00:00Z;4.215009;0;3
1998-05-26 11:00:00Z;4.35673;0;3
1998-05-27 11:00:00Z;5.328676;0;3
1998-05-28 11:00:00Z;5.373182;0;3
1998-05-29 11:00:00Z;5.403775;0;3
1998-05-30 11:00:00Z;4.903407;0;3
1998-05-31 11:00:00Z;4.255758;0;3
1998-06-01 11:00:00Z;4.204036;0;3
1998-06-02 11:00:00Z;5.389308;0;3
1998-06-03 11:00:00Z;5.839851;0;3
1998-06-04 11:00:00Z;6.071157;0;3
1998-06-05 11:00:00Z;5.817101;0;3
1998-06-06 11:00:00Z;5.203626;0;3
1998-06-07 11:00:00Z;4.703392;0;3
1998-06-08 11:00:00Z;4.966121;0;3
1998-06-09 11:00:00Z;5.311779;0;3
1998-06-10 11:00:00Z;9.854916;0;3
1998-06-11 11:00:00Z;20.76725;0;3
1998-06-12 11:00:00Z;16.24619;0;3
1998-06-13 11:00:00Z;9.571001;0;3
1998-06-14 11:00:00Z;6.884783;0;3
1998-06-15 11:00:00Z;5.824189;0;3
1998-06-16 11:00:00Z;6.282969;0;3
1998-06-17 11:00:00Z;6.423098;0;3
1998-06-18 11:00:00Z;6.786418;0;3
1998-06-19 11:00:00Z;6.756326;0;3
1998-06-20 11:00:00Z;5.902732;0;3
1998-06-21 11:00:00Z;5.119523;0;3
1998-06-22 11:00:00Z;4.545362;0;3
1998-06-23 11:00:00Z;4.581375;0;3
1998-06-24 11:00:00Z;5.302969;0;3
1998-06-25 11:00:00Z;6.885151;0;3
1998-06-26 11:00:00Z;7.214188;0;3
1998-06-27 11:00:00Z;7.397194;0;3
1998-06-28 11:00:00Z;44.46148;0;3
1998-06-29 11:00:00Z;82.0468;0;3
1998-06-30 11:00:00Z;36.28553;0;3
1998-07-01 11:00:00Z;20.85122;0;3
1998-07-02 11:00:00Z;12.72169;0;3
1998-07-03 11:00:00Z;8.987683;0;3
1998-07-04 11:00:00Z;6.863444;0;3
1998-07-05 11:00:00Z;6.069364;0;3
1998-07-06 11:00:00Z;5.935575;0;3
1998-07-07 11:00:00Z;5.349711;0;3
1998-07-08 11:00:00Z;4.772064;0;3
1998-07-09 11:00:00Z;4.706658;0;3
1998-07-10 11:00:00Z;5.356919;0;3
1998-07-11 11:00:00Z;5.203298;0;3
1998-07-12 11:00:00Z;5.159963;0;3
1998-07-13 11:00:00Z;5.41654;0;3
1998-07-14 11:00:00Z;8.254964;0;3
1998-07-15 11:00:00Z;11.68857;0;3
1998-07-16 11:00:00Z;9.258752;0;3
1998-07-17 11:00:00Z;7.311148;0;3
1998-07-18 11:00:00Z;15.02252;0;3
1998-07-19 11:00:00Z;26.36977;0;3
1998-07-20 11:00:00Z;13.48283;0;3
1998-07-21 11:00:00Z;9.152669;0;3
1998-07-22 11:00:00Z;9.79684;0;3
1998-07-23 11:00:00Z;11.86668;0;3
1998-07-24 11:00:00Z;14.3121;0;3
1998-07-25 11:00:00Z;21.02448;0;3
1998-07-26 11:00:00Z;14.68886;0;3
1998-07-27 11:00:00Z;10.75472;0;3
1998-07-28 11:00:00Z;8.479378;0;3
1998-07-29 11:00:00Z;7.157906;0;3
1998-07-30 11:00:00Z;6.602688;0;3
1998-07-31 11:00:00Z;8.415;0;3
1998-08-01 11:00:00Z;10.03856;0;3
1998-08-02 11:00:00Z;6.853111;0;3
1998-08-03 11:00:00Z;6.468694;0;3
1998-08-04 11:00:00Z;12.98631;0;3
1998-08-05 11:00:00Z;19.70064;0;3
1998-08-06 11:00:00Z;16.53488;0;3
1998-08-07 11:00:00Z;12.13913;0;3
1998-08-08 11:00:00Z;10.10096;0;3
1998-08-09 11:00:00Z;8.639109;0;3
1998-08-10 11:00:00Z;7.3103;0;3
1998-08-11 11:00:00Z;6.380835;0;3
1998-08-12 11:00:00Z;6.240454;0;3
1998-08-13 11:00:00Z;42.94728;0;3
1998-08-14 11:00:00Z;44.63223;0;3
1998-08-15 11:00:00Z;26.55129;0;3
1998-08-16 11:00:00Z;31.82942;0;3
1998-08-17 11:00:00Z;22.59865;0;3
1998-08-18 11:00:00Z;50.4626;0;3
1998-08-19 11:00:00Z;24.47839;0;3
1998-08-20 11:00:00Z;14.90804;0;3
1998-08-21 11:00:00Z;34.28876;0;3
1998-08-22 11:00:00Z;30.6065;0;3
1998-08-23 11:00:00Z;15.31056;0;3
1998-08-24 11:00:00Z;10.14149;0;3
1998-08-25 11:00:00Z;7.701868;0;3
1998-08-26 11:00:00Z;6.58261;0;3
1998-08-27 11:00:00Z;5.725007;0;3
1998-08-28 11:00:00Z;5.750077;0;3
1998-08-29 11:00:00Z;5.837901;0;3
1998-08-30 11:00:00Z;5.629292;0;3
1998-08-31 11:00:00Z;5.604722;0;3
1998-09-01 11:00:00Z;5.195539;0;3
1998-09-02 11:00:00Z;4.775865;0;3
1998-09-03 11:00:00Z;4.378736;0;3
1998-09-04 11:00:00Z;3.899336;0;3
1998-09-05 11:00:00Z;4.05149;0;3
1998-09-06 11:00:00Z;5.469593;0;3
1998-09-07 11:00:00Z;5.572316;0;3
1998-09-08 11:00:00Z;5.113594;0;3
1998-09-09 11:00:00Z;7.511442;0;3
1998-09-10 11:00:00Z;73.1079;0;3
1998-09-11 11:00:00Z;109.6528;0;3
1998-09-12 11:00:00Z;102.7199;0;3
1998-09-13 11:00:00Z;54.88798;0;3
1998-09-14 11:00:00Z;25.52212;0;3
1998-09-15 11:00:00Z;18.37979;0;3
1998-09-16 11:00:00Z;15.69837;0;3
1998-09-17 11:00:00Z;12.21773;0;3
1998-09-18 11:00:00Z;9.234928;0;3
1998-09-19 11:00:00Z;7.616119;0;3
1998-09-20 11:00:00Z;6.662129;0;3
1998-09-21 11:00:00Z;6.93093;0;3
1998-09-22 11:00:00Z;6.917375;0;3
1998-09-23 11:00:00Z;6.476439;0;3
1998-09-24 11:00:00Z;5.995679;0;3
1998-09-25 11:00:00Z;5.586785;0;3
1998-09-26 11:00:00Z;5.482147;0;3
1998-09-27 11:00:00Z;5.217063;0;3
1998-09-28 11:00:00Z;5.064053;0;3
1998-09-29 11:00:00Z;5.093286;0;3
1998-09-30 11:00:00Z;5.662894;0;3
1998-10-01 11:00:00Z;5.730371;0;3
1998-10-02 11:00:00Z;5.138665;0;3
1998-10-03 11:00:00Z;4.166461;0;3
1998-10-04 11:00:00Z;3.166434;0;3
1998-10-05 11:00:00Z;2.678772;1;3
1998-10-06 11:00:00Z;3.618338;0;3
1998-10-07 11:00:00Z;4.247421;0;3
1998-10-08 11:00:00Z;4.25754;0;3
1998-10-09 11:00:00Z;3.163468;0;3
1998-10-10 11:00:00Z;2.618235;0;3
1998-10-11 11:00:00Z;3.738494;0;3
1998-10-12 11:00:00Z;5.151204;1;3
1998-10-13 11:00:00Z;6.245193;0;3
1998-10-14 11:00:00Z;6.172331;0;3
1998-10-15 11:00:00Z;11.02586;0;3
1998-10-16 11:00:00Z;27.51151;0;3
1998-10-17 11:00:00Z;20.82466;0;3
1998-10-18 11:00:00Z;21.12403;0;3
1998-10-19 11:00:00Z;21.28815;0;3
1998-10-20 11:00:00Z;24.48933;0;3
1998-10-21 11:00:00Z;34.52671;0;3
1998-10-22 11:00:00Z;98.80182;0;3
1998-10-23 11:00:00Z;127.4588;0;3
1998-10-24 11:00:00Z;104.9535;0;3
1998-10-25 11:00:00Z;94.42396;0;3
1998-10-26 11:00:00Z;69.5455;0;3
1998-10-27 11:00:00Z;34.52153;0;3
1998-10-28 11:00:00Z;43.818;0;3
1998-10-29 11:00:00Z;60.27481;0;3
1998-10-30 11:00:00Z;65.20868;0;3
1998-10-31 11:00:00Z;30.84121;0;3
1998-11-01 11:00:00Z;18.15223;0;3
1998-11-02 11:00:00Z;13.48098;0;3
1998-11-03 11:00:00Z;10.80607;0;3
1998-11-04 11:00:00Z;8.77257;0;3
1998-11-05 11:00:00Z;7.802832;0;3
1998-11-06 11:00:00Z;6.854156;0;3
1998-11-07 11:00:00Z;6.327533;0;3
1998-11-08 11:00:00Z;5.822392;0;3
1998-11-09 11:00:00Z;6.170702;0;3
1998-11-10 11:00:00Z;11.51881;0;3
1998-11-11 11:00:00Z;21.96593;0;3
1998-11-12 11:00:00Z;14.5215;0;3
1998-11-13 11:00:00Z;10.00673;0;3
1998-11-14 11:00:00Z;8.142914;0;3
1998-11-15 11:00:00Z;7.391739;0;3
1998-11-16 11:00:00Z;6.030614;0;3
1998-11-17 11:00:00Z;5.299067;0;3
1998-11-18 11:00:00Z;4.376786;0;3
1998-11-19 11:00:00Z;3.621415;0;3
1998-11-20 11:00:00Z;3.34517;0;3
1998-11-21 11:00:00Z;4.541774;0;3
1998-11-22 11:00:00Z;14.87411;0;3
1998-11-23 11:00:00Z;31.15581;0;3
1998-11-24 11:00:00Z;16.7602;0;3
1998-11-25 11:00:00Z;11.47565;0;3
1998-11-26 11:00:00Z;9.680613;0;3
1998-11-27 11:00:00Z;10.1203;0;3
1998-11-28 11:00:00Z;9.017568;0;3
1998-11-29 11:00:00Z;7.524048;0;3
1998-11-30 11:00:00Z;6.767067;1;3
1998-12-01 11:00:00Z;6.248808;0;3
1998-12-02 11:00:00Z;6.122431;0;3
1998-12-03 11:00:00Z;5.992111;2;3
1998-12-04 11:00:00Z;5.591575;2;3
1998-12-05 11:00:00Z;5.591575;2;3
1998-12-06 11:00:00Z;5.303548;2;3
1998-12-07 11:00:00Z;4.899061;0;3
1998-12-08 11:00:00Z;4.433764;0;3
1998-12-09 11:00:00Z;4.447363;0;3
1998-12-10 11:00:00Z;4.605772;0;3
1998-12-11 11:00:00Z;4.47781;0;3
1998-12-12 11:00:00Z;4.348582;0;3
1998-12-13 11:00:00Z;3.97237;0;3
1998-12-14 11:00:00Z;3.736187;0;3
1998-12-15 11:00:00Z;10.9954;0;3
1998-12-16 11:00:00Z;26.19645;0;3
1998-12-17 11:00:00Z;28.17263;0;3
1998-12-18 11:00:00Z;74.52036;0;3
1998-12-19 11:00:00Z;57.13166;0;3
1998-12-20 11:00:00Z;24.82705;0;3
1998-12-21 11:00:00Z;17.6897;0;3
1998-12-22 11:00:00Z;10.49226;0;3
1998-12-23 11:00:00Z;8.687568;0;3
1998-12-24 11:00:00Z;9.161978;0;3
1998-12-25 11:00:00Z;20.9875;0;3
1998-12-26 11:00:00Z;30.71619;0;3
1998-12-27 11:00:00Z;54.29676;0;3
1998-12-28 11:00:00Z;77.8326;0;3
1998-12-29 11:00:00Z;33.28978;0;3
1998-12-30 11:00:00Z;18.54992;0;3
1998-12-31 11:00:00Z;18.23411;0;3
1999-01-01 11:00:00Z;16.15213;0;3
1999-01-02 11:00:00Z;13.94577;0;3
1999-01-03 11:00:00Z;22.20536;0;3
1999-01-04 11:00:00Z;32.2761;0;3
1999-01-05 11:00:00Z;81.58413;0;3
1999-01-06 11:00:00Z;62.79476;0;3
1999-01-07 11:00:00Z;32.64826;0;3
1999-01-08 11:00:00Z;17.61875;0;3
1999-01-09 11:00:00Z;10.75768;0;3
1999-01-10 11:00:00Z;8.224979;0;3
1999-01-11 11:00:00Z;7.471678;0;3
1999-01-12 11:00:00Z;6.220457;0;3
1999-01-13 11:00:00Z;5.836522;0;3
1999-01-14 11:00:00Z;5.484383;0;3
1999-01-15 11:00:00Z;5.360139;0;3
1999-01-16 11:00:00Z;8.472834;0;3
1999-01-17 11:00:00Z;13.22807;0;3
1999-01-18 11:00:00Z;18.83794;0;3
1999-01-19 11:00:00Z;76.28326;0;3
1999-01-20 11:00:00Z;142.3272;0;3
1999-01-21 11:00:00Z;91.69977;0;3
1999-01-22 11:00:00Z;62.10221;0;3
1999-01-23 11:00:00Z;64.75684;0;3
1999-01-24 11:00:00Z;79.66137;0;3
1999-01-25 11:00:00Z;48.99519;0;3
1999-01-26 11:00:00Z;26.3517;0;3
1999-01-27 11:00:00Z;15.96214;0;3
1999-01-28 11:00:00Z;11.18273;0;3
1999-01-29 11:00:00Z;7.859191;0;3
1999-01-30 11:00:00Z;7.126615;0;3
1999-01-31 11:00:00Z;7.163018;0;3
1999-02-01 11:00:00Z;8.402686;0;3
1999-02-02 11:00:00Z;12.89272;0;3
1999-02-03 11:00:00Z;13.72193;0;3
1999-02-04 11:00:00Z;62.8891;0;3
1999-02-05 11:00:00Z;83.7391;0;3
1999-02-06 11:00:00Z;30.37956;0;3
1999-02-07 11:00:00Z;17.45513;0;3
1999-02-08 11:00:00Z;11.21002;0;3
1999-02-09 11:00:00Z;8.086772;0;3
1999-02-10 11:00:00Z;6.658516;0;3
1999-02-11 11:00:00Z;5.552716;0;3
1999-02-12 11:00:00Z;5.322364;0;3
1999-02-13 11:00:00Z;5.562572;0;3
1999-02-14 11:00:00Z;5.898807;0;3
1999-02-15 11:00:00Z;8.994467;0;3
1999-02-16 11:00:00Z;32.87474;0;3
1999-02-17 11:00:00Z;17.97603;0;3
1999-02-18 11:00:00Z;10.81808;0;3
1999-02-19 11:00:00Z;9.093798;0;3
1999-02-20 11:00:00Z;9.601367;0;3
1999-02-21 11:00:00Z;9.232303;0;3
1999-02-22 11:00:00Z;7.875223;0;3
1999-02-23 11:00:00Z;6.683932;0;3
1999-02-24 11:00:00Z;5.752834;0;3
1999-02-25 11:00:00Z;5.436587;0;3
1999-02-26 11:00:00Z;5.691592;0;3
1999-02-27 11:00:00Z;6.235467;0;3
1999-02-28 11:00:00Z;9.01919;0;3
1999-03-01 11:00:00Z;18.04817;0;3
1999-03-02 11:00:00Z;11.74031;0;3
1999-03-03 11:00:00Z;9.02773;0;3
1999-03-04 11:00:00Z;7.930042;0;3
1999-03-05 11:00:00Z;7.896051;0;3
1999-03-06 11:00:00Z;6.916534;0;3
1999-03-07 11:00:00Z;6.265348;0;3
1999-03-08 11:00:00Z;5.934292;0;3
1999-03-09 11:00:00Z;6.171657;0;3
1999-03-10 11:00:00Z;5.692116;0;3
1999-03-11 11:00:00Z;5.425183;0;3
1999-03-12 11:00:00Z;4.893278;0;3
1999-03-13 11:00:00Z;4.064026;0;3
1999-03-14 11:00:00Z;4.242117;0;3
1999-03-15 11:00:00Z;4.151132;0;3
1999-03-16 11:00:00Z;4.486676;0;3
1999-03-17 11:00:00Z;6.487563;0;3
1999-03-18 11:00:00Z;9.506937;0;3
1999-03-19 11:00:00Z;15.19277;0;3
1999-03-20 11:00:00Z;14.37903;0;3
1999-03-21 11:00:00Z;11.78998;0;3
1999-03-22 11:00:00Z;12.50919;0;3
1999-03-23 11:00:00Z;10.41817;0;3
1999-03-24 11:00:00Z;8.404009;0;3
1999-03-25 11:00:00Z;9.656034;0;3
1999-03-26 11:00:00Z;13.21807;0;3
1999-03-27 11:00:00Z;22.59955;0;3
1999-03-28 11:00:00Z;21.20225;0;3
1999-03-29 11:00:00Z;20.49503;0;3
1999-03-30 11:00:00Z;93.49923;0;3
1999-03-31 11:00:00Z;82.51842;0;3
1999-04-01 11:00:00Z;71.98836;0;3
1999-04-02 11:00:00Z;75.09561;0;3
1999-04-03 11:00:00Z;63.56448;0;3
1999-04-04 11:00:00Z;47.93293;0;3
1999-04-05 11:00:00Z;39.76168;1;3
1999-04-06 11:00:00Z;52.27938;0;3
1999-04-07 11:00:00Z;84.44522;0;3
1999-04-08 11:00:00Z;67.50594;0;3
1999-04-09 11:00:00Z;51.82;0;3
1999-04-10 11:00:00Z;82.12411;0;3
1999-04-11 11:00:00Z;86.80222;0;3
1999-04-12 11:00:00Z;71.8298;1;3
1999-04-13 11:00:00Z;33.34698;0;3
1999-04-14 11:00:00Z;21.85345;0;3
1999-04-15 11:00:00Z;16.36902;0;3
1999-04-16 11:00:00Z;12.74141;0;3
1999-04-17 11:00:00Z;10.32907;0;3
1999-04-18 11:00:00Z;9.171613;0;3
1999-04-19 11:00:00Z;8.658349;0;3
1999-04-20 11:00:00Z;8.140199;0;3
1999-04-21 11:00:00Z;7.964304;0;3
1999-04-22 11:00:00Z;7.733443;0;3
1999-04-23 11:00:00Z;9.979329;0;3
1999-04-24 11:00:00Z;17.94652;0;3
1999-04-25 11:00:00Z;24.70964;0;3
1999-04-26 11:00:00Z;39.36142;0;3
1999-04-27 11:00:00Z;57.83737;0;3
1999-04-28 11:00:00Z;36.84364;0;3
1999-04-29 11:00:00Z;30.55562;0;3
1999-04-30 11:00:00Z;21.12482;0;3
1999-05-01 11:00:00Z;20.74936;0;3
1999-05-02 11:00:00Z;16.66966;0;3
1999-05-03 11:00:00Z;12.52817;1;3
1999-05-04 11:00:00Z;10.938;0;3
1999-05-05 11:00:00Z;10.75879;0;3
1999-05-06 11:00:00Z;12.23091;0;3
1999-05-07 11:00:00Z;12.84417;0;3
1999-05-08 11:00:00Z;12.49918;0;3
1999-05-09 11:00:00Z;11.94981;0;3
1999-05-10 11:00:00Z;12.78289;1;3
1999-05-11 11:00:00Z;10.72249;0;3
1999-05-12 11:00:00Z;8.81261;0;3
1999-05-13 11:00:00Z;8.061868;0;3
1999-05-14 11:00:00Z;7.092597;0;3
1999-05-15 11:00:00Z;6.788527;0;3
1999-05-16 11:00:00Z;7.0117;0;3
1999-05-17 11:00:00Z;8.3911;1;3
1999-05-18 11:00:00Z;9.799803;0;3
1999-05-19 11:00:00Z;11.08868;0;3
1999-05-20 11:00:00Z;11.41157;0;3
1999-05-21 11:00:00Z;12.54735;0;3
1999-05-22 11:00:00Z;15.41683;0;3
1999-05-23 11:00:00Z;19.61176;0;3
1999-05-24 11:00:00Z;18.31668;1;3
1999-05-25 11:00:00Z;19.20936;0;3
1999-05-26 11:00:00Z;15.62089;0;3
1999-05-27 11:00:00Z;18.09101;0;3
1999-05-28 11:00:00Z;17.29429;0;3
1999-05-29 11:00:00Z;16.6779;0;3
1999-05-30 11:00:00Z;25.15933;0;3
1999-05-31 11:00:00Z;14.22715;0;3
1999-06-01 11:00:00Z;10.2738;0;3
1999-06-02 11:00:00Z;8.389666;0;3
1999-06-03 11:00:00Z;8.073524;0;3
1999-06-04 11:00:00Z;10.62886;0;3
1999-06-05 11:00:00Z;13.34873;0;3
1999-06-06 11:00:00Z;12.52051;0;3
1999-06-07 11:00:00Z;15.32071;0;3
1999-06-08 11:00:00Z;19.81304;0;3
1999-06-09 11:00:00Z;99.37987;0;3
1999-06-10 11:00:00Z;67.8083;0;3
1999-06-11 11:00:00Z;24.11359;0;3
1999-06-12 11:00:00Z;18.71016;0;3
1999-06-13 11:00:00Z;24.75098;0;3
1999-06-14 11:00:00Z;14.97115;0;3
1999-06-15 11:00:00Z;11.23298;0;3
1999-06-16 11:00:00Z;9.00023;0;3
1999-06-17 11:00:00Z;7.798524;0;3
1999-06-18 11:00:00Z;7.337248;0;3
1999-06-19 11:00:00Z;7.017412;0;3
1999-06-20 11:00:00Z;61.75075;0;3
1999-06-21 11:00:00Z;57.97374;1;3
1999-06-22 11:00:00Z;20.29582;0;3
1999-06-23 11:00:00Z;13.04565;0;3
1999-06-24 11:00:00Z;10.74574;0;3
1999-06-25 11:00:00Z;9.901552;0;3
1999-06-26 11:00:00Z;8.565397;0;3
1999-06-27 11:00:00Z;7.178545;0;3
1999-06-28 11:00:00Z;6.818557;0;3
1999-06-29 11:00:00Z;19.7534;0;3
1999-06-30 11:00:00Z;18.16857;0;3
1999-07-01 11:00:00Z;11.88952;0;3
1999-07-02 11:00:00Z;10.91728;0;3
1999-07-03 11:00:00Z;13.68408;0;3
1999-07-04 11:00:00Z;10.10729;0;3
1999-07-05 11:00:00Z;9.538742;1;3
1999-07-06 11:00:00Z;9.589287;0;3
1999-07-07 11:00:00Z;7.454913;0;3
1999-07-08 11:00:00Z;6.256257;0;3
1999-07-09 11:00:00Z;5.443298;0;3
1999-07-10 11:00:00Z;4.665838;0;3
1999-07-11 11:00:00Z;4.882051;0;3
1999-07-12 11:00:00Z;5.485664;0;3
1999-07-13 11:00:00Z;5.476604;0;3
1999-07-14 11:00:00Z;5.295175;0;3
1999-07-15 11:00:00Z;5.138318;0;3
1999-07-16 11:00:00Z;4.335835;0;3
1999-07-17 11:00:00Z;4.257156;0;3
1999-07-18 11:00:00Z;4.623258;0;3
1999-07-19 11:00:00Z;4.870952;1;3
1999-07-20 11:00:00Z;5.327138;0;3
1999-07-21 11:00:00Z;10.27388;0;3
1999-07-22 11:00:00Z;31.44021;0;3
1999-07-23 11:00:00Z;18.16697;0;3
1999-07-24 11:00:00Z;10.65768;0;3
1999-07-25 11:00:00Z;8.252604;0;3
1999-07-26 11:00:00Z;6.93884;0;3
1999-07-27 11:00:00Z;6.121894;0;3
1999-07-28 11:00:00Z;5.791629;0;3
1999-07-29 11:00:00Z;5.342498;0;3
1999-07-30 11:00:00Z;4.925035;0;3
1999-07-31 11:00:00Z;4.853755;0;3
1999-08-01 11:00:00Z;4.965719;0;3
1999-08-02 11:00:00Z;4.700128;0;3
1999-08-03 11:00:00Z;4.553579;0;3
1999-08-04 11:00:00Z;4.319887;0;3
1999-08-05 11:00:00Z;4.158514;0;3
1999-08-06 11:00:00Z;3.695177;0;3
1999-08-07 11:00:00Z;3.793116;0;3
1999-08-08 11:00:00Z;4.821082;0;3
1999-08-09 11:00:00Z;5.174266;0;3
1999-08-10 11:00:00Z;5.192425;0;3
1999-08-11 11:00:00Z;4.787292;0;3
1999-08-12 11:00:00Z;4.913564;0;3
1999-08-13 11:00:00Z;5.343967;0;3
1999-08-14 11:00:00Z;5.413877;0;3
1999-08-15 11:00:00Z;10.01389;0;3
1999-08-16 11:00:00Z;22.96183;0;3
1999-08-17 11:00:00Z;51.02071;0;3
1999-08-18 11:00:00Z;26.24155;0;3
1999-08-19 11:00:00Z;15.25409;0;3
1999-08-20 11:00:00Z;9.701888;0;3
1999-08-21 11:00:00Z;7.222302;0;3
1999-08-22 11:00:00Z;6.632376;0;3
1999-08-23 11:00:00Z;5.933583;0;3
1999-08-24 11:00:00Z;5.453865;0;3
1999-08-25 11:00:00Z;5.305198;0;3
1999-08-26 11:00:00Z;5.223246;0;3
1999-08-27 11:00:00Z;9.647386;0;3
1999-08-28 11:00:00Z;18.55029;0;3
1999-08-29 11:00:00Z;11.66676;0;3
1999-08-30 11:00:00Z;7.886094;0;3
1999-08-31 11:00:00Z;7.248045;0;3
1999-09-01 11:00:00Z;6.79878;0;3
1999-09-02 11:00:00Z;6.08512;0;3
1999-09-03 11:00:00Z;5.740576;0;3
1999-09-04 11:00:00Z;5.996531;0;3
1999-09-05 11:00:00Z;6.327192;0;3
1999-09-06 11:00:00Z;6.175266;0;3
1999-09-07 11:00:00Z;5.836441;0;3
1999-09-08 11:00:00Z;5.827518;0;3
1999-09-09 11:00:00Z;6.201267;0;3
1999-09-10 11:00:00Z;10.68527;0;3
1999-09-11 11:00:00Z;9.96183;0;3
1999-09-12 11:00:00Z;7.914074;0;3
1999-09-13 11:00:00Z;7.026753;0;3
1999-09-14 11:00:00Z;5.964787;0;3
1999-09-15 11:00:00Z;6.277162;0;3
1999-09-16 11:00:00Z;7.148166;0;3
1999-09-17 11:00:00Z;8.555049;0;3
1999-09-18 11:00:00Z;20.11048;0;3
1999-09-19 11:00:00Z;19.30901;0;3
1999-09-20 11:00:00Z;20.03261;0;3
1999-09-21 11:00:00Z;11.70633;0;3
1999-09-22 11:00:00Z;11.09067;0;3
1999-09-23 11:00:00Z;16.18701;0;3
1999-09-24 11:00:00Z;14.27758;0;3
1999-09-25 11:00:00Z;53.03962;0;3
1999-09-26 11:00:00Z;53.64137;0;3
1999-09-27 11:00:00Z;36.23454;0;3
1999-09-28 11:00:00Z;23.87229;0;3
1999-09-29 11:00:00Z;14.6533;0;3
1999-09-30 11:00:00Z;10.67876;0;3
1999-10-01 11:00:00Z;13.56731;0;3
1999-10-02 11:00:00Z;34.38102;0;3
1999-10-03 11:00:00Z;64.1495;0;3
1999-10-04 11:00:00Z;71.50072;0;3
1999-10-05 11:00:00Z;31.77581;0;3
1999-10-06 11:00:00Z;16.55827;0;3
1999-10-07 11:00:00Z;11.75734;0;3
1999-10-08 11:00:00Z;13.2001;0;3
1999-10-09 11:00:00Z;13.61931;0;3
1999-10-10 11:00:00Z;11.20807;0;3
1999-10-11 11:00:00Z;13.27536;0;3
1999-10-12 11:00:00Z;45.89703;0;3
1999-10-13 11:00:00Z;33.2947;0;3
1999-10-14 11:00:00Z;17.11829;0;3
1999-10-15 11:00:00Z;13.09766;0;3
1999-10-16 11:00:00Z;9.891435;0;3
1999-10-17 11:00:00Z;8.380305;0;3
1999-10-18 11:00:00Z;7.134418;0;3
1999-10-19 11:00:00Z;6.31677;0;3
1999-10-20 11:00:00Z;5.871545;0;3
1999-10-21 11:00:00Z;5.291128;0;3
1999-10-22 11:00:00Z;5.014644;0;3
1999-10-23 11:00:00Z;4.274557;0;3
1999-10-24 11:00:00Z;4.232401;0;3
1999-10-25 11:00:00Z;5.682288;0;3
1999-10-26 11:00:00Z;13.67503;0;3
1999-10-27 11:00:00Z;16.0811;0;3
1999-10-28 11:00:00Z;10.95726;0;3
1999-10-29 11:00:00Z;11.19263;0;3
1999-10-30 11:00:00Z;10.53642;0;3
1999-10-31 11:00:00Z;26.07733;0;3
1999-11-01 11:00:00Z;56.29307;0;3
1999-11-02 11:00:00Z;105.0845;0;3
1999-11-03 11:00:00Z;59.82232;0;3
1999-11-04 11:00:00Z;30.69872;0;3
1999-11-05 11:00:00Z;19.29594;0;3
1999-11-06 11:00:00Z;15.11942;0;3
1999-11-07 11:00:00Z;15.08385;0;3
1999-11-08 11:00:00Z;14.26055;0;3
1999-11-09 11:00:00Z;11.2359;0;3
1999-11-10 11:00:00Z;10.10947;0;3
1999-11-11 11:00:00Z;8.675721;0;3
1999-11-12 11:00:00Z;7.674652;0;3
1999-11-13 11:00:00Z;6.743077;0;3
1999-11-14 11:00:00Z;6.142316;0;3
1999-11-15 11:00:00Z;5.535342;0;3
1999-11-16 11:00:00Z;6.282999;0;3
1999-11-17 11:00:00Z;7.007596;0;3
1999-11-18 11:00:00Z;6.80714;0;3
1999-11-19 11:00:00Z;6.336062;0;3
1999-11-20 11:00:00Z;5.513249;0;3
1999-11-21 11:00:00Z;4.950189;0;3
1999-11-22 11:00:00Z;4.678674;0;3
1999-11-23 11:00:00Z;5.152997;0;3
1999-11-24 11:00:00Z;6.641963;0;3
1999-11-25 11:00:00Z;54.10709;0;3
1999-11-26 11:00:00Z;39.59342;0;3
1999-11-27 11:00:00Z;64.13269;0;3
1999-11-28 11:00:00Z;71.8586;0;3
1999-11-29 11:00:00Z;205.0431;0;3
1999-11-30 11:00:00Z;120.7637;0;3
1999-12-01 11:00:00Z;221.8704;0;3
1999-12-02 11:00:00Z;102.5583;0;3
1999-12-03 11:00:00Z;30.36116;0;3
1999-12-04 11:00:00Z;16.38137;0;3
1999-12-05 11:00:00Z;11.58634;0;3
1999-12-06 11:00:00Z;20.01941;0;3
1999-12-07 11:00:00Z;98.35682;0;3
1999-12-08 11:00:00Z;65.99461;0;3
1999-12-09 11:00:00Z;98.07315;0;3
1999-12-10 11:00:00Z;100.0283;0;3
1999-12-11 11:00:00Z;34.03878;0;3
1999-12-12 11:00:00Z;17.52127;0;3
1999-12-13 11:00:00Z;11.67733;0;3
1999-12-14 11:00:00Z;8.875042;0;3
1999-12-15 11:00:00Z;7.136977;0;3
1999-12-16 11:00:00Z;6.325995;0;3
1999-12-17 11:00:00Z;20.70491;0;3
1999-12-18 11:00:00Z;23.64726;0;3
1999-12-19 11:00:00Z;12.78776;0;3
1999-12-20 11:00:00Z;9.493184;0;3
1999-12-21 11:00:00Z;7.096085;0;3
1999-12-22 11:00:00Z;6.830461;0;3
1999-12-23 11:00:00Z;13.06883;0;3
1999-12-24 11:00:00Z;63.04981;0;3
1999-12-25 11:00:00Z;138.1028;0;3
1999-12-26 11:00:00Z;115.6366;0;3
1999-12-27 11:00:00Z;43.57122;0;3
1999-12-28 11:00:00Z;21.00057;0;3
1999-12-29 11:00:00Z;13.91919;0;3
1999-12-30 11:00:00Z;10.87426;0;3
1999-12-31 11:00:00Z;9.281702;0;3
2000-01-01 11:00:00Z;11.25341;0;3
2000-01-02 11:00:00Z;17.43673;0;3
2000-01-03 11:00:00Z;31.32378;0;3
2000-01-04 11:00:00Z;36.60684;0;3
2000-01-05 11:00:00Z;21.46924;0;3
2000-01-06 11:00:00Z;58.69928;0;3
2000-01-07 11:00:00Z;92.82496;0;3
2000-01-08 11:00:00Z;102.008;0;3
2000-01-09 11:00:00Z;82.17045;0;3
2000-01-10 11:00:00Z;38.61714;0;3
2000-01-11 11:00:00Z;40.45678;0;3
2000-01-12 11:00:00Z;37.68228;0;3
2000-01-13 11:00:00Z;39.05406;0;3
2000-01-14 11:00:00Z;24.65938;0;3
2000-01-15 11:00:00Z;15.0447;0;3
2000-01-16 11:00:00Z;11.31443;0;3
2000-01-17 11:00:00Z;15.94879;0;3
2000-01-18 11:00:00Z;47.42161;0;3
2000-01-19 11:00:00Z;24.56752;0;3
2000-01-20 11:00:00Z;14.56522;0;3
2000-01-21 11:00:00Z;10.43128;0;3
2000-01-22 11:00:00Z;8.409616;0;3
2000-01-23 11:00:00Z;7.169035;0;3
2000-01-24 11:00:00Z;6.377169;1;3
2000-01-25 11:00:00Z;5.786335;0;3
2000-01-26 11:00:00Z;5.404211;0;3
2000-01-27 11:00:00Z;5.36855;0;3
2000-01-28 11:00:00Z;5.521311;0;3
2000-01-29 11:00:00Z;21.86098;0;3
2000-01-30 11:00:00Z;40.74122;0;3
2000-01-31 11:00:00Z;18.69576;1;3
2000-02-01 11:00:00Z;13.74443;0;3
2000-02-02 11:00:00Z;12.10836;0;3
2000-02-03 11:00:00Z;10.60435;0;3
2000-02-04 11:00:00Z;12.13078;0;3
2000-02-05 11:00:00Z;56.75424;0;3
2000-02-06 11:00:00Z;73.67842;0;3
2000-02-07 11:00:00Z;80.82851;0;3
2000-02-08 11:00:00Z;72.03558;0;3
2000-02-09 11:00:00Z;32.68118;0;3
2000-02-10 11:00:00Z;27.77056;0;3
2000-02-11 11:00:00Z;63.12036;0;3
2000-02-12 11:00:00Z;47.7337;0;3
2000-02-13 11:00:00Z;51.03462;0;3
2000-02-14 11:00:00Z;22.67992;0;3
2000-02-15 11:00:00Z;15.4121;0;3
2000-02-16 11:00:00Z;12.56454;0;3
2000-02-17 11:00:00Z;10.12538;0;3
2000-02-18 11:00:00Z;8.597017;0;3
2000-02-19 11:00:00Z;7.660872;0;3
2000-02-20 11:00:00Z;6.381547;0;3
2000-02-21 11:00:00Z;5.887095;0;3
2000-02-22 11:00:00Z;6.004919;0;3
2000-02-23 11:00:00Z;5.799341;0;3
2000-02-24 11:00:00Z;5.702197;0;3
2000-02-25 11:00:00Z;5.871757;0;3
2000-02-26 11:00:00Z;5.821773;0;3
2000-02-27 11:00:00Z;12.54848;0;3
2000-02-28 11:00:00Z;104.9425;0;3
2000-02-29 11:00:00Z;69.24763;0;3
2000-03-01 11:00:00Z;34.45754;0;3
2000-03-02 11:00:00Z;19.18928;0;3
2000-03-03 11:00:00Z;15.93323;0;3
2000-03-04 11:00:00Z;12.17656;0;3
2000-03-05 11:00:00Z;9.46988;0;3
2000-03-06 11:00:00Z;19.38767;0;3
2000-03-07 11:00:00Z;79.56168;0;3
2000-03-08 11:00:00Z;40.24104;0;3
2000-03-09 11:00:00Z;39.49609;0;3
2000-03-10 11:00:00Z;25.59459;0;3
2000-03-11 11:00:00Z;15.7954;0;3
2000-03-12 11:00:00Z;11.80917;0;3
2000-03-13 11:00:00Z;9.771993;0;3
2000-03-14 11:00:00Z;11.66832;0;3
2000-03-15 11:00:00Z;12.08206;0;3
2000-03-16 11:00:00Z;9.825511;0;3
2000-03-17 11:00:00Z;8.663898;0;3
2000-03-18 11:00:00Z;13.26504;0;3
2000-03-19 11:00:00Z;17.15782;0;3
2000-03-20 11:00:00Z;16.17206;0;3
2000-03-21 11:00:00Z;36.46872;0;3
2000-03-22 11:00:00Z;34.4787;0;3
2000-03-23 11:00:00Z;22.35583;0;3
2000-03-24 11:00:00Z;14.47816;0;3
2000-03-25 11:00:00Z;10.83344;0;3
2000-03-26 11:00:00Z;8.941654;0;3
2000-03-27 11:00:00Z;8.021862;1;3
2000-03-28 11:00:00Z;7.069094;0;3
2000-03-29 11:00:00Z;6.416206;0;3
2000-03-30 11:00:00Z;5.944257;0;3
2000-03-31 11:00:00Z;6.008635;0;3
2000-04-01 11:00:00Z;7.018667;0;3
2000-04-02 11:00:00Z;8.538173;0;3
2000-04-03 11:00:00Z;9.934034;1;3
2000-04-04 11:00:00Z;11.46853;0;3
2000-04-05 11:00:00Z;10.35064;0;3
2000-04-06 11:00:00Z;8.809263;0;3
2000-04-07 11:00:00Z;10.50961;0;3
2000-04-08 11:00:00Z;16.182;0;3
2000-04-09 11:00:00Z;16.11212;0;3
2000-04-10 11:00:00Z;13.27091;1;3
2000-04-11 11:00:00Z;12.938;0;3
2000-04-12 11:00:00Z;12.14646;0;3
2000-04-13 11:00:00Z;11.06248;0;3
2000-04-14 11:00:00Z;11.9363;0;3
2000-04-15 11:00:00Z;12.3958;0;3
2000-04-16 11:00:00Z;12.37987;0;3
2000-04-17 11:00:00Z;10.70528;1;3
2000-04-18 11:00:00Z;12.57906;0;3
2000-04-19 11:00:00Z;37.15071;0;3
2000-04-20 11:00:00Z;41.69282;0;3
2000-04-21 11:00:00Z;93.85517;0;3
2000-04-22 11:00:00Z;121.0588;0;3
2000-04-23 11:00:00Z;72.66403;0;3
2000-04-24 11:00:00Z;59.80969;1;3
2000-04-25 11:00:00Z;32.91594;0;3
2000-04-26 11:00:00Z;22.96391;0;3
2000-04-27 11:00:00Z;28.42055;0;3
2000-04-28 11:00:00Z;39.13945;0;3
2000-04-29 11:00:00Z;67.30264;0;3
2000-04-30 11:00:00Z;82.40295;0;3
2000-05-01 11:00:00Z;97.54774;1;3
2000-05-02 11:00:00Z;72.78336;0;3
2000-05-03 11:00:00Z;51.46122;0;3
2000-05-04 11:00:00Z;23.69299;0;3
2000-05-05 11:00:00Z;16.6511;0;3
2000-05-06 11:00:00Z;13.08614;0;3
2000-05-07 11:00:00Z;11.39156;0;3
2000-05-08 11:00:00Z;10.20509;1;3
2000-05-09 11:00:00Z;9.088347;0;3
2000-05-10 11:00:00Z;8.732944;0;3
2000-05-11 11:00:00Z;8.05962;0;3
2000-05-12 11:00:00Z;7.676559;0;3
2000-05-13 11:00:00Z;6.862965;0;3
2000-05-14 11:00:00Z;6.151658;0;3
2000-05-15 11:00:00Z;6.480156;1;3
2000-05-16 11:00:00Z;7.030892;0;3
2000-05-17 11:00:00Z;7.330315;0;3
2000-05-18 11:00:00Z;24.98806;0;3
2000-05-19 11:00:00Z;27.85201;0;3
2000-05-20 11:00:00Z;19.92134;0;3
2000-05-21 11:00:00Z;12.57163;0;3
2000-05-22 11:00:00Z;8.556149;1;3
2000-05-23 11:00:00Z;7.385753;0;3
2000-05-24 11:00:00Z;7.643716;0;3
2000-05-25 11:00:00Z;12.65573;0;3
2000-05-26 11:00:00Z;9.483145;0;3
2000-05-27 11:00:00Z;7.493526;0;3
2000-05-28 11:00:00Z;92.58676;0;3
2000-05-29 11:00:00Z;69.57268;1;3
2000-05-30 11:00:00Z;25.73707;0;3
2000-05-31 11:00:00Z;14.41576;0;3
2000-06-01 11:00:00Z;10.29057;0;3
2000-06-02 11:00:00Z;18.32226;0;3
2000-06-03 11:00:00Z;26.28483;0;3
2000-06-04 11:00:00Z;14.51265;0;3
2000-06-05 11:00:00Z;9.880455;0;3
2000-06-06 11:00:00Z;8.049309;0;3
2000-06-07 11:00:00Z;6.951205;0;3
2000-06-08 11:00:00Z;6.846101;0;3
2000-06-09 11:00:00Z;6.11705;0;3
2000-06-10 11:00:00Z;5.740296;0;3
2000-06-11 11:00:00Z;5.73558;0;3
2000-06-12 11:00:00Z;6.376704;1;3
2000-06-13 11:00:00Z;12.47395;0;3
2000-06-14 11:00:00Z;28.22552;0;3
2000-06-15 11:00:00Z;15.46447;0;3
2000-06-16 11:00:00Z;10.40249;0;3
2000-06-17 11:00:00Z;8.184264;0;3
2000-06-18 11:00:00Z;6.626323;0;3
2000-06-19 11:00:00Z;5.60198;0;3
2000-06-20 11:00:00Z;5.43817;0;3
2000-06-21 11:00:00Z;4.653815;0;3
2000-06-22 11:00:00Z;6.943024;0;3
2000-06-23 11:00:00Z;13.82561;0;3
2000-06-24 11:00:00Z;28.76436;0;3
2000-06-25 11:00:00Z;18.90506;0;3
2000-06-26 11:00:00Z;17.23779;0;3
2000-06-27 11:00:00Z;12.87124;0;3
2000-06-28 11:00:00Z;8.3568;0;3
2000-06-29 11:00:00Z;6.716294;0;3
2000-06-30 11:00:00Z;5.85742;0;3
2000-07-01 11:00:00Z;7.060119;0;3
2000-07-02 11:00:00Z;9.697902;0;3
2000-07-03 11:00:00Z;8.663509;1;3
2000-07-04 11:00:00Z;6.340384;0;3
2000-07-05 11:00:00Z;5.562284;0;3
2000-07-06 11:00:00Z;5.909823;0;3
2000-07-07 11:00:00Z;5.574867;0;3
2000-07-08 11:00:00Z;5.344639;0;3
2000-07-09 11:00:00Z;5.326108;0;3
2000-07-10 11:00:00Z;5.044645;0;3
2000-07-11 11:00:00Z;5.119289;0;3
2000-07-12 11:00:00Z;5.868927;0;3
2000-07-13 11:00:00Z;6.432673;0;3
2000-07-14 11:00:00Z;5.875158;0;3
2000-07-15 11:00:00Z;5.471912;0;3
2000-07-16 11:00:00Z;5.334602;0;3
2000-07-17 11:00:00Z;5.149131;0;3
2000-07-18 11:00:00Z;4.495146;0;3
2000-07-19 11:00:00Z;4.528603;0;3
2000-07-20 11:00:00Z;4.070615;0;3
2000-07-21 11:00:00Z;4.060818;0;3
2000-07-22 11:00:00Z;4.627669;0;3
2000-07-23 11:00:00Z;4.503448;0;3
2000-07-24 11:00:00Z;4.189349;0;3
2000-07-25 11:00:00Z;4.602471;0;3
2000-07-26 11:00:00Z;5.297593;0;3
2000-07-27 11:00:00Z;5.950147;0;3
2000-07-28 11:00:00Z;6.285521;0;3
2000-07-29 11:00:00Z;6.19082;0;3
2000-07-30 11:00:00Z;5.549691;0;3
2000-07-31 11:00:00Z;5.456111;0;3
2000-08-01 11:00:00Z;5.68948;0;3
2000-08-02 11:00:00Z;5.360794;0;3
2000-08-03 11:00:00Z;4.869517;0;3
2000-08-04 11:00:00Z;5.771377;0;3
2000-08-05 11:00:00Z;5.196352;0;3
2000-08-06 11:00:00Z;4.005319;0;3
2000-08-07 11:00:00Z;3.973954;0;3
2000-08-08 11:00:00Z;4.421246;0;3
2000-08-09 11:00:00Z;4.940511;0;3
2000-08-10 11:00:00Z;5.497091;0;3
2000-08-11 11:00:00Z;5.40837;0;3
2000-08-12 11:00:00Z;5.789939;0;3
2000-08-13 11:00:00Z;5.908738;0;3
2000-08-14 11:00:00Z;5.922927;0;3
2000-08-15 11:00:00Z;35.09588;0;3
2000-08-16 11:00:00Z;27.72793;0;3
2000-08-17 11:00:00Z;12.86247;0;3
2000-08-18 11:00:00Z;15.9385;0;3
2000-08-19 11:00:00Z;15.81597;0;3
2000-08-20 11:00:00Z;29.26794;0;3
2000-08-21 11:00:00Z;35.89006;0;3
2000-08-22 11:00:00Z;16.06709;0;3
2000-08-23 11:00:00Z;9.771589;0;3
2000-08-24 11:00:00Z;7.670057;0;3
2000-08-25 11:00:00Z;7.085473;0;3
2000-08-26 11:00:00Z;6.734444;0;3
2000-08-27 11:00:00Z;6.021788;0;3
2000-08-28 11:00:00Z;5.930915;1;3
2000-08-29 11:00:00Z;6.798689;0;3
2000-08-30 11:00:00Z;10.08693;0;3
2000-08-31 11:00:00Z;10.98114;0;3
2000-09-01 11:00:00Z;9.017344;0;3
2000-09-02 11:00:00Z;6.995394;0;3
2000-09-03 11:00:00Z;5.918895;0;3
2000-09-04 11:00:00Z;5.907745;0;3
2000-09-05 11:00:00Z;5.733675;0;3
2000-09-06 11:00:00Z;6.953345;0;3
2000-09-07 11:00:00Z;38.84001;0;3
2000-09-08 11:00:00Z;29.27948;0;3
2000-09-09 11:00:00Z;20.22196;0;3
2000-09-10 11:00:00Z;14.28503;0;3
2000-09-11 11:00:00Z;10.54148;0;3
2000-09-12 11:00:00Z;8.410633;0;3
2000-09-13 11:00:00Z;6.835032;0;3
2000-09-14 11:00:00Z;5.808534;0;3
2000-09-15 11:00:00Z;6.028849;0;3
2000-09-16 11:00:00Z;8.628417;0;3
2000-09-17 11:00:00Z;11.06878;0;3
2000-09-18 11:00:00Z;9.211761;0;3
2000-09-19 11:00:00Z;16.8356;0;3
2000-09-20 11:00:00Z;15.69;0;3
2000-09-21 11:00:00Z;9.810935;0;3
2000-09-22 11:00:00Z;7.360896;0;3
2000-09-23 11:00:00Z;6.541419;0;3
2000-09-24 11:00:00Z;6.110495;0;3
2000-09-25 11:00:00Z;5.515066;0;3
2000-09-26 11:00:00Z;4.973227;0;3
2000-09-27 11:00:00Z;4.107198;0;3
2000-09-28 11:00:00Z;27.70482;0;3
2000-09-29 11:00:00Z;144.47;0;3
2000-09-30 11:00:00Z;65.33138;0;3
2000-10-01 11:00:00Z;23.75179;0;3
2000-10-02 11:00:00Z;14.63592;1;3
2000-10-03 11:00:00Z;12.654;0;3
2000-10-04 11:00:00Z;11.71122;0;3
2000-10-05 11:00:00Z;19.66749;0;3
2000-10-06 11:00:00Z;24.26159;0;3
2000-10-07 11:00:00Z;25.19604;0;3
2000-10-08 11:00:00Z;15.27414;0;3
2000-10-09 11:00:00Z;12.15597;0;3
2000-10-10 11:00:00Z;11.29717;0;3
2000-10-11 11:00:00Z;28.07176;0;3
2000-10-12 11:00:00Z;94.22111;0;3
2000-10-13 11:00:00Z;69.74784;0;3
2000-10-14 11:00:00Z;50.06936;0;3
2000-10-15 11:00:00Z;30.55571;0;3
2000-10-16 11:00:00Z;27.5056;0;3
2000-10-17 11:00:00Z;21.74594;0;3
2000-10-18 11:00:00Z;31.81003;0;3
2000-10-19 11:00:00Z;117.4382;0;3
2000-10-20 11:00:00Z;112.1551;0;3
2000-10-21 11:00:00Z;42.0217;0;3
2000-10-22 11:00:00Z;95.17995;0;3
2000-10-23 11:00:00Z;37.00742;0;3
2000-10-24 11:00:00Z;43.38297;0;3
2000-10-25 11:00:00Z;63.24205;0;3
2000-10-26 11:00:00Z;75.2906;0;3
2000-10-27 11:00:00Z;48.15371;0;3
2000-10-28 11:00:00Z;33.27321;0;3
2000-10-29 11:00:00Z;61.36837;0;3
2000-10-30 11:00:00Z;122.1666;0;3
2000-10-31 11:00:00Z;222.8272;0;3
2000-11-01 11:00:00Z;200.7399;0;3
2000-11-02 11:00:00Z;148.1923;0;3
2000-11-03 11:00:00Z;113.0239;0;3
2000-11-04 11:00:00Z;151.3468;0;3
2000-11-05 11:00:00Z;93.26495;0;3
2000-11-06 11:00:00Z;81.229;0;3
2000-11-07 11:00:00Z;37.8826;0;3
2000-11-08 11:00:00Z;22.55906;0;3
2000-11-09 11:00:00Z;32.57234;0;3
2000-11-10 11:00:00Z;37.20991;0;3
2000-11-11 11:00:00Z;19.4795;0;3
2000-11-12 11:00:00Z;84.69814;0;3
2000-11-13 11:00:00Z;150.4005;0;3
2000-11-14 11:00:00Z;105.4852;0;3
2000-11-15 11:00:00Z;75.52642;0;3
2000-11-16 11:00:00Z;37.85858;0;3
2000-11-17 11:00:00Z;54.28916;0;3
2000-11-18 11:00:00Z;57.16693;0;3
2000-11-19 11:00:00Z;37.58986;0;3
2000-11-20 11:00:00Z;50.69079;0;3
2000-11-21 11:00:00Z;76.70708;0;3
2000-11-22 11:00:00Z;50.5574;0;3
2000-11-23 11:00:00Z;103.5445;0;3
2000-11-24 11:00:00Z;84.48837;0;3
2000-11-25 11:00:00Z;88.17764;0;3
2000-11-26 11:00:00Z;67.82376;0;3
2000-11-27 11:00:00Z;61.77785;0;3
2000-11-28 11:00:00Z;53.28319;0;3
2000-11-29 11:00:00Z;42.63437;0;3
2000-11-30 11:00:00Z;52.41029;0;3
2000-12-01 11:00:00Z;49.05082;0;3
2000-12-02 11:00:00Z;59.35999;0;3
2000-12-03 11:00:00Z;48.18887;0;3
2000-12-04 11:00:00Z;26.99393;0;3
2000-12-05 11:00:00Z;65.76562;0;3
2000-12-06 11:00:00Z;109.3614;0;3
2000-12-07 11:00:00Z;71.11049;0;3
2000-12-08 11:00:00Z;32.37653;0;3
2000-12-09 11:00:00Z;39.82532;0;3
2000-12-10 11:00:00Z;99.23109;0;3
2000-12-11 11:00:00Z;110.3033;0;3
2000-12-12 11:00:00Z;87.84872;0;3
2000-12-13 11:00:00Z;111.6302;0;3
2000-12-14 11:00:00Z;194.7557;0;3
2000-12-15 11:00:00Z;143.9733;0;3
2000-12-16 11:00:00Z;48.5189;0;3
2000-12-17 11:00:00Z;18.97496;0;3
2000-12-18 11:00:00Z;13.6385;0;3
2000-12-19 11:00:00Z;10.81814;0;3
2000-12-20 11:00:00Z;8.579726;0;3
2000-12-21 11:00:00Z;7.625429;0;3
2000-12-22 11:00:00Z;6.623904;0;3
2000-12-23 11:00:00Z;5.68144;0;3
2000-12-24 11:00:00Z;5.078658;0;3
2000-12-25 11:00:00Z;3.98661;0;3
2000-12-26 11:00:00Z;3.693693;0;3
2000-12-27 11:00:00Z;4.425992;0;3
2000-12-28 11:00:00Z;4.846417;0;3
2000-12-29 11:00:00Z;4.801364;0;3
2000-12-30 11:00:00Z;4.427803;0;3
2000-12-31 11:00:00Z;4.869539;0;3
2001-01-01 11:00:00Z;4.931022;0;3
2001-01-02 11:00:00Z;4.743121;0;3
2001-01-03 11:00:00Z;5.78102;0;3
2001-01-04 11:00:00Z;9.684809;0;3
2001-01-05 11:00:00Z;12.18822;0;3
2001-01-06 11:00:00Z;15.51414;0;3
2001-01-07 11:00:00Z;17.82557;0;3
2001-01-08 11:00:00Z;20.42064;0;3
2001-01-09 11:00:00Z;14.106;0;3
2001-01-10 11:00:00Z;9.682479;0;3
2001-01-11 11:00:00Z;7.971046;0;3
2001-01-12 11:00:00Z;7.259399;0;3
2001-01-13 11:00:00Z;5.990623;0;3
2001-01-14 11:00:00Z;5.042585;0;3
2001-01-15 11:00:00Z;4.405031;0;3
2001-01-16 11:00:00Z;3.708252;0;3
2001-01-17 11:00:00Z;3.056598;0;3
2001-01-18 11:00:00Z;2.870085;0;3
2001-01-19 11:00:00Z;3.3027;0;3
2001-01-20 11:00:00Z;3.865071;0;3
2001-01-21 11:00:00Z;3.719282;0;3
2001-01-22 11:00:00Z;3.360767;0;3
2001-01-23 11:00:00Z;2.85743;0;3
2001-01-24 11:00:00Z;4.887243;0;3
2001-01-25 11:00:00Z;24.20747;0;3
2001-01-26 11:00:00Z;43.54586;0;3
2001-01-27 11:00:00Z;28.36631;0;3
2001-01-28 11:00:00Z;17.55149;0;3
2001-01-29 11:00:00Z;12.55692;0;3
2001-01-30 11:00:00Z;9.446155;0;3
2001-01-31 11:00:00Z;7.796153;0;3
2001-02-01 11:00:00Z;6.160206;0;3
2001-02-02 11:00:00Z;5.50456;0;3
2001-02-03 11:00:00Z;5.745238;0;3
2001-02-04 11:00:00Z;6.349624;0;3
2001-02-05 11:00:00Z;7.427004;0;3
2001-02-06 11:00:00Z;7.783037;0;3
2001-02-07 11:00:00Z;7.45173;0;3
2001-02-08 11:00:00Z;7.487441;0;3
2001-02-09 11:00:00Z;7.112608;0;3
2001-02-10 11:00:00Z;6.345089;0;3
2001-02-11 11:00:00Z;6.098894;0;3
2001-02-12 11:00:00Z;11.36705;0;3
2001-02-13 11:00:00Z;22.26502;0;3
2001-02-14 11:00:00Z;17.5536;0;3
2001-02-15 11:00:00Z;11.76887;0;3
2001-02-16 11:00:00Z;8.795742;0;3
2001-02-17 11:00:00Z;7.327181;0;3
2001-02-18 11:00:00Z;6.589546;0;3
2001-02-19 11:00:00Z;6.728984;0;3
2001-02-20 11:00:00Z;6.59913;0;3
2001-02-21 11:00:00Z;8.137959;0;3
2001-02-22 11:00:00Z;9.071123;0;3
2001-02-23 11:00:00Z;7.4044;0;3
2001-02-24 11:00:00Z;6.375189;0;3
2001-02-25 11:00:00Z;5.623613;0;3
2001-02-26 11:00:00Z;5.259334;0;3
2001-02-27 11:00:00Z;5.058464;0;3
2001-02-28 11:00:00Z;5.306499;0;3
2001-03-01 11:00:00Z;6.913577;0;3
2001-03-02 11:00:00Z;7.859602;0;3
2001-03-03 11:00:00Z;8.90202;0;3
2001-03-04 11:00:00Z;9.18976;0;3
2001-03-05 11:00:00Z;9.180305;0;3
2001-03-06 11:00:00Z;7.553399;0;3
2001-03-07 11:00:00Z;4.411706;0;3
2001-03-08 11:00:00Z;3.57436;0;3
2001-03-09 11:00:00Z;5.351173;0;3
2001-03-10 11:00:00Z;5.550673;0;3
2001-03-11 11:00:00Z;6.735413;0;3
2001-03-12 11:00:00Z;12.19955;0;3
2001-03-13 11:00:00Z;17.07028;0;3
2001-03-14 11:00:00Z;12.78829;0;3
2001-03-15 11:00:00Z;9.716369;0;3
2001-03-16 11:00:00Z;8.553279;0;3
2001-03-17 11:00:00Z;7.495372;0;3
2001-03-18 11:00:00Z;6.258781;0;3
2001-03-19 11:00:00Z;5.895058;0;3
2001-03-20 11:00:00Z;5.825163;0;3
2001-03-21 11:00:00Z;5.298596;0;3
2001-03-22 11:00:00Z;4.730035;0;3
2001-03-23 11:00:00Z;3.762632;0;3
2001-03-24 11:00:00Z;3.227757;0;3
2001-03-25 11:00:00Z;3.66253;0;3
2001-03-26 11:00:00Z;4.041749;0;3
2001-03-27 11:00:00Z;3.300314;0;3
2001-03-28 11:00:00Z;3.333376;0;3
2001-03-29 11:00:00Z;3.133526;0;3
2001-03-30 11:00:00Z;2.677634;0;3
2001-03-31 11:00:00Z;3.296042;0;3
2001-04-01 11:00:00Z;5.404556;0;3
2001-04-02 11:00:00Z;6.437108;0;3
2001-04-03 11:00:00Z;10.50865;0;3
2001-04-04 11:00:00Z;33.51407;0;3
2001-04-05 11:00:00Z;96.26577;0;3
2001-04-06 11:00:00Z;63.19888;0;3
2001-04-07 11:00:00Z;28.69514;0;3
2001-04-08 11:00:00Z;21.65127;0;3
2001-04-09 11:00:00Z;21.72806;0;3
2001-04-10 11:00:00Z;19.14596;0;3
2001-04-11 11:00:00Z;15.79681;0;3
2001-04-12 11:00:00Z;14.63028;0;3
2001-04-13 11:00:00Z;12.47731;0;3
2001-04-14 11:00:00Z;9.840629;0;3
2001-04-15 11:00:00Z;8.648327;0;3
2001-04-16 11:00:00Z;7.617452;0;3
2001-04-17 11:00:00Z;7.916818;0;3
2001-04-18 11:00:00Z;9.036317;0;3
2001-04-19 11:00:00Z;9.082921;0;3
2001-04-20 11:00:00Z;8.514185;0;3
2001-04-21 11:00:00Z;8.469324;0;3
2001-04-22 11:00:00Z;9.261014;0;3
2001-04-23 11:00:00Z;10.57084;0;3
2001-04-24 11:00:00Z;14.38707;0;3
2001-04-25 11:00:00Z;28.12517;0;3
2001-04-26 11:00:00Z;26.14273;0;3
2001-04-27 11:00:00Z;33.49192;0;3
2001-04-28 11:00:00Z;31.05732;0;3
2001-04-29 11:00:00Z;30.01608;0;3
2001-04-30 11:00:00Z;29.36533;0;3
2001-05-01 11:00:00Z;25.75818;0;3
2001-05-02 11:00:00Z;28.36498;0;3
2001-05-03 11:00:00Z;27.80472;0;3
2001-05-04 11:00:00Z;24.90842;0;3
2001-05-05 11:00:00Z;20.01287;0;3
2001-05-06 11:00:00Z;17.60287;0;3
2001-05-07 11:00:00Z;18.29317;1;3
2001-05-08 11:00:00Z;19.47904;0;3
2001-05-09 11:00:00Z;28.04048;0;3
2001-05-10 11:00:00Z;29.18669;0;3
2001-05-11 11:00:00Z;27.70008;0;3
2001-05-12 11:00:00Z;27.07875;0;3
2001-05-13 11:00:00Z;24.52814;0;3
2001-05-14 11:00:00Z;20.87497;1;3
2001-05-15 11:00:00Z;17.51055;0;3
2001-05-16 11:00:00Z;16.37707;0;3
2001-05-17 11:00:00Z;21.00713;0;3
2001-05-18 11:00:00Z;21.4655;0;3
2001-05-19 11:00:00Z;19.35685;0;3
2001-05-20 11:00:00Z;14.44539;0;3
2001-05-21 11:00:00Z;11.56834;1;3
2001-05-22 11:00:00Z;9.52702;0;3
2001-05-23 11:00:00Z;8.752866;0;3
2001-05-24 11:00:00Z;9.68306;0;3
2001-05-25 11:00:00Z;9.469561;0;3
2001-05-26 11:00:00Z;7.877266;0;3
2001-05-27 11:00:00Z;6.707262;0;3
2001-05-28 11:00:00Z;6.161708;0;3
2001-05-29 11:00:00Z;7.760047;0;3
2001-05-30 11:00:00Z;8.318454;0;3
2001-05-31 11:00:00Z;7.370673;0;3
2001-06-01 11:00:00Z;6.646192;0;3
2001-06-02 11:00:00Z;6.067876;0;3
2001-06-03 11:00:00Z;5.419767;0;3
2001-06-04 11:00:00Z;5.0459;0;3
2001-06-05 11:00:00Z;5.23195;0;3
2001-06-06 11:00:00Z;5.209629;0;3
2001-06-07 11:00:00Z;5.975194;0;3
2001-06-08 11:00:00Z;10.1659;0;3
2001-06-09 11:00:00Z;13.5994;0;3
2001-06-10 11:00:00Z;8.62794;0;3
2001-06-11 11:00:00Z;6.87755;0;3
2001-06-12 11:00:00Z;6.032895;0;3
2001-06-13 11:00:00Z;6.162652;0;3
2001-06-14 11:00:00Z;5.911466;0;3
2001-06-15 11:00:00Z;5.559961;0;3
2001-06-16 11:00:00Z;5.445468;0;3
2001-06-17 11:00:00Z;5.49906;0;3
2001-06-18 11:00:00Z;5.592171;0;3
2001-06-19 11:00:00Z;5.596009;0;3
2001-06-20 11:00:00Z;5.556303;0;3
2001-06-21 11:00:00Z;8.775061;0;3
2001-06-22 11:00:00Z;18.35135;0;3
2001-06-23 11:00:00Z;13.66933;0;3
2001-06-24 11:00:00Z;8.401974;0;3
2001-06-25 11:00:00Z;7.839484;0;3
2001-06-26 11:00:00Z;7.349858;0;3
2001-06-27 11:00:00Z;6.453416;0;3
2001-06-28 11:00:00Z;5.795518;0;3
2001-06-29 11:00:00Z;5.404711;0;3
2001-06-30 11:00:00Z;6.025929;0;3
2001-07-01 11:00:00Z;7.479333;0;3
2001-07-02 11:00:00Z;8.636423;0;3
2001-07-03 11:00:00Z;6.965189;0;3
2001-07-04 11:00:00Z;5.675441;0;3
2001-07-05 11:00:00Z;5.801608;0;3
2001-07-06 11:00:00Z;6.79271;0;3
2001-07-07 11:00:00Z;6.256888;0;3
2001-07-08 11:00:00Z;5.409915;0;3
2001-07-09 11:00:00Z;7.347382;0;3
2001-07-10 11:00:00Z;9.723522;0;3
2001-07-11 11:00:00Z;11.95712;0;3
2001-07-12 11:00:00Z;39.42178;0;3
2001-07-13 11:00:00Z;73.52389;0;3
2001-07-14 11:00:00Z;40.61935;0;3
2001-07-15 11:00:00Z;17.42749;0;3
2001-07-16 11:00:00Z;10.5534;1;3
2001-07-17 11:00:00Z;8.484298;1;3
2001-07-18 11:00:00Z;6.692401;1;3
2001-07-19 11:00:00Z;6.137998;1;3
2001-07-20 11:00:00Z;5.761803;1;3
2001-07-21 11:00:00Z;6.177598;1;3
2001-07-22 11:00:00Z;6.2766;1;3
2001-07-23 11:00:00Z;14.4738;1;3
2001-07-24 11:00:00Z;14.7015;1;3
2001-07-25 11:00:00Z;8.7615;1;3
2001-07-26 11:00:00Z;6.830998;1;3
2001-07-27 11:00:00Z;5.534099;1;3
2001-07-28 11:00:00Z;5.157898;1;3
2001-07-29 11:00:00Z;5.761803;1;3
2001-07-30 11:00:00Z;5.454899;1;3
2001-07-31 11:00:00Z;4.8411;1;3
2001-08-01 11:00:00Z;4.375796;1;3
2001-08-02 11:00:00Z;4.375796;1;3
2001-08-03 11:00:00Z;4.999502;1;3
2001-08-04 11:00:00Z;5.148;1;3
2001-08-05 11:00:00Z;5.840999;1;3
2001-08-06 11:00:00Z;5.039095;1;3
2001-08-07 11:00:00Z;5.395501;1;3
2001-08-08 11:00:00Z;5.039095;1;3
2001-08-09 11:00:00Z;7.0191;1;3
2001-08-10 11:00:00Z;14.0283;1;3
2001-08-11 11:00:00Z;8.9793;1;3
2001-08-12 11:00:00Z;10.6821;1;3
2001-08-13 11:00:00Z;18.9486;1;3
2001-08-14 11:00:00Z;11.088;1;3
2001-08-15 11:00:00Z;8.1378;1;3
2001-08-16 11:00:00Z;6.9498;1;3
2001-08-17 11:00:00Z;10.0683;1;3
2001-08-18 11:00:00Z;15.2757;1;3
2001-08-19 11:00:00Z;10.2564;1;3
2001-08-20 11:00:00Z;9.474302;1;3
2001-08-21 11:00:00Z;20.32471;1;3
2001-08-22 11:00:00Z;15.5529;1;3
2001-08-23 11:00:00Z;9.009001;1;3
2001-08-24 11:00:00Z;7.444799;1;3
2001-08-25 11:00:00Z;6.870603;1;3
2001-08-26 11:00:00Z;5.722199;1;3
2001-08-27 11:00:00Z;5.930099;1;3
2001-08-28 11:00:00Z;5.5242;1;3
2001-08-29 11:00:00Z;4.771801;1;3
2001-08-30 11:00:00Z;3.900602;1;3
2001-08-31 11:00:00Z;4.870801;1;3
2001-09-01 11:00:00Z;9.236698;1;3
2001-09-02 11:00:00Z;14.8203;1;3
2001-09-03 11:00:00Z;12.5532;1;3
2001-09-04 11:00:00Z;11.4345;1;3
2001-09-05 11:00:00Z;10.2168;1;3
2001-09-06 11:00:00Z;8.108099;1;3
2001-09-07 11:00:00Z;6.642901;1;3
2001-09-08 11:00:00Z;5.840999;1;3
2001-09-09 11:00:00Z;5.326198;1;3
2001-09-10 11:00:00Z;5.247001;1;3
2001-09-11 11:00:00Z;5.563802;1;3
2001-09-12 11:00:00Z;5.831102;1;3
2001-09-13 11:00:00Z;5.959799;1;3
2001-09-14 11:00:00Z;6.533998;1;3
2001-09-15 11:00:00Z;6.2766;1;3
2001-09-16 11:00:00Z;6.345901;1;3
2001-09-17 11:00:00Z;8.038803;1;3
2001-09-18 11:00:00Z;7.395298;1;3
2001-09-19 11:00:00Z;5.019304;1;3
2001-09-20 11:00:00Z;4.415398;1;3
2001-09-21 11:00:00Z;5.563802;1;3
2001-09-22 11:00:00Z;5.603397;1;3
2001-09-23 11:00:00Z;4.068898;1;3
2001-09-24 11:00:00Z;3.950102;1;3
2001-09-25 11:00:00Z;3.861001;1;3
2001-09-26 11:00:00Z;3.366;1;3
2001-09-27 11:00:00Z;3.187802;1;3
2001-09-28 11:00:00Z;4.692597;1;3
2001-09-29 11:00:00Z;4.415398;1;3
2001-09-30 11:00:00Z;2.722502;1;3
2001-10-01 11:00:00Z;27.1755;1;3
2001-10-02 11:00:00Z;95.3172;1;3
2001-10-03 11:00:00Z;75.06179;1;3
2001-10-04 11:00:00Z;74.90341;1;3
2001-10-05 11:00:00Z;38.68921;1;3
2001-10-06 11:00:00Z;18.9585;1;3
2001-10-07 11:00:00Z;61.5879;1;3
2001-10-08 11:00:00Z;95.634;1;3
2001-10-09 11:00:00Z;126.2151;1;3
2001-10-10 11:00:00Z;128.106;1;3
2001-10-11 11:00:00Z;81.78391;1;3
2001-10-12 11:00:00Z;42.50069;1;3
2001-10-13 11:00:00Z;36.2142;1;3
2001-10-14 11:00:00Z;20.9781;1;3
2001-10-15 11:00:00Z;16.30531;1;3
2001-10-16 11:00:00Z;40.3128;1;3
2001-10-17 11:00:00Z;43.90649;1;3
2001-10-18 11:00:00Z;18.2259;1;3
2001-10-19 11:00:00Z;11.2662;1;3
2001-10-20 11:00:00Z;8.2665;1;3
2001-10-21 11:00:00Z;6.632998;1;3
2001-10-22 11:00:00Z;5.801402;1;3
2001-10-23 11:00:00Z;3.286799;1;3
2001-10-24 11:00:00Z;0.6236998;1;3
2001-10-25 11:00:00Z;0.9999;1;3
2001-10-26 11:00:00Z;27.3735;1;3
2001-10-27 11:00:00Z;133.4223;1;3
2001-10-28 11:00:00Z;80.586;1;3
2001-10-29 11:00:00Z;35.5113;1;3
2001-10-30 11:00:00Z;67.3893;1;3
2001-10-31 11:00:00Z;73.60649;1;3
2001-11-01 11:00:00Z;49.86629;1;3
2001-11-02 11:00:00Z;16.83;1;3
2001-11-03 11:00:00Z;10.8108;1;3
2001-11-04 11:00:00Z;12.8502;1;3
2001-11-05 11:00:00Z;22.98779;1;3
2001-11-06 11:00:00Z;12.2562;1;3
2001-11-07 11:00:00Z;9.018901;1;3
2001-11-08 11:00:00Z;6.5439;1;3
2001-11-09 11:00:00Z;4.692597;1;3
2001-11-10 11:00:00Z;3.0195;1;3
2001-11-11 11:00:00Z;7.860601;1;3
2001-11-12 11:00:00Z;12.3354;1;3
2001-11-13 11:00:00Z;7.6428;1;3
2001-11-14 11:00:00Z;4.633203;1;3
2001-11-15 11:00:00Z;1.960202;1;3
2001-11-16 11:00:00Z;2.732401;1;3
2001-11-17 11:00:00Z;3.266997;1;3
2001-11-18 11:00:00Z;1.881002;1;3
2001-11-19 11:00:00Z;1.286999;1;3
2001-11-20 11:00:00Z;2.979901;1;3
2001-11-21 11:00:00Z;6.553797;1;3
2001-11-22 11:00:00Z;17.5923;1;3
2001-11-23 11:00:00Z;12.9294;1;3
2001-11-24 11:00:00Z;7.929897;1;3
2001-11-25 11:00:00Z;7.078502;1;3
2001-11-26 11:00:00Z;27.7893;1;3
2001-11-27 11:00:00Z;18.28529;1;3
2001-11-28 11:00:00Z;17.9487;1;3
2001-11-29 11:00:00Z;13.068;1;3
2001-11-30 11:00:00Z;16.5429;1;3
2001-12-01 11:00:00Z;62.12249;1;3
2001-12-02 11:00:00Z;124.1064;1;3
2001-12-03 11:00:00Z;41.38199;1;3
2001-12-04 11:00:00Z;17.7705;1;3
2001-12-05 11:00:00Z;11.781;1;3
2001-12-06 11:00:00Z;6.910198;1;3
2001-12-07 11:00:00Z;5.593498;1;3
2001-12-08 11:00:00Z;5.999402;1;3
2001-12-09 11:00:00Z;15.5529;1;3
2001-12-10 11:00:00Z;18.3249;1;3
2001-12-11 11:00:00Z;13.5135;1;3
2001-12-12 11:00:00Z;7.840802;1;3
2001-12-13 11:00:00Z;9.096133;0;3
2001-12-14 11:00:00Z;7.03036;0;3
2001-12-15 11:00:00Z;6.099055;0;3
2001-12-16 11:00:00Z;5.191528;0;3
2001-12-17 11:00:00Z;4.841667;0;3
2001-12-18 11:00:00Z;4.360181;0;3
2001-12-19 11:00:00Z;4.294028;0;3
2001-12-20 11:00:00Z;4.440219;0;3
2001-12-21 11:00:00Z;4.23108;0;3
2001-12-22 11:00:00Z;3.326165;0;3
2001-12-23 11:00:00Z;2.612475;0;3
2001-12-24 11:00:00Z;3.004059;1;3
2001-12-25 11:00:00Z;4.46734;0;3
2001-12-26 11:00:00Z;4.121245;0;3
2001-12-27 11:00:00Z;3.107291;0;3
2001-12-28 11:00:00Z;2.686243;0;3
2001-12-29 11:00:00Z;3.075821;0;3
2001-12-30 11:00:00Z;4.38175;0;3
2001-12-31 11:00:00Z;3.397314;1;3
2002-01-01 11:00:00Z;4.644918;0;3
2002-01-02 11:00:00Z;12.20468;0;3
2002-01-03 11:00:00Z;8.378953;0;3
2002-01-04 11:00:00Z;5.489491;0;3
2002-01-05 11:00:00Z;4.3317;0;3
2002-01-06 11:00:00Z;3.607348;0;3
2002-01-07 11:00:00Z;3.650812;1;3
2002-01-08 11:00:00Z;3.567556;0;3
2002-01-09 11:00:00Z;3.594954;0;3
2002-01-10 11:00:00Z;4.505291;0;3
2002-01-11 11:00:00Z;5.854808;0;3
2002-01-12 11:00:00Z;6.252896;0;3
2002-01-13 11:00:00Z;6.403721;0;3
2002-01-14 11:00:00Z;9.039175;1;3
2002-01-15 11:00:00Z;35.77087;0;3
2002-01-16 11:00:00Z;45.95679;0;3
2002-01-17 11:00:00Z;40.78979;0;3
2002-01-18 11:00:00Z;92.08846;0;3
2002-01-19 11:00:00Z;52.25964;0;3
2002-01-20 11:00:00Z;50.22587;0;3
2002-01-21 11:00:00Z;71.32481;1;3
2002-01-22 11:00:00Z;72.22452;0;3
2002-01-23 11:00:00Z;119.1;0;3
2002-01-24 11:00:00Z;51.29765;0;3
2002-01-25 11:00:00Z;24.5703;0;3
2002-01-26 11:00:00Z;15.65036;0;3
2002-01-27 11:00:00Z;11.72039;0;3
2002-01-28 11:00:00Z;10.58551;0;3
2002-01-29 11:00:00Z;34.81159;0;3
2002-01-30 11:00:00Z;32.55957;0;3
2002-01-31 11:00:00Z;27.14768;0;3
2002-02-01 11:00:00Z;22.06429;0;3
2002-02-02 11:00:00Z;51.86613;2;3
2002-02-03 11:00:00Z;88.81989;0;3
2002-02-04 11:00:00Z;75.31376;2;3
2002-02-05 11:00:00Z;62.14469;0;3
2002-02-06 11:00:00Z;55.85214;0;3
2002-02-07 11:00:00Z;37.13062;0;3
2002-02-08 11:00:00Z;31.35918;0;3
2002-02-09 11:00:00Z;59.91573;0;3
2002-02-10 11:00:00Z;73.10293;0;3
2002-02-11 11:00:00Z;43.2271;1;3
2002-02-12 11:00:00Z;42.70156;0;3
2002-02-13 11:00:00Z;28.5358;0;3
2002-02-14 11:00:00Z;16.99379;0;3
2002-02-15 11:00:00Z;11.91532;0;3
2002-02-16 11:00:00Z;9.656098;0;3
2002-02-17 11:00:00Z;9.09673;0;3
2002-02-18 11:00:00Z;19.49535;1;3
2002-02-19 11:00:00Z;17.78313;0;3
2002-02-20 11:00:00Z;10.38519;0;3
2002-02-21 11:00:00Z;7.289109;0;3
2002-02-22 11:00:00Z;7.998275;0;3
2002-02-23 11:00:00Z;8.86584;0;3
2002-02-24 11:00:00Z;7.205006;0;3
2002-02-25 11:00:00Z;6.593019;0;3
2002-02-26 11:00:00Z;6.126486;0;3
2002-02-27 11:00:00Z;5.849729;0;3
2002-02-28 11:00:00Z;5.425258;0;3
2002-03-01 11:00:00Z;5.295954;0;3
2002-03-02 11:00:00Z;5.172843;0;3
2002-03-03 11:00:00Z;4.75171;0;3
2002-03-04 11:00:00Z;5.19248;1;3
2002-03-05 11:00:00Z;10.17847;0;3
2002-03-06 11:00:00Z;73.62077;0;3
2002-03-07 11:00:00Z;66.68163;0;3
2002-03-08 11:00:00Z;29.72727;0;3
2002-03-09 11:00:00Z;50.94832;0;3
2002-03-10 11:00:00Z;38.06864;0;3
2002-03-11 11:00:00Z;24.01949;0;3
2002-03-12 11:00:00Z;19.98635;0;3
2002-03-13 11:00:00Z;20.24448;0;3
2002-03-14 11:00:00Z;14.56588;0;3
2002-03-15 11:00:00Z;10.08525;0;3
2002-03-16 11:00:00Z;8.420935;0;3
2002-03-17 11:00:00Z;7.16534;0;3
2002-03-18 11:00:00Z;7.52854;0;3
2002-03-19 11:00:00Z;15.24241;0;3
2002-03-20 11:00:00Z;19.95957;0;3
2002-03-21 11:00:00Z;14.80231;0;3
2002-03-22 11:00:00Z;10.07017;0;3
2002-03-23 11:00:00Z;7.80352;0;3
2002-03-24 11:00:00Z;7.028995;0;3
2002-03-25 11:00:00Z;6.72511;1;3
2002-03-26 11:00:00Z;6.509563;0;3
2002-03-27 11:00:00Z;6.960909;0;3
2002-03-28 11:00:00Z;6.830253;0;3
2002-03-29 11:00:00Z;7.342516;0;3
2002-03-30 11:00:00Z;8.906436;0;3
2002-03-31 11:00:00Z;9.851437;0;3
2002-04-01 11:00:00Z;11.19133;0;3
2002-04-02 11:00:00Z;21.19292;0;3
2002-04-03 11:00:00Z;42.91542;0;3
2002-04-04 11:00:00Z;44.86059;0;3
2002-04-05 11:00:00Z;34.42989;0;3
2002-04-06 11:00:00Z;28.73996;0;3
2002-04-07 11:00:00Z;19.4938;0;3
2002-04-08 11:00:00Z;16.83883;0;3
2002-04-09 11:00:00Z;14.88657;0;3
2002-04-10 11:00:00Z;11.99064;0;3
2002-04-11 11:00:00Z;9.500214;0;3
2002-04-12 11:00:00Z;7.719359;0;3
2002-04-13 11:00:00Z;7.221299;0;3
2002-04-14 11:00:00Z;7.261806;0;3
2002-04-15 11:00:00Z;11.72407;0;3
2002-04-16 11:00:00Z;14.36234;0;3
2002-04-17 11:00:00Z;12.68979;0;3
2002-04-18 11:00:00Z;10.57837;0;3
2002-04-19 11:00:00Z;8.541927;0;3
2002-04-20 11:00:00Z;8.195526;0;3
2002-04-21 11:00:00Z;9.521778;0;3
2002-04-22 11:00:00Z;11.27362;0;3
2002-04-23 11:00:00Z;28.32746;0;3
2002-04-24 11:00:00Z;32.73486;0;3
2002-04-25 11:00:00Z;28.12119;0;3
2002-04-26 11:00:00Z;20.87913;0;3
2002-04-27 11:00:00Z;17.39301;0;3
2002-04-28 11:00:00Z;17.25746;0;3
2002-04-29 11:00:00Z;16.67152;0;3
2002-04-30 11:00:00Z;59.61919;0;3
2002-05-01 11:00:00Z;132.7809;0;3
2002-05-02 11:00:00Z;103.4451;0;3
2002-05-03 11:00:00Z;48.25245;0;3
2002-05-04 11:00:00Z;30.9976;0;3
2002-05-05 11:00:00Z;21.4547;0;3
2002-05-06 11:00:00Z;16.22717;0;3
2002-05-07 11:00:00Z;15.26469;0;3
2002-05-08 11:00:00Z;13.56517;0;3
2002-05-09 11:00:00Z;11.29985;0;3
2002-05-10 11:00:00Z;10.62189;0;3
2002-05-11 11:00:00Z;14.42644;0;3
2002-05-12 11:00:00Z;13.05523;0;3
2002-05-13 11:00:00Z;12.11893;0;3
2002-05-14 11:00:00Z;8.493642;0;3
2002-05-15 11:00:00Z;7.638419;2;3
2002-05-16 11:00:00Z;7.638419;2;3
2002-05-17 11:00:00Z;7.212908;2;3
2002-05-18 11:00:00Z;6.955233;2;3
2002-05-19 11:00:00Z;6.702663;2;3
2002-05-20 11:00:00Z;6.702663;2;3
2002-05-21 11:00:00Z;6.375676;0;3
2002-05-22 11:00:00Z;6.573156;0;3
2002-05-23 11:00:00Z;9.957962;0;3
2002-05-24 11:00:00Z;36.0296;0;3
2002-05-25 11:00:00Z;22.78952;0;3
2002-05-26 11:00:00Z;19.90543;0;3
2002-05-27 11:00:00Z;19.96931;0;3
2002-05-28 11:00:00Z;17.68101;0;3
2002-05-29 11:00:00Z;25.39765;0;3
2002-05-30 11:00:00Z;15.74602;0;3
2002-05-31 11:00:00Z;21.3497;0;3
2002-06-01 11:00:00Z;23.08885;0;3
2002-06-02 11:00:00Z;14.64764;0;3
2002-06-03 11:00:00Z;8.532991;0;3
2002-06-04 11:00:00Z;6.581599;0;3
2002-06-05 11:00:00Z;6.542588;0;3
2002-06-06 11:00:00Z;6.559436;0;3
2002-06-07 11:00:00Z;5.682482;0;3
2002-06-08 11:00:00Z;4.525165;0;3
2002-06-09 11:00:00Z;5.130769;0;3
2002-06-10 11:00:00Z;5.889639;0;3
2002-06-11 11:00:00Z;6.581428;0;3
2002-06-12 11:00:00Z;9.993326;0;3
2002-06-13 11:00:00Z;13.5421;0;3
2002-06-14 11:00:00Z;11.00245;0;3
2002-06-15 11:00:00Z;7.289677;0;3
2002-06-16 11:00:00Z;9.684615;0;3
2002-06-17 11:00:00Z;9.572474;0;3
2002-06-18 11:00:00Z;7.1631;0;3
2002-06-19 11:00:00Z;6.562123;0;3
2002-06-20 11:00:00Z;6.060051;0;3
2002-06-21 11:00:00Z;5.410057;0;3
2002-06-22 11:00:00Z;4.615768;0;3
2002-06-23 11:00:00Z;34.31031;0;3
2002-06-24 11:00:00Z;48.58515;0;3
2002-06-25 11:00:00Z;21.55729;0;3
2002-06-26 11:00:00Z;12.79262;0;3
2002-06-27 11:00:00Z;23.70547;0;3
2002-06-28 11:00:00Z;22.89629;0;3
2002-06-29 11:00:00Z;16.05583;0;3
2002-06-30 11:00:00Z;13.44975;0;3
2002-07-01 11:00:00Z;9.528687;0;3
2002-07-02 11:00:00Z;7.465293;0;3
2002-07-03 11:00:00Z;16.60273;0;3
2002-07-04 11:00:00Z;21.63591;0;3
2002-07-05 11:00:00Z;16.0442;0;3
2002-07-06 11:00:00Z;10.43011;0;3
2002-07-07 11:00:00Z;8.072333;0;3
2002-07-08 11:00:00Z;10.28292;0;3
2002-07-09 11:00:00Z;36.25319;0;3
2002-07-10 11:00:00Z;31.7076;0;3
2002-07-11 11:00:00Z;48.94738;0;3
2002-07-12 11:00:00Z;65.20691;0;3
2002-07-13 11:00:00Z;38.81913;0;3
2002-07-14 11:00:00Z;20.18937;0;3
2002-07-15 11:00:00Z;13.35081;0;3
2002-07-16 11:00:00Z;10.00152;0;3
2002-07-17 11:00:00Z;7.371002;0;3
2002-07-18 11:00:00Z;6.35728;0;3
2002-07-19 11:00:00Z;5.771682;0;3
2002-07-20 11:00:00Z;7.149669;0;3
2002-07-21 11:00:00Z;6.450655;0;3
2002-07-22 11:00:00Z;6.590668;0;3
2002-07-23 11:00:00Z;6.659243;0;3
2002-07-24 11:00:00Z;6.029429;0;3
2002-07-25 11:00:00Z;5.45867;0;3
2002-07-26 11:00:00Z;4.905689;0;3
2002-07-27 11:00:00Z;4.610464;0;3
2002-07-28 11:00:00Z;4.376637;0;3
2002-07-29 11:00:00Z;4.336992;0;3
2002-07-30 11:00:00Z;4.234736;0;3
2002-07-31 11:00:00Z;5.033082;0;3
2002-08-01 11:00:00Z;5.102668;0;3
2002-08-02 11:00:00Z;5.022218;0;3
2002-08-03 11:00:00Z;5.08543;0;3
2002-08-04 11:00:00Z;5.055524;0;3
2002-08-05 11:00:00Z;4.931376;0;3
2002-08-06 11:00:00Z;5.033994;0;3
2002-08-07 11:00:00Z;5.277582;0;3
2002-08-08 11:00:00Z;5.560752;0;3
2002-08-09 11:00:00Z;5.421357;0;3
2002-08-10 11:00:00Z;5.230116;0;3
2002-08-11 11:00:00Z;5.0648;0;3
2002-08-12 11:00:00Z;5.208141;0;3
2002-08-13 11:00:00Z;5.156711;0;3
2002-08-14 11:00:00Z;4.745872;0;3
2002-08-15 11:00:00Z;4.598365;0;3
2002-08-16 11:00:00Z;4.545565;0;3
2002-08-17 11:00:00Z;4.567516;0;3
2002-08-18 11:00:00Z;4.483027;0;3
2002-08-19 11:00:00Z;4.537132;0;3
2002-08-20 11:00:00Z;5.424634;0;3
2002-08-21 11:00:00Z;5.556798;0;3
2002-08-22 11:00:00Z;5.362664;0;3
2002-08-23 11:00:00Z;5.260911;0;3
2002-08-24 11:00:00Z;4.969212;0;3
2002-08-25 11:00:00Z;4.75651;0;3
2002-08-26 11:00:00Z;4.764713;0;3
2002-08-27 11:00:00Z;4.640207;0;3
2002-08-28 11:00:00Z;4.510605;0;3
2002-08-29 11:00:00Z;4.490549;0;3
2002-08-30 11:00:00Z;4.675302;0;3
2002-08-31 11:00:00Z;6.35255;0;3
2002-09-01 11:00:00Z;16.44667;0;3
2002-09-02 11:00:00Z;8.958852;0;3
2002-09-03 11:00:00Z;6.474692;0;3
2002-09-04 11:00:00Z;5.71902;0;3
2002-09-05 11:00:00Z;14.16959;0;3
2002-09-06 11:00:00Z;30.24595;0;3
2002-09-07 11:00:00Z;26.20585;0;3
2002-09-08 11:00:00Z;24.9577;0;3
2002-09-09 11:00:00Z;16.18479;0;3
2002-09-10 11:00:00Z;10.77309;0;3
2002-09-11 11:00:00Z;7.127231;0;3
2002-09-12 11:00:00Z;5.92919;0;3
2002-09-13 11:00:00Z;6.145135;0;3
2002-09-14 11:00:00Z;5.45323;0;3
2002-09-15 11:00:00Z;4.827929;0;3
2002-09-16 11:00:00Z;4.927711;0;3
2002-09-17 11:00:00Z;5.162325;0;3
2002-09-18 11:00:00Z;4.992567;0;3
2002-09-19 11:00:00Z;4.826902;0;3
2002-09-20 11:00:00Z;4.688665;0;3
2002-09-21 11:00:00Z;4.610658;0;3
2002-09-22 11:00:00Z;4.52513;0;3
2002-09-23 11:00:00Z;4.897005;0;3
2002-09-24 11:00:00Z;4.962379;0;3
2002-09-25 11:00:00Z;4.855355;0;3
2002-09-26 11:00:00Z;4.83971;0;3
2002-09-27 11:00:00Z;4.79876;0;3
2002-09-28 11:00:00Z;4.74975;0;3
2002-09-29 11:00:00Z;4.4273;0;3
2002-09-30 11:00:00Z;4.615682;0;3
2002-10-01 11:00:00Z;4.569501;0;3
2002-10-02 11:00:00Z;2.947896;0;3
2002-10-03 11:00:00Z;1.82725;0;3
2002-10-04 11:00:00Z;1.605012;0;3
2002-10-05 11:00:00Z;2.48469;0;3
2002-10-06 11:00:00Z;3.403311;0;3
2002-10-07 11:00:00Z;4.417481;0;3
2002-10-08 11:00:00Z;3.855024;0;3
2002-10-09 11:00:00Z;2.79422;0;3
2002-10-10 11:00:00Z;2.15432;0;3
2002-10-11 11:00:00Z;2.421631;0;3
2002-10-12 11:00:00Z;3.414236;0;3
2002-10-13 11:00:00Z;2.834525;0;3
2002-10-14 11:00:00Z;2.685022;0;3
2002-10-15 11:00:00Z;2.697746;0;3
2002-10-16 11:00:00Z;2.677861;0;3
2002-10-17 11:00:00Z;2.525855;0;3
2002-10-18 11:00:00Z;2.380889;0;3
2002-10-19 11:00:00Z;2.325819;0;3
2002-10-20 11:00:00Z;2.389512;0;3
2002-10-21 11:00:00Z;2.438505;0;3
2002-10-22 11:00:00Z;2.247188;0;3
2002-10-23 11:00:00Z;7.352641;0;3
2002-10-24 11:00:00Z;42.02098;0;3
2002-10-25 11:00:00Z;46.94209;0;3
2002-10-26 11:00:00Z;155.4292;0;3
2002-10-27 11:00:00Z;72.48766;0;3
2002-10-28 11:00:00Z;38.46349;0;3
2002-10-29 11:00:00Z;30.15655;0;3
2002-10-30 11:00:00Z;27.13586;0;3
2002-10-31 11:00:00Z;21.11634;0;3
2002-11-01 11:00:00Z;21.54201;0;3
2002-11-02 11:00:00Z;16.44799;0;3
2002-11-03 11:00:00Z;11.74832;0;3
2002-11-04 11:00:00Z;8.929882;0;3
2002-11-05 11:00:00Z;7.212908;0;3
2002-11-06 11:00:00Z;7.212908;0;3
2002-11-07 11:00:00Z;104.6454;0;3
2002-11-08 11:00:00Z;38.27943;0;3
2002-11-09 11:00:00Z;22.06429;0;3
2002-11-10 11:00:00Z;14.67935;0;3
2002-11-11 11:00:00Z;10.58551;0;3
2002-11-12 11:00:00Z;7.638419;0;3
2002-11-13 11:00:00Z;7.212908;0;3
2002-11-14 11:00:00Z;6.702663;0;3
2002-11-15 11:00:00Z;5.975415;0;3
2002-11-16 11:00:00Z;6.702663;0;3
2002-11-17 11:00:00Z;8.345864;0;3
2002-11-18 11:00:00Z;9.819967;0;3
2002-11-19 11:00:00Z;7.212908;2;3
2002-11-20 11:00:00Z;6.212771;0;3
2002-11-21 11:00:00Z;6.212771;0;3
2002-11-22 11:00:00Z;5.743094;0;3
2002-11-23 11:00:00Z;5.293488;0;3
2002-11-24 11:00:00Z;4.863801;0;3
2002-11-25 11:00:00Z;4.453882;0;3
2002-11-26 11:00:00Z;4.06357;0;3
2002-11-27 11:00:00Z;3.514513;0;3
2002-11-28 11:00:00Z;3.875718;0;3
2002-11-29 11:00:00Z;5.743094;0;3
2002-11-30 11:00:00Z;5.293488;0;3
2002-12-01 11:00:00Z;4.453882;0;3
2002-12-02 11:00:00Z;4.06357;0;3
2002-12-03 11:00:00Z;3.692706;0;3
2002-12-04 11:00:00Z;3.514513;0;3
2002-12-05 11:00:00Z;4.06357;0;3
2002-12-06 11:00:00Z;3.692706;0;3
2002-12-07 11:00:00Z;3.341117;0;3
2002-12-08 11:00:00Z;2.695062;0;3
2002-12-09 11:00:00Z;2.695062;2;3
2002-12-10 11:00:00Z;2.695062;0;3
2002-12-11 11:00:00Z;2.123919;0;3
2002-12-12 11:00:00Z;2.400224;0;3
2002-12-13 11:00:00Z;1.865942;0;3
2002-12-14 11:00:00Z;1.865942;0;3
2002-12-15 11:00:00Z;2.259768;0;3
2002-12-16 11:00:00Z;2.695062;0;3
2002-12-17 11:00:00Z;3.008629;0;3
2002-12-18 11:00:00Z;2.695062;0;3
2002-12-19 11:00:00Z;2.695062;0;3
2002-12-20 11:00:00Z;3.008629;0;3
2002-12-21 11:00:00Z;3.008629;0;3
2002-12-22 11:00:00Z;2.400224;0;3
2002-12-23 11:00:00Z;2.400224;2;3
2002-12-24 11:00:00Z;2.400224;0;3
2002-12-25 11:00:00Z;2.545314;0;3
2002-12-26 11:00:00Z;2.695062;0;3
2002-12-27 11:00:00Z;2.695062;0;3
2002-12-28 11:00:00Z;2.259768;0;3
2002-12-29 11:00:00Z;2.123919;0;3
2002-12-30 11:00:00Z;2.123919;0;3
2002-12-31 11:00:00Z;1.626077;0;3
2003-01-01 11:00:00Z;1.865942;0;3
2003-01-02 11:00:00Z;2.123919;0;3
2003-01-03 11:00:00Z;2.123919;0;3
2003-01-04 11:00:00Z;1.626077;0;3
2003-01-05 11:00:00Z;1.626077;2;3
2003-01-06 11:00:00Z;1.626077;0;3
2003-01-07 11:00:00Z;1.512867;0;3
2003-01-08 11:00:00Z;1.404098;0;3
2003-01-09 11:00:00Z;1.626077;0;3
2003-01-10 11:00:00Z;1.626077;0;3
2003-01-11 11:00:00Z;2.123919;0;3
2003-01-12 11:00:00Z;4.453882;0;3
2003-01-13 11:00:00Z;11.36937;0;3
2003-01-14 11:00:00Z;14.67935;0;3
2003-01-15 11:00:00Z;37.11168;0;3
2003-01-16 11:00:00Z;96.62795;0;3
2003-01-17 11:00:00Z;46.77238;0;3
2003-01-18 11:00:00Z;50.5768;2;3
2003-01-19 11:00:00Z;54.47601;2;3
2003-01-20 11:00:00Z;58.46759;2;3
2003-01-21 11:00:00Z;62.50709;0;3
2003-01-22 11:00:00Z;57.13201;0;3
2003-01-23 11:00:00Z;35.4375;0;3
2003-01-24 11:00:00Z;21.42731;0;3
2003-01-25 11:00:00Z;29.90916;0;3
2003-01-26 11:00:00Z;64.05398;0;3
2003-01-27 11:00:00Z;38.92662;0;3
2003-01-28 11:00:00Z;41.48066;0;3
2003-01-29 11:00:00Z;25.96069;0;3
2003-01-30 11:00:00Z;15.42527;0;3
2003-01-31 11:00:00Z;9.446606;0;3
2003-02-01 11:00:00Z;8.279319;0;3
2003-02-02 11:00:00Z;8.698073;0;3
2003-02-03 11:00:00Z;9.112663;0;3
2003-02-04 11:00:00Z;7.778542;0;3
2003-02-05 11:00:00Z;6.247975;0;3
2003-02-06 11:00:00Z;5.427638;0;3
2003-02-07 11:00:00Z;5.056574;0;3
2003-02-08 11:00:00Z;5.02216;0;3
2003-02-09 11:00:00Z;7.705293;0;3
2003-02-10 11:00:00Z;19.98291;0;3
2003-02-11 11:00:00Z;16.71204;0;3
2003-02-12 11:00:00Z;10.50342;0;3
2003-02-13 11:00:00Z;7.675978;0;3
2003-02-14 11:00:00Z;6.367666;0;3
2003-02-15 11:00:00Z;5.309359;0;3
2003-02-16 11:00:00Z;5.048698;0;3
2003-02-17 11:00:00Z;4.409022;0;3
2003-02-18 11:00:00Z;3.897488;0;3
2003-02-19 11:00:00Z;4.106075;0;3
2003-02-20 11:00:00Z;4.784873;0;3
2003-02-21 11:00:00Z;4.568413;0;3
2003-02-22 11:00:00Z;3.945064;0;3
2003-02-23 11:00:00Z;3.623895;0;3
2003-02-24 11:00:00Z;3.362659;0;3
2003-02-25 11:00:00Z;3.155063;0;3
2003-02-26 11:00:00Z;3.11119;0;3
2003-02-27 11:00:00Z;2.977689;0;3
2003-02-28 11:00:00Z;2.773876;0;3
2003-03-01 11:00:00Z;2.597563;0;3
2003-03-02 11:00:00Z;2.466008;0;3
2003-03-03 11:00:00Z;2.487608;0;3
2003-03-04 11:00:00Z;2.645804;0;3
2003-03-05 11:00:00Z;2.772719;0;3
2003-03-06 11:00:00Z;4.138119;0;3
2003-03-07 11:00:00Z;4.699594;0;3
2003-03-08 11:00:00Z;4.964375;0;3
2003-03-09 11:00:00Z;5.961167;0;3
2003-03-10 11:00:00Z;24.05689;0;3
2003-03-11 11:00:00Z;74.9472;0;3
2003-03-12 11:00:00Z;67.88884;0;3
2003-03-13 11:00:00Z;35.30274;0;3
2003-03-14 11:00:00Z;21.63328;0;3
2003-03-15 11:00:00Z;15.60096;0;3
2003-03-16 11:00:00Z;12.45458;0;3
2003-03-17 11:00:00Z;10.73388;0;3
2003-03-18 11:00:00Z;9.694371;0;3
2003-03-19 11:00:00Z;9.779527;0;3
2003-03-20 11:00:00Z;9.645673;0;3
2003-03-21 11:00:00Z;8.632292;0;3
2003-03-22 11:00:00Z;7.305012;0;3
2003-03-23 11:00:00Z;7.546624;0;3
2003-03-24 11:00:00Z;7.622921;0;3
2003-03-25 11:00:00Z;8.107813;0;3
2003-03-26 11:00:00Z;9.355886;0;3
2003-03-27 11:00:00Z;11.1732;0;3
2003-03-28 11:00:00Z;13.2425;0;3
2003-03-29 11:00:00Z;14.94298;0;3
2003-03-30 11:00:00Z;14.97295;0;3
2003-03-31 11:00:00Z;18.71871;0;3
2003-04-01 11:00:00Z;22.15094;0;3
2003-04-02 11:00:00Z;40.69729;0;3
2003-04-03 11:00:00Z;22.02368;0;3
2003-04-04 11:00:00Z;14.6269;0;3
2003-04-05 11:00:00Z;14.87328;0;3
2003-04-06 11:00:00Z;14.2687;0;3
2003-04-07 11:00:00Z;10.25065;0;3
2003-04-08 11:00:00Z;8.297873;0;3
2003-04-09 11:00:00Z;6.977527;0;3
2003-04-10 11:00:00Z;6.393527;0;3
2003-04-11 11:00:00Z;6.2224;0;3
2003-04-12 11:00:00Z;5.990344;0;3
2003-04-13 11:00:00Z;5.731272;0;3
2003-04-14 11:00:00Z;6.567145;0;3
2003-04-15 11:00:00Z;8.999234;0;3
2003-04-16 11:00:00Z;14.91538;0;3
2003-04-17 11:00:00Z;18.90036;0;3
2003-04-18 11:00:00Z;21.64408;0;3
2003-04-19 11:00:00Z;22.9947;0;3
2003-04-20 11:00:00Z;20.52785;0;3
2003-04-21 11:00:00Z;20.87569;0;3
2003-04-22 11:00:00Z;21.86701;0;3
2003-04-23 11:00:00Z;20.09951;0;3
2003-04-24 11:00:00Z;18.46727;0;3
2003-04-25 11:00:00Z;17.00756;0;3
2003-04-26 11:00:00Z;16.09581;0;3
2003-04-27 11:00:00Z;17.26136;0;3
2003-04-28 11:00:00Z;15.27122;0;3
2003-04-29 11:00:00Z;15.94651;0;3
2003-04-30 11:00:00Z;39.27441;0;3
2003-05-01 11:00:00Z;37.24599;0;3
2003-05-02 11:00:00Z;25.07055;0;3
2003-05-03 11:00:00Z;18.0942;0;3
2003-05-04 11:00:00Z;16.65277;0;3
2003-05-05 11:00:00Z;18.88278;0;3
2003-05-06 11:00:00Z;31.34105;0;3
2003-05-07 11:00:00Z;25.87321;0;3
2003-05-08 11:00:00Z;21.88865;0;3
2003-05-09 11:00:00Z;28.39483;0;3
2003-05-10 11:00:00Z;26.04295;0;3
2003-05-11 11:00:00Z;21.08711;0;3
2003-05-12 11:00:00Z;20.11876;0;3
2003-05-13 11:00:00Z;23.36938;0;3
2003-05-14 11:00:00Z;43.15356;0;3
2003-05-15 11:00:00Z;36.6416;0;3
2003-05-16 11:00:00Z;21.94285;0;3
2003-05-17 11:00:00Z;15.86886;0;3
2003-05-18 11:00:00Z;12.71595;0;3
2003-05-19 11:00:00Z;19.08116;0;3
2003-05-20 11:00:00Z;31.98671;0;3
2003-05-21 11:00:00Z;34.34507;0;3
2003-05-22 11:00:00Z;24.48376;0;3
2003-05-23 11:00:00Z;27.6419;0;3
2003-05-24 11:00:00Z;72.70503;0;3
2003-05-25 11:00:00Z;37.38892;0;3
2003-05-26 11:00:00Z;26.96427;0;3
2003-05-27 11:00:00Z;22.10802;0;3
2003-05-28 11:00:00Z;16.36473;0;3
2003-05-29 11:00:00Z;13.07639;0;3
2003-05-30 11:00:00Z;10.6066;0;3
2003-05-31 11:00:00Z;10.24379;0;3
2003-06-01 11:00:00Z;8.772491;0;3
2003-06-02 11:00:00Z;6.726086;0;3
2003-06-03 11:00:00Z;6.547646;0;3
2003-06-04 11:00:00Z;6.932502;0;3
2003-06-05 11:00:00Z;46.24624;0;3
2003-06-06 11:00:00Z;36.77874;0;3
2003-06-07 11:00:00Z;19.39328;0;3
2003-06-08 11:00:00Z;13.42585;0;3
2003-06-09 11:00:00Z;11.08111;0;3
2003-06-10 11:00:00Z;9.191151;0;3
2003-06-11 11:00:00Z;9.30203;0;3
2003-06-12 11:00:00Z;9.321392;0;3
2003-06-13 11:00:00Z;7.934836;0;3
2003-06-14 11:00:00Z;7.889085;0;3
2003-06-15 11:00:00Z;6.867843;0;3
2003-06-16 11:00:00Z;6.004888;0;3
2003-06-17 11:00:00Z;6.221049;0;3
2003-06-18 11:00:00Z;5.751905;0;3
2003-06-19 11:00:00Z;5.591068;0;3
2003-06-20 11:00:00Z;6.254236;0;3
2003-06-21 11:00:00Z;6.51696;0;3
2003-06-22 11:00:00Z;5.207796;0;3
2003-06-23 11:00:00Z;5.754234;0;3
2003-06-24 11:00:00Z;31.04349;0;3
2003-06-25 11:00:00Z;23.80307;0;3
2003-06-26 11:00:00Z;13.71087;0;3
2003-06-27 11:00:00Z;9.436227;0;3
2003-06-28 11:00:00Z;6.941597;0;3
2003-06-29 11:00:00Z;7.729545;0;3
2003-06-30 11:00:00Z;6.915218;0;3
2003-07-01 11:00:00Z;5.882298;0;3
2003-07-02 11:00:00Z;6.567366;0;3
2003-07-03 11:00:00Z;8.382483;0;3
2003-07-04 11:00:00Z;8.948536;0;3
2003-07-05 11:00:00Z;6.526186;0;3
2003-07-06 11:00:00Z;5.307805;0;3
2003-07-07 11:00:00Z;4.701454;0;3
2003-07-08 11:00:00Z;6.648194;0;3
2003-07-09 11:00:00Z;6.088583;0;3
2003-07-10 11:00:00Z;4.914142;0;3
2003-07-11 11:00:00Z;5.082425;0;3
2003-07-12 11:00:00Z;5.655884;0;3
2003-07-13 11:00:00Z;4.351554;0;3
2003-07-14 11:00:00Z;4.820333;0;3
2003-07-15 11:00:00Z;5.42106;0;3
2003-07-16 11:00:00Z;5.359875;0;3
2003-07-17 11:00:00Z;5.267108;0;3
2003-07-18 11:00:00Z;5.549805;0;3
2003-07-19 11:00:00Z;6.052589;0;3
2003-07-20 11:00:00Z;5.972842;0;3
2003-07-21 11:00:00Z;20.87574;0;3
2003-07-22 11:00:00Z;40.77025;0;3
2003-07-23 11:00:00Z;46.18096;0;3
2003-07-24 11:00:00Z;28.56059;0;3
2003-07-25 11:00:00Z;43.72063;0;3
2003-07-26 11:00:00Z;49.99142;0;3
2003-07-27 11:00:00Z;65.25707;0;3
2003-07-28 11:00:00Z;43.15162;0;3
2003-07-29 11:00:00Z;26.11286;0;3
2003-07-30 11:00:00Z;17.79335;0;3
2003-07-31 11:00:00Z;11.87822;0;3
2003-08-01 11:00:00Z;8.493754;0;3
2003-08-02 11:00:00Z;7.034839;0;3
2003-08-03 11:00:00Z;6.843009;0;3
2003-08-04 11:00:00Z;6.851549;0;3
2003-08-05 11:00:00Z;6.287792;0;3
2003-08-06 11:00:00Z;5.436261;0;3
2003-08-07 11:00:00Z;5.216475;0;3
2003-08-08 11:00:00Z;6.100728;0;3
2003-08-09 11:00:00Z;5.794479;0;3
2003-08-10 11:00:00Z;5.640069;0;3
2003-08-11 11:00:00Z;5.481716;0;3
2003-08-12 11:00:00Z;5.301897;0;3
2003-08-13 11:00:00Z;5.218962;0;3
2003-08-14 11:00:00Z;5.111708;0;3
2003-08-15 11:00:00Z;5.139032;0;3
2003-08-16 11:00:00Z;5.080816;0;3
2003-08-17 11:00:00Z;4.884028;0;3
2003-08-18 11:00:00Z;4.771049;0;3
2003-08-19 11:00:00Z;4.821868;0;3
2003-08-20 11:00:00Z;5.00321;0;3
2003-08-21 11:00:00Z;5.253612;0;3
2003-08-22 11:00:00Z;7.30286;0;3
2003-08-23 11:00:00Z;12.07709;0;3
2003-08-24 11:00:00Z;9.233981;0;3
2003-08-25 11:00:00Z;6.30583;0;3
2003-08-26 11:00:00Z;4.790207;0;3
2003-08-27 11:00:00Z;5.491261;0;3
2003-08-28 11:00:00Z;5.188571;0;3
2003-08-29 11:00:00Z;4.835391;0;3
2003-08-30 11:00:00Z;4.640251;0;3
2003-08-31 11:00:00Z;4.935539;0;3
2003-09-01 11:00:00Z;5.295692;0;3
2003-09-02 11:00:00Z;5.245411;0;3
2003-09-03 11:00:00Z;5.003487;0;3
2003-09-04 11:00:00Z;5.03234;0;3
2003-09-05 11:00:00Z;4.820928;0;3
2003-09-06 11:00:00Z;4.601847;0;3
2003-09-07 11:00:00Z;5.325637;0;3
2003-09-08 11:00:00Z;10.45343;0;3
2003-09-09 11:00:00Z;29.07296;0;3
2003-09-10 11:00:00Z;40.5927;0;3
2003-09-11 11:00:00Z;37.97689;0;3
2003-09-12 11:00:00Z;22.32089;0;3
2003-09-13 11:00:00Z;18.05992;0;3
2003-09-14 11:00:00Z;13.2415;0;3
2003-09-15 11:00:00Z;9.356481;0;3
2003-09-16 11:00:00Z;7.095072;0;3
2003-09-17 11:00:00Z;6.44348;0;3
2003-09-18 11:00:00Z;6.609196;0;3
2003-09-19 11:00:00Z;8.093234;0;3
2003-09-20 11:00:00Z;23.35758;0;3
2003-09-21 11:00:00Z;23.67656;0;3
2003-09-22 11:00:00Z;28.44444;0;3
2003-09-23 11:00:00Z;41.81772;0;3
2003-09-24 11:00:00Z;28.92084;0;3
2003-09-25 11:00:00Z;20.41274;0;3
2003-09-26 11:00:00Z;23.25725;0;3
2003-09-27 11:00:00Z;40.02763;0;3
2003-09-28 11:00:00Z;24.5606;0;3
2003-09-29 11:00:00Z;14.56827;0;3
2003-09-30 11:00:00Z;15.1785;0;3
2003-10-01 11:00:00Z;46.85528;0;3
2003-10-02 11:00:00Z;29.49465;0;3
2003-10-03 11:00:00Z;18.53096;0;3
2003-10-04 11:00:00Z;17.0195;0;3
2003-10-05 11:00:00Z;13.90239;0;3
2003-10-06 11:00:00Z;10.92324;0;3
2003-10-07 11:00:00Z;21.34238;0;3
2003-10-08 11:00:00Z;20.66232;0;3
2003-10-09 11:00:00Z;18.96778;0;3
2003-10-10 11:00:00Z;18.582;0;3
2003-10-11 11:00:00Z;36.50602;0;3
2003-10-12 11:00:00Z;23.98084;0;3
2003-10-13 11:00:00Z;14.84976;0;3
2003-10-14 11:00:00Z;10.39439;0;3
2003-10-15 11:00:00Z;7.826037;0;3
2003-10-16 11:00:00Z;6.728897;0;3
2003-10-17 11:00:00Z;5.996325;0;3
2003-10-18 11:00:00Z;5.315481;0;3
2003-10-19 11:00:00Z;4.725411;0;3
2003-10-20 11:00:00Z;4.485277;0;3
2003-10-21 11:00:00Z;4.074654;0;3
2003-10-22 11:00:00Z;3.603718;0;3
2003-10-23 11:00:00Z;3.282814;0;3
2003-10-24 11:00:00Z;3.036741;0;3
2003-10-25 11:00:00Z;3.355558;0;3
2003-10-26 11:00:00Z;3.456751;0;3
2003-10-27 11:00:00Z;3.445174;0;3
2003-10-28 11:00:00Z;3.368917;0;3
2003-10-29 11:00:00Z;3.917401;0;3
2003-10-30 11:00:00Z;10.35197;0;3
2003-10-31 11:00:00Z;14.86603;0;3
2003-11-01 11:00:00Z;10.96961;0;3
2003-11-02 11:00:00Z;8.925476;0;3
2003-11-03 11:00:00Z;77.07829;0;3
2003-11-04 11:00:00Z;65.25607;0;3
2003-11-05 11:00:00Z;30.51001;0;3
2003-11-06 11:00:00Z;20.17315;0;3
2003-11-07 11:00:00Z;15.94447;0;3
2003-11-08 11:00:00Z;11.54656;0;3
2003-11-09 11:00:00Z;8.479135;0;3
2003-11-10 11:00:00Z;7.130184;0;3
2003-11-11 11:00:00Z;6.487114;0;3
2003-11-12 11:00:00Z;5.878824;0;3
2003-11-13 11:00:00Z;5.466251;0;3
2003-11-14 11:00:00Z;5.357706;0;3
2003-11-15 11:00:00Z;6.866179;0;3
2003-11-16 11:00:00Z;12.7965;0;3
2003-11-17 11:00:00Z;11.25708;0;3
2003-11-18 11:00:00Z;9.351014;0;3
2003-11-19 11:00:00Z;19.94095;0;3
2003-11-20 11:00:00Z;21.27165;0;3
2003-11-21 11:00:00Z;14.98224;0;3
2003-11-22 11:00:00Z;15.82789;0;3
2003-11-23 11:00:00Z;14.16222;0;3
2003-11-24 11:00:00Z;10.05282;0;3
2003-11-25 11:00:00Z;7.52648;0;3
2003-11-26 11:00:00Z;31.26265;0;3
2003-11-27 11:00:00Z;47.93294;0;3
2003-11-28 11:00:00Z;48.99847;0;3
2003-11-29 11:00:00Z;30.79114;0;3
2003-11-30 11:00:00Z;53.44623;0;3
2003-12-01 11:00:00Z;52.52824;0;3
2003-12-02 11:00:00Z;35.16211;0;3
2003-12-03 11:00:00Z;27.86587;0;3
2003-12-04 11:00:00Z;20.00585;0;3
2003-12-05 11:00:00Z;14.93695;0;3
2003-12-06 11:00:00Z;11.93174;0;3
2003-12-07 11:00:00Z;8.112898;0;3
2003-12-08 11:00:00Z;6.939662;0;3
2003-12-09 11:00:00Z;6.585436;0;3
2003-12-10 11:00:00Z;5.974055;0;3
2003-12-11 11:00:00Z;8.360974;0;3
2003-12-12 11:00:00Z;19.45759;0;3
2003-12-13 11:00:00Z;17.00615;0;3
2003-12-14 11:00:00Z;33.60397;0;3
2003-12-15 11:00:00Z;26.68443;0;3
2003-12-16 11:00:00Z;12.7072;0;3
2003-12-17 11:00:00Z;13.17102;0;3
2003-12-18 11:00:00Z;12.79038;0;3
2003-12-19 11:00:00Z;19.38652;0;3
2003-12-20 11:00:00Z;19.59026;0;3
2003-12-21 11:00:00Z;12.99039;0;3
2003-12-22 11:00:00Z;7.26991;0;3
2003-12-23 11:00:00Z;6.367216;0;3
2003-12-24 11:00:00Z;12.02785;0;3
2003-12-25 11:00:00Z;48.24311;0;3
2003-12-26 11:00:00Z;65.33392;0;3
2003-12-27 11:00:00Z;118.9411;0;3
2003-12-28 11:00:00Z;71.44511;0;3
2003-12-29 11:00:00Z;41.85191;0;3
2003-12-30 11:00:00Z;19.28994;0;3
2003-12-31 11:00:00Z;11.6806;0;3
2004-01-01 11:00:00Z;8.713421;0;3
2004-01-02 11:00:00Z;7.134605;0;3
2004-01-03 11:00:00Z;6.395174;0;3
2004-01-04 11:00:00Z;5.978072;0;3
2004-01-05 11:00:00Z;5.66525;2;3
2004-01-06 11:00:00Z;5.359495;0;3
2004-01-07 11:00:00Z;5.271381;0;3
2004-01-08 11:00:00Z;4.757609;0;3
2004-01-09 11:00:00Z;4.745924;0;3
2004-01-10 11:00:00Z;4.551679;0;3
2004-01-11 11:00:00Z;12.7798;0;3
2004-01-12 11:00:00Z;28.16631;0;3
2004-01-13 11:00:00Z;29.63317;0;3
2004-01-14 11:00:00Z;20.80699;0;3
2004-01-15 11:00:00Z;13.48684;0;3
2004-01-16 11:00:00Z;9.522136;0;3
2004-01-17 11:00:00Z;6.969854;0;3
2004-01-18 11:00:00Z;5.858632;0;3
2004-01-19 11:00:00Z;6.038778;0;3
2004-01-20 11:00:00Z;5.170015;0;3
2004-01-21 11:00:00Z;5.05432;0;3
2004-01-22 11:00:00Z;4.737841;0;3
2004-01-23 11:00:00Z;4.425175;0;3
2004-01-24 11:00:00Z;7.726108;0;3
2004-01-25 11:00:00Z;15.42749;0;3
2004-01-26 11:00:00Z;11.52034;2;3
2004-01-27 11:00:00Z;8.002282;0;3
2004-01-28 11:00:00Z;6.678947;0;3
2004-01-29 11:00:00Z;5.584779;0;3
2004-01-30 11:00:00Z;5.014168;0;3
2004-01-31 11:00:00Z;5.314455;0;3
2004-02-01 11:00:00Z;5.158679;0;3
2004-02-02 11:00:00Z;4.831953;0;3
2004-02-03 11:00:00Z;11.63487;0;3
2004-02-04 11:00:00Z;73.46058;0;3
2004-02-05 11:00:00Z;80.08493;0;3
2004-02-06 11:00:00Z;84.08707;0;3
2004-02-07 11:00:00Z;74.84888;0;3
2004-02-08 11:00:00Z;42.17459;0;3
2004-02-09 11:00:00Z;23.84551;0;3
2004-02-10 11:00:00Z;16.46689;0;3
2004-02-11 11:00:00Z;11.78441;0;3
2004-02-12 11:00:00Z;10.27573;0;3
2004-02-13 11:00:00Z;7.873643;0;3
2004-02-14 11:00:00Z;6.983859;0;3
2004-02-15 11:00:00Z;6.610565;0;3
2004-02-16 11:00:00Z;6.025308;0;3
2004-02-17 11:00:00Z;5.711082;0;3
2004-02-18 11:00:00Z;5.340479;0;3
2004-02-19 11:00:00Z;4.844652;0;3
2004-02-20 11:00:00Z;4.500963;0;3
2004-02-21 11:00:00Z;4.243704;0;3
2004-02-22 11:00:00Z;3.929154;0;3
2004-02-23 11:00:00Z;3.567301;0;3
2004-02-24 11:00:00Z;3.732288;0;3
2004-02-25 11:00:00Z;3.707023;0;3
2004-02-26 11:00:00Z;3.404845;0;3
2004-02-27 11:00:00Z;3.24417;0;3
2004-02-28 11:00:00Z;2.928988;0;3
2004-02-29 11:00:00Z;2.753616;0;3
2004-03-01 11:00:00Z;3.279003;0;3
2004-03-02 11:00:00Z;3.494995;0;3
2004-03-03 11:00:00Z;3.687687;0;3
2004-03-04 11:00:00Z;3.351939;0;3
2004-03-05 11:00:00Z;2.853819;0;3
2004-03-06 11:00:00Z;2.515662;0;3
2004-03-07 11:00:00Z;2.641941;0;3
2004-03-08 11:00:00Z;3.155455;0;3
2004-03-09 11:00:00Z;3.093024;0;3
2004-03-10 11:00:00Z;3.013916;0;3
2004-03-11 11:00:00Z;2.947252;0;3
2004-03-12 11:00:00Z;2.847992;0;3
2004-03-13 11:00:00Z;2.440139;0;3
2004-03-14 11:00:00Z;2.846447;0;3
2004-03-15 11:00:00Z;26.59684;0;3
2004-03-16 11:00:00Z;67.91796;0;3
2004-03-17 11:00:00Z;67.81015;0;3
2004-03-18 11:00:00Z;60.34832;0;3
2004-03-19 11:00:00Z;62.74677;0;3
2004-03-20 11:00:00Z;47.16945;0;3
2004-03-21 11:00:00Z;27.78389;0;3
2004-03-22 11:00:00Z;19.21091;0;3
2004-03-23 11:00:00Z;15.08613;0;3
2004-03-24 11:00:00Z;13.28679;0;3
2004-03-25 11:00:00Z;11.55153;0;3
2004-03-26 11:00:00Z;9.459126;0;3
2004-03-27 11:00:00Z;8.090685;0;3
2004-03-28 11:00:00Z;9.688088;0;3
2004-03-29 11:00:00Z;11.15637;0;3
2004-03-30 11:00:00Z;13.72274;0;3
2004-03-31 11:00:00Z;14.79795;0;3
2004-04-01 11:00:00Z;16.33065;0;3
2004-04-02 11:00:00Z;16.40819;0;3
2004-04-03 11:00:00Z;12.08442;0;3
2004-04-04 11:00:00Z;12.2427;0;3
2004-04-05 11:00:00Z;41.56808;0;3
2004-04-06 11:00:00Z;31.41743;0;3
2004-04-07 11:00:00Z;22.60522;0;3
2004-04-08 11:00:00Z;17.33136;0;3
2004-04-09 11:00:00Z;14.17202;0;3
2004-04-10 11:00:00Z;12.85355;0;3
2004-04-11 11:00:00Z;12.2678;0;3
2004-04-12 11:00:00Z;10.91252;2;3
2004-04-13 11:00:00Z;9.608697;0;3
2004-04-14 11:00:00Z;10.89021;0;3
2004-04-15 11:00:00Z;20.13291;0;3
2004-04-16 11:00:00Z;21.10754;0;3
2004-04-17 11:00:00Z;17.44317;0;3
2004-04-18 11:00:00Z;18.05537;0;3
2004-04-19 11:00:00Z;42.57597;0;3
2004-04-20 11:00:00Z;63.36821;0;3
2004-04-21 11:00:00Z;52.14577;0;3
2004-04-22 11:00:00Z;26.91611;0;3
2004-04-23 11:00:00Z;24.85833;0;3
2004-04-24 11:00:00Z;19.5088;0;3
2004-04-25 11:00:00Z;15.12047;0;3
2004-04-26 11:00:00Z;13.56173;0;3
2004-04-27 11:00:00Z;11.86284;0;3
2004-04-28 11:00:00Z;10.60532;0;3
2004-04-29 11:00:00Z;9.511266;0;3
2004-04-30 11:00:00Z;7.825912;0;3
2004-05-01 11:00:00Z;6.556536;0;3
2004-05-02 11:00:00Z;5.807122;0;3
2004-05-03 11:00:00Z;6.094374;0;3
2004-05-04 11:00:00Z;6.193145;0;3
2004-05-05 11:00:00Z;5.930913;0;3
2004-05-06 11:00:00Z;6.680521;0;3
2004-05-07 11:00:00Z;12.27668;0;3
2004-05-08 11:00:00Z;18.50605;0;3
2004-05-09 11:00:00Z;12.61977;0;3
2004-05-10 11:00:00Z;8.270798;0;3
2004-05-11 11:00:00Z;6.740147;0;3
2004-05-12 11:00:00Z;5.882026;0;3
2004-05-13 11:00:00Z;5.484799;0;3
2004-05-14 11:00:00Z;6.481334;0;3
2004-05-15 11:00:00Z;6.278867;0;3
2004-05-16 11:00:00Z;5.736508;0;3
2004-05-17 11:00:00Z;5.422377;0;3
2004-05-18 11:00:00Z;4.935287;0;3
2004-05-19 11:00:00Z;5.012384;0;3
2004-05-20 11:00:00Z;6.280003;0;3
2004-05-21 11:00:00Z;5.95214;0;3
2004-05-22 11:00:00Z;5.375109;0;3
2004-05-23 11:00:00Z;4.702379;0;3
2004-05-24 11:00:00Z;4.605812;0;3
2004-05-25 11:00:00Z;4.933053;0;3
2004-05-26 11:00:00Z;4.759743;0;3
2004-05-27 11:00:00Z;4.639199;0;3
2004-05-28 11:00:00Z;4.465929;0;3
2004-05-29 11:00:00Z;4.500258;0;3
2004-05-30 11:00:00Z;4.841976;0;3
2004-05-31 11:00:00Z;4.8215;0;3
2004-06-01 11:00:00Z;4.680986;0;3
2004-06-02 11:00:00Z;4.632166;0;3
2004-06-03 11:00:00Z;4.519851;0;3
2004-06-04 11:00:00Z;4.577127;0;3
2004-06-05 11:00:00Z;4.719261;0;3
2004-06-06 11:00:00Z;4.639822;0;3
2004-06-07 11:00:00Z;4.648445;0;3
2004-06-08 11:00:00Z;4.720117;0;3
2004-06-09 11:00:00Z;4.674365;0;3
2004-06-10 11:00:00Z;5.007541;0;3
2004-06-11 11:00:00Z;5.556067;0;3
2004-06-12 11:00:00Z;5.904962;0;3
2004-06-13 11:00:00Z;5.523102;0;3
2004-06-14 11:00:00Z;4.547362;0;3
2004-06-15 11:00:00Z;4.584243;0;3
2004-06-16 11:00:00Z;5.016025;0;3
2004-06-17 11:00:00Z;4.616024;0;3
2004-06-18 11:00:00Z;4.58178;0;3
2004-06-19 11:00:00Z;4.809373;0;3
2004-06-20 11:00:00Z;6.018097;0;3
2004-06-21 11:00:00Z;30.2256;0;3
2004-06-22 11:00:00Z;36.34937;0;3
2004-06-23 11:00:00Z;25.25354;0;3
2004-06-24 11:00:00Z;17.21054;0;3
2004-06-25 11:00:00Z;14.03644;0;3
2004-06-26 11:00:00Z;11.05126;0;3
2004-06-27 11:00:00Z;8.21218;0;3
2004-06-28 11:00:00Z;6.718094;0;3
2004-06-29 11:00:00Z;6.395862;0;3
2004-06-30 11:00:00Z;6.727122;0;3
2004-07-01 11:00:00Z;6.409432;0;3
2004-07-02 11:00:00Z;6.536569;0;3
2004-07-03 11:00:00Z;6.683737;0;3
2004-07-04 11:00:00Z;8.11756;0;3
2004-07-05 11:00:00Z;9.019513;0;3
2004-07-06 11:00:00Z;8.776542;0;3
2004-07-07 11:00:00Z;6.454932;0;3
2004-07-08 11:00:00Z;5.103942;0;3
2004-07-09 11:00:00Z;5.421554;0;3
2004-07-10 11:00:00Z;5.882453;0;3
2004-07-11 11:00:00Z;5.245437;0;3
2004-07-12 11:00:00Z;5.456266;0;3
2004-07-13 11:00:00Z;4.94683;0;3
2004-07-14 11:00:00Z;4.38081;0;3
2004-07-15 11:00:00Z;4.404243;0;3
2004-07-16 11:00:00Z;4.363564;0;3
2004-07-17 11:00:00Z;4.251755;0;3
2004-07-18 11:00:00Z;5.013201;0;3
2004-07-19 11:00:00Z;11.7661;0;3
2004-07-20 11:00:00Z;8.84854;0;3
2004-07-21 11:00:00Z;5.404236;0;3
2004-07-22 11:00:00Z;5.242937;0;3
2004-07-23 11:00:00Z;5.755666;0;3
2004-07-24 11:00:00Z;5.920076;0;3
2004-07-25 11:00:00Z;7.016405;0;3
2004-07-26 11:00:00Z;9.244781;0;3
2004-07-27 11:00:00Z;7.633349;0;3
2004-07-28 11:00:00Z;5.74078;0;3
2004-07-29 11:00:00Z;4.943073;0;3
2004-07-30 11:00:00Z;5.509054;0;3
2004-07-31 11:00:00Z;5.013283;0;3
2004-08-01 11:00:00Z;4.491135;0;3
2004-08-02 11:00:00Z;4.873958;0;3
2004-08-03 11:00:00Z;6.004228;0;3
2004-08-04 11:00:00Z;6.93914;0;3
2004-08-05 11:00:00Z;12.14413;0;3
2004-08-06 11:00:00Z;8.4742;0;3
2004-08-07 11:00:00Z;6.963374;0;3
2004-08-08 11:00:00Z;5.979363;0;3
2004-08-09 11:00:00Z;5.769243;0;3
2004-08-10 11:00:00Z;5.326229;0;3
2004-08-11 11:00:00Z;4.816175;0;3
2004-08-12 11:00:00Z;4.553896;0;3
2004-08-13 11:00:00Z;4.597101;0;3
2004-08-14 11:00:00Z;4.537502;0;3
2004-08-15 11:00:00Z;4.360665;0;3
2004-08-16 11:00:00Z;4.258829;0;3
2004-08-17 11:00:00Z;7.960213;0;3
2004-08-18 11:00:00Z;8.491637;0;3
2004-08-19 11:00:00Z;30.46574;2;3
2004-08-20 11:00:00Z;59.81822;0;3
2004-08-21 11:00:00Z;43.06541;2;3
2004-08-22 11:00:00Z;28.20449;2;3
2004-08-23 11:00:00Z;15.54854;0;3
2004-08-24 11:00:00Z;9.052036;0;3
2004-08-25 11:00:00Z;9.068979;0;3
2004-08-26 11:00:00Z;21.46939;0;3
2004-08-27 11:00:00Z;28.86762;0;3
2004-08-28 11:00:00Z;53.60088;0;3
2004-08-29 11:00:00Z;55.12458;0;3
2004-08-30 11:00:00Z;54.74156;0;3
2004-08-31 11:00:00Z;54.21582;0;3
2004-09-01 11:00:00Z;27.74693;0;3
2004-09-02 11:00:00Z;20.63256;0;3
2004-09-03 11:00:00Z;15.10078;0;3
2004-09-04 11:00:00Z;10.45758;0;3
2004-09-05 11:00:00Z;8.021773;0;3
2004-09-06 11:00:00Z;7.032997;0;3
2004-09-07 11:00:00Z;7.294384;0;3
2004-09-08 11:00:00Z;6.632395;0;3
2004-09-09 11:00:00Z;6.015335;0;3
2004-09-10 11:00:00Z;5.58039;0;3
2004-09-11 11:00:00Z;5.647259;0;3
2004-09-12 11:00:00Z;12.36422;0;3
2004-09-13 11:00:00Z;62.34999;0;3
2004-09-14 11:00:00Z;89.20692;0;3
2004-09-15 11:00:00Z;51.88945;0;3
2004-09-16 11:00:00Z;29.12917;0;3
2004-09-17 11:00:00Z;27.83295;0;3
2004-09-18 11:00:00Z;64.58494;0;3
2004-09-19 11:00:00Z;78.44715;0;3
2004-09-20 11:00:00Z;111.6104;0;3
2004-09-21 11:00:00Z;126.697;0;3
2004-09-22 11:00:00Z;51.67796;0;3
2004-09-23 11:00:00Z;28.24316;0;3
2004-09-24 11:00:00Z;18.82811;0;3
2004-09-25 11:00:00Z;13.36346;0;3
2004-09-26 11:00:00Z;9.520278;0;3
2004-09-27 11:00:00Z;8.18314;0;3
2004-09-28 11:00:00Z;8.860312;0;3
2004-09-29 11:00:00Z;6.806177;0;3
2004-09-30 11:00:00Z;5.965342;0;3
2004-10-01 11:00:00Z;5.040666;0;3
2004-10-02 11:00:00Z;6.348419;0;3
2004-10-03 11:00:00Z;35.80996;0;3
2004-10-04 11:00:00Z;76.96132;0;3
2004-10-05 11:00:00Z;109.9868;0;3
2004-10-06 11:00:00Z;67.78237;0;3
2004-10-07 11:00:00Z;105.6743;0;3
2004-10-08 11:00:00Z;72.58048;0;3
2004-10-09 11:00:00Z;34.52063;0;3
2004-10-10 11:00:00Z;21.22408;0;3
2004-10-11 11:00:00Z;16.08998;0;3
2004-10-12 11:00:00Z;11.98517;0;3
2004-10-13 11:00:00Z;9.012937;0;3
2004-10-14 11:00:00Z;7.544943;0;3
2004-10-15 11:00:00Z;6.747889;0;3
2004-10-16 11:00:00Z;6.260919;0;3
2004-10-17 11:00:00Z;6.662546;0;3
2004-10-18 11:00:00Z;8.906707;0;3
2004-10-19 11:00:00Z;7.782262;0;3
2004-10-20 11:00:00Z;6.407538;0;3
2004-10-21 11:00:00Z;11.5857;0;3
2004-10-22 11:00:00Z;88.99234;0;3
2004-10-23 11:00:00Z;107.0869;0;3
2004-10-24 11:00:00Z;44.65992;0;3
2004-10-25 11:00:00Z;31.23421;0;3
2004-10-26 11:00:00Z;64.94395;0;3
2004-10-27 11:00:00Z;37.56415;0;3
2004-10-28 11:00:00Z;21.4268;0;3
2004-10-29 11:00:00Z;14.74212;0;3
2004-10-30 11:00:00Z;11.04509;0;3
2004-10-31 11:00:00Z;8.676022;0;3
2004-11-01 11:00:00Z;7.746364;0;3
2004-11-02 11:00:00Z;6.98128;0;3
2004-11-03 11:00:00Z;6.678709;0;3
2004-11-04 11:00:00Z;11.00061;0;3
2004-11-05 11:00:00Z;45.4501;0;3
2004-11-06 11:00:00Z;30.99683;0;3
2004-11-07 11:00:00Z;18.51252;0;3
2004-11-08 11:00:00Z;12.9327;0;3
2004-11-09 11:00:00Z;11.77633;0;3
2004-11-10 11:00:00Z;19.93752;0;3
2004-11-11 11:00:00Z;17.89123;0;3
2004-11-12 11:00:00Z;38.4291;0;3
2004-11-13 11:00:00Z;50.22715;0;3
2004-11-14 11:00:00Z;25.21725;0;3
2004-11-15 11:00:00Z;26.54962;0;3
2004-11-16 11:00:00Z;36.82051;0;3
2004-11-17 11:00:00Z;21.41692;0;3
2004-11-18 11:00:00Z;15.8966;0;3
2004-11-19 11:00:00Z;11.58463;0;3
2004-11-20 11:00:00Z;8.056006;0;3
2004-11-21 11:00:00Z;6.875327;0;3
2004-11-22 11:00:00Z;6.695712;0;3
2004-11-23 11:00:00Z;6.396815;0;3
2004-11-24 11:00:00Z;5.731474;0;3
2004-11-25 11:00:00Z;8.508141;0;3
2004-11-26 11:00:00Z;29.24444;0;3
2004-11-27 11:00:00Z;48.97556;0;3
2004-11-28 11:00:00Z;30.08689;0;3
2004-11-29 11:00:00Z;20.27802;0;3
2004-11-30 11:00:00Z;14.59743;0;3
2004-12-01 11:00:00Z;13.06349;0;3
2004-12-02 11:00:00Z;13.5065;0;3
2004-12-03 11:00:00Z;10.91972;0;3
2004-12-04 11:00:00Z;7.745279;0;3
2004-12-05 11:00:00Z;23.0566;0;3
2004-12-06 11:00:00Z;50.66029;0;3
2004-12-07 11:00:00Z;35.64122;0;3
2004-12-08 11:00:00Z;41.69613;0;3
2004-12-09 11:00:00Z;26.19932;0;3
2004-12-10 11:00:00Z;17.60565;0;3
2004-12-11 11:00:00Z;14.14444;0;3
2004-12-12 11:00:00Z;10.90642;0;3
2004-12-13 11:00:00Z;9.216205;0;3
2004-12-14 11:00:00Z;13.24732;0;3
2004-12-15 11:00:00Z;91.7177;0;3
2004-12-16 11:00:00Z;55.29213;0;3
2004-12-17 11:00:00Z;73.04964;0;3
2004-12-18 11:00:00Z;44.71591;0;3
2004-12-19 11:00:00Z;25.08247;0;3
2004-12-20 11:00:00Z;17.13798;0;3
2004-12-21 11:00:00Z;13.29833;0;3
2004-12-22 11:00:00Z;39.61054;0;3
2004-12-23 11:00:00Z;58.57978;0;3
2004-12-24 11:00:00Z;53.38048;0;3
2004-12-25 11:00:00Z;28.26202;0;3
2004-12-26 11:00:00Z;18.45978;0;3
2004-12-27 11:00:00Z;12.95071;0;3
2004-12-28 11:00:00Z;31.20181;0;3
2004-12-29 11:00:00Z;30.20959;0;3
2004-12-30 11:00:00Z;68.8475;0;3
2004-12-31 11:00:00Z;74.94562;0;3
2005-01-01 11:00:00Z;38.32335;0;3
2005-01-02 11:00:00Z;84.65108;0;3
2005-01-03 11:00:00Z;51.01707;0;3
2005-01-04 11:00:00Z;48.72367;0;3
2005-01-05 11:00:00Z;78.62177;0;3
2005-01-06 11:00:00Z;83.43129;0;3
2005-01-07 11:00:00Z;134.1722;0;3
2005-01-08 11:00:00Z;142.3967;0;3
2005-01-09 11:00:00Z;108.4521;0;3
2005-01-10 11:00:00Z;109.973;0;3
2005-01-11 11:00:00Z;103.3386;0;3
2005-01-12 11:00:00Z;62.19679;0;3
2005-01-13 11:00:00Z;69.16416;0;3
2005-01-14 11:00:00Z;31.98214;0;3
2005-01-15 11:00:00Z;15.67756;0;3
2005-01-16 11:00:00Z;27.00858;0;3
2005-01-17 11:00:00Z;51.13588;0;3
2005-01-18 11:00:00Z;78.54696;0;3
2005-01-19 11:00:00Z;45.78463;0;3
2005-01-20 11:00:00Z;29.85627;0;3
2005-01-21 11:00:00Z;26.91676;0;3
2005-01-22 11:00:00Z;18.66678;0;3
2005-01-23 11:00:00Z;12.60732;0;3
2005-01-24 11:00:00Z;9.830552;0;3
2005-01-25 11:00:00Z;7.905587;0;3
2005-01-26 11:00:00Z;7.53204;0;3
2005-01-27 11:00:00Z;6.925415;0;3
2005-01-28 11:00:00Z;6.244812;0;3
2005-01-29 11:00:00Z;5.744349;0;3
2005-01-30 11:00:00Z;5.609028;0;3
2005-01-31 11:00:00Z;8.048922;0;3
2005-02-01 11:00:00Z;12.50162;0;3
2005-02-02 11:00:00Z;9.938454;0;3
2005-02-03 11:00:00Z;7.431728;0;3
2005-02-04 11:00:00Z;7.087542;0;3
2005-02-05 11:00:00Z;11.5107;0;3
2005-02-06 11:00:00Z;21.5212;0;3
2005-02-07 11:00:00Z;19.19324;0;3
2005-02-08 11:00:00Z;18.31634;0;3
2005-02-09 11:00:00Z;15.35525;0;3
2005-02-10 11:00:00Z;51.60656;0;3
2005-02-11 11:00:00Z;44.61535;0;3
2005-02-12 11:00:00Z;25.50273;0;3
2005-02-13 11:00:00Z;15.93519;0;3
2005-02-14 11:00:00Z;10.80863;0;3
2005-02-15 11:00:00Z;7.858379;0;3
2005-02-16 11:00:00Z;6.955233;2;3
2005-02-17 11:00:00Z;6.212771;0;3
2005-02-18 11:00:00Z;6.212771;2;3
2005-02-19 11:00:00Z;6.212771;0;3
2005-02-20 11:00:00Z;5.515791;2;3
2005-02-21 11:00:00Z;5.076164;2;3
2005-02-22 11:00:00Z;4.411821;0;3
2005-02-23 11:00:00Z;3.518117;0;3
2005-02-24 11:00:00Z;3.648158;0;3
2005-02-25 11:00:00Z;3.692706;0;3
2005-02-26 11:00:00Z;3.562653;0;3
2005-02-27 11:00:00Z;2.81442;0;3
2005-02-28 11:00:00Z;2.73367;0;3
2005-03-01 11:00:00Z;2.853016;0;3
2005-03-02 11:00:00Z;2.26323;0;3
2005-03-03 11:00:00Z;2.438819;0;3
2005-03-04 11:00:00Z;3.013359;0;3
2005-03-05 11:00:00Z;3.538436;0;3
2005-03-06 11:00:00Z;3.236177;0;3
2005-03-07 11:00:00Z;3.131531;0;3
2005-03-08 11:00:00Z;2.869826;0;3
2005-03-09 11:00:00Z;2.714219;0;3
2005-03-10 11:00:00Z;2.856575;0;3
2005-03-11 11:00:00Z;4.03116;0;3
2005-03-12 11:00:00Z;5.02679;0;3
2005-03-13 11:00:00Z;4.458784;0;3
2005-03-14 11:00:00Z;3.740874;0;3
2005-03-15 11:00:00Z;3.427815;0;3
2005-03-16 11:00:00Z;3.889076;0;3
2005-03-17 11:00:00Z;7.387208;0;3
2005-03-18 11:00:00Z;23.32218;0;3
2005-03-19 11:00:00Z;23.22069;0;3
2005-03-20 11:00:00Z;15.07722;0;3
2005-03-21 11:00:00Z;9.476035;0;3
2005-03-22 11:00:00Z;7.374716;0;3
2005-03-23 11:00:00Z;6.987282;0;3
2005-03-24 11:00:00Z;7.76653;0;3
2005-03-25 11:00:00Z;15.40585;0;3
2005-03-26 11:00:00Z;32.07591;0;3
2005-03-27 11:00:00Z;55.30023;0;3
2005-03-28 11:00:00Z;40.79348;0;3
2005-03-29 11:00:00Z;28.79053;0;3
2005-03-30 11:00:00Z;22.33264;0;3
2005-03-31 11:00:00Z;18.37805;0;3
2005-04-01 11:00:00Z;15.66466;0;3
2005-04-02 11:00:00Z;13.93463;0;3
2005-04-03 11:00:00Z;13.09426;0;3
2005-04-04 11:00:00Z;14.77479;0;3
2005-04-05 11:00:00Z;27.55421;0;3
2005-04-06 11:00:00Z;40.95432;0;3
2005-04-07 11:00:00Z;59.21873;0;3
2005-04-08 11:00:00Z;49.65998;0;3
2005-04-09 11:00:00Z;26.70003;0;3
2005-04-10 11:00:00Z;19.89818;0;3
2005-04-11 11:00:00Z;22.56674;0;3
2005-04-12 11:00:00Z;40.20824;0;3
2005-04-13 11:00:00Z;47.78859;0;3
2005-04-14 11:00:00Z;31.7376;0;3
2005-04-15 11:00:00Z;21.73689;0;3
2005-04-16 11:00:00Z;18.9789;0;3
2005-04-17 11:00:00Z;25.6159;0;3
2005-04-18 11:00:00Z;24.95115;0;3
2005-04-19 11:00:00Z;21.71604;0;3
2005-04-20 11:00:00Z;16.68224;0;3
2005-04-21 11:00:00Z;13.20774;0;3
2005-04-22 11:00:00Z;11.5698;0;3
2005-04-23 11:00:00Z;11.17341;0;3
2005-04-24 11:00:00Z;9.824673;0;3
2005-04-25 11:00:00Z;8.350843;0;3
2005-04-26 11:00:00Z;7.319286;0;3
2005-04-27 11:00:00Z;7.319286;0;3
2005-04-28 11:00:00Z;8.079941;0;3
2005-04-29 11:00:00Z;8.56041;0;3
2005-04-30 11:00:00Z;13.54009;0;3
2005-05-01 11:00:00Z;12.99452;0;3
2005-05-02 11:00:00Z;12.18407;0;3
2005-05-03 11:00:00Z;15.56061;0;3
2005-05-04 11:00:00Z;14.68342;0;3
2005-05-05 11:00:00Z;12.99452;0;3
2005-05-06 11:00:00Z;11.18245;0;3
2005-05-07 11:00:00Z;8.537532;0;3
2005-05-08 11:00:00Z;7.191724;0;3
2005-05-09 11:00:00Z;6.335244;0;3
2005-05-10 11:00:00Z;6.153432;0;3
2005-05-11 11:00:00Z;5.859255;0;3
2005-05-12 11:00:00Z;6.153432;0;3
2005-05-13 11:00:00Z;6.212771;0;3
2005-05-14 11:00:00Z;6.124236;0;3
2005-05-15 11:00:00Z;5.629757;0;3
2005-05-16 11:00:00Z;5.772605;0;3
2005-05-17 11:00:00Z;6.123606;0;3
2005-05-18 11:00:00Z;5.975729;0;3
2005-05-19 11:00:00Z;5.771978;0;3
2005-05-20 11:00:00Z;6.953698;0;3
2005-05-21 11:00:00Z;19.10735;0;3
2005-05-22 11:00:00Z;28.77881;0;3
2005-05-23 11:00:00Z;22.72028;0;3
2005-05-24 11:00:00Z;19.18959;0;3
2005-05-25 11:00:00Z;22.07841;0;3
2005-05-26 11:00:00Z;27.48606;0;3
2005-05-27 11:00:00Z;37.48572;0;3
2005-05-28 11:00:00Z;25.44055;0;3
2005-05-29 11:00:00Z;18.50612;0;3
2005-05-30 11:00:00Z;14.90473;0;3
2005-05-31 11:00:00Z;13.09638;0;3
2005-06-01 11:00:00Z;12.07252;0;3
2005-06-02 11:00:00Z;10.59009;0;3
2005-06-03 11:00:00Z;9.541715;0;3
2005-06-04 11:00:00Z;11.17679;0;3
2005-06-05 11:00:00Z;11.77135;0;3
2005-06-06 11:00:00Z;9.740246;0;3
2005-06-07 11:00:00Z;7.368585;0;3
2005-06-08 11:00:00Z;6.335244;0;3
2005-06-09 11:00:00Z;6.182945;0;3
2005-06-10 11:00:00Z;5.862078;0;3
2005-06-11 11:00:00Z;5.051944;0;3
2005-06-12 11:00:00Z;5.35156;0;3
2005-06-13 11:00:00Z;6.065525;0;3
2005-06-14 11:00:00Z;6.09441;0;3
2005-06-15 11:00:00Z;7.581052;0;3
2005-06-16 11:00:00Z;14.31986;0;3
2005-06-17 11:00:00Z;11.88509;0;3
2005-06-18 11:00:00Z;10.39761;0;3
2005-06-19 11:00:00Z;8.272794;0;3
2005-06-20 11:00:00Z;6.280966;0;3
2005-06-21 11:00:00Z;5.605884;0;3
2005-06-22 11:00:00Z;6.70806;0;3
2005-06-23 11:00:00Z;6.734076;0;3
2005-06-24 11:00:00Z;6.671569;0;3
2005-06-25 11:00:00Z;6.455502;0;3
2005-06-26 11:00:00Z;6.183575;0;3
2005-06-27 11:00:00Z;5.772605;0;3
2005-06-28 11:00:00Z;5.516105;0;3
2005-06-29 11:00:00Z;5.293799;0;3
2005-06-30 11:00:00Z;5.076474;0;3
2005-07-01 11:00:00Z;4.890192;0;3
2005-07-02 11:00:00Z;4.863801;0;3
2005-07-03 11:00:00Z;4.916892;0;3
2005-07-04 11:00:00Z;5.294733;0;3
2005-07-05 11:00:00Z;5.803689;0;3
2005-07-06 11:00:00Z;6.707752;0;3
2005-07-07 11:00:00Z;8.431154;0;3
2005-07-08 11:00:00Z;10.40798;0;3
2005-07-09 11:00:00Z;7.427956;0;3
2005-07-10 11:00:00Z;5.468976;0;3
2005-07-11 11:00:00Z;5.051944;0;3
2005-07-12 11:00:00Z;5.803366;0;3
2005-07-13 11:00:00Z;5.743407;0;3
2005-07-14 11:00:00Z;5.629757;0;3
2005-07-15 11:00:00Z;7.026034;0;3
2005-07-16 11:00:00Z;14.02341;0;3
2005-07-17 11:00:00Z;11.99588;0;3
2005-07-18 11:00:00Z;14.31222;0;3
2005-07-19 11:00:00Z;7.865981;0;3
2005-07-20 11:00:00Z;6.30415;0;3
2005-07-21 11:00:00Z;6.212771;0;3
2005-07-22 11:00:00Z;6.212771;0;3
2005-07-23 11:00:00Z;6.153432;0;3
2005-07-24 11:00:00Z;5.744349;0;3
2005-07-25 11:00:00Z;5.349064;0;3
2005-07-26 11:00:00Z;5.239155;0;3
2005-07-27 11:00:00Z;4.916892;0;3
2005-07-28 11:00:00Z;4.916892;0;3
2005-07-29 11:00:00Z;5.239155;0;3
2005-07-30 11:00:00Z;5.349064;0;3
2005-07-31 11:00:00Z;5.744349;0;3
2005-08-01 11:00:00Z;6.183575;0;3
2005-08-02 11:00:00Z;6.394264;0;3
2005-08-03 11:00:00Z;6.242913;0;3
2005-08-04 11:00:00Z;6.273375;0;3
2005-08-05 11:00:00Z;7.233436;0;3
2005-08-06 11:00:00Z;11.60578;0;3
2005-08-07 11:00:00Z;9.661927;0;3
2005-08-08 11:00:00Z;6.968012;0;3
2005-08-09 11:00:00Z;6.955552;0;3
2005-08-10 11:00:00Z;7.052977;0;3
2005-08-11 11:00:00Z;6.217825;0;3
2005-08-12 11:00:00Z;5.40589;0;3
2005-08-13 11:00:00Z;5.266167;0;3
2005-08-14 11:00:00Z;5.076474;0;3
2005-08-15 11:00:00Z;4.864109;0;3
2005-08-16 11:00:00Z;4.656688;0;3
2005-08-17 11:00:00Z;4.581521;0;3
2005-08-18 11:00:00Z;5.186068;0;3
2005-08-19 11:00:00Z;5.266167;0;3
2005-08-20 11:00:00Z;5.024001;0;3
2005-08-21 11:00:00Z;4.53028;0;3
2005-08-22 11:00:00Z;4.53028;0;3
2005-08-23 11:00:00Z;5.024001;0;3
2005-08-24 11:00:00Z;6.397789;0;3
2005-08-25 11:00:00Z;18.78758;0;3
2005-08-26 11:00:00Z;27.21019;0;3
2005-08-27 11:00:00Z;18.08867;0;3
2005-08-28 11:00:00Z;17.96458;0;3
2005-08-29 11:00:00Z;29.69995;0;3
2005-08-30 11:00:00Z;41.22958;0;3
2005-08-31 11:00:00Z;23.78566;0;3
2005-09-01 11:00:00Z;13.67112;0;3
2005-09-02 11:00:00Z;9.838796;0;3
2005-09-03 11:00:00Z;7.368585;0;3
2005-09-04 11:00:00Z;6.395845;0;3
2005-09-05 11:00:00Z;6.672205;0;3
2005-09-06 11:00:00Z;6.891771;0;3
2005-09-07 11:00:00Z;6.702982;0;3
2005-09-08 11:00:00Z;6.425356;0;3
2005-09-09 11:00:00Z;6.005556;0;3
2005-09-10 11:00:00Z;5.95;0;3
2005-09-11 11:00:00Z;6.895915;0;3
2005-09-12 11:00:00Z;6.275904;0;3
2005-09-13 11:00:00Z;8.252537;0;3
2005-09-14 11:00:00Z;31.23944;0;3
2005-09-15 11:00:00Z;49.50069;0;3
2005-09-16 11:00:00Z;26.68861;0;3
2005-09-17 11:00:00Z;15.27984;0;3
2005-09-18 11:00:00Z;10.98749;0;3
2005-09-19 11:00:00Z;9.915078;0;3
2005-09-20 11:00:00Z;11.69862;0;3
2005-09-21 11:00:00Z;22.90171;0;3
2005-09-22 11:00:00Z;18.31132;0;3
2005-09-23 11:00:00Z;11.80951;0;3
2005-09-24 11:00:00Z;8.537532;0;3
2005-09-25 11:00:00Z;7.306299;0;3
2005-09-26 11:00:00Z;7.395539;0;3
2005-09-27 11:00:00Z;11.40837;0;3
2005-09-28 11:00:00Z;24.67759;0;3
2005-09-29 11:00:00Z;28.41094;0;3
2005-09-30 11:00:00Z;45.12967;0;3
2005-10-01 11:00:00Z;65.75117;0;3
2005-10-02 11:00:00Z;55.4649;0;3
2005-10-03 11:00:00Z;33.04185;0;3
2005-10-04 11:00:00Z;20.7946;0;3
2005-10-05 11:00:00Z;14.81795;0;3
2005-10-06 11:00:00Z;10.79844;0;3
2005-10-07 11:00:00Z;8.369903;0;3
2005-10-08 11:00:00Z;7.052343;0;3
2005-10-09 11:00:00Z;7.671416;0;3
2005-10-10 11:00:00Z;12.71979;0;3
2005-10-11 11:00:00Z;12.49307;0;3
2005-10-12 11:00:00Z;8.655226;0;3
2005-10-13 11:00:00Z;7.08439;0;3
2005-10-14 11:00:00Z;7.213228;0;3
2005-10-15 11:00:00Z;7.458355;0;3
2005-10-16 11:00:00Z;6.86418;0;3
2005-10-17 11:00:00Z;5.833832;0;3
2005-10-18 11:00:00Z;5.241642;0;3
2005-10-19 11:00:00Z;4.556362;0;3
2005-10-20 11:00:00Z;4.776186;0;3
2005-10-21 11:00:00Z;8.604938;0;3
2005-10-22 11:00:00Z;21.23036;0;3
2005-10-23 11:00:00Z;25.46127;0;3
2005-10-24 11:00:00Z;23.09231;0;3
2005-10-25 11:00:00Z;19.72442;0;3
2005-10-26 11:00:00Z;43.00455;0;3
2005-10-27 11:00:00Z;36.64076;0;3
2005-10-28 11:00:00Z;27.62862;0;3
2005-10-29 11:00:00Z;50.96492;0;3
2005-10-30 11:00:00Z;57.20404;0;3
2005-10-31 11:00:00Z;41.64058;0;3
2005-11-01 11:00:00Z;50.32259;0;3
2005-11-02 11:00:00Z;58.68117;0;3
2005-11-03 11:00:00Z;56.49606;0;3
2005-11-04 11:00:00Z;115.7241;0;3
2005-11-05 11:00:00Z;97.94263;0;3
2005-11-06 11:00:00Z;70.26721;0;3
2005-11-07 11:00:00Z;115.3062;0;3
2005-11-08 11:00:00Z;77.52023;0;3
2005-11-09 11:00:00Z;90.47388;0;3
2005-11-10 11:00:00Z;75.37508;0;3
2005-11-11 11:00:00Z;75.37593;0;3
2005-11-12 11:00:00Z;58.19943;0;3
2005-11-13 11:00:00Z;57.15738;0;3
2005-11-14 11:00:00Z;53.57607;0;3
2005-11-15 11:00:00Z;91.4306;0;3
2005-11-16 11:00:00Z;52.3041;0;3
2005-11-17 11:00:00Z;28.49106;0;3
2005-11-18 11:00:00Z;19.79679;0;3
2005-11-19 11:00:00Z;21.09633;0;3
2005-11-20 11:00:00Z;17.40507;0;3
2005-11-21 11:00:00Z;9.4179;0;3
2005-11-22 11:00:00Z;7.652529;0;3
2005-11-23 11:00:00Z;7.245596;0;3
2005-11-24 11:00:00Z;8.866302;0;3
2005-11-25 11:00:00Z;19.16742;0;3
2005-11-26 11:00:00Z;15.80449;0;3
2005-11-27 11:00:00Z;11.58636;0;3
2005-11-28 11:00:00Z;9.084131;0;3
2005-11-29 11:00:00Z;7.24843;0;3
2005-11-30 11:00:00Z;6.039485;0;3
2005-12-01 11:00:00Z;5.547802;0;3
2005-12-02 11:00:00Z;6.681101;0;3
2005-12-03 11:00:00Z;8.369936;0;3
2005-12-04 11:00:00Z;7.342666;0;3
2005-12-05 11:00:00Z;6.703933;0;3
2005-12-06 11:00:00Z;6.214035;0;3
2005-12-07 11:00:00Z;5.716404;0;3
2005-12-08 11:00:00Z;5.078953;0;3
2005-12-09 11:00:00Z;4.505427;0;3
2005-12-10 11:00:00Z;4.406629;0;3
2005-12-11 11:00:00Z;5.746218;0;3
2005-12-12 11:00:00Z;12.91912;0;3
2005-12-13 11:00:00Z;15.11794;0;3
2005-12-14 11:00:00Z;17.56749;0;3
2005-12-15 11:00:00Z;16.22034;0;3
2005-12-16 11:00:00Z;12.61996;0;3
2005-12-17 11:00:00Z;7.675237;0;3
2005-12-18 11:00:00Z;5.921115;0;3
2005-12-19 11:00:00Z;5.658324;0;3
2005-12-20 11:00:00Z;5.078953;0;3
2005-12-21 11:00:00Z;4.970002;0;3
2005-12-22 11:00:00Z;8.107745;0;3
2005-12-23 11:00:00Z;6.180058;0;3
2005-12-24 11:00:00Z;15.36599;0;3
2005-12-25 11:00:00Z;22.25125;0;3
2005-12-26 11:00:00Z;12.91657;0;3
2005-12-27 11:00:00Z;7.359722;0;3
2005-12-28 11:00:00Z;5.952506;0;3
2005-12-29 11:00:00Z;4.947;0;3
2005-12-30 11:00:00Z;4.455108;0;3
2005-12-31 11:00:00Z;4.041759;0;3
2006-01-01 11:00:00Z;3.496283;0;3
2006-01-02 11:00:00Z;2.891635;0;3
2006-01-03 11:00:00Z;2.601324;0;3
2006-01-04 11:00:00Z;2.657333;0;3
2006-01-05 11:00:00Z;2.545604;0;3
2006-01-06 11:00:00Z;2.436206;0;3
2006-01-07 11:00:00Z;2.508751;0;3
2006-01-08 11:00:00Z;2.400513;0;3
2006-01-09 11:00:00Z;2.330286;0;3
2006-01-10 11:00:00Z;5.317142;0;3
2006-01-11 11:00:00Z;42.09679;0;3
2006-01-12 11:00:00Z;70.90647;0;3
2006-01-13 11:00:00Z;30.5968;0;3
2006-01-14 11:00:00Z;22.06783;0;3
2006-01-15 11:00:00Z;19.67011;0;3
2006-01-16 11:00:00Z;14.81795;0;3
2006-01-17 11:00:00Z;10.98749;0;3
2006-01-18 11:00:00Z;9.636864;0;3
2006-01-19 11:00:00Z;8.195628;2;3
2006-01-20 11:00:00Z;7.166147;2;3
2006-01-21 11:00:00Z;6.667711;2;3
2006-01-22 11:00:00Z;6.186416;2;3
2006-01-23 11:00:00Z;5.724726;2;3
2006-01-24 11:00:00Z;5.282504;2;3
2006-01-25 11:00:00Z;4.861702;2;3
2006-01-26 11:00:00Z;4.458784;0;3
2006-01-27 11:00:00Z;3.740874;0;3
2006-01-28 11:00:00Z;3.384466;0;3
2006-01-29 11:00:00Z;3.341117;0;3
2006-01-30 11:00:00Z;3.384466;0;3
2006-01-31 11:00:00Z;3.581785;0;3
2006-02-01 11:00:00Z;3.175171;0;3
2006-02-02 11:00:00Z;2.753414;0;3
2006-02-03 11:00:00Z;2.695062;0;3
2006-02-04 11:00:00Z;2.695062;0;3
2006-02-05 11:00:00Z;2.695062;0;3
2006-02-06 11:00:00Z;3.037189;0;3
2006-02-07 11:00:00Z;5.658297;0;3
2006-02-08 11:00:00Z;10.10639;0;3
2006-02-09 11:00:00Z;12.69981;0;3
2006-02-10 11:00:00Z;8.687587;0;3
2006-02-11 11:00:00Z;6.521816;0;3
2006-02-12 11:00:00Z;5.77386;0;3
2006-02-13 11:00:00Z;5.294733;0;3
2006-02-14 11:00:00Z;4.865037;0;3
2006-02-15 11:00:00Z;4.555131;0;3
2006-02-16 11:00:00Z;4.974945;0;3
2006-02-17 11:00:00Z;5.949989;0;3
2006-02-18 11:00:00Z;5.518603;0;3
2006-02-19 11:00:00Z;4.892046;0;3
2006-02-20 11:00:00Z;4.430866;0;3
2006-02-21 11:00:00Z;3.900866;0;3
2006-02-22 11:00:00Z;3.559061;0;3
2006-02-23 11:00:00Z;3.581787;0;3
2006-02-24 11:00:00Z;4.220029;0;3
2006-02-25 11:00:00Z;5.783239;0;3
2006-02-26 11:00:00Z;6.245443;0;3
2006-02-27 11:00:00Z;5.380443;0;3
2006-02-28 11:00:00Z;4.916892;0;3
2006-03-01 11:00:00Z;4.761322;0;3
2006-03-02 11:00:00Z;4.114185;0;3
2006-03-03 11:00:00Z;3.650561;0;3
2006-03-04 11:00:00Z;3.091751;0;3
2006-03-05 11:00:00Z;3.091751;0;3
2006-03-06 11:00:00Z;3.650561;0;3
2006-03-07 11:00:00Z;3.969645;0;3
2006-03-08 11:00:00Z;3.69391;0;3
2006-03-09 11:00:00Z;3.342311;0;3
2006-03-10 11:00:00Z;3.009812;0;3
2006-03-11 11:00:00Z;2.696232;0;3
2006-03-12 11:00:00Z;2.472769;0;3
2006-03-13 11:00:00Z;2.657625;0;3
2006-03-14 11:00:00Z;2.657625;0;3
2006-03-15 11:00:00Z;2.436496;0;3
2006-03-16 11:00:00Z;2.400224;0;3
2006-03-17 11:00:00Z;2.382522;0;3
2006-03-18 11:00:00Z;2.294594;0;3
2006-03-19 11:00:00Z;2.418795;0;3
2006-03-20 11:00:00Z;2.696232;0;3
2006-03-21 11:00:00Z;2.948806;0;3
2006-03-22 11:00:00Z;2.849787;0;3
2006-03-23 11:00:00Z;2.714219;0;3
2006-03-24 11:00:00Z;2.695062;0;3
2006-03-25 11:00:00Z;2.639343;0;3
2006-03-26 11:00:00Z;2.312873;0;3
2006-03-27 11:00:00Z;2.426944;0;3
2006-03-28 11:00:00Z;4.414387;0;3
2006-03-29 11:00:00Z;17.77423;0;3
2006-03-30 11:00:00Z;21.69817;0;3
2006-03-31 11:00:00Z;20.13201;0;3
2006-04-01 11:00:00Z;18.02938;0;3
2006-04-02 11:00:00Z;15.11794;0;3
2006-04-03 11:00:00Z;14.67935;0;3
2006-04-04 11:00:00Z;14.36108;0;3
2006-04-05 11:00:00Z;12.18091;0;3
2006-04-06 11:00:00Z;10.39757;0;3
2006-04-07 11:00:00Z;12.39205;0;3
2006-04-08 11:00:00Z;16.45822;0;3
2006-04-09 11:00:00Z;19.67093;0;3
2006-04-10 11:00:00Z;15.24399;0;3
2006-04-11 11:00:00Z;12.99452;0;3
2006-04-12 11:00:00Z;12.94801;0;3
2006-04-13 11:00:00Z;21.76151;0;3
2006-04-14 11:00:00Z;25.20704;0;3
2006-04-15 11:00:00Z;27.67691;0;3
2006-04-16 11:00:00Z;27.67689;0;3
2006-04-17 11:00:00Z;30.08855;0;3
2006-04-18 11:00:00Z;30.90517;0;3
2006-04-19 11:00:00Z;28.08173;0;3
2006-04-20 11:00:00Z;24.56855;0;3
2006-04-21 11:00:00Z;23.80594;0;3
2006-04-22 11:00:00Z;23.06394;0;3
2006-04-23 11:00:00Z;29.35958;0;3
2006-04-24 11:00:00Z;41.29638;0;3
2006-04-25 11:00:00Z;37.85131;0;3
2006-04-26 11:00:00Z;37.27331;0;3
2006-04-27 11:00:00Z;43.38827;0;3
2006-04-28 11:00:00Z;38.73575;0;3
2006-04-29 11:00:00Z;34.67875;0;3
2006-04-30 11:00:00Z;34.3908;0;3
2006-05-01 11:00:00Z;54.60063;0;3
2006-05-02 11:00:00Z;49.96109;0;3
2006-05-03 11:00:00Z;46.80466;0;3
2006-05-04 11:00:00Z;58.85799;0;3
2006-05-05 11:00:00Z;67.25517;0;3
2006-05-06 11:00:00Z;67.44778;0;3
2006-05-07 11:00:00Z;54.86935;0;3
2006-05-08 11:00:00Z;43.26822;0;3
2006-05-09 11:00:00Z;34.13531;0;3
2006-05-10 11:00:00Z;28.09635;0;3
2006-05-11 11:00:00Z;22.57284;0;3
2006-05-12 11:00:00Z;19.67011;0;3
2006-05-13 11:00:00Z;14.92088;0;3
2006-05-14 11:00:00Z;11.57862;0;3
2006-05-15 11:00:00Z;9.642822;0;3
2006-05-16 11:00:00Z;7.431728;0;3
2006-05-17 11:00:00Z;6.893367;0;3
2006-05-18 11:00:00Z;11.00825;0;3
2006-05-19 11:00:00Z;34.44535;0;3
2006-05-20 11:00:00Z;54.50868;0;3
2006-05-21 11:00:00Z;32.26054;0;3
2006-05-22 11:00:00Z;25.01813;0;3
2006-05-23 11:00:00Z;36.02151;0;3
2006-05-24 11:00:00Z;30.66821;0;3
2006-05-25 11:00:00Z;24.20901;0;3
2006-05-26 11:00:00Z;19.20538;0;3
2006-05-27 11:00:00Z;15.01685;0;3
2006-05-28 11:00:00Z;12.99452;0;3
2006-05-29 11:00:00Z;11.5698;0;3
2006-05-30 11:00:00Z;11.17341;0;3
2006-05-31 11:00:00Z;9.824673;0;3
2006-06-01 11:00:00Z;8.350843;0;3
2006-06-02 11:00:00Z;7.254867;0;3
2006-06-03 11:00:00Z;6.765806;0;3
2006-06-04 11:00:00Z;6.580192;0;3
2006-06-05 11:00:00Z;5.748112;0;3
2006-06-06 11:00:00Z;4.919366;0;3
2006-06-07 11:00:00Z;4.660077;0;3
2006-06-08 11:00:00Z;5.576362;0;3
2006-06-09 11:00:00Z;5.714524;0;3
2006-06-10 11:00:00Z;5.40744;0;3
2006-06-11 11:00:00Z;4.557899;0;3
2006-06-12 11:00:00Z;4.512812;0;3
2006-06-13 11:00:00Z;5.925801;0;3
2006-06-14 11:00:00Z;5.834446;0;3
2006-06-15 11:00:00Z;4.790192;0;3
2006-06-16 11:00:00Z;4.581521;0;3
2006-06-17 11:00:00Z;5.186068;0;3
2006-06-18 11:00:00Z;5.293488;0;3
2006-06-19 11:00:00Z;5.321119;0;3
2006-06-20 11:00:00Z;5.516105;0;3
2006-06-21 11:00:00Z;6.081977;0;3
2006-06-22 11:00:00Z;14.80647;0;3
2006-06-23 11:00:00Z;42.24055;0;3
2006-06-24 11:00:00Z;24.35471;0;3
2006-06-25 11:00:00Z;13.77078;0;3
2006-06-26 11:00:00Z;10.50307;0;3
2006-06-27 11:00:00Z;8.831314;0;3
2006-06-28 11:00:00Z;13.12625;0;3
2006-06-29 11:00:00Z;9.950166;0;3
2006-06-30 11:00:00Z;7.119593;0;3
2006-07-01 11:00:00Z;6.274323;0;3
2006-07-02 11:00:00Z;5.918277;0;3
2006-07-03 11:00:00Z;5.377321;0;3
2006-07-04 11:00:00Z;5.349064;0;3
2006-07-05 11:00:00Z;5.629443;0;3
2006-07-06 11:00:00Z;5.349064;0;3
2006-07-07 11:00:00Z;5.293488;0;3
2006-07-08 11:00:00Z;5.239155;0;3
2006-07-09 11:00:00Z;5.194796;0;3
2006-07-10 11:00:00Z;8.14308;0;3
2006-07-11 11:00:00Z;16.27661;0;3
2006-07-12 11:00:00Z;14.69567;0;3
2006-07-13 11:00:00Z;11.38725;0;3
2006-07-14 11:00:00Z;8.431154;0;3
2006-07-15 11:00:00Z;6.768353;0;3
2006-07-16 11:00:00Z;6.214035;0;3
2006-07-17 11:00:00Z;5.744349;0;3
2006-07-18 11:00:00Z;5.294733;0;3
2006-07-19 11:00:00Z;4.865037;0;3
2006-07-20 11:00:00Z;4.606987;0;3
2006-07-21 11:00:00Z;5.131736;0;3
2006-07-22 11:00:00Z;4.916892;0;3
2006-07-23 11:00:00Z;4.863801;0;3
2006-07-24 11:00:00Z;4.811946;0;3
2006-07-25 11:00:00Z;4.529665;0;3
2006-07-26 11:00:00Z;4.709159;0;3
2006-07-27 11:00:00Z;5.212456;0;3
2006-07-28 11:00:00Z;5.293488;0;3
2006-07-29 11:00:00Z;5.239155;0;3
2006-07-30 11:00:00Z;5.024313;0;3
2006-07-31 11:00:00Z;5.718285;0;3
2006-08-01 11:00:00Z;6.364753;0;3
2006-08-02 11:00:00Z;7.783391;0;3
2006-08-03 11:00:00Z;16.67602;0;3
2006-08-04 11:00:00Z;10.31863;0;3
2006-08-05 11:00:00Z;5.879395;0;3
2006-08-06 11:00:00Z;4.634611;0;3
2006-08-07 11:00:00Z;4.555438;0;3
2006-08-08 11:00:00Z;4.209022;0;3
2006-08-09 11:00:00Z;4.659149;0;3
2006-08-10 11:00:00Z;5.212456;0;3
2006-08-11 11:00:00Z;5.186068;0;3
2006-08-12 11:00:00Z;4.556362;0;3
2006-08-13 11:00:00Z;4.453882;0;3
2006-08-14 11:00:00Z;4.453882;0;3
2006-08-15 11:00:00Z;4.479041;0;3
2006-08-16 11:00:00Z;4.656688;0;3
2006-08-17 11:00:00Z;4.811637;0;3
2006-08-18 11:00:00Z;4.63153;0;3
2006-08-19 11:00:00Z;4.380242;0;3
2006-08-20 11:00:00Z;4.893902;0;3
2006-08-21 11:00:00Z;5.573866;0;3
2006-08-22 11:00:00Z;5.404639;0;3
2006-08-23 11:00:00Z;5.864292;0;3
2006-08-24 11:00:00Z;6.959056;0;3
2006-08-25 11:00:00Z;6.673478;0;3
2006-08-26 11:00:00Z;6.064898;0;3
2006-08-27 11:00:00Z;5.86051;0;3
2006-08-28 11:00:00Z;15.76696;0;3
2006-08-29 11:00:00Z;91.8714;0;3
2006-08-30 11:00:00Z;48.26448;0;3
2006-08-31 11:00:00Z;28.42664;0;3
2006-09-01 11:00:00Z;19.92089;0;3
2006-09-02 11:00:00Z;21.09633;0;3
2006-09-03 11:00:00Z;19.55124;0;3
2006-09-04 11:00:00Z;23.32427;0;3
2006-09-05 11:00:00Z;18.62757;0;3
2006-09-06 11:00:00Z;15.55653;0;3
2006-09-07 11:00:00Z;17.68153;0;3
2006-09-08 11:00:00Z;17.56268;0;3
2006-09-09 11:00:00Z;16.61588;0;3
2006-09-10 11:00:00Z;8.3249;0;3
2006-09-11 11:00:00Z;6.217825;0;3
2006-09-12 11:00:00Z;5.40589;0;3
2006-09-13 11:00:00Z;5.349064;0;3
2006-09-14 11:00:00Z;5.629443;0;3
2006-09-15 11:00:00Z;5.294733;0;3
2006-09-16 11:00:00Z;4.865037;0;3
2006-09-17 11:00:00Z;4.508725;0;3
2006-09-18 11:00:00Z;4.458304;0;3
2006-09-19 11:00:00Z;4.97326;0;3
2006-09-20 11:00:00Z;6.208356;0;3
2006-09-21 11:00:00Z;6.913563;0;3
2006-09-22 11:00:00Z;6.538838;0;3
2006-09-23 11:00:00Z;5.659631;0;3
2006-09-24 11:00:00Z;5.864513;0;3
2006-09-25 11:00:00Z;6.044853;0;3
2006-09-26 11:00:00Z;5.287756;0;3
2006-09-27 11:00:00Z;5.342346;0;3
2006-09-28 11:00:00Z;8.171431;0;3
2006-09-29 11:00:00Z;12.07292;0;3
2006-09-30 11:00:00Z;17.95743;0;3
2006-10-01 11:00:00Z;21.35594;0;3
2006-10-02 11:00:00Z;21.08677;0;3
2006-10-03 11:00:00Z;19.93658;0;3
2006-10-04 11:00:00Z;14.05548;0;3
2006-10-05 11:00:00Z;11.42841;0;3
2006-10-06 11:00:00Z;13.99487;0;3
2006-10-07 11:00:00Z;51.27685;0;3
2006-10-08 11:00:00Z;56.01324;0;3
2006-10-09 11:00:00Z;37.49199;0;3
2006-10-10 11:00:00Z;54.82244;0;3
2006-10-11 11:00:00Z;32.21205;0;3
2006-10-12 11:00:00Z;18.93547;0;3
2006-10-13 11:00:00Z;13.19884;0;3
2006-10-14 11:00:00Z;9.877979;0;3
2006-10-15 11:00:00Z;7.895873;0;3
2006-10-16 11:00:00Z;6.804548;0;3
2006-10-17 11:00:00Z;6.08094;0;3
2006-10-18 11:00:00Z;5.410519;0;3
2006-10-19 11:00:00Z;4.965972;0;3
2006-10-20 11:00:00Z;4.747127;0;3
2006-10-21 11:00:00Z;4.953525;0;3
2006-10-22 11:00:00Z;12.69683;0;3
2006-10-23 11:00:00Z;70.28116;0;3
2006-10-24 11:00:00Z;35.01245;0;3
2006-10-25 11:00:00Z;19.59186;0;3
2006-10-26 11:00:00Z;26.66685;0;3
2006-10-27 11:00:00Z;95.4086;0;3
2006-10-28 11:00:00Z;43.15872;0;3
2006-10-29 11:00:00Z;36.24311;0;3
2006-10-30 11:00:00Z;36.59922;0;3
2006-10-31 11:00:00Z;87.78956;0;3
2006-11-01 11:00:00Z;61.60354;0;3
2006-11-02 11:00:00Z;28.7961;0;3
2006-11-03 11:00:00Z;17.99315;0;3
2006-11-04 11:00:00Z;13.48713;0;3
2006-11-05 11:00:00Z;13.17474;0;3
2006-11-06 11:00:00Z;17.05786;0;3
2006-11-07 11:00:00Z;19.27123;0;3
2006-11-08 11:00:00Z;14.78344;0;3
2006-11-09 11:00:00Z;11.52932;0;3
2006-11-10 11:00:00Z;9.279884;0;3
2006-11-11 11:00:00Z;29.30654;0;3
2006-11-12 11:00:00Z;41.93269;0;3
2006-11-13 11:00:00Z;36.95741;0;3
2006-11-14 11:00:00Z;71.45784;0;3
2006-11-15 11:00:00Z;60.6256;0;3
2006-11-16 11:00:00Z;113.9645;0;3
2006-11-17 11:00:00Z;124.7148;0;3
2006-11-18 11:00:00Z;77.49137;0;3
2006-11-19 11:00:00Z;70.23788;0;3
2006-11-20 11:00:00Z;78.20405;0;3
2006-11-21 11:00:00Z;87.80667;0;3
2006-11-22 11:00:00Z;58.88257;0;3
2006-11-23 11:00:00Z;76.35977;0;3
2006-11-24 11:00:00Z;62.64235;0;3
2006-11-25 11:00:00Z;61.79956;0;3
2006-11-26 11:00:00Z;133.8921;0;3
2006-11-27 11:00:00Z;84.90185;0;3
2006-11-28 11:00:00Z;45.01584;0;3
2006-11-29 11:00:00Z;55.30407;0;3
2006-11-30 11:00:00Z;39.73909;0;3
2006-12-01 11:00:00Z;39.65843;0;3
2006-12-02 11:00:00Z;47.42004;0;3
2006-12-03 11:00:00Z;39.05318;0;3
2006-12-04 11:00:00Z;90.61858;0;3
2006-12-05 11:00:00Z;128.8534;0;3
2006-12-06 11:00:00Z;125.4104;0;3
2006-12-07 11:00:00Z;116.1857;0;3
2006-12-08 11:00:00Z;136.9688;0;3
2006-12-09 11:00:00Z;91.95305;0;3
2006-12-10 11:00:00Z;40.38748;0;3
2006-12-11 11:00:00Z;167.5194;0;3
2006-12-12 11:00:00Z;109.6557;0;3
2006-12-13 11:00:00Z;91.92493;0;3
2006-12-14 11:00:00Z;112.03;0;3
2006-12-15 11:00:00Z;118.8734;0;3
2006-12-16 11:00:00Z;62.82755;0;3
2006-12-17 11:00:00Z;34.87171;0;3
2006-12-18 11:00:00Z;23.63593;0;3
2006-12-19 11:00:00Z;17.45865;0;3
2006-12-20 11:00:00Z;17.88168;0;3
2006-12-21 11:00:00Z;19.68206;0;3
2006-12-22 11:00:00Z;15.41899;0;3
2006-12-23 11:00:00Z;12.06037;0;3
2006-12-24 11:00:00Z;10.23578;0;3
2006-12-25 11:00:00Z;9.617731;0;3
2006-12-26 11:00:00Z;8.292308;0;3
2006-12-27 11:00:00Z;6.657075;0;3
2006-12-28 11:00:00Z;5.845781;0;3
2006-12-29 11:00:00Z;5.308836;0;3
2006-12-30 11:00:00Z;48.67397;0;3
2006-12-31 11:00:00Z;85.8269;0;3
2007-01-01 11:00:00Z;77.85696;0;3
2007-01-02 11:00:00Z;60.0735;0;3
2007-01-03 11:00:00Z;33.11705;0;3
2007-01-04 11:00:00Z;81.38725;0;3
2007-01-05 11:00:00Z;61.76772;0;3
2007-01-06 11:00:00Z;33.95502;0;3
2007-01-07 11:00:00Z;42.28952;0;3
2007-01-08 11:00:00Z;110.5495;0;3
2007-01-09 11:00:00Z;95.65708;0;3
2007-01-10 11:00:00Z;85.73431;0;3
2007-01-11 11:00:00Z;42.49676;0;3
2007-01-12 11:00:00Z;35.53718;0;3
2007-01-13 11:00:00Z;88.8642;0;3
2007-01-14 11:00:00Z;103.3816;0;3
2007-01-15 11:00:00Z;95.55891;0;3
2007-01-16 11:00:00Z;128.701;0;3
2007-01-17 11:00:00Z;55.7874;0;3
2007-01-18 11:00:00Z;39.45881;2;3
2007-01-19 11:00:00Z;24.92632;0;3
2007-01-20 11:00:00Z;20.15331;0;3
2007-01-21 11:00:00Z;32.66553;0;3
2007-01-22 11:00:00Z;23.43032;0;3
2007-01-23 11:00:00Z;14.59215;0;3
2007-01-24 11:00:00Z;10.79061;0;3
2007-01-25 11:00:00Z;8.393816;0;3
2007-01-26 11:00:00Z;7.674562;0;3
2007-01-27 11:00:00Z;7.176461;0;3
2007-01-28 11:00:00Z;7.940702;0;3
2007-01-29 11:00:00Z;14.66787;0;3
2007-01-30 11:00:00Z;12.8587;0;3
2007-01-31 11:00:00Z;32.26404;0;3
2007-02-01 11:00:00Z;39.79353;0;3
2007-02-02 11:00:00Z;23.99413;0;3
2007-02-03 11:00:00Z;26.83254;0;3
2007-02-04 11:00:00Z;23.66165;0;3
2007-02-05 11:00:00Z;23.61085;0;3
2007-02-06 11:00:00Z;16.66188;0;3
2007-02-07 11:00:00Z;11.91494;0;3
2007-02-08 11:00:00Z;9.277902;0;3
2007-02-09 11:00:00Z;8.256202;0;3
2007-02-10 11:00:00Z;6.792539;0;3
2007-02-11 11:00:00Z;5.99338;0;3
2007-02-12 11:00:00Z;5.117533;0;3
2007-02-13 11:00:00Z;4.965765;0;3
2007-02-14 11:00:00Z;4.620254;0;3
2007-02-15 11:00:00Z;4.302585;0;3
2007-02-16 11:00:00Z;4.396454;0;3
2007-02-17 11:00:00Z;4.59824;0;3
2007-02-18 11:00:00Z;5.046434;0;3
2007-02-19 11:00:00Z;4.827587;0;3
2007-02-20 11:00:00Z;4.134559;0;3
2007-02-21 11:00:00Z;3.339894;0;3
2007-02-22 11:00:00Z;3.118566;0;3
2007-02-23 11:00:00Z;3.416535;0;3
2007-02-24 11:00:00Z;4.156828;0;3
2007-02-25 11:00:00Z;3.644547;0;3
2007-02-26 11:00:00Z;3.232218;0;3
2007-02-27 11:00:00Z;3.124702;0;3
2007-02-28 11:00:00Z;3.145385;0;3
2007-03-01 11:00:00Z;3.288623;0;3
2007-03-02 11:00:00Z;3.42059;0;3
2007-03-03 11:00:00Z;3.370016;0;3
2007-03-04 11:00:00Z;3.617152;0;3
2007-03-05 11:00:00Z;6.834943;0;3
2007-03-06 11:00:00Z;30.1607;0;3
2007-03-07 11:00:00Z;50.79815;0;3
2007-03-08 11:00:00Z;27.62804;0;3
2007-03-09 11:00:00Z;21.95278;0;3
2007-03-10 11:00:00Z;39.12059;0;3
2007-03-11 11:00:00Z;67.06136;0;3
2007-03-12 11:00:00Z;53.8176;0;3
2007-03-13 11:00:00Z;51.74196;0;3
2007-03-14 11:00:00Z;38.00569;0;3
2007-03-15 11:00:00Z;32.12938;0;3
2007-03-16 11:00:00Z;33.32124;0;3
2007-03-17 11:00:00Z;45.72655;0;3
2007-03-18 11:00:00Z;46.96757;0;3
2007-03-19 11:00:00Z;38.29907;0;3
2007-03-20 11:00:00Z;23.55703;0;3
2007-03-21 11:00:00Z;17.63365;0;3
2007-03-22 11:00:00Z;14.48868;0;3
2007-03-23 11:00:00Z;12.27676;0;3
2007-03-24 11:00:00Z;11.02717;0;3
2007-03-25 11:00:00Z;13.64126;0;3
2007-03-26 11:00:00Z;15.86204;0;3
2007-03-27 11:00:00Z;15.2588;0;3
2007-03-28 11:00:00Z;16.36749;0;3
2007-03-29 11:00:00Z;16.06587;0;3
2007-03-30 11:00:00Z;15.07772;0;3
2007-03-31 11:00:00Z;14.25393;0;3
2007-04-01 11:00:00Z;12.54978;0;3
2007-04-02 11:00:00Z;10.98009;0;3
2007-04-03 11:00:00Z;10.15489;0;3
2007-04-04 11:00:00Z;9.048173;0;3
2007-04-05 11:00:00Z;7.962664;0;3
2007-04-06 11:00:00Z;9.41589;0;3
2007-04-07 11:00:00Z;9.059088;0;3
2007-04-08 11:00:00Z;7.22315;0;3
2007-04-09 11:00:00Z;12.53252;0;3
2007-04-10 11:00:00Z;27.26547;0;3
2007-04-11 11:00:00Z;26.33602;0;3
2007-04-12 11:00:00Z;21.85029;0;3
2007-04-13 11:00:00Z;16.69968;0;3
2007-04-14 11:00:00Z;14.07832;0;3
2007-04-15 11:00:00Z;12.80432;0;3
2007-04-16 11:00:00Z;11.60653;0;3
2007-04-17 11:00:00Z;11.04578;0;3
2007-04-18 11:00:00Z;10.41658;0;3
2007-04-19 11:00:00Z;26.30348;0;3
2007-04-20 11:00:00Z;33.82292;0;3
2007-04-21 11:00:00Z;17.63505;0;3
2007-04-22 11:00:00Z;19.64138;0;3
2007-04-23 11:00:00Z;33.93288;0;3
2007-04-24 11:00:00Z;26.56884;0;3
2007-04-25 11:00:00Z;37.70057;0;3
2007-04-26 11:00:00Z;34.12327;0;3
2007-04-27 11:00:00Z;24.93798;0;3
2007-04-28 11:00:00Z;16.71415;0;3
2007-04-29 11:00:00Z;12.77732;0;3
2007-04-30 11:00:00Z;10.41963;0;3
2007-05-01 11:00:00Z;8.642809;0;3
2007-05-02 11:00:00Z;7.512222;0;3
2007-05-03 11:00:00Z;6.946942;0;3
2007-05-04 11:00:00Z;6.396583;0;3
2007-05-05 11:00:00Z;5.938477;0;3
2007-05-06 11:00:00Z;5.879124;0;3
2007-05-07 11:00:00Z;8.834529;0;3
2007-05-08 11:00:00Z;21.10752;0;3
2007-05-09 11:00:00Z;19.9457;0;3
2007-05-10 11:00:00Z;12.81008;0;3
2007-05-11 11:00:00Z;8.277536;0;3
2007-05-12 11:00:00Z;6.432995;0;3
2007-05-13 11:00:00Z;6.193202;0;3
2007-05-14 11:00:00Z;6.702663;2;3
2007-05-15 11:00:00Z;7.090898;0;3
2007-05-16 11:00:00Z;7.063487;0;3
2007-05-17 11:00:00Z;6.103449;0;3
2007-05-18 11:00:00Z;5.435746;0;3
2007-05-19 11:00:00Z;23.13496;0;3
2007-05-20 11:00:00Z;33.71584;0;3
2007-05-21 11:00:00Z;21.24202;0;3
2007-05-22 11:00:00Z;12.74825;0;3
2007-05-23 11:00:00Z;8.659562;0;3
2007-05-24 11:00:00Z;7.163709;0;3
2007-05-25 11:00:00Z;7.626959;0;3
2007-05-26 11:00:00Z;10.54342;0;3
2007-05-27 11:00:00Z;8.07015;0;3
2007-05-28 11:00:00Z;6.592408;0;3
2007-05-29 11:00:00Z;5.816323;0;3
2007-05-30 11:00:00Z;6.054847;0;3
2007-05-31 11:00:00Z;6.451931;0;3
2007-06-01 11:00:00Z;6.678367;0;3
2007-06-02 11:00:00Z;5.593911;0;3
2007-06-03 11:00:00Z;4.838697;0;3
2007-06-04 11:00:00Z;5.059087;0;3
2007-06-05 11:00:00Z;4.914219;0;3
2007-06-06 11:00:00Z;5.578813;0;3
2007-06-07 11:00:00Z;5.744243;0;3
2007-06-08 11:00:00Z;5.303894;0;3
2007-06-09 11:00:00Z;4.930988;0;3
2007-06-10 11:00:00Z;4.598035;0;3
2007-06-11 11:00:00Z;4.37587;0;3
2007-06-12 11:00:00Z;4.240226;0;3
2007-06-13 11:00:00Z;4.404686;0;3
2007-06-14 11:00:00Z;4.34685;0;3
2007-06-15 11:00:00Z;4.232196;0;3
2007-06-16 11:00:00Z;4.277275;0;3
2007-06-17 11:00:00Z;4.454086;0;3
2007-06-18 11:00:00Z;4.392337;0;3
2007-06-19 11:00:00Z;4.232806;0;3
2007-06-20 11:00:00Z;4.143868;0;3
2007-06-21 11:00:00Z;4.314631;0;3
2007-06-22 11:00:00Z;4.857116;0;3
2007-06-23 11:00:00Z;4.853717;0;3
2007-06-24 11:00:00Z;4.192962;0;3
2007-06-25 11:00:00Z;4.279108;0;3
2007-06-26 11:00:00Z;5.492982;0;3
2007-06-27 11:00:00Z;7.31259;0;3
2007-06-28 11:00:00Z;6.872993;0;3
2007-06-29 11:00:00Z;5.431902;0;3
2007-06-30 11:00:00Z;9.510828;0;3
2007-07-01 11:00:00Z;13.15579;0;3
2007-07-02 11:00:00Z;7.435807;0;3
2007-07-03 11:00:00Z;6.813163;0;3
2007-07-04 11:00:00Z;9.084263;0;3
2007-07-05 11:00:00Z;18.24739;0;3
2007-07-06 11:00:00Z;42.91538;0;3
2007-07-07 11:00:00Z;61.01836;0;3
2007-07-08 11:00:00Z;34.11584;0;3
2007-07-09 11:00:00Z;18.77534;0;3
2007-07-10 11:00:00Z;12.28104;0;3
2007-07-11 11:00:00Z;9.849568;0;3
2007-07-12 11:00:00Z;14.67583;0;3
2007-07-13 11:00:00Z;15.04144;0;3
2007-07-14 11:00:00Z;12.28823;0;3
2007-07-15 11:00:00Z;23.28825;0;3
2007-07-16 11:00:00Z;19.85752;0;3
2007-07-17 11:00:00Z;14.13045;0;3
2007-07-18 11:00:00Z;40.93531;0;3
2007-07-19 11:00:00Z;29.55167;0;3
2007-07-20 11:00:00Z;16.8473;0;3
2007-07-21 11:00:00Z;10.74914;0;3
2007-07-22 11:00:00Z;7.600762;0;3
2007-07-23 11:00:00Z;8.807752;0;3
2007-07-24 11:00:00Z;13.15417;0;3
2007-07-25 11:00:00Z;10.19605;0;3
2007-07-26 11:00:00Z;8.168415;0;3
2007-07-27 11:00:00Z;21.73684;0;3
2007-07-28 11:00:00Z;56.55016;0;3
2007-07-29 11:00:00Z;43.89071;0;3
2007-07-30 11:00:00Z;25.33541;0;3
2007-07-31 11:00:00Z;15.77464;0;3
2007-08-01 11:00:00Z;10.39616;0;3
2007-08-02 11:00:00Z;13.08316;0;3
2007-08-03 11:00:00Z;13.7715;0;3
2007-08-04 11:00:00Z;9.783812;0;3
2007-08-05 11:00:00Z;10.50051;0;3
2007-08-06 11:00:00Z;12.97782;0;3
2007-08-07 11:00:00Z;9.544967;0;3
2007-08-08 11:00:00Z;7.128646;0;3
2007-08-09 11:00:00Z;6.611447;0;3
2007-08-10 11:00:00Z;6.139755;0;3
2007-08-11 11:00:00Z;6.446137;0;3
2007-08-12 11:00:00Z;13.4827;0;3
2007-08-13 11:00:00Z;14.45572;0;3
2007-08-14 11:00:00Z;12.17789;0;3
2007-08-15 11:00:00Z;72.12613;0;3
2007-08-16 11:00:00Z;80.50012;0;3
2007-08-17 11:00:00Z;40.47014;0;3
2007-08-18 11:00:00Z;34.46271;0;3
2007-08-19 11:00:00Z;21.05795;0;3
2007-08-20 11:00:00Z;18.11877;0;3
2007-08-21 11:00:00Z;22.03726;0;3
2007-08-22 11:00:00Z;18.59057;0;3
2007-08-23 11:00:00Z;11.49888;0;3
2007-08-24 11:00:00Z;7.926137;0;3
2007-08-25 11:00:00Z;6.551372;0;3
2007-08-26 11:00:00Z;5.731814;0;3
2007-08-27 11:00:00Z;5.877017;0;3
2007-08-28 11:00:00Z;5.821684;0;3
2007-08-29 11:00:00Z;5.655104;0;3
2007-08-30 11:00:00Z;5.059603;0;3
2007-08-31 11:00:00Z;5.656199;0;3
2007-09-01 11:00:00Z;6.183312;0;3
2007-09-02 11:00:00Z;6.742751;0;3
2007-09-03 11:00:00Z;6.702663;2;3
2007-09-04 11:00:00Z;6.707326;0;3
2007-09-05 11:00:00Z;5.698246;0;3
2007-09-06 11:00:00Z;5.060017;0;3
2007-09-07 11:00:00Z;4.657303;0;3
2007-09-08 11:00:00Z;5.018145;0;3
2007-09-09 11:00:00Z;5.289273;0;3
2007-09-10 11:00:00Z;5.195642;0;3
2007-09-11 11:00:00Z;5.703877;0;3
2007-09-12 11:00:00Z;5.409363;0;3
2007-09-13 11:00:00Z;4.589599;0;3
2007-09-14 11:00:00Z;5.590331;0;3
2007-09-15 11:00:00Z;13.5868;0;3
2007-09-16 11:00:00Z;21.77757;0;3
2007-09-17 11:00:00Z;70.89542;0;3
2007-09-18 11:00:00Z;31.1477;0;3
2007-09-19 11:00:00Z;17.13011;0;3
2007-09-20 11:00:00Z;15.13205;0;3
2007-09-21 11:00:00Z;16.57328;0;3
2007-09-22 11:00:00Z;22.51829;0;3
2007-09-23 11:00:00Z;18.49451;0;3
2007-09-24 11:00:00Z;45.05693;0;3
2007-09-25 11:00:00Z;89.86653;0;3
2007-09-26 11:00:00Z;47.19082;0;3
2007-09-27 11:00:00Z;24.84405;0;3
2007-09-28 11:00:00Z;15.83288;0;3
2007-09-29 11:00:00Z;11.77904;0;3
2007-09-30 11:00:00Z;9.055057;0;3
2007-10-01 11:00:00Z;7.388334;0;3
2007-10-02 11:00:00Z;6.84601;0;3
2007-10-03 11:00:00Z;6.155643;0;3
2007-10-04 11:00:00Z;5.639227;0;3
2007-10-05 11:00:00Z;5.344848;0;3
2007-10-06 11:00:00Z;4.970911;0;3
2007-10-07 11:00:00Z;4.540504;0;3
2007-10-08 11:00:00Z;3.614242;0;3
2007-10-09 11:00:00Z;3.132618;0;3
2007-10-10 11:00:00Z;2.843941;0;3
2007-10-11 11:00:00Z;3.048838;0;3
2007-10-12 11:00:00Z;3.701436;0;3
2007-10-13 11:00:00Z;4.076121;0;3
2007-10-14 11:00:00Z;6.82708;0;3
2007-10-15 11:00:00Z;16.2791;0;3
2007-10-16 11:00:00Z;15.47943;0;3
2007-10-17 11:00:00Z;19.20996;0;3
2007-10-18 11:00:00Z;16.1216;0;3
2007-10-19 11:00:00Z;10.51464;0;3
2007-10-20 11:00:00Z;7.512875;0;3
2007-10-21 11:00:00Z;6.58556;0;3
2007-10-22 11:00:00Z;5.58486;0;3
2007-10-23 11:00:00Z;4.65452;0;3
2007-10-24 11:00:00Z;4.152812;0;3
2007-10-25 11:00:00Z;3.743477;0;3
2007-10-26 11:00:00Z;3.392587;0;3
2007-10-27 11:00:00Z;3.406627;0;3
2007-10-28 11:00:00Z;52.43244;0;3
2007-10-29 11:00:00Z;95.22635;0;3
2007-10-30 11:00:00Z;39.23093;0;3
2007-10-31 11:00:00Z;25.42592;0;3
2007-11-01 11:00:00Z;28.25895;0;3
2007-11-02 11:00:00Z;23.16066;0;3
2007-11-03 11:00:00Z;16.22094;0;3
2007-11-04 11:00:00Z;13.60559;0;3
2007-11-05 11:00:00Z;13.31471;0;3
2007-11-06 11:00:00Z;32.07331;0;3
2007-11-07 11:00:00Z;29.82372;0;3
2007-11-08 11:00:00Z;33.11363;0;3
2007-11-09 11:00:00Z;54.97161;0;3
2007-11-10 11:00:00Z;28.02967;0;3
2007-11-11 11:00:00Z;16.22239;0;3
2007-11-12 11:00:00Z;12.05059;0;3
2007-11-13 11:00:00Z;9.188557;0;3
2007-11-14 11:00:00Z;7.430427;0;3
2007-11-15 11:00:00Z;6.740132;0;3
2007-11-16 11:00:00Z;5.904158;0;3
2007-11-17 11:00:00Z;4.902901;0;3
2007-11-18 11:00:00Z;4.355083;0;3
2007-11-19 11:00:00Z;4.652458;0;3
2007-11-20 11:00:00Z;5.554821;0;3
2007-11-21 11:00:00Z;5.506633;0;3
2007-11-22 11:00:00Z;5.845778;0;3
2007-11-23 11:00:00Z;15.53465;0;3
2007-11-24 11:00:00Z;17.71461;0;3
2007-11-25 11:00:00Z;21.75948;0;3
2007-11-26 11:00:00Z;13.8061;0;3
2007-11-27 11:00:00Z;9.712638;0;3
2007-11-28 11:00:00Z;8.962299;0;3
2007-11-29 11:00:00Z;50.86757;0;3
2007-11-30 11:00:00Z;48.57837;0;3
2007-12-01 11:00:00Z;59.81546;0;3
2007-12-02 11:00:00Z;77.16917;0;3
2007-12-03 11:00:00Z;40.98487;0;3
2007-12-04 11:00:00Z;23.32553;0;3
2007-12-05 11:00:00Z;37.42038;0;3
2007-12-06 11:00:00Z;131.8764;0;3
2007-12-07 11:00:00Z;82.81033;0;3
2007-12-08 11:00:00Z;38.75735;0;3
2007-12-09 11:00:00Z;22.16644;0;3
2007-12-10 11:00:00Z;15.96748;0;3
2007-12-11 11:00:00Z;11.8714;0;3
2007-12-12 11:00:00Z;8.831992;0;3
2007-12-13 11:00:00Z;7.779712;0;3
2007-12-14 11:00:00Z;7.150114;0;3
2007-12-15 11:00:00Z;6.60071;0;3
2007-12-16 11:00:00Z;5.811574;0;3
2007-12-17 11:00:00Z;4.050144;0;3
2007-12-18 11:00:00Z;3.336478;0;3
2007-12-19 11:00:00Z;2.846961;0;3
2007-12-20 11:00:00Z;2.906834;0;3
2007-12-21 11:00:00Z;2.962214;0;3
2007-12-22 11:00:00Z;3.022285;0;3
2007-12-23 11:00:00Z;3.253358;0;3
2007-12-24 11:00:00Z;4.395747;0;3
2007-12-25 11:00:00Z;5.767864;0;3
2007-12-26 11:00:00Z;7.589694;0;3
2007-12-27 11:00:00Z;37.7395;0;3
2007-12-28 11:00:00Z;75.84127;0;3
2007-12-29 11:00:00Z;122.0702;0;3
2007-12-30 11:00:00Z;65.42213;0;3
2007-12-31 11:00:00Z;29.063;0;3
2008-01-01 11:00:00Z;17.33323;0;3
2008-01-02 11:00:00Z;12.42084;0;3
2008-01-03 11:00:00Z;9.663128;0;3
2008-01-04 11:00:00Z;7.495544;0;3
2008-01-05 11:00:00Z;6.437939;0;3
2008-01-06 11:00:00Z;6.625327;0;3
2008-01-07 11:00:00Z;6.667633;0;3
2008-01-08 11:00:00Z;6.656473;0;3
2008-01-09 11:00:00Z;10.29243;0;3
2008-01-10 11:00:00Z;31.06711;0;3
2008-01-11 11:00:00Z;48.22229;0;3
2008-01-12 11:00:00Z;30.70933;0;3
2008-01-13 11:00:00Z;19.97646;0;3
2008-01-14 11:00:00Z;50.7746;0;3
2008-01-15 11:00:00Z;104.0476;0;3
2008-01-16 11:00:00Z;118.5446;0;3
2008-01-17 11:00:00Z;73.72657;0;3
2008-01-18 11:00:00Z;38.21951;0;3
2008-01-19 11:00:00Z;64.73204;0;3
2008-01-20 11:00:00Z;45.18745;0;3
2008-01-21 11:00:00Z;36.06448;0;3
2008-01-22 11:00:00Z;23.69929;0;3
2008-01-23 11:00:00Z;17.68006;0;3
2008-01-24 11:00:00Z;35.52415;0;3
2008-01-25 11:00:00Z;67.42472;0;3
2008-01-26 11:00:00Z;81.30882;0;3
2008-01-27 11:00:00Z;47.51506;0;3
2008-01-28 11:00:00Z;27.91398;0;3
2008-01-29 11:00:00Z;29.37846;0;3
2008-01-30 11:00:00Z;37.13478;0;3
2008-01-31 11:00:00Z;42.57979;0;3
2008-02-01 11:00:00Z;43.31184;0;3
2008-02-02 11:00:00Z;27.032;0;3
2008-02-03 11:00:00Z;24.72195;0;3
2008-02-04 11:00:00Z;32.5795;0;3
2008-02-05 11:00:00Z;25.17352;0;3
2008-02-06 11:00:00Z;35.57958;0;3
2008-02-07 11:00:00Z;31.41601;0;3
2008-02-08 11:00:00Z;21.75161;0;3
2008-02-09 11:00:00Z;24.83131;0;3
2008-02-10 11:00:00Z;28.54822;0;3
2008-02-11 11:00:00Z;23.48396;0;3
2008-02-12 11:00:00Z;17.32556;0;3
2008-02-13 11:00:00Z;12.76277;0;3
2008-02-14 11:00:00Z;10.17956;1;3
2008-02-15 11:00:00Z;8.170164;0;3
2008-02-16 11:00:00Z;7.67045;0;3
2008-02-17 11:00:00Z;7.708902;0;3
2008-02-18 11:00:00Z;18.97126;0;3
2008-02-19 11:00:00Z;40.95584;0;3
2008-02-20 11:00:00Z;36.10645;0;3
2008-02-21 11:00:00Z;27.42942;0;3
2008-02-22 11:00:00Z;78.2462;0;3
2008-02-23 11:00:00Z;61.7697;0;3
2008-02-24 11:00:00Z;57.16184;0;3
2008-02-25 11:00:00Z;72.46762;0;3
2008-02-26 11:00:00Z;60.24899;0;3
2008-02-27 11:00:00Z;94.83794;0;3
2008-02-28 11:00:00Z;61.0298;0;3
2008-02-29 11:00:00Z;37.62404;0;3
2008-03-01 11:00:00Z;36.72133;0;3
2008-03-02 11:00:00Z;28.21632;0;3
2008-03-03 11:00:00Z;23.55083;0;3
2008-03-04 11:00:00Z;15.93732;0;3
2008-03-05 11:00:00Z;12.05825;0;3
2008-03-06 11:00:00Z;28.98383;0;3
2008-03-07 11:00:00Z;27.13476;0;3
2008-03-08 11:00:00Z;39.1289;0;3
2008-03-09 11:00:00Z;90.41898;0;3
2008-03-10 11:00:00Z;56.33574;0;3
2008-03-11 11:00:00Z;46.90556;0;3
2008-03-12 11:00:00Z;55.52532;0;3
2008-03-13 11:00:00Z;33.06188;0;3
2008-03-14 11:00:00Z;22.90697;0;3
2008-03-15 11:00:00Z;18.46863;0;3
2008-03-16 11:00:00Z;16.46;0;3
2008-03-17 11:00:00Z;12.90495;0;3
2008-03-18 11:00:00Z;10.25754;0;3
2008-03-19 11:00:00Z;8.257675;0;3
2008-03-20 11:00:00Z;7.249745;0;3
2008-03-21 11:00:00Z;7.077753;0;3
2008-03-22 11:00:00Z;6.11018;0;3
2008-03-23 11:00:00Z;5.452202;0;3
2008-03-24 11:00:00Z;5.095205;0;3
2008-03-25 11:00:00Z;4.662229;0;3
2008-03-26 11:00:00Z;4.571616;0;3
2008-03-27 11:00:00Z;4.546364;0;3
2008-03-28 11:00:00Z;4.563877;0;3
2008-03-29 11:00:00Z;6.435583;0;3
2008-03-30 11:00:00Z;30.20258;1;3
2008-03-31 11:00:00Z;50.15932;0;3
2008-04-01 11:00:00Z;35.48149;0;3
2008-04-02 11:00:00Z;49.16768;0;3
2008-04-03 11:00:00Z;36.14299;0;3
2008-04-04 11:00:00Z;24.80807;0;3
2008-04-05 11:00:00Z;25.96012;0;3
2008-04-06 11:00:00Z;21.25941;0;3
2008-04-07 11:00:00Z;16.12774;0;3
2008-04-08 11:00:00Z;15.47818;0;3
2008-04-09 11:00:00Z;11.24357;0;3
2008-04-10 11:00:00Z;9.805583;0;3
2008-04-11 11:00:00Z;10.123;0;3
2008-04-12 11:00:00Z;10.4773;0;3
2008-04-13 11:00:00Z;14.75532;0;3
2008-04-14 11:00:00Z;20.29671;0;3
2008-04-15 11:00:00Z;16.33028;0;3
2008-04-16 11:00:00Z;13.55087;0;3
2008-04-17 11:00:00Z;11.93908;0;3
2008-04-18 11:00:00Z;11.9881;0;3
2008-04-19 11:00:00Z;12.1711;0;3
2008-04-20 11:00:00Z;12.68487;0;3
2008-04-21 11:00:00Z;14.93594;1;3
2008-04-22 11:00:00Z;19.28339;0;3
2008-04-23 11:00:00Z;23.04605;0;3
2008-04-24 11:00:00Z;23.49447;0;3
2008-04-25 11:00:00Z;23.72061;0;3
2008-04-26 11:00:00Z;28.38762;0;3
2008-04-27 11:00:00Z;36.32821;0;3
2008-04-28 11:00:00Z;73.4797;0;3
2008-04-29 11:00:00Z;102.0743;0;3
2008-04-30 11:00:00Z;113.9174;0;3
2008-05-01 11:00:00Z;108.0836;0;3
2008-05-02 11:00:00Z;83.2673;0;3
2008-05-03 11:00:00Z;44.95186;0;3
2008-05-04 11:00:00Z;34.25668;0;3
2008-05-05 11:00:00Z;29.52687;0;3
2008-05-06 11:00:00Z;27.70922;0;3
2008-05-07 11:00:00Z;29.67737;0;3
2008-05-08 11:00:00Z;28.16991;0;3
2008-05-09 11:00:00Z;28.3179;0;3
2008-05-10 11:00:00Z;26.11702;0;3
2008-05-11 11:00:00Z;24.17662;0;3
2008-05-12 11:00:00Z;27.3246;0;3
2008-05-13 11:00:00Z;24.34218;0;3
2008-05-14 11:00:00Z;19.40269;0;3
2008-05-15 11:00:00Z;16.05134;0;3
2008-05-16 11:00:00Z;17.68878;0;3
2008-05-17 11:00:00Z;17.09251;0;3
2008-05-18 11:00:00Z;12.58245;0;3
2008-05-19 11:00:00Z;9.550943;0;3
2008-05-20 11:00:00Z;7.877412;0;3
2008-05-21 11:00:00Z;7.073759;0;3
2008-05-22 11:00:00Z;7.247273;0;3
2008-05-23 11:00:00Z;7.850521;0;3
2008-05-24 11:00:00Z;8.080567;0;3
2008-05-25 11:00:00Z;7.499055;0;3
2008-05-26 11:00:00Z;10.72346;0;3
2008-05-27 11:00:00Z;8.52927;0;3
2008-05-28 11:00:00Z;7.331009;0;3
2008-05-29 11:00:00Z;8.48517;0;3
2008-05-30 11:00:00Z;11.5835;0;3
2008-05-31 11:00:00Z;9.750723;0;3
2008-06-01 11:00:00Z;8.31662;0;3
2008-06-02 11:00:00Z;7.11126;0;3
2008-06-03 11:00:00Z;6.412495;0;3
2008-06-04 11:00:00Z;7.091026;0;3
2008-06-05 11:00:00Z;7.927012;0;3
2008-06-06 11:00:00Z;6.101028;0;3
2008-06-07 11:00:00Z;4.859571;0;3
2008-06-08 11:00:00Z;3.650163;0;3
2008-06-09 11:00:00Z;5.134194;0;3
2008-06-10 11:00:00Z;6.420044;0;3
2008-06-11 11:00:00Z;6.386061;0;3
2008-06-12 11:00:00Z;6.000875;0;3
2008-06-13 11:00:00Z;5.086478;0;3
2008-06-14 11:00:00Z;4.824295;0;3
2008-06-15 11:00:00Z;5.653328;0;3
2008-06-16 11:00:00Z;5.714891;0;3
2008-06-17 11:00:00Z;5.70542;0;3
2008-06-18 11:00:00Z;6.267695;0;3
2008-06-19 11:00:00Z;13.86791;0;3
2008-06-20 11:00:00Z;49.90841;0;3
2008-06-21 11:00:00Z;31.55686;0;3
2008-06-22 11:00:00Z;21.68936;0;3
2008-06-23 11:00:00Z;37.35078;0;3
2008-06-24 11:00:00Z;30.76466;0;3
2008-06-25 11:00:00Z;15.7619;0;3
2008-06-26 11:00:00Z;9.828236;0;3
2008-06-27 11:00:00Z;7.640971;0;3
2008-06-28 11:00:00Z;7.685404;0;3
2008-06-29 11:00:00Z;7.062778;0;3
2008-06-30 11:00:00Z;7.100174;0;3
2008-07-01 11:00:00Z;7.078702;0;3
2008-07-02 11:00:00Z;6.766549;0;3
2008-07-03 11:00:00Z;6.159109;0;3
2008-07-04 11:00:00Z;5.612274;0;3
2008-07-05 11:00:00Z;5.897975;0;3
2008-07-06 11:00:00Z;5.98099;0;3
2008-07-07 11:00:00Z;6.433418;0;3
2008-07-08 11:00:00Z;8.110973;0;3
2008-07-09 11:00:00Z;9.043116;0;3
2008-07-10 11:00:00Z;7.072139;0;3
2008-07-11 11:00:00Z;6.902337;0;3
2008-07-12 11:00:00Z;21.85121;0;3
2008-07-13 11:00:00Z;46.61195;0;3
2008-07-14 11:00:00Z;29.37617;0;3
2008-07-15 11:00:00Z;17.02926;0;3
2008-07-16 11:00:00Z;11.92529;0;3
2008-07-17 11:00:00Z;11.47034;0;3
2008-07-18 11:00:00Z;9.683331;0;3
2008-07-19 11:00:00Z;7.478301;0;3
2008-07-20 11:00:00Z;21.11896;0;3
2008-07-21 11:00:00Z;23.20809;0;3
2008-07-22 11:00:00Z;14.37056;0;3
2008-07-23 11:00:00Z;8.927285;0;3
2008-07-24 11:00:00Z;7.283741;0;3
2008-07-25 11:00:00Z;7.767749;0;3
2008-07-26 11:00:00Z;7.414392;0;3
2008-07-27 11:00:00Z;6.345029;0;3
2008-07-28 11:00:00Z;5.972359;0;3
2008-07-29 11:00:00Z;5.868937;0;3
2008-07-30 11:00:00Z;5.966575;0;3
2008-07-31 11:00:00Z;5.729411;0;3
2008-08-01 11:00:00Z;5.530622;0;3
2008-08-02 11:00:00Z;5.696682;0;3
2008-08-03 11:00:00Z;6.411209;0;3
2008-08-04 11:00:00Z;7.249571;0;3
2008-08-05 11:00:00Z;7.156268;0;3
2008-08-06 11:00:00Z;6.651637;0;3
2008-08-07 11:00:00Z;13.91042;0;3
2008-08-08 11:00:00Z;18.86333;0;3
2008-08-09 11:00:00Z;11.11967;0;3
2008-08-10 11:00:00Z;7.613935;0;3
2008-08-11 11:00:00Z;31.4092;0;3
2008-08-12 11:00:00Z;41.63429;0;3
2008-08-13 11:00:00Z;27.56458;0;3
2008-08-14 11:00:00Z;41.952;0;3
2008-08-15 11:00:00Z;28.09631;0;3
2008-08-16 11:00:00Z;16.70503;0;3
2008-08-17 11:00:00Z;11.32833;0;3
2008-08-18 11:00:00Z;8.266543;0;3
2008-08-19 11:00:00Z;7.499502;0;3
2008-08-20 11:00:00Z;8.974819;0;3
2008-08-21 11:00:00Z;8.69296;0;3
2008-08-22 11:00:00Z;6.804124;0;3
2008-08-23 11:00:00Z;6.091462;0;3
2008-08-24 11:00:00Z;5.517769;0;3
2008-08-25 11:00:00Z;5.731505;0;3
2008-08-26 11:00:00Z;9.945142;0;3
2008-08-27 11:00:00Z;16.56804;0;3
2008-08-28 11:00:00Z;18.33567;0;3
2008-08-29 11:00:00Z;15.34059;0;3
2008-08-30 11:00:00Z;9.655749;0;3
2008-08-31 11:00:00Z;7.082829;0;3
2008-09-01 11:00:00Z;6.412638;0;3
2008-09-02 11:00:00Z;26.59266;0;3
2008-09-03 11:00:00Z;111.6767;0;3
2008-09-04 11:00:00Z;67.53874;0;3
2008-09-05 11:00:00Z;59.32838;0;3
2008-09-06 11:00:00Z;32.40473;0;3
2008-09-07 11:00:00Z;20.73331;0;3
2008-09-08 11:00:00Z;15.33423;0;3
2008-09-09 11:00:00Z;16.69744;0;3
2008-09-10 11:00:00Z;17.29896;0;3
2008-09-11 11:00:00Z;16.81071;0;3
2008-09-12 11:00:00Z;14.15941;0;3
2008-09-13 11:00:00Z;10.59564;0;3
2008-09-14 11:00:00Z;7.285793;0;3
2008-09-15 11:00:00Z;6.90304;0;3
2008-09-16 11:00:00Z;6.897777;0;3
2008-09-17 11:00:00Z;6.466445;0;3
2008-09-18 11:00:00Z;6.119028;0;3
2008-09-19 11:00:00Z;6.636088;0;3
2008-09-20 11:00:00Z;9.499286;0;3
2008-09-21 11:00:00Z;8.885192;0;3
2008-09-22 11:00:00Z;6.785906;0;3
2008-09-23 11:00:00Z;6.471812;0;3
2008-09-24 11:00:00Z;6.635637;0;3
2008-09-25 11:00:00Z;6.548937;0;3
2008-09-26 11:00:00Z;5.932904;0;3
2008-09-27 11:00:00Z;5.58264;0;3
2008-09-28 11:00:00Z;6.542832;0;3
2008-09-29 11:00:00Z;6.578922;0;3
2008-09-30 11:00:00Z;7.444206;0;3
2008-10-01 11:00:00Z;11.63253;0;3
2008-10-02 11:00:00Z;7.829774;0;3
2008-10-03 11:00:00Z;6.933944;0;3
2008-10-04 11:00:00Z;11.82636;0;3
2008-10-05 11:00:00Z;41.54248;0;3
2008-10-06 11:00:00Z;38.71046;0;3
2008-10-07 11:00:00Z;21.49545;0;3
2008-10-08 11:00:00Z;35.67199;0;3
2008-10-09 11:00:00Z;52.35186;0;3
2008-10-10 11:00:00Z;26.4822;0;3
2008-10-11 11:00:00Z;37.11191;0;3
2008-10-12 11:00:00Z;32.64621;0;3
2008-10-13 11:00:00Z;18.98044;0;3
2008-10-14 11:00:00Z;13.23438;0;3
2008-10-15 11:00:00Z;10.28712;0;3
2008-10-16 11:00:00Z;10.63337;0;3
2008-10-17 11:00:00Z;12.56543;0;3
2008-10-18 11:00:00Z;13.09526;0;3
2008-10-19 11:00:00Z;32.34041;0;3
2008-10-20 11:00:00Z;78.65192;0;3
2008-10-21 11:00:00Z;106.7887;0;3
2008-10-22 11:00:00Z;69.26325;0;3
2008-10-23 11:00:00Z;54.15016;0;3
2008-10-24 11:00:00Z;128.4945;0;3
2008-10-25 11:00:00Z;64.64256;0;3
2008-10-26 11:00:00Z;150.3581;0;3
2008-10-27 11:00:00Z;83.07626;0;3
2008-10-28 11:00:00Z;52.72711;0;3
2008-10-29 11:00:00Z;29.66129;0;3
2008-10-30 11:00:00Z;20.99866;0;3
2008-10-31 11:00:00Z;16.11362;0;3
2008-11-01 11:00:00Z;12.86374;0;3
2008-11-02 11:00:00Z;9.937847;0;3
2008-11-03 11:00:00Z;8.231691;0;3
2008-11-04 11:00:00Z;7.523179;0;3
2008-11-05 11:00:00Z;7.406063;0;3
2008-11-06 11:00:00Z;9.20816;0;3
2008-11-07 11:00:00Z;11.63996;0;3
2008-11-08 11:00:00Z;15.79846;0;3
2008-11-09 11:00:00Z;58.17356;0;3
2008-11-10 11:00:00Z;113.8832;0;3
2008-11-11 11:00:00Z;69.88197;0;3
2008-11-12 11:00:00Z;37.93251;0;3
2008-11-13 11:00:00Z;23.98918;0;3
2008-11-14 11:00:00Z;24.35466;0;3
2008-11-15 11:00:00Z;52.35932;0;3
2008-11-16 11:00:00Z;55.93253;0;3
2008-11-17 11:00:00Z;33.16731;0;3
2008-11-18 11:00:00Z;36.49752;0;3
2008-11-19 11:00:00Z;35.04435;0;3
2008-11-20 11:00:00Z;25.96011;0;3
2008-11-21 11:00:00Z;22.43327;0;3
2008-11-22 11:00:00Z;14.50591;0;3
2008-11-23 11:00:00Z;10.08299;0;3
2008-11-24 11:00:00Z;7.773726;0;3
2008-11-25 11:00:00Z;7.004184;0;3
2008-11-26 11:00:00Z;7.011834;1;3
2008-11-27 11:00:00Z;9.273856;1;3
2008-11-28 11:00:00Z;34.76089;0;3
2008-11-29 11:00:00Z;26.22195;0;3
2008-11-30 11:00:00Z;17.88998;0;3
2008-12-01 11:00:00Z;11.92473;0;3
2008-12-02 11:00:00Z;8.942535;0;3
2008-12-03 11:00:00Z;7.037529;0;3
2008-12-04 11:00:00Z;6.43572;0;3
2008-12-05 11:00:00Z;6.035279;0;3
2008-12-06 11:00:00Z;5.427526;0;3
2008-12-07 11:00:00Z;4.627156;0;3
2008-12-08 11:00:00Z;5.023013;0;3
2008-12-09 11:00:00Z;6.900081;0;3
2008-12-10 11:00:00Z;6.492137;0;3
2008-12-11 11:00:00Z;5.324181;0;3
2008-12-12 11:00:00Z;4.658123;0;3
2008-12-13 11:00:00Z;4.301974;0;3
2008-12-14 11:00:00Z;4.325921;0;3
2008-12-15 11:00:00Z;4.302993;0;3
2008-12-16 11:00:00Z;4.431702;0;3
2008-12-17 11:00:00Z;12.4557;0;3
2008-12-18 11:00:00Z;35.50133;0;3
2008-12-19 11:00:00Z;80.91555;0;3
2008-12-20 11:00:00Z;65.5402;0;3
2008-12-21 11:00:00Z;56.53133;0;3
2008-12-22 11:00:00Z;53.04678;0;3
2008-12-23 11:00:00Z;37.92705;0;3
2008-12-24 11:00:00Z;22.56255;0;3
2008-12-25 11:00:00Z;15.89523;0;3
2008-12-26 11:00:00Z;11.28483;0;3
2008-12-27 11:00:00Z;8.672289;0;3
2008-12-28 11:00:00Z;7.226648;0;3
2008-12-29 11:00:00Z;6.92956;0;3
2008-12-30 11:00:00Z;6.538415;0;3
2008-12-31 11:00:00Z;5.518501;0;3
2009-01-01 11:00:00Z;5.07864;0;3
2009-01-02 11:00:00Z;3.58867;0;3
2009-01-03 11:00:00Z;3.545012;0;3
2009-01-04 11:00:00Z;3.264528;0;3
2009-01-05 11:00:00Z;2.67303;0;3
2009-01-06 11:00:00Z;2.432288;0;3
2009-01-07 11:00:00Z;2.651386;0;3
2009-01-08 11:00:00Z;3.303278;0;3
2009-01-09 11:00:00Z;4.541322;0;3
2009-01-10 11:00:00Z;5.494769;0;3
2009-01-11 11:00:00Z;24.46894;0;3
2009-01-12 11:00:00Z;173.0221;0;3
2009-01-13 11:00:00Z;96.71242;0;3
2009-01-14 11:00:00Z;43.24557;0;3
2009-01-15 11:00:00Z;23.42821;0;3
2009-01-16 11:00:00Z;14.90974;0;3
2009-01-17 11:00:00Z;9.81527;0;3
2009-01-18 11:00:00Z;9.051782;0;3
2009-01-19 11:00:00Z;10.28248;0;3
2009-01-20 11:00:00Z;9.557877;0;3
2009-01-21 11:00:00Z;9.416663;0;3
2009-01-22 11:00:00Z;12.86487;0;3
2009-01-23 11:00:00Z;10.34112;0;3
2009-01-24 11:00:00Z;8.100163;0;3
2009-01-25 11:00:00Z;6.648705;0;3
2009-01-26 11:00:00Z;5.998445;0;3
2009-01-27 11:00:00Z;5.596504;0;3
2009-01-28 11:00:00Z;5.257579;0;3
2009-01-29 11:00:00Z;4.934896;0;3
2009-01-30 11:00:00Z;4.406781;0;3
2009-01-31 11:00:00Z;3.778694;0;3
2009-02-01 11:00:00Z;3.191546;0;3
2009-02-02 11:00:00Z;3.495065;0;3
2009-02-03 11:00:00Z;4.603246;0;3
2009-02-04 11:00:00Z;3.481085;0;3
2009-02-05 11:00:00Z;3.932224;0;3
2009-02-06 11:00:00Z;4.171972;0;3
2009-02-07 11:00:00Z;4.208107;0;3
2009-02-08 11:00:00Z;3.905129;0;3
2009-02-09 11:00:00Z;3.600499;0;3
2009-02-10 11:00:00Z;3.460327;0;3
2009-02-11 11:00:00Z;3.245037;0;3
2009-02-12 11:00:00Z;2.689815;0;3
2009-02-13 11:00:00Z;5.94477;0;3
2009-02-14 11:00:00Z;3.767303;0;3
2009-02-15 11:00:00Z;3.436137;0;3
2009-02-16 11:00:00Z;3.7806;0;3
2009-02-17 11:00:00Z;3.7804;0;3
2009-02-18 11:00:00Z;3.545612;0;3
2009-02-19 11:00:00Z;3.795751;0;3
2009-02-20 11:00:00Z;3.407037;0;3
2009-02-21 11:00:00Z;3.080322;0;3
2009-02-22 11:00:00Z;3.335489;0;3
2009-02-23 11:00:00Z;8.366255;0;3
2009-02-24 11:00:00Z;8.768536;0;3
2009-02-25 11:00:00Z;7.808208;0;3
2009-02-26 11:00:00Z;18.05239;0;3
2009-02-27 11:00:00Z;16.8124;0;3
2009-02-28 11:00:00Z;9.796601;0;3
2009-03-01 11:00:00Z;6.876983;0;3
2009-03-02 11:00:00Z;6.224029;0;3
2009-03-03 11:00:00Z;6.973171;0;3
2009-03-04 11:00:00Z;16.82377;0;3
2009-03-05 11:00:00Z;17.12291;0;3
2009-03-06 11:00:00Z;11.37575;0;3
2009-03-07 11:00:00Z;8.062139;0;3
2009-03-08 11:00:00Z;8.843834;0;3
2009-03-09 11:00:00Z;9.417047;0;3
2009-03-10 11:00:00Z;9.888838;0;3
2009-03-11 11:00:00Z;8.305695;0;3
2009-03-12 11:00:00Z;7.271218;0;3
2009-03-13 11:00:00Z;7.008917;0;3
2009-03-14 11:00:00Z;7.50646;0;3
2009-03-15 11:00:00Z;8.548615;0;3
2009-03-16 11:00:00Z;11.00274;0;3
2009-03-17 11:00:00Z;14.77637;0;3
2009-03-18 11:00:00Z;14.70666;0;3
2009-03-19 11:00:00Z;11.39647;0;3
2009-03-20 11:00:00Z;9.249194;0;3
2009-03-21 11:00:00Z;8.228786;0;3
2009-03-22 11:00:00Z;10.02732;0;3
2009-03-23 11:00:00Z;15.42748;0;3
2009-03-24 11:00:00Z;12.55396;0;3
2009-03-25 11:00:00Z;9.380818;0;3
2009-03-26 11:00:00Z;7.385243;0;3
2009-03-27 11:00:00Z;6.840002;0;3
2009-03-28 11:00:00Z;6.379642;0;3
2009-03-29 11:00:00Z;5.956789;0;3
2009-03-30 11:00:00Z;6.112728;0;3
2009-03-31 11:00:00Z;11.62052;0;3
2009-04-01 11:00:00Z;25.74246;0;3
2009-04-02 11:00:00Z;30.11345;0;3
2009-04-03 11:00:00Z;28.34387;0;3
2009-04-04 11:00:00Z;26.84383;0;3
2009-04-05 11:00:00Z;32.19669;0;3
2009-04-06 11:00:00Z;35.5752;0;3
2009-04-07 11:00:00Z;29.28144;0;3
2009-04-08 11:00:00Z;41.93982;0;3
2009-04-09 11:00:00Z;62.93922;0;3
2009-04-10 11:00:00Z;55.53074;0;3
2009-04-11 11:00:00Z;54.13213;0;3
2009-04-12 11:00:00Z;53.31208;0;3
2009-04-13 11:00:00Z;47.03478;0;3
2009-04-14 11:00:00Z;42.13799;0;3
2009-04-15 11:00:00Z;36.74038;0;3
2009-04-16 11:00:00Z;32.94571;0;3
2009-04-17 11:00:00Z;27.16613;0;3
2009-04-18 11:00:00Z;21.23612;0;3
2009-04-19 11:00:00Z;17.7984;0;3
2009-04-20 11:00:00Z;16.13985;2;3
2009-04-21 11:00:00Z;14.52181;0;3
2009-04-22 11:00:00Z;13.47979;0;3
2009-04-23 11:00:00Z;12.36172;0;3
2009-04-24 11:00:00Z;11.63811;0;3
2009-04-25 11:00:00Z;11.22574;0;3
2009-04-26 11:00:00Z;10.73741;0;3
2009-04-27 11:00:00Z;13.53476;0;3
2009-04-28 11:00:00Z;23.39767;0;3
2009-04-29 11:00:00Z;19.21912;0;3
2009-04-30 11:00:00Z;16.30887;0;3
2009-05-01 11:00:00Z;16.28782;0;3
2009-05-02 11:00:00Z;12.30883;0;3
2009-05-03 11:00:00Z;9.203746;0;3
2009-05-04 11:00:00Z;7.063772;0;3
2009-05-05 11:00:00Z;8.552649;0;3
2009-05-06 11:00:00Z;11.57351;0;3
2009-05-07 11:00:00Z;12.60887;0;3
2009-05-08 11:00:00Z;16.84694;0;3
2009-05-09 11:00:00Z;22.38723;0;3
2009-05-10 11:00:00Z;24.14375;0;3
2009-05-11 11:00:00Z;21.96111;0;3
2009-05-12 11:00:00Z;13.9672;0;3
2009-05-13 11:00:00Z;9.156352;0;3
2009-05-14 11:00:00Z;7.192852;0;3
2009-05-15 11:00:00Z;6.590187;0;3
2009-05-16 11:00:00Z;6.646904;0;3
2009-05-17 11:00:00Z;6.149223;0;3
2009-05-18 11:00:00Z;6.468456;0;3
2009-05-19 11:00:00Z;11.47511;0;3
2009-05-20 11:00:00Z;16.26397;0;3
2009-05-21 11:00:00Z;25.71486;0;3
2009-05-22 11:00:00Z;21.80371;0;3
2009-05-23 11:00:00Z;22.80759;0;3
2009-05-24 11:00:00Z;15.01489;0;3
2009-05-25 11:00:00Z;9.703217;0;3
2009-05-26 11:00:00Z;8.598848;0;3
2009-05-27 11:00:00Z;18.57617;0;3
2009-05-28 11:00:00Z;37.07816;0;3
2009-05-29 11:00:00Z;25.71011;0;3
2009-05-30 11:00:00Z;14.57217;0;3
2009-05-31 11:00:00Z;9.272068;0;3
2009-06-01 11:00:00Z;6.83559;0;3
2009-06-02 11:00:00Z;6.761604;0;3
2009-06-03 11:00:00Z;6.813693;0;3
2009-06-04 11:00:00Z;6.544206;0;3
2009-06-05 11:00:00Z;6.263484;0;3
2009-06-06 11:00:00Z;6.121651;0;3
2009-06-07 11:00:00Z;5.335472;0;3
2009-06-08 11:00:00Z;6.223502;0;3
2009-06-09 11:00:00Z;6.148487;0;3
2009-06-10 11:00:00Z;6.099038;0;3
2009-06-11 11:00:00Z;6.099038;0;3
2009-06-12 11:00:00Z;5.889029;0;3
2009-06-13 11:00:00Z;5.587345;0;3
2009-06-14 11:00:00Z;5.354215;0;3
2009-06-15 11:00:00Z;5.193883;0;3
2009-06-16 11:00:00Z;5.081208;0;3
2009-06-17 11:00:00Z;4.994381;0;3
2009-06-18 11:00:00Z;17.68639;0;3
2009-06-19 11:00:00Z;28.29435;0;3
2009-06-20 11:00:00Z;32.99707;0;3
2009-06-21 11:00:00Z;16.01359;0;3
2009-06-22 11:00:00Z;9.230048;0;3
2009-06-23 11:00:00Z;6.891814;0;3
2009-06-24 11:00:00Z;6.797587;0;3
2009-06-25 11:00:00Z;6.339869;0;3
2009-06-26 11:00:00Z;5.731083;0;3
2009-06-27 11:00:00Z;6.032014;0;3
2009-06-28 11:00:00Z;5.854626;0;3
2009-06-29 11:00:00Z;5.596712;0;3
2009-06-30 11:00:00Z;5.957834;0;3
2009-07-01 11:00:00Z;5.791809;0;3
2009-07-02 11:00:00Z;5.253881;0;3
2009-07-03 11:00:00Z;5.081313;0;3
2009-07-04 11:00:00Z;4.939013;0;3
2009-07-05 11:00:00Z;4.808037;0;3
2009-07-06 11:00:00Z;4.717392;0;3
2009-07-07 11:00:00Z;5.363524;0;3
2009-07-08 11:00:00Z;5.782233;0;3
2009-07-09 11:00:00Z;6.231926;0;3
2009-07-10 11:00:00Z;7.486475;0;3
2009-07-11 11:00:00Z;9.837199;0;3
2009-07-12 11:00:00Z;13.35956;0;3
2009-07-13 11:00:00Z;10.64172;0;3
2009-07-14 11:00:00Z;12.58786;0;3
2009-07-15 11:00:00Z;10.16497;0;3
2009-07-16 11:00:00Z;14.5586;0;3
2009-07-17 11:00:00Z;16.41024;0;3
2009-07-18 11:00:00Z;22.18831;0;3
2009-07-19 11:00:00Z;76.88992;0;3
2009-07-20 11:00:00Z;33.64742;0;3
2009-07-21 11:00:00Z;19.29128;0;3
2009-07-22 11:00:00Z;13.73657;0;3
2009-07-23 11:00:00Z;18.33148;0;3
2009-07-24 11:00:00Z;45.12596;0;3
2009-07-25 11:00:00Z;37.06801;0;3
2009-07-26 11:00:00Z;19.95037;0;3
2009-07-27 11:00:00Z;13.13227;0;3
2009-07-28 11:00:00Z;32.23396;0;3
2009-07-29 11:00:00Z;28.22071;0;3
2009-07-30 11:00:00Z;39.84785;0;3
2009-07-31 11:00:00Z;81.30832;0;3
2009-08-01 11:00:00Z;49.62548;0;3
2009-08-02 11:00:00Z;25.16959;0;3
2009-08-03 11:00:00Z;22.72526;0;3
2009-08-04 11:00:00Z;19.14853;0;3
2009-08-05 11:00:00Z;13.27481;0;3
2009-08-06 11:00:00Z;9.708129;0;3
2009-08-07 11:00:00Z;7.487664;0;3
2009-08-08 11:00:00Z;6.9724;0;3
2009-08-09 11:00:00Z;8.23715;0;3
2009-08-10 11:00:00Z;8.048938;0;3
2009-08-11 11:00:00Z;7.168129;0;3
2009-08-12 11:00:00Z;6.856214;0;3
2009-08-13 11:00:00Z;5.972675;0;3
2009-08-14 11:00:00Z;7.019232;0;3
2009-08-15 11:00:00Z;9.851906;0;3
2009-08-16 11:00:00Z;52.9818;0;3
2009-08-17 11:00:00Z;47.84231;0;3
2009-08-18 11:00:00Z;27.14316;0;3
2009-08-19 11:00:00Z;15.37997;0;3
2009-08-20 11:00:00Z;11.03282;0;3
2009-08-21 11:00:00Z;19.46282;0;3
2009-08-22 11:00:00Z;26.54161;0;3
2009-08-23 11:00:00Z;26.44459;0;3
2009-08-24 11:00:00Z;17.39621;0;3
2009-08-25 11:00:00Z;11.78195;0;3
2009-08-26 11:00:00Z;9.886894;0;3
2009-08-27 11:00:00Z;13.17174;0;3
2009-08-28 11:00:00Z;22.33164;0;3
2009-08-29 11:00:00Z;51.98462;0;3
2009-08-30 11:00:00Z;73.6173;0;3
2009-08-31 11:00:00Z;44.48209;0;3
2009-09-01 11:00:00Z;45.98259;0;3
2009-09-02 11:00:00Z;40.50268;0;3
2009-09-03 11:00:00Z;41.63012;0;3
2009-09-04 11:00:00Z;44.25539;0;3
2009-09-05 11:00:00Z;31.44182;0;3
2009-09-06 11:00:00Z;19.57622;0;3
2009-09-07 11:00:00Z;15.7738;0;3
2009-09-08 11:00:00Z;20.03992;0;3
2009-09-09 11:00:00Z;18.77811;0;3
2009-09-10 11:00:00Z;17.79693;0;3
2009-09-11 11:00:00Z;12.38478;0;3
2009-09-12 11:00:00Z;9.21058;0;3
2009-09-13 11:00:00Z;7.187376;0;3
2009-09-14 11:00:00Z;6.687514;0;3
2009-09-15 11:00:00Z;6.886828;0;3
2009-09-16 11:00:00Z;6.673528;0;3
2009-09-17 11:00:00Z;5.910591;0;3
2009-09-18 11:00:00Z;5.372427;0;3
2009-09-19 11:00:00Z;5.121853;0;3
2009-09-20 11:00:00Z;5.601967;0;3
2009-09-21 11:00:00Z;5.864095;0;3
2009-09-22 11:00:00Z;14.71316;0;3
2009-09-23 11:00:00Z;23.79403;0;3
2009-09-24 11:00:00Z;20.69667;0;3
2009-09-25 11:00:00Z;23.55841;0;3
2009-09-26 11:00:00Z;13.6992;0;3
2009-09-27 11:00:00Z;10.72036;0;3
2009-09-28 11:00:00Z;9.618904;0;3
2009-09-29 11:00:00Z;10.90222;0;3
2009-09-30 11:00:00Z;8.476479;0;3
2009-10-01 11:00:00Z;7.337013;0;3
2009-10-02 11:00:00Z;7.697151;0;3
2009-10-03 11:00:00Z;12.86364;0;3
2009-10-04 11:00:00Z;50.5368;0;3
2009-10-05 11:00:00Z;34.95593;0;3
2009-10-06 11:00:00Z;23.61491;0;3
2009-10-07 11:00:00Z;46.02146;0;3
2009-10-08 11:00:00Z;34.06367;0;3
2009-10-09 11:00:00Z;28.8026;0;3
2009-10-10 11:00:00Z;19.48635;0;3
2009-10-11 11:00:00Z;14.13815;0;3
2009-10-12 11:00:00Z;12.04002;0;3
2009-10-13 11:00:00Z;10.38898;0;3
2009-10-14 11:00:00Z;8.122435;0;3
2009-10-15 11:00:00Z;7.074078;0;3
2009-10-16 11:00:00Z;6.580085;0;3
2009-10-17 11:00:00Z;6.064949;0;3
2009-10-18 11:00:00Z;5.133186;0;3
2009-10-19 11:00:00Z;4.507979;0;3
2009-10-20 11:00:00Z;3.876828;0;3
2009-10-21 11:00:00Z;3.5411;0;3
2009-10-22 11:00:00Z;3.508488;0;3
2009-10-23 11:00:00Z;3.588961;0;3
2009-10-24 11:00:00Z;3.518725;0;3
2009-10-25 11:00:00Z;3.692911;0;3
2009-10-26 11:00:00Z;5.65756;0;3
2009-10-27 11:00:00Z;7.58952;0;3
2009-10-28 11:00:00Z;7.07794;0;3
2009-10-29 11:00:00Z;11.3261;0;3
2009-10-30 11:00:00Z;10.2715;0;3
2009-10-31 11:00:00Z;7.362146;0;3
2009-11-01 11:00:00Z;8.287647;0;3
2009-11-02 11:00:00Z;19.94226;0;3
2009-11-03 11:00:00Z;36.55156;0;3
2009-11-04 11:00:00Z;60.60264;0;3
2009-11-05 11:00:00Z;34.25101;0;3
2009-11-06 11:00:00Z;18.94717;0;3
2009-11-07 11:00:00Z;13.72786;0;3
2009-11-08 11:00:00Z;22.67028;0;3
2009-11-09 11:00:00Z;29.04664;0;3
2009-11-10 11:00:00Z;18.50934;0;3
2009-11-11 11:00:00Z;12.94044;0;3
2009-11-12 11:00:00Z;10.36568;0;3
2009-11-13 11:00:00Z;8.741902;0;3
2009-11-14 11:00:00Z;11.06753;0;3
2009-11-15 11:00:00Z;56.92361;0;3
2009-11-16 11:00:00Z;44.72082;0;3
2009-11-17 11:00:00Z;39.52195;0;3
2009-11-18 11:00:00Z;102.2698;0;3
2009-11-19 11:00:00Z;70.38332;0;3
2009-11-20 11:00:00Z;191.1723;0;3
2009-11-21 11:00:00Z;114.262;0;3
2009-11-22 11:00:00Z;76.42953;0;3
2009-11-23 11:00:00Z;93.57428;0;3
2009-11-24 11:00:00Z;74.42039;0;3
2009-11-25 11:00:00Z;85.48374;0;3
2009-11-26 11:00:00Z;107.7694;0;3
2009-11-27 11:00:00Z;73.83118;0;3
2009-11-28 11:00:00Z;63.11868;0;3
2009-11-29 11:00:00Z;40.34775;0;3
2009-11-30 11:00:00Z;28.32442;0;3
2009-12-01 11:00:00Z;20.37523;0;3
2009-12-02 11:00:00Z;15.10863;0;3
2009-12-03 11:00:00Z;12.41472;0;3
2009-12-04 11:00:00Z;10.36491;0;3
2009-12-05 11:00:00Z;9.469699;0;3
2009-12-06 11:00:00Z;13.79807;0;3
2009-12-07 11:00:00Z;45.08218;0;3
2009-12-08 11:00:00Z;37.28225;0;3
2009-12-09 11:00:00Z;29.6736;0;3
2009-12-10 11:00:00Z;25.35437;0;3
2009-12-11 11:00:00Z;21.23163;0;3
2009-12-12 11:00:00Z;15.46961;0;3
2009-12-13 11:00:00Z;10.77727;0;3
2009-12-14 11:00:00Z;8.365477;0;3
2009-12-15 11:00:00Z;7.936074;0;3
2009-12-16 11:00:00Z;7.31742;0;3
2009-12-17 11:00:00Z;6.196357;0;3
2009-12-18 11:00:00Z;5.372842;0;3
2009-12-19 11:00:00Z;5.15396;0;3
2009-12-20 11:00:00Z;4.71377;0;3
2009-12-21 11:00:00Z;4.351172;0;3
2009-12-22 11:00:00Z;4.44194;0;3
2009-12-23 11:00:00Z;4.123997;0;3
2009-12-24 11:00:00Z;4.071802;0;3
2009-12-25 11:00:00Z;4.119982;0;3
2009-12-26 11:00:00Z;3.919171;0;3
2009-12-27 11:00:00Z;3.765147;0;3
2009-12-28 11:00:00Z;3.483599;0;3
2009-12-29 11:00:00Z;3.066864;0;3
2009-12-30 11:00:00Z;2.711243;0;3
2009-12-31 11:00:00Z;1.965038;0;3
2010-01-01 11:00:00Z;2.43682;0;3
2010-01-02 11:00:00Z;5.16807;0;3
2010-01-03 11:00:00Z;4.597915;0;3
2010-01-04 11:00:00Z;4.085265;0;3
2010-01-05 11:00:00Z;4.281696;0;3
2010-01-06 11:00:00Z;4.294147;0;3
2010-01-07 11:00:00Z;3.874022;0;3
2010-01-08 11:00:00Z;3.950983;0;3
2010-01-09 11:00:00Z;3.873317;0;3
2010-01-10 11:00:00Z;3.833979;0;3
2010-01-11 11:00:00Z;4.137359;0;3
2010-01-12 11:00:00Z;4.405606;0;3
2010-01-13 11:00:00Z;5.35706;0;3
2010-01-14 11:00:00Z;4.155596;0;3
2010-01-15 11:00:00Z;2.834681;0;3
2010-01-16 11:00:00Z;3.510759;0;3
2010-01-17 11:00:00Z;3.887964;0;3
2010-01-18 11:00:00Z;3.860669;0;3
2010-01-19 11:00:00Z;3.686787;0;3
2010-01-20 11:00:00Z;3.191648;0;3
2010-01-21 11:00:00Z;3.049596;0;3
2010-01-22 11:00:00Z;3.022679;0;3
2010-01-23 11:00:00Z;2.95578;0;3
2010-01-24 11:00:00Z;2.939007;0;3
2010-01-25 11:00:00Z;2.902538;0;3
2010-01-26 11:00:00Z;2.640561;0;3
2010-01-27 11:00:00Z;3.383144;0;3
2010-01-28 11:00:00Z;4.179603;0;3
2010-01-29 11:00:00Z;3.029249;0;3
2010-01-30 11:00:00Z;2.686386;0;3
2010-01-31 11:00:00Z;2.749951;0;3
2010-02-01 11:00:00Z;2.788364;0;3
2010-02-02 11:00:00Z;2.801234;0;3
2010-02-03 11:00:00Z;2.81732;0;3
2010-02-04 11:00:00Z;2.756191;0;3
2010-02-05 11:00:00Z;2.724213;0;3
2010-02-06 11:00:00Z;2.882646;0;3
2010-02-07 11:00:00Z;2.775495;0;3
2010-02-08 11:00:00Z;2.646231;0;3
2010-02-09 11:00:00Z;2.476179;0;3
2010-02-10 11:00:00Z;2.315366;0;3
2010-02-11 11:00:00Z;2.360705;0;3
2010-02-12 11:00:00Z;2.805331;0;3
2010-02-13 11:00:00Z;3.00922;0;3
2010-02-14 11:00:00Z;2.811277;0;3
2010-02-15 11:00:00Z;3.033709;0;3
2010-02-16 11:00:00Z;3.370216;0;3
2010-02-17 11:00:00Z;3.302475;0;3
2010-02-18 11:00:00Z;3.260717;0;3
2010-02-19 11:00:00Z;3.211535;0;3
2010-02-20 11:00:00Z;2.989426;0;3
2010-02-21 11:00:00Z;2.983191;0;3
2010-02-22 11:00:00Z;3.131926;0;3
2010-02-23 11:00:00Z;3.022121;0;3
2010-02-24 11:00:00Z;2.364018;0;3
2010-02-25 11:00:00Z;2.318225;0;3
2010-02-26 11:00:00Z;3.0774;0;3
2010-02-27 11:00:00Z;3.111047;0;3
2010-02-28 11:00:00Z;3.080322;0;3
2010-03-01 11:00:00Z;3.029112;0;3
2010-03-02 11:00:00Z;2.883724;0;3
2010-03-03 11:00:00Z;2.506698;0;3
2010-03-04 11:00:00Z;2.232185;0;3
2010-03-05 11:00:00Z;1.938069;0;3
2010-03-06 11:00:00Z;2.061021;0;3
2010-03-07 11:00:00Z;2.240149;0;3
2010-03-08 11:00:00Z;2.32707;0;3
2010-03-09 11:00:00Z;3.119888;0;3
2010-03-10 11:00:00Z;3.345824;0;3
2010-03-11 11:00:00Z;3.443362;0;3
2010-03-12 11:00:00Z;3.448965;0;3
2010-03-13 11:00:00Z;3.00922;0;3
2010-03-14 11:00:00Z;2.919114;0;3
2010-03-15 11:00:00Z;2.636865;2;3
2010-03-16 11:00:00Z;2.354658;0;3
2010-03-17 11:00:00Z;2.146751;0;3
2010-03-18 11:00:00Z;2.716227;0;3
2010-03-19 11:00:00Z;4.429669;0;3
2010-03-20 11:00:00Z;14.97141;0;3
2010-03-21 11:00:00Z;22.5088;0;3
2010-03-22 11:00:00Z;24.95131;0;3
2010-03-23 11:00:00Z;28.25601;0;3
2010-03-24 11:00:00Z;34.53499;0;3
2010-03-25 11:00:00Z;37.73102;0;3
2010-03-26 11:00:00Z;48.99934;0;3
2010-03-27 11:00:00Z;47.42354;0;3
2010-03-28 11:00:00Z;32.63096;0;3
2010-03-29 11:00:00Z;29.51099;0;3
2010-03-30 11:00:00Z;22.48864;0;3
2010-03-31 11:00:00Z;18.77875;0;3
2010-04-01 11:00:00Z;20.25272;0;3
2010-04-02 11:00:00Z;21.29402;0;3
2010-04-03 11:00:00Z;19.9713;0;3
2010-04-04 11:00:00Z;18.12097;0;3
2010-04-05 11:00:00Z;15.22256;0;3
2010-04-06 11:00:00Z;12.25934;0;3
2010-04-07 11:00:00Z;12.27746;0;3
2010-04-08 11:00:00Z;18.90919;0;3
2010-04-09 11:00:00Z;22.68491;0;3
2010-04-10 11:00:00Z;22.81032;0;3
2010-04-11 11:00:00Z;19.21238;0;3
2010-04-12 11:00:00Z;15.88213;0;3
2010-04-13 11:00:00Z;14.62707;0;3
2010-04-14 11:00:00Z;14.53788;0;3
2010-04-15 11:00:00Z;13.56689;0;3
2010-04-16 11:00:00Z;12.6493;0;3
2010-04-17 11:00:00Z;11.7383;0;3
2010-04-18 11:00:00Z;18.54245;0;3
2010-04-19 11:00:00Z;16.39719;0;3
2010-04-20 11:00:00Z;10.69392;0;3
2010-04-21 11:00:00Z;7.726583;0;3
2010-04-22 11:00:00Z;6.715203;0;3
2010-04-23 11:00:00Z;6.17458;0;3
2010-04-24 11:00:00Z;5.553624;0;3
2010-04-25 11:00:00Z;4.570244;0;3
2010-04-26 11:00:00Z;4.368148;0;3
2010-04-27 11:00:00Z;6.545245;0;3
2010-04-28 11:00:00Z;11.29743;0;3
2010-04-29 11:00:00Z;27.04195;0;3
2010-04-30 11:00:00Z;22.10485;0;3
2010-05-01 11:00:00Z;17.39949;0;3
2010-05-02 11:00:00Z;14.11089;0;3
2010-05-03 11:00:00Z;9.702309;0;3
2010-05-04 11:00:00Z;8.348353;0;3
2010-05-05 11:00:00Z;8.260344;0;3
2010-05-06 11:00:00Z;7.089512;0;3
2010-05-07 11:00:00Z;5.756537;0;3
2010-05-08 11:00:00Z;6.215085;0;3
2010-05-09 11:00:00Z;5.653955;0;3
2010-05-10 11:00:00Z;5.914902;0;3
2010-05-11 11:00:00Z;5.493675;0;3
2010-05-12 11:00:00Z;4.923378;0;3
2010-05-13 11:00:00Z;4.953419;0;3
2010-05-14 11:00:00Z;5.216518;0;3
2010-05-15 11:00:00Z;5.271162;0;3
2010-05-16 11:00:00Z;6.64125;0;3
2010-05-17 11:00:00Z;16.96471;0;3
2010-05-18 11:00:00Z;14.37669;0;3
2010-05-19 11:00:00Z;9.045802;0;3
2010-05-20 11:00:00Z;6.622921;0;3
2010-05-21 11:00:00Z;6.47361;0;3
2010-05-22 11:00:00Z;6.855894;0;3
2010-05-23 11:00:00Z;6.5441;0;3
2010-05-24 11:00:00Z;6.339659;0;3
2010-05-25 11:00:00Z;5.767052;0;3
2010-05-26 11:00:00Z;5.578708;0;3
2010-05-27 11:00:00Z;5.285575;0;3
2010-05-28 11:00:00Z;5.014224;0;3
2010-05-29 11:00:00Z;5.144595;0;3
2010-05-30 11:00:00Z;4.522813;0;3
2010-05-31 11:00:00Z;5.194191;0;3
2010-06-01 11:00:00Z;5.090781;0;3
2010-06-02 11:00:00Z;5.049617;0;3
2010-06-03 11:00:00Z;5.081208;0;3
2010-06-04 11:00:00Z;5.000951;0;3
2010-06-05 11:00:00Z;5.049825;0;3
2010-06-06 11:00:00Z;4.886127;0;3
2010-06-07 11:00:00Z;4.760295;0;3
2010-06-08 11:00:00Z;4.725521;0;3
2010-06-09 11:00:00Z;4.677988;0;3
2010-06-10 11:00:00Z;4.622836;0;3
2010-06-11 11:00:00Z;4.691361;0;3
2010-06-12 11:00:00Z;4.777582;0;3
2010-06-13 11:00:00Z;4.786429;0;3
2010-06-14 11:00:00Z;4.656587;0;3
2010-06-15 11:00:00Z;4.618617;0;3
2010-06-16 11:00:00Z;4.504506;0;3
2010-06-17 11:00:00Z;4.821202;0;3
2010-06-18 11:00:00Z;4.975026;0;3
2010-06-19 11:00:00Z;4.843019;0;3
2010-06-20 11:00:00Z;4.773055;0;3
2010-06-21 11:00:00Z;4.768733;0;3
2010-06-22 11:00:00Z;4.781697;0;3
2010-06-23 11:00:00Z;4.559349;0;3
2010-06-24 11:00:00Z;4.508725;0;3
2010-06-25 11:00:00Z;4.542474;0;3
2010-06-26 11:00:00Z;4.529818;0;3
2010-06-27 11:00:00Z;4.41292;0;3
2010-06-28 11:00:00Z;4.38822;0;3
2010-06-29 11:00:00Z;4.404482;0;3
2010-06-30 11:00:00Z;4.52138;0;3
2010-07-01 11:00:00Z;4.396249;0;3
2010-07-02 11:00:00Z;4.363316;0;3
2010-07-03 11:00:00Z;4.508929;0;3
2010-07-04 11:00:00Z;4.530023;0;3
2010-07-05 11:00:00Z;4.764412;0;3
2010-07-06 11:00:00Z;5.361215;0;3
2010-07-07 11:00:00Z;6.40693;0;3
2010-07-08 11:00:00Z;5.935311;0;3
2010-07-09 11:00:00Z;5.231657;0;3
2010-07-10 11:00:00Z;4.86905;0;3
2010-07-11 11:00:00Z;4.864006;0;3
2010-07-12 11:00:00Z;4.864522;0;3
2010-07-13 11:00:00Z;5.130612;0;3
2010-07-14 11:00:00Z;6.475079;0;3
2010-07-15 11:00:00Z;6.766762;0;3
2010-07-16 11:00:00Z;17.68503;0;3
2010-07-17 11:00:00Z;22.27922;0;3
2010-07-18 11:00:00Z;20.55899;0;3
2010-07-19 11:00:00Z;17.35302;0;3
2010-07-20 11:00:00Z;20.84942;0;3
2010-07-21 11:00:00Z;24.4034;0;3
2010-07-22 11:00:00Z;17.40432;0;3
2010-07-23 11:00:00Z;11.87207;0;3
2010-07-24 11:00:00Z;8.954389;0;3
2010-07-25 11:00:00Z;5.996428;0;3
2010-07-26 11:00:00Z;6.238018;0;3
2010-07-27 11:00:00Z;6.620804;0;3
2010-07-28 11:00:00Z;6.248543;0;3
2010-07-29 11:00:00Z;6.055059;0;3
2010-07-30 11:00:00Z;5.235772;0;3
2010-07-31 11:00:00Z;5.076579;0;3
2010-08-01 11:00:00Z;5.591832;0;3
2010-08-02 11:00:00Z;7.611196;0;3
2010-08-03 11:00:00Z;10.04482;0;3
2010-08-04 11:00:00Z;7.878638;0;3
2010-08-05 11:00:00Z;6.421838;0;3
2010-08-06 11:00:00Z;7.861349;0;3
2010-08-07 11:00:00Z;11.79728;0;3
2010-08-08 11:00:00Z;9.499624;0;3
2010-08-09 11:00:00Z;7.28628;0;3
2010-08-10 11:00:00Z;6.635957;0;3
2010-08-11 11:00:00Z;7.041206;0;3
2010-08-12 11:00:00Z;15.14788;0;3
2010-08-13 11:00:00Z;11.15344;0;3
2010-08-14 11:00:00Z;8.915504;0;3
2010-08-15 11:00:00Z;6.659122;0;3
2010-08-16 11:00:00Z;5.470831;0;3
2010-08-17 11:00:00Z;6.154377;0;3
2010-08-18 11:00:00Z;6.755493;0;3
2010-08-19 11:00:00Z;5.94309;0;3
2010-08-20 11:00:00Z;5.400556;0;3
2010-08-21 11:00:00Z;22.46229;0;3
2010-08-22 11:00:00Z;26.65731;0;3
2010-08-23 11:00:00Z;17.3684;0;3
2010-08-24 11:00:00Z;55.24024;0;3
2010-08-25 11:00:00Z;63.8019;0;3
2010-08-26 11:00:00Z;33.61433;0;3
2010-08-27 11:00:00Z;20.53505;0;3
2010-08-28 11:00:00Z;14.99936;0;3
2010-08-29 11:00:00Z;11.82769;0;3
2010-08-30 11:00:00Z;9.888856;0;3
2010-08-31 11:00:00Z;7.831735;0;3
2010-09-01 11:00:00Z;6.818638;0;3
2010-09-02 11:00:00Z;6.745395;0;3
2010-09-03 11:00:00Z;7.03039;0;3
2010-09-04 11:00:00Z;6.976917;0;3
2010-09-05 11:00:00Z;6.792116;0;3
2010-09-06 11:00:00Z;6.651316;0;3
2010-09-07 11:00:00Z;6.43572;0;3
2010-09-08 11:00:00Z;6.129128;0;3
2010-09-09 11:00:00Z;5.806433;0;3
2010-09-10 11:00:00Z;6.192463;0;3
2010-09-11 11:00:00Z;7.210684;0;3
2010-09-12 11:00:00Z;20.42188;0;3
2010-09-13 11:00:00Z;18.7711;0;3
2010-09-14 11:00:00Z;32.75726;0;3
2010-09-15 11:00:00Z;47.55939;0;3
2010-09-16 11:00:00Z;36.40755;0;3
2010-09-17 11:00:00Z;22.8491;0;3
2010-09-18 11:00:00Z;18.10885;0;3
2010-09-19 11:00:00Z;15.38223;0;3
2010-09-20 11:00:00Z;13.8887;0;3
2010-09-21 11:00:00Z;31.08322;0;3
2010-09-22 11:00:00Z;22.3046;0;3
2010-09-23 11:00:00Z;15.92363;0;3
2010-09-24 11:00:00Z;18.77349;0;3
2010-09-25 11:00:00Z;34.53062;0;3
2010-09-26 11:00:00Z;25.91621;0;3
2010-09-27 11:00:00Z;16.48701;0;3
2010-09-28 11:00:00Z;12.15079;0;3
2010-09-29 11:00:00Z;9.856959;0;3
2010-09-30 11:00:00Z;7.832564;0;3
2010-10-01 11:00:00Z;5.965384;0;3
2010-10-02 11:00:00Z;5.006201;0;3
2010-10-03 11:00:00Z;11.249;0;3
2010-10-04 11:00:00Z;60.47408;0;3
2010-10-05 11:00:00Z;66.5715;0;3
2010-10-06 11:00:00Z;150.8525;0;3
2010-10-07 11:00:00Z;202.3248;0;3
2010-10-08 11:00:00Z;55.55433;0;3
2010-10-09 11:00:00Z;29.34575;0;3
2010-10-10 11:00:00Z;19.50793;0;3
2010-10-11 11:00:00Z;14.76399;0;3
2010-10-12 11:00:00Z;12.07779;0;3
2010-10-13 11:00:00Z;10.33302;0;3
2010-10-14 11:00:00Z;8.773011;0;3
2010-10-15 11:00:00Z;7.451906;0;3
2010-10-16 11:00:00Z;6.416059;0;3
2010-10-17 11:00:00Z;4.987695;0;3
2010-10-18 11:00:00Z;6.470268;0;3
2010-10-19 11:00:00Z;20.31368;0;3
2010-10-20 11:00:00Z;21.87231;0;3
2010-10-21 11:00:00Z;18.943;0;3
2010-10-22 11:00:00Z;14.30005;0;3
2010-10-23 11:00:00Z;12.14096;0;3
2010-10-24 11:00:00Z;10.96186;0;3
2010-10-25 11:00:00Z;9.403122;0;3
2010-10-26 11:00:00Z;8.694399;0;3
2010-10-27 11:00:00Z;36.95705;0;3
2010-10-28 11:00:00Z;77.51113;0;3
2010-10-29 11:00:00Z;70.87785;0;3
2010-10-30 11:00:00Z;100.3409;0;3
2010-10-31 11:00:00Z;60.185;0;3
2010-11-01 11:00:00Z;36.11665;0;3
2010-11-02 11:00:00Z;36.55898;0;3
2010-11-03 11:00:00Z;71.36069;0;3
2010-11-04 11:00:00Z;65.33891;0;3
2010-11-05 11:00:00Z;38.43244;0;3
2010-11-06 11:00:00Z;27.92606;0;3
2010-11-07 11:00:00Z;20.37819;0;3
2010-11-08 11:00:00Z;15.41772;0;3
2010-11-09 11:00:00Z;12.2793;0;3
2010-11-10 11:00:00Z;10.54148;0;3
2010-11-11 11:00:00Z;9.260726;0;3
2010-11-12 11:00:00Z;11.29751;0;3
2010-11-13 11:00:00Z;14.60301;0;3
2010-11-14 11:00:00Z;20.61754;0;3
2010-11-15 11:00:00Z;20.63149;0;3
2010-11-16 11:00:00Z;16.55876;0;3
2010-11-17 11:00:00Z;12.13152;0;3
2010-11-18 11:00:00Z;10.03276;0;3
2010-11-19 11:00:00Z;7.490728;0;3
2010-11-20 11:00:00Z;6.30168;0;3
2010-11-21 11:00:00Z;5.813786;0;3
2010-11-22 11:00:00Z;5.221357;0;3
2010-11-23 11:00:00Z;4.808859;0;3
2010-11-24 11:00:00Z;3.877666;0;3
2010-11-25 11:00:00Z;3.483684;0;3
2010-11-26 11:00:00Z;2.792463;0;3
2010-11-27 11:00:00Z;2.488076;0;3
2010-11-28 11:00:00Z;2.150347;0;3
2010-11-29 11:00:00Z;2.058381;0;3
2010-11-30 11:00:00Z;1.897808;0;3
2010-12-01 11:00:00Z;2.029917;0;3
2010-12-02 11:00:00Z;2.345398;0;3
2010-12-03 11:00:00Z;2.266292;0;3
2010-12-04 11:00:00Z;2.06102;0;3
2010-12-05 11:00:00Z;1.982474;0;3
2010-12-06 11:00:00Z;2.055551;0;3
2010-12-07 11:00:00Z;1.982757;0;3
2010-12-08 11:00:00Z;1.751771;0;3
2010-12-09 11:00:00Z;1.863774;0;3
2010-12-10 11:00:00Z;1.942876;0;3
2010-12-11 11:00:00Z;2.314362;0;3
2010-12-12 11:00:00Z;2.680244;0;3
2010-12-13 11:00:00Z;2.206028;0;3
2010-12-14 11:00:00Z;1.617669;0;3
2010-12-15 11:00:00Z;1.518232;0;3
2010-12-16 11:00:00Z;1.96878;0;3
2010-12-17 11:00:00Z;2.848429;0;3
2010-12-18 11:00:00Z;3.156219;0;3
2010-12-19 11:00:00Z;3.242756;0;3
2010-12-20 11:00:00Z;3.211238;0;3
2010-12-21 11:00:00Z;3.331245;0;3
2010-12-22 11:00:00Z;4.032769;0;3
2010-12-23 11:00:00Z;3.638325;0;3
2010-12-24 11:00:00Z;2.381752;0;3
2010-12-25 11:00:00Z;1.891232;0;3
2010-12-26 11:00:00Z;2.318867;0;3
2010-12-27 11:00:00Z;2.197888;0;3
2010-12-28 11:00:00Z;2.683752;0;3
2010-12-29 11:00:00Z;3.205898;0;3
2010-12-30 11:00:00Z;3.438653;0;3
2010-12-31 11:00:00Z;3.154976;0;3
2011-01-01 11:00:00Z;2.28175;0;3
2011-01-02 11:00:00Z;1.826723;0;3
2011-01-03 11:00:00Z;1.487061;0;3
2011-01-04 11:00:00Z;1.572634;0;3
2011-01-05 11:00:00Z;2.815228;0;3
2011-01-06 11:00:00Z;3.861374;0;3
2011-01-07 11:00:00Z;3.936336;0;3
2011-01-08 11:00:00Z;2.870122;0;3
2011-01-09 11:00:00Z;3.068679;0;3
2011-01-10 11:00:00Z;3.732845;0;3
2011-01-11 11:00:00Z;5.425191;0;3
2011-01-12 11:00:00Z;5.778854;0;3
2011-01-13 11:00:00Z;5.386112;0;3
2011-01-14 11:00:00Z;4.736496;0;3
2011-01-15 11:00:00Z;3.671335;0;3
2011-01-16 11:00:00Z;8.878542;0;3
2011-01-17 11:00:00Z;54.98367;0;3
2011-01-18 11:00:00Z;63.33252;0;3
2011-01-19 11:00:00Z;36.43132;0;3
2011-01-20 11:00:00Z;20.37935;0;3
2011-01-21 11:00:00Z;13.50955;0;3
2011-01-22 11:00:00Z;10.35243;0;3
2011-01-23 11:00:00Z;7.647422;0;3
2011-01-24 11:00:00Z;6.771068;0;3
2011-01-25 11:00:00Z;6.324194;0;3
2011-01-26 11:00:00Z;6.223714;0;3
2011-01-27 11:00:00Z;6.154169;0;3
2011-01-28 11:00:00Z;5.544724;0;3
2011-01-29 11:00:00Z;5.37471;0;3
2011-01-30 11:00:00Z;4.344161;0;3
2011-01-31 11:00:00Z;3.981385;0;3
2011-02-01 11:00:00Z;4.5705;0;3
2011-02-02 11:00:00Z;8.662245;0;3
2011-02-03 11:00:00Z;30.66875;0;3
2011-02-04 11:00:00Z;29.07833;0;3
2011-02-05 11:00:00Z;21.31766;0;3
2011-02-06 11:00:00Z;19.86346;0;3
2011-02-07 11:00:00Z;15.16066;0;3
2011-02-08 11:00:00Z;19.76275;0;3
2011-02-09 11:00:00Z;13.91365;0;3
2011-02-10 11:00:00Z;9.987252;0;3
2011-02-11 11:00:00Z;8.183964;0;3
2011-02-12 11:00:00Z;6.598623;0;3
2011-02-13 11:00:00Z;5.840416;0;3
2011-02-14 11:00:00Z;5.629652;0;3
2011-02-15 11:00:00Z;5.512201;0;3
2011-02-16 11:00:00Z;5.207671;0;3
2011-02-17 11:00:00Z;4.809271;0;3
2011-02-18 11:00:00Z;4.351883;0;3
2011-02-19 11:00:00Z;3.981486;0;3
2011-02-20 11:00:00Z;3.58886;0;3
2011-02-21 11:00:00Z;3.341913;0;3
2011-02-22 11:00:00Z;3.744648;0;3
2011-02-23 11:00:00Z;4.747332;0;3
2011-02-24 11:00:00Z;4.712556;0;3
2011-02-25 11:00:00Z;4.589292;0;3
2011-02-26 11:00:00Z;5.080711;0;3
2011-02-27 11:00:00Z;5.879556;0;3
2011-02-28 11:00:00Z;5.782755;0;3
2011-03-01 11:00:00Z;5.136885;0;3
2011-03-02 11:00:00Z;4.527031;0;3
2011-03-03 11:00:00Z;4.123997;0;3
2011-03-04 11:00:00Z;3.950077;0;3
2011-03-05 11:00:00Z;3.96573;0;3
2011-03-06 11:00:00Z;3.973558;0;3
2011-03-07 11:00:00Z;3.788024;0;3
2011-03-08 11:00:00Z;3.68528;0;3
2011-03-09 11:00:00Z;5.657661;0;3
2011-03-10 11:00:00Z;7.773943;0;3
2011-03-11 11:00:00Z;7.414088;0;3
2011-03-12 11:00:00Z;6.438362;0;3
2011-03-13 11:00:00Z;5.630798;0;3
2011-03-14 11:00:00Z;5.303371;0;3
2011-03-15 11:00:00Z;6.139539;0;3
2011-03-16 11:00:00Z;6.400264;0;3
2011-03-17 11:00:00Z;5.920474;0;3
2011-03-18 11:00:00Z;4.625708;0;3
2011-03-19 11:00:00Z;4.152;0;3
2011-03-20 11:00:00Z;4.00878;0;3
2011-03-21 11:00:00Z;4.328641;0;3
2011-03-22 11:00:00Z;16.01617;0;3
2011-03-23 11:00:00Z;46.25872;0;3
2011-03-24 11:00:00Z;73.70723;0;3
2011-03-25 11:00:00Z;83.10116;0;3
2011-03-26 11:00:00Z;42.2906;0;3
2011-03-27 11:00:00Z;25.3139;0;3
2011-03-28 11:00:00Z;18.55566;0;3
2011-03-29 11:00:00Z;16.96599;0;3
2011-03-30 11:00:00Z;18.52902;0;3
2011-03-31 11:00:00Z;15.44555;0;3
2011-04-01 11:00:00Z;15.03444;0;3
2011-04-02 11:00:00Z;21.86084;0;3
2011-04-03 11:00:00Z;43.84486;0;3
2011-04-04 11:00:00Z;52.7188;0;3
2011-04-05 11:00:00Z;65.77448;0;3
2011-04-06 11:00:00Z;93.48215;0;3
2011-04-07 11:00:00Z;106.2175;0;3
2011-04-08 11:00:00Z;95.9088;0;3
2011-04-09 11:00:00Z;82.23499;0;3
2011-04-10 11:00:00Z;52.5883;0;3
2011-04-11 11:00:00Z;52.21042;0;3
2011-04-12 11:00:00Z;51.81981;0;3
2011-04-13 11:00:00Z;42.98705;0;3
2011-04-14 11:00:00Z;30.82018;0;3
2011-04-15 11:00:00Z;23.85628;0;3
2011-04-16 11:00:00Z;24.68718;0;3
2011-04-17 11:00:00Z;34.93117;0;3
2011-04-18 11:00:00Z;42.47449;0;3
2011-04-19 11:00:00Z;37.32448;0;3
2011-04-20 11:00:00Z;34.46938;0;3
2011-04-21 11:00:00Z;31.16137;0;3
2011-04-22 11:00:00Z;29.68919;0;3
2011-04-23 11:00:00Z;29.89511;0;3
2011-04-24 11:00:00Z;33.1963;0;3
2011-04-25 11:00:00Z;27.17656;0;3
2011-04-26 11:00:00Z;22.49885;0;3
2011-04-27 11:00:00Z;18.59002;0;3
2011-04-28 11:00:00Z;15.19137;0;3
2011-04-29 11:00:00Z;13.39268;0;3
2011-04-30 11:00:00Z;12.27603;0;3
2011-05-01 11:00:00Z;10.9694;0;3
2011-05-02 11:00:00Z;9.048173;0;3
2011-05-03 11:00:00Z;8.183743;0;3
2011-05-04 11:00:00Z;7.773834;0;3
2011-05-05 11:00:00Z;8.392574;0;3
2011-05-06 11:00:00Z;8.436784;0;3
2011-05-07 11:00:00Z;8.409803;0;3
2011-05-08 11:00:00Z;7.28172;0;3
2011-05-09 11:00:00Z;7.094808;0;3
2011-05-10 11:00:00Z;7.009128;0;3
2011-05-11 11:00:00Z;8.028319;0;3
2011-05-12 11:00:00Z;9.862438;0;3
2011-05-13 11:00:00Z;8.304969;0;3
2011-05-14 11:00:00Z;8.674566;0;3
2011-05-15 11:00:00Z;14.38351;0;3
2011-05-16 11:00:00Z;13.77872;0;3
2011-05-17 11:00:00Z;11.54825;0;3
2011-05-18 11:00:00Z;11.85938;0;3
2011-05-19 11:00:00Z;36.46748;0;3
2011-05-20 11:00:00Z;24.25871;0;3
2011-05-21 11:00:00Z;15.50296;0;3
2011-05-22 11:00:00Z;13.253;0;3
2011-05-23 11:00:00Z;23.1019;0;3
2011-05-24 11:00:00Z;76.94281;0;3
2011-05-25 11:00:00Z;71.72775;0;3
2011-05-26 11:00:00Z;40.97835;0;3
2011-05-27 11:00:00Z;26.06587;0;3
2011-05-28 11:00:00Z;23.03872;0;3
2011-05-29 11:00:00Z;35.21255;0;3
2011-05-30 11:00:00Z;39.30145;0;3
2011-05-31 11:00:00Z;47.74362;0;3
2011-06-01 11:00:00Z;35.97021;0;3
2011-06-02 11:00:00Z;21.51781;0;3
2011-06-03 11:00:00Z;15.74621;0;3
2011-06-04 11:00:00Z;12.02234;0;3
2011-06-05 11:00:00Z;9.127987;0;3
2011-06-06 11:00:00Z;7.421811;0;3
2011-06-07 11:00:00Z;8.291103;0;3
2011-06-08 11:00:00Z;12.36607;0;3
2011-06-09 11:00:00Z;10.91249;0;3
2011-06-10 11:00:00Z;12.56541;0;3
2011-06-11 11:00:00Z;10.15138;0;3
2011-06-12 11:00:00Z;7.427626;0;3
2011-06-13 11:00:00Z;6.818424;0;3
2011-06-14 11:00:00Z;6.907984;0;3
2011-06-15 11:00:00Z;7.569413;0;3
2011-06-16 11:00:00Z;8.139525;0;3
2011-06-17 11:00:00Z;9.57074;0;3
2011-06-18 11:00:00Z;18.75878;0;3
2011-06-19 11:00:00Z;11.85792;0;3
2011-06-20 11:00:00Z;8.433617;0;3
2011-06-21 11:00:00Z;7.785691;0;3
2011-06-22 11:00:00Z;7.555642;0;3
2011-06-23 11:00:00Z;7.239256;0;3
2011-06-24 11:00:00Z;6.688678;0;3
2011-06-25 11:00:00Z;6.14996;0;3
2011-06-26 11:00:00Z;5.98099;0;3
2011-06-27 11:00:00Z;6.133651;0;3
2011-06-28 11:00:00Z;6.602558;0;3
2011-06-29 11:00:00Z;39.53101;0;3
2011-06-30 11:00:00Z;55.23412;0;3
2011-07-01 11:00:00Z;26.72214;0;3
2011-07-02 11:00:00Z;16.22503;0;3
2011-07-03 11:00:00Z;12.53596;0;3
2011-07-04 11:00:00Z;10.49172;0;3
2011-07-05 11:00:00Z;9.680738;0;3
2011-07-06 11:00:00Z;8.574833;0;3
2011-07-07 11:00:00Z;7.691285;0;3
2011-07-08 11:00:00Z;7.670667;0;3
2011-07-09 11:00:00Z;8.169001;0;3
2011-07-10 11:00:00Z;23.6162;0;3
2011-07-11 11:00:00Z;33.04308;0;3
2011-07-12 11:00:00Z;17.5281;0;3
2011-07-13 11:00:00Z;10.96207;0;3
2011-07-14 11:00:00Z;8.895851;0;3
2011-07-15 11:00:00Z;7.356993;0;3
2011-07-16 11:00:00Z;6.324097;0;3
2011-07-17 11:00:00Z;19.69318;0;3
2011-07-18 11:00:00Z;75.91225;0;3
2011-07-19 11:00:00Z;71.90434;0;3
2011-07-20 11:00:00Z;72.50825;0;3
2011-07-21 11:00:00Z;46.08112;0;3
2011-07-22 11:00:00Z;24.93759;0;3
2011-07-23 11:00:00Z;17.93292;0;3
2011-07-24 11:00:00Z;16.86633;0;3
2011-07-25 11:00:00Z;18.29878;0;3
2011-07-26 11:00:00Z;14.23182;0;3
2011-07-27 11:00:00Z;11.24506;0;3
2011-07-28 11:00:00Z;11.21319;0;3
2011-07-29 11:00:00Z;9.079288;0;3
2011-07-30 11:00:00Z;7.527654;0;3
2011-07-31 11:00:00Z;6.364385;0;3
2011-08-01 11:00:00Z;6.872426;0;3
2011-08-02 11:00:00Z;6.473397;0;3
2011-08-03 11:00:00Z;6.36544;0;3
2011-08-04 11:00:00Z;6.714672;0;3
2011-08-05 11:00:00Z;7.918652;0;3
2011-08-06 11:00:00Z;29.07922;0;3
2011-08-07 11:00:00Z;21.09111;0;3
2011-08-08 11:00:00Z;40.33532;0;3
2011-08-09 11:00:00Z;42.78945;0;3
2011-08-10 11:00:00Z;21.86901;0;3
2011-08-11 11:00:00Z;13.44893;0;3
2011-08-12 11:00:00Z;9.415854;0;3
2011-08-13 11:00:00Z;6.725585;0;3
2011-08-14 11:00:00Z;6.363235;0;3
2011-08-15 11:00:00Z;6.723712;0;3
2011-08-16 11:00:00Z;6.661629;0;3
2011-08-17 11:00:00Z;6.574091;0;3
2011-08-18 11:00:00Z;6.860149;0;3
2011-08-19 11:00:00Z;6.436988;0;3
2011-08-20 11:00:00Z;5.966259;0;3
2011-08-21 11:00:00Z;6.270586;0;3
2011-08-22 11:00:00Z;16.4472;0;3
2011-08-23 11:00:00Z;14.71891;0;3
2011-08-24 11:00:00Z;9.022171;0;3
2011-08-25 11:00:00Z;7.301555;0;3
2011-08-26 11:00:00Z;7.743333;0;3
2011-08-27 11:00:00Z;19.08878;0;3
2011-08-28 11:00:00Z;24.76608;0;3
2011-08-29 11:00:00Z;90.06124;0;3
2011-08-30 11:00:00Z;56.49026;0;3
2011-08-31 11:00:00Z;26.37867;0;3
2011-09-01 11:00:00Z;16.67196;0;3
2011-09-02 11:00:00Z;12.82281;0;3
2011-09-03 11:00:00Z;10.7059;0;3
2011-09-04 11:00:00Z;14.81193;0;3
2011-09-05 11:00:00Z;55.69053;0;3
2011-09-06 11:00:00Z;59.51816;0;3
2011-09-07 11:00:00Z;114.3228;0;3
2011-09-08 11:00:00Z;54.35849;0;3
2011-09-09 11:00:00Z;31.56114;0;3
2011-09-10 11:00:00Z;20.70028;0;3
2011-09-11 11:00:00Z;53.96506;0;3
2011-09-12 11:00:00Z;53.25683;0;3
2011-09-13 11:00:00Z;131.2087;0;3
2011-09-14 11:00:00Z;117.533;0;3
2011-09-15 11:00:00Z;49.93758;0;3
2011-09-16 11:00:00Z;28.47873;0;3
2011-09-17 11:00:00Z;18.88872;0;3
2011-09-18 11:00:00Z;21.19989;0;3
2011-09-19 11:00:00Z;39.55057;0;3
2011-09-20 11:00:00Z;36.60418;0;3
2011-09-21 11:00:00Z;29.61516;0;3
2011-09-22 11:00:00Z;35.21352;0;3
2011-09-23 11:00:00Z;53.94664;0;3
2011-09-24 11:00:00Z;32.50657;0;3
2011-09-25 11:00:00Z;20.93983;0;3
2011-09-26 11:00:00Z;18.91301;0;3
2011-09-27 11:00:00Z;27.2544;0;3
2011-09-28 11:00:00Z;19.80221;0;3
2011-09-29 11:00:00Z;15.53844;0;3
2011-09-30 11:00:00Z;12.79921;0;3
2011-10-01 11:00:00Z;10.19434;0;3
2011-10-02 11:00:00Z;7.336412;0;3
2011-10-03 11:00:00Z;7.317116;0;3
2011-10-04 11:00:00Z;15.08598;0;3
2011-10-05 11:00:00Z;28.13598;0;3
2011-10-06 11:00:00Z;47.93359;0;3
2011-10-07 11:00:00Z;51.62337;0;3
2011-10-08 11:00:00Z;33.24112;0;3
2011-10-09 11:00:00Z;22.05778;0;3
2011-10-10 11:00:00Z;29.21146;0;3
2011-10-11 11:00:00Z;26.91205;0;3
2011-10-12 11:00:00Z;24.67905;0;3
2011-10-13 11:00:00Z;18.20969;0;3
2011-10-14 11:00:00Z;13.31581;0;3
2011-10-15 11:00:00Z;10.48611;0;3
2011-10-16 11:00:00Z;8.26117;0;3
2011-10-17 11:00:00Z;7.344267;0;3
2011-10-18 11:00:00Z;25.62227;0;3
2011-10-19 11:00:00Z;47.58696;0;3
2011-10-20 11:00:00Z;32.47344;0;3
2011-10-21 11:00:00Z;21.09706;0;3
2011-10-22 11:00:00Z;26.7997;0;3
2011-10-23 11:00:00Z;28.23714;0;3
2011-10-24 11:00:00Z;18.21649;0;3
2011-10-25 11:00:00Z;13.92924;0;3
2011-10-26 11:00:00Z;11.68709;0;3
2011-10-27 11:00:00Z;19.90235;0;3
2011-10-28 11:00:00Z;39.74355;0;3
2011-10-29 11:00:00Z;39.05236;0;3
2011-10-30 11:00:00Z;38.01461;0;3
2011-10-31 11:00:00Z;38.4108;0;3
2011-11-01 11:00:00Z;26.60711;0;3
2011-11-02 11:00:00Z;30.71012;0;3
2011-11-03 11:00:00Z;26.41096;0;3
2011-11-04 11:00:00Z;18.73021;0;3
2011-11-05 11:00:00Z;17.14978;0;3
2011-11-06 11:00:00Z;19.95308;0;3
2011-11-07 11:00:00Z;15.98095;0;3
2011-11-08 11:00:00Z;12.62165;0;3
2011-11-09 11:00:00Z;10.31901;0;3
2011-11-10 11:00:00Z;8.621537;0;3
2011-11-11 11:00:00Z;7.407684;0;3
2011-11-12 11:00:00Z;6.856637;0;3
2011-11-13 11:00:00Z;5.596358;0;3
2011-11-14 11:00:00Z;4.904854;0;3
2011-11-15 11:00:00Z;4.47188;0;3
2011-11-16 11:00:00Z;4.092485;0;3
2011-11-17 11:00:00Z;3.918969;0;3
2011-11-18 11:00:00Z;3.943564;0;3
2011-11-19 11:00:00Z;4.922663;0;3
2011-11-20 11:00:00Z;5.865664;0;3
2011-11-21 11:00:00Z;5.774119;0;3
2011-11-22 11:00:00Z;5.043455;0;3
2011-11-23 11:00:00Z;5.152356;0;3
2011-11-24 11:00:00Z;8.140985;0;3
2011-11-25 11:00:00Z;29.831;0;3
2011-11-26 11:00:00Z;52.19856;0;3
2011-11-27 11:00:00Z;167.6277;0;3
2011-11-28 11:00:00Z;96.84763;0;3
2011-11-29 11:00:00Z;48.27607;0;3
2011-11-30 11:00:00Z;104.2371;0;3
2011-12-01 11:00:00Z;87.23845;0;3
2011-12-02 11:00:00Z;75.43011;0;3
2011-12-03 11:00:00Z;40.8889;0;3
2011-12-04 11:00:00Z;36.77993;0;3
2011-12-05 11:00:00Z;29.73879;0;3
2011-12-06 11:00:00Z;20.71135;0;3
2011-12-07 11:00:00Z;15.71706;0;3
2011-12-08 11:00:00Z;12.26041;0;3
2011-12-09 11:00:00Z;29.41967;0;3
2011-12-10 11:00:00Z;38.54068;0;3
2011-12-11 11:00:00Z;26.99936;0;3
2011-12-12 11:00:00Z;64.30012;0;3
2011-12-13 11:00:00Z;74.44517;0;3
2011-12-14 11:00:00Z;67.72941;0;3
2011-12-15 11:00:00Z;67.85635;0;3
2011-12-16 11:00:00Z;46.97001;0;3
2011-12-17 11:00:00Z;27.74794;0;3
2011-12-18 11:00:00Z;18.09249;0;3
2011-12-19 11:00:00Z;13.85188;0;3
2011-12-20 11:00:00Z;11.29255;0;3
2011-12-21 11:00:00Z;9.361629;0;3
2011-12-22 11:00:00Z;9.013436;0;3
2011-12-23 11:00:00Z;11.33067;0;3
2011-12-24 11:00:00Z;29.08674;0;3
2011-12-25 11:00:00Z;59.14748;0;3
2011-12-26 11:00:00Z;128.0841;0;3
2011-12-27 11:00:00Z;156.8365;0;3
2011-12-28 11:00:00Z;79.73728;0;3
2011-12-29 11:00:00Z;121.3967;0;3
2011-12-30 11:00:00Z;63.1333;0;3
2011-12-31 11:00:00Z;31.14242;0;3
2012-01-01 11:00:00Z;27.36678;0;3
2012-01-02 11:00:00Z;39.18579;0;3
2012-01-03 11:00:00Z;41.22239;0;3
2012-01-04 11:00:00Z;58.07243;0;3
2012-01-05 11:00:00Z;34.0139;0;3
2012-01-06 11:00:00Z;20.86923;0;3
2012-01-07 11:00:00Z;16.9456;0;3
2012-01-08 11:00:00Z;16.08433;0;3
2012-01-09 11:00:00Z;13.28246;0;3
2012-01-10 11:00:00Z;11.42172;0;3
2012-01-11 11:00:00Z;27.32805;0;3
2012-01-12 11:00:00Z;79.7622;0;3
2012-01-13 11:00:00Z;58.27033;0;3
2012-01-14 11:00:00Z;30.15215;0;3
2012-01-15 11:00:00Z;18.84786;0;3
2012-01-16 11:00:00Z;13.88175;0;3
2012-01-17 11:00:00Z;10.93147;0;3
2012-01-18 11:00:00Z;9.869382;0;3
2012-01-19 11:00:00Z;10.57262;0;3
2012-01-20 11:00:00Z;9.439013;0;3
2012-01-21 11:00:00Z;7.980286;0;3
2012-01-22 11:00:00Z;6.892622;0;3
2012-01-23 11:00:00Z;6.564089;0;3
2012-01-24 11:00:00Z;6.72025;0;3
2012-01-25 11:00:00Z;6.594812;0;3
2012-01-26 11:00:00Z;6.092402;0;3
2012-01-27 11:00:00Z;5.09541;0;3
2012-01-28 11:00:00Z;4.717391;0;3
2012-01-29 11:00:00Z;4.559127;0;3
2012-01-30 11:00:00Z;4.209601;0;3
2012-01-31 11:00:00Z;4.486897;0;3
2012-02-01 11:00:00Z;4.372775;0;3
2012-02-02 11:00:00Z;3.630901;0;3
2012-02-03 11:00:00Z;3.659295;0;3
2012-02-04 11:00:00Z;3.670431;0;3
2012-02-05 11:00:00Z;3.603609;0;3
2012-02-06 11:00:00Z;3.633308;0;3
2012-02-07 11:00:00Z;3.641135;0;3
2012-02-08 11:00:00Z;3.448273;0;3
2012-02-09 11:00:00Z;3.36462;0;3
2012-02-10 11:00:00Z;3.320685;0;3
2012-02-11 11:00:00Z;2.988738;0;3
2012-02-12 11:00:00Z;2.988738;0;3
2012-02-13 11:00:00Z;2.763114;0;3
2012-02-14 11:00:00Z;2.851947;0;3
2012-02-15 11:00:00Z;3.54531;0;3
2012-02-16 11:00:00Z;3.585047;0;3
2012-02-17 11:00:00Z;3.6905;0;3
2012-02-18 11:00:00Z;12.97806;0;3
2012-02-19 11:00:00Z;30.89741;0;3
2012-02-20 11:00:00Z;19.48943;0;3
2012-02-21 11:00:00Z;26.87438;0;3
2012-02-22 11:00:00Z;42.58931;0;3
2012-02-23 11:00:00Z;81.27534;0;3
2012-02-24 11:00:00Z;60.23846;0;3
2012-02-25 11:00:00Z;54.37049;0;3
2012-02-26 11:00:00Z;31.74118;0;3
2012-02-27 11:00:00Z;21.15572;0;3
2012-02-28 11:00:00Z;23.43307;0;3
2012-02-29 11:00:00Z;60.91201;0;3
2012-03-01 11:00:00Z;50.04429;0;3
2012-03-02 11:00:00Z;43.86702;0;3
2012-03-03 11:00:00Z;31.02662;0;3
2012-03-04 11:00:00Z;20.30722;0;3
2012-03-05 11:00:00Z;14.73053;0;3
2012-03-06 11:00:00Z;11.80695;0;3
2012-03-07 11:00:00Z;10.88022;0;3
2012-03-08 11:00:00Z;10.20467;0;3
2012-03-09 11:00:00Z;12.91475;0;3
2012-03-10 11:00:00Z;28.57728;0;3
2012-03-11 11:00:00Z;38.5267;0;3
2012-03-12 11:00:00Z;39.39063;0;3
2012-03-13 11:00:00Z;42.31142;0;3
2012-03-14 11:00:00Z;41.26398;0;3
2012-03-15 11:00:00Z;31.24231;0;3
2012-03-16 11:00:00Z;24.66375;0;3
2012-03-17 11:00:00Z;22.09163;0;3
2012-03-18 11:00:00Z;27.68644;0;3
2012-03-19 11:00:00Z;21.6102;0;3
2012-03-20 11:00:00Z;20.94329;0;3
2012-03-21 11:00:00Z;41.60743;0;3
2012-03-22 11:00:00Z;38.22448;0;3
2012-03-23 11:00:00Z;34.78154;0;3
2012-03-24 11:00:00Z;25.09202;0;3
2012-03-25 11:00:00Z;19.61798;0;3
2012-03-26 11:00:00Z;18.34971;0;3
2012-03-27 11:00:00Z;19.8055;0;3
2012-03-28 11:00:00Z;28.58935;0;3
2012-03-29 11:00:00Z;25.96291;0;3
2012-03-30 11:00:00Z;18.86446;0;3
2012-03-31 11:00:00Z;14.10332;0;3
2012-04-01 11:00:00Z;11.21958;0;3
2012-04-02 11:00:00Z;8.731268;0;3
2012-04-03 11:00:00Z;7.219161;0;3
2012-04-04 11:00:00Z;6.64701;0;3
2012-04-05 11:00:00Z;5.873611;0;3
2012-04-06 11:00:00Z;4.541123;0;3
2012-04-07 11:00:00Z;4.064684;0;3
2012-04-08 11:00:00Z;3.626386;0;3
2012-04-09 11:00:00Z;4.07414;0;3
2012-04-10 11:00:00Z;22.77328;0;3
2012-04-11 11:00:00Z;45.42849;0;3
2012-04-12 11:00:00Z;30.38772;0;3
2012-04-13 11:00:00Z;24.23359;0;3
2012-04-14 11:00:00Z;21.53757;0;3
2012-04-15 11:00:00Z;19.46988;0;3
2012-04-16 11:00:00Z;14.22844;0;3
2012-04-17 11:00:00Z;10.37104;0;3
2012-04-18 11:00:00Z;8.831992;0;3
2012-04-19 11:00:00Z;9.295449;0;3
2012-04-20 11:00:00Z;9.337708;0;3
2012-04-21 11:00:00Z;10.07633;0;3
2012-04-22 11:00:00Z;9.217274;0;3
2012-04-23 11:00:00Z;8.11005;0;3
2012-04-24 11:00:00Z;8.036354;0;3
2012-04-25 11:00:00Z;8.515836;0;3
2012-04-26 11:00:00Z;12.80781;0;3
2012-04-27 11:00:00Z;42.98677;0;3
2012-04-28 11:00:00Z;48.8235;0;3
2012-04-29 11:00:00Z;24.65927;0;3
2012-04-30 11:00:00Z;16.61456;0;3
2012-05-01 11:00:00Z;15.2625;0;3
2012-05-02 11:00:00Z;13.06561;0;3
2012-05-03 11:00:00Z;14.02331;0;3
2012-05-04 11:00:00Z;13.34184;0;3
2012-05-05 11:00:00Z;11.53076;0;3
2012-05-06 11:00:00Z;9.059088;0;3
2012-05-07 11:00:00Z;7.047772;0;3
2012-05-08 11:00:00Z;6.373762;0;3
2012-05-09 11:00:00Z;9.691903;0;3
2012-05-10 11:00:00Z;17.44531;0;3
2012-05-11 11:00:00Z;29.07831;0;3
2012-05-12 11:00:00Z;22.93277;0;3
2012-05-13 11:00:00Z;16.61137;0;3
2012-05-14 11:00:00Z;64.1493;0;3
2012-05-15 11:00:00Z;57.19688;0;3
2012-05-16 11:00:00Z;42.33649;0;3
2012-05-17 11:00:00Z;39.519;0;3
2012-05-18 11:00:00Z;28.30163;0;3
2012-05-19 11:00:00Z;18.88234;0;3
2012-05-20 11:00:00Z;14.833;0;3
2012-05-21 11:00:00Z;12.46698;0;3
2012-05-22 11:00:00Z;12.24263;0;3
2012-05-23 11:00:00Z;15.00968;0;3
2012-05-24 11:00:00Z;13.1715;0;3
2012-05-25 11:00:00Z;9.467757;0;3
2012-05-26 11:00:00Z;7.31717;0;3
2012-05-27 11:00:00Z;6.993449;0;3
2012-05-28 11:00:00Z;6.811083;0;3
2012-05-29 11:00:00Z;6.278634;0;3
2012-05-30 11:00:00Z;6.375328;0;3
2012-05-31 11:00:00Z;5.732022;0;3
2012-06-01 11:00:00Z;5.127001;0;3
2012-06-02 11:00:00Z;5.417334;0;3
2012-06-03 11:00:00Z;5.883977;0;3
2012-06-04 11:00:00Z;5.672271;0;3
2012-06-05 11:00:00Z;5.460215;0;3
2012-06-06 11:00:00Z;5.298533;0;3
2012-06-07 11:00:00Z;4.997456;0;3
2012-06-08 11:00:00Z;5.177531;0;3
2012-06-09 11:00:00Z;5.493052;0;3
2012-06-10 11:00:00Z;6.154175;0;3
2012-06-11 11:00:00Z;6.78696;0;3
2012-06-12 11:00:00Z;7.101032;0;3
2012-06-13 11:00:00Z;6.995993;0;3
2012-06-14 11:00:00Z;5.367734;0;3
2012-06-15 11:00:00Z;5.049988;0;3
2012-06-16 11:00:00Z;6.508223;0;3
2012-06-17 11:00:00Z;9.060194;0;3
2012-06-18 11:00:00Z;13.41155;0;3
2012-06-19 11:00:00Z;10.36165;0;3
2012-06-20 11:00:00Z;6.271081;0;3
2012-06-21 11:00:00Z;5.108477;0;3
2012-06-22 11:00:00Z;5.103713;0;3
2012-06-23 11:00:00Z;9.094215;0;3
2012-06-24 11:00:00Z;47.9924;0;3
2012-06-25 11:00:00Z;43.43819;0;3
2012-06-26 11:00:00Z;22.60669;0;3
2012-06-27 11:00:00Z;13.61361;0;3
2012-06-28 11:00:00Z;9.488781;0;3
2012-06-29 11:00:00Z;7.550615;0;3
2012-06-30 11:00:00Z;6.361442;0;3
2012-07-01 11:00:00Z;12.13066;0;3
2012-07-02 11:00:00Z;24.63835;0;3
2012-07-03 11:00:00Z;20.44553;0;3
2012-07-04 11:00:00Z;18.89112;0;3
2012-07-05 11:00:00Z;17.95302;0;3
2012-07-06 11:00:00Z;12.82291;0;3
2012-07-07 11:00:00Z;9.795538;0;3
2012-07-08 11:00:00Z;7.861031;0;3
2012-07-09 11:00:00Z;7.762234;0;3
2012-07-10 11:00:00Z;9.990661;0;3
2012-07-11 11:00:00Z;8.880698;0;3
2012-07-12 11:00:00Z;6.704467;0;3
2012-07-13 11:00:00Z;9.018119;0;3
2012-07-14 11:00:00Z;10.3546;0;3
2012-07-15 11:00:00Z;6.73957;0;3
2012-07-16 11:00:00Z;5.264218;0;3
2012-07-17 11:00:00Z;5.475706;0;3
2012-07-18 11:00:00Z;6.71919;0;3
2012-07-19 11:00:00Z;6.532433;0;3
2012-07-20 11:00:00Z;6.196882;0;3
2012-07-21 11:00:00Z;6.274007;0;3
2012-07-22 11:00:00Z;6.059478;0;3
2012-07-23 11:00:00Z;9.734465;0;3
2012-07-24 11:00:00Z;45.57054;0;3
2012-07-25 11:00:00Z;42.31479;0;3
2012-07-26 11:00:00Z;23.83887;0;3
2012-07-27 11:00:00Z;13.72456;0;3
2012-07-28 11:00:00Z;9.754761;0;3
2012-07-29 11:00:00Z;7.235916;0;3
2012-07-30 11:00:00Z;6.163632;0;3
2012-07-31 11:00:00Z;6.258952;0;3
2012-08-01 11:00:00Z;8.641598;0;3
2012-08-02 11:00:00Z;7.886397;0;3
2012-08-03 11:00:00Z;15.46672;0;3
2012-08-04 11:00:00Z;17.13748;0;3
2012-08-05 11:00:00Z;9.156943;0;3
2012-08-06 11:00:00Z;10.145;0;3
2012-08-07 11:00:00Z;36.26583;0;3
2012-08-08 11:00:00Z;22.21708;0;3
2012-08-09 11:00:00Z;13.18392;0;3
2012-08-10 11:00:00Z;9.005414;0;3
2012-08-11 11:00:00Z;6.694967;0;3
2012-08-12 11:00:00Z;6.648912;0;3
2012-08-13 11:00:00Z;6.976921;0;3
2012-08-14 11:00:00Z;7.189315;0;3
2012-08-15 11:00:00Z;7.046705;0;3
2012-08-16 11:00:00Z;6.974629;0;3
2012-08-17 11:00:00Z;8.591232;0;3
2012-08-18 11:00:00Z;14.36653;0;3
2012-08-19 11:00:00Z;24.84794;0;3
2012-08-20 11:00:00Z;17.68663;0;3
2012-08-21 11:00:00Z;11.34238;0;3
2012-08-22 11:00:00Z;8.531406;0;3
2012-08-23 11:00:00Z;11.13735;0;3
2012-08-24 11:00:00Z;11.99986;0;3
2012-08-25 11:00:00Z;7.976779;0;3
2012-08-26 11:00:00Z;6.087044;0;3
2012-08-27 11:00:00Z;7.958856;0;3
2012-08-28 11:00:00Z;42.97719;0;3
2012-08-29 11:00:00Z;68.29208;0;3
2012-08-30 11:00:00Z;48.19337;0;3
2012-08-31 11:00:00Z;43.18988;0;3
2012-09-01 11:00:00Z;23.03176;0;3
2012-09-02 11:00:00Z;17.4313;0;3
2012-09-03 11:00:00Z;17.35591;0;3
2012-09-04 11:00:00Z;15.7165;0;3
2012-09-05 11:00:00Z;14.55839;0;3
2012-09-06 11:00:00Z;12.61696;0;3
2012-09-07 11:00:00Z;15.39896;0;3
2012-09-08 11:00:00Z;14.52014;0;3
2012-09-09 11:00:00Z;10.00475;0;3
2012-09-10 11:00:00Z;8.229622;0;3
2012-09-11 11:00:00Z;18.21258;0;3
2012-09-12 11:00:00Z;47.47939;0;3
2012-09-13 11:00:00Z;35.19648;0;3
2012-09-14 11:00:00Z;66.63102;0;3
2012-09-15 11:00:00Z;57.53943;0;3
2012-09-16 11:00:00Z;30.85086;0;3
2012-09-17 11:00:00Z;39.17194;0;3
2012-09-18 11:00:00Z;62.37327;0;3
2012-09-19 11:00:00Z;45.92601;0;3
2012-09-20 11:00:00Z;29.76127;0;3
2012-09-21 11:00:00Z;25.30877;0;3
2012-09-22 11:00:00Z;19.01077;0;3
2012-09-23 11:00:00Z;14.47772;0;3
2012-09-24 11:00:00Z;11.72529;0;3
2012-09-25 11:00:00Z;10.12454;0;3
2012-09-26 11:00:00Z;10.09223;0;3
2012-09-27 11:00:00Z;12.64895;0;3
2012-09-28 11:00:00Z;12.27385;0;3
2012-09-29 11:00:00Z;32.29833;0;3
2012-09-30 11:00:00Z;55.2729;0;3
2012-10-01 11:00:00Z;63.21845;0;3
2012-10-02 11:00:00Z;43.12874;0;3
2012-10-03 11:00:00Z;83.64274;0;3
2012-10-04 11:00:00Z;91.47018;0;3
2012-10-05 11:00:00Z;94.62519;0;3
2012-10-06 11:00:00Z;65.73126;0;3
2012-10-07 11:00:00Z;33.28191;0;3
2012-10-08 11:00:00Z;28.01526;0;3
2012-10-09 11:00:00Z;25.67746;0;3
2012-10-10 11:00:00Z;20.6261;0;3
2012-10-11 11:00:00Z;15.23464;0;3
2012-10-12 11:00:00Z;12.19615;0;3
2012-10-13 11:00:00Z;9.606432999999999;0;3
2012-10-14 11:00:00Z;7.189321;0;3
2012-10-15 11:00:00Z;6.651316;0;3
2012-10-16 11:00:00Z;8.803592;0;3
2012-10-17 11:00:00Z;20.80099;0;3
2012-10-18 11:00:00Z;30.01917;0;3
2012-10-19 11:00:00Z;42.35217;0;3
2012-10-20 11:00:00Z;31.01331;0;3
2012-10-21 11:00:00Z;31.95864;0;3
2012-10-22 11:00:00Z;21.23838;0;3
2012-10-23 11:00:00Z;15.03687;0;3
2012-10-24 11:00:00Z;11.82694;0;3
2012-10-25 11:00:00Z;9.747683;0;3
2012-10-26 11:00:00Z;8.215713;0;3
2012-10-27 11:00:00Z;7.164172;0;3
2012-10-28 11:00:00Z;6.53852;0;3
2012-10-29 11:00:00Z;11.07021;0;3
2012-10-30 11:00:00Z;18.12321;0;3
2012-10-31 11:00:00Z;23.5047;0;3
2012-11-01 11:00:00Z;86.36409;0;3
2012-11-02 11:00:00Z;58.35707;0;3
2012-11-03 11:00:00Z;43.56627;0;3
2012-11-04 11:00:00Z;39.88;0;3
2012-11-05 11:00:00Z;27.21441;0;3
2012-11-06 11:00:00Z;19.94919;0;3
2012-11-07 11:00:00Z;16.51367;0;3
2012-11-08 11:00:00Z;20.92895;0;3
2012-11-09 11:00:00Z;29.19657;0;3
2012-11-10 11:00:00Z;81.00581;0;3
2012-11-11 11:00:00Z;95.2311;0;3
2012-11-12 11:00:00Z;58.82317;0;3
2012-11-13 11:00:00Z;32.04979;0;3
2012-11-14 11:00:00Z;26.53186;0;3
2012-11-15 11:00:00Z;37.5195;0;3
2012-11-16 11:00:00Z;29.39248;0;3
2012-11-17 11:00:00Z;36.21619;0;3
2012-11-18 11:00:00Z;61.5192;0;3
2012-11-19 11:00:00Z;40.12989;0;3
2012-11-20 11:00:00Z;55.58397;0;3
2012-11-21 11:00:00Z;128.218;0;3
2012-11-22 11:00:00Z;82.4727;0;3
2012-11-23 11:00:00Z;81.95348;0;3
2012-11-24 11:00:00Z;93.43388;0;3
2012-11-25 11:00:00Z;41.7766;0;3
2012-11-26 11:00:00Z;25.75801;0;3
2012-11-27 11:00:00Z;17.48989;0;3
2012-11-28 11:00:00Z;13.38402;0;3
2012-11-29 11:00:00Z;11.22613;0;3
2012-11-30 11:00:00Z;9.402482;0;3
2012-12-01 11:00:00Z;7.747099;0;3
2012-12-02 11:00:00Z;6.053686;0;3
2012-12-03 11:00:00Z;5.42462;0;3
2012-12-04 11:00:00Z;4.569422;0;3
2012-12-05 11:00:00Z;4.013099;0;3
2012-12-06 11:00:00Z;3.815621;0;3
2012-12-07 11:00:00Z;4.44779;0;3
2012-12-08 11:00:00Z;4.323271;0;3
2012-12-09 11:00:00Z;3.989212;0;3
2012-12-10 11:00:00Z;3.977875;0;3
2012-12-11 11:00:00Z;3.516913;0;3
2012-12-12 11:00:00Z;3.118271;0;3
2012-12-13 11:00:00Z;3.884802;0;3
2012-12-14 11:00:00Z;4.869255;0;3
2012-12-15 11:00:00Z;3.757357;0;3
2012-12-16 11:00:00Z;4.933383;0;3
2012-12-17 11:00:00Z;12.27141;0;3
2012-12-18 11:00:00Z;10.94054;0;3
2012-12-19 11:00:00Z;7.241709;0;3
2012-12-20 11:00:00Z;5.931209;0;3
2012-12-21 11:00:00Z;5.144905;0;3
2012-12-22 11:00:00Z;4.663058;0;3
2012-12-23 11:00:00Z;4.249069;0;3
2012-12-24 11:00:00Z;4.232196;0;3
2012-12-25 11:00:00Z;4.35539;0;3
2012-12-26 11:00:00Z;5.792178;0;3
2012-12-27 11:00:00Z;7.534927;0;3
2012-12-28 11:00:00Z;6.566526;0;3
2012-12-29 11:00:00Z;22.43312;0;3
2012-12-30 11:00:00Z;120.6263;0;3
2012-12-31 11:00:00Z;87.63913;0;3
2013-01-01 11:00:00Z;120.6752;0;3
2013-01-02 11:00:00Z;54.86952;0;3
2013-01-03 11:00:00Z;35.7393;0;3
2013-01-04 11:00:00Z;47.07796;0;3
2013-01-05 11:00:00Z;50.6411;0;3
2013-01-06 11:00:00Z;38.69777;0;3
2013-01-07 11:00:00Z;27.81439;0;3
2013-01-08 11:00:00Z;20.54071;0;3
2013-01-09 11:00:00Z;15.75734;0;3
2013-01-10 11:00:00Z;12.67963;0;3
2013-01-11 11:00:00Z;9.441336;0;3
2013-01-12 11:00:00Z;7.037854;0;3
2013-01-13 11:00:00Z;5.479005;0;3
2013-01-14 11:00:00Z;5.424724;0;3
2013-01-15 11:00:00Z;5.866819;0;3
2013-01-16 11:00:00Z;5.290802;0;3
2013-01-17 11:00:00Z;4.351986;0;3
2013-01-18 11:00:00Z;4.131823;0;3
2013-01-19 11:00:00Z;4.080338;0;3
2013-01-20 11:00:00Z;3.531264;0;3
2013-01-21 11:00:00Z;3.460526;0;3
2013-01-22 11:00:00Z;3.857862;0;3
2013-01-23 11:00:00Z;4.43051;0;3
2013-01-24 11:00:00Z;3.82706;0;3
2013-01-25 11:00:00Z;3.894903;0;3
2013-01-26 11:00:00Z;4.100211;0;3
2013-01-27 11:00:00Z;3.435741;0;3
2013-01-28 11:00:00Z;3.691905;0;3
2013-01-29 11:00:00Z;6.680666;0;3
2013-01-30 11:00:00Z;22.76593;0;3
2013-01-31 11:00:00Z;36.4574;0;3
2013-02-01 11:00:00Z;20.91247;0;3
2013-02-02 11:00:00Z;11.58629;0;3
2013-02-03 11:00:00Z;7.729253;0;3
2013-02-04 11:00:00Z;6.646797;0;3
2013-02-05 11:00:00Z;6.130494;0;3
2013-02-06 11:00:00Z;5.22661;0;3
2013-02-07 11:00:00Z;4.500159;0;3
2013-02-08 11:00:00Z;3.974872;0;3
2013-02-09 11:00:00Z;4.355083;0;3
2013-02-10 11:00:00Z;4.397371;0;3
2013-02-11 11:00:00Z;4.618823;0;3
2013-02-12 11:00:00Z;4.274685;0;3
2013-02-13 11:00:00Z;4.299002;0;3
2013-02-14 11:00:00Z;4.957845;0;3
2013-02-15 11:00:00Z;3.960383;0;3
2013-02-16 11:00:00Z;3.288623;0;3
2013-02-17 11:00:00Z;3.138358;0;3
2013-02-18 11:00:00Z;3.008925;0;3
2013-02-19 11:00:00Z;2.909168;0;3
2013-02-20 11:00:00Z;2.756191;0;3
2013-02-21 11:00:00Z;2.410838;0;3
2013-02-22 11:00:00Z;2.009748;0;3
2013-02-23 11:00:00Z;3.047618;0;3
2013-02-24 11:00:00Z;4.141478;0;3
2013-02-25 11:00:00Z;3.695312;0;3
2013-02-26 11:00:00Z;2.875252;0;3
2013-02-27 11:00:00Z;2.555061;0;3
2013-02-28 11:00:00Z;2.558376;0;3
2013-03-01 11:00:00Z;2.724505;0;3
2013-03-02 11:00:00Z;2.658015;0;3
2013-03-03 11:00:00Z;2.890158;0;3
2013-03-04 11:00:00Z;3.012635;0;3
2013-03-05 11:00:00Z;3.190458;0;3
2013-03-06 11:00:00Z;3.249782;0;3
2013-03-07 11:00:00Z;3.256808;0;3
2013-03-08 11:00:00Z;3.17319;0;3
2013-03-09 11:00:00Z;2.892788;0;3
2013-03-10 11:00:00Z;2.608389;0;3
2013-03-11 11:00:00Z;2.213094;0;3
2013-03-12 11:00:00Z;2.329187;0;3
2013-03-13 11:00:00Z;3.745075;0;3
2013-03-14 11:00:00Z;3.464375;0;3
2013-03-15 11:00:00Z;2.670689;0;3
2013-03-16 11:00:00Z;2.785147;0;3
2013-03-17 11:00:00Z;2.679464;0;3
2013-03-18 11:00:00Z;2.599218;0;3
2013-03-19 11:00:00Z;2.894162;0;3
2013-03-20 11:00:00Z;2.870366;0;3
2013-03-21 11:00:00Z;2.899223;0;3
2013-03-22 11:00:00Z;3.789805;0;3
2013-03-23 11:00:00Z;4.087835;0;3
2013-03-24 11:00:00Z;2.182738;0;3
2013-03-25 11:00:00Z;2.944203;0;3
2013-03-26 11:00:00Z;3.600797;0;3
2013-03-27 11:00:00Z;3.60421;0;3
2013-03-28 11:00:00Z;3.593073;0;3
2013-03-29 11:00:00Z;3.578223;0;3
2013-03-30 11:00:00Z;3.601499;0;3
2013-03-31 11:00:00Z;3.619861;0;3
2013-04-01 11:00:00Z;3.671838;0;3
2013-04-02 11:00:00Z;3.450587;0;3
2013-04-03 11:00:00Z;3.156319;0;3
2013-04-04 11:00:00Z;3.282392;0;3
2013-04-05 11:00:00Z;3.523236;0;3
2013-04-06 11:00:00Z;3.720399;0;3
2013-04-07 11:00:00Z;3.841605;0;3
2013-04-08 11:00:00Z;3.842411;0;3
2013-04-09 11:00:00Z;3.907835;0;3
2013-04-10 11:00:00Z;3.849635;0;3
2013-04-11 11:00:00Z;3.578824;0;3
2013-04-12 11:00:00Z;4.057027;0;3
2013-04-13 11:00:00Z;3.412227;0;3
2013-04-14 11:00:00Z;6.114383;0;3
2013-04-15 11:00:00Z;77.21437;0;3
2013-04-16 11:00:00Z;77.61472;0;3
2013-04-17 11:00:00Z;75.26492;0;3
2013-04-18 11:00:00Z;91.97388;0;3
2013-04-19 11:00:00Z;101.4146;0;3
2013-04-20 11:00:00Z;57.68437;0;3
2013-04-21 11:00:00Z;37.83149;0;3
2013-04-22 11:00:00Z;30.98275;0;3
2013-04-23 11:00:00Z;35.7695;0;3
2013-04-24 11:00:00Z;42.53893;0;3
2013-04-25 11:00:00Z;35.41272;0;3
2013-04-26 11:00:00Z;27.18393;0;3
2013-04-27 11:00:00Z;22.77026;0;3
2013-04-28 11:00:00Z;21.38941;0;3
2013-04-29 11:00:00Z;45.16143;0;3
2013-04-30 11:00:00Z;48.42283;0;3
2013-05-01 11:00:00Z;34.52831;0;3
2013-05-02 11:00:00Z;24.92474;0;3
2013-05-03 11:00:00Z;19.99403;0;3
2013-05-04 11:00:00Z;47.44479;0;3
2013-05-05 11:00:00Z;49.14025;0;3
2013-05-06 11:00:00Z;31.86936;0;3
2013-05-07 11:00:00Z;33.24586;0;3
2013-05-08 11:00:00Z;36.23504;0;3
2013-05-09 11:00:00Z;56.63842;0;3
2013-05-10 11:00:00Z;62.61034;0;3
2013-05-11 11:00:00Z;84.19815;0;3
2013-05-12 11:00:00Z;63.4392;0;3
2013-05-13 11:00:00Z;43.50766;0;3
2013-05-14 11:00:00Z;45.83945;0;3
2013-05-15 11:00:00Z;34.07484;0;3
2013-05-16 11:00:00Z;69.64039;0;3
2013-05-17 11:00:00Z;45.11524;0;3
2013-05-18 11:00:00Z;45.32516;0;3
2013-05-19 11:00:00Z;41.70164;0;3
2013-05-20 11:00:00Z;38.19085;0;3
2013-05-21 11:00:00Z;25.22518;0;3
2013-05-22 11:00:00Z;18.03969;0;3
2013-05-23 11:00:00Z;17.39067;0;3
2013-05-24 11:00:00Z;21.38132;0;3
2013-05-25 11:00:00Z;15.52131;0;3
2013-05-26 11:00:00Z;11.29742;0;3
2013-05-27 11:00:00Z;9.495646;0;3
2013-05-28 11:00:00Z;8.514217;0;3
2013-05-29 11:00:00Z;7.962664;0;3
2013-05-30 11:00:00Z;9.467026;0;3
2013-05-31 11:00:00Z;11.40576;0;3
2013-06-01 11:00:00Z;10.86313;0;3
2013-06-02 11:00:00Z;10.45792;0;3
2013-06-03 11:00:00Z;9.687873;0;3
2013-06-04 11:00:00Z;7.247478;0;3
2013-06-05 11:00:00Z;6.220245;0;3
2013-06-06 11:00:00Z;7.031344;0;3
2013-06-07 11:00:00Z;7.472869;0;3
2013-06-08 11:00:00Z;6.852545;0;3
2013-06-09 11:00:00Z;6.05127;0;3
2013-06-10 11:00:00Z;5.536504;0;3
2013-06-11 11:00:00Z;5.172175;0;3
2013-06-12 11:00:00Z;5.555179;0;3
2013-06-13 11:00:00Z;21.04984;0;3
2013-06-14 11:00:00Z;40.10109;0;3
2013-06-15 11:00:00Z;22.61119;0;3
2013-06-16 11:00:00Z;24.66738;0;3
2013-06-17 11:00:00Z;27.26409;0;3
2013-06-18 11:00:00Z;16.30038;0;3
2013-06-19 11:00:00Z;10.9857;0;3
2013-06-20 11:00:00Z;9.092827;0;3
2013-06-21 11:00:00Z;8.710385;0;3
2013-06-22 11:00:00Z;13.48363;0;3
2013-06-23 11:00:00Z;20.85806;0;3
2013-06-24 11:00:00Z;39.30072;0;3
2013-06-25 11:00:00Z;40.92751;0;3
2013-06-26 11:00:00Z;23.02205;0;3
2013-06-27 11:00:00Z;14.64375;0;3
2013-06-28 11:00:00Z;11.42283;0;3
2013-06-29 11:00:00Z;11.08283;0;3
2013-06-30 11:00:00Z;17.15305;0;3
2013-07-01 11:00:00Z;11.60551;0;3
2013-07-02 11:00:00Z;9.077679;0;3
2013-07-03 11:00:00Z;7.673555;0;3
2013-07-04 11:00:00Z;7.443389;0;3
2013-07-05 11:00:00Z;7.735495;0;3
2013-07-06 11:00:00Z;7.368484;0;3
2013-07-07 11:00:00Z;6.354402;0;3
2013-07-08 11:00:00Z;5.1048;0;3
2013-07-09 11:00:00Z;4.256033;0;3
2013-07-10 11:00:00Z;5.007543;0;3
2013-07-11 11:00:00Z;4.983873;0;3
2013-07-12 11:00:00Z;4.683434;0;3
2013-07-13 11:00:00Z;4.521585;0;3
2013-07-14 11:00:00Z;4.972161;0;3
2013-07-15 11:00:00Z;5.762769;0;3
2013-07-16 11:00:00Z;5.820641;0;3
2013-07-17 11:00:00Z;5.681535;0;3
2013-07-18 11:00:00Z;5.548942;0;3
2013-07-19 11:00:00Z;5.221381;0;3
2013-07-20 11:00:00Z;4.39254;0;3
2013-07-21 11:00:00Z;4.448103;0;3
2013-07-22 11:00:00Z;5.058675;0;3
2013-07-23 11:00:00Z;5.049825;0;3
2013-07-24 11:00:00Z;4.965557;0;3
2013-07-25 11:00:00Z;4.886333;0;3
2013-07-26 11:00:00Z;4.925948;0;3
2013-07-27 11:00:00Z;5.077196;0;3
2013-07-28 11:00:00Z;4.894976;0;3
2013-07-29 11:00:00Z;4.996837;0;3
2013-07-30 11:00:00Z;5.257267;0;3
2013-07-31 11:00:00Z;5.479679;0;3
2013-08-01 11:00:00Z;5.816113;0;3
2013-08-02 11:00:00Z;5.963622;0;3
2013-08-03 11:00:00Z;5.648386;0;3
2013-08-04 11:00:00Z;5.776974;0;3
2013-08-05 11:00:00Z;6.111767;0;3
2013-08-06 11:00:00Z;27.64813;0;3
2013-08-07 11:00:00Z;38.00357;0;3
2013-08-08 11:00:00Z;15.48401;0;3
2013-08-09 11:00:00Z;11.67333;0;3
2013-08-10 11:00:00Z;8.430219;0;3
2013-08-11 11:00:00Z;6.120185;0;3
2013-08-12 11:00:00Z;5.986039;0;3
2013-08-13 11:00:00Z;6.621121;0;3
2013-08-14 11:00:00Z;6.62596;0;3
2013-08-15 11:00:00Z;6.339554;0;3
2013-08-16 11:00:00Z;10.36552;0;3
2013-08-17 11:00:00Z;44.84757;0;3
2013-08-18 11:00:00Z;52.48296;0;3
2013-08-19 11:00:00Z;56.64352;0;3
2013-08-20 11:00:00Z;26.37347;0;3
2013-08-21 11:00:00Z;15.97237;0;3
2013-08-22 11:00:00Z;11.26959;0;3
2013-08-23 11:00:00Z;8.383501;0;3
2013-08-24 11:00:00Z;6.808437;0;3
2013-08-25 11:00:00Z;5.584277;0;3
2013-08-26 11:00:00Z;6.045168;0;3
2013-08-27 11:00:00Z;6.38953;0;3
2013-08-28 11:00:00Z;5.744319;0;3
2013-08-29 11:00:00Z;5.171244;0;3
2013-08-30 11:00:00Z;4.969981;0;3
2013-08-31 11:00:00Z;5.01927;0;3
2013-09-01 11:00:00Z;5.036554;0;3
2013-09-02 11:00:00Z;5.198409;0;3
2013-09-03 11:00:00Z;5.065577;0;3
2013-09-04 11:00:00Z;4.429999;0;3
2013-09-05 11:00:00Z;4.971427;0;3
2013-09-06 11:00:00Z;31.28021;0;3
2013-09-07 11:00:00Z;67.86523;0;3
2013-09-08 11:00:00Z;38.94372;0;3
2013-09-09 11:00:00Z;28.10517;0;3
2013-09-10 11:00:00Z;21.86327;0;3
2013-09-11 11:00:00Z;15.46488;0;3
2013-09-12 11:00:00Z;12.05855;0;3
2013-09-13 11:00:00Z;9.718925;0;3
2013-09-14 11:00:00Z;9.709144;0;3
2013-09-15 11:00:00Z;28.4351;0;3
2013-09-16 11:00:00Z;52.93971;0;3
2013-09-17 11:00:00Z;40.07692;0;3
2013-09-18 11:00:00Z;41.81372;0;3
2013-09-19 11:00:00Z;30.26539;0;3
2013-09-20 11:00:00Z;21.59317;0;3
2013-09-21 11:00:00Z;15.56949;0;3
2013-09-22 11:00:00Z;14.23995;0;3
2013-09-23 11:00:00Z;17.16984;0;3
2013-09-24 11:00:00Z;13.74593;0;3
2013-09-25 11:00:00Z;10.16186;0;3
2013-09-26 11:00:00Z;8.282612;0;3
2013-09-27 11:00:00Z;6.508838;0;3
2013-09-28 11:00:00Z;5.334278;0;3
2013-09-29 11:00:00Z;4.948997;0;3
2013-09-30 11:00:00Z;5.037791;0;3
2013-10-01 11:00:00Z;3.907177;0;3
2013-10-02 11:00:00Z;3.357277;0;3
2013-10-03 11:00:00Z;2.966311;0;3
2013-10-04 11:00:00Z;3.01005;0;3
2013-10-05 11:00:00Z;8.546417;0;3
2013-10-06 11:00:00Z;14.76679;0;3
2013-10-07 11:00:00Z;10.07935;0;3
2013-10-08 11:00:00Z;7.990396;0;3
2013-10-09 11:00:00Z;15.91338;0;3
2013-10-10 11:00:00Z;17.05815;0;3
2013-10-11 11:00:00Z;11.00419;0;3
2013-10-12 11:00:00Z;7.562816;0;3
2013-10-13 11:00:00Z;6.292744;0;3
2013-10-14 11:00:00Z;5.393239;0;3
2013-10-15 11:00:00Z;5.367317;0;3
2013-10-16 11:00:00Z;5.498412;0;3
2013-10-17 11:00:00Z;5.243685;0;3
2013-10-18 11:00:00Z;5.000951;0;3
2013-10-19 11:00:00Z;4.45452;0;3
2013-10-20 11:00:00Z;3.319612;0;3
2013-10-21 11:00:00Z;3.162948;0;3
2013-10-22 11:00:00Z;11.66228;0;3
2013-10-23 11:00:00Z;108.1386;0;3
2013-10-24 11:00:00Z;94.74686;0;3
2013-10-25 11:00:00Z;54.66287;0;3
2013-10-26 11:00:00Z;56.0014;3;3
2013-10-27 11:00:00Z;62.3216;3;3
2013-10-28 11:00:00Z;73.81689;3;3
2013-10-29 11:00:00Z;54.91184;3;3
2013-10-30 11:00:00Z;36.19677;3;3
2013-10-31 11:00:00Z;30.20537;3;3
2013-11-01 11:00:00Z;32.70122;3;3
2013-11-02 11:00:00Z;40.03827;0;3
2013-11-03 11:00:00Z;54.02788;0;3
2013-11-04 11:00:00Z;71.97005;0;3
2013-11-05 11:00:00Z;38.17363;0;3
2013-11-06 11:00:00Z;23.20594;0;3
2013-11-07 11:00:00Z;20.95361;0;3
2013-11-08 11:00:00Z;38.55339;0;3
2013-11-09 11:00:00Z;51.81766;0;3
2013-11-10 11:00:00Z;40.49627;0;3
2013-11-11 11:00:00Z;27.92573;0;3
2013-11-12 11:00:00Z;29.77265;0;3
2013-11-13 11:00:00Z;36.12452;0;3
2013-11-14 11:00:00Z;36.88723;0;3
2013-11-15 11:00:00Z;45.14558;0;3
2013-11-16 11:00:00Z;27.5584;0;3
2013-11-17 11:00:00Z;23.73672;0;3
2013-11-18 11:00:00Z;20.91273;0;3
2013-11-19 11:00:00Z;34.52362;0;3
2013-11-20 11:00:00Z;23.43816;0;3
2013-11-21 11:00:00Z;15.13913;0;3
2013-11-22 11:00:00Z;10.87518;0;3
2013-11-23 11:00:00Z;8.157052;0;3
2013-11-24 11:00:00Z;6.603143;0;3
2013-11-25 11:00:00Z;5.86051;0;3
2013-11-26 11:00:00Z;5.979175;0;3
2013-11-27 11:00:00Z;6.313778;0;3
2013-11-28 11:00:00Z;6.435406;0;3
2013-11-29 11:00:00Z;6.171214;0;3
2013-11-30 11:00:00Z;5.318512;0;3
2013-12-01 11:00:00Z;5.494932;0;3
2013-12-02 11:00:00Z;6.919991;0;3
2013-12-03 11:00:00Z;6.656579;0;3
2013-12-04 11:00:00Z;7.902855;0;3
2013-12-05 11:00:00Z;32.46604;0;3
2013-12-06 11:00:00Z;40.23461;0;3
2013-12-07 11:00:00Z;16.65882;0;3
2013-12-08 11:00:00Z;16.16987;0;3
2013-12-09 11:00:00Z;22.04058;0;3
2013-12-10 11:00:00Z;24.12257;0;3
2013-12-11 11:00:00Z;26.61789;0;3
2013-12-12 11:00:00Z;30.77792;0;3
2013-12-13 11:00:00Z;37.44189;0;3
2013-12-14 11:00:00Z;41.64891;0;3
2013-12-15 11:00:00Z;61.98833;0;3
2013-12-16 11:00:00Z;92.96948;0;3
2013-12-17 11:00:00Z;92.27172;0;3
2013-12-18 11:00:00Z;41.62922;0;3
2013-12-19 11:00:00Z;30.68374;0;3
2013-12-20 11:00:00Z;53.39624;2;3
2013-12-21 11:00:00Z;76.10871;0;3
2013-12-22 11:00:00Z;124.4372;0;3
2013-12-23 11:00:00Z;69.3208;0;3
2013-12-24 11:00:00Z;137.7387;0;3
2013-12-25 11:00:00Z;110.4459;0;3
2013-12-26 11:00:00Z;61.41444;0;3
2013-12-27 11:00:00Z;48.10844;0;3
2013-12-28 11:00:00Z;94.05775;0;3
2013-12-29 11:00:00Z;83.00295;0;3
2013-12-30 11:00:00Z;50.36706;0;3
2013-12-31 11:00:00Z;153.3901;0;3
2014-01-01 11:00:00Z;97.22121;0;3
2014-01-02 11:00:00Z;74.35987;0;3
2014-01-03 11:00:00Z;78.01187;0;3
2014-01-04 11:00:00Z;95.39835;0;3
2014-01-05 11:00:00Z;88.01154;0;3
2014-01-06 11:00:00Z;71.92323;0;3
2014-01-07 11:00:00Z;72.44097;0;3
2014-01-08 11:00:00Z;104.2892;0;3
2014-01-09 11:00:00Z;88.7004;0;3
2014-01-10 11:00:00Z;47.88525;0;3
2014-01-11 11:00:00Z;29.83592;0;3
2014-01-12 11:00:00Z;23.32082;0;3
2014-01-13 11:00:00Z;17.28546;0;3
2014-01-14 11:00:00Z;13.03504;0;3
2014-01-15 11:00:00Z;10.81833;0;3
2014-01-16 11:00:00Z;9.480536;0;3
2014-01-17 11:00:00Z;7.323102;0;3
2014-01-18 11:00:00Z;6.291687;0;3
2014-01-19 11:00:00Z;5.583754;0;3
2014-01-20 11:00:00Z;4.993549;0;3
2014-01-21 11:00:00Z;4.653392;0;3
2014-01-22 11:00:00Z;4.817807;0;3
2014-01-23 11:00:00Z;4.916797;0;3
2014-01-24 11:00:00Z;5.158074;0;3
2014-01-25 11:00:00Z;4.826554;0;3
2014-01-26 11:00:00Z;3.903848;0;3
2014-01-27 11:00:00Z;3.42109;0;3
2014-01-28 11:00:00Z;3.33449;0;3
2014-01-29 11:00:00Z;3.232613;0;3
2014-01-30 11:00:00Z;3.029803;0;3
2014-01-31 11:00:00Z;2.922429;0;3
2014-02-01 11:00:00Z;2.863146;0;3
2014-02-02 11:00:00Z;3.949952;0;3
2014-02-03 11:00:00Z;18.16958;0;3
2014-02-04 11:00:00Z;18.8516;0;3
2014-02-05 11:00:00Z;11.64446;0;3
2014-02-06 11:00:00Z;8.008122;0;3
2014-02-07 11:00:00Z;16.26433;0;3
2014-02-08 11:00:00Z;20.40305;0;3
2014-02-09 11:00:00Z;36.85121;0;3
2014-02-10 11:00:00Z;64.97984;0;3
2014-02-11 11:00:00Z;43.21046;0;3
2014-02-12 11:00:00Z;25.50652;0;3
2014-02-13 11:00:00Z;23.59435;0;3
2014-02-14 11:00:00Z;29.14772;0;3
2014-02-15 11:00:00Z;47.3582;0;3
2014-02-16 11:00:00Z;70.35845;0;3
2014-02-17 11:00:00Z;44.87674;0;3
2014-02-18 11:00:00Z;28.19584;0;3
2014-02-19 11:00:00Z;19.70622;0;3
2014-02-20 11:00:00Z;14.76162;1;3
2014-02-21 11:00:00Z;12.26545;0;3
2014-02-22 11:00:00Z;16.01757;0;3
2014-02-23 11:00:00Z;36.88935;0;3
2014-02-24 11:00:00Z;102.264;0;3
2014-02-25 11:00:00Z;83.20348;1;3
2014-02-26 11:00:00Z;65.35159;0;3
2014-02-27 11:00:00Z;55.06004;0;3
2014-02-28 11:00:00Z;52.04276;0;3
2014-03-01 11:00:00Z;42.19268;0;3
2014-03-02 11:00:00Z;28.92604;0;3
2014-03-03 11:00:00Z;23.93936;0;3
2014-03-04 11:00:00Z;20.75429;0;3
2014-03-05 11:00:00Z;17.53184;0;3
2014-03-06 11:00:00Z;20.09008;0;3
2014-03-07 11:00:00Z;93.47605;0;3
2014-03-08 11:00:00Z;105.4074;0;3
2014-03-09 11:00:00Z;50.99327;0;3
2014-03-10 11:00:00Z;44.34683;0;3
2014-03-11 11:00:00Z;40.30022;0;3
2014-03-12 11:00:00Z;27.51925;0;3
2014-03-13 11:00:00Z;20.85915;0;3
2014-03-14 11:00:00Z;21.56646;0;3
2014-03-15 11:00:00Z;54.77087;0;3
2014-03-16 11:00:00Z;35.01972;0;3
2014-03-17 11:00:00Z;53.32756;0;3
2014-03-18 11:00:00Z;41.22921;0;3
2014-03-19 11:00:00Z;45.32906;0;3
2014-03-20 11:00:00Z;82.13008;0;3
2014-03-21 11:00:00Z;89.18315;0;3
2014-03-22 11:00:00Z;56.33844;0;3
2014-03-23 11:00:00Z;46.00473;0;3
2014-03-24 11:00:00Z;34.53728;0;3
2014-03-25 11:00:00Z;24.35887;0;3
2014-03-26 11:00:00Z;18.77213;0;3
2014-03-27 11:00:00Z;15.17666;0;3
2014-03-28 11:00:00Z;13.14917;0;3
2014-03-29 11:00:00Z;14.70685;0;3
2014-03-30 11:00:00Z;18.19669;0;3
2014-03-31 11:00:00Z;16.72107;0;3
2014-04-01 11:00:00Z;15.84359;0;3
2014-04-02 11:00:00Z;13.69683;0;3
2014-04-03 11:00:00Z;12.47828;0;3
2014-04-04 11:00:00Z;11.50709;0;3
2014-04-05 11:00:00Z;10.41007;0;3
2014-04-06 11:00:00Z;10.71653;0;3
2014-04-07 11:00:00Z;22.53857;0;3
2014-04-08 11:00:00Z;55.99982;0;3
2014-04-09 11:00:00Z;56.75421;0;3
2014-04-10 11:00:00Z;35.78786;0;3
2014-04-11 11:00:00Z;27.13586;0;3
2014-04-12 11:00:00Z;26.72931;0;3
2014-04-13 11:00:00Z;56.32464;0;3
2014-04-14 11:00:00Z;51.53498;0;3
2014-04-15 11:00:00Z;29.58739;0;3
2014-04-16 11:00:00Z;20.03468;0;3
2014-04-17 11:00:00Z;19.84237;0;3
2014-04-18 11:00:00Z;36.59444;0;3
2014-04-19 11:00:00Z;24.80733;0;3
2014-04-20 11:00:00Z;19.99372;0;3
2014-04-21 11:00:00Z;19.78178;0;3
2014-04-22 11:00:00Z;26.58267;0;3
2014-04-23 11:00:00Z;34.58913;0;3
2014-04-24 11:00:00Z;34.12666;0;3
2014-04-25 11:00:00Z;22.57064;0;3
2014-04-26 11:00:00Z;16.30757;0;3
2014-04-27 11:00:00Z;18.32356;0;3
2014-04-28 11:00:00Z;19.62444;0;3
2014-04-29 11:00:00Z;18.50838;0;3
2014-04-30 11:00:00Z;17.97303;0;3
2014-05-01 11:00:00Z;16.36776;0;3
2014-05-02 11:00:00Z;12.55387;0;3
2014-05-03 11:00:00Z;8.89153;0;3
2014-05-04 11:00:00Z;7.350757;0;3
2014-05-05 11:00:00Z;6.902828;0;3
2014-05-06 11:00:00Z;8.426108;0;3
2014-05-07 11:00:00Z;18.02367;0;3
2014-05-08 11:00:00Z;32.51334;0;3
2014-05-09 11:00:00Z;25.65665;0;3
2014-05-10 11:00:00Z;17.55243;0;3
2014-05-11 11:00:00Z;13.10606;0;3
2014-05-12 11:00:00Z;13.21543;0;3
2014-05-13 11:00:00Z;16.01351;0;3
2014-05-14 11:00:00Z;15.35168;0;3
2014-05-15 11:00:00Z;13.64213;0;3
2014-05-16 11:00:00Z;11.33863;0;3
2014-05-17 11:00:00Z;13.00735;0;3
2014-05-18 11:00:00Z;14.18528;0;3
2014-05-19 11:00:00Z;12.82923;0;3
2014-05-20 11:00:00Z;12.34538;0;3
2014-05-21 11:00:00Z;11.69224;0;3
2014-05-22 11:00:00Z;13.79637;0;3
2014-05-23 11:00:00Z;20.88347;0;3
2014-05-24 11:00:00Z;17.785;0;3
2014-05-25 11:00:00Z;15.51565;0;3
2014-05-26 11:00:00Z;12.17815;0;3
2014-05-27 11:00:00Z;9.165071;0;3
2014-05-28 11:00:00Z;9.471606;0;3
2014-05-29 11:00:00Z;9.385454;0;3
2014-05-30 11:00:00Z;7.056489;0;3
2014-05-31 11:00:00Z;6.12429;0;3
2014-06-01 11:00:00Z;6.662582;0;3
2014-06-02 11:00:00Z;6.861157;0;3
2014-06-03 11:00:00Z;6.600923;0;3
2014-06-04 11:00:00Z;6.303674;0;3
2014-06-05 11:00:00Z;6.409941;1;3
2014-06-06 11:00:00Z;7.757288;0;3
2014-06-07 11:00:00Z;8.654576;0;3
2014-06-08 11:00:00Z;6.176164;0;3
2014-06-09 11:00:00Z;5.912705;0;3
2014-06-10 11:00:00Z;5.724362;0;3
2014-06-11 11:00:00Z;5.691003;0;3
2014-06-12 11:00:00Z;5.691006;0;3
2014-06-13 11:00:00Z;5.729726;0;3
2014-06-14 11:00:00Z;5.40927;0;3
2014-06-15 11:00:00Z;5.230204;0;3
2014-06-16 11:00:00Z;4.769144;0;3
2014-06-17 11:00:00Z;5.837215;0;3
2014-06-18 11:00:00Z;6.128918;0;3
2014-06-19 11:00:00Z;5.922803;0;3
2014-06-20 11:00:00Z;5.927643;0;3
2014-06-21 11:00:00Z;5.830423;0;3
2014-06-22 11:00:00Z;5.611022;0;3
2014-06-23 11:00:00Z;5.4139;0;3
2014-06-24 11:00:00Z;5.367589;0;3
2014-06-25 11:00:00Z;5.358326;0;3
2014-06-26 11:00:00Z;5.285057;1;3
2014-06-27 11:00:00Z;5.193883;1;3
2014-06-28 11:00:00Z;5.221048;0;3
2014-06-29 11:00:00Z;5.248212;0;3
2014-06-30 11:00:00Z;5.368043;1;3
2014-07-01 11:00:00Z;6.234238;0;3
2014-07-02 11:00:00Z;5.864095;0;3
2014-07-03 11:00:00Z;5.811064;0;3
2014-07-04 11:00:00Z;5.687106;0;3
2014-07-05 11:00:00Z;5.715519;0;3
2014-07-06 11:00:00Z;6.513615;0;3
2014-07-07 11:00:00Z;8.499681;0;3
2014-07-08 11:00:00Z;13.5901;0;3
2014-07-09 11:00:00Z;12.35531;0;3
2014-07-10 11:00:00Z;15.20582;0;3
2014-07-11 11:00:00Z;7.643639;0;3
2014-07-12 11:00:00Z;5.238465;0;3
2014-07-13 11:00:00Z;4.888905;0;3
2014-07-14 11:00:00Z;5.17969;0;3
2014-07-15 11:00:00Z;30.94182;0;3
2014-07-16 11:00:00Z;21.5394;0;3
2014-07-17 11:00:00Z;13.28814;0;3
2014-07-18 11:00:00Z;9.624842;0;3
2014-07-19 11:00:00Z;7.108893;0;3
2014-07-20 11:00:00Z;4.939967;0;3
2014-07-21 11:00:00Z;4.799393;0;3
2014-07-22 11:00:00Z;5.741865;0;3
2014-07-23 11:00:00Z;5.907969;0;3
2014-07-24 11:00:00Z;5.624707;0;3
2014-07-25 11:00:00Z;5.350168;3;3
2014-07-26 11:00:00Z;5.454807;3;3
2014-07-27 11:00:00Z;5.808825;3;3
2014-07-28 11:00:00Z;5.787073;0;3
2014-07-29 11:00:00Z;5.461151;0;3
2014-07-30 11:00:00Z;5.189353;0;3
2014-07-31 11:00:00Z;5.166715;0;3
2014-08-01 11:00:00Z;5.230412;0;3
2014-08-02 11:00:00Z;5.735087;0;3
2014-08-03 11:00:00Z;55.92459;3;3
2014-08-04 11:00:00Z;77.07783;0;3
2014-08-05 11:00:00Z;26.97016;0;3
2014-08-06 11:00:00Z;15.04765;0;3
2014-08-07 11:00:00Z;10.30914;0;3
2014-08-08 11:00:00Z;8.305387;0;3
2014-08-09 11:00:00Z;9.882604;0;3
2014-08-10 11:00:00Z;36.74315;0;3
2014-08-11 11:00:00Z;60.08311;0;3
2014-08-12 11:00:00Z;95.84762;0;3
2014-08-13 11:00:00Z;81.30945;0;3
2014-08-14 11:00:00Z;63.02069;0;3
2014-08-15 11:00:00Z;40.53183;0;3
2014-08-16 11:00:00Z;23.98949;0;3
2014-08-17 11:00:00Z;17.18859;0;3
2014-08-18 11:00:00Z;18.00457;0;3
2014-08-19 11:00:00Z;16.21567;0;3
2014-08-20 11:00:00Z;12.52828;0;3
2014-08-21 11:00:00Z;9.626427;0;3
2014-08-22 11:00:00Z;8.125614;0;3
2014-08-23 11:00:00Z;7.735495;0;3
2014-08-24 11:00:00Z;7.78054;0;3
2014-08-25 11:00:00Z;7.761983;0;3
2014-08-26 11:00:00Z;7.41655;0;3
2014-08-27 11:00:00Z;6.851377;0;3
2014-08-28 11:00:00Z;5.915826;0;3
2014-08-29 11:00:00Z;5.634595;0;3
2014-08-30 11:00:00Z;7.28008;0;3
2014-08-31 11:00:00Z;19.8146;0;3
2014-09-01 11:00:00Z;19.26112;0;3
2014-09-02 11:00:00Z;12.05535;0;3
2014-09-03 11:00:00Z;7.952632;0;3
2014-09-04 11:00:00Z;6.611553;0;3
2014-09-05 11:00:00Z;7.456764;0;3
2014-09-06 11:00:00Z;7.669635;0;3
2014-09-07 11:00:00Z;41.32367;0;3
2014-09-08 11:00:00Z;40.69516;0;3
2014-09-09 11:00:00Z;21.58889;0;3
2014-09-10 11:00:00Z;14.08713;0;3
2014-09-11 11:00:00Z;10.15292;0;3
2014-09-12 11:00:00Z;7.711429;0;3
2014-09-13 11:00:00Z;6.569898;0;3
2014-09-14 11:00:00Z;5.304515;0;3
2014-09-15 11:00:00Z;5.189812;0;3
2014-09-16 11:00:00Z;6.866523;0;3
2014-09-17 11:00:00Z;6.627231;0;3
2014-09-18 11:00:00Z;5.673212;0;3
2014-09-19 11:00:00Z;5.29895;0;3
2014-09-20 11:00:00Z;5.514457;0;3
2014-09-21 11:00:00Z;6.410366;0;3
2014-09-22 11:00:00Z;5.977492;0;3
2014-09-23 11:00:00Z;5.054561;0;3
2014-09-24 11:00:00Z;5.425714;0;3
2014-09-25 11:00:00Z;6.123762;0;3
2014-09-26 11:00:00Z;5.871656;0;3
2014-09-27 11:00:00Z;5.531041;0;3
2014-09-28 11:00:00Z;6.695209;0;3
2014-09-29 11:00:00Z;5.951829;0;3
2014-09-30 11:00:00Z;5.846307;0;3
2014-10-01 11:00:00Z;4.900858;0;3
2014-10-02 11:00:00Z;4.62715;1;3
2014-10-03 11:00:00Z;6.472029;0;3
2014-10-04 11:00:00Z;6.234765;0;3
2014-10-05 11:00:00Z;6.143682;0;3
2014-10-06 11:00:00Z;22.1379;0;3
2014-10-07 11:00:00Z;18.80151;0;3
2014-10-08 11:00:00Z;62.25661;0;3
2014-10-09 11:00:00Z;70.35282;1;3
2014-10-10 11:00:00Z;90.82937;1;3
2014-10-11 11:00:00Z;64.74562;0;3
2014-10-12 11:00:00Z;45.25466;0;3
2014-10-13 11:00:00Z;30.65428;0;3
2014-10-14 11:00:00Z;20.10599;0;3
2014-10-15 11:00:00Z;14.7486;0;3
2014-10-16 11:00:00Z;11.5286;0;3
2014-10-17 11:00:00Z;9.435025;0;3
2014-10-18 11:00:00Z;12.88417;0;3
2014-10-19 11:00:00Z;48.51625;0;3
2014-10-20 11:00:00Z;58.75026;0;3
2014-10-21 11:00:00Z;42.68322;0;3
2014-10-22 11:00:00Z;37.73788;0;3
2014-10-23 11:00:00Z;40.33282;0;3
2014-10-24 11:00:00Z;57.55852;0;3
2014-10-25 11:00:00Z;54.10273;0;3
2014-10-26 11:00:00Z;39.30869;0;3
2014-10-27 11:00:00Z;106.6084;0;3
2014-10-28 11:00:00Z;105.103;0;3
2014-10-29 11:00:00Z;119.6269;0;3
2014-10-30 11:00:00Z;51.12986;0;3
2014-10-31 11:00:00Z;37.10519;0;3
2014-11-01 11:00:00Z;39.01151;0;3
2014-11-02 11:00:00Z;56.4607;0;3
2014-11-03 11:00:00Z;90.35212;0;3
2014-11-04 11:00:00Z;62.73321;0;3
2014-11-05 11:00:00Z;41.65571;0;3
2014-11-06 11:00:00Z;28.48256;0;3
2014-11-07 11:00:00Z;19.66559;0;3
2014-11-08 11:00:00Z;19.4685;0;3
2014-11-09 11:00:00Z;42.08421;0;3
2014-11-10 11:00:00Z;47.28836;0;3
2014-11-11 11:00:00Z;33.70052;0;3
2014-11-12 11:00:00Z;22.16841;0;3
2014-11-13 11:00:00Z;16.41187;0;3
2014-11-14 11:00:00Z;14.70017;0;3
2014-11-15 11:00:00Z;13.30763;0;3
2014-11-16 11:00:00Z;10.23887;0;3
2014-11-17 11:00:00Z;8.368455;0;3
2014-11-18 11:00:00Z;7.564399;0;3
2014-11-19 11:00:00Z;6.919888;0;3
2014-11-20 11:00:00Z;6.394895;0;3
2014-11-21 11:00:00Z;5.873986;0;3
2014-11-22 11:00:00Z;5.409893;0;3
2014-11-23 11:00:00Z;5.099815;0;3
2014-11-24 11:00:00Z;31.07221;0;3
2014-11-25 11:00:00Z;25.56533;0;3
2014-11-26 11:00:00Z;14.47011;0;3
2014-11-27 11:00:00Z;9.868316;0;3
2014-11-28 11:00:00Z;7.563429;0;3
2014-11-29 11:00:00Z;6.67385;0;3
2014-11-30 11:00:00Z;5.977198;0;3
2014-12-01 11:00:00Z;5.318305;0;3
2014-12-02 11:00:00Z;5.352282;0;3
2014-12-03 11:00:00Z;5.404742;0;3
2014-12-04 11:00:00Z;5.121646;0;3
2014-12-05 11:00:00Z;5.117944;0;3
2014-12-06 11:00:00Z;5.434196;0;3
2014-12-07 11:00:00Z;24.25495;0;3
2014-12-08 11:00:00Z;50.83201;0;3
2014-12-09 11:00:00Z;25.8084;0;3
2014-12-10 11:00:00Z;38.09036;1;3
2014-12-11 11:00:00Z;30.29387;1;3
2014-12-12 11:00:00Z;25.11742;1;3
2014-12-13 11:00:00Z;22.18902;0;3
2014-12-14 11:00:00Z;25.7912;0;3
2014-12-15 11:00:00Z;86.67503;0;3
2014-12-16 11:00:00Z;42.92063;0;3
2014-12-17 11:00:00Z;27.66904;0;3
2014-12-18 11:00:00Z;22.59711;0;3
2014-12-19 11:00:00Z;37.5826;0;3
2014-12-20 11:00:00Z;34.37883;0;3
2014-12-21 11:00:00Z;25.37942;0;3
2014-12-22 11:00:00Z;62.95672;0;3
2014-12-23 11:00:00Z;59.75506;0;3
2014-12-24 11:00:00Z;39.29395;0;3
2014-12-25 11:00:00Z;25.08328;0;3
2014-12-26 11:00:00Z;17.02803;0;3
2014-12-27 11:00:00Z;12.92189;0;3
2014-12-28 11:00:00Z;8.910996;0;3
2014-12-29 11:00:00Z;7.947926;0;3
2014-12-30 11:00:00Z;8.867201;0;3
2014-12-31 11:00:00Z;9.343641;0;3
2015-01-01 11:00:00Z;26.35678;0;3
2015-01-02 11:00:00Z;150.4666;0;3
2015-01-03 11:00:00Z;73.44286;0;3
2015-01-04 11:00:00Z;35.92611;0;3
2015-01-05 11:00:00Z;23.29777;0;3
2015-01-06 11:00:00Z;19.18516;0;3
2015-01-07 11:00:00Z;50.20385;0;3
2015-01-08 11:00:00Z;74.06963;0;3
2015-01-09 11:00:00Z;52.90153;0;3
2015-01-10 11:00:00Z;44.96136;0;3
2015-01-11 11:00:00Z;37.92779;1;3
2015-01-12 11:00:00Z;52.30931;1;3
2015-01-13 11:00:00Z;55.71941;1;3
2015-01-14 11:00:00Z;36.26118;1;3
2015-01-15 11:00:00Z;31.63039;0;3
2015-01-16 11:00:00Z;45.80909;0;3
2015-01-17 11:00:00Z;42.16901;0;3
2015-01-18 11:00:00Z;25.10506;0;3
2015-01-19 11:00:00Z;16.34739;0;3
2015-01-20 11:00:00Z;14.72713;0;3
2015-01-21 11:00:00Z;11.99839;0;3
2015-01-22 11:00:00Z;9.46692;0;3
2015-01-23 11:00:00Z;8.86768;0;3
2015-01-24 11:00:00Z;9.75047;0;3
2015-01-25 11:00:00Z;7.52595;0;3
2015-01-26 11:00:00Z;8.232184;0;3
2015-01-27 11:00:00Z;10.78415;0;3
2015-01-28 11:00:00Z;22.54803;0;3
2015-01-29 11:00:00Z;36.47892;0;3
2015-01-30 11:00:00Z;21.15958;0;3
2015-01-31 11:00:00Z;14.70488;0;3
2015-02-01 11:00:00Z;10.02687;0;3
2015-02-02 11:00:00Z;7.890941;0;3
2015-02-03 11:00:00Z;7.791572;0;3
2015-02-04 11:00:00Z;7.219514;0;3
2015-02-05 11:00:00Z;6.808113;0;3
2015-02-06 11:00:00Z;6.976183;0;3
2015-02-07 11:00:00Z;6.880232;0;3
2015-02-08 11:00:00Z;6.079468;0;3
2015-02-09 11:00:00Z;5.962889;0;3
2015-02-10 11:00:00Z;7.996782;0;3
2015-02-11 11:00:00Z;12.55965;0;3
2015-02-12 11:00:00Z;11.94055;0;3
2015-02-13 11:00:00Z;10.50768;0;3
2015-02-14 11:00:00Z;10.06077;0;3
2015-02-15 11:00:00Z;8.729602;0;3
2015-02-16 11:00:00Z;7.396338;0;3
2015-02-17 11:00:00Z;7.763822;0;3
2015-02-18 11:00:00Z;16.0597;0;3
2015-02-19 11:00:00Z;50.83902;0;3
2015-02-20 11:00:00Z;85.33205;0;3
2015-02-21 11:00:00Z;42.83289;0;3
2015-02-22 11:00:00Z;26.29104;0;3
2015-02-23 11:00:00Z;22.87155;0;3
2015-02-24 11:00:00Z;22.05481;0;3
2015-02-25 11:00:00Z;30.6228;0;3
2015-02-26 11:00:00Z;25.13304;0;3
2015-02-27 11:00:00Z;21.71402;0;3
2015-02-28 11:00:00Z;19.22641;0;3
2015-03-01 11:00:00Z;56.90098;0;3
2015-03-02 11:00:00Z;57.53412;0;3
2015-03-03 11:00:00Z;33.35921;0;3
2015-03-04 11:00:00Z;22.30789;0;3
2015-03-05 11:00:00Z;16.70812;0;3
2015-03-06 11:00:00Z;15.81101;0;3
2015-03-07 11:00:00Z;29.74323;0;3
2015-03-08 11:00:00Z;70.65708;0;3
2015-03-09 11:00:00Z;62.40385;0;3
2015-03-10 11:00:00Z;51.34499;0;3
2015-03-11 11:00:00Z;58.30208;0;3
2015-03-12 11:00:00Z;32.89007;0;3
2015-03-13 11:00:00Z;23.38378;0;3
2015-03-14 11:00:00Z;18.75277;0;3
2015-03-15 11:00:00Z;15.06635;0;3
2015-03-16 11:00:00Z;13.04466;0;3
2015-03-17 11:00:00Z;13.44565;0;3
2015-03-18 11:00:00Z;16.34871;0;3
2015-03-19 11:00:00Z;18.42575;0;3
2015-03-20 11:00:00Z;17.69725;0;3
2015-03-21 11:00:00Z;18.35003;0;3
2015-03-22 11:00:00Z;16.63636;0;3
2015-03-23 11:00:00Z;15.61383;0;3
2015-03-24 11:00:00Z;19.77693;0;3
2015-03-25 11:00:00Z;17.53633;0;3
2015-03-26 11:00:00Z;13.84036;0;3
2015-03-27 11:00:00Z;10.86916;0;3
2015-03-28 11:00:00Z;9.216478;0;3
2015-03-29 11:00:00Z;9.588294;0;3
2015-03-30 11:00:00Z;11.85374;0;3
2015-03-31 11:00:00Z;11.80364;0;3
2015-04-01 11:00:00Z;10.75224;0;3
2015-04-02 11:00:00Z;9.141514;0;3
2015-04-03 11:00:00Z;7.327513;0;3
2015-04-04 11:00:00Z;6.792326;0;3
2015-04-05 11:00:00Z;6.630481;0;3
2015-04-06 11:00:00Z;6.537677;0;3
2015-04-07 11:00:00Z;7.925961;0;3
2015-04-08 11:00:00Z;23.08677;0;3
2015-04-09 11:00:00Z;28.94935;0;3
2015-04-10 11:00:00Z;24.69313;0;3
2015-04-11 11:00:00Z;27.16947;0;3
2015-04-12 11:00:00Z;54.23003;0;3
2015-04-13 11:00:00Z;40.08218;0;3
2015-04-14 11:00:00Z;26.38193;0;3
2015-04-15 11:00:00Z;29.84027;0;3
2015-04-16 11:00:00Z;36.41104;0;3
2015-04-17 11:00:00Z;26.83386;0;3
2015-04-18 11:00:00Z;21.76252;0;3
2015-04-19 11:00:00Z;20.95084;0;3
2015-04-20 11:00:00Z;23.94743;0;3
2015-04-21 11:00:00Z;30.15329;0;3
2015-04-22 11:00:00Z;32.08376;0;3
2015-04-23 11:00:00Z;32.82715;0;3
2015-04-24 11:00:00Z;42.01725;0;3
2015-04-25 11:00:00Z;32.92322;0;3
2015-04-26 11:00:00Z;59.85649;0;3
2015-04-27 11:00:00Z;35.76295;0;3
2015-04-28 11:00:00Z;24.24541;0;3
2015-04-29 11:00:00Z;19.99189;0;3
2015-04-30 11:00:00Z;23.14704;0;3
2015-05-01 11:00:00Z;24.63585;0;3
2015-05-02 11:00:00Z;20.31092;0;3
2015-05-03 11:00:00Z;18.58067;0;3
2015-05-04 11:00:00Z;19.23698;0;3
2015-05-05 11:00:00Z;26.45957;0;3
2015-05-06 11:00:00Z;70.82422;0;3
2015-05-07 11:00:00Z;69.95672;0;3
2015-05-08 11:00:00Z;56.33103;0;3
2015-05-09 11:00:00Z;33.50867;0;3
2015-05-10 11:00:00Z;23.89729;0;3
2015-05-11 11:00:00Z;22.54845;0;3
2015-05-12 11:00:00Z;57.06281;0;3
2015-05-13 11:00:00Z;54.64534;0;3
2015-05-14 11:00:00Z;50.22735;0;3
2015-05-15 11:00:00Z;33.54008;0;3
2015-05-16 11:00:00Z;25.89542;0;3
2015-05-17 11:00:00Z;22.76647;0;3
2015-05-18 11:00:00Z;20.65028;0;3
2015-05-19 11:00:00Z;27.98536;0;3
2015-05-20 11:00:00Z;41.9911;0;3
2015-05-21 11:00:00Z;29.28141;0;3
2015-05-22 11:00:00Z;22.99635;0;3
2015-05-23 11:00:00Z;32.95118;0;3
2015-05-24 11:00:00Z;28.36856;0;3
2015-05-25 11:00:00Z;26.28292;0;3
2015-05-26 11:00:00Z;24.06473;0;3
2015-05-27 11:00:00Z;19.63829;0;3
2015-05-28 11:00:00Z;21.27416;0;3
2015-05-29 11:00:00Z;42.48254;0;3
2015-05-30 11:00:00Z;36.93966;1;3
2015-05-31 11:00:00Z;26.6878;1;3
2015-06-01 11:00:00Z;29.29666;1;3
2015-06-02 11:00:00Z;57.31907;1;3
2015-06-03 11:00:00Z;86.02071;1;3
2015-06-04 11:00:00Z;49.61638;1;3
2015-06-05 11:00:00Z;29.6208;1;3
2015-06-06 11:00:00Z;34.88868;1;3
2015-06-07 11:00:00Z;49.43835;1;3
2015-06-08 11:00:00Z;46.35323;1;3
2015-06-09 11:00:00Z;26.40957;1;3
2015-06-10 11:00:00Z;18.51325;1;3
2015-06-11 11:00:00Z;15.01169;1;3
2015-06-12 11:00:00Z;14.86179;1;3
2015-06-13 11:00:00Z;12.01967;1;3
2015-06-14 11:00:00Z;8.958257;1;3
2015-06-15 11:00:00Z;7.042437;1;3
2015-06-16 11:00:00Z;7.143619;1;3
2015-06-17 11:00:00Z;8.42701;1;3
2015-06-18 11:00:00Z;9.780409;1;3
2015-06-19 11:00:00Z;9.735687;1;3
2015-06-20 11:00:00Z;8.106975;1;3
2015-06-21 11:00:00Z;7.096717;1;3
2015-06-22 11:00:00Z;6.594815;1;3
2015-06-23 11:00:00Z;6.369329;1;3
2015-06-24 11:00:00Z;6.208668;1;3
2015-06-25 11:00:00Z;5.840416;1;3
2015-06-26 11:00:00Z;5.409686;1;3
2015-06-27 11:00:00Z;5.198721;1;3
2015-06-28 11:00:00Z;5.977612;1;3
2015-06-29 11:00:00Z;6.713398;1;3
2015-06-30 11:00:00Z;6.746561;1;3
2015-07-01 11:00:00Z;5.967731;1;3
2015-07-02 11:00:00Z;5.540718;1;3
2015-07-03 11:00:00Z;5.353695;1;3
2015-07-04 11:00:00Z;5.437059;1;3
2015-07-05 11:00:00Z;5.185759;1;3
2015-07-06 11:00:00Z;5.117738;1;3
2015-07-07 11:00:00Z;5.48208;1;3
2015-07-08 11:00:00Z;10.82019;1;3
2015-07-09 11:00:00Z;18.25198;1;3
2015-07-10 11:00:00Z;11.68801;1;3
2015-07-11 11:00:00Z;6.875118;1;3
2015-07-12 11:00:00Z;6.400474;1;3
2015-07-13 11:00:00Z;6.200673;1;3
2015-07-14 11:00:00Z;5.241438;1;3
2015-07-15 11:00:00Z;5.163739;1;3
2015-07-16 11:00:00Z;4.870592;1;3
2015-07-17 11:00:00Z;4.521892;1;3
2015-07-18 11:00:00Z;5.249031;1;3
2015-07-19 11:00:00Z;11.61575;1;3
2015-07-20 11:00:00Z;17.63603;1;3
2015-07-21 11:00:00Z;11.73026;1;3
2015-07-22 11:00:00Z;8.351553;1;3
2015-07-23 11:00:00Z;6.99437;1;3
2015-07-24 11:00:00Z;6.379746;1;3
2015-07-25 11:00:00Z;7.064158;1;3
2015-07-26 11:00:00Z;8.273834;1;3
2015-07-27 11:00:00Z;6.996606;1;3
2015-07-28 11:00:00Z;5.627213;1;3
2015-07-29 11:00:00Z;5.858142;1;3
2015-07-30 11:00:00Z;9.292509;1;3
2015-07-31 11:00:00Z;8.737136;1;3
2015-08-01 11:00:00Z;6.63313;1;3
2015-08-02 11:00:00Z;26.49437;1;3
2015-08-03 11:00:00Z;25.59171;1;3
2015-08-04 11:00:00Z;14.53963;1;3
2015-08-05 11:00:00Z;39.55719;1;3
2015-08-06 11:00:00Z;28.01069;1;3
2015-08-07 11:00:00Z;18.53005;1;3
2015-08-08 11:00:00Z;12.42669;1;3
2015-08-09 11:00:00Z;7.556073;1;3
2015-08-10 11:00:00Z;6.167952;1;3
2015-08-11 11:00:00Z;7.230593;1;3
2015-08-12 11:00:00Z;13.40408;1;3
2015-08-13 11:00:00Z;10.46479;1;3
2015-08-14 11:00:00Z;7.103551;1;3
2015-08-15 11:00:00Z;13.11219;1;3
2015-08-16 11:00:00Z;72.10414;1;3
2015-08-17 11:00:00Z;49.28292;1;3
2015-08-18 11:00:00Z;27.95523;1;3
2015-08-19 11:00:00Z;15.89054;1;3
2015-08-20 11:00:00Z;10.65202;1;3
2015-08-21 11:00:00Z;7.86124;1;3
2015-08-22 11:00:00Z;6.532453;1;3
2015-08-23 11:00:00Z;5.608185;1;3
2015-08-24 11:00:00Z;7.248569;1;3
2015-08-25 11:00:00Z;7.492372;1;3
2015-08-26 11:00:00Z;16.87333;1;3
2015-08-27 11:00:00Z;74.73257;1;3
2015-08-28 11:00:00Z;57.94947;1;3
2015-08-29 11:00:00Z;36.71367;1;3
2015-08-30 11:00:00Z;27.18869;1;3
2015-08-31 11:00:00Z;19.74625;1;3
2015-09-01 11:00:00Z;14.22902;1;3
2015-09-02 11:00:00Z;21.97839;1;3
2015-09-03 11:00:00Z;35.5383;1;3
2015-09-04 11:00:00Z;29.72616;1;3
2015-09-05 11:00:00Z;18.96677;1;3
2015-09-06 11:00:00Z;12.40656;1;3
2015-09-07 11:00:00Z;8.493083;1;3
2015-09-08 11:00:00Z;6.717002;1;3
2015-09-09 11:00:00Z;5.742227;1;3
2015-09-10 11:00:00Z;6.216978;1;3
2015-09-11 11:00:00Z;6.154169;1;3
2015-09-12 11:00:00Z;5.806433;1;3
2015-09-13 11:00:00Z;6.775696;1;3
2015-09-14 11:00:00Z;12.24709;1;3
2015-09-15 11:00:00Z;56.89822;1;3
2015-09-16 11:00:00Z;58.08503;1;3
2015-09-17 11:00:00Z;34.45256;1;3
2015-09-18 11:00:00Z;31.79986;1;3
2015-09-19 11:00:00Z;19.76915;1;3
2015-09-20 11:00:00Z;12.50313;1;3
2015-09-21 11:00:00Z;8.811833;1;3
2015-09-22 11:00:00Z;10.86518;1;3
2015-09-23 11:00:00Z;22.38856;1;3
2015-09-24 11:00:00Z;19.48622;1;3
2015-09-25 11:00:00Z;41.01239;1;3
2015-09-26 11:00:00Z;41.78451;1;3
2015-09-27 11:00:00Z;21.47826;1;3
2015-09-28 11:00:00Z;14.78686;1;3
2015-09-29 11:00:00Z;11.08443;1;3
2015-09-30 11:00:00Z;8.729602;1;3
2015-10-01 11:00:00Z;7.218167;1;3
2015-10-02 11:00:00Z;5.673487;1;3
2015-10-03 11:00:00Z;4.80927;1;3
2015-10-04 11:00:00Z;4.274683;1;3
2015-10-05 11:00:00Z;3.808398;1;3
2015-10-06 11:00:00Z;3.446876;1;3
2015-10-07 11:00:00Z;3.184125;1;3
2015-10-08 11:00:00Z;3.039551;1;3
2015-10-09 11:00:00Z;3.200997;1;3
2015-10-10 11:00:00Z;3.589454;1;3
2015-10-11 11:00:00Z;4.667174;1;3
2015-10-12 11:00:00Z;4.443777;1;3
2015-10-13 11:00:00Z;3.835995;1;3
2015-10-14 11:00:00Z;3.364085;1;3
2015-10-15 11:00:00Z;2.983584;1;3
2015-10-16 11:00:00Z;2.652457;1;3
2015-10-17 11:00:00Z;2.359933;1;3
2015-10-18 11:00:00Z;2.65508;1;3
2015-10-19 11:00:00Z;3.036138;1;3
2015-10-20 11:00:00Z;3.58982;1;3
2015-10-21 11:00:00Z;4.316055;1;3
2015-10-22 11:00:00Z;4.919123;1;3
2015-10-23 11:00:00Z;11.87546;1;3
2015-10-24 11:00:00Z;13.31279;1;3
2015-10-25 11:00:00Z;23.17448;1;3
2015-10-26 11:00:00Z;28.28643;1;3
2015-10-27 11:00:00Z;17.49058;1;3
2015-10-28 11:00:00Z;12.07054;1;3
2015-10-29 11:00:00Z;9.159861;1;3
2015-10-30 11:00:00Z;7.492116;1;3
2015-10-31 11:00:00Z;6.909362;1;3
2015-11-01 11:00:00Z;6.656579;1;3
2015-11-02 11:00:00Z;6.544312;1;3
2015-11-03 11:00:00Z;5.813157;1;3
2015-11-04 11:00:00Z;5.176702;1;3
2015-11-05 11:00:00Z;4.708748;1;3
2015-11-06 11:00:00Z;5.001294;1;3
2015-11-07 11:00:00Z;11.7255;1;3
2015-11-08 11:00:00Z;41.70682;1;3
2015-11-09 11:00:00Z;64.56947;1;3
2015-11-10 11:00:00Z;63.76488;1;3
2015-11-11 11:00:00Z;32.28817;1;3
2015-11-12 11:00:00Z;23.28633;1;3
2015-11-13 11:00:00Z;46.02242;1;3
2015-11-14 11:00:00Z;52.32003;1;3
2015-11-15 11:00:00Z;44.20628;1;3
2015-11-16 11:00:00Z;39.24129;1;3
2015-11-17 11:00:00Z;55.37748;1;3
2015-11-18 11:00:00Z;52.40239;1;3
2015-11-19 11:00:00Z;50.30774;1;3
2015-11-20 11:00:00Z;36.21119;1;3
2015-11-21 11:00:00Z;22.13181;1;3
2015-11-22 11:00:00Z;15.55271;1;3
2015-11-23 11:00:00Z;11.64544;1;3
2015-11-24 11:00:00Z;11.51703;1;3
2015-11-25 11:00:00Z;15.33628;1;3
2015-11-26 11:00:00Z;14.01803;1;3
2015-11-27 11:00:00Z;17.78363;1;3
2015-11-28 11:00:00Z;53.83412;1;3
2015-11-29 11:00:00Z;57.78665;1;3
2015-11-30 11:00:00Z;36.18061;1;3
2015-12-01 11:00:00Z;25.47212;1;3
2015-12-02 11:00:00Z;21.99261;1;3
2015-12-03 11:00:00Z;38.39525;1;3
2015-12-04 11:00:00Z;116.5814;1;3
2015-12-05 11:00:00Z;255.9964;1;3
2015-12-06 11:00:00Z;362.4443;1;3
2015-12-07 11:00:00Z;196.3333;1;3
2015-12-08 11:00:00Z;93.27308;1;3
2015-12-09 11:00:00Z;136.0569;1;3
2015-12-10 11:00:00Z;273.3168;1;3
2015-12-11 11:00:00Z;168.1377;1;3
2015-12-12 11:00:00Z;46.26595;1;3
2015-12-13 11:00:00Z;23.41078;1;3
2015-12-14 11:00:00Z;16.37726;1;3
2015-12-15 11:00:00Z;13.16978;1;3
2015-12-16 11:00:00Z;11.20793;1;3
2015-12-17 11:00:00Z;12.16993;1;3
2015-12-18 11:00:00Z;26.96024;1;3
2015-12-19 11:00:00Z;47.18178;1;3
2015-12-20 11:00:00Z;99.83974;1;3
2015-12-21 11:00:00Z;75.22002;1;3
2015-12-22 11:00:00Z;67.67515;1;3
2015-12-23 11:00:00Z;78.07192;1;3
2015-12-24 11:00:00Z;62.06371;1;3
2015-12-25 11:00:00Z;104.4892;1;3
2015-12-26 11:00:00Z;57.36817;1;3
2015-12-27 11:00:00Z;30.25759;1;3
2015-12-28 11:00:00Z;19.58981;1;3
2015-12-29 11:00:00Z;15.31984;1;3
2015-12-30 11:00:00Z;15.66055;1;3
2015-12-31 11:00:00Z;37.55362;1;3
2016-01-01 11:00:00Z;48.70673;1;3
2016-01-02 11:00:00Z;39.3438;1;3
2016-01-03 11:00:00Z;23.45215;1;3
2016-01-04 11:00:00Z;15.49901;1;3
2016-01-05 11:00:00Z;11.81881;1;3
2016-01-06 11:00:00Z;7.879805;1;3
2016-01-07 11:00:00Z;6.884541;1;3
2016-01-08 11:00:00Z;5.771059;1;3
2016-01-09 11:00:00Z;5.181127;1;3
2016-01-10 11:00:00Z;4.777376;1;3
2016-01-11 11:00:00Z;4.8958;1;3
2016-01-12 11:00:00Z;5.108374;1;3
2016-01-13 11:00:00Z;4.543907;1;3
2016-01-14 11:00:00Z;4.839105;1;3
2016-01-15 11:00:00Z;5.081416;1;3
2016-01-16 11:00:00Z;4.608006;1;3
2016-01-17 11:00:00Z;3.113187;1;3
2016-01-18 11:00:00Z;2.1361;1;3
2016-01-19 11:00:00Z;2.829659;1;3
2016-01-20 11:00:00Z;4.855203;1;3
2016-01-21 11:00:00Z;4.4415;1;3
2016-01-22 11:00:00Z;4.161913;1;3
2016-01-23 11:00:00Z;4.096804;1;3
2016-01-24 11:00:00Z;3.936442;1;3
2016-01-25 11:00:00Z;3.739565;1;3
2016-01-26 11:00:00Z;15.09385;1;3
2016-01-27 11:00:00Z;102.2985;1;3
2016-01-28 11:00:00Z;71.43356;1;3
2016-01-29 11:00:00Z;80.49141;1;3
2016-01-30 11:00:00Z;90.4494;1;3
2016-01-31 11:00:00Z;41.17688;1;3
2016-02-01 11:00:00Z;25.74619;1;3
2016-02-02 11:00:00Z;73.19437;1;3
2016-02-03 11:00:00Z;72.47392;1;3
2016-02-04 11:00:00Z;32.90356;1;3
2016-02-05 11:00:00Z;20.82005;1;3
2016-02-06 11:00:00Z;31.4587;1;3
2016-02-07 11:00:00Z;118.7174;1;3
2016-02-08 11:00:00Z;115.2191;1;3
2016-02-09 11:00:00Z;78.02513;1;3
2016-02-10 11:00:00Z;44.64786;1;3
2016-02-11 11:00:00Z;26.95855;1;3
2016-02-12 11:00:00Z;17.83863;1;3
2016-02-13 11:00:00Z;12.42522;1;3
2016-02-14 11:00:00Z;9.116456;1;3
2016-02-15 11:00:00Z;7.283086;1;3
2016-02-16 11:00:00Z;6.9724;1;3
2016-02-17 11:00:00Z;6.919888;1;3
2016-02-18 11:00:00Z;6.261904;1;3
2016-02-19 11:00:00Z;5.012181;1;3
2016-02-20 11:00:00Z;5.943844;1;3
2016-02-21 11:00:00Z;6.945453;1;3
2016-02-22 11:00:00Z;6.897777;1;3
2016-02-23 11:00:00Z;6.320407;1;3
2016-02-24 11:00:00Z;5.593959;1;3
2016-02-25 11:00:00Z;4.860614;1;3
2016-02-26 11:00:00Z;4.228606;1;3
2016-02-27 11:00:00Z;3.822484;1;3
2016-02-28 11:00:00Z;3.554437;1;3
2016-02-29 11:00:00Z;3.476144;1;3
2016-03-01 11:00:00Z;4.288504;1;3
2016-03-02 11:00:00Z;4.8353;1;3
2016-03-03 11:00:00Z;4.011212;1;3
2016-03-04 11:00:00Z;3.822542;1;3
2016-03-05 11:00:00Z;3.636921;1;3
2016-03-06 11:00:00Z;3.492938;1;3
2016-03-07 11:00:00Z;3.306188;1;3
2016-03-08 11:00:00Z;3.863351;1;3
2016-03-09 11:00:00Z;4.02105;1;3
2016-03-10 11:00:00Z;3.153103;1;3
2016-03-11 11:00:00Z;2.913713;1;3
2016-03-12 11:00:00Z;2.862755;1;3
2016-03-13 11:00:00Z;2.81732;1;3
2016-03-14 11:00:00Z;3.428776;1;3
2016-03-15 11:00:00Z;9.072353;1;3
2016-03-16 11:00:00Z;19.45367;1;3
2016-03-17 11:00:00Z;21.37563;1;3
2016-03-18 11:00:00Z;25.91554;1;3
2016-03-19 11:00:00Z;21.31129;1;3
2016-03-20 11:00:00Z;16.38393;1;3
2016-03-21 11:00:00Z;15.36745;1;3
2016-03-22 11:00:00Z;16.41658;1;3
2016-03-23 11:00:00Z;16.38035;1;3
2016-03-24 11:00:00Z;14.43366;1;3
2016-03-25 11:00:00Z;15.04522;1;3
2016-03-26 11:00:00Z;16.71556;1;3
2016-03-27 11:00:00Z;62.97269;1;3
2016-03-28 11:00:00Z;83.57479;1;3
2016-03-29 11:00:00Z;113.887;1;3
2016-03-30 11:00:00Z;66.7117;1;3
2016-03-31 11:00:00Z;33.7071;1;3
2016-04-01 11:00:00Z;21.57815;1;3
2016-04-02 11:00:00Z;22.69177;1;3
2016-04-03 11:00:00Z;31.55438;1;3
2016-04-04 11:00:00Z;28.53933;0;3
2016-04-05 11:00:00Z;37.88216;0;3
2016-04-06 11:00:00Z;38.44972;0;3
2016-04-07 11:00:00Z;35.81741;0;3
2016-04-08 11:00:00Z;28.85583;0;3
2016-04-09 11:00:00Z;21.51768;0;3
2016-04-10 11:00:00Z;16.85372;0;3
2016-04-11 11:00:00Z;14.69949;0;3
2016-04-12 11:00:00Z;14.21737;0;3
2016-04-13 11:00:00Z;14.84368;0;3
2016-04-14 11:00:00Z;14.98719;0;3
2016-04-15 11:00:00Z;14.54228;0;3
2016-04-16 11:00:00Z;16.40176;0;3
2016-04-17 11:00:00Z;12.71799;0;3
2016-04-18 11:00:00Z;11.15797;0;3
2016-04-19 11:00:00Z;25.6556;0;3
2016-04-20 11:00:00Z;22.97496;0;3
2016-04-21 11:00:00Z;17.25639;0;3
2016-04-22 11:00:00Z;15.69873;0;3
2016-04-23 11:00:00Z;13.31313;0;3
2016-04-24 11:00:00Z;9.766385;0;3
2016-04-25 11:00:00Z;7.621377;0;3
2016-04-26 11:00:00Z;7.139377;0;3
2016-04-27 11:00:00Z;6.777286;0;3
2016-04-28 11:00:00Z;6.405102;0;3
2016-04-29 11:00:00Z;6.106503;0;3
2016-04-30 11:00:00Z;6.44495;0;3
2016-05-01 11:00:00Z;15.62833;0;3
2016-05-02 11:00:00Z;17.29779;0;3
2016-05-03 11:00:00Z;59.62868;0;3
2016-05-04 11:00:00Z;44.77462;0;3
2016-05-05 11:00:00Z;25.94475;0;3
2016-05-06 11:00:00Z;20.81162;0;3
2016-05-07 11:00:00Z;19.24626;0;3
2016-05-08 11:00:00Z;23.14089;0;3
2016-05-09 11:00:00Z;25.41072;0;3
2016-05-10 11:00:00Z;22.25421;0;3
2016-05-11 11:00:00Z;18.40886;0;3
2016-05-12 11:00:00Z;18.43266;0;3
2016-05-13 11:00:00Z;14.97979;0;3
2016-05-14 11:00:00Z;10.87808;0;3
2016-05-15 11:00:00Z;7.495362;0;3
2016-05-16 11:00:00Z;6.466655;0;3
2016-05-17 11:00:00Z;7.089441;0;3
2016-05-18 11:00:00Z;7.299684;0;3
2016-05-19 11:00:00Z;7.266358;0;3
2016-05-20 11:00:00Z;8.324353;0;3
2016-05-21 11:00:00Z;10.30496;0;3
2016-05-22 11:00:00Z;20.14527;0;3
2016-05-23 11:00:00Z;54.48766;0;3
2016-05-24 11:00:00Z;26.59901;0;3
2016-05-25 11:00:00Z;17.40304;0;3
2016-05-26 11:00:00Z;12.30568;0;3
2016-05-27 11:00:00Z;9.095069;0;3
2016-05-28 11:00:00Z;7.177216;0;3
2016-05-29 11:00:00Z;6.020655;0;3
2016-05-30 11:00:00Z;7.114794;0;3
2016-05-31 11:00:00Z;12.33737;0;3
2016-06-01 11:00:00Z;12.49492;0;3
2016-06-02 11:00:00Z;8.384041;0;3
2016-06-03 11:00:00Z;5.685888;0;3
2016-06-04 11:00:00Z;5.320709;0;3
2016-06-05 11:00:00Z;6.765806;0;3
2016-06-06 11:00:00Z;5.947518;0;3
2016-06-07 11:00:00Z;5.31789;0;3
2016-06-08 11:00:00Z;4.944984;0;3
2016-06-09 11:00:00Z;4.721405;0;3
2016-06-10 11:00:00Z;4.738486;0;3
2016-06-11 11:00:00Z;4.860405;0;3
2016-06-12 11:00:00Z;4.956709;0;3
2016-06-13 11:00:00Z;4.820588;0;3
2016-06-14 11:00:00Z;4.729842;0;3
2016-06-15 11:00:00Z;4.699594;0;3
2016-06-16 11:00:00Z;5.206245;0;3
2016-06-17 11:00:00Z;5.354109;0;3
2016-06-18 11:00:00Z;5.927833;0;3
2016-06-19 11:00:00Z;6.200253;0;3
2016-06-20 11:00:00Z;6.382688;0;3
2016-06-21 11:00:00Z;17.4862;0;3
2016-06-22 11:00:00Z;12.75696;0;3
2016-06-23 11:00:00Z;7.023294;0;3
2016-06-24 11:00:00Z;5.900805;0;3
2016-06-25 11:00:00Z;6.555151;0;3
2016-06-26 11:00:00Z;7.518515;0;3
2016-06-27 11:00:00Z;17.49727;0;3
2016-06-28 11:00:00Z;23.25019;0;3
2016-06-29 11:00:00Z;15.32668;0;3
2016-06-30 11:00:00Z;17.5067;0;3
2016-07-01 11:00:00Z;29.56214;0;3
2016-07-02 11:00:00Z;30.836;0;3
2016-07-03 11:00:00Z;38.80602;0;3
2016-07-04 11:00:00Z;27.72086;0;3
2016-07-05 11:00:00Z;16.60605;0;3
2016-07-06 11:00:00Z;11.26234;0;3
2016-07-07 11:00:00Z;8.284661;0;3
2016-07-08 11:00:00Z;6.982545;0;3
2016-07-09 11:00:00Z;5.298405;0;3
2016-07-10 11:00:00Z;5.003423;0;3
2016-07-11 11:00:00Z;9.004757;0;3
2016-07-12 11:00:00Z;19.52174;0;3
2016-07-13 11:00:00Z;15.34617;0;3
2016-07-14 11:00:00Z;10.57468;0;3
2016-07-15 11:00:00Z;7.291265;0;3
2016-07-16 11:00:00Z;5.299299;0;3
2016-07-17 11:00:00Z;6.140576;0;3
2016-07-18 11:00:00Z;6.799606;0;3
2016-07-19 11:00:00Z;6.094829;0;3
2016-07-20 11:00:00Z;5.630589;0;3
2016-07-21 11:00:00Z;6.181204;0;3
2016-07-22 11:00:00Z;5.878929;0;3
2016-07-23 11:00:00Z;5.236941;0;3
2016-07-24 11:00:00Z;5.308522;0;3
2016-07-25 11:00:00Z;5.506738;0;3
2016-07-26 11:00:00Z;5.634178;0;3
2016-07-27 11:00:00Z;6.031907;0;3
2016-07-28 11:00:00Z;15.29064;0;3
2016-07-29 11:00:00Z;18.50725;0;3
2016-07-30 11:00:00Z;29.55361;0;3
2016-07-31 11:00:00Z;20.01783;0;3
2016-08-01 11:00:00Z;20.29982;0;3
2016-08-02 11:00:00Z;19.01158;0;3
2016-08-03 11:00:00Z;13.07088;0;3
2016-08-04 11:00:00Z;28.7362;0;3
2016-08-05 11:00:00Z;60.73185;0;3
2016-08-06 11:00:00Z;29.04291;0;3
2016-08-07 11:00:00Z;16.74725;0;3
2016-08-08 11:00:00Z;26.76947;0;3
2016-08-09 11:00:00Z;45.58046;0;3
2016-08-10 11:00:00Z;29.36107;0;3
2016-08-11 11:00:00Z;16.96749;0;3
2016-08-12 11:00:00Z;12.27819;0;3
2016-08-13 11:00:00Z;13.84959;0;3
2016-08-14 11:00:00Z;18.91675;0;3
2016-08-15 11:00:00Z;13.50153;0;3
2016-08-16 11:00:00Z;10.00319;0;3
2016-08-17 11:00:00Z;7.649285;0;3
2016-08-18 11:00:00Z;6.668796;0;3
2016-08-19 11:00:00Z;6.041169;0;3
2016-08-20 11:00:00Z;5.422374;0;3
2016-08-21 11:00:00Z;5.252031;0;3
2016-08-22 11:00:00Z;11.56277;0;3
2016-08-23 11:00:00Z;14.94202;0;3
2016-08-24 11:00:00Z;11.24182;0;3
2016-08-25 11:00:00Z;8.035635;0;3
2016-08-26 11:00:00Z;6.877687;0;3
2016-08-27 11:00:00Z;7.708652;0;3
2016-08-28 11:00:00Z;7.085775;0;3
2016-08-29 11:00:00Z;5.712211;0;3
2016-08-30 11:00:00Z;5.411083;0;3
2016-08-31 11:00:00Z;5.474622;0;3
2016-09-01 11:00:00Z;5.317993;0;3
2016-09-02 11:00:00Z;5.583236;0;3
2016-09-03 11:00:00Z;6.39185;0;3
2016-09-04 11:00:00Z;7.176779;0;3
2016-09-05 11:00:00Z;6.95704;0;3
2016-09-06 11:00:00Z;6.186678;0;3
2016-09-07 11:00:00Z;5.451369;0;3
2016-09-08 11:00:00Z;6.767448;0;3
2016-09-09 11:00:00Z;6.463648;0;3
2016-09-10 11:00:00Z;8.278918;0;3
2016-09-11 11:00:00Z;116.1881;0;3
2016-09-12 11:00:00Z;51.39698;0;3
2016-09-13 11:00:00Z;24.23234;0;3
2016-09-14 11:00:00Z;15.55869;0;3
2016-09-15 11:00:00Z;11.31745;0;3
2016-09-16 11:00:00Z;8.546977;0;3
2016-09-17 11:00:00Z;7.061518;0;3
2016-09-18 11:00:00Z;5.470366;0;3
2016-09-19 11:00:00Z;5.007134;0;3
2016-09-20 11:00:00Z;5.729097;0;3
2016-09-21 11:00:00Z;6.344566;0;3
2016-09-22 11:00:00Z;6.734447;0;3
2016-09-23 11:00:00Z;7.602065;0;3
2016-09-24 11:00:00Z;14.59054;0;3
2016-09-25 11:00:00Z;9.444336;0;3
2016-09-26 11:00:00Z;12.38496;0;3
2016-09-27 11:00:00Z;17.59601;0;3
2016-09-28 11:00:00Z;69.06593;0;3
2016-09-29 11:00:00Z;67.90222;0;3
2016-09-30 11:00:00Z;59.54307;0;3
2016-10-01 11:00:00Z;38.95222;0;3
2016-10-02 11:00:00Z;26.65389;0;3
2016-10-03 11:00:00Z;17.76465;0;3
2016-10-04 11:00:00Z;12.86938;0;3
2016-10-05 11:00:00Z;9.938634;0;3
2016-10-06 11:00:00Z;7.91443;0;3
2016-10-07 11:00:00Z;6.99956;0;3
2016-10-08 11:00:00Z;6.143841;0;3
2016-10-09 11:00:00Z;4.639286;0;3
2016-10-10 11:00:00Z;4.013909;0;3
2016-10-11 11:00:00Z;3.622773;0;3
2016-10-12 11:00:00Z;3.26814;0;3
2016-10-13 11:00:00Z;2.99284;0;3
2016-10-14 11:00:00Z;2.746832;0;3
2016-10-15 11:00:00Z;2.443411;0;3
2016-10-16 11:00:00Z;2.242979;0;3
2016-10-17 11:00:00Z;2.471489;0;3
2016-10-18 11:00:00Z;3.37917;0;3
2016-10-19 11:00:00Z;10.09569;0;3
2016-10-20 11:00:00Z;11.01492;0;3
2016-10-21 11:00:00Z;7.303057;0;3
2016-10-22 11:00:00Z;5.898373;0;3
2016-10-23 11:00:00Z;4.84158;0;3
2016-10-24 11:00:00Z;4.11759;0;3
2016-10-25 11:00:00Z;3.578625;0;3
2016-10-26 11:00:00Z;3.356663;0;3
2016-10-27 11:00:00Z;5.394391;0;3
2016-10-28 11:00:00Z;12.27163;0;3
2016-10-29 11:00:00Z;20.0134;0;3
2016-10-30 11:00:00Z;16.25211;0;3
2016-10-31 11:00:00Z;10.16175;0;3
2016-11-01 11:00:00Z;7.509229;0;3
2016-11-02 11:00:00Z;7.543792;0;3
2016-11-03 11:00:00Z;6.425874;0;3
2016-11-04 11:00:00Z;5.328398;0;3
2016-11-05 11:00:00Z;5.270579;0;3
2016-11-06 11:00:00Z;5.644797;0;3
2016-11-07 11:00:00Z;4.687165;0;3
2016-11-08 11:00:00Z;3.908608;0;3
2016-11-09 11:00:00Z;4.542147;0;3
2016-11-10 11:00:00Z;4.323576;0;3
2016-11-11 11:00:00Z;4.063405;0;3
2016-11-12 11:00:00Z;3.92359;0;3
2016-11-13 11:00:00Z;3.186508;0;3
2016-11-14 11:00:00Z;4.089182;0;3
2016-11-15 11:00:00Z;16.0964;0;3
2016-11-16 11:00:00Z;27.81089;0;3
2016-11-17 11:00:00Z;37.15717;0;3
2016-11-18 11:00:00Z;33.82657;0;3
2016-11-19 11:00:00Z;26.69649;0;3
2016-11-20 11:00:00Z;18.82682;0;3
2016-11-21 11:00:00Z;17.64191;0;3
2016-11-22 11:00:00Z;32.01819;0;3
2016-11-23 11:00:00Z;91.62859;0;3
2016-11-24 11:00:00Z;55.45689;0;3
2016-11-25 11:00:00Z;30.51443;0;3
2016-11-26 11:00:00Z;25.9777;0;3
2016-11-27 11:00:00Z;23.26752;0;3
2016-11-28 11:00:00Z;15.86351;0;3
2016-11-29 11:00:00Z;11.13038;0;3
2016-11-30 11:00:00Z;9.948338;0;3
2016-12-01 11:00:00Z;10.09109;0;3
2016-12-02 11:00:00Z;10.63717;0;3
2016-12-03 11:00:00Z;8.294655;0;3
2016-12-04 11:00:00Z;6.696379;0;3
2016-12-05 11:00:00Z;5.957418;0;3
2016-12-06 11:00:00Z;6.218877;0;3
2016-12-07 11:00:00Z;7.480191;0;3
2016-12-08 11:00:00Z;21.06511;0;3
2016-12-09 11:00:00Z;28.89424;0;3
2016-12-10 11:00:00Z;18.26416;0;3
2016-12-11 11:00:00Z;16.17554;0;3
2016-12-12 11:00:00Z;13.95491;0;3
2016-12-13 11:00:00Z;11.55496;0;3
2016-12-14 11:00:00Z;10.07865;0;3
2016-12-15 11:00:00Z;8.078324;0;3
2016-12-16 11:00:00Z;7.010264;0;3
2016-12-17 11:00:00Z;6.215193;0;3
2016-12-18 11:00:00Z;7.257559;0;3
2016-12-19 11:00:00Z;7.806609;0;3
2016-12-20 11:00:00Z;7.417809;0;3
2016-12-21 11:00:00Z;11.68392;0;3
2016-12-22 11:00:00Z;31.78799;0;3
2016-12-23 11:00:00Z;35.72825;0;3
2016-12-24 11:00:00Z;85.49277;0;3
2016-12-25 11:00:00Z;45.5286;0;3
2016-12-26 11:00:00Z;43.63894;0;3
2016-12-27 11:00:00Z;44.21338;0;3
2016-12-28 11:00:00Z;26.3201;0;3
2016-12-29 11:00:00Z;19.74052;0;3
2016-12-30 11:00:00Z;19.34448;0;3
2016-12-31 11:00:00Z;38.48112;0;3
2017-01-01 11:00:00Z;58.69089;0;3
2017-01-02 11:00:00Z;27.91431;0;3
2017-01-03 11:00:00Z;16.95;0;3
2017-01-04 11:00:00Z;13.40336;0;3
2017-01-05 11:00:00Z;8.925459;0;3
2017-01-06 11:00:00Z;8.258682;0;3
2017-01-07 11:00:00Z;8.59289;0;3
2017-01-08 11:00:00Z;7.126981;0;3
2017-01-09 11:00:00Z;7.994386;0;3
2017-01-10 11:00:00Z;59.38597;0;3
2017-01-11 11:00:00Z;99.27891;0;3
2017-01-12 11:00:00Z;68.00932;0;3
2017-01-13 11:00:00Z;32.28259;0;3
2017-01-14 11:00:00Z;20.2327;0;3
2017-01-15 11:00:00Z;12.74032;0;3
2017-01-16 11:00:00Z;9.009157;0;3
2017-01-17 11:00:00Z;8.81563;0;3
2017-01-18 11:00:00Z;8.709553;0;3
2017-01-19 11:00:00Z;10.41965;0;3
2017-01-20 11:00:00Z;24.66893;0;3
2017-01-21 11:00:00Z;27.91884;0;3
2017-01-22 11:00:00Z;19.64093;0;3
2017-01-23 11:00:00Z;13.39282;0;3
2017-01-24 11:00:00Z;10.47924;0;3
2017-01-25 11:00:00Z;8.861898;0;3
2017-01-26 11:00:00Z;9.075658;0;3
2017-01-27 11:00:00Z;9.185742;0;3
2017-01-28 11:00:00Z;7.347986;0;3
2017-01-29 11:00:00Z;7.012375;0;3
2017-01-30 11:00:00Z;11.47054;0;3
2017-01-31 11:00:00Z;12.48299;0;3
2017-02-01 11:00:00Z;9.439734;0;3
2017-02-02 11:00:00Z;6.878004;0;3
2017-02-03 11:00:00Z;6.24402;0;3
2017-02-04 11:00:00Z;5.903024;0;3
2017-02-05 11:00:00Z;5.540613;0;3
2017-02-06 11:00:00Z;5.055077;0;3
2017-02-07 11:00:00Z;4.4146;0;3
2017-02-08 11:00:00Z;3.616252;0;3
2017-02-09 11:00:00Z;3.562156;0;3
2017-02-10 11:00:00Z;4.633675;0;3
2017-02-11 11:00:00Z;4.116926;0;3
2017-02-12 11:00:00Z;3.857662;0;3
2017-02-13 11:00:00Z;3.490726;0;3
2017-02-14 11:00:00Z;4.316473;0;3
2017-02-15 11:00:00Z;3.644565;0;3
2017-02-16 11:00:00Z;3.566195;0;3
2017-02-17 11:00:00Z;7.848894;0;3
2017-02-18 11:00:00Z;7.237644;0;3
2017-02-19 11:00:00Z;17.18116;0;3
2017-02-20 11:00:00Z;33.54547;0;3
2017-02-21 11:00:00Z;47.58636;0;3
2017-02-22 11:00:00Z;45.21043;0;3
2017-02-23 11:00:00Z;43.76409;0;3
2017-02-24 11:00:00Z;22.6776;0;3
2017-02-25 11:00:00Z;15.02911;0;3
2017-02-26 11:00:00Z;15.20581;0;3
2017-02-27 11:00:00Z;28.91787;0;3
2017-02-28 11:00:00Z;40.04491;0;3
2017-03-01 11:00:00Z;33.10532;0;3
2017-03-02 11:00:00Z;19.60161;0;3
2017-03-03 11:00:00Z;17.95232;0;3
2017-03-04 11:00:00Z;20.91471;0;3
2017-03-05 11:00:00Z;15.85363;0;3
2017-03-06 11:00:00Z;10.79378;0;3
2017-03-07 11:00:00Z;9.899193;0;3
2017-03-08 11:00:00Z;7.596869;0;3
2017-03-09 11:00:00Z;7.221246;0;3
2017-03-10 11:00:00Z;7.383483;0;3
2017-03-11 11:00:00Z;7.765084;0;3
2017-03-12 11:00:00Z;10.62892;0;3
2017-03-13 11:00:00Z;11.09325;0;3
2017-03-14 11:00:00Z;13.07317;0;3
2017-03-15 11:00:00Z;28.63896;0;3
2017-03-16 11:00:00Z;31.69384;0;3
2017-03-17 11:00:00Z;41.8899;0;3
2017-03-18 11:00:00Z;31.08397;0;3
2017-03-19 11:00:00Z;19.02904;0;3
2017-03-20 11:00:00Z;14.79508;0;3
2017-03-21 11:00:00Z;20.36222;0;3
2017-03-22 11:00:00Z;22.37844;0;3
2017-03-23 11:00:00Z;17.09145;0;3
2017-03-24 11:00:00Z;12.08726;0;3
2017-03-25 11:00:00Z;9.478503;0;3
2017-03-26 11:00:00Z;10.1964;0;3
2017-03-27 11:00:00Z;20.85111;0;3
2017-03-28 11:00:00Z;32.24333;0;3
2017-03-29 11:00:00Z;29.35183;0;3
2017-03-30 11:00:00Z;24.06243;0;3
2017-03-31 11:00:00Z;34.01841;0;3
2017-04-01 11:00:00Z;57.45787;0;3
2017-04-02 11:00:00Z;46.49933;0;3
2017-04-03 11:00:00Z;39.62318;0;3
2017-04-04 11:00:00Z;28.29341;0;3
2017-04-05 11:00:00Z;24.29034;0;3
2017-04-06 11:00:00Z;22.48413;0;3
2017-04-07 11:00:00Z;19.82303;0;3
2017-04-08 11:00:00Z;25.18233;0;3
2017-04-09 11:00:00Z;22.78797;0;3
2017-04-10 11:00:00Z;19.81847;0;3
2017-04-11 11:00:00Z;20.85227;0;3
2017-04-12 11:00:00Z;18.8964;0;3
2017-04-13 11:00:00Z;21.05271;0;3
2017-04-14 11:00:00Z;17.26154;0;3
2017-04-15 11:00:00Z;13.28096;0;3
2017-04-16 11:00:00Z;10.91476;0;3
2017-04-17 11:00:00Z;9.917619;0;3
2017-04-18 11:00:00Z;8.726339;0;3
2017-04-19 11:00:00Z;7.52595;0;3
2017-04-20 11:00:00Z;7.052606;0;3
2017-04-21 11:00:00Z;7.158885;0;3
2017-04-22 11:00:00Z;12.04186;0;3
2017-04-23 11:00:00Z;9.124457;0;3
2017-04-24 11:00:00Z;11.12943;0;3
2017-04-25 11:00:00Z;13.39692;0;3
2017-04-26 11:00:00Z;10.67173;0;3
2017-04-27 11:00:00Z;9.260726;0;3
2017-04-28 11:00:00Z;9.154255;0;3
2017-04-29 11:00:00Z;8.80333;0;3
2017-04-30 11:00:00Z;7.29109;0;3
2017-05-01 11:00:00Z;6.559464;0;3
2017-05-02 11:00:00Z;6.704253;0;3
2017-05-03 11:00:00Z;7.808057;0;3
2017-05-04 11:00:00Z;8.03256;0;3
2017-05-05 11:00:00Z;7.441411;0;3
2017-05-06 11:00:00Z;7.750122;0;3
2017-05-07 11:00:00Z;8.511541;0;3
2017-05-08 11:00:00Z;9.887681;0;3
2017-05-09 11:00:00Z;8.161203;0;3
2017-05-10 11:00:00Z;6.908726;0;3
2017-05-11 11:00:00Z;7.030387;0;3
2017-05-12 11:00:00Z;6.823898;0;3
2017-05-13 11:00:00Z;6.708352;0;3
2017-05-14 11:00:00Z;12.62602;0;3
2017-05-15 11:00:00Z;18.70459;0;3
2017-05-16 11:00:00Z;18.12119;0;3
2017-05-17 11:00:00Z;44.56173;0;3
2017-05-18 11:00:00Z;106.2562;0;3
2017-05-19 11:00:00Z;82.19022;0;3
2017-05-20 11:00:00Z;32.97332;0;3
2017-05-21 11:00:00Z;25.24985;0;3
2017-05-22 11:00:00Z;18.45418;0;3
2017-05-23 11:00:00Z;13.52198;0;3
2017-05-24 11:00:00Z;11.09627;0;3
2017-05-25 11:00:00Z;9.078821;0;3
2017-05-26 11:00:00Z;7.001611;0;3
2017-05-27 11:00:00Z;6.274953;0;3
2017-05-28 11:00:00Z;5.658797;0;3
2017-05-29 11:00:00Z;5.231035;0;3
2017-05-30 11:00:00Z;5.89067;0;3
2017-05-31 11:00:00Z;6.492225;0;3
2017-06-01 11:00:00Z;6.312973;0;3
2017-06-02 11:00:00Z;5.203927;0;3
2017-06-03 11:00:00Z;4.715127;0;3
2017-06-04 11:00:00Z;5.983085;0;3
2017-06-05 11:00:00Z;5.822521;0;3
2017-06-06 11:00:00Z;6.095944;0;3
2017-06-07 11:00:00Z;14.55583;0;3
2017-06-08 11:00:00Z;30.38684;0;3
2017-06-09 11:00:00Z;22.57401;0;3
2017-06-10 11:00:00Z;23.53858;0;3
2017-06-11 11:00:00Z;19.00239;0;3
2017-06-12 11:00:00Z;17.63372;0;3
2017-06-13 11:00:00Z;26.12914;0;3
2017-06-14 11:00:00Z;16.20849;0;3
2017-06-15 11:00:00Z;10.70245;0;3
2017-06-16 11:00:00Z;11.99009;0;3
2017-06-17 11:00:00Z;14.84713;0;3
2017-06-18 11:00:00Z;8.837978;0;3
2017-06-19 11:00:00Z;6.497191;0;3
2017-06-20 11:00:00Z;5.384591;0;3
2017-06-21 11:00:00Z;4.439864;0;3
2017-06-22 11:00:00Z;5.158891;0;3
2017-06-23 11:00:00Z;6.696165;0;3
2017-06-24 11:00:00Z;7.819688;0;3
2017-06-25 11:00:00Z;11.36534;0;3
2017-06-26 11:00:00Z;39.21388;0;3
2017-06-27 11:00:00Z;23.70675;0;3
2017-06-28 11:00:00Z;11.92076;0;3
2017-06-29 11:00:00Z;8.290651;0;3
2017-06-30 11:00:00Z;7.203375;0;3
2017-07-01 11:00:00Z;6.183198;0;3
2017-07-02 11:00:00Z;4.670359;0;3
2017-07-03 11:00:00Z;5.456416;0;3
2017-07-04 11:00:00Z;5.553675;0;3
2017-07-05 11:00:00Z;5.969929;0;3
2017-07-06 11:00:00Z;4.795791;0;3
2017-07-07 11:00:00Z;3.960549;0;3
2017-07-08 11:00:00Z;4.949083;0;3
2017-07-09 11:00:00Z;7.527687;0;3
2017-07-10 11:00:00Z;6.711137;0;3
2017-07-11 11:00:00Z;6.371877;0;3
2017-07-12 11:00:00Z;8.497634;0;3
2017-07-13 11:00:00Z;8.382798;0;3
2017-07-14 11:00:00Z;6.358823;0;3
2017-07-15 11:00:00Z;5.620911;0;3
2017-07-16 11:00:00Z;6.235123;0;3
2017-07-17 11:00:00Z;9.501239;0;3
2017-07-18 11:00:00Z;7.433673;0;3
2017-07-19 11:00:00Z;7.052073;0;3
2017-07-20 11:00:00Z;6.641748;0;3
2017-07-21 11:00:00Z;6.298208;0;3
2017-07-22 11:00:00Z;5.511682;0;3
2017-07-23 11:00:00Z;5.748353;0;3
2017-07-24 11:00:00Z;5.902815;0;3
2017-07-25 11:00:00Z;5.6628;0;3
2017-07-26 11:00:00Z;5.326736;0;3
2017-07-27 11:00:00Z;5.990256;0;3
2017-07-28 11:00:00Z;15.54683;0;3
2017-07-29 11:00:00Z;13.34671;0;3
2017-07-30 11:00:00Z;22.57196;0;3
2017-07-31 11:00:00Z;22.99608;0;3
2017-08-01 11:00:00Z;25.29053;0;3
2017-08-02 11:00:00Z;26.73264;0;3
2017-08-03 11:00:00Z;33.61222;0;3
2017-08-04 11:00:00Z;64.88249;0;3
2017-08-05 11:00:00Z;50.30172;0;3
2017-08-06 11:00:00Z;27.16893;0;3
2017-08-07 11:00:00Z;22.40422;0;3
2017-08-08 11:00:00Z;27.58188;0;3
2017-08-09 11:00:00Z;20.69958;0;3
2017-08-10 11:00:00Z;19.32854;0;3
2017-08-11 11:00:00Z;14.38243;0;3
2017-08-12 11:00:00Z;10.30569;0;3
2017-08-13 11:00:00Z;7.457267;0;3
2017-08-14 11:00:00Z;6.794239;0;3
2017-08-15 11:00:00Z;6.626387;0;3
2017-08-16 11:00:00Z;6.913881;0;3
2017-08-17 11:00:00Z;8.812347;0;3
2017-08-18 11:00:00Z;17.03888;0;3
2017-08-19 11:00:00Z;26.31747;0;3
2017-08-20 11:00:00Z;41.86415;0;3
2017-08-21 11:00:00Z;32.37105;0;3
2017-08-22 11:00:00Z;18.85285;0;3
2017-08-23 11:00:00Z;12.58366;0;3
2017-08-24 11:00:00Z;9.713815;0;3
2017-08-25 11:00:00Z;11.01835;0;3
2017-08-26 11:00:00Z;12.37664;0;3
2017-08-27 11:00:00Z;7.945635;0;3
2017-08-28 11:00:00Z;6.736037;0;3
2017-08-29 11:00:00Z;10.27504;0;3
2017-08-30 11:00:00Z;24.70403;0;3
2017-08-31 11:00:00Z;16.11904;0;3
2017-09-01 11:00:00Z;9.362702;0;3
2017-09-02 11:00:00Z;6.748365;0;3
2017-09-03 11:00:00Z;5.717372;0;3
2017-09-04 11:00:00Z;5.356712;0;3
2017-09-05 11:00:00Z;6.140917;0;3
2017-09-06 11:00:00Z;27.02295;0;3
2017-09-07 11:00:00Z;27.27171;0;3
2017-09-08 11:00:00Z;18.24303;0;3
2017-09-09 11:00:00Z;40.97539;0;3
2017-09-10 11:00:00Z;36.83589;0;3
2017-09-11 11:00:00Z;80.19416;0;3
2017-09-12 11:00:00Z;98.76289;0;3
2017-09-13 11:00:00Z;72.21266;0;3
2017-09-14 11:00:00Z;35.4322;0;3
2017-09-15 11:00:00Z;21.32014;0;3
2017-09-16 11:00:00Z;15.03957;0;3
2017-09-17 11:00:00Z;11.7609;0;3
2017-09-18 11:00:00Z;9.544297;0;3
2017-09-19 11:00:00Z;8.154683;0;3
2017-09-20 11:00:00Z;9.442565;0;3
2017-09-21 11:00:00Z;35.66392;0;3
2017-09-22 11:00:00Z;28.64248;0;3
2017-09-23 11:00:00Z;19.79156;0;3
2017-09-24 11:00:00Z;15.54513;0;3
2017-09-25 11:00:00Z;11.4176;0;3
2017-09-26 11:00:00Z;8.763208;0;3
2017-09-27 11:00:00Z;7.075456;0;3
2017-09-28 11:00:00Z;6.67194;0;3
2017-09-29 11:00:00Z;7.233713;0;3
2017-09-30 11:00:00Z;75.17425;0;3
2017-10-01 11:00:00Z;139.4504;0;3
2017-10-02 11:00:00Z;213.7163;0;3
2017-10-03 11:00:00Z;130.1134;0;3
2017-10-04 11:00:00Z;83.01575;0;3
2017-10-05 11:00:00Z;71.07542;0;3
2017-10-06 11:00:00Z;36.05703;0;3
2017-10-07 11:00:00Z;22.30735;0;3
2017-10-08 11:00:00Z;15.76997;0;3
2017-10-09 11:00:00Z;12.113;0;3
2017-10-10 11:00:00Z;10.44388;0;3
2017-10-11 11:00:00Z;17.14502;0;3
2017-10-12 11:00:00Z;55.96622;0;3
2017-10-13 11:00:00Z;36.08926;0;3
2017-10-14 11:00:00Z;39.9829;0;3
2017-10-15 11:00:00Z;29.78714;0;3
2017-10-16 11:00:00Z;20.2848;0;3
2017-10-17 11:00:00Z;19.62884;0;3
2017-10-18 11:00:00Z;41.79737;0;3
2017-10-19 11:00:00Z;27.74057;0;3
2017-10-20 11:00:00Z;17.93856;0;3
2017-10-21 11:00:00Z;16.51107;0;3
2017-10-22 11:00:00Z;44.06794;0;3
2017-10-23 11:00:00Z;44.45399;0;3
2017-10-24 11:00:00Z;37.11452;0;3
2017-10-25 11:00:00Z;88.12052;0;3
2017-10-26 11:00:00Z;48.05883;0;3
2017-10-27 11:00:00Z;38.12688;0;3
2017-10-28 11:00:00Z;25.97313;0;3
2017-10-29 11:00:00Z;21.46673;0;3
2017-10-30 11:00:00Z;16.77158;0;3
2017-10-31 11:00:00Z;12.31597;0;3
2017-11-01 11:00:00Z;10.1716;0;3
2017-11-02 11:00:00Z;11.94674;0;3
2017-11-03 11:00:00Z;12.92735;0;3
2017-11-04 11:00:00Z;11.60347;0;3
2017-11-05 11:00:00Z;35.3456;0;3
2017-11-06 11:00:00Z;27.33301;0;3
2017-11-07 11:00:00Z;16.83524;0;3
2017-11-08 11:00:00Z;13.22026;0;3
2017-11-09 11:00:00Z;19.93954;0;3
2017-11-10 11:00:00Z;43.04872;0;3
2017-11-11 11:00:00Z;33.54542;0;3
2017-11-12 11:00:00Z;20.62611;0;3
2017-11-13 11:00:00Z;14.39984;0;3
2017-11-14 11:00:00Z;12.1239;0;3
2017-11-15 11:00:00Z;10.73325;0;3
2017-11-16 11:00:00Z;12.66912;0;3
2017-11-17 11:00:00Z;40.72908;0;3
2017-11-18 11:00:00Z;64.78168;0;3
2017-11-19 11:00:00Z;43.7232;0;3
2017-11-20 11:00:00Z;25.14178;0;3
2017-11-21 11:00:00Z;16.71823;0;3
2017-11-22 11:00:00Z;15.48694;0;3
2017-11-23 11:00:00Z;192.6706;0;3
2017-11-24 11:00:00Z;124.7185;0;3
2017-11-25 11:00:00Z;46.6861;0;3
2017-11-26 11:00:00Z;32.87209;0;3
2017-11-27 11:00:00Z;31.74242;0;3
2017-11-28 11:00:00Z;22.96821;0;3
2017-11-29 11:00:00Z;16.36578;0;3
2017-11-30 11:00:00Z;12.09562;0;3
2017-12-01 11:00:00Z;9.763596;0;3
2017-12-02 11:00:00Z;8.334029;0;3
2017-12-03 11:00:00Z;7.753337;0;3
2017-12-04 11:00:00Z;8.19931;0;3
2017-12-05 11:00:00Z;9.461112;0;3
2017-12-06 11:00:00Z;64.27001;0;3
2017-12-07 11:00:00Z;131.8497;0;3
2017-12-08 11:00:00Z;116.1091;0;3
2017-12-09 11:00:00Z;46.37614;0;3
2017-12-10 11:00:00Z;25.89081;0;3
2017-12-11 11:00:00Z;16.70236;0;3
2017-12-12 11:00:00Z;12.31777;0;3
2017-12-13 11:00:00Z;10.41083;0;3
2017-12-14 11:00:00Z;10.20274;0;3
2017-12-15 11:00:00Z;9.361736;0;3
2017-12-16 11:00:00Z;7.019003;0;3
2017-12-17 11:00:00Z;6.129443;0;3
2017-12-18 11:00:00Z;6.183523;0;3
2017-12-19 11:00:00Z;6.059478;0;3
2017-12-20 11:00:00Z;6.0256;0;3
2017-12-21 11:00:00Z;9.524474;0;3
2017-12-22 11:00:00Z;15.16995;0;3
2017-12-23 11:00:00Z;36.05338;0;3
2017-12-24 11:00:00Z;95.54353;0;3
2017-12-25 11:00:00Z;45.64049;0;3
2017-12-26 11:00:00Z;104.5275;0;3
2017-12-27 11:00:00Z;77.90385;0;3
2017-12-28 11:00:00Z;32.38589;0;3
2017-12-29 11:00:00Z;19.63964;0;3
2017-12-30 11:00:00Z;13.91142;0;3
2017-12-31 11:00:00Z;10.85095;0;3
2018-01-01 11:00:00Z;18.75504;0;3
2018-01-02 11:00:00Z;25.74595;0;3
2018-01-03 11:00:00Z;19.15451;0;3
2018-01-04 11:00:00Z;14.63246;0;3
2018-01-05 11:00:00Z;10.59924;0;3
2018-01-06 11:00:00Z;8.006595;0;3
2018-01-07 11:00:00Z;6.386485;0;3
2018-01-08 11:00:00Z;6.155429;0;3
2018-01-09 11:00:00Z;5.503044;0;3
2018-01-10 11:00:00Z;5.313155;0;3
2018-01-11 11:00:00Z;5.063099;0;3
2018-01-12 11:00:00Z;4.794868;0;3
2018-01-13 11:00:00Z;4.56367;0;3
2018-01-14 11:00:00Z;4.233111;0;3
2018-01-15 11:00:00Z;4.164146;0;3
2018-01-16 11:00:00Z;4.937471;0;3
2018-01-17 11:00:00Z;5.085632;0;3
2018-01-18 11:00:00Z;4.804229;0;3
2018-01-19 11:00:00Z;4.371855;0;3
2018-01-20 11:00:00Z;4.347539;0;3
2018-01-21 11:00:00Z;5.235027;0;3
2018-01-22 11:00:00Z;6.465773;0;3
2018-01-23 11:00:00Z;8.830215;0;3
2018-01-24 11:00:00Z;12.72529;0;3
2018-01-25 11:00:00Z;17.31837;0;3
2018-01-26 11:00:00Z;22.34972;0;3
2018-01-27 11:00:00Z;26.30657;0;3
2018-01-28 11:00:00Z;44.81692;0;3
2018-01-29 11:00:00Z;59.3238;0;3
2018-01-30 11:00:00Z;38.97361;0;3
2018-01-31 11:00:00Z;41.56459;0;3
2018-02-01 11:00:00Z;30.36752;0;3
2018-02-02 11:00:00Z;19.35583;0;3
2018-02-03 11:00:00Z;12.42239;0;3
2018-02-04 11:00:00Z;9.721649;0;3
2018-02-05 11:00:00Z;7.760237;0;3
2018-02-06 11:00:00Z;6.942773;0;3
2018-02-07 11:00:00Z;6.609965;0;3
2018-02-08 11:00:00Z;6.419832;0;3
2018-02-09 11:00:00Z;6.944225;0;3
2018-02-10 11:00:00Z;8.096138;0;3
2018-02-11 11:00:00Z;8.216537;0;3
2018-02-12 11:00:00Z;7.173179;0;3
2018-02-13 11:00:00Z;6.739707;0;3
2018-02-14 11:00:00Z;6.558615;0;3
2018-02-15 11:00:00Z;6.138806;0;3
2018-02-16 11:00:00Z;5.941535;0;3
2018-02-17 11:00:00Z;5.801385;0;3
2018-02-18 11:00:00Z;5.854836;0;3
2018-02-19 11:00:00Z;5.922385;0;3
2018-02-20 11:00:00Z;5.544934;0;3
2018-02-21 11:00:00Z;5.167026;0;3
2018-02-22 11:00:00Z;4.833552;0;3
2018-02-23 11:00:00Z;4.500899;0;3
2018-02-24 11:00:00Z;4.301567;0;3
2018-02-25 11:00:00Z;4.289217;0;3
2018-02-26 11:00:00Z;4.116371;0;3
2018-02-27 11:00:00Z;3.861777;0;3
2018-02-28 11:00:00Z;3.282888;0;3
2018-03-01 11:00:00Z;3.400072;0;3
2018-03-02 11:00:00Z;4.539196;0;3
2018-03-03 11:00:00Z;6.276325;0;3
2018-03-04 11:00:00Z;5.437418;0;3
2018-03-05 11:00:00Z;4.696091;0;3
2018-03-06 11:00:00Z;4.413021;0;3
2018-03-07 11:00:00Z;4.289217;0;3
2018-03-08 11:00:00Z;4.003177;0;3
2018-03-09 11:00:00Z;3.360871;0;3
2018-03-10 11:00:00Z;3.016245;0;3
2018-03-11 11:00:00Z;2.948953;0;3
2018-03-12 11:00:00Z;3.042768;0;3
2018-03-13 11:00:00Z;3.087149;0;3
2018-03-14 11:00:00Z;3.258099;0;3
2018-03-15 11:00:00Z;3.522338;0;3
2018-03-16 11:00:00Z;3.446077;0;3
2018-03-17 11:00:00Z;3.23944;0;3
2018-03-18 11:00:00Z;3.013029;0;3
2018-03-19 11:00:00Z;3.153894;0;3
2018-03-20 11:00:00Z;3.277886;0;3
2018-03-21 11:00:00Z;3.249782;0;3
2018-03-22 11:00:00Z;3.355567;0;3
2018-03-23 11:00:00Z;3.32024;0;3
2018-03-24 11:00:00Z;4.232255;0;3
2018-03-25 11:00:00Z;7.541086;0;3
2018-03-26 11:00:00Z;8.078409;0;3
2018-03-27 11:00:00Z;6.982222;0;3
2018-03-28 11:00:00Z;6.171;0;3
2018-03-29 11:00:00Z;5.369456;0;3
2018-03-30 11:00:00Z;4.769863;0;3
2018-03-31 11:00:00Z;4.384512;0;3
2018-04-01 11:00:00Z;4.128519;0;3
2018-04-02 11:00:00Z;3.980706;0;3
2018-04-03 11:00:00Z;4.060265;0;3
2018-04-04 11:00:00Z;4.429028;0;3
2018-04-05 11:00:00Z;7.94487;0;3
2018-04-06 11:00:00Z;12.92412;0;3
2018-04-07 11:00:00Z;11.28958;0;3
2018-04-08 11:00:00Z;12.6909;0;3
2018-04-09 11:00:00Z;18.54552;0;3
2018-04-10 11:00:00Z;26.13882;0;3
2018-04-11 11:00:00Z;27.69973;0;3
2018-04-12 11:00:00Z;26.39108;0;3
2018-04-13 11:00:00Z;26.1161;0;3
2018-04-14 11:00:00Z;39.77071;0;3
2018-04-15 11:00:00Z;69.78806;0;3
2018-04-16 11:00:00Z;74.02628;0;3
2018-04-17 11:00:00Z;60.86272;0;3
2018-04-18 11:00:00Z;66.58029;0;3
2018-04-19 11:00:00Z;67.55215;0;3
2018-04-20 11:00:00Z;66.85718;0;3
2018-04-21 11:00:00Z;63.3914;0;3
2018-04-22 11:00:00Z;52.89001;0;3
2018-04-23 11:00:00Z;65.08348;0;3
2018-04-24 11:00:00Z;64.68629;0;3
2018-04-25 11:00:00Z;56.39396;0;3
2018-04-26 11:00:00Z;42.09407;0;3
2018-04-27 11:00:00Z;33.44694;0;3
2018-04-28 11:00:00Z;30.60631;0;3
2018-04-29 11:00:00Z;23.93933;0;3
2018-04-30 11:00:00Z;20.63359;0;3
2018-05-01 11:00:00Z;19.34449;0;3
2018-05-02 11:00:00Z;20.34915;0;3
2018-05-03 11:00:00Z;25.98046;0;3
2018-05-04 11:00:00Z;34.64496;0;3
2018-05-05 11:00:00Z;24.34259;0;3
2018-05-06 11:00:00Z;22.87183;0;3
2018-05-07 11:00:00Z;24.61206;0;3
2018-05-08 11:00:00Z;21.09451;0;3
2018-05-09 11:00:00Z;21.88518;0;3
2018-05-10 11:00:00Z;23.84347;0;3
2018-05-11 11:00:00Z;25.36753;0;3
2018-05-12 11:00:00Z;20.00154;0;3
2018-05-13 11:00:00Z;14.18289;0;3
2018-05-14 11:00:00Z;11.65591;0;3
2018-05-15 11:00:00Z;12.27422;0;3
2018-05-16 11:00:00Z;9.301738;0;3
2018-05-17 11:00:00Z;7.363611;0;3
2018-05-18 11:00:00Z;7.269679;0;3
2018-05-19 11:00:00Z;6.433729;0;3
2018-05-20 11:00:00Z;5.570799;0;3
2018-05-21 11:00:00Z;4.919057;0;3
2018-05-22 11:00:00Z;5.705741;0;3
2018-05-23 11:00:00Z;5.31679;0;3
2018-05-24 11:00:00Z;4.739305;0;3
2018-05-25 11:00:00Z;4.842812;0;3
2018-05-26 11:00:00Z;5.363519;0;3
2018-05-27 11:00:00Z;4.581774;0;3
2018-05-28 11:00:00Z;4.509134;0;3
2018-05-29 11:00:00Z;5.315461;0;3
2018-05-30 11:00:00Z;5.877966;0;3
2018-05-31 11:00:00Z;5.762215;0;3
2018-06-01 11:00:00Z;5.407445;0;3
2018-06-02 11:00:00Z;5.228372;0;3
2018-06-03 11:00:00Z;4.782724;0;3
2018-06-04 11:00:00Z;4.512943;0;3
2018-06-05 11:00:00Z;5.594835;0;3
2018-06-06 11:00:00Z;5.437266;0;3
2018-06-07 11:00:00Z;5.303581;0;3
2018-06-08 11:00:00Z;5.221048;0;3
2018-06-09 11:00:00Z;5.175773;0;3
2018-06-10 11:00:00Z;5.203143;0;3
2018-06-11 11:00:00Z;5.377059;0;3
2018-06-12 11:00:00Z;4.955999;0;3
2018-06-13 11:00:00Z;4.159927;0;3
2018-06-14 11:00:00Z;4.934846;0;3
2018-06-15 11:00:00Z;7.180789;0;3
2018-06-16 11:00:00Z;7.467628;0;3
2018-06-17 11:00:00Z;6.553249;0;3
2018-06-18 11:00:00Z;7.102333;0;3
2018-06-19 11:00:00Z;7.302935;0;3
2018-06-20 11:00:00Z;8.666548;0;3
2018-06-21 11:00:00Z;14.84675;0;3
2018-06-22 11:00:00Z;11.28895;0;3
2018-06-23 11:00:00Z;6.599516;0;3
2018-06-24 11:00:00Z;5.016809;0;3
2018-06-25 11:00:00Z;5.045814;0;3
2018-06-26 11:00:00Z;4.612635;0;3
2018-06-27 11:00:00Z;4.559519;0;3
2018-06-28 11:00:00Z;5.583441;0;3
2018-06-29 11:00:00Z;4.78169;0;3
2018-06-30 11:00:00Z;4.156929;0;3
2018-07-01 11:00:00Z;4.260566;0;3
2018-07-02 11:00:00Z;5.08985;0;3
2018-07-03 11:00:00Z;5.028323;0;3
2018-07-04 11:00:00Z;4.530738;0;3
2018-07-05 11:00:00Z;4.445852;0;3
2018-07-06 11:00:00Z;4.334499;0;3
2018-07-07 11:00:00Z;4.144072;0;3
2018-07-08 11:00:00Z;4.168364;0;3
2018-07-09 11:00:00Z;4.573132;0;3
2018-07-10 11:00:00Z;4.631478;0;3
2018-07-11 11:00:00Z;4.678192;0;3
2018-07-12 11:00:00Z;4.846722;0;3
2018-07-13 11:00:00Z;5.09717;0;3
2018-07-14 11:00:00Z;4.640018;0;3
2018-07-15 11:00:00Z;4.47096;0;3
2018-07-16 11:00:00Z;4.471164;0;3
2018-07-17 11:00:00Z;4.480011;0;3
2018-07-18 11:00:00Z;5.189895;0;3
2018-07-19 11:00:00Z;4.350113;0;3
2018-07-20 11:00:00Z;4.585936;0;3
2018-07-21 11:00:00Z;4.225488;0;3
2018-07-22 11:00:00Z;4.155912;0;3
2018-07-23 11:00:00Z;4.220354;0;3
2018-07-24 11:00:00Z;4.342732;0;3
2018-07-25 11:00:00Z;4.350965;0;3
2018-07-26 11:00:00Z;4.224166;0;3
2018-07-27 11:00:00Z;4.240632;0;3
2018-07-28 11:00:00Z;4.433983;0;3
2018-07-29 11:00:00Z;7.684629;0;3
2018-07-30 11:00:00Z;5.743434;0;3
2018-07-31 11:00:00Z;6.718393;0;3
2018-08-01 11:00:00Z;17.34927;0;3
2018-08-02 11:00:00Z;11.45656;0;3
2018-08-03 11:00:00Z;6.977816;0;3
2018-08-04 11:00:00Z;6.150693;0;3
2018-08-05 11:00:00Z;5.035228;0;3
2018-08-06 11:00:00Z;5.203987;0;3
2018-08-07 11:00:00Z;6.23876;0;3
2018-08-08 11:00:00Z;5.880186;0;3
2018-08-09 11:00:00Z;6.618425;0;3
2018-08-10 11:00:00Z;18.78773;0;3
2018-08-11 11:00:00Z;43.60746;0;3
2018-08-12 11:00:00Z;19.07902;0;3
2018-08-13 11:00:00Z;11.29707;0;3
2018-08-14 11:00:00Z;7.481306;0;3
2018-08-15 11:00:00Z;5.358107;0;3
2018-08-16 11:00:00Z;28.30069;0;3
2018-08-17 11:00:00Z;101.0951;0;3
2018-08-18 11:00:00Z;52.04232;0;3
2018-08-19 11:00:00Z;46.22677;0;3
2018-08-20 11:00:00Z;26.30445;0;3
2018-08-21 11:00:00Z;16.02602;0;3
2018-08-22 11:00:00Z;12.04184;0;3
2018-08-23 11:00:00Z;19.37836;0;3
2018-08-24 11:00:00Z;21.59474;0;3
2018-08-25 11:00:00Z;17.45935;0;3
2018-08-26 11:00:00Z;14.68377;0;3
2018-08-27 11:00:00Z;14.46813;0;3
2018-08-28 11:00:00Z;24.73985;0;3
2018-08-29 11:00:00Z;19.62768;0;3
2018-08-30 11:00:00Z;54.13124;0;3
2018-08-31 11:00:00Z;31.39125;0;3
2018-09-01 11:00:00Z;17.47785;0;3
2018-09-02 11:00:00Z;11.92068;0;3
2018-09-03 11:00:00Z;8.842187;0;3
2018-09-04 11:00:00Z;6.60982;0;3
2018-09-05 11:00:00Z;5.455116;0;3
2018-09-06 11:00:00Z;5.000951;0;3
2018-09-07 11:00:00Z;12.91573;0;3
2018-09-08 11:00:00Z;95.68533;0;3
2018-09-09 11:00:00Z;72.39186;0;3
2018-09-10 11:00:00Z;76.64917;0;3
2018-09-11 11:00:00Z;82.89752;0;3
2018-09-12 11:00:00Z;70.86108;0;3
2018-09-13 11:00:00Z;45.99729;0;3
2018-09-14 11:00:00Z;42.58835;0;3
2018-09-15 11:00:00Z;55.52895;0;3
2018-09-16 11:00:00Z;44.22509;0;3
2018-09-17 11:00:00Z;68.21997;0;3
2018-09-18 11:00:00Z;38.33835;0;3
2018-09-19 11:00:00Z;38.14563;0;3
2018-09-20 11:00:00Z;47.2803;0;3
2018-09-21 11:00:00Z;114.6838;0;3
2018-09-22 11:00:00Z;142.8253;0;3
2018-09-23 11:00:00Z;66.23898;0;3
2018-09-24 11:00:00Z;36.029;0;3
2018-09-25 11:00:00Z;21.97702;0;3
2018-09-26 11:00:00Z;33.77975;0;3
2018-09-27 11:00:00Z;50.54412;0;3
2018-09-28 11:00:00Z;37.44417;0;3
2018-09-29 11:00:00Z;25.75923;0;3
2018-09-30 11:00:00Z;22.95586;0;3
2018-10-01 11:00:00Z;27.20051;0;3
2018-10-02 11:00:00Z;20.35368;0;3
2018-10-03 11:00:00Z;23.46512;0;3
2018-10-04 11:00:00Z;19.34136;0;3
2018-10-05 11:00:00Z;20.14904;0;3
2018-10-06 11:00:00Z;19.60686;0;3
2018-10-07 11:00:00Z;14.09107;0;3
2018-10-08 11:00:00Z;34.38602;0;3
2018-10-09 11:00:00Z;52.44473;0;3
2018-10-10 11:00:00Z;52.36574;0;3
2018-10-11 11:00:00Z;32.19149;0;3
2018-10-12 11:00:00Z;20.75851;0;3
2018-10-13 11:00:00Z;30.78408;0;3
2018-10-14 11:00:00Z;48.41692;0;3
2018-10-15 11:00:00Z;29.92218;0;3
2018-10-16 11:00:00Z;20.06293;0;3
2018-10-17 11:00:00Z;15.86237;0;3
2018-10-18 11:00:00Z;15.91836;0;3
2018-10-19 11:00:00Z;13.29624;0;3
2018-10-20 11:00:00Z;10.73779;0;3
2018-10-21 11:00:00Z;9.571061;0;3
2018-10-22 11:00:00Z;11.34646;0;3
2018-10-23 11:00:00Z;78.39896;0;3
2018-10-24 11:00:00Z;49.84491;0;3
2018-10-25 11:00:00Z;24.28495;0;3
2018-10-26 11:00:00Z;16.12509;0;3
2018-10-27 11:00:00Z;11.87852;0;3
2018-10-28 11:00:00Z;9.314576;0;3
2018-10-29 11:00:00Z;7.463652;0;3
2018-10-30 11:00:00Z;6.798121;0;3
2018-10-31 11:00:00Z;6.714141;0;3
2018-11-01 11:00:00Z;7.955075;0;3
2018-11-02 11:00:00Z;18.90629;0;3
2018-11-03 11:00:00Z;21.41584;0;3
2018-11-04 11:00:00Z;16.21471;0;3
2018-11-05 11:00:00Z;14.15735;0;3
2018-11-06 11:00:00Z;10.83954;0;3
2018-11-07 11:00:00Z;8.426572;1;3
2018-11-08 11:00:00Z;7.54977;0;3
2018-11-09 11:00:00Z;9.193843;0;3
2018-11-10 11:00:00Z;11.83832;0;3
2018-11-11 11:00:00Z;46.63171;0;3
2018-11-12 11:00:00Z;66.26161;0;3
2018-11-13 11:00:00Z;63.63076;0;3
2018-11-14 11:00:00Z;57.08351;0;3
2018-11-15 11:00:00Z;34.12089;0;3
2018-11-16 11:00:00Z;26.24002;0;3
2018-11-17 11:00:00Z;18.27881;0;3
2018-11-18 11:00:00Z;13.69964;0;3
2018-11-19 11:00:00Z;10.96639;0;3
2018-11-20 11:00:00Z;8.988386;0;3
2018-11-21 11:00:00Z;7.446934;0;3
2018-11-22 11:00:00Z;6.681437;0;3
2018-11-23 11:00:00Z;5.976868;0;3
2018-11-24 11:00:00Z;4.774079;0;3
2018-11-25 11:00:00Z;3.956214;0;3
2018-11-26 11:00:00Z;3.367844;0;3
2018-11-27 11:00:00Z;2.998316;0;3
2018-11-28 11:00:00Z;3.949494;0;3
2018-11-29 11:00:00Z;11.24945;0;3
2018-11-30 11:00:00Z;82.47919;0;3
2018-12-01 11:00:00Z;82.7108;0;3
2018-12-02 11:00:00Z;48.34878;0;3
2018-12-03 11:00:00Z;45.56285;0;3
2018-12-04 11:00:00Z;46.50711;0;3
2018-12-05 11:00:00Z;26.2137;0;3
2018-12-06 11:00:00Z;17.01023;0;3
2018-12-07 11:00:00Z;16.87879;0;3
2018-12-08 11:00:00Z;31.92298;0;3
2018-12-09 11:00:00Z;30.45658;0;3
2018-12-10 11:00:00Z;18.27537;0;3
2018-12-11 11:00:00Z;11.98415;0;3
2018-12-12 11:00:00Z;9.044178;0;3
2018-12-13 11:00:00Z;8.756823;0;3
2018-12-14 11:00:00Z;6.711319;0;3
2018-12-15 11:00:00Z;5.997923;0;3
2018-12-16 11:00:00Z;5.363165;0;3
2018-12-17 11:00:00Z;5.346816;0;3
2018-12-18 11:00:00Z;5.162292;0;3
2018-12-19 11:00:00Z;4.829436;0;3
2018-12-20 11:00:00Z;5.653233;0;3
2018-12-21 11:00:00Z;8.413816;0;3
2018-12-22 11:00:00Z;6.871208;0;3
2018-12-23 11:00:00Z;5.533521;0;3
2018-12-24 11:00:00Z;4.417548;0;3
2018-12-25 11:00:00Z;4.89282;0;3
2018-12-26 11:00:00Z;6.242332;0;3
2018-12-27 11:00:00Z;8.27792;0;3
2018-12-28 11:00:00Z;15.06591;0;3
2018-12-29 11:00:00Z;14.89477;0;3
2018-12-30 11:00:00Z;12.20922;0;3
2018-12-31 11:00:00Z;10.94532;0;3
2024-01-01 11:00:00Z;11.10549;23;3
2024-01-02 11:00:00Z;7.601144;23;3
2024-01-03 11:00:00Z;6.651073;23;3
2024-01-04 11:00:00Z;8.370893;23;3
2024-01-05 11:00:00Z;8.511422;23;3
2024-01-06 11:00:00Z;7.199887;23;3
2024-01-07 11:00:00Z;7.217618;23;3
2024-01-08 11:00:00Z;7.998352;23;3
2024-01-09 11:00:00Z;9.452645;23;3
2024-01-10 11:00:00Z;11.79035;23;3
2024-01-11 11:00:00Z;14.0652;23;3
2024-01-12 11:00:00Z;15.19872;23;3
2024-01-13 11:00:00Z;14.90831;23;3
2024-01-14 11:00:00Z;11.35078;23;3
2024-01-15 11:00:00Z;9.601752;23;3
2024-01-16 11:00:00Z;8.745605;23;3
2024-01-17 11:00:00Z;11.38241;23;3
2024-01-18 11:00:00Z;12.125;23;3
2024-01-19 11:00:00Z;11.80425;23;3
2024-01-20 11:00:00Z;9.853281;23;3
2024-01-21 11:00:00Z;12.25261;23;3
2024-01-22 11:00:00Z;111.9865;23;3
2024-01-23 11:00:00Z;127.8369;23;3
2024-01-24 11:00:00Z;95.67563;23;3
2024-01-25 11:00:00Z;94.29514;23;3
2024-01-26 11:00:00Z;59.22766;23;3
2024-01-27 11:00:00Z;53.96708;23;3
2024-01-28 11:00:00Z;47.18221;23;3
2024-01-29 11:00:00Z;38.28914;23;3
2024-01-30 11:00:00Z;29.44431;23;3
2024-01-31 11:00:00Z;27.05982;23;3
2024-02-01 11:00:00Z;38.36584;23;3
2024-02-02 11:00:00Z;26.04118;23;3
2024-02-03 11:00:00Z;58.26815;23;3
2024-02-04 11:00:00Z;58.0722;23;3
2024-02-05 11:00:00Z;35.27545;23;3
2024-02-06 11:00:00Z;20.71451;23;3
2024-02-07 11:00:00Z;15.21887;23;3
2024-02-08 11:00:00Z;12.60613;23;3
2024-02-09 11:00:00Z;10.12689;23;3
2024-02-10 11:00:00Z;7.613113;23;3
2024-02-11 11:00:00Z;7.294397;23;3
2024-02-12 11:00:00Z;8.24424;23;3
2024-02-13 11:00:00Z;8.29296;23;3
2024-02-14 11:00:00Z;8.455863;23;3
2024-02-15 11:00:00Z;9.251533;23;3
2024-02-16 11:00:00Z;27.02926;23;3
2024-02-17 11:00:00Z;37.77577;23;3
2024-02-18 11:00:00Z;21.83767;23;3
2024-02-19 11:00:00Z;14.81703;23;3
2024-02-20 11:00:00Z;12.99266;0;3
2024-02-21 11:00:00Z;17.01303;0;3
2024-02-22 11:00:00Z;39.82313;2;3
2024-02-23 11:00:00Z;52.31869;0;3
2024-02-24 11:00:00Z;48.65106;0;3
2024-02-25 11:00:00Z;34.31048;0;3
2024-02-26 11:00:00Z;22.09006;0;3
2024-02-27 11:00:00Z;16.53177;0;3
2024-02-28 11:00:00Z;15.53048;0;3
2024-02-29 11:00:00Z;36.8961;0;3
2024-03-01 11:00:00Z;77.00893;0;3
2024-03-02 11:00:00Z;72.59218;0;3
2024-03-03 11:00:00Z;51.22124;0;3
2024-03-04 11:00:00Z;50.61564;0;3
2024-03-05 11:00:00Z;37.78967;0;3
2024-03-06 11:00:00Z;23.82059;0;3
2024-03-07 11:00:00Z;17.33357;0;3
2024-03-08 11:00:00Z;13.05484;0;3
2024-03-09 11:00:00Z;11.08065;0;3
2024-03-10 11:00:00Z;8.727271;0;3
2024-03-11 11:00:00Z;8.486472;0;3
2024-03-12 11:00:00Z;8.566595;0;3
2024-03-13 11:00:00Z;10.44788;0;3
2024-03-14 11:00:00Z;44.99062;0;3
2024-03-15 11:00:00Z;57.39639;0;3
2024-03-16 11:00:00Z;81.29548;0;3
2024-03-17 11:00:00Z;41.39133;0;3
2024-03-18 11:00:00Z;23.4646;0;3
2024-03-19 11:00:00Z;16.91384;0;3
2024-03-20 11:00:00Z;15.42925;0;3
2024-03-21 11:00:00Z;14.56189;0;3
2024-03-22 11:00:00Z;17.79198;0;3
2024-03-23 11:00:00Z;24.97495;0;3
2024-03-24 11:00:00Z;33.98532;0;3
2024-03-25 11:00:00Z;22.17107;0;3
2024-03-26 11:00:00Z;17.84267;0;3
2024-03-27 11:00:00Z;15.09103;0;3
2024-03-28 11:00:00Z;14.11497;0;3
2024-03-29 11:00:00Z;34.93551;0;3
2024-03-30 11:00:00Z;53.33972;0;3
2024-03-31 11:00:00Z;65.28568;0;3
2024-04-01 11:00:00Z;50.71664;0;3
2024-04-02 11:00:00Z;30.81092;0;3
2024-04-03 11:00:00Z;24.95716;0;3
2024-04-04 11:00:00Z;19.11319;0;3
2024-04-05 11:00:00Z;15.26198;0;3
2024-04-06 11:00:00Z;12.90285;0;3
2024-04-07 11:00:00Z;24.88471;0;3
2024-04-08 11:00:00Z;74.51116;0;3
2024-04-09 11:00:00Z;58.21703;0;3
2024-04-10 11:00:00Z;67.04056;0;3
2024-04-11 11:00:00Z;67.74349;0;3
2024-04-12 11:00:00Z;68.22339;0;3
2024-04-13 11:00:00Z;50.64985;0;3
2024-04-14 11:00:00Z;68.73842;0;3
2024-04-15 11:00:00Z;51.43613;0;3
2024-04-16 11:00:00Z;28.71507;0;3
2024-04-17 11:00:00Z;19.65807;0;3
2024-04-18 11:00:00Z;16.1214;0;3
2024-04-19 11:00:00Z;14.5207;0;3
2024-04-20 11:00:00Z;12.94351;0;3
2024-04-21 11:00:00Z;11.02999;0;3
2024-04-22 11:00:00Z;9.85445;0;3
2024-04-23 11:00:00Z;9.622684;0;3
2024-04-24 11:00:00Z;9.048074;0;3
2024-04-25 11:00:00Z;8.389941;0;3
2024-04-26 11:00:00Z;7.418029;0;3
2024-04-27 11:00:00Z;10.14361;0;3
2024-04-28 11:00:00Z;10.22107;0;3
2024-04-29 11:00:00Z;20.74354;0;3
2024-04-30 11:00:00Z;29.30037;0;3
2024-05-01 11:00:00Z;29.7046;0;3
2024-05-02 11:00:00Z;42.75558;0;3
2024-05-03 11:00:00Z;34.48975;0;3
2024-05-04 11:00:00Z;24.66054;0;3
2024-05-05 11:00:00Z;19.65245;0;3
2024-05-06 11:00:00Z;15.42954;0;3
2024-05-07 11:00:00Z;11.79389;0;3
2024-05-08 11:00:00Z;10.61653;0;3
2024-05-09 11:00:00Z;9.257699;0;3
2024-05-10 11:00:00Z;8.909897;0;3
2024-05-11 11:00:00Z;8.012896;0;3
2024-05-12 11:00:00Z;7.288347;0;3
2024-05-13 11:00:00Z;9.233887;23;3
2024-05-14 11:00:00Z;11.13785;23;3
2024-05-15 11:00:00Z;11.61023;23;3
2024-05-16 11:00:00Z;10.47638;23;3
2024-05-17 11:00:00Z;9.069414;23;3
2024-05-18 11:00:00Z;7.425906;23;3
2024-05-19 11:00:00Z;6.961904;23;3
2024-05-20 11:00:00Z;7.415967;23;3
2024-05-21 11:00:00Z;7.985701;23;3
2024-05-22 11:00:00Z;7.908032;23;3
2024-05-23 11:00:00Z;7.463754;23;3
2024-05-24 11:00:00Z;8.441666;23;3
2024-05-25 11:00:00Z;8.436693;23;3
2024-05-26 11:00:00Z;6.818336;23;3
2024-05-27 11:00:00Z;8.547601;23;3
2024-05-28 11:00:00Z;18.3758;23;3
2024-05-29 11:00:00Z;9.915386;23;3
2024-05-30 11:00:00Z;8.308182;23;3
2024-05-31 11:00:00Z;15.94236;23;3
2024-06-01 11:00:00Z;10.7541;23;3
2024-06-02 11:00:00Z;10.00951;23;3
2024-06-03 11:00:00Z;10.85475;23;3
2024-06-04 11:00:00Z;8.187687;23;3
2024-06-05 11:00:00Z;20.4981;23;3
2024-06-06 11:00:00Z;27.85049;23;3
2024-06-07 11:00:00Z;20.92723;23;3
2024-06-08 11:00:00Z;25.92372;23;3
2024-06-09 11:00:00Z;47.29618;23;3
2024-06-10 11:00:00Z;37.62583;23;3
2024-06-11 11:00:00Z;24.50727;23;3
2024-06-12 11:00:00Z;25.69834;23;3
2024-06-13 11:00:00Z;16.88773;23;3
2024-06-14 11:00:00Z;10.92713;23;3
2024-06-15 11:00:00Z;10.44615;23;3
2024-06-16 11:00:00Z;21.59033;23;3
2024-06-17 11:00:00Z;31.38362;23;3
2024-06-18 11:00:00Z;47.30359;23;3
2024-06-19 11:00:00Z;36.05198;23;3
2024-06-20 11:00:00Z;19.6379;23;3
2024-06-21 11:00:00Z;12.82771;23;3
2024-06-22 11:00:00Z;9.598579;23;3
2024-06-23 11:00:00Z;7.263047;23;3
2024-06-24 11:00:00Z;7.157225;23;3
2024-06-25 11:00:00Z;6.707182;23;3
2024-06-26 11:00:00Z;6.192809;23;3
2024-06-27 11:00:00Z;5.87049;23;3
2024-06-28 11:00:00Z;5.43357;23;3
2024-06-29 11:00:00Z;6.322774;23;3
2024-06-30 11:00:00Z;10.41018;23;3
2024-07-01 11:00:00Z;9.809621;23;3
2024-07-02 11:00:00Z;7.329898;23;3
2024-07-03 11:00:00Z;4.879882;23;3
2024-07-04 11:00:00Z;7.820814;23;3
2024-07-05 11:00:00Z;14.83783;23;3
2024-07-06 11:00:00Z;33.64135;23;3
2024-07-07 11:00:00Z;25.27441;23;3
2024-07-08 11:00:00Z;21.20475;23;3
2024-07-09 11:00:00Z;14.37262;23;3
2024-07-10 11:00:00Z;12.4263;23;3
2024-07-11 11:00:00Z;27.76836;23;3
2024-07-12 11:00:00Z;20.55211;23;3
2024-07-13 11:00:00Z;13.47397;23;3
2024-07-14 11:00:00Z;11.71686;23;3
2024-07-15 11:00:00Z;20.66849;23;3
2024-07-16 11:00:00Z;23.27087;23;3
2024-07-17 11:00:00Z;19.50389;23;3
2024-07-18 11:00:00Z;15.10867;23;3
2024-07-19 11:00:00Z;10.14695;23;3
2024-07-20 11:00:00Z;7.503098;23;3
2024-07-21 11:00:00Z;7.634845;23;3
2024-07-22 11:00:00Z;9.359126;23;3
2024-07-23 11:00:00Z;7.157946;23;3
2024-07-24 11:00:00Z;6.137908;23;3
2024-07-25 11:00:00Z;6.391322;23;3
2024-07-26 11:00:00Z;9.456774;23;3
2024-07-27 11:00:00Z;14.49811;23;3
2024-07-28 11:00:00Z;9.985195;23;3
2024-07-29 11:00:00Z;7.01488;23;3
2024-07-30 11:00:00Z;7.894092;23;3
2024-07-31 11:00:00Z;7.475947;23;3
2024-08-01 11:00:00Z;6.692508;23;3
2024-08-02 11:00:00Z;6.292955;23;3
2024-08-03 11:00:00Z;6.128418;23;3
2024-08-04 11:00:00Z;7.078773;23;3
2024-08-05 11:00:00Z;6.812476;23;3
2024-08-06 11:00:00Z;6.486581;23;3
2024-08-07 11:00:00Z;9.410941;23;3
2024-08-08 11:00:00Z;22.51111;23;3
2024-08-09 11:00:00Z;24.70256;23;3
2024-08-10 11:00:00Z;45.66117;23;3
2024-08-11 11:00:00Z;29.45842;23;3
2024-08-12 11:00:00Z;18.94277;23;3
2024-08-13 11:00:00Z;12.70694;23;3
2024-08-14 11:00:00Z;9.261239;23;3
2024-08-15 11:00:00Z;10.55508;23;3
2024-08-16 11:00:00Z;35.19876;23;3
2024-08-17 11:00:00Z;23.59861;23;3
2024-08-18 11:00:00Z;13.97757;23;3
2024-08-19 11:00:00Z;13.14669;23;3
2024-08-20 11:00:00Z;12.49283;23;3
2024-08-21 11:00:00Z;27.21505;23;3
2024-08-22 11:00:00Z;28.58326;23;3
2024-08-23 11:00:00Z;67.38931;23;3
2024-08-24 11:00:00Z;64.78261;23;3
2024-08-25 11:00:00Z;56.40499;23;3
2024-08-26 11:00:00Z;64.06628;23;3
2024-08-27 11:00:00Z;49.64389;23;3
2024-08-28 11:00:00Z;24.8202;23;3
2024-08-29 11:00:00Z;16.99513;23;3
2024-08-30 11:00:00Z;14.01527;23;3
2024-08-31 11:00:00Z;13.33868;23;3
2024-09-01 11:00:00Z;10.59935;23;3
2024-09-02 11:00:00Z;8.323442;23;3
2024-09-03 11:00:00Z;12.04553;23;3
2024-09-04 11:00:00Z;24.30754;23;3
2024-09-05 11:00:00Z;22.72429;23;3
2024-09-06 11:00:00Z;16.05771;23;3
2024-09-07 11:00:00Z;11.51216;23;3
2024-09-08 11:00:00Z;8.839434;23;3
2024-09-09 11:00:00Z;10.75912;23;3
2024-09-10 11:00:00Z;16.33037;23;3
2024-09-11 11:00:00Z;52.77907;23;3
2024-09-12 11:00:00Z;56.44403;23;3
2024-09-13 11:00:00Z;27.03306;23;3
2024-09-14 11:00:00Z;16.54738;23;3
2024-09-15 11:00:00Z;11.29193;23;3
2024-09-16 11:00:00Z;10.71755;23;3
2024-09-17 11:00:00Z;12.56971;23;3
2024-09-18 11:00:00Z;9.174634;23;3
2024-09-19 11:00:00Z;7.225353;23;3
2024-09-20 11:00:00Z;7.761462;23;3
2024-09-21 11:00:00Z;9.045819;23;3
2024-09-22 11:00:00Z;8.687009;23;3
2024-09-23 11:00:00Z;8.429242;23;3
2024-09-24 11:00:00Z;8.924888;23;3
2024-09-25 11:00:00Z;10.52564;23;3
2024-09-26 11:00:00Z;11.07859;23;3
2024-09-27 11:00:00Z;8.787584;23;3
2024-09-28 11:00:00Z;8.429367;23;3
2024-09-29 11:00:00Z;6.580442;23;3
2024-09-30 11:00:00Z;6.660639;23;3
2024-10-01 11:00:00Z;8.479445;23;3
2024-10-02 11:00:00Z;8.990726;23;3
2024-10-03 11:00:00Z;9.038799;23;3
2024-10-04 11:00:00Z;8.768106;23;3
2024-10-05 11:00:00Z;6.035304;23;3
2024-10-06 11:00:00Z;5.620937;23;3
2024-10-07 11:00:00Z;6.544965;23;3
2024-10-08 11:00:00Z;12.44625;23;3
2024-10-09 11:00:00Z;20.0436;23;3
2024-10-10 11:00:00Z;16.79293;23;3
2024-10-11 11:00:00Z;10.58776;23;3
2024-10-12 11:00:00Z;12.49788;23;3
2024-10-13 11:00:00Z;30.58193;23;3
2024-10-14 11:00:00Z;24.99804;23;3
2024-10-15 11:00:00Z;15.70809;23;3
2024-10-16 11:00:00Z;11.85821;23;3
2024-10-17 11:00:00Z;9.053155;23;3
2024-10-18 11:00:00Z;11.78098;23;3
2024-10-19 11:00:00Z;14.78667;23;3
2024-10-20 11:00:00Z;43.27206;23;3
2024-10-21 11:00:00Z;91.27811;23;3
2024-10-22 11:00:00Z;60.19879;23;3
2024-10-23 11:00:00Z;36.64124;23;3
2024-10-24 11:00:00Z;23.82404;23;3
2024-10-25 11:00:00Z;17.75633;23;3
2024-10-26 11:00:00Z;14.29792;23;3
2024-10-27 11:00:00Z;55.63567;23;3
2024-10-28 11:00:00Z;42.72101;23;3
2024-10-29 11:00:00Z;25.62376;23;3
2024-10-30 11:00:00Z;17.76933;23;3
2024-10-31 11:00:00Z;12.89086;23;3
2024-11-01 11:00:00Z;10.66156;23;3
2024-11-02 11:00:00Z;12.40256;23;3
2024-11-03 11:00:00Z;10.49913;23;3
2024-11-04 11:00:00Z;9.777359;23;3
2024-11-05 11:00:00Z;9.350253;23;3
2024-11-06 11:00:00Z;8.057305;23;3
2024-11-07 11:00:00Z;8.027533;23;3
2024-11-08 11:00:00Z;9.542947;23;3
2024-11-09 11:00:00Z;7.424461;23;3
2024-11-10 11:00:00Z;7.183101;23;3
2024-11-11 11:00:00Z;7.328565;23;3
2024-11-12 11:00:00Z;7.161607;23;3
2024-11-13 11:00:00Z;7.447975;23;3
2024-11-14 11:00:00Z;6.825758;23;3
2024-11-15 11:00:00Z;5.882909;23;3
2024-11-16 11:00:00Z;6.669337;23;3
2024-11-17 11:00:00Z;12.87058;23;3
2024-11-18 11:00:00Z;13.12043;23;3
2024-11-19 11:00:00Z;10.70018;23;3
2024-11-20 11:00:00Z;9.548738;23;3
2024-11-21 11:00:00Z;11.53074;23;3
2024-11-22 11:00:00Z;7.643256;23;3
2024-11-23 11:00:00Z;6.766613;23;3
2024-11-24 11:00:00Z;13.37408;23;3
2024-11-25 11:00:00Z;84.25271;23;3
2024-11-26 11:00:00Z;109.8405;23;3
2024-11-27 11:00:00Z;66.95136;23;3
2024-11-28 11:00:00Z;29.80844;23;3
2024-11-29 11:00:00Z;18.57874;23;3
2024-11-30 11:00:00Z;17.33957;23;3
2024-12-01 11:00:00Z;34.04287;23;3
2024-12-02 11:00:00Z;85.43595;23;3
2024-12-03 11:00:00Z;62.06261;23;3
2024-12-04 11:00:00Z;28.10172;23;3
2024-12-05 11:00:00Z;19.39869;23;3
2024-12-06 11:00:00Z;23.17425;23;3
2024-12-07 11:00:00Z;19.22249;23;3
2024-12-08 11:00:00Z;16.04935;23;3
2024-12-09 11:00:00Z;11.98264;23;3
2024-12-10 11:00:00Z;9.526089;23;3
2024-12-11 11:00:00Z;8.112113;23;3
2024-12-12 11:00:00Z;8.871822;23;3
2024-12-13 11:00:00Z;9.117333;23;3
2024-12-14 11:00:00Z;10.44136;23;3
2024-12-15 11:00:00Z;13.02085;23;3
2024-12-16 11:00:00Z;64.25264;23;3
2024-12-17 11:00:00Z;49.25937;23;3
2024-12-18 11:00:00Z;69.56172;23;3
2024-12-19 11:00:00Z;90.10229;23;3
2024-12-20 11:00:00Z;38.72821;23;3
2024-12-21 11:00:00Z;33.24449;23;3
2024-12-22 11:00:00Z;75.41347;23;3
2024-12-23 11:00:00Z;57.90648;23;3
2024-12-24 11:00:00Z;28.27298;23;3
2024-12-25 11:00:00Z;21.30073;23;3
2024-12-26 11:00:00Z;31.139;23;3
2024-12-27 11:00:00Z;30.22626;23;3
2024-12-28 11:00:00Z;21.24301;23;3
2024-12-29 11:00:00Z;19.18391;23;3
2024-12-30 11:00:00Z;43.83056;23;3
2024-12-31 11:00:00Z;28.99495;23;3
2025-01-01 11:00:00Z;36.73004;0;2
2025-01-02 11:00:00Z;36.73835;0;2
2025-01-03 11:00:00Z;21.84665;0;2
2025-01-04 11:00:00Z;18.02536;0;2
2025-01-05 11:00:00Z;15.71538;0;2
2025-01-06 11:00:00Z;12.91202;0;2
2025-01-07 11:00:00Z;10.30046;0;2
2025-01-08 11:00:00Z;8.15485;0;2
2025-01-09 11:00:00Z;8.008012;0;2
2025-01-10 11:00:00Z;10.79433;0;2
2025-01-11 11:00:00Z;9.575423;0;2
2025-01-12 11:00:00Z;7.101289;0;2
2025-01-13 11:00:00Z;8.42824;0;2
2025-01-14 11:00:00Z;23.33795;0;2
2025-01-15 11:00:00Z;40.24426;0;2
2025-01-16 11:00:00Z;25.87153;0;2
2025-01-17 11:00:00Z;21.24355;0;2
2025-01-18 11:00:00Z;17.52741;0;2
2025-01-19 11:00:00Z;18.16098;0;2
2025-01-20 11:00:00Z;18.93929;0;2
2025-01-21 11:00:00Z;12.63343;0;2
2025-01-22 11:00:00Z;12.42474;0;2
2025-01-23 11:00:00Z;11.64081;0;2
2025-01-24 11:00:00Z;12.09509;0;2
2025-01-25 11:00:00Z;33.43708;0;2
2025-01-26 11:00:00Z;29.61548;0;2
2025-01-27 11:00:00Z;17.33908;0;2
2025-01-28 11:00:00Z;16.72092;0;2
2025-01-29 11:00:00Z;23.07898;0;2
2025-01-30 11:00:00Z;18.98839;0;2
2025-01-31 11:00:00Z;13.99421;0;2
2025-02-01 11:00:00Z;13.28633;0;2
2025-02-02 11:00:00Z;9.444677;0;2
2025-02-03 11:00:00Z;9.525126;0;2
2025-02-04 11:00:00Z;10.6646;0;2
2025-02-05 11:00:00Z;33.42983;0;2
2025-02-06 11:00:00Z;32.62374;0;2
2025-02-07 11:00:00Z;19.65145;0;2
2025-02-08 11:00:00Z;13.28648;0;2
2025-02-09 11:00:00Z;9.846876;0;2
2025-02-10 11:00:00Z;9.608764;0;2
2025-02-11 11:00:00Z;9.547937;0;2
2025-02-12 11:00:00Z;8.409807;0;2
2025-02-13 11:00:00Z;8.523626;0;2
2025-02-14 11:00:00Z;8.568321;0;2
2025-02-15 11:00:00Z;8.180082;0;2
2025-02-16 11:00:00Z;6.492414;0;2
2025-02-17 11:00:00Z;6.357881;0;2
2025-02-18 11:00:00Z;8.13071;0;2
2025-02-19 11:00:00Z;7.950223;0;2
2025-02-20 11:00:00Z;8.13911;0;2
2025-02-21 11:00:00Z;9.194324;0;2
2025-02-22 11:00:00Z;65.07941;0;2
2025-02-23 11:00:00Z;99.61246;0;2
2025-02-24 11:00:00Z;135.3656;0;2
2025-02-25 11:00:00Z;120.0495;0;2
2025-02-26 11:00:00Z;61.70518;0;2
2025-02-27 11:00:00Z;39.52619;0;2
2025-02-28 11:00:00Z;24.9957;0;2
2025-03-01 11:00:00Z;18.04942;0;2
2025-03-02 11:00:00Z;14.56002;0;2
2025-03-03 11:00:00Z;15.44207;0;2
2025-03-04 11:00:00Z;21.08596;0;2
2025-03-05 11:00:00Z;49.80686;0;2
2025-03-06 11:00:00Z;60.56283;0;2
2025-03-07 11:00:00Z;36.42239;0;2
2025-03-08 11:00:00Z;24.64566;0;2
2025-03-09 11:00:00Z;19.15683;0;2
2025-03-10 11:00:00Z;15.31272;0;2
2025-03-11 11:00:00Z;12.45321;0;2
2025-03-12 11:00:00Z;11.56816;0;2
2025-03-13 11:00:00Z;;0;2
2025-03-14 11:00:00Z;;0;2
2025-03-15 11:00:00Z;7.985941;0;2
2025-03-16 11:00:00Z;7.561263;0;2
2025-03-17 11:00:00Z;7.544301;0;2
2025-03-18 11:00:00Z;7.493836;0;2
2025-03-19 11:00:00Z;6.946567;0;2
2025-03-20 11:00:00Z;6.832129;0;2
2025-03-21 11:00:00Z;8.324589;0;2
2025-03-22 11:00:00Z;7.919601;0;2
2025-03-23 11:00:00Z;6.198663;0;2
2025-03-24 11:00:00Z;6.584979;0;2
2025-03-25 11:00:00Z;8.051656;0;2
2025-03-26 11:00:00Z;8.486386;0;2
2025-03-27 11:00:00Z;10.16376;0;2
2025-03-28 11:00:00Z;11.43431;0;2
2025-03-29 11:00:00Z;27.59803;0;2
2025-03-30 11:00:00Z;22.30558;0;2
2025-03-31 11:00:00Z;21.1381;0;2
2025-04-01 11:00:00Z;16.30394;0;2
2025-04-02 11:00:00Z;13.1108;0;2
2025-04-03 11:00:00Z;11.00717;0;2
2025-04-04 11:00:00Z;8.766148;0;2
2025-04-05 11:00:00Z;8.585654;0;2
2025-04-06 11:00:00Z;7.582704;0;2
2025-04-07 11:00:00Z;7.498208;0;2
2025-04-08 11:00:00Z;8.137074;0;2
2025-04-09 11:00:00Z;8.000918;0;2
2025-04-10 11:00:00Z;7.91452;0;2
2025-04-11 11:00:00Z;7.096671;0;2
2025-04-12 11:00:00Z;6.90855;0;2
2025-04-13 11:00:00Z;7.423723;0;2
2025-04-14 11:00:00Z;8.151578;0;2
2025-04-15 11:00:00Z;8.527523;0;2
2025-04-16 11:00:00Z;7.851555;0;2
2025-04-17 11:00:00Z;10.48307;0;2
2025-04-18 11:00:00Z;15.27961;0;2
2025-04-19 11:00:00Z;10.21762;0;1
2025-04-20 11:00:00Z;7.51987;0;1
2025-04-21 11:00:00Z;7.118869;0;1
2025-04-22 11:00:00Z;9.361283;0;1
2025-04-23 11:00:00Z;9.549603;0;1
2025-04-24 11:00:00Z;8.667624;0;1
2025-04-25 11:00:00Z;7.347263;0;1
2025-04-26 11:00:00Z;6.507625;0;1
2025-04-27 11:00:00Z;6.078566;0;1
2025-04-28 11:00:00Z;6.869102;0;1
2025-04-29 11:00:00Z;6.991867;0;1
2025-04-30 11:00:00Z;6.860788;0;1
2025-05-01 11:00:00Z;6.752398;0;1
2025-05-02 11:00:00Z;7.083368;0;1
2025-05-03 11:00:00Z;7.421567;0;1
2025-05-04 11:00:00Z;7.593332;0;1
2025-05-05 11:00:00Z;7.475926;0;1
2025-05-06 11:00:00Z;7.277153;0;1
2025-05-07 11:00:00Z;6.719998;0;1
2025-05-08 11:00:00Z;5.881663;0;1
2025-05-09 11:00:00Z;5.837862;0;1
2025-05-10 11:00:00Z;6.656412;0;1
2025-05-11 11:00:00Z;6.783544;0;1
2025-05-12 11:00:00Z;6.762601;0;1
2025-05-13 11:00:00Z;6.825793;0;1
2025-05-14 11:00:00Z;6.694242;0;1
2025-05-15 11:00:00Z;6.632921;0;1
2025-05-16 11:00:00Z;6.437444;0;1
2025-05-17 11:00:00Z;6.433046;0;1
2025-05-18 11:00:00Z;6.50899;0;1
2025-05-19 11:00:00Z;6.515197;0;1
2025-05-20 11:00:00Z;6.424217;0;1
2025-05-21 11:00:00Z;6.3306;0;1
2025-05-22 11:00:00Z;6.279898;0;1
2025-05-23 11:00:00Z;6.199038;0;1
2025-05-24 11:00:00Z;6.127301;0;1
2025-05-25 11:00:00Z;6.703048;0;1
2025-05-26 11:00:00Z;8.487258;0;1
2025-05-27 11:00:00Z;13.49059;0;1
2025-05-28 11:00:00Z;26.88718;0;1
2025-05-29 11:00:00Z;14.84377;0;1
2025-05-30 11:00:00Z;11.58186;0;1
2025-05-31 11:00:00Z;11.59484;0;1
2025-06-01 11:00:00Z;8.579441;0;1
2025-06-02 11:00:00Z;9.561529;0;1
2025-06-03 11:00:00Z;13.23805;0;1
2025-06-04 11:00:00Z;22.89214;0;1
2025-06-05 11:00:00Z;25.50797;0;1
2025-06-06 11:00:00Z;30.24792;0;1
2025-06-07 11:00:00Z;30.27148;0;1
2025-06-08 11:00:00Z;17.50662;0;1
2025-06-09 11:00:00Z;10.84741;0;1
2025-06-10 11:00:00Z;8.638236;0;1
2025-06-11 11:00:00Z;10.66551;0;1
2025-06-12 11:00:00Z;9.827784;0;1
2025-06-13 11:00:00Z;8.44132;0;1
2025-06-14 11:00:00Z;7.341616;0;1
2025-06-15 11:00:00Z;7.675598;0;1
2025-06-16 11:00:00Z;7.36395;0;1
2025-06-17 11:00:00Z;6.727047;0;1
2025-06-18 11:00:00Z;5.884506;0;1
2025-06-19 11:00:00Z;5.888139;0;1
2025-06-20 11:00:00Z;6.217597;0;1
2025-06-21 11:00:00Z;6.147845;0;1
2025-06-22 11:00:00Z;6.057471;0;1
2025-06-23 11:00:00Z;6.328843;0;1
2025-06-24 11:00:00Z;6.766594;0;1
2025-06-25 11:00:00Z;6.762845;0;1
2025-06-26 11:00:00Z;6.442444;0;1
2025-06-27 11:00:00Z;9.950608;0;1
2025-06-28 11:00:00Z;11.03743;0;1
2025-06-29 11:00:00Z;9.01909;0;1
2025-06-30 11:00:00Z;6.252006;0;1
2025-07-01 11:00:00Z;9.024155;0;1
2025-07-02 11:00:00Z;8.005692;0;1
2025-07-03 11:00:00Z;6.872159;0;1
2025-07-04 11:00:00Z;7.019681;0;1
2025-07-05 11:00:00Z;23.35935;0;1
2025-07-06 11:00:00Z;30.26126;0;1
2025-07-07 11:00:00Z;17.99959;0;1
2025-07-08 11:00:00Z;12.222;0;1
2025-07-09 11:00:00Z;12.96995;0;1
2025-07-10 11:00:00Z;13.97538;0;1
2025-07-11 11:00:00Z;7.832032;0;1
2025-07-12 11:00:00Z;8.295123;0;1
2025-07-13 11:00:00Z;9.380393;0;1
2025-07-14 11:00:00Z;7.933156;0;1
2025-07-15 11:00:00Z;7.628029;0;1
2025-07-16 11:00:00Z;13.54659;0;1
2025-07-17 11:00:00Z;12.95923;0;1
2025-07-18 11:00:00Z;8.02941;0;1
2025-07-19 11:00:00Z;7.666398;0;1
2025-07-20 11:00:00Z;8.345011;0;1
2025-07-21 11:00:00Z;8.252109;0;1
2025-07-22 11:00:00Z;20.87891;0;1
2025-07-23 11:00:00Z;21.13184;0;1
2025-07-24 11:00:00Z;26.99094;0;1
2025-07-25 11:00:00Z;28.24801;0;1
2025-07-26 11:00:00Z;16.12641;0;1
2025-07-27 11:00:00Z;9.714682;0;1
2025-07-28 11:00:00Z;7.904949;0;1
2025-07-29 11:00:00Z;7.530121;0;1
2025-07-30 11:00:00Z;8.511065;0;1
2025-07-31 11:00:00Z;8.733336;0;1
2025-08-01 11:00:00Z;7.387599;0;1
2025-08-02 11:00:00Z;8.56889;0;1
2025-08-03 11:00:00Z;9.401498;0;1
2025-08-04 11:00:00Z;11.7251;0;1
2025-08-05 11:00:00Z;98.19727;0;1
2025-08-06 11:00:00Z;110.9393;0;1
2025-08-07 11:00:00Z;46.5107;0;1
2025-08-08 11:00:00Z;37.16209;0;1
2025-08-09 11:00:00Z;28.12594;0;1
2025-08-10 11:00:00Z;34.35122;0;1
2025-08-11 11:00:00Z;23.49049;0;1
2025-08-12 11:00:00Z;15.952;0;1
2025-08-13 11:00:00Z;12.54378;0;1
2025-08-14 11:00:00Z;10.08877;0;1
