Vannlokalitet_kode,Vannlokalitetsnavn,Betegnelse,Type,Aktivitet_id,Aktivitet_navn,Oppdragsgiver,Oppdragstaker,Parameter_id,Parameter_navn,Parameter_casnr,Medium_id,Medium_navn,LatinskNavn_id,VitenskapligNavn,Provetakmetode_id,Analysemetode_id,Tid_provetak,Ovre_dyp,Nedre_dyp,DybdeEnhet,Filtrert_Prove,UnntasKlassifisering,Operator,Verdi,Listenavn,Enhet,Provenr,Deteksjonsgrense,Kvantifiseringsgrense,Opprinnelse,Ant_verdier,Kommentar,Arkiv,Produktbeskrivelse,UTM33 Ost (X),UTM33 Nord (Y)
025-58890,Kvina ved Klosterøyna,VK4b,Elv,KALK,Tiltaksovervåking i kalkede laksevassdrag,Miljødirektoratet,Eurofins Environment Testing Norway (Moss),SI-SIO2,Reaktivt silikat,7631-86-9,VF,Ferskvann,0,Artsuavhengig,UKJENT,UKJENT,2025-01-07 00:00:00,0,0,m,Ufiltrert,,=,2100,,µg/l SiO2,439-2025-01080272,,,,1,,N,,28859.5924000004,6490236.8691
025-58890,Kvina ved Klosterøyna,VK4b,Elv,KALK,Tiltaksovervåking i kalkede laksevassdrag,Miljødirektoratet,Eurofins Environment Testing Norway (Moss),SI-SIO2,Reaktivt silikat,7631-86-9,VF,Ferskvann,0,Artsuavhengig,UKJENT,UKJENT,2025-01-27 00:00:00,0,0,m,Ufiltrert,,=,2100,,µg/l SiO2,439-2025-01280261,,,,1,,N,,28859.5924000004,6490236.8691
025-58890,Kvina ved Klosterøyna,VK4b,Elv,KALK,Tiltaksovervåking i kalkede laksevassdrag,Miljødirektoratet,Eurofins Environment Testing Norway (Moss),PH,pH,,VF,Ferskvann,0,Artsuavhengig,UKJENT,NS-EN ISO 10523:2012,2025-01-07 00:00:00,0,0,m,Ufiltrert,,=,6.2,,<ubenevnt>,439-2025-01080272,,,,1,,N,,28859.5924000004,6490236.8691
025-58890,Kvina ved Klosterøyna,VK4b,Elv,KALK,Tiltaksovervåking i kalkede laksevassdrag,Miljødirektoratet,Eurofins Environment Testing Norway (Moss),PH,pH,,VF,Ferskvann,0,Artsuavhengig,UKJENT,NS-EN ISO 10523:2012,2025-01-27 00:00:00,0,0,m,Ufiltrert,,=,5.9,,<ubenevnt>,439-2025-01280261,,,,1,,N,,28859.5924000004,6490236.8691
025-58890,Kvina ved Klosterøyna,VK4b,Elv,KALK,Tiltaksovervåking i kalkede laksevassdrag,Miljødirektoratet,Eurofins Environment Testing Norway (Moss),PH,pH,,VF,Ferskvann,0,Artsuavhengig,UKJENT,NS-EN ISO 10523:2012,2025-02-24 00:00:00,0,0,m,Ufiltrert,,=,5.9,,<ubenevnt>,439-2025-02250224,,,,1,,N,,28859.5924000004,6490236.8691
025-58890,Kvina ved Klosterøyna,VK4b,Elv,KALK,Tiltaksovervåking i kalkede laksevassdrag,Miljødirektoratet,Eurofins Environment Testing Norway (Moss),PH,pH,,VF,Ferskvann,0,Artsuavhengig,UKJENT,NS-EN ISO 10523:2012,2025-03-10 00:00:00,0,0,m,Ufiltrert,,=,6,,<ubenevnt>,439-2025-03110191,,,,1,,N,,28859.5924000004,6490236.8691
025-58890,Kvina ved Klosterøyna,VK4b,Elv,KALK,Tiltaksovervåking i kalkede laksevassdrag,Miljødirektoratet,Eurofins Environment Testing Norway (Moss),PH,pH,,VF,Ferskvann,0,Artsuavhengig,UKJENT,NS-EN ISO 10523:2012,2025-03-31 00:00:00,0,0,m,Ufiltrert,,=,6.1,,<ubenevnt>,439-2025-04010197,,,,1,,N,,28859.5924000004,6490236.8691
025-58890,Kvina ved Klosterøyna,VK4b,Elv,KALK,Tiltaksovervåking i kalkede laksevassdrag,Miljødirektoratet,Eurofins Environment Testing Norway (Moss),PH,pH,,VF,Ferskvann,0,Artsuavhengig,UKJENT,NS-EN ISO 10523:2012,2025-04-14 00:00:00,0,0,m,Ufiltrert,,=,6.6,,<ubenevnt>,439-2025-04150034,,,,1,,N,,28859.5924000004,6490236.8691
025-58890,Kvina ved Klosterøyna,VK4b,Elv,KALK,Tiltaksovervåking i kalkede laksevassdrag,Miljødirektoratet,Eurofins Environment Testing Norway (Moss),PH,pH,,VF,Ferskvann,0,Artsuavhengig,UKJENT,NS-EN ISO 10523:2012,2025-04-22 00:00:00,0,0,m,Ufiltrert,,=,6.6,,<ubenevnt>,439-2025-04230371,,,,1,,N,,28859.5924000004,6490236.8691
025-58890,Kvina ved Klosterøyna,VK4b,Elv,KALK,Tiltaksovervåking i kalkede laksevassdrag,Miljødirektoratet,Eurofins Environment Testing Norway (Moss),PH,pH,,VF,Ferskvann,0,Artsuavhengig,UKJENT,NS-EN ISO 10523:2012,2025-04-28 00:00:00,0,0,m,Ufiltrert,,=,6.8,,<ubenevnt>,439-2025-04290505,,,,1,,N,,28859.5924000004,6490236.8691
025-58890,Kvina ved Klosterøyna,VK4b,Elv,KALK,Tiltaksovervåking i kalkede laksevassdrag,Miljødirektoratet,Eurofins Environment Testing Norway (Moss),PH,pH,,VF,Ferskvann,0,Artsuavhengig,UKJENT,NS-EN ISO 10523:2012,2025-05-05 00:00:00,0,0,m,Ufiltrert,,=,6.9,,<ubenevnt>,439-2025-05060165,,,,1,,N,,28859.5924000004,6490236.8691
025-58890,Kvina ved Klosterøyna,VK4b,Elv,KALK,Tiltaksovervåking i kalkede laksevassdrag,Miljødirektoratet,Eurofins Environment Testing Norway (Moss),PH,pH,,VF,Ferskvann,0,Artsuavhengig,UKJENT,NS-EN ISO 10523:2012,2025-05-12 00:00:00,0,0,m,Ufiltrert,,=,6.9,,<ubenevnt>,439-2025-05130381,,,,1,,N,,28859.5924000004,6490236.8691
025-58890,Kvina ved Klosterøyna,VK4b,Elv,KALK,Tiltaksovervåking i kalkede laksevassdrag,Miljødirektoratet,Eurofins Environment Testing Norway (Moss),PH,pH,,VF,Ferskvann,0,Artsuavhengig,UKJENT,NS-EN ISO 10523:2012,2025-05-19 00:00:00,0,0,m,Ufiltrert,,=,7.1,,<ubenevnt>,439-2025-05200173,,,,1,,N,,28859.5924000004,6490236.8691
025-58890,Kvina ved Klosterøyna,VK4b,Elv,KALK,Tiltaksovervåking i kalkede laksevassdrag,Miljødirektoratet,Eurofins Environment Testing Norway (Moss),PH,pH,,VF,Ferskvann,0,Artsuavhengig,UKJENT,NS-EN ISO 10523:2012,2025-05-27 00:00:00,0,0,m,Ufiltrert,,=,7.1,,<ubenevnt>,439-2025-05270199,,,,1,,N,,28859.5924000004,6490236.8691
025-58890,Kvina ved Klosterøyna,VK4b,Elv,KALK,Tiltaksovervåking i kalkede laksevassdrag,Miljødirektoratet,Eurofins Environment Testing Norway (Moss),PH,pH,,VF,Ferskvann,0,Artsuavhengig,UKJENT,NS-EN ISO 10523:2012,2025-05-28 00:00:00,0,0,m,Ufiltrert,,=,7,,<ubenevnt>,439-2025-05300054,,,,1,,N,,28859.5924000004,6490236.8691
025-58890,Kvina ved Klosterøyna,VK4b,Elv,KALK,Tiltaksovervåking i kalkede laksevassdrag,Miljødirektoratet,Eurofins Environment Testing Norway (Moss),PH,pH,,VF,Ferskvann,0,Artsuavhengig,UKJENT,NS-EN ISO 10523:2012,2025-06-02 00:00:00,0,0,m,Ufiltrert,,=,6.8,,<ubenevnt>,439-2025-06030593,,,,1,,N,,28859.5924000004,6490236.8691
025-58890,Kvina ved Klosterøyna,VK4b,Elv,KALK,Tiltaksovervåking i kalkede laksevassdrag,Miljødirektoratet,Eurofins Environment Testing Norway (Moss),PH,pH,,VF,Ferskvann,0,Artsuavhengig,UKJENT,NS-EN ISO 10523:2012,2025-06-30 00:00:00,0,0,m,Ufiltrert,,=,6.8,,<ubenevnt>,439-2025-07020063,,,,1,,N,,28859.5924000004,6490236.8691
025-58890,Kvina ved Klosterøyna,VK4b,Elv,KALK,Tiltaksovervåking i kalkede laksevassdrag,Miljødirektoratet,Eurofins Environment Testing Norway (Moss),SO4,Sulfat,18785-72-3,VF,Ferskvann,0,Artsuavhengig,UKJENT,NS-EN ISO 10304-1:2009,2025-01-07 00:00:00,0,0,m,Ufiltrert,,=,1.12,,mg/l,439-2025-01080272,,,,1,,N,,28859.5924000004,6490236.8691
025-58890,Kvina ved Klosterøyna,VK4b,Elv,KALK,Tiltaksovervåking i kalkede laksevassdrag,Miljødirektoratet,Eurofins Environment Testing Norway (Moss),SO4,Sulfat,18785-72-3,VF,Ferskvann,0,Artsuavhengig,UKJENT,NS-EN ISO 10304-1:2009,2025-01-27 00:00:00,0,0,m,Ufiltrert,,=,1.68,,mg/l,439-2025-01280261,,,,1,,N,,28859.5924000004,6490236.8691
025-58890,Kvina ved Klosterøyna,VK4b,Elv,KALK,Tiltaksovervåking i kalkede laksevassdrag,Miljødirektoratet,Eurofins Environment Testing Norway (Moss),SO4,Sulfat,18785-72-3,VF,Ferskvann,0,Artsuavhengig,UKJENT,NS-EN ISO 10304-1:2009,2025-02-24 00:00:00,0,0,m,Ufiltrert,,=,1.31,,mg/l,439-2025-02250224,,,,1,,N,,28859.5924000004,6490236.8691
025-58890,Kvina ved Klosterøyna,VK4b,Elv,KALK,Tiltaksovervåking i kalkede laksevassdrag,Miljødirektoratet,Eurofins Environment Testing Norway (Moss),SO4,Sulfat,18785-72-3,VF,Ferskvann,0,Artsuavhengig,UKJENT,NS-EN ISO 10304-1:2009,2025-03-10 00:00:00,0,0,m,Ufiltrert,,=,0.46,,mg/l,439-2025-03110191,,,,1,,N,,28859.5924000004,6490236.8691
025-58890,Kvina ved Klosterøyna,VK4b,Elv,KALK,Tiltaksovervåking i kalkede laksevassdrag,Miljødirektoratet,Eurofins Environment Testing Norway (Moss),SO4,Sulfat,18785-72-3,VF,Ferskvann,0,Artsuavhengig,UKJENT,NS-EN ISO 10304-1:2009,2025-03-31 00:00:00,0,0,m,Ufiltrert,,=,1.2,,mg/l,439-2025-04010197,,,,1,,N,,28859.5924000004,6490236.8691
025-58890,Kvina ved Klosterøyna,VK4b,Elv,KALK,Tiltaksovervåking i kalkede laksevassdrag,Miljødirektoratet,Eurofins Environment Testing Norway (Moss),SO4,Sulfat,18785-72-3,VF,Ferskvann,0,Artsuavhengig,UKJENT,NS-EN ISO 10304-1:2009,2025-04-28 00:00:00,0,0,m,Ufiltrert,,=,1.15,,mg/l,439-2025-04290505,,,,1,,N,,28859.5924000004,6490236.8691
025-58890,Kvina ved Klosterøyna,VK4b,Elv,KALK,Tiltaksovervåking i kalkede laksevassdrag,Miljødirektoratet,Eurofins Environment Testing Norway (Moss),SO4,Sulfat,18785-72-3,VF,Ferskvann,0,Artsuavhengig,UKJENT,NS-EN ISO 10304-1:2009,2025-05-28 00:00:00,0,0,m,Ufiltrert,,=,0.79,,mg/l,439-2025-05300054,,,,1,,N,,28859.5924000004,6490236.8691
025-58890,Kvina ved Klosterøyna,VK4b,Elv,KALK,Tiltaksovervåking i kalkede laksevassdrag,Miljødirektoratet,Eurofins Environment Testing Norway (Moss),SO4,Sulfat,18785-72-3,VF,Ferskvann,0,Artsuavhengig,UKJENT,NS-EN ISO 10304-1:2009,2025-06-02 00:00:00,0,0,m,Ufiltrert,,=,1.29,,mg/l,439-2025-06030593,,,,1,,N,,28859.5924000004,6490236.8691
025-58890,Kvina ved Klosterøyna,VK4b,Elv,KALK,Tiltaksovervåking i kalkede laksevassdrag,Miljødirektoratet,Eurofins Environment Testing Norway (Moss),SO4,Sulfat,18785-72-3,VF,Ferskvann,0,Artsuavhengig,UKJENT,NS-EN ISO 10304-1:2009,2025-06-30 00:00:00,0,0,m,Ufiltrert,,=,1.07,,mg/l,439-2025-07020063,,,,1,,N,,28859.5924000004,6490236.8691
025-58890,Kvina ved Klosterøyna,VK4b,Elv,KALK,Tiltaksovervåking i kalkede laksevassdrag,Miljødirektoratet,Eurofins Environment Testing Norway (Moss),SO4,Sulfat,18785-72-3,VF,Ferskvann,0,Artsuavhengig,UKJENT,NS-EN ISO 10304-1:2009,2025-07-22 00:00:00,0,0,m,Ufiltrert,,=,0.96,,mg/l,439-2025-07230079,,,,1,,N,,28859.5924000004,6490236.8691
025-58890,Kvina ved Klosterøyna,VK4b,Elv,KALK,Tiltaksovervåking i kalkede laksevassdrag,Miljødirektoratet,Eurofins Environment Testing Norway (Moss),SO4,Sulfat,18785-72-3,VF,Ferskvann,0,Artsuavhengig,UKJENT,NS-EN ISO 10304-1:2009,2025-07-28 00:00:00,0,0,m,Ufiltrert,,=,1.05,,mg/l,439-2025-07300157,,,,1,,N,,28859.5924000004,6490236.8691
025-58890,Kvina ved Klosterøyna,VK4b,Elv,KALK,Tiltaksovervåking i kalkede laksevassdrag,Miljødirektoratet,Eurofins Environment Testing Norway (Moss),SO4,Sulfat,18785-72-3,VF,Ferskvann,0,Artsuavhengig,UKJENT,NS-EN ISO 10304-1:2009,2025-07-05 00:00:00,0,0,m,Ufiltrert,,=,1.52,,mg/l,439-2025-08070188,,,,1,,N,,28859.5924000004,6490236.8691
025-58890,Kvina ved Klosterøyna,VK4b,Elv,KALK,Tiltaksovervåking i kalkede laksevassdrag,Miljødirektoratet,Eurofins Environment Testing Norway (Moss),SO4,Sulfat,18785-72-3,VF,Ferskvann,0,Artsuavhengig,UKJENT,NS-EN ISO 10304-1:2009,2025-09-01 00:00:00,0,0,m,Ufiltrert,,=,0.98,,mg/l,439-2025-09020373,,,,1,,N,,28859.5924000004,6490236.8691
025-58890,Kvina ved Klosterøyna,VK4b,Elv,KALK,Tiltaksovervåking i kalkede laksevassdrag,Miljødirektoratet,Eurofins Environment Testing Norway (Moss),SO4,Sulfat,18785-72-3,VF,Ferskvann,0,Artsuavhengig,UKJENT,NS-EN ISO 10304-1:2009,2025-09-29 00:00:00,0,0,m,Ufiltrert,,=,1.18,,mg/l,439-2025-09300222,,,,1,,N,,28859.5924000004,6490236.8691
025-58890,Kvina ved Klosterøyna,VK4b,Elv,KALK,Tiltaksovervåking i kalkede laksevassdrag,Miljødirektoratet,Eurofins Environment Testing Norway (Moss),SO4,Sulfat,18785-72-3,VF,Ferskvann,0,Artsuavhengig,UKJENT,NS-EN ISO 10304-1:2009,2025-10-27 00:00:00,0,0,m,Ufiltrert,,=,0.99,,mg/l,439-2025-10280336,,,,1,,N,,28859.5924000004,6490236.8691
025-58890,Kvina ved Klosterøyna,VK4b,Elv,KALK,Tiltaksovervåking i kalkede laksevassdrag,Miljødirektoratet,Eurofins Environment Testing Norway (Moss),SO4,Sulfat,18785-72-3,VF,Ferskvann,0,Artsuavhengig,UKJENT,NS-EN ISO 10304-1:2009,2025-11-27 00:00:00,0,0,m,Ufiltrert,,=,1.18,,mg/l,439-2025-11280199,,,,1,,N,,28859.5924000004,6490236.8691
025-58890,Kvina ved Klosterøyna,VK4b,Elv,KALK,Tiltaksovervåking i kalkede laksevassdrag,Miljødirektoratet,Eurofins Environment Testing Norway (Moss),SO4,Sulfat,18785-72-3,VF,Ferskvann,0,Artsuavhengig,UKJENT,NS-EN ISO 10304-1:2009,2025-12-01 00:00:00,0,0,m,Ufiltrert,,=,1.04,,mg/l,439-2025-12020060,,,,1,,N,,28859.5924000004,6490236.8691
025-58890,Kvina ved Klosterøyna,VK4b,Elv,KALK,Tiltaksovervåking i kalkede laksevassdrag,Miljødirektoratet,Eurofins Environment Testing Norway (Moss),P-TOT,Totalfosfor,7723-14-0,VF,Ferskvann,0,Artsuavhengig,UKJENT,NS-EN ISO 15681-2:2018,2025-01-07 00:00:00,0,0,m,Ufiltrert,,=,5.6,,µg/l P,439-2025-01080272,,,,1,,N,,28859.5924000004,6490236.8691
025-58890,Kvina ved Klosterøyna,VK4b,Elv,KALK,Tiltaksovervåking i kalkede laksevassdrag,Miljødirektoratet,Eurofins Environment Testing Norway (Moss),P-TOT,Totalfosfor,7723-14-0,VF,Ferskvann,0,Artsuavhengig,UKJENT,NS-EN ISO 15681-2:2018,2025-01-27 00:00:00,0,0,m,Ufiltrert,,=,5.1,,µg/l P,439-2025-01280261,,,,1,,N,,28859.5924000004,6490236.8691
025-58890,Kvina ved Klosterøyna,VK4b,Elv,KALK,Tiltaksovervåking i kalkede laksevassdrag,Miljødirektoratet,Eurofins Environment Testing Norway (Moss),P-TOT,Totalfosfor,7723-14-0,VF,Ferskvann,0,Artsuavhengig,UKJENT,NS-EN ISO 15681-2:2018,2025-02-24 00:00:00,0,0,m,Ufiltrert,,=,31,,µg/l P,439-2025-02250224,,,,1,,N,,28859.5924000004,6490236.8691
025-58890,Kvina ved Klosterøyna,VK4b,Elv,KALK,Tiltaksovervåking i kalkede laksevassdrag,Miljødirektoratet,Eurofins Environment Testing Norway (Moss),P-TOT,Totalfosfor,7723-14-0,VF,Ferskvann,0,Artsuavhengig,UKJENT,NS-EN ISO 15681-2:2018,2025-03-10 00:00:00,0,0,m,Ufiltrert,,=,3.3,,µg/l P,439-2025-03110191,,,,1,,N,,28859.5924000004,6490236.8691
025-58890,Kvina ved Klosterøyna,VK4b,Elv,KALK,Tiltaksovervåking i kalkede laksevassdrag,Miljødirektoratet,Eurofins Environment Testing Norway (Moss),P-TOT,Totalfosfor,7723-14-0,VF,Ferskvann,0,Artsuavhengig,UKJENT,NS-EN ISO 15681-2:2018,2025-03-31 00:00:00,0,0,m,Ufiltrert,,=,5.1,,µg/l P,439-2025-04010197,,,,1,,N,,28859.5924000004,6490236.8691
025-58890,Kvina ved Klosterøyna,VK4b,Elv,KALK,Tiltaksovervåking i kalkede laksevassdrag,Miljødirektoratet,Eurofins Environment Testing Norway (Moss),P-TOT,Totalfosfor,7723-14-0,VF,Ferskvann,0,Artsuavhengig,UKJENT,NS-EN ISO 15681-2:2018,2025-04-28 00:00:00,0,0,m,Ufiltrert,,=,4.9,,µg/l P,439-2025-04290505,,,,1,,N,,28859.5924000004,6490236.8691
025-58890,Kvina ved Klosterøyna,VK4b,Elv,KALK,Tiltaksovervåking i kalkede laksevassdrag,Miljødirektoratet,Eurofins Environment Testing Norway (Moss),P-TOT,Totalfosfor,7723-14-0,VF,Ferskvann,0,Artsuavhengig,UKJENT,NS-EN ISO 15681-2:2018,2025-05-28 00:00:00,0,0,m,Ufiltrert,,=,8.7,,µg/l P,439-2025-05300054,,,,1,,N,,28859.5924000004,6490236.8691
025-58890,Kvina ved Klosterøyna,VK4b,Elv,KALK,Tiltaksovervåking i kalkede laksevassdrag,Miljødirektoratet,Eurofins Environment Testing Norway (Moss),P-TOT,Totalfosfor,7723-14-0,VF,Ferskvann,0,Artsuavhengig,UKJENT,NS-EN ISO 15681-2:2018,2025-06-02 00:00:00,0,0,m,Ufiltrert,,=,3.9,,µg/l P,439-2025-06030593,,,,1,,N,,28859.5924000004,6490236.8691
025-58890,Kvina ved Klosterøyna,VK4b,Elv,KALK,Tiltaksovervåking i kalkede laksevassdrag,Miljødirektoratet,Eurofins Environment Testing Norway (Moss),P-TOT,Totalfosfor,7723-14-0,VF,Ferskvann,0,Artsuavhengig,UKJENT,NS-EN ISO 15681-2:2018,2025-06-30 00:00:00,0,0,m,Ufiltrert,,=,6.3,,µg/l P,439-2025-07020063,,,,1,,N,,28859.5924000004,6490236.8691
025-58890,Kvina ved Klosterøyna,VK4b,Elv,KALK,Tiltaksovervåking i kalkede laksevassdrag,Miljødirektoratet,Eurofins Environment Testing Norway (Moss),P-TOT,Totalfosfor,7723-14-0,VF,Ferskvann,0,Artsuavhengig,UKJENT,NS-EN ISO 15681-2:2018,2025-07-22 00:00:00,0,0,m,Ufiltrert,,=,10,,µg/l P,439-2025-07230079,,,,1,,N,,28859.5924000004,6490236.8691
025-58890,Kvina ved Klosterøyna,VK4b,Elv,KALK,Tiltaksovervåking i kalkede laksevassdrag,Miljødirektoratet,Eurofins Environment Testing Norway (Moss),P-TOT,Totalfosfor,7723-14-0,VF,Ferskvann,0,Artsuavhengig,UKJENT,NS-EN ISO 15681-2:2018,2025-07-28 00:00:00,0,0,m,Ufiltrert,,=,6.6,,µg/l P,439-2025-07300157,,,,1,,N,,28859.5924000004,6490236.8691
025-58890,Kvina ved Klosterøyna,VK4b,Elv,KALK,Tiltaksovervåking i kalkede laksevassdrag,Miljødirektoratet,Eurofins Environment Testing Norway (Moss),P-TOT,Totalfosfor,7723-14-0,VF,Ferskvann,0,Artsuavhengig,UKJENT,NS-EN ISO 15681-2:2018,2025-07-05 00:00:00,0,0,m,Ufiltrert,,=,34,,µg/l P,439-2025-08070188,,,,1,,N,,28859.5924000004,6490236.8691
025-58890,Kvina ved Klosterøyna,VK4b,Elv,KALK,Tiltaksovervåking i kalkede laksevassdrag,Miljødirektoratet,Eurofins Environment Testing Norway (Moss),P-TOT,Totalfosfor,7723-14-0,VF,Ferskvann,0,Artsuavhengig,UKJENT,NS-EN ISO 15681-2:2018,2025-09-01 00:00:00,0,0,m,Ufiltrert,,=,7.3,,µg/l P,439-2025-09020373,,,,1,,N,,28859.5924000004,6490236.8691
025-58890,Kvina ved Klosterøyna,VK4b,Elv,KALK,Tiltaksovervåking i kalkede laksevassdrag,Miljødirektoratet,Eurofins Environment Testing Norway (Moss),P-TOT,Totalfosfor,7723-14-0,VF,Ferskvann,0,Artsuavhengig,UKJENT,NS-EN ISO 15681-2:2018,2025-09-29 00:00:00,0,0,m,Ufiltrert,,=,6.5,,µg/l P,439-2025-09300222,,,,1,,N,,28859.5924000004,6490236.8691
025-58890,Kvina ved Klosterøyna,VK4b,Elv,KALK,Tiltaksovervåking i kalkede laksevassdrag,Miljødirektoratet,Eurofins Environment Testing Norway (Moss),K,Kalium,7440-09-7,VF,Ferskvann,0,Artsuavhengig,UKJENT,NS-EN ISO 17294-2:2023,2025-01-07 00:00:00,0,0,m,Ufiltrert,,=,0.23,,mg/l,439-2025-01080272,,,,1,,N,,28859.5924000004,6490236.8691
025-58890,Kvina ved Klosterøyna,VK4b,Elv,KALK,Tiltaksovervåking i kalkede laksevassdrag,Miljødirektoratet,Eurofins Environment Testing Norway (Moss),K,Kalium,7440-09-7,VF,Ferskvann,0,Artsuavhengig,UKJENT,NS-EN ISO 17294-2:2023,2025-01-27 00:00:00,0,0,m,Ufiltrert,,=,0.27,,mg/l,439-2025-01280261,,,,1,,N,,28859.5924000004,6490236.8691
025-58890,Kvina ved Klosterøyna,VK4b,Elv,KALK,Tiltaksovervåking i kalkede laksevassdrag,Miljødirektoratet,Eurofins Environment Testing Norway (Moss),K,Kalium,7440-09-7,VF,Ferskvann,0,Artsuavhengig,UKJENT,NS-EN ISO 17294-2:2023,2025-02-24 00:00:00,0,0,m,Ufiltrert,,=,0.43,,mg/l,439-2025-02250224,,,,1,,N,,28859.5924000004,6490236.8691
025-58890,Kvina ved Klosterøyna,VK4b,Elv,KALK,Tiltaksovervåking i kalkede laksevassdrag,Miljødirektoratet,Eurofins Environment Testing Norway (Moss),K,Kalium,7440-09-7,VF,Ferskvann,0,Artsuavhengig,UKJENT,NS-EN ISO 17294-2:2023,2025-03-10 00:00:00,0,0,m,Ufiltrert,,=,0.3,,mg/l,439-2025-03110191,,,,1,,N,,28859.5924000004,6490236.8691
025-58890,Kvina ved Klosterøyna,VK4b,Elv,KALK,Tiltaksovervåking i kalkede laksevassdrag,Miljødirektoratet,Eurofins Environment Testing Norway (Moss),K,Kalium,7440-09-7,VF,Ferskvann,0,Artsuavhengig,UKJENT,NS-EN ISO 17294-2:2023,2025-03-31 00:00:00,0,0,m,Ufiltrert,,=,0.28,,mg/l,439-2025-04010197,,,,1,,N,,28859.5924000004,6490236.8691
025-58890,Kvina ved Klosterøyna,VK4b,Elv,KALK,Tiltaksovervåking i kalkede laksevassdrag,Miljødirektoratet,Eurofins Environment Testing Norway (Moss),K,Kalium,7440-09-7,VF,Ferskvann,0,Artsuavhengig,UKJENT,NS-EN ISO 17294-2:2023,2025-04-28 00:00:00,0,0,m,Ufiltrert,,=,0.27,,mg/l,439-2025-04290505,,,,1,,N,,28859.5924000004,6490236.8691
025-58890,Kvina ved Klosterøyna,VK4b,Elv,KALK,Tiltaksovervåking i kalkede laksevassdrag,Miljødirektoratet,Eurofins Environment Testing Norway (Moss),K,Kalium,7440-09-7,VF,Ferskvann,0,Artsuavhengig,UKJENT,NS-EN ISO 17294-2:2023,2025-05-28 00:00:00,0,0,m,Ufiltrert,,=,0.24,,mg/l,439-2025-05300054,,,,1,,N,,28859.5924000004,6490236.8691
025-58890,Kvina ved Klosterøyna,VK4b,Elv,KALK,Tiltaksovervåking i kalkede laksevassdrag,Miljødirektoratet,Eurofins Environment Testing Norway (Moss),K,Kalium,7440-09-7,VF,Ferskvann,0,Artsuavhengig,UKJENT,NS-EN ISO 17294-2:2023,2025-06-02 00:00:00,0,0,m,Ufiltrert,,=,0.25,,mg/l,439-2025-06030593,,,,1,,N,,28859.5924000004,6490236.8691
025-58890,Kvina ved Klosterøyna,VK4b,Elv,KALK,Tiltaksovervåking i kalkede laksevassdrag,Miljødirektoratet,Eurofins Environment Testing Norway (Moss),K,Kalium,7440-09-7,VF,Ferskvann,0,Artsuavhengig,UKJENT,NS-EN ISO 17294-2:2023,2025-06-30 00:00:00,0,0,m,Ufiltrert,,=,0.29,,mg/l,439-2025-07020063,,,,1,,N,,28859.5924000004,6490236.8691
025-58890,Kvina ved Klosterøyna,VK4b,Elv,KALK,Tiltaksovervåking i kalkede laksevassdrag,Miljødirektoratet,Eurofins Environment Testing Norway (Moss),K,Kalium,7440-09-7,VF,Ferskvann,0,Artsuavhengig,UKJENT,NS-EN ISO 17294-2:2023,2025-07-22 00:00:00,0,0,m,Ufiltrert,,=,0.25,,mg/l,439-2025-07230079,,,,1,,N,,28859.5924000004,6490236.8691
025-58890,Kvina ved Klosterøyna,VK4b,Elv,KALK,Tiltaksovervåking i kalkede laksevassdrag,Miljødirektoratet,Eurofins Environment Testing Norway (Moss),K,Kalium,7440-09-7,VF,Ferskvann,0,Artsuavhengig,UKJENT,NS-EN ISO 17294-2:2023,2025-07-28 00:00:00,0,0,m,Ufiltrert,,=,0.26,,mg/l,439-2025-07300157,,,,1,,N,,28859.5924000004,6490236.8691
025-58890,Kvina ved Klosterøyna,VK4b,Elv,KALK,Tiltaksovervåking i kalkede laksevassdrag,Miljødirektoratet,Eurofins Environment Testing Norway (Moss),K,Kalium,7440-09-7,VF,Ferskvann,0,Artsuavhengig,UKJENT,NS-EN ISO 17294-2:2023,2025-07-05 00:00:00,0,0,m,Ufiltrert,,=,0.47,,mg/l,439-2025-08070188,,,,1,,N,,28859.5924000004,6490236.8691
025-58890,Kvina ved Klosterøyna,VK4b,Elv,KALK,Tiltaksovervåking i kalkede laksevassdrag,Miljødirektoratet,Eurofins Environment Testing Norway (Moss),RAL,Reaktivt aluminium,,VF,Ferskvann,0,Artsuavhengig,UKJENT,UKJENT,2025-11-27 00:00:00,0,0,m,Ufiltrert,,=,110,,µg/l Al,439-2025-11280199,,,,1,Metode: Intern metode,N,,28859.5924000004,6490236.8691
025-58890,Kvina ved Klosterøyna,VK4b,Elv,KALK,Tiltaksovervåking i kalkede laksevassdrag,Miljødirektoratet,Eurofins Environment Testing Norway (Moss),RAL,Reaktivt aluminium,,VF,Ferskvann,0,Artsuavhengig,UKJENT,UKJENT,2025-12-01 00:00:00,0,0,m,Ufiltrert,,=,110,,µg/l Al,439-2025-12020060,,,,1,Metode: Intern metode,N,,28859.5924000004,6490236.8691
025-58890,Kvina ved Klosterøyna,VK4b,Elv,KALK,Tiltaksovervåking i kalkede laksevassdrag,Miljødirektoratet,Eurofins Environment Testing Norway (Moss),TOC,Totalt organisk karbon (TOC),,VF,Ferskvann,0,Artsuavhengig,UKJENT,NS-EN 1484 IR,2025-01-07 00:00:00,0,0,m,Ufiltrert,,=,4.6,,mg/l C,439-2025-01080272,,,,1,,N,,28859.5924000004,6490236.8691
025-58890,Kvina ved Klosterøyna,VK4b,Elv,KALK,Tiltaksovervåking i kalkede laksevassdrag,Miljødirektoratet,Eurofins Environment Testing Norway (Moss),TOC,Totalt organisk karbon (TOC),,VF,Ferskvann,0,Artsuavhengig,UKJENT,NS-EN 1484 IR,2025-01-27 00:00:00,0,0,m,Ufiltrert,,=,3.8,,mg/l C,439-2025-01280261,,,,1,,N,,28859.5924000004,6490236.8691
025-58890,Kvina ved Klosterøyna,VK4b,Elv,KALK,Tiltaksovervåking i kalkede laksevassdrag,Miljødirektoratet,Eurofins Environment Testing Norway (Moss),TOC,Totalt organisk karbon (TOC),,VF,Ferskvann,0,Artsuavhengig,UKJENT,NS-EN 1484 IR,2025-02-24 00:00:00,0,0,m,Ufiltrert,,=,3.6,,mg/l C,439-2025-02250224,,,,1,,N,,28859.5924000004,6490236.8691
025-58890,Kvina ved Klosterøyna,VK4b,Elv,KALK,Tiltaksovervåking i kalkede laksevassdrag,Miljødirektoratet,Eurofins Environment Testing Norway (Moss),TOC,Totalt organisk karbon (TOC),,VF,Ferskvann,0,Artsuavhengig,UKJENT,NS-EN 1484 IR,2025-03-10 00:00:00,0,0,m,Ufiltrert,,=,2.8,,mg/l C,439-2025-03110191,,,,1,,N,,28859.5924000004,6490236.8691
025-58890,Kvina ved Klosterøyna,VK4b,Elv,KALK,Tiltaksovervåking i kalkede laksevassdrag,Miljødirektoratet,Eurofins Environment Testing Norway (Moss),TOC,Totalt organisk karbon (TOC),,VF,Ferskvann,0,Artsuavhengig,UKJENT,NS-EN 1484 IR,2025-03-31 00:00:00,0,0,m,Ufiltrert,,=,3.1,,mg/l C,439-2025-04010197,,,,1,,N,,28859.5924000004,6490236.8691
025-58890,Kvina ved Klosterøyna,VK4b,Elv,KALK,Tiltaksovervåking i kalkede laksevassdrag,Miljødirektoratet,Eurofins Environment Testing Norway (Moss),TOC,Totalt organisk karbon (TOC),,VF,Ferskvann,0,Artsuavhengig,UKJENT,NS-EN 1484 IR,2025-04-14 00:00:00,0,0,m,Ufiltrert,,=,2.4,,mg/l C,439-2025-04150034,,,,1,,N,,28859.5924000004,6490236.8691
025-58890,Kvina ved Klosterøyna,VK4b,Elv,KALK,Tiltaksovervåking i kalkede laksevassdrag,Miljødirektoratet,Eurofins Environment Testing Norway (Moss),TOC,Totalt organisk karbon (TOC),,VF,Ferskvann,0,Artsuavhengig,UKJENT,NS-EN 1484 IR,2025-04-22 00:00:00,0,0,m,Ufiltrert,,=,2.9,,mg/l C,439-2025-04230371,,,,1,,N,,28859.5924000004,6490236.8691
025-58890,Kvina ved Klosterøyna,VK4b,Elv,KALK,Tiltaksovervåking i kalkede laksevassdrag,Miljødirektoratet,Eurofins Environment Testing Norway (Moss),TOC,Totalt organisk karbon (TOC),,VF,Ferskvann,0,Artsuavhengig,UKJENT,NS-EN 1484 IR,2025-04-28 00:00:00,0,0,m,Ufiltrert,,=,2.6,,mg/l C,439-2025-04290505,,,,1,,N,,28859.5924000004,6490236.8691
025-58890,Kvina ved Klosterøyna,VK4b,Elv,KALK,Tiltaksovervåking i kalkede laksevassdrag,Miljødirektoratet,Eurofins Environment Testing Norway (Moss),TOC,Totalt organisk karbon (TOC),,VF,Ferskvann,0,Artsuavhengig,UKJENT,NS-EN 1484 IR,2025-05-05 00:00:00,0,0,m,Ufiltrert,,=,2.1,,mg/l C,439-2025-05060165,,,,1,,N,,28859.5924000004,6490236.8691
025-58890,Kvina ved Klosterøyna,VK4b,Elv,KALK,Tiltaksovervåking i kalkede laksevassdrag,Miljødirektoratet,Eurofins Environment Testing Norway (Moss),PH,pH,,VF,Ferskvann,0,Artsuavhengig,UKJENT,NS-EN ISO 10523:2012,2025-07-22 00:00:00,0,0,m,Ufiltrert,,=,7.4,,<ubenevnt>,439-2025-07230079,,,,1,,N,,28859.5924000004,6490236.8691
025-58890,Kvina ved Klosterøyna,VK4b,Elv,KALK,Tiltaksovervåking i kalkede laksevassdrag,Miljødirektoratet,Eurofins Environment Testing Norway (Moss),KOND,Konduktivitet,,VF,Ferskvann,0,Artsuavhengig,UKJENT,UKJENT,2025-01-07 00:00:00,0,0,m,Ufiltrert,,=,2.5,,mS/m,439-2025-01080272,,,,1,Metode: NS-EN 27888,N,,28859.5924000004,6490236.8691
025-58890,Kvina ved Klosterøyna,VK4b,Elv,KALK,Tiltaksovervåking i kalkede laksevassdrag,Miljødirektoratet,Eurofins Environment Testing Norway (Moss),KOND,Konduktivitet,,VF,Ferskvann,0,Artsuavhengig,UKJENT,UKJENT,2025-01-27 00:00:00,0,0,m,Ufiltrert,,=,4.4,,mS/m,439-2025-01280261,,,,1,Metode: NS-EN 27888,N,,28859.5924000004,6490236.8691
025-58890,Kvina ved Klosterøyna,VK4b,Elv,KALK,Tiltaksovervåking i kalkede laksevassdrag,Miljødirektoratet,Eurofins Environment Testing Norway (Moss),KOND,Konduktivitet,,VF,Ferskvann,0,Artsuavhengig,UKJENT,UKJENT,2025-02-24 00:00:00,0,0,m,Ufiltrert,,=,4.34,,mS/m,439-2025-02250224,,,,1,Metode: NS-EN 27888,N,,28859.5924000004,6490236.8691
025-58890,Kvina ved Klosterøyna,VK4b,Elv,KALK,Tiltaksovervåking i kalkede laksevassdrag,Miljødirektoratet,Eurofins Environment Testing Norway (Moss),KOND,Konduktivitet,,VF,Ferskvann,0,Artsuavhengig,UKJENT,UKJENT,2025-03-10 00:00:00,0,0,m,Ufiltrert,,=,3.74,,mS/m,439-2025-03110191,,,,1,Metode: NS-EN 27888,N,,28859.5924000004,6490236.8691
025-58890,Kvina ved Klosterøyna,VK4b,Elv,KALK,Tiltaksovervåking i kalkede laksevassdrag,Miljødirektoratet,Eurofins Environment Testing Norway (Moss),KOND,Konduktivitet,,VF,Ferskvann,0,Artsuavhengig,UKJENT,UKJENT,2025-03-31 00:00:00,0,0,m,Ufiltrert,,=,3.45,,mS/m,439-2025-04010197,,,,1,Metode: NS-EN 27888,N,,28859.5924000004,6490236.8691
025-58890,Kvina ved Klosterøyna,VK4b,Elv,KALK,Tiltaksovervåking i kalkede laksevassdrag,Miljødirektoratet,Eurofins Environment Testing Norway (Moss),KOND,Konduktivitet,,VF,Ferskvann,0,Artsuavhengig,UKJENT,UKJENT,2025-04-14 00:00:00,0,0,m,Ufiltrert,,=,3.43,,mS/m,439-2025-04150034,,,,1,Metode: NS-EN 27888,N,,28859.5924000004,6490236.8691
025-58890,Kvina ved Klosterøyna,VK4b,Elv,KALK,Tiltaksovervåking i kalkede laksevassdrag,Miljødirektoratet,Eurofins Environment Testing Norway (Moss),KOND,Konduktivitet,,VF,Ferskvann,0,Artsuavhengig,UKJENT,UKJENT,2025-04-22 00:00:00,0,0,m,Ufiltrert,,=,3.26,,mS/m,439-2025-04230371,,,,1,Metode: NS-EN 27888,N,,28859.5924000004,6490236.8691
025-58890,Kvina ved Klosterøyna,VK4b,Elv,KALK,Tiltaksovervåking i kalkede laksevassdrag,Miljødirektoratet,Eurofins Environment Testing Norway (Moss),KOND,Konduktivitet,,VF,Ferskvann,0,Artsuavhengig,UKJENT,UKJENT,2025-04-28 00:00:00,0,0,m,Ufiltrert,,=,3.37,,mS/m,439-2025-04290505,,,,1,Metode: NS-EN 27888,N,,28859.5924000004,6490236.8691
025-58890,Kvina ved Klosterøyna,VK4b,Elv,KALK,Tiltaksovervåking i kalkede laksevassdrag,Miljødirektoratet,Eurofins Environment Testing Norway (Moss),KOND,Konduktivitet,,VF,Ferskvann,0,Artsuavhengig,UKJENT,UKJENT,2025-05-05 00:00:00,0,0,m,Ufiltrert,,=,3.02,,mS/m,439-2025-05060165,,,,1,Metode: NS-EN 27888,N,,28859.5924000004,6490236.8691
025-58890,Kvina ved Klosterøyna,VK4b,Elv,KALK,Tiltaksovervåking i kalkede laksevassdrag,Miljødirektoratet,Eurofins Environment Testing Norway (Moss),KOND,Konduktivitet,,VF,Ferskvann,0,Artsuavhengig,UKJENT,UKJENT,2025-05-12 00:00:00,0,0,m,Ufiltrert,,=,2.78,,mS/m,439-2025-05130381,,,,1,Metode: NS-EN 27888,N,,28859.5924000004,6490236.8691
025-58890,Kvina ved Klosterøyna,VK4b,Elv,KALK,Tiltaksovervåking i kalkede laksevassdrag,Miljødirektoratet,Eurofins Environment Testing Norway (Moss),KOND,Konduktivitet,,VF,Ferskvann,0,Artsuavhengig,UKJENT,UKJENT,2025-05-19 00:00:00,0,0,m,Ufiltrert,,=,2.95,,mS/m,439-2025-05200173,,,,1,Metode: NS-EN 27888,N,,28859.5924000004,6490236.8691
025-58890,Kvina ved Klosterøyna,VK4b,Elv,KALK,Tiltaksovervåking i kalkede laksevassdrag,Miljødirektoratet,Eurofins Environment Testing Norway (Moss),KOND,Konduktivitet,,VF,Ferskvann,0,Artsuavhengig,UKJENT,UKJENT,2025-05-27 00:00:00,0,0,m,Ufiltrert,,=,2.82,,mS/m,439-2025-05270199,,,,1,Metode: NS-EN 27888,N,,28859.5924000004,6490236.8691
025-58890,Kvina ved Klosterøyna,VK4b,Elv,KALK,Tiltaksovervåking i kalkede laksevassdrag,Miljødirektoratet,Eurofins Environment Testing Norway (Moss),KOND,Konduktivitet,,VF,Ferskvann,0,Artsuavhengig,UKJENT,UKJENT,2025-05-28 00:00:00,0,0,m,Ufiltrert,,=,2.81,,mS/m,439-2025-05300054,,,,1,Metode: NS-EN 27888,N,,28859.5924000004,6490236.8691
025-58890,Kvina ved Klosterøyna,VK4b,Elv,KALK,Tiltaksovervåking i kalkede laksevassdrag,Miljødirektoratet,Eurofins Environment Testing Norway (Moss),KOND,Konduktivitet,,VF,Ferskvann,0,Artsuavhengig,UKJENT,UKJENT,2025-06-02 00:00:00,0,0,m,Ufiltrert,,=,3.72,,mS/m,439-2025-06030593,,,,1,Metode: NS-EN 27888,N,,28859.5924000004,6490236.8691
025-58890,Kvina ved Klosterøyna,VK4b,Elv,KALK,Tiltaksovervåking i kalkede laksevassdrag,Miljødirektoratet,Eurofins Environment Testing Norway (Moss),KOND,Konduktivitet,,VF,Ferskvann,0,Artsuavhengig,UKJENT,UKJENT,2025-06-30 00:00:00,0,0,m,Ufiltrert,,=,3.22,,mS/m,439-2025-07020063,,,,1,Metode: NS-EN 27888,N,,28859.5924000004,6490236.8691
025-58890,Kvina ved Klosterøyna,VK4b,Elv,KALK,Tiltaksovervåking i kalkede laksevassdrag,Miljødirektoratet,Eurofins Environment Testing Norway (Moss),KOND,Konduktivitet,,VF,Ferskvann,0,Artsuavhengig,UKJENT,UKJENT,2025-07-22 00:00:00,0,0,m,Ufiltrert,,=,4.09,,mS/m,439-2025-07230079,,,,1,Metode: NS-EN 27888,N,,28859.5924000004,6490236.8691
025-58890,Kvina ved Klosterøyna,VK4b,Elv,KALK,Tiltaksovervåking i kalkede laksevassdrag,Miljødirektoratet,Eurofins Environment Testing Norway (Moss),KOND,Konduktivitet,,VF,Ferskvann,0,Artsuavhengig,UKJENT,UKJENT,2025-07-28 00:00:00,0,0,m,Ufiltrert,,=,3.46,,mS/m,439-2025-07300157,,,,1,Metode: NS-EN 27888,N,,28859.5924000004,6490236.8691
025-58890,Kvina ved Klosterøyna,VK4b,Elv,KALK,Tiltaksovervåking i kalkede laksevassdrag,Miljødirektoratet,Eurofins Environment Testing Norway (Moss),KOND,Konduktivitet,,VF,Ferskvann,0,Artsuavhengig,UKJENT,UKJENT,2025-07-05 00:00:00,0,0,m,Ufiltrert,,=,4.08,,mS/m,439-2025-08070188,,,,1,Metode: NS-EN 27888,N,,28859.5924000004,6490236.8691
025-58890,Kvina ved Klosterøyna,VK4b,Elv,KALK,Tiltaksovervåking i kalkede laksevassdrag,Miljødirektoratet,Eurofins Environment Testing Norway (Moss),KOND,Konduktivitet,,VF,Ferskvann,0,Artsuavhengig,UKJENT,UKJENT,2025-09-01 00:00:00,0,0,m,Ufiltrert,,=,3.18,,mS/m,439-2025-09020373,,,,1,Metode: NS-EN 27888,N,,28859.5924000004,6490236.8691
025-58890,Kvina ved Klosterøyna,VK4b,Elv,KALK,Tiltaksovervåking i kalkede laksevassdrag,Miljødirektoratet,Eurofins Environment Testing Norway (Moss),MG,Magnesium,7439-95-4,VF,Ferskvann,0,Artsuavhengig,UKJENT,NS-EN ISO 17294-2:2023,2025-07-28 00:00:00,0,0,m,Ufiltrert,,=,0.43,,mg/l,439-2025-07300157,,,,1,,N,,28859.5924000004,6490236.8691
025-58890,Kvina ved Klosterøyna,VK4b,Elv,KALK,Tiltaksovervåking i kalkede laksevassdrag,Miljødirektoratet,Eurofins Environment Testing Norway (Moss),MG,Magnesium,7439-95-4,VF,Ferskvann,0,Artsuavhengig,UKJENT,NS-EN ISO 17294-2:2023,2025-07-05 00:00:00,0,0,m,Ufiltrert,,=,0.67,,mg/l,439-2025-08070188,,,,1,,N,,28859.5924000004,6490236.8691
025-58890,Kvina ved Klosterøyna,VK4b,Elv,KALK,Tiltaksovervåking i kalkede laksevassdrag,Miljødirektoratet,Eurofins Environment Testing Norway (Moss),MG,Magnesium,7439-95-4,VF,Ferskvann,0,Artsuavhengig,UKJENT,NS-EN ISO 17294-2:2023,2025-09-01 00:00:00,0,0,m,Ufiltrert,,=,0.43,,mg/l,439-2025-09020373,,,,1,,N,,28859.5924000004,6490236.8691
025-58890,Kvina ved Klosterøyna,VK4b,Elv,KALK,Tiltaksovervåking i kalkede laksevassdrag,Miljødirektoratet,Eurofins Environment Testing Norway (Moss),MG,Magnesium,7439-95-4,VF,Ferskvann,0,Artsuavhengig,UKJENT,NS-EN ISO 17294-2:2023,2025-09-29 00:00:00,0,0,m,Ufiltrert,,=,0.43,,mg/l,439-2025-09300222,,,,1,,N,,28859.5924000004,6490236.8691
025-58890,Kvina ved Klosterøyna,VK4b,Elv,KALK,Tiltaksovervåking i kalkede laksevassdrag,Miljødirektoratet,Eurofins Environment Testing Norway (Moss),MG,Magnesium,7439-95-4,VF,Ferskvann,0,Artsuavhengig,UKJENT,NS-EN ISO 17294-2:2023,2025-10-27 00:00:00,0,0,m,Ufiltrert,,=,0.39,,mg/l,439-2025-10280336,,,,1,,N,,28859.5924000004,6490236.8691
025-58890,Kvina ved Klosterøyna,VK4b,Elv,KALK,Tiltaksovervåking i kalkede laksevassdrag,Miljødirektoratet,Eurofins Environment Testing Norway (Moss),MG,Magnesium,7439-95-4,VF,Ferskvann,0,Artsuavhengig,UKJENT,NS-EN ISO 17294-2:2023,2025-11-27 00:00:00,0,0,m,Ufiltrert,,=,0.39,,mg/l,439-2025-11280199,,,,1,,N,,28859.5924000004,6490236.8691
025-58890,Kvina ved Klosterøyna,VK4b,Elv,KALK,Tiltaksovervåking i kalkede laksevassdrag,Miljødirektoratet,Eurofins Environment Testing Norway (Moss),MG,Magnesium,7439-95-4,VF,Ferskvann,0,Artsuavhengig,UKJENT,NS-EN ISO 17294-2:2023,2025-12-01 00:00:00,0,0,m,Ufiltrert,,=,0.34,,mg/l,439-2025-12020060,,,,1,,N,,28859.5924000004,6490236.8691
025-58890,Kvina ved Klosterøyna,VK4b,Elv,KALK,Tiltaksovervåking i kalkede laksevassdrag,Miljødirektoratet,Eurofins Environment Testing Norway (Moss),SI,Silisium,7440-21-3,VF,Ferskvann,0,Artsuavhengig,UKJENT,UKJENT,2025-10-27 00:00:00,0,0,m,Ufiltrert,,=,940,,µg/l,439-2025-10280336,,,,1,,N,,28859.5924000004,6490236.8691
025-58890,Kvina ved Klosterøyna,VK4b,Elv,KALK,Tiltaksovervåking i kalkede laksevassdrag,Miljødirektoratet,Eurofins Environment Testing Norway (Moss),SI,Silisium,7440-21-3,VF,Ferskvann,0,Artsuavhengig,UKJENT,UKJENT,2025-11-27 00:00:00,0,0,m,Ufiltrert,,=,1100,,µg/l,439-2025-11280199,,,,1,,N,,28859.5924000004,6490236.8691
025-58890,Kvina ved Klosterøyna,VK4b,Elv,KALK,Tiltaksovervåking i kalkede laksevassdrag,Miljødirektoratet,Eurofins Environment Testing Norway (Moss),SI,Silisium,7440-21-3,VF,Ferskvann,0,Artsuavhengig,UKJENT,UKJENT,2025-12-01 00:00:00,0,0,m,Ufiltrert,,=,930,,µg/l,439-2025-12020060,,,,1,,N,,28859.5924000004,6490236.8691
025-58890,Kvina ved Klosterøyna,VK4b,Elv,KALK,Tiltaksovervåking i kalkede laksevassdrag,Miljødirektoratet,Eurofins Environment Testing Norway (Moss),N-TOT,Totalnitrogen,,VF,Ferskvann,0,Artsuavhengig,UKJENT,UKJENT,2025-01-07 00:00:00,0,0,m,Ufiltrert,,=,240,,µg/l N,439-2025-01080272,,,,1,,N,,28859.5924000004,6490236.8691
025-58890,Kvina ved Klosterøyna,VK4b,Elv,KALK,Tiltaksovervåking i kalkede laksevassdrag,Miljødirektoratet,Eurofins Environment Testing Norway (Moss),N-TOT,Totalnitrogen,,VF,Ferskvann,0,Artsuavhengig,UKJENT,UKJENT,2025-01-27 00:00:00,0,0,m,Ufiltrert,,=,240,,µg/l N,439-2025-01280261,,,,1,,N,,28859.5924000004,6490236.8691
025-58890,Kvina ved Klosterøyna,VK4b,Elv,KALK,Tiltaksovervåking i kalkede laksevassdrag,Miljødirektoratet,Eurofins Environment Testing Norway (Moss),N-TOT,Totalnitrogen,,VF,Ferskvann,0,Artsuavhengig,UKJENT,UKJENT,2025-02-24 00:00:00,0,0,m,Ufiltrert,,=,320,,µg/l N,439-2025-02250224,,,,1,,N,,28859.5924000004,6490236.8691
025-58890,Kvina ved Klosterøyna,VK4b,Elv,KALK,Tiltaksovervåking i kalkede laksevassdrag,Miljødirektoratet,Eurofins Environment Testing Norway (Moss),N-TOT,Totalnitrogen,,VF,Ferskvann,0,Artsuavhengig,UKJENT,UKJENT,2025-03-10 00:00:00,0,0,m,Ufiltrert,,=,230,,µg/l N,439-2025-03110191,,,,1,,N,,28859.5924000004,6490236.8691
025-58890,Kvina ved Klosterøyna,VK4b,Elv,KALK,Tiltaksovervåking i kalkede laksevassdrag,Miljødirektoratet,Eurofins Environment Testing Norway (Moss),N-TOT,Totalnitrogen,,VF,Ferskvann,0,Artsuavhengig,UKJENT,UKJENT,2025-03-31 00:00:00,0,0,m,Ufiltrert,,=,210,,µg/l N,439-2025-04010197,,,,1,,N,,28859.5924000004,6490236.8691
025-58890,Kvina ved Klosterøyna,VK4b,Elv,KALK,Tiltaksovervåking i kalkede laksevassdrag,Miljødirektoratet,Eurofins Environment Testing Norway (Moss),N-TOT,Totalnitrogen,,VF,Ferskvann,0,Artsuavhengig,UKJENT,UKJENT,2025-04-28 00:00:00,0,0,m,Ufiltrert,,=,180,,µg/l N,439-2025-04290505,,,,1,,N,,28859.5924000004,6490236.8691
025-58890,Kvina ved Klosterøyna,VK4b,Elv,KALK,Tiltaksovervåking i kalkede laksevassdrag,Miljødirektoratet,Eurofins Environment Testing Norway (Moss),N-TOT,Totalnitrogen,,VF,Ferskvann,0,Artsuavhengig,UKJENT,UKJENT,2025-05-28 00:00:00,0,0,m,Ufiltrert,,=,170,,µg/l N,439-2025-05300054,,,,1,,N,,28859.5924000004,6490236.8691
025-58890,Kvina ved Klosterøyna,VK4b,Elv,KALK,Tiltaksovervåking i kalkede laksevassdrag,Miljødirektoratet,Eurofins Environment Testing Norway (Moss),N-TOT,Totalnitrogen,,VF,Ferskvann,0,Artsuavhengig,UKJENT,UKJENT,2025-06-02 00:00:00,0,0,m,Ufiltrert,,=,190,,µg/l N,439-2025-06030593,,,,1,,N,,28859.5924000004,6490236.8691
025-58890,Kvina ved Klosterøyna,VK4b,Elv,KALK,Tiltaksovervåking i kalkede laksevassdrag,Miljødirektoratet,Eurofins Environment Testing Norway (Moss),N-TOT,Totalnitrogen,,VF,Ferskvann,0,Artsuavhengig,UKJENT,UKJENT,2025-06-30 00:00:00,0,0,m,Ufiltrert,,=,230,,µg/l N,439-2025-07020063,,,,1,,N,,28859.5924000004,6490236.8691
025-58890,Kvina ved Klosterøyna,VK4b,Elv,KALK,Tiltaksovervåking i kalkede laksevassdrag,Miljødirektoratet,Eurofins Environment Testing Norway (Moss),N-TOT,Totalnitrogen,,VF,Ferskvann,0,Artsuavhengig,UKJENT,UKJENT,2025-07-22 00:00:00,0,0,m,Ufiltrert,,=,250,,µg/l N,439-2025-07230079,,,,1,,N,,28859.5924000004,6490236.8691
025-58890,Kvina ved Klosterøyna,VK4b,Elv,KALK,Tiltaksovervåking i kalkede laksevassdrag,Miljødirektoratet,Eurofins Environment Testing Norway (Moss),N-TOT,Totalnitrogen,,VF,Ferskvann,0,Artsuavhengig,UKJENT,UKJENT,2025-07-28 00:00:00,0,0,m,Ufiltrert,,=,460,,µg/l N,439-2025-07300157,,,,1,,N,,28859.5924000004,6490236.8691
025-58890,Kvina ved Klosterøyna,VK4b,Elv,KALK,Tiltaksovervåking i kalkede laksevassdrag,Miljødirektoratet,Eurofins Environment Testing Norway (Moss),P-TOT,Totalfosfor,7723-14-0,VF,Ferskvann,0,Artsuavhengig,UKJENT,NS-EN ISO 15681-2:2018,2025-10-27 00:00:00,0,0,m,Ufiltrert,,=,6.8,,µg/l P,439-2025-10280336,,,,1,,N,,28859.5924000004,6490236.8691
025-58890,Kvina ved Klosterøyna,VK4b,Elv,KALK,Tiltaksovervåking i kalkede laksevassdrag,Miljødirektoratet,Eurofins Environment Testing Norway (Moss),TOC,Totalt organisk karbon (TOC),,VF,Ferskvann,0,Artsuavhengig,UKJENT,NS-EN 1484 IR,2025-05-12 00:00:00,0,0,m,Ufiltrert,,=,1.9,,mg/l C,439-2025-05130381,,,,1,,N,,28859.5924000004,6490236.8691
025-58890,Kvina ved Klosterøyna,VK4b,Elv,KALK,Tiltaksovervåking i kalkede laksevassdrag,Miljødirektoratet,Eurofins Environment Testing Norway (Moss),TOC,Totalt organisk karbon (TOC),,VF,Ferskvann,0,Artsuavhengig,UKJENT,NS-EN 1484 IR,2025-05-19 00:00:00,0,0,m,Ufiltrert,,=,1.7,,mg/l C,439-2025-05200173,,,,1,,N,,28859.5924000004,6490236.8691
025-58890,Kvina ved Klosterøyna,VK4b,Elv,KALK,Tiltaksovervåking i kalkede laksevassdrag,Miljødirektoratet,Eurofins Environment Testing Norway (Moss),TOC,Totalt organisk karbon (TOC),,VF,Ferskvann,0,Artsuavhengig,UKJENT,NS-EN 1484 IR,2025-05-27 00:00:00,0,0,m,Ufiltrert,,=,1.8,,mg/l C,439-2025-05270199,,,,1,,N,,28859.5924000004,6490236.8691
025-58890,Kvina ved Klosterøyna,VK4b,Elv,KALK,Tiltaksovervåking i kalkede laksevassdrag,Miljødirektoratet,Eurofins Environment Testing Norway (Moss),TOC,Totalt organisk karbon (TOC),,VF,Ferskvann,0,Artsuavhengig,UKJENT,NS-EN 1484 IR,2025-05-28 00:00:00,0,0,m,Ufiltrert,,=,2.7,,mg/l C,439-2025-05300054,,,,1,,N,,28859.5924000004,6490236.8691
025-58890,Kvina ved Klosterøyna,VK4b,Elv,KALK,Tiltaksovervåking i kalkede laksevassdrag,Miljødirektoratet,Eurofins Environment Testing Norway (Moss),TOC,Totalt organisk karbon (TOC),,VF,Ferskvann,0,Artsuavhengig,UKJENT,NS-EN 1484 IR,2025-06-02 00:00:00,0,0,m,Ufiltrert,,=,4.1,,mg/l C,439-2025-06030593,,,,1,,N,,28859.5924000004,6490236.8691
025-58890,Kvina ved Klosterøyna,VK4b,Elv,KALK,Tiltaksovervåking i kalkede laksevassdrag,Miljødirektoratet,Eurofins Environment Testing Norway (Moss),TOC,Totalt organisk karbon (TOC),,VF,Ferskvann,0,Artsuavhengig,UKJENT,NS-EN 1484 IR,2025-06-30 00:00:00,0,0,m,Ufiltrert,,=,4.5,,mg/l C,439-2025-07020063,,,,1,,N,,28859.5924000004,6490236.8691
025-58890,Kvina ved Klosterøyna,VK4b,Elv,KALK,Tiltaksovervåking i kalkede laksevassdrag,Miljødirektoratet,Eurofins Environment Testing Norway (Moss),TOC,Totalt organisk karbon (TOC),,VF,Ferskvann,0,Artsuavhengig,UKJENT,NS-EN 1484 IR,2025-07-22 00:00:00,0,0,m,Ufiltrert,,=,5.5,,mg/l C,439-2025-07230079,,,,1,,N,,28859.5924000004,6490236.8691
025-58890,Kvina ved Klosterøyna,VK4b,Elv,KALK,Tiltaksovervåking i kalkede laksevassdrag,Miljødirektoratet,Eurofins Environment Testing Norway (Moss),TOC,Totalt organisk karbon (TOC),,VF,Ferskvann,0,Artsuavhengig,UKJENT,NS-EN 1484 IR,2025-07-28 00:00:00,0,0,m,Ufiltrert,,=,7.3,,mg/l C,439-2025-07300157,,,,1,,N,,28859.5924000004,6490236.8691
025-58890,Kvina ved Klosterøyna,VK4b,Elv,KALK,Tiltaksovervåking i kalkede laksevassdrag,Miljødirektoratet,Eurofins Environment Testing Norway (Moss),TOC,Totalt organisk karbon (TOC),,VF,Ferskvann,0,Artsuavhengig,UKJENT,NS-EN 1484 IR,2025-07-05 00:00:00,0,0,m,Ufiltrert,,=,11,,mg/l C,439-2025-08070188,,,,1,,N,,28859.5924000004,6490236.8691
025-58890,Kvina ved Klosterøyna,VK4b,Elv,KALK,Tiltaksovervåking i kalkede laksevassdrag,Miljødirektoratet,Eurofins Environment Testing Norway (Moss),TOC,Totalt organisk karbon (TOC),,VF,Ferskvann,0,Artsuavhengig,UKJENT,NS-EN 1484 IR,2025-09-01 00:00:00,0,0,m,Ufiltrert,,=,3.8,,mg/l C,439-2025-09020373,,,,1,,N,,28859.5924000004,6490236.8691
025-58890,Kvina ved Klosterøyna,VK4b,Elv,KALK,Tiltaksovervåking i kalkede laksevassdrag,Miljødirektoratet,Eurofins Environment Testing Norway (Moss),TOC,Totalt organisk karbon (TOC),,VF,Ferskvann,0,Artsuavhengig,UKJENT,NS-EN 1484 IR,2025-09-29 00:00:00,0,0,m,Ufiltrert,,=,7.1,,mg/l C,439-2025-09300222,,,,1,,N,,28859.5924000004,6490236.8691
025-58890,Kvina ved Klosterøyna,VK4b,Elv,KALK,Tiltaksovervåking i kalkede laksevassdrag,Miljødirektoratet,Eurofins Environment Testing Norway (Moss),TOC,Totalt organisk karbon (TOC),,VF,Ferskvann,0,Artsuavhengig,UKJENT,NS-EN 1484 IR,2025-10-27 00:00:00,0,0,m,Ufiltrert,,=,7.7,,mg/l C,439-2025-10280336,,,,1,,N,,28859.5924000004,6490236.8691
025-58890,Kvina ved Klosterøyna,VK4b,Elv,KALK,Tiltaksovervåking i kalkede laksevassdrag,Miljødirektoratet,Eurofins Environment Testing Norway (Moss),TOC,Totalt organisk karbon (TOC),,VF,Ferskvann,0,Artsuavhengig,UKJENT,NS-EN 1484 IR,2025-11-27 00:00:00,0,0,m,Ufiltrert,,=,7,,mg/l C,439-2025-11280199,,,,1,,N,,28859.5924000004,6490236.8691
025-58890,Kvina ved Klosterøyna,VK4b,Elv,KALK,Tiltaksovervåking i kalkede laksevassdrag,Miljødirektoratet,Eurofins Environment Testing Norway (Moss),TOC,Totalt organisk karbon (TOC),,VF,Ferskvann,0,Artsuavhengig,UKJENT,NS-EN 1484 IR,2025-12-01 00:00:00,0,0,m,Ufiltrert,,=,7.5,,mg/l C,439-2025-12020060,,,,1,,N,,28859.5924000004,6490236.8691
025-58890,Kvina ved Klosterøyna,VK4b,Elv,KALK,Tiltaksovervåking i kalkede laksevassdrag,Miljødirektoratet,Eurofins Environment Testing Norway (Moss),N-TOT,Totalnitrogen,,VF,Ferskvann,0,Artsuavhengig,UKJENT,UKJENT,2025-07-05 00:00:00,0,0,m,Ufiltrert,,=,430,,µg/l N,439-2025-08070188,,,,1,,N,,28859.5924000004,6490236.8691
025-58890,Kvina ved Klosterøyna,VK4b,Elv,KALK,Tiltaksovervåking i kalkede laksevassdrag,Miljødirektoratet,Eurofins Environment Testing Norway (Moss),SI,Silisium,7440-21-3,VF,Ferskvann,0,Artsuavhengig,UKJENT,UKJENT,2025-01-07 00:00:00,0,0,m,Ufiltrert,,=,980,,µg/l,439-2025-01080272,,,,1,,N,,28859.5924000004,6490236.8691
025-58890,Kvina ved Klosterøyna,VK4b,Elv,KALK,Tiltaksovervåking i kalkede laksevassdrag,Miljødirektoratet,Eurofins Environment Testing Norway (Moss),SI,Silisium,7440-21-3,VF,Ferskvann,0,Artsuavhengig,UKJENT,UKJENT,2025-01-27 00:00:00,0,0,m,Ufiltrert,,=,990,,µg/l,439-2025-01280261,,,,1,,N,,28859.5924000004,6490236.8691
025-58890,Kvina ved Klosterøyna,VK4b,Elv,KALK,Tiltaksovervåking i kalkede laksevassdrag,Miljødirektoratet,Eurofins Environment Testing Norway (Moss),SI,Silisium,7440-21-3,VF,Ferskvann,0,Artsuavhengig,UKJENT,UKJENT,2025-02-24 00:00:00,0,0,m,Ufiltrert,,=,800,,µg/l,439-2025-02250224,,,,1,,N,,28859.5924000004,6490236.8691
025-58890,Kvina ved Klosterøyna,VK4b,Elv,KALK,Tiltaksovervåking i kalkede laksevassdrag,Miljødirektoratet,Eurofins Environment Testing Norway (Moss),SI,Silisium,7440-21-3,VF,Ferskvann,0,Artsuavhengig,UKJENT,UKJENT,2025-03-10 00:00:00,0,0,m,Ufiltrert,,=,750,,µg/l,439-2025-03110191,,,,1,,N,,28859.5924000004,6490236.8691
025-58890,Kvina ved Klosterøyna,VK4b,Elv,KALK,Tiltaksovervåking i kalkede laksevassdrag,Miljødirektoratet,Eurofins Environment Testing Norway (Moss),SI,Silisium,7440-21-3,VF,Ferskvann,0,Artsuavhengig,UKJENT,UKJENT,2025-03-31 00:00:00,0,0,m,Ufiltrert,,=,740,,µg/l,439-2025-04010197,,,,1,,N,,28859.5924000004,6490236.8691
025-58890,Kvina ved Klosterøyna,VK4b,Elv,KALK,Tiltaksovervåking i kalkede laksevassdrag,Miljødirektoratet,Eurofins Environment Testing Norway (Moss),SI,Silisium,7440-21-3,VF,Ferskvann,0,Artsuavhengig,UKJENT,UKJENT,2025-04-28 00:00:00,0,0,m,Ufiltrert,,=,280,,µg/l,439-2025-04290505,,,,1,,N,,28859.5924000004,6490236.8691
025-58890,Kvina ved Klosterøyna,VK4b,Elv,KALK,Tiltaksovervåking i kalkede laksevassdrag,Miljødirektoratet,Eurofins Environment Testing Norway (Moss),SI,Silisium,7440-21-3,VF,Ferskvann,0,Artsuavhengig,UKJENT,UKJENT,2025-05-28 00:00:00,0,0,m,Ufiltrert,,=,210,,µg/l,439-2025-05300054,,,,1,,N,,28859.5924000004,6490236.8691
025-58890,Kvina ved Klosterøyna,VK4b,Elv,KALK,Tiltaksovervåking i kalkede laksevassdrag,Miljødirektoratet,Eurofins Environment Testing Norway (Moss),SI,Silisium,7440-21-3,VF,Ferskvann,0,Artsuavhengig,UKJENT,UKJENT,2025-06-02 00:00:00,0,0,m,Ufiltrert,,=,290,,µg/l,439-2025-06030593,,,,1,,N,,28859.5924000004,6490236.8691
025-58890,Kvina ved Klosterøyna,VK4b,Elv,KALK,Tiltaksovervåking i kalkede laksevassdrag,Miljødirektoratet,Eurofins Environment Testing Norway (Moss),SI,Silisium,7440-21-3,VF,Ferskvann,0,Artsuavhengig,UKJENT,UKJENT,2025-06-30 00:00:00,0,0,m,Ufiltrert,,=,290,,µg/l,439-2025-07020063,,,,1,,N,,28859.5924000004,6490236.8691
025-58890,Kvina ved Klosterøyna,VK4b,Elv,KALK,Tiltaksovervåking i kalkede laksevassdrag,Miljødirektoratet,Eurofins Environment Testing Norway (Moss),SI,Silisium,7440-21-3,VF,Ferskvann,0,Artsuavhengig,UKJENT,UKJENT,2025-07-22 00:00:00,0,0,m,Ufiltrert,,=,310,,µg/l,439-2025-07230079,,,,1,,N,,28859.5924000004,6490236.8691
025-58890,Kvina ved Klosterøyna,VK4b,Elv,KALK,Tiltaksovervåking i kalkede laksevassdrag,Miljødirektoratet,Eurofins Environment Testing Norway (Moss),SI,Silisium,7440-21-3,VF,Ferskvann,0,Artsuavhengig,UKJENT,UKJENT,2025-07-28 00:00:00,0,0,m,Ufiltrert,,=,520,,µg/l,439-2025-07300157,,,,1,,N,,28859.5924000004,6490236.8691
025-58890,Kvina ved Klosterøyna,VK4b,Elv,KALK,Tiltaksovervåking i kalkede laksevassdrag,Miljødirektoratet,Eurofins Environment Testing Norway (Moss),SI,Silisium,7440-21-3,VF,Ferskvann,0,Artsuavhengig,UKJENT,UKJENT,2025-07-05 00:00:00,0,0,m,Ufiltrert,,=,930,,µg/l,439-2025-08070188,,,,1,,N,,28859.5924000004,6490236.8691
025-58890,Kvina ved Klosterøyna,VK4b,Elv,KALK,Tiltaksovervåking i kalkede laksevassdrag,Miljødirektoratet,Eurofins Environment Testing Norway (Moss),SI,Silisium,7440-21-3,VF,Ferskvann,0,Artsuavhengig,UKJENT,UKJENT,2025-09-01 00:00:00,0,0,m,Ufiltrert,,=,510,,µg/l,439-2025-09020373,,,,1,,N,,28859.5924000004,6490236.8691
025-58890,Kvina ved Klosterøyna,VK4b,Elv,KALK,Tiltaksovervåking i kalkede laksevassdrag,Miljødirektoratet,Eurofins Environment Testing Norway (Moss),MG,Magnesium,7439-95-4,VF,Ferskvann,0,Artsuavhengig,UKJENT,NS-EN ISO 17294-2:2023,2025-01-07 00:00:00,0,0,m,Ufiltrert,,=,0.37,,mg/l,439-2025-01080272,,,,1,,N,,28859.5924000004,6490236.8691
025-58890,Kvina ved Klosterøyna,VK4b,Elv,KALK,Tiltaksovervåking i kalkede laksevassdrag,Miljødirektoratet,Eurofins Environment Testing Norway (Moss),MG,Magnesium,7439-95-4,VF,Ferskvann,0,Artsuavhengig,UKJENT,NS-EN ISO 17294-2:2023,2025-01-27 00:00:00,0,0,m,Ufiltrert,,=,0.72,,mg/l,439-2025-01280261,,,,1,,N,,28859.5924000004,6490236.8691
025-58890,Kvina ved Klosterøyna,VK4b,Elv,KALK,Tiltaksovervåking i kalkede laksevassdrag,Miljødirektoratet,Eurofins Environment Testing Norway (Moss),MG,Magnesium,7439-95-4,VF,Ferskvann,0,Artsuavhengig,UKJENT,NS-EN ISO 17294-2:2023,2025-02-24 00:00:00,0,0,m,Ufiltrert,,=,0.77,,mg/l,439-2025-02250224,,,,1,,N,,28859.5924000004,6490236.8691
025-58890,Kvina ved Klosterøyna,VK4b,Elv,KALK,Tiltaksovervåking i kalkede laksevassdrag,Miljødirektoratet,Eurofins Environment Testing Norway (Moss),MG,Magnesium,7439-95-4,VF,Ferskvann,0,Artsuavhengig,UKJENT,NS-EN ISO 17294-2:2023,2025-03-10 00:00:00,0,0,m,Ufiltrert,,=,0.63,,mg/l,439-2025-03110191,,,,1,,N,,28859.5924000004,6490236.8691
025-58890,Kvina ved Klosterøyna,VK4b,Elv,KALK,Tiltaksovervåking i kalkede laksevassdrag,Miljødirektoratet,Eurofins Environment Testing Norway (Moss),MG,Magnesium,7439-95-4,VF,Ferskvann,0,Artsuavhengig,UKJENT,NS-EN ISO 17294-2:2023,2025-03-31 00:00:00,0,0,m,Ufiltrert,,=,0.56,,mg/l,439-2025-04010197,,,,1,,N,,28859.5924000004,6490236.8691
025-58890,Kvina ved Klosterøyna,VK4b,Elv,KALK,Tiltaksovervåking i kalkede laksevassdrag,Miljødirektoratet,Eurofins Environment Testing Norway (Moss),MG,Magnesium,7439-95-4,VF,Ferskvann,0,Artsuavhengig,UKJENT,NS-EN ISO 17294-2:2023,2025-04-28 00:00:00,0,0,m,Ufiltrert,,=,0.48,,mg/l,439-2025-04290505,,,,1,,N,,28859.5924000004,6490236.8691
025-58890,Kvina ved Klosterøyna,VK4b,Elv,KALK,Tiltaksovervåking i kalkede laksevassdrag,Miljødirektoratet,Eurofins Environment Testing Norway (Moss),MG,Magnesium,7439-95-4,VF,Ferskvann,0,Artsuavhengig,UKJENT,NS-EN ISO 17294-2:2023,2025-05-28 00:00:00,0,0,m,Ufiltrert,,=,0.32,,mg/l,439-2025-05300054,,,,1,,N,,28859.5924000004,6490236.8691
025-58890,Kvina ved Klosterøyna,VK4b,Elv,KALK,Tiltaksovervåking i kalkede laksevassdrag,Miljødirektoratet,Eurofins Environment Testing Norway (Moss),MG,Magnesium,7439-95-4,VF,Ferskvann,0,Artsuavhengig,UKJENT,NS-EN ISO 17294-2:2023,2025-06-02 00:00:00,0,0,m,Ufiltrert,,=,0.53,,mg/l,439-2025-06030593,,,,1,,N,,28859.5924000004,6490236.8691
025-58890,Kvina ved Klosterøyna,VK4b,Elv,KALK,Tiltaksovervåking i kalkede laksevassdrag,Miljødirektoratet,Eurofins Environment Testing Norway (Moss),MG,Magnesium,7439-95-4,VF,Ferskvann,0,Artsuavhengig,UKJENT,NS-EN ISO 17294-2:2023,2025-06-30 00:00:00,0,0,m,Ufiltrert,,=,0.41,,mg/l,439-2025-07020063,,,,1,,N,,28859.5924000004,6490236.8691
025-58890,Kvina ved Klosterøyna,VK4b,Elv,KALK,Tiltaksovervåking i kalkede laksevassdrag,Miljødirektoratet,Eurofins Environment Testing Norway (Moss),N-TOT,Totalnitrogen,,VF,Ferskvann,0,Artsuavhengig,UKJENT,UKJENT,2025-09-01 00:00:00,0,0,m,Ufiltrert,,=,240,,µg/l N,439-2025-09020373,,,,1,,N,,28859.5924000004,6490236.8691
025-58890,Kvina ved Klosterøyna,VK4b,Elv,KALK,Tiltaksovervåking i kalkede laksevassdrag,Miljødirektoratet,Eurofins Environment Testing Norway (Moss),N-TOT,Totalnitrogen,,VF,Ferskvann,0,Artsuavhengig,UKJENT,UKJENT,2025-09-29 00:00:00,0,0,m,Ufiltrert,,=,300,,µg/l N,439-2025-09300222,,,,1,,N,,28859.5924000004,6490236.8691
025-58890,Kvina ved Klosterøyna,VK4b,Elv,KALK,Tiltaksovervåking i kalkede laksevassdrag,Miljødirektoratet,Eurofins Environment Testing Norway (Moss),N-TOT,Totalnitrogen,,VF,Ferskvann,0,Artsuavhengig,UKJENT,UKJENT,2025-10-27 00:00:00,0,0,m,Ufiltrert,,=,280,,µg/l N,439-2025-10280336,,,,1,,N,,28859.5924000004,6490236.8691
025-58890,Kvina ved Klosterøyna,VK4b,Elv,KALK,Tiltaksovervåking i kalkede laksevassdrag,Miljødirektoratet,Eurofins Environment Testing Norway (Moss),N-TOT,Totalnitrogen,,VF,Ferskvann,0,Artsuavhengig,UKJENT,UKJENT,2025-11-27 00:00:00,0,0,m,Ufiltrert,,=,390,,µg/l N,439-2025-11280199,,,,1,,N,,28859.5924000004,6490236.8691
025-58890,Kvina ved Klosterøyna,VK4b,Elv,KALK,Tiltaksovervåking i kalkede laksevassdrag,Miljødirektoratet,Eurofins Environment Testing Norway (Moss),N-TOT,Totalnitrogen,,VF,Ferskvann,0,Artsuavhengig,UKJENT,UKJENT,2025-12-01 00:00:00,0,0,m,Ufiltrert,,=,310,,µg/l N,439-2025-12020060,,,,1,,N,,28859.5924000004,6490236.8691
025-58890,Kvina ved Klosterøyna,VK4b,Elv,KALK,Tiltaksovervåking i kalkede laksevassdrag,Miljødirektoratet,Eurofins Environment Testing Norway (Moss),ILAL,Ikke-labilt aluminium,,VF,Ferskvann,0,Artsuavhengig,UKJENT,UKJENT,2025-01-07 00:00:00,0,0,m,Ufiltrert,,=,61,,µg/l Al,439-2025-01080272,,,,1,Metode: Intern metode,N,,28859.5924000004,6490236.8691
025-58890,Kvina ved Klosterøyna,VK4b,Elv,KALK,Tiltaksovervåking i kalkede laksevassdrag,Miljødirektoratet,Eurofins Environment Testing Norway (Moss),ILAL,Ikke-labilt aluminium,,VF,Ferskvann,0,Artsuavhengig,UKJENT,UKJENT,2025-01-27 00:00:00,0,0,m,Ufiltrert,,=,76,,µg/l Al,439-2025-01280261,,,,1,Metode: Intern metode,N,,28859.5924000004,6490236.8691
025-58890,Kvina ved Klosterøyna,VK4b,Elv,KALK,Tiltaksovervåking i kalkede laksevassdrag,Miljødirektoratet,Eurofins Environment Testing Norway (Moss),ILAL,Ikke-labilt aluminium,,VF,Ferskvann,0,Artsuavhengig,UKJENT,UKJENT,2025-02-24 00:00:00,0,0,m,Ufiltrert,,=,50,,µg/l Al,439-2025-02250224,,,,1,Metode: Intern metode,N,,28859.5924000004,6490236.8691
025-58890,Kvina ved Klosterøyna,VK4b,Elv,KALK,Tiltaksovervåking i kalkede laksevassdrag,Miljødirektoratet,Eurofins Environment Testing Norway (Moss),ILAL,Ikke-labilt aluminium,,VF,Ferskvann,0,Artsuavhengig,UKJENT,UKJENT,2025-03-10 00:00:00,0,0,m,Ufiltrert,,=,45,,µg/l Al,439-2025-03110191,,,,1,Metode: Intern metode,N,,28859.5924000004,6490236.8691
025-58890,Kvina ved Klosterøyna,VK4b,Elv,KALK,Tiltaksovervåking i kalkede laksevassdrag,Miljødirektoratet,Eurofins Environment Testing Norway (Moss),ILAL,Ikke-labilt aluminium,,VF,Ferskvann,0,Artsuavhengig,UKJENT,UKJENT,2025-03-31 00:00:00,0,0,m,Ufiltrert,,=,29,,µg/l Al,439-2025-04010197,,,,1,Metode: Intern metode,N,,28859.5924000004,6490236.8691
025-58890,Kvina ved Klosterøyna,VK4b,Elv,KALK,Tiltaksovervåking i kalkede laksevassdrag,Miljødirektoratet,Eurofins Environment Testing Norway (Moss),ILAL,Ikke-labilt aluminium,,VF,Ferskvann,0,Artsuavhengig,UKJENT,UKJENT,2025-04-14 00:00:00,0,0,m,Ufiltrert,,=,18,,µg/l Al,439-2025-04150034,,,,1,Metode: Intern metode,N,,28859.5924000004,6490236.8691
025-58890,Kvina ved Klosterøyna,VK4b,Elv,KALK,Tiltaksovervåking i kalkede laksevassdrag,Miljødirektoratet,Eurofins Environment Testing Norway (Moss),ILAL,Ikke-labilt aluminium,,VF,Ferskvann,0,Artsuavhengig,UKJENT,UKJENT,2025-04-22 00:00:00,0,0,m,Ufiltrert,,=,21,,µg/l Al,439-2025-04230371,,,,1,Metode: Intern metode,N,,28859.5924000004,6490236.8691
025-58890,Kvina ved Klosterøyna,VK4b,Elv,KALK,Tiltaksovervåking i kalkede laksevassdrag,Miljødirektoratet,Eurofins Environment Testing Norway (Moss),ILAL,Ikke-labilt aluminium,,VF,Ferskvann,0,Artsuavhengig,UKJENT,UKJENT,2025-04-28 00:00:00,0,0,m,Ufiltrert,,=,12,,µg/l Al,439-2025-04290505,,,,1,Metode: Intern metode,N,,28859.5924000004,6490236.8691
025-58890,Kvina ved Klosterøyna,VK4b,Elv,KALK,Tiltaksovervåking i kalkede laksevassdrag,Miljødirektoratet,Eurofins Environment Testing Norway (Moss),ILAL,Ikke-labilt aluminium,,VF,Ferskvann,0,Artsuavhengig,UKJENT,UKJENT,2025-05-05 00:00:00,0,0,m,Ufiltrert,,=,9.5,,µg/l Al,439-2025-05060165,,,,1,Metode: Intern metode,N,,28859.5924000004,6490236.8691
025-58890,Kvina ved Klosterøyna,VK4b,Elv,KALK,Tiltaksovervåking i kalkede laksevassdrag,Miljødirektoratet,Eurofins Environment Testing Norway (Moss),ILAL,Ikke-labilt aluminium,,VF,Ferskvann,0,Artsuavhengig,UKJENT,UKJENT,2025-05-12 00:00:00,0,0,m,Ufiltrert,,=,8.8,,µg/l Al,439-2025-05130381,,,,1,Metode: Intern metode,N,,28859.5924000004,6490236.8691
025-58890,Kvina ved Klosterøyna,VK4b,Elv,KALK,Tiltaksovervåking i kalkede laksevassdrag,Miljødirektoratet,Eurofins Environment Testing Norway (Moss),ILAL,Ikke-labilt aluminium,,VF,Ferskvann,0,Artsuavhengig,UKJENT,UKJENT,2025-05-19 00:00:00,0,0,m,Ufiltrert,,=,5.8,,µg/l Al,439-2025-05200173,,,,1,Metode: Intern metode,N,,28859.5924000004,6490236.8691
025-58890,Kvina ved Klosterøyna,VK4b,Elv,KALK,Tiltaksovervåking i kalkede laksevassdrag,Miljødirektoratet,Eurofins Environment Testing Norway (Moss),ILAL,Ikke-labilt aluminium,,VF,Ferskvann,0,Artsuavhengig,UKJENT,UKJENT,2025-05-27 00:00:00,0,0,m,Ufiltrert,,=,5.5,,µg/l Al,439-2025-05270199,,,,1,Metode: Intern metode,N,,28859.5924000004,6490236.8691
025-58890,Kvina ved Klosterøyna,VK4b,Elv,KALK,Tiltaksovervåking i kalkede laksevassdrag,Miljødirektoratet,Eurofins Environment Testing Norway (Moss),ILAL,Ikke-labilt aluminium,,VF,Ferskvann,0,Artsuavhengig,UKJENT,UKJENT,2025-05-28 00:00:00,0,0,m,Ufiltrert,,=,5.4,,µg/l Al,439-2025-05300054,,,,1,Metode: Intern metode,N,,28859.5924000004,6490236.8691
025-58890,Kvina ved Klosterøyna,VK4b,Elv,KALK,Tiltaksovervåking i kalkede laksevassdrag,Miljødirektoratet,Eurofins Environment Testing Norway (Moss),ILAL,Ikke-labilt aluminium,,VF,Ferskvann,0,Artsuavhengig,UKJENT,UKJENT,2025-06-02 00:00:00,0,0,m,Ufiltrert,,=,13,,µg/l Al,439-2025-06030593,,,,1,Metode: Intern metode,N,,28859.5924000004,6490236.8691
025-58890,Kvina ved Klosterøyna,VK4b,Elv,KALK,Tiltaksovervåking i kalkede laksevassdrag,Miljødirektoratet,Eurofins Environment Testing Norway (Moss),ILAL,Ikke-labilt aluminium,,VF,Ferskvann,0,Artsuavhengig,UKJENT,UKJENT,2025-06-30 00:00:00,0,0,m,Ufiltrert,,=,22,,µg/l Al,439-2025-07020063,,,,1,Metode: Intern metode,N,,28859.5924000004,6490236.8691
025-58890,Kvina ved Klosterøyna,VK4b,Elv,KALK,Tiltaksovervåking i kalkede laksevassdrag,Miljødirektoratet,Eurofins Environment Testing Norway (Moss),ILAL,Ikke-labilt aluminium,,VF,Ferskvann,0,Artsuavhengig,UKJENT,UKJENT,2025-07-22 00:00:00,0,0,m,Ufiltrert,,=,21,,µg/l Al,439-2025-07230079,,,,1,Metode: Intern metode,N,,28859.5924000004,6490236.8691
025-58890,Kvina ved Klosterøyna,VK4b,Elv,KALK,Tiltaksovervåking i kalkede laksevassdrag,Miljødirektoratet,Eurofins Environment Testing Norway (Moss),ILAL,Ikke-labilt aluminium,,VF,Ferskvann,0,Artsuavhengig,UKJENT,UKJENT,2025-07-28 00:00:00,0,0,m,Ufiltrert,,=,43,,µg/l Al,439-2025-07300157,,,,1,Metode: Intern metode,N,,28859.5924000004,6490236.8691
025-58890,Kvina ved Klosterøyna,VK4b,Elv,KALK,Tiltaksovervåking i kalkede laksevassdrag,Miljødirektoratet,Eurofins Environment Testing Norway (Moss),ILAL,Ikke-labilt aluminium,,VF,Ferskvann,0,Artsuavhengig,UKJENT,UKJENT,2025-07-05 00:00:00,0,0,m,Ufiltrert,,=,46,,µg/l Al,439-2025-08070188,,,,1,Metode: Intern metode,N,,28859.5924000004,6490236.8691
025-58890,Kvina ved Klosterøyna,VK4b,Elv,KALK,Tiltaksovervåking i kalkede laksevassdrag,Miljødirektoratet,Eurofins Environment Testing Norway (Moss),MG,Magnesium,7439-95-4,VF,Ferskvann,0,Artsuavhengig,UKJENT,NS-EN ISO 17294-2:2023,2025-07-22 00:00:00,0,0,m,Ufiltrert,,=,0.43,,mg/l,439-2025-07230079,,,,1,,N,,28859.5924000004,6490236.8691
025-58890,Kvina ved Klosterøyna,VK4b,Elv,KALK,Tiltaksovervåking i kalkede laksevassdrag,Miljødirektoratet,Eurofins Environment Testing Norway (Moss),ANC,Syrenøytraliserende kapasitet (ANC),,VF,Ferskvann,0,Artsuavhengig,UKJENT,UKJENT,2025-01-07 00:00:00,0,0,m,Ufiltrert,,=,40,,µekv/l,439-2025-01080272,,,,1,Metode: Intern metode,N,,28859.5924000004,6490236.8691
025-58890,Kvina ved Klosterøyna,VK4b,Elv,KALK,Tiltaksovervåking i kalkede laksevassdrag,Miljødirektoratet,Eurofins Environment Testing Norway (Moss),ANC,Syrenøytraliserende kapasitet (ANC),,VF,Ferskvann,0,Artsuavhengig,UKJENT,UKJENT,2025-01-27 00:00:00,0,0,m,Ufiltrert,,=,38,,µekv/l,439-2025-01280261,,,,1,Metode: Intern metode,N,,28859.5924000004,6490236.8691
025-58890,Kvina ved Klosterøyna,VK4b,Elv,KALK,Tiltaksovervåking i kalkede laksevassdrag,Miljødirektoratet,Eurofins Environment Testing Norway (Moss),ANC,Syrenøytraliserende kapasitet (ANC),,VF,Ferskvann,0,Artsuavhengig,UKJENT,UKJENT,2025-02-24 00:00:00,0,0,m,Ufiltrert,,=,61,,µekv/l,439-2025-02250224,,,,1,Metode: Intern metode,N,,28859.5924000004,6490236.8691
025-58890,Kvina ved Klosterøyna,VK4b,Elv,KALK,Tiltaksovervåking i kalkede laksevassdrag,Miljødirektoratet,Eurofins Environment Testing Norway (Moss),ANC,Syrenøytraliserende kapasitet (ANC),,VF,Ferskvann,0,Artsuavhengig,UKJENT,UKJENT,2025-03-10 00:00:00,0,0,m,Ufiltrert,,=,87,,µekv/l,439-2025-03110191,,,,1,Metode: Intern metode,N,,28859.5924000004,6490236.8691
025-58890,Kvina ved Klosterøyna,VK4b,Elv,KALK,Tiltaksovervåking i kalkede laksevassdrag,Miljødirektoratet,Eurofins Environment Testing Norway (Moss),ANC,Syrenøytraliserende kapasitet (ANC),,VF,Ferskvann,0,Artsuavhengig,UKJENT,UKJENT,2025-03-31 00:00:00,0,0,m,Ufiltrert,,=,58,,µekv/l,439-2025-04010197,,,,1,Metode: Intern metode,N,,28859.5924000004,6490236.8691
025-58890,Kvina ved Klosterøyna,VK4b,Elv,KALK,Tiltaksovervåking i kalkede laksevassdrag,Miljødirektoratet,Eurofins Environment Testing Norway (Moss),ANC,Syrenøytraliserende kapasitet (ANC),,VF,Ferskvann,0,Artsuavhengig,UKJENT,UKJENT,2025-04-28 00:00:00,0,0,m,Ufiltrert,,=,110,,µekv/l,439-2025-04290505,,,,1,Metode: Intern metode,N,,28859.5924000004,6490236.8691
025-58890,Kvina ved Klosterøyna,VK4b,Elv,KALK,Tiltaksovervåking i kalkede laksevassdrag,Miljødirektoratet,Eurofins Environment Testing Norway (Moss),ANC,Syrenøytraliserende kapasitet (ANC),,VF,Ferskvann,0,Artsuavhengig,UKJENT,UKJENT,2025-05-28 00:00:00,0,0,m,Ufiltrert,,=,170,,µekv/l,439-2025-05300054,,,,1,Metode: Intern metode,N,,28859.5924000004,6490236.8691
025-58890,Kvina ved Klosterøyna,VK4b,Elv,KALK,Tiltaksovervåking i kalkede laksevassdrag,Miljødirektoratet,Eurofins Environment Testing Norway (Moss),ANC,Syrenøytraliserende kapasitet (ANC),,VF,Ferskvann,0,Artsuavhengig,UKJENT,UKJENT,2025-06-02 00:00:00,0,0,m,Ufiltrert,,=,130,,µekv/l,439-2025-06030593,,,,1,Metode: Intern metode,N,,28859.5924000004,6490236.8691
025-58890,Kvina ved Klosterøyna,VK4b,Elv,KALK,Tiltaksovervåking i kalkede laksevassdrag,Miljødirektoratet,Eurofins Environment Testing Norway (Moss),ANC,Syrenøytraliserende kapasitet (ANC),,VF,Ferskvann,0,Artsuavhengig,UKJENT,UKJENT,2025-06-30 00:00:00,0,0,m,Ufiltrert,,=,140,,µekv/l,439-2025-07020063,,,,1,Metode: Intern metode,N,,28859.5924000004,6490236.8691
025-58890,Kvina ved Klosterøyna,VK4b,Elv,KALK,Tiltaksovervåking i kalkede laksevassdrag,Miljødirektoratet,Eurofins Environment Testing Norway (Moss),ANC,Syrenøytraliserende kapasitet (ANC),,VF,Ferskvann,0,Artsuavhengig,UKJENT,UKJENT,2025-07-22 00:00:00,0,0,m,Ufiltrert,,=,170,,µekv/l,439-2025-07230079,,,,1,Metode: Intern metode,N,,28859.5924000004,6490236.8691
025-58890,Kvina ved Klosterøyna,VK4b,Elv,KALK,Tiltaksovervåking i kalkede laksevassdrag,Miljødirektoratet,Eurofins Environment Testing Norway (Moss),ANC,Syrenøytraliserende kapasitet (ANC),,VF,Ferskvann,0,Artsuavhengig,UKJENT,UKJENT,2025-07-28 00:00:00,0,0,m,Ufiltrert,,=,140,,µekv/l,439-2025-07300157,,,,1,Metode: Intern metode,N,,28859.5924000004,6490236.8691
025-58890,Kvina ved Klosterøyna,VK4b,Elv,KALK,Tiltaksovervåking i kalkede laksevassdrag,Miljødirektoratet,Eurofins Environment Testing Norway (Moss),ANC,Syrenøytraliserende kapasitet (ANC),,VF,Ferskvann,0,Artsuavhengig,UKJENT,UKJENT,2025-07-05 00:00:00,0,0,m,Ufiltrert,,=,120,,µekv/l,439-2025-08070188,,,,1,Metode: Intern metode,N,,28859.5924000004,6490236.8691
025-58890,Kvina ved Klosterøyna,VK4b,Elv,KALK,Tiltaksovervåking i kalkede laksevassdrag,Miljødirektoratet,Eurofins Environment Testing Norway (Moss),ANC,Syrenøytraliserende kapasitet (ANC),,VF,Ferskvann,0,Artsuavhengig,UKJENT,UKJENT,2025-09-01 00:00:00,0,0,m,Ufiltrert,,=,140,,µekv/l,439-2025-09020373,,,,1,Metode: Intern metode,N,,28859.5924000004,6490236.8691
025-58890,Kvina ved Klosterøyna,VK4b,Elv,KALK,Tiltaksovervåking i kalkede laksevassdrag,Miljødirektoratet,Eurofins Environment Testing Norway (Moss),ANC,Syrenøytraliserende kapasitet (ANC),,VF,Ferskvann,0,Artsuavhengig,UKJENT,UKJENT,2025-09-29 00:00:00,0,0,m,Ufiltrert,,=,46,,µekv/l,439-2025-09300222,,,,1,Metode: Intern metode,N,,28859.5924000004,6490236.8691
025-58890,Kvina ved Klosterøyna,VK4b,Elv,KALK,Tiltaksovervåking i kalkede laksevassdrag,Miljødirektoratet,Eurofins Environment Testing Norway (Moss),ANC,Syrenøytraliserende kapasitet (ANC),,VF,Ferskvann,0,Artsuavhengig,UKJENT,UKJENT,2025-10-27 00:00:00,0,0,m,Ufiltrert,,=,42,,µekv/l,439-2025-10280336,,,,1,Metode: Intern metode,N,,28859.5924000004,6490236.8691
025-58890,Kvina ved Klosterøyna,VK4b,Elv,KALK,Tiltaksovervåking i kalkede laksevassdrag,Miljødirektoratet,Eurofins Environment Testing Norway (Moss),ANC,Syrenøytraliserende kapasitet (ANC),,VF,Ferskvann,0,Artsuavhengig,UKJENT,UKJENT,2025-11-27 00:00:00,0,0,m,Ufiltrert,,=,38,,µekv/l,439-2025-11280199,,,,1,Metode: Intern metode,N,,28859.5924000004,6490236.8691
025-58890,Kvina ved Klosterøyna,VK4b,Elv,KALK,Tiltaksovervåking i kalkede laksevassdrag,Miljødirektoratet,Eurofins Environment Testing Norway (Moss),ANC,Syrenøytraliserende kapasitet (ANC),,VF,Ferskvann,0,Artsuavhengig,UKJENT,UKJENT,2025-12-01 00:00:00,0,0,m,Ufiltrert,,=,47,,µekv/l,439-2025-12020060,,,,1,Metode: Intern metode,N,,28859.5924000004,6490236.8691
025-58890,Kvina ved Klosterøyna,VK4b,Elv,KALK,Tiltaksovervåking i kalkede laksevassdrag,Miljødirektoratet,Eurofins Environment Testing Norway (Moss),ILAL,Ikke-labilt aluminium,,VF,Ferskvann,0,Artsuavhengig,UKJENT,UKJENT,2025-09-01 00:00:00,0,0,m,Ufiltrert,,=,19,,µg/l Al,439-2025-09020373,,,,1,Metode: Intern metode,N,,28859.5924000004,6490236.8691
025-58890,Kvina ved Klosterøyna,VK4b,Elv,KALK,Tiltaksovervåking i kalkede laksevassdrag,Miljødirektoratet,Eurofins Environment Testing Norway (Moss),ILAL,Ikke-labilt aluminium,,VF,Ferskvann,0,Artsuavhengig,UKJENT,UKJENT,2025-09-29 00:00:00,0,0,m,Ufiltrert,,=,72,,µg/l Al,439-2025-09300222,,,,1,Metode: Intern metode,N,,28859.5924000004,6490236.8691
025-58890,Kvina ved Klosterøyna,VK4b,Elv,KALK,Tiltaksovervåking i kalkede laksevassdrag,Miljødirektoratet,Eurofins Environment Testing Norway (Moss),ILAL,Ikke-labilt aluminium,,VF,Ferskvann,0,Artsuavhengig,UKJENT,UKJENT,2025-10-27 00:00:00,0,0,m,Ufiltrert,,=,93,,µg/l Al,439-2025-10280336,,,,1,Metode: Intern metode,N,,28859.5924000004,6490236.8691
025-58890,Kvina ved Klosterøyna,VK4b,Elv,KALK,Tiltaksovervåking i kalkede laksevassdrag,Miljødirektoratet,Eurofins Environment Testing Norway (Moss),ILAL,Ikke-labilt aluminium,,VF,Ferskvann,0,Artsuavhengig,UKJENT,UKJENT,2025-11-27 00:00:00,0,0,m,Ufiltrert,,=,93,,µg/l Al,439-2025-11280199,,,,1,Metode: Intern metode,N,,28859.5924000004,6490236.8691
025-58890,Kvina ved Klosterøyna,VK4b,Elv,KALK,Tiltaksovervåking i kalkede laksevassdrag,Miljødirektoratet,Eurofins Environment Testing Norway (Moss),ILAL,Ikke-labilt aluminium,,VF,Ferskvann,0,Artsuavhengig,UKJENT,UKJENT,2025-12-01 00:00:00,0,0,m,Ufiltrert,,=,95,,µg/l Al,439-2025-12020060,,,,1,Metode: Intern metode,N,,28859.5924000004,6490236.8691
025-58890,Kvina ved Klosterøyna,VK4b,Elv,KALK,Tiltaksovervåking i kalkede laksevassdrag,Miljødirektoratet,Eurofins Environment Testing Norway (Moss),SI-SIO2,Reaktivt silikat,7631-86-9,VF,Ferskvann,0,Artsuavhengig,UKJENT,UKJENT,2025-02-24 00:00:00,0,0,m,Ufiltrert,,=,1700,,µg/l SiO2,439-2025-02250224,,,,1,,N,,28859.5924000004,6490236.8691
025-58890,Kvina ved Klosterøyna,VK4b,Elv,KALK,Tiltaksovervåking i kalkede laksevassdrag,Miljødirektoratet,Eurofins Environment Testing Norway (Moss),CA,Kalsium,7440-70-2,VF,Ferskvann,0,Artsuavhengig,UKJENT,NS-EN ISO 17294-2:2023,2025-04-28 00:00:00,0,0,m,Ufiltrert,,=,2.6,,mg/l,439-2025-04290505,,,,1,,N,,28859.5924000004,6490236.8691
025-58890,Kvina ved Klosterøyna,VK4b,Elv,KALK,Tiltaksovervåking i kalkede laksevassdrag,Miljødirektoratet,Eurofins Environment Testing Norway (Moss),SI-SIO2,Reaktivt silikat,7631-86-9,VF,Ferskvann,0,Artsuavhengig,UKJENT,UKJENT,2025-03-10 00:00:00,0,0,m,Ufiltrert,,=,1600,,µg/l SiO2,439-2025-03110191,,,,1,,N,,28859.5924000004,6490236.8691
025-58890,Kvina ved Klosterøyna,VK4b,Elv,KALK,Tiltaksovervåking i kalkede laksevassdrag,Miljødirektoratet,Eurofins Environment Testing Norway (Moss),SI-SIO2,Reaktivt silikat,7631-86-9,VF,Ferskvann,0,Artsuavhengig,UKJENT,UKJENT,2025-03-31 00:00:00,0,0,m,Ufiltrert,,=,1600,,µg/l SiO2,439-2025-04010197,,,,1,,N,,28859.5924000004,6490236.8691
025-58890,Kvina ved Klosterøyna,VK4b,Elv,KALK,Tiltaksovervåking i kalkede laksevassdrag,Miljødirektoratet,Eurofins Environment Testing Norway (Moss),SI-SIO2,Reaktivt silikat,7631-86-9,VF,Ferskvann,0,Artsuavhengig,UKJENT,UKJENT,2025-04-28 00:00:00,0,0,m,Ufiltrert,,=,600,,µg/l SiO2,439-2025-04290505,,,,1,,N,,28859.5924000004,6490236.8691
025-58890,Kvina ved Klosterøyna,VK4b,Elv,KALK,Tiltaksovervåking i kalkede laksevassdrag,Miljødirektoratet,Eurofins Environment Testing Norway (Moss),SI-SIO2,Reaktivt silikat,7631-86-9,VF,Ferskvann,0,Artsuavhengig,UKJENT,UKJENT,2025-05-28 00:00:00,0,0,m,Ufiltrert,,=,450,,µg/l SiO2,439-2025-05300054,,,,1,,N,,28859.5924000004,6490236.8691
025-58890,Kvina ved Klosterøyna,VK4b,Elv,KALK,Tiltaksovervåking i kalkede laksevassdrag,Miljødirektoratet,Eurofins Environment Testing Norway (Moss),SI-SIO2,Reaktivt silikat,7631-86-9,VF,Ferskvann,0,Artsuavhengig,UKJENT,UKJENT,2025-06-02 00:00:00,0,0,m,Ufiltrert,,=,620,,µg/l SiO2,439-2025-06030593,,,,1,,N,,28859.5924000004,6490236.8691
025-58890,Kvina ved Klosterøyna,VK4b,Elv,KALK,Tiltaksovervåking i kalkede laksevassdrag,Miljødirektoratet,Eurofins Environment Testing Norway (Moss),SI-SIO2,Reaktivt silikat,7631-86-9,VF,Ferskvann,0,Artsuavhengig,UKJENT,UKJENT,2025-06-30 00:00:00,0,0,m,Ufiltrert,,=,620,,µg/l SiO2,439-2025-07020063,,,,1,,N,,28859.5924000004,6490236.8691
025-58890,Kvina ved Klosterøyna,VK4b,Elv,KALK,Tiltaksovervåking i kalkede laksevassdrag,Miljødirektoratet,Eurofins Environment Testing Norway (Moss),SI-SIO2,Reaktivt silikat,7631-86-9,VF,Ferskvann,0,Artsuavhengig,UKJENT,UKJENT,2025-07-22 00:00:00,0,0,m,Ufiltrert,,=,660,,µg/l SiO2,439-2025-07230079,,,,1,,N,,28859.5924000004,6490236.8691
025-58890,Kvina ved Klosterøyna,VK4b,Elv,KALK,Tiltaksovervåking i kalkede laksevassdrag,Miljødirektoratet,Eurofins Environment Testing Norway (Moss),SI-SIO2,Reaktivt silikat,7631-86-9,VF,Ferskvann,0,Artsuavhengig,UKJENT,UKJENT,2025-07-28 00:00:00,0,0,m,Ufiltrert,,=,1100,,µg/l SiO2,439-2025-07300157,,,,1,,N,,28859.5924000004,6490236.8691
025-58890,Kvina ved Klosterøyna,VK4b,Elv,KALK,Tiltaksovervåking i kalkede laksevassdrag,Miljødirektoratet,Eurofins Environment Testing Norway (Moss),SI-SIO2,Reaktivt silikat,7631-86-9,VF,Ferskvann,0,Artsuavhengig,UKJENT,UKJENT,2025-07-05 00:00:00,0,0,m,Ufiltrert,,=,2000,,µg/l SiO2,439-2025-08070188,,,,1,,N,,28859.5924000004,6490236.8691
025-58890,Kvina ved Klosterøyna,VK4b,Elv,KALK,Tiltaksovervåking i kalkede laksevassdrag,Miljødirektoratet,Eurofins Environment Testing Norway (Moss),SI-SIO2,Reaktivt silikat,7631-86-9,VF,Ferskvann,0,Artsuavhengig,UKJENT,UKJENT,2025-09-01 00:00:00,0,0,m,Ufiltrert,,=,1100,,µg/l SiO2,439-2025-09020373,,,,1,,N,,28859.5924000004,6490236.8691
025-58890,Kvina ved Klosterøyna,VK4b,Elv,KALK,Tiltaksovervåking i kalkede laksevassdrag,Miljødirektoratet,Eurofins Environment Testing Norway (Moss),SI-SIO2,Reaktivt silikat,7631-86-9,VF,Ferskvann,0,Artsuavhengig,UKJENT,UKJENT,2025-09-29 00:00:00,0,0,m,Ufiltrert,,=,1600,,µg/l SiO2,439-2025-09300222,,,,1,,N,,28859.5924000004,6490236.8691
025-58890,Kvina ved Klosterøyna,VK4b,Elv,KALK,Tiltaksovervåking i kalkede laksevassdrag,Miljødirektoratet,Eurofins Environment Testing Norway (Moss),SI-SIO2,Reaktivt silikat,7631-86-9,VF,Ferskvann,0,Artsuavhengig,UKJENT,UKJENT,2025-10-27 00:00:00,0,0,m,Ufiltrert,,=,2000,,µg/l SiO2,439-2025-10280336,,,,1,,N,,28859.5924000004,6490236.8691
025-58890,Kvina ved Klosterøyna,VK4b,Elv,KALK,Tiltaksovervåking i kalkede laksevassdrag,Miljødirektoratet,Eurofins Environment Testing Norway (Moss),SI-SIO2,Reaktivt silikat,7631-86-9,VF,Ferskvann,0,Artsuavhengig,UKJENT,UKJENT,2025-11-27 00:00:00,0,0,m,Ufiltrert,,=,2400,,µg/l SiO2,439-2025-11280199,,,,1,,N,,28859.5924000004,6490236.8691
025-58890,Kvina ved Klosterøyna,VK4b,Elv,KALK,Tiltaksovervåking i kalkede laksevassdrag,Miljødirektoratet,Eurofins Environment Testing Norway (Moss),SI-SIO2,Reaktivt silikat,7631-86-9,VF,Ferskvann,0,Artsuavhengig,UKJENT,UKJENT,2025-12-01 00:00:00,0,0,m,Ufiltrert,,=,2000,,µg/l SiO2,439-2025-12020060,,,,1,,N,,28859.5924000004,6490236.8691
025-58890,Kvina ved Klosterøyna,VK4b,Elv,KALK,Tiltaksovervåking i kalkede laksevassdrag,Miljødirektoratet,Eurofins Environment Testing Norway (Moss),CA,Kalsium,7440-70-2,VF,Ferskvann,0,Artsuavhengig,UKJENT,NS-EN ISO 17294-2:2023,2025-05-05 00:00:00,0,0,m,Ufiltrert,,=,2.6,,mg/l,439-2025-05060165,,,,1,,N,,28859.5924000004,6490236.8691
025-58890,Kvina ved Klosterøyna,VK4b,Elv,KALK,Tiltaksovervåking i kalkede laksevassdrag,Miljødirektoratet,Eurofins Environment Testing Norway (Moss),CA,Kalsium,7440-70-2,VF,Ferskvann,0,Artsuavhengig,UKJENT,NS-EN ISO 17294-2:2023,2025-05-12 00:00:00,0,0,m,Ufiltrert,,=,2.7,,mg/l,439-2025-05130381,,,,1,,N,,28859.5924000004,6490236.8691
025-58890,Kvina ved Klosterøyna,VK4b,Elv,KALK,Tiltaksovervåking i kalkede laksevassdrag,Miljødirektoratet,Eurofins Environment Testing Norway (Moss),CA,Kalsium,7440-70-2,VF,Ferskvann,0,Artsuavhengig,UKJENT,NS-EN ISO 17294-2:2023,2025-05-19 00:00:00,0,0,m,Ufiltrert,,=,3.1,,mg/l,439-2025-05200173,,,,1,,N,,28859.5924000004,6490236.8691
025-58890,Kvina ved Klosterøyna,VK4b,Elv,KALK,Tiltaksovervåking i kalkede laksevassdrag,Miljødirektoratet,Eurofins Environment Testing Norway (Moss),CA,Kalsium,7440-70-2,VF,Ferskvann,0,Artsuavhengig,UKJENT,NS-EN ISO 17294-2:2023,2025-05-27 00:00:00,0,0,m,Ufiltrert,,=,3.2,,mg/l,439-2025-05270199,,,,1,,N,,28859.5924000004,6490236.8691
025-58890,Kvina ved Klosterøyna,VK4b,Elv,KALK,Tiltaksovervåking i kalkede laksevassdrag,Miljødirektoratet,Eurofins Environment Testing Norway (Moss),CA,Kalsium,7440-70-2,VF,Ferskvann,0,Artsuavhengig,UKJENT,NS-EN ISO 17294-2:2023,2025-05-28 00:00:00,0,0,m,Ufiltrert,,=,3.4,,mg/l,439-2025-05300054,,,,1,,N,,28859.5924000004,6490236.8691
025-58890,Kvina ved Klosterøyna,VK4b,Elv,KALK,Tiltaksovervåking i kalkede laksevassdrag,Miljødirektoratet,Eurofins Environment Testing Norway (Moss),CA,Kalsium,7440-70-2,VF,Ferskvann,0,Artsuavhengig,UKJENT,NS-EN ISO 17294-2:2023,2025-06-02 00:00:00,0,0,m,Ufiltrert,,=,3,,mg/l,439-2025-06030593,,,,1,,N,,28859.5924000004,6490236.8691
025-58890,Kvina ved Klosterøyna,VK4b,Elv,KALK,Tiltaksovervåking i kalkede laksevassdrag,Miljødirektoratet,Eurofins Environment Testing Norway (Moss),CA,Kalsium,7440-70-2,VF,Ferskvann,0,Artsuavhengig,UKJENT,NS-EN ISO 17294-2:2023,2025-06-30 00:00:00,0,0,m,Ufiltrert,,=,3,,mg/l,439-2025-07020063,,,,1,,N,,28859.5924000004,6490236.8691
025-58890,Kvina ved Klosterøyna,VK4b,Elv,KALK,Tiltaksovervåking i kalkede laksevassdrag,Miljødirektoratet,Eurofins Environment Testing Norway (Moss),CA,Kalsium,7440-70-2,VF,Ferskvann,0,Artsuavhengig,UKJENT,NS-EN ISO 17294-2:2023,2025-07-22 00:00:00,0,0,m,Ufiltrert,,=,3.4,,mg/l,439-2025-07230079,,,,1,,N,,28859.5924000004,6490236.8691
025-58890,Kvina ved Klosterøyna,VK4b,Elv,KALK,Tiltaksovervåking i kalkede laksevassdrag,Miljødirektoratet,Eurofins Environment Testing Norway (Moss),CA,Kalsium,7440-70-2,VF,Ferskvann,0,Artsuavhengig,UKJENT,NS-EN ISO 17294-2:2023,2025-07-28 00:00:00,0,0,m,Ufiltrert,,=,3,,mg/l,439-2025-07300157,,,,1,,N,,28859.5924000004,6490236.8691
025-58890,Kvina ved Klosterøyna,VK4b,Elv,KALK,Tiltaksovervåking i kalkede laksevassdrag,Miljødirektoratet,Eurofins Environment Testing Norway (Moss),CA,Kalsium,7440-70-2,VF,Ferskvann,0,Artsuavhengig,UKJENT,NS-EN ISO 17294-2:2023,2025-07-05 00:00:00,0,0,m,Ufiltrert,,=,3,,mg/l,439-2025-08070188,,,,1,,N,,28859.5924000004,6490236.8691
025-58890,Kvina ved Klosterøyna,VK4b,Elv,KALK,Tiltaksovervåking i kalkede laksevassdrag,Miljødirektoratet,Eurofins Environment Testing Norway (Moss),CA,Kalsium,7440-70-2,VF,Ferskvann,0,Artsuavhengig,UKJENT,NS-EN ISO 17294-2:2023,2025-09-01 00:00:00,0,0,m,Ufiltrert,,=,3,,mg/l,439-2025-09020373,,,,1,,N,,28859.5924000004,6490236.8691
025-58890,Kvina ved Klosterøyna,VK4b,Elv,KALK,Tiltaksovervåking i kalkede laksevassdrag,Miljødirektoratet,Eurofins Environment Testing Norway (Moss),CA,Kalsium,7440-70-2,VF,Ferskvann,0,Artsuavhengig,UKJENT,NS-EN ISO 17294-2:2023,2025-09-29 00:00:00,0,0,m,Ufiltrert,,=,1.6,,mg/l,439-2025-09300222,,,,1,,N,,28859.5924000004,6490236.8691
025-58890,Kvina ved Klosterøyna,VK4b,Elv,KALK,Tiltaksovervåking i kalkede laksevassdrag,Miljødirektoratet,Eurofins Environment Testing Norway (Moss),CA,Kalsium,7440-70-2,VF,Ferskvann,0,Artsuavhengig,UKJENT,NS-EN ISO 17294-2:2023,2025-10-27 00:00:00,0,0,m,Ufiltrert,,=,1.3,,mg/l,439-2025-10280336,,,,1,,N,,28859.5924000004,6490236.8691
025-58890,Kvina ved Klosterøyna,VK4b,Elv,KALK,Tiltaksovervåking i kalkede laksevassdrag,Miljødirektoratet,Eurofins Environment Testing Norway (Moss),CA,Kalsium,7440-70-2,VF,Ferskvann,0,Artsuavhengig,UKJENT,NS-EN ISO 17294-2:2023,2025-11-27 00:00:00,0,0,m,Ufiltrert,,=,1.4,,mg/l,439-2025-11280199,,,,1,,N,,28859.5924000004,6490236.8691
025-58890,Kvina ved Klosterøyna,VK4b,Elv,KALK,Tiltaksovervåking i kalkede laksevassdrag,Miljødirektoratet,Eurofins Environment Testing Norway (Moss),CA,Kalsium,7440-70-2,VF,Ferskvann,0,Artsuavhengig,UKJENT,NS-EN ISO 17294-2:2023,2025-12-01 00:00:00,0,0,m,Ufiltrert,,=,1.5,,mg/l,439-2025-12020060,,,,1,,N,,28859.5924000004,6490236.8691
025-58890,Kvina ved Klosterøyna,VK4b,Elv,KALK,Tiltaksovervåking i kalkede laksevassdrag,Miljødirektoratet,Eurofins Environment Testing Norway (Moss),SI,Silisium,7440-21-3,VF,Ferskvann,0,Artsuavhengig,UKJENT,UKJENT,2025-09-29 00:00:00,0,0,m,Ufiltrert,,=,770,,µg/l,439-2025-09300222,,,,1,,N,,28859.5924000004,6490236.8691
025-58890,Kvina ved Klosterøyna,VK4b,Elv,KALK,Tiltaksovervåking i kalkede laksevassdrag,Miljødirektoratet,Eurofins Environment Testing Norway (Moss),N-NO3,Nitrat,14797-55-8,VF,Ferskvann,0,Artsuavhengig,UKJENT,UKJENT,2025-01-07 00:00:00,0,0,m,Filtrert,,=,180,,µg/l N,439-2025-01080272,,,,1,,N,,28859.5924000004,6490236.8691
025-58890,Kvina ved Klosterøyna,VK4b,Elv,KALK,Tiltaksovervåking i kalkede laksevassdrag,Miljødirektoratet,Eurofins Environment Testing Norway (Moss),N-NO3,Nitrat,14797-55-8,VF,Ferskvann,0,Artsuavhengig,UKJENT,UKJENT,2025-01-27 00:00:00,0,0,m,Filtrert,,=,140,,µg/l N,439-2025-01280261,,,,1,,N,,28859.5924000004,6490236.8691
025-58890,Kvina ved Klosterøyna,VK4b,Elv,KALK,Tiltaksovervåking i kalkede laksevassdrag,Miljødirektoratet,Eurofins Environment Testing Norway (Moss),N-NO3,Nitrat,14797-55-8,VF,Ferskvann,0,Artsuavhengig,UKJENT,UKJENT,2025-02-24 00:00:00,0,0,m,Filtrert,,=,180,,µg/l N,439-2025-02250224,,,,1,,N,,28859.5924000004,6490236.8691
025-58890,Kvina ved Klosterøyna,VK4b,Elv,KALK,Tiltaksovervåking i kalkede laksevassdrag,Miljødirektoratet,Eurofins Environment Testing Norway (Moss),N-NO3,Nitrat,14797-55-8,VF,Ferskvann,0,Artsuavhengig,UKJENT,UKJENT,2025-03-10 00:00:00,0,0,m,Filtrert,,=,130,,µg/l N,439-2025-03110191,,,,1,,N,,28859.5924000004,6490236.8691
025-58890,Kvina ved Klosterøyna,VK4b,Elv,KALK,Tiltaksovervåking i kalkede laksevassdrag,Miljødirektoratet,Eurofins Environment Testing Norway (Moss),N-NO3,Nitrat,14797-55-8,VF,Ferskvann,0,Artsuavhengig,UKJENT,UKJENT,2025-03-31 00:00:00,0,0,m,Filtrert,,=,110,,µg/l N,439-2025-04010197,,,,1,,N,,28859.5924000004,6490236.8691
025-58890,Kvina ved Klosterøyna,VK4b,Elv,KALK,Tiltaksovervåking i kalkede laksevassdrag,Miljødirektoratet,Eurofins Environment Testing Norway (Moss),N-NO3,Nitrat,14797-55-8,VF,Ferskvann,0,Artsuavhengig,UKJENT,UKJENT,2025-04-28 00:00:00,0,0,m,Filtrert,,=,73,,µg/l N,439-2025-04290505,,,,1,,N,,28859.5924000004,6490236.8691
025-58890,Kvina ved Klosterøyna,VK4b,Elv,KALK,Tiltaksovervåking i kalkede laksevassdrag,Miljødirektoratet,Eurofins Environment Testing Norway (Moss),N-NO3,Nitrat,14797-55-8,VF,Ferskvann,0,Artsuavhengig,UKJENT,UKJENT,2025-05-28 00:00:00,0,0,m,Filtrert,,=,41,,µg/l N,439-2025-05300054,,,,1,,N,,28859.5924000004,6490236.8691
025-58890,Kvina ved Klosterøyna,VK4b,Elv,KALK,Tiltaksovervåking i kalkede laksevassdrag,Miljødirektoratet,Eurofins Environment Testing Norway (Moss),N-NO3,Nitrat,14797-55-8,VF,Ferskvann,0,Artsuavhengig,UKJENT,UKJENT,2025-06-02 00:00:00,0,0,m,Filtrert,,=,28,,µg/l N,439-2025-06030593,,,,1,,N,,28859.5924000004,6490236.8691
025-58890,Kvina ved Klosterøyna,VK4b,Elv,KALK,Tiltaksovervåking i kalkede laksevassdrag,Miljødirektoratet,Eurofins Environment Testing Norway (Moss),N-NO3,Nitrat,14797-55-8,VF,Ferskvann,0,Artsuavhengig,UKJENT,UKJENT,2025-06-30 00:00:00,0,0,m,Filtrert,,=,48,,µg/l N,439-2025-07020063,,,,1,,N,,28859.5924000004,6490236.8691
025-58890,Kvina ved Klosterøyna,VK4b,Elv,KALK,Tiltaksovervåking i kalkede laksevassdrag,Miljødirektoratet,Eurofins Environment Testing Norway (Moss),N-NO3,Nitrat,14797-55-8,VF,Ferskvann,0,Artsuavhengig,UKJENT,UKJENT,2025-07-22 00:00:00,0,0,m,Filtrert,,=,58,,µg/l N,439-2025-07230079,,,,1,,N,,28859.5924000004,6490236.8691
025-58890,Kvina ved Klosterøyna,VK4b,Elv,KALK,Tiltaksovervåking i kalkede laksevassdrag,Miljødirektoratet,Eurofins Environment Testing Norway (Moss),N-NO3,Nitrat,14797-55-8,VF,Ferskvann,0,Artsuavhengig,UKJENT,UKJENT,2025-07-28 00:00:00,0,0,m,Filtrert,,=,54,,µg/l N,439-2025-07300157,,,,1,,N,,28859.5924000004,6490236.8691
025-58890,Kvina ved Klosterøyna,VK4b,Elv,KALK,Tiltaksovervåking i kalkede laksevassdrag,Miljødirektoratet,Eurofins Environment Testing Norway (Moss),N-NO3,Nitrat,14797-55-8,VF,Ferskvann,0,Artsuavhengig,UKJENT,UKJENT,2025-07-05 00:00:00,0,0,m,Filtrert,,=,130,,µg/l N,439-2025-08070188,,,,1,,N,,28859.5924000004,6490236.8691
025-58890,Kvina ved Klosterøyna,VK4b,Elv,KALK,Tiltaksovervåking i kalkede laksevassdrag,Miljødirektoratet,Eurofins Environment Testing Norway (Moss),N-NO3,Nitrat,14797-55-8,VF,Ferskvann,0,Artsuavhengig,UKJENT,UKJENT,2025-09-01 00:00:00,0,0,m,Filtrert,,=,99,,µg/l N,439-2025-09020373,,,,1,,N,,28859.5924000004,6490236.8691
025-58890,Kvina ved Klosterøyna,VK4b,Elv,KALK,Tiltaksovervåking i kalkede laksevassdrag,Miljødirektoratet,Eurofins Environment Testing Norway (Moss),N-NO3,Nitrat,14797-55-8,VF,Ferskvann,0,Artsuavhengig,UKJENT,UKJENT,2025-09-29 00:00:00,0,0,m,Filtrert,,=,120,,µg/l N,439-2025-09300222,,,,1,,N,,28859.5924000004,6490236.8691
025-58890,Kvina ved Klosterøyna,VK4b,Elv,KALK,Tiltaksovervåking i kalkede laksevassdrag,Miljødirektoratet,Eurofins Environment Testing Norway (Moss),N-NO3,Nitrat,14797-55-8,VF,Ferskvann,0,Artsuavhengig,UKJENT,UKJENT,2025-10-27 00:00:00,0,0,m,Filtrert,,=,92,,µg/l N,439-2025-10280336,,,,1,,N,,28859.5924000004,6490236.8691
025-58890,Kvina ved Klosterøyna,VK4b,Elv,KALK,Tiltaksovervåking i kalkede laksevassdrag,Miljødirektoratet,Eurofins Environment Testing Norway (Moss),N-NO3,Nitrat,14797-55-8,VF,Ferskvann,0,Artsuavhengig,UKJENT,UKJENT,2025-11-27 00:00:00,0,0,m,Filtrert,,=,180,,µg/l N,439-2025-11280199,,,,1,,N,,28859.5924000004,6490236.8691
025-58890,Kvina ved Klosterøyna,VK4b,Elv,KALK,Tiltaksovervåking i kalkede laksevassdrag,Miljødirektoratet,Eurofins Environment Testing Norway (Moss),N-NO3,Nitrat,14797-55-8,VF,Ferskvann,0,Artsuavhengig,UKJENT,UKJENT,2025-12-01 00:00:00,0,0,m,Filtrert,,=,110,,µg/l N,439-2025-12020060,,,,1,,N,,28859.5924000004,6490236.8691
025-58890,Kvina ved Klosterøyna,VK4b,Elv,KALK,Tiltaksovervåking i kalkede laksevassdrag,Miljødirektoratet,Eurofins Environment Testing Norway (Moss),PH,pH,,VF,Ferskvann,0,Artsuavhengig,UKJENT,NS-EN ISO 10523:2012,2025-07-28 00:00:00,0,0,m,Ufiltrert,,=,6.8,,<ubenevnt>,439-2025-07300157,,,,1,,N,,28859.5924000004,6490236.8691
025-58890,Kvina ved Klosterøyna,VK4b,Elv,KALK,Tiltaksovervåking i kalkede laksevassdrag,Miljødirektoratet,Eurofins Environment Testing Norway (Moss),PH,pH,,VF,Ferskvann,0,Artsuavhengig,UKJENT,NS-EN ISO 10523:2012,2025-07-05 00:00:00,0,0,m,Ufiltrert,,=,6.5,,<ubenevnt>,439-2025-08070188,,,,1,,N,,28859.5924000004,6490236.8691
025-58890,Kvina ved Klosterøyna,VK4b,Elv,KALK,Tiltaksovervåking i kalkede laksevassdrag,Miljødirektoratet,Eurofins Environment Testing Norway (Moss),PH,pH,,VF,Ferskvann,0,Artsuavhengig,UKJENT,NS-EN ISO 10523:2012,2025-09-01 00:00:00,0,0,m,Ufiltrert,,=,6.9,,<ubenevnt>,439-2025-09020373,,,,1,,N,,28859.5924000004,6490236.8691
025-58890,Kvina ved Klosterøyna,VK4b,Elv,KALK,Tiltaksovervåking i kalkede laksevassdrag,Miljødirektoratet,Eurofins Environment Testing Norway (Moss),PH,pH,,VF,Ferskvann,0,Artsuavhengig,UKJENT,NS-EN ISO 10523:2012,2025-09-29 00:00:00,0,0,m,Ufiltrert,,=,6.3,,<ubenevnt>,439-2025-09300222,,,,1,,N,,28859.5924000004,6490236.8691
025-58890,Kvina ved Klosterøyna,VK4b,Elv,KALK,Tiltaksovervåking i kalkede laksevassdrag,Miljødirektoratet,Eurofins Environment Testing Norway (Moss),PH,pH,,VF,Ferskvann,0,Artsuavhengig,UKJENT,NS-EN ISO 10523:2012,2025-10-27 00:00:00,0,0,m,Ufiltrert,,=,6,,<ubenevnt>,439-2025-10280336,,,,1,,N,,28859.5924000004,6490236.8691
025-58890,Kvina ved Klosterøyna,VK4b,Elv,KALK,Tiltaksovervåking i kalkede laksevassdrag,Miljødirektoratet,Eurofins Environment Testing Norway (Moss),PH,pH,,VF,Ferskvann,0,Artsuavhengig,UKJENT,NS-EN ISO 10523:2012,2025-11-27 00:00:00,0,0,m,Ufiltrert,,=,6,,<ubenevnt>,439-2025-11280199,,,,1,,N,,28859.5924000004,6490236.8691
025-58890,Kvina ved Klosterøyna,VK4b,Elv,KALK,Tiltaksovervåking i kalkede laksevassdrag,Miljødirektoratet,Eurofins Environment Testing Norway (Moss),PH,pH,,VF,Ferskvann,0,Artsuavhengig,UKJENT,NS-EN ISO 10523:2012,2025-12-01 00:00:00,0,0,m,Ufiltrert,,=,6.2,,<ubenevnt>,439-2025-12020060,,,,1,,N,,28859.5924000004,6490236.8691
025-58890,Kvina ved Klosterøyna,VK4b,Elv,KALK,Tiltaksovervåking i kalkede laksevassdrag,Miljødirektoratet,Eurofins Environment Testing Norway (Moss),,Natrium,7440-23-5,VF,Ferskvann,0,Artsuavhengig,UKJENT,NS-EN ISO 17294-2:2023,2025-01-07 00:00:00,0,0,m,Ufiltrert,,=,2.6,,mg/l,439-2025-01080272,,,,1,,N,,28859.5924000004,6490236.8691
025-58890,Kvina ved Klosterøyna,VK4b,Elv,KALK,Tiltaksovervåking i kalkede laksevassdrag,Miljødirektoratet,Eurofins Environment Testing Norway (Moss),,Natrium,7440-23-5,VF,Ferskvann,0,Artsuavhengig,UKJENT,NS-EN ISO 17294-2:2023,2025-01-27 00:00:00,0,0,m,Ufiltrert,,=,4.7,,mg/l,439-2025-01280261,,,,1,,N,,28859.5924000004,6490236.8691
025-58890,Kvina ved Klosterøyna,VK4b,Elv,KALK,Tiltaksovervåking i kalkede laksevassdrag,Miljødirektoratet,Eurofins Environment Testing Norway (Moss),,Natrium,7440-23-5,VF,Ferskvann,0,Artsuavhengig,UKJENT,NS-EN ISO 17294-2:2023,2025-02-24 00:00:00,0,0,m,Ufiltrert,,=,4.7,,mg/l,439-2025-02250224,,,,1,,N,,28859.5924000004,6490236.8691
025-58890,Kvina ved Klosterøyna,VK4b,Elv,KALK,Tiltaksovervåking i kalkede laksevassdrag,Miljødirektoratet,Eurofins Environment Testing Norway (Moss),,Natrium,7440-23-5,VF,Ferskvann,0,Artsuavhengig,UKJENT,NS-EN ISO 17294-2:2023,2025-03-10 00:00:00,0,0,m,Ufiltrert,,=,4.3,,mg/l,439-2025-03110191,,,,1,,N,,28859.5924000004,6490236.8691
025-58890,Kvina ved Klosterøyna,VK4b,Elv,KALK,Tiltaksovervåking i kalkede laksevassdrag,Miljødirektoratet,Eurofins Environment Testing Norway (Moss),,Natrium,7440-23-5,VF,Ferskvann,0,Artsuavhengig,UKJENT,NS-EN ISO 17294-2:2023,2025-03-31 00:00:00,0,0,m,Ufiltrert,,=,3.8,,mg/l,439-2025-04010197,,,,1,,N,,28859.5924000004,6490236.8691
025-58890,Kvina ved Klosterøyna,VK4b,Elv,KALK,Tiltaksovervåking i kalkede laksevassdrag,Miljødirektoratet,Eurofins Environment Testing Norway (Moss),,Natrium,7440-23-5,VF,Ferskvann,0,Artsuavhengig,UKJENT,NS-EN ISO 17294-2:2023,2025-04-28 00:00:00,0,0,m,Ufiltrert,,=,3.2,,mg/l,439-2025-04290505,,,,1,,N,,28859.5924000004,6490236.8691
025-58890,Kvina ved Klosterøyna,VK4b,Elv,KALK,Tiltaksovervåking i kalkede laksevassdrag,Miljødirektoratet,Eurofins Environment Testing Norway (Moss),,Natrium,7440-23-5,VF,Ferskvann,0,Artsuavhengig,UKJENT,NS-EN ISO 17294-2:2023,2025-05-28 00:00:00,0,0,m,Ufiltrert,,=,2.1,,mg/l,439-2025-05300054,,,,1,,N,,28859.5924000004,6490236.8691
025-58890,Kvina ved Klosterøyna,VK4b,Elv,KALK,Tiltaksovervåking i kalkede laksevassdrag,Miljødirektoratet,Eurofins Environment Testing Norway (Moss),,Natrium,7440-23-5,VF,Ferskvann,0,Artsuavhengig,UKJENT,NS-EN ISO 17294-2:2023,2025-06-02 00:00:00,0,0,m,Ufiltrert,,=,3.6,,mg/l,439-2025-06030593,,,,1,,N,,28859.5924000004,6490236.8691
025-58890,Kvina ved Klosterøyna,VK4b,Elv,KALK,Tiltaksovervåking i kalkede laksevassdrag,Miljødirektoratet,Eurofins Environment Testing Norway (Moss),,Natrium,7440-23-5,VF,Ferskvann,0,Artsuavhengig,UKJENT,NS-EN ISO 17294-2:2023,2025-06-30 00:00:00,0,0,m,Ufiltrert,,=,2.9,,mg/l,439-2025-07020063,,,,1,,N,,28859.5924000004,6490236.8691
025-58890,Kvina ved Klosterøyna,VK4b,Elv,KALK,Tiltaksovervåking i kalkede laksevassdrag,Miljødirektoratet,Eurofins Environment Testing Norway (Moss),,Natrium,7440-23-5,VF,Ferskvann,0,Artsuavhengig,UKJENT,NS-EN ISO 17294-2:2023,2025-07-22 00:00:00,0,0,m,Ufiltrert,,=,2.8,,mg/l,439-2025-07230079,,,,1,,N,,28859.5924000004,6490236.8691
025-58890,Kvina ved Klosterøyna,VK4b,Elv,KALK,Tiltaksovervåking i kalkede laksevassdrag,Miljødirektoratet,Eurofins Environment Testing Norway (Moss),,Natrium,7440-23-5,VF,Ferskvann,0,Artsuavhengig,UKJENT,NS-EN ISO 17294-2:2023,2025-07-28 00:00:00,0,0,m,Ufiltrert,,=,3,,mg/l,439-2025-07300157,,,,1,,N,,28859.5924000004,6490236.8691
025-58890,Kvina ved Klosterøyna,VK4b,Elv,KALK,Tiltaksovervåking i kalkede laksevassdrag,Miljødirektoratet,Eurofins Environment Testing Norway (Moss),,Natrium,7440-23-5,VF,Ferskvann,0,Artsuavhengig,UKJENT,NS-EN ISO 17294-2:2023,2025-07-05 00:00:00,0,0,m,Ufiltrert,,=,4,,mg/l,439-2025-08070188,,,,1,,N,,28859.5924000004,6490236.8691
025-58890,Kvina ved Klosterøyna,VK4b,Elv,KALK,Tiltaksovervåking i kalkede laksevassdrag,Miljødirektoratet,Eurofins Environment Testing Norway (Moss),,Natrium,7440-23-5,VF,Ferskvann,0,Artsuavhengig,UKJENT,NS-EN ISO 17294-2:2023,2025-09-01 00:00:00,0,0,m,Ufiltrert,,=,2.7,,mg/l,439-2025-09020373,,,,1,,N,,28859.5924000004,6490236.8691
025-58890,Kvina ved Klosterøyna,VK4b,Elv,KALK,Tiltaksovervåking i kalkede laksevassdrag,Miljødirektoratet,Eurofins Environment Testing Norway (Moss),,Natrium,7440-23-5,VF,Ferskvann,0,Artsuavhengig,UKJENT,NS-EN ISO 17294-2:2023,2025-09-29 00:00:00,0,0,m,Ufiltrert,,=,2.9,,mg/l,439-2025-09300222,,,,1,,N,,28859.5924000004,6490236.8691
025-58890,Kvina ved Klosterøyna,VK4b,Elv,KALK,Tiltaksovervåking i kalkede laksevassdrag,Miljødirektoratet,Eurofins Environment Testing Norway (Moss),,Natrium,7440-23-5,VF,Ferskvann,0,Artsuavhengig,UKJENT,NS-EN ISO 17294-2:2023,2025-10-27 00:00:00,0,0,m,Ufiltrert,,=,2.9,,mg/l,439-2025-10280336,,,,1,,N,,28859.5924000004,6490236.8691
025-58890,Kvina ved Klosterøyna,VK4b,Elv,KALK,Tiltaksovervåking i kalkede laksevassdrag,Miljødirektoratet,Eurofins Environment Testing Norway (Moss),,Natrium,7440-23-5,VF,Ferskvann,0,Artsuavhengig,UKJENT,NS-EN ISO 17294-2:2023,2025-11-27 00:00:00,0,0,m,Ufiltrert,,=,2.7,,mg/l,439-2025-11280199,,,,1,,N,,28859.5924000004,6490236.8691
025-58890,Kvina ved Klosterøyna,VK4b,Elv,KALK,Tiltaksovervåking i kalkede laksevassdrag,Miljødirektoratet,Eurofins Environment Testing Norway (Moss),,Natrium,7440-23-5,VF,Ferskvann,0,Artsuavhengig,UKJENT,NS-EN ISO 17294-2:2023,2025-12-01 00:00:00,0,0,m,Ufiltrert,,=,2.5,,mg/l,439-2025-12020060,,,,1,,N,,28859.5924000004,6490236.8691
025-58890,Kvina ved Klosterøyna,VK4b,Elv,KALK,Tiltaksovervåking i kalkede laksevassdrag,Miljødirektoratet,Eurofins Environment Testing Norway (Moss),KOND,Konduktivitet,,VF,Ferskvann,0,Artsuavhengig,UKJENT,UKJENT,2025-09-29 00:00:00,0,0,m,Ufiltrert,,=,2.79,,mS/m,439-2025-09300222,,,,1,Metode: NS-EN 27888,N,,28859.5924000004,6490236.8691
025-58890,Kvina ved Klosterøyna,VK4b,Elv,KALK,Tiltaksovervåking i kalkede laksevassdrag,Miljødirektoratet,Eurofins Environment Testing Norway (Moss),KOND,Konduktivitet,,VF,Ferskvann,0,Artsuavhengig,UKJENT,UKJENT,2025-10-27 00:00:00,0,0,m,Ufiltrert,,=,2.66,,mS/m,439-2025-10280336,,,,1,Metode: NS-EN 27888,N,,28859.5924000004,6490236.8691
025-58890,Kvina ved Klosterøyna,VK4b,Elv,KALK,Tiltaksovervåking i kalkede laksevassdrag,Miljødirektoratet,Eurofins Environment Testing Norway (Moss),KOND,Konduktivitet,,VF,Ferskvann,0,Artsuavhengig,UKJENT,UKJENT,2025-11-27 00:00:00,0,0,m,Ufiltrert,,=,2.51,,mS/m,439-2025-11280199,,,,1,Metode: NS-EN 27888,N,,28859.5924000004,6490236.8691
025-58890,Kvina ved Klosterøyna,VK4b,Elv,KALK,Tiltaksovervåking i kalkede laksevassdrag,Miljødirektoratet,Eurofins Environment Testing Norway (Moss),KOND,Konduktivitet,,VF,Ferskvann,0,Artsuavhengig,UKJENT,UKJENT,2025-12-01 00:00:00,0,0,m,Ufiltrert,,=,2.39,,mS/m,439-2025-12020060,,,,1,Metode: NS-EN 27888,N,,28859.5924000004,6490236.8691
025-58890,Kvina ved Klosterøyna,VK4b,Elv,KALK,Tiltaksovervåking i kalkede laksevassdrag,Miljødirektoratet,Eurofins Environment Testing Norway (Moss),CA,Kalsium,7440-70-2,VF,Ferskvann,0,Artsuavhengig,UKJENT,NS-EN ISO 17294-2:2023,2025-01-07 00:00:00,0,0,m,Ufiltrert,,=,1.3,,mg/l,439-2025-01080272,,,,1,,N,,28859.5924000004,6490236.8691
025-58890,Kvina ved Klosterøyna,VK4b,Elv,KALK,Tiltaksovervåking i kalkede laksevassdrag,Miljødirektoratet,Eurofins Environment Testing Norway (Moss),CA,Kalsium,7440-70-2,VF,Ferskvann,0,Artsuavhengig,UKJENT,NS-EN ISO 17294-2:2023,2025-01-27 00:00:00,0,0,m,Ufiltrert,,=,1.5,,mg/l,439-2025-01280261,,,,1,,N,,28859.5924000004,6490236.8691
025-58890,Kvina ved Klosterøyna,VK4b,Elv,KALK,Tiltaksovervåking i kalkede laksevassdrag,Miljødirektoratet,Eurofins Environment Testing Norway (Moss),CA,Kalsium,7440-70-2,VF,Ferskvann,0,Artsuavhengig,UKJENT,NS-EN ISO 17294-2:2023,2025-02-24 00:00:00,0,0,m,Ufiltrert,,=,1.8,,mg/l,439-2025-02250224,,,,1,,N,,28859.5924000004,6490236.8691
025-58890,Kvina ved Klosterøyna,VK4b,Elv,KALK,Tiltaksovervåking i kalkede laksevassdrag,Miljødirektoratet,Eurofins Environment Testing Norway (Moss),CA,Kalsium,7440-70-2,VF,Ferskvann,0,Artsuavhengig,UKJENT,NS-EN ISO 17294-2:2023,2025-03-10 00:00:00,0,0,m,Ufiltrert,,=,1.7,,mg/l,439-2025-03110191,,,,1,,N,,28859.5924000004,6490236.8691
025-58890,Kvina ved Klosterøyna,VK4b,Elv,KALK,Tiltaksovervåking i kalkede laksevassdrag,Miljødirektoratet,Eurofins Environment Testing Norway (Moss),CA,Kalsium,7440-70-2,VF,Ferskvann,0,Artsuavhengig,UKJENT,NS-EN ISO 17294-2:2023,2025-03-31 00:00:00,0,0,m,Ufiltrert,,=,1.5,,mg/l,439-2025-04010197,,,,1,,N,,28859.5924000004,6490236.8691
025-58890,Kvina ved Klosterøyna,VK4b,Elv,KALK,Tiltaksovervåking i kalkede laksevassdrag,Miljødirektoratet,Eurofins Environment Testing Norway (Moss),CA,Kalsium,7440-70-2,VF,Ferskvann,0,Artsuavhengig,UKJENT,NS-EN ISO 17294-2:2023,2025-04-14 00:00:00,0,0,m,Ufiltrert,,=,2,,mg/l,439-2025-04150034,,,,1,,N,,28859.5924000004,6490236.8691
025-58890,Kvina ved Klosterøyna,VK4b,Elv,KALK,Tiltaksovervåking i kalkede laksevassdrag,Miljødirektoratet,Eurofins Environment Testing Norway (Moss),CA,Kalsium,7440-70-2,VF,Ferskvann,0,Artsuavhengig,UKJENT,NS-EN ISO 17294-2:2023,2025-04-22 00:00:00,0,0,m,Ufiltrert,,=,2,,mg/l,439-2025-04230371,,,,1,,N,,28859.5924000004,6490236.8691
025-58890,Kvina ved Klosterøyna,VK4b,Elv,KALK,Tiltaksovervåking i kalkede laksevassdrag,Miljødirektoratet,Eurofins Environment Testing Norway (Moss),CL,Klorid,16887-00-6,VF,Ferskvann,0,Artsuavhengig,UKJENT,NS-EN ISO 15923-1:2024,2025-01-07 00:00:00,0,0,m,Filtrert,,=,4.9,,mg/l,439-2025-01080272,,,,1,,N,,28859.5924000004,6490236.8691
025-58890,Kvina ved Klosterøyna,VK4b,Elv,KALK,Tiltaksovervåking i kalkede laksevassdrag,Miljødirektoratet,Eurofins Environment Testing Norway (Moss),CL,Klorid,16887-00-6,VF,Ferskvann,0,Artsuavhengig,UKJENT,NS-EN ISO 15923-1:2024,2025-01-27 00:00:00,0,0,m,Filtrert,,=,9.3,,mg/l,439-2025-01280261,,,,1,,N,,28859.5924000004,6490236.8691
025-58890,Kvina ved Klosterøyna,VK4b,Elv,KALK,Tiltaksovervåking i kalkede laksevassdrag,Miljødirektoratet,Eurofins Environment Testing Norway (Moss),CL,Klorid,16887-00-6,VF,Ferskvann,0,Artsuavhengig,UKJENT,NS-EN ISO 15923-1:2024,2025-02-24 00:00:00,0,0,m,Filtrert,,=,9.5,,mg/l,439-2025-02250224,,,,1,,N,,28859.5924000004,6490236.8691
025-58890,Kvina ved Klosterøyna,VK4b,Elv,KALK,Tiltaksovervåking i kalkede laksevassdrag,Miljødirektoratet,Eurofins Environment Testing Norway (Moss),CL,Klorid,16887-00-6,VF,Ferskvann,0,Artsuavhengig,UKJENT,NS-EN ISO 15923-1:2024,2025-03-10 00:00:00,0,0,m,Filtrert,,=,8,,mg/l,439-2025-03110191,,,,1,,N,,28859.5924000004,6490236.8691
025-58890,Kvina ved Klosterøyna,VK4b,Elv,KALK,Tiltaksovervåking i kalkede laksevassdrag,Miljødirektoratet,Eurofins Environment Testing Norway (Moss),CL,Klorid,16887-00-6,VF,Ferskvann,0,Artsuavhengig,UKJENT,NS-EN ISO 15923-1:2024,2025-03-31 00:00:00,0,0,m,Filtrert,,=,7.2,,mg/l,439-2025-04010197,,,,1,,N,,28859.5924000004,6490236.8691
025-58890,Kvina ved Klosterøyna,VK4b,Elv,KALK,Tiltaksovervåking i kalkede laksevassdrag,Miljødirektoratet,Eurofins Environment Testing Norway (Moss),CL,Klorid,16887-00-6,VF,Ferskvann,0,Artsuavhengig,UKJENT,NS-EN ISO 15923-1:2024,2025-04-28 00:00:00,0,0,m,Filtrert,,=,6.3,,mg/l,439-2025-04290505,,,,1,,N,,28859.5924000004,6490236.8691
025-58890,Kvina ved Klosterøyna,VK4b,Elv,KALK,Tiltaksovervåking i kalkede laksevassdrag,Miljødirektoratet,Eurofins Environment Testing Norway (Moss),CL,Klorid,16887-00-6,VF,Ferskvann,0,Artsuavhengig,UKJENT,NS-EN ISO 15923-1:2024,2025-05-28 00:00:00,0,0,m,Filtrert,,=,3.8,,mg/l,439-2025-05300054,,,,1,,N,,28859.5924000004,6490236.8691
025-58890,Kvina ved Klosterøyna,VK4b,Elv,KALK,Tiltaksovervåking i kalkede laksevassdrag,Miljødirektoratet,Eurofins Environment Testing Norway (Moss),CL,Klorid,16887-00-6,VF,Ferskvann,0,Artsuavhengig,UKJENT,NS-EN ISO 15923-1:2024,2025-06-02 00:00:00,0,0,m,Filtrert,,=,7.1,,mg/l,439-2025-06030593,,,,1,,N,,28859.5924000004,6490236.8691
025-58890,Kvina ved Klosterøyna,VK4b,Elv,KALK,Tiltaksovervåking i kalkede laksevassdrag,Miljødirektoratet,Eurofins Environment Testing Norway (Moss),CL,Klorid,16887-00-6,VF,Ferskvann,0,Artsuavhengig,UKJENT,NS-EN ISO 15923-1:2024,2025-06-30 00:00:00,0,0,m,Filtrert,,=,5.2,,mg/l,439-2025-07020063,,,,1,,N,,28859.5924000004,6490236.8691
025-58890,Kvina ved Klosterøyna,VK4b,Elv,KALK,Tiltaksovervåking i kalkede laksevassdrag,Miljødirektoratet,Eurofins Environment Testing Norway (Moss),CL,Klorid,16887-00-6,VF,Ferskvann,0,Artsuavhengig,UKJENT,NS-EN ISO 15923-1:2024,2025-07-22 00:00:00,0,0,m,Filtrert,,=,5,,mg/l,439-2025-07230079,,,,1,,N,,28859.5924000004,6490236.8691
025-58890,Kvina ved Klosterøyna,VK4b,Elv,KALK,Tiltaksovervåking i kalkede laksevassdrag,Miljødirektoratet,Eurofins Environment Testing Norway (Moss),CL,Klorid,16887-00-6,VF,Ferskvann,0,Artsuavhengig,UKJENT,NS-EN ISO 15923-1:2024,2025-07-28 00:00:00,0,0,m,Filtrert,,=,5.5,,mg/l,439-2025-07300157,,,,1,,N,,28859.5924000004,6490236.8691
025-58890,Kvina ved Klosterøyna,VK4b,Elv,KALK,Tiltaksovervåking i kalkede laksevassdrag,Miljødirektoratet,Eurofins Environment Testing Norway (Moss),CL,Klorid,16887-00-6,VF,Ferskvann,0,Artsuavhengig,UKJENT,NS-EN ISO 15923-1:2024,2025-07-05 00:00:00,0,0,m,Filtrert,,=,8.2,,mg/l,439-2025-08070188,,,,1,,N,,28859.5924000004,6490236.8691
025-58890,Kvina ved Klosterøyna,VK4b,Elv,KALK,Tiltaksovervåking i kalkede laksevassdrag,Miljødirektoratet,Eurofins Environment Testing Norway (Moss),CL,Klorid,16887-00-6,VF,Ferskvann,0,Artsuavhengig,UKJENT,NS-EN ISO 15923-1:2024,2025-09-01 00:00:00,0,0,m,Filtrert,,=,4.9,,mg/l,439-2025-09020373,,,,1,,N,,28859.5924000004,6490236.8691
025-58890,Kvina ved Klosterøyna,VK4b,Elv,KALK,Tiltaksovervåking i kalkede laksevassdrag,Miljødirektoratet,Eurofins Environment Testing Norway (Moss),CL,Klorid,16887-00-6,VF,Ferskvann,0,Artsuavhengig,UKJENT,NS-EN ISO 15923-1:2024,2025-09-29 00:00:00,0,0,m,Filtrert,,=,6,,mg/l,439-2025-09300222,,,,1,,N,,28859.5924000004,6490236.8691
025-58890,Kvina ved Klosterøyna,VK4b,Elv,KALK,Tiltaksovervåking i kalkede laksevassdrag,Miljødirektoratet,Eurofins Environment Testing Norway (Moss),CL,Klorid,16887-00-6,VF,Ferskvann,0,Artsuavhengig,UKJENT,NS-EN ISO 15923-1:2024,2025-10-27 00:00:00,0,0,m,Filtrert,,=,5.7,,mg/l,439-2025-10280336,,,,1,,N,,28859.5924000004,6490236.8691
025-58890,Kvina ved Klosterøyna,VK4b,Elv,KALK,Tiltaksovervåking i kalkede laksevassdrag,Miljødirektoratet,Eurofins Environment Testing Norway (Moss),CL,Klorid,16887-00-6,VF,Ferskvann,0,Artsuavhengig,UKJENT,NS-EN ISO 15923-1:2024,2025-11-27 00:00:00,0,0,m,Filtrert,,=,5.4,,mg/l,439-2025-11280199,,,,1,,N,,28859.5924000004,6490236.8691
025-58890,Kvina ved Klosterøyna,VK4b,Elv,KALK,Tiltaksovervåking i kalkede laksevassdrag,Miljødirektoratet,Eurofins Environment Testing Norway (Moss),CL,Klorid,16887-00-6,VF,Ferskvann,0,Artsuavhengig,UKJENT,NS-EN ISO 15923-1:2024,2025-12-01 00:00:00,0,0,m,Filtrert,,=,5,,mg/l,439-2025-12020060,,,,1,,N,,28859.5924000004,6490236.8691
025-58890,Kvina ved Klosterøyna,VK4b,Elv,KALK,Tiltaksovervåking i kalkede laksevassdrag,Miljødirektoratet,Eurofins Environment Testing Norway (Moss),RAL,Reaktivt aluminium,,VF,Ferskvann,0,Artsuavhengig,UKJENT,UKJENT,2025-01-07 00:00:00,0,0,m,Ufiltrert,,=,81,,µg/l Al,439-2025-01080272,,,,1,Metode: Intern metode,N,,28859.5924000004,6490236.8691
025-58890,Kvina ved Klosterøyna,VK4b,Elv,KALK,Tiltaksovervåking i kalkede laksevassdrag,Miljødirektoratet,Eurofins Environment Testing Norway (Moss),RAL,Reaktivt aluminium,,VF,Ferskvann,0,Artsuavhengig,UKJENT,UKJENT,2025-01-27 00:00:00,0,0,m,Ufiltrert,,=,98,,µg/l Al,439-2025-01280261,,,,1,Metode: Intern metode,N,,28859.5924000004,6490236.8691
025-58890,Kvina ved Klosterøyna,VK4b,Elv,KALK,Tiltaksovervåking i kalkede laksevassdrag,Miljødirektoratet,Eurofins Environment Testing Norway (Moss),RAL,Reaktivt aluminium,,VF,Ferskvann,0,Artsuavhengig,UKJENT,UKJENT,2025-02-24 00:00:00,0,0,m,Ufiltrert,,=,71,,µg/l Al,439-2025-02250224,,,,1,Metode: Intern metode,N,,28859.5924000004,6490236.8691
025-58890,Kvina ved Klosterøyna,VK4b,Elv,KALK,Tiltaksovervåking i kalkede laksevassdrag,Miljødirektoratet,Eurofins Environment Testing Norway (Moss),RAL,Reaktivt aluminium,,VF,Ferskvann,0,Artsuavhengig,UKJENT,UKJENT,2025-03-10 00:00:00,0,0,m,Ufiltrert,,=,58,,µg/l Al,439-2025-03110191,,,,1,Metode: Intern metode,N,,28859.5924000004,6490236.8691
025-58890,Kvina ved Klosterøyna,VK4b,Elv,KALK,Tiltaksovervåking i kalkede laksevassdrag,Miljødirektoratet,Eurofins Environment Testing Norway (Moss),RAL,Reaktivt aluminium,,VF,Ferskvann,0,Artsuavhengig,UKJENT,UKJENT,2025-03-31 00:00:00,0,0,m,Ufiltrert,,=,48,,µg/l Al,439-2025-04010197,,,,1,Metode: Intern metode,N,,28859.5924000004,6490236.8691
025-58890,Kvina ved Klosterøyna,VK4b,Elv,KALK,Tiltaksovervåking i kalkede laksevassdrag,Miljødirektoratet,Eurofins Environment Testing Norway (Moss),RAL,Reaktivt aluminium,,VF,Ferskvann,0,Artsuavhengig,UKJENT,UKJENT,2025-04-14 00:00:00,0,0,m,Ufiltrert,,=,25,,µg/l Al,439-2025-04150034,,,,1,Metode: Intern metode,N,,28859.5924000004,6490236.8691
025-58890,Kvina ved Klosterøyna,VK4b,Elv,KALK,Tiltaksovervåking i kalkede laksevassdrag,Miljødirektoratet,Eurofins Environment Testing Norway (Moss),RAL,Reaktivt aluminium,,VF,Ferskvann,0,Artsuavhengig,UKJENT,UKJENT,2025-04-22 00:00:00,0,0,m,Ufiltrert,,=,27,,µg/l Al,439-2025-04230371,,,,1,Metode: Intern metode,N,,28859.5924000004,6490236.8691
025-58890,Kvina ved Klosterøyna,VK4b,Elv,KALK,Tiltaksovervåking i kalkede laksevassdrag,Miljødirektoratet,Eurofins Environment Testing Norway (Moss),RAL,Reaktivt aluminium,,VF,Ferskvann,0,Artsuavhengig,UKJENT,UKJENT,2025-04-28 00:00:00,0,0,m,Ufiltrert,,=,15,,µg/l Al,439-2025-04290505,,,,1,Metode: Intern metode,N,,28859.5924000004,6490236.8691
025-58890,Kvina ved Klosterøyna,VK4b,Elv,KALK,Tiltaksovervåking i kalkede laksevassdrag,Miljødirektoratet,Eurofins Environment Testing Norway (Moss),RAL,Reaktivt aluminium,,VF,Ferskvann,0,Artsuavhengig,UKJENT,UKJENT,2025-05-05 00:00:00,0,0,m,Ufiltrert,,=,13,,µg/l Al,439-2025-05060165,,,,1,Metode: Intern metode,N,,28859.5924000004,6490236.8691
025-58890,Kvina ved Klosterøyna,VK4b,Elv,KALK,Tiltaksovervåking i kalkede laksevassdrag,Miljødirektoratet,Eurofins Environment Testing Norway (Moss),RAL,Reaktivt aluminium,,VF,Ferskvann,0,Artsuavhengig,UKJENT,UKJENT,2025-05-12 00:00:00,0,0,m,Ufiltrert,,=,11,,µg/l Al,439-2025-05130381,,,,1,Metode: Intern metode,N,,28859.5924000004,6490236.8691
025-58890,Kvina ved Klosterøyna,VK4b,Elv,KALK,Tiltaksovervåking i kalkede laksevassdrag,Miljødirektoratet,Eurofins Environment Testing Norway (Moss),RAL,Reaktivt aluminium,,VF,Ferskvann,0,Artsuavhengig,UKJENT,UKJENT,2025-05-19 00:00:00,0,0,m,Ufiltrert,,=,6.7,,µg/l Al,439-2025-05200173,,,,1,Metode: Intern metode,N,,28859.5924000004,6490236.8691
025-58890,Kvina ved Klosterøyna,VK4b,Elv,KALK,Tiltaksovervåking i kalkede laksevassdrag,Miljødirektoratet,Eurofins Environment Testing Norway (Moss),RAL,Reaktivt aluminium,,VF,Ferskvann,0,Artsuavhengig,UKJENT,UKJENT,2025-05-27 00:00:00,0,0,m,Ufiltrert,,=,8.1,,µg/l Al,439-2025-05270199,,,,1,Metode: Intern metode,N,,28859.5924000004,6490236.8691
025-58890,Kvina ved Klosterøyna,VK4b,Elv,KALK,Tiltaksovervåking i kalkede laksevassdrag,Miljødirektoratet,Eurofins Environment Testing Norway (Moss),RAL,Reaktivt aluminium,,VF,Ferskvann,0,Artsuavhengig,UKJENT,UKJENT,2025-05-28 00:00:00,0,0,m,Ufiltrert,,=,5.4,,µg/l Al,439-2025-05300054,,,,1,Metode: Intern metode,N,,28859.5924000004,6490236.8691
025-58890,Kvina ved Klosterøyna,VK4b,Elv,KALK,Tiltaksovervåking i kalkede laksevassdrag,Miljødirektoratet,Eurofins Environment Testing Norway (Moss),RAL,Reaktivt aluminium,,VF,Ferskvann,0,Artsuavhengig,UKJENT,UKJENT,2025-06-02 00:00:00,0,0,m,Ufiltrert,,=,17,,µg/l Al,439-2025-06030593,,,,1,Metode: Intern metode,N,,28859.5924000004,6490236.8691
025-58890,Kvina ved Klosterøyna,VK4b,Elv,KALK,Tiltaksovervåking i kalkede laksevassdrag,Miljødirektoratet,Eurofins Environment Testing Norway (Moss),RAL,Reaktivt aluminium,,VF,Ferskvann,0,Artsuavhengig,UKJENT,UKJENT,2025-06-30 00:00:00,0,0,m,Ufiltrert,,=,26,,µg/l Al,439-2025-07020063,,,,1,Metode: Intern metode,N,,28859.5924000004,6490236.8691
025-58890,Kvina ved Klosterøyna,VK4b,Elv,KALK,Tiltaksovervåking i kalkede laksevassdrag,Miljødirektoratet,Eurofins Environment Testing Norway (Moss),RAL,Reaktivt aluminium,,VF,Ferskvann,0,Artsuavhengig,UKJENT,UKJENT,2025-07-22 00:00:00,0,0,m,Ufiltrert,,=,27,,µg/l Al,439-2025-07230079,,,,1,Metode: Intern metode,N,,28859.5924000004,6490236.8691
025-58890,Kvina ved Klosterøyna,VK4b,Elv,KALK,Tiltaksovervåking i kalkede laksevassdrag,Miljødirektoratet,Eurofins Environment Testing Norway (Moss),RAL,Reaktivt aluminium,,VF,Ferskvann,0,Artsuavhengig,UKJENT,UKJENT,2025-07-28 00:00:00,0,0,m,Ufiltrert,,=,52,,µg/l Al,439-2025-07300157,,,,1,Metode: Intern metode,N,,28859.5924000004,6490236.8691
025-58890,Kvina ved Klosterøyna,VK4b,Elv,KALK,Tiltaksovervåking i kalkede laksevassdrag,Miljødirektoratet,Eurofins Environment Testing Norway (Moss),RAL,Reaktivt aluminium,,VF,Ferskvann,0,Artsuavhengig,UKJENT,UKJENT,2025-07-05 00:00:00,0,0,m,Ufiltrert,,=,50,,µg/l Al,439-2025-08070188,,,,1,Metode: Intern metode,N,,28859.5924000004,6490236.8691
025-58890,Kvina ved Klosterøyna,VK4b,Elv,KALK,Tiltaksovervåking i kalkede laksevassdrag,Miljødirektoratet,Eurofins Environment Testing Norway (Moss),RAL,Reaktivt aluminium,,VF,Ferskvann,0,Artsuavhengig,UKJENT,UKJENT,2025-09-01 00:00:00,0,0,m,Ufiltrert,,=,21,,µg/l Al,439-2025-09020373,,,,1,Metode: Intern metode,N,,28859.5924000004,6490236.8691
025-58890,Kvina ved Klosterøyna,VK4b,Elv,KALK,Tiltaksovervåking i kalkede laksevassdrag,Miljødirektoratet,Eurofins Environment Testing Norway (Moss),RAL,Reaktivt aluminium,,VF,Ferskvann,0,Artsuavhengig,UKJENT,UKJENT,2025-09-29 00:00:00,0,0,m,Ufiltrert,,=,88,,µg/l Al,439-2025-09300222,,,,1,Metode: Intern metode,N,,28859.5924000004,6490236.8691
025-58890,Kvina ved Klosterøyna,VK4b,Elv,KALK,Tiltaksovervåking i kalkede laksevassdrag,Miljødirektoratet,Eurofins Environment Testing Norway (Moss),RAL,Reaktivt aluminium,,VF,Ferskvann,0,Artsuavhengig,UKJENT,UKJENT,2025-10-27 00:00:00,0,0,m,Ufiltrert,,=,120,,µg/l Al,439-2025-10280336,,,,1,Metode: Intern metode,N,,28859.5924000004,6490236.8691
025-58890,Kvina ved Klosterøyna,VK4b,Elv,KALK,Tiltaksovervåking i kalkede laksevassdrag,Miljødirektoratet,Eurofins Environment Testing Norway (Moss),K,Kalium,7440-09-7,VF,Ferskvann,0,Artsuavhengig,UKJENT,NS-EN ISO 17294-2:2023,2025-09-01 00:00:00,0,0,m,Ufiltrert,,=,0.23,,mg/l,439-2025-09020373,,,,1,,N,,28859.5924000004,6490236.8691
025-58890,Kvina ved Klosterøyna,VK4b,Elv,KALK,Tiltaksovervåking i kalkede laksevassdrag,Miljødirektoratet,Eurofins Environment Testing Norway (Moss),K,Kalium,7440-09-7,VF,Ferskvann,0,Artsuavhengig,UKJENT,NS-EN ISO 17294-2:2023,2025-09-29 00:00:00,0,0,m,Ufiltrert,,=,0.29,,mg/l,439-2025-09300222,,,,1,,N,,28859.5924000004,6490236.8691
025-58890,Kvina ved Klosterøyna,VK4b,Elv,KALK,Tiltaksovervåking i kalkede laksevassdrag,Miljødirektoratet,Eurofins Environment Testing Norway (Moss),K,Kalium,7440-09-7,VF,Ferskvann,0,Artsuavhengig,UKJENT,NS-EN ISO 17294-2:2023,2025-10-27 00:00:00,0,0,m,Ufiltrert,,=,0.27,,mg/l,439-2025-10280336,,,,1,,N,,28859.5924000004,6490236.8691
025-58890,Kvina ved Klosterøyna,VK4b,Elv,KALK,Tiltaksovervåking i kalkede laksevassdrag,Miljødirektoratet,Eurofins Environment Testing Norway (Moss),K,Kalium,7440-09-7,VF,Ferskvann,0,Artsuavhengig,UKJENT,NS-EN ISO 17294-2:2023,2025-11-27 00:00:00,0,0,m,Ufiltrert,,=,0.32,,mg/l,439-2025-11280199,,,,1,,N,,28859.5924000004,6490236.8691
025-58890,Kvina ved Klosterøyna,VK4b,Elv,KALK,Tiltaksovervåking i kalkede laksevassdrag,Miljødirektoratet,Eurofins Environment Testing Norway (Moss),K,Kalium,7440-09-7,VF,Ferskvann,0,Artsuavhengig,UKJENT,NS-EN ISO 17294-2:2023,2025-12-01 00:00:00,0,0,m,Ufiltrert,,=,0.24,,mg/l,439-2025-12020060,,,,1,,N,,28859.5924000004,6490236.8691
025-58890,Kvina ved Klosterøyna,VK4b,Elv,KALK,Tiltaksovervåking i kalkede laksevassdrag,Miljødirektoratet,Eurofins Environment Testing Norway (Moss),P-TOT,Totalfosfor,7723-14-0,VF,Ferskvann,0,Artsuavhengig,UKJENT,NS-EN ISO 15681-2:2018,2025-11-27 00:00:00,0,0,m,Ufiltrert,,=,11,,µg/l P,439-2025-11280199,,,,1,,N,,28859.5924000004,6490236.8691
025-58890,Kvina ved Klosterøyna,VK4b,Elv,KALK,Tiltaksovervåking i kalkede laksevassdrag,Miljødirektoratet,Eurofins Environment Testing Norway (Moss),P-TOT,Totalfosfor,7723-14-0,VF,Ferskvann,0,Artsuavhengig,UKJENT,NS-EN ISO 15681-2:2018,2025-12-01 00:00:00,0,0,m,Ufiltrert,,=,9.1,,µg/l P,439-2025-12020060,,,,1,,N,,28859.5924000004,6490236.8691
025-81555,"Stakkeland bru (Rv. 42), oppstrøms doserer",VK9,Elv,KALK,Tiltaksovervåking i kalkede laksevassdrag,Miljødirektoratet,Eurofins Environment Testing Norway (Moss),PH,pH,,VF,Ferskvann,0,Artsuavhengig,UKJENT,NS-EN ISO 10523:2012,2025-01-07 00:00:00,0,0,m,Ufiltrert,,=,5.1,,<ubenevnt>,439-2025-01080273,,,,1,,N,,29767.0482999999,6514684.8889
025-81555,"Stakkeland bru (Rv. 42), oppstrøms doserer",VK9,Elv,KALK,Tiltaksovervåking i kalkede laksevassdrag,Miljødirektoratet,Eurofins Environment Testing Norway (Moss),PH,pH,,VF,Ferskvann,0,Artsuavhengig,UKJENT,NS-EN ISO 10523:2012,2025-01-27 00:00:00,0,0,m,Ufiltrert,,=,4.7,,<ubenevnt>,439-2025-01280263,,,,1,,N,,29767.0482999999,6514684.8889
025-81555,"Stakkeland bru (Rv. 42), oppstrøms doserer",VK9,Elv,KALK,Tiltaksovervåking i kalkede laksevassdrag,Miljødirektoratet,Eurofins Environment Testing Norway (Moss),PH,pH,,VF,Ferskvann,0,Artsuavhengig,UKJENT,NS-EN ISO 10523:2012,2025-02-24 00:00:00,0,0,m,Ufiltrert,,=,4.7,,<ubenevnt>,439-2025-02250223,,,,1,,N,,29767.0482999999,6514684.8889
025-81555,"Stakkeland bru (Rv. 42), oppstrøms doserer",VK9,Elv,KALK,Tiltaksovervåking i kalkede laksevassdrag,Miljødirektoratet,Eurofins Environment Testing Norway (Moss),PH,pH,,VF,Ferskvann,0,Artsuavhengig,UKJENT,NS-EN ISO 10523:2012,2025-03-10 00:00:00,0,0,m,Ufiltrert,,=,4.6,,<ubenevnt>,439-2025-03110190,,,,1,,N,,29767.0482999999,6514684.8889
025-81555,"Stakkeland bru (Rv. 42), oppstrøms doserer",VK9,Elv,KALK,Tiltaksovervåking i kalkede laksevassdrag,Miljødirektoratet,Eurofins Environment Testing Norway (Moss),PH,pH,,VF,Ferskvann,0,Artsuavhengig,UKJENT,NS-EN ISO 10523:2012,2025-03-31 00:00:00,0,0,m,Ufiltrert,,=,4.9,,<ubenevnt>,439-2025-04010195,,,,1,,N,,29767.0482999999,6514684.8889
025-81555,"Stakkeland bru (Rv. 42), oppstrøms doserer",VK9,Elv,KALK,Tiltaksovervåking i kalkede laksevassdrag,Miljødirektoratet,Eurofins Environment Testing Norway (Moss),PH,pH,,VF,Ferskvann,0,Artsuavhengig,UKJENT,NS-EN ISO 10523:2012,2025-04-28 00:00:00,0,0,m,Ufiltrert,,=,5.5,,<ubenevnt>,439-2025-04290507,,,,1,,N,,29767.0482999999,6514684.8889
025-81555,"Stakkeland bru (Rv. 42), oppstrøms doserer",VK9,Elv,KALK,Tiltaksovervåking i kalkede laksevassdrag,Miljødirektoratet,Eurofins Environment Testing Norway (Moss),PH,pH,,VF,Ferskvann,0,Artsuavhengig,UKJENT,NS-EN ISO 10523:2012,2025-05-28 00:00:00,0,0,m,Ufiltrert,,=,5.2,,<ubenevnt>,439-2025-05300056,,,,1,,N,,29767.0482999999,6514684.8889
025-81555,"Stakkeland bru (Rv. 42), oppstrøms doserer",VK9,Elv,KALK,Tiltaksovervåking i kalkede laksevassdrag,Miljødirektoratet,Eurofins Environment Testing Norway (Moss),PH,pH,,VF,Ferskvann,0,Artsuavhengig,UKJENT,NS-EN ISO 10523:2012,2025-06-02 00:00:00,0,0,m,Ufiltrert,,=,5.1,,<ubenevnt>,439-2025-06030592,,,,1,,N,,29767.0482999999,6514684.8889
025-81555,"Stakkeland bru (Rv. 42), oppstrøms doserer",VK9,Elv,KALK,Tiltaksovervåking i kalkede laksevassdrag,Miljødirektoratet,Eurofins Environment Testing Norway (Moss),PH,pH,,VF,Ferskvann,0,Artsuavhengig,UKJENT,NS-EN ISO 10523:2012,2025-06-30 00:00:00,0,0,m,Ufiltrert,,=,5.5,,<ubenevnt>,439-2025-07020064,,,,1,,N,,29767.0482999999,6514684.8889
025-81555,"Stakkeland bru (Rv. 42), oppstrøms doserer",VK9,Elv,KALK,Tiltaksovervåking i kalkede laksevassdrag,Miljødirektoratet,Eurofins Environment Testing Norway (Moss),PH,pH,,VF,Ferskvann,0,Artsuavhengig,UKJENT,NS-EN ISO 10523:2012,2025-07-22 00:00:00,0,0,m,Ufiltrert,,=,6.5,,<ubenevnt>,439-2025-07230077,,,,1,,N,,29767.0482999999,6514684.8889
025-81555,"Stakkeland bru (Rv. 42), oppstrøms doserer",VK9,Elv,KALK,Tiltaksovervåking i kalkede laksevassdrag,Miljødirektoratet,Eurofins Environment Testing Norway (Moss),PH,pH,,VF,Ferskvann,0,Artsuavhengig,UKJENT,NS-EN ISO 10523:2012,2025-07-28 00:00:00,0,0,m,Ufiltrert,,=,5.5,,<ubenevnt>,439-2025-07300159,,,,1,,N,,29767.0482999999,6514684.8889
025-81555,"Stakkeland bru (Rv. 42), oppstrøms doserer",VK9,Elv,KALK,Tiltaksovervåking i kalkede laksevassdrag,Miljødirektoratet,Eurofins Environment Testing Norway (Moss),PH,pH,,VF,Ferskvann,0,Artsuavhengig,UKJENT,NS-EN ISO 10523:2012,2025-07-05 00:00:00,0,0,m,Ufiltrert,,=,5.1,,<ubenevnt>,439-2025-08070189,,,,1,,N,,29767.0482999999,6514684.8889
025-81555,"Stakkeland bru (Rv. 42), oppstrøms doserer",VK9,Elv,KALK,Tiltaksovervåking i kalkede laksevassdrag,Miljødirektoratet,Eurofins Environment Testing Norway (Moss),PH,pH,,VF,Ferskvann,0,Artsuavhengig,UKJENT,NS-EN ISO 10523:2012,2025-09-01 00:00:00,0,0,m,Ufiltrert,,=,5.3,,<ubenevnt>,439-2025-09020374,,,,1,,N,,29767.0482999999,6514684.8889
025-81555,"Stakkeland bru (Rv. 42), oppstrøms doserer",VK9,Elv,KALK,Tiltaksovervåking i kalkede laksevassdrag,Miljødirektoratet,Eurofins Environment Testing Norway (Moss),PH,pH,,VF,Ferskvann,0,Artsuavhengig,UKJENT,NS-EN ISO 10523:2012,2025-09-29 00:00:00,0,0,m,Ufiltrert,,=,4.9,,<ubenevnt>,439-2025-09300221,,,,1,,N,,29767.0482999999,6514684.8889
025-81555,"Stakkeland bru (Rv. 42), oppstrøms doserer",VK9,Elv,KALK,Tiltaksovervåking i kalkede laksevassdrag,Miljødirektoratet,Eurofins Environment Testing Norway (Moss),N-TOT,Totalnitrogen,,VF,Ferskvann,0,Artsuavhengig,UKJENT,UKJENT,2025-09-29 00:00:00,0,0,m,Ufiltrert,,=,220,,µg/l N,439-2025-09300221,,,,1,,N,,29767.0482999999,6514684.8889
025-81555,"Stakkeland bru (Rv. 42), oppstrøms doserer",VK9,Elv,KALK,Tiltaksovervåking i kalkede laksevassdrag,Miljødirektoratet,Eurofins Environment Testing Norway (Moss),N-TOT,Totalnitrogen,,VF,Ferskvann,0,Artsuavhengig,UKJENT,UKJENT,2025-10-27 00:00:00,0,0,m,Ufiltrert,,=,230,,µg/l N,439-2025-10280335,,,,1,,N,,29767.0482999999,6514684.8889
025-81555,"Stakkeland bru (Rv. 42), oppstrøms doserer",VK9,Elv,KALK,Tiltaksovervåking i kalkede laksevassdrag,Miljødirektoratet,Eurofins Environment Testing Norway (Moss),N-TOT,Totalnitrogen,,VF,Ferskvann,0,Artsuavhengig,UKJENT,UKJENT,2025-11-27 00:00:00,0,0,m,Ufiltrert,,=,260,,µg/l N,439-2025-11280201,,,,1,,N,,29767.0482999999,6514684.8889
025-81555,"Stakkeland bru (Rv. 42), oppstrøms doserer",VK9,Elv,KALK,Tiltaksovervåking i kalkede laksevassdrag,Miljødirektoratet,Eurofins Environment Testing Norway (Moss),N-TOT,Totalnitrogen,,VF,Ferskvann,0,Artsuavhengig,UKJENT,UKJENT,2025-12-01 00:00:00,0,0,m,Ufiltrert,,=,230,,µg/l N,439-2025-12020062,,,,1,,N,,29767.0482999999,6514684.8889
025-81555,"Stakkeland bru (Rv. 42), oppstrøms doserer",VK9,Elv,KALK,Tiltaksovervåking i kalkede laksevassdrag,Miljødirektoratet,Eurofins Environment Testing Norway (Moss),SI,Silisium,7440-21-3,VF,Ferskvann,0,Artsuavhengig,UKJENT,UKJENT,2025-07-05 00:00:00,0,0,m,Ufiltrert,,=,660,,µg/l,439-2025-08070189,,,,1,,N,,29767.0482999999,6514684.8889
025-81555,"Stakkeland bru (Rv. 42), oppstrøms doserer",VK9,Elv,KALK,Tiltaksovervåking i kalkede laksevassdrag,Miljødirektoratet,Eurofins Environment Testing Norway (Moss),SI,Silisium,7440-21-3,VF,Ferskvann,0,Artsuavhengig,UKJENT,UKJENT,2025-09-01 00:00:00,0,0,m,Ufiltrert,,=,220,,µg/l,439-2025-09020374,,,,1,,N,,29767.0482999999,6514684.8889
025-81555,"Stakkeland bru (Rv. 42), oppstrøms doserer",VK9,Elv,KALK,Tiltaksovervåking i kalkede laksevassdrag,Miljødirektoratet,Eurofins Environment Testing Norway (Moss),SI,Silisium,7440-21-3,VF,Ferskvann,0,Artsuavhengig,UKJENT,UKJENT,2025-09-29 00:00:00,0,0,m,Ufiltrert,,=,360,,µg/l,439-2025-09300221,,,,1,,N,,29767.0482999999,6514684.8889
025-81555,"Stakkeland bru (Rv. 42), oppstrøms doserer",VK9,Elv,KALK,Tiltaksovervåking i kalkede laksevassdrag,Miljødirektoratet,Eurofins Environment Testing Norway (Moss),SI,Silisium,7440-21-3,VF,Ferskvann,0,Artsuavhengig,UKJENT,UKJENT,2025-10-27 00:00:00,0,0,m,Ufiltrert,,=,730,,µg/l,439-2025-10280335,,,,1,,N,,29767.0482999999,6514684.8889
025-81555,"Stakkeland bru (Rv. 42), oppstrøms doserer",VK9,Elv,KALK,Tiltaksovervåking i kalkede laksevassdrag,Miljødirektoratet,Eurofins Environment Testing Norway (Moss),SI,Silisium,7440-21-3,VF,Ferskvann,0,Artsuavhengig,UKJENT,UKJENT,2025-11-27 00:00:00,0,0,m,Ufiltrert,,=,700,,µg/l,439-2025-11280201,,,,1,,N,,29767.0482999999,6514684.8889
025-81555,"Stakkeland bru (Rv. 42), oppstrøms doserer",VK9,Elv,KALK,Tiltaksovervåking i kalkede laksevassdrag,Miljødirektoratet,Eurofins Environment Testing Norway (Moss),SI,Silisium,7440-21-3,VF,Ferskvann,0,Artsuavhengig,UKJENT,UKJENT,2025-12-01 00:00:00,0,0,m,Ufiltrert,,=,680,,µg/l,439-2025-12020062,,,,1,,N,,29767.0482999999,6514684.8889
025-81555,"Stakkeland bru (Rv. 42), oppstrøms doserer",VK9,Elv,KALK,Tiltaksovervåking i kalkede laksevassdrag,Miljødirektoratet,Eurofins Environment Testing Norway (Moss),ANC,Syrenøytraliserende kapasitet (ANC),,VF,Ferskvann,0,Artsuavhengig,UKJENT,UKJENT,2025-01-07 00:00:00,0,0,m,Ufiltrert,,=,4,,µekv/l,439-2025-01080273,,,,1,Metode: Intern metode,N,,29767.0482999999,6514684.8889
025-81555,"Stakkeland bru (Rv. 42), oppstrøms doserer",VK9,Elv,KALK,Tiltaksovervåking i kalkede laksevassdrag,Miljødirektoratet,Eurofins Environment Testing Norway (Moss),PH,pH,,VF,Ferskvann,0,Artsuavhengig,UKJENT,NS-EN ISO 10523:2012,2025-11-27 00:00:00,0,0,m,Ufiltrert,,=,5.4,,<ubenevnt>,439-2025-11280201,,,,1,,N,,29767.0482999999,6514684.8889
025-81555,"Stakkeland bru (Rv. 42), oppstrøms doserer",VK9,Elv,KALK,Tiltaksovervåking i kalkede laksevassdrag,Miljødirektoratet,Eurofins Environment Testing Norway (Moss),PH,pH,,VF,Ferskvann,0,Artsuavhengig,UKJENT,NS-EN ISO 10523:2012,2025-12-01 00:00:00,0,0,m,Ufiltrert,,=,4.5,,<ubenevnt>,439-2025-12020062,,,,1,,N,,29767.0482999999,6514684.8889
025-81555,"Stakkeland bru (Rv. 42), oppstrøms doserer",VK9,Elv,KALK,Tiltaksovervåking i kalkede laksevassdrag,Miljødirektoratet,Eurofins Environment Testing Norway (Moss),ANC,Syrenøytraliserende kapasitet (ANC),,VF,Ferskvann,0,Artsuavhengig,UKJENT,UKJENT,2025-01-27 00:00:00,0,0,m,Ufiltrert,,=,-10,,µekv/l,439-2025-01280263,,,,1,Metode: Intern metode,N,,29767.0482999999,6514684.8889
025-81555,"Stakkeland bru (Rv. 42), oppstrøms doserer",VK9,Elv,KALK,Tiltaksovervåking i kalkede laksevassdrag,Miljødirektoratet,Eurofins Environment Testing Norway (Moss),ANC,Syrenøytraliserende kapasitet (ANC),,VF,Ferskvann,0,Artsuavhengig,UKJENT,UKJENT,2025-02-24 00:00:00,0,0,m,Ufiltrert,,=,-32,,µekv/l,439-2025-02250223,,,,1,Metode: Intern metode,N,,29767.0482999999,6514684.8889
025-81555,"Stakkeland bru (Rv. 42), oppstrøms doserer",VK9,Elv,KALK,Tiltaksovervåking i kalkede laksevassdrag,Miljødirektoratet,Eurofins Environment Testing Norway (Moss),ANC,Syrenøytraliserende kapasitet (ANC),,VF,Ferskvann,0,Artsuavhengig,UKJENT,UKJENT,2025-03-10 00:00:00,0,0,m,Ufiltrert,,=,22,,µekv/l,439-2025-03110190,,,,1,Metode: Intern metode,N,,29767.0482999999,6514684.8889
025-81555,"Stakkeland bru (Rv. 42), oppstrøms doserer",VK9,Elv,KALK,Tiltaksovervåking i kalkede laksevassdrag,Miljødirektoratet,Eurofins Environment Testing Norway (Moss),ANC,Syrenøytraliserende kapasitet (ANC),,VF,Ferskvann,0,Artsuavhengig,UKJENT,UKJENT,2025-03-31 00:00:00,0,0,m,Ufiltrert,,=,15,,µekv/l,439-2025-04010195,,,,1,Metode: Intern metode,N,,29767.0482999999,6514684.8889
025-81555,"Stakkeland bru (Rv. 42), oppstrøms doserer",VK9,Elv,KALK,Tiltaksovervåking i kalkede laksevassdrag,Miljødirektoratet,Eurofins Environment Testing Norway (Moss),ANC,Syrenøytraliserende kapasitet (ANC),,VF,Ferskvann,0,Artsuavhengig,UKJENT,UKJENT,2025-04-28 00:00:00,0,0,m,Ufiltrert,,=,-86,,µekv/l,439-2025-04290507,,,,1,Metode: Intern metode,N,,29767.0482999999,6514684.8889
025-81555,"Stakkeland bru (Rv. 42), oppstrøms doserer",VK9,Elv,KALK,Tiltaksovervåking i kalkede laksevassdrag,Miljødirektoratet,Eurofins Environment Testing Norway (Moss),ANC,Syrenøytraliserende kapasitet (ANC),,VF,Ferskvann,0,Artsuavhengig,UKJENT,UKJENT,2025-05-28 00:00:00,0,0,m,Ufiltrert,,=,-100,,µekv/l,439-2025-05300056,,,,1,Metode: Intern metode,N,,29767.0482999999,6514684.8889
025-81555,"Stakkeland bru (Rv. 42), oppstrøms doserer",VK9,Elv,KALK,Tiltaksovervåking i kalkede laksevassdrag,Miljødirektoratet,Eurofins Environment Testing Norway (Moss),ANC,Syrenøytraliserende kapasitet (ANC),,VF,Ferskvann,0,Artsuavhengig,UKJENT,UKJENT,2025-06-02 00:00:00,0,0,m,Ufiltrert,,=,3.3,,µekv/l,439-2025-06030592,,,,1,Metode: Intern metode,N,,29767.0482999999,6514684.8889
025-81555,"Stakkeland bru (Rv. 42), oppstrøms doserer",VK9,Elv,KALK,Tiltaksovervåking i kalkede laksevassdrag,Miljødirektoratet,Eurofins Environment Testing Norway (Moss),ANC,Syrenøytraliserende kapasitet (ANC),,VF,Ferskvann,0,Artsuavhengig,UKJENT,UKJENT,2025-06-30 00:00:00,0,0,m,Ufiltrert,,=,25,,µekv/l,439-2025-07020064,,,,1,Metode: Intern metode,N,,29767.0482999999,6514684.8889
025-81555,"Stakkeland bru (Rv. 42), oppstrøms doserer",VK9,Elv,KALK,Tiltaksovervåking i kalkede laksevassdrag,Miljødirektoratet,Eurofins Environment Testing Norway (Moss),ANC,Syrenøytraliserende kapasitet (ANC),,VF,Ferskvann,0,Artsuavhengig,UKJENT,UKJENT,2025-07-22 00:00:00,0,0,m,Ufiltrert,,=,31,,µekv/l,439-2025-07230077,,,,1,Metode: Intern metode,N,,29767.0482999999,6514684.8889
025-81555,"Stakkeland bru (Rv. 42), oppstrøms doserer",VK9,Elv,KALK,Tiltaksovervåking i kalkede laksevassdrag,Miljødirektoratet,Eurofins Environment Testing Norway (Moss),ANC,Syrenøytraliserende kapasitet (ANC),,VF,Ferskvann,0,Artsuavhengig,UKJENT,UKJENT,2025-07-28 00:00:00,0,0,m,Ufiltrert,,=,35,,µekv/l,439-2025-07300159,,,,1,Metode: Intern metode,N,,29767.0482999999,6514684.8889
025-81555,"Stakkeland bru (Rv. 42), oppstrøms doserer",VK9,Elv,KALK,Tiltaksovervåking i kalkede laksevassdrag,Miljødirektoratet,Eurofins Environment Testing Norway (Moss),ANC,Syrenøytraliserende kapasitet (ANC),,VF,Ferskvann,0,Artsuavhengig,UKJENT,UKJENT,2025-07-05 00:00:00,0,0,m,Ufiltrert,,=,21,,µekv/l,439-2025-08070189,,,,1,Metode: Intern metode,N,,29767.0482999999,6514684.8889
025-81555,"Stakkeland bru (Rv. 42), oppstrøms doserer",VK9,Elv,KALK,Tiltaksovervåking i kalkede laksevassdrag,Miljødirektoratet,Eurofins Environment Testing Norway (Moss),ANC,Syrenøytraliserende kapasitet (ANC),,VF,Ferskvann,0,Artsuavhengig,UKJENT,UKJENT,2025-09-01 00:00:00,0,0,m,Ufiltrert,,=,18,,µekv/l,439-2025-09020374,,,,1,Metode: Intern metode,N,,29767.0482999999,6514684.8889
025-81555,"Stakkeland bru (Rv. 42), oppstrøms doserer",VK9,Elv,KALK,Tiltaksovervåking i kalkede laksevassdrag,Miljødirektoratet,Eurofins Environment Testing Norway (Moss),ANC,Syrenøytraliserende kapasitet (ANC),,VF,Ferskvann,0,Artsuavhengig,UKJENT,UKJENT,2025-09-29 00:00:00,0,0,m,Ufiltrert,,=,18,,µekv/l,439-2025-09300221,,,,1,Metode: Intern metode,N,,29767.0482999999,6514684.8889
025-81555,"Stakkeland bru (Rv. 42), oppstrøms doserer",VK9,Elv,KALK,Tiltaksovervåking i kalkede laksevassdrag,Miljødirektoratet,Eurofins Environment Testing Norway (Moss),ANC,Syrenøytraliserende kapasitet (ANC),,VF,Ferskvann,0,Artsuavhengig,UKJENT,UKJENT,2025-10-27 00:00:00,0,0,m,Ufiltrert,,=,0.67,,µekv/l,439-2025-10280335,,,,1,Metode: Intern metode,N,,29767.0482999999,6514684.8889
025-81555,"Stakkeland bru (Rv. 42), oppstrøms doserer",VK9,Elv,KALK,Tiltaksovervåking i kalkede laksevassdrag,Miljødirektoratet,Eurofins Environment Testing Norway (Moss),ANC,Syrenøytraliserende kapasitet (ANC),,VF,Ferskvann,0,Artsuavhengig,UKJENT,UKJENT,2025-11-27 00:00:00,0,0,m,Ufiltrert,,=,-7.7,,µekv/l,439-2025-11280201,,,,1,Metode: Intern metode,N,,29767.0482999999,6514684.8889
025-81555,"Stakkeland bru (Rv. 42), oppstrøms doserer",VK9,Elv,KALK,Tiltaksovervåking i kalkede laksevassdrag,Miljødirektoratet,Eurofins Environment Testing Norway (Moss),ANC,Syrenøytraliserende kapasitet (ANC),,VF,Ferskvann,0,Artsuavhengig,UKJENT,UKJENT,2025-12-01 00:00:00,0,0,m,Ufiltrert,,=,-2.6,,µekv/l,439-2025-12020062,,,,1,Metode: Intern metode,N,,29767.0482999999,6514684.8889
025-81555,"Stakkeland bru (Rv. 42), oppstrøms doserer",VK9,Elv,KALK,Tiltaksovervåking i kalkede laksevassdrag,Miljødirektoratet,Eurofins Environment Testing Norway (Moss),SI-SIO2,Reaktivt silikat,7631-86-9,VF,Ferskvann,0,Artsuavhengig,UKJENT,UKJENT,2025-01-07 00:00:00,0,0,m,Ufiltrert,,=,1400,,µg/l SiO2,439-2025-01080273,,,,1,,N,,29767.0482999999,6514684.8889
025-81555,"Stakkeland bru (Rv. 42), oppstrøms doserer",VK9,Elv,KALK,Tiltaksovervåking i kalkede laksevassdrag,Miljødirektoratet,Eurofins Environment Testing Norway (Moss),SI-SIO2,Reaktivt silikat,7631-86-9,VF,Ferskvann,0,Artsuavhengig,UKJENT,UKJENT,2025-01-27 00:00:00,0,0,m,Ufiltrert,,=,1600,,µg/l SiO2,439-2025-01280263,,,,1,,N,,29767.0482999999,6514684.8889
025-81555,"Stakkeland bru (Rv. 42), oppstrøms doserer",VK9,Elv,KALK,Tiltaksovervåking i kalkede laksevassdrag,Miljødirektoratet,Eurofins Environment Testing Norway (Moss),SI-SIO2,Reaktivt silikat,7631-86-9,VF,Ferskvann,0,Artsuavhengig,UKJENT,UKJENT,2025-02-24 00:00:00,0,0,m,Ufiltrert,,=,1200,,µg/l SiO2,439-2025-02250223,,,,1,,N,,29767.0482999999,6514684.8889
025-81555,"Stakkeland bru (Rv. 42), oppstrøms doserer",VK9,Elv,KALK,Tiltaksovervåking i kalkede laksevassdrag,Miljødirektoratet,Eurofins Environment Testing Norway (Moss),SI-SIO2,Reaktivt silikat,7631-86-9,VF,Ferskvann,0,Artsuavhengig,UKJENT,UKJENT,2025-03-10 00:00:00,0,0,m,Ufiltrert,,=,1000,,µg/l SiO2,439-2025-03110190,,,,1,,N,,29767.0482999999,6514684.8889
025-81555,"Stakkeland bru (Rv. 42), oppstrøms doserer",VK9,Elv,KALK,Tiltaksovervåking i kalkede laksevassdrag,Miljødirektoratet,Eurofins Environment Testing Norway (Moss),SI-SIO2,Reaktivt silikat,7631-86-9,VF,Ferskvann,0,Artsuavhengig,UKJENT,UKJENT,2025-03-31 00:00:00,0,0,m,Ufiltrert,,=,1200,,µg/l SiO2,439-2025-04010195,,,,1,,N,,29767.0482999999,6514684.8889
025-81555,"Stakkeland bru (Rv. 42), oppstrøms doserer",VK9,Elv,KALK,Tiltaksovervåking i kalkede laksevassdrag,Miljødirektoratet,Eurofins Environment Testing Norway (Moss),SI-SIO2,Reaktivt silikat,7631-86-9,VF,Ferskvann,0,Artsuavhengig,UKJENT,UKJENT,2025-04-28 00:00:00,0,0,m,Ufiltrert,,=,150,,µg/l SiO2,439-2025-04290507,,,,1,,N,,29767.0482999999,6514684.8889
025-81555,"Stakkeland bru (Rv. 42), oppstrøms doserer",VK9,Elv,KALK,Tiltaksovervåking i kalkede laksevassdrag,Miljødirektoratet,Eurofins Environment Testing Norway (Moss),SI-SIO2,Reaktivt silikat,7631-86-9,VF,Ferskvann,0,Artsuavhengig,UKJENT,UKJENT,2025-05-28 00:00:00,0,0,m,Ufiltrert,,=,920,,µg/l SiO2,439-2025-05300056,,,,1,,N,,29767.0482999999,6514684.8889
025-81555,"Stakkeland bru (Rv. 42), oppstrøms doserer",VK9,Elv,KALK,Tiltaksovervåking i kalkede laksevassdrag,Miljødirektoratet,Eurofins Environment Testing Norway (Moss),SI-SIO2,Reaktivt silikat,7631-86-9,VF,Ferskvann,0,Artsuavhengig,UKJENT,UKJENT,2025-06-02 00:00:00,0,0,m,Ufiltrert,,=,410,,µg/l SiO2,439-2025-06030592,,,,1,,N,,29767.0482999999,6514684.8889
025-81555,"Stakkeland bru (Rv. 42), oppstrøms doserer",VK9,Elv,KALK,Tiltaksovervåking i kalkede laksevassdrag,Miljødirektoratet,Eurofins Environment Testing Norway (Moss),SI-SIO2,Reaktivt silikat,7631-86-9,VF,Ferskvann,0,Artsuavhengig,UKJENT,UKJENT,2025-07-22 00:00:00,0,0,m,Ufiltrert,,=,380,,µg/l SiO2,439-2025-07230077,,,,1,,N,,29767.0482999999,6514684.8889
025-81555,"Stakkeland bru (Rv. 42), oppstrøms doserer",VK9,Elv,KALK,Tiltaksovervåking i kalkede laksevassdrag,Miljødirektoratet,Eurofins Environment Testing Norway (Moss),SI-SIO2,Reaktivt silikat,7631-86-9,VF,Ferskvann,0,Artsuavhengig,UKJENT,UKJENT,2025-07-28 00:00:00,0,0,m,Ufiltrert,,=,450,,µg/l SiO2,439-2025-07300159,,,,1,,N,,29767.0482999999,6514684.8889
025-81555,"Stakkeland bru (Rv. 42), oppstrøms doserer",VK9,Elv,KALK,Tiltaksovervåking i kalkede laksevassdrag,Miljødirektoratet,Eurofins Environment Testing Norway (Moss),SI-SIO2,Reaktivt silikat,7631-86-9,VF,Ferskvann,0,Artsuavhengig,UKJENT,UKJENT,2025-07-05 00:00:00,0,0,m,Ufiltrert,,=,1400,,µg/l SiO2,439-2025-08070189,,,,1,,N,,29767.0482999999,6514684.8889
025-81555,"Stakkeland bru (Rv. 42), oppstrøms doserer",VK9,Elv,KALK,Tiltaksovervåking i kalkede laksevassdrag,Miljødirektoratet,Eurofins Environment Testing Norway (Moss),SI-SIO2,Reaktivt silikat,7631-86-9,VF,Ferskvann,0,Artsuavhengig,UKJENT,UKJENT,2025-09-01 00:00:00,0,0,m,Ufiltrert,,=,470,,µg/l SiO2,439-2025-09020374,,,,1,,N,,29767.0482999999,6514684.8889
025-81555,"Stakkeland bru (Rv. 42), oppstrøms doserer",VK9,Elv,KALK,Tiltaksovervåking i kalkede laksevassdrag,Miljødirektoratet,Eurofins Environment Testing Norway (Moss),SI-SIO2,Reaktivt silikat,7631-86-9,VF,Ferskvann,0,Artsuavhengig,UKJENT,UKJENT,2025-09-29 00:00:00,0,0,m,Ufiltrert,,=,770,,µg/l SiO2,439-2025-09300221,,,,1,,N,,29767.0482999999,6514684.8889
025-81555,"Stakkeland bru (Rv. 42), oppstrøms doserer",VK9,Elv,KALK,Tiltaksovervåking i kalkede laksevassdrag,Miljødirektoratet,Eurofins Environment Testing Norway (Moss),SI-SIO2,Reaktivt silikat,7631-86-9,VF,Ferskvann,0,Artsuavhengig,UKJENT,UKJENT,2025-10-27 00:00:00,0,0,m,Ufiltrert,,=,1600,,µg/l SiO2,439-2025-10280335,,,,1,,N,,29767.0482999999,6514684.8889
025-81555,"Stakkeland bru (Rv. 42), oppstrøms doserer",VK9,Elv,KALK,Tiltaksovervåking i kalkede laksevassdrag,Miljødirektoratet,Eurofins Environment Testing Norway (Moss),SI-SIO2,Reaktivt silikat,7631-86-9,VF,Ferskvann,0,Artsuavhengig,UKJENT,UKJENT,2025-11-27 00:00:00,0,0,m,Ufiltrert,,=,1500,,µg/l SiO2,439-2025-11280201,,,,1,,N,,29767.0482999999,6514684.8889
025-81555,"Stakkeland bru (Rv. 42), oppstrøms doserer",VK9,Elv,KALK,Tiltaksovervåking i kalkede laksevassdrag,Miljødirektoratet,Eurofins Environment Testing Norway (Moss),SI-SIO2,Reaktivt silikat,7631-86-9,VF,Ferskvann,0,Artsuavhengig,UKJENT,UKJENT,2025-12-01 00:00:00,0,0,m,Ufiltrert,,=,1500,,µg/l SiO2,439-2025-12020062,,,,1,,N,,29767.0482999999,6514684.8889
025-81555,"Stakkeland bru (Rv. 42), oppstrøms doserer",VK9,Elv,KALK,Tiltaksovervåking i kalkede laksevassdrag,Miljødirektoratet,Eurofins Environment Testing Norway (Moss),,Natrium,7440-23-5,VF,Ferskvann,0,Artsuavhengig,UKJENT,NS-EN ISO 17294-2:2023,2025-01-07 00:00:00,0,0,m,Ufiltrert,,=,1.8,,mg/l,439-2025-01080273,,,,1,,N,,29767.0482999999,6514684.8889
025-81555,"Stakkeland bru (Rv. 42), oppstrøms doserer",VK9,Elv,KALK,Tiltaksovervåking i kalkede laksevassdrag,Miljødirektoratet,Eurofins Environment Testing Norway (Moss),,Natrium,7440-23-5,VF,Ferskvann,0,Artsuavhengig,UKJENT,NS-EN ISO 17294-2:2023,2025-01-27 00:00:00,0,0,m,Ufiltrert,,=,7,,mg/l,439-2025-01280263,,,,1,,N,,29767.0482999999,6514684.8889
025-81555,"Stakkeland bru (Rv. 42), oppstrøms doserer",VK9,Elv,KALK,Tiltaksovervåking i kalkede laksevassdrag,Miljødirektoratet,Eurofins Environment Testing Norway (Moss),,Natrium,7440-23-5,VF,Ferskvann,0,Artsuavhengig,UKJENT,NS-EN ISO 17294-2:2023,2025-02-24 00:00:00,0,0,m,Ufiltrert,,=,4.8,,mg/l,439-2025-02250223,,,,1,,N,,29767.0482999999,6514684.8889
025-81555,"Stakkeland bru (Rv. 42), oppstrøms doserer",VK9,Elv,KALK,Tiltaksovervåking i kalkede laksevassdrag,Miljødirektoratet,Eurofins Environment Testing Norway (Moss),CL,Klorid,16887-00-6,VF,Ferskvann,0,Artsuavhengig,UKJENT,NS-EN ISO 15923-1:2024,2025-01-07 00:00:00,0,0,m,Filtrert,,=,3.5,,mg/l,439-2025-01080273,,,,1,,N,,29767.0482999999,6514684.8889
025-81555,"Stakkeland bru (Rv. 42), oppstrøms doserer",VK9,Elv,KALK,Tiltaksovervåking i kalkede laksevassdrag,Miljødirektoratet,Eurofins Environment Testing Norway (Moss),CL,Klorid,16887-00-6,VF,Ferskvann,0,Artsuavhengig,UKJENT,NS-EN ISO 15923-1:2024,2025-01-27 00:00:00,0,0,m,Filtrert,,=,15,,mg/l,439-2025-01280263,,,,1,,N,,29767.0482999999,6514684.8889
025-81555,"Stakkeland bru (Rv. 42), oppstrøms doserer",VK9,Elv,KALK,Tiltaksovervåking i kalkede laksevassdrag,Miljødirektoratet,Eurofins Environment Testing Norway (Moss),CL,Klorid,16887-00-6,VF,Ferskvann,0,Artsuavhengig,UKJENT,NS-EN ISO 15923-1:2024,2025-02-24 00:00:00,0,0,m,Filtrert,,=,11,,mg/l,439-2025-02250223,,,,1,,N,,29767.0482999999,6514684.8889
025-81555,"Stakkeland bru (Rv. 42), oppstrøms doserer",VK9,Elv,KALK,Tiltaksovervåking i kalkede laksevassdrag,Miljødirektoratet,Eurofins Environment Testing Norway (Moss),CL,Klorid,16887-00-6,VF,Ferskvann,0,Artsuavhengig,UKJENT,NS-EN ISO 15923-1:2024,2025-03-10 00:00:00,0,0,m,Filtrert,,=,8.6,,mg/l,439-2025-03110190,,,,1,,N,,29767.0482999999,6514684.8889
025-81555,"Stakkeland bru (Rv. 42), oppstrøms doserer",VK9,Elv,KALK,Tiltaksovervåking i kalkede laksevassdrag,Miljødirektoratet,Eurofins Environment Testing Norway (Moss),CL,Klorid,16887-00-6,VF,Ferskvann,0,Artsuavhengig,UKJENT,NS-EN ISO 15923-1:2024,2025-03-31 00:00:00,0,0,m,Filtrert,,=,7.1,,mg/l,439-2025-04010195,,,,1,,N,,29767.0482999999,6514684.8889
025-81555,"Stakkeland bru (Rv. 42), oppstrøms doserer",VK9,Elv,KALK,Tiltaksovervåking i kalkede laksevassdrag,Miljødirektoratet,Eurofins Environment Testing Norway (Moss),CL,Klorid,16887-00-6,VF,Ferskvann,0,Artsuavhengig,UKJENT,NS-EN ISO 15923-1:2024,2025-04-28 00:00:00,0,0,m,Filtrert,,=,7.6,,mg/l,439-2025-04290507,,,,1,,N,,29767.0482999999,6514684.8889
025-81555,"Stakkeland bru (Rv. 42), oppstrøms doserer",VK9,Elv,KALK,Tiltaksovervåking i kalkede laksevassdrag,Miljødirektoratet,Eurofins Environment Testing Norway (Moss),CL,Klorid,16887-00-6,VF,Ferskvann,0,Artsuavhengig,UKJENT,NS-EN ISO 15923-1:2024,2025-05-28 00:00:00,0,0,m,Filtrert,,=,9,,mg/l,439-2025-05300056,,,,1,,N,,29767.0482999999,6514684.8889
025-81555,"Stakkeland bru (Rv. 42), oppstrøms doserer",VK9,Elv,KALK,Tiltaksovervåking i kalkede laksevassdrag,Miljødirektoratet,Eurofins Environment Testing Norway (Moss),CL,Klorid,16887-00-6,VF,Ferskvann,0,Artsuavhengig,UKJENT,NS-EN ISO 15923-1:2024,2025-06-02 00:00:00,0,0,m,Filtrert,,=,7,,mg/l,439-2025-06030592,,,,1,,N,,29767.0482999999,6514684.8889
025-81555,"Stakkeland bru (Rv. 42), oppstrøms doserer",VK9,Elv,KALK,Tiltaksovervåking i kalkede laksevassdrag,Miljødirektoratet,Eurofins Environment Testing Norway (Moss),CL,Klorid,16887-00-6,VF,Ferskvann,0,Artsuavhengig,UKJENT,NS-EN ISO 15923-1:2024,2025-06-30 00:00:00,0,0,m,Filtrert,,=,4.5,,mg/l,439-2025-07020064,,,,1,,N,,29767.0482999999,6514684.8889
025-81555,"Stakkeland bru (Rv. 42), oppstrøms doserer",VK9,Elv,KALK,Tiltaksovervåking i kalkede laksevassdrag,Miljødirektoratet,Eurofins Environment Testing Norway (Moss),CL,Klorid,16887-00-6,VF,Ferskvann,0,Artsuavhengig,UKJENT,NS-EN ISO 15923-1:2024,2025-07-22 00:00:00,0,0,m,Filtrert,,=,3.8,,mg/l,439-2025-07230077,,,,1,,N,,29767.0482999999,6514684.8889
025-81555,"Stakkeland bru (Rv. 42), oppstrøms doserer",VK9,Elv,KALK,Tiltaksovervåking i kalkede laksevassdrag,Miljødirektoratet,Eurofins Environment Testing Norway (Moss),CL,Klorid,16887-00-6,VF,Ferskvann,0,Artsuavhengig,UKJENT,NS-EN ISO 15923-1:2024,2025-07-28 00:00:00,0,0,m,Filtrert,,=,4.1,,mg/l,439-2025-07300159,,,,1,,N,,29767.0482999999,6514684.8889
025-81555,"Stakkeland bru (Rv. 42), oppstrøms doserer",VK9,Elv,KALK,Tiltaksovervåking i kalkede laksevassdrag,Miljødirektoratet,Eurofins Environment Testing Norway (Moss),CL,Klorid,16887-00-6,VF,Ferskvann,0,Artsuavhengig,UKJENT,NS-EN ISO 15923-1:2024,2025-07-05 00:00:00,0,0,m,Filtrert,,=,4.5,,mg/l,439-2025-08070189,,,,1,,N,,29767.0482999999,6514684.8889
025-81555,"Stakkeland bru (Rv. 42), oppstrøms doserer",VK9,Elv,KALK,Tiltaksovervåking i kalkede laksevassdrag,Miljødirektoratet,Eurofins Environment Testing Norway (Moss),CL,Klorid,16887-00-6,VF,Ferskvann,0,Artsuavhengig,UKJENT,NS-EN ISO 15923-1:2024,2025-09-01 00:00:00,0,0,m,Filtrert,,=,2.8,,mg/l,439-2025-09020374,,,,1,,N,,29767.0482999999,6514684.8889
025-81555,"Stakkeland bru (Rv. 42), oppstrøms doserer",VK9,Elv,KALK,Tiltaksovervåking i kalkede laksevassdrag,Miljødirektoratet,Eurofins Environment Testing Norway (Moss),CL,Klorid,16887-00-6,VF,Ferskvann,0,Artsuavhengig,UKJENT,NS-EN ISO 15923-1:2024,2025-09-29 00:00:00,0,0,m,Filtrert,,=,3.5,,mg/l,439-2025-09300221,,,,1,,N,,29767.0482999999,6514684.8889
025-81555,"Stakkeland bru (Rv. 42), oppstrøms doserer",VK9,Elv,KALK,Tiltaksovervåking i kalkede laksevassdrag,Miljødirektoratet,Eurofins Environment Testing Norway (Moss),CL,Klorid,16887-00-6,VF,Ferskvann,0,Artsuavhengig,UKJENT,NS-EN ISO 15923-1:2024,2025-10-27 00:00:00,0,0,m,Filtrert,,=,4.2,,mg/l,439-2025-10280335,,,,1,,N,,29767.0482999999,6514684.8889
025-81555,"Stakkeland bru (Rv. 42), oppstrøms doserer",VK9,Elv,KALK,Tiltaksovervåking i kalkede laksevassdrag,Miljødirektoratet,Eurofins Environment Testing Norway (Moss),CL,Klorid,16887-00-6,VF,Ferskvann,0,Artsuavhengig,UKJENT,NS-EN ISO 15923-1:2024,2025-11-27 00:00:00,0,0,m,Filtrert,,=,3.6,,mg/l,439-2025-11280201,,,,1,,N,,29767.0482999999,6514684.8889
025-81555,"Stakkeland bru (Rv. 42), oppstrøms doserer",VK9,Elv,KALK,Tiltaksovervåking i kalkede laksevassdrag,Miljødirektoratet,Eurofins Environment Testing Norway (Moss),CL,Klorid,16887-00-6,VF,Ferskvann,0,Artsuavhengig,UKJENT,NS-EN ISO 15923-1:2024,2025-12-01 00:00:00,0,0,m,Filtrert,,=,4.2,,mg/l,439-2025-12020062,,,,1,,N,,29767.0482999999,6514684.8889
025-81555,"Stakkeland bru (Rv. 42), oppstrøms doserer",VK9,Elv,KALK,Tiltaksovervåking i kalkede laksevassdrag,Miljødirektoratet,Eurofins Environment Testing Norway (Moss),SI-SIO2,Reaktivt silikat,7631-86-9,VF,Ferskvann,0,Artsuavhengig,UKJENT,UKJENT,2025-06-30 00:00:00,0,0,m,Ufiltrert,,=,110,,µg/l SiO2,439-2025-07020064,,,,1,,N,,29767.0482999999,6514684.8889
025-81555,"Stakkeland bru (Rv. 42), oppstrøms doserer",VK9,Elv,KALK,Tiltaksovervåking i kalkede laksevassdrag,Miljødirektoratet,Eurofins Environment Testing Norway (Moss),RAL,Reaktivt aluminium,,VF,Ferskvann,0,Artsuavhengig,UKJENT,UKJENT,2025-01-07 00:00:00,0,0,m,Ufiltrert,,=,100,,µg/l Al,439-2025-01080273,,,,1,Metode: Intern metode,N,,29767.0482999999,6514684.8889
025-81555,"Stakkeland bru (Rv. 42), oppstrøms doserer",VK9,Elv,KALK,Tiltaksovervåking i kalkede laksevassdrag,Miljødirektoratet,Eurofins Environment Testing Norway (Moss),RAL,Reaktivt aluminium,,VF,Ferskvann,0,Artsuavhengig,UKJENT,UKJENT,2025-01-27 00:00:00,0,0,m,Ufiltrert,,=,150,,µg/l Al,439-2025-01280263,,,,1,Metode: Intern metode,N,,29767.0482999999,6514684.8889
025-81555,"Stakkeland bru (Rv. 42), oppstrøms doserer",VK9,Elv,KALK,Tiltaksovervåking i kalkede laksevassdrag,Miljødirektoratet,Eurofins Environment Testing Norway (Moss),RAL,Reaktivt aluminium,,VF,Ferskvann,0,Artsuavhengig,UKJENT,UKJENT,2025-02-24 00:00:00,0,0,m,Ufiltrert,,=,110,,µg/l Al,439-2025-02250223,,,,1,Metode: Intern metode,N,,29767.0482999999,6514684.8889
025-81555,"Stakkeland bru (Rv. 42), oppstrøms doserer",VK9,Elv,KALK,Tiltaksovervåking i kalkede laksevassdrag,Miljødirektoratet,Eurofins Environment Testing Norway (Moss),RAL,Reaktivt aluminium,,VF,Ferskvann,0,Artsuavhengig,UKJENT,UKJENT,2025-03-10 00:00:00,0,0,m,Ufiltrert,,=,88,,µg/l Al,439-2025-03110190,,,,1,Metode: Intern metode,N,,29767.0482999999,6514684.8889
025-81555,"Stakkeland bru (Rv. 42), oppstrøms doserer",VK9,Elv,KALK,Tiltaksovervåking i kalkede laksevassdrag,Miljødirektoratet,Eurofins Environment Testing Norway (Moss),RAL,Reaktivt aluminium,,VF,Ferskvann,0,Artsuavhengig,UKJENT,UKJENT,2025-03-31 00:00:00,0,0,m,Ufiltrert,,=,100,,µg/l Al,439-2025-04010195,,,,1,Metode: Intern metode,N,,29767.0482999999,6514684.8889
025-81555,"Stakkeland bru (Rv. 42), oppstrøms doserer",VK9,Elv,KALK,Tiltaksovervåking i kalkede laksevassdrag,Miljødirektoratet,Eurofins Environment Testing Norway (Moss),RAL,Reaktivt aluminium,,VF,Ferskvann,0,Artsuavhengig,UKJENT,UKJENT,2025-04-28 00:00:00,0,0,m,Ufiltrert,,=,28,,µg/l Al,439-2025-04290507,,,,1,Metode: Intern metode,N,,29767.0482999999,6514684.8889
025-81555,"Stakkeland bru (Rv. 42), oppstrøms doserer",VK9,Elv,KALK,Tiltaksovervåking i kalkede laksevassdrag,Miljødirektoratet,Eurofins Environment Testing Norway (Moss),RAL,Reaktivt aluminium,,VF,Ferskvann,0,Artsuavhengig,UKJENT,UKJENT,2025-05-28 00:00:00,0,0,m,Ufiltrert,,=,29,,µg/l Al,439-2025-05300056,,,,1,Metode: Intern metode,N,,29767.0482999999,6514684.8889
025-81555,"Stakkeland bru (Rv. 42), oppstrøms doserer",VK9,Elv,KALK,Tiltaksovervåking i kalkede laksevassdrag,Miljødirektoratet,Eurofins Environment Testing Norway (Moss),RAL,Reaktivt aluminium,,VF,Ferskvann,0,Artsuavhengig,UKJENT,UKJENT,2025-06-02 00:00:00,0,0,m,Ufiltrert,,=,33,,µg/l Al,439-2025-06030592,,,,1,Metode: Intern metode,N,,29767.0482999999,6514684.8889
025-81555,"Stakkeland bru (Rv. 42), oppstrøms doserer",VK9,Elv,KALK,Tiltaksovervåking i kalkede laksevassdrag,Miljødirektoratet,Eurofins Environment Testing Norway (Moss),SI,Silisium,7440-21-3,VF,Ferskvann,0,Artsuavhengig,UKJENT,UKJENT,2025-07-22 00:00:00,0,0,m,Ufiltrert,,=,180,,µg/l,439-2025-07230077,,,,1,,N,,29767.0482999999,6514684.8889
025-81555,"Stakkeland bru (Rv. 42), oppstrøms doserer",VK9,Elv,KALK,Tiltaksovervåking i kalkede laksevassdrag,Miljødirektoratet,Eurofins Environment Testing Norway (Moss),CA,Kalsium,7440-70-2,VF,Ferskvann,0,Artsuavhengig,UKJENT,NS-EN ISO 17294-2:2023,2025-09-29 00:00:00,0,0,m,Ufiltrert,,=,0.7,,mg/l,439-2025-09300221,,,,1,,N,,29767.0482999999,6514684.8889
025-81555,"Stakkeland bru (Rv. 42), oppstrøms doserer",VK9,Elv,KALK,Tiltaksovervåking i kalkede laksevassdrag,Miljødirektoratet,Eurofins Environment Testing Norway (Moss),SO4,Sulfat,18785-72-3,VF,Ferskvann,0,Artsuavhengig,UKJENT,NS-EN ISO 10304-1:2009,2025-01-07 00:00:00,0,0,m,Ufiltrert,,=,0.73,,mg/l,439-2025-01080273,,,,1,,N,,29767.0482999999,6514684.8889
025-81555,"Stakkeland bru (Rv. 42), oppstrøms doserer",VK9,Elv,KALK,Tiltaksovervåking i kalkede laksevassdrag,Miljødirektoratet,Eurofins Environment Testing Norway (Moss),SO4,Sulfat,18785-72-3,VF,Ferskvann,0,Artsuavhengig,UKJENT,NS-EN ISO 10304-1:2009,2025-01-27 00:00:00,0,0,m,Ufiltrert,,=,2.14,,mg/l,439-2025-01280263,,,,1,,N,,29767.0482999999,6514684.8889
025-81555,"Stakkeland bru (Rv. 42), oppstrøms doserer",VK9,Elv,KALK,Tiltaksovervåking i kalkede laksevassdrag,Miljødirektoratet,Eurofins Environment Testing Norway (Moss),SO4,Sulfat,18785-72-3,VF,Ferskvann,0,Artsuavhengig,UKJENT,NS-EN ISO 10304-1:2009,2025-02-24 00:00:00,0,0,m,Ufiltrert,,=,1.36,,mg/l,439-2025-02250223,,,,1,,N,,29767.0482999999,6514684.8889
025-81555,"Stakkeland bru (Rv. 42), oppstrøms doserer",VK9,Elv,KALK,Tiltaksovervåking i kalkede laksevassdrag,Miljødirektoratet,Eurofins Environment Testing Norway (Moss),SO4,Sulfat,18785-72-3,VF,Ferskvann,0,Artsuavhengig,UKJENT,NS-EN ISO 10304-1:2009,2025-03-10 00:00:00,0,0,m,Ufiltrert,,=,0.43,,mg/l,439-2025-03110190,,,,1,,N,,29767.0482999999,6514684.8889
025-81555,"Stakkeland bru (Rv. 42), oppstrøms doserer",VK9,Elv,KALK,Tiltaksovervåking i kalkede laksevassdrag,Miljødirektoratet,Eurofins Environment Testing Norway (Moss),SO4,Sulfat,18785-72-3,VF,Ferskvann,0,Artsuavhengig,UKJENT,NS-EN ISO 10304-1:2009,2025-03-31 00:00:00,0,0,m,Ufiltrert,,=,1.26,,mg/l,439-2025-04010195,,,,1,,N,,29767.0482999999,6514684.8889
025-81555,"Stakkeland bru (Rv. 42), oppstrøms doserer",VK9,Elv,KALK,Tiltaksovervåking i kalkede laksevassdrag,Miljødirektoratet,Eurofins Environment Testing Norway (Moss),SO4,Sulfat,18785-72-3,VF,Ferskvann,0,Artsuavhengig,UKJENT,NS-EN ISO 10304-1:2009,2025-04-28 00:00:00,0,0,m,Ufiltrert,,=,0.79,,mg/l,439-2025-04290507,,,,1,,N,,29767.0482999999,6514684.8889
025-81555,"Stakkeland bru (Rv. 42), oppstrøms doserer",VK9,Elv,KALK,Tiltaksovervåking i kalkede laksevassdrag,Miljødirektoratet,Eurofins Environment Testing Norway (Moss),SO4,Sulfat,18785-72-3,VF,Ferskvann,0,Artsuavhengig,UKJENT,NS-EN ISO 10304-1:2009,2025-05-28 00:00:00,0,0,m,Ufiltrert,,=,0.96,,mg/l,439-2025-05300056,,,,1,,N,,29767.0482999999,6514684.8889
025-81555,"Stakkeland bru (Rv. 42), oppstrøms doserer",VK9,Elv,KALK,Tiltaksovervåking i kalkede laksevassdrag,Miljødirektoratet,Eurofins Environment Testing Norway (Moss),SO4,Sulfat,18785-72-3,VF,Ferskvann,0,Artsuavhengig,UKJENT,NS-EN ISO 10304-1:2009,2025-06-02 00:00:00,0,0,m,Ufiltrert,,=,1.2,,mg/l,439-2025-06030592,,,,1,,N,,29767.0482999999,6514684.8889
025-81555,"Stakkeland bru (Rv. 42), oppstrøms doserer",VK9,Elv,KALK,Tiltaksovervåking i kalkede laksevassdrag,Miljødirektoratet,Eurofins Environment Testing Norway (Moss),SO4,Sulfat,18785-72-3,VF,Ferskvann,0,Artsuavhengig,UKJENT,NS-EN ISO 10304-1:2009,2025-06-30 00:00:00,0,0,m,Ufiltrert,,=,0.77,,mg/l,439-2025-07020064,,,,1,,N,,29767.0482999999,6514684.8889
025-81555,"Stakkeland bru (Rv. 42), oppstrøms doserer",VK9,Elv,KALK,Tiltaksovervåking i kalkede laksevassdrag,Miljødirektoratet,Eurofins Environment Testing Norway (Moss),SO4,Sulfat,18785-72-3,VF,Ferskvann,0,Artsuavhengig,UKJENT,NS-EN ISO 10304-1:2009,2025-07-22 00:00:00,0,0,m,Ufiltrert,,=,0.8,,mg/l,439-2025-07230077,,,,1,,N,,29767.0482999999,6514684.8889
025-81555,"Stakkeland bru (Rv. 42), oppstrøms doserer",VK9,Elv,KALK,Tiltaksovervåking i kalkede laksevassdrag,Miljødirektoratet,Eurofins Environment Testing Norway (Moss),SO4,Sulfat,18785-72-3,VF,Ferskvann,0,Artsuavhengig,UKJENT,NS-EN ISO 10304-1:2009,2025-07-28 00:00:00,0,0,m,Ufiltrert,,=,0.85,,mg/l,439-2025-07300159,,,,1,,N,,29767.0482999999,6514684.8889
025-81555,"Stakkeland bru (Rv. 42), oppstrøms doserer",VK9,Elv,KALK,Tiltaksovervåking i kalkede laksevassdrag,Miljødirektoratet,Eurofins Environment Testing Norway (Moss),SO4,Sulfat,18785-72-3,VF,Ferskvann,0,Artsuavhengig,UKJENT,NS-EN ISO 10304-1:2009,2025-07-05 00:00:00,0,0,m,Ufiltrert,,=,0.75,,mg/l,439-2025-08070189,,,,1,,N,,29767.0482999999,6514684.8889
025-81555,"Stakkeland bru (Rv. 42), oppstrøms doserer",VK9,Elv,KALK,Tiltaksovervåking i kalkede laksevassdrag,Miljødirektoratet,Eurofins Environment Testing Norway (Moss),SO4,Sulfat,18785-72-3,VF,Ferskvann,0,Artsuavhengig,UKJENT,NS-EN ISO 10304-1:2009,2025-09-01 00:00:00,0,0,m,Ufiltrert,,=,0.66,,mg/l,439-2025-09020374,,,,1,,N,,29767.0482999999,6514684.8889
025-81555,"Stakkeland bru (Rv. 42), oppstrøms doserer",VK9,Elv,KALK,Tiltaksovervåking i kalkede laksevassdrag,Miljødirektoratet,Eurofins Environment Testing Norway (Moss),SO4,Sulfat,18785-72-3,VF,Ferskvann,0,Artsuavhengig,UKJENT,NS-EN ISO 10304-1:2009,2025-09-29 00:00:00,0,0,m,Ufiltrert,,=,1.01,,mg/l,439-2025-09300221,,,,1,,N,,29767.0482999999,6514684.8889
025-81555,"Stakkeland bru (Rv. 42), oppstrøms doserer",VK9,Elv,KALK,Tiltaksovervåking i kalkede laksevassdrag,Miljødirektoratet,Eurofins Environment Testing Norway (Moss),SO4,Sulfat,18785-72-3,VF,Ferskvann,0,Artsuavhengig,UKJENT,NS-EN ISO 10304-1:2009,2025-10-27 00:00:00,0,0,m,Ufiltrert,,=,0.95,,mg/l,439-2025-10280335,,,,1,,N,,29767.0482999999,6514684.8889
025-81555,"Stakkeland bru (Rv. 42), oppstrøms doserer",VK9,Elv,KALK,Tiltaksovervåking i kalkede laksevassdrag,Miljødirektoratet,Eurofins Environment Testing Norway (Moss),SO4,Sulfat,18785-72-3,VF,Ferskvann,0,Artsuavhengig,UKJENT,NS-EN ISO 10304-1:2009,2025-11-27 00:00:00,0,0,m,Ufiltrert,,=,0.77,,mg/l,439-2025-11280201,,,,1,,N,,29767.0482999999,6514684.8889
025-81555,"Stakkeland bru (Rv. 42), oppstrøms doserer",VK9,Elv,KALK,Tiltaksovervåking i kalkede laksevassdrag,Miljødirektoratet,Eurofins Environment Testing Norway (Moss),SO4,Sulfat,18785-72-3,VF,Ferskvann,0,Artsuavhengig,UKJENT,NS-EN ISO 10304-1:2009,2025-12-01 00:00:00,0,0,m,Ufiltrert,,=,0.78,,mg/l,439-2025-12020062,,,,1,,N,,29767.0482999999,6514684.8889
025-81555,"Stakkeland bru (Rv. 42), oppstrøms doserer",VK9,Elv,KALK,Tiltaksovervåking i kalkede laksevassdrag,Miljødirektoratet,Eurofins Environment Testing Norway (Moss),P-TOT,Totalfosfor,7723-14-0,VF,Ferskvann,0,Artsuavhengig,UKJENT,NS-EN ISO 15681-2:2018,2025-03-10 00:00:00,0,0,m,Ufiltrert,,=,2.1,,µg/l P,439-2025-03110190,,,,1,,N,,29767.0482999999,6514684.8889
025-81555,"Stakkeland bru (Rv. 42), oppstrøms doserer",VK9,Elv,KALK,Tiltaksovervåking i kalkede laksevassdrag,Miljødirektoratet,Eurofins Environment Testing Norway (Moss),P-TOT,Totalfosfor,7723-14-0,VF,Ferskvann,0,Artsuavhengig,UKJENT,NS-EN ISO 15681-2:2018,2025-03-31 00:00:00,0,0,m,Ufiltrert,,=,3.9,,µg/l P,439-2025-04010195,,,,1,,N,,29767.0482999999,6514684.8889
025-81555,"Stakkeland bru (Rv. 42), oppstrøms doserer",VK9,Elv,KALK,Tiltaksovervåking i kalkede laksevassdrag,Miljødirektoratet,Eurofins Environment Testing Norway (Moss),P-TOT,Totalfosfor,7723-14-0,VF,Ferskvann,0,Artsuavhengig,UKJENT,NS-EN ISO 15681-2:2018,2025-04-28 00:00:00,0,0,m,Ufiltrert,,=,3.9,,µg/l P,439-2025-04290507,,,,1,,N,,29767.0482999999,6514684.8889
025-81555,"Stakkeland bru (Rv. 42), oppstrøms doserer",VK9,Elv,KALK,Tiltaksovervåking i kalkede laksevassdrag,Miljødirektoratet,Eurofins Environment Testing Norway (Moss),P-TOT,Totalfosfor,7723-14-0,VF,Ferskvann,0,Artsuavhengig,UKJENT,NS-EN ISO 15681-2:2018,2025-05-28 00:00:00,0,0,m,Ufiltrert,,=,6.3,,µg/l P,439-2025-05300056,,,,1,,N,,29767.0482999999,6514684.8889
025-81555,"Stakkeland bru (Rv. 42), oppstrøms doserer",VK9,Elv,KALK,Tiltaksovervåking i kalkede laksevassdrag,Miljødirektoratet,Eurofins Environment Testing Norway (Moss),P-TOT,Totalfosfor,7723-14-0,VF,Ferskvann,0,Artsuavhengig,UKJENT,NS-EN ISO 15681-2:2018,2025-06-02 00:00:00,0,0,m,Ufiltrert,,=,4.4,,µg/l P,439-2025-06030592,,,,1,,N,,29767.0482999999,6514684.8889
025-81555,"Stakkeland bru (Rv. 42), oppstrøms doserer",VK9,Elv,KALK,Tiltaksovervåking i kalkede laksevassdrag,Miljødirektoratet,Eurofins Environment Testing Norway (Moss),P-TOT,Totalfosfor,7723-14-0,VF,Ferskvann,0,Artsuavhengig,UKJENT,NS-EN ISO 15681-2:2018,2025-06-30 00:00:00,0,0,m,Ufiltrert,,=,4.5,,µg/l P,439-2025-07020064,,,,1,,N,,29767.0482999999,6514684.8889
025-81555,"Stakkeland bru (Rv. 42), oppstrøms doserer",VK9,Elv,KALK,Tiltaksovervåking i kalkede laksevassdrag,Miljødirektoratet,Eurofins Environment Testing Norway (Moss),P-TOT,Totalfosfor,7723-14-0,VF,Ferskvann,0,Artsuavhengig,UKJENT,NS-EN ISO 15681-2:2018,2025-07-22 00:00:00,0,0,m,Ufiltrert,,=,8.5,,µg/l P,439-2025-07230077,,,,1,,N,,29767.0482999999,6514684.8889
025-81555,"Stakkeland bru (Rv. 42), oppstrøms doserer",VK9,Elv,KALK,Tiltaksovervåking i kalkede laksevassdrag,Miljødirektoratet,Eurofins Environment Testing Norway (Moss),P-TOT,Totalfosfor,7723-14-0,VF,Ferskvann,0,Artsuavhengig,UKJENT,NS-EN ISO 15681-2:2018,2025-07-28 00:00:00,0,0,m,Ufiltrert,,=,3.6,,µg/l P,439-2025-07300159,,,,1,,N,,29767.0482999999,6514684.8889
025-81555,"Stakkeland bru (Rv. 42), oppstrøms doserer",VK9,Elv,KALK,Tiltaksovervåking i kalkede laksevassdrag,Miljødirektoratet,Eurofins Environment Testing Norway (Moss),P-TOT,Totalfosfor,7723-14-0,VF,Ferskvann,0,Artsuavhengig,UKJENT,NS-EN ISO 15681-2:2018,2025-07-05 00:00:00,0,0,m,Ufiltrert,,=,14,,µg/l P,439-2025-08070189,,,,1,,N,,29767.0482999999,6514684.8889
025-81555,"Stakkeland bru (Rv. 42), oppstrøms doserer",VK9,Elv,KALK,Tiltaksovervåking i kalkede laksevassdrag,Miljødirektoratet,Eurofins Environment Testing Norway (Moss),P-TOT,Totalfosfor,7723-14-0,VF,Ferskvann,0,Artsuavhengig,UKJENT,NS-EN ISO 15681-2:2018,2025-09-01 00:00:00,0,0,m,Ufiltrert,,=,4.9,,µg/l P,439-2025-09020374,,,,1,,N,,29767.0482999999,6514684.8889
025-81555,"Stakkeland bru (Rv. 42), oppstrøms doserer",VK9,Elv,KALK,Tiltaksovervåking i kalkede laksevassdrag,Miljødirektoratet,Eurofins Environment Testing Norway (Moss),P-TOT,Totalfosfor,7723-14-0,VF,Ferskvann,0,Artsuavhengig,UKJENT,NS-EN ISO 15681-2:2018,2025-09-29 00:00:00,0,0,m,Ufiltrert,,=,4.6,,µg/l P,439-2025-09300221,,,,1,,N,,29767.0482999999,6514684.8889
025-81555,"Stakkeland bru (Rv. 42), oppstrøms doserer",VK9,Elv,KALK,Tiltaksovervåking i kalkede laksevassdrag,Miljødirektoratet,Eurofins Environment Testing Norway (Moss),P-TOT,Totalfosfor,7723-14-0,VF,Ferskvann,0,Artsuavhengig,UKJENT,NS-EN ISO 15681-2:2018,2025-10-27 00:00:00,0,0,m,Ufiltrert,,=,5.7,,µg/l P,439-2025-10280335,,,,1,,N,,29767.0482999999,6514684.8889
025-81555,"Stakkeland bru (Rv. 42), oppstrøms doserer",VK9,Elv,KALK,Tiltaksovervåking i kalkede laksevassdrag,Miljødirektoratet,Eurofins Environment Testing Norway (Moss),P-TOT,Totalfosfor,7723-14-0,VF,Ferskvann,0,Artsuavhengig,UKJENT,NS-EN ISO 15681-2:2018,2025-11-27 00:00:00,0,0,m,Ufiltrert,,=,6.5,,µg/l P,439-2025-11280201,,,,1,,N,,29767.0482999999,6514684.8889
025-81555,"Stakkeland bru (Rv. 42), oppstrøms doserer",VK9,Elv,KALK,Tiltaksovervåking i kalkede laksevassdrag,Miljødirektoratet,Eurofins Environment Testing Norway (Moss),P-TOT,Totalfosfor,7723-14-0,VF,Ferskvann,0,Artsuavhengig,UKJENT,NS-EN ISO 15681-2:2018,2025-12-01 00:00:00,0,0,m,Ufiltrert,,=,7.4,,µg/l P,439-2025-12020062,,,,1,,N,,29767.0482999999,6514684.8889
025-81555,"Stakkeland bru (Rv. 42), oppstrøms doserer",VK9,Elv,KALK,Tiltaksovervåking i kalkede laksevassdrag,Miljødirektoratet,Eurofins Environment Testing Norway (Moss),K,Kalium,7440-09-7,VF,Ferskvann,0,Artsuavhengig,UKJENT,NS-EN ISO 17294-2:2023,2025-01-07 00:00:00,0,0,m,Ufiltrert,,=,0.12,,mg/l,439-2025-01080273,,,,1,,N,,29767.0482999999,6514684.8889
025-81555,"Stakkeland bru (Rv. 42), oppstrøms doserer",VK9,Elv,KALK,Tiltaksovervåking i kalkede laksevassdrag,Miljødirektoratet,Eurofins Environment Testing Norway (Moss),K,Kalium,7440-09-7,VF,Ferskvann,0,Artsuavhengig,UKJENT,NS-EN ISO 17294-2:2023,2025-01-27 00:00:00,0,0,m,Ufiltrert,,=,0.29,,mg/l,439-2025-01280263,,,,1,,N,,29767.0482999999,6514684.8889
025-81555,"Stakkeland bru (Rv. 42), oppstrøms doserer",VK9,Elv,KALK,Tiltaksovervåking i kalkede laksevassdrag,Miljødirektoratet,Eurofins Environment Testing Norway (Moss),K,Kalium,7440-09-7,VF,Ferskvann,0,Artsuavhengig,UKJENT,NS-EN ISO 17294-2:2023,2025-02-24 00:00:00,0,0,m,Ufiltrert,,=,0.3,,mg/l,439-2025-02250223,,,,1,,N,,29767.0482999999,6514684.8889
025-81555,"Stakkeland bru (Rv. 42), oppstrøms doserer",VK9,Elv,KALK,Tiltaksovervåking i kalkede laksevassdrag,Miljødirektoratet,Eurofins Environment Testing Norway (Moss),K,Kalium,7440-09-7,VF,Ferskvann,0,Artsuavhengig,UKJENT,NS-EN ISO 17294-2:2023,2025-03-10 00:00:00,0,0,m,Ufiltrert,,=,0.25,,mg/l,439-2025-03110190,,,,1,,N,,29767.0482999999,6514684.8889
025-81555,"Stakkeland bru (Rv. 42), oppstrøms doserer",VK9,Elv,KALK,Tiltaksovervåking i kalkede laksevassdrag,Miljødirektoratet,Eurofins Environment Testing Norway (Moss),K,Kalium,7440-09-7,VF,Ferskvann,0,Artsuavhengig,UKJENT,NS-EN ISO 17294-2:2023,2025-03-31 00:00:00,0,0,m,Ufiltrert,,=,0.22,,mg/l,439-2025-04010195,,,,1,,N,,29767.0482999999,6514684.8889
025-81555,"Stakkeland bru (Rv. 42), oppstrøms doserer",VK9,Elv,KALK,Tiltaksovervåking i kalkede laksevassdrag,Miljødirektoratet,Eurofins Environment Testing Norway (Moss),K,Kalium,7440-09-7,VF,Ferskvann,0,Artsuavhengig,UKJENT,NS-EN ISO 17294-2:2023,2025-04-28 00:00:00,0,0,m,Ufiltrert,,=,0.15,,mg/l,439-2025-04290507,,,,1,,N,,29767.0482999999,6514684.8889
025-81555,"Stakkeland bru (Rv. 42), oppstrøms doserer",VK9,Elv,KALK,Tiltaksovervåking i kalkede laksevassdrag,Miljødirektoratet,Eurofins Environment Testing Norway (Moss),K,Kalium,7440-09-7,VF,Ferskvann,0,Artsuavhengig,UKJENT,NS-EN ISO 17294-2:2023,2025-05-28 00:00:00,0,0,m,Ufiltrert,,=,0.17,,mg/l,439-2025-05300056,,,,1,,N,,29767.0482999999,6514684.8889
025-81555,"Stakkeland bru (Rv. 42), oppstrøms doserer",VK9,Elv,KALK,Tiltaksovervåking i kalkede laksevassdrag,Miljødirektoratet,Eurofins Environment Testing Norway (Moss),K,Kalium,7440-09-7,VF,Ferskvann,0,Artsuavhengig,UKJENT,NS-EN ISO 17294-2:2023,2025-06-02 00:00:00,0,0,m,Ufiltrert,,=,0.17,,mg/l,439-2025-06030592,,,,1,,N,,29767.0482999999,6514684.8889
025-81555,"Stakkeland bru (Rv. 42), oppstrøms doserer",VK9,Elv,KALK,Tiltaksovervåking i kalkede laksevassdrag,Miljødirektoratet,Eurofins Environment Testing Norway (Moss),K,Kalium,7440-09-7,VF,Ferskvann,0,Artsuavhengig,UKJENT,NS-EN ISO 17294-2:2023,2025-06-30 00:00:00,0,0,m,Ufiltrert,,=,0.12,,mg/l,439-2025-07020064,,,,1,,N,,29767.0482999999,6514684.8889
025-81555,"Stakkeland bru (Rv. 42), oppstrøms doserer",VK9,Elv,KALK,Tiltaksovervåking i kalkede laksevassdrag,Miljødirektoratet,Eurofins Environment Testing Norway (Moss),K,Kalium,7440-09-7,VF,Ferskvann,0,Artsuavhengig,UKJENT,NS-EN ISO 17294-2:2023,2025-07-22 00:00:00,0,0,m,Ufiltrert,,=,0.15,,mg/l,439-2025-07230077,,,,1,,N,,29767.0482999999,6514684.8889
025-81555,"Stakkeland bru (Rv. 42), oppstrøms doserer",VK9,Elv,KALK,Tiltaksovervåking i kalkede laksevassdrag,Miljødirektoratet,Eurofins Environment Testing Norway (Moss),K,Kalium,7440-09-7,VF,Ferskvann,0,Artsuavhengig,UKJENT,NS-EN ISO 17294-2:2023,2025-07-28 00:00:00,0,0,m,Ufiltrert,,=,0.15,,mg/l,439-2025-07300159,,,,1,,N,,29767.0482999999,6514684.8889
025-81555,"Stakkeland bru (Rv. 42), oppstrøms doserer",VK9,Elv,KALK,Tiltaksovervåking i kalkede laksevassdrag,Miljødirektoratet,Eurofins Environment Testing Norway (Moss),K,Kalium,7440-09-7,VF,Ferskvann,0,Artsuavhengig,UKJENT,NS-EN ISO 17294-2:2023,2025-07-05 00:00:00,0,0,m,Ufiltrert,,=,0.16,,mg/l,439-2025-08070189,,,,1,,N,,29767.0482999999,6514684.8889
025-81555,"Stakkeland bru (Rv. 42), oppstrøms doserer",VK9,Elv,KALK,Tiltaksovervåking i kalkede laksevassdrag,Miljødirektoratet,Eurofins Environment Testing Norway (Moss),K,Kalium,7440-09-7,VF,Ferskvann,0,Artsuavhengig,UKJENT,NS-EN ISO 17294-2:2023,2025-09-01 00:00:00,0,0,m,Ufiltrert,,=,0.1,,mg/l,439-2025-09020374,,,,1,,N,,29767.0482999999,6514684.8889
025-81555,"Stakkeland bru (Rv. 42), oppstrøms doserer",VK9,Elv,KALK,Tiltaksovervåking i kalkede laksevassdrag,Miljødirektoratet,Eurofins Environment Testing Norway (Moss),K,Kalium,7440-09-7,VF,Ferskvann,0,Artsuavhengig,UKJENT,NS-EN ISO 17294-2:2023,2025-09-29 00:00:00,0,0,m,Ufiltrert,,=,0.19,,mg/l,439-2025-09300221,,,,1,,N,,29767.0482999999,6514684.8889
025-81555,"Stakkeland bru (Rv. 42), oppstrøms doserer",VK9,Elv,KALK,Tiltaksovervåking i kalkede laksevassdrag,Miljødirektoratet,Eurofins Environment Testing Norway (Moss),K,Kalium,7440-09-7,VF,Ferskvann,0,Artsuavhengig,UKJENT,NS-EN ISO 17294-2:2023,2025-10-27 00:00:00,0,0,m,Ufiltrert,,=,0.18,,mg/l,439-2025-10280335,,,,1,,N,,29767.0482999999,6514684.8889
025-81555,"Stakkeland bru (Rv. 42), oppstrøms doserer",VK9,Elv,KALK,Tiltaksovervåking i kalkede laksevassdrag,Miljødirektoratet,Eurofins Environment Testing Norway (Moss),K,Kalium,7440-09-7,VF,Ferskvann,0,Artsuavhengig,UKJENT,NS-EN ISO 17294-2:2023,2025-11-27 00:00:00,0,0,m,Ufiltrert,,=,0.17,,mg/l,439-2025-11280201,,,,1,,N,,29767.0482999999,6514684.8889
025-81555,"Stakkeland bru (Rv. 42), oppstrøms doserer",VK9,Elv,KALK,Tiltaksovervåking i kalkede laksevassdrag,Miljødirektoratet,Eurofins Environment Testing Norway (Moss),K,Kalium,7440-09-7,VF,Ferskvann,0,Artsuavhengig,UKJENT,NS-EN ISO 17294-2:2023,2025-12-01 00:00:00,0,0,m,Ufiltrert,,=,0.14,,mg/l,439-2025-12020062,,,,1,,N,,29767.0482999999,6514684.8889
025-81555,"Stakkeland bru (Rv. 42), oppstrøms doserer",VK9,Elv,KALK,Tiltaksovervåking i kalkede laksevassdrag,Miljødirektoratet,Eurofins Environment Testing Norway (Moss),RAL,Reaktivt aluminium,,VF,Ferskvann,0,Artsuavhengig,UKJENT,UKJENT,2025-06-30 00:00:00,0,0,m,Ufiltrert,,=,54,,µg/l Al,439-2025-07020064,,,,1,Metode: Intern metode,N,,29767.0482999999,6514684.8889
025-81555,"Stakkeland bru (Rv. 42), oppstrøms doserer",VK9,Elv,KALK,Tiltaksovervåking i kalkede laksevassdrag,Miljødirektoratet,Eurofins Environment Testing Norway (Moss),SI,Silisium,7440-21-3,VF,Ferskvann,0,Artsuavhengig,UKJENT,UKJENT,2025-01-07 00:00:00,0,0,m,Ufiltrert,,=,670,,µg/l,439-2025-01080273,,,,1,,N,,29767.0482999999,6514684.8889
025-81555,"Stakkeland bru (Rv. 42), oppstrøms doserer",VK9,Elv,KALK,Tiltaksovervåking i kalkede laksevassdrag,Miljødirektoratet,Eurofins Environment Testing Norway (Moss),SI,Silisium,7440-21-3,VF,Ferskvann,0,Artsuavhengig,UKJENT,UKJENT,2025-01-27 00:00:00,0,0,m,Ufiltrert,,=,750,,µg/l,439-2025-01280263,,,,1,,N,,29767.0482999999,6514684.8889
025-81555,"Stakkeland bru (Rv. 42), oppstrøms doserer",VK9,Elv,KALK,Tiltaksovervåking i kalkede laksevassdrag,Miljødirektoratet,Eurofins Environment Testing Norway (Moss),SI,Silisium,7440-21-3,VF,Ferskvann,0,Artsuavhengig,UKJENT,UKJENT,2025-02-24 00:00:00,0,0,m,Ufiltrert,,=,540,,µg/l,439-2025-02250223,,,,1,,N,,29767.0482999999,6514684.8889
025-81555,"Stakkeland bru (Rv. 42), oppstrøms doserer",VK9,Elv,KALK,Tiltaksovervåking i kalkede laksevassdrag,Miljødirektoratet,Eurofins Environment Testing Norway (Moss),SI,Silisium,7440-21-3,VF,Ferskvann,0,Artsuavhengig,UKJENT,UKJENT,2025-03-10 00:00:00,0,0,m,Ufiltrert,,=,480,,µg/l,439-2025-03110190,,,,1,,N,,29767.0482999999,6514684.8889
025-81555,"Stakkeland bru (Rv. 42), oppstrøms doserer",VK9,Elv,KALK,Tiltaksovervåking i kalkede laksevassdrag,Miljødirektoratet,Eurofins Environment Testing Norway (Moss),SI,Silisium,7440-21-3,VF,Ferskvann,0,Artsuavhengig,UKJENT,UKJENT,2025-03-31 00:00:00,0,0,m,Ufiltrert,,=,540,,µg/l,439-2025-04010195,,,,1,,N,,29767.0482999999,6514684.8889
025-81555,"Stakkeland bru (Rv. 42), oppstrøms doserer",VK9,Elv,KALK,Tiltaksovervåking i kalkede laksevassdrag,Miljødirektoratet,Eurofins Environment Testing Norway (Moss),SI,Silisium,7440-21-3,VF,Ferskvann,0,Artsuavhengig,UKJENT,UKJENT,2025-04-28 00:00:00,0,0,m,Ufiltrert,,=,70,,µg/l,439-2025-04290507,,,,1,,N,,29767.0482999999,6514684.8889
025-81555,"Stakkeland bru (Rv. 42), oppstrøms doserer",VK9,Elv,KALK,Tiltaksovervåking i kalkede laksevassdrag,Miljødirektoratet,Eurofins Environment Testing Norway (Moss),SI,Silisium,7440-21-3,VF,Ferskvann,0,Artsuavhengig,UKJENT,UKJENT,2025-05-28 00:00:00,0,0,m,Ufiltrert,,=,430,,µg/l,439-2025-05300056,,,,1,,N,,29767.0482999999,6514684.8889
025-81555,"Stakkeland bru (Rv. 42), oppstrøms doserer",VK9,Elv,KALK,Tiltaksovervåking i kalkede laksevassdrag,Miljødirektoratet,Eurofins Environment Testing Norway (Moss),SI,Silisium,7440-21-3,VF,Ferskvann,0,Artsuavhengig,UKJENT,UKJENT,2025-06-02 00:00:00,0,0,m,Ufiltrert,,=,190,,µg/l,439-2025-06030592,,,,1,,N,,29767.0482999999,6514684.8889
025-81555,"Stakkeland bru (Rv. 42), oppstrøms doserer",VK9,Elv,KALK,Tiltaksovervåking i kalkede laksevassdrag,Miljødirektoratet,Eurofins Environment Testing Norway (Moss),SI,Silisium,7440-21-3,VF,Ferskvann,0,Artsuavhengig,UKJENT,UKJENT,2025-06-30 00:00:00,0,0,m,Ufiltrert,,=,53,,µg/l,439-2025-07020064,,,,1,,N,,29767.0482999999,6514684.8889
025-81555,"Stakkeland bru (Rv. 42), oppstrøms doserer",VK9,Elv,KALK,Tiltaksovervåking i kalkede laksevassdrag,Miljødirektoratet,Eurofins Environment Testing Norway (Moss),RAL,Reaktivt aluminium,,VF,Ferskvann,0,Artsuavhengig,UKJENT,UKJENT,2025-07-22 00:00:00,0,0,m,Ufiltrert,,=,74,,µg/l Al,439-2025-07230077,,,,1,Metode: Intern metode,N,,29767.0482999999,6514684.8889
025-81555,"Stakkeland bru (Rv. 42), oppstrøms doserer",VK9,Elv,KALK,Tiltaksovervåking i kalkede laksevassdrag,Miljødirektoratet,Eurofins Environment Testing Norway (Moss),RAL,Reaktivt aluminium,,VF,Ferskvann,0,Artsuavhengig,UKJENT,UKJENT,2025-07-28 00:00:00,0,0,m,Ufiltrert,,=,100,,µg/l Al,439-2025-07300159,,,,1,Metode: Intern metode,N,,29767.0482999999,6514684.8889
025-81555,"Stakkeland bru (Rv. 42), oppstrøms doserer",VK9,Elv,KALK,Tiltaksovervåking i kalkede laksevassdrag,Miljødirektoratet,Eurofins Environment Testing Norway (Moss),RAL,Reaktivt aluminium,,VF,Ferskvann,0,Artsuavhengig,UKJENT,UKJENT,2025-07-05 00:00:00,0,0,m,Ufiltrert,,=,64,,µg/l Al,439-2025-08070189,,,,1,Metode: Intern metode,N,,29767.0482999999,6514684.8889
025-81555,"Stakkeland bru (Rv. 42), oppstrøms doserer",VK9,Elv,KALK,Tiltaksovervåking i kalkede laksevassdrag,Miljødirektoratet,Eurofins Environment Testing Norway (Moss),RAL,Reaktivt aluminium,,VF,Ferskvann,0,Artsuavhengig,UKJENT,UKJENT,2025-09-01 00:00:00,0,0,m,Ufiltrert,,=,43,,µg/l Al,439-2025-09020374,,,,1,Metode: Intern metode,N,,29767.0482999999,6514684.8889
025-81555,"Stakkeland bru (Rv. 42), oppstrøms doserer",VK9,Elv,KALK,Tiltaksovervåking i kalkede laksevassdrag,Miljødirektoratet,Eurofins Environment Testing Norway (Moss),RAL,Reaktivt aluminium,,VF,Ferskvann,0,Artsuavhengig,UKJENT,UKJENT,2025-09-29 00:00:00,0,0,m,Ufiltrert,,=,120,,µg/l Al,439-2025-09300221,,,,1,Metode: Intern metode,N,,29767.0482999999,6514684.8889
025-81555,"Stakkeland bru (Rv. 42), oppstrøms doserer",VK9,Elv,KALK,Tiltaksovervåking i kalkede laksevassdrag,Miljødirektoratet,Eurofins Environment Testing Norway (Moss),RAL,Reaktivt aluminium,,VF,Ferskvann,0,Artsuavhengig,UKJENT,UKJENT,2025-10-27 00:00:00,0,0,m,Ufiltrert,,=,160,,µg/l Al,439-2025-10280335,,,,1,Metode: Intern metode,N,,29767.0482999999,6514684.8889
025-81555,"Stakkeland bru (Rv. 42), oppstrøms doserer",VK9,Elv,KALK,Tiltaksovervåking i kalkede laksevassdrag,Miljødirektoratet,Eurofins Environment Testing Norway (Moss),RAL,Reaktivt aluminium,,VF,Ferskvann,0,Artsuavhengig,UKJENT,UKJENT,2025-11-27 00:00:00,0,0,m,Ufiltrert,,=,130,,µg/l Al,439-2025-11280201,,,,1,Metode: Intern metode,N,,29767.0482999999,6514684.8889
025-81555,"Stakkeland bru (Rv. 42), oppstrøms doserer",VK9,Elv,KALK,Tiltaksovervåking i kalkede laksevassdrag,Miljødirektoratet,Eurofins Environment Testing Norway (Moss),RAL,Reaktivt aluminium,,VF,Ferskvann,0,Artsuavhengig,UKJENT,UKJENT,2025-12-01 00:00:00,0,0,m,Ufiltrert,,=,140,,µg/l Al,439-2025-12020062,,,,1,Metode: Intern metode,N,,29767.0482999999,6514684.8889
025-81555,"Stakkeland bru (Rv. 42), oppstrøms doserer",VK9,Elv,KALK,Tiltaksovervåking i kalkede laksevassdrag,Miljødirektoratet,Eurofins Environment Testing Norway (Moss),KOND,Konduktivitet,,VF,Ferskvann,0,Artsuavhengig,UKJENT,UKJENT,2025-01-07 00:00:00,0,0,m,Ufiltrert,,=,1.93,,mS/m,439-2025-01080273,,,,1,Metode: NS-EN 27888,N,,29767.0482999999,6514684.8889
025-81555,"Stakkeland bru (Rv. 42), oppstrøms doserer",VK9,Elv,KALK,Tiltaksovervåking i kalkede laksevassdrag,Miljødirektoratet,Eurofins Environment Testing Norway (Moss),KOND,Konduktivitet,,VF,Ferskvann,0,Artsuavhengig,UKJENT,UKJENT,2025-01-27 00:00:00,0,0,m,Ufiltrert,,=,6.52,,mS/m,439-2025-01280263,,,,1,Metode: NS-EN 27888,N,,29767.0482999999,6514684.8889
025-81555,"Stakkeland bru (Rv. 42), oppstrøms doserer",VK9,Elv,KALK,Tiltaksovervåking i kalkede laksevassdrag,Miljødirektoratet,Eurofins Environment Testing Norway (Moss),KOND,Konduktivitet,,VF,Ferskvann,0,Artsuavhengig,UKJENT,UKJENT,2025-02-24 00:00:00,0,0,m,Ufiltrert,,=,5.06,,mS/m,439-2025-02250223,,,,1,Metode: NS-EN 27888,N,,29767.0482999999,6514684.8889
025-81555,"Stakkeland bru (Rv. 42), oppstrøms doserer",VK9,Elv,KALK,Tiltaksovervåking i kalkede laksevassdrag,Miljødirektoratet,Eurofins Environment Testing Norway (Moss),KOND,Konduktivitet,,VF,Ferskvann,0,Artsuavhengig,UKJENT,UKJENT,2025-03-10 00:00:00,0,0,m,Ufiltrert,,=,4.34,,mS/m,439-2025-03110190,,,,1,Metode: NS-EN 27888,N,,29767.0482999999,6514684.8889
025-81555,"Stakkeland bru (Rv. 42), oppstrøms doserer",VK9,Elv,KALK,Tiltaksovervåking i kalkede laksevassdrag,Miljødirektoratet,Eurofins Environment Testing Norway (Moss),KOND,Konduktivitet,,VF,Ferskvann,0,Artsuavhengig,UKJENT,UKJENT,2025-03-31 00:00:00,0,0,m,Ufiltrert,,=,3.45,,mS/m,439-2025-04010195,,,,1,Metode: NS-EN 27888,N,,29767.0482999999,6514684.8889
025-81555,"Stakkeland bru (Rv. 42), oppstrøms doserer",VK9,Elv,KALK,Tiltaksovervåking i kalkede laksevassdrag,Miljødirektoratet,Eurofins Environment Testing Norway (Moss),KOND,Konduktivitet,,VF,Ferskvann,0,Artsuavhengig,UKJENT,UKJENT,2025-04-28 00:00:00,0,0,m,Ufiltrert,,=,1.9,,mS/m,439-2025-04290507,,,,1,Metode: NS-EN 27888,N,,29767.0482999999,6514684.8889
025-81555,"Stakkeland bru (Rv. 42), oppstrøms doserer",VK9,Elv,KALK,Tiltaksovervåking i kalkede laksevassdrag,Miljødirektoratet,Eurofins Environment Testing Norway (Moss),CA,Kalsium,7440-70-2,VF,Ferskvann,0,Artsuavhengig,UKJENT,NS-EN ISO 17294-2:2023,2025-10-27 00:00:00,0,0,m,Ufiltrert,,=,0.61,,mg/l,439-2025-10280335,,,,1,,N,,29767.0482999999,6514684.8889
025-81555,"Stakkeland bru (Rv. 42), oppstrøms doserer",VK9,Elv,KALK,Tiltaksovervåking i kalkede laksevassdrag,Miljødirektoratet,Eurofins Environment Testing Norway (Moss),CA,Kalsium,7440-70-2,VF,Ferskvann,0,Artsuavhengig,UKJENT,NS-EN ISO 17294-2:2023,2025-11-27 00:00:00,0,0,m,Ufiltrert,,=,0.49,,mg/l,439-2025-11280201,,,,1,,N,,29767.0482999999,6514684.8889
025-81555,"Stakkeland bru (Rv. 42), oppstrøms doserer",VK9,Elv,KALK,Tiltaksovervåking i kalkede laksevassdrag,Miljødirektoratet,Eurofins Environment Testing Norway (Moss),CA,Kalsium,7440-70-2,VF,Ferskvann,0,Artsuavhengig,UKJENT,NS-EN ISO 17294-2:2023,2025-12-01 00:00:00,0,0,m,Ufiltrert,,=,0.49,,mg/l,439-2025-12020062,,,,1,,N,,29767.0482999999,6514684.8889
025-81555,"Stakkeland bru (Rv. 42), oppstrøms doserer",VK9,Elv,KALK,Tiltaksovervåking i kalkede laksevassdrag,Miljødirektoratet,Eurofins Environment Testing Norway (Moss),MG,Magnesium,7439-95-4,VF,Ferskvann,0,Artsuavhengig,UKJENT,NS-EN ISO 17294-2:2023,2025-01-07 00:00:00,0,0,m,Ufiltrert,,=,0.23,,mg/l,439-2025-01080273,,,,1,,N,,29767.0482999999,6514684.8889
025-81555,"Stakkeland bru (Rv. 42), oppstrøms doserer",VK9,Elv,KALK,Tiltaksovervåking i kalkede laksevassdrag,Miljødirektoratet,Eurofins Environment Testing Norway (Moss),MG,Magnesium,7439-95-4,VF,Ferskvann,0,Artsuavhengig,UKJENT,NS-EN ISO 17294-2:2023,2025-01-27 00:00:00,0,0,m,Ufiltrert,,=,1.1,,mg/l,439-2025-01280263,,,,1,,N,,29767.0482999999,6514684.8889
025-81555,"Stakkeland bru (Rv. 42), oppstrøms doserer",VK9,Elv,KALK,Tiltaksovervåking i kalkede laksevassdrag,Miljødirektoratet,Eurofins Environment Testing Norway (Moss),MG,Magnesium,7439-95-4,VF,Ferskvann,0,Artsuavhengig,UKJENT,NS-EN ISO 17294-2:2023,2025-02-24 00:00:00,0,0,m,Ufiltrert,,=,0.72,,mg/l,439-2025-02250223,,,,1,,N,,29767.0482999999,6514684.8889
025-81555,"Stakkeland bru (Rv. 42), oppstrøms doserer",VK9,Elv,KALK,Tiltaksovervåking i kalkede laksevassdrag,Miljødirektoratet,Eurofins Environment Testing Norway (Moss),MG,Magnesium,7439-95-4,VF,Ferskvann,0,Artsuavhengig,UKJENT,NS-EN ISO 17294-2:2023,2025-03-10 00:00:00,0,0,m,Ufiltrert,,=,0.58,,mg/l,439-2025-03110190,,,,1,,N,,29767.0482999999,6514684.8889
025-81555,"Stakkeland bru (Rv. 42), oppstrøms doserer",VK9,Elv,KALK,Tiltaksovervåking i kalkede laksevassdrag,Miljødirektoratet,Eurofins Environment Testing Norway (Moss),MG,Magnesium,7439-95-4,VF,Ferskvann,0,Artsuavhengig,UKJENT,NS-EN ISO 17294-2:2023,2025-03-31 00:00:00,0,0,m,Ufiltrert,,=,0.48,,mg/l,439-2025-04010195,,,,1,,N,,29767.0482999999,6514684.8889
025-81555,"Stakkeland bru (Rv. 42), oppstrøms doserer",VK9,Elv,KALK,Tiltaksovervåking i kalkede laksevassdrag,Miljødirektoratet,Eurofins Environment Testing Norway (Moss),MG,Magnesium,7439-95-4,VF,Ferskvann,0,Artsuavhengig,UKJENT,NS-EN ISO 17294-2:2023,2025-04-28 00:00:00,0,0,m,Ufiltrert,,=,0.26,,mg/l,439-2025-04290507,,,,1,,N,,29767.0482999999,6514684.8889
025-81555,"Stakkeland bru (Rv. 42), oppstrøms doserer",VK9,Elv,KALK,Tiltaksovervåking i kalkede laksevassdrag,Miljødirektoratet,Eurofins Environment Testing Norway (Moss),MG,Magnesium,7439-95-4,VF,Ferskvann,0,Artsuavhengig,UKJENT,NS-EN ISO 17294-2:2023,2025-05-28 00:00:00,0,0,m,Ufiltrert,,=,0.34,,mg/l,439-2025-05300056,,,,1,,N,,29767.0482999999,6514684.8889
025-81555,"Stakkeland bru (Rv. 42), oppstrøms doserer",VK9,Elv,KALK,Tiltaksovervåking i kalkede laksevassdrag,Miljødirektoratet,Eurofins Environment Testing Norway (Moss),MG,Magnesium,7439-95-4,VF,Ferskvann,0,Artsuavhengig,UKJENT,NS-EN ISO 17294-2:2023,2025-06-02 00:00:00,0,0,m,Ufiltrert,,=,0.43,,mg/l,439-2025-06030592,,,,1,,N,,29767.0482999999,6514684.8889
025-81555,"Stakkeland bru (Rv. 42), oppstrøms doserer",VK9,Elv,KALK,Tiltaksovervåking i kalkede laksevassdrag,Miljødirektoratet,Eurofins Environment Testing Norway (Moss),MG,Magnesium,7439-95-4,VF,Ferskvann,0,Artsuavhengig,UKJENT,NS-EN ISO 17294-2:2023,2025-06-30 00:00:00,0,0,m,Ufiltrert,,=,0.3,,mg/l,439-2025-07020064,,,,1,,N,,29767.0482999999,6514684.8889
025-81555,"Stakkeland bru (Rv. 42), oppstrøms doserer",VK9,Elv,KALK,Tiltaksovervåking i kalkede laksevassdrag,Miljødirektoratet,Eurofins Environment Testing Norway (Moss),MG,Magnesium,7439-95-4,VF,Ferskvann,0,Artsuavhengig,UKJENT,NS-EN ISO 17294-2:2023,2025-07-22 00:00:00,0,0,m,Ufiltrert,,=,0.27,,mg/l,439-2025-07230077,,,,1,,N,,29767.0482999999,6514684.8889
025-81555,"Stakkeland bru (Rv. 42), oppstrøms doserer",VK9,Elv,KALK,Tiltaksovervåking i kalkede laksevassdrag,Miljødirektoratet,Eurofins Environment Testing Norway (Moss),MG,Magnesium,7439-95-4,VF,Ferskvann,0,Artsuavhengig,UKJENT,NS-EN ISO 17294-2:2023,2025-07-28 00:00:00,0,0,m,Ufiltrert,,=,0.3,,mg/l,439-2025-07300159,,,,1,,N,,29767.0482999999,6514684.8889
025-81555,"Stakkeland bru (Rv. 42), oppstrøms doserer",VK9,Elv,KALK,Tiltaksovervåking i kalkede laksevassdrag,Miljødirektoratet,Eurofins Environment Testing Norway (Moss),MG,Magnesium,7439-95-4,VF,Ferskvann,0,Artsuavhengig,UKJENT,NS-EN ISO 17294-2:2023,2025-07-05 00:00:00,0,0,m,Ufiltrert,,=,0.3,,mg/l,439-2025-08070189,,,,1,,N,,29767.0482999999,6514684.8889
025-81555,"Stakkeland bru (Rv. 42), oppstrøms doserer",VK9,Elv,KALK,Tiltaksovervåking i kalkede laksevassdrag,Miljødirektoratet,Eurofins Environment Testing Norway (Moss),MG,Magnesium,7439-95-4,VF,Ferskvann,0,Artsuavhengig,UKJENT,NS-EN ISO 17294-2:2023,2025-09-01 00:00:00,0,0,m,Ufiltrert,,=,0.2,,mg/l,439-2025-09020374,,,,1,,N,,29767.0482999999,6514684.8889
025-81555,"Stakkeland bru (Rv. 42), oppstrøms doserer",VK9,Elv,KALK,Tiltaksovervåking i kalkede laksevassdrag,Miljødirektoratet,Eurofins Environment Testing Norway (Moss),MG,Magnesium,7439-95-4,VF,Ferskvann,0,Artsuavhengig,UKJENT,NS-EN ISO 17294-2:2023,2025-09-29 00:00:00,0,0,m,Ufiltrert,,=,0.23,,mg/l,439-2025-09300221,,,,1,,N,,29767.0482999999,6514684.8889
025-81555,"Stakkeland bru (Rv. 42), oppstrøms doserer",VK9,Elv,KALK,Tiltaksovervåking i kalkede laksevassdrag,Miljødirektoratet,Eurofins Environment Testing Norway (Moss),MG,Magnesium,7439-95-4,VF,Ferskvann,0,Artsuavhengig,UKJENT,NS-EN ISO 17294-2:2023,2025-10-27 00:00:00,0,0,m,Ufiltrert,,=,0.24,,mg/l,439-2025-10280335,,,,1,,N,,29767.0482999999,6514684.8889
025-81555,"Stakkeland bru (Rv. 42), oppstrøms doserer",VK9,Elv,KALK,Tiltaksovervåking i kalkede laksevassdrag,Miljødirektoratet,Eurofins Environment Testing Norway (Moss),MG,Magnesium,7439-95-4,VF,Ferskvann,0,Artsuavhengig,UKJENT,NS-EN ISO 17294-2:2023,2025-11-27 00:00:00,0,0,m,Ufiltrert,,=,0.2,,mg/l,439-2025-11280201,,,,1,,N,,29767.0482999999,6514684.8889
025-81555,"Stakkeland bru (Rv. 42), oppstrøms doserer",VK9,Elv,KALK,Tiltaksovervåking i kalkede laksevassdrag,Miljødirektoratet,Eurofins Environment Testing Norway (Moss),MG,Magnesium,7439-95-4,VF,Ferskvann,0,Artsuavhengig,UKJENT,NS-EN ISO 17294-2:2023,2025-12-01 00:00:00,0,0,m,Ufiltrert,,=,0.25,,mg/l,439-2025-12020062,,,,1,,N,,29767.0482999999,6514684.8889
025-81555,"Stakkeland bru (Rv. 42), oppstrøms doserer",VK9,Elv,KALK,Tiltaksovervåking i kalkede laksevassdrag,Miljødirektoratet,Eurofins Environment Testing Norway (Moss),ILAL,Ikke-labilt aluminium,,VF,Ferskvann,0,Artsuavhengig,UKJENT,UKJENT,2025-01-27 00:00:00,0,0,m,Ufiltrert,,=,80,,µg/l Al,439-2025-01280263,,,,1,Metode: Intern metode,N,,29767.0482999999,6514684.8889
025-81555,"Stakkeland bru (Rv. 42), oppstrøms doserer",VK9,Elv,KALK,Tiltaksovervåking i kalkede laksevassdrag,Miljødirektoratet,Eurofins Environment Testing Norway (Moss),PH,pH,,VF,Ferskvann,0,Artsuavhengig,UKJENT,NS-EN ISO 10523:2012,2025-10-27 00:00:00,0,0,m,Ufiltrert,,=,5,,<ubenevnt>,439-2025-10280335,,,,1,,N,,29767.0482999999,6514684.8889
025-81555,"Stakkeland bru (Rv. 42), oppstrøms doserer",VK9,Elv,KALK,Tiltaksovervåking i kalkede laksevassdrag,Miljødirektoratet,Eurofins Environment Testing Norway (Moss),N-NO3,Nitrat,14797-55-8,VF,Ferskvann,0,Artsuavhengig,UKJENT,UKJENT,2025-01-07 00:00:00,0,0,m,Filtrert,,=,75,,µg/l N,439-2025-01080273,,,,1,,N,,29767.0482999999,6514684.8889
025-81555,"Stakkeland bru (Rv. 42), oppstrøms doserer",VK9,Elv,KALK,Tiltaksovervåking i kalkede laksevassdrag,Miljødirektoratet,Eurofins Environment Testing Norway (Moss),N-NO3,Nitrat,14797-55-8,VF,Ferskvann,0,Artsuavhengig,UKJENT,UKJENT,2025-01-27 00:00:00,0,0,m,Filtrert,,=,71,,µg/l N,439-2025-01280263,,,,1,,N,,29767.0482999999,6514684.8889
025-81555,"Stakkeland bru (Rv. 42), oppstrøms doserer",VK9,Elv,KALK,Tiltaksovervåking i kalkede laksevassdrag,Miljødirektoratet,Eurofins Environment Testing Norway (Moss),N-NO3,Nitrat,14797-55-8,VF,Ferskvann,0,Artsuavhengig,UKJENT,UKJENT,2025-02-24 00:00:00,0,0,m,Filtrert,,=,110,,µg/l N,439-2025-02250223,,,,1,,N,,29767.0482999999,6514684.8889
025-81555,"Stakkeland bru (Rv. 42), oppstrøms doserer",VK9,Elv,KALK,Tiltaksovervåking i kalkede laksevassdrag,Miljødirektoratet,Eurofins Environment Testing Norway (Moss),N-NO3,Nitrat,14797-55-8,VF,Ferskvann,0,Artsuavhengig,UKJENT,UKJENT,2025-03-10 00:00:00,0,0,m,Filtrert,,=,71,,µg/l N,439-2025-03110190,,,,1,,N,,29767.0482999999,6514684.8889
025-81555,"Stakkeland bru (Rv. 42), oppstrøms doserer",VK9,Elv,KALK,Tiltaksovervåking i kalkede laksevassdrag,Miljødirektoratet,Eurofins Environment Testing Norway (Moss),N-NO3,Nitrat,14797-55-8,VF,Ferskvann,0,Artsuavhengig,UKJENT,UKJENT,2025-03-31 00:00:00,0,0,m,Filtrert,,=,62,,µg/l N,439-2025-04010195,,,,1,,N,,29767.0482999999,6514684.8889
025-81555,"Stakkeland bru (Rv. 42), oppstrøms doserer",VK9,Elv,KALK,Tiltaksovervåking i kalkede laksevassdrag,Miljødirektoratet,Eurofins Environment Testing Norway (Moss),N-NO3,Nitrat,14797-55-8,VF,Ferskvann,0,Artsuavhengig,UKJENT,UKJENT,2025-04-28 00:00:00,0,0,m,Filtrert,,=,28,,µg/l N,439-2025-04290507,,,,1,,N,,29767.0482999999,6514684.8889
025-81555,"Stakkeland bru (Rv. 42), oppstrøms doserer",VK9,Elv,KALK,Tiltaksovervåking i kalkede laksevassdrag,Miljødirektoratet,Eurofins Environment Testing Norway (Moss),N-NO3,Nitrat,14797-55-8,VF,Ferskvann,0,Artsuavhengig,UKJENT,UKJENT,2025-05-28 00:00:00,0,0,m,Filtrert,,=,35,,µg/l N,439-2025-05300056,,,,1,,N,,29767.0482999999,6514684.8889
025-81555,"Stakkeland bru (Rv. 42), oppstrøms doserer",VK9,Elv,KALK,Tiltaksovervåking i kalkede laksevassdrag,Miljødirektoratet,Eurofins Environment Testing Norway (Moss),N-NO3,Nitrat,14797-55-8,VF,Ferskvann,0,Artsuavhengig,UKJENT,UKJENT,2025-06-02 00:00:00,0,0,m,Filtrert,,=,15,,µg/l N,439-2025-06030592,,,,1,,N,,29767.0482999999,6514684.8889
025-81555,"Stakkeland bru (Rv. 42), oppstrøms doserer",VK9,Elv,KALK,Tiltaksovervåking i kalkede laksevassdrag,Miljødirektoratet,Eurofins Environment Testing Norway (Moss),N-NO3,Nitrat,14797-55-8,VF,Ferskvann,0,Artsuavhengig,UKJENT,UKJENT,2025-06-30 00:00:00,0,0,m,Filtrert,,=,6.5,,µg/l N,439-2025-07020064,,,,1,,N,,29767.0482999999,6514684.8889
025-81555,"Stakkeland bru (Rv. 42), oppstrøms doserer",VK9,Elv,KALK,Tiltaksovervåking i kalkede laksevassdrag,Miljødirektoratet,Eurofins Environment Testing Norway (Moss),N-NO3,Nitrat,14797-55-8,VF,Ferskvann,0,Artsuavhengig,UKJENT,UKJENT,2025-07-22 00:00:00,0,0,m,Filtrert,,=,15,,µg/l N,439-2025-07230077,,,,1,,N,,29767.0482999999,6514684.8889
025-81555,"Stakkeland bru (Rv. 42), oppstrøms doserer",VK9,Elv,KALK,Tiltaksovervåking i kalkede laksevassdrag,Miljødirektoratet,Eurofins Environment Testing Norway (Moss),N-NO3,Nitrat,14797-55-8,VF,Ferskvann,0,Artsuavhengig,UKJENT,UKJENT,2025-07-28 00:00:00,0,0,m,Filtrert,,=,8.4,,µg/l N,439-2025-07300159,,,,1,,N,,29767.0482999999,6514684.8889
025-81555,"Stakkeland bru (Rv. 42), oppstrøms doserer",VK9,Elv,KALK,Tiltaksovervåking i kalkede laksevassdrag,Miljødirektoratet,Eurofins Environment Testing Norway (Moss),N-NO3,Nitrat,14797-55-8,VF,Ferskvann,0,Artsuavhengig,UKJENT,UKJENT,2025-07-05 00:00:00,0,0,m,Filtrert,,=,23,,µg/l N,439-2025-08070189,,,,1,,N,,29767.0482999999,6514684.8889
025-81555,"Stakkeland bru (Rv. 42), oppstrøms doserer",VK9,Elv,KALK,Tiltaksovervåking i kalkede laksevassdrag,Miljødirektoratet,Eurofins Environment Testing Norway (Moss),N-NO3,Nitrat,14797-55-8,VF,Ferskvann,0,Artsuavhengig,UKJENT,UKJENT,2025-09-01 00:00:00,0,0,m,Filtrert,,=,36,,µg/l N,439-2025-09020374,,,,1,,N,,29767.0482999999,6514684.8889
025-81555,"Stakkeland bru (Rv. 42), oppstrøms doserer",VK9,Elv,KALK,Tiltaksovervåking i kalkede laksevassdrag,Miljødirektoratet,Eurofins Environment Testing Norway (Moss),N-NO3,Nitrat,14797-55-8,VF,Ferskvann,0,Artsuavhengig,UKJENT,UKJENT,2025-09-29 00:00:00,0,0,m,Filtrert,,=,55,,µg/l N,439-2025-09300221,,,,1,,N,,29767.0482999999,6514684.8889
025-81555,"Stakkeland bru (Rv. 42), oppstrøms doserer",VK9,Elv,KALK,Tiltaksovervåking i kalkede laksevassdrag,Miljødirektoratet,Eurofins Environment Testing Norway (Moss),N-NO3,Nitrat,14797-55-8,VF,Ferskvann,0,Artsuavhengig,UKJENT,UKJENT,2025-10-27 00:00:00,0,0,m,Filtrert,,=,41,,µg/l N,439-2025-10280335,,,,1,,N,,29767.0482999999,6514684.8889
025-81555,"Stakkeland bru (Rv. 42), oppstrøms doserer",VK9,Elv,KALK,Tiltaksovervåking i kalkede laksevassdrag,Miljødirektoratet,Eurofins Environment Testing Norway (Moss),N-NO3,Nitrat,14797-55-8,VF,Ferskvann,0,Artsuavhengig,UKJENT,UKJENT,2025-11-27 00:00:00,0,0,m,Filtrert,,=,70,,µg/l N,439-2025-11280201,,,,1,,N,,29767.0482999999,6514684.8889
025-81555,"Stakkeland bru (Rv. 42), oppstrøms doserer",VK9,Elv,KALK,Tiltaksovervåking i kalkede laksevassdrag,Miljødirektoratet,Eurofins Environment Testing Norway (Moss),N-NO3,Nitrat,14797-55-8,VF,Ferskvann,0,Artsuavhengig,UKJENT,UKJENT,2025-12-01 00:00:00,0,0,m,Filtrert,,=,49,,µg/l N,439-2025-12020062,,,,1,,N,,29767.0482999999,6514684.8889
025-81555,"Stakkeland bru (Rv. 42), oppstrøms doserer",VK9,Elv,KALK,Tiltaksovervåking i kalkede laksevassdrag,Miljødirektoratet,Eurofins Environment Testing Norway (Moss),KOND,Konduktivitet,,VF,Ferskvann,0,Artsuavhengig,UKJENT,UKJENT,2025-05-28 00:00:00,0,0,m,Ufiltrert,,=,2.28,,mS/m,439-2025-05300056,,,,1,Metode: NS-EN 27888,N,,29767.0482999999,6514684.8889
025-81555,"Stakkeland bru (Rv. 42), oppstrøms doserer",VK9,Elv,KALK,Tiltaksovervåking i kalkede laksevassdrag,Miljødirektoratet,Eurofins Environment Testing Norway (Moss),TOC,Totalt organisk karbon (TOC),,VF,Ferskvann,0,Artsuavhengig,UKJENT,NS-EN 1484 IR,2025-01-07 00:00:00,0,0,m,Ufiltrert,,=,4.9,,mg/l C,439-2025-01080273,,,,1,,N,,29767.0482999999,6514684.8889
025-81555,"Stakkeland bru (Rv. 42), oppstrøms doserer",VK9,Elv,KALK,Tiltaksovervåking i kalkede laksevassdrag,Miljødirektoratet,Eurofins Environment Testing Norway (Moss),TOC,Totalt organisk karbon (TOC),,VF,Ferskvann,0,Artsuavhengig,UKJENT,NS-EN 1484 IR,2025-01-27 00:00:00,0,0,m,Ufiltrert,,=,3.5,,mg/l C,439-2025-01280263,,,,1,,N,,29767.0482999999,6514684.8889
025-81555,"Stakkeland bru (Rv. 42), oppstrøms doserer",VK9,Elv,KALK,Tiltaksovervåking i kalkede laksevassdrag,Miljødirektoratet,Eurofins Environment Testing Norway (Moss),TOC,Totalt organisk karbon (TOC),,VF,Ferskvann,0,Artsuavhengig,UKJENT,NS-EN 1484 IR,2025-02-24 00:00:00,0,0,m,Ufiltrert,,=,3,,mg/l C,439-2025-02250223,,,,1,,N,,29767.0482999999,6514684.8889
025-81555,"Stakkeland bru (Rv. 42), oppstrøms doserer",VK9,Elv,KALK,Tiltaksovervåking i kalkede laksevassdrag,Miljødirektoratet,Eurofins Environment Testing Norway (Moss),TOC,Totalt organisk karbon (TOC),,VF,Ferskvann,0,Artsuavhengig,UKJENT,NS-EN 1484 IR,2025-03-10 00:00:00,0,0,m,Ufiltrert,,=,2.6,,mg/l C,439-2025-03110190,,,,1,,N,,29767.0482999999,6514684.8889
025-81555,"Stakkeland bru (Rv. 42), oppstrøms doserer",VK9,Elv,KALK,Tiltaksovervåking i kalkede laksevassdrag,Miljødirektoratet,Eurofins Environment Testing Norway (Moss),TOC,Totalt organisk karbon (TOC),,VF,Ferskvann,0,Artsuavhengig,UKJENT,NS-EN 1484 IR,2025-03-31 00:00:00,0,0,m,Ufiltrert,,=,3.3,,mg/l C,439-2025-04010195,,,,1,,N,,29767.0482999999,6514684.8889
025-81555,"Stakkeland bru (Rv. 42), oppstrøms doserer",VK9,Elv,KALK,Tiltaksovervåking i kalkede laksevassdrag,Miljødirektoratet,Eurofins Environment Testing Norway (Moss),TOC,Totalt organisk karbon (TOC),,VF,Ferskvann,0,Artsuavhengig,UKJENT,NS-EN 1484 IR,2025-04-28 00:00:00,0,0,m,Ufiltrert,,=,2,,mg/l C,439-2025-04290507,,,,1,,N,,29767.0482999999,6514684.8889
025-81555,"Stakkeland bru (Rv. 42), oppstrøms doserer",VK9,Elv,KALK,Tiltaksovervåking i kalkede laksevassdrag,Miljødirektoratet,Eurofins Environment Testing Norway (Moss),TOC,Totalt organisk karbon (TOC),,VF,Ferskvann,0,Artsuavhengig,UKJENT,NS-EN 1484 IR,2025-05-28 00:00:00,0,0,m,Ufiltrert,,=,4.1,,mg/l C,439-2025-05300056,,,,1,,N,,29767.0482999999,6514684.8889
025-81555,"Stakkeland bru (Rv. 42), oppstrøms doserer",VK9,Elv,KALK,Tiltaksovervåking i kalkede laksevassdrag,Miljødirektoratet,Eurofins Environment Testing Norway (Moss),TOC,Totalt organisk karbon (TOC),,VF,Ferskvann,0,Artsuavhengig,UKJENT,NS-EN 1484 IR,2025-06-02 00:00:00,0,0,m,Ufiltrert,,=,4.9,,mg/l C,439-2025-06030592,,,,1,,N,,29767.0482999999,6514684.8889
025-81555,"Stakkeland bru (Rv. 42), oppstrøms doserer",VK9,Elv,KALK,Tiltaksovervåking i kalkede laksevassdrag,Miljødirektoratet,Eurofins Environment Testing Norway (Moss),TOC,Totalt organisk karbon (TOC),,VF,Ferskvann,0,Artsuavhengig,UKJENT,NS-EN 1484 IR,2025-06-30 00:00:00,0,0,m,Ufiltrert,,=,4.1,,mg/l C,439-2025-07020064,,,,1,,N,,29767.0482999999,6514684.8889
025-81555,"Stakkeland bru (Rv. 42), oppstrøms doserer",VK9,Elv,KALK,Tiltaksovervåking i kalkede laksevassdrag,Miljødirektoratet,Eurofins Environment Testing Norway (Moss),TOC,Totalt organisk karbon (TOC),,VF,Ferskvann,0,Artsuavhengig,UKJENT,NS-EN 1484 IR,2025-07-22 00:00:00,0,0,m,Ufiltrert,,=,5.8,,mg/l C,439-2025-07230077,,,,1,,N,,29767.0482999999,6514684.8889
025-81555,"Stakkeland bru (Rv. 42), oppstrøms doserer",VK9,Elv,KALK,Tiltaksovervåking i kalkede laksevassdrag,Miljødirektoratet,Eurofins Environment Testing Norway (Moss),TOC,Totalt organisk karbon (TOC),,VF,Ferskvann,0,Artsuavhengig,UKJENT,NS-EN 1484 IR,2025-07-28 00:00:00,0,0,m,Ufiltrert,,=,7,,mg/l C,439-2025-07300159,,,,1,,N,,29767.0482999999,6514684.8889
025-81555,"Stakkeland bru (Rv. 42), oppstrøms doserer",VK9,Elv,KALK,Tiltaksovervåking i kalkede laksevassdrag,Miljødirektoratet,Eurofins Environment Testing Norway (Moss),TOC,Totalt organisk karbon (TOC),,VF,Ferskvann,0,Artsuavhengig,UKJENT,NS-EN 1484 IR,2025-07-05 00:00:00,0,0,m,Ufiltrert,,=,11,,mg/l C,439-2025-08070189,,,,1,,N,,29767.0482999999,6514684.8889
025-81555,"Stakkeland bru (Rv. 42), oppstrøms doserer",VK9,Elv,KALK,Tiltaksovervåking i kalkede laksevassdrag,Miljødirektoratet,Eurofins Environment Testing Norway (Moss),TOC,Totalt organisk karbon (TOC),,VF,Ferskvann,0,Artsuavhengig,UKJENT,NS-EN 1484 IR,2025-09-01 00:00:00,0,0,m,Ufiltrert,,=,3.2,,mg/l C,439-2025-09020374,,,,1,,N,,29767.0482999999,6514684.8889
025-81555,"Stakkeland bru (Rv. 42), oppstrøms doserer",VK9,Elv,KALK,Tiltaksovervåking i kalkede laksevassdrag,Miljødirektoratet,Eurofins Environment Testing Norway (Moss),TOC,Totalt organisk karbon (TOC),,VF,Ferskvann,0,Artsuavhengig,UKJENT,NS-EN 1484 IR,2025-09-29 00:00:00,0,0,m,Ufiltrert,,=,6.4,,mg/l C,439-2025-09300221,,,,1,,N,,29767.0482999999,6514684.8889
025-81555,"Stakkeland bru (Rv. 42), oppstrøms doserer",VK9,Elv,KALK,Tiltaksovervåking i kalkede laksevassdrag,Miljødirektoratet,Eurofins Environment Testing Norway (Moss),TOC,Totalt organisk karbon (TOC),,VF,Ferskvann,0,Artsuavhengig,UKJENT,NS-EN 1484 IR,2025-10-27 00:00:00,0,0,m,Ufiltrert,,=,8.5,,mg/l C,439-2025-10280335,,,,1,,N,,29767.0482999999,6514684.8889
025-81555,"Stakkeland bru (Rv. 42), oppstrøms doserer",VK9,Elv,KALK,Tiltaksovervåking i kalkede laksevassdrag,Miljødirektoratet,Eurofins Environment Testing Norway (Moss),TOC,Totalt organisk karbon (TOC),,VF,Ferskvann,0,Artsuavhengig,UKJENT,NS-EN 1484 IR,2025-11-27 00:00:00,0,0,m,Ufiltrert,,=,7.2,,mg/l C,439-2025-11280201,,,,1,,N,,29767.0482999999,6514684.8889
025-81555,"Stakkeland bru (Rv. 42), oppstrøms doserer",VK9,Elv,KALK,Tiltaksovervåking i kalkede laksevassdrag,Miljødirektoratet,Eurofins Environment Testing Norway (Moss),TOC,Totalt organisk karbon (TOC),,VF,Ferskvann,0,Artsuavhengig,UKJENT,NS-EN 1484 IR,2025-12-01 00:00:00,0,0,m,Ufiltrert,,=,6.9,,mg/l C,439-2025-12020062,,,,1,,N,,29767.0482999999,6514684.8889
025-81555,"Stakkeland bru (Rv. 42), oppstrøms doserer",VK9,Elv,KALK,Tiltaksovervåking i kalkede laksevassdrag,Miljødirektoratet,Eurofins Environment Testing Norway (Moss),CA,Kalsium,7440-70-2,VF,Ferskvann,0,Artsuavhengig,UKJENT,NS-EN ISO 17294-2:2023,2025-01-07 00:00:00,0,0,m,Ufiltrert,,=,0.46,,mg/l,439-2025-01080273,,,,1,,N,,29767.0482999999,6514684.8889
025-81555,"Stakkeland bru (Rv. 42), oppstrøms doserer",VK9,Elv,KALK,Tiltaksovervåking i kalkede laksevassdrag,Miljødirektoratet,Eurofins Environment Testing Norway (Moss),CA,Kalsium,7440-70-2,VF,Ferskvann,0,Artsuavhengig,UKJENT,NS-EN ISO 17294-2:2023,2025-01-27 00:00:00,0,0,m,Ufiltrert,,=,1.2,,mg/l,439-2025-01280263,,,,1,,N,,29767.0482999999,6514684.8889
025-81555,"Stakkeland bru (Rv. 42), oppstrøms doserer",VK9,Elv,KALK,Tiltaksovervåking i kalkede laksevassdrag,Miljødirektoratet,Eurofins Environment Testing Norway (Moss),CA,Kalsium,7440-70-2,VF,Ferskvann,0,Artsuavhengig,UKJENT,NS-EN ISO 17294-2:2023,2025-02-24 00:00:00,0,0,m,Ufiltrert,,=,0.77,,mg/l,439-2025-02250223,,,,1,,N,,29767.0482999999,6514684.8889
025-81555,"Stakkeland bru (Rv. 42), oppstrøms doserer",VK9,Elv,KALK,Tiltaksovervåking i kalkede laksevassdrag,Miljødirektoratet,Eurofins Environment Testing Norway (Moss),CA,Kalsium,7440-70-2,VF,Ferskvann,0,Artsuavhengig,UKJENT,NS-EN ISO 17294-2:2023,2025-03-10 00:00:00,0,0,m,Ufiltrert,,=,0.67,,mg/l,439-2025-03110190,,,,1,,N,,29767.0482999999,6514684.8889
025-81555,"Stakkeland bru (Rv. 42), oppstrøms doserer",VK9,Elv,KALK,Tiltaksovervåking i kalkede laksevassdrag,Miljødirektoratet,Eurofins Environment Testing Norway (Moss),CA,Kalsium,7440-70-2,VF,Ferskvann,0,Artsuavhengig,UKJENT,NS-EN ISO 17294-2:2023,2025-03-31 00:00:00,0,0,m,Ufiltrert,,=,0.7,,mg/l,439-2025-04010195,,,,1,,N,,29767.0482999999,6514684.8889
025-81555,"Stakkeland bru (Rv. 42), oppstrøms doserer",VK9,Elv,KALK,Tiltaksovervåking i kalkede laksevassdrag,Miljødirektoratet,Eurofins Environment Testing Norway (Moss),CA,Kalsium,7440-70-2,VF,Ferskvann,0,Artsuavhengig,UKJENT,NS-EN ISO 17294-2:2023,2025-04-28 00:00:00,0,0,m,Ufiltrert,,=,0.6,,mg/l,439-2025-04290507,,,,1,,N,,29767.0482999999,6514684.8889
025-81555,"Stakkeland bru (Rv. 42), oppstrøms doserer",VK9,Elv,KALK,Tiltaksovervåking i kalkede laksevassdrag,Miljødirektoratet,Eurofins Environment Testing Norway (Moss),CA,Kalsium,7440-70-2,VF,Ferskvann,0,Artsuavhengig,UKJENT,NS-EN ISO 17294-2:2023,2025-05-28 00:00:00,0,0,m,Ufiltrert,,=,0.68,,mg/l,439-2025-05300056,,,,1,,N,,29767.0482999999,6514684.8889
025-81555,"Stakkeland bru (Rv. 42), oppstrøms doserer",VK9,Elv,KALK,Tiltaksovervåking i kalkede laksevassdrag,Miljødirektoratet,Eurofins Environment Testing Norway (Moss),CA,Kalsium,7440-70-2,VF,Ferskvann,0,Artsuavhengig,UKJENT,NS-EN ISO 17294-2:2023,2025-06-02 00:00:00,0,0,m,Ufiltrert,,=,0.87,,mg/l,439-2025-06030592,,,,1,,N,,29767.0482999999,6514684.8889
025-81555,"Stakkeland bru (Rv. 42), oppstrøms doserer",VK9,Elv,KALK,Tiltaksovervåking i kalkede laksevassdrag,Miljødirektoratet,Eurofins Environment Testing Norway (Moss),CA,Kalsium,7440-70-2,VF,Ferskvann,0,Artsuavhengig,UKJENT,NS-EN ISO 17294-2:2023,2025-06-30 00:00:00,0,0,m,Ufiltrert,,=,0.72,,mg/l,439-2025-07020064,,,,1,,N,,29767.0482999999,6514684.8889
025-81555,"Stakkeland bru (Rv. 42), oppstrøms doserer",VK9,Elv,KALK,Tiltaksovervåking i kalkede laksevassdrag,Miljødirektoratet,Eurofins Environment Testing Norway (Moss),CA,Kalsium,7440-70-2,VF,Ferskvann,0,Artsuavhengig,UKJENT,NS-EN ISO 17294-2:2023,2025-07-22 00:00:00,0,0,m,Ufiltrert,,=,0.68,,mg/l,439-2025-07230077,,,,1,,N,,29767.0482999999,6514684.8889
025-81555,"Stakkeland bru (Rv. 42), oppstrøms doserer",VK9,Elv,KALK,Tiltaksovervåking i kalkede laksevassdrag,Miljødirektoratet,Eurofins Environment Testing Norway (Moss),CA,Kalsium,7440-70-2,VF,Ferskvann,0,Artsuavhengig,UKJENT,NS-EN ISO 17294-2:2023,2025-07-28 00:00:00,0,0,m,Ufiltrert,,=,0.73,,mg/l,439-2025-07300159,,,,1,,N,,29767.0482999999,6514684.8889
025-81555,"Stakkeland bru (Rv. 42), oppstrøms doserer",VK9,Elv,KALK,Tiltaksovervåking i kalkede laksevassdrag,Miljødirektoratet,Eurofins Environment Testing Norway (Moss),CA,Kalsium,7440-70-2,VF,Ferskvann,0,Artsuavhengig,UKJENT,NS-EN ISO 17294-2:2023,2025-07-05 00:00:00,0,0,m,Ufiltrert,,=,0.72,,mg/l,439-2025-08070189,,,,1,,N,,29767.0482999999,6514684.8889
025-81555,"Stakkeland bru (Rv. 42), oppstrøms doserer",VK9,Elv,KALK,Tiltaksovervåking i kalkede laksevassdrag,Miljødirektoratet,Eurofins Environment Testing Norway (Moss),CA,Kalsium,7440-70-2,VF,Ferskvann,0,Artsuavhengig,UKJENT,NS-EN ISO 17294-2:2023,2025-09-01 00:00:00,0,0,m,Ufiltrert,,=,0.49,,mg/l,439-2025-09020374,,,,1,,N,,29767.0482999999,6514684.8889
025-81555,"Stakkeland bru (Rv. 42), oppstrøms doserer",VK9,Elv,KALK,Tiltaksovervåking i kalkede laksevassdrag,Miljødirektoratet,Eurofins Environment Testing Norway (Moss),,Natrium,7440-23-5,VF,Ferskvann,0,Artsuavhengig,UKJENT,NS-EN ISO 17294-2:2023,2025-03-10 00:00:00,0,0,m,Ufiltrert,,=,4.4,,mg/l,439-2025-03110190,,,,1,,N,,29767.0482999999,6514684.8889
025-81555,"Stakkeland bru (Rv. 42), oppstrøms doserer",VK9,Elv,KALK,Tiltaksovervåking i kalkede laksevassdrag,Miljødirektoratet,Eurofins Environment Testing Norway (Moss),SI,Silisium,7440-21-3,VF,Ferskvann,0,Artsuavhengig,UKJENT,UKJENT,2025-07-28 00:00:00,0,0,m,Ufiltrert,,=,210,,µg/l,439-2025-07300159,,,,1,,N,,29767.0482999999,6514684.8889
025-81555,"Stakkeland bru (Rv. 42), oppstrøms doserer",VK9,Elv,KALK,Tiltaksovervåking i kalkede laksevassdrag,Miljødirektoratet,Eurofins Environment Testing Norway (Moss),ILAL,Ikke-labilt aluminium,,VF,Ferskvann,0,Artsuavhengig,UKJENT,UKJENT,2025-01-07 00:00:00,0,0,m,Ufiltrert,,=,68,,µg/l Al,439-2025-01080273,,,,1,Metode: Intern metode,N,,29767.0482999999,6514684.8889
025-81555,"Stakkeland bru (Rv. 42), oppstrøms doserer",VK9,Elv,KALK,Tiltaksovervåking i kalkede laksevassdrag,Miljødirektoratet,Eurofins Environment Testing Norway (Moss),N-TOT,Totalnitrogen,,VF,Ferskvann,0,Artsuavhengig,UKJENT,UKJENT,2025-01-07 00:00:00,0,0,m,Ufiltrert,,=,150,,µg/l N,439-2025-01080273,,,,1,,N,,29767.0482999999,6514684.8889
025-81555,"Stakkeland bru (Rv. 42), oppstrøms doserer",VK9,Elv,KALK,Tiltaksovervåking i kalkede laksevassdrag,Miljødirektoratet,Eurofins Environment Testing Norway (Moss),N-TOT,Totalnitrogen,,VF,Ferskvann,0,Artsuavhengig,UKJENT,UKJENT,2025-01-27 00:00:00,0,0,m,Ufiltrert,,=,150,,µg/l N,439-2025-01280263,,,,1,,N,,29767.0482999999,6514684.8889
025-81555,"Stakkeland bru (Rv. 42), oppstrøms doserer",VK9,Elv,KALK,Tiltaksovervåking i kalkede laksevassdrag,Miljødirektoratet,Eurofins Environment Testing Norway (Moss),N-TOT,Totalnitrogen,,VF,Ferskvann,0,Artsuavhengig,UKJENT,UKJENT,2025-02-24 00:00:00,0,0,m,Ufiltrert,,=,210,,µg/l N,439-2025-02250223,,,,1,,N,,29767.0482999999,6514684.8889
025-81555,"Stakkeland bru (Rv. 42), oppstrøms doserer",VK9,Elv,KALK,Tiltaksovervåking i kalkede laksevassdrag,Miljødirektoratet,Eurofins Environment Testing Norway (Moss),N-TOT,Totalnitrogen,,VF,Ferskvann,0,Artsuavhengig,UKJENT,UKJENT,2025-03-10 00:00:00,0,0,m,Ufiltrert,,=,170,,µg/l N,439-2025-03110190,,,,1,,N,,29767.0482999999,6514684.8889
025-81555,"Stakkeland bru (Rv. 42), oppstrøms doserer",VK9,Elv,KALK,Tiltaksovervåking i kalkede laksevassdrag,Miljødirektoratet,Eurofins Environment Testing Norway (Moss),N-TOT,Totalnitrogen,,VF,Ferskvann,0,Artsuavhengig,UKJENT,UKJENT,2025-03-31 00:00:00,0,0,m,Ufiltrert,,=,160,,µg/l N,439-2025-04010195,,,,1,,N,,29767.0482999999,6514684.8889
025-81555,"Stakkeland bru (Rv. 42), oppstrøms doserer",VK9,Elv,KALK,Tiltaksovervåking i kalkede laksevassdrag,Miljødirektoratet,Eurofins Environment Testing Norway (Moss),N-TOT,Totalnitrogen,,VF,Ferskvann,0,Artsuavhengig,UKJENT,UKJENT,2025-04-28 00:00:00,0,0,m,Ufiltrert,,=,120,,µg/l N,439-2025-04290507,,,,1,,N,,29767.0482999999,6514684.8889
025-81555,"Stakkeland bru (Rv. 42), oppstrøms doserer",VK9,Elv,KALK,Tiltaksovervåking i kalkede laksevassdrag,Miljødirektoratet,Eurofins Environment Testing Norway (Moss),N-TOT,Totalnitrogen,,VF,Ferskvann,0,Artsuavhengig,UKJENT,UKJENT,2025-05-28 00:00:00,0,0,m,Ufiltrert,,=,180,,µg/l N,439-2025-05300056,,,,1,,N,,29767.0482999999,6514684.8889
025-81555,"Stakkeland bru (Rv. 42), oppstrøms doserer",VK9,Elv,KALK,Tiltaksovervåking i kalkede laksevassdrag,Miljødirektoratet,Eurofins Environment Testing Norway (Moss),N-TOT,Totalnitrogen,,VF,Ferskvann,0,Artsuavhengig,UKJENT,UKJENT,2025-06-02 00:00:00,0,0,m,Ufiltrert,,=,190,,µg/l N,439-2025-06030592,,,,1,,N,,29767.0482999999,6514684.8889
025-81555,"Stakkeland bru (Rv. 42), oppstrøms doserer",VK9,Elv,KALK,Tiltaksovervåking i kalkede laksevassdrag,Miljødirektoratet,Eurofins Environment Testing Norway (Moss),N-TOT,Totalnitrogen,,VF,Ferskvann,0,Artsuavhengig,UKJENT,UKJENT,2025-06-30 00:00:00,0,0,m,Ufiltrert,,=,130,,µg/l N,439-2025-07020064,,,,1,,N,,29767.0482999999,6514684.8889
025-81555,"Stakkeland bru (Rv. 42), oppstrøms doserer",VK9,Elv,KALK,Tiltaksovervåking i kalkede laksevassdrag,Miljødirektoratet,Eurofins Environment Testing Norway (Moss),N-TOT,Totalnitrogen,,VF,Ferskvann,0,Artsuavhengig,UKJENT,UKJENT,2025-07-22 00:00:00,0,0,m,Ufiltrert,,=,180,,µg/l N,439-2025-07230077,,,,1,,N,,29767.0482999999,6514684.8889
025-81555,"Stakkeland bru (Rv. 42), oppstrøms doserer",VK9,Elv,KALK,Tiltaksovervåking i kalkede laksevassdrag,Miljødirektoratet,Eurofins Environment Testing Norway (Moss),N-TOT,Totalnitrogen,,VF,Ferskvann,0,Artsuavhengig,UKJENT,UKJENT,2025-07-28 00:00:00,0,0,m,Ufiltrert,,=,420,,µg/l N,439-2025-07300159,,,,1,,N,,29767.0482999999,6514684.8889
025-81555,"Stakkeland bru (Rv. 42), oppstrøms doserer",VK9,Elv,KALK,Tiltaksovervåking i kalkede laksevassdrag,Miljødirektoratet,Eurofins Environment Testing Norway (Moss),N-TOT,Totalnitrogen,,VF,Ferskvann,0,Artsuavhengig,UKJENT,UKJENT,2025-07-05 00:00:00,0,0,m,Ufiltrert,,=,290,,µg/l N,439-2025-08070189,,,,1,,N,,29767.0482999999,6514684.8889
025-81555,"Stakkeland bru (Rv. 42), oppstrøms doserer",VK9,Elv,KALK,Tiltaksovervåking i kalkede laksevassdrag,Miljødirektoratet,Eurofins Environment Testing Norway (Moss),ILAL,Ikke-labilt aluminium,,VF,Ferskvann,0,Artsuavhengig,UKJENT,UKJENT,2025-02-24 00:00:00,0,0,m,Ufiltrert,,=,48,,µg/l Al,439-2025-02250223,,,,1,Metode: Intern metode,N,,29767.0482999999,6514684.8889
025-81555,"Stakkeland bru (Rv. 42), oppstrøms doserer",VK9,Elv,KALK,Tiltaksovervåking i kalkede laksevassdrag,Miljødirektoratet,Eurofins Environment Testing Norway (Moss),ILAL,Ikke-labilt aluminium,,VF,Ferskvann,0,Artsuavhengig,UKJENT,UKJENT,2025-03-10 00:00:00,0,0,m,Ufiltrert,,=,44,,µg/l Al,439-2025-03110190,,,,1,Metode: Intern metode,N,,29767.0482999999,6514684.8889
025-81555,"Stakkeland bru (Rv. 42), oppstrøms doserer",VK9,Elv,KALK,Tiltaksovervåking i kalkede laksevassdrag,Miljødirektoratet,Eurofins Environment Testing Norway (Moss),ILAL,Ikke-labilt aluminium,,VF,Ferskvann,0,Artsuavhengig,UKJENT,UKJENT,2025-03-31 00:00:00,0,0,m,Ufiltrert,,=,43,,µg/l Al,439-2025-04010195,,,,1,Metode: Intern metode,N,,29767.0482999999,6514684.8889
025-81555,"Stakkeland bru (Rv. 42), oppstrøms doserer",VK9,Elv,KALK,Tiltaksovervåking i kalkede laksevassdrag,Miljødirektoratet,Eurofins Environment Testing Norway (Moss),ILAL,Ikke-labilt aluminium,,VF,Ferskvann,0,Artsuavhengig,UKJENT,UKJENT,2025-04-28 00:00:00,0,0,m,Ufiltrert,,=,15,,µg/l Al,439-2025-04290507,,,,1,Metode: Intern metode,N,,29767.0482999999,6514684.8889
025-81555,"Stakkeland bru (Rv. 42), oppstrøms doserer",VK9,Elv,KALK,Tiltaksovervåking i kalkede laksevassdrag,Miljødirektoratet,Eurofins Environment Testing Norway (Moss),ILAL,Ikke-labilt aluminium,,VF,Ferskvann,0,Artsuavhengig,UKJENT,UKJENT,2025-05-28 00:00:00,0,0,m,Ufiltrert,,=,24,,µg/l Al,439-2025-05300056,,,,1,Metode: Intern metode,N,,29767.0482999999,6514684.8889
025-81555,"Stakkeland bru (Rv. 42), oppstrøms doserer",VK9,Elv,KALK,Tiltaksovervåking i kalkede laksevassdrag,Miljødirektoratet,Eurofins Environment Testing Norway (Moss),ILAL,Ikke-labilt aluminium,,VF,Ferskvann,0,Artsuavhengig,UKJENT,UKJENT,2025-06-02 00:00:00,0,0,m,Ufiltrert,,=,25,,µg/l Al,439-2025-06030592,,,,1,Metode: Intern metode,N,,29767.0482999999,6514684.8889
025-81555,"Stakkeland bru (Rv. 42), oppstrøms doserer",VK9,Elv,KALK,Tiltaksovervåking i kalkede laksevassdrag,Miljødirektoratet,Eurofins Environment Testing Norway (Moss),ILAL,Ikke-labilt aluminium,,VF,Ferskvann,0,Artsuavhengig,UKJENT,UKJENT,2025-06-30 00:00:00,0,0,m,Ufiltrert,,=,38,,µg/l Al,439-2025-07020064,,,,1,Metode: Intern metode,N,,29767.0482999999,6514684.8889
025-81555,"Stakkeland bru (Rv. 42), oppstrøms doserer",VK9,Elv,KALK,Tiltaksovervåking i kalkede laksevassdrag,Miljødirektoratet,Eurofins Environment Testing Norway (Moss),ILAL,Ikke-labilt aluminium,,VF,Ferskvann,0,Artsuavhengig,UKJENT,UKJENT,2025-07-22 00:00:00,0,0,m,Ufiltrert,,=,56,,µg/l Al,439-2025-07230077,,,,1,Metode: Intern metode,N,,29767.0482999999,6514684.8889
025-81555,"Stakkeland bru (Rv. 42), oppstrøms doserer",VK9,Elv,KALK,Tiltaksovervåking i kalkede laksevassdrag,Miljødirektoratet,Eurofins Environment Testing Norway (Moss),ILAL,Ikke-labilt aluminium,,VF,Ferskvann,0,Artsuavhengig,UKJENT,UKJENT,2025-07-28 00:00:00,0,0,m,Ufiltrert,,=,67,,µg/l Al,439-2025-07300159,,,,1,Metode: Intern metode,N,,29767.0482999999,6514684.8889
025-81555,"Stakkeland bru (Rv. 42), oppstrøms doserer",VK9,Elv,KALK,Tiltaksovervåking i kalkede laksevassdrag,Miljødirektoratet,Eurofins Environment Testing Norway (Moss),ILAL,Ikke-labilt aluminium,,VF,Ferskvann,0,Artsuavhengig,UKJENT,UKJENT,2025-07-05 00:00:00,0,0,m,Ufiltrert,,=,58,,µg/l Al,439-2025-08070189,,,,1,Metode: Intern metode,N,,29767.0482999999,6514684.8889
025-81555,"Stakkeland bru (Rv. 42), oppstrøms doserer",VK9,Elv,KALK,Tiltaksovervåking i kalkede laksevassdrag,Miljødirektoratet,Eurofins Environment Testing Norway (Moss),ILAL,Ikke-labilt aluminium,,VF,Ferskvann,0,Artsuavhengig,UKJENT,UKJENT,2025-09-01 00:00:00,0,0,m,Ufiltrert,,=,27,,µg/l Al,439-2025-09020374,,,,1,Metode: Intern metode,N,,29767.0482999999,6514684.8889
025-81555,"Stakkeland bru (Rv. 42), oppstrøms doserer",VK9,Elv,KALK,Tiltaksovervåking i kalkede laksevassdrag,Miljødirektoratet,Eurofins Environment Testing Norway (Moss),ILAL,Ikke-labilt aluminium,,VF,Ferskvann,0,Artsuavhengig,UKJENT,UKJENT,2025-09-29 00:00:00,0,0,m,Ufiltrert,,=,73,,µg/l Al,439-2025-09300221,,,,1,Metode: Intern metode,N,,29767.0482999999,6514684.8889
025-81555,"Stakkeland bru (Rv. 42), oppstrøms doserer",VK9,Elv,KALK,Tiltaksovervåking i kalkede laksevassdrag,Miljødirektoratet,Eurofins Environment Testing Norway (Moss),ILAL,Ikke-labilt aluminium,,VF,Ferskvann,0,Artsuavhengig,UKJENT,UKJENT,2025-10-27 00:00:00,0,0,m,Ufiltrert,,=,110,,µg/l Al,439-2025-10280335,,,,1,Metode: Intern metode,N,,29767.0482999999,6514684.8889
025-81555,"Stakkeland bru (Rv. 42), oppstrøms doserer",VK9,Elv,KALK,Tiltaksovervåking i kalkede laksevassdrag,Miljødirektoratet,Eurofins Environment Testing Norway (Moss),ILAL,Ikke-labilt aluminium,,VF,Ferskvann,0,Artsuavhengig,UKJENT,UKJENT,2025-11-27 00:00:00,0,0,m,Ufiltrert,,=,97,,µg/l Al,439-2025-11280201,,,,1,Metode: Intern metode,N,,29767.0482999999,6514684.8889
025-81555,"Stakkeland bru (Rv. 42), oppstrøms doserer",VK9,Elv,KALK,Tiltaksovervåking i kalkede laksevassdrag,Miljødirektoratet,Eurofins Environment Testing Norway (Moss),ILAL,Ikke-labilt aluminium,,VF,Ferskvann,0,Artsuavhengig,UKJENT,UKJENT,2025-12-01 00:00:00,0,0,m,Ufiltrert,,=,100,,µg/l Al,439-2025-12020062,,,,1,Metode: Intern metode,N,,29767.0482999999,6514684.8889
025-81555,"Stakkeland bru (Rv. 42), oppstrøms doserer",VK9,Elv,KALK,Tiltaksovervåking i kalkede laksevassdrag,Miljødirektoratet,Eurofins Environment Testing Norway (Moss),P-TOT,Totalfosfor,7723-14-0,VF,Ferskvann,0,Artsuavhengig,UKJENT,NS-EN ISO 15681-2:2018,2025-01-07 00:00:00,0,0,m,Ufiltrert,,=,4,,µg/l P,439-2025-01080273,,,,1,,N,,29767.0482999999,6514684.8889
025-81555,"Stakkeland bru (Rv. 42), oppstrøms doserer",VK9,Elv,KALK,Tiltaksovervåking i kalkede laksevassdrag,Miljødirektoratet,Eurofins Environment Testing Norway (Moss),P-TOT,Totalfosfor,7723-14-0,VF,Ferskvann,0,Artsuavhengig,UKJENT,NS-EN ISO 15681-2:2018,2025-01-27 00:00:00,0,0,m,Ufiltrert,,=,2.9,,µg/l P,439-2025-01280263,,,,1,,N,,29767.0482999999,6514684.8889
025-81555,"Stakkeland bru (Rv. 42), oppstrøms doserer",VK9,Elv,KALK,Tiltaksovervåking i kalkede laksevassdrag,Miljødirektoratet,Eurofins Environment Testing Norway (Moss),P-TOT,Totalfosfor,7723-14-0,VF,Ferskvann,0,Artsuavhengig,UKJENT,NS-EN ISO 15681-2:2018,2025-02-24 00:00:00,0,0,m,Ufiltrert,,=,9.6,,µg/l P,439-2025-02250223,,,,1,,N,,29767.0482999999,6514684.8889
025-81555,"Stakkeland bru (Rv. 42), oppstrøms doserer",VK9,Elv,KALK,Tiltaksovervåking i kalkede laksevassdrag,Miljødirektoratet,Eurofins Environment Testing Norway (Moss),N-TOT,Totalnitrogen,,VF,Ferskvann,0,Artsuavhengig,UKJENT,UKJENT,2025-09-01 00:00:00,0,0,m,Ufiltrert,,=,160,,µg/l N,439-2025-09020374,,,,1,,N,,29767.0482999999,6514684.8889
025-81555,"Stakkeland bru (Rv. 42), oppstrøms doserer",VK9,Elv,KALK,Tiltaksovervåking i kalkede laksevassdrag,Miljødirektoratet,Eurofins Environment Testing Norway (Moss),,Natrium,7440-23-5,VF,Ferskvann,0,Artsuavhengig,UKJENT,NS-EN ISO 17294-2:2023,2025-03-31 00:00:00,0,0,m,Ufiltrert,,=,3.8,,mg/l,439-2025-04010195,,,,1,,N,,29767.0482999999,6514684.8889
025-81555,"Stakkeland bru (Rv. 42), oppstrøms doserer",VK9,Elv,KALK,Tiltaksovervåking i kalkede laksevassdrag,Miljødirektoratet,Eurofins Environment Testing Norway (Moss),,Natrium,7440-23-5,VF,Ferskvann,0,Artsuavhengig,UKJENT,NS-EN ISO 17294-2:2023,2025-04-28 00:00:00,0,0,m,Ufiltrert,,=,2.1,,mg/l,439-2025-04290507,,,,1,,N,,29767.0482999999,6514684.8889
025-81555,"Stakkeland bru (Rv. 42), oppstrøms doserer",VK9,Elv,KALK,Tiltaksovervåking i kalkede laksevassdrag,Miljødirektoratet,Eurofins Environment Testing Norway (Moss),,Natrium,7440-23-5,VF,Ferskvann,0,Artsuavhengig,UKJENT,NS-EN ISO 17294-2:2023,2025-05-28 00:00:00,0,0,m,Ufiltrert,,=,2.5,,mg/l,439-2025-05300056,,,,1,,N,,29767.0482999999,6514684.8889
025-81555,"Stakkeland bru (Rv. 42), oppstrøms doserer",VK9,Elv,KALK,Tiltaksovervåking i kalkede laksevassdrag,Miljødirektoratet,Eurofins Environment Testing Norway (Moss),,Natrium,7440-23-5,VF,Ferskvann,0,Artsuavhengig,UKJENT,NS-EN ISO 17294-2:2023,2025-06-02 00:00:00,0,0,m,Ufiltrert,,=,3.3,,mg/l,439-2025-06030592,,,,1,,N,,29767.0482999999,6514684.8889
025-81555,"Stakkeland bru (Rv. 42), oppstrøms doserer",VK9,Elv,KALK,Tiltaksovervåking i kalkede laksevassdrag,Miljødirektoratet,Eurofins Environment Testing Norway (Moss),,Natrium,7440-23-5,VF,Ferskvann,0,Artsuavhengig,UKJENT,NS-EN ISO 17294-2:2023,2025-06-30 00:00:00,0,0,m,Ufiltrert,,=,2.4,,mg/l,439-2025-07020064,,,,1,,N,,29767.0482999999,6514684.8889
025-81555,"Stakkeland bru (Rv. 42), oppstrøms doserer",VK9,Elv,KALK,Tiltaksovervåking i kalkede laksevassdrag,Miljødirektoratet,Eurofins Environment Testing Norway (Moss),,Natrium,7440-23-5,VF,Ferskvann,0,Artsuavhengig,UKJENT,NS-EN ISO 17294-2:2023,2025-07-22 00:00:00,0,0,m,Ufiltrert,,=,2.2,,mg/l,439-2025-07230077,,,,1,,N,,29767.0482999999,6514684.8889
025-81555,"Stakkeland bru (Rv. 42), oppstrøms doserer",VK9,Elv,KALK,Tiltaksovervåking i kalkede laksevassdrag,Miljødirektoratet,Eurofins Environment Testing Norway (Moss),,Natrium,7440-23-5,VF,Ferskvann,0,Artsuavhengig,UKJENT,NS-EN ISO 17294-2:2023,2025-07-28 00:00:00,0,0,m,Ufiltrert,,=,2.4,,mg/l,439-2025-07300159,,,,1,,N,,29767.0482999999,6514684.8889
025-81555,"Stakkeland bru (Rv. 42), oppstrøms doserer",VK9,Elv,KALK,Tiltaksovervåking i kalkede laksevassdrag,Miljødirektoratet,Eurofins Environment Testing Norway (Moss),,Natrium,7440-23-5,VF,Ferskvann,0,Artsuavhengig,UKJENT,NS-EN ISO 17294-2:2023,2025-07-05 00:00:00,0,0,m,Ufiltrert,,=,2.3,,mg/l,439-2025-08070189,,,,1,,N,,29767.0482999999,6514684.8889
025-81555,"Stakkeland bru (Rv. 42), oppstrøms doserer",VK9,Elv,KALK,Tiltaksovervåking i kalkede laksevassdrag,Miljødirektoratet,Eurofins Environment Testing Norway (Moss),,Natrium,7440-23-5,VF,Ferskvann,0,Artsuavhengig,UKJENT,NS-EN ISO 17294-2:2023,2025-09-01 00:00:00,0,0,m,Ufiltrert,,=,1.6,,mg/l,439-2025-09020374,,,,1,,N,,29767.0482999999,6514684.8889
025-81555,"Stakkeland bru (Rv. 42), oppstrøms doserer",VK9,Elv,KALK,Tiltaksovervåking i kalkede laksevassdrag,Miljødirektoratet,Eurofins Environment Testing Norway (Moss),,Natrium,7440-23-5,VF,Ferskvann,0,Artsuavhengig,UKJENT,NS-EN ISO 17294-2:2023,2025-09-29 00:00:00,0,0,m,Ufiltrert,,=,1.9,,mg/l,439-2025-09300221,,,,1,,N,,29767.0482999999,6514684.8889
025-81555,"Stakkeland bru (Rv. 42), oppstrøms doserer",VK9,Elv,KALK,Tiltaksovervåking i kalkede laksevassdrag,Miljødirektoratet,Eurofins Environment Testing Norway (Moss),,Natrium,7440-23-5,VF,Ferskvann,0,Artsuavhengig,UKJENT,NS-EN ISO 17294-2:2023,2025-10-27 00:00:00,0,0,m,Ufiltrert,,=,2,,mg/l,439-2025-10280335,,,,1,,N,,29767.0482999999,6514684.8889
025-81555,"Stakkeland bru (Rv. 42), oppstrøms doserer",VK9,Elv,KALK,Tiltaksovervåking i kalkede laksevassdrag,Miljødirektoratet,Eurofins Environment Testing Norway (Moss),,Natrium,7440-23-5,VF,Ferskvann,0,Artsuavhengig,UKJENT,NS-EN ISO 17294-2:2023,2025-11-27 00:00:00,0,0,m,Ufiltrert,,=,1.6,,mg/l,439-2025-11280201,,,,1,,N,,29767.0482999999,6514684.8889
025-81555,"Stakkeland bru (Rv. 42), oppstrøms doserer",VK9,Elv,KALK,Tiltaksovervåking i kalkede laksevassdrag,Miljødirektoratet,Eurofins Environment Testing Norway (Moss),,Natrium,7440-23-5,VF,Ferskvann,0,Artsuavhengig,UKJENT,NS-EN ISO 17294-2:2023,2025-12-01 00:00:00,0,0,m,Ufiltrert,,=,2,,mg/l,439-2025-12020062,,,,1,,N,,29767.0482999999,6514684.8889
025-81555,"Stakkeland bru (Rv. 42), oppstrøms doserer",VK9,Elv,KALK,Tiltaksovervåking i kalkede laksevassdrag,Miljødirektoratet,Eurofins Environment Testing Norway (Moss),KOND,Konduktivitet,,VF,Ferskvann,0,Artsuavhengig,UKJENT,UKJENT,2025-06-02 00:00:00,0,0,m,Ufiltrert,,=,2.95,,mS/m,439-2025-06030592,,,,1,Metode: NS-EN 27888,N,,29767.0482999999,6514684.8889
025-81555,"Stakkeland bru (Rv. 42), oppstrøms doserer",VK9,Elv,KALK,Tiltaksovervåking i kalkede laksevassdrag,Miljødirektoratet,Eurofins Environment Testing Norway (Moss),KOND,Konduktivitet,,VF,Ferskvann,0,Artsuavhengig,UKJENT,UKJENT,2025-06-30 00:00:00,0,0,m,Ufiltrert,,=,2.07,,mS/m,439-2025-07020064,,,,1,Metode: NS-EN 27888,N,,29767.0482999999,6514684.8889
025-81555,"Stakkeland bru (Rv. 42), oppstrøms doserer",VK9,Elv,KALK,Tiltaksovervåking i kalkede laksevassdrag,Miljødirektoratet,Eurofins Environment Testing Norway (Moss),KOND,Konduktivitet,,VF,Ferskvann,0,Artsuavhengig,UKJENT,UKJENT,2025-07-22 00:00:00,0,0,m,Ufiltrert,,=,2.19,,mS/m,439-2025-07230077,,,,1,Metode: NS-EN 27888,N,,29767.0482999999,6514684.8889
025-81555,"Stakkeland bru (Rv. 42), oppstrøms doserer",VK9,Elv,KALK,Tiltaksovervåking i kalkede laksevassdrag,Miljødirektoratet,Eurofins Environment Testing Norway (Moss),KOND,Konduktivitet,,VF,Ferskvann,0,Artsuavhengig,UKJENT,UKJENT,2025-07-28 00:00:00,0,0,m,Ufiltrert,,=,2.08,,mS/m,439-2025-07300159,,,,1,Metode: NS-EN 27888,N,,29767.0482999999,6514684.8889
025-81555,"Stakkeland bru (Rv. 42), oppstrøms doserer",VK9,Elv,KALK,Tiltaksovervåking i kalkede laksevassdrag,Miljødirektoratet,Eurofins Environment Testing Norway (Moss),KOND,Konduktivitet,,VF,Ferskvann,0,Artsuavhengig,UKJENT,UKJENT,2025-07-05 00:00:00,0,0,m,Ufiltrert,,=,2.12,,mS/m,439-2025-08070189,,,,1,Metode: NS-EN 27888,N,,29767.0482999999,6514684.8889
025-81555,"Stakkeland bru (Rv. 42), oppstrøms doserer",VK9,Elv,KALK,Tiltaksovervåking i kalkede laksevassdrag,Miljødirektoratet,Eurofins Environment Testing Norway (Moss),KOND,Konduktivitet,,VF,Ferskvann,0,Artsuavhengig,UKJENT,UKJENT,2025-09-01 00:00:00,0,0,m,Ufiltrert,,=,1.57,,mS/m,439-2025-09020374,,,,1,Metode: NS-EN 27888,N,,29767.0482999999,6514684.8889
025-81555,"Stakkeland bru (Rv. 42), oppstrøms doserer",VK9,Elv,KALK,Tiltaksovervåking i kalkede laksevassdrag,Miljødirektoratet,Eurofins Environment Testing Norway (Moss),KOND,Konduktivitet,,VF,Ferskvann,0,Artsuavhengig,UKJENT,UKJENT,2025-09-29 00:00:00,0,0,m,Ufiltrert,,=,2.11,,mS/m,439-2025-09300221,,,,1,Metode: NS-EN 27888,N,,29767.0482999999,6514684.8889
025-81555,"Stakkeland bru (Rv. 42), oppstrøms doserer",VK9,Elv,KALK,Tiltaksovervåking i kalkede laksevassdrag,Miljødirektoratet,Eurofins Environment Testing Norway (Moss),KOND,Konduktivitet,,VF,Ferskvann,0,Artsuavhengig,UKJENT,UKJENT,2025-10-27 00:00:00,0,0,m,Ufiltrert,,=,2.13,,mS/m,439-2025-10280335,,,,1,Metode: NS-EN 27888,N,,29767.0482999999,6514684.8889
025-81555,"Stakkeland bru (Rv. 42), oppstrøms doserer",VK9,Elv,KALK,Tiltaksovervåking i kalkede laksevassdrag,Miljødirektoratet,Eurofins Environment Testing Norway (Moss),KOND,Konduktivitet,,VF,Ferskvann,0,Artsuavhengig,UKJENT,UKJENT,2025-11-27 00:00:00,0,0,m,Ufiltrert,,=,1.62,,mS/m,439-2025-11280201,,,,1,Metode: NS-EN 27888,N,,29767.0482999999,6514684.8889
025-81555,"Stakkeland bru (Rv. 42), oppstrøms doserer",VK9,Elv,KALK,Tiltaksovervåking i kalkede laksevassdrag,Miljødirektoratet,Eurofins Environment Testing Norway (Moss),KOND,Konduktivitet,,VF,Ferskvann,0,Artsuavhengig,UKJENT,UKJENT,2025-12-01 00:00:00,0,0,m,Ufiltrert,,=,2.77,,mS/m,439-2025-12020062,,,,1,Metode: NS-EN 27888,N,,29767.0482999999,6514684.8889
025-45779,"Litleåne, ovenfor kalkdoserer Mygland",,,,,,,,Ikke-labilt aluminium,,,,,,,,2025-01-07 00:00:00,,,,,,,63,,µg/l Al,,,,,,,,,,
025-45779,"Litleåne, ovenfor kalkdoserer Mygland",,,,,,,,Kalium,,,,,,,,2025-01-07 00:00:00,,,,,,,0.1,,mg/l,,,,,,,,,,
025-45779,"Litleåne, ovenfor kalkdoserer Mygland",,,,,,,,Kalsium,,,,,,,,2025-01-07 00:00:00,,,,,,,0.35,,mg/l,,,,,,,,,,
025-45779,"Litleåne, ovenfor kalkdoserer Mygland",,,,,,,,Klorid,,,,,,,,2025-01-07 00:00:00,,,,,,,3.3,,mg/l,,,,,,,,,,
025-45779,"Litleåne, ovenfor kalkdoserer Mygland",,,,,,,,Konduktivitet,,,,,,,,2025-01-07 00:00:00,,,,,,,1.84,,mS/m,,,,,,,,,,
025-45779,"Litleåne, ovenfor kalkdoserer Mygland",,,,,,,,Magnesium,,,,,,,,2025-01-07 00:00:00,,,,,,,0.21,,mg/l,,,,,,,,,,
025-45779,"Litleåne, ovenfor kalkdoserer Mygland",,,,,,,,Natrium,,,,,,,,2025-01-07 00:00:00,,,,,,,1.7,,mg/l,,,,,,,,,,
025-45779,"Litleåne, ovenfor kalkdoserer Mygland",,,,,,,,Nitrat,,,,,,,,2025-01-07 00:00:00,,,,,,,54,,µg/l N,,,,,,,,,,
025-45779,"Litleåne, ovenfor kalkdoserer Mygland",,,,,,,,Reaktivt aluminium,,,,,,,,2025-01-07 00:00:00,,,,,,,99,,µg/l Al,,,,,,,,,,
025-45779,"Litleåne, ovenfor kalkdoserer Mygland",,,,,,,,Reaktivt silikat,,,,,,,,2025-01-07 00:00:00,,,,,,,1500,,µg/l SiO2,,,,,,,,,,
025-45779,"Litleåne, ovenfor kalkdoserer Mygland",,,,,,,,Silisium,,,,,,,,2025-01-07 00:00:00,,,,,,,680,,µg/l,,,,,,,,,,
025-45779,"Litleåne, ovenfor kalkdoserer Mygland",,,,,,,,Sulfat,,,,,,,,2025-01-07 00:00:00,,,,,,,0.67,,mg/l,,,,,,,,,,
025-45779,"Litleåne, ovenfor kalkdoserer Mygland",,,,,,,,Syrenøytraliserende kapasitet (ANC),,,,,,,,2025-01-07 00:00:00,,,,,,,0.4,,µekv/l,,,,,,,,,,
025-45779,"Litleåne, ovenfor kalkdoserer Mygland",,,,,,,,Totalfosfor,,,,,,,,2025-01-07 00:00:00,,,,,,,4.2,,µg/l P,,,,,,,,,,
025-45779,"Litleåne, ovenfor kalkdoserer Mygland",,,,,,,,Totalnitrogen,,,,,,,,2025-01-07 00:00:00,,,,,,,140,,µg/l N,,,,,,,,,,
025-45779,"Litleåne, ovenfor kalkdoserer Mygland",,,,,,,,Totalt organisk karbon (TOC),,,,,,,,2025-01-07 00:00:00,,,,,,,4.8,,mg/l C,,,,,,,,,,
025-45779,"Litleåne, ovenfor kalkdoserer Mygland",,,,,,,,pH,,,,,,,,2025-01-07 00:00:00,,,,,,,5,,<ubenevnt>,,,,,,,,,,
025-45779,"Litleåne, ovenfor kalkdoserer Mygland",,,,,,,,Ikke-labilt aluminium,,,,,,,,2025-01-27 00:00:00,,,,,,,86,,µg/l Al,,,,,,,,,,
025-45779,"Litleåne, ovenfor kalkdoserer Mygland",,,,,,,,Kalium,,,,,,,,2025-01-27 00:00:00,,,,,,,0.29,,mg/l,,,,,,,,,,
025-45779,"Litleåne, ovenfor kalkdoserer Mygland",,,,,,,,Kalsium,,,,,,,,2025-01-27 00:00:00,,,,,,,1.2,,mg/l,,,,,,,,,,
025-45779,"Litleåne, ovenfor kalkdoserer Mygland",,,,,,,,Klorid,,,,,,,,2025-01-27 00:00:00,,,,,,,19,,mg/l,,,,,,,,,,
025-45779,"Litleåne, ovenfor kalkdoserer Mygland",,,,,,,,Konduktivitet,,,,,,,,2025-01-27 00:00:00,,,,,,,8.38,,mS/m,,,,,,,,,,
025-45779,"Litleåne, ovenfor kalkdoserer Mygland",,,,,,,,Magnesium,,,,,,,,2025-01-27 00:00:00,,,,,,,1.3,,mg/l,,,,,,,,,,
025-45779,"Litleåne, ovenfor kalkdoserer Mygland",,,,,,,,Natrium,,,,,,,,2025-01-27 00:00:00,,,,,,,8.6,,mg/l,,,,,,,,,,
025-45779,"Litleåne, ovenfor kalkdoserer Mygland",,,,,,,,Nitrat,,,,,,,,2025-01-27 00:00:00,,,,,,,68,,µg/l N,,,,,,,,,,
025-45779,"Litleåne, ovenfor kalkdoserer Mygland",,,,,,,,Reaktivt aluminium,,,,,,,,2025-01-27 00:00:00,,,,,,,160,,µg/l Al,,,,,,,,,,
025-45779,"Litleåne, ovenfor kalkdoserer Mygland",,,,,,,,Reaktivt silikat,,,,,,,,2025-01-27 00:00:00,,,,,,,1600,,µg/l SiO2,,,,,,,,,,
025-45779,"Litleåne, ovenfor kalkdoserer Mygland",,,,,,,,Silisium,,,,,,,,2025-01-27 00:00:00,,,,,,,760,,µg/l,,,,,,,,,,
025-45779,"Litleåne, ovenfor kalkdoserer Mygland",,,,,,,,Sulfat,,,,,,,,2025-01-27 00:00:00,,,,,,,2.48,,mg/l,,,,,,,,,,
025-45779,"Litleåne, ovenfor kalkdoserer Mygland",,,,,,,,Syrenøytraliserende kapasitet (ANC),,,,,,,,2025-01-27 00:00:00,,,,,,,-44,,µekv/l,,,,,,,,,,
025-45779,"Litleåne, ovenfor kalkdoserer Mygland",,,,,,,,Totalfosfor,,,,,,,,2025-01-27 00:00:00,,,,,,,2.9,,µg/l P,,,,,,,,,,
025-45779,"Litleåne, ovenfor kalkdoserer Mygland",,,,,,,,Totalnitrogen,,,,,,,,2025-01-27 00:00:00,,,,,,,140,,µg/l N,,,,,,,,,,
025-45779,"Litleåne, ovenfor kalkdoserer Mygland",,,,,,,,Totalt organisk karbon (TOC),,,,,,,,2025-01-27 00:00:00,,,,,,,3.6,,mg/l C,,,,,,,,,,
025-45779,"Litleåne, ovenfor kalkdoserer Mygland",,,,,,,,pH,,,,,,,,2025-01-27 00:00:00,,,,,,,4.6,,<ubenevnt>,,,,,,,,,,
025-45779,"Litleåne, ovenfor kalkdoserer Mygland",,,,,,,,Ikke-labilt aluminium,,,,,,,,2025-02-24 00:00:00,,,,,,,42,,µg/l Al,,,,,,,,,,
025-45779,"Litleåne, ovenfor kalkdoserer Mygland",,,,,,,,Kalium,,,,,,,,2025-02-24 00:00:00,,,,,,,0.28,,mg/l,,,,,,,,,,
025-45779,"Litleåne, ovenfor kalkdoserer Mygland",,,,,,,,Kalsium,,,,,,,,2025-02-24 00:00:00,,,,,,,0.54,,mg/l,,,,,,,,,,
025-45779,"Litleåne, ovenfor kalkdoserer Mygland",,,,,,,,Klorid,,,,,,,,2025-02-24 00:00:00,,,,,,,9.6,,mg/l,,,,,,,,,,
025-45779,"Litleåne, ovenfor kalkdoserer Mygland",,,,,,,,Konduktivitet,,,,,,,,2025-02-24 00:00:00,,,,,,,4.71,,mS/m,,,,,,,,,,
025-45779,"Litleåne, ovenfor kalkdoserer Mygland",,,,,,,,Magnesium,,,,,,,,2025-02-24 00:00:00,,,,,,,0.62,,mg/l,,,,,,,,,,
025-45779,"Litleåne, ovenfor kalkdoserer Mygland",,,,,,,,Natrium,,,,,,,,2025-02-24 00:00:00,,,,,,,4.4,,mg/l,,,,,,,,,,
025-45779,"Litleåne, ovenfor kalkdoserer Mygland",,,,,,,,Nitrat,,,,,,,,2025-02-24 00:00:00,,,,,,,110,,µg/l N,,,,,,,,,,
025-45779,"Litleåne, ovenfor kalkdoserer Mygland",,,,,,,,Reaktivt aluminium,,,,,,,,2025-02-24 00:00:00,,,,,,,110,,µg/l Al,,,,,,,,,,
025-45779,"Litleåne, ovenfor kalkdoserer Mygland",,,,,,,,Reaktivt silikat,,,,,,,,2025-02-24 00:00:00,,,,,,,1000,,µg/l SiO2,,,,,,,,,,
025-45779,"Litleåne, ovenfor kalkdoserer Mygland",,,,,,,,Silisium,,,,,,,,2025-02-24 00:00:00,,,,,,,470,,µg/l,,,,,,,,,,
025-45779,"Litleåne, ovenfor kalkdoserer Mygland",,,,,,,,Sulfat,,,,,,,,2025-02-24 00:00:00,,,,,,,1.16,,mg/l,,,,,,,,,,
025-45779,"Litleåne, ovenfor kalkdoserer Mygland",,,,,,,,Syrenøytraliserende kapasitet (ANC),,,,,,,,2025-02-24 00:00:00,,,,,,,-26,,µekv/l,,,,,,,,,,
025-45779,"Litleåne, ovenfor kalkdoserer Mygland",,,,,,,,Totalfosfor,,,,,,,,2025-02-24 00:00:00,,,,,,,15,,µg/l P,,,,,,,,,,
025-45779,"Litleåne, ovenfor kalkdoserer Mygland",,,,,,,,Totalnitrogen,,,,,,,,2025-02-24 00:00:00,,,,,,,200,,µg/l N,,,,,,,,,,
025-45779,"Litleåne, ovenfor kalkdoserer Mygland",,,,,,,,Totalt organisk karbon (TOC),,,,,,,,2025-02-24 00:00:00,,,,,,,2.7,,mg/l C,,,,,,,,,,
025-45779,"Litleåne, ovenfor kalkdoserer Mygland",,,,,,,,pH,,,,,,,,2025-02-24 00:00:00,,,,,,,4.6,,<ubenevnt>,,,,,,,,,,
025-45779,"Litleåne, ovenfor kalkdoserer Mygland",,,,,,,,Ikke-labilt aluminium,,,,,,,,2025-03-10 00:00:00,,,,,,,41,,µg/l Al,,,,,,,,,,
025-45779,"Litleåne, ovenfor kalkdoserer Mygland",,,,,,,,Kalium,,,,,,,,2025-03-10 00:00:00,,,,,,,0.19,,mg/l,,,,,,,,,,
025-45779,"Litleåne, ovenfor kalkdoserer Mygland",,,,,,,,Kalsium,,,,,,,,2025-03-10 00:00:00,,,,,,,0.51,,mg/l,,,,,,,,,,
025-45779,"Litleåne, ovenfor kalkdoserer Mygland",,,,,,,,Klorid,,,,,,,,2025-03-10 00:00:00,,,,,,,7.8,,mg/l,,,,,,,,,,
025-45779,"Litleåne, ovenfor kalkdoserer Mygland",,,,,,,,Konduktivitet,,,,,,,,2025-03-10 00:00:00,,,,,,,4.08,,mS/m,,,,,,,,,,
025-45779,"Litleåne, ovenfor kalkdoserer Mygland",,,,,,,,Magnesium,,,,,,,,2025-03-10 00:00:00,,,,,,,0.53,,mg/l,,,,,,,,,,
025-45779,"Litleåne, ovenfor kalkdoserer Mygland",,,,,,,,Natrium,,,,,,,,2025-03-10 00:00:00,,,,,,,4.2,,mg/l,,,,,,,,,,
025-45779,"Litleåne, ovenfor kalkdoserer Mygland",,,,,,,,Nitrat,,,,,,,,2025-03-10 00:00:00,,,,,,,65,,µg/l N,,,,,,,,,,
025-45779,"Litleåne, ovenfor kalkdoserer Mygland",,,,,,,,Reaktivt aluminium,,,,,,,,2025-03-10 00:00:00,,,,,,,72,,µg/l Al,,,,,,,,,,
025-45779,"Litleåne, ovenfor kalkdoserer Mygland",,,,,,,,Reaktivt silikat,,,,,,,,2025-03-10 00:00:00,,,,,,,1000,,µg/l SiO2,,,,,,,,,,
025-45779,"Litleåne, ovenfor kalkdoserer Mygland",,,,,,,,Silisium,,,,,,,,2025-03-10 00:00:00,,,,,,,470,,µg/l,,,,,,,,,,
025-45779,"Litleåne, ovenfor kalkdoserer Mygland",,,,,,,,Sulfat,,,,,,,,2025-03-10 00:00:00,,,,,,,0.17,,mg/l,,,,,,,,,,
025-45779,"Litleåne, ovenfor kalkdoserer Mygland",,,,,,,,Syrenøytraliserende kapasitet (ANC),,,,,,,,2025-03-10 00:00:00,,,,,,,28,,µekv/l,,,,,,,,,,
025-45779,"Litleåne, ovenfor kalkdoserer Mygland",,,,,,,,Totalfosfor,,,,,,,,2025-03-10 00:00:00,,,,,,,2.2,,µg/l P,,,,,,,,,,
025-45779,"Litleåne, ovenfor kalkdoserer Mygland",,,,,,,,Totalnitrogen,,,,,,,,2025-03-10 00:00:00,,,,,,,150,,µg/l N,,,,,,,,,,
025-45779,"Litleåne, ovenfor kalkdoserer Mygland",,,,,,,,Totalt organisk karbon (TOC),,,,,,,,2025-03-10 00:00:00,,,,,,,2.5,,mg/l C,,,,,,,,,,
025-45779,"Litleåne, ovenfor kalkdoserer Mygland",,,,,,,,pH,,,,,,,,2025-03-10 00:00:00,,,,,,,4.6,,<ubenevnt>,,,,,,,,,,
025-45779,"Litleåne, ovenfor kalkdoserer Mygland",,,,,,,,Ikke-labilt aluminium,,,,,,,,2025-03-31 00:00:00,,,,,,,41,,µg/l Al,,,,,,,,,,
025-45779,"Litleåne, ovenfor kalkdoserer Mygland",,,,,,,,Kalium,,,,,,,,2025-03-31 00:00:00,,,,,,,0.2,,mg/l,,,,,,,,,,
025-45779,"Litleåne, ovenfor kalkdoserer Mygland",,,,,,,,Kalsium,,,,,,,,2025-03-31 00:00:00,,,,,,,0.51,,mg/l,,,,,,,,,,
025-45779,"Litleåne, ovenfor kalkdoserer Mygland",,,,,,,,Klorid,,,,,,,,2025-03-31 00:00:00,,,,,,,7.3,,mg/l,,,,,,,,,,
025-45779,"Litleåne, ovenfor kalkdoserer Mygland",,,,,,,,Konduktivitet,,,,,,,,2025-03-31 00:00:00,,,,,,,3.61,,mS/m,,,,,,,,,,
025-45779,"Litleåne, ovenfor kalkdoserer Mygland",,,,,,,,Magnesium,,,,,,,,2025-03-31 00:00:00,,,,,,,0.46,,mg/l,,,,,,,,,,
025-45779,"Litleåne, ovenfor kalkdoserer Mygland",,,,,,,,Natrium,,,,,,,,2025-03-31 00:00:00,,,,,,,3.7,,mg/l,,,,,,,,,,
025-45779,"Litleåne, ovenfor kalkdoserer Mygland",,,,,,,,Nitrat,,,,,,,,2025-03-31 00:00:00,,,,,,,59,,µg/l N,,,,,,,,,,
025-45779,"Litleåne, ovenfor kalkdoserer Mygland",,,,,,,,Reaktivt aluminium,,,,,,,,2025-03-31 00:00:00,,,,,,,88,,µg/l Al,,,,,,,,,,
025-45779,"Litleåne, ovenfor kalkdoserer Mygland",,,,,,,,Reaktivt silikat,,,,,,,,2025-03-31 00:00:00,,,,,,,1100,,µg/l SiO2,,,,,,,,,,
025-45779,"Litleåne, ovenfor kalkdoserer Mygland",,,,,,,,Silisium,,,,,,,,2025-03-31 00:00:00,,,,,,,530,,µg/l,,,,,,,,,,
025-45779,"Litleåne, ovenfor kalkdoserer Mygland",,,,,,,,Sulfat,,,,,,,,2025-03-31 00:00:00,,,,,,,0.91,,mg/l,,,,,,,,,,
025-45779,"Litleåne, ovenfor kalkdoserer Mygland",,,,,,,,Syrenøytraliserende kapasitet (ANC),,,,,,,,2025-03-31 00:00:00,,,,,,,0.37,,µekv/l,,,,,,,,,,
025-45779,"Litleåne, ovenfor kalkdoserer Mygland",,,,,,,,Totalfosfor,,,,,,,,2025-03-31 00:00:00,,,,,,,3,,µg/l P,,,,,,,,,,
025-45779,"Litleåne, ovenfor kalkdoserer Mygland",,,,,,,,Totalnitrogen,,,,,,,,2025-03-31 00:00:00,,,,,,,170,,µg/l N,,,,,,,,,,
025-45779,"Litleåne, ovenfor kalkdoserer Mygland",,,,,,,,Totalt organisk karbon (TOC),,,,,,,,2025-03-31 00:00:00,,,,,,,3.6,,mg/l C,,,,,,,,,,
025-45779,"Litleåne, ovenfor kalkdoserer Mygland",,,,,,,,pH,,,,,,,,2025-03-31 00:00:00,,,,,,,4.7,,<ubenevnt>,,,,,,,,,,
025-45779,"Litleåne, ovenfor kalkdoserer Mygland",,,,,,,,Ikke-labilt aluminium,,,,,,,,2025-04-28 00:00:00,,,,,,,28,,µg/l Al,,,,,,,,,,
025-45779,"Litleåne, ovenfor kalkdoserer Mygland",,,,,,,,Kalium,,,,,,,,2025-04-28 00:00:00,,,,,,,0.19,,mg/l,,,,,,,,,,
025-45779,"Litleåne, ovenfor kalkdoserer Mygland",,,,,,,,Kalsium,,,,,,,,2025-04-28 00:00:00,,,,,,,0.65,,mg/l,,,,,,,,,,
025-45779,"Litleåne, ovenfor kalkdoserer Mygland",,,,,,,,Klorid,,,,,,,,2025-04-28 00:00:00,,,,,,,11,,mg/l,,,,,,,,,,
025-45779,"Litleåne, ovenfor kalkdoserer Mygland",,,,,,,,Konduktivitet,,,,,,,,2025-04-28 00:00:00,,,,,,,3.33,,mS/m,,,,,,,,,,
025-45779,"Litleåne, ovenfor kalkdoserer Mygland",,,,,,,,Magnesium,,,,,,,,2025-04-28 00:00:00,,,,,,,0.45,,mg/l,,,,,,,,,,
025-45779,"Litleåne, ovenfor kalkdoserer Mygland",,,,,,,,Natrium,,,,,,,,2025-04-28 00:00:00,,,,,,,3.6,,mg/l,,,,,,,,,,
025-45779,"Litleåne, ovenfor kalkdoserer Mygland",,,,,,,,Nitrat,,,,,,,,2025-04-28 00:00:00,,,,,,,5,,µg/l N,,,,,,,,,,
025-45779,"Litleåne, ovenfor kalkdoserer Mygland",,,,,,,,Reaktivt aluminium,,,,,,,,2025-04-28 00:00:00,,,,,,,50,,µg/l Al,,,,,,,,,,
025-45779,"Litleåne, ovenfor kalkdoserer Mygland",,,,,,,,Reaktivt silikat,,,,,,,,2025-04-28 00:00:00,,,,,,,96,,µg/l SiO2,,,,,,,,,,
025-45779,"Litleåne, ovenfor kalkdoserer Mygland",,,,,,,,Silisium,,,,,,,,2025-04-28 00:00:00,,,,,,,45,,µg/l,,,,,,,,,,
025-45779,"Litleåne, ovenfor kalkdoserer Mygland",,,,,,,,Sulfat,,,,,,,,2025-04-28 00:00:00,,,,,,,0.96,,mg/l,,,,,,,,,,
025-45779,"Litleåne, ovenfor kalkdoserer Mygland",,,,,,,,Syrenøytraliserende kapasitet (ANC),,,,,,,,2025-04-28 00:00:00,,,,,,,-99,,µekv/l,,,,,,,,,,
025-45779,"Litleåne, ovenfor kalkdoserer Mygland",,,,,,,,Totalfosfor,,,,,,,,2025-04-28 00:00:00,,,,,,,6.3,,µg/l P,,,,,,,,,,
025-45779,"Litleåne, ovenfor kalkdoserer Mygland",,,,,,,,Totalnitrogen,,,,,,,,2025-04-28 00:00:00,,,,,,,130,,µg/l N,,,,,,,,,,
025-45779,"Litleåne, ovenfor kalkdoserer Mygland",,,,,,,,Totalt organisk karbon (TOC),,,,,,,,2025-04-28 00:00:00,,,,,,,3.3,,mg/l C,,,,,,,,,,
025-45779,"Litleåne, ovenfor kalkdoserer Mygland",,,,,,,,pH,,,,,,,,2025-04-28 00:00:00,,,,,,,4.8,,<ubenevnt>,,,,,,,,,,
025-45779,"Litleåne, ovenfor kalkdoserer Mygland",,,,,,,,Ikke-labilt aluminium,,,,,,,,2025-05-28 00:00:00,,,,,,,21,,µg/l Al,,,,,,,,,,
025-45779,"Litleåne, ovenfor kalkdoserer Mygland",,,,,,,,Kalium,,,,,,,,2025-05-28 00:00:00,,,,,,,0.21,,mg/l,,,,,,,,,,
025-45779,"Litleåne, ovenfor kalkdoserer Mygland",,,,,,,,Kalsium,,,,,,,,2025-05-28 00:00:00,,,,,,,0.64,,mg/l,,,,,,,,,,
025-45779,"Litleåne, ovenfor kalkdoserer Mygland",,,,,,,,Klorid,,,,,,,,2025-05-28 00:00:00,,,,,,,7.3,,mg/l,,,,,,,,,,
025-45779,"Litleåne, ovenfor kalkdoserer Mygland",,,,,,,,Konduktivitet,,,,,,,,2025-05-28 00:00:00,,,,,,,3.32,,mS/m,,,,,,,,,,
025-45779,"Litleåne, ovenfor kalkdoserer Mygland",,,,,,,,Magnesium,,,,,,,,2025-05-28 00:00:00,,,,,,,0.46,,mg/l,,,,,,,,,,
025-45779,"Litleåne, ovenfor kalkdoserer Mygland",,,,,,,,Natrium,,,,,,,,2025-05-28 00:00:00,,,,,,,3.6,,mg/l,,,,,,,,,,
025-45779,"Litleåne, ovenfor kalkdoserer Mygland",,,,,,,,Nitrat,,,,,,,,2025-05-28 00:00:00,,,,,,,22,,µg/l N,,,,,,,,,,
025-45779,"Litleåne, ovenfor kalkdoserer Mygland",,,,,,,,Reaktivt aluminium,,,,,,,,2025-05-28 00:00:00,,,,,,,24,,µg/l Al,,,,,,,,,,
025-45779,"Litleåne, ovenfor kalkdoserer Mygland",,,,,,,,Reaktivt silikat,,,,,,,,2025-05-28 00:00:00,,,,,,,790,,µg/l SiO2,,,,,,,,,,
025-45779,"Litleåne, ovenfor kalkdoserer Mygland",,,,,,,,Silisium,,,,,,,,2025-05-28 00:00:00,,,,,,,370,,µg/l,,,,,,,,,,
025-45779,"Litleåne, ovenfor kalkdoserer Mygland",,,,,,,,Sulfat,,,,,,,,2025-05-28 00:00:00,,,,,,,0.9,,mg/l,,,,,,,,,,
025-45779,"Litleåne, ovenfor kalkdoserer Mygland",,,,,,,,Syrenøytraliserende kapasitet (ANC),,,,,,,,2025-05-28 00:00:00,,,,,,,5.6,,µekv/l,,,,,,,,,,
025-45779,"Litleåne, ovenfor kalkdoserer Mygland",,,,,,,,Totalfosfor,,,,,,,,2025-05-28 00:00:00,,,,,,,5.2,,µg/l P,,,,,,,,,,
025-45779,"Litleåne, ovenfor kalkdoserer Mygland",,,,,,,,Totalnitrogen,,,,,,,,2025-05-28 00:00:00,,,,,,,200,,µg/l N,,,,,,,,,,
025-45779,"Litleåne, ovenfor kalkdoserer Mygland",,,,,,,,Totalt organisk karbon (TOC),,,,,,,,2025-05-28 00:00:00,,,,,,,4.7,,mg/l C,,,,,,,,,,
025-45779,"Litleåne, ovenfor kalkdoserer Mygland",,,,,,,,pH,,,,,,,,2025-05-28 00:00:00,,,,,,,4.8,,<ubenevnt>,,,,,,,,,,
025-45779,"Litleåne, ovenfor kalkdoserer Mygland",,,,,,,,Ikke-labilt aluminium,,,,,,,,2025-06-02 00:00:00,,,,,,,24,,µg/l Al,,,,,,,,,,
025-45779,"Litleåne, ovenfor kalkdoserer Mygland",,,,,,,,Kalium,,,,,,,,2025-06-02 00:00:00,,,,,,,0.16,,mg/l,,,,,,,,,,
025-45779,"Litleåne, ovenfor kalkdoserer Mygland",,,,,,,,Kalsium,,,,,,,,2025-06-02 00:00:00,,,,,,,0.55,,mg/l,,,,,,,,,,
025-45779,"Litleåne, ovenfor kalkdoserer Mygland",,,,,,,,Klorid,,,,,,,,2025-06-02 00:00:00,,,,,,,8.5,,mg/l,,,,,,,,,,
025-45779,"Litleåne, ovenfor kalkdoserer Mygland",,,,,,,,Konduktivitet,,,,,,,,2025-06-02 00:00:00,,,,,,,3.18,,mS/m,,,,,,,,,,
025-45779,"Litleåne, ovenfor kalkdoserer Mygland",,,,,,,,Magnesium,,,,,,,,2025-06-02 00:00:00,,,,,,,0.43,,mg/l,,,,,,,,,,
025-45779,"Litleåne, ovenfor kalkdoserer Mygland",,,,,,,,Natrium,,,,,,,,2025-06-02 00:00:00,,,,,,,3.5,,mg/l,,,,,,,,,,
025-45779,"Litleåne, ovenfor kalkdoserer Mygland",,,,,,,,Nitrat,,,,,,,,2025-06-02 00:00:00,,,,,,,12,,µg/l N,,,,,,,,,,
025-45779,"Litleåne, ovenfor kalkdoserer Mygland",,,,,,,,Reaktivt aluminium,,,,,,,,2025-06-02 00:00:00,,,,,,,31,,µg/l Al,,,,,,,,,,
025-45779,"Litleåne, ovenfor kalkdoserer Mygland",,,,,,,,Reaktivt silikat,,,,,,,,2025-06-02 00:00:00,,,,,,,410,,µg/l SiO2,,,,,,,,,,
025-45779,"Litleåne, ovenfor kalkdoserer Mygland",,,,,,,,Silisium,,,,,,,,2025-06-02 00:00:00,,,,,,,190,,µg/l,,,,,,,,,,
025-45779,"Litleåne, ovenfor kalkdoserer Mygland",,,,,,,,Sulfat,,,,,,,,2025-06-02 00:00:00,,,,,,,0.96,,mg/l,,,,,,,,,,
025-45779,"Litleåne, ovenfor kalkdoserer Mygland",,,,,,,,Syrenøytraliserende kapasitet (ANC),,,,,,,,2025-06-02 00:00:00,,,,,,,-41,,µekv/l,,,,,,,,,,
025-45779,"Litleåne, ovenfor kalkdoserer Mygland",,,,,,,,Totalfosfor,,,,,,,,2025-06-02 00:00:00,,,,,,,3.5,,µg/l P,,,,,,,,,,
025-45779,"Litleåne, ovenfor kalkdoserer Mygland",,,,,,,,Totalnitrogen,,,,,,,,2025-06-02 00:00:00,,,,,,,160,,µg/l N,,,,,,,,,,
025-45779,"Litleåne, ovenfor kalkdoserer Mygland",,,,,,,,Totalt organisk karbon (TOC),,,,,,,,2025-06-02 00:00:00,,,,,,,4.9,,mg/l C,,,,,,,,,,
025-45779,"Litleåne, ovenfor kalkdoserer Mygland",,,,,,,,pH,,,,,,,,2025-06-02 00:00:00,,,,,,,4.8,,<ubenevnt>,,,,,,,,,,
025-45779,"Litleåne, ovenfor kalkdoserer Mygland",,,,,,,,Ikke-labilt aluminium,,,,,,,,2025-06-30 00:00:00,,,,,,,74,,µg/l Al,,,,,,,,,,
025-45779,"Litleåne, ovenfor kalkdoserer Mygland",,,,,,,,Kalium,,,,,,,,2025-06-30 00:00:00,,,,,,,0.14,,mg/l,,,,,,,,,,
025-45779,"Litleåne, ovenfor kalkdoserer Mygland",,,,,,,,Kalsium,,,,,,,,2025-06-30 00:00:00,,,,,,,0.55,,mg/l,,,,,,,,,,
025-45779,"Litleåne, ovenfor kalkdoserer Mygland",,,,,,,,Klorid,,,,,,,,2025-06-30 00:00:00,,,,,,,5.3,,mg/l,,,,,,,,,,
025-45779,"Litleåne, ovenfor kalkdoserer Mygland",,,,,,,,Konduktivitet,,,,,,,,2025-06-30 00:00:00,,,,,,,2.95,,mS/m,,,,,,,,,,
025-45779,"Litleåne, ovenfor kalkdoserer Mygland",,,,,,,,Magnesium,,,,,,,,2025-06-30 00:00:00,,,,,,,0.34,,mg/l,,,,,,,,,,
025-45779,"Litleåne, ovenfor kalkdoserer Mygland",,,,,,,,Natrium,,,,,,,,2025-06-30 00:00:00,,,,,,,2.8,,mg/l,,,,,,,,,,
025-45779,"Litleåne, ovenfor kalkdoserer Mygland",,,,,,,,Nitrat,,,,,,,,2025-06-30 00:00:00,,,,,,,7.2,,µg/l N,,,,,,,,,,
025-45779,"Litleåne, ovenfor kalkdoserer Mygland",,,,,,,,Reaktivt aluminium,,,,,,,,2025-06-30 00:00:00,,,,,,,110,,µg/l Al,,,,,,,,,,
025-45779,"Litleåne, ovenfor kalkdoserer Mygland",,,,,,,,Reaktivt silikat,,,,,,,,2025-06-30 00:00:00,,,,,,,360,,µg/l SiO2,,,,,,,,,,
025-45779,"Litleåne, ovenfor kalkdoserer Mygland",,,,,,,,Silisium,,,,,,,,2025-06-30 00:00:00,,,,,,,170,,µg/l,,,,,,,,,,
025-45779,"Litleåne, ovenfor kalkdoserer Mygland",,,,,,,,Sulfat,,,,,,,,2025-06-30 00:00:00,,,,,,,0.74,,mg/l,,,,,,,,,,
025-45779,"Litleåne, ovenfor kalkdoserer Mygland",,,,,,,,Syrenøytraliserende kapasitet (ANC),,,,,,,,2025-06-30 00:00:00,,,,,,,15,,µekv/l,,,,,,,,,,
025-45779,"Litleåne, ovenfor kalkdoserer Mygland",,,,,,,,Totalfosfor,,,,,,,,2025-06-30 00:00:00,,,,,,,6.9,,µg/l P,,,,,,,,,,
025-45779,"Litleåne, ovenfor kalkdoserer Mygland",,,,,,,,Totalnitrogen,,,,,,,,2025-06-30 00:00:00,,,,,,,180,,µg/l N,,,,,,,,,,
025-45779,"Litleåne, ovenfor kalkdoserer Mygland",,,,,,,,Totalt organisk karbon (TOC),,,,,,,,2025-06-30 00:00:00,,,,,,,6.2,,mg/l C,,,,,,,,,,
025-45779,"Litleåne, ovenfor kalkdoserer Mygland",,,,,,,,pH,,,,,,,,2025-06-30 00:00:00,,,,,,,5.2,,<ubenevnt>,,,,,,,,,,
025-45779,"Litleåne, ovenfor kalkdoserer Mygland",,,,,,,,Ikke-labilt aluminium,,,,,,,,2025-07-05 00:00:00,,,,,,,76,,µg/l Al,,,,,,,,,,
025-45779,"Litleåne, ovenfor kalkdoserer Mygland",,,,,,,,Kalium,,,,,,,,2025-07-05 00:00:00,,,,,,,0.22,,mg/l,,,,,,,,,,
025-45779,"Litleåne, ovenfor kalkdoserer Mygland",,,,,,,,Kalsium,,,,,,,,2025-07-05 00:00:00,,,,,,,0.74,,mg/l,,,,,,,,,,
025-45779,"Litleåne, ovenfor kalkdoserer Mygland",,,,,,,,Klorid,,,,,,,,2025-07-05 00:00:00,,,,,,,5.2,,mg/l,,,,,,,,,,
025-45779,"Litleåne, ovenfor kalkdoserer Mygland",,,,,,,,Konduktivitet,,,,,,,,2025-07-05 00:00:00,,,,,,,2.35,,mS/m,,,,,,,,,,
025-45779,"Litleåne, ovenfor kalkdoserer Mygland",,,,,,,,Magnesium,,,,,,,,2025-07-05 00:00:00,,,,,,,0.35,,mg/l,,,,,,,,,,
025-45779,"Litleåne, ovenfor kalkdoserer Mygland",,,,,,,,Natrium,,,,,,,,2025-07-05 00:00:00,,,,,,,2.5,,mg/l,,,,,,,,,,
025-45779,"Litleåne, ovenfor kalkdoserer Mygland",,,,,,,,Nitrat,,,,,,,,2025-07-05 00:00:00,,,,,,,5.6,,µg/l N,,,,,,,,,,
025-45779,"Litleåne, ovenfor kalkdoserer Mygland",,,,,,,,Reaktivt aluminium,,,,,,,,2025-07-05 00:00:00,,,,,,,80,,µg/l Al,,,,,,,,,,
025-45779,"Litleåne, ovenfor kalkdoserer Mygland",,,,,,,,Reaktivt silikat,,,,,,,,2025-07-05 00:00:00,,,,,,,1500,,µg/l SiO2,,,,,,,,,,
025-45779,"Litleåne, ovenfor kalkdoserer Mygland",,,,,,,,Silisium,,,,,,,,2025-07-05 00:00:00,,,,,,,690,,µg/l,,,,,,,,,,
025-45779,"Litleåne, ovenfor kalkdoserer Mygland",,,,,,,,Sulfat,,,,,,,,2025-07-05 00:00:00,,,,,,,0.51,,mg/l,,,,,,,,,,
025-45779,"Litleåne, ovenfor kalkdoserer Mygland",,,,,,,,Syrenøytraliserende kapasitet (ANC),,,,,,,,2025-07-05 00:00:00,,,,,,,22,,µekv/l,,,,,,,,,,
025-45779,"Litleåne, ovenfor kalkdoserer Mygland",,,,,,,,Totalfosfor,,,,,,,,2025-07-05 00:00:00,,,,,,,23,,µg/l P,,,,,,,,,,
025-45779,"Litleåne, ovenfor kalkdoserer Mygland",,,,,,,,Totalnitrogen,,,,,,,,2025-07-05 00:00:00,,,,,,,320,,µg/l N,,,,,,,,,,
025-45779,"Litleåne, ovenfor kalkdoserer Mygland",,,,,,,,Totalt organisk karbon (TOC),,,,,,,,2025-07-05 00:00:00,,,,,,,14,,mg/l C,,,,,,,,,,
025-45779,"Litleåne, ovenfor kalkdoserer Mygland",,,,,,,,pH,,,,,,,,2025-07-05 00:00:00,,,,,,,4.9,,<ubenevnt>,,,,,,,,,,
025-45779,"Litleåne, ovenfor kalkdoserer Mygland",,,,,,,,Ikke-labilt aluminium,,,,,,,,2025-07-22 00:00:00,,,,,,,100,,µg/l Al,,,,,,,,,,
025-45779,"Litleåne, ovenfor kalkdoserer Mygland",,,,,,,,Kalium,,,,,,,,2025-07-22 00:00:00,,,,,,,0.17,,mg/l,,,,,,,,,,
025-45779,"Litleåne, ovenfor kalkdoserer Mygland",,,,,,,,Kalsium,,,,,,,,2025-07-22 00:00:00,,,,,,,0.62,,mg/l,,,,,,,,,,
025-45779,"Litleåne, ovenfor kalkdoserer Mygland",,,,,,,,Klorid,,,,,,,,2025-07-22 00:00:00,,,,,,,4.6,,mg/l,,,,,,,,,,
025-45779,"Litleåne, ovenfor kalkdoserer Mygland",,,,,,,,Konduktivitet,,,,,,,,2025-07-22 00:00:00,,,,,,,2.12,,mS/m,,,,,,,,,,
025-45779,"Litleåne, ovenfor kalkdoserer Mygland",,,,,,,,Magnesium,,,,,,,,2025-07-22 00:00:00,,,,,,,0.31,,mg/l,,,,,,,,,,
025-45779,"Litleåne, ovenfor kalkdoserer Mygland",,,,,,,,Natrium,,,,,,,,2025-07-22 00:00:00,,,,,,,2.5,,mg/l,,,,,,,,,,
025-45779,"Litleåne, ovenfor kalkdoserer Mygland",,,,,,,,Nitrat,,,,,,,,2025-07-22 00:00:00,,,,,,,40,,µg/l N,,,,,,,,,,
025-45779,"Litleåne, ovenfor kalkdoserer Mygland",,,,,,,,Reaktivt aluminium,,,,,,,,2025-07-22 00:00:00,,,,,,,140,,µg/l Al,,,,,,,,,,
025-45779,"Litleåne, ovenfor kalkdoserer Mygland",,,,,,,,Reaktivt silikat,,,,,,,,2025-07-22 00:00:00,,,,,,,560,,µg/l SiO2,,,,,,,,,,
025-45779,"Litleåne, ovenfor kalkdoserer Mygland",,,,,,,,Silisium,,,,,,,,2025-07-22 00:00:00,,,,,,,260,,µg/l,,,,,,,,,,
025-45779,"Litleåne, ovenfor kalkdoserer Mygland",,,,,,,,Sulfat,,,,,,,,2025-07-22 00:00:00,,,,,,,0.77,,mg/l,,,,,,,,,,
025-45779,"Litleåne, ovenfor kalkdoserer Mygland",,,,,,,,Syrenøytraliserende kapasitet (ANC),,,,,,,,2025-07-22 00:00:00,,,,,,,21,,µekv/l,,,,,,,,,,
025-45779,"Litleåne, ovenfor kalkdoserer Mygland",,,,,,,,Totalfosfor,,,,,,,,2025-07-22 00:00:00,,,,,,,13,,µg/l P,,,,,,,,,,
025-45779,"Litleåne, ovenfor kalkdoserer Mygland",,,,,,,,Totalnitrogen,,,,,,,,2025-07-22 00:00:00,,,,,,,260,,µg/l N,,,,,,,,,,
025-45779,"Litleåne, ovenfor kalkdoserer Mygland",,,,,,,,Totalt organisk karbon (TOC),,,,,,,,2025-07-22 00:00:00,,,,,,,9.1,,mg/l C,,,,,,,,,,
025-45779,"Litleåne, ovenfor kalkdoserer Mygland",,,,,,,,pH,,,,,,,,2025-07-22 00:00:00,,,,,,,5.3,,<ubenevnt>,,,,,,,,,,
025-45779,"Litleåne, ovenfor kalkdoserer Mygland",,,,,,,,Ikke-labilt aluminium,,,,,,,,2025-07-28 00:00:00,,,,,,,87,,µg/l Al,,,,,,,,,,
025-45779,"Litleåne, ovenfor kalkdoserer Mygland",,,,,,,,Kalium,,,,,,,,2025-07-28 00:00:00,,,,,,,0.14,,mg/l,,,,,,,,,,
025-45779,"Litleåne, ovenfor kalkdoserer Mygland",,,,,,,,Kalsium,,,,,,,,2025-07-28 00:00:00,,,,,,,0.45,,mg/l,,,,,,,,,,
025-45779,"Litleåne, ovenfor kalkdoserer Mygland",,,,,,,,Klorid,,,,,,,,2025-07-28 00:00:00,,,,,,,4,,mg/l,,,,,,,,,,
025-45779,"Litleåne, ovenfor kalkdoserer Mygland",,,,,,,,Konduktivitet,,,,,,,,2025-07-28 00:00:00,,,,,,,2.03,,mS/m,,,,,,,,,,
025-45779,"Litleåne, ovenfor kalkdoserer Mygland",,,,,,,,Magnesium,,,,,,,,2025-07-28 00:00:00,,,,,,,0.28,,mg/l,,,,,,,,,,
025-45779,"Litleåne, ovenfor kalkdoserer Mygland",,,,,,,,Natrium,,,,,,,,2025-07-28 00:00:00,,,,,,,2.2,,mg/l,,,,,,,,,,
025-45779,"Litleåne, ovenfor kalkdoserer Mygland",,,,,,,,Nitrat,,,,,,,,2025-07-28 00:00:00,,,,,,,5,,µg/l N,,,,,,,,,,
025-45779,"Litleåne, ovenfor kalkdoserer Mygland",,,,,,,,Reaktivt aluminium,,,,,,,,2025-07-28 00:00:00,,,,,,,130,,µg/l Al,,,,,,,,,,
025-45779,"Litleåne, ovenfor kalkdoserer Mygland",,,,,,,,Reaktivt silikat,,,,,,,,2025-07-28 00:00:00,,,,,,,620,,µg/l SiO2,,,,,,,,,,
025-45779,"Litleåne, ovenfor kalkdoserer Mygland",,,,,,,,Silisium,,,,,,,,2025-07-28 00:00:00,,,,,,,290,,µg/l,,,,,,,,,,
025-45779,"Litleåne, ovenfor kalkdoserer Mygland",,,,,,,,Sulfat,,,,,,,,2025-07-28 00:00:00,,,,,,,0.54,,mg/l,,,,,,,,,,
025-45779,"Litleåne, ovenfor kalkdoserer Mygland",,,,,,,,Syrenøytraliserende kapasitet (ANC),,,,,,,,2025-07-28 00:00:00,,,,,,,21,,µekv/l,,,,,,,,,,
025-45779,"Litleåne, ovenfor kalkdoserer Mygland",,,,,,,,Totalfosfor,,,,,,,,2025-07-28 00:00:00,,,,,,,17,,µg/l P,,,,,,,,,,
025-45779,"Litleåne, ovenfor kalkdoserer Mygland",,,,,,,,Totalnitrogen,,,,,,,,2025-07-28 00:00:00,,,,,,,440,,µg/l N,,,,,,,,,,
025-45779,"Litleåne, ovenfor kalkdoserer Mygland",,,,,,,,Totalt organisk karbon (TOC),,,,,,,,2025-07-28 00:00:00,,,,,,,8.4,,mg/l C,,,,,,,,,,
025-45779,"Litleåne, ovenfor kalkdoserer Mygland",,,,,,,,pH,,,,,,,,2025-07-28 00:00:00,,,,,,,5,,<ubenevnt>,,,,,,,,,,
025-45779,"Litleåne, ovenfor kalkdoserer Mygland",,,,,,,,Ikke-labilt aluminium,,,,,,,,2025-09-01 00:00:00,,,,,,,62,,µg/l Al,,,,,,,,,,
025-45779,"Litleåne, ovenfor kalkdoserer Mygland",,,,,,,,Kalium,,,,,,,,2025-09-01 00:00:00,,,,,,,0.26,,mg/l,,,,,,,,,,
025-45779,"Litleåne, ovenfor kalkdoserer Mygland",,,,,,,,Kalsium,,,,,,,,2025-09-01 00:00:00,,,,,,,0.56,,mg/l,,,,,,,,,,
025-45779,"Litleåne, ovenfor kalkdoserer Mygland",,,,,,,,Klorid,,,,,,,,2025-09-01 00:00:00,,,,,,,5.2,,mg/l,,,,,,,,,,
025-45779,"Litleåne, ovenfor kalkdoserer Mygland",,,,,,,,Konduktivitet,,,,,,,,2025-09-01 00:00:00,,,,,,,2.38,,mS/m,,,,,,,,,,
025-45779,"Litleåne, ovenfor kalkdoserer Mygland",,,,,,,,Magnesium,,,,,,,,2025-09-01 00:00:00,,,,,,,0.32,,mg/l,,,,,,,,,,
025-45779,"Litleåne, ovenfor kalkdoserer Mygland",,,,,,,,Natrium,,,,,,,,2025-09-01 00:00:00,,,,,,,2.6,,mg/l,,,,,,,,,,
025-45779,"Litleåne, ovenfor kalkdoserer Mygland",,,,,,,,Nitrat,,,,,,,,2025-09-01 00:00:00,,,,,,,25,,µg/l N,,,,,,,,,,
025-45779,"Litleåne, ovenfor kalkdoserer Mygland",,,,,,,,Reaktivt aluminium,,,,,,,,2025-09-01 00:00:00,,,,,,,92,,µg/l Al,,,,,,,,,,
025-45779,"Litleåne, ovenfor kalkdoserer Mygland",,,,,,,,Reaktivt silikat,,,,,,,,2025-09-01 00:00:00,,,,,,,660,,µg/l SiO2,,,,,,,,,,
025-45779,"Litleåne, ovenfor kalkdoserer Mygland",,,,,,,,Silisium,,,,,,,,2025-09-01 00:00:00,,,,,,,310,,µg/l,,,,,,,,,,
025-45779,"Litleåne, ovenfor kalkdoserer Mygland",,,,,,,,Sulfat,,,,,,,,2025-09-01 00:00:00,,,,,,,0.79,,mg/l,,,,,,,,,,
025-45779,"Litleåne, ovenfor kalkdoserer Mygland",,,,,,,,Syrenøytraliserende kapasitet (ANC),,,,,,,,2025-09-01 00:00:00,,,,,,,9.2,,µekv/l,,,,,,,,,,
025-45779,"Litleåne, ovenfor kalkdoserer Mygland",,,,,,,,Totalfosfor,,,,,,,,2025-09-01 00:00:00,,,,,,,9.6,,µg/l P,,,,,,,,,,
025-45779,"Litleåne, ovenfor kalkdoserer Mygland",,,,,,,,Totalnitrogen,,,,,,,,2025-09-01 00:00:00,,,,,,,230,,µg/l N,,,,,,,,,,
025-45779,"Litleåne, ovenfor kalkdoserer Mygland",,,,,,,,Totalt organisk karbon (TOC),,,,,,,,2025-09-01 00:00:00,,,,,,,5.5,,mg/l C,,,,,,,,,,
025-45779,"Litleåne, ovenfor kalkdoserer Mygland",,,,,,,,pH,,,,,,,,2025-09-01 00:00:00,,,,,,,5.1,,<ubenevnt>,,,,,,,,,,
025-45779,"Litleåne, ovenfor kalkdoserer Mygland",,,,,,,,Ikke-labilt aluminium,,,,,,,,2025-09-29 00:00:00,,,,,,,80,,µg/l Al,,,,,,,,,,
025-45779,"Litleåne, ovenfor kalkdoserer Mygland",,,,,,,,Kalium,,,,,,,,2025-09-29 00:00:00,,,,,,,0.19,,mg/l,,,,,,,,,,
025-45779,"Litleåne, ovenfor kalkdoserer Mygland",,,,,,,,Kalsium,,,,,,,,2025-09-29 00:00:00,,,,,,,0.4,,mg/l,,,,,,,,,,
025-45779,"Litleåne, ovenfor kalkdoserer Mygland",,,,,,,,Klorid,,,,,,,,2025-09-29 00:00:00,,,,,,,4.2,,mg/l,,,,,,,,,,
025-45779,"Litleåne, ovenfor kalkdoserer Mygland",,,,,,,,Konduktivitet,,,,,,,,2025-09-29 00:00:00,,,,,,,2.2,,mS/m,,,,,,,,,,
025-45779,"Litleåne, ovenfor kalkdoserer Mygland",,,,,,,,Magnesium,,,,,,,,2025-09-29 00:00:00,,,,,,,0.25,,mg/l,,,,,,,,,,
025-45779,"Litleåne, ovenfor kalkdoserer Mygland",,,,,,,,Natrium,,,,,,,,2025-09-29 00:00:00,,,,,,,2.1,,mg/l,,,,,,,,,,
025-45779,"Litleåne, ovenfor kalkdoserer Mygland",,,,,,,,Nitrat,,,,,,,,2025-09-29 00:00:00,,,,,,,19,,µg/l N,,,,,,,,,,
025-45779,"Litleåne, ovenfor kalkdoserer Mygland",,,,,,,,Reaktivt aluminium,,,,,,,,2025-09-29 00:00:00,,,,,,,130,,µg/l Al,,,,,,,,,,
025-45779,"Litleåne, ovenfor kalkdoserer Mygland",,,,,,,,Reaktivt silikat,,,,,,,,2025-09-29 00:00:00,,,,,,,730,,µg/l SiO2,,,,,,,,,,
025-45779,"Litleåne, ovenfor kalkdoserer Mygland",,,,,,,,Silisium,,,,,,,,2025-09-29 00:00:00,,,,,,,340,,µg/l,,,,,,,,,,
025-45779,"Litleåne, ovenfor kalkdoserer Mygland",,,,,,,,Sulfat,,,,,,,,2025-09-29 00:00:00,,,,,,,0.67,,mg/l,,,,,,,,,,
025-45779,"Litleåne, ovenfor kalkdoserer Mygland",,,,,,,,Syrenøytraliserende kapasitet (ANC),,,,,,,,2025-09-29 00:00:00,,,,,,,3,,µekv/l,,,,,,,,,,
025-45779,"Litleåne, ovenfor kalkdoserer Mygland",,,,,,,,Totalfosfor,,,,,,,,2025-09-29 00:00:00,,,,,,,4.8,,µg/l P,,,,,,,,,,
025-45779,"Litleåne, ovenfor kalkdoserer Mygland",,,,,,,,Totalnitrogen,,,,,,,,2025-09-29 00:00:00,,,,,,,200,,µg/l N,,,,,,,,,,
025-45779,"Litleåne, ovenfor kalkdoserer Mygland",,,,,,,,Totalt organisk karbon (TOC),,,,,,,,2025-09-29 00:00:00,,,,,,,7.5,,mg/l C,,,,,,,,,,
025-45779,"Litleåne, ovenfor kalkdoserer Mygland",,,,,,,,pH,,,,,,,,2025-09-29 00:00:00,,,,,,,4.8,,<ubenevnt>,,,,,,,,,,
025-45779,"Litleåne, ovenfor kalkdoserer Mygland",,,,,,,,Ikke-labilt aluminium,,,,,,,,2025-10-27 00:00:00,,,,,,,100,,µg/l Al,,,,,,,,,,
025-45779,"Litleåne, ovenfor kalkdoserer Mygland",,,,,,,,Kalium,,,,,,,,2025-10-27 00:00:00,,,,,,,0.18,,mg/l,,,,,,,,,,
025-45779,"Litleåne, ovenfor kalkdoserer Mygland",,,,,,,,Kalsium,,,,,,,,2025-10-27 00:00:00,,,,,,,0.4,,mg/l,,,,,,,,,,
025-45779,"Litleåne, ovenfor kalkdoserer Mygland",,,,,,,,Klorid,,,,,,,,2025-10-27 00:00:00,,,,,,,4,,mg/l,,,,,,,,,,
025-45779,"Litleåne, ovenfor kalkdoserer Mygland",,,,,,,,Konduktivitet,,,,,,,,2025-10-27 00:00:00,,,,,,,1.97,,mS/m,,,,,,,,,,
025-45779,"Litleåne, ovenfor kalkdoserer Mygland",,,,,,,,Magnesium,,,,,,,,2025-10-27 00:00:00,,,,,,,0.24,,mg/l,,,,,,,,,,
025-45779,"Litleåne, ovenfor kalkdoserer Mygland",,,,,,,,Natrium,,,,,,,,2025-10-27 00:00:00,,,,,,,2,,mg/l,,,,,,,,,,
025-45779,"Litleåne, ovenfor kalkdoserer Mygland",,,,,,,,Nitrat,,,,,,,,2025-10-27 00:00:00,,,,,,,28,,µg/l N,,,,,,,,,,
025-45779,"Litleåne, ovenfor kalkdoserer Mygland",,,,,,,,Reaktivt aluminium,,,,,,,,2025-10-27 00:00:00,,,,,,,140,,µg/l Al,,,,,,,,,,
025-45779,"Litleåne, ovenfor kalkdoserer Mygland",,,,,,,,Reaktivt silikat,,,,,,,,2025-10-27 00:00:00,,,,,,,1300,,µg/l SiO2,,,,,,,,,,
025-45779,"Litleåne, ovenfor kalkdoserer Mygland",,,,,,,,Silisium,,,,,,,,2025-10-27 00:00:00,,,,,,,610,,µg/l,,,,,,,,,,
025-45779,"Litleåne, ovenfor kalkdoserer Mygland",,,,,,,,Sulfat,,,,,,,,2025-10-27 00:00:00,,,,,,,0.57,,mg/l,,,,,,,,,,
025-45779,"Litleåne, ovenfor kalkdoserer Mygland",,,,,,,,Syrenøytraliserende kapasitet (ANC),,,,,,,,2025-10-27 00:00:00,,,,,,,4.7,,µekv/l,,,,,,,,,,
025-45779,"Litleåne, ovenfor kalkdoserer Mygland",,,,,,,,Totalfosfor,,,,,,,,2025-10-27 00:00:00,,,,,,,6.5,,µg/l P,,,,,,,,,,
025-45779,"Litleåne, ovenfor kalkdoserer Mygland",,,,,,,,Totalnitrogen,,,,,,,,2025-10-27 00:00:00,,,,,,,240,,µg/l N,,,,,,,,,,
025-45779,"Litleåne, ovenfor kalkdoserer Mygland",,,,,,,,Totalt organisk karbon (TOC),,,,,,,,2025-10-27 00:00:00,,,,,,,8.1,,mg/l C,,,,,,,,,,
025-45779,"Litleåne, ovenfor kalkdoserer Mygland",,,,,,,,pH,,,,,,,,2025-10-27 00:00:00,,,,,,,5,,<ubenevnt>,,,,,,,,,,
025-45779,"Litleåne, ovenfor kalkdoserer Mygland",,,,,,,,Ikke-labilt aluminium,,,,,,,,2025-11-27 00:00:00,,,,,,,110,,µg/l Al,,,,,,,,,,
025-45779,"Litleåne, ovenfor kalkdoserer Mygland",,,,,,,,Kalium,,,,,,,,2025-11-27 00:00:00,,,,,,,0.19,,mg/l,,,,,,,,,,
025-45779,"Litleåne, ovenfor kalkdoserer Mygland",,,,,,,,Kalsium,,,,,,,,2025-11-27 00:00:00,,,,,,,0.35,,mg/l,,,,,,,,,,
025-45779,"Litleåne, ovenfor kalkdoserer Mygland",,,,,,,,Klorid,,,,,,,,2025-11-27 00:00:00,,,,,,,3.5,,mg/l,,,,,,,,,,
025-45779,"Litleåne, ovenfor kalkdoserer Mygland",,,,,,,,Konduktivitet,,,,,,,,2025-11-27 00:00:00,,,,,,,2.12,,mS/m,,,,,,,,,,
025-45779,"Litleåne, ovenfor kalkdoserer Mygland",,,,,,,,Magnesium,,,,,,,,2025-11-27 00:00:00,,,,,,,0.19,,mg/l,,,,,,,,,,
025-45779,"Litleåne, ovenfor kalkdoserer Mygland",,,,,,,,Natrium,,,,,,,,2025-11-27 00:00:00,,,,,,,1.7,,mg/l,,,,,,,,,,
025-45779,"Litleåne, ovenfor kalkdoserer Mygland",,,,,,,,Nitrat,,,,,,,,2025-11-27 00:00:00,,,,,,,70,,µg/l N,,,,,,,,,,
025-45779,"Litleåne, ovenfor kalkdoserer Mygland",,,,,,,,Reaktivt aluminium,,,,,,,,2025-11-27 00:00:00,,,,,,,140,,µg/l Al,,,,,,,,,,
025-45779,"Litleåne, ovenfor kalkdoserer Mygland",,,,,,,,Reaktivt silikat,,,,,,,,2025-11-27 00:00:00,,,,,,,1700,,µg/l SiO2,,,,,,,,,,
025-45779,"Litleåne, ovenfor kalkdoserer Mygland",,,,,,,,Silisium,,,,,,,,2025-11-27 00:00:00,,,,,,,790,,µg/l,,,,,,,,,,
025-45779,"Litleåne, ovenfor kalkdoserer Mygland",,,,,,,,Sulfat,,,,,,,,2025-11-27 00:00:00,,,,,,,0.69,,mg/l,,,,,,,,,,
025-45779,"Litleåne, ovenfor kalkdoserer Mygland",,,,,,,,Syrenøytraliserende kapasitet (ANC),,,,,,,,2025-11-27 00:00:00,,,,,,,-6.1,,µekv/l,,,,,,,,,,
025-45779,"Litleåne, ovenfor kalkdoserer Mygland",,,,,,,,Totalfosfor,,,,,,,,2025-11-27 00:00:00,,,,,,,12,,µg/l P,,,,,,,,,,
025-45779,"Litleåne, ovenfor kalkdoserer Mygland",,,,,,,,Totalnitrogen,,,,,,,,2025-11-27 00:00:00,,,,,,,300,,µg/l N,,,,,,,,,,
025-45779,"Litleåne, ovenfor kalkdoserer Mygland",,,,,,,,Totalt organisk karbon (TOC),,,,,,,,2025-11-27 00:00:00,,,,,,,7.4,,mg/l C,,,,,,,,,,
025-45779,"Litleåne, ovenfor kalkdoserer Mygland",,,,,,,,pH,,,,,,,,2025-11-27 00:00:00,,,,,,,4.7,,<ubenevnt>,,,,,,,,,,
025-45779,"Litleåne, ovenfor kalkdoserer Mygland",,,,,,,,Ikke-labilt aluminium,,,,,,,,2025-12-01 00:00:00,,,,,,,90,,µg/l Al,,,,,,,,,,
025-45779,"Litleåne, ovenfor kalkdoserer Mygland",,,,,,,,Kalium,,,,,,,,2025-12-01 00:00:00,,,,,,,0.13,,mg/l,,,,,,,,,,
025-45779,"Litleåne, ovenfor kalkdoserer Mygland",,,,,,,,Kalsium,,,,,,,,2025-12-01 00:00:00,,,,,,,0.39,,mg/l,,,,,,,,,,
025-45779,"Litleåne, ovenfor kalkdoserer Mygland",,,,,,,,Klorid,,,,,,,,2025-12-01 00:00:00,,,,,,,3.9,,mg/l,,,,,,,,,,
025-45779,"Litleåne, ovenfor kalkdoserer Mygland",,,,,,,,Konduktivitet,,,,,,,,2025-12-01 00:00:00,,,,,,,1.94,,mS/m,,,,,,,,,,
025-45779,"Litleåne, ovenfor kalkdoserer Mygland",,,,,,,,Magnesium,,,,,,,,2025-12-01 00:00:00,,,,,,,0.23,,mg/l,,,,,,,,,,
025-45779,"Litleåne, ovenfor kalkdoserer Mygland",,,,,,,,Natrium,,,,,,,,2025-12-01 00:00:00,,,,,,,1.9,,mg/l,,,,,,,,,,
025-45779,"Litleåne, ovenfor kalkdoserer Mygland",,,,,,,,Nitrat,,,,,,,,2025-12-01 00:00:00,,,,,,,49,,µg/l N,,,,,,,,,,
025-45779,"Litleåne, ovenfor kalkdoserer Mygland",,,,,,,,Reaktivt aluminium,,,,,,,,2025-12-01 00:00:00,,,,,,,120,,µg/l Al,,,,,,,,,,
025-45779,"Litleåne, ovenfor kalkdoserer Mygland",,,,,,,,Reaktivt silikat,,,,,,,,2025-12-01 00:00:00,,,,,,,1300,,µg/l SiO2,,,,,,,,,,
025-45779,"Litleåne, ovenfor kalkdoserer Mygland",,,,,,,,Silisium,,,,,,,,2025-12-01 00:00:00,,,,,,,610,,µg/l,,,,,,,,,,
025-45779,"Litleåne, ovenfor kalkdoserer Mygland",,,,,,,,Sulfat,,,,,,,,2025-12-01 00:00:00,,,,,,,0.67,,mg/l,,,,,,,,,,
025-45779,"Litleåne, ovenfor kalkdoserer Mygland",,,,,,,,Syrenøytraliserende kapasitet (ANC),,,,,,,,2025-12-01 00:00:00,,,,,,,-3.1,,µekv/l,,,,,,,,,,
025-45779,"Litleåne, ovenfor kalkdoserer Mygland",,,,,,,,Totalfosfor,,,,,,,,2025-12-01 00:00:00,,,,,,,11,,µg/l P,,,,,,,,,,
025-45779,"Litleåne, ovenfor kalkdoserer Mygland",,,,,,,,Totalnitrogen,,,,,,,,2025-12-01 00:00:00,,,,,,,220,,µg/l N,,,,,,,,,,
025-45779,"Litleåne, ovenfor kalkdoserer Mygland",,,,,,,,Totalt organisk karbon (TOC),,,,,,,,2025-12-01 00:00:00,,,,,,,6.3,,mg/l C,,,,,,,,,,
025-45779,"Litleåne, ovenfor kalkdoserer Mygland",,,,,,,,pH,,,,,,,,2025-12-01 00:00:00,,,,,,,4.9,,<ubenevnt>,,,,,,,,,,
025-58891,Litlåne ved Åmot,,,,,,,,Ikke-labilt aluminium,,,,,,,,2025-01-07 00:00:00,,,,,,,61,,µg/l Al,,,,,,,,,,
025-58891,Litlåne ved Åmot,,,,,,,,Kalsium,,,,,,,,2025-01-07 00:00:00,,,,,,,1.1,,mg/l,,,,,,,,,,
025-58891,Litlåne ved Åmot,,,,,,,,Konduktivitet,,,,,,,,2025-01-07 00:00:00,,,,,,,2.36,,mS/m,,,,,,,,,,
025-58891,Litlåne ved Åmot,,,,,,,,Reaktivt aluminium,,,,,,,,2025-01-07 00:00:00,,,,,,,81,,µg/l Al,,,,,,,,,,
025-58891,Litlåne ved Åmot,,,,,,,,Totalt organisk karbon (TOC),,,,,,,,2025-01-07 00:00:00,,,,,,,4.5,,mg/l C,,,,,,,,,,
025-58891,Litlåne ved Åmot,,,,,,,,pH,,,,,,,,2025-01-07 00:00:00,,,,,,,6.1,,<ubenevnt>,,,,,,,,,,
025-58891,Litlåne ved Åmot,,,,,,,,Ikke-labilt aluminium,,,,,,,,2025-01-27 00:00:00,,,,,,,66,,µg/l Al,,,,,,,,,,
025-58891,Litlåne ved Åmot,,,,,,,,Kalsium,,,,,,,,2025-01-27 00:00:00,,,,,,,1,,mg/l,,,,,,,,,,
025-58891,Litlåne ved Åmot,,,,,,,,Konduktivitet,,,,,,,,2025-01-27 00:00:00,,,,,,,3.01,,mS/m,,,,,,,,,,
025-58891,Litlåne ved Åmot,,,,,,,,Reaktivt aluminium,,,,,,,,2025-01-27 00:00:00,,,,,,,97,,µg/l Al,,,,,,,,,,
025-58891,Litlåne ved Åmot,,,,,,,,Totalt organisk karbon (TOC),,,,,,,,2025-01-27 00:00:00,,,,,,,3.7,,mg/l C,,,,,,,,,,
025-58891,Litlåne ved Åmot,,,,,,,,pH,,,,,,,,2025-01-27 00:00:00,,,,,,,5.7,,<ubenevnt>,,,,,,,,,,
025-58891,Litlåne ved Åmot,,,,,,,,Ikke-labilt aluminium,,,,,,,,2025-02-24 00:00:00,,,,,,,46,,µg/l Al,,,,,,,,,,
025-58891,Litlåne ved Åmot,,,,,,,,Kalsium,,,,,,,,2025-02-24 00:00:00,,,,,,,1.9,,mg/l,,,,,,,,,,
025-58891,Litlåne ved Åmot,,,,,,,,Konduktivitet,,,,,,,,2025-02-24 00:00:00,,,,,,,4.18,,mS/m,,,,,,,,,,
025-58891,Litlåne ved Åmot,,,,,,,,Reaktivt aluminium,,,,,,,,2025-02-24 00:00:00,,,,,,,60,,µg/l Al,,,,,,,,,,
025-58891,Litlåne ved Åmot,,,,,,,,Totalt organisk karbon (TOC),,,,,,,,2025-02-24 00:00:00,,,,,,,4.2,,mg/l C,,,,,,,,,,
025-58891,Litlåne ved Åmot,,,,,,,,pH,,,,,,,,2025-02-24 00:00:00,,,,,,,6.2,,<ubenevnt>,,,,,,,,,,
025-58891,Litlåne ved Åmot,,,,,,,,Ikke-labilt aluminium,,,,,,,,2025-03-31 00:00:00,,,,,,,32,,µg/l Al,,,,,,,,,,
025-58891,Litlåne ved Åmot,,,,,,,,Kalsium,,,,,,,,2025-03-31 00:00:00,,,,,,,1.3,,mg/l,,,,,,,,,,
025-58891,Litlåne ved Åmot,,,,,,,,Konduktivitet,,,,,,,,2025-03-31 00:00:00,,,,,,,3.19,,mS/m,,,,,,,,,,
025-58891,Litlåne ved Åmot,,,,,,,,Reaktivt aluminium,,,,,,,,2025-03-31 00:00:00,,,,,,,49,,µg/l Al,,,,,,,,,,
025-58891,Litlåne ved Åmot,,,,,,,,Totalt organisk karbon (TOC),,,,,,,,2025-03-31 00:00:00,,,,,,,3.2,,mg/l C,,,,,,,,,,
025-58891,Litlåne ved Åmot,,,,,,,,pH,,,,,,,,2025-03-31 00:00:00,,,,,,,6.2,,<ubenevnt>,,,,,,,,,,
025-58891,Litlåne ved Åmot,,,,,,,,Ikke-labilt aluminium,,,,,,,,2025-04-28 00:00:00,,,,,,,11,,µg/l Al,,,,,,,,,,
025-58891,Litlåne ved Åmot,,,,,,,,Kalsium,,,,,,,,2025-04-28 00:00:00,,,,,,,2.1,,mg/l,,,,,,,,,,
025-58891,Litlåne ved Åmot,,,,,,,,Konduktivitet,,,,,,,,2025-04-28 00:00:00,,,,,,,3.91,,mS/m,,,,,,,,,,
025-58891,Litlåne ved Åmot,,,,,,,,Reaktivt aluminium,,,,,,,,2025-04-28 00:00:00,,,,,,,14,,µg/l Al,,,,,,,,,,
025-58891,Litlåne ved Åmot,,,,,,,,Totalt organisk karbon (TOC),,,,,,,,2025-04-28 00:00:00,,,,,,,2.7,,mg/l C,,,,,,,,,,
025-58891,Litlåne ved Åmot,,,,,,,,pH,,,,,,,,2025-04-28 00:00:00,,,,,,,6.7,,<ubenevnt>,,,,,,,,,,
025-58891,Litlåne ved Åmot,,,,,,,,Ikke-labilt aluminium,,,,,,,,2025-05-28 00:00:00,,,,,,,11,,µg/l Al,,,,,,,,,,
025-58891,Litlåne ved Åmot,,,,,,,,Kalsium,,,,,,,,2025-05-28 00:00:00,,,,,,,3,,mg/l,,,,,,,,,,
025-58891,Litlåne ved Åmot,,,,,,,,Konduktivitet,,,,,,,,2025-05-28 00:00:00,,,,,,,4.37,,mS/m,,,,,,,,,,
025-58891,Litlåne ved Åmot,,,,,,,,Reaktivt aluminium,,,,,,,,2025-05-28 00:00:00,,,,,,,14,,µg/l Al,,,,,,,,,,
025-58891,Litlåne ved Åmot,,,,,,,,Totalt organisk karbon (TOC),,,,,,,,2025-05-28 00:00:00,,,,,,,3.7,,mg/l C,,,,,,,,,,
025-58891,Litlåne ved Åmot,,,,,,,,pH,,,,,,,,2025-05-28 00:00:00,,,,,,,7,,<ubenevnt>,,,,,,,,,,
025-58891,Litlåne ved Åmot,,,,,,,,Ikke-labilt aluminium,,,,,,,,2025-06-02 00:00:00,,,,,,,15,,µg/l Al,,,,,,,,,,
025-58891,Litlåne ved Åmot,,,,,,,,Kalsium,,,,,,,,2025-06-02 00:00:00,,,,,,,2,,mg/l,,,,,,,,,,
025-58891,Litlåne ved Åmot,,,,,,,,Konduktivitet,,,,,,,,2025-06-02 00:00:00,,,,,,,3.49,,mS/m,,,,,,,,,,
025-58891,Litlåne ved Åmot,,,,,,,,Reaktivt aluminium,,,,,,,,2025-06-02 00:00:00,,,,,,,21,,µg/l Al,,,,,,,,,,
025-58891,Litlåne ved Åmot,,,,,,,,Totalt organisk karbon (TOC),,,,,,,,2025-06-02 00:00:00,,,,,,,2.9,,mg/l C,,,,,,,,,,
025-58891,Litlåne ved Åmot,,,,,,,,pH,,,,,,,,2025-06-02 00:00:00,,,,,,,6.6,,<ubenevnt>,,,,,,,,,,
025-58891,Litlåne ved Åmot,,,,,,,,Ikke-labilt aluminium,,,,,,,,2025-06-30 00:00:00,,,,,,,20,,µg/l Al,,,,,,,,,,
025-58891,Litlåne ved Åmot,,,,,,,,Kalsium,,,,,,,,2025-06-30 00:00:00,,,,,,,2.2,,mg/l,,,,,,,,,,
025-58891,Litlåne ved Åmot,,,,,,,,Konduktivitet,,,,,,,,2025-06-30 00:00:00,,,,,,,3.32,,mS/m,,,,,,,,,,
025-58891,Litlåne ved Åmot,,,,,,,,Reaktivt aluminium,,,,,,,,2025-06-30 00:00:00,,,,,,,24,,µg/l Al,,,,,,,,,,
025-58891,Litlåne ved Åmot,,,,,,,,Totalt organisk karbon (TOC),,,,,,,,2025-06-30 00:00:00,,,,,,,4.1,,mg/l C,,,,,,,,,,
025-58891,Litlåne ved Åmot,,,,,,,,pH,,,,,,,,2025-06-30 00:00:00,,,,,,,6.7,,<ubenevnt>,,,,,,,,,,
025-58891,Litlåne ved Åmot,,,,,,,,Ikke-labilt aluminium,,,,,,,,2025-07-05 00:00:00,,,,,,,100,,µg/l Al,,,,,,,,,,
025-58891,Litlåne ved Åmot,,,,,,,,Kalsium,,,,,,,,2025-07-05 00:00:00,,,,,,,1.9,,mg/l,,,,,,,,,,
025-58891,Litlåne ved Åmot,,,,,,,,Konduktivitet,,,,,,,,2025-07-05 00:00:00,,,,,,,3.77,,mS/m,,,,,,,,,,
025-58891,Litlåne ved Åmot,,,,,,,,Reaktivt aluminium,,,,,,,,2025-07-05 00:00:00,,,,,,,110,,µg/l Al,,,,,,,,,,
025-58891,Litlåne ved Åmot,,,,,,,,Totalt organisk karbon (TOC),,,,,,,,2025-07-05 00:00:00,,,,,,,11,,mg/l C,,,,,,,,,,
025-58891,Litlåne ved Åmot,,,,,,,,pH,,,,,,,,2025-07-05 00:00:00,,,,,,,6,,<ubenevnt>,,,,,,,,,,
025-58891,Litlåne ved Åmot,,,,,,,,Ikke-labilt aluminium,,,,,,,,2025-07-22 00:00:00,,,,,,,25,,µg/l Al,,,,,,,,,,
025-58891,Litlåne ved Åmot,,,,,,,,Kalsium,,,,,,,,2025-07-22 00:00:00,,,,,,,2.5,,mg/l,,,,,,,,,,
025-58891,Litlåne ved Åmot,,,,,,,,Konduktivitet,,,,,,,,2025-07-22 00:00:00,,,,,,,3.43,,mS/m,,,,,,,,,,
025-58891,Litlåne ved Åmot,,,,,,,,Reaktivt aluminium,,,,,,,,2025-07-22 00:00:00,,,,,,,33,,µg/l Al,,,,,,,,,,
025-58891,Litlåne ved Åmot,,,,,,,,Totalt organisk karbon (TOC),,,,,,,,2025-07-22 00:00:00,,,,,,,4.7,,mg/l C,,,,,,,,,,
025-58891,Litlåne ved Åmot,,,,,,,,pH,,,,,,,,2025-07-22 00:00:00,,,,,,,6.9,,<ubenevnt>,,,,,,,,,,
025-58891,Litlåne ved Åmot,,,,,,,,Ikke-labilt aluminium,,,,,,,,2025-07-28 00:00:00,,,,,,,62,,µg/l Al,,,,,,,,,,
025-58891,Litlåne ved Åmot,,,,,,,,Kalsium,,,,,,,,2025-07-28 00:00:00,,,,,,,1.4,,mg/l,,,,,,,,,,
025-58891,Litlåne ved Åmot,,,,,,,,Konduktivitet,,,,,,,,2025-07-28 00:00:00,,,,,,,2.85,,mS/m,,,,,,,,,,
025-58891,Litlåne ved Åmot,,,,,,,,Reaktivt aluminium,,,,,,,,2025-07-28 00:00:00,,,,,,,80,,µg/l Al,,,,,,,,,,
025-58891,Litlåne ved Åmot,,,,,,,,Totalt organisk karbon (TOC),,,,,,,,2025-07-28 00:00:00,,,,,,,7.2,,mg/l C,,,,,,,,,,
025-58891,Litlåne ved Åmot,,,,,,,,pH,,,,,,,,2025-07-28 00:00:00,,,,,,,6.2,,<ubenevnt>,,,,,,,,,,
025-58891,Litlåne ved Åmot,,,,,,,,Ikke-labilt aluminium,,,,,,,,2025-09-01 00:00:00,,,,,,,34,,µg/l Al,,,,,,,,,,
025-58891,Litlåne ved Åmot,,,,,,,,Kalsium,,,,,,,,2025-09-01 00:00:00,,,,,,,2.1,,mg/l,,,,,,,,,,
025-58891,Litlåne ved Åmot,,,,,,,,Konduktivitet,,,,,,,,2025-09-01 00:00:00,,,,,,,3.61,,mS/m,,,,,,,,,,
025-58891,Litlåne ved Åmot,,,,,,,,Reaktivt aluminium,,,,,,,,2025-09-01 00:00:00,,,,,,,43,,µg/l Al,,,,,,,,,,
025-58891,Litlåne ved Åmot,,,,,,,,Totalt organisk karbon (TOC),,,,,,,,2025-09-01 00:00:00,,,,,,,4.8,,mg/l C,,,,,,,,,,
025-58891,Litlåne ved Åmot,,,,,,,,pH,,,,,,,,2025-09-01 00:00:00,,,,,,,6.7,,<ubenevnt>,,,,,,,,,,
025-58891,Litlåne ved Åmot,,,,,,,,Ikke-labilt aluminium,,,,,,,,2025-09-29 00:00:00,,,,,,,69,,µg/l Al,,,,,,,,,,
025-58891,Litlåne ved Åmot,,,,,,,,Kalsium,,,,,,,,2025-09-29 00:00:00,,,,,,,1.7,,mg/l,,,,,,,,,,
025-58891,Litlåne ved Åmot,,,,,,,,Konduktivitet,,,,,,,,2025-09-29 00:00:00,,,,,,,2.79,,mS/m,,,,,,,,,,
025-58891,Litlåne ved Åmot,,,,,,,,Reaktivt aluminium,,,,,,,,2025-09-29 00:00:00,,,,,,,87,,µg/l Al,,,,,,,,,,
025-58891,Litlåne ved Åmot,,,,,,,,Totalt organisk karbon (TOC),,,,,,,,2025-09-29 00:00:00,,,,,,,7.5,,mg/l C,,,,,,,,,,
025-58891,Litlåne ved Åmot,,,,,,,,pH,,,,,,,,2025-09-29 00:00:00,,,,,,,6.4,,<ubenevnt>,,,,,,,,,,
025-58891,Litlåne ved Åmot,,,,,,,,Ikke-labilt aluminium,,,,,,,,2025-10-27 00:00:00,,,,,,,85,,µg/l Al,,,,,,,,,,
025-58891,Litlåne ved Åmot,,,,,,,,Kalsium,,,,,,,,2025-10-27 00:00:00,,,,,,,1.2,,mg/l,,,,,,,,,,
025-58891,Litlåne ved Åmot,,,,,,,,Konduktivitet,,,,,,,,2025-10-27 00:00:00,,,,,,,2.43,,mS/m,,,,,,,,,,
025-58891,Litlåne ved Åmot,,,,,,,,Reaktivt aluminium,,,,,,,,2025-10-27 00:00:00,,,,,,,100,,µg/l Al,,,,,,,,,,
025-58891,Litlåne ved Åmot,,,,,,,,Totalt organisk karbon (TOC),,,,,,,,2025-10-27 00:00:00,,,,,,,6.9,,mg/l C,,,,,,,,,,
025-58891,Litlåne ved Åmot,,,,,,,,pH,,,,,,,,2025-10-27 00:00:00,,,,,,,6.1,,<ubenevnt>,,,,,,,,,,
025-58891,Litlåne ved Åmot,,,,,,,,Ikke-labilt aluminium,,,,,,,,2025-11-27 00:00:00,,,,,,,88,,µg/l Al,,,,,,,,,,
025-58891,Litlåne ved Åmot,,,,,,,,Kalsium,,,,,,,,2025-11-27 00:00:00,,,,,,,1.2,,mg/l,,,,,,,,,,
025-58891,Litlåne ved Åmot,,,,,,,,Konduktivitet,,,,,,,,2025-11-27 00:00:00,,,,,,,2.37,,mS/m,,,,,,,,,,
025-58891,Litlåne ved Åmot,,,,,,,,Reaktivt aluminium,,,,,,,,2025-11-27 00:00:00,,,,,,,110,,µg/l Al,,,,,,,,,,
025-58891,Litlåne ved Åmot,,,,,,,,Totalt organisk karbon (TOC),,,,,,,,2025-11-27 00:00:00,,,,,,,6.8,,mg/l C,,,,,,,,,,
025-58891,Litlåne ved Åmot,,,,,,,,pH,,,,,,,,2025-11-27 00:00:00,,,,,,,6.2,,<ubenevnt>,,,,,,,,,,
025-58891,Litlåne ved Åmot,,,,,,,,Ikke-labilt aluminium,,,,,,,,2025-12-01 00:00:00,,,,,,,98,,µg/l Al,,,,,,,,,,
025-58891,Litlåne ved Åmot,,,,,,,,Kalsium,,,,,,,,2025-12-01 00:00:00,,,,,,,1.1,,mg/l,,,,,,,,,,
025-58891,Litlåne ved Åmot,,,,,,,,Konduktivitet,,,,,,,,2025-12-01 00:00:00,,,,,,,2.26,,mS/m,,,,,,,,,,
025-58891,Litlåne ved Åmot,,,,,,,,Reaktivt aluminium,,,,,,,,2025-12-01 00:00:00,,,,,,,120,,µg/l Al,,,,,,,,,,
025-58891,Litlåne ved Åmot,,,,,,,,Totalt organisk karbon (TOC),,,,,,,,2025-12-01 00:00:00,,,,,,,7,,mg/l C,,,,,,,,,,
025-58891,Litlåne ved Åmot,,,,,,,,pH,,,,,,,,2025-12-01 00:00:00,,,,,,,6,,<ubenevnt>,,,,,,,,,,
