Date/Time,Longitude,Longitude QC Flag,Longitude QC Comment,Longitude Type,Latitude,Latitude QC Flag,Latitude QC Comment,Latitude Type,Depth [m],Depth [m] QC Flag,Depth [m] QC Comment,Depth [m] Type,Temp [degC],Temp [degC] QC Flag,Temp [degC] QC Comment,Temp [degC] Type,P_sal [psu],P_sal [psu] QC Flag,P_sal [psu] QC Comment,P_sal [psu] Type,Temperature of Equilibration [degC],Temperature of Equilibration [degC] QC Flag,Temperature of Equilibration [degC] QC Comment,Temperature of Equilibration [degC] Type,Equilibrator Pressure,Equilibrator Pressure QC Flag,Equilibrator Pressure QC Comment,Equilibrator Pressure Type,xCO2 In Water - Calibrated In Dry Air [umol mol-1],xCO2 In Water - Calibrated In Dry Air [umol mol-1] QC Flag,xCO2 In Water - Calibrated In Dry Air [umol mol-1] QC Comment,xCO2 In Water - Calibrated In Dry Air [umol mol-1] Type,xCO2 in atmosphere [umol mol-1],xCO2 in atmosphere [umol mol-1] QC Flag,xCO2 in atmosphere [umol mol-1] QC Comment,xCO2 in atmosphere [umol mol-1] Type,Atmospheric Pressure [hPa],Atmospheric Pressure [hPa] QC Flag,Atmospheric Pressure [hPa] QC Comment,Atmospheric Pressure [hPa] Type,pCO2 [uatm],pCO2 [uatm] QC Flag,pCO2 [uatm] QC Comment,fCO2 [uatm],fCO2 [uatm] QC Flag,fCO2 [uatm] QC Comment,pCO2 in atmosphere [uatm],pCO2 in atmosphere [uatm] QC Flag,pCO2 in atmosphere [uatm] QC Comment,fCO2 in atmosphere [uatm],fCO2 in atmosphere [uatm] QC Flag,fCO2 in atmosphere [uatm] QC Comment
2024-10-19T20:09:44.000Z,4.405,2,"",M,60.839,2,"",M,6.000,2,"",N,NaN,,,M,NaN,,,M,NaN,,,M,NaN,,,M,NaN,,,0,NaN,,,0,NaN,,,M,NaN,,,NaN,,,NaN,,,NaN,,
2024-10-19T20:14:39.000Z,4.382,2,"",M,60.843,2,"",M,6.000,2,"",N,NaN,,,M,NaN,,,M,NaN,,,M,NaN,,,M,NaN,,,0,NaN,,,0,NaN,,,M,NaN,,,NaN,,,NaN,,,NaN,,
2024-10-19T20:19:08.000Z,4.361,2,"",M,60.847,2,"",M,6.000,2,"",N,NaN,,,M,NaN,,,M,NaN,,,M,NaN,,,M,NaN,,,0,NaN,,,0,NaN,,,M,NaN,,,NaN,,,NaN,,,NaN,,
2024-10-19T20:20:58.000Z,4.353,2,"",M,60.848,2,"",M,6.000,2,"",N,NaN,,,M,NaN,,,M,NaN,,,M,NaN,,,M,NaN,,,0,NaN,,,0,NaN,,,M,NaN,,,NaN,,,NaN,,,NaN,,
2024-10-19T20:22:48.000Z,4.345,2,"",M,60.850,2,"",M,6.000,2,"",N,NaN,,,M,NaN,,,M,NaN,,,M,NaN,,,M,NaN,,,0,NaN,,,0,NaN,,,M,NaN,,,NaN,,,NaN,,,NaN,,
2024-10-19T20:27:17.000Z,4.324,2,"",M,60.853,2,"",M,6.000,2,"",N,NaN,,,M,NaN,,,M,NaN,,,M,NaN,,,M,NaN,,,0,NaN,,,0,NaN,,,M,NaN,,,NaN,,,NaN,,,NaN,,
2024-10-19T20:29:08.000Z,4.317,2,"",M,60.855,2,"",M,6.000,2,"",N,NaN,,,M,NaN,,,M,NaN,,,M,NaN,,,M,NaN,,,0,NaN,,,0,NaN,,,M,NaN,,,NaN,,,NaN,,,NaN,,
2024-10-19T20:30:57.000Z,4.309,2,"",M,60.857,2,"",M,6.000,2,"",N,NaN,,,M,NaN,,,M,NaN,,,M,NaN,,,M,NaN,,,0,NaN,,,0,NaN,,,M,NaN,,,NaN,,,NaN,,,NaN,,
2024-10-19T20:35:27.000Z,4.288,2,"",M,60.861,2,"",M,6.000,2,"",N,NaN,,,M,NaN,,,M,NaN,,,M,NaN,,,M,NaN,,,0,NaN,,,0,NaN,,,M,NaN,,,NaN,,,NaN,,,NaN,,
2024-10-19T20:37:16.000Z,4.280,2,"",M,60.863,2,"",M,6.000,2,"",N,NaN,,,M,NaN,,,M,NaN,,,M,NaN,,,M,NaN,,,0,NaN,,,0,NaN,,,M,NaN,,,NaN,,,NaN,,,NaN,,
2024-10-19T20:39:06.000Z,4.271,2,"",M,60.864,2,"",M,6.000,2,"",N,NaN,,,M,NaN,,,M,NaN,,,M,NaN,,,M,NaN,,,0,NaN,,,0,NaN,,,M,NaN,,,NaN,,,NaN,,,NaN,,
2024-10-19T20:43:36.000Z,4.250,2,"",M,60.868,2,"",M,6.000,2,"",N,12.696,2,"",M,32.656,2,"",M,NaN,,,M,NaN,,,M,NaN,,,0,437.005,2,"",M,1007.900,2,"",M,NaN,,,NaN,,,429.522,2,"",427.929,2,""
2024-10-19T20:45:25.000Z,4.241,2,"",M,60.869,2,"",M,6.000,2,"",N,12.644,2,"",M,32.712,2,"",M,NaN,,,M,NaN,,,M,NaN,,,0,436.946,2,"",M,1007.800,2,"",M,NaN,,,NaN,,,429.442,2,"",427.849,2,""
2024-10-19T20:47:15.000Z,4.231,2,"",M,60.871,2,"",M,6.000,2,"",N,12.580,2,"",M,32.782,2,"",M,NaN,,,M,NaN,,,M,NaN,,,0,437.118,2,"",M,1007.700,2,"",M,NaN,,,NaN,,,429.594,2,"",427.998,2,""
2024-10-19T20:49:05.000Z,4.222,2,"",M,60.873,2,"",M,6.000,2,"",N,12.508,2,"",M,32.853,2,"",M,NaN,,,M,NaN,,,M,NaN,,,0,437.369,2,"",M,1007.800,2,"",M,NaN,,,NaN,,,429.915,2,"",428.316,2,""
2024-10-19T20:50:55.000Z,4.213,2,"",M,60.874,2,"",M,6.000,2,"",N,12.437,2,"",M,33.023,2,"",M,NaN,,,M,NaN,,,M,NaN,,,0,437.431,2,"",M,1007.700,2,"",M,NaN,,,NaN,,,429.961,2,"",428.361,2,""
2024-10-19T20:56:05.000Z,4.187,2,"",M,60.879,2,"",M,6.000,2,"",N,12.210,2,"",M,33.408,2,"",M,12.730,2,"",M,1008.510,2,"",M,399.990,2,"",M,NaN,,,0,NaN,,,M,383.877,2,"",382.456,2,"",NaN,,,NaN,,
2024-10-19T20:57:57.000Z,4.178,2,"",M,60.881,2,"",M,6.000,2,"",N,12.094,2,"",M,33.590,2,"",M,12.630,2,"",M,1008.740,2,"",M,399.041,2,"",M,NaN,,,0,NaN,,,M,382.843,2,"",381.424,2,"",NaN,,,NaN,,
2024-10-19T20:59:50.000Z,4.169,2,"",M,60.882,2,"",M,6.000,2,"",N,12.097,2,"",M,33.669,2,"",M,12.510,2,"",M,1008.490,2,"",M,397.582,2,"",M,NaN,,,0,NaN,,,M,383.376,2,"",381.953,2,"",NaN,,,NaN,,
2024-10-19T21:01:42.000Z,4.160,2,"",M,60.884,2,"",M,6.000,2,"",N,12.099,2,"",M,33.717,2,"",M,12.510,2,"",M,1008.540,2,"",M,397.463,2,"",M,NaN,,,0,NaN,,,M,383.313,2,"",381.890,2,"",NaN,,,NaN,,
2024-10-19T21:03:34.000Z,4.152,2,"",M,60.885,2,"",M,6.000,2,"",N,12.109,2,"",M,33.739,2,"",M,12.510,2,"",M,1008.440,2,"",M,397.684,2,"",M,NaN,,,0,NaN,,,M,383.654,2,"",382.230,2,"",NaN,,,NaN,,
2024-10-19T21:05:26.000Z,4.143,2,"",M,60.886,2,"",M,6.000,2,"",N,12.146,2,"",M,33.728,2,"",M,12.510,2,"",M,1008.240,2,"",M,398.206,2,"",M,NaN,,,0,NaN,,,M,384.680,2,"",383.253,2,"",NaN,,,NaN,,
2024-10-19T21:07:19.000Z,4.135,2,"",M,60.888,2,"",M,6.000,2,"",N,12.190,2,"",M,33.716,2,"",M,12.540,2,"",M,1008.610,2,"",M,398.608,2,"",M,NaN,,,0,NaN,,,M,385.433,2,"",384.003,2,"",NaN,,,NaN,,
2024-10-19T21:09:32.000Z,4.125,2,"",M,60.889,2,"",M,6.000,2,"",N,12.246,2,"",M,33.711,2,"",M,12.590,2,"",M,1008.180,2,"",M,399.100,2,"",M,NaN,,,0,NaN,,,M,385.813,2,"",384.383,2,"",NaN,,,NaN,,
2024-10-19T21:11:24.000Z,4.116,2,"",M,60.890,2,"",M,6.000,2,"",N,12.272,2,"",M,33.721,2,"",M,12.640,2,"",M,1008.260,2,"",M,399.662,2,"",M,NaN,,,0,NaN,,,M,385.976,2,"",384.546,2,"",NaN,,,NaN,,
2024-10-19T21:13:16.000Z,4.107,2,"",M,60.892,2,"",M,6.000,2,"",N,12.241,2,"",M,33.779,2,"",M,12.650,2,"",M,1008.470,2,"",M,400.684,2,"",M,NaN,,,0,NaN,,,M,386.377,2,"",384.945,2,"",NaN,,,NaN,,
2024-10-19T21:15:09.000Z,4.099,2,"",M,60.893,2,"",M,6.000,2,"",N,12.190,2,"",M,33.821,2,"",M,12.640,2,"",M,1008.440,2,"",M,402.016,2,"",M,NaN,,,0,NaN,,,M,386.984,2,"",385.551,2,"",NaN,,,NaN,,
2024-10-19T21:17:01.000Z,4.091,2,"",M,60.895,2,"",M,6.000,2,"",N,12.120,2,"",M,33.834,2,"",M,12.600,2,"",M,1008.610,2,"",M,402.718,2,"",M,NaN,,,0,NaN,,,M,387.247,2,"",385.811,2,"",NaN,,,NaN,,
2024-10-19T21:18:53.000Z,4.083,2,"",M,60.897,2,"",M,6.000,2,"",N,11.995,2,"",M,33.856,2,"",M,12.530,2,"",M,1008.250,2,"",M,402.599,2,"",M,NaN,,,0,NaN,,,M,386.108,2,"",384.676,2,"",NaN,,,NaN,,
2024-10-19T21:20:45.000Z,4.075,2,"",M,60.898,2,"",M,6.000,2,"",N,11.912,2,"",M,33.908,2,"",M,12.420,2,"",M,1008.400,2,"",M,400.729,2,"",M,NaN,,,0,NaN,,,M,384.856,2,"",383.426,2,"",NaN,,,NaN,,
2024-10-19T21:22:38.000Z,4.067,2,"",M,60.900,2,"",M,6.000,2,"",N,11.861,2,"",M,33.940,2,"",M,12.330,2,"",M,1008.500,2,"",M,398.629,2,"",M,NaN,,,0,NaN,,,M,383.549,2,"",382.122,2,"",NaN,,,NaN,,
2024-10-19T21:24:30.000Z,4.059,2,"",M,60.901,2,"",M,6.000,2,"",N,11.818,2,"",M,33.968,2,"",M,12.270,2,"",M,1008.660,2,"",M,396.829,2,"",M,NaN,,,0,NaN,,,M,382.165,2,"",380.742,2,"",NaN,,,NaN,,
2024-10-19T21:26:22.000Z,4.051,2,"",M,60.903,2,"",M,6.000,2,"",N,11.791,2,"",M,33.987,2,"",M,12.230,2,"",M,1008.685,2,"",M,395.680,2,"",M,NaN,,,0,NaN,,,M,381.297,2,"",379.877,2,"",NaN,,,NaN,,
2024-10-19T21:28:14.000Z,4.042,2,"",M,60.904,2,"",M,6.000,2,"",N,11.772,2,"",M,33.999,2,"",M,12.200,2,"",M,1008.690,2,"",M,394.641,2,"",M,NaN,,,0,NaN,,,M,380.485,2,"",379.067,2,"",NaN,,,NaN,,
2024-10-19T21:30:06.000Z,4.033,2,"",M,60.906,2,"",M,6.000,2,"",N,11.762,2,"",M,34.008,2,"",M,12.180,2,"",M,1008.780,2,"",M,394.382,2,"",M,NaN,,,0,NaN,,,M,380.432,2,"",379.013,2,"",NaN,,,NaN,,
2024-10-19T21:31:59.000Z,4.025,2,"",M,60.908,2,"",M,6.000,2,"",N,11.755,2,"",M,34.014,2,"",M,12.170,2,"",M,1008.450,2,"",M,394.023,2,"",M,NaN,,,0,NaN,,,M,380.017,2,"",378.600,2,"",NaN,,,NaN,,
2024-10-19T21:33:51.000Z,4.016,2,"",M,60.910,2,"",M,6.000,2,"",N,11.752,2,"",M,34.019,2,"",M,12.160,2,"",M,1008.660,2,"",M,393.674,2,"",M,NaN,,,0,NaN,,,M,379.876,2,"",378.459,2,"",NaN,,,NaN,,
2024-10-19T21:35:43.000Z,4.007,2,"",M,60.911,2,"",M,6.000,2,"",N,11.748,2,"",M,34.022,2,"",M,12.150,2,"",M,1008.615,2,"",M,393.536,2,"",M,NaN,,,0,NaN,,,M,379.829,2,"",378.413,2,"",NaN,,,NaN,,
2024-10-19T21:37:35.000Z,3.998,2,"",M,60.913,2,"",M,6.000,2,"",N,11.743,2,"",M,34.025,2,"",M,12.150,2,"",M,1008.470,2,"",M,393.667,2,"",M,NaN,,,0,NaN,,,M,379.817,2,"",378.401,2,"",NaN,,,NaN,,
2024-10-19T21:39:28.000Z,3.989,2,"",M,60.915,2,"",M,6.000,2,"",N,11.738,2,"",M,34.031,2,"",M,12.150,2,"",M,1008.440,2,"",M,393.719,2,"",M,NaN,,,0,NaN,,,M,379.771,2,"",378.355,2,"",NaN,,,NaN,,
2024-10-19T21:41:20.000Z,3.981,2,"",M,60.917,2,"",M,6.000,2,"",N,11.731,2,"",M,34.036,2,"",M,12.140,2,"",M,1008.550,2,"",M,393.750,2,"",M,NaN,,,0,NaN,,,M,379.898,2,"",378.481,2,"",NaN,,,NaN,,
2024-10-19T21:43:12.000Z,3.972,2,"",M,60.918,2,"",M,6.000,2,"",N,11.724,2,"",M,34.042,2,"",M,12.130,2,"",M,1008.730,2,"",M,393.831,2,"",M,NaN,,,0,NaN,,,M,380.104,2,"",378.686,2,"",NaN,,,NaN,,
2024-10-19T21:45:04.000Z,3.963,2,"",M,60.920,2,"",M,6.000,2,"",N,11.719,2,"",M,34.050,2,"",M,12.130,2,"",M,1008.550,2,"",M,393.593,2,"",M,NaN,,,0,NaN,,,M,379.726,2,"",378.310,2,"",NaN,,,NaN,,
2024-10-19T21:46:57.000Z,3.955,2,"",M,60.923,2,"",M,6.000,2,"",N,11.720,2,"",M,34.056,2,"",M,12.130,2,"",M,1008.700,2,"",M,393.404,2,"",M,NaN,,,0,NaN,,,M,379.604,2,"",378.188,2,"",NaN,,,NaN,,
2024-10-19T21:48:49.000Z,3.946,2,"",M,60.925,2,"",M,6.000,2,"",N,11.719,2,"",M,34.061,2,"",M,12.120,2,"",M,1008.790,2,"",M,392.895,2,"",M,NaN,,,0,NaN,,,M,379.297,2,"",377.881,2,"",NaN,,,NaN,,
2024-10-19T21:50:41.000Z,3.937,2,"",M,60.927,2,"",M,6.000,2,"",N,11.716,2,"",M,34.066,2,"",M,12.120,2,"",M,1008.520,2,"",M,391.746,2,"",M,NaN,,,0,NaN,,,M,378.037,2,"",376.626,2,"",NaN,,,NaN,,
2024-10-19T21:52:33.000Z,3.929,2,"",M,60.929,2,"",M,6.000,2,"",N,11.713,2,"",M,34.074,2,"",M,12.120,2,"",M,1008.390,2,"",M,391.697,2,"",M,NaN,,,0,NaN,,,M,377.890,2,"",376.480,2,"",NaN,,,NaN,,
2024-10-19T21:54:26.000Z,3.920,2,"",M,60.932,2,"",M,6.000,2,"",N,11.711,2,"",M,34.080,2,"",M,12.110,2,"",M,1008.700,2,"",M,391.258,2,"",M,NaN,,,0,NaN,,,M,377.724,2,"",376.314,2,"",NaN,,,NaN,,
2024-10-19T21:56:18.000Z,3.912,2,"",M,60.934,2,"",M,6.000,2,"",N,11.709,2,"",M,34.083,2,"",M,12.110,2,"",M,1008.660,2,"",M,390.799,2,"",M,NaN,,,0,NaN,,,M,377.236,2,"",375.829,2,"",NaN,,,NaN,,
2024-10-19T21:58:10.000Z,3.903,2,"",M,60.936,2,"",M,6.000,2,"",N,11.709,2,"",M,34.085,2,"",M,12.120,2,"",M,1008.570,2,"",M,390.670,2,"",M,NaN,,,0,NaN,,,M,376.909,2,"",375.503,2,"",NaN,,,NaN,,
2024-10-19T22:00:02.000Z,3.894,2,"",M,60.939,2,"",M,6.000,2,"",N,11.708,2,"",M,34.085,2,"",M,12.120,2,"",M,1008.640,2,"",M,390.832,2,"",M,NaN,,,0,NaN,,,M,377.083,2,"",375.676,2,"",NaN,,,NaN,,
2024-10-19T22:01:54.000Z,3.885,2,"",M,60.941,2,"",M,6.000,2,"",N,11.712,2,"",M,34.081,2,"",M,12.110,2,"",M,1008.940,2,"",M,390.873,2,"",M,NaN,,,0,NaN,,,M,377.464,2,"",376.055,2,"",NaN,,,NaN,,
2024-10-19T22:03:47.000Z,3.876,2,"",M,60.943,2,"",M,6.000,2,"",N,11.717,2,"",M,34.078,2,"",M,12.110,2,"",M,1008.450,2,"",M,390.474,2,"",M,NaN,,,0,NaN,,,M,376.964,2,"",375.558,2,"",NaN,,,NaN,,
2024-10-19T22:05:39.000Z,3.866,2,"",M,60.946,2,"",M,6.000,2,"",N,11.720,2,"",M,34.072,2,"",M,12.120,2,"",M,1008.510,2,"",M,390.276,2,"",M,NaN,,,0,NaN,,,M,376.682,2,"",375.277,2,"",NaN,,,NaN,,
2024-10-19T22:07:31.000Z,3.857,2,"",M,60.948,2,"",M,6.000,2,"",N,11.719,2,"",M,34.068,2,"",M,12.120,2,"",M,1008.630,2,"",M,390.207,2,"",M,NaN,,,0,NaN,,,M,376.649,2,"",375.244,2,"",NaN,,,NaN,,
2024-10-19T22:09:44.000Z,3.847,2,"",M,60.950,2,"",M,6.000,2,"",N,11.710,2,"",M,34.069,2,"",M,12.120,2,"",M,1008.640,2,"",M,390.048,2,"",M,NaN,,,0,NaN,,,M,376.354,2,"",374.950,2,"",NaN,,,NaN,,
2024-10-19T22:11:37.000Z,3.838,2,"",M,60.953,2,"",M,6.000,2,"",N,11.700,2,"",M,34.070,2,"",M,12.110,2,"",M,1008.560,2,"",M,389.800,2,"",M,NaN,,,0,NaN,,,M,376.090,2,"",374.687,2,"",NaN,,,NaN,,
2024-10-19T22:13:29.000Z,3.829,2,"",M,60.955,2,"",M,6.000,2,"",N,11.689,2,"",M,34.073,2,"",M,12.110,2,"",M,1008.840,2,"",M,389.271,2,"",M,NaN,,,0,NaN,,,M,375.512,2,"",374.111,2,"",NaN,,,NaN,,
2024-10-19T22:15:21.000Z,3.821,2,"",M,60.957,2,"",M,6.000,2,"",N,11.681,2,"",M,34.075,2,"",M,12.100,2,"",M,1009.010,2,"",M,388.602,2,"",M,NaN,,,0,NaN,,,M,374.958,2,"",373.558,2,"",NaN,,,NaN,,
2024-10-19T22:17:13.000Z,3.812,2,"",M,60.959,2,"",M,6.000,2,"",N,11.671,2,"",M,34.076,2,"",M,12.090,2,"",M,1008.680,2,"",M,388.123,2,"",M,NaN,,,0,NaN,,,M,374.380,2,"",372.982,2,"",NaN,,,NaN,,
2024-10-19T22:19:05.000Z,3.803,2,"",M,60.962,2,"",M,6.000,2,"",N,11.659,2,"",M,34.074,2,"",M,12.080,2,"",M,1008.740,2,"",M,387.524,2,"",M,NaN,,,0,NaN,,,M,373.791,2,"",372.396,2,"",NaN,,,NaN,,
2024-10-19T22:20:57.000Z,3.795,2,"",M,60.964,2,"",M,6.000,2,"",N,11.640,2,"",M,34.070,2,"",M,12.060,2,"",M,1008.700,2,"",M,387.005,2,"",M,NaN,,,0,NaN,,,M,373.310,2,"",371.916,2,"",NaN,,,NaN,,
2024-10-19T22:22:49.000Z,3.786,2,"",M,60.966,2,"",M,6.000,2,"",N,11.629,2,"",M,34.067,2,"",M,12.050,2,"",M,1008.510,2,"",M,385.835,2,"",M,NaN,,,0,NaN,,,M,372.095,2,"",370.706,2,"",NaN,,,NaN,,
2024-10-19T22:24:42.000Z,3.777,2,"",M,60.968,2,"",M,6.000,2,"",N,11.621,2,"",M,34.059,2,"",M,12.030,2,"",M,1008.610,2,"",M,384.426,2,"",M,NaN,,,0,NaN,,,M,370.967,2,"",369.582,2,"",NaN,,,NaN,,
2024-10-19T22:26:34.000Z,3.768,2,"",M,60.971,2,"",M,6.000,2,"",N,11.618,2,"",M,34.049,2,"",M,12.020,2,"",M,1008.630,2,"",M,383.727,2,"",M,NaN,,,0,NaN,,,M,370.406,2,"",369.022,2,"",NaN,,,NaN,,
2024-10-19T22:28:26.000Z,3.760,2,"",M,60.973,2,"",M,6.000,2,"",N,11.618,2,"",M,34.041,2,"",M,12.030,2,"",M,1008.820,2,"",M,382.537,2,"",M,NaN,,,0,NaN,,,M,369.172,2,"",367.793,2,"",NaN,,,NaN,,
2024-10-19T22:30:18.000Z,3.751,2,"",M,60.976,2,"",M,6.000,2,"",N,11.618,2,"",M,34.036,2,"",M,12.030,2,"",M,1008.620,2,"",M,381.728,2,"",M,NaN,,,0,NaN,,,M,368.313,2,"",366.937,2,"",NaN,,,NaN,,
2024-10-19T22:32:11.000Z,3.743,2,"",M,60.978,2,"",M,6.000,2,"",N,11.620,2,"",M,34.031,2,"",M,12.020,2,"",M,1008.950,2,"",M,381.359,2,"",M,NaN,,,0,NaN,,,M,368.277,2,"",366.901,2,"",NaN,,,NaN,,
2024-10-19T22:34:03.000Z,3.734,2,"",M,60.980,2,"",M,6.000,2,"",N,11.625,2,"",M,34.025,2,"",M,12.020,2,"",M,1008.770,2,"",M,381.731,2,"",M,NaN,,,0,NaN,,,M,368.638,2,"",367.260,2,"",NaN,,,NaN,,
2024-10-19T22:35:54.000Z,3.726,2,"",M,60.983,2,"",M,6.000,2,"",N,11.632,2,"",M,34.022,2,"",M,12.020,2,"",M,1008.480,2,"",M,381.082,2,"",M,NaN,,,0,NaN,,,M,368.013,2,"",366.639,2,"",NaN,,,NaN,,
2024-10-19T22:37:47.000Z,3.718,2,"",M,60.986,2,"",M,6.000,2,"",N,11.640,2,"",M,34.021,2,"",M,12.030,2,"",M,1008.440,2,"",M,381.544,2,"",M,NaN,,,0,NaN,,,M,368.417,2,"",367.041,2,"",NaN,,,NaN,,
2024-10-19T22:39:39.000Z,3.709,2,"",M,60.988,2,"",M,6.000,2,"",N,11.650,2,"",M,34.023,2,"",M,12.040,2,"",M,1008.440,2,"",M,381.845,2,"",M,NaN,,,0,NaN,,,M,368.696,2,"",367.320,2,"",NaN,,,NaN,,
2024-10-19T22:41:31.000Z,3.701,2,"",M,60.991,2,"",M,6.000,2,"",N,11.655,2,"",M,34.028,2,"",M,12.050,2,"",M,1008.420,2,"",M,382.247,2,"",M,NaN,,,0,NaN,,,M,368.998,2,"",367.621,2,"",NaN,,,NaN,,
2024-10-19T22:43:23.000Z,3.692,2,"",M,60.993,2,"",M,6.000,2,"",N,11.550,2,"",M,34.084,2,"",M,12.060,2,"",M,1008.340,2,"",M,382.648,2,"",M,NaN,,,0,NaN,,,M,367.559,2,"",366.187,2,"",NaN,,,NaN,,
2024-10-19T22:45:15.000Z,3.683,2,"",M,60.995,2,"",M,6.000,2,"",N,11.406,2,"",M,34.137,2,"",M,11.980,2,"",M,1008.440,2,"",M,383.360,2,"",M,NaN,,,0,NaN,,,M,367.317,2,"",365.945,2,"",NaN,,,NaN,,
2024-10-19T22:47:08.000Z,3.675,2,"",M,60.997,2,"",M,6.000,2,"",N,11.299,2,"",M,34.160,2,"",M,11.830,2,"",M,1009.010,2,"",M,382.821,2,"",M,NaN,,,0,NaN,,,M,367.721,2,"",366.343,2,"",NaN,,,NaN,,
2024-10-19T22:49:00.000Z,3.666,2,"",M,60.999,2,"",M,6.000,2,"",N,11.225,2,"",M,34.170,2,"",M,11.720,2,"",M,1008.630,2,"",M,381.502,2,"",M,NaN,,,0,NaN,,,M,366.908,2,"",365.532,2,"",NaN,,,NaN,,
2024-10-19T22:50:52.000Z,3.658,2,"",M,61.001,2,"",M,6.000,2,"",N,11.166,2,"",M,34.171,2,"",M,11.650,2,"",M,1008.580,2,"",M,380.002,2,"",M,NaN,,,0,NaN,,,M,365.647,2,"",364.275,2,"",NaN,,,NaN,,
2024-10-19T22:52:44.000Z,3.649,2,"",M,61.003,2,"",M,6.000,2,"",N,11.127,2,"",M,34.168,2,"",M,11.590,2,"",M,1008.760,2,"",M,378.553,2,"",M,NaN,,,0,NaN,,,M,364.668,2,"",363.298,2,"",NaN,,,NaN,,
2024-10-19T22:54:37.000Z,3.640,2,"",M,61.005,2,"",M,6.000,2,"",N,11.102,2,"",M,34.164,2,"",M,11.550,2,"",M,1008.640,2,"",M,377.563,2,"",M,NaN,,,0,NaN,,,M,363.909,2,"",362.542,2,"",NaN,,,NaN,,
2024-10-19T22:56:29.000Z,3.631,2,"",M,61.007,2,"",M,6.000,2,"",N,11.085,2,"",M,34.162,2,"",M,11.530,2,"",M,1008.550,2,"",M,376.834,2,"",M,NaN,,,0,NaN,,,M,363.221,2,"",361.856,2,"",NaN,,,NaN,,
2024-10-19T22:58:22.000Z,3.623,2,"",M,61.009,2,"",M,6.000,2,"",N,11.074,2,"",M,34.163,2,"",M,11.510,2,"",M,1008.450,2,"",M,376.345,2,"",M,NaN,,,0,NaN,,,M,362.858,2,"",361.493,2,"",NaN,,,NaN,,
2024-10-19T23:00:13.000Z,3.614,2,"",M,61.011,2,"",M,6.000,2,"",N,11.070,2,"",M,34.170,2,"",M,11.490,2,"",M,1008.350,2,"",M,375.936,2,"",M,NaN,,,0,NaN,,,M,362.688,2,"",361.325,2,"",NaN,,,NaN,,
2024-10-19T23:02:06.000Z,3.605,2,"",M,61.013,2,"",M,6.000,2,"",N,11.070,2,"",M,34.180,2,"",M,11.480,2,"",M,1008.680,2,"",M,376.088,2,"",M,NaN,,,0,NaN,,,M,363.102,2,"",361.737,2,"",NaN,,,NaN,,
2024-10-19T23:03:58.000Z,3.596,2,"",M,61.016,2,"",M,6.000,2,"",N,11.069,2,"",M,34.195,2,"",M,11.480,2,"",M,1008.770,2,"",M,375.889,2,"",M,NaN,,,0,NaN,,,M,362.938,2,"",361.573,2,"",NaN,,,NaN,,
2024-10-19T23:05:50.000Z,3.588,2,"",M,61.018,2,"",M,6.000,2,"",N,11.069,2,"",M,34.208,2,"",M,11.480,2,"",M,1008.700,2,"",M,376.111,2,"",M,NaN,,,0,NaN,,,M,363.127,2,"",361.761,2,"",NaN,,,NaN,,
2024-10-19T23:07:42.000Z,3.579,2,"",M,61.020,2,"",M,6.000,2,"",N,11.068,2,"",M,34.220,2,"",M,11.490,2,"",M,1008.800,2,"",M,376.072,2,"",M,NaN,,,0,NaN,,,M,362.944,2,"",361.579,2,"",NaN,,,NaN,,
2024-10-19T23:09:56.000Z,3.568,2,"",M,61.023,2,"",M,6.000,2,"",N,11.060,2,"",M,34.245,2,"",M,11.480,2,"",M,1008.700,2,"",M,376.714,2,"",M,NaN,,,0,NaN,,,M,363.571,2,"",362.203,2,"",NaN,,,NaN,,
2024-10-19T23:11:48.000Z,3.559,2,"",M,61.025,2,"",M,6.000,2,"",N,11.060,2,"",M,34.261,2,"",M,11.480,2,"",M,1008.600,2,"",M,376.825,2,"",M,NaN,,,0,NaN,,,M,363.630,2,"",362.263,2,"",NaN,,,NaN,,
2024-10-19T23:13:40.000Z,3.550,2,"",M,61.027,2,"",M,6.000,2,"",N,11.057,2,"",M,34.339,2,"",M,11.470,2,"",M,1008.460,2,"",M,377.417,2,"",M,NaN,,,0,NaN,,,M,364.261,2,"",362.891,2,"",NaN,,,NaN,,
2024-10-19T23:15:32.000Z,3.542,2,"",M,61.029,2,"",M,6.000,2,"",N,11.067,2,"",M,34.384,2,"",M,11.470,2,"",M,1008.480,2,"",M,377.579,2,"",M,NaN,,,0,NaN,,,M,364.580,2,"",363.209,2,"",NaN,,,NaN,,
2024-10-19T23:17:25.000Z,3.533,2,"",M,61.031,2,"",M,6.000,2,"",N,11.081,2,"",M,34.399,2,"",M,11.480,2,"",M,1008.460,2,"",M,378.150,2,"",M,NaN,,,0,NaN,,,M,365.192,2,"",363.818,2,"",NaN,,,NaN,,
2024-10-19T23:19:17.000Z,3.524,2,"",M,61.033,2,"",M,6.000,2,"",N,11.093,2,"",M,34.401,2,"",M,11.490,2,"",M,1008.300,2,"",M,378.852,2,"",M,NaN,,,0,NaN,,,M,365.843,2,"",364.467,2,"",NaN,,,NaN,,
2024-10-19T23:21:09.000Z,3.515,2,"",M,61.035,2,"",M,6.000,2,"",N,11.106,2,"",M,34.401,2,"",M,11.500,2,"",M,1008.220,2,"",M,379.304,2,"",M,NaN,,,0,NaN,,,M,366.290,2,"",364.913,2,"",NaN,,,NaN,,
2024-10-19T23:23:01.000Z,3.506,2,"",M,61.037,2,"",M,6.000,2,"",N,11.116,2,"",M,34.403,2,"",M,11.520,2,"",M,1008.250,2,"",M,379.666,2,"",M,NaN,,,0,NaN,,,M,366.486,2,"",365.109,2,"",NaN,,,NaN,,
2024-10-19T23:24:54.000Z,3.497,2,"",M,61.039,2,"",M,6.000,2,"",N,11.119,2,"",M,34.410,2,"",M,11.520,2,"",M,1008.520,2,"",M,380.047,2,"",M,NaN,,,0,NaN,,,M,367.002,2,"",365.622,2,"",NaN,,,NaN,,
2024-10-19T23:26:46.000Z,3.488,2,"",M,61.041,2,"",M,6.000,2,"",N,11.098,2,"",M,34.425,2,"",M,11.530,2,"",M,1008.240,2,"",M,380.009,2,"",M,NaN,,,0,NaN,,,M,366.370,2,"",364.994,2,"",NaN,,,NaN,,
2024-10-19T23:28:38.000Z,3.480,2,"",M,61.043,2,"",M,6.000,2,"",N,11.066,2,"",M,34.429,2,"",M,11.520,2,"",M,1008.590,2,"",M,380.280,2,"",M,NaN,,,0,NaN,,,M,366.423,2,"",365.045,2,"",NaN,,,NaN,,
2024-10-19T23:30:30.000Z,3.471,2,"",M,61.045,2,"",M,6.000,2,"",N,11.061,2,"",M,34.425,2,"",M,11.480,2,"",M,1008.670,2,"",M,380.191,2,"",M,NaN,,,0,NaN,,,M,366.929,2,"",365.549,2,"",NaN,,,NaN,,
2024-10-19T23:32:23.000Z,3.462,2,"",M,61.047,2,"",M,6.000,2,"",N,11.071,2,"",M,34.427,2,"",M,11.480,2,"",M,1008.720,2,"",M,379.833,2,"",M,NaN,,,0,NaN,,,M,366.758,2,"",365.378,2,"",NaN,,,NaN,,
2024-10-19T23:34:15.000Z,3.453,2,"",M,61.048,2,"",M,6.000,2,"",N,11.055,2,"",M,34.431,2,"",M,11.480,2,"",M,1008.300,2,"",M,380.214,2,"",M,NaN,,,0,NaN,,,M,366.724,2,"",365.345,2,"",NaN,,,NaN,,
2024-10-19T23:36:07.000Z,3.444,2,"",M,61.050,2,"",M,6.000,2,"",N,11.046,2,"",M,34.443,2,"",M,11.470,2,"",M,1008.470,2,"",M,380.016,2,"",M,NaN,,,0,NaN,,,M,366.608,2,"",365.229,2,"",NaN,,,NaN,,
2024-10-19T23:37:59.000Z,3.435,2,"",M,61.052,2,"",M,6.000,2,"",N,11.040,2,"",M,34.455,2,"",M,11.460,2,"",M,1008.460,2,"",M,379.687,2,"",M,NaN,,,0,NaN,,,M,366.360,2,"",364.982,2,"",NaN,,,NaN,,
2024-10-19T23:39:51.000Z,3.426,2,"",M,61.054,2,"",M,6.000,2,"",N,11.038,2,"",M,34.467,2,"",M,11.460,2,"",M,1008.420,2,"",M,378.797,2,"",M,NaN,,,0,NaN,,,M,365.449,2,"",364.075,2,"",NaN,,,NaN,,
2024-10-19T23:41:44.000Z,3.417,2,"",M,61.056,2,"",M,6.000,2,"",N,11.037,2,"",M,34.466,2,"",M,11.450,2,"",M,1008.740,2,"",M,378.178,2,"",M,NaN,,,0,NaN,,,M,365.107,2,"",363.733,2,"",NaN,,,NaN,,
2024-10-19T23:43:36.000Z,3.408,2,"",M,61.058,2,"",M,6.000,2,"",N,11.035,2,"",M,34.469,2,"",M,11.450,2,"",M,1008.380,2,"",M,377.980,2,"",M,NaN,,,0,NaN,,,M,364.760,2,"",363.388,2,"",NaN,,,NaN,,
2024-10-19T23:45:28.000Z,3.400,2,"",M,61.060,2,"",M,6.000,2,"",N,11.033,2,"",M,34.473,2,"",M,11.440,2,"",M,1008.200,2,"",M,377.461,2,"",M,NaN,,,0,NaN,,,M,364.315,2,"",362.945,2,"",NaN,,,NaN,,
2024-10-19T23:47:20.000Z,3.391,2,"",M,61.062,2,"",M,6.000,2,"",N,11.029,2,"",M,34.478,2,"",M,11.440,2,"",M,1008.320,2,"",M,377.452,2,"",M,NaN,,,0,NaN,,,M,364.294,2,"",362.924,2,"",NaN,,,NaN,,
2024-10-19T23:49:13.000Z,3.383,2,"",M,61.064,2,"",M,6.000,2,"",N,11.026,2,"",M,34.483,2,"",M,11.440,2,"",M,1008.300,2,"",M,377.513,2,"",M,NaN,,,0,NaN,,,M,364.291,2,"",362.920,2,"",NaN,,,NaN,,
2024-10-19T23:51:05.000Z,3.374,2,"",M,61.066,2,"",M,6.000,2,"",N,11.018,2,"",M,34.493,2,"",M,11.440,2,"",M,1008.450,2,"",M,377.265,2,"",M,NaN,,,0,NaN,,,M,363.987,2,"",362.618,2,"",NaN,,,NaN,,
2024-10-19T23:52:57.000Z,3.365,2,"",M,61.068,2,"",M,6.000,2,"",N,11.015,2,"",M,34.501,2,"",M,11.430,2,"",M,1008.560,2,"",M,377.436,2,"",M,NaN,,,0,NaN,,,M,364.299,2,"",362.928,2,"",NaN,,,NaN,,
2024-10-19T23:54:49.000Z,3.357,2,"",M,61.070,2,"",M,6.000,2,"",N,11.009,2,"",M,34.511,2,"",M,11.430,2,"",M,1008.560,2,"",M,377.678,2,"",M,NaN,,,0,NaN,,,M,364.445,2,"",363.074,2,"",NaN,,,NaN,,
2024-10-19T23:56:41.000Z,3.348,2,"",M,61.072,2,"",M,6.000,2,"",N,11.008,2,"",M,34.516,2,"",M,11.420,2,"",M,1008.260,2,"",M,377.559,2,"",M,NaN,,,0,NaN,,,M,364.357,2,"",362.986,2,"",NaN,,,NaN,,
2024-10-19T23:58:34.000Z,3.340,2,"",M,61.075,2,"",M,6.000,2,"",N,11.004,2,"",M,34.522,2,"",M,11.420,2,"",M,1008.420,2,"",M,377.370,2,"",M,NaN,,,0,NaN,,,M,364.184,2,"",362.813,2,"",NaN,,,NaN,,
2024-10-20T00:00:26.000Z,3.331,2,"",M,61.077,2,"",M,6.000,2,"",N,10.999,2,"",M,34.530,2,"",M,11.420,2,"",M,1008.380,2,"",M,377.422,2,"",M,NaN,,,0,NaN,,,M,364.133,2,"",362.763,2,"",NaN,,,NaN,,
2024-10-20T00:02:18.000Z,3.322,2,"",M,61.079,2,"",M,6.000,2,"",N,10.961,2,"",M,34.548,2,"",M,11.420,2,"",M,1008.100,2,"",M,377.473,2,"",M,NaN,,,0,NaN,,,M,363.500,2,"",362.132,2,"",NaN,,,NaN,,
2024-10-20T00:06:48.000Z,3.301,2,"",M,61.084,2,"",M,6.000,2,"",N,NaN,,,M,NaN,,,M,NaN,,,M,NaN,,,M,NaN,,,0,NaN,,,0,NaN,,,M,NaN,,,NaN,,,NaN,,,NaN,,
2024-10-20T00:08:37.000Z,3.293,2,"",M,61.086,2,"",M,6.000,2,"",N,NaN,,,M,NaN,,,M,NaN,,,M,NaN,,,M,NaN,,,0,NaN,,,0,NaN,,,M,NaN,,,NaN,,,NaN,,,NaN,,
2024-10-20T00:10:48.000Z,3.283,2,"",M,61.088,2,"",M,6.000,2,"",N,NaN,,,M,NaN,,,M,NaN,,,M,NaN,,,M,NaN,,,0,NaN,,,0,NaN,,,M,NaN,,,NaN,,,NaN,,,NaN,,
2024-10-20T00:15:18.000Z,3.262,2,"",M,61.092,2,"",M,6.000,2,"",N,NaN,,,M,NaN,,,M,NaN,,,M,NaN,,,M,NaN,,,0,NaN,,,0,NaN,,,M,NaN,,,NaN,,,NaN,,,NaN,,
2024-10-20T00:17:08.000Z,3.254,2,"",M,61.094,2,"",M,6.000,2,"",N,NaN,,,M,NaN,,,M,NaN,,,M,NaN,,,M,NaN,,,0,NaN,,,0,NaN,,,M,NaN,,,NaN,,,NaN,,,NaN,,
2024-10-20T00:18:58.000Z,3.245,2,"",M,61.096,2,"",M,6.000,2,"",N,NaN,,,M,NaN,,,M,NaN,,,M,NaN,,,M,NaN,,,0,NaN,,,0,NaN,,,M,NaN,,,NaN,,,NaN,,,NaN,,
2024-10-20T00:23:27.000Z,3.224,2,"",M,61.100,2,"",M,6.000,2,"",N,NaN,,,M,NaN,,,M,NaN,,,M,NaN,,,M,NaN,,,0,NaN,,,0,NaN,,,M,NaN,,,NaN,,,NaN,,,NaN,,
2024-10-20T00:25:17.000Z,3.216,2,"",M,61.102,2,"",M,6.000,2,"",N,NaN,,,M,NaN,,,M,NaN,,,M,NaN,,,M,NaN,,,0,NaN,,,0,NaN,,,M,NaN,,,NaN,,,NaN,,,NaN,,
2024-10-20T00:27:07.000Z,3.208,2,"",M,61.105,2,"",M,6.000,2,"",N,NaN,,,M,NaN,,,M,NaN,,,M,NaN,,,M,NaN,,,0,NaN,,,0,NaN,,,M,NaN,,,NaN,,,NaN,,,NaN,,
2024-10-20T00:31:37.000Z,3.188,2,"",M,61.109,2,"",M,6.000,2,"",N,10.773,2,"",M,34.783,2,"",M,NaN,,,M,NaN,,,M,NaN,,,0,425.450,2,"",M,1007.100,2,"",M,NaN,,,NaN,,,418.563,2,"",416.973,2,""
2024-10-20T00:33:26.000Z,3.180,2,"",M,61.111,2,"",M,6.000,2,"",N,10.771,2,"",M,34.793,2,"",M,NaN,,,M,NaN,,,M,NaN,,,0,425.469,2,"",M,1007.100,2,"",M,NaN,,,NaN,,,418.583,2,"",416.993,2,""
2024-10-20T00:35:16.000Z,3.172,2,"",M,61.113,2,"",M,6.000,2,"",N,10.769,2,"",M,34.804,2,"",M,NaN,,,M,NaN,,,M,NaN,,,0,425.408,2,"",M,1007.100,2,"",M,NaN,,,NaN,,,418.524,2,"",416.934,2,""
2024-10-20T00:37:06.000Z,3.164,2,"",M,61.115,2,"",M,6.000,2,"",N,10.769,2,"",M,34.812,2,"",M,NaN,,,M,NaN,,,M,NaN,,,0,425.578,2,"",M,1007.100,2,"",M,NaN,,,NaN,,,418.690,2,"",417.100,2,""
2024-10-20T00:38:56.000Z,3.156,2,"",M,61.117,2,"",M,6.000,2,"",N,10.765,2,"",M,34.823,2,"",M,NaN,,,M,NaN,,,M,NaN,,,0,425.727,2,"",M,1007.100,2,"",M,NaN,,,NaN,,,418.839,2,"",417.247,2,""
2024-10-20T00:44:06.000Z,3.133,2,"",M,61.122,2,"",M,6.000,2,"",N,10.763,2,"",M,34.844,2,"",M,11.180,2,"",M,1008.050,2,"",M,378.506,2,"",M,NaN,,,0,NaN,,,M,365.199,2,"",363.821,2,"",NaN,,,NaN,,
2024-10-20T00:45:58.000Z,3.124,2,"",M,61.124,2,"",M,6.000,2,"",N,10.763,2,"",M,34.847,2,"",M,11.180,2,"",M,1008.025,2,"",M,379.116,2,"",M,NaN,,,0,NaN,,,M,365.781,2,"",364.401,2,"",NaN,,,NaN,,
2024-10-20T00:47:50.000Z,3.116,2,"",M,61.126,2,"",M,6.000,2,"",N,10.767,2,"",M,34.847,2,"",M,11.180,2,"",M,1008.020,2,"",M,379.415,2,"",M,NaN,,,0,NaN,,,M,366.124,2,"",364.742,2,"",NaN,,,NaN,,
2024-10-20T00:49:43.000Z,3.107,2,"",M,61.128,2,"",M,6.000,2,"",N,10.774,2,"",I,34.846,2,"",I,11.180,2,"",M,1007.750,2,"",M,379.405,2,"",M,NaN,,,0,NaN,,,M,366.120,2,"",364.739,2,"",NaN,,,NaN,,
2024-10-20T00:51:35.000Z,3.098,2,"",M,61.130,2,"",M,6.000,2,"",N,10.780,2,"",M,34.844,2,"",M,11.190,2,"",M,1007.730,2,"",M,379.114,2,"",M,NaN,,,0,NaN,,,M,365.779,2,"",364.399,2,"",NaN,,,NaN,,
2024-10-20T00:53:27.000Z,3.090,2,"",M,61.132,2,"",M,6.000,2,"",N,10.787,2,"",M,34.842,2,"",M,11.190,2,"",M,1007.660,2,"",M,379.183,2,"",M,NaN,,,0,NaN,,,M,365.928,2,"",364.548,2,"",NaN,,,NaN,,
2024-10-20T00:55:19.000Z,3.081,2,"",M,61.134,2,"",M,6.000,2,"",N,10.794,2,"",M,34.839,2,"",M,11.200,2,"",M,1007.920,2,"",M,379.413,2,"",M,NaN,,,0,NaN,,,M,366.186,2,"",364.804,2,"",NaN,,,NaN,,
2024-10-20T00:57:12.000Z,3.072,2,"",M,61.136,2,"",M,6.000,2,"",N,10.799,2,"",M,34.832,2,"",M,11.210,2,"",M,1007.570,2,"",M,378.952,2,"",M,NaN,,,0,NaN,,,M,365.531,2,"",364.153,2,"",NaN,,,NaN,,
2024-10-20T00:59:04.000Z,3.064,2,"",M,61.138,2,"",M,6.000,2,"",N,10.801,2,"",M,34.825,2,"",M,11.210,2,"",M,1007.810,2,"",M,378.922,2,"",M,NaN,,,0,NaN,,,M,365.634,2,"",364.255,2,"",NaN,,,NaN,,
2024-10-20T01:00:56.000Z,3.055,2,"",M,61.139,2,"",M,6.000,2,"",N,10.804,2,"",M,34.817,2,"",M,11.220,2,"",M,1007.640,2,"",M,378.821,2,"",M,NaN,,,0,NaN,,,M,365.358,2,"",363.980,2,"",NaN,,,NaN,,
2024-10-20T01:02:48.000Z,3.047,2,"",M,61.141,2,"",M,6.000,2,"",N,10.804,2,"",M,34.811,2,"",M,11.220,2,"",M,1007.590,2,"",M,378.460,2,"",M,NaN,,,0,NaN,,,M,364.989,2,"",363.613,2,"",NaN,,,NaN,,
2024-10-20T01:04:41.000Z,3.038,2,"",M,61.143,2,"",M,6.000,2,"",N,10.805,2,"",M,34.804,2,"",M,11.210,2,"",M,1007.580,2,"",M,378.269,2,"",M,NaN,,,0,NaN,,,M,364.970,2,"",363.594,2,"",NaN,,,NaN,,
2024-10-20T01:06:33.000Z,3.030,2,"",M,61.145,2,"",M,6.000,2,"",N,10.804,2,"",M,34.798,2,"",M,11.220,2,"",M,1007.725,2,"",M,378.039,2,"",M,NaN,,,0,NaN,,,M,364.627,2,"",363.252,2,"",NaN,,,NaN,,
2024-10-20T01:08:25.000Z,3.021,2,"",M,61.147,2,"",M,6.000,2,"",N,10.804,2,"",M,34.793,2,"",M,11.220,2,"",M,1007.900,2,"",M,377.868,2,"",M,NaN,,,0,NaN,,,M,364.533,2,"",363.158,2,"",NaN,,,NaN,,
2024-10-20T01:10:38.000Z,3.011,2,"",M,61.149,2,"",M,6.000,2,"",N,10.802,2,"",M,34.788,2,"",M,11.220,2,"",M,1008.220,2,"",M,377.947,2,"",M,NaN,,,0,NaN,,,M,364.702,2,"",363.326,2,"",NaN,,,NaN,,
2024-10-20T01:12:31.000Z,3.003,2,"",M,61.151,2,"",M,6.000,2,"",N,10.802,2,"",M,34.783,2,"",M,11.220,2,"",M,1007.994,2,"",M,377.457,2,"",M,NaN,,,0,NaN,,,M,364.132,2,"",362.759,2,"",NaN,,,NaN,,
2024-10-20T01:14:23.000Z,2.995,2,"",M,61.153,2,"",M,6.000,2,"",N,10.802,2,"",M,34.782,2,"",M,11.210,2,"",M,1007.780,2,"",M,377.266,2,"",M,NaN,,,0,NaN,,,M,364.034,2,"",362.661,2,"",NaN,,,NaN,,
2024-10-20T01:16:15.000Z,2.986,2,"",M,61.155,2,"",M,6.000,2,"",N,10.802,2,"",M,34.780,2,"",M,11.220,2,"",M,1007.960,2,"",M,377.055,2,"",M,NaN,,,0,NaN,,,M,363.740,2,"",362.368,2,"",NaN,,,NaN,,
2024-10-20T01:18:07.000Z,2.978,2,"",M,61.157,2,"",M,6.000,2,"",N,10.802,2,"",M,34.780,2,"",M,11.220,2,"",M,1008.100,2,"",M,377.055,2,"",M,NaN,,,0,NaN,,,M,363.785,2,"",362.413,2,"",NaN,,,NaN,,
2024-10-20T01:19:59.000Z,2.970,2,"",M,61.160,2,"",M,6.000,2,"",N,10.802,2,"",M,34.781,2,"",M,11.220,2,"",M,1007.810,2,"",M,376.894,2,"",M,NaN,,,0,NaN,,,M,363.534,2,"",362.163,2,"",NaN,,,NaN,,
2024-10-20T01:21:51.000Z,2.962,2,"",M,61.162,2,"",M,6.000,2,"",N,10.804,2,"",M,34.784,2,"",M,11.220,2,"",M,1007.800,2,"",M,377.153,2,"",M,NaN,,,0,NaN,,,M,363.813,2,"",362.441,2,"",NaN,,,NaN,,
2024-10-20T01:23:43.000Z,2.954,2,"",M,61.164,2,"",M,6.000,2,"",N,10.807,2,"",M,34.790,2,"",M,11.220,2,"",M,1007.740,2,"",M,377.043,2,"",M,NaN,,,0,NaN,,,M,363.722,2,"",362.351,2,"",NaN,,,NaN,,
2024-10-20T01:25:36.000Z,2.945,2,"",M,61.166,2,"",M,6.000,2,"",N,10.813,2,"",M,34.807,2,"",M,11.220,2,"",M,1007.905,2,"",M,377.032,2,"",M,NaN,,,0,NaN,,,M,363.866,2,"",362.494,2,"",NaN,,,NaN,,
2024-10-20T01:27:28.000Z,2.937,2,"",M,61.169,2,"",M,6.000,2,"",N,10.818,2,"",M,34.833,2,"",M,11.230,2,"",M,1007.940,2,"",M,377.072,2,"",M,NaN,,,0,NaN,,,M,363.830,2,"",362.458,2,"",NaN,,,NaN,,
2024-10-20T01:29:20.000Z,2.928,2,"",M,61.171,2,"",M,6.000,2,"",N,10.820,2,"",M,34.856,2,"",M,11.230,2,"",M,1008.120,2,"",M,377.811,2,"",M,NaN,,,0,NaN,,,M,364.645,2,"",363.270,2,"",NaN,,,NaN,,
2024-10-20T01:31:12.000Z,2.919,2,"",M,61.173,2,"",M,6.000,2,"",N,10.821,2,"",M,34.867,2,"",M,11.230,2,"",M,1007.980,2,"",M,378.241,2,"",M,NaN,,,0,NaN,,,M,365.033,2,"",363.656,2,"",NaN,,,NaN,,
2024-10-20T01:33:05.000Z,2.911,2,"",M,61.175,2,"",M,6.000,2,"",N,10.822,2,"",M,34.874,2,"",M,11.230,2,"",M,1007.590,2,"",M,379.121,2,"",M,NaN,,,0,NaN,,,M,365.741,2,"",364.363,2,"",NaN,,,NaN,,
2024-10-20T01:34:57.000Z,2.902,2,"",M,61.178,2,"",M,6.000,2,"",N,10.823,2,"",M,34.876,2,"",M,11.230,2,"",M,1007.540,2,"",M,379.010,2,"",M,NaN,,,0,NaN,,,M,365.635,2,"",364.257,2,"",NaN,,,NaN,,
2024-10-20T01:36:49.000Z,2.893,2,"",M,61.180,2,"",M,6.000,2,"",N,10.822,2,"",M,34.879,2,"",M,11.240,2,"",M,1007.850,2,"",M,379.710,2,"",M,NaN,,,0,NaN,,,M,366.255,2,"",364.874,2,"",NaN,,,NaN,,
2024-10-20T01:38:41.000Z,2.884,2,"",M,61.182,2,"",M,6.000,2,"",N,10.823,2,"",M,34.882,2,"",M,11.240,2,"",M,1007.980,2,"",M,379.529,2,"",M,NaN,,,0,NaN,,,M,366.145,2,"",364.764,2,"",NaN,,,NaN,,
2024-10-20T01:40:33.000Z,2.875,2,"",M,61.184,2,"",M,6.000,2,"",N,10.825,2,"",M,34.883,2,"",M,11.240,2,"",M,1008.190,2,"",M,379.579,2,"",M,NaN,,,0,NaN,,,M,366.296,2,"",364.915,2,"",NaN,,,NaN,,
2024-10-20T01:42:26.000Z,2.866,2,"",M,61.187,2,"",M,6.000,2,"",N,10.826,2,"",M,34.886,2,"",M,11.230,2,"",M,1008.330,2,"",M,379.738,2,"",M,NaN,,,0,NaN,,,M,366.681,2,"",365.298,2,"",NaN,,,NaN,,
2024-10-20T01:44:18.000Z,2.858,2,"",M,61.189,2,"",M,6.000,2,"",N,10.830,2,"",M,34.891,2,"",M,11.240,2,"",M,1008.140,2,"",M,379.948,2,"",M,NaN,,,0,NaN,,,M,366.707,2,"",365.324,2,"",NaN,,,NaN,,
2024-10-20T01:46:10.000Z,2.849,2,"",M,61.191,2,"",M,6.000,2,"",N,10.834,2,"",M,34.896,2,"",M,11.240,2,"",M,1007.890,2,"",M,379.597,2,"",M,NaN,,,0,NaN,,,M,366.340,2,"",364.959,2,"",NaN,,,NaN,,
2024-10-20T01:48:02.000Z,2.840,2,"",M,61.193,2,"",M,6.000,2,"",N,10.837,2,"",M,34.905,2,"",M,11.250,2,"",M,1008.100,2,"",M,380.276,2,"",M,NaN,,,0,NaN,,,M,366.973,2,"",365.589,2,"",NaN,,,NaN,,
2024-10-20T01:49:54.000Z,2.832,2,"",M,61.196,2,"",M,6.000,2,"",N,10.842,2,"",M,34.914,2,"",M,11.250,2,"",M,1007.880,2,"",M,380.426,2,"",M,NaN,,,0,NaN,,,M,367.105,2,"",365.721,2,"",NaN,,,NaN,,
2024-10-20T01:51:46.000Z,2.823,2,"",M,61.198,2,"",M,6.000,2,"",N,10.844,2,"",M,34.920,2,"",M,11.250,2,"",M,1007.790,2,"",M,380.986,2,"",M,NaN,,,0,NaN,,,M,367.648,2,"",366.263,2,"",NaN,,,NaN,,
2024-10-20T01:53:38.000Z,2.815,2,"",M,61.200,2,"",M,6.000,2,"",N,10.848,2,"",M,34.924,2,"",M,11.250,2,"",M,1007.720,2,"",M,380.825,2,"",M,NaN,,,0,NaN,,,M,367.519,2,"",366.134,2,"",NaN,,,NaN,,
2024-10-20T01:55:31.000Z,2.806,2,"",M,61.202,2,"",M,6.000,2,"",N,10.849,2,"",M,34.923,2,"",M,11.260,2,"",M,1007.910,2,"",M,381.154,2,"",M,NaN,,,0,NaN,,,M,367.779,2,"",366.392,2,"",NaN,,,NaN,,
2024-10-20T01:57:23.000Z,2.797,2,"",M,61.205,2,"",M,6.000,2,"",N,10.852,2,"",I,34.921,2,"",I,11.260,2,"",M,1007.620,2,"",M,380.984,2,"",M,NaN,,,0,NaN,,,M,367.545,2,"",366.160,2,"",NaN,,,NaN,,
2024-10-20T01:59:15.000Z,2.789,2,"",M,61.207,2,"",M,6.000,2,"",N,10.854,2,"",M,34.919,2,"",M,11.270,2,"",M,1008.190,2,"",M,381.353,2,"",M,NaN,,,0,NaN,,,M,367.992,2,"",366.605,2,"",NaN,,,NaN,,
2024-10-20T02:01:07.000Z,2.780,2,"",M,61.209,2,"",M,6.000,2,"",N,10.856,2,"",M,34.919,2,"",M,11.270,2,"",M,1008.010,2,"",M,381.043,2,"",M,NaN,,,0,NaN,,,M,367.652,2,"",366.266,2,"",NaN,,,NaN,,
2024-10-20T02:03:00.000Z,2.771,2,"",M,61.211,2,"",M,6.000,2,"",N,10.856,2,"",M,34.917,2,"",M,11.270,2,"",M,1008.570,2,"",M,380.902,2,"",M,NaN,,,0,NaN,,,M,367.728,2,"",366.341,2,"",NaN,,,NaN,,
2024-10-20T02:04:52.000Z,2.762,2,"",M,61.214,2,"",M,6.000,2,"",N,10.857,2,"",M,34.914,2,"",M,11.270,2,"",M,1008.260,2,"",M,380.931,2,"",M,NaN,,,0,NaN,,,M,367.645,2,"",366.259,2,"",NaN,,,NaN,,
2024-10-20T02:06:44.000Z,2.754,2,"",M,61.216,2,"",M,6.000,2,"",N,10.856,2,"",M,34.911,2,"",M,11.270,2,"",M,1008.080,2,"",M,380.621,2,"",M,NaN,,,0,NaN,,,M,367.267,2,"",365.882,2,"",NaN,,,NaN,,
2024-10-20T02:08:36.000Z,2.745,2,"",M,61.218,2,"",M,6.000,2,"",N,10.857,2,"",M,34.910,2,"",M,11.270,2,"",M,1008.310,2,"",M,380.150,2,"",M,NaN,,,0,NaN,,,M,366.910,2,"",365.527,2,"",NaN,,,NaN,,
2024-10-20T02:10:49.000Z,2.736,2,"",M,61.221,2,"",M,6.000,2,"",N,10.859,2,"",M,34.911,2,"",M,11.270,2,"",M,1008.070,2,"",M,380.329,2,"",M,NaN,,,0,NaN,,,M,367.034,2,"",365.650,2,"",NaN,,,NaN,,
2024-10-20T02:12:41.000Z,2.728,2,"",M,61.223,2,"",M,6.000,2,"",N,10.864,2,"",M,34.916,2,"",M,11.270,2,"",M,1008.170,2,"",M,379.998,2,"",M,NaN,,,0,NaN,,,M,366.820,2,"",365.437,2,"",NaN,,,NaN,,
2024-10-20T02:14:33.000Z,2.719,2,"",M,61.225,2,"",M,6.000,2,"",N,10.868,2,"",M,34.920,2,"",M,11.270,2,"",M,1008.170,2,"",M,380.168,2,"",M,NaN,,,0,NaN,,,M,367.055,2,"",365.671,2,"",NaN,,,NaN,,
2024-10-20T02:16:26.000Z,2.711,2,"",M,61.228,2,"",M,6.000,2,"",N,10.871,2,"",M,34.925,2,"",M,11.280,2,"",M,1008.280,2,"",M,380.137,2,"",M,NaN,,,0,NaN,,,M,366.953,2,"",365.570,2,"",NaN,,,NaN,,
2024-10-20T02:18:18.000Z,2.703,2,"",M,61.230,2,"",M,6.000,2,"",N,10.877,2,"",M,34.930,2,"",M,11.280,2,"",M,1008.630,2,"",M,380.107,2,"",M,NaN,,,0,NaN,,,M,367.137,2,"",365.753,2,"",NaN,,,NaN,,
2024-10-20T02:20:10.000Z,2.695,2,"",M,61.232,2,"",M,6.000,2,"",N,10.880,2,"",M,34.936,2,"",M,11.290,2,"",M,1008.790,2,"",M,380.156,2,"",M,NaN,,,0,NaN,,,M,367.147,2,"",365.762,2,"",NaN,,,NaN,,
2024-10-20T02:22:02.000Z,2.687,2,"",M,61.234,2,"",M,6.000,2,"",N,10.885,2,"",M,34.941,2,"",M,11.290,2,"",M,1008.670,2,"",M,380.426,2,"",M,NaN,,,0,NaN,,,M,367.439,2,"",366.054,2,"",NaN,,,NaN,,
2024-10-20T02:23:55.000Z,2.679,2,"",M,61.236,2,"",M,6.000,2,"",N,10.890,2,"",M,34.947,2,"",M,11.290,2,"",M,1008.520,2,"",M,380.585,2,"",M,NaN,,,0,NaN,,,M,367.613,2,"",366.227,2,"",NaN,,,NaN,,
2024-10-20T02:25:47.000Z,2.671,2,"",M,61.239,2,"",M,6.000,2,"",N,10.894,2,"",M,34.955,2,"",M,11.300,2,"",M,1008.510,2,"",M,380.714,4,"Electronic problems with the system and cannot trust the xCO2 data",M,NaN,,,0,NaN,,,M,367.634,4,"xCO₂ (with standards) Electronic problems with the system and cannot trust the xCO2 data",366.248,4,"xCO₂ (with standards) Electronic problems with the system and cannot trust the xCO2 data",NaN,,,NaN,,
2024-10-20T02:27:39.000Z,2.662,2,"",M,61.241,2,"",M,6.000,2,"",N,10.899,2,"",M,34.962,2,"",M,11.310,2,"",M,1008.450,2,"",M,380.584,4,"Electronic problems with the system and cannot trust the xCO2 data",M,NaN,,,0,NaN,,,M,367.405,4,"xCO₂ (with standards) Electronic problems with the system and cannot trust the xCO2 data",366.020,4,"xCO₂ (with standards) Electronic problems with the system and cannot trust the xCO2 data",NaN,,,NaN,,
2024-10-20T02:29:31.000Z,2.654,2,"",M,61.243,2,"",M,6.000,2,"",N,10.903,2,"",M,34.971,2,"",M,11.310,2,"",M,1008.480,2,"",M,380.873,4,"Electronic problems with the system and cannot trust the xCO2 data",M,NaN,,,0,NaN,,,M,367.762,4,"xCO₂ (with standards) Electronic problems with the system and cannot trust the xCO2 data",366.376,4,"xCO₂ (with standards) Electronic problems with the system and cannot trust the xCO2 data",NaN,,,NaN,,
2024-10-20T02:31:24.000Z,2.646,2,"",M,61.246,2,"",M,6.000,2,"",N,10.904,2,"",M,34.981,2,"",M,11.320,2,"",M,1008.380,2,"",M,381.203,4,"Electronic problems with the system and cannot trust the xCO2 data",M,NaN,,,0,NaN,,,M,367.903,4,"xCO₂ (with standards) Electronic problems with the system and cannot trust the xCO2 data",366.517,4,"xCO₂ (with standards) Electronic problems with the system and cannot trust the xCO2 data",NaN,,,NaN,,
2024-10-20T02:33:16.000Z,2.637,2,"",M,61.248,2,"",M,6.000,2,"",N,10.900,2,"",M,34.989,2,"",M,11.310,2,"",M,1008.660,2,"",M,381.382,4,"Electronic problems with the system and cannot trust the xCO2 data",M,NaN,,,0,NaN,,,M,368.274,4,"xCO₂ (with standards) Electronic problems with the system and cannot trust the xCO2 data",366.886,4,"xCO₂ (with standards) Electronic problems with the system and cannot trust the xCO2 data",NaN,,,NaN,,
2024-10-20T02:35:08.000Z,2.628,2,"",M,61.250,2,"",M,6.000,2,"",N,10.892,2,"",M,34.995,2,"",M,11.310,2,"",M,1008.350,2,"",M,381.482,4,"Electronic problems with the system and cannot trust the xCO2 data",M,NaN,,,0,NaN,,,M,368.124,4,"xCO₂ (with standards) Electronic problems with the system and cannot trust the xCO2 data",366.737,4,"xCO₂ (with standards) Electronic problems with the system and cannot trust the xCO2 data",NaN,,,NaN,,
2024-10-20T02:37:00.000Z,2.619,2,"",M,61.252,2,"",M,6.000,2,"",N,10.884,2,"",M,35.001,2,"",M,11.300,2,"",M,1008.260,2,"",M,381.661,4,"Electronic problems with the system and cannot trust the xCO2 data",M,NaN,,,0,NaN,,,M,368.298,4,"xCO₂ (with standards) Electronic problems with the system and cannot trust the xCO2 data",366.910,4,"xCO₂ (with standards) Electronic problems with the system and cannot trust the xCO2 data",NaN,,,NaN,,
2024-10-20T02:38:52.000Z,2.611,2,"",M,61.254,2,"",M,6.000,2,"",N,10.880,2,"",M,35.007,2,"",M,11.300,2,"",M,1008.730,2,"",M,381.740,4,"Electronic problems with the system and cannot trust the xCO2 data",M,NaN,,,0,NaN,,,M,368.481,4,"xCO₂ (with standards) Electronic problems with the system and cannot trust the xCO2 data",367.092,4,"xCO₂ (with standards) Electronic problems with the system and cannot trust the xCO2 data",NaN,,,NaN,,
2024-10-20T02:40:44.000Z,2.602,2,"",M,61.257,2,"",M,6.000,2,"",N,10.879,2,"",M,35.014,2,"",M,11.300,2,"",M,1008.710,2,"",M,382.070,4,"Electronic problems with the system and cannot trust the xCO2 data",M,NaN,,,0,NaN,,,M,368.787,4,"xCO₂ (with standards) Electronic problems with the system and cannot trust the xCO2 data",367.396,4,"xCO₂ (with standards) Electronic problems with the system and cannot trust the xCO2 data",NaN,,,NaN,,
2024-10-20T02:42:36.000Z,2.593,2,"",M,61.259,2,"",M,6.000,2,"",N,10.881,2,"",M,35.019,2,"",M,11.290,2,"",M,1008.530,2,"",M,382.109,4,"Electronic problems with the system and cannot trust the xCO2 data",M,NaN,,,0,NaN,,,M,368.939,4,"xCO₂ (with standards) Electronic problems with the system and cannot trust the xCO2 data",367.548,4,"xCO₂ (with standards) Electronic problems with the system and cannot trust the xCO2 data",NaN,,,NaN,,
2024-10-20T02:44:28.000Z,2.584,2,"",M,61.261,2,"",M,6.000,2,"",N,10.879,2,"",M,35.020,2,"",M,11.290,2,"",M,1008.480,2,"",M,382.449,4,"Electronic problems with the system and cannot trust the xCO2 data",M,NaN,,,0,NaN,,,M,369.221,4,"xCO₂ (with standards) Electronic problems with the system and cannot trust the xCO2 data",367.829,4,"xCO₂ (with standards) Electronic problems with the system and cannot trust the xCO2 data",NaN,,,NaN,,
2024-10-20T02:46:21.000Z,2.576,2,"",M,61.263,2,"",M,6.000,2,"",N,10.874,2,"",M,35.023,2,"",M,11.290,2,"",M,1008.470,2,"",M,382.638,4,"Electronic problems with the system and cannot trust the xCO2 data",M,NaN,,,0,NaN,,,M,369.330,4,"xCO₂ (with standards) Electronic problems with the system and cannot trust the xCO2 data",367.938,4,"xCO₂ (with standards) Electronic problems with the system and cannot trust the xCO2 data",NaN,,,NaN,,
2024-10-20T02:48:13.000Z,2.567,2,"",M,61.265,2,"",M,6.000,2,"",N,10.869,2,"",M,35.027,2,"",M,11.290,2,"",M,1007.990,2,"",M,382.687,4,"Electronic problems with the system and cannot trust the xCO2 data",M,NaN,,,0,NaN,,,M,369.109,4,"xCO₂ (with standards) Electronic problems with the system and cannot trust the xCO2 data",367.718,4,"xCO₂ (with standards) Electronic problems with the system and cannot trust the xCO2 data",NaN,,,NaN,,
2024-10-20T02:50:05.000Z,2.558,2,"",M,61.267,2,"",M,6.000,2,"",N,10.863,2,"",M,35.037,2,"",M,11.280,2,"",M,1008.380,2,"",M,382.947,4,"Electronic problems with the system and cannot trust the xCO2 data",M,NaN,,,0,NaN,,,M,369.572,4,"xCO₂ (with standards) Electronic problems with the system and cannot trust the xCO2 data",368.178,4,"xCO₂ (with standards) Electronic problems with the system and cannot trust the xCO2 data",NaN,,,NaN,,
2024-10-20T02:51:57.000Z,2.550,2,"",M,61.270,2,"",M,6.000,2,"",N,10.855,2,"",M,35.049,2,"",M,11.270,2,"",M,1008.470,2,"",M,383.086,4,"Electronic problems with the system and cannot trust the xCO2 data",M,NaN,,,0,NaN,,,M,369.774,4,"xCO₂ (with standards) Electronic problems with the system and cannot trust the xCO2 data",368.380,4,"xCO₂ (with standards) Electronic problems with the system and cannot trust the xCO2 data",NaN,,,NaN,,
2024-10-20T02:53:50.000Z,2.541,2,"",M,61.272,2,"",M,6.000,2,"",N,10.848,2,"",M,35.059,2,"",M,11.270,2,"",M,1008.420,2,"",M,383.916,4,"Electronic problems with the system and cannot trust the xCO2 data",M,NaN,,,0,NaN,,,M,370.445,4,"xCO₂ (with standards) Electronic problems with the system and cannot trust the xCO2 data",369.048,4,"xCO₂ (with standards) Electronic problems with the system and cannot trust the xCO2 data",NaN,,,NaN,,
2024-10-20T02:55:42.000Z,2.532,2,"",M,61.274,2,"",M,6.000,2,"",N,10.847,2,"",M,35.062,2,"",M,11.260,2,"",M,1008.420,2,"",M,384.685,4,"Electronic problems with the system and cannot trust the xCO2 data",M,NaN,,,0,NaN,,,M,371.338,4,"xCO₂ (with standards) Electronic problems with the system and cannot trust the xCO2 data",369.938,4,"xCO₂ (with standards) Electronic problems with the system and cannot trust the xCO2 data",NaN,,,NaN,,
2024-10-20T02:57:34.000Z,2.523,2,"",M,61.276,2,"",M,6.000,2,"",N,10.848,2,"",M,35.063,2,"",M,11.260,2,"",M,1008.550,2,"",M,385.215,4,"Electronic problems with the system and cannot trust the xCO2 data",M,NaN,,,0,NaN,,,M,371.921,4,"xCO₂ (with standards) Electronic problems with the system and cannot trust the xCO2 data",370.518,4,"xCO₂ (with standards) Electronic problems with the system and cannot trust the xCO2 data",NaN,,,NaN,,
2024-10-20T02:59:26.000Z,2.514,2,"",M,61.278,2,"",M,6.000,2,"",N,10.852,2,"",M,35.062,2,"",M,11.260,2,"",M,1008.560,2,"",M,386.164,4,"Electronic problems with the system and cannot trust the xCO2 data",M,NaN,,,0,NaN,,,M,372.897,4,"xCO₂ (with standards) Electronic problems with the system and cannot trust the xCO2 data",371.491,4,"xCO₂ (with standards) Electronic problems with the system and cannot trust the xCO2 data",NaN,,,NaN,,
2024-10-20T03:01:18.000Z,2.506,2,"",M,61.281,2,"",M,6.000,2,"",N,10.856,2,"",M,35.061,2,"",M,11.260,2,"",M,1008.535,2,"",M,386.024,4,"Electronic problems with the system and cannot trust the xCO2 data",M,NaN,,,0,NaN,,,M,372.810,4,"xCO₂ (with standards) Electronic problems with the system and cannot trust the xCO2 data",371.404,4,"xCO₂ (with standards) Electronic problems with the system and cannot trust the xCO2 data",NaN,,,NaN,,
2024-10-20T03:03:11.000Z,2.497,2,"",M,61.283,2,"",M,6.000,2,"",N,10.857,2,"",M,35.063,2,"",M,11.270,2,"",M,1008.530,2,"",M,386.303,4,"Electronic problems with the system and cannot trust the xCO2 data",M,NaN,,,0,NaN,,,M,372.939,4,"xCO₂ (with standards) Electronic problems with the system and cannot trust the xCO2 data",371.533,4,"xCO₂ (with standards) Electronic problems with the system and cannot trust the xCO2 data",NaN,,,NaN,,
2024-10-20T03:05:03.000Z,2.488,2,"",M,61.285,2,"",M,6.000,2,"",N,10.857,2,"",M,35.069,2,"",M,11.260,2,"",M,1008.000,2,"",M,386.132,4,"Electronic problems with the system and cannot trust the xCO2 data",M,NaN,,,0,NaN,,,M,372.730,4,"xCO₂ (with standards) Electronic problems with the system and cannot trust the xCO2 data",371.325,4,"xCO₂ (with standards) Electronic problems with the system and cannot trust the xCO2 data",NaN,,,NaN,,
2024-10-20T03:06:55.000Z,2.479,2,"",M,61.287,2,"",M,6.000,2,"",N,10.856,2,"",M,35.075,2,"",M,11.270,2,"",M,1008.070,2,"",M,386.462,4,"Electronic problems with the system and cannot trust the xCO2 data",M,NaN,,,0,NaN,,,M,372.895,4,"xCO₂ (with standards) Electronic problems with the system and cannot trust the xCO2 data",371.490,4,"xCO₂ (with standards) Electronic problems with the system and cannot trust the xCO2 data",NaN,,,NaN,,
2024-10-20T03:08:47.000Z,2.470,2,"",M,61.289,2,"",M,6.000,2,"",N,10.854,2,"",M,35.084,2,"",M,11.270,2,"",M,1008.290,2,"",M,386.771,4,"Electronic problems with the system and cannot trust the xCO2 data",M,NaN,,,0,NaN,,,M,373.259,4,"xCO₂ (with standards) Electronic problems with the system and cannot trust the xCO2 data",371.851,4,"xCO₂ (with standards) Electronic problems with the system and cannot trust the xCO2 data",NaN,,,NaN,,
2024-10-20T03:11:01.000Z,2.462,2,"",M,61.291,2,"",M,6.000,2,"",N,10.854,2,"",M,35.089,2,"",M,11.270,2,"",M,1008.500,2,"",M,387.200,4,"Electronic problems with the system and cannot trust the xCO2 data",M,NaN,,,0,NaN,,,M,373.743,4,"xCO₂ (with standards) Electronic problems with the system and cannot trust the xCO2 data",372.333,4,"xCO₂ (with standards) Electronic problems with the system and cannot trust the xCO2 data",NaN,,,NaN,,
2024-10-20T03:12:53.000Z,2.456,2,"",M,61.292,2,"",M,6.000,2,"",N,10.852,2,"",M,35.095,2,"",M,11.260,2,"",M,1008.590,2,"",M,387.870,4,"Electronic problems with the system and cannot trust the xCO2 data",M,NaN,,,0,NaN,,,M,374.559,4,"xCO₂ (with standards) Electronic problems with the system and cannot trust the xCO2 data",373.147,4,"xCO₂ (with standards) Electronic problems with the system and cannot trust the xCO2 data",NaN,,,NaN,,
2024-10-20T03:14:45.000Z,2.453,2,"",M,61.292,2,"",M,6.000,2,"",N,10.851,2,"",M,35.098,2,"",M,11.260,2,"",M,1008.590,2,"",M,388.019,4,"Electronic problems with the system and cannot trust the xCO2 data",M,NaN,,,0,NaN,,,M,374.679,4,"xCO₂ (with standards) Electronic problems with the system and cannot trust the xCO2 data",373.266,4,"xCO₂ (with standards) Electronic problems with the system and cannot trust the xCO2 data",NaN,,,NaN,,
2024-10-20T03:16:37.000Z,2.449,2,"",M,61.292,2,"",M,6.000,2,"",N,10.853,2,"",M,35.099,2,"",M,11.260,2,"",M,1008.525,2,"",M,388.338,4,"Electronic problems with the system and cannot trust the xCO2 data",M,NaN,,,0,NaN,,,M,374.992,4,"xCO₂ (with standards) Electronic problems with the system and cannot trust the xCO2 data",373.578,4,"xCO₂ (with standards) Electronic problems with the system and cannot trust the xCO2 data",NaN,,,NaN,,
2024-10-20T03:18:30.000Z,2.445,2,"",M,61.292,2,"",M,6.000,2,"",N,10.852,2,"",M,35.101,2,"",M,11.270,2,"",M,1008.430,2,"",M,388.658,4,"Electronic problems with the system and cannot trust the xCO2 data",M,NaN,,,0,NaN,,,M,375.102,4,"xCO₂ (with standards) Electronic problems with the system and cannot trust the xCO2 data",373.687,4,"xCO₂ (with standards) Electronic problems with the system and cannot trust the xCO2 data",NaN,,,NaN,,
2024-10-20T03:20:22.000Z,2.443,2,"",M,61.292,2,"",M,6.000,2,"",N,10.850,2,"",M,35.102,2,"",M,11.260,2,"",M,1008.240,2,"",M,389.137,4,"Electronic problems with the system and cannot trust the xCO2 data",M,NaN,,,0,NaN,,,M,375.613,4,"xCO₂ (with standards) Electronic problems with the system and cannot trust the xCO2 data",374.196,4,"xCO₂ (with standards) Electronic problems with the system and cannot trust the xCO2 data",NaN,,,NaN,,
2024-10-20T03:22:14.000Z,2.443,2,"",M,61.292,2,"",M,6.000,2,"",N,10.849,2,"",M,35.105,2,"",M,11.260,2,"",M,1008.340,2,"",M,388.946,4,"Electronic problems with the system and cannot trust the xCO2 data",M,NaN,,,0,NaN,,,M,375.448,4,"xCO₂ (with standards) Electronic problems with the system and cannot trust the xCO2 data",374.033,4,"xCO₂ (with standards) Electronic problems with the system and cannot trust the xCO2 data",NaN,,,NaN,,
2024-10-20T03:24:06.000Z,2.443,2,"",M,61.292,2,"",M,6.000,2,"",N,10.845,2,"",M,35.104,2,"",M,11.260,2,"",M,1008.310,2,"",M,389.176,4,"Electronic problems with the system and cannot trust the xCO2 data",M,NaN,,,0,NaN,,,M,375.593,4,"xCO₂ (with standards) Electronic problems with the system and cannot trust the xCO2 data",374.177,4,"xCO₂ (with standards) Electronic problems with the system and cannot trust the xCO2 data",NaN,,,NaN,,
2024-10-20T03:25:59.000Z,2.443,2,"",M,61.292,2,"",M,6.000,2,"",N,10.843,2,"",M,35.106,2,"",M,11.250,2,"",M,1008.270,2,"",M,389.065,4,"Electronic problems with the system and cannot trust the xCO2 data",M,NaN,,,0,NaN,,,M,375.603,4,"xCO₂ (with standards) Electronic problems with the system and cannot trust the xCO2 data",374.187,4,"xCO₂ (with standards) Electronic problems with the system and cannot trust the xCO2 data",NaN,,,NaN,,
2024-10-20T03:27:51.000Z,2.443,2,"",M,61.292,2,"",M,6.000,2,"",N,10.838,2,"",M,35.110,2,"",M,11.260,2,"",M,1008.290,2,"",M,389.474,4,"Electronic problems with the system and cannot trust the xCO2 data",M,NaN,,,0,NaN,,,M,375.769,4,"xCO₂ (with standards) Electronic problems with the system and cannot trust the xCO2 data",374.352,4,"xCO₂ (with standards) Electronic problems with the system and cannot trust the xCO2 data",NaN,,,NaN,,
2024-10-20T03:29:43.000Z,2.443,2,"",M,61.292,2,"",M,6.000,2,"",N,10.840,2,"",M,35.107,2,"",M,11.250,2,"",M,1008.290,2,"",M,389.624,4,"Electronic problems with the system and cannot trust the xCO2 data",M,NaN,,,0,NaN,,,M,376.108,4,"xCO₂ (with standards) Electronic problems with the system and cannot trust the xCO2 data",374.689,4,"xCO₂ (with standards) Electronic problems with the system and cannot trust the xCO2 data",NaN,,,NaN,,
2024-10-20T03:31:35.000Z,2.443,2,"",M,61.292,2,"",M,6.000,2,"",N,10.840,2,"",M,35.109,2,"",M,11.250,2,"",M,1008.180,2,"",M,389.473,4,"Electronic problems with the system and cannot trust the xCO2 data",M,NaN,,,0,NaN,,,M,375.917,4,"xCO₂ (with standards) Electronic problems with the system and cannot trust the xCO2 data",374.499,4,"xCO₂ (with standards) Electronic problems with the system and cannot trust the xCO2 data",NaN,,,NaN,,
2024-10-20T03:33:28.000Z,2.443,2,"",M,61.292,2,"",M,6.000,2,"",N,10.835,2,"",M,35.112,2,"",M,11.250,2,"",M,1008.290,2,"",M,389.682,4,"Electronic problems with the system and cannot trust the xCO2 data",M,NaN,,,0,NaN,,,M,376.077,4,"xCO₂ (with standards) Electronic problems with the system and cannot trust the xCO2 data",374.658,4,"xCO₂ (with standards) Electronic problems with the system and cannot trust the xCO2 data",NaN,,,NaN,,
2024-10-20T03:35:20.000Z,2.443,2,"",M,61.292,2,"",M,6.000,2,"",N,10.836,2,"",M,35.113,2,"",M,11.240,2,"",M,1008.240,2,"",M,389.542,4,"Electronic problems with the system and cannot trust the xCO2 data",M,NaN,,,0,NaN,,,M,376.109,4,"xCO₂ (with standards) Electronic problems with the system and cannot trust the xCO2 data",374.690,4,"xCO₂ (with standards) Electronic problems with the system and cannot trust the xCO2 data",NaN,,,NaN,,
2024-10-20T03:37:12.000Z,2.443,2,"",M,61.292,2,"",M,6.000,2,"",N,10.833,2,"",M,35.114,2,"",M,11.250,2,"",M,1008.210,2,"",M,389.771,4,"Electronic problems with the system and cannot trust the xCO2 data",M,NaN,,,0,NaN,,,M,376.106,4,"xCO₂ (with standards) Electronic problems with the system and cannot trust the xCO2 data",374.688,4,"xCO₂ (with standards) Electronic problems with the system and cannot trust the xCO2 data",NaN,,,NaN,,
2024-10-20T03:39:04.000Z,2.443,2,"",M,61.292,2,"",M,6.000,2,"",N,10.833,2,"",M,35.115,2,"",M,11.250,2,"",M,1007.880,2,"",M,390.110,4,"Electronic problems with the system and cannot trust the xCO2 data",M,NaN,,,0,NaN,,,M,376.315,4,"xCO₂ (with standards) Electronic problems with the system and cannot trust the xCO2 data",374.896,4,"xCO₂ (with standards) Electronic problems with the system and cannot trust the xCO2 data",NaN,,,NaN,,
2024-10-20T03:40:57.000Z,2.443,2,"",M,61.292,2,"",M,6.000,2,"",N,10.832,2,"",M,35.115,2,"",M,11.240,2,"",M,1007.910,2,"",M,390.180,4,"Electronic problems with the system and cannot trust the xCO2 data",M,NaN,,,0,NaN,,,M,376.539,4,"xCO₂ (with standards) Electronic problems with the system and cannot trust the xCO2 data",375.120,4,"xCO₂ (with standards) Electronic problems with the system and cannot trust the xCO2 data",NaN,,,NaN,,
2024-10-20T03:42:49.000Z,2.443,2,"",M,61.292,2,"",M,6.000,2,"",N,10.832,2,"",M,35.114,2,"",M,11.240,2,"",M,1007.720,2,"",M,390.419,4,"Electronic problems with the system and cannot trust the xCO2 data",M,NaN,,,0,NaN,,,M,376.702,4,"xCO₂ (with standards) Electronic problems with the system and cannot trust the xCO2 data",375.282,4,"xCO₂ (with standards) Electronic problems with the system and cannot trust the xCO2 data",NaN,,,NaN,,
2024-10-20T03:44:41.000Z,2.442,2,"",M,61.292,2,"",M,6.000,2,"",N,10.817,2,"",M,35.117,2,"",M,11.240,2,"",M,1007.935,2,"",M,390.028,4,"Electronic problems with the system and cannot trust the xCO2 data",M,NaN,,,0,NaN,,,M,376.167,4,"xCO₂ (with standards) Electronic problems with the system and cannot trust the xCO2 data",374.749,4,"xCO₂ (with standards) Electronic problems with the system and cannot trust the xCO2 data",NaN,,,NaN,,
2024-10-20T03:46:33.000Z,2.437,2,"",M,61.292,2,"",M,6.000,2,"",N,10.822,2,"",M,35.117,2,"",M,11.230,2,"",M,1008.380,2,"",M,390.138,4,"Electronic problems with the system and cannot trust the xCO2 data",M,NaN,,,0,NaN,,,M,376.678,4,"xCO₂ (with standards) Electronic problems with the system and cannot trust the xCO2 data",375.257,4,"xCO₂ (with standards) Electronic problems with the system and cannot trust the xCO2 data",NaN,,,NaN,,
2024-10-20T03:48:25.000Z,2.429,2,"",M,61.293,2,"",M,6.000,2,"",N,10.826,2,"",M,35.116,2,"",M,11.240,2,"",M,1008.080,2,"",M,390.477,4,"Electronic problems with the system and cannot trust the xCO2 data",M,NaN,,,0,NaN,,,M,376.787,4,"xCO₂ (with standards) Electronic problems with the system and cannot trust the xCO2 data",375.367,4,"xCO₂ (with standards) Electronic problems with the system and cannot trust the xCO2 data",NaN,,,NaN,,
2024-10-20T03:50:18.000Z,2.420,2,"",M,61.294,2,"",M,6.000,2,"",N,10.835,2,"",M,35.110,2,"",M,11.240,2,"",M,1008.350,2,"",M,390.416,4,"Electronic problems with the system and cannot trust the xCO2 data",M,NaN,,,0,NaN,,,M,376.977,4,"xCO₂ (with standards) Electronic problems with the system and cannot trust the xCO2 data",375.555,4,"xCO₂ (with standards) Electronic problems with the system and cannot trust the xCO2 data",NaN,,,NaN,,
2024-10-20T03:54:47.000Z,2.399,2,"",M,61.297,2,"",M,6.000,2,"",N,NaN,,,M,NaN,,,M,NaN,,,M,NaN,,,M,NaN,,,0,NaN,,,0,NaN,,,M,NaN,,,NaN,,,NaN,,,NaN,,
2024-10-20T03:56:37.000Z,2.390,2,"",M,61.297,2,"",M,6.000,2,"",N,NaN,,,M,NaN,,,M,NaN,,,M,NaN,,,M,NaN,,,0,NaN,,,0,NaN,,,M,NaN,,,NaN,,,NaN,,,NaN,,
2024-10-20T03:58:27.000Z,2.381,2,"",M,61.298,2,"",M,6.000,2,"",N,NaN,,,M,NaN,,,M,NaN,,,M,NaN,,,M,NaN,,,0,NaN,,,0,NaN,,,M,NaN,,,NaN,,,NaN,,,NaN,,
2024-10-20T04:02:56.000Z,2.358,2,"",M,61.300,2,"",M,6.000,2,"",N,NaN,,,M,NaN,,,M,NaN,,,M,NaN,,,M,NaN,,,0,NaN,,,0,NaN,,,M,NaN,,,NaN,,,NaN,,,NaN,,
2024-10-20T04:04:46.000Z,2.349,2,"",M,61.301,2,"",M,6.000,2,"",N,NaN,,,M,NaN,,,M,NaN,,,M,NaN,,,M,NaN,,,0,NaN,,,0,NaN,,,M,NaN,,,NaN,,,NaN,,,NaN,,
2024-10-20T04:06:36.000Z,2.340,2,"",M,61.303,2,"",M,6.000,2,"",N,NaN,,,M,NaN,,,M,NaN,,,M,NaN,,,M,NaN,,,0,NaN,,,0,NaN,,,M,NaN,,,NaN,,,NaN,,,NaN,,
2024-10-20T04:11:06.000Z,2.327,2,"",M,61.304,2,"",M,6.000,2,"",N,NaN,,,M,NaN,,,M,NaN,,,M,NaN,,,M,NaN,,,0,NaN,,,0,NaN,,,M,NaN,,,NaN,,,NaN,,,NaN,,
2024-10-20T04:13:16.000Z,2.323,2,"",M,61.305,2,"",M,6.000,2,"",N,NaN,,,M,NaN,,,M,NaN,,,M,NaN,,,M,NaN,,,0,NaN,,,0,NaN,,,M,NaN,,,NaN,,,NaN,,,NaN,,
2024-10-20T04:15:06.000Z,2.317,2,"",M,61.305,2,"",M,6.000,2,"",N,NaN,,,M,NaN,,,M,NaN,,,M,NaN,,,M,NaN,,,0,NaN,,,0,NaN,,,M,NaN,,,NaN,,,NaN,,,NaN,,
2024-10-20T04:19:36.000Z,2.305,2,"",M,61.306,2,"",M,6.000,2,"",N,10.833,2,"",M,35.116,2,"",M,NaN,,,M,NaN,,,M,NaN,,,0,426.105,4,"Electronic problems with the system and cannot trust the xCO2 data",M,1006.800,2,"",M,NaN,,,NaN,,,419.060,4,"xCO₂ (with standards) Electronic problems with the system and cannot trust the xCO2 data",417.470,4,"xCO₂ (with standards) Electronic problems with the system and cannot trust the xCO2 data"
2024-10-20T04:21:26.000Z,2.306,2,"",M,61.306,2,"",M,6.000,2,"",N,10.835,2,"",M,35.117,2,"",M,NaN,,,M,NaN,,,M,NaN,,,0,425.998,4,"Electronic problems with the system and cannot trust the xCO2 data",M,1006.800,2,"",M,NaN,,,NaN,,,418.955,4,"xCO₂ (with standards) Electronic problems with the system and cannot trust the xCO2 data",417.365,4,"xCO₂ (with standards) Electronic problems with the system and cannot trust the xCO2 data"
2024-10-20T04:23:16.000Z,2.308,2,"",M,61.305,2,"",M,6.000,2,"",N,10.845,2,"",M,35.118,2,"",M,NaN,,,M,NaN,,,M,NaN,,,0,426.141,4,"Electronic problems with the system and cannot trust the xCO2 data",M,1006.800,2,"",M,NaN,,,NaN,,,419.092,4,"xCO₂ (with standards) Electronic problems with the system and cannot trust the xCO2 data",417.502,4,"xCO₂ (with standards) Electronic problems with the system and cannot trust the xCO2 data"
2024-10-20T04:25:05.000Z,2.308,2,"",M,61.305,2,"",M,6.000,2,"",N,10.826,2,"",M,35.118,2,"",M,NaN,,,M,NaN,,,M,NaN,,,0,425.545,4,"Electronic problems with the system and cannot trust the xCO2 data",M,1006.700,2,"",M,NaN,,,NaN,,,418.470,4,"xCO₂ (with standards) Electronic problems with the system and cannot trust the xCO2 data",416.882,4,"xCO₂ (with standards) Electronic problems with the system and cannot trust the xCO2 data"
2024-10-20T04:26:55.000Z,2.306,2,"",M,61.306,2,"",M,6.000,2,"",N,10.827,2,"",M,35.117,2,"",M,NaN,,,M,NaN,,,M,NaN,,,0,426.058,4,"Electronic problems with the system and cannot trust the xCO2 data",M,1006.800,2,"",M,NaN,,,NaN,,,419.016,4,"xCO₂ (with standards) Electronic problems with the system and cannot trust the xCO2 data",417.426,4,"xCO₂ (with standards) Electronic problems with the system and cannot trust the xCO2 data"
2024-10-20T04:32:05.000Z,2.288,2,"",M,61.307,2,"",M,6.000,2,"",N,10.819,2,"",M,35.122,2,"",M,11.230,2,"",M,1006.950,2,"",M,390.573,4,"Electronic problems with the system and cannot trust the xCO2 data",M,NaN,,,0,NaN,,,M,376.512,4,"xCO₂ (with standards) Electronic problems with the system and cannot trust the xCO2 data",375.094,4,"xCO₂ (with standards) Electronic problems with the system and cannot trust the xCO2 data",NaN,,,NaN,,
2024-10-20T04:40:34.000Z,2.263,2,"",M,61.313,2,"",M,6.000,2,"",N,NaN,,,M,NaN,,,M,NaN,,,M,NaN,,,M,NaN,,,0,NaN,,,0,NaN,,,M,NaN,,,NaN,,,NaN,,,NaN,,
2024-10-20T04:45:03.000Z,2.259,2,"",M,61.312,2,"",M,6.000,2,"",N,NaN,,,M,NaN,,,M,NaN,,,M,NaN,,,M,NaN,,,0,NaN,,,0,NaN,,,M,NaN,,,NaN,,,NaN,,,NaN,,
2024-10-20T04:49:33.000Z,2.260,2,"",M,61.311,2,"",M,6.000,2,"",N,NaN,,,M,NaN,,,M,NaN,,,M,NaN,,,M,NaN,,,0,NaN,,,0,NaN,,,M,NaN,,,NaN,,,NaN,,,NaN,,
2024-10-20T04:51:23.000Z,2.260,2,"",M,61.311,2,"",M,6.000,2,"",N,NaN,,,M,NaN,,,M,NaN,,,M,NaN,,,M,NaN,,,0,NaN,,,0,NaN,,,M,NaN,,,NaN,,,NaN,,,NaN,,
2024-10-20T04:53:12.000Z,2.260,2,"",M,61.311,2,"",M,6.000,2,"",N,NaN,,,M,NaN,,,M,NaN,,,M,NaN,,,M,NaN,,,0,NaN,,,0,NaN,,,M,NaN,,,NaN,,,NaN,,,NaN,,
2024-10-20T04:57:42.000Z,2.260,2,"",M,61.311,2,"",M,6.000,2,"",N,NaN,,,M,NaN,,,M,NaN,,,M,NaN,,,M,NaN,,,0,NaN,,,0,NaN,,,M,NaN,,,NaN,,,NaN,,,NaN,,
2024-10-20T04:59:32.000Z,2.260,2,"",M,61.311,2,"",M,6.000,2,"",N,NaN,,,M,NaN,,,M,NaN,,,M,NaN,,,M,NaN,,,0,NaN,,,0,NaN,,,M,NaN,,,NaN,,,NaN,,,NaN,,
2024-10-20T05:01:22.000Z,2.260,2,"",M,61.311,2,"",M,6.000,2,"",N,NaN,,,M,NaN,,,M,NaN,,,M,NaN,,,M,NaN,,,0,NaN,,,0,NaN,,,M,NaN,,,NaN,,,NaN,,,NaN,,
2024-10-20T05:05:51.000Z,2.260,2,"",M,61.311,2,"",M,6.000,2,"",N,NaN,,,M,NaN,,,M,NaN,,,M,NaN,,,M,NaN,,,0,NaN,,,0,NaN,,,M,NaN,,,NaN,,,NaN,,,NaN,,
2024-10-20T05:07:41.000Z,2.260,2,"",M,61.311,2,"",M,6.000,2,"",N,NaN,,,M,NaN,,,M,NaN,,,M,NaN,,,M,NaN,,,0,NaN,,,0,NaN,,,M,NaN,,,NaN,,,NaN,,,NaN,,
2024-10-20T05:09:31.000Z,2.260,2,"",M,61.311,2,"",M,6.000,2,"",N,NaN,,,M,NaN,,,M,NaN,,,M,NaN,,,M,NaN,,,0,NaN,,,0,NaN,,,M,NaN,,,NaN,,,NaN,,,NaN,,
2024-10-20T05:14:01.000Z,2.260,2,"",M,61.311,2,"",M,6.000,2,"",N,10.787,2,"",M,35.144,2,"",M,NaN,,,M,NaN,,,M,NaN,,,0,424.803,4,"Electronic problems with the system and cannot trust the xCO2 data",M,1006.200,2,"",M,NaN,,,NaN,,,417.544,4,"xCO₂ (with standards) Electronic problems with the system and cannot trust the xCO2 data",415.959,4,"xCO₂ (with standards) Electronic problems with the system and cannot trust the xCO2 data"
2024-10-20T05:15:50.000Z,2.260,2,"",M,61.311,2,"",M,6.000,2,"",N,10.786,2,"",M,35.144,2,"",M,NaN,,,M,NaN,,,M,NaN,,,0,424.612,4,"Electronic problems with the system and cannot trust the xCO2 data",M,1006.100,2,"",M,NaN,,,NaN,,,417.315,4,"xCO₂ (with standards) Electronic problems with the system and cannot trust the xCO2 data",415.731,4,"xCO₂ (with standards) Electronic problems with the system and cannot trust the xCO2 data"
2024-10-20T05:17:40.000Z,2.260,2,"",M,61.311,2,"",M,6.000,2,"",N,10.790,2,"",M,35.142,2,"",M,NaN,,,M,NaN,,,M,NaN,,,0,424.541,4,"Electronic problems with the system and cannot trust the xCO2 data",M,1006.100,2,"",M,NaN,,,NaN,,,417.244,4,"xCO₂ (with standards) Electronic problems with the system and cannot trust the xCO2 data",415.660,4,"xCO₂ (with standards) Electronic problems with the system and cannot trust the xCO2 data"
2024-10-20T05:19:30.000Z,2.260,2,"",M,61.311,2,"",M,6.000,2,"",N,10.788,2,"",M,35.144,2,"",M,NaN,,,M,NaN,,,M,NaN,,,0,424.440,4,"Electronic problems with the system and cannot trust the xCO2 data",M,1006.100,2,"",M,NaN,,,NaN,,,417.145,4,"xCO₂ (with standards) Electronic problems with the system and cannot trust the xCO2 data",415.562,4,"xCO₂ (with standards) Electronic problems with the system and cannot trust the xCO2 data"
2024-10-20T05:21:20.000Z,2.260,2,"",M,61.311,2,"",M,6.000,2,"",N,10.781,2,"",M,35.144,2,"",M,NaN,,,M,NaN,,,M,NaN,,,0,424.449,4,"Electronic problems with the system and cannot trust the xCO2 data",M,1006.300,2,"",M,NaN,,,NaN,,,417.240,4,"xCO₂ (with standards) Electronic problems with the system and cannot trust the xCO2 data",415.656,4,"xCO₂ (with standards) Electronic problems with the system and cannot trust the xCO2 data"
2024-10-20T05:26:30.000Z,2.260,2,"",M,61.311,2,"",M,6.000,2,"",N,10.785,2,"",M,35.145,2,"",M,11.190,2,"",M,1007.230,2,"",M,392.761,4,"Electronic problems with the system and cannot trust the xCO2 data",M,NaN,,,0,NaN,,,M,378.828,4,"xCO₂ (with standards) Electronic problems with the system and cannot trust the xCO2 data",377.399,4,"xCO₂ (with standards) Electronic problems with the system and cannot trust the xCO2 data",NaN,,,NaN,,
2024-10-20T05:34:59.000Z,2.260,2,"",M,61.311,2,"",M,6.000,2,"",N,NaN,,,M,NaN,,,M,NaN,,,M,NaN,,,M,NaN,,,0,NaN,,,0,NaN,,,M,NaN,,,NaN,,,NaN,,,NaN,,
2024-10-20T05:39:29.000Z,2.260,2,"",M,61.311,2,"",M,6.000,2,"",N,NaN,,,M,NaN,,,M,NaN,,,M,NaN,,,M,NaN,,,0,NaN,,,0,NaN,,,M,NaN,,,NaN,,,NaN,,,NaN,,
2024-10-20T05:43:59.000Z,2.260,2,"",M,61.311,2,"",M,6.000,2,"",N,NaN,,,M,NaN,,,M,NaN,,,M,NaN,,,M,NaN,,,0,NaN,,,0,NaN,,,M,NaN,,,NaN,,,NaN,,,NaN,,
2024-10-20T05:45:48.000Z,2.260,2,"",M,61.311,2,"",M,6.000,2,"",N,NaN,,,M,NaN,,,M,NaN,,,M,NaN,,,M,NaN,,,0,NaN,,,0,NaN,,,M,NaN,,,NaN,,,NaN,,,NaN,,
2024-10-20T05:47:38.000Z,2.260,2,"",M,61.311,2,"",M,6.000,2,"",N,NaN,,,M,NaN,,,M,NaN,,,M,NaN,,,M,NaN,,,0,NaN,,,0,NaN,,,M,NaN,,,NaN,,,NaN,,,NaN,,
2024-10-20T05:52:08.000Z,2.260,2,"",M,61.311,2,"",M,6.000,2,"",N,NaN,,,M,NaN,,,M,NaN,,,M,NaN,,,M,NaN,,,0,NaN,,,0,NaN,,,M,NaN,,,NaN,,,NaN,,,NaN,,
2024-10-20T05:53:58.000Z,2.260,2,"",M,61.311,2,"",M,6.000,2,"",N,NaN,,,M,NaN,,,M,NaN,,,M,NaN,,,M,NaN,,,0,NaN,,,0,NaN,,,M,NaN,,,NaN,,,NaN,,,NaN,,
2024-10-20T05:55:47.000Z,2.260,2,"",M,61.311,2,"",M,6.000,2,"",N,NaN,,,M,NaN,,,M,NaN,,,M,NaN,,,M,NaN,,,0,NaN,,,0,NaN,,,M,NaN,,,NaN,,,NaN,,,NaN,,
2024-10-20T06:00:17.000Z,2.260,2,"",M,61.311,2,"",M,6.000,2,"",N,NaN,,,M,NaN,,,M,NaN,,,M,NaN,,,M,NaN,,,0,NaN,,,0,NaN,,,M,NaN,,,NaN,,,NaN,,,NaN,,
2024-10-20T06:02:07.000Z,2.260,2,"",M,61.311,2,"",M,6.000,2,"",N,NaN,,,M,NaN,,,M,NaN,,,M,NaN,,,M,NaN,,,0,NaN,,,0,NaN,,,M,NaN,,,NaN,,,NaN,,,NaN,,
2024-10-20T06:03:57.000Z,2.260,2,"",M,61.311,2,"",M,6.000,2,"",N,NaN,,,M,NaN,,,M,NaN,,,M,NaN,,,M,NaN,,,0,NaN,,,0,NaN,,,M,NaN,,,NaN,,,NaN,,,NaN,,
2024-10-20T06:08:27.000Z,2.260,2,"",M,61.311,2,"",M,6.000,2,"",N,10.764,2,"",M,35.166,2,"",M,NaN,,,M,NaN,,,M,NaN,,,0,424.507,4,"Electronic problems with the system and cannot trust the xCO2 data",M,1006.100,2,"",M,NaN,,,NaN,,,417.220,4,"xCO₂ (with standards) Electronic problems with the system and cannot trust the xCO2 data",415.636,4,"xCO₂ (with standards) Electronic problems with the system and cannot trust the xCO2 data"
2024-10-20T06:10:16.000Z,2.260,2,"",M,61.311,2,"",M,6.000,2,"",N,10.744,2,"",M,35.186,2,"",M,NaN,,,M,NaN,,,M,NaN,,,0,424.348,4,"Electronic problems with the system and cannot trust the xCO2 data",M,1006.200,2,"",M,NaN,,,NaN,,,417.113,4,"xCO₂ (with standards) Electronic problems with the system and cannot trust the xCO2 data",415.529,4,"xCO₂ (with standards) Electronic problems with the system and cannot trust the xCO2 data"
2024-10-20T06:12:06.000Z,2.260,2,"",M,61.311,2,"",M,6.000,2,"",N,10.745,2,"",M,35.187,2,"",M,NaN,,,M,NaN,,,M,NaN,,,0,424.400,4,"Electronic problems with the system and cannot trust the xCO2 data",M,1006.200,2,"",M,NaN,,,NaN,,,417.164,4,"xCO₂ (with standards) Electronic problems with the system and cannot trust the xCO2 data",415.580,4,"xCO₂ (with standards) Electronic problems with the system and cannot trust the xCO2 data"
2024-10-20T06:13:56.000Z,2.260,2,"",M,61.311,2,"",M,6.000,2,"",N,10.741,2,"",M,35.189,2,"",M,NaN,,,M,NaN,,,M,NaN,,,0,424.522,4,"Electronic problems with the system and cannot trust the xCO2 data",M,1006.300,2,"",M,NaN,,,NaN,,,417.327,4,"xCO₂ (with standards) Electronic problems with the system and cannot trust the xCO2 data",415.742,4,"xCO₂ (with standards) Electronic problems with the system and cannot trust the xCO2 data"
2024-10-20T06:15:45.000Z,2.260,2,"",M,61.311,2,"",M,6.000,2,"",N,10.746,2,"",M,35.191,2,"",M,NaN,,,M,NaN,,,M,NaN,,,0,424.064,4,"Electronic problems with the system and cannot trust the xCO2 data",M,1006.300,2,"",M,NaN,,,NaN,,,416.875,4,"xCO₂ (with standards) Electronic problems with the system and cannot trust the xCO2 data",415.292,4,"xCO₂ (with standards) Electronic problems with the system and cannot trust the xCO2 data"
2024-10-20T06:20:55.000Z,2.260,2,"",M,61.311,2,"",M,6.000,2,"",N,10.744,2,"",M,35.184,2,"",M,11.150,2,"",M,1007.260,2,"",M,397.353,4,"Electronic problems with the system and cannot trust the xCO2 data",M,NaN,,,0,NaN,,,M,383.269,4,"xCO₂ (with standards) Electronic problems with the system and cannot trust the xCO2 data",381.823,4,"xCO₂ (with standards) Electronic problems with the system and cannot trust the xCO2 data",NaN,,,NaN,,
2024-10-20T06:29:25.000Z,2.260,2,"",M,61.311,2,"",M,6.000,2,"",N,NaN,,,M,NaN,,,M,NaN,,,M,NaN,,,M,NaN,,,0,NaN,,,0,NaN,,,M,NaN,,,NaN,,,NaN,,,NaN,,
2024-10-20T06:33:55.000Z,2.260,2,"",M,61.311,2,"",M,6.000,2,"",N,NaN,,,M,NaN,,,M,NaN,,,M,NaN,,,M,NaN,,,0,NaN,,,0,NaN,,,M,NaN,,,NaN,,,NaN,,,NaN,,
2024-10-20T06:38:24.000Z,2.260,2,"",M,61.311,2,"",M,6.000,2,"",N,NaN,,,M,NaN,,,M,NaN,,,M,NaN,,,M,NaN,,,0,NaN,,,0,NaN,,,M,NaN,,,NaN,,,NaN,,,NaN,,
2024-10-20T06:40:14.000Z,2.260,2,"",M,61.311,2,"",M,6.000,2,"",N,NaN,,,M,NaN,,,M,NaN,,,M,NaN,,,M,NaN,,,0,NaN,,,0,NaN,,,M,NaN,,,NaN,,,NaN,,,NaN,,
2024-10-20T06:42:04.000Z,2.260,2,"",M,61.311,2,"",M,6.000,2,"",N,NaN,,,M,NaN,,,M,NaN,,,M,NaN,,,M,NaN,,,0,NaN,,,0,NaN,,,M,NaN,,,NaN,,,NaN,,,NaN,,
2024-10-20T06:46:34.000Z,2.259,2,"",M,61.311,2,"",M,6.000,2,"",N,NaN,,,M,NaN,,,M,NaN,,,M,NaN,,,M,NaN,,,0,NaN,,,0,NaN,,,M,NaN,,,NaN,,,NaN,,,NaN,,
2024-10-20T06:48:23.000Z,2.258,2,"",M,61.311,2,"",M,6.000,2,"",N,NaN,,,M,NaN,,,M,NaN,,,M,NaN,,,M,NaN,,,0,NaN,,,0,NaN,,,M,NaN,,,NaN,,,NaN,,,NaN,,
2024-10-20T06:50:13.000Z,2.258,2,"",M,61.311,2,"",M,6.000,2,"",N,NaN,,,M,NaN,,,M,NaN,,,M,NaN,,,M,NaN,,,0,NaN,,,0,NaN,,,M,NaN,,,NaN,,,NaN,,,NaN,,
2024-10-20T06:54:43.000Z,2.257,2,"",M,61.312,2,"",M,6.000,2,"",N,NaN,,,M,NaN,,,M,NaN,,,M,NaN,,,M,NaN,,,0,NaN,,,0,NaN,,,M,NaN,,,NaN,,,NaN,,,NaN,,
2024-10-20T06:56:32.000Z,2.257,2,"",M,61.312,2,"",M,6.000,2,"",N,NaN,,,M,NaN,,,M,NaN,,,M,NaN,,,M,NaN,,,0,NaN,,,0,NaN,,,M,NaN,,,NaN,,,NaN,,,NaN,,
2024-10-20T06:58:23.000Z,2.256,2,"",M,61.312,2,"",M,6.000,2,"",N,NaN,,,M,NaN,,,M,NaN,,,M,NaN,,,M,NaN,,,0,NaN,,,0,NaN,,,M,NaN,,,NaN,,,NaN,,,NaN,,
2024-10-20T07:02:53.000Z,2.256,2,"",M,61.312,2,"",M,6.000,2,"",N,10.791,2,"",M,35.137,2,"",M,NaN,,,M,NaN,,,M,NaN,,,0,424.556,4,"Electronic problems with the system and cannot trust the xCO2 data",M,1006.100,2,"",M,NaN,,,NaN,,,417.259,4,"xCO₂ (with standards) Electronic problems with the system and cannot trust the xCO2 data",415.675,4,"xCO₂ (with standards) Electronic problems with the system and cannot trust the xCO2 data"
2024-10-20T07:04:42.000Z,2.256,2,"",M,61.312,2,"",M,6.000,2,"",N,10.788,2,"",M,35.140,2,"",M,NaN,,,M,NaN,,,M,NaN,,,0,424.758,4,"Electronic problems with the system and cannot trust the xCO2 data",M,1006.100,2,"",M,NaN,,,NaN,,,417.457,4,"xCO₂ (with standards) Electronic problems with the system and cannot trust the xCO2 data",415.873,4,"xCO₂ (with standards) Electronic problems with the system and cannot trust the xCO2 data"
2024-10-20T07:06:31.000Z,2.256,2,"",M,61.312,2,"",M,6.000,2,"",N,10.790,2,"",M,35.139,2,"",M,NaN,,,M,NaN,,,M,NaN,,,0,424.829,4,"Electronic problems with the system and cannot trust the xCO2 data",M,1006.100,2,"",M,NaN,,,NaN,,,417.527,4,"xCO₂ (with standards) Electronic problems with the system and cannot trust the xCO2 data",415.942,4,"xCO₂ (with standards) Electronic problems with the system and cannot trust the xCO2 data"
2024-10-20T07:08:21.000Z,2.256,2,"",M,61.312,2,"",M,6.000,2,"",N,10.793,2,"",M,35.137,2,"",M,NaN,,,M,NaN,,,M,NaN,,,0,424.640,4,"Electronic problems with the system and cannot trust the xCO2 data",M,1006.000,2,"",M,NaN,,,NaN,,,417.298,4,"xCO₂ (with standards) Electronic problems with the system and cannot trust the xCO2 data",415.714,4,"xCO₂ (with standards) Electronic problems with the system and cannot trust the xCO2 data"
2024-10-20T07:10:11.000Z,2.256,2,"",M,61.312,2,"",M,6.000,2,"",N,10.789,2,"",M,35.138,2,"",M,NaN,,,M,NaN,,,M,NaN,,,0,424.891,4,"Electronic problems with the system and cannot trust the xCO2 data",M,1006.100,2,"",M,NaN,,,NaN,,,417.588,4,"xCO₂ (with standards) Electronic problems with the system and cannot trust the xCO2 data",416.003,4,"xCO₂ (with standards) Electronic problems with the system and cannot trust the xCO2 data"
2024-10-20T07:15:21.000Z,2.256,2,"",M,61.312,2,"",M,6.000,2,"",N,10.793,2,"",M,35.137,2,"",M,11.200,2,"",M,0.490,4,"Out of range",M,392.713,4,"Electronic problems with the system and cannot trust the xCO2 data",M,NaN,,,0,NaN,,,M,-4.780,4,"Equilibrator Pressure Out of range;xCO₂ (with standards) Electronic problems with the system and cannot trust the xCO2 data",-4.780,4,"Equilibrator Pressure Out of range;xCO₂ (with standards) Electronic problems with the system and cannot trust the xCO2 data",NaN,,,NaN,,
2024-10-20T07:23:51.000Z,2.256,2,"",M,61.312,2,"",M,6.000,2,"",N,NaN,,,M,NaN,,,M,NaN,,,M,NaN,,,M,NaN,,,0,NaN,,,0,NaN,,,M,NaN,,,NaN,,,NaN,,,NaN,,
2024-10-20T07:28:20.000Z,2.256,2,"",M,61.312,2,"",M,6.000,2,"",N,NaN,,,M,NaN,,,M,NaN,,,M,NaN,,,M,NaN,,,0,NaN,,,0,NaN,,,M,NaN,,,NaN,,,NaN,,,NaN,,
2024-10-20T07:32:50.000Z,2.256,2,"",M,61.312,2,"",M,6.000,2,"",N,NaN,,,M,NaN,,,M,NaN,,,M,NaN,,,M,NaN,,,0,NaN,,,0,NaN,,,M,NaN,,,NaN,,,NaN,,,NaN,,
2024-10-20T07:34:40.000Z,2.256,2,"",M,61.312,2,"",M,6.000,2,"",N,NaN,,,M,NaN,,,M,NaN,,,M,NaN,,,M,NaN,,,0,NaN,,,0,NaN,,,M,NaN,,,NaN,,,NaN,,,NaN,,
2024-10-20T07:36:30.000Z,2.256,2,"",M,61.312,2,"",M,6.000,2,"",N,NaN,,,M,NaN,,,M,NaN,,,M,NaN,,,M,NaN,,,0,NaN,,,0,NaN,,,M,NaN,,,NaN,,,NaN,,,NaN,,
2024-10-20T07:40:59.000Z,2.256,2,"",M,61.312,2,"",M,6.000,2,"",N,NaN,,,M,NaN,,,M,NaN,,,M,NaN,,,M,NaN,,,0,NaN,,,0,NaN,,,M,NaN,,,NaN,,,NaN,,,NaN,,
2024-10-20T07:42:49.000Z,2.256,2,"",M,61.312,2,"",M,6.000,2,"",N,NaN,,,M,NaN,,,M,NaN,,,M,NaN,,,M,NaN,,,0,NaN,,,0,NaN,,,M,NaN,,,NaN,,,NaN,,,NaN,,
2024-10-20T07:44:39.000Z,2.256,2,"",M,61.312,2,"",M,6.000,2,"",N,NaN,,,M,NaN,,,M,NaN,,,M,NaN,,,M,NaN,,,0,NaN,,,0,NaN,,,M,NaN,,,NaN,,,NaN,,,NaN,,
2024-10-20T07:49:09.000Z,2.256,2,"",M,61.312,2,"",M,6.000,2,"",N,NaN,,,M,NaN,,,M,NaN,,,M,NaN,,,M,NaN,,,0,NaN,,,0,NaN,,,M,NaN,,,NaN,,,NaN,,,NaN,,
2024-10-20T07:50:58.000Z,2.255,2,"",M,61.312,2,"",M,6.000,2,"",N,NaN,,,M,NaN,,,M,NaN,,,M,NaN,,,M,NaN,,,0,NaN,,,0,NaN,,,M,NaN,,,NaN,,,NaN,,,NaN,,
2024-10-20T07:52:48.000Z,2.255,2,"",M,61.312,2,"",M,6.000,2,"",N,NaN,,,M,NaN,,,M,NaN,,,M,NaN,,,M,NaN,,,0,NaN,,,0,NaN,,,M,NaN,,,NaN,,,NaN,,,NaN,,
2024-10-20T07:57:18.000Z,2.254,2,"",M,61.312,2,"",M,6.000,2,"",N,10.842,2,"",M,35.104,2,"",M,NaN,,,M,NaN,,,M,NaN,,,0,424.683,4,"Electronic problems with the system and cannot trust the xCO2 data",M,1005.600,2,"",M,NaN,,,NaN,,,417.155,4,"xCO₂ (with standards) Electronic problems with the system and cannot trust the xCO2 data",415.573,4,"xCO₂ (with standards) Electronic problems with the system and cannot trust the xCO2 data"
2024-10-20T07:59:07.000Z,2.253,2,"",M,61.312,2,"",M,6.000,2,"",N,10.844,2,"",M,35.104,2,"",M,NaN,,,M,NaN,,,M,NaN,,,0,424.997,4,"Electronic problems with the system and cannot trust the xCO2 data",M,1005.600,2,"",M,NaN,,,NaN,,,417.463,4,"xCO₂ (with standards) Electronic problems with the system and cannot trust the xCO2 data",415.880,4,"xCO₂ (with standards) Electronic problems with the system and cannot trust the xCO2 data"
2024-10-20T08:00:57.000Z,2.253,2,"",M,61.312,2,"",M,6.000,2,"",N,10.841,2,"",M,35.106,2,"",M,NaN,,,M,NaN,,,M,NaN,,,0,424.671,4,"Electronic problems with the system and cannot trust the xCO2 data",M,1005.700,2,"",M,NaN,,,NaN,,,417.186,4,"xCO₂ (with standards) Electronic problems with the system and cannot trust the xCO2 data",415.604,4,"xCO₂ (with standards) Electronic problems with the system and cannot trust the xCO2 data"
2024-10-20T08:02:47.000Z,2.253,2,"",M,61.312,2,"",M,6.000,2,"",N,10.844,2,"",M,35.105,2,"",M,NaN,,,M,NaN,,,M,NaN,,,0,424.946,4,"Electronic problems with the system and cannot trust the xCO2 data",M,1005.700,2,"",M,NaN,,,NaN,,,417.454,4,"xCO₂ (with standards) Electronic problems with the system and cannot trust the xCO2 data",415.871,4,"xCO₂ (with standards) Electronic problems with the system and cannot trust the xCO2 data"
2024-10-20T08:04:37.000Z,2.253,2,"",M,61.312,2,"",M,6.000,2,"",N,10.845,2,"",M,35.104,2,"",M,NaN,,,M,NaN,,,M,NaN,,,0,425.110,4,"Electronic problems with the system and cannot trust the xCO2 data",M,1005.700,2,"",M,NaN,,,NaN,,,417.615,4,"xCO₂ (with standards) Electronic problems with the system and cannot trust the xCO2 data",416.032,4,"xCO₂ (with standards) Electronic problems with the system and cannot trust the xCO2 data"
2024-10-20T08:09:47.000Z,2.252,2,"",M,61.312,2,"",M,6.000,2,"",N,10.846,2,"",M,35.105,2,"",M,11.250,2,"",M,1006.070,2,"",M,389.490,4,"Electronic problems with the system and cannot trust the xCO2 data",M,NaN,,,0,NaN,,,M,375.238,4,"xCO₂ (with standards) Electronic problems with the system and cannot trust the xCO2 data",373.826,4,"xCO₂ (with standards) Electronic problems with the system and cannot trust the xCO2 data",NaN,,,NaN,,
2024-10-20T08:18:17.000Z,2.252,2,"",M,61.312,2,"",M,6.000,2,"",N,NaN,,,M,NaN,,,M,NaN,,,M,NaN,,,M,NaN,,,0,NaN,,,0,NaN,,,M,NaN,,,NaN,,,NaN,,,NaN,,
2024-10-20T08:22:46.000Z,2.252,2,"",M,61.312,2,"",M,6.000,2,"",N,NaN,,,M,NaN,,,M,NaN,,,M,NaN,,,M,NaN,,,0,NaN,,,0,NaN,,,M,NaN,,,NaN,,,NaN,,,NaN,,
2024-10-20T08:27:16.000Z,2.252,2,"",M,61.312,2,"",M,6.000,2,"",N,NaN,,,M,NaN,,,M,NaN,,,M,NaN,,,M,NaN,,,0,NaN,,,0,NaN,,,M,NaN,,,NaN,,,NaN,,,NaN,,
2024-10-20T08:29:05.000Z,2.252,2,"",M,61.312,2,"",M,6.000,2,"",N,NaN,,,M,NaN,,,M,NaN,,,M,NaN,,,M,NaN,,,0,NaN,,,0,NaN,,,M,NaN,,,NaN,,,NaN,,,NaN,,
2024-10-20T08:30:55.000Z,2.252,2,"",M,61.312,2,"",M,6.000,2,"",N,NaN,,,M,NaN,,,M,NaN,,,M,NaN,,,M,NaN,,,0,NaN,,,0,NaN,,,M,NaN,,,NaN,,,NaN,,,NaN,,
2024-10-20T08:35:25.000Z,2.252,2,"",M,61.312,2,"",M,6.000,2,"",N,NaN,,,M,NaN,,,M,NaN,,,M,NaN,,,M,NaN,,,0,NaN,,,0,NaN,,,M,NaN,,,NaN,,,NaN,,,NaN,,
2024-10-20T08:37:15.000Z,2.252,2,"",M,61.312,2,"",M,6.000,2,"",N,NaN,,,M,NaN,,,M,NaN,,,M,NaN,,,M,NaN,,,0,NaN,,,0,NaN,,,M,NaN,,,NaN,,,NaN,,,NaN,,
2024-10-20T08:39:04.000Z,2.252,2,"",M,61.312,2,"",M,6.000,2,"",N,NaN,,,M,NaN,,,M,NaN,,,M,NaN,,,M,NaN,,,0,NaN,,,0,NaN,,,M,NaN,,,NaN,,,NaN,,,NaN,,
2024-10-20T08:43:34.000Z,2.252,2,"",M,61.312,2,"",M,6.000,2,"",N,NaN,,,M,NaN,,,M,NaN,,,M,NaN,,,M,NaN,,,0,NaN,,,0,NaN,,,M,NaN,,,NaN,,,NaN,,,NaN,,
2024-10-20T08:45:24.000Z,2.252,2,"",M,61.312,2,"",M,6.000,2,"",N,NaN,,,M,NaN,,,M,NaN,,,M,NaN,,,M,NaN,,,0,NaN,,,0,NaN,,,M,NaN,,,NaN,,,NaN,,,NaN,,
2024-10-20T08:47:14.000Z,2.252,2,"",M,61.312,2,"",M,6.000,2,"",N,NaN,,,M,NaN,,,M,NaN,,,M,NaN,,,M,NaN,,,0,NaN,,,0,NaN,,,M,NaN,,,NaN,,,NaN,,,NaN,,
2024-10-20T08:51:44.000Z,2.252,2,"",M,61.312,2,"",M,6.000,2,"",N,10.861,2,"",M,35.085,2,"",M,NaN,,,M,NaN,,,M,NaN,,,0,424.288,4,"Electronic problems with the system and cannot trust the xCO2 data",M,1005.100,2,"",M,NaN,,,NaN,,,416.550,4,"xCO₂ (with standards) Electronic problems with the system and cannot trust the xCO2 data",414.973,4,"xCO₂ (with standards) Electronic problems with the system and cannot trust the xCO2 data"
2024-10-20T08:53:33.000Z,2.252,2,"",M,61.312,2,"",M,6.000,2,"",N,10.864,2,"",M,35.088,2,"",M,NaN,,,M,NaN,,,M,NaN,,,0,424.511,4,"Electronic problems with the system and cannot trust the xCO2 data",M,1005.200,2,"",M,NaN,,,NaN,,,416.810,4,"xCO₂ (with standards) Electronic problems with the system and cannot trust the xCO2 data",415.231,4,"xCO₂ (with standards) Electronic problems with the system and cannot trust the xCO2 data"
2024-10-20T08:55:23.000Z,2.252,2,"",M,61.312,2,"",M,6.000,2,"",N,10.863,2,"",M,35.085,2,"",M,NaN,,,M,NaN,,,M,NaN,,,0,424.634,4,"Electronic problems with the system and cannot trust the xCO2 data",M,1005.000,2,"",M,NaN,,,NaN,,,416.847,4,"xCO₂ (with standards) Electronic problems with the system and cannot trust the xCO2 data",415.268,4,"xCO₂ (with standards) Electronic problems with the system and cannot trust the xCO2 data"
2024-10-20T08:57:13.000Z,2.252,2,"",M,61.312,2,"",M,6.000,2,"",N,10.866,2,"",M,35.086,2,"",M,NaN,,,M,NaN,,,M,NaN,,,0,424.306,4,"Electronic problems with the system and cannot trust the xCO2 data",M,1005.000,2,"",M,NaN,,,NaN,,,416.524,4,"xCO₂ (with standards) Electronic problems with the system and cannot trust the xCO2 data",414.947,4,"xCO₂ (with standards) Electronic problems with the system and cannot trust the xCO2 data"
2024-10-20T08:59:02.000Z,2.252,2,"",M,61.312,2,"",M,6.000,2,"",N,10.863,2,"",M,35.084,2,"",M,NaN,,,M,NaN,,,M,NaN,,,0,424.479,4,"Electronic problems with the system and cannot trust the xCO2 data",M,1005.000,2,"",M,NaN,,,NaN,,,416.695,4,"xCO₂ (with standards) Electronic problems with the system and cannot trust the xCO2 data",415.117,4,"xCO₂ (with standards) Electronic problems with the system and cannot trust the xCO2 data"
2024-10-20T09:04:12.000Z,2.252,2,"",M,61.312,2,"",M,6.000,2,"",N,10.864,2,"",M,35.082,2,"",M,11.270,2,"",M,1005.860,2,"",M,388.195,4,"Electronic problems with the system and cannot trust the xCO2 data",M,NaN,,,0,NaN,,,M,373.871,4,"xCO₂ (with standards) Electronic problems with the system and cannot trust the xCO2 data",372.465,4,"xCO₂ (with standards) Electronic problems with the system and cannot trust the xCO2 data",NaN,,,NaN,,
2024-10-20T09:12:42.000Z,2.252,2,"",M,61.312,2,"",M,6.000,2,"",N,NaN,,,M,NaN,,,M,NaN,,,M,NaN,,,M,NaN,,,0,NaN,,,0,NaN,,,M,NaN,,,NaN,,,NaN,,,NaN,,
2024-10-20T09:17:12.000Z,2.252,2,"",M,61.312,2,"",M,6.000,2,"",N,NaN,,,M,NaN,,,M,NaN,,,M,NaN,,,M,NaN,,,0,NaN,,,0,NaN,,,M,NaN,,,NaN,,,NaN,,,NaN,,
2024-10-20T09:21:41.000Z,2.252,2,"",M,61.312,2,"",M,6.000,2,"",N,NaN,,,M,NaN,,,M,NaN,,,M,NaN,,,M,NaN,,,0,NaN,,,0,NaN,,,M,NaN,,,NaN,,,NaN,,,NaN,,
2024-10-20T09:23:31.000Z,2.252,2,"",M,61.312,2,"",M,6.000,2,"",N,NaN,,,M,NaN,,,M,NaN,,,M,NaN,,,M,NaN,,,0,NaN,,,0,NaN,,,M,NaN,,,NaN,,,NaN,,,NaN,,
2024-10-20T09:25:21.000Z,2.252,2,"",M,61.312,2,"",M,6.000,2,"",N,NaN,,,M,NaN,,,M,NaN,,,M,NaN,,,M,NaN,,,0,NaN,,,0,NaN,,,M,NaN,,,NaN,,,NaN,,,NaN,,
2024-10-20T09:29:51.000Z,2.252,2,"",M,61.312,2,"",M,6.000,2,"",N,NaN,,,M,NaN,,,M,NaN,,,M,NaN,,,M,NaN,,,0,NaN,,,0,NaN,,,M,NaN,,,NaN,,,NaN,,,NaN,,
2024-10-20T09:31:40.000Z,2.252,2,"",M,61.312,2,"",M,6.000,2,"",N,NaN,,,M,NaN,,,M,NaN,,,M,NaN,,,M,NaN,,,0,NaN,,,0,NaN,,,M,NaN,,,NaN,,,NaN,,,NaN,,
2024-10-20T09:33:30.000Z,2.252,2,"",M,61.312,2,"",M,6.000,2,"",N,NaN,,,M,NaN,,,M,NaN,,,M,NaN,,,M,NaN,,,0,NaN,,,0,NaN,,,M,NaN,,,NaN,,,NaN,,,NaN,,
2024-10-20T09:38:00.000Z,2.252,2,"",M,61.312,2,"",M,6.000,2,"",N,NaN,,,M,NaN,,,M,NaN,,,M,NaN,,,M,NaN,,,0,NaN,,,0,NaN,,,M,NaN,,,NaN,,,NaN,,,NaN,,
2024-10-20T09:39:49.000Z,2.252,2,"",M,61.312,2,"",M,6.000,2,"",N,NaN,,,M,NaN,,,M,NaN,,,M,NaN,,,M,NaN,,,0,NaN,,,0,NaN,,,M,NaN,,,NaN,,,NaN,,,NaN,,
2024-10-20T09:41:39.000Z,2.252,2,"",M,61.312,2,"",M,6.000,2,"",N,NaN,,,M,NaN,,,M,NaN,,,M,NaN,,,M,NaN,,,0,NaN,,,0,NaN,,,M,NaN,,,NaN,,,NaN,,,NaN,,
2024-10-20T09:46:10.000Z,2.252,2,"",M,61.312,2,"",M,6.000,2,"",N,10.856,2,"",M,35.089,2,"",M,NaN,,,M,NaN,,,M,NaN,,,0,423.513,4,"Electronic problems with the system and cannot trust the xCO2 data",M,1003.800,2,"",M,NaN,,,NaN,,,415.246,4,"xCO₂ (with standards) Electronic problems with the system and cannot trust the xCO2 data",413.676,4,"xCO₂ (with standards) Electronic problems with the system and cannot trust the xCO2 data"
2024-10-20T09:47:59.000Z,2.252,2,"",M,61.312,2,"",M,6.000,2,"",N,10.854,2,"",M,35.090,2,"",M,NaN,,,M,NaN,,,M,NaN,,,0,423.550,4,"Electronic problems with the system and cannot trust the xCO2 data",M,1003.800,2,"",M,NaN,,,NaN,,,415.283,4,"xCO₂ (with standards) Electronic problems with the system and cannot trust the xCO2 data",413.712,4,"xCO₂ (with standards) Electronic problems with the system and cannot trust the xCO2 data"
2024-10-20T09:49:48.000Z,2.252,2,"",M,61.312,2,"",M,6.000,2,"",N,10.853,2,"",M,35.089,2,"",M,NaN,,,M,NaN,,,M,NaN,,,0,423.936,4,"Electronic problems with the system and cannot trust the xCO2 data",M,1004.000,2,"",M,NaN,,,NaN,,,415.746,4,"xCO₂ (with standards) Electronic problems with the system and cannot trust the xCO2 data",414.173,4,"xCO₂ (with standards) Electronic problems with the system and cannot trust the xCO2 data"
2024-10-20T09:51:38.000Z,2.252,2,"",M,61.312,2,"",M,6.000,2,"",N,10.854,2,"",M,35.089,2,"",M,NaN,,,M,NaN,,,M,NaN,,,0,423.622,4,"Electronic problems with the system and cannot trust the xCO2 data",M,1003.800,2,"",M,NaN,,,NaN,,,415.354,4,"xCO₂ (with standards) Electronic problems with the system and cannot trust the xCO2 data",413.783,4,"xCO₂ (with standards) Electronic problems with the system and cannot trust the xCO2 data"
2024-10-20T09:53:28.000Z,2.252,2,"",M,61.312,2,"",M,6.000,2,"",N,10.853,2,"",M,35.090,2,"",M,NaN,,,M,NaN,,,M,NaN,,,0,423.789,4,"Electronic problems with the system and cannot trust the xCO2 data",M,1003.800,2,"",M,NaN,,,NaN,,,415.518,4,"xCO₂ (with standards) Electronic problems with the system and cannot trust the xCO2 data",413.946,4,"xCO₂ (with standards) Electronic problems with the system and cannot trust the xCO2 data"
2024-10-20T09:58:38.000Z,2.252,2,"",M,61.312,2,"",M,6.000,2,"",N,10.846,2,"",M,35.092,2,"",M,11.260,2,"",M,1005.140,2,"",M,388.720,4,"Electronic problems with the system and cannot trust the xCO2 data",M,NaN,,,0,NaN,,,M,373.980,4,"xCO₂ (with standards) Electronic problems with the system and cannot trust the xCO2 data",372.574,4,"xCO₂ (with standards) Electronic problems with the system and cannot trust the xCO2 data",NaN,,,NaN,,
2024-10-20T10:07:08.000Z,2.252,2,"",M,61.312,2,"",M,6.000,2,"",N,NaN,,,M,NaN,,,M,NaN,,,M,NaN,,,M,NaN,,,0,NaN,,,0,NaN,,,M,NaN,,,NaN,,,NaN,,,NaN,,
2024-10-20T10:11:37.000Z,2.250,2,"",M,61.312,2,"",M,6.000,2,"",N,NaN,,,M,NaN,,,M,NaN,,,M,NaN,,,M,NaN,,,0,NaN,,,0,NaN,,,M,NaN,,,NaN,,,NaN,,,NaN,,
2024-10-20T10:16:07.000Z,2.245,2,"",M,61.305,2,"",M,6.000,2,"",N,NaN,,,M,NaN,,,M,NaN,,,M,NaN,,,M,NaN,,,0,NaN,,,0,NaN,,,M,NaN,,,NaN,,,NaN,,,NaN,,
2024-10-20T10:17:57.000Z,2.249,2,"",M,61.301,2,"",M,6.000,2,"",N,NaN,,,M,NaN,,,M,NaN,,,M,NaN,,,M,NaN,,,0,NaN,,,0,NaN,,,M,NaN,,,NaN,,,NaN,,,NaN,,
2024-10-20T10:19:46.000Z,2.254,2,"",M,61.297,2,"",M,6.000,2,"",N,NaN,,,M,NaN,,,M,NaN,,,M,NaN,,,M,NaN,,,0,NaN,,,0,NaN,,,M,NaN,,,NaN,,,NaN,,,NaN,,
2024-10-20T10:24:16.000Z,2.264,2,"",M,61.287,2,"",M,6.000,2,"",N,NaN,,,M,NaN,,,M,NaN,,,M,NaN,,,M,NaN,,,0,NaN,,,0,NaN,,,M,NaN,,,NaN,,,NaN,,,NaN,,
2024-10-20T10:26:06.000Z,2.268,2,"",M,61.282,2,"",M,6.000,2,"",N,NaN,,,M,NaN,,,M,NaN,,,M,NaN,,,M,NaN,,,0,NaN,,,0,NaN,,,M,NaN,,,NaN,,,NaN,,,NaN,,
2024-10-20T10:27:56.000Z,2.272,2,"",M,61.278,2,"",M,6.000,2,"",N,NaN,,,M,NaN,,,M,NaN,,,M,NaN,,,M,NaN,,,0,NaN,,,0,NaN,,,M,NaN,,,NaN,,,NaN,,,NaN,,
2024-10-20T10:32:26.000Z,2.281,2,"",M,61.267,2,"",M,6.000,2,"",N,NaN,,,M,NaN,,,M,NaN,,,M,NaN,,,M,NaN,,,0,NaN,,,0,NaN,,,M,NaN,,,NaN,,,NaN,,,NaN,,
2024-10-20T10:34:15.000Z,2.284,2,"",M,61.263,2,"",M,6.000,2,"",N,NaN,,,M,NaN,,,M,NaN,,,M,NaN,,,M,NaN,,,0,NaN,,,0,NaN,,,M,NaN,,,NaN,,,NaN,,,NaN,,
2024-10-20T10:36:05.000Z,2.288,2,"",M,61.259,2,"",M,6.000,2,"",N,NaN,,,M,NaN,,,M,NaN,,,M,NaN,,,M,NaN,,,0,NaN,,,0,NaN,,,M,NaN,,,NaN,,,NaN,,,NaN,,
2024-10-20T10:40:35.000Z,2.296,2,"",M,61.248,2,"",M,6.000,2,"",N,10.958,2,"",M,34.967,2,"",M,NaN,,,M,NaN,,,M,NaN,,,0,423.444,4,"Electronic problems with the system and cannot trust the xCO2 data",M,1003.100,2,"",M,NaN,,,NaN,,,414.848,4,"xCO₂ (with standards) Electronic problems with the system and cannot trust the xCO2 data",413.282,4,"xCO₂ (with standards) Electronic problems with the system and cannot trust the xCO2 data"
2024-10-20T10:42:24.000Z,2.299,2,"",M,61.243,2,"",M,6.000,2,"",N,10.963,2,"",M,34.970,2,"",M,NaN,,,M,NaN,,,M,NaN,,,0,423.810,4,"Electronic problems with the system and cannot trust the xCO2 data",M,1002.800,2,"",M,NaN,,,NaN,,,415.080,4,"xCO₂ (with standards) Electronic problems with the system and cannot trust the xCO2 data",413.513,4,"xCO₂ (with standards) Electronic problems with the system and cannot trust the xCO2 data"
2024-10-20T10:44:14.000Z,2.301,2,"",M,61.239,2,"",M,6.000,2,"",N,10.966,2,"",M,34.972,2,"",M,NaN,,,M,NaN,,,M,NaN,,,0,423.837,4,"Electronic problems with the system and cannot trust the xCO2 data",M,1002.800,2,"",M,NaN,,,NaN,,,415.105,4,"xCO₂ (with standards) Electronic problems with the system and cannot trust the xCO2 data",413.538,4,"xCO₂ (with standards) Electronic problems with the system and cannot trust the xCO2 data"
2024-10-20T10:46:04.000Z,2.305,2,"",M,61.238,2,"",M,6.000,2,"",N,10.970,2,"",M,34.974,2,"",M,NaN,,,M,NaN,,,M,NaN,,,0,423.893,4,"Electronic problems with the system and cannot trust the xCO2 data",M,1002.600,2,"",M,NaN,,,NaN,,,415.074,4,"xCO₂ (with standards) Electronic problems with the system and cannot trust the xCO2 data",413.508,4,"xCO₂ (with standards) Electronic problems with the system and cannot trust the xCO2 data"
2024-10-20T10:47:54.000Z,2.308,2,"",M,61.239,2,"",M,6.000,2,"",N,10.972,2,"",M,34.974,2,"",M,NaN,,,M,NaN,,,M,NaN,,,0,423.609,4,"Electronic problems with the system and cannot trust the xCO2 data",M,1003.200,2,"",M,NaN,,,NaN,,,415.047,4,"xCO₂ (with standards) Electronic problems with the system and cannot trust the xCO2 data",413.480,4,"xCO₂ (with standards) Electronic problems with the system and cannot trust the xCO2 data"
2024-10-20T10:53:04.000Z,2.303,2,"",M,61.248,2,"",M,6.000,2,"",N,10.961,2,"",M,34.970,2,"",M,11.370,2,"",M,1004.330,2,"",M,381.165,4,"Electronic problems with the system and cannot trust the xCO2 data",M,NaN,,,0,NaN,,,M,366.461,4,"xCO₂ (with standards) Electronic problems with the system and cannot trust the xCO2 data",365.086,4,"xCO₂ (with standards) Electronic problems with the system and cannot trust the xCO2 data",NaN,,,NaN,,
2024-10-20T11:01:32.000Z,2.294,2,"",M,61.266,2,"",M,6.000,2,"",N,NaN,,,M,NaN,,,M,NaN,,,M,NaN,,,M,NaN,,,0,NaN,,,0,NaN,,,M,NaN,,,NaN,,,NaN,,,NaN,,
2024-10-20T11:06:02.000Z,2.289,2,"",M,61.276,2,"",M,6.000,2,"",N,NaN,,,M,NaN,,,M,NaN,,,M,NaN,,,M,NaN,,,0,NaN,,,0,NaN,,,M,NaN,,,NaN,,,NaN,,,NaN,,
2024-10-20T11:10:32.000Z,2.284,2,"",M,61.286,2,"",M,6.000,2,"",N,NaN,,,M,NaN,,,M,NaN,,,M,NaN,,,M,NaN,,,0,NaN,,,0,NaN,,,M,NaN,,,NaN,,,NaN,,,NaN,,
2024-10-20T11:12:21.000Z,2.282,2,"",M,61.290,2,"",M,6.000,2,"",N,NaN,,,M,NaN,,,M,NaN,,,M,NaN,,,M,NaN,,,0,NaN,,,0,NaN,,,M,NaN,,,NaN,,,NaN,,,NaN,,
2024-10-20T11:14:11.000Z,2.279,2,"",M,61.294,2,"",M,6.000,2,"",N,NaN,,,M,NaN,,,M,NaN,,,M,NaN,,,M,NaN,,,0,NaN,,,0,NaN,,,M,NaN,,,NaN,,,NaN,,,NaN,,
2024-10-20T11:18:41.000Z,2.274,2,"",M,61.303,2,"",M,6.000,2,"",N,NaN,,,M,NaN,,,M,NaN,,,M,NaN,,,M,NaN,,,0,NaN,,,0,NaN,,,M,NaN,,,NaN,,,NaN,,,NaN,,
2024-10-20T11:20:30.000Z,2.273,2,"",M,61.307,2,"",M,6.000,2,"",N,NaN,,,M,NaN,,,M,NaN,,,M,NaN,,,M,NaN,,,0,NaN,,,0,NaN,,,M,NaN,,,NaN,,,NaN,,,NaN,,
2024-10-20T11:22:20.000Z,2.270,2,"",M,61.311,2,"",M,6.000,2,"",N,NaN,,,M,NaN,,,M,NaN,,,M,NaN,,,M,NaN,,,0,NaN,,,0,NaN,,,M,NaN,,,NaN,,,NaN,,,NaN,,
2024-10-20T11:26:50.000Z,2.265,2,"",M,61.321,2,"",M,6.000,2,"",N,NaN,,,M,NaN,,,M,NaN,,,M,NaN,,,M,NaN,,,0,NaN,,,0,NaN,,,M,NaN,,,NaN,,,NaN,,,NaN,,
2024-10-20T11:28:40.000Z,2.263,2,"",M,61.325,2,"",M,6.000,2,"",N,NaN,,,M,NaN,,,M,NaN,,,M,NaN,,,M,NaN,,,0,NaN,,,0,NaN,,,M,NaN,,,NaN,,,NaN,,,NaN,,
2024-10-20T11:30:30.000Z,2.261,2,"",M,61.329,2,"",M,6.000,2,"",N,NaN,,,M,NaN,,,M,NaN,,,M,NaN,,,M,NaN,,,0,NaN,,,0,NaN,,,M,NaN,,,NaN,,,NaN,,,NaN,,
2024-10-20T11:34:59.000Z,2.256,2,"",M,61.338,2,"",M,6.000,2,"",N,10.582,2,"",M,35.200,2,"",M,NaN,,,M,NaN,,,M,NaN,,,0,423.752,4,"Electronic problems with the system and cannot trust the xCO2 data",M,1002.300,2,"",M,NaN,,,NaN,,,414.949,4,"xCO₂ (with standards) Electronic problems with the system and cannot trust the xCO2 data",413.376,4,"xCO₂ (with standards) Electronic problems with the system and cannot trust the xCO2 data"
2024-10-20T11:36:49.000Z,2.253,2,"",M,61.342,2,"",M,6.000,2,"",N,10.578,2,"",M,35.194,2,"",M,NaN,,,M,NaN,,,M,NaN,,,0,423.422,4,"Electronic problems with the system and cannot trust the xCO2 data",M,1002.300,2,"",M,NaN,,,NaN,,,414.627,4,"xCO₂ (with standards) Electronic problems with the system and cannot trust the xCO2 data",413.056,4,"xCO₂ (with standards) Electronic problems with the system and cannot trust the xCO2 data"
2024-10-20T11:38:39.000Z,2.251,2,"",M,61.346,2,"",M,6.000,2,"",N,10.577,2,"",M,35.187,2,"",M,NaN,,,M,NaN,,,M,NaN,,,0,423.492,4,"Electronic problems with the system and cannot trust the xCO2 data",M,1002.100,2,"",M,NaN,,,NaN,,,414.613,4,"xCO₂ (with standards) Electronic problems with the system and cannot trust the xCO2 data",413.041,4,"xCO₂ (with standards) Electronic problems with the system and cannot trust the xCO2 data"
2024-10-20T11:40:28.000Z,2.250,2,"",M,61.350,2,"",M,6.000,2,"",N,10.581,2,"",M,35.182,2,"",M,NaN,,,M,NaN,,,M,NaN,,,0,423.582,4,"Electronic problems with the system and cannot trust the xCO2 data",M,1001.900,2,"",M,NaN,,,NaN,,,414.615,4,"xCO₂ (with standards) Electronic problems with the system and cannot trust the xCO2 data",413.044,4,"xCO₂ (with standards) Electronic problems with the system and cannot trust the xCO2 data"
2024-10-20T11:42:18.000Z,2.248,2,"",M,61.354,2,"",M,6.000,2,"",N,10.579,2,"",M,35.182,2,"",M,NaN,,,M,NaN,,,M,NaN,,,0,423.282,4,"Electronic problems with the system and cannot trust the xCO2 data",M,1001.900,2,"",M,NaN,,,NaN,,,414.323,4,"xCO₂ (with standards) Electronic problems with the system and cannot trust the xCO2 data",412.753,4,"xCO₂ (with standards) Electronic problems with the system and cannot trust the xCO2 data"
2024-10-20T11:47:28.000Z,2.242,2,"",M,61.365,2,"",M,6.000,2,"",N,10.580,2,"",M,35.182,2,"",M,11.000,2,"",M,1002.430,2,"",M,394.333,4,"Electronic problems with the system and cannot trust the xCO2 data",M,NaN,,,0,NaN,,,M,378.337,4,"xCO₂ (with standards) Electronic problems with the system and cannot trust the xCO2 data",376.914,4,"xCO₂ (with standards) Electronic problems with the system and cannot trust the xCO2 data",NaN,,,NaN,,
2024-10-20T11:55:58.000Z,2.233,2,"",M,61.383,2,"",M,6.000,2,"",N,NaN,,,M,NaN,,,M,NaN,,,M,NaN,,,M,NaN,,,0,NaN,,,0,NaN,,,M,NaN,,,NaN,,,NaN,,,NaN,,
2024-10-20T12:00:28.000Z,2.229,2,"",M,61.393,2,"",M,6.000,2,"",N,NaN,,,M,NaN,,,M,NaN,,,M,NaN,,,M,NaN,,,0,NaN,,,0,NaN,,,M,NaN,,,NaN,,,NaN,,,NaN,,
2024-10-20T12:04:57.000Z,2.225,2,"",M,61.403,2,"",M,6.000,2,"",N,NaN,,,M,NaN,,,M,NaN,,,M,NaN,,,M,NaN,,,0,NaN,,,0,NaN,,,M,NaN,,,NaN,,,NaN,,,NaN,,
2024-10-20T12:06:47.000Z,2.223,2,"",M,61.406,2,"",M,6.000,2,"",N,NaN,,,M,NaN,,,M,NaN,,,M,NaN,,,M,NaN,,,0,NaN,,,0,NaN,,,M,NaN,,,NaN,,,NaN,,,NaN,,
2024-10-20T12:08:37.000Z,2.222,2,"",M,61.410,2,"",M,6.000,2,"",N,NaN,,,M,NaN,,,M,NaN,,,M,NaN,,,M,NaN,,,0,NaN,,,0,NaN,,,M,NaN,,,NaN,,,NaN,,,NaN,,
2024-10-20T12:13:07.000Z,2.217,2,"",M,61.420,2,"",M,6.000,2,"",N,NaN,,,M,NaN,,,M,NaN,,,M,NaN,,,M,NaN,,,0,NaN,,,0,NaN,,,M,NaN,,,NaN,,,NaN,,,NaN,,
2024-10-20T12:14:56.000Z,2.215,2,"",M,61.424,2,"",M,6.000,2,"",N,NaN,,,M,NaN,,,M,NaN,,,M,NaN,,,M,NaN,,,0,NaN,,,0,NaN,,,M,NaN,,,NaN,,,NaN,,,NaN,,
2024-10-20T12:16:46.000Z,2.213,2,"",M,61.428,2,"",M,6.000,2,"",N,NaN,,,M,NaN,,,M,NaN,,,M,NaN,,,M,NaN,,,0,NaN,,,0,NaN,,,M,NaN,,,NaN,,,NaN,,,NaN,,
2024-10-20T12:21:16.000Z,2.224,2,"",M,61.430,2,"",M,6.000,2,"",N,NaN,,,M,NaN,,,M,NaN,,,M,NaN,,,M,NaN,,,0,NaN,,,0,NaN,,,M,NaN,,,NaN,,,NaN,,,NaN,,
2024-10-20T12:23:05.000Z,2.232,2,"",M,61.429,2,"",M,6.000,2,"",N,NaN,,,M,NaN,,,M,NaN,,,M,NaN,,,M,NaN,,,0,NaN,,,0,NaN,,,M,NaN,,,NaN,,,NaN,,,NaN,,
2024-10-20T12:24:55.000Z,2.242,2,"",M,61.428,2,"",M,6.000,2,"",N,NaN,,,M,NaN,,,M,NaN,,,M,NaN,,,M,NaN,,,0,NaN,,,0,NaN,,,M,NaN,,,NaN,,,NaN,,,NaN,,
2024-10-20T12:29:25.000Z,2.266,2,"",M,61.426,2,"",M,6.000,2,"",N,10.528,2,"",M,35.163,2,"",M,NaN,,,M,NaN,,,M,NaN,,,0,424.100,4,"Electronic problems with the system and cannot trust the xCO2 data",M,1000.200,2,"",M,NaN,,,NaN,,,414.428,4,"xCO₂ (with standards) Electronic problems with the system and cannot trust the xCO2 data",412.859,4,"xCO₂ (with standards) Electronic problems with the system and cannot trust the xCO2 data"
2024-10-20T12:31:15.000Z,2.275,2,"",M,61.425,2,"",M,6.000,2,"",N,10.519,2,"",M,35.171,2,"",M,NaN,,,M,NaN,,,M,NaN,,,0,424.017,4,"Electronic problems with the system and cannot trust the xCO2 data",M,1000.100,2,"",M,NaN,,,NaN,,,414.308,4,"xCO₂ (with standards) Electronic problems with the system and cannot trust the xCO2 data",412.740,4,"xCO₂ (with standards) Electronic problems with the system and cannot trust the xCO2 data"
2024-10-20T12:33:04.000Z,2.285,2,"",M,61.424,2,"",M,6.000,2,"",N,10.520,2,"",M,35.147,2,"",M,NaN,,,M,NaN,,,M,NaN,,,0,423.854,4,"Electronic problems with the system and cannot trust the xCO2 data",M,1000.100,2,"",M,NaN,,,NaN,,,414.149,4,"xCO₂ (with standards) Electronic problems with the system and cannot trust the xCO2 data",412.581,4,"xCO₂ (with standards) Electronic problems with the system and cannot trust the xCO2 data"
2024-10-20T12:34:54.000Z,2.295,2,"",M,61.423,2,"",M,6.000,2,"",N,10.524,2,"",M,35.128,2,"",M,NaN,,,M,NaN,,,M,NaN,,,0,423.622,4,"Electronic problems with the system and cannot trust the xCO2 data",M,1000.000,2,"",M,NaN,,,NaN,,,413.878,4,"xCO₂ (with standards) Electronic problems with the system and cannot trust the xCO2 data",412.311,4,"xCO₂ (with standards) Electronic problems with the system and cannot trust the xCO2 data"
2024-10-20T12:36:44.000Z,2.305,2,"",M,61.422,2,"",M,6.000,2,"",N,10.521,2,"",M,35.127,2,"",M,NaN,,,M,NaN,,,M,NaN,,,0,423.609,4,"Electronic problems with the system and cannot trust the xCO2 data",M,1000.000,2,"",M,NaN,,,NaN,,,413.867,4,"xCO₂ (with standards) Electronic problems with the system and cannot trust the xCO2 data",412.300,4,"xCO₂ (with standards) Electronic problems with the system and cannot trust the xCO2 data"
2024-10-20T12:41:54.000Z,2.331,2,"",M,61.419,2,"",M,6.000,2,"",N,10.463,2,"",M,35.139,2,"",M,10.910,2,"",M,1001.920,2,"",M,397.951,4,"Electronic problems with the system and cannot trust the xCO2 data",M,NaN,,,0,NaN,,,M,381.198,4,"xCO₂ (with standards) Electronic problems with the system and cannot trust the xCO2 data",379.763,4,"xCO₂ (with standards) Electronic problems with the system and cannot trust the xCO2 data",NaN,,,NaN,,
2024-10-20T12:50:24.000Z,2.375,2,"",M,61.414,2,"",M,6.000,2,"",N,NaN,,,M,NaN,,,M,NaN,,,M,NaN,,,M,NaN,,,0,NaN,,,0,NaN,,,M,NaN,,,NaN,,,NaN,,,NaN,,
2024-10-20T12:54:53.000Z,2.400,2,"",M,61.413,2,"",M,6.000,2,"",N,NaN,,,M,NaN,,,M,NaN,,,M,NaN,,,M,NaN,,,0,NaN,,,0,NaN,,,M,NaN,,,NaN,,,NaN,,,NaN,,
2024-10-20T12:59:23.000Z,2.425,2,"",M,61.411,2,"",M,6.000,2,"",N,NaN,,,M,NaN,,,M,NaN,,,M,NaN,,,M,NaN,,,0,NaN,,,0,NaN,,,M,NaN,,,NaN,,,NaN,,,NaN,,
2024-10-20T13:01:13.000Z,2.435,2,"",M,61.410,2,"",M,6.000,2,"",N,NaN,,,M,NaN,,,M,NaN,,,M,NaN,,,M,NaN,,,0,NaN,,,0,NaN,,,M,NaN,,,NaN,,,NaN,,,NaN,,
2024-10-20T13:03:02.000Z,2.445,2,"",M,61.410,2,"",M,6.000,2,"",N,NaN,,,M,NaN,,,M,NaN,,,M,NaN,,,M,NaN,,,0,NaN,,,0,NaN,,,M,NaN,,,NaN,,,NaN,,,NaN,,
2024-10-20T13:07:32.000Z,2.470,2,"",M,61.408,2,"",M,6.000,2,"",N,NaN,,,M,NaN,,,M,NaN,,,M,NaN,,,M,NaN,,,0,NaN,,,0,NaN,,,M,NaN,,,NaN,,,NaN,,,NaN,,
2024-10-20T13:09:22.000Z,2.480,2,"",M,61.407,2,"",M,6.000,2,"",N,NaN,,,M,NaN,,,M,NaN,,,M,NaN,,,M,NaN,,,0,NaN,,,0,NaN,,,M,NaN,,,NaN,,,NaN,,,NaN,,
2024-10-20T13:11:12.000Z,2.491,2,"",M,61.407,2,"",M,6.000,2,"",N,NaN,,,M,NaN,,,M,NaN,,,M,NaN,,,M,NaN,,,0,NaN,,,0,NaN,,,M,NaN,,,NaN,,,NaN,,,NaN,,
2024-10-20T13:15:41.000Z,2.516,2,"",M,61.404,2,"",M,6.000,2,"",N,NaN,,,M,NaN,,,M,NaN,,,M,NaN,,,M,NaN,,,0,NaN,,,0,NaN,,,M,NaN,,,NaN,,,NaN,,,NaN,,
2024-10-20T13:17:31.000Z,2.526,2,"",M,61.404,2,"",M,6.000,2,"",N,NaN,,,M,NaN,,,M,NaN,,,M,NaN,,,M,NaN,,,0,NaN,,,0,NaN,,,M,NaN,,,NaN,,,NaN,,,NaN,,
2024-10-20T13:19:21.000Z,2.536,2,"",M,61.403,2,"",M,6.000,2,"",N,NaN,,,M,NaN,,,M,NaN,,,M,NaN,,,M,NaN,,,0,NaN,,,0,NaN,,,M,NaN,,,NaN,,,NaN,,,NaN,,
2024-10-20T13:23:51.000Z,2.561,2,"",M,61.401,2,"",M,6.000,2,"",N,10.562,2,"",M,35.117,2,"",M,NaN,,,M,NaN,,,M,NaN,,,0,422.750,4,"Electronic problems with the system and cannot trust the xCO2 data",M,999.600,2,"",M,NaN,,,NaN,,,412.846,4,"xCO₂ (with standards) Electronic problems with the system and cannot trust the xCO2 data",411.284,4,"xCO₂ (with standards) Electronic problems with the system and cannot trust the xCO2 data"
2024-10-20T13:25:40.000Z,2.571,2,"",M,61.400,2,"",M,6.000,2,"",N,10.553,2,"",M,35.106,2,"",M,NaN,,,M,NaN,,,M,NaN,,,0,423.068,4,"Electronic problems with the system and cannot trust the xCO2 data",M,999.400,2,"",M,NaN,,,NaN,,,413.076,4,"xCO₂ (with standards) Electronic problems with the system and cannot trust the xCO2 data",411.514,4,"xCO₂ (with standards) Electronic problems with the system and cannot trust the xCO2 data"
2024-10-20T13:27:30.000Z,2.581,2,"",M,61.399,2,"",M,6.000,2,"",N,10.541,2,"",M,35.112,2,"",M,NaN,,,M,NaN,,,M,NaN,,,0,422.917,4,"Electronic problems with the system and cannot trust the xCO2 data",M,999.300,2,"",M,NaN,,,NaN,,,412.891,4,"xCO₂ (with standards) Electronic problems with the system and cannot trust the xCO2 data",411.330,4,"xCO₂ (with standards) Electronic problems with the system and cannot trust the xCO2 data"
2024-10-20T13:29:20.000Z,2.591,2,"",M,61.398,2,"",M,6.000,2,"",N,10.533,2,"",M,35.117,2,"",M,NaN,,,M,NaN,,,M,NaN,,,0,422.936,4,"Electronic problems with the system and cannot trust the xCO2 data",M,999.100,2,"",M,NaN,,,NaN,,,412.829,4,"xCO₂ (with standards) Electronic problems with the system and cannot trust the xCO2 data",411.268,4,"xCO₂ (with standards) Electronic problems with the system and cannot trust the xCO2 data"
2024-10-20T13:31:10.000Z,2.601,2,"",M,61.398,2,"",M,6.000,2,"",N,10.533,2,"",M,35.114,2,"",M,NaN,,,M,NaN,,,M,NaN,,,0,422.915,4,"Electronic problems with the system and cannot trust the xCO2 data",M,999.200,2,"",M,NaN,,,NaN,,,412.850,4,"xCO₂ (with standards) Electronic problems with the system and cannot trust the xCO2 data",411.289,4,"xCO₂ (with standards) Electronic problems with the system and cannot trust the xCO2 data"
2024-10-20T13:36:20.000Z,2.630,2,"",M,61.396,2,"",M,6.000,2,"",N,10.526,2,"",M,35.115,2,"",M,10.950,2,"",M,1000.510,2,"",M,395.481,4,"Electronic problems with the system and cannot trust the xCO2 data",M,NaN,,,0,NaN,,,M,378.650,4,"xCO₂ (with standards) Electronic problems with the system and cannot trust the xCO2 data",377.227,4,"xCO₂ (with standards) Electronic problems with the system and cannot trust the xCO2 data",NaN,,,NaN,,
2024-10-20T13:44:49.000Z,2.680,2,"",M,61.394,2,"",M,6.000,2,"",N,NaN,,,M,NaN,,,M,NaN,,,M,NaN,,,M,NaN,,,0,NaN,,,0,NaN,,,M,NaN,,,NaN,,,NaN,,,NaN,,
2024-10-20T13:49:19.000Z,2.705,2,"",M,61.393,2,"",M,6.000,2,"",N,NaN,,,M,NaN,,,M,NaN,,,M,NaN,,,M,NaN,,,0,NaN,,,0,NaN,,,M,NaN,,,NaN,,,NaN,,,NaN,,
2024-10-20T13:53:49.000Z,2.731,2,"",M,61.391,2,"",M,6.000,2,"",N,NaN,,,M,NaN,,,M,NaN,,,M,NaN,,,M,NaN,,,0,NaN,,,0,NaN,,,M,NaN,,,NaN,,,NaN,,,NaN,,
2024-10-20T13:55:38.000Z,2.741,2,"",M,61.391,2,"",M,6.000,2,"",N,NaN,,,M,NaN,,,M,NaN,,,M,NaN,,,M,NaN,,,0,NaN,,,0,NaN,,,M,NaN,,,NaN,,,NaN,,,NaN,,
2024-10-20T13:57:28.000Z,2.751,2,"",M,61.390,2,"",M,6.000,2,"",N,NaN,,,M,NaN,,,M,NaN,,,M,NaN,,,M,NaN,,,0,NaN,,,0,NaN,,,M,NaN,,,NaN,,,NaN,,,NaN,,
2024-10-20T14:01:58.000Z,2.776,2,"",M,61.389,2,"",M,6.000,2,"",N,NaN,,,M,NaN,,,M,NaN,,,M,NaN,,,M,NaN,,,0,NaN,,,0,NaN,,,M,NaN,,,NaN,,,NaN,,,NaN,,
2024-10-20T14:03:47.000Z,2.786,2,"",M,61.388,2,"",M,6.000,2,"",N,NaN,,,M,NaN,,,M,NaN,,,M,NaN,,,M,NaN,,,0,NaN,,,0,NaN,,,M,NaN,,,NaN,,,NaN,,,NaN,,
2024-10-20T14:05:37.000Z,2.796,2,"",M,61.388,2,"",M,6.000,2,"",N,NaN,,,M,NaN,,,M,NaN,,,M,NaN,,,M,NaN,,,0,NaN,,,0,NaN,,,M,NaN,,,NaN,,,NaN,,,NaN,,
2024-10-20T14:10:07.000Z,2.820,2,"",M,61.386,2,"",M,6.000,2,"",N,NaN,,,M,NaN,,,M,NaN,,,M,NaN,,,M,NaN,,,0,NaN,,,0,NaN,,,M,NaN,,,NaN,,,NaN,,,NaN,,
2024-10-20T14:11:57.000Z,2.830,2,"",M,61.386,2,"",M,6.000,2,"",N,NaN,,,M,NaN,,,M,NaN,,,M,NaN,,,M,NaN,,,0,NaN,,,0,NaN,,,M,NaN,,,NaN,,,NaN,,,NaN,,
2024-10-20T14:13:47.000Z,2.840,2,"",M,61.385,2,"",M,6.000,2,"",N,NaN,,,M,NaN,,,M,NaN,,,M,NaN,,,M,NaN,,,0,NaN,,,0,NaN,,,M,NaN,,,NaN,,,NaN,,,NaN,,
2024-10-20T14:18:17.000Z,2.864,2,"",M,61.384,2,"",M,6.000,2,"",N,10.800,2,"",M,34.918,2,"",M,NaN,,,M,NaN,,,M,NaN,,,0,422.986,4,"Electronic problems with the system and cannot trust the xCO2 data",M,998.400,2,"",M,NaN,,,NaN,,,412.489,4,"xCO₂ (with standards) Electronic problems with the system and cannot trust the xCO2 data",410.936,4,"xCO₂ (with standards) Electronic problems with the system and cannot trust the xCO2 data"
2024-10-20T14:20:06.000Z,2.874,2,"",M,61.383,2,"",M,6.000,2,"",N,10.809,2,"",M,34.911,2,"",M,NaN,,,M,NaN,,,M,NaN,,,0,422.628,4,"Electronic problems with the system and cannot trust the xCO2 data",M,998.300,2,"",M,NaN,,,NaN,,,412.095,4,"xCO₂ (with standards) Electronic problems with the system and cannot trust the xCO2 data",410.544,4,"xCO₂ (with standards) Electronic problems with the system and cannot trust the xCO2 data"
2024-10-20T14:21:56.000Z,2.884,2,"",M,61.382,2,"",M,6.000,2,"",N,10.799,2,"",M,34.913,2,"",M,NaN,,,M,NaN,,,M,NaN,,,0,422.860,4,"Electronic problems with the system and cannot trust the xCO2 data",M,998.200,2,"",M,NaN,,,NaN,,,412.283,4,"xCO₂ (with standards) Electronic problems with the system and cannot trust the xCO2 data",410.731,4,"xCO₂ (with standards) Electronic problems with the system and cannot trust the xCO2 data"
2024-10-20T14:23:45.000Z,2.894,2,"",M,61.382,2,"",M,6.000,2,"",N,10.793,2,"",M,34.931,2,"",M,NaN,,,M,NaN,,,M,NaN,,,0,422.522,4,"Electronic problems with the system and cannot trust the xCO2 data",M,998.200,2,"",M,NaN,,,NaN,,,411.956,4,"xCO₂ (with standards) Electronic problems with the system and cannot trust the xCO2 data",410.405,4,"xCO₂ (with standards) Electronic problems with the system and cannot trust the xCO2 data"
2024-10-20T14:25:35.000Z,2.903,2,"",M,61.381,2,"",M,6.000,2,"",N,10.790,2,"",M,34.939,2,"",M,NaN,,,M,NaN,,,M,NaN,,,0,423.015,4,"Electronic problems with the system and cannot trust the xCO2 data",M,998.200,2,"",M,NaN,,,NaN,,,412.437,4,"xCO₂ (with standards) Electronic problems with the system and cannot trust the xCO2 data",410.884,4,"xCO₂ (with standards) Electronic problems with the system and cannot trust the xCO2 data"
2024-10-20T14:30:45.000Z,2.931,2,"",M,61.379,2,"",M,6.000,2,"",N,10.796,2,"",M,34.956,2,"",M,11.220,2,"",M,999.960,2,"",M,388.743,4,"Electronic problems with the system and cannot trust the xCO2 data",M,NaN,,,0,NaN,,,M,371.898,4,"xCO₂ (with standards) Electronic problems with the system and cannot trust the xCO2 data",370.506,4,"xCO₂ (with standards) Electronic problems with the system and cannot trust the xCO2 data",NaN,,,NaN,,
2024-10-20T14:39:15.000Z,2.977,2,"",M,61.376,2,"",M,6.000,2,"",N,NaN,,,M,NaN,,,M,NaN,,,M,NaN,,,M,NaN,,,0,NaN,,,0,NaN,,,M,NaN,,,NaN,,,NaN,,,NaN,,
2024-10-20T14:43:45.000Z,3.002,2,"",M,61.374,2,"",M,6.000,2,"",N,NaN,,,M,NaN,,,M,NaN,,,M,NaN,,,M,NaN,,,0,NaN,,,0,NaN,,,M,NaN,,,NaN,,,NaN,,,NaN,,
2024-10-20T14:48:14.000Z,3.027,2,"",M,61.373,2,"",M,6.000,2,"",N,NaN,,,M,NaN,,,M,NaN,,,M,NaN,,,M,NaN,,,0,NaN,,,0,NaN,,,M,NaN,,,NaN,,,NaN,,,NaN,,
2024-10-20T14:50:04.000Z,3.037,2,"",M,61.373,2,"",M,6.000,2,"",N,NaN,,,M,NaN,,,M,NaN,,,M,NaN,,,M,NaN,,,0,NaN,,,0,NaN,,,M,NaN,,,NaN,,,NaN,,,NaN,,
2024-10-20T14:51:54.000Z,3.048,2,"",M,61.372,2,"",M,6.000,2,"",N,NaN,,,M,NaN,,,M,NaN,,,M,NaN,,,M,NaN,,,0,NaN,,,0,NaN,,,M,NaN,,,NaN,,,NaN,,,NaN,,
2024-10-20T14:56:23.000Z,3.072,2,"",M,61.370,2,"",M,6.000,2,"",N,NaN,,,M,NaN,,,M,NaN,,,M,NaN,,,M,NaN,,,0,NaN,,,0,NaN,,,M,NaN,,,NaN,,,NaN,,,NaN,,
2024-10-20T14:58:13.000Z,3.083,2,"",M,61.369,2,"",M,6.000,2,"",N,NaN,,,M,NaN,,,M,NaN,,,M,NaN,,,M,NaN,,,0,NaN,,,0,NaN,,,M,NaN,,,NaN,,,NaN,,,NaN,,
2024-10-20T15:00:03.000Z,3.092,2,"",M,61.368,2,"",M,6.000,2,"",N,NaN,,,M,NaN,,,M,NaN,,,M,NaN,,,M,NaN,,,0,NaN,,,0,NaN,,,M,NaN,,,NaN,,,NaN,,,NaN,,
2024-10-20T15:04:33.000Z,3.117,2,"",M,61.366,2,"",M,6.000,2,"",N,NaN,,,M,NaN,,,M,NaN,,,M,NaN,,,M,NaN,,,0,NaN,,,0,NaN,,,M,NaN,,,NaN,,,NaN,,,NaN,,
2024-10-20T15:06:22.000Z,3.127,2,"",M,61.365,2,"",M,6.000,2,"",N,NaN,,,M,NaN,,,M,NaN,,,M,NaN,,,M,NaN,,,0,NaN,,,0,NaN,,,M,NaN,,,NaN,,,NaN,,,NaN,,
2024-10-20T15:08:12.000Z,3.136,2,"",M,61.364,2,"",M,6.000,2,"",N,NaN,,,M,NaN,,,M,NaN,,,M,NaN,,,M,NaN,,,0,NaN,,,0,NaN,,,M,NaN,,,NaN,,,NaN,,,NaN,,
2024-10-20T15:12:42.000Z,3.160,2,"",M,61.362,2,"",M,6.000,2,"",N,11.499,2,"",M,34.099,2,"",M,NaN,,,M,NaN,,,M,NaN,,,0,422.466,4,"Electronic problems with the system and cannot trust the xCO2 data",M,997.000,2,"",M,NaN,,,NaN,,,411.141,4,"xCO₂ (with standards) Electronic problems with the system and cannot trust the xCO2 data",409.609,4,"xCO₂ (with standards) Electronic problems with the system and cannot trust the xCO2 data"
2024-10-20T15:14:32.000Z,3.170,2,"",M,61.361,2,"",M,6.000,2,"",N,11.509,2,"",M,34.099,2,"",M,NaN,,,M,NaN,,,M,NaN,,,0,422.327,4,"Electronic problems with the system and cannot trust the xCO2 data",M,996.700,2,"",M,NaN,,,NaN,,,410.876,4,"xCO₂ (with standards) Electronic problems with the system and cannot trust the xCO2 data",409.346,4,"xCO₂ (with standards) Electronic problems with the system and cannot trust the xCO2 data"
2024-10-20T15:16:21.000Z,3.180,2,"",M,61.360,2,"",M,6.000,2,"",N,11.500,2,"",M,34.097,2,"",M,NaN,,,M,NaN,,,M,NaN,,,0,421.968,4,"Electronic problems with the system and cannot trust the xCO2 data",M,996.800,2,"",M,NaN,,,NaN,,,410.572,4,"xCO₂ (with standards) Electronic problems with the system and cannot trust the xCO2 data",409.043,4,"xCO₂ (with standards) Electronic problems with the system and cannot trust the xCO2 data"
2024-10-20T15:18:11.000Z,3.190,2,"",M,61.359,2,"",M,6.000,2,"",N,11.497,2,"",M,34.099,2,"",M,NaN,,,M,NaN,,,M,NaN,,,0,422.389,4,"Electronic problems with the system and cannot trust the xCO2 data",M,996.800,2,"",M,NaN,,,NaN,,,410.983,4,"xCO₂ (with standards) Electronic problems with the system and cannot trust the xCO2 data",409.451,4,"xCO₂ (with standards) Electronic problems with the system and cannot trust the xCO2 data"
2024-10-20T15:20:01.000Z,3.200,2,"",M,61.358,2,"",M,6.000,2,"",N,11.504,2,"",M,34.099,2,"",M,NaN,,,M,NaN,,,M,NaN,,,0,422.390,4,"Electronic problems with the system and cannot trust the xCO2 data",M,997.000,2,"",M,NaN,,,NaN,,,411.064,4,"xCO₂ (with standards) Electronic problems with the system and cannot trust the xCO2 data",409.533,4,"xCO₂ (with standards) Electronic problems with the system and cannot trust the xCO2 data"
2024-10-20T15:25:11.000Z,3.228,2,"",M,61.355,2,"",M,6.000,2,"",N,11.424,2,"",M,34.104,2,"",M,11.870,2,"",M,998.990,2,"",M,393.474,4,"Electronic problems with the system and cannot trust the xCO2 data",M,NaN,,,0,NaN,,,M,375.488,4,"xCO₂ (with standards) Electronic problems with the system and cannot trust the xCO2 data",374.096,4,"xCO₂ (with standards) Electronic problems with the system and cannot trust the xCO2 data",NaN,,,NaN,,
2024-10-20T15:33:41.000Z,3.273,2,"",M,61.350,2,"",M,6.000,2,"",N,NaN,,,M,NaN,,,M,NaN,,,M,NaN,,,M,NaN,,,0,NaN,,,0,NaN,,,M,NaN,,,NaN,,,NaN,,,NaN,,
2024-10-20T15:38:10.000Z,3.296,2,"",M,61.348,2,"",M,6.000,2,"",N,NaN,,,M,NaN,,,M,NaN,,,M,NaN,,,M,NaN,,,0,NaN,,,0,NaN,,,M,NaN,,,NaN,,,NaN,,,NaN,,
2024-10-20T15:42:40.000Z,3.320,2,"",M,61.345,2,"",M,6.000,2,"",N,NaN,,,M,NaN,,,M,NaN,,,M,NaN,,,M,NaN,,,0,NaN,,,0,NaN,,,M,NaN,,,NaN,,,NaN,,,NaN,,
2024-10-20T15:44:30.000Z,3.329,2,"",M,61.344,2,"",M,6.000,2,"",N,NaN,,,M,NaN,,,M,NaN,,,M,NaN,,,M,NaN,,,0,NaN,,,0,NaN,,,M,NaN,,,NaN,,,NaN,,,NaN,,
2024-10-20T15:46:19.000Z,3.338,2,"",M,61.343,2,"",M,6.000,2,"",N,NaN,,,M,NaN,,,M,NaN,,,M,NaN,,,M,NaN,,,0,NaN,,,0,NaN,,,M,NaN,,,NaN,,,NaN,,,NaN,,
2024-10-20T15:50:49.000Z,3.361,2,"",M,61.340,2,"",M,6.000,2,"",N,NaN,,,M,NaN,,,M,NaN,,,M,NaN,,,M,NaN,,,0,NaN,,,0,NaN,,,M,NaN,,,NaN,,,NaN,,,NaN,,
2024-10-20T15:52:39.000Z,3.371,2,"",M,61.339,2,"",M,6.000,2,"",N,NaN,,,M,NaN,,,M,NaN,,,M,NaN,,,M,NaN,,,0,NaN,,,0,NaN,,,M,NaN,,,NaN,,,NaN,,,NaN,,
2024-10-20T15:54:29.000Z,3.380,2,"",M,61.338,2,"",M,6.000,2,"",N,NaN,,,M,NaN,,,M,NaN,,,M,NaN,,,M,NaN,,,0,NaN,,,0,NaN,,,M,NaN,,,NaN,,,NaN,,,NaN,,
2024-10-20T15:58:58.000Z,3.403,2,"",M,61.336,2,"",M,6.000,2,"",N,NaN,,,M,NaN,,,M,NaN,,,M,NaN,,,M,NaN,,,0,NaN,,,0,NaN,,,M,NaN,,,NaN,,,NaN,,,NaN,,
2024-10-20T16:00:48.000Z,3.412,2,"",M,61.336,2,"",M,6.000,2,"",N,NaN,,,M,NaN,,,M,NaN,,,M,NaN,,,M,NaN,,,0,NaN,,,0,NaN,,,M,NaN,,,NaN,,,NaN,,,NaN,,
2024-10-20T16:02:38.000Z,3.422,2,"",M,61.335,2,"",M,6.000,2,"",N,NaN,,,M,NaN,,,M,NaN,,,M,NaN,,,M,NaN,,,0,NaN,,,0,NaN,,,M,NaN,,,NaN,,,NaN,,,NaN,,
2024-10-20T16:07:08.000Z,3.445,2,"",M,61.334,2,"",M,6.000,2,"",N,11.512,2,"",M,34.125,2,"",M,NaN,,,M,NaN,,,M,NaN,,,0,422.270,4,"Electronic problems with the system and cannot trust the xCO2 data",M,995.829,2,"",I,NaN,,,NaN,,,410.456,4,"xCO₂ (with standards) Electronic problems with the system and cannot trust the xCO2 data",408.928,4,"xCO₂ (with standards) Electronic problems with the system and cannot trust the xCO2 data"
2024-10-20T16:08:57.000Z,3.454,2,"",M,61.333,2,"",M,6.000,2,"",N,11.459,2,"",M,34.145,2,"",M,NaN,,,M,NaN,,,M,NaN,,,0,421.812,4,"Electronic problems with the system and cannot trust the xCO2 data",M,995.800,2,"",M,NaN,,,NaN,,,410.019,4,"xCO₂ (with standards) Electronic problems with the system and cannot trust the xCO2 data",408.492,4,"xCO₂ (with standards) Electronic problems with the system and cannot trust the xCO2 data"
2024-10-20T16:10:47.000Z,3.462,2,"",M,61.332,2,"",M,6.000,2,"",N,11.377,2,"",M,34.162,2,"",M,NaN,,,M,NaN,,,M,NaN,,,0,422.065,4,"Electronic problems with the system and cannot trust the xCO2 data",M,995.700,2,"",M,NaN,,,NaN,,,410.253,4,"xCO₂ (with standards) Electronic problems with the system and cannot trust the xCO2 data",408.724,4,"xCO₂ (with standards) Electronic problems with the system and cannot trust the xCO2 data"
2024-10-20T16:12:37.000Z,3.471,2,"",M,61.331,2,"",M,6.000,2,"",N,11.283,2,"",M,34.205,2,"",M,NaN,,,M,NaN,,,M,NaN,,,0,421.997,4,"Electronic problems with the system and cannot trust the xCO2 data",M,995.800,2,"",M,NaN,,,NaN,,,410.263,4,"xCO₂ (with standards) Electronic problems with the system and cannot trust the xCO2 data",408.732,4,"xCO₂ (with standards) Electronic problems with the system and cannot trust the xCO2 data"
2024-10-20T16:14:27.000Z,3.480,2,"",M,61.330,2,"",M,6.000,2,"",N,11.228,2,"",M,34.253,2,"",M,NaN,,,M,NaN,,,M,NaN,,,0,421.849,4,"Electronic problems with the system and cannot trust the xCO2 data",M,995.800,2,"",M,NaN,,,NaN,,,410.140,4,"xCO₂ (with standards) Electronic problems with the system and cannot trust the xCO2 data",408.608,4,"xCO₂ (with standards) Electronic problems with the system and cannot trust the xCO2 data"
2024-10-20T16:19:37.000Z,3.504,2,"",M,61.328,2,"",M,6.000,2,"",N,11.257,2,"",M,34.241,2,"",M,11.660,2,"",M,997.320,2,"",M,392.891,4,"Electronic problems with the system and cannot trust the xCO2 data",M,NaN,,,0,NaN,,,M,375.047,4,"xCO₂ (with standards) Electronic problems with the system and cannot trust the xCO2 data",373.656,4,"xCO₂ (with standards) Electronic problems with the system and cannot trust the xCO2 data",NaN,,,NaN,,
2024-10-20T16:28:06.000Z,3.545,2,"",M,61.324,2,"",M,6.000,2,"",N,NaN,,,M,NaN,,,M,NaN,,,M,NaN,,,M,NaN,,,0,NaN,,,0,NaN,,,M,NaN,,,NaN,,,NaN,,,NaN,,
2024-10-20T16:32:36.000Z,3.567,2,"",M,61.322,2,"",M,6.000,2,"",N,NaN,,,M,NaN,,,M,NaN,,,M,NaN,,,M,NaN,,,0,NaN,,,0,NaN,,,M,NaN,,,NaN,,,NaN,,,NaN,,
2024-10-20T16:37:06.000Z,3.588,2,"",M,61.321,2,"",M,6.000,2,"",N,NaN,,,M,NaN,,,M,NaN,,,M,NaN,,,M,NaN,,,0,NaN,,,0,NaN,,,M,NaN,,,NaN,,,NaN,,,NaN,,
2024-10-20T16:38:55.000Z,3.597,2,"",M,61.320,2,"",M,6.000,2,"",N,NaN,,,M,NaN,,,M,NaN,,,M,NaN,,,M,NaN,,,0,NaN,,,0,NaN,,,M,NaN,,,NaN,,,NaN,,,NaN,,
2024-10-20T16:40:45.000Z,3.606,2,"",M,61.320,2,"",M,6.000,2,"",N,NaN,,,M,NaN,,,M,NaN,,,M,NaN,,,M,NaN,,,0,NaN,,,0,NaN,,,M,NaN,,,NaN,,,NaN,,,NaN,,
2024-10-20T16:45:15.000Z,3.628,2,"",M,61.319,2,"",M,6.000,2,"",N,NaN,,,M,NaN,,,M,NaN,,,M,NaN,,,M,NaN,,,0,NaN,,,0,NaN,,,M,NaN,,,NaN,,,NaN,,,NaN,,
2024-10-20T16:47:04.000Z,3.637,2,"",M,61.318,2,"",M,6.000,2,"",N,NaN,,,M,NaN,,,M,NaN,,,M,NaN,,,M,NaN,,,0,NaN,,,0,NaN,,,M,NaN,,,NaN,,,NaN,,,NaN,,
2024-10-20T16:48:54.000Z,3.646,2,"",M,61.318,2,"",M,6.000,2,"",N,NaN,,,M,NaN,,,M,NaN,,,M,NaN,,,M,NaN,,,0,NaN,,,0,NaN,,,M,NaN,,,NaN,,,NaN,,,NaN,,
2024-10-20T16:53:24.000Z,3.666,2,"",M,61.316,2,"",M,6.000,2,"",N,NaN,,,M,NaN,,,M,NaN,,,M,NaN,,,M,NaN,,,0,NaN,,,0,NaN,,,M,NaN,,,NaN,,,NaN,,,NaN,,
2024-10-20T16:55:14.000Z,3.675,2,"",M,61.316,2,"",M,6.000,2,"",N,NaN,,,M,NaN,,,M,NaN,,,M,NaN,,,M,NaN,,,0,NaN,,,0,NaN,,,M,NaN,,,NaN,,,NaN,,,NaN,,
2024-10-20T16:57:04.000Z,3.683,2,"",M,61.315,2,"",M,6.000,2,"",N,NaN,,,M,NaN,,,M,NaN,,,M,NaN,,,M,NaN,,,0,NaN,,,0,NaN,,,M,NaN,,,NaN,,,NaN,,,NaN,,
2024-10-20T17:01:34.000Z,3.703,2,"",M,61.313,2,"",M,6.000,2,"",N,11.167,2,"",M,34.250,2,"",M,NaN,,,M,NaN,,,M,NaN,,,0,421.446,4,"Electronic problems with the system and cannot trust the xCO2 data",M,994.800,2,"",M,NaN,,,NaN,,,409.353,4,"xCO₂ (with standards) Electronic problems with the system and cannot trust the xCO2 data",407.824,4,"xCO₂ (with standards) Electronic problems with the system and cannot trust the xCO2 data"
2024-10-20T17:03:23.000Z,3.711,2,"",M,61.313,2,"",M,6.000,2,"",N,11.213,2,"",M,34.231,2,"",M,NaN,,,M,NaN,,,M,NaN,,,0,421.120,4,"Electronic problems with the system and cannot trust the xCO2 data",M,994.400,2,"",M,NaN,,,NaN,,,408.853,4,"xCO₂ (with standards) Electronic problems with the system and cannot trust the xCO2 data",407.328,4,"xCO₂ (with standards) Electronic problems with the system and cannot trust the xCO2 data"
2024-10-20T17:05:13.000Z,3.719,2,"",M,61.312,2,"",M,6.000,2,"",N,11.263,2,"",M,34.222,2,"",M,NaN,,,M,NaN,,,M,NaN,,,0,421.314,4,"Electronic problems with the system and cannot trust the xCO2 data",M,994.600,2,"",M,NaN,,,NaN,,,409.106,4,"xCO₂ (with standards) Electronic problems with the system and cannot trust the xCO2 data",407.580,4,"xCO₂ (with standards) Electronic problems with the system and cannot trust the xCO2 data"
2024-10-20T17:07:02.000Z,3.728,2,"",M,61.311,2,"",M,6.000,2,"",N,11.417,2,"",M,34.212,2,"",M,NaN,,,M,NaN,,,M,NaN,,,0,421.138,4,"Electronic problems with the system and cannot trust the xCO2 data",M,994.400,2,"",M,NaN,,,NaN,,,408.795,4,"xCO₂ (with standards) Electronic problems with the system and cannot trust the xCO2 data",407.274,4,"xCO₂ (with standards) Electronic problems with the system and cannot trust the xCO2 data"
2024-10-20T17:08:52.000Z,3.736,2,"",M,61.310,2,"",M,6.000,2,"",N,11.430,2,"",M,34.177,2,"",M,NaN,,,M,NaN,,,M,NaN,,,0,421.601,4,"Electronic problems with the system and cannot trust the xCO2 data",M,994.300,2,"",M,NaN,,,NaN,,,409.198,4,"xCO₂ (with standards) Electronic problems with the system and cannot trust the xCO2 data",407.676,4,"xCO₂ (with standards) Electronic problems with the system and cannot trust the xCO2 data"
2024-10-20T17:14:02.000Z,3.758,2,"",M,61.309,2,"",M,6.000,2,"",N,11.410,2,"",M,34.178,2,"",M,11.830,2,"",M,997.300,2,"",M,396.888,4,"Electronic problems with the system and cannot trust the xCO2 data",M,NaN,,,0,NaN,,,M,378.536,4,"xCO₂ (with standards) Electronic problems with the system and cannot trust the xCO2 data",377.135,4,"xCO₂ (with standards) Electronic problems with the system and cannot trust the xCO2 data",NaN,,,NaN,,
2024-10-20T17:22:32.000Z,3.796,2,"",M,61.306,2,"",M,6.000,2,"",N,NaN,,,M,NaN,,,M,NaN,,,M,NaN,,,M,NaN,,,0,NaN,,,0,NaN,,,M,NaN,,,NaN,,,NaN,,,NaN,,
2024-10-20T17:27:02.000Z,3.817,2,"",M,61.304,2,"",M,6.000,2,"",N,NaN,,,M,NaN,,,M,NaN,,,M,NaN,,,M,NaN,,,0,NaN,,,0,NaN,,,M,NaN,,,NaN,,,NaN,,,NaN,,
2024-10-20T17:31:31.000Z,3.837,2,"",M,61.302,2,"",M,6.000,2,"",N,NaN,,,M,NaN,,,M,NaN,,,M,NaN,,,M,NaN,,,0,NaN,,,0,NaN,,,M,NaN,,,NaN,,,NaN,,,NaN,,
2024-10-20T17:33:21.000Z,3.845,2,"",M,61.302,2,"",M,6.000,2,"",N,NaN,,,M,NaN,,,M,NaN,,,M,NaN,,,M,NaN,,,0,NaN,,,0,NaN,,,M,NaN,,,NaN,,,NaN,,,NaN,,
2024-10-20T17:35:11.000Z,3.854,2,"",M,61.301,2,"",M,6.000,2,"",N,NaN,,,M,NaN,,,M,NaN,,,M,NaN,,,M,NaN,,,0,NaN,,,0,NaN,,,M,NaN,,,NaN,,,NaN,,,NaN,,
2024-10-20T17:39:40.000Z,3.875,2,"",M,61.299,2,"",M,6.000,2,"",N,NaN,,,M,NaN,,,M,NaN,,,M,NaN,,,M,NaN,,,0,NaN,,,0,NaN,,,M,NaN,,,NaN,,,NaN,,,NaN,,
2024-10-20T17:41:30.000Z,3.883,2,"",M,61.299,2,"",M,6.000,2,"",N,NaN,,,M,NaN,,,M,NaN,,,M,NaN,,,M,NaN,,,0,NaN,,,0,NaN,,,M,NaN,,,NaN,,,NaN,,,NaN,,
2024-10-20T17:43:20.000Z,3.891,2,"",M,61.298,2,"",M,6.000,2,"",N,NaN,,,M,NaN,,,M,NaN,,,M,NaN,,,M,NaN,,,0,NaN,,,0,NaN,,,M,NaN,,,NaN,,,NaN,,,NaN,,
2024-10-20T17:47:50.000Z,3.911,2,"",M,61.297,2,"",M,6.000,2,"",N,NaN,,,M,NaN,,,M,NaN,,,M,NaN,,,M,NaN,,,0,NaN,,,0,NaN,,,M,NaN,,,NaN,,,NaN,,,NaN,,
2024-10-20T17:49:39.000Z,3.919,2,"",M,61.296,2,"",M,6.000,2,"",N,NaN,,,M,NaN,,,M,NaN,,,M,NaN,,,M,NaN,,,0,NaN,,,0,NaN,,,M,NaN,,,NaN,,,NaN,,,NaN,,
2024-10-20T17:51:29.000Z,3.927,2,"",M,61.296,2,"",M,6.000,2,"",N,NaN,,,M,NaN,,,M,NaN,,,M,NaN,,,M,NaN,,,0,NaN,,,0,NaN,,,M,NaN,,,NaN,,,NaN,,,NaN,,
2024-10-20T17:55:59.000Z,3.947,2,"",M,61.295,2,"",M,6.000,2,"",N,11.486,2,"",M,34.311,2,"",M,NaN,,,M,NaN,,,M,NaN,,,0,422.375,4,"Electronic problems with the system and cannot trust the xCO2 data",M,993.500,2,"",M,NaN,,,NaN,,,409.595,4,"xCO₂ (with standards) Electronic problems with the system and cannot trust the xCO2 data",408.074,4,"xCO₂ (with standards) Electronic problems with the system and cannot trust the xCO2 data"
2024-10-20T17:57:49.000Z,3.954,2,"",M,61.294,2,"",M,6.000,2,"",N,11.606,2,"",M,34.325,2,"",M,NaN,,,M,NaN,,,M,NaN,,,0,422.355,4,"Electronic problems with the system and cannot trust the xCO2 data",M,993.600,2,"",M,NaN,,,NaN,,,409.573,4,"xCO₂ (with standards) Electronic problems with the system and cannot trust the xCO2 data",408.054,4,"xCO₂ (with standards) Electronic problems with the system and cannot trust the xCO2 data"
2024-10-20T17:59:38.000Z,3.962,2,"",M,61.294,2,"",M,6.000,2,"",N,11.674,2,"",M,34.309,2,"",M,NaN,,,M,NaN,,,M,NaN,,,0,422.476,4,"Electronic problems with the system and cannot trust the xCO2 data",M,993.500,2,"",M,NaN,,,NaN,,,409.623,4,"xCO₂ (with standards) Electronic problems with the system and cannot trust the xCO2 data",408.105,4,"xCO₂ (with standards) Electronic problems with the system and cannot trust the xCO2 data"
2024-10-20T18:01:28.000Z,3.970,2,"",M,61.294,2,"",M,6.000,2,"",N,11.853,2,"",M,34.256,2,"",M,NaN,,,M,NaN,,,M,NaN,,,0,422.126,4,"Electronic problems with the system and cannot trust the xCO2 data",M,993.100,2,"",M,NaN,,,NaN,,,409.050,4,"xCO₂ (with standards) Electronic problems with the system and cannot trust the xCO2 data",407.538,4,"xCO₂ (with standards) Electronic problems with the system and cannot trust the xCO2 data"
2024-10-20T18:03:18.000Z,3.978,2,"",M,61.293,2,"",M,6.000,2,"",N,12.002,2,"",M,34.249,2,"",M,NaN,,,M,NaN,,,M,NaN,,,0,422.657,4,"Electronic problems with the system and cannot trust the xCO2 data",M,992.800,2,"",M,NaN,,,NaN,,,409.381,4,"xCO₂ (with standards) Electronic problems with the system and cannot trust the xCO2 data",407.872,4,"xCO₂ (with standards) Electronic problems with the system and cannot trust the xCO2 data"
2024-10-20T18:08:28.000Z,4.002,2,"",M,61.292,2,"",M,6.000,2,"",N,11.892,2,"",M,34.165,2,"",M,12.340,2,"",M,995.100,2,"",M,416.161,4,"Electronic problems with the system and cannot trust the xCO2 data",M,NaN,,,0,NaN,,,M,395.363,4,"xCO₂ (with standards) Electronic problems with the system and cannot trust the xCO2 data",393.912,4,"xCO₂ (with standards) Electronic problems with the system and cannot trust the xCO2 data",NaN,,,NaN,,
2024-10-20T18:16:58.000Z,4.041,2,"",M,61.290,2,"",M,6.000,2,"",N,NaN,,,M,NaN,,,M,NaN,,,M,NaN,,,M,NaN,,,0,NaN,,,0,NaN,,,M,NaN,,,NaN,,,NaN,,,NaN,,
2024-10-20T18:21:27.000Z,4.061,2,"",M,61.290,2,"",M,6.000,2,"",N,NaN,,,M,NaN,,,M,NaN,,,M,NaN,,,M,NaN,,,0,NaN,,,0,NaN,,,M,NaN,,,NaN,,,NaN,,,NaN,,
2024-10-20T18:25:57.000Z,4.082,2,"",M,61.289,2,"",M,6.000,2,"",N,NaN,,,M,NaN,,,M,NaN,,,M,NaN,,,M,NaN,,,0,NaN,,,0,NaN,,,M,NaN,,,NaN,,,NaN,,,NaN,,
2024-10-20T18:27:47.000Z,4.090,2,"",M,61.289,2,"",M,6.000,2,"",N,NaN,,,M,NaN,,,M,NaN,,,M,NaN,,,M,NaN,,,0,NaN,,,0,NaN,,,M,NaN,,,NaN,,,NaN,,,NaN,,
2024-10-20T18:29:36.000Z,4.098,2,"",M,61.288,2,"",M,6.000,2,"",N,NaN,,,M,NaN,,,M,NaN,,,M,NaN,,,M,NaN,,,0,NaN,,,0,NaN,,,M,NaN,,,NaN,,,NaN,,,NaN,,
2024-10-20T18:34:06.000Z,4.117,2,"",M,61.286,2,"",M,6.000,2,"",N,NaN,,,M,NaN,,,M,NaN,,,M,NaN,,,M,NaN,,,0,NaN,,,0,NaN,,,M,NaN,,,NaN,,,NaN,,,NaN,,
2024-10-20T18:35:56.000Z,4.124,2,"",M,61.286,2,"",M,6.000,2,"",N,NaN,,,M,NaN,,,M,NaN,,,M,NaN,,,M,NaN,,,0,NaN,,,0,NaN,,,M,NaN,,,NaN,,,NaN,,,NaN,,
2024-10-20T18:37:46.000Z,4.131,2,"",M,61.285,2,"",M,6.000,2,"",N,NaN,,,M,NaN,,,M,NaN,,,M,NaN,,,M,NaN,,,0,NaN,,,0,NaN,,,M,NaN,,,NaN,,,NaN,,,NaN,,
2024-10-20T18:42:15.000Z,4.149,2,"",M,61.283,2,"",M,6.000,2,"",N,NaN,,,M,NaN,,,M,NaN,,,M,NaN,,,M,NaN,,,0,NaN,,,0,NaN,,,M,NaN,,,NaN,,,NaN,,,NaN,,
2024-10-20T18:44:05.000Z,4.156,2,"",M,61.282,2,"",M,6.000,2,"",N,NaN,,,M,NaN,,,M,NaN,,,M,NaN,,,M,NaN,,,0,NaN,,,0,NaN,,,M,NaN,,,NaN,,,NaN,,,NaN,,
2024-10-20T18:45:55.000Z,4.164,2,"",M,61.280,2,"",M,6.000,2,"",N,NaN,,,M,NaN,,,M,NaN,,,M,NaN,,,M,NaN,,,0,NaN,,,0,NaN,,,M,NaN,,,NaN,,,NaN,,,NaN,,
2024-10-20T18:50:25.000Z,4.182,2,"",M,61.278,2,"",M,6.000,2,"",N,12.514,2,"",M,32.880,2,"",M,NaN,,,M,NaN,,,M,NaN,,,0,423.009,4,"Electronic problems with the system and cannot trust the xCO2 data",M,992.300,2,"",M,NaN,,,NaN,,,409.311,4,"xCO₂ (with standards) Electronic problems with the system and cannot trust the xCO2 data",407.812,4,"xCO₂ (with standards) Electronic problems with the system and cannot trust the xCO2 data"
2024-10-20T18:52:14.000Z,4.190,2,"",M,61.277,2,"",M,6.000,2,"",N,12.488,2,"",M,32.885,2,"",M,NaN,,,M,NaN,,,M,NaN,,,0,423.130,4,"Electronic problems with the system and cannot trust the xCO2 data",M,992.300,2,"",M,NaN,,,NaN,,,409.438,4,"xCO₂ (with standards) Electronic problems with the system and cannot trust the xCO2 data",407.938,4,"xCO₂ (with standards) Electronic problems with the system and cannot trust the xCO2 data"
2024-10-20T18:54:04.000Z,4.198,2,"",M,61.276,2,"",M,6.000,2,"",N,12.497,2,"",M,32.873,2,"",M,NaN,,,M,NaN,,,M,NaN,,,0,423.521,4,"Electronic problems with the system and cannot trust the xCO2 data",M,992.300,2,"",M,NaN,,,NaN,,,409.812,4,"xCO₂ (with standards) Electronic problems with the system and cannot trust the xCO2 data",408.312,4,"xCO₂ (with standards) Electronic problems with the system and cannot trust the xCO2 data"
2024-10-20T18:55:54.000Z,4.205,2,"",M,61.276,2,"",M,6.000,2,"",N,12.560,2,"",M,32.788,2,"",M,NaN,,,M,NaN,,,M,NaN,,,0,422.982,4,"Electronic problems with the system and cannot trust the xCO2 data",M,992.100,2,"",M,NaN,,,NaN,,,409.182,4,"xCO₂ (with standards) Electronic problems with the system and cannot trust the xCO2 data",407.685,4,"xCO₂ (with standards) Electronic problems with the system and cannot trust the xCO2 data"
2024-10-20T18:57:44.000Z,4.213,2,"",M,61.275,2,"",M,6.000,2,"",N,12.576,2,"",M,32.754,2,"",M,NaN,,,M,NaN,,,M,NaN,,,0,422.902,4,"Electronic problems with the system and cannot trust the xCO2 data",M,992.200,2,"",M,NaN,,,NaN,,,409.141,4,"xCO₂ (with standards) Electronic problems with the system and cannot trust the xCO2 data",407.644,4,"xCO₂ (with standards) Electronic problems with the system and cannot trust the xCO2 data"
2024-10-20T19:02:53.000Z,4.234,2,"",M,61.272,2,"",M,6.000,2,"",N,12.647,2,"",M,32.693,2,"",M,13.000,2,"",M,994.520,2,"",M,402.315,4,"Electronic problems with the system and cannot trust the xCO2 data",M,NaN,,,0,NaN,,,M,383.268,4,"xCO₂ (with standards) Electronic problems with the system and cannot trust the xCO2 data",381.874,4,"xCO₂ (with standards) Electronic problems with the system and cannot trust the xCO2 data",NaN,,,NaN,,
2024-10-20T19:11:23.000Z,4.268,2,"",M,61.267,2,"",M,6.000,2,"",N,NaN,,,M,NaN,,,M,NaN,,,M,NaN,,,M,NaN,,,0,NaN,,,0,NaN,,,M,NaN,,,NaN,,,NaN,,,NaN,,
2024-10-20T19:15:53.000Z,4.287,2,"",M,61.264,2,"",M,6.000,2,"",N,NaN,,,M,NaN,,,M,NaN,,,M,NaN,,,M,NaN,,,0,NaN,,,0,NaN,,,M,NaN,,,NaN,,,NaN,,,NaN,,
2024-10-20T19:20:23.000Z,4.306,2,"",M,61.261,2,"",M,6.000,2,"",N,NaN,,,M,NaN,,,M,NaN,,,M,NaN,,,M,NaN,,,0,NaN,,,0,NaN,,,M,NaN,,,NaN,,,NaN,,,NaN,,
2024-10-20T19:22:12.000Z,4.314,2,"",M,61.260,2,"",M,6.000,2,"",N,NaN,,,M,NaN,,,M,NaN,,,M,NaN,,,M,NaN,,,0,NaN,,,0,NaN,,,M,NaN,,,NaN,,,NaN,,,NaN,,
2024-10-20T19:24:02.000Z,4.322,2,"",M,61.259,2,"",M,6.000,2,"",N,NaN,,,M,NaN,,,M,NaN,,,M,NaN,,,M,NaN,,,0,NaN,,,0,NaN,,,M,NaN,,,NaN,,,NaN,,,NaN,,
2024-10-20T19:28:32.000Z,4.342,2,"",M,61.256,2,"",M,6.000,2,"",N,NaN,,,M,NaN,,,M,NaN,,,M,NaN,,,M,NaN,,,0,NaN,,,0,NaN,,,M,NaN,,,NaN,,,NaN,,,NaN,,
2024-10-20T19:30:21.000Z,4.350,2,"",M,61.255,2,"",M,6.000,2,"",N,NaN,,,M,NaN,,,M,NaN,,,M,NaN,,,M,NaN,,,0,NaN,,,0,NaN,,,M,NaN,,,NaN,,,NaN,,,NaN,,
2024-10-20T19:32:11.000Z,4.358,2,"",M,61.254,2,"",M,6.000,2,"",N,NaN,,,M,NaN,,,M,NaN,,,M,NaN,,,M,NaN,,,0,NaN,,,0,NaN,,,M,NaN,,,NaN,,,NaN,,,NaN,,
2024-10-20T19:36:41.000Z,4.379,2,"",M,61.251,2,"",M,6.000,2,"",N,NaN,,,M,NaN,,,M,NaN,,,M,NaN,,,M,NaN,,,0,NaN,,,0,NaN,,,M,NaN,,,NaN,,,NaN,,,NaN,,
2024-10-20T19:38:31.000Z,4.388,2,"",M,61.250,2,"",M,6.000,2,"",N,NaN,,,M,NaN,,,M,NaN,,,M,NaN,,,M,NaN,,,0,NaN,,,0,NaN,,,M,NaN,,,NaN,,,NaN,,,NaN,,
2024-10-20T19:40:21.000Z,4.397,2,"",M,61.249,2,"",M,6.000,2,"",N,NaN,,,M,NaN,,,M,NaN,,,M,NaN,,,M,NaN,,,0,NaN,,,0,NaN,,,M,NaN,,,NaN,,,NaN,,,NaN,,
2024-10-20T19:44:50.000Z,4.420,2,"",M,61.247,2,"",M,6.000,2,"",N,12.758,2,"",M,32.580,2,"",M,NaN,,,M,NaN,,,M,NaN,,,0,423.964,4,"Electronic problems with the system and cannot trust the xCO2 data",M,991.100,2,"",M,NaN,,,NaN,,,409.633,4,"xCO₂ (with standards) Electronic problems with the system and cannot trust the xCO2 data",408.140,4,"xCO₂ (with standards) Electronic problems with the system and cannot trust the xCO2 data"
2024-10-20T19:46:40.000Z,4.430,2,"",M,61.246,2,"",M,6.000,2,"",N,12.760,2,"",M,32.589,2,"",M,NaN,,,M,NaN,,,M,NaN,,,0,424.583,4,"Electronic problems with the system and cannot trust the xCO2 data",M,990.900,2,"",M,NaN,,,NaN,,,410.146,4,"xCO₂ (with standards) Electronic problems with the system and cannot trust the xCO2 data",408.652,4,"xCO₂ (with standards) Electronic problems with the system and cannot trust the xCO2 data"
2024-10-20T19:48:30.000Z,4.440,2,"",M,61.246,2,"",M,6.000,2,"",N,12.760,2,"",M,32.600,2,"",M,NaN,,,M,NaN,,,M,NaN,,,0,425.162,4,"Electronic problems with the system and cannot trust the xCO2 data",M,991.000,2,"",M,NaN,,,NaN,,,410.748,4,"xCO₂ (with standards) Electronic problems with the system and cannot trust the xCO2 data",409.251,4,"xCO₂ (with standards) Electronic problems with the system and cannot trust the xCO2 data"
2024-10-20T19:50:19.000Z,4.449,2,"",M,61.245,2,"",M,6.000,2,"",N,12.768,2,"",M,32.595,2,"",M,NaN,,,M,NaN,,,M,NaN,,,0,424.861,4,"Electronic problems with the system and cannot trust the xCO2 data",M,990.700,2,"",M,NaN,,,NaN,,,410.328,4,"xCO₂ (with standards) Electronic problems with the system and cannot trust the xCO2 data",408.833,4,"xCO₂ (with standards) Electronic problems with the system and cannot trust the xCO2 data"
2024-10-20T19:52:09.000Z,4.459,2,"",M,61.245,2,"",M,6.000,2,"",N,12.772,2,"",M,32.576,2,"",M,NaN,,,M,NaN,,,M,NaN,,,0,424.910,4,"Electronic problems with the system and cannot trust the xCO2 data",M,990.300,2,"",M,NaN,,,NaN,,,410.205,4,"xCO₂ (with standards) Electronic problems with the system and cannot trust the xCO2 data",408.712,4,"xCO₂ (with standards) Electronic problems with the system and cannot trust the xCO2 data"
2024-10-20T19:57:19.000Z,4.487,2,"",M,61.243,2,"",M,6.000,2,"",N,12.812,2,"",M,32.578,2,"",M,13.170,2,"",M,992.880,2,"",M,408.968,4,"Electronic problems with the system and cannot trust the xCO2 data",M,NaN,,,0,NaN,,,M,388.818,4,"xCO₂ (with standards) Electronic problems with the system and cannot trust the xCO2 data",387.409,4,"xCO₂ (with standards) Electronic problems with the system and cannot trust the xCO2 data",NaN,,,NaN,,
2024-10-20T20:05:49.000Z,4.533,2,"",M,61.242,2,"",M,6.000,2,"",N,NaN,,,M,NaN,,,M,NaN,,,M,NaN,,,M,NaN,,,0,NaN,,,0,NaN,,,M,NaN,,,NaN,,,NaN,,,NaN,,
2024-10-20T20:10:19.000Z,4.558,2,"",M,61.242,2,"",M,6.000,2,"",N,NaN,,,M,NaN,,,M,NaN,,,M,NaN,,,M,NaN,,,0,NaN,,,0,NaN,,,M,NaN,,,NaN,,,NaN,,,NaN,,
2024-10-20T20:14:48.000Z,4.582,2,"",M,61.242,2,"",M,6.000,2,"",N,NaN,,,M,NaN,,,M,NaN,,,M,NaN,,,M,NaN,,,0,NaN,,,0,NaN,,,M,NaN,,,NaN,,,NaN,,,NaN,,
2024-10-20T20:16:38.000Z,4.592,2,"",M,61.243,2,"",M,6.000,2,"",N,NaN,,,M,NaN,,,M,NaN,,,M,NaN,,,M,NaN,,,0,NaN,,,0,NaN,,,M,NaN,,,NaN,,,NaN,,,NaN,,
2024-10-20T20:18:28.000Z,4.601,2,"",M,61.243,2,"",M,6.000,2,"",N,NaN,,,M,NaN,,,M,NaN,,,M,NaN,,,M,NaN,,,0,NaN,,,0,NaN,,,M,NaN,,,NaN,,,NaN,,,NaN,,
2024-10-20T20:22:57.000Z,4.625,2,"",M,61.244,2,"",M,6.000,2,"",N,NaN,,,M,NaN,,,M,NaN,,,M,NaN,,,M,NaN,,,0,NaN,,,0,NaN,,,M,NaN,,,NaN,,,NaN,,,NaN,,
2024-10-20T20:24:47.000Z,4.635,2,"",M,61.245,2,"",M,6.000,2,"",N,NaN,,,M,NaN,,,M,NaN,,,M,NaN,,,M,NaN,,,0,NaN,,,0,NaN,,,M,NaN,,,NaN,,,NaN,,,NaN,,
2024-10-20T20:26:37.000Z,4.645,2,"",M,61.245,2,"",M,6.000,2,"",N,NaN,,,M,NaN,,,M,NaN,,,M,NaN,,,M,NaN,,,0,NaN,,,0,NaN,,,M,NaN,,,NaN,,,NaN,,,NaN,,
2024-10-20T20:31:07.000Z,4.670,2,"",M,61.247,2,"",M,6.000,2,"",N,NaN,,,M,NaN,,,M,NaN,,,M,NaN,,,M,NaN,,,0,NaN,,,0,NaN,,,M,NaN,,,NaN,,,NaN,,,NaN,,
2024-10-20T20:32:56.000Z,4.681,2,"",M,61.247,2,"",M,6.000,2,"",N,NaN,,,M,NaN,,,M,NaN,,,M,NaN,,,M,NaN,,,0,NaN,,,0,NaN,,,M,NaN,,,NaN,,,NaN,,,NaN,,
2024-10-20T20:34:46.000Z,4.691,2,"",M,61.248,2,"",M,6.000,2,"",N,NaN,,,M,NaN,,,M,NaN,,,M,NaN,,,M,NaN,,,0,NaN,,,0,NaN,,,M,NaN,,,NaN,,,NaN,,,NaN,,
2024-10-20T20:39:16.000Z,4.718,2,"",M,61.249,2,"",M,6.000,2,"",N,12.259,2,"",M,31.672,2,"",M,NaN,,,M,NaN,,,M,NaN,,,0,424.722,4,"Electronic problems with the system and cannot trust the xCO2 data",M,990.000,2,"",M,NaN,,,NaN,,,410.098,4,"xCO₂ (with standards) Electronic problems with the system and cannot trust the xCO2 data",408.595,4,"xCO₂ (with standards) Electronic problems with the system and cannot trust the xCO2 data"
2024-10-20T20:41:05.000Z,4.729,2,"",M,61.248,2,"",M,6.000,2,"",N,12.242,2,"",M,31.651,2,"",M,NaN,,,M,NaN,,,M,NaN,,,0,424.535,4,"Electronic problems with the system and cannot trust the xCO2 data",M,990.100,2,"",M,NaN,,,NaN,,,409.965,4,"xCO₂ (with standards) Electronic problems with the system and cannot trust the xCO2 data",408.463,4,"xCO₂ (with standards) Electronic problems with the system and cannot trust the xCO2 data"
2024-10-20T20:42:55.000Z,4.740,2,"",M,61.248,2,"",M,6.000,2,"",N,12.240,2,"",M,31.661,2,"",M,NaN,,,M,NaN,,,M,NaN,,,0,424.477,4,"Electronic problems with the system and cannot trust the xCO2 data",M,989.900,2,"",M,NaN,,,NaN,,,409.826,4,"xCO₂ (with standards) Electronic problems with the system and cannot trust the xCO2 data",408.324,4,"xCO₂ (with standards) Electronic problems with the system and cannot trust the xCO2 data"
2024-10-20T20:44:45.000Z,4.751,2,"",M,61.247,2,"",M,6.000,2,"",N,12.283,2,"",M,31.681,2,"",M,NaN,,,M,NaN,,,M,NaN,,,0,424.569,4,"Electronic problems with the system and cannot trust the xCO2 data",M,990.500,2,"",M,NaN,,,NaN,,,410.150,4,"xCO₂ (with standards) Electronic problems with the system and cannot trust the xCO2 data",408.647,4,"xCO₂ (with standards) Electronic problems with the system and cannot trust the xCO2 data"
2024-10-20T20:46:35.000Z,4.762,2,"",M,61.246,2,"",M,6.000,2,"",N,12.438,2,"",M,31.815,2,"",M,NaN,,,M,NaN,,,M,NaN,,,0,424.401,4,"Electronic problems with the system and cannot trust the xCO2 data",M,990.500,2,"",M,NaN,,,NaN,,,409.928,4,"xCO₂ (with standards) Electronic problems with the system and cannot trust the xCO2 data",408.429,4,"xCO₂ (with standards) Electronic problems with the system and cannot trust the xCO2 data"
2024-10-20T20:51:45.000Z,4.793,2,"",M,61.243,2,"",M,6.000,2,"",N,12.328,2,"",M,31.813,2,"",M,12.770,2,"",M,992.660,2,"",M,416.016,4,"Electronic problems with the system and cannot trust the xCO2 data",M,NaN,,,0,NaN,,,M,394.174,4,"xCO₂ (with standards) Electronic problems with the system and cannot trust the xCO2 data",392.739,4,"xCO₂ (with standards) Electronic problems with the system and cannot trust the xCO2 data",NaN,,,NaN,,
2024-10-20T21:00:15.000Z,4.844,2,"",M,61.241,2,"",M,6.000,2,"",N,NaN,,,M,NaN,,,M,NaN,,,M,NaN,,,M,NaN,,,0,NaN,,,0,NaN,,,M,NaN,,,NaN,,,NaN,,,NaN,,
2024-10-20T21:04:44.000Z,4.869,2,"",M,61.237,2,"",M,6.000,2,"",N,NaN,,,M,NaN,,,M,NaN,,,M,NaN,,,M,NaN,,,0,NaN,,,0,NaN,,,M,NaN,,,NaN,,,NaN,,,NaN,,
2024-10-20T21:09:14.000Z,4.892,2,"",M,61.232,2,"",M,6.000,2,"",N,NaN,,,M,NaN,,,M,NaN,,,M,NaN,,,M,NaN,,,0,NaN,,,0,NaN,,,M,NaN,,,NaN,,,NaN,,,NaN,,
2024-10-20T21:11:03.000Z,4.901,2,"",M,61.230,2,"",M,6.000,2,"",N,NaN,,,M,NaN,,,M,NaN,,,M,NaN,,,M,NaN,,,0,NaN,,,0,NaN,,,M,NaN,,,NaN,,,NaN,,,NaN,,
2024-10-20T21:12:53.000Z,4.910,2,"",M,61.227,2,"",M,6.000,2,"",N,NaN,,,M,NaN,,,M,NaN,,,M,NaN,,,M,NaN,,,0,NaN,,,0,NaN,,,M,NaN,,,NaN,,,NaN,,,NaN,,
2024-10-20T21:17:23.000Z,4.932,2,"",M,61.222,2,"",M,6.000,2,"",N,NaN,,,M,NaN,,,M,NaN,,,M,NaN,,,M,NaN,,,0,NaN,,,0,NaN,,,M,NaN,,,NaN,,,NaN,,,NaN,,
2024-10-20T21:19:13.000Z,4.941,2,"",M,61.220,2,"",M,6.000,2,"",N,NaN,,,M,NaN,,,M,NaN,,,M,NaN,,,M,NaN,,,0,NaN,,,0,NaN,,,M,NaN,,,NaN,,,NaN,,,NaN,,
2024-10-20T21:21:02.000Z,4.949,2,"",M,61.217,2,"",M,6.000,2,"",N,NaN,,,M,NaN,,,M,NaN,,,M,NaN,,,M,NaN,,,0,NaN,,,0,NaN,,,M,NaN,,,NaN,,,NaN,,,NaN,,
2024-10-20T21:25:32.000Z,4.972,2,"",M,61.212,2,"",M,6.000,2,"",N,NaN,,,M,NaN,,,M,NaN,,,M,NaN,,,M,NaN,,,0,NaN,,,0,NaN,,,M,NaN,,,NaN,,,NaN,,,NaN,,
2024-10-20T21:27:22.000Z,4.981,2,"",M,61.210,2,"",M,6.000,2,"",N,NaN,,,M,NaN,,,M,NaN,,,M,NaN,,,M,NaN,,,0,NaN,,,0,NaN,,,M,NaN,,,NaN,,,NaN,,,NaN,,
2024-10-20T21:29:12.000Z,4.990,2,"",M,61.208,2,"",M,6.000,2,"",N,NaN,,,M,NaN,,,M,NaN,,,M,NaN,,,M,NaN,,,0,NaN,,,0,NaN,,,M,NaN,,,NaN,,,NaN,,,NaN,,
2024-10-20T21:33:42.000Z,5.006,2,"",M,61.201,2,"",M,6.000,2,"",N,11.829,2,"",M,29.873,2,"",M,NaN,,,M,NaN,,,M,NaN,,,0,425.873,4,"Electronic problems with the system and cannot trust the xCO2 data",M,990.500,2,"",M,NaN,,,NaN,,,411.580,4,"xCO₂ (with standards) Electronic problems with the system and cannot trust the xCO2 data",410.063,4,"xCO₂ (with standards) Electronic problems with the system and cannot trust the xCO2 data"
2024-10-20T21:35:31.000Z,5.009,2,"",M,61.196,2,"",M,6.000,2,"",N,11.832,2,"",M,29.849,2,"",M,NaN,,,M,NaN,,,M,NaN,,,0,425.931,4,"Electronic problems with the system and cannot trust the xCO2 data",M,990.400,2,"",M,NaN,,,NaN,,,411.592,4,"xCO₂ (with standards) Electronic problems with the system and cannot trust the xCO2 data",410.075,4,"xCO₂ (with standards) Electronic problems with the system and cannot trust the xCO2 data"
2024-10-20T21:37:21.000Z,5.012,2,"",M,61.192,2,"",M,6.000,2,"",N,11.845,2,"",M,29.887,2,"",M,NaN,,,M,NaN,,,M,NaN,,,0,425.878,4,"Electronic problems with the system and cannot trust the xCO2 data",M,990.400,2,"",M,NaN,,,NaN,,,411.537,4,"xCO₂ (with standards) Electronic problems with the system and cannot trust the xCO2 data",410.021,4,"xCO₂ (with standards) Electronic problems with the system and cannot trust the xCO2 data"
2024-10-20T21:39:11.000Z,5.015,2,"",M,61.187,2,"",M,6.000,2,"",N,11.837,2,"",M,29.880,2,"",M,NaN,,,M,NaN,,,M,NaN,,,0,425.586,4,"Electronic problems with the system and cannot trust the xCO2 data",M,990.400,2,"",M,NaN,,,NaN,,,411.258,4,"xCO₂ (with standards) Electronic problems with the system and cannot trust the xCO2 data",409.742,4,"xCO₂ (with standards) Electronic problems with the system and cannot trust the xCO2 data"
2024-10-20T21:41:00.000Z,5.018,2,"",M,61.183,2,"",M,6.000,2,"",N,11.815,2,"",M,29.802,2,"",M,NaN,,,M,NaN,,,M,NaN,,,0,426.073,4,"Electronic problems with the system and cannot trust the xCO2 data",M,990.500,2,"",M,NaN,,,NaN,,,411.779,4,"xCO₂ (with standards) Electronic problems with the system and cannot trust the xCO2 data",410.261,4,"xCO₂ (with standards) Electronic problems with the system and cannot trust the xCO2 data"
2024-10-20T21:46:10.000Z,5.034,2,"",M,61.174,2,"",M,6.000,2,"",N,11.792,2,"",M,29.628,2,"",M,12.190,2,"",M,991.740,2,"",M,399.028,4,"Electronic problems with the system and cannot trust the xCO2 data",M,NaN,,,0,NaN,,,M,378.625,4,"xCO₂ (with standards) Electronic problems with the system and cannot trust the xCO2 data",377.237,4,"xCO₂ (with standards) Electronic problems with the system and cannot trust the xCO2 data",NaN,,,NaN,,
2024-10-20T21:54:40.000Z,5.075,2,"",M,61.162,2,"",M,6.000,2,"",N,NaN,,,M,NaN,,,M,NaN,,,M,NaN,,,M,NaN,,,0,NaN,,,0,NaN,,,M,NaN,,,NaN,,,NaN,,,NaN,,
2024-10-20T21:59:10.000Z,5.091,2,"",M,61.154,2,"",M,6.000,2,"",N,NaN,,,M,NaN,,,M,NaN,,,M,NaN,,,M,NaN,,,0,NaN,,,0,NaN,,,M,NaN,,,NaN,,,NaN,,,NaN,,
2024-10-20T22:03:39.000Z,5.102,2,"",M,61.149,2,"",M,6.000,2,"",N,NaN,,,M,NaN,,,M,NaN,,,M,NaN,,,M,NaN,,,0,NaN,,,0,NaN,,,M,NaN,,,NaN,,,NaN,,,NaN,,
2024-10-20T22:05:29.000Z,5.107,2,"",M,61.147,2,"",M,6.000,2,"",N,NaN,,,M,NaN,,,M,NaN,,,M,NaN,,,M,NaN,,,0,NaN,,,0,NaN,,,M,NaN,,,NaN,,,NaN,,,NaN,,
2024-10-20T22:07:19.000Z,5.111,2,"",M,61.145,2,"",M,6.000,2,"",N,NaN,,,M,NaN,,,M,NaN,,,M,NaN,,,M,NaN,,,0,NaN,,,0,NaN,,,M,NaN,,,NaN,,,NaN,,,NaN,,
2024-10-20T22:11:49.000Z,5.121,2,"",M,61.140,2,"",M,6.000,2,"",N,NaN,,,M,NaN,,,M,NaN,,,M,NaN,,,M,NaN,,,0,NaN,,,0,NaN,,,M,NaN,,,NaN,,,NaN,,,NaN,,
2024-10-20T22:13:38.000Z,5.125,2,"",M,61.138,2,"",M,6.000,2,"",N,NaN,,,M,NaN,,,M,NaN,,,M,NaN,,,M,NaN,,,0,NaN,,,0,NaN,,,M,NaN,,,NaN,,,NaN,,,NaN,,
2024-10-20T22:15:28.000Z,5.128,2,"",M,61.137,2,"",M,6.000,2,"",N,NaN,,,M,NaN,,,M,NaN,,,M,NaN,,,M,NaN,,,0,NaN,,,0,NaN,,,M,NaN,,,NaN,,,NaN,,,NaN,,
2024-10-20T22:19:58.000Z,5.136,2,"",M,61.133,2,"",M,6.000,2,"",N,NaN,,,M,NaN,,,M,NaN,,,M,NaN,,,M,NaN,,,0,NaN,,,0,NaN,,,M,NaN,,,NaN,,,NaN,,,NaN,,
2024-10-20T22:21:47.000Z,5.140,2,"",M,61.132,2,"",M,6.000,2,"",N,NaN,,,M,NaN,,,M,NaN,,,M,NaN,,,M,NaN,,,0,NaN,,,0,NaN,,,M,NaN,,,NaN,,,NaN,,,NaN,,
2024-10-20T22:23:38.000Z,5.143,2,"",M,61.130,2,"",M,6.000,2,"",N,NaN,,,M,NaN,,,M,NaN,,,M,NaN,,,M,NaN,,,0,NaN,,,0,NaN,,,M,NaN,,,NaN,,,NaN,,,NaN,,
2024-10-20T22:28:08.000Z,5.149,2,"",M,61.127,2,"",M,6.000,2,"",N,11.821,2,"",M,29.833,2,"",M,NaN,,,M,NaN,,,M,NaN,,,0,425.765,4,"Electronic problems with the system and cannot trust the xCO2 data",M,990.300,2,"",M,NaN,,,NaN,,,411.394,4,"xCO₂ (with standards) Electronic problems with the system and cannot trust the xCO2 data",409.878,4,"xCO₂ (with standards) Electronic problems with the system and cannot trust the xCO2 data"
2024-10-20T22:29:57.000Z,5.151,2,"",M,61.125,2,"",M,6.000,2,"",N,11.821,2,"",M,29.827,2,"",M,NaN,,,M,NaN,,,M,NaN,,,0,425.760,4,"Electronic problems with the system and cannot trust the xCO2 data",M,990.100,2,"",M,NaN,,,NaN,,,411.305,4,"xCO₂ (with standards) Electronic problems with the system and cannot trust the xCO2 data",409.790,4,"xCO₂ (with standards) Electronic problems with the system and cannot trust the xCO2 data"
2024-10-20T22:31:47.000Z,5.154,2,"",M,61.123,2,"",M,6.000,2,"",N,11.817,2,"",M,29.806,2,"",M,NaN,,,M,NaN,,,M,NaN,,,0,425.855,4,"Electronic problems with the system and cannot trust the xCO2 data",M,990.500,2,"",M,NaN,,,NaN,,,411.568,4,"xCO₂ (with standards) Electronic problems with the system and cannot trust the xCO2 data",410.050,4,"xCO₂ (with standards) Electronic problems with the system and cannot trust the xCO2 data"
2024-10-20T22:33:36.000Z,5.156,2,"",M,61.122,2,"",M,6.000,2,"",N,11.813,2,"",M,29.775,2,"",M,NaN,,,M,NaN,,,M,NaN,,,0,425.651,4,"Electronic problems with the system and cannot trust the xCO2 data",M,990.200,2,"",M,NaN,,,NaN,,,411.245,4,"xCO₂ (with standards) Electronic problems with the system and cannot trust the xCO2 data",409.729,4,"xCO₂ (with standards) Electronic problems with the system and cannot trust the xCO2 data"
2024-10-20T22:35:26.000Z,5.159,2,"",M,61.120,2,"",M,6.000,2,"",N,11.814,2,"",M,29.744,2,"",M,NaN,,,M,NaN,,,M,NaN,,,0,425.876,4,"Electronic problems with the system and cannot trust the xCO2 data",M,990.200,2,"",M,NaN,,,NaN,,,411.462,4,"xCO₂ (with standards) Electronic problems with the system and cannot trust the xCO2 data",409.946,4,"xCO₂ (with standards) Electronic problems with the system and cannot trust the xCO2 data"
2024-10-20T22:40:36.000Z,5.166,2,"",M,61.115,2,"",M,6.000,2,"",N,11.798,2,"",M,29.682,2,"",M,12.200,2,"",M,991.930,2,"",M,391.975,4,"Electronic problems with the system and cannot trust the xCO2 data",M,NaN,,,0,NaN,,,M,371.939,4,"xCO₂ (with standards) Electronic problems with the system and cannot trust the xCO2 data",370.576,4,"xCO₂ (with standards) Electronic problems with the system and cannot trust the xCO2 data",NaN,,,NaN,,
2024-10-20T22:49:06.000Z,5.178,2,"",M,61.107,2,"",M,6.000,2,"",N,NaN,,,M,NaN,,,M,NaN,,,M,NaN,,,M,NaN,,,0,NaN,,,0,NaN,,,M,NaN,,,NaN,,,NaN,,,NaN,,
2024-10-20T22:53:36.000Z,5.179,2,"",M,61.105,2,"",M,6.000,2,"",N,NaN,,,M,NaN,,,M,NaN,,,M,NaN,,,M,NaN,,,0,NaN,,,0,NaN,,,M,NaN,,,NaN,,,NaN,,,NaN,,
2024-10-20T22:58:05.000Z,5.177,2,"",M,61.106,2,"",M,6.000,2,"",N,NaN,,,M,NaN,,,M,NaN,,,M,NaN,,,M,NaN,,,0,NaN,,,0,NaN,,,M,NaN,,,NaN,,,NaN,,,NaN,,
2024-10-20T22:59:55.000Z,5.176,2,"",M,61.106,2,"",M,6.000,2,"",N,NaN,,,M,NaN,,,M,NaN,,,M,NaN,,,M,NaN,,,0,NaN,,,0,NaN,,,M,NaN,,,NaN,,,NaN,,,NaN,,
2024-10-20T23:01:45.000Z,5.176,2,"",M,61.107,2,"",M,6.000,2,"",N,NaN,,,M,NaN,,,M,NaN,,,M,NaN,,,M,NaN,,,0,NaN,,,0,NaN,,,M,NaN,,,NaN,,,NaN,,,NaN,,
2024-10-20T23:06:14.000Z,5.175,2,"",M,61.109,2,"",M,6.000,2,"",N,NaN,,,M,NaN,,,M,NaN,,,M,NaN,,,M,NaN,,,0,NaN,,,0,NaN,,,M,NaN,,,NaN,,,NaN,,,NaN,,
2024-10-20T23:08:04.000Z,5.175,2,"",M,61.109,2,"",M,6.000,2,"",N,NaN,,,M,NaN,,,M,NaN,,,M,NaN,,,M,NaN,,,0,NaN,,,0,NaN,,,M,NaN,,,NaN,,,NaN,,,NaN,,
2024-10-20T23:09:54.000Z,5.175,2,"",M,61.110,2,"",M,6.000,2,"",N,NaN,,,M,NaN,,,M,NaN,,,M,NaN,,,M,NaN,,,0,NaN,,,0,NaN,,,M,NaN,,,NaN,,,NaN,,,NaN,,
2024-10-20T23:14:24.000Z,5.175,2,"",M,61.111,2,"",M,6.000,2,"",N,NaN,,,M,NaN,,,M,NaN,,,M,NaN,,,M,NaN,,,0,NaN,,,0,NaN,,,M,NaN,,,NaN,,,NaN,,,NaN,,
2024-10-20T23:16:13.000Z,5.176,2,"",M,61.112,2,"",M,6.000,2,"",N,NaN,,,M,NaN,,,M,NaN,,,M,NaN,,,M,NaN,,,0,NaN,,,0,NaN,,,M,NaN,,,NaN,,,NaN,,,NaN,,
2024-10-20T23:18:03.000Z,5.176,2,"",M,61.113,2,"",M,6.000,2,"",N,NaN,,,M,NaN,,,M,NaN,,,M,NaN,,,M,NaN,,,0,NaN,,,0,NaN,,,M,NaN,,,NaN,,,NaN,,,NaN,,
2024-10-20T23:22:33.000Z,5.178,2,"",M,61.114,2,"",M,6.000,2,"",N,11.803,2,"",M,29.675,2,"",M,NaN,,,M,NaN,,,M,NaN,,,0,424.791,4,"Electronic problems with the system and cannot trust the xCO2 data",M,990.900,2,"",M,NaN,,,NaN,,,410.712,4,"xCO₂ (with standards) Electronic problems with the system and cannot trust the xCO2 data",409.197,4,"xCO₂ (with standards) Electronic problems with the system and cannot trust the xCO2 data"
2024-10-20T23:24:22.000Z,5.178,2,"",M,61.115,2,"",M,6.000,2,"",N,11.801,2,"",M,29.666,2,"",M,NaN,,,M,NaN,,,M,NaN,,,0,424.894,4,"Electronic problems with the system and cannot trust the xCO2 data",M,990.900,2,"",M,NaN,,,NaN,,,410.812,4,"xCO₂ (with standards) Electronic problems with the system and cannot trust the xCO2 data",409.297,4,"xCO₂ (with standards) Electronic problems with the system and cannot trust the xCO2 data"
2024-10-20T23:26:12.000Z,5.178,2,"",M,61.115,2,"",M,6.000,2,"",N,11.801,2,"",M,29.656,2,"",M,NaN,,,M,NaN,,,M,NaN,,,0,425.257,4,"Electronic problems with the system and cannot trust the xCO2 data",M,991.000,2,"",M,NaN,,,NaN,,,411.205,4,"xCO₂ (with standards) Electronic problems with the system and cannot trust the xCO2 data",409.688,4,"xCO₂ (with standards) Electronic problems with the system and cannot trust the xCO2 data"
2024-10-20T23:28:02.000Z,5.179,2,"",M,61.116,2,"",M,6.000,2,"",N,11.797,2,"",M,29.646,2,"",M,NaN,,,M,NaN,,,M,NaN,,,0,425.210,4,"Electronic problems with the system and cannot trust the xCO2 data",M,990.900,2,"",M,NaN,,,NaN,,,411.119,4,"xCO₂ (with standards) Electronic problems with the system and cannot trust the xCO2 data",409.602,4,"xCO₂ (with standards) Electronic problems with the system and cannot trust the xCO2 data"
2024-10-20T23:29:52.000Z,5.179,2,"",M,61.117,2,"",M,6.000,2,"",N,11.802,2,"",M,29.641,2,"",M,NaN,,,M,NaN,,,M,NaN,,,0,424.923,4,"Electronic problems with the system and cannot trust the xCO2 data",M,991.000,2,"",M,NaN,,,NaN,,,410.882,4,"xCO₂ (with standards) Electronic problems with the system and cannot trust the xCO2 data",409.366,4,"xCO₂ (with standards) Electronic problems with the system and cannot trust the xCO2 data"
2024-10-20T23:35:02.000Z,5.180,2,"",M,61.118,2,"",M,6.000,2,"",N,11.803,2,"",M,29.646,2,"",M,12.200,2,"",M,991.740,2,"",M,392.616,4,"Electronic problems with the system and cannot trust the xCO2 data",M,NaN,,,0,NaN,,,M,372.566,4,"xCO₂ (with standards) Electronic problems with the system and cannot trust the xCO2 data",371.201,4,"xCO₂ (with standards) Electronic problems with the system and cannot trust the xCO2 data",NaN,,,NaN,,
2024-10-20T23:43:32.000Z,5.180,2,"",M,61.120,2,"",M,6.000,2,"",N,NaN,,,M,NaN,,,M,NaN,,,M,NaN,,,M,NaN,,,0,NaN,,,0,NaN,,,M,NaN,,,NaN,,,NaN,,,NaN,,
2024-10-20T23:48:01.000Z,5.176,2,"",M,61.118,2,"",M,6.000,2,"",N,NaN,,,M,NaN,,,M,NaN,,,M,NaN,,,M,NaN,,,0,NaN,,,0,NaN,,,M,NaN,,,NaN,,,NaN,,,NaN,,
2024-10-20T23:52:31.000Z,5.169,2,"",M,61.114,2,"",M,6.000,2,"",N,NaN,,,M,NaN,,,M,NaN,,,M,NaN,,,M,NaN,,,0,NaN,,,0,NaN,,,M,NaN,,,NaN,,,NaN,,,NaN,,
2024-10-20T23:54:21.000Z,5.167,2,"",M,61.112,2,"",M,6.000,2,"",N,NaN,,,M,NaN,,,M,NaN,,,M,NaN,,,M,NaN,,,0,NaN,,,0,NaN,,,M,NaN,,,NaN,,,NaN,,,NaN,,
2024-10-20T23:56:10.000Z,5.164,2,"",M,61.110,2,"",M,6.000,2,"",N,NaN,,,M,NaN,,,M,NaN,,,M,NaN,,,M,NaN,,,0,NaN,,,0,NaN,,,M,NaN,,,NaN,,,NaN,,,NaN,,
2024-10-21T00:00:40.000Z,5.168,2,"",M,61.106,2,"",M,6.000,2,"",N,NaN,,,M,NaN,,,M,NaN,,,M,NaN,,,M,NaN,,,0,NaN,,,0,NaN,,,M,NaN,,,NaN,,,NaN,,,NaN,,
2024-10-21T00:02:30.000Z,5.172,2,"",M,61.105,2,"",M,6.000,2,"",N,NaN,,,M,NaN,,,M,NaN,,,M,NaN,,,M,NaN,,,0,NaN,,,0,NaN,,,M,NaN,,,NaN,,,NaN,,,NaN,,
2024-10-21T00:04:20.000Z,5.176,2,"",M,61.104,2,"",M,6.000,2,"",N,NaN,,,M,NaN,,,M,NaN,,,M,NaN,,,M,NaN,,,0,NaN,,,0,NaN,,,M,NaN,,,NaN,,,NaN,,,NaN,,
2024-10-21T00:08:49.000Z,5.187,2,"",M,61.102,2,"",M,6.000,2,"",N,NaN,,,M,NaN,,,M,NaN,,,M,NaN,,,M,NaN,,,0,NaN,,,0,NaN,,,M,NaN,,,NaN,,,NaN,,,NaN,,
2024-10-21T00:10:39.000Z,5.191,2,"",M,61.100,2,"",M,6.000,2,"",N,NaN,,,M,NaN,,,M,NaN,,,M,NaN,,,M,NaN,,,0,NaN,,,0,NaN,,,M,NaN,,,NaN,,,NaN,,,NaN,,
2024-10-21T00:12:29.000Z,5.196,2,"",M,61.099,2,"",M,6.000,2,"",N,NaN,,,M,NaN,,,M,NaN,,,M,NaN,,,M,NaN,,,0,NaN,,,0,NaN,,,M,NaN,,,NaN,,,NaN,,,NaN,,
2024-10-21T00:16:59.000Z,5.207,2,"",M,61.097,2,"",M,6.000,2,"",N,11.808,2,"",M,29.722,2,"",M,NaN,,,M,NaN,,,M,NaN,,,0,424.916,4,"Electronic problems with the system and cannot trust the xCO2 data",M,989.300,2,"",M,NaN,,,NaN,,,410.158,4,"xCO₂ (with standards) Electronic problems with the system and cannot trust the xCO2 data",408.648,4,"xCO₂ (with standards) Electronic problems with the system and cannot trust the xCO2 data"
2024-10-21T00:18:48.000Z,5.212,2,"",M,61.096,2,"",M,6.000,2,"",N,11.805,2,"",M,29.659,2,"",M,NaN,,,M,NaN,,,M,NaN,,,0,424.556,4,"Electronic problems with the system and cannot trust the xCO2 data",M,989.400,2,"",M,NaN,,,NaN,,,409.853,4,"xCO₂ (with standards) Electronic problems with the system and cannot trust the xCO2 data",408.344,4,"xCO₂ (with standards) Electronic problems with the system and cannot trust the xCO2 data"
2024-10-21T00:20:38.000Z,5.216,2,"",M,61.095,2,"",M,6.000,2,"",N,11.815,2,"",M,29.686,2,"",M,NaN,,,M,NaN,,,M,NaN,,,0,424.426,4,"Electronic problems with the system and cannot trust the xCO2 data",M,989.200,2,"",M,NaN,,,NaN,,,409.640,4,"xCO₂ (with standards) Electronic problems with the system and cannot trust the xCO2 data",408.132,4,"xCO₂ (with standards) Electronic problems with the system and cannot trust the xCO2 data"
2024-10-21T00:22:28.000Z,5.221,2,"",M,61.094,2,"",M,6.000,2,"",N,11.843,2,"",M,29.810,2,"",M,NaN,,,M,NaN,,,M,NaN,,,0,424.575,4,"Electronic problems with the system and cannot trust the xCO2 data",M,989.300,2,"",M,NaN,,,NaN,,,409.817,4,"xCO₂ (with standards) Electronic problems with the system and cannot trust the xCO2 data",408.308,4,"xCO₂ (with standards) Electronic problems with the system and cannot trust the xCO2 data"
2024-10-21T00:24:17.000Z,5.226,2,"",M,61.093,2,"",M,6.000,2,"",N,11.838,2,"",M,29.803,2,"",M,NaN,,,M,NaN,,,M,NaN,,,0,424.235,4,"Electronic problems with the system and cannot trust the xCO2 data",M,989.300,2,"",M,NaN,,,NaN,,,409.490,4,"xCO₂ (with standards) Electronic problems with the system and cannot trust the xCO2 data",407.983,4,"xCO₂ (with standards) Electronic problems with the system and cannot trust the xCO2 data"
2024-10-21T00:29:27.000Z,5.240,2,"",M,61.092,2,"",M,6.000,2,"",N,11.815,2,"",M,29.584,2,"",M,12.230,2,"",M,990.270,2,"",M,395.761,4,"Electronic problems with the system and cannot trust the xCO2 data",M,NaN,,,0,NaN,,,M,374.686,4,"xCO₂ (with standards) Electronic problems with the system and cannot trust the xCO2 data",373.315,4,"xCO₂ (with standards) Electronic problems with the system and cannot trust the xCO2 data",NaN,,,NaN,,
2024-10-21T00:37:57.000Z,5.264,2,"",M,61.089,2,"",M,6.000,2,"",N,NaN,,,M,NaN,,,M,NaN,,,M,NaN,,,M,NaN,,,0,NaN,,,0,NaN,,,M,NaN,,,NaN,,,NaN,,,NaN,,
2024-10-21T00:42:27.000Z,5.276,2,"",M,61.087,2,"",M,6.000,2,"",N,NaN,,,M,NaN,,,M,NaN,,,M,NaN,,,M,NaN,,,0,NaN,,,0,NaN,,,M,NaN,,,NaN,,,NaN,,,NaN,,
2024-10-21T00:46:57.000Z,5.288,2,"",M,61.085,2,"",M,6.000,2,"",N,NaN,,,M,NaN,,,M,NaN,,,M,NaN,,,M,NaN,,,0,NaN,,,0,NaN,,,M,NaN,,,NaN,,,NaN,,,NaN,,
2024-10-21T00:48:46.000Z,5.293,2,"",M,61.084,2,"",M,6.000,2,"",N,NaN,,,M,NaN,,,M,NaN,,,M,NaN,,,M,NaN,,,0,NaN,,,0,NaN,,,M,NaN,,,NaN,,,NaN,,,NaN,,
2024-10-21T00:50:36.000Z,5.298,2,"",M,61.083,2,"",M,6.000,2,"",N,NaN,,,M,NaN,,,M,NaN,,,M,NaN,,,M,NaN,,,0,NaN,,,0,NaN,,,M,NaN,,,NaN,,,NaN,,,NaN,,
2024-10-21T00:55:06.000Z,5.309,2,"",M,61.081,2,"",M,6.000,2,"",N,NaN,,,M,NaN,,,M,NaN,,,M,NaN,,,M,NaN,,,0,NaN,,,0,NaN,,,M,NaN,,,NaN,,,NaN,,,NaN,,
2024-10-21T00:56:55.000Z,5.314,2,"",M,61.080,2,"",M,6.000,2,"",N,NaN,,,M,NaN,,,M,NaN,,,M,NaN,,,M,NaN,,,0,NaN,,,0,NaN,,,M,NaN,,,NaN,,,NaN,,,NaN,,
2024-10-21T00:58:45.000Z,5.318,2,"",M,61.079,2,"",M,6.000,2,"",N,NaN,,,M,NaN,,,M,NaN,,,M,NaN,,,M,NaN,,,0,NaN,,,0,NaN,,,M,NaN,,,NaN,,,NaN,,,NaN,,
2024-10-21T01:03:15.000Z,5.327,2,"",M,61.076,2,"",M,6.000,2,"",N,NaN,,,M,NaN,,,M,NaN,,,M,NaN,,,M,NaN,,,0,NaN,,,0,NaN,,,M,NaN,,,NaN,,,NaN,,,NaN,,
2024-10-21T01:05:05.000Z,5.331,2,"",M,61.074,2,"",M,6.000,2,"",N,NaN,,,M,NaN,,,M,NaN,,,M,NaN,,,M,NaN,,,0,NaN,,,0,NaN,,,M,NaN,,,NaN,,,NaN,,,NaN,,
2024-10-21T01:06:55.000Z,5.333,2,"",M,61.073,2,"",M,6.000,2,"",N,NaN,,,M,NaN,,,M,NaN,,,M,NaN,,,M,NaN,,,0,NaN,,,0,NaN,,,M,NaN,,,NaN,,,NaN,,,NaN,,
2024-10-21T01:11:25.000Z,5.340,2,"",M,61.069,2,"",M,6.000,2,"",N,11.840,2,"",M,29.674,2,"",M,NaN,,,M,NaN,,,M,NaN,,,0,423.195,4,"Electronic problems with the system and cannot trust the xCO2 data",M,988.700,2,"",M,NaN,,,NaN,,,408.233,4,"xCO₂ (with standards) Electronic problems with the system and cannot trust the xCO2 data",406.732,4,"xCO₂ (with standards) Electronic problems with the system and cannot trust the xCO2 data"
2024-10-21T01:13:14.000Z,5.342,2,"",M,61.067,2,"",M,6.000,2,"",N,11.854,2,"",M,29.704,2,"",M,NaN,,,M,NaN,,,M,NaN,,,0,423.229,4,"Electronic problems with the system and cannot trust the xCO2 data",M,988.500,2,"",M,NaN,,,NaN,,,408.178,4,"xCO₂ (with standards) Electronic problems with the system and cannot trust the xCO2 data",406.677,4,"xCO₂ (with standards) Electronic problems with the system and cannot trust the xCO2 data"
2024-10-21T01:15:04.000Z,5.345,2,"",M,61.065,2,"",M,6.000,2,"",N,11.873,2,"",M,29.762,2,"",M,NaN,,,M,NaN,,,M,NaN,,,0,423.184,4,"Electronic problems with the system and cannot trust the xCO2 data",M,988.800,2,"",M,NaN,,,NaN,,,408.253,4,"xCO₂ (with standards) Electronic problems with the system and cannot trust the xCO2 data",406.751,4,"xCO₂ (with standards) Electronic problems with the system and cannot trust the xCO2 data"
2024-10-21T01:16:53.000Z,5.348,2,"",M,61.063,2,"",M,6.000,2,"",N,11.888,2,"",M,29.797,2,"",M,NaN,,,M,NaN,,,M,NaN,,,0,423.378,4,"Electronic problems with the system and cannot trust the xCO2 data",M,988.600,2,"",M,NaN,,,NaN,,,408.351,4,"xCO₂ (with standards) Electronic problems with the system and cannot trust the xCO2 data",406.849,4,"xCO₂ (with standards) Electronic problems with the system and cannot trust the xCO2 data"
2024-10-21T01:18:43.000Z,5.351,2,"",M,61.061,2,"",M,6.000,2,"",N,11.916,2,"",M,29.903,2,"",M,NaN,,,M,NaN,,,M,NaN,,,0,423.353,4,"Electronic problems with the system and cannot trust the xCO2 data",M,988.100,2,"",M,NaN,,,NaN,,,408.107,4,"xCO₂ (with standards) Electronic problems with the system and cannot trust the xCO2 data",406.607,4,"xCO₂ (with standards) Electronic problems with the system and cannot trust the xCO2 data"
2024-10-21T01:23:53.000Z,5.362,2,"",M,61.058,2,"",M,6.000,2,"",N,11.868,2,"",M,29.852,2,"",M,12.300,2,"",M,990.070,2,"",M,402.240,4,"Electronic problems with the system and cannot trust the xCO2 data",M,NaN,,,0,NaN,,,M,380.439,4,"xCO₂ (with standards) Electronic problems with the system and cannot trust the xCO2 data",379.049,4,"xCO₂ (with standards) Electronic problems with the system and cannot trust the xCO2 data",NaN,,,NaN,,
2024-10-21T01:32:23.000Z,5.363,2,"",M,61.061,2,"",M,6.000,2,"",N,NaN,,,M,NaN,,,M,NaN,,,M,NaN,,,M,NaN,,,0,NaN,,,0,NaN,,,M,NaN,,,NaN,,,NaN,,,NaN,,
2024-10-21T01:36:53.000Z,5.352,2,"",M,61.064,2,"",M,6.000,2,"",N,NaN,,,M,NaN,,,M,NaN,,,M,NaN,,,M,NaN,,,0,NaN,,,0,NaN,,,M,NaN,,,NaN,,,NaN,,,NaN,,
2024-10-21T01:41:22.000Z,5.340,2,"",M,61.066,2,"",M,6.000,2,"",N,NaN,,,M,NaN,,,M,NaN,,,M,NaN,,,M,NaN,,,0,NaN,,,0,NaN,,,M,NaN,,,NaN,,,NaN,,,NaN,,
2024-10-21T01:43:12.000Z,5.335,2,"",M,61.067,2,"",M,6.000,2,"",N,NaN,,,M,NaN,,,M,NaN,,,M,NaN,,,M,NaN,,,0,NaN,,,0,NaN,,,M,NaN,,,NaN,,,NaN,,,NaN,,
2024-10-21T01:45:02.000Z,5.330,2,"",M,61.068,2,"",M,6.000,2,"",N,NaN,,,M,NaN,,,M,NaN,,,M,NaN,,,M,NaN,,,0,NaN,,,0,NaN,,,M,NaN,,,NaN,,,NaN,,,NaN,,
2024-10-21T01:49:31.000Z,5.319,2,"",M,61.071,2,"",M,6.000,2,"",N,NaN,,,M,NaN,,,M,NaN,,,M,NaN,,,M,NaN,,,0,NaN,,,0,NaN,,,M,NaN,,,NaN,,,NaN,,,NaN,,
2024-10-21T01:51:21.000Z,5.315,2,"",M,61.072,2,"",M,6.000,2,"",N,NaN,,,M,NaN,,,M,NaN,,,M,NaN,,,M,NaN,,,0,NaN,,,0,NaN,,,M,NaN,,,NaN,,,NaN,,,NaN,,
2024-10-21T01:53:11.000Z,5.310,2,"",M,61.073,2,"",M,6.000,2,"",N,NaN,,,M,NaN,,,M,NaN,,,M,NaN,,,M,NaN,,,0,NaN,,,0,NaN,,,M,NaN,,,NaN,,,NaN,,,NaN,,
2024-10-21T01:57:41.000Z,5.299,2,"",M,61.075,2,"",M,6.000,2,"",N,NaN,,,M,NaN,,,M,NaN,,,M,NaN,,,M,NaN,,,0,NaN,,,0,NaN,,,M,NaN,,,NaN,,,NaN,,,NaN,,
2024-10-21T01:59:30.000Z,5.295,2,"",M,61.076,2,"",M,6.000,2,"",N,NaN,,,M,NaN,,,M,NaN,,,M,NaN,,,M,NaN,,,0,NaN,,,0,NaN,,,M,NaN,,,NaN,,,NaN,,,NaN,,
2024-10-21T02:01:20.000Z,5.291,2,"",M,61.077,2,"",M,6.000,2,"",N,NaN,,,M,NaN,,,M,NaN,,,M,NaN,,,M,NaN,,,0,NaN,,,0,NaN,,,M,NaN,,,NaN,,,NaN,,,NaN,,
2024-10-21T02:05:50.000Z,5.281,2,"",M,61.079,2,"",M,6.000,2,"",N,11.815,2,"",M,29.634,2,"",M,NaN,,,M,NaN,,,M,NaN,,,0,423.321,4,"Electronic problems with the system and cannot trust the xCO2 data",M,988.100,2,"",M,NaN,,,NaN,,,408.114,4,"xCO₂ (with standards) Electronic problems with the system and cannot trust the xCO2 data",406.612,4,"xCO₂ (with standards) Electronic problems with the system and cannot trust the xCO2 data"
2024-10-21T02:07:39.000Z,5.277,2,"",M,61.080,2,"",M,6.000,2,"",N,11.820,2,"",M,29.632,2,"",M,NaN,,,M,NaN,,,M,NaN,,,0,423.222,4,"Electronic problems with the system and cannot trust the xCO2 data",M,988.200,2,"",M,NaN,,,NaN,,,408.058,4,"xCO₂ (with standards) Electronic problems with the system and cannot trust the xCO2 data",406.557,4,"xCO₂ (with standards) Electronic problems with the system and cannot trust the xCO2 data"
2024-10-21T02:09:29.000Z,5.272,2,"",M,61.081,2,"",M,6.000,2,"",N,11.821,2,"",M,29.647,2,"",M,NaN,,,M,NaN,,,M,NaN,,,0,422.934,4,"Electronic problems with the system and cannot trust the xCO2 data",M,988.000,2,"",M,NaN,,,NaN,,,407.696,4,"xCO₂ (with standards) Electronic problems with the system and cannot trust the xCO2 data",406.196,4,"xCO₂ (with standards) Electronic problems with the system and cannot trust the xCO2 data"
2024-10-21T02:11:19.000Z,5.268,2,"",M,61.082,2,"",M,6.000,2,"",N,11.818,2,"",M,29.629,2,"",M,NaN,,,M,NaN,,,M,NaN,,,0,422.965,4,"Electronic problems with the system and cannot trust the xCO2 data",M,988.300,2,"",M,NaN,,,NaN,,,407.852,4,"xCO₂ (with standards) Electronic problems with the system and cannot trust the xCO2 data",406.352,4,"xCO₂ (with standards) Electronic problems with the system and cannot trust the xCO2 data"
2024-10-21T02:13:09.000Z,5.263,2,"",M,61.083,2,"",M,6.000,2,"",N,11.819,2,"",M,29.617,2,"",M,NaN,,,M,NaN,,,M,NaN,,,0,423.235,4,"Electronic problems with the system and cannot trust the xCO2 data",M,988.200,2,"",M,NaN,,,NaN,,,408.071,4,"xCO₂ (with standards) Electronic problems with the system and cannot trust the xCO2 data",406.570,4,"xCO₂ (with standards) Electronic problems with the system and cannot trust the xCO2 data"
2024-10-21T02:18:19.000Z,5.251,2,"",M,61.085,2,"",M,6.000,2,"",N,11.809,2,"",M,29.563,2,"",M,12.210,2,"",M,989.010,2,"",M,397.534,4,"Electronic problems with the system and cannot trust the xCO2 data",M,NaN,,,0,NaN,,,M,376.107,4,"xCO₂ (with standards) Electronic problems with the system and cannot trust the xCO2 data",374.733,4,"xCO₂ (with standards) Electronic problems with the system and cannot trust the xCO2 data",NaN,,,NaN,,
2024-10-21T02:26:49.000Z,5.229,2,"",M,61.090,2,"",M,6.000,2,"",N,NaN,,,M,NaN,,,M,NaN,,,M,NaN,,,M,NaN,,,0,NaN,,,0,NaN,,,M,NaN,,,NaN,,,NaN,,,NaN,,
2024-10-21T02:31:18.000Z,5.218,2,"",M,61.092,2,"",M,6.000,2,"",N,NaN,,,M,NaN,,,M,NaN,,,M,NaN,,,M,NaN,,,0,NaN,,,0,NaN,,,M,NaN,,,NaN,,,NaN,,,NaN,,
2024-10-21T02:35:48.000Z,5.207,2,"",M,61.094,2,"",M,6.000,2,"",N,NaN,,,M,NaN,,,M,NaN,,,M,NaN,,,M,NaN,,,0,NaN,,,0,NaN,,,M,NaN,,,NaN,,,NaN,,,NaN,,
2024-10-21T02:37:38.000Z,5.203,2,"",M,61.095,2,"",M,6.000,2,"",N,NaN,,,M,NaN,,,M,NaN,,,M,NaN,,,M,NaN,,,0,NaN,,,0,NaN,,,M,NaN,,,NaN,,,NaN,,,NaN,,
2024-10-21T02:39:27.000Z,5.199,2,"",M,61.096,2,"",M,6.000,2,"",N,NaN,,,M,NaN,,,M,NaN,,,M,NaN,,,M,NaN,,,0,NaN,,,0,NaN,,,M,NaN,,,NaN,,,NaN,,,NaN,,
2024-10-21T02:43:57.000Z,5.188,2,"",M,61.099,2,"",M,6.000,2,"",N,NaN,,,M,NaN,,,M,NaN,,,M,NaN,,,M,NaN,,,0,NaN,,,0,NaN,,,M,NaN,,,NaN,,,NaN,,,NaN,,
2024-10-21T02:45:47.000Z,5.184,2,"",M,61.100,2,"",M,6.000,2,"",N,NaN,,,M,NaN,,,M,NaN,,,M,NaN,,,M,NaN,,,0,NaN,,,0,NaN,,,M,NaN,,,NaN,,,NaN,,,NaN,,
2024-10-21T02:47:36.000Z,5.179,2,"",M,61.101,2,"",M,6.000,2,"",N,NaN,,,M,NaN,,,M,NaN,,,M,NaN,,,M,NaN,,,0,NaN,,,0,NaN,,,M,NaN,,,NaN,,,NaN,,,NaN,,
2024-10-21T02:52:06.000Z,5.169,2,"",M,61.103,2,"",M,6.000,2,"",N,NaN,,,M,NaN,,,M,NaN,,,M,NaN,,,M,NaN,,,0,NaN,,,0,NaN,,,M,NaN,,,NaN,,,NaN,,,NaN,,
2024-10-21T02:53:56.000Z,5.165,2,"",M,61.104,2,"",M,6.000,2,"",N,NaN,,,M,NaN,,,M,NaN,,,M,NaN,,,M,NaN,,,0,NaN,,,0,NaN,,,M,NaN,,,NaN,,,NaN,,,NaN,,
2024-10-21T02:55:46.000Z,5.161,2,"",M,61.105,2,"",M,6.000,2,"",N,NaN,,,M,NaN,,,M,NaN,,,M,NaN,,,M,NaN,,,0,NaN,,,0,NaN,,,M,NaN,,,NaN,,,NaN,,,NaN,,
2024-10-21T03:00:15.000Z,5.153,2,"",M,61.105,2,"",M,6.000,2,"",N,11.960,2,"",M,30.416,2,"",M,NaN,,,M,NaN,,,M,NaN,,,0,423.648,4,"Electronic problems with the system and cannot trust the xCO2 data",M,986.400,2,"",M,NaN,,,NaN,,,407.663,4,"xCO₂ (with standards) Electronic problems with the system and cannot trust the xCO2 data",406.169,4,"xCO₂ (with standards) Electronic problems with the system and cannot trust the xCO2 data"
2024-10-21T03:02:05.000Z,5.153,2,"",M,61.104,2,"",M,6.000,2,"",N,11.967,2,"",M,30.447,2,"",M,NaN,,,M,NaN,,,M,NaN,,,0,423.017,4,"Electronic problems with the system and cannot trust the xCO2 data",M,985.600,2,"",M,NaN,,,NaN,,,406.719,4,"xCO₂ (with standards) Electronic problems with the system and cannot trust the xCO2 data",405.230,4,"xCO₂ (with standards) Electronic problems with the system and cannot trust the xCO2 data"
2024-10-21T03:03:55.000Z,5.157,2,"",M,61.104,2,"",M,6.000,2,"",N,11.962,2,"",M,30.444,2,"",M,NaN,,,M,NaN,,,M,NaN,,,0,423.316,4,"Electronic problems with the system and cannot trust the xCO2 data",M,986.000,2,"",M,NaN,,,NaN,,,407.176,4,"xCO₂ (with standards) Electronic problems with the system and cannot trust the xCO2 data",405.684,4,"xCO₂ (with standards) Electronic problems with the system and cannot trust the xCO2 data"
2024-10-21T03:05:45.000Z,5.160,2,"",M,61.104,2,"",M,6.000,2,"",N,11.966,2,"",M,30.460,2,"",M,NaN,,,M,NaN,,,M,NaN,,,0,423.535,4,"Electronic problems with the system and cannot trust the xCO2 data",M,985.900,2,"",M,NaN,,,NaN,,,407.343,4,"xCO₂ (with standards) Electronic problems with the system and cannot trust the xCO2 data",405.851,4,"xCO₂ (with standards) Electronic problems with the system and cannot trust the xCO2 data"
2024-10-21T03:07:35.000Z,5.164,2,"",M,61.104,2,"",M,6.000,2,"",N,11.958,2,"",M,30.429,2,"",M,NaN,,,M,NaN,,,M,NaN,,,0,422.954,4,"Electronic problems with the system and cannot trust the xCO2 data",M,985.800,2,"",M,NaN,,,NaN,,,406.745,4,"xCO₂ (with standards) Electronic problems with the system and cannot trust the xCO2 data",405.256,4,"xCO₂ (with standards) Electronic problems with the system and cannot trust the xCO2 data"
2024-10-21T03:12:45.000Z,5.174,2,"",M,61.101,2,"",M,6.000,2,"",N,11.948,2,"",M,30.348,2,"",M,12.360,2,"",M,987.370,2,"",M,410.302,4,"Electronic problems with the system and cannot trust the xCO2 data",M,NaN,,,0,NaN,,,M,387.302,4,"xCO₂ (with standards) Electronic problems with the system and cannot trust the xCO2 data",385.892,4,"xCO₂ (with standards) Electronic problems with the system and cannot trust the xCO2 data",NaN,,,NaN,,
2024-10-21T03:21:15.000Z,5.191,2,"",M,61.098,2,"",M,6.000,2,"",N,NaN,,,M,NaN,,,M,NaN,,,M,NaN,,,M,NaN,,,0,NaN,,,0,NaN,,,M,NaN,,,NaN,,,NaN,,,NaN,,
2024-10-21T03:25:44.000Z,5.200,2,"",M,61.096,2,"",M,6.000,2,"",N,NaN,,,M,NaN,,,M,NaN,,,M,NaN,,,M,NaN,,,0,NaN,,,0,NaN,,,M,NaN,,,NaN,,,NaN,,,NaN,,
2024-10-21T03:30:14.000Z,5.209,2,"",M,61.094,2,"",M,6.000,2,"",N,NaN,,,M,NaN,,,M,NaN,,,M,NaN,,,M,NaN,,,0,NaN,,,0,NaN,,,M,NaN,,,NaN,,,NaN,,,NaN,,
2024-10-21T03:32:03.000Z,5.213,2,"",M,61.093,2,"",M,6.000,2,"",N,NaN,,,M,NaN,,,M,NaN,,,M,NaN,,,M,NaN,,,0,NaN,,,0,NaN,,,M,NaN,,,NaN,,,NaN,,,NaN,,
2024-10-21T03:33:53.000Z,5.216,2,"",M,61.093,2,"",M,6.000,2,"",N,NaN,,,M,NaN,,,M,NaN,,,M,NaN,,,M,NaN,,,0,NaN,,,0,NaN,,,M,NaN,,,NaN,,,NaN,,,NaN,,
2024-10-21T03:38:23.000Z,5.225,2,"",M,61.091,2,"",M,6.000,2,"",N,NaN,,,M,NaN,,,M,NaN,,,M,NaN,,,M,NaN,,,0,NaN,,,0,NaN,,,M,NaN,,,NaN,,,NaN,,,NaN,,
2024-10-21T03:40:13.000Z,5.228,2,"",M,61.090,2,"",M,6.000,2,"",N,NaN,,,M,NaN,,,M,NaN,,,M,NaN,,,M,NaN,,,0,NaN,,,0,NaN,,,M,NaN,,,NaN,,,NaN,,,NaN,,
2024-10-21T03:42:02.000Z,5.231,2,"",M,61.089,2,"",M,6.000,2,"",N,NaN,,,M,NaN,,,M,NaN,,,M,NaN,,,M,NaN,,,0,NaN,,,0,NaN,,,M,NaN,,,NaN,,,NaN,,,NaN,,
2024-10-21T03:46:32.000Z,5.240,2,"",M,61.087,2,"",M,6.000,2,"",N,NaN,,,M,NaN,,,M,NaN,,,M,NaN,,,M,NaN,,,0,NaN,,,0,NaN,,,M,NaN,,,NaN,,,NaN,,,NaN,,
2024-10-21T03:48:22.000Z,5.243,2,"",M,61.086,2,"",M,6.000,2,"",N,NaN,,,M,NaN,,,M,NaN,,,M,NaN,,,M,NaN,,,0,NaN,,,0,NaN,,,M,NaN,,,NaN,,,NaN,,,NaN,,
2024-10-21T03:50:12.000Z,5.247,2,"",M,61.086,2,"",M,6.000,2,"",N,NaN,,,M,NaN,,,M,NaN,,,M,NaN,,,M,NaN,,,0,NaN,,,0,NaN,,,M,NaN,,,NaN,,,NaN,,,NaN,,
2024-10-21T03:54:41.000Z,5.256,2,"",M,61.084,2,"",M,6.000,2,"",N,11.820,2,"",M,29.658,2,"",M,NaN,,,M,NaN,,,M,NaN,,,0,423.050,4,"Electronic problems with the system and cannot trust the xCO2 data",M,985.500,2,"",M,NaN,,,NaN,,,406.762,4,"xCO₂ (with standards) Electronic problems with the system and cannot trust the xCO2 data",405.270,4,"xCO₂ (with standards) Electronic problems with the system and cannot trust the xCO2 data"
2024-10-21T03:56:31.000Z,5.259,2,"",M,61.083,2,"",M,6.000,2,"",N,11.814,2,"",M,29.633,2,"",M,NaN,,,M,NaN,,,M,NaN,,,0,423.502,4,"Electronic problems with the system and cannot trust the xCO2 data",M,985.600,2,"",M,NaN,,,NaN,,,407.241,4,"xCO₂ (with standards) Electronic problems with the system and cannot trust the xCO2 data",405.747,4,"xCO₂ (with standards) Electronic problems with the system and cannot trust the xCO2 data"
2024-10-21T03:58:21.000Z,5.263,2,"",M,61.082,2,"",M,6.000,2,"",N,11.815,2,"",M,29.623,2,"",M,NaN,,,M,NaN,,,M,NaN,,,0,423.015,4,"Electronic problems with the system and cannot trust the xCO2 data",M,985.500,2,"",M,NaN,,,NaN,,,406.730,4,"xCO₂ (with standards) Electronic problems with the system and cannot trust the xCO2 data",405.238,4,"xCO₂ (with standards) Electronic problems with the system and cannot trust the xCO2 data"
2024-10-21T04:00:10.000Z,5.266,2,"",M,61.081,2,"",M,6.000,2,"",N,11.812,2,"",M,29.617,2,"",M,NaN,,,M,NaN,,,M,NaN,,,0,422.937,4,"Electronic problems with the system and cannot trust the xCO2 data",M,985.700,2,"",M,NaN,,,NaN,,,406.740,4,"xCO₂ (with standards) Electronic problems with the system and cannot trust the xCO2 data",405.248,4,"xCO₂ (with standards) Electronic problems with the system and cannot trust the xCO2 data"
2024-10-21T04:02:00.000Z,5.270,2,"",M,61.080,2,"",M,6.000,2,"",N,11.818,2,"",M,29.626,2,"",M,NaN,,,M,NaN,,,M,NaN,,,0,423.010,4,"Electronic problems with the system and cannot trust the xCO2 data",M,985.600,2,"",M,NaN,,,NaN,,,406.766,4,"xCO₂ (with standards) Electronic problems with the system and cannot trust the xCO2 data",405.274,4,"xCO₂ (with standards) Electronic problems with the system and cannot trust the xCO2 data"
2024-10-21T04:07:10.000Z,5.282,2,"",M,61.078,2,"",M,6.000,2,"",N,11.810,2,"",M,29.613,2,"",M,12.210,2,"",M,986.850,2,"",M,396.609,4,"Electronic problems with the system and cannot trust the xCO2 data",M,NaN,,,0,NaN,,,M,374.412,4,"xCO₂ (with standards) Electronic problems with the system and cannot trust the xCO2 data",373.047,4,"xCO₂ (with standards) Electronic problems with the system and cannot trust the xCO2 data",NaN,,,NaN,,
2024-10-21T04:15:40.000Z,5.302,2,"",M,61.075,2,"",M,6.000,2,"",N,NaN,,,M,NaN,,,M,NaN,,,M,NaN,,,M,NaN,,,0,NaN,,,0,NaN,,,M,NaN,,,NaN,,,NaN,,,NaN,,
2024-10-21T04:20:10.000Z,5.312,2,"",M,61.073,2,"",M,6.000,2,"",N,NaN,,,M,NaN,,,M,NaN,,,M,NaN,,,M,NaN,,,0,NaN,,,0,NaN,,,M,NaN,,,NaN,,,NaN,,,NaN,,
2024-10-21T04:24:39.000Z,5.321,2,"",M,61.071,2,"",M,6.000,2,"",N,NaN,,,M,NaN,,,M,NaN,,,M,NaN,,,M,NaN,,,0,NaN,,,0,NaN,,,M,NaN,,,NaN,,,NaN,,,NaN,,
2024-10-21T04:26:29.000Z,5.325,2,"",M,61.070,2,"",M,6.000,2,"",N,NaN,,,M,NaN,,,M,NaN,,,M,NaN,,,M,NaN,,,0,NaN,,,0,NaN,,,M,NaN,,,NaN,,,NaN,,,NaN,,
2024-10-21T04:28:19.000Z,5.328,2,"",M,61.069,2,"",M,6.000,2,"",N,NaN,,,M,NaN,,,M,NaN,,,M,NaN,,,M,NaN,,,0,NaN,,,0,NaN,,,M,NaN,,,NaN,,,NaN,,,NaN,,
2024-10-21T04:32:49.000Z,5.337,2,"",M,61.067,2,"",M,6.000,2,"",N,NaN,,,M,NaN,,,M,NaN,,,M,NaN,,,M,NaN,,,0,NaN,,,0,NaN,,,M,NaN,,,NaN,,,NaN,,,NaN,,
2024-10-21T04:34:38.000Z,5.340,2,"",M,61.066,2,"",M,6.000,2,"",N,NaN,,,M,NaN,,,M,NaN,,,M,NaN,,,M,NaN,,,0,NaN,,,0,NaN,,,M,NaN,,,NaN,,,NaN,,,NaN,,
2024-10-21T04:36:28.000Z,5.344,2,"",M,61.065,2,"",M,6.000,2,"",N,NaN,,,M,NaN,,,M,NaN,,,M,NaN,,,M,NaN,,,0,NaN,,,0,NaN,,,M,NaN,,,NaN,,,NaN,,,NaN,,
2024-10-21T04:40:58.000Z,5.352,2,"",M,61.064,2,"",M,6.000,2,"",N,NaN,,,M,NaN,,,M,NaN,,,M,NaN,,,M,NaN,,,0,NaN,,,0,NaN,,,M,NaN,,,NaN,,,NaN,,,NaN,,
2024-10-21T04:42:47.000Z,5.355,2,"",M,61.063,2,"",M,6.000,2,"",N,NaN,,,M,NaN,,,M,NaN,,,M,NaN,,,M,NaN,,,0,NaN,,,0,NaN,,,M,NaN,,,NaN,,,NaN,,,NaN,,
2024-10-21T04:44:37.000Z,5.358,2,"",M,61.062,2,"",M,6.000,2,"",N,NaN,,,M,NaN,,,M,NaN,,,M,NaN,,,M,NaN,,,0,NaN,,,0,NaN,,,M,NaN,,,NaN,,,NaN,,,NaN,,
2024-10-21T04:49:07.000Z,5.366,2,"",M,61.060,2,"",M,6.000,2,"",N,11.743,2,"",M,29.479,2,"",M,NaN,,,M,NaN,,,M,NaN,,,0,423.248,4,"Electronic problems with the system and cannot trust the xCO2 data",M,984.800,2,"",M,NaN,,,NaN,,,406.688,4,"xCO₂ (with standards) Electronic problems with the system and cannot trust the xCO2 data",405.196,4,"xCO₂ (with standards) Electronic problems with the system and cannot trust the xCO2 data"
2024-10-21T04:50:57.000Z,5.369,2,"",M,61.059,2,"",M,6.000,2,"",N,11.750,2,"",M,29.475,2,"",M,NaN,,,M,NaN,,,M,NaN,,,0,422.810,4,"Electronic problems with the system and cannot trust the xCO2 data",M,985.000,2,"",M,NaN,,,NaN,,,406.348,4,"xCO₂ (with standards) Electronic problems with the system and cannot trust the xCO2 data",404.857,4,"xCO₂ (with standards) Electronic problems with the system and cannot trust the xCO2 data"
2024-10-21T04:52:46.000Z,5.372,2,"",M,61.057,2,"",M,6.000,2,"",N,11.770,2,"",M,29.513,2,"",M,NaN,,,M,NaN,,,M,NaN,,,0,423.182,4,"Electronic problems with the system and cannot trust the xCO2 data",M,984.800,2,"",M,NaN,,,NaN,,,406.614,4,"xCO₂ (with standards) Electronic problems with the system and cannot trust the xCO2 data",405.123,4,"xCO₂ (with standards) Electronic problems with the system and cannot trust the xCO2 data"
2024-10-21T04:54:36.000Z,5.376,2,"",M,61.056,2,"",M,6.000,2,"",N,11.776,2,"",M,29.557,2,"",M,NaN,,,M,NaN,,,M,NaN,,,0,423.074,4,"Electronic problems with the system and cannot trust the xCO2 data",M,984.500,2,"",M,NaN,,,NaN,,,406.383,4,"xCO₂ (with standards) Electronic problems with the system and cannot trust the xCO2 data",404.893,4,"xCO₂ (with standards) Electronic problems with the system and cannot trust the xCO2 data"
2024-10-21T04:56:26.000Z,5.379,2,"",M,61.056,2,"",M,6.000,2,"",N,11.758,2,"",M,29.515,2,"",M,NaN,,,M,NaN,,,M,NaN,,,0,423.125,4,"Electronic problems with the system and cannot trust the xCO2 data",M,984.000,2,"",M,NaN,,,NaN,,,406.229,4,"xCO₂ (with standards) Electronic problems with the system and cannot trust the xCO2 data",404.740,4,"xCO₂ (with standards) Electronic problems with the system and cannot trust the xCO2 data"
2024-10-21T05:01:36.000Z,5.389,2,"",M,61.053,2,"",M,6.000,2,"",N,11.711,2,"",M,29.394,2,"",M,12.150,2,"",M,986.130,2,"",M,395.266,4,"Electronic problems with the system and cannot trust the xCO2 data",M,NaN,,,0,NaN,,,M,372.282,4,"xCO₂ (with standards) Electronic problems with the system and cannot trust the xCO2 data",370.925,4,"xCO₂ (with standards) Electronic problems with the system and cannot trust the xCO2 data",NaN,,,NaN,,
2024-10-21T05:10:06.000Z,5.406,2,"",M,61.047,2,"",M,6.000,2,"",N,NaN,,,M,NaN,,,M,NaN,,,M,NaN,,,M,NaN,,,0,NaN,,,0,NaN,,,M,NaN,,,NaN,,,NaN,,,NaN,,
2024-10-21T05:14:35.000Z,5.418,2,"",M,61.045,2,"",M,6.000,2,"",N,NaN,,,M,NaN,,,M,NaN,,,M,NaN,,,M,NaN,,,0,NaN,,,0,NaN,,,M,NaN,,,NaN,,,NaN,,,NaN,,
2024-10-21T05:19:05.000Z,5.430,2,"",M,61.046,2,"",M,6.000,2,"",N,NaN,,,M,NaN,,,M,NaN,,,M,NaN,,,M,NaN,,,0,NaN,,,0,NaN,,,M,NaN,,,NaN,,,NaN,,,NaN,,
2024-10-21T05:20:55.000Z,5.434,2,"",M,61.047,2,"",M,6.000,2,"",N,NaN,,,M,NaN,,,M,NaN,,,M,NaN,,,M,NaN,,,0,NaN,,,0,NaN,,,M,NaN,,,NaN,,,NaN,,,NaN,,
2024-10-21T05:22:44.000Z,5.438,2,"",M,61.048,2,"",M,6.000,2,"",N,NaN,,,M,NaN,,,M,NaN,,,M,NaN,,,M,NaN,,,0,NaN,,,0,NaN,,,M,NaN,,,NaN,,,NaN,,,NaN,,
2024-10-21T05:27:14.000Z,5.450,2,"",M,61.053,2,"",M,6.000,2,"",N,NaN,,,M,NaN,,,M,NaN,,,M,NaN,,,M,NaN,,,0,NaN,,,0,NaN,,,M,NaN,,,NaN,,,NaN,,,NaN,,
2024-10-21T05:29:04.000Z,5.455,2,"",M,61.055,2,"",M,6.000,2,"",N,NaN,,,M,NaN,,,M,NaN,,,M,NaN,,,M,NaN,,,0,NaN,,,0,NaN,,,M,NaN,,,NaN,,,NaN,,,NaN,,
2024-10-21T05:30:54.000Z,5.463,2,"",M,61.058,2,"",M,6.000,2,"",N,NaN,,,M,NaN,,,M,NaN,,,M,NaN,,,M,NaN,,,0,NaN,,,0,NaN,,,M,NaN,,,NaN,,,NaN,,,NaN,,
2024-10-21T05:35:23.000Z,5.465,2,"",M,61.062,2,"",M,6.000,2,"",N,NaN,,,M,NaN,,,M,NaN,,,M,NaN,,,M,NaN,,,0,NaN,,,0,NaN,,,M,NaN,,,NaN,,,NaN,,,NaN,,
2024-10-21T05:37:13.000Z,5.462,2,"",M,61.062,2,"",M,6.000,2,"",N,NaN,,,M,NaN,,,M,NaN,,,M,NaN,,,M,NaN,,,0,NaN,,,0,NaN,,,M,NaN,,,NaN,,,NaN,,,NaN,,
2024-10-21T05:39:03.000Z,5.459,2,"",M,61.061,2,"",M,6.000,2,"",N,NaN,,,M,NaN,,,M,NaN,,,M,NaN,,,M,NaN,,,0,NaN,,,0,NaN,,,M,NaN,,,NaN,,,NaN,,,NaN,,
2024-10-21T05:43:33.000Z,5.463,2,"",M,61.065,2,"",M,6.000,2,"",N,11.819,2,"",M,29.707,2,"",M,NaN,,,M,NaN,,,M,NaN,,,0,422.976,4,"Electronic problems with the system and cannot trust the xCO2 data",M,985.800,2,"",M,NaN,,,NaN,,,406.817,4,"xCO₂ (with standards) Electronic problems with the system and cannot trust the xCO2 data",405.325,4,"xCO₂ (with standards) Electronic problems with the system and cannot trust the xCO2 data"
2024-10-21T05:45:22.000Z,5.471,2,"",M,61.068,2,"",M,6.000,2,"",N,11.853,2,"",M,29.783,2,"",M,NaN,,,M,NaN,,,M,NaN,,,0,515.747,4,"Standard deviation is too large",M,985.800,2,"",M,NaN,,,NaN,,,496.028,4,"xCO₂ (with standards) Standard deviation is too large",494.208,4,"xCO₂ (with standards) Standard deviation is too large"
2024-10-21T05:47:12.000Z,5.479,2,"",M,61.070,2,"",M,6.000,2,"",N,11.816,2,"",M,29.584,2,"",M,NaN,,,M,NaN,,,M,NaN,,,0,424.287,4,"Electronic problems with the system and cannot trust the xCO2 data",M,985.600,2,"",M,NaN,,,NaN,,,407.995,4,"xCO₂ (with standards) Electronic problems with the system and cannot trust the xCO2 data",406.498,4,"xCO₂ (with standards) Electronic problems with the system and cannot trust the xCO2 data"
2024-10-21T05:49:02.000Z,5.488,2,"",M,61.071,2,"",M,6.000,2,"",N,11.785,2,"",M,29.418,2,"",M,NaN,,,M,NaN,,,M,NaN,,,0,423.230,4,"Electronic problems with the system and cannot trust the xCO2 data",M,985.700,2,"",M,NaN,,,NaN,,,407.031,4,"xCO₂ (with standards) Electronic problems with the system and cannot trust the xCO2 data",405.537,4,"xCO₂ (with standards) Electronic problems with the system and cannot trust the xCO2 data"
2024-10-21T05:50:52.000Z,5.496,2,"",M,61.073,2,"",M,6.000,2,"",N,11.695,2,"",M,29.294,2,"",M,NaN,,,M,NaN,,,M,NaN,,,0,422.971,4,"Electronic problems with the system and cannot trust the xCO2 data",M,985.600,2,"",M,NaN,,,NaN,,,406.774,4,"xCO₂ (with standards) Electronic problems with the system and cannot trust the xCO2 data",405.280,4,"xCO₂ (with standards) Electronic problems with the system and cannot trust the xCO2 data"
2024-10-21T05:56:02.000Z,5.519,2,"",M,61.078,2,"",M,6.000,2,"",N,11.548,2,"",M,28.933,2,"",M,11.980,2,"",M,986.110,2,"",M,387.553,4,"Electronic problems with the system and cannot trust the xCO2 data",M,NaN,,,0,NaN,,,M,365.169,4,"xCO₂ (with standards) Electronic problems with the system and cannot trust the xCO2 data",363.835,4,"xCO₂ (with standards) Electronic problems with the system and cannot trust the xCO2 data",NaN,,,NaN,,
2024-10-21T06:04:31.000Z,5.555,2,"",M,61.088,2,"",M,6.000,2,"",N,NaN,,,M,NaN,,,M,NaN,,,M,NaN,,,M,NaN,,,0,NaN,,,0,NaN,,,M,NaN,,,NaN,,,NaN,,,NaN,,
2024-10-21T06:09:01.000Z,5.574,2,"",M,61.095,2,"",M,6.000,2,"",N,NaN,,,M,NaN,,,M,NaN,,,M,NaN,,,M,NaN,,,0,NaN,,,0,NaN,,,M,NaN,,,NaN,,,NaN,,,NaN,,
2024-10-21T06:13:31.000Z,5.593,2,"",M,61.102,2,"",M,6.000,2,"",N,NaN,,,M,NaN,,,M,NaN,,,M,NaN,,,M,NaN,,,0,NaN,,,0,NaN,,,M,NaN,,,NaN,,,NaN,,,NaN,,
2024-10-21T06:15:20.000Z,5.601,2,"",M,61.104,2,"",M,6.000,2,"",N,NaN,,,M,NaN,,,M,NaN,,,M,NaN,,,M,NaN,,,0,NaN,,,0,NaN,,,M,NaN,,,NaN,,,NaN,,,NaN,,
2024-10-21T06:17:10.000Z,5.609,2,"",M,61.107,2,"",M,6.000,2,"",N,NaN,,,M,NaN,,,M,NaN,,,M,NaN,,,M,NaN,,,0,NaN,,,0,NaN,,,M,NaN,,,NaN,,,NaN,,,NaN,,
2024-10-21T06:21:40.000Z,5.630,2,"",M,61.112,2,"",M,6.000,2,"",N,NaN,,,M,NaN,,,M,NaN,,,M,NaN,,,M,NaN,,,0,NaN,,,0,NaN,,,M,NaN,,,NaN,,,NaN,,,NaN,,
2024-10-21T06:23:29.000Z,5.638,2,"",M,61.114,2,"",M,6.000,2,"",N,NaN,,,M,NaN,,,M,NaN,,,M,NaN,,,M,NaN,,,0,NaN,,,0,NaN,,,M,NaN,,,NaN,,,NaN,,,NaN,,
2024-10-21T06:25:19.000Z,5.647,2,"",M,61.115,2,"",M,6.000,2,"",N,NaN,,,M,NaN,,,M,NaN,,,M,NaN,,,M,NaN,,,0,NaN,,,0,NaN,,,M,NaN,,,NaN,,,NaN,,,NaN,,
2024-10-21T06:29:49.000Z,5.667,2,"",M,61.119,2,"",M,6.000,2,"",N,NaN,,,M,NaN,,,M,NaN,,,M,NaN,,,M,NaN,,,0,NaN,,,0,NaN,,,M,NaN,,,NaN,,,NaN,,,NaN,,
2024-10-21T06:31:39.000Z,5.676,2,"",M,61.120,2,"",M,6.000,2,"",N,NaN,,,M,NaN,,,M,NaN,,,M,NaN,,,M,NaN,,,0,NaN,,,0,NaN,,,M,NaN,,,NaN,,,NaN,,,NaN,,
2024-10-21T06:33:29.000Z,5.684,2,"",M,61.122,2,"",M,6.000,2,"",N,NaN,,,M,NaN,,,M,NaN,,,M,NaN,,,M,NaN,,,0,NaN,,,0,NaN,,,M,NaN,,,NaN,,,NaN,,,NaN,,
2024-10-21T06:37:59.000Z,5.705,2,"",M,61.125,2,"",M,6.000,2,"",N,11.358,2,"",M,28.308,2,"",M,NaN,,,M,NaN,,,M,NaN,,,0,422.954,4,"Electronic problems with the system and cannot trust the xCO2 data",M,987.100,2,"",M,NaN,,,NaN,,,407.508,4,"xCO₂ (with standards) Electronic problems with the system and cannot trust the xCO2 data",406.002,4,"xCO₂ (with standards) Electronic problems with the system and cannot trust the xCO2 data"
2024-10-21T06:39:48.000Z,5.714,2,"",M,61.126,2,"",M,6.000,2,"",N,11.299,2,"",M,28.102,2,"",M,NaN,,,M,NaN,,,M,NaN,,,0,422.923,4,"Electronic problems with the system and cannot trust the xCO2 data",M,987.000,2,"",M,NaN,,,NaN,,,407.458,4,"xCO₂ (with standards) Electronic problems with the system and cannot trust the xCO2 data",405.951,4,"xCO₂ (with standards) Electronic problems with the system and cannot trust the xCO2 data"
2024-10-21T06:41:38.000Z,5.723,2,"",M,61.127,2,"",M,6.000,2,"",N,11.229,2,"",M,28.005,2,"",M,NaN,,,M,NaN,,,M,NaN,,,0,422.812,4,"Electronic problems with the system and cannot trust the xCO2 data",M,986.900,2,"",M,NaN,,,NaN,,,407.334,4,"xCO₂ (with standards) Electronic problems with the system and cannot trust the xCO2 data",405.827,4,"xCO₂ (with standards) Electronic problems with the system and cannot trust the xCO2 data"
2024-10-21T06:43:27.000Z,5.731,2,"",M,61.128,2,"",M,6.000,2,"",N,11.158,2,"",M,27.582,2,"",M,NaN,,,M,NaN,,,M,NaN,,,0,422.791,4,"Electronic problems with the system and cannot trust the xCO2 data",M,987.100,2,"",M,NaN,,,NaN,,,407.423,4,"xCO₂ (with standards) Electronic problems with the system and cannot trust the xCO2 data",405.913,4,"xCO₂ (with standards) Electronic problems with the system and cannot trust the xCO2 data"
2024-10-21T06:45:17.000Z,5.740,2,"",M,61.130,2,"",M,6.000,2,"",N,11.150,2,"",M,27.553,2,"",M,NaN,,,M,NaN,,,M,NaN,,,0,422.950,4,"Electronic problems with the system and cannot trust the xCO2 data",M,987.000,2,"",M,NaN,,,NaN,,,407.536,4,"xCO₂ (with standards) Electronic problems with the system and cannot trust the xCO2 data",406.026,4,"xCO₂ (with standards) Electronic problems with the system and cannot trust the xCO2 data"
2024-10-21T06:50:27.000Z,5.764,2,"",M,61.133,2,"",M,6.000,2,"",N,11.257,2,"",M,27.862,2,"",M,11.630,2,"",M,988.890,2,"",M,366.539,4,"Electronic problems with the system and cannot trust the xCO2 data",M,NaN,,,0,NaN,,,M,347.327,4,"xCO₂ (with standards) Electronic problems with the system and cannot trust the xCO2 data",346.048,4,"xCO₂ (with standards) Electronic problems with the system and cannot trust the xCO2 data",NaN,,,NaN,,
2024-10-21T06:58:57.000Z,5.806,2,"",M,61.136,2,"",M,6.000,2,"",N,NaN,,,M,NaN,,,M,NaN,,,M,NaN,,,M,NaN,,,0,NaN,,,0,NaN,,,M,NaN,,,NaN,,,NaN,,,NaN,,
2024-10-21T07:03:27.000Z,5.828,2,"",M,61.137,2,"",M,6.000,2,"",N,NaN,,,M,NaN,,,M,NaN,,,M,NaN,,,M,NaN,,,0,NaN,,,0,NaN,,,M,NaN,,,NaN,,,NaN,,,NaN,,
2024-10-21T07:07:56.000Z,5.849,2,"",M,61.139,2,"",M,6.000,2,"",N,NaN,,,M,NaN,,,M,NaN,,,M,NaN,,,M,NaN,,,0,NaN,,,0,NaN,,,M,NaN,,,NaN,,,NaN,,,NaN,,
2024-10-21T07:09:46.000Z,5.858,2,"",M,61.139,2,"",M,6.000,2,"",N,NaN,,,M,NaN,,,M,NaN,,,M,NaN,,,M,NaN,,,0,NaN,,,0,NaN,,,M,NaN,,,NaN,,,NaN,,,NaN,,
2024-10-21T07:11:36.000Z,5.867,2,"",M,61.139,2,"",M,6.000,2,"",N,NaN,,,M,NaN,,,M,NaN,,,M,NaN,,,M,NaN,,,0,NaN,,,0,NaN,,,M,NaN,,,NaN,,,NaN,,,NaN,,
2024-10-21T07:16:05.000Z,5.889,2,"",M,61.140,2,"",M,6.000,2,"",N,NaN,,,M,NaN,,,M,NaN,,,M,NaN,,,M,NaN,,,0,NaN,,,0,NaN,,,M,NaN,,,NaN,,,NaN,,,NaN,,
2024-10-21T07:17:55.000Z,5.898,2,"",M,61.140,2,"",M,6.000,2,"",N,NaN,,,M,NaN,,,M,NaN,,,M,NaN,,,M,NaN,,,0,NaN,,,0,NaN,,,M,NaN,,,NaN,,,NaN,,,NaN,,
2024-10-21T07:19:45.000Z,5.907,2,"",M,61.140,2,"",M,6.000,2,"",N,NaN,,,M,NaN,,,M,NaN,,,M,NaN,,,M,NaN,,,0,NaN,,,0,NaN,,,M,NaN,,,NaN,,,NaN,,,NaN,,
2024-10-21T07:24:15.000Z,5.929,2,"",M,61.139,2,"",M,6.000,2,"",N,NaN,,,M,NaN,,,M,NaN,,,M,NaN,,,M,NaN,,,0,NaN,,,0,NaN,,,M,NaN,,,NaN,,,NaN,,,NaN,,
2024-10-21T07:36:12.000Z,5.986,2,"",M,61.136,2,"",M,6.000,2,"",N,NaN,,,M,NaN,,,M,NaN,,,M,NaN,,,M,NaN,,,0,NaN,,,0,NaN,,,M,NaN,,,NaN,,,NaN,,,NaN,,
2024-10-21T07:40:45.000Z,6.004,2,"",M,61.131,2,"",M,6.000,2,"",N,NaN,,,M,NaN,,,M,NaN,,,M,NaN,,,M,NaN,,,0,NaN,,,0,NaN,,,M,NaN,,,NaN,,,NaN,,,NaN,,
2024-10-21T07:45:16.000Z,6.016,2,"",M,61.126,2,"",M,6.000,2,"",N,NaN,,,M,NaN,,,M,NaN,,,M,NaN,,,M,NaN,,,0,NaN,,,0,NaN,,,M,NaN,,,NaN,,,NaN,,,NaN,,
2024-10-21T07:47:05.000Z,6.019,2,"",M,61.124,2,"",M,6.000,2,"",N,NaN,,,M,NaN,,,M,NaN,,,M,NaN,,,M,NaN,,,0,NaN,,,0,NaN,,,M,NaN,,,NaN,,,NaN,,,NaN,,
2024-10-21T07:48:55.000Z,6.018,2,"",M,61.123,2,"",M,6.000,2,"",N,NaN,,,M,NaN,,,M,NaN,,,M,NaN,,,M,NaN,,,0,NaN,,,0,NaN,,,M,NaN,,,NaN,,,NaN,,,NaN,,
2024-10-21T07:53:25.000Z,6.018,2,"",M,61.123,2,"",M,6.000,2,"",N,NaN,,,M,NaN,,,M,NaN,,,M,NaN,,,M,NaN,,,0,NaN,,,0,NaN,,,M,NaN,,,NaN,,,NaN,,,NaN,,
2024-10-21T07:55:14.000Z,6.018,2,"",M,61.123,2,"",M,6.000,2,"",N,NaN,,,M,NaN,,,M,NaN,,,M,NaN,,,M,NaN,,,0,NaN,,,0,NaN,,,M,NaN,,,NaN,,,NaN,,,NaN,,
2024-10-21T07:57:04.000Z,6.018,2,"",M,61.123,2,"",M,6.000,2,"",N,NaN,,,M,NaN,,,M,NaN,,,M,NaN,,,M,NaN,,,0,NaN,,,0,NaN,,,M,NaN,,,NaN,,,NaN,,,NaN,,
2024-10-21T08:01:34.000Z,6.018,2,"",M,61.123,2,"",M,6.000,2,"",N,NaN,,,M,NaN,,,M,NaN,,,M,NaN,,,M,NaN,,,0,NaN,,,0,NaN,,,M,NaN,,,NaN,,,NaN,,,NaN,,
2024-10-21T08:03:24.000Z,6.018,2,"",M,61.123,2,"",M,6.000,2,"",N,NaN,,,M,NaN,,,M,NaN,,,M,NaN,,,M,NaN,,,0,NaN,,,0,NaN,,,M,NaN,,,NaN,,,NaN,,,NaN,,
2024-10-21T08:05:13.000Z,6.018,2,"",M,61.123,2,"",M,6.000,2,"",N,NaN,,,M,NaN,,,M,NaN,,,M,NaN,,,M,NaN,,,0,NaN,,,0,NaN,,,M,NaN,,,NaN,,,NaN,,,NaN,,
2024-10-21T08:09:43.000Z,6.018,2,"",M,61.123,2,"",M,6.000,2,"",N,11.533,2,"",M,28.634,2,"",M,NaN,,,M,NaN,,,M,NaN,,,0,422.474,2,"",M,990.500,2,"",M,NaN,,,NaN,,,408.403,2,"",406.891,2,""
2024-10-21T08:11:33.000Z,6.018,2,"",M,61.123,2,"",M,6.000,2,"",N,11.579,2,"",M,29.019,2,"",M,NaN,,,M,NaN,,,M,NaN,,,0,422.413,2,"",M,990.300,2,"",M,NaN,,,NaN,,,408.244,2,"",406.735,2,""
2024-10-21T08:13:23.000Z,6.018,2,"",M,61.123,2,"",M,6.000,2,"",N,11.592,2,"",M,28.628,2,"",M,NaN,,,M,NaN,,,M,NaN,,,0,422.683,2,"",M,990.300,2,"",M,NaN,,,NaN,,,408.499,2,"",406.989,2,""
2024-10-21T08:15:13.000Z,6.018,2,"",M,61.123,2,"",M,6.000,2,"",N,11.572,2,"",M,28.900,2,"",M,NaN,,,M,NaN,,,M,NaN,,,0,422.773,2,"",M,990.100,2,"",M,NaN,,,NaN,,,408.510,2,"",407.000,2,""
2024-10-21T08:17:02.000Z,6.018,2,"",M,61.123,2,"",M,6.000,2,"",N,11.564,2,"",M,28.750,2,"",M,NaN,,,M,NaN,,,M,NaN,,,0,422.852,2,"",M,990.300,2,"",M,NaN,,,NaN,,,408.673,2,"",407.162,2,""
2024-10-21T08:22:12.000Z,6.018,2,"",M,61.123,2,"",M,6.000,2,"",N,11.515,2,"",M,28.657,2,"",M,11.930,2,"",M,991.980,2,"",M,380.865,2,"",M,NaN,,,0,NaN,,,M,361.312,2,"",359.983,2,"",NaN,,,NaN,,
2024-10-21T08:24:05.000Z,6.018,2,"",M,61.123,2,"",M,6.000,2,"",N,11.583,2,"",M,28.735,2,"",M,11.940,2,"",M,992.080,2,"",M,380.475,2,"",M,NaN,,,0,NaN,,,M,361.860,2,"",360.529,2,"",NaN,,,NaN,,
2024-10-21T08:25:57.000Z,6.018,2,"",M,61.123,2,"",M,6.000,2,"",N,11.623,2,"",M,28.953,2,"",M,11.980,2,"",M,992.350,2,"",M,380.524,2,"",M,NaN,,,0,NaN,,,M,361.988,2,"",360.657,2,"",NaN,,,NaN,,
2024-10-21T08:27:49.000Z,6.018,2,"",M,61.123,2,"",M,6.000,2,"",N,11.578,2,"",M,28.768,2,"",M,12.030,2,"",M,992.410,2,"",M,381.774,2,"",M,NaN,,,0,NaN,,,M,361.739,2,"",360.410,2,"",NaN,,,NaN,,
2024-10-21T08:29:42.000Z,6.018,2,"",M,61.123,2,"",M,6.000,2,"",N,11.583,2,"",M,28.796,2,"",M,11.990,2,"",M,992.400,2,"",M,383.744,2,"",M,NaN,,,0,NaN,,,M,364.300,2,"",362.961,2,"",NaN,,,NaN,,
2024-10-21T08:31:34.000Z,6.018,2,"",M,61.123,2,"",M,6.000,2,"",N,11.566,2,"",M,28.832,2,"",M,11.990,2,"",M,992.770,2,"",M,383.884,2,"",M,NaN,,,0,NaN,,,M,364.307,2,"",362.967,2,"",NaN,,,NaN,,
2024-10-21T08:33:26.000Z,6.018,2,"",M,61.123,2,"",M,6.000,2,"",N,11.567,2,"",M,28.770,2,"",M,11.980,2,"",M,992.600,2,"",M,383.603,2,"",M,NaN,,,0,NaN,,,M,364.146,2,"",362.807,2,"",NaN,,,NaN,,
2024-10-21T08:35:39.000Z,6.018,2,"",M,61.123,2,"",M,6.000,2,"",N,11.527,2,"",M,28.495,2,"",M,11.980,2,"",M,993.230,2,"",M,382.672,2,"",M,NaN,,,0,NaN,,,M,362.881,2,"",361.545,2,"",NaN,,,NaN,,
2024-10-21T08:37:32.000Z,6.018,2,"",M,61.123,2,"",M,6.000,2,"",N,11.548,2,"",M,28.743,2,"",M,11.930,2,"",M,992.860,2,"",M,381.451,2,"",M,NaN,,,0,NaN,,,M,362.701,2,"",361.366,2,"",NaN,,,NaN,,
2024-10-21T08:39:24.000Z,6.018,2,"",M,61.123,2,"",M,6.000,2,"",N,11.498,2,"",M,27.554,2,"",M,11.950,2,"",M,993.240,2,"",M,380.780,2,"",M,NaN,,,0,NaN,,,M,361.124,2,"",359.795,2,"",NaN,,,NaN,,
2024-10-21T08:41:16.000Z,6.018,2,"",M,61.123,2,"",M,6.000,2,"",N,11.545,2,"",M,28.671,2,"",M,11.840,2,"",M,993.490,2,"",M,377.498,2,"",M,NaN,,,0,NaN,,,M,360.526,2,"",359.197,2,"",NaN,,,NaN,,
2024-10-21T08:43:08.000Z,6.018,2,"",M,61.123,2,"",M,6.000,2,"",N,11.576,2,"",M,28.785,2,"",M,11.950,2,"",M,993.360,2,"",M,375.017,2,"",M,NaN,,,0,NaN,,,M,356.872,2,"",355.558,2,"",NaN,,,NaN,,
2024-10-21T08:45:01.000Z,6.018,2,"",M,61.123,2,"",M,6.000,2,"",N,11.612,2,"",M,28.924,2,"",M,11.980,2,"",M,993.440,2,"",M,379.048,2,"",M,NaN,,,0,NaN,,,M,360.823,2,"",359.495,2,"",NaN,,,NaN,,
2024-10-21T08:46:53.000Z,6.018,2,"",M,61.123,2,"",M,6.000,2,"",N,11.360,2,"",M,28.743,2,"",M,12.020,2,"",M,993.530,2,"",M,382.118,2,"",M,NaN,,,0,NaN,,,M,359.302,2,"",357.980,2,"",NaN,,,NaN,,
2024-10-21T08:48:45.000Z,6.018,2,"",M,61.123,2,"",M,6.000,2,"",N,11.533,2,"",M,28.603,2,"",M,11.850,2,"",M,993.290,2,"",M,383.148,2,"",M,NaN,,,0,NaN,,,M,365.507,2,"",364.159,2,"",NaN,,,NaN,,
2024-10-21T08:50:37.000Z,6.018,2,"",M,61.123,2,"",M,6.000,2,"",N,11.586,2,"",M,28.870,2,"",M,11.930,2,"",M,993.530,2,"",M,379.506,2,"",M,NaN,,,0,NaN,,,M,361.669,2,"",360.337,2,"",NaN,,,NaN,,
2024-10-21T08:52:29.000Z,6.018,2,"",M,61.123,2,"",M,6.000,2,"",N,11.468,2,"",M,28.317,2,"",M,11.990,2,"",M,993.710,2,"",M,380.296,2,"",M,NaN,,,0,NaN,,,M,359.758,2,"",358.434,2,"",NaN,,,NaN,,
2024-10-21T08:54:22.000Z,6.018,2,"",M,61.123,2,"",M,6.000,2,"",N,11.499,2,"",M,28.360,2,"",M,11.880,2,"",M,993.240,2,"",M,380.205,2,"",M,NaN,,,0,NaN,,,M,361.682,2,"",360.349,2,"",NaN,,,NaN,,
2024-10-21T08:56:14.000Z,6.018,2,"",M,61.123,2,"",M,6.000,2,"",N,11.599,2,"",M,28.789,2,"",M,11.910,2,"",M,993.290,2,"",M,377.584,2,"",M,NaN,,,0,NaN,,,M,360.273,2,"",358.945,2,"",NaN,,,NaN,,
2024-10-21T08:58:07.000Z,6.018,2,"",M,61.123,2,"",M,6.000,2,"",N,11.602,2,"",M,28.730,2,"",M,11.990,2,"",M,993.240,2,"",M,379.004,2,"",M,NaN,,,0,NaN,,,M,360.393,2,"",359.067,2,"",NaN,,,NaN,,
2024-10-21T08:59:58.000Z,6.018,2,"",M,61.123,2,"",M,6.000,2,"",N,11.518,2,"",M,28.703,2,"",M,11.990,2,"",M,993.320,2,"",M,381.144,2,"",M,NaN,,,0,NaN,,,M,361.181,2,"",359.852,2,"",NaN,,,NaN,,
2024-10-21T09:01:51.000Z,6.018,2,"",M,61.123,2,"",M,6.000,2,"",N,11.586,2,"",M,28.705,2,"",M,11.940,2,"",M,993.450,2,"",M,381.944,2,"",M,NaN,,,0,NaN,,,M,363.817,2,"",362.477,2,"",NaN,,,NaN,,
2024-10-21T09:03:43.000Z,6.018,2,"",M,61.123,2,"",M,6.000,2,"",N,11.558,2,"",M,28.575,2,"",M,11.990,2,"",M,993.480,2,"",M,381.403,2,"",M,NaN,,,0,NaN,,,M,362.091,2,"",360.759,2,"",NaN,,,NaN,,
2024-10-21T09:05:35.000Z,6.018,2,"",M,61.123,2,"",M,6.000,2,"",N,11.494,2,"",M,28.786,2,"",M,11.960,2,"",M,993.490,2,"",M,381.753,2,"",M,NaN,,,0,NaN,,,M,361.917,2,"",360.585,2,"",NaN,,,NaN,,
2024-10-21T09:07:27.000Z,6.018,2,"",M,61.123,2,"",M,6.000,2,"",N,11.576,2,"",M,28.736,2,"",M,11.940,2,"",M,993.810,2,"",M,381.692,2,"",M,NaN,,,0,NaN,,,M,363.548,2,"",362.209,2,"",NaN,,,NaN,,
2024-10-21T09:09:20.000Z,6.018,2,"",M,61.123,2,"",M,6.000,2,"",N,11.572,2,"",M,28.729,2,"",M,11.970,2,"",M,993.540,2,"",M,380.911,2,"",M,NaN,,,0,NaN,,,M,362.178,2,"",360.845,2,"",NaN,,,NaN,,
2024-10-21T09:11:12.000Z,6.018,2,"",M,61.123,2,"",M,6.000,2,"",N,11.516,2,"",M,28.180,2,"",M,11.970,2,"",M,993.920,2,"",M,380.770,2,"",M,NaN,,,0,NaN,,,M,361.325,2,"",359.994,2,"",NaN,,,NaN,,
2024-10-21T09:13:04.000Z,6.018,2,"",M,61.123,2,"",M,6.000,2,"",N,11.513,2,"",M,28.613,2,"",M,11.880,2,"",M,993.770,2,"",M,379.609,2,"",M,NaN,,,0,NaN,,,M,361.527,2,"",360.194,2,"",NaN,,,NaN,,
2024-10-21T09:14:56.000Z,6.018,2,"",M,61.123,2,"",M,6.000,2,"",N,11.489,2,"",M,28.763,2,"",M,11.910,2,"",M,994.030,2,"",M,378.618,2,"",M,NaN,,,0,NaN,,,M,359.854,2,"",358.527,2,"",NaN,,,NaN,,
2024-10-21T09:16:48.000Z,6.018,2,"",M,61.123,2,"",M,6.000,2,"",N,11.562,2,"",M,28.779,2,"",M,11.920,2,"",M,994.130,2,"",M,379.198,2,"",M,NaN,,,0,NaN,,,M,361.400,2,"",360.067,2,"",NaN,,,NaN,,
2024-10-21T09:18:41.000Z,6.018,2,"",M,61.123,2,"",M,6.000,2,"",N,11.441,2,"",M,28.196,2,"",M,11.970,2,"",M,994.210,2,"",M,380.218,2,"",M,NaN,,,0,NaN,,,M,359.770,2,"",358.445,2,"",NaN,,,NaN,,
2024-10-21T09:20:33.000Z,6.018,2,"",M,61.123,2,"",M,6.000,2,"",N,11.423,2,"",M,28.410,2,"",M,11.840,2,"",M,994.110,2,"",M,379.037,2,"",M,NaN,,,0,NaN,,,M,360.360,2,"",359.030,2,"",NaN,,,NaN,,
2024-10-21T09:22:25.000Z,6.018,2,"",M,61.123,2,"",M,6.000,2,"",N,11.380,2,"",M,28.108,2,"",M,11.870,2,"",M,994.190,2,"",M,376.195,2,"",M,NaN,,,0,NaN,,,M,356.568,2,"",355.252,2,"",NaN,,,NaN,,
2024-10-21T09:24:18.000Z,6.018,2,"",M,61.123,2,"",M,6.000,2,"",N,11.477,2,"",M,28.409,2,"",M,11.800,2,"",M,994.260,2,"",M,374.794,2,"",M,NaN,,,0,NaN,,,M,357.806,2,"",356.485,2,"",NaN,,,NaN,,
2024-10-21T09:26:10.000Z,6.018,2,"",M,61.123,2,"",M,6.000,2,"",N,11.378,2,"",M,28.142,2,"",M,11.870,2,"",M,993.990,2,"",M,373.043,2,"",M,NaN,,,0,NaN,,,M,353.475,2,"",352.172,2,"",NaN,,,NaN,,
2024-10-21T09:28:02.000Z,6.018,2,"",M,61.123,2,"",M,6.000,2,"",N,11.372,2,"",M,28.094,2,"",M,11.790,2,"",M,994.290,2,"",M,373.242,2,"",M,NaN,,,0,NaN,,,M,354.919,2,"",353.608,2,"",NaN,,,NaN,,
2024-10-21T09:29:54.000Z,6.018,2,"",M,61.123,2,"",M,6.000,2,"",N,11.392,2,"",M,27.988,2,"",M,11.790,2,"",M,994.670,2,"",M,371.611,2,"",M,NaN,,,0,NaN,,,M,353.801,2,"",352.494,2,"",NaN,,,NaN,,
2024-10-21T09:31:46.000Z,6.018,2,"",M,61.123,2,"",M,6.000,2,"",N,11.437,2,"",M,28.146,2,"",M,11.800,2,"",M,994.570,2,"",M,370.640,2,"",M,NaN,,,0,NaN,,,M,353.352,2,"",352.047,2,"",NaN,,,NaN,,
2024-10-21T09:33:38.000Z,6.018,2,"",M,61.123,2,"",M,6.000,2,"",N,11.532,2,"",M,28.651,2,"",M,11.860,2,"",M,994.870,2,"",M,370.069,2,"",M,NaN,,,0,NaN,,,M,353.427,2,"",352.122,2,"",NaN,,,NaN,,
2024-10-21T09:35:52.000Z,6.018,2,"",M,61.123,2,"",M,6.000,2,"",N,11.505,2,"",M,28.587,2,"",M,11.940,2,"",M,994.770,2,"",M,374.480,2,"",M,NaN,,,0,NaN,,,M,355.969,2,"",354.656,2,"",NaN,,,NaN,,
2024-10-21T09:37:44.000Z,6.018,2,"",M,61.123,2,"",M,6.000,2,"",N,11.361,2,"",M,28.212,2,"",M,11.920,2,"",M,994.880,2,"",M,377.251,2,"",M,NaN,,,0,NaN,,,M,356.761,2,"",355.445,2,"",NaN,,,NaN,,
2024-10-21T09:39:36.000Z,6.018,2,"",M,61.123,2,"",M,6.000,2,"",N,11.446,2,"",M,28.055,2,"",M,11.800,2,"",M,994.650,2,"",M,377.110,2,"",M,NaN,,,0,NaN,,,M,359.690,2,"",358.362,2,"",NaN,,,NaN,,
2024-10-21T09:41:29.000Z,6.018,2,"",M,61.123,2,"",M,6.000,2,"",N,11.377,2,"",M,28.223,2,"",M,11.830,2,"",M,994.970,2,"",M,373.188,2,"",M,NaN,,,0,NaN,,,M,354.564,2,"",353.255,2,"",NaN,,,NaN,,
2024-10-21T09:43:21.000Z,6.018,2,"",M,61.123,2,"",M,6.000,2,"",N,11.411,2,"",M,27.998,2,"",M,11.800,2,"",M,994.820,2,"",M,372.077,2,"",M,NaN,,,0,NaN,,,M,354.422,2,"",353.113,2,"",NaN,,,NaN,,
2024-10-21T09:45:13.000Z,6.018,2,"",M,61.123,2,"",M,6.000,2,"",N,11.323,2,"",M,28.444,2,"",M,11.800,2,"",M,994.520,2,"",M,371.056,2,"",M,NaN,,,0,NaN,,,M,352.039,2,"",350.739,2,"",NaN,,,NaN,,
2024-10-21T09:47:05.000Z,6.018,2,"",M,61.123,2,"",M,6.000,2,"",N,11.452,2,"",M,28.306,2,"",M,11.790,2,"",M,994.670,2,"",M,371.766,2,"",M,NaN,,,0,NaN,,,M,354.843,2,"",353.532,2,"",NaN,,,NaN,,
2024-10-21T09:48:58.000Z,6.018,2,"",M,61.123,2,"",M,6.000,2,"",N,11.317,2,"",M,28.113,2,"",M,11.840,2,"",M,994.820,2,"",M,371.895,2,"",M,NaN,,,0,NaN,,,M,352.238,2,"",350.938,2,"",NaN,,,NaN,,
2024-10-21T09:50:50.000Z,6.018,2,"",M,61.123,2,"",M,6.000,2,"",N,11.342,2,"",M,28.310,2,"",M,11.750,2,"",M,995.090,2,"",M,371.825,2,"",M,NaN,,,0,NaN,,,M,354.017,2,"",352.708,2,"",NaN,,,NaN,,
2024-10-21T09:52:42.000Z,6.018,2,"",M,61.123,2,"",M,6.000,2,"",N,11.326,2,"",M,27.802,2,"",M,11.770,2,"",M,994.730,2,"",M,370.123,2,"",M,NaN,,,0,NaN,,,M,351.722,2,"",350.423,2,"",NaN,,,NaN,,
2024-10-21T09:54:34.000Z,6.018,2,"",M,61.123,2,"",M,6.000,2,"",N,11.480,2,"",M,28.672,2,"",M,11.760,2,"",M,995.010,2,"",M,368.202,2,"",M,NaN,,,0,NaN,,,M,352.439,2,"",351.136,2,"",NaN,,,NaN,,
2024-10-21T09:56:26.000Z,6.018,2,"",M,61.123,2,"",M,6.000,2,"",N,11.265,2,"",M,27.797,2,"",M,11.900,2,"",M,995.350,2,"",M,368.711,2,"",M,NaN,,,0,NaN,,,M,347.743,2,"",346.459,2,"",NaN,,,NaN,,
2024-10-21T09:58:19.000Z,6.018,2,"",M,61.123,2,"",M,6.000,2,"",N,11.455,2,"",M,27.924,2,"",M,11.670,2,"",M,995.660,2,"",M,370.472,2,"",M,NaN,,,0,NaN,,,M,355.859,2,"",354.541,2,"",NaN,,,NaN,,
2024-10-21T10:00:11.000Z,6.018,2,"",M,61.123,2,"",M,6.000,2,"",N,11.303,2,"",M,27.436,2,"",M,11.820,2,"",M,995.800,2,"",M,365.199,2,"",M,NaN,,,0,NaN,,,M,346.337,2,"",345.056,2,"",NaN,,,NaN,,
2024-10-21T10:02:03.000Z,6.018,2,"",M,61.123,2,"",M,6.000,2,"",N,11.284,2,"",M,27.475,2,"",M,11.710,2,"",M,995.920,2,"",M,366.048,2,"",M,NaN,,,0,NaN,,,M,348.561,2,"",347.270,2,"",NaN,,,NaN,,
2024-10-21T10:03:55.000Z,6.018,2,"",M,61.123,2,"",M,6.000,2,"",N,11.446,2,"",M,28.010,2,"",M,11.680,2,"",M,996.060,2,"",M,364.807,2,"",M,NaN,,,0,NaN,,,M,350.264,2,"",348.966,2,"",NaN,,,NaN,,
2024-10-21T10:05:48.000Z,6.018,2,"",M,61.123,2,"",M,6.000,2,"",N,11.323,2,"",M,27.355,2,"",M,11.820,2,"",M,996.260,2,"",M,364.527,2,"",M,NaN,,,0,NaN,,,M,346.148,2,"",344.868,2,"",NaN,,,NaN,,
2024-10-21T10:07:40.000Z,6.018,2,"",M,61.123,2,"",M,6.000,2,"",N,11.387,2,"",M,27.938,2,"",M,11.710,2,"",M,996.280,2,"",M,365.446,2,"",M,NaN,,,0,NaN,,,M,349.635,2,"",348.340,2,"",NaN,,,NaN,,
2024-10-21T10:09:32.000Z,6.018,2,"",M,61.123,2,"",M,6.000,2,"",N,11.453,2,"",M,28.111,2,"",M,11.780,2,"",M,996.220,2,"",M,364.185,2,"",M,NaN,,,0,NaN,,,M,348.326,2,"",347.037,2,"",NaN,,,NaN,,
2024-10-21T10:11:24.000Z,6.018,2,"",M,61.123,2,"",M,6.000,2,"",N,11.332,2,"",M,27.833,2,"",M,11.840,2,"",M,996.305,2,"",M,366.456,2,"",M,NaN,,,0,NaN,,,M,347.836,2,"",346.549,2,"",NaN,,,NaN,,
2024-10-21T10:13:16.000Z,6.018,2,"",M,61.123,2,"",M,6.000,2,"",N,11.434,2,"",M,28.063,2,"",M,11.730,2,"",M,996.350,2,"",M,368.956,2,"",M,NaN,,,0,NaN,,,M,353.420,2,"",352.111,2,"",NaN,,,NaN,,
2024-10-21T10:15:09.000Z,6.018,2,"",M,61.123,2,"",M,6.000,2,"",N,11.221,2,"",M,27.250,2,"",M,11.810,2,"",M,996.670,2,"",M,367.075,2,"",M,NaN,,,0,NaN,,,M,347.364,2,"",346.079,2,"",NaN,,,NaN,,
2024-10-21T10:17:01.000Z,6.018,2,"",M,61.123,2,"",M,6.000,2,"",N,11.376,2,"",M,28.022,2,"",M,11.640,2,"",M,996.550,2,"",M,365.043,2,"",M,NaN,,,0,NaN,,,M,350.245,2,"",348.946,2,"",NaN,,,NaN,,
2024-10-21T10:18:53.000Z,6.018,2,"",M,61.123,2,"",M,6.000,2,"",N,11.339,2,"",M,27.512,2,"",M,11.780,2,"",M,996.780,2,"",M,363.042,2,"",M,NaN,,,0,NaN,,,M,345.753,2,"",344.473,2,"",NaN,,,NaN,,
2024-10-21T10:20:45.000Z,6.018,2,"",M,61.123,2,"",M,6.000,2,"",N,11.391,2,"",M,28.011,2,"",M,11.730,2,"",M,996.770,2,"",M,364.952,2,"",M,NaN,,,0,NaN,,,M,349.093,2,"",347.799,2,"",NaN,,,NaN,,
2024-10-21T10:22:38.000Z,6.018,2,"",M,61.123,2,"",M,6.000,2,"",N,11.277,2,"",M,28.024,2,"",M,11.800,2,"",M,996.805,2,"",M,365.232,2,"",M,NaN,,,0,NaN,,,M,346.634,2,"",345.351,2,"",NaN,,,NaN,,
2024-10-21T10:24:30.000Z,6.018,2,"",M,61.123,2,"",M,6.000,2,"",N,11.285,2,"",M,26.852,2,"",M,11.700,2,"",M,996.780,2,"",M,367.412,2,"",M,NaN,,,0,NaN,,,M,350.322,2,"",349.023,2,"",NaN,,,NaN,,
2024-10-21T10:26:22.000Z,6.018,2,"",M,61.123,2,"",M,6.000,2,"",N,11.261,2,"",M,27.282,2,"",M,11.660,2,"",M,996.840,2,"",M,363.680,2,"",M,NaN,,,0,NaN,,,M,347.043,2,"",345.756,2,"",NaN,,,NaN,,
2024-10-21T10:28:14.000Z,6.018,2,"",M,61.123,2,"",M,6.000,2,"",N,11.089,2,"",M,28.008,2,"",M,11.680,2,"",M,997.030,2,"",M,361.808,2,"",M,NaN,,,0,NaN,,,M,342.527,2,"",341.256,2,"",NaN,,,NaN,,
2024-10-21T10:30:07.000Z,6.018,2,"",M,61.123,2,"",M,6.000,2,"",N,11.288,2,"",M,27.298,2,"",M,11.630,2,"",M,997.020,2,"",M,363.899,2,"",M,NaN,,,0,NaN,,,M,348.161,2,"",346.869,2,"",NaN,,,NaN,,
2024-10-21T10:31:59.000Z,6.018,2,"",M,61.123,2,"",M,6.000,2,"",N,11.244,2,"",M,27.188,2,"",M,11.710,2,"",M,997.130,2,"",M,360.857,2,"",M,NaN,,,0,NaN,,,M,343.449,2,"",342.176,2,"",NaN,,,NaN,,
2024-10-21T10:33:51.000Z,6.018,2,"",M,61.123,2,"",M,6.000,2,"",N,11.184,2,"",M,26.936,2,"",M,11.670,2,"",M,997.300,2,"",M,359.535,2,"",M,NaN,,,0,NaN,,,M,341.975,2,"",340.706,2,"",NaN,,,NaN,,
2024-10-21T10:36:04.000Z,6.018,2,"",M,61.123,2,"",M,6.000,2,"",N,11.255,2,"",M,26.568,2,"",M,11.640,2,"",M,997.200,2,"",M,358.844,2,"",M,NaN,,,0,NaN,,,M,342.759,2,"",341.487,2,"",NaN,,,NaN,,
2024-10-21T10:37:57.000Z,6.018,2,"",M,61.123,2,"",M,6.000,2,"",N,11.149,2,"",M,27.473,2,"",M,11.590,2,"",M,997.120,2,"",M,355.502,2,"",M,NaN,,,0,NaN,,,M,338.755,2,"",337.497,2,"",NaN,,,NaN,,
2024-10-21T10:39:49.000Z,6.018,2,"",M,61.123,2,"",M,6.000,2,"",N,11.334,2,"",M,27.575,2,"",M,11.570,2,"",M,997.260,2,"",M,356.002,2,"",M,NaN,,,0,NaN,,,M,342.234,2,"",340.963,2,"",NaN,,,NaN,,
2024-10-21T10:41:41.000Z,6.018,2,"",M,61.123,2,"",M,6.000,2,"",N,11.126,2,"",M,27.232,2,"",M,11.710,2,"",M,997.250,2,"",M,357.312,2,"",M,NaN,,,0,NaN,,,M,338.426,2,"",337.171,2,"",NaN,,,NaN,,
2024-10-21T10:43:33.000Z,6.018,2,"",M,61.123,2,"",M,6.000,2,"",N,11.120,2,"",M,26.786,2,"",M,11.560,2,"",M,997.460,2,"",M,359.182,2,"",M,NaN,,,0,NaN,,,M,342.391,2,"",341.119,2,"",NaN,,,NaN,,
2024-10-21T10:45:26.000Z,6.018,2,"",M,61.123,2,"",M,6.000,2,"",N,11.142,2,"",M,26.932,2,"",M,11.530,2,"",M,997.460,2,"",M,355.990,2,"",M,NaN,,,0,NaN,,,M,340.112,2,"",338.848,2,"",NaN,,,NaN,,
2024-10-21T10:47:18.000Z,6.018,2,"",M,61.123,2,"",M,6.000,2,"",N,11.173,2,"",M,27.383,2,"",M,11.550,2,"",M,997.450,2,"",M,352.658,2,"",M,NaN,,,0,NaN,,,M,337.079,2,"",335.826,2,"",NaN,,,NaN,,
2024-10-21T10:49:10.000Z,6.018,2,"",M,61.123,2,"",M,6.000,2,"",N,11.181,2,"",M,27.524,2,"",M,11.590,2,"",M,997.465,2,"",M,353.427,2,"",M,NaN,,,0,NaN,,,M,337.351,2,"",336.098,2,"",NaN,,,NaN,,
2024-10-21T10:51:02.000Z,6.018,2,"",M,61.123,2,"",M,6.000,2,"",N,11.283,2,"",M,27.383,2,"",M,11.590,2,"",M,997.910,2,"",M,355.358,2,"",M,NaN,,,0,NaN,,,M,340.817,2,"",339.551,2,"",NaN,,,NaN,,
2024-10-21T10:52:55.000Z,6.018,2,"",M,61.123,2,"",M,6.000,2,"",N,11.224,2,"",M,27.718,2,"",M,11.680,2,"",M,997.930,2,"",M,355.677,2,"",M,NaN,,,0,NaN,,,M,338.958,2,"",337.700,2,"",NaN,,,NaN,,
2024-10-21T10:54:47.000Z,6.018,2,"",M,61.123,2,"",M,6.000,2,"",N,11.138,2,"",M,27.322,2,"",M,11.650,2,"",M,997.990,2,"",M,358.258,2,"",M,NaN,,,0,NaN,,,M,340.629,2,"",339.364,2,"",NaN,,,NaN,,
2024-10-21T10:56:39.000Z,6.018,2,"",M,61.123,2,"",M,6.000,2,"",N,11.119,2,"",M,27.203,2,"",M,11.580,2,"",M,997.960,2,"",M,357.367,2,"",M,NaN,,,0,NaN,,,M,340.535,2,"",339.269,2,"",NaN,,,NaN,,
2024-10-21T10:58:31.000Z,6.018,2,"",M,61.123,2,"",M,6.000,2,"",N,11.151,2,"",M,27.132,2,"",M,11.550,2,"",M,997.790,2,"",M,354.965,2,"",M,NaN,,,0,NaN,,,M,339.085,2,"",337.825,2,"",NaN,,,NaN,,
2024-10-21T11:00:23.000Z,6.018,2,"",M,61.123,2,"",M,6.000,2,"",N,11.185,2,"",M,27.464,2,"",M,11.560,2,"",M,997.740,2,"",M,353.424,2,"",M,NaN,,,0,NaN,,,M,337.933,2,"",336.677,2,"",NaN,,,NaN,,
2024-10-21T11:02:16.000Z,6.018,2,"",M,61.123,2,"",M,6.000,2,"",N,11.242,2,"",M,27.398,2,"",M,11.620,2,"",M,997.821,2,"",M,354.334,2,"",M,NaN,,,0,NaN,,,M,338.765,2,"",337.507,2,"",NaN,,,NaN,,
2024-10-21T11:04:08.000Z,6.018,2,"",M,61.123,2,"",M,6.000,2,"",N,11.365,2,"",M,28.007,2,"",M,11.630,2,"",M,997.910,2,"",M,355.494,2,"",M,NaN,,,0,NaN,,,M,341.542,2,"",340.274,2,"",NaN,,,NaN,,
2024-10-21T11:06:00.000Z,6.018,2,"",M,61.123,2,"",M,6.000,2,"",N,11.065,2,"",M,27.058,2,"",M,11.750,2,"",M,997.700,2,"",M,358.014,2,"",M,NaN,,,0,NaN,,,M,337.789,2,"",336.537,2,"",NaN,,,NaN,,
2024-10-21T11:07:52.000Z,6.018,2,"",M,61.123,2,"",M,6.000,2,"",N,11.132,2,"",M,27.306,2,"",M,11.500,2,"",M,997.790,2,"",M,359.705,2,"",M,NaN,,,0,NaN,,,M,344.075,2,"",342.795,2,"",NaN,,,NaN,,
2024-10-21T11:09:44.000Z,6.018,2,"",M,61.123,2,"",M,6.000,2,"",N,11.266,2,"",M,27.143,2,"",M,11.540,2,"",M,997.790,2,"",M,353.601,2,"",M,NaN,,,0,NaN,,,M,339.579,2,"",338.316,2,"",NaN,,,NaN,,
2024-10-21T11:11:37.000Z,6.018,2,"",M,61.123,2,"",M,6.000,2,"",N,11.283,2,"",M,28.076,2,"",M,11.650,2,"",M,997.690,2,"",M,351.399,2,"",M,NaN,,,0,NaN,,,M,336.066,2,"",334.818,2,"",NaN,,,NaN,,
2024-10-21T11:13:29.000Z,6.018,2,"",M,61.123,2,"",M,6.000,2,"",N,11.099,2,"",M,27.185,2,"",M,11.710,2,"",M,997.940,2,"",M,357.031,2,"",M,NaN,,,0,NaN,,,M,338.021,2,"",336.767,2,"",NaN,,,NaN,,
2024-10-21T11:15:21.000Z,6.018,2,"",M,61.123,2,"",M,6.000,2,"",N,11.165,2,"",M,27.794,2,"",M,11.560,2,"",M,997.720,2,"",M,359.762,2,"",M,NaN,,,0,NaN,,,M,343.691,2,"",342.414,2,"",NaN,,,NaN,,
2024-10-21T11:17:13.000Z,6.018,2,"",M,61.123,2,"",M,6.000,2,"",N,11.145,2,"",M,28.016,2,"",M,11.640,2,"",M,997.920,2,"",M,357.691,2,"",M,NaN,,,0,NaN,,,M,340.314,2,"",339.050,2,"",NaN,,,NaN,,
2024-10-21T11:19:06.000Z,6.018,2,"",M,61.123,2,"",M,6.000,2,"",N,11.320,2,"",M,28.003,2,"",M,11.630,2,"",M,998.050,2,"",M,360.321,2,"",M,NaN,,,0,NaN,,,M,345.569,2,"",344.285,2,"",NaN,,,NaN,,
2024-10-21T11:20:58.000Z,6.018,2,"",M,61.123,2,"",M,6.000,2,"",N,11.348,2,"",M,27.685,2,"",M,11.730,2,"",M,998.250,2,"",M,359.910,2,"",M,NaN,,,0,NaN,,,M,344.165,2,"",342.888,2,"",NaN,,,NaN,,
2024-10-21T11:22:50.000Z,6.018,2,"",M,61.123,2,"",M,6.000,2,"",N,11.341,2,"",M,28.058,2,"",M,11.740,2,"",M,998.600,2,"",M,359.330,2,"",M,NaN,,,0,NaN,,,M,343.473,2,"",342.198,2,"",NaN,,,NaN,,
2024-10-21T11:24:42.000Z,6.018,2,"",M,61.123,2,"",M,6.000,2,"",N,11.322,2,"",M,27.550,2,"",M,11.750,2,"",M,998.600,2,"",M,361.990,2,"",M,NaN,,,0,NaN,,,M,345.595,2,"",344.313,2,"",NaN,,,NaN,,
2024-10-21T11:26:35.000Z,6.018,2,"",M,61.123,2,"",M,6.000,2,"",N,11.253,2,"",M,27.888,2,"",M,11.710,2,"",M,998.600,2,"",M,363.511,2,"",M,NaN,,,0,NaN,,,M,346.637,2,"",345.350,2,"",NaN,,,NaN,,
2024-10-21T11:28:27.000Z,6.018,2,"",M,61.123,2,"",M,6.000,2,"",N,11.281,2,"",M,27.815,2,"",M,11.670,2,"",M,998.450,2,"",M,362.680,2,"",M,NaN,,,0,NaN,,,M,346.793,2,"",345.505,2,"",NaN,,,NaN,,
2024-10-21T11:32:56.000Z,6.018,2,"",M,61.123,2,"",M,6.000,2,"",N,NaN,,,M,NaN,,,M,NaN,,,M,NaN,,,M,NaN,,,0,NaN,,,0,NaN,,,M,NaN,,,NaN,,,NaN,,,NaN,,
2024-10-21T11:34:46.000Z,6.018,2,"",M,61.123,2,"",M,6.000,2,"",N,NaN,,,M,NaN,,,M,NaN,,,M,NaN,,,M,NaN,,,0,NaN,,,0,NaN,,,M,NaN,,,NaN,,,NaN,,,NaN,,
2024-10-21T11:36:57.000Z,6.018,2,"",M,61.123,2,"",M,6.000,2,"",N,NaN,,,M,NaN,,,M,NaN,,,M,NaN,,,M,NaN,,,0,NaN,,,0,NaN,,,M,NaN,,,NaN,,,NaN,,,NaN,,
2024-10-21T11:41:27.000Z,6.018,2,"",M,61.123,2,"",M,6.000,2,"",N,NaN,,,M,NaN,,,M,NaN,,,M,NaN,,,M,NaN,,,0,NaN,,,0,NaN,,,M,NaN,,,NaN,,,NaN,,,NaN,,
2024-10-21T11:43:17.000Z,6.018,2,"",M,61.123,2,"",M,6.000,2,"",N,NaN,,,M,NaN,,,M,NaN,,,M,NaN,,,M,NaN,,,0,NaN,,,0,NaN,,,M,NaN,,,NaN,,,NaN,,,NaN,,
2024-10-21T11:45:06.000Z,6.018,2,"",M,61.123,2,"",M,6.000,2,"",N,NaN,,,M,NaN,,,M,NaN,,,M,NaN,,,M,NaN,,,0,NaN,,,0,NaN,,,M,NaN,,,NaN,,,NaN,,,NaN,,
2024-10-21T11:49:36.000Z,6.018,2,"",M,61.123,2,"",M,6.000,2,"",N,NaN,,,M,NaN,,,M,NaN,,,M,NaN,,,M,NaN,,,0,NaN,,,0,NaN,,,M,NaN,,,NaN,,,NaN,,,NaN,,
2024-10-21T11:51:26.000Z,6.018,2,"",M,61.123,2,"",M,6.000,2,"",N,NaN,,,M,NaN,,,M,NaN,,,M,NaN,,,M,NaN,,,0,NaN,,,0,NaN,,,M,NaN,,,NaN,,,NaN,,,NaN,,
2024-10-21T11:53:16.000Z,6.018,2,"",M,61.123,2,"",M,6.000,2,"",N,NaN,,,M,NaN,,,M,NaN,,,M,NaN,,,M,NaN,,,0,NaN,,,0,NaN,,,M,NaN,,,NaN,,,NaN,,,NaN,,
2024-10-21T11:57:46.000Z,6.018,2,"",M,61.123,2,"",M,6.000,2,"",N,11.263,2,"",M,27.813,2,"",M,NaN,,,M,NaN,,,M,NaN,,,0,422.267,2,"",M,998.300,2,"",M,NaN,,,NaN,,,411.558,2,"",410.018,2,""
2024-10-21T11:59:35.000Z,6.018,2,"",M,61.123,2,"",M,6.000,2,"",N,11.244,2,"",M,27.745,2,"",M,NaN,,,M,NaN,,,M,NaN,,,0,422.640,2,"",M,997.900,2,"",M,NaN,,,NaN,,,411.761,2,"",410.220,2,""
2024-10-21T12:01:25.000Z,6.018,2,"",M,61.123,2,"",M,6.000,2,"",N,11.391,2,"",M,27.713,2,"",M,NaN,,,M,NaN,,,M,NaN,,,0,422.662,2,"",M,998.400,2,"",M,NaN,,,NaN,,,411.938,2,"",410.398,2,""
2024-10-21T12:03:15.000Z,6.018,2,"",M,61.123,2,"",M,6.000,2,"",N,11.271,2,"",M,27.743,2,"",M,NaN,,,M,NaN,,,M,NaN,,,0,422.855,2,"",M,998.400,2,"",M,NaN,,,NaN,,,412.170,2,"",410.627,2,""
2024-10-21T12:05:05.000Z,6.018,2,"",M,61.123,2,"",M,6.000,2,"",N,11.215,2,"",M,27.540,2,"",M,NaN,,,M,NaN,,,M,NaN,,,0,423.027,2,"",M,998.500,2,"",M,NaN,,,NaN,,,412.400,2,"",410.855,2,""
2024-10-21T12:10:15.000Z,6.018,2,"",M,61.123,2,"",M,6.000,2,"",N,11.162,2,"",M,27.331,2,"",M,11.720,2,"",M,999.250,2,"",M,361.474,2,"",M,NaN,,,0,NaN,,,M,343.449,2,"",342.173,2,"",NaN,,,NaN,,
2024-10-21T12:12:07.000Z,6.018,2,"",M,61.123,2,"",M,6.000,2,"",N,11.224,2,"",M,27.303,2,"",M,11.590,2,"",M,999.370,2,"",M,360.746,2,"",M,NaN,,,0,NaN,,,M,345.623,2,"",344.336,2,"",NaN,,,NaN,,
2024-10-21T12:13:59.000Z,6.018,2,"",M,61.123,2,"",M,6.000,2,"",N,11.157,2,"",M,27.945,2,"",M,11.620,2,"",M,999.340,2,"",M,356.915,2,"",M,NaN,,,0,NaN,,,M,340.540,2,"",339.273,2,"",NaN,,,NaN,,
2024-10-21T12:15:52.000Z,6.018,2,"",M,61.123,2,"",M,6.000,2,"",N,11.150,2,"",M,27.285,2,"",M,11.600,2,"",M,999.330,2,"",M,356.627,2,"",M,NaN,,,0,NaN,,,M,340.457,2,"",339.190,2,"",NaN,,,NaN,,
2024-10-21T12:17:44.000Z,6.018,2,"",M,61.123,2,"",M,6.000,2,"",N,11.147,2,"",M,27.267,2,"",M,11.570,2,"",M,999.400,2,"",M,355.909,2,"",M,NaN,,,0,NaN,,,M,340.195,2,"",338.929,2,"",NaN,,,NaN,,
2024-10-21T12:19:36.000Z,6.018,2,"",M,61.123,2,"",M,6.000,2,"",N,11.132,2,"",M,27.249,2,"",M,11.560,2,"",M,999.020,2,"",M,353.579,2,"",M,NaN,,,0,NaN,,,M,337.767,2,"",336.510,2,"",NaN,,,NaN,,
2024-10-21T12:21:29.000Z,6.018,2,"",M,61.123,2,"",M,6.000,2,"",N,11.111,2,"",M,27.404,2,"",M,11.550,2,"",M,999.450,2,"",M,352.721,2,"",M,NaN,,,0,NaN,,,M,336.932,2,"",335.677,2,"",NaN,,,NaN,,
2024-10-21T12:23:21.000Z,6.018,2,"",M,61.123,2,"",M,6.000,2,"",N,11.245,2,"",M,27.685,2,"",M,11.540,2,"",M,999.360,2,"",M,352.012,2,"",M,NaN,,,0,NaN,,,M,338.290,2,"",337.030,2,"",NaN,,,NaN,,
2024-10-21T12:25:13.000Z,6.018,2,"",M,61.123,2,"",M,6.000,2,"",N,11.284,2,"",M,27.603,2,"",M,11.650,2,"",M,999.270,2,"",M,352.525,2,"",M,NaN,,,0,NaN,,,M,337.706,2,"",336.450,2,"",NaN,,,NaN,,
2024-10-21T12:27:05.000Z,6.018,2,"",M,61.123,2,"",M,6.000,2,"",N,11.194,2,"",M,27.626,2,"",M,11.670,2,"",M,999.750,2,"",M,356.259,2,"",M,NaN,,,0,NaN,,,M,339.847,2,"",338.583,2,"",NaN,,,NaN,,
2024-10-21T12:28:57.000Z,6.018,2,"",M,61.123,2,"",M,6.000,2,"",N,11.102,2,"",M,27.102,2,"",M,11.630,2,"",M,999.770,2,"",M,358.813,2,"",M,NaN,,,0,NaN,,,M,341.558,2,"",340.287,2,"",NaN,,,NaN,,
2024-10-21T12:30:50.000Z,6.018,2,"",M,61.123,2,"",M,6.000,2,"",N,11.099,2,"",M,27.121,2,"",M,11.530,2,"",M,999.810,2,"",M,356.113,2,"",M,NaN,,,0,NaN,,,M,340.416,2,"",339.147,2,"",NaN,,,NaN,,
2024-10-21T12:32:42.000Z,6.018,2,"",M,61.123,2,"",M,6.000,2,"",N,11.093,2,"",M,27.091,2,"",M,11.520,2,"",M,999.820,2,"",M,351.332,2,"",M,NaN,,,0,NaN,,,M,335.912,2,"",334.660,2,"",NaN,,,NaN,,
2024-10-21T12:34:34.000Z,6.018,2,"",M,61.123,2,"",M,6.000,2,"",N,11.138,2,"",M,27.109,2,"",M,11.510,2,"",M,999.930,2,"",M,349.622,2,"",M,NaN,,,0,NaN,,,M,335.103,2,"",333.854,2,"",NaN,,,NaN,,
2024-10-21T12:36:48.000Z,6.018,2,"",M,61.123,2,"",M,6.000,2,"",N,11.061,2,"",M,26.950,2,"",M,11.520,2,"",M,999.880,2,"",M,349.134,2,"",M,NaN,,,0,NaN,,,M,333.383,2,"",332.141,2,"",NaN,,,NaN,,
2024-10-21T12:38:40.000Z,6.018,2,"",M,61.123,2,"",M,6.000,2,"",N,11.082,2,"",M,26.896,2,"",M,11.480,2,"",M,999.740,2,"",M,348.786,2,"",M,NaN,,,0,NaN,,,M,333.871,2,"",332.627,2,"",NaN,,,NaN,,
2024-10-21T12:40:32.000Z,6.018,2,"",M,61.123,2,"",M,6.000,2,"",N,11.041,2,"",M,26.886,2,"",M,11.500,2,"",M,999.880,2,"",M,347.277,2,"",M,NaN,,,0,NaN,,,M,331.618,2,"",330.382,2,"",NaN,,,NaN,,
2024-10-21T12:42:24.000Z,6.018,2,"",M,61.123,2,"",M,6.000,2,"",N,11.027,2,"",M,26.829,2,"",M,11.460,2,"",M,999.710,2,"",M,347.369,2,"",M,NaN,,,0,NaN,,,M,332.022,2,"",330.784,2,"",NaN,,,NaN,,
2024-10-21T12:44:16.000Z,6.018,2,"",M,61.123,2,"",M,6.000,2,"",N,11.023,2,"",M,26.780,2,"",M,11.440,2,"",M,999.780,2,"",M,346.580,2,"",M,NaN,,,0,NaN,,,M,331.527,2,"",330.291,2,"",NaN,,,NaN,,
2024-10-21T12:46:09.000Z,6.018,2,"",M,61.123,2,"",M,6.000,2,"",N,11.023,2,"",M,26.784,2,"",M,11.450,2,"",M,1000.270,2,"",M,344.791,2,"",M,NaN,,,0,NaN,,,M,329.830,2,"",328.600,2,"",NaN,,,NaN,,
2024-10-21T12:48:01.000Z,6.018,2,"",M,61.123,2,"",M,6.000,2,"",N,11.011,2,"",M,26.738,2,"",M,11.450,2,"",M,1000.200,2,"",M,344.263,2,"",M,NaN,,,0,NaN,,,M,329.132,2,"",327.904,2,"",NaN,,,NaN,,
2024-10-21T12:49:53.000Z,6.018,2,"",M,61.123,2,"",M,6.000,2,"",N,11.013,2,"",M,26.743,2,"",M,11.430,2,"",M,1000.100,2,"",M,343.794,2,"",M,NaN,,,0,NaN,,,M,328.965,2,"",327.737,2,"",NaN,,,NaN,,
2024-10-21T12:51:45.000Z,6.018,2,"",M,61.123,2,"",M,6.000,2,"",N,10.997,2,"",M,26.587,2,"",M,11.430,2,"",M,1000.310,2,"",M,343.426,2,"",M,NaN,,,0,NaN,,,M,328.461,2,"",327.235,2,"",NaN,,,NaN,,
2024-10-21T12:53:38.000Z,6.018,2,"",M,61.123,2,"",M,6.000,2,"",N,11.019,2,"",M,27.010,2,"",M,11.410,2,"",M,1000.500,2,"",M,342.927,2,"",M,NaN,,,0,NaN,,,M,328.633,2,"",327.405,2,"",NaN,,,NaN,,
2024-10-21T12:55:30.000Z,6.018,2,"",M,61.123,2,"",M,6.000,2,"",N,11.046,2,"",M,26.703,2,"",M,11.450,2,"",M,1000.300,2,"",M,343.250,2,"",M,NaN,,,0,NaN,,,M,328.688,2,"",327.461,2,"",NaN,,,NaN,,
2024-10-21T12:57:22.000Z,6.018,2,"",M,61.123,2,"",M,6.000,2,"",N,11.014,2,"",M,26.619,2,"",M,11.450,2,"",M,1000.210,2,"",M,343.972,2,"",M,NaN,,,0,NaN,,,M,328.902,2,"",327.674,2,"",NaN,,,NaN,,
2024-10-21T12:59:14.000Z,6.018,2,"",M,61.123,2,"",M,6.000,2,"",N,10.979,2,"",M,26.581,2,"",M,11.420,2,"",M,1000.320,2,"",M,343.674,2,"",M,NaN,,,0,NaN,,,M,328.588,2,"",327.361,2,"",NaN,,,NaN,,
2024-10-21T13:01:06.000Z,6.018,2,"",M,61.123,2,"",M,6.000,2,"",N,10.973,2,"",M,26.548,2,"",M,11.410,2,"",M,1000.540,2,"",M,342.415,2,"",M,NaN,,,0,NaN,,,M,327.524,2,"",326.301,2,"",NaN,,,NaN,,
2024-10-21T13:02:58.000Z,6.018,2,"",M,61.123,2,"",M,6.000,2,"",N,10.967,2,"",M,26.555,2,"",M,11.400,2,"",M,1000.420,2,"",M,341.756,2,"",M,NaN,,,0,NaN,,,M,326.905,2,"",325.684,2,"",NaN,,,NaN,,
2024-10-21T13:04:50.000Z,6.018,2,"",M,61.123,2,"",M,6.000,2,"",N,11.101,2,"",M,26.668,2,"",M,11.390,2,"",M,1000.730,2,"",M,341.298,2,"",M,NaN,,,0,NaN,,,M,328.566,2,"",327.338,2,"",NaN,,,NaN,,
2024-10-21T13:06:42.000Z,6.018,2,"",M,61.123,2,"",M,6.000,2,"",N,10.975,2,"",M,26.928,2,"",M,11.500,2,"",M,1000.730,2,"",M,340.989,2,"",M,NaN,,,0,NaN,,,M,324.987,2,"",323.774,2,"",NaN,,,NaN,,
2024-10-21T13:08:34.000Z,6.018,2,"",M,61.123,2,"",M,6.000,2,"",N,10.974,2,"",M,26.505,2,"",M,11.410,2,"",M,1000.770,2,"",M,343.363,2,"",M,NaN,,,0,NaN,,,M,328.525,2,"",327.298,2,"",NaN,,,NaN,,
2024-10-21T13:10:26.000Z,6.018,2,"",M,61.123,2,"",M,6.000,2,"",N,10.963,2,"",M,26.542,2,"",M,11.390,2,"",M,1000.870,2,"",M,342.615,2,"",M,NaN,,,0,NaN,,,M,327.971,2,"",326.746,2,"",NaN,,,NaN,,
2024-10-21T13:12:19.000Z,6.018,2,"",M,61.123,2,"",M,6.000,2,"",N,10.971,2,"",M,26.588,2,"",M,11.380,2,"",M,1000.840,2,"",M,340.745,2,"",M,NaN,,,0,NaN,,,M,326.415,2,"",325.195,2,"",NaN,,,NaN,,
2024-10-21T13:14:11.000Z,6.018,2,"",M,61.123,2,"",M,6.000,2,"",N,10.972,2,"",M,26.594,2,"",M,11.390,2,"",M,1000.850,2,"",M,340.657,2,"",M,NaN,,,0,NaN,,,M,326.209,2,"",324.990,2,"",NaN,,,NaN,,
2024-10-21T13:16:04.000Z,6.018,2,"",M,61.123,2,"",M,6.000,2,"",N,10.961,2,"",M,26.587,2,"",M,11.400,2,"",M,1000.804,2,"",M,340.609,2,"",M,NaN,,,0,NaN,,,M,325.862,2,"",324.645,2,"",NaN,,,NaN,,
2024-10-21T13:17:55.000Z,6.018,2,"",M,61.123,2,"",M,6.000,2,"",N,10.957,2,"",M,26.513,2,"",M,11.390,2,"",M,1001.060,2,"",M,340.751,2,"",M,NaN,,,0,NaN,,,M,326.164,2,"",324.945,2,"",NaN,,,NaN,,
2024-10-21T13:19:48.000Z,6.018,2,"",M,61.123,2,"",M,6.000,2,"",N,10.957,2,"",M,26.480,2,"",M,11.380,2,"",M,1001.200,2,"",M,340.232,2,"",M,NaN,,,0,NaN,,,M,325.852,2,"",324.634,2,"",NaN,,,NaN,,
2024-10-21T13:21:40.000Z,6.018,2,"",M,61.123,2,"",M,6.000,2,"",N,10.965,2,"",M,26.479,2,"",M,11.370,2,"",M,1001.340,2,"",M,339.584,2,"",M,NaN,,,0,NaN,,,M,325.524,2,"",324.307,2,"",NaN,,,NaN,,
2024-10-21T13:23:32.000Z,6.018,2,"",M,61.123,2,"",M,6.000,2,"",N,11.062,2,"",M,26.497,2,"",M,11.380,2,"",M,1001.530,2,"",M,339.205,2,"",M,NaN,,,0,NaN,,,M,326.417,2,"",325.197,2,"",NaN,,,NaN,,
2024-10-21T13:25:24.000Z,6.018,2,"",M,61.123,2,"",M,6.000,2,"",N,10.964,2,"",M,26.508,2,"",M,11.430,2,"",M,1001.535,2,"",M,339.247,2,"",M,NaN,,,0,NaN,,,M,324.418,2,"",323.205,2,"",NaN,,,NaN,,
2024-10-21T13:27:16.000Z,6.018,2,"",M,61.123,2,"",M,6.000,2,"",N,10.963,2,"",M,26.624,2,"",M,11.380,2,"",M,1001.600,2,"",M,340.230,2,"",M,NaN,,,0,NaN,,,M,326.061,2,"",324.842,2,"",NaN,,,NaN,,
2024-10-21T13:29:09.000Z,6.018,2,"",M,61.123,2,"",M,6.000,2,"",N,11.017,2,"",M,26.448,2,"",M,11.390,2,"",M,1001.590,2,"",M,339.992,2,"",M,NaN,,,0,NaN,,,M,326.431,2,"",325.211,2,"",NaN,,,NaN,,
2024-10-21T13:31:01.000Z,6.018,2,"",M,61.123,2,"",M,6.000,2,"",N,11.241,2,"",M,27.645,2,"",M,11.430,2,"",M,1001.870,2,"",M,339.693,2,"",M,NaN,,,0,NaN,,,M,328.781,2,"",327.552,2,"",NaN,,,NaN,,
2024-10-21T13:32:53.000Z,6.018,2,"",M,61.123,2,"",M,6.000,2,"",N,11.027,2,"",M,26.777,2,"",M,11.610,2,"",M,1001.940,2,"",M,344.099,2,"",M,NaN,,,0,NaN,,,M,327.518,2,"",326.296,2,"",NaN,,,NaN,,
2024-10-21T13:34:45.000Z,6.018,2,"",M,61.123,2,"",M,6.000,2,"",N,10.961,2,"",M,26.530,2,"",M,11.430,2,"",M,1001.950,2,"",M,347.885,2,"",M,NaN,,,0,NaN,,,M,332.768,2,"",331.524,2,"",NaN,,,NaN,,
2024-10-21T13:36:59.000Z,6.018,2,"",M,61.123,2,"",M,6.000,2,"",N,10.974,2,"",M,26.571,2,"",M,11.380,2,"",M,1002.030,2,"",M,342.832,2,"",M,NaN,,,0,NaN,,,M,328.851,2,"",327.620,2,"",NaN,,,NaN,,
2024-10-21T13:38:51.000Z,6.018,2,"",M,61.125,2,"",M,6.000,2,"",N,10.986,2,"",M,26.572,2,"",M,11.390,2,"",M,1001.920,2,"",M,340.372,2,"",M,NaN,,,0,NaN,,,M,326.478,2,"",325.257,2,"",NaN,,,NaN,,
2024-10-21T13:40:43.000Z,6.017,2,"",M,61.126,2,"",M,6.000,2,"",N,11.007,2,"",M,26.738,2,"",M,11.390,2,"",M,1002.060,2,"",M,339.733,2,"",M,NaN,,,0,NaN,,,M,326.208,2,"",324.988,2,"",NaN,,,NaN,,
2024-10-21T13:42:35.000Z,6.014,2,"",M,61.128,2,"",M,6.000,2,"",N,11.022,2,"",M,26.812,2,"",M,11.420,2,"",M,1002.120,2,"",M,339.945,2,"",M,NaN,,,0,NaN,,,M,326.219,2,"",324.999,2,"",NaN,,,NaN,,
2024-10-21T13:44:28.000Z,6.012,2,"",M,61.129,2,"",M,6.000,2,"",N,11.037,2,"",M,26.898,2,"",M,11.440,2,"",M,1001.860,2,"",M,341.219,2,"",M,NaN,,,0,NaN,,,M,327.279,2,"",326.055,2,"",NaN,,,NaN,,
2024-10-21T13:46:20.000Z,6.010,2,"",M,61.131,2,"",M,6.000,2,"",N,10.984,2,"",M,26.852,2,"",M,11.460,2,"",M,1002.070,2,"",M,342.342,2,"",M,NaN,,,0,NaN,,,M,327.408,2,"",326.185,2,"",NaN,,,NaN,,
2024-10-21T13:48:12.000Z,6.008,2,"",M,61.133,2,"",M,6.000,2,"",N,10.929,2,"",M,26.645,2,"",M,11.410,2,"",M,1002.230,2,"",M,343.345,2,"",M,NaN,,,0,NaN,,,M,328.366,2,"",327.138,2,"",NaN,,,NaN,,
2024-10-21T13:50:04.000Z,6.005,2,"",M,61.134,2,"",M,6.000,2,"",N,10.927,2,"",M,26.467,2,"",M,11.360,2,"",M,1002.120,2,"",M,342.546,2,"",M,NaN,,,0,NaN,,,M,328.235,2,"",327.006,2,"",NaN,,,NaN,,
2024-10-21T13:51:57.000Z,6.002,2,"",M,61.134,2,"",M,6.000,2,"",N,10.976,2,"",M,26.674,2,"",M,11.340,2,"",M,1002.370,2,"",M,340.305,2,"",M,NaN,,,0,NaN,,,M,327.131,2,"",325.906,2,"",NaN,,,NaN,,
2024-10-21T13:53:49.000Z,5.999,2,"",M,61.134,2,"",M,6.000,2,"",N,10.985,2,"",M,26.727,2,"",M,11.390,2,"",M,1002.130,2,"",M,339.677,2,"",M,NaN,,,0,NaN,,,M,325.875,2,"",324.655,2,"",NaN,,,NaN,,
2024-10-21T13:55:41.000Z,5.996,2,"",M,61.135,2,"",M,6.000,2,"",N,10.990,2,"",M,26.733,2,"",M,11.400,2,"",M,1002.490,2,"",M,340.570,2,"",M,NaN,,,0,NaN,,,M,326.772,2,"",325.549,2,"",NaN,,,NaN,,
2024-10-21T13:57:33.000Z,5.992,2,"",M,61.135,2,"",M,6.000,2,"",N,10.980,2,"",M,26.761,2,"",M,11.400,2,"",M,1002.280,2,"",M,341.242,2,"",M,NaN,,,0,NaN,,,M,327.220,2,"",325.995,2,"",NaN,,,NaN,,
2024-10-21T13:59:26.000Z,5.989,2,"",M,61.136,2,"",M,6.000,2,"",N,10.980,2,"",M,26.739,2,"",M,11.400,2,"",M,1002.420,2,"",M,341.654,2,"",M,NaN,,,0,NaN,,,M,327.652,2,"",326.426,2,"",NaN,,,NaN,,
2024-10-21T14:01:18.000Z,5.986,2,"",M,61.136,2,"",M,6.000,2,"",N,10.972,2,"",M,26.726,2,"",M,11.400,2,"",M,1002.360,2,"",M,341.737,2,"",M,NaN,,,0,NaN,,,M,327.609,2,"",326.383,2,"",NaN,,,NaN,,
2024-10-21T14:03:10.000Z,5.982,2,"",M,61.136,2,"",M,6.000,2,"",N,10.976,2,"",M,26.722,2,"",M,11.400,2,"",M,1002.330,2,"",M,341.698,2,"",M,NaN,,,0,NaN,,,M,327.617,2,"",326.391,2,"",NaN,,,NaN,,
2024-10-21T14:05:02.000Z,5.979,2,"",M,61.137,2,"",M,6.000,2,"",N,10.980,2,"",M,26.758,2,"",M,11.400,2,"",M,1002.270,2,"",M,341.911,2,"",M,NaN,,,0,NaN,,,M,327.851,2,"",326.624,2,"",NaN,,,NaN,,
2024-10-21T14:06:55.000Z,5.975,2,"",M,61.138,2,"",M,6.000,2,"",N,10.989,2,"",M,26.791,2,"",M,11.400,2,"",M,1002.320,2,"",M,342.053,2,"",M,NaN,,,0,NaN,,,M,328.132,2,"",326.904,2,"",NaN,,,NaN,,
2024-10-21T14:08:47.000Z,5.971,2,"",M,61.138,2,"",M,6.000,2,"",N,10.992,2,"",M,26.828,2,"",M,11.410,2,"",M,1002.390,2,"",M,342.165,2,"",M,NaN,,,0,NaN,,,M,328.153,2,"",326.925,2,"",NaN,,,NaN,,
2024-10-21T14:10:39.000Z,5.968,2,"",M,61.138,2,"",M,6.000,2,"",N,10.990,2,"",M,26.824,2,"",M,11.410,2,"",M,1002.310,2,"",M,342.867,2,"",M,NaN,,,0,NaN,,,M,328.782,2,"",327.552,2,"",NaN,,,NaN,,
2024-10-21T14:12:31.000Z,5.964,2,"",M,61.139,2,"",M,6.000,2,"",N,10.994,2,"",M,26.842,2,"",M,11.410,2,"",M,1003.090,2,"",M,342.779,2,"",M,NaN,,,0,NaN,,,M,329.002,2,"",327.771,2,"",NaN,,,NaN,,
2024-10-21T14:14:23.000Z,5.961,2,"",M,61.139,2,"",M,6.000,2,"",N,10.993,2,"",M,26.862,2,"",M,11.410,2,"",M,1002.900,2,"",M,343.072,2,"",M,NaN,,,0,NaN,,,M,329.211,2,"",327.978,2,"",NaN,,,NaN,,
2024-10-21T14:16:16.000Z,5.958,2,"",M,61.139,2,"",M,6.000,2,"",N,10.995,2,"",M,26.879,2,"",M,11.410,2,"",M,1003.390,2,"",M,343.134,2,"",M,NaN,,,0,NaN,,,M,329.469,2,"",328.235,2,"",NaN,,,NaN,,
2024-10-21T14:18:08.000Z,5.954,2,"",M,61.139,2,"",M,6.000,2,"",N,10.998,2,"",M,26.878,2,"",M,11.410,2,"",M,1003.200,2,"",M,343.636,2,"",M,NaN,,,0,NaN,,,M,329.922,2,"",328.687,2,"",NaN,,,NaN,,
2024-10-21T14:20:00.000Z,5.951,2,"",M,61.140,2,"",M,6.000,2,"",N,10.999,2,"",M,26.889,2,"",M,11.410,2,"",M,1003.260,2,"",M,344.119,2,"",M,NaN,,,0,NaN,,,M,330.424,2,"",329.187,2,"",NaN,,,NaN,,
2024-10-21T14:21:52.000Z,5.948,2,"",M,61.140,2,"",M,6.000,2,"",N,11.015,2,"",M,26.932,2,"",M,11.410,2,"",M,1003.350,2,"",M,344.411,2,"",M,NaN,,,0,NaN,,,M,330.953,2,"",329.713,2,"",NaN,,,NaN,,
2024-10-21T14:23:45.000Z,5.945,2,"",M,61.141,2,"",M,6.000,2,"",N,11.066,2,"",M,27.084,2,"",M,11.420,2,"",M,1003.520,2,"",M,344.603,2,"",M,NaN,,,0,NaN,,,M,331.769,2,"",330.526,2,"",NaN,,,NaN,,
2024-10-21T14:25:37.000Z,5.941,2,"",M,61.143,2,"",M,6.000,2,"",N,11.086,2,"",M,27.306,2,"",M,11.460,2,"",M,1003.460,2,"",M,345.586,2,"",M,NaN,,,0,NaN,,,M,332.397,2,"",331.153,2,"",NaN,,,NaN,,
2024-10-21T14:27:29.000Z,5.939,2,"",M,61.144,2,"",M,6.000,2,"",N,11.056,2,"",M,27.187,2,"",M,11.490,2,"",M,1003.625,2,"",M,348.682,2,"",M,NaN,,,0,NaN,,,M,334.576,2,"",333.324,2,"",NaN,,,NaN,,
2024-10-21T14:29:21.000Z,5.938,2,"",M,61.144,2,"",M,6.000,2,"",N,11.053,2,"",M,27.138,2,"",M,11.480,2,"",M,1003.810,2,"",M,350.406,2,"",M,NaN,,,0,NaN,,,M,336.392,2,"",335.133,2,"",NaN,,,NaN,,
2024-10-21T14:31:13.000Z,5.938,2,"",M,61.144,2,"",M,6.000,2,"",N,11.085,2,"",M,27.211,2,"",M,11.480,2,"",M,1003.840,2,"",M,350.428,2,"",M,NaN,,,0,NaN,,,M,336.889,2,"",335.627,2,"",NaN,,,NaN,,
2024-10-21T14:33:06.000Z,5.938,2,"",M,61.144,2,"",M,6.000,2,"",N,11.115,2,"",M,27.394,2,"",M,11.500,2,"",M,1003.920,2,"",M,351.301,2,"",M,NaN,,,0,NaN,,,M,337.883,2,"",336.619,2,"",NaN,,,NaN,,
2024-10-21T14:34:58.000Z,5.938,2,"",M,61.144,2,"",M,6.000,2,"",N,11.044,2,"",M,27.122,2,"",M,11.530,2,"",M,1003.870,2,"",M,352.073,2,"",M,NaN,,,0,NaN,,,M,337.156,2,"",335.895,2,"",NaN,,,NaN,,
2024-10-21T14:37:11.000Z,5.938,2,"",M,61.144,2,"",M,6.000,2,"",N,11.103,2,"",M,27.139,2,"",M,11.480,2,"",M,1003.890,2,"",M,352.366,2,"",M,NaN,,,0,NaN,,,M,339.017,2,"",337.748,2,"",NaN,,,NaN,,
2024-10-21T14:39:04.000Z,5.938,2,"",M,61.144,2,"",M,6.000,2,"",N,11.101,2,"",M,27.092,2,"",M,11.490,2,"",M,1003.810,2,"",M,351.387,2,"",M,NaN,,,0,NaN,,,M,337.882,2,"",336.618,2,"",NaN,,,NaN,,
2024-10-21T14:40:56.000Z,5.938,2,"",M,61.144,2,"",M,6.000,2,"",N,11.047,2,"",M,27.218,2,"",M,11.490,2,"",M,1003.780,2,"",M,350.878,2,"",M,NaN,,,0,NaN,,,M,336.617,2,"",335.357,2,"",NaN,,,NaN,,
2024-10-21T14:42:48.000Z,5.938,2,"",M,61.144,2,"",M,6.000,2,"",N,11.064,2,"",M,27.099,2,"",M,11.470,2,"",M,1003.710,2,"",M,351.171,2,"",M,NaN,,,0,NaN,,,M,337.406,2,"",336.143,2,"",NaN,,,NaN,,
2024-10-21T14:44:40.000Z,5.938,2,"",M,61.144,2,"",M,6.000,2,"",N,11.026,2,"",M,27.131,2,"",M,11.480,2,"",M,1003.900,2,"",M,350.882,2,"",M,NaN,,,0,NaN,,,M,336.502,2,"",335.243,2,"",NaN,,,NaN,,
2024-10-21T14:46:33.000Z,5.938,2,"",M,61.144,2,"",M,6.000,2,"",N,11.021,2,"",M,27.029,2,"",M,11.440,2,"",M,1003.790,2,"",M,350.274,2,"",M,NaN,,,0,NaN,,,M,336.392,2,"",335.132,2,"",NaN,,,NaN,,
2024-10-21T14:48:25.000Z,5.938,2,"",M,61.144,2,"",M,6.000,2,"",N,11.053,2,"",M,27.123,2,"",M,11.440,2,"",M,1004.030,2,"",M,349.485,2,"",M,NaN,,,0,NaN,,,M,336.163,2,"",334.904,2,"",NaN,,,NaN,,
2024-10-21T14:50:17.000Z,5.938,2,"",M,61.144,2,"",M,6.000,2,"",N,11.042,2,"",M,27.092,2,"",M,11.470,2,"",M,1004.170,2,"",M,348.736,2,"",M,NaN,,,0,NaN,,,M,334.908,2,"",333.653,2,"",NaN,,,NaN,,
2024-10-21T14:52:09.000Z,5.938,2,"",M,61.144,2,"",M,6.000,2,"",N,11.056,2,"",M,27.135,2,"",M,11.460,2,"",M,1004.130,2,"",M,349.529,2,"",M,NaN,,,0,NaN,,,M,335.999,2,"",334.741,2,"",NaN,,,NaN,,
2024-10-21T14:54:01.000Z,5.938,2,"",M,61.144,2,"",M,6.000,2,"",N,11.057,2,"",M,27.174,2,"",M,11.470,2,"",M,1004.290,2,"",M,349.771,2,"",M,NaN,,,0,NaN,,,M,336.159,2,"",334.900,2,"",NaN,,,NaN,,
2024-10-21T14:55:54.000Z,5.938,2,"",M,61.144,2,"",M,6.000,2,"",N,11.058,2,"",M,27.169,2,"",M,11.480,2,"",M,1004.290,2,"",M,350.284,2,"",M,NaN,,,0,NaN,,,M,336.513,2,"",335.253,2,"",NaN,,,NaN,,
2024-10-21T14:57:46.000Z,5.938,2,"",M,61.144,2,"",M,6.000,2,"",N,11.049,2,"",M,27.136,2,"",M,11.470,2,"",M,1004.190,2,"",M,350.326,2,"",M,NaN,,,0,NaN,,,M,336.535,2,"",335.275,2,"",NaN,,,NaN,,
2024-10-21T14:59:38.000Z,5.938,2,"",M,61.144,2,"",M,6.000,2,"",N,11.041,2,"",M,27.122,2,"",M,11.460,2,"",M,1004.150,2,"",M,350.328,2,"",M,NaN,,,0,NaN,,,M,336.551,2,"",335.290,2,"",NaN,,,NaN,,
2024-10-21T15:01:30.000Z,5.938,2,"",M,61.144,2,"",M,6.000,2,"",N,11.053,2,"",M,27.182,2,"",M,11.450,2,"",M,1004.180,2,"",M,350.270,2,"",M,NaN,,,0,NaN,,,M,336.828,2,"",335.567,2,"",NaN,,,NaN,,
2024-10-21T15:03:23.000Z,5.938,2,"",M,61.144,2,"",M,6.000,2,"",N,11.080,2,"",M,27.148,2,"",M,11.470,2,"",M,1004.170,2,"",M,350.222,2,"",M,NaN,,,0,NaN,,,M,336.874,2,"",335.612,2,"",NaN,,,NaN,,
2024-10-21T15:05:15.000Z,5.938,2,"",M,61.144,2,"",M,6.000,2,"",N,11.137,2,"",M,27.182,2,"",M,11.480,2,"",M,1004.190,2,"",M,350.294,2,"",M,NaN,,,0,NaN,,,M,337.621,2,"",336.356,2,"",NaN,,,NaN,,
2024-10-21T15:07:07.000Z,5.938,2,"",M,61.144,2,"",M,6.000,2,"",N,11.093,2,"",M,27.402,2,"",M,11.530,2,"",M,1004.420,2,"",M,351.047,2,"",M,NaN,,,0,NaN,,,M,337.057,2,"",335.795,2,"",NaN,,,NaN,,
2024-10-21T15:08:59.000Z,5.938,2,"",M,61.144,2,"",M,6.000,2,"",N,11.065,2,"",M,27.475,2,"",M,11.520,2,"",M,1004.270,2,"",M,352.060,2,"",M,NaN,,,0,NaN,,,M,337.726,2,"",336.462,2,"",NaN,,,NaN,,
2024-10-21T15:10:51.000Z,5.938,2,"",M,61.144,2,"",M,6.000,2,"",N,11.068,2,"",M,27.196,2,"",M,11.500,2,"",M,1004.280,2,"",M,353.073,2,"",M,NaN,,,0,NaN,,,M,339.039,2,"",337.769,2,"",NaN,,,NaN,,
2024-10-21T15:12:44.000Z,5.938,2,"",M,61.144,2,"",M,6.000,2,"",N,11.119,2,"",M,27.203,2,"",M,11.490,2,"",M,1004.290,2,"",M,352.585,2,"",M,NaN,,,0,NaN,,,M,339.449,2,"",338.178,2,"",NaN,,,NaN,,
2024-10-21T15:14:36.000Z,5.938,2,"",M,61.144,2,"",M,6.000,2,"",N,11.093,2,"",M,27.449,2,"",M,11.510,2,"",M,1004.290,2,"",M,352.907,2,"",M,NaN,,,0,NaN,,,M,339.103,2,"",337.834,2,"",NaN,,,NaN,,
2024-10-21T15:16:28.000Z,5.938,2,"",M,61.144,2,"",M,6.000,2,"",N,11.138,2,"",M,27.305,2,"",M,11.520,2,"",M,1004.570,2,"",M,354.000,2,"",M,NaN,,,0,NaN,,,M,340.739,2,"",339.463,2,"",NaN,,,NaN,,
2024-10-21T15:20:58.000Z,5.938,2,"",M,61.144,2,"",M,6.000,2,"",N,NaN,,,M,NaN,,,M,NaN,,,M,NaN,,,M,NaN,,,0,NaN,,,0,NaN,,,M,NaN,,,NaN,,,NaN,,,NaN,,
2024-10-21T15:22:47.000Z,5.938,2,"",M,61.144,2,"",M,6.000,2,"",N,NaN,,,M,NaN,,,M,NaN,,,M,NaN,,,M,NaN,,,0,NaN,,,0,NaN,,,M,NaN,,,NaN,,,NaN,,,NaN,,
2024-10-21T15:24:37.000Z,5.938,2,"",M,61.144,2,"",M,6.000,2,"",N,NaN,,,M,NaN,,,M,NaN,,,M,NaN,,,M,NaN,,,0,NaN,,,0,NaN,,,M,NaN,,,NaN,,,NaN,,,NaN,,
2024-10-21T15:29:07.000Z,5.942,2,"",M,61.142,2,"",M,6.000,2,"",N,NaN,,,M,NaN,,,M,NaN,,,M,NaN,,,M,NaN,,,0,NaN,,,0,NaN,,,M,NaN,,,NaN,,,NaN,,,NaN,,
2024-10-21T15:30:57.000Z,5.949,2,"",M,61.141,2,"",M,6.000,2,"",N,NaN,,,M,NaN,,,M,NaN,,,M,NaN,,,M,NaN,,,0,NaN,,,0,NaN,,,M,NaN,,,NaN,,,NaN,,,NaN,,
2024-10-21T15:32:47.000Z,5.959,2,"",M,61.141,2,"",M,6.000,2,"",N,NaN,,,M,NaN,,,M,NaN,,,M,NaN,,,M,NaN,,,0,NaN,,,0,NaN,,,M,NaN,,,NaN,,,NaN,,,NaN,,
2024-10-21T15:37:16.000Z,5.989,2,"",M,61.139,2,"",M,6.000,2,"",N,NaN,,,M,NaN,,,M,NaN,,,M,NaN,,,M,NaN,,,0,NaN,,,0,NaN,,,M,NaN,,,NaN,,,NaN,,,NaN,,
2024-10-21T15:39:27.000Z,6.004,2,"",M,61.137,2,"",M,6.000,2,"",N,NaN,,,M,NaN,,,M,NaN,,,M,NaN,,,M,NaN,,,0,NaN,,,0,NaN,,,M,NaN,,,NaN,,,NaN,,,NaN,,
2024-10-21T15:41:17.000Z,6.017,2,"",M,61.136,2,"",M,6.000,2,"",N,NaN,,,M,NaN,,,M,NaN,,,M,NaN,,,M,NaN,,,0,NaN,,,0,NaN,,,M,NaN,,,NaN,,,NaN,,,NaN,,
2024-10-21T15:45:47.000Z,6.047,2,"",M,61.134,2,"",M,6.000,2,"",N,10.971,2,"",M,26.908,2,"",M,NaN,,,M,NaN,,,M,NaN,,,0,421.406,2,"",M,1005.300,2,"",M,NaN,,,NaN,,,413.741,2,"",412.176,2,""
2024-10-21T15:47:36.000Z,6.059,2,"",M,61.134,2,"",M,6.000,2,"",N,10.942,2,"",M,26.583,2,"",M,NaN,,,M,NaN,,,M,NaN,,,0,429.136,4,"Values are off",M,1005.400,2,"",M,NaN,,,NaN,,,421.382,4,"xCO₂ (with standards) Values are off",419.788,4,"xCO₂ (with standards) Values are off"
2024-10-21T15:49:26.000Z,6.072,2,"",M,61.133,2,"",M,6.000,2,"",N,10.951,2,"",M,26.571,2,"",M,NaN,,,M,NaN,,,M,NaN,,,0,421.656,2,"",M,1005.500,2,"",M,NaN,,,NaN,,,414.075,2,"",412.508,2,""
2024-10-21T15:51:16.000Z,6.084,2,"",M,61.132,2,"",M,6.000,2,"",N,10.922,2,"",M,26.551,2,"",M,NaN,,,M,NaN,,,M,NaN,,,0,421.395,2,"",M,1005.600,2,"",M,NaN,,,NaN,,,413.871,2,"",412.304,2,""
2024-10-21T15:53:06.000Z,6.097,2,"",M,61.132,2,"",M,6.000,2,"",N,11.085,2,"",M,26.632,2,"",M,NaN,,,M,NaN,,,M,NaN,,,0,421.645,2,"",M,1005.600,2,"",M,NaN,,,NaN,,,414.058,2,"",412.494,2,""
2024-10-21T15:58:16.000Z,6.132,2,"",M,61.129,2,"",M,6.000,2,"",N,11.009,2,"",M,26.673,2,"",M,11.370,2,"",M,1005.980,2,"",M,339.082,2,"",M,NaN,,,0,NaN,,,M,327.183,2,"",325.954,2,"",NaN,,,NaN,,
2024-10-21T16:00:08.000Z,6.145,2,"",M,61.129,2,"",M,6.000,2,"",N,10.888,2,"",M,26.844,2,"",M,11.400,2,"",M,1006.050,2,"",M,339.092,2,"",M,NaN,,,0,NaN,,,M,325.120,2,"",323.899,2,"",NaN,,,NaN,,
2024-10-21T16:02:01.000Z,6.157,2,"",M,61.127,2,"",M,6.000,2,"",N,10.914,2,"",M,26.511,2,"",M,11.340,2,"",M,1006.090,2,"",M,339.782,2,"",M,NaN,,,0,NaN,,,M,326.999,2,"",325.770,2,"",NaN,,,NaN,,
2024-10-21T16:03:53.000Z,6.170,2,"",M,61.126,2,"",M,6.000,2,"",N,10.902,2,"",M,26.578,2,"",M,11.330,2,"",M,1006.130,2,"",M,338.470,2,"",M,NaN,,,0,NaN,,,M,325.731,2,"",324.506,2,"",NaN,,,NaN,,
2024-10-21T16:05:45.000Z,6.182,2,"",M,61.124,2,"",M,6.000,2,"",N,10.975,2,"",M,26.652,2,"",M,11.330,2,"",M,1006.140,2,"",M,337.148,2,"",M,NaN,,,0,NaN,,,M,325.456,2,"",324.233,2,"",NaN,,,NaN,,
2024-10-21T16:07:38.000Z,6.194,2,"",M,61.122,2,"",M,6.000,2,"",N,10.921,2,"",M,26.349,2,"",M,11.390,2,"",M,1006.100,2,"",M,336.467,2,"",M,NaN,,,0,NaN,,,M,323.213,2,"",321.999,2,"",NaN,,,NaN,,
2024-10-21T16:09:29.000Z,6.205,2,"",M,61.120,2,"",M,6.000,2,"",N,10.991,2,"",M,26.244,2,"",M,11.340,2,"",M,1006.180,2,"",M,335.676,2,"",M,NaN,,,0,NaN,,,M,324.126,2,"",322.908,2,"",NaN,,,NaN,,
2024-10-21T16:11:22.000Z,6.217,2,"",M,61.118,2,"",M,6.000,2,"",N,10.928,2,"",M,26.278,2,"",M,11.380,2,"",M,1006.200,2,"",M,333.463,2,"",M,NaN,,,0,NaN,,,M,320.596,2,"",319.391,2,"",NaN,,,NaN,,
2024-10-21T16:13:14.000Z,6.229,2,"",M,61.116,2,"",M,6.000,2,"",N,10.890,2,"",M,26.160,2,"",M,11.350,2,"",M,1006.310,2,"",M,333.512,2,"",M,NaN,,,0,NaN,,,M,320.569,2,"",319.364,2,"",NaN,,,NaN,,
2024-10-21T16:15:06.000Z,6.240,2,"",M,61.114,2,"",M,6.000,2,"",N,10.831,2,"",M,25.944,2,"",M,11.310,2,"",M,1006.210,2,"",M,332.801,2,"",M,NaN,,,0,NaN,,,M,319.613,2,"",318.412,2,"",NaN,,,NaN,,
2024-10-21T16:16:58.000Z,6.253,2,"",M,61.113,2,"",M,6.000,2,"",N,10.774,2,"",M,25.867,2,"",M,11.250,2,"",M,1006.160,2,"",M,330.798,2,"",M,NaN,,,0,NaN,,,M,317.727,2,"",316.532,2,"",NaN,,,NaN,,
2024-10-21T16:18:51.000Z,6.265,2,"",M,61.111,2,"",M,6.000,2,"",N,10.742,2,"",M,25.831,2,"",M,11.190,2,"",M,1006.220,2,"",M,328.485,2,"",M,NaN,,,0,NaN,,,M,315.918,2,"",314.728,2,"",NaN,,,NaN,,
2024-10-21T16:20:43.000Z,6.277,2,"",M,61.110,2,"",M,6.000,2,"",N,10.781,2,"",M,25.834,2,"",M,11.170,2,"",M,1006.300,2,"",M,327.213,2,"",M,NaN,,,0,NaN,,,M,315.510,2,"",314.321,2,"",NaN,,,NaN,,
2024-10-21T16:22:35.000Z,6.289,2,"",M,61.108,2,"",M,6.000,2,"",N,10.757,2,"",M,25.795,2,"",M,11.200,2,"",M,1006.420,2,"",M,325.941,2,"",M,NaN,,,0,NaN,,,M,313.599,2,"",312.417,2,"",NaN,,,NaN,,
2024-10-21T16:24:27.000Z,6.301,2,"",M,61.107,2,"",M,6.000,2,"",N,10.708,2,"",M,25.567,2,"",M,11.190,2,"",M,1006.520,2,"",M,325.510,2,"",M,NaN,,,0,NaN,,,M,312.701,2,"",311.523,2,"",NaN,,,NaN,,
2024-10-21T16:26:20.000Z,6.314,2,"",M,61.105,2,"",M,6.000,2,"",N,10.681,2,"",M,25.346,2,"",M,11.140,2,"",M,1006.470,2,"",M,324.609,2,"",M,NaN,,,0,NaN,,,M,312.139,2,"",310.963,2,"",NaN,,,NaN,,
2024-10-21T16:28:12.000Z,6.326,2,"",M,61.104,2,"",M,6.000,2,"",N,10.736,2,"",M,25.406,2,"",M,11.100,2,"",M,1006.460,2,"",M,322.295,2,"",M,NaN,,,0,NaN,,,M,311.172,2,"",309.998,2,"",NaN,,,NaN,,
2024-10-21T16:30:04.000Z,6.338,2,"",M,61.103,2,"",M,6.000,2,"",N,10.841,2,"",M,25.786,2,"",M,11.160,2,"",M,1006.510,2,"",M,319.642,2,"",M,NaN,,,0,NaN,,,M,309.198,2,"",308.032,2,"",NaN,,,NaN,,
2024-10-21T16:31:56.000Z,6.351,2,"",M,61.101,2,"",M,6.000,2,"",N,10.863,2,"",M,26.391,2,"",M,11.240,2,"",M,1006.440,2,"",M,320.252,2,"",M,NaN,,,0,NaN,,,M,308.976,2,"",307.813,2,"",NaN,,,NaN,,
2024-10-21T16:33:49.000Z,6.363,2,"",M,61.100,2,"",M,6.000,2,"",N,11.112,2,"",M,26.779,2,"",M,11.320,2,"",M,1006.580,2,"",M,324.377,2,"",M,NaN,,,0,NaN,,,M,315.236,2,"",314.051,2,"",NaN,,,NaN,,
2024-10-21T16:35:41.000Z,6.376,2,"",M,61.100,2,"",M,6.000,2,"",N,11.026,2,"",M,26.617,2,"",M,11.500,2,"",M,1006.830,2,"",M,329.604,2,"",M,NaN,,,0,NaN,,,M,316.757,2,"",315.568,2,"",NaN,,,NaN,,
2024-10-21T16:37:54.000Z,6.390,2,"",M,61.099,2,"",M,6.000,2,"",N,11.380,2,"",M,27.852,2,"",M,11.420,2,"",M,1006.940,2,"",M,336.102,2,"",M,NaN,,,0,NaN,,,M,329.047,2,"",327.811,2,"",NaN,,,NaN,,
2024-10-21T16:39:46.000Z,6.403,2,"",M,61.099,2,"",M,6.000,2,"",N,11.328,2,"",M,27.735,2,"",M,11.720,2,"",M,1006.970,2,"",M,339.817,2,"",M,NaN,,,0,NaN,,,M,327.691,2,"",326.464,2,"",NaN,,,NaN,,
2024-10-21T16:41:39.000Z,6.416,2,"",M,61.100,2,"",M,6.000,2,"",N,11.416,2,"",M,28.380,2,"",M,11.710,2,"",M,1007.020,2,"",M,349.019,2,"",M,NaN,,,0,NaN,,,M,337.978,2,"",336.713,2,"",NaN,,,NaN,,
2024-10-21T16:43:31.000Z,6.428,2,"",M,61.101,2,"",M,6.000,2,"",N,11.368,2,"",M,28.388,2,"",M,11.820,2,"",M,1007.100,2,"",M,355.888,2,"",M,NaN,,,0,NaN,,,M,342.334,2,"",341.054,2,"",NaN,,,NaN,,
2024-10-21T16:45:23.000Z,6.440,2,"",M,61.102,2,"",M,6.000,2,"",N,11.292,2,"",M,27.748,2,"",M,11.790,2,"",M,1007.080,2,"",M,361.615,2,"",M,NaN,,,0,NaN,,,M,347.169,2,"",345.871,2,"",NaN,,,NaN,,
2024-10-21T16:47:15.000Z,6.452,2,"",M,61.103,2,"",M,6.000,2,"",N,11.245,2,"",M,27.640,2,"",M,11.700,2,"",M,1006.960,2,"",M,361.084,2,"",M,NaN,,,0,NaN,,,M,347.277,2,"",345.977,2,"",NaN,,,NaN,,
2024-10-21T16:49:08.000Z,6.464,2,"",M,61.105,2,"",M,6.000,2,"",N,11.439,2,"",M,27.736,2,"",M,11.670,2,"",M,1006.950,2,"",M,356.468,2,"",M,NaN,,,0,NaN,,,M,346.103,2,"",344.806,2,"",NaN,,,NaN,,
2024-10-21T16:51:00.000Z,6.476,2,"",M,61.108,2,"",M,6.000,2,"",N,11.416,2,"",M,28.112,2,"",M,11.800,2,"",M,1007.050,2,"",M,354.845,2,"",M,NaN,,,0,NaN,,,M,342.297,2,"",341.017,2,"",NaN,,,NaN,,
2024-10-21T16:52:52.000Z,6.486,2,"",M,61.110,2,"",M,6.000,2,"",N,11.473,2,"",M,28.606,2,"",M,11.820,2,"",M,1006.980,2,"",M,358.109,2,"",M,NaN,,,0,NaN,,,M,345.964,2,"",344.670,2,"",NaN,,,NaN,,
2024-10-21T16:54:44.000Z,6.497,2,"",M,61.113,2,"",M,6.000,2,"",N,11.379,2,"",M,28.384,2,"",M,11.870,2,"",M,1006.990,2,"",M,363.897,2,"",M,NaN,,,0,NaN,,,M,349.404,2,"",348.098,2,"",NaN,,,NaN,,
2024-10-21T16:56:36.000Z,6.507,2,"",M,61.117,2,"",M,6.000,2,"",N,11.148,2,"",M,27.467,2,"",M,11.790,2,"",M,1006.890,2,"",M,367.712,2,"",M,NaN,,,0,NaN,,,M,350.801,2,"",349.489,2,"",NaN,,,NaN,,
2024-10-21T16:58:29.000Z,6.517,2,"",M,61.120,2,"",M,6.000,2,"",N,11.198,2,"",M,27.388,2,"",M,11.580,2,"",M,1006.820,2,"",M,361.723,2,"",M,NaN,,,0,NaN,,,M,348.950,2,"",347.642,2,"",NaN,,,NaN,,
2024-10-21T17:00:21.000Z,6.527,2,"",M,61.124,2,"",M,6.000,2,"",N,10.938,2,"",M,26.586,2,"",M,11.600,2,"",M,1006.810,2,"",M,353.232,2,"",M,NaN,,,0,NaN,,,M,336.730,2,"",335.468,2,"",NaN,,,NaN,,
2024-10-21T17:02:13.000Z,6.537,2,"",M,61.128,2,"",M,6.000,2,"",N,11.000,2,"",M,26.765,2,"",M,11.380,2,"",M,1007.150,2,"",M,347.324,2,"",M,NaN,,,0,NaN,,,M,335.257,2,"",333.996,2,"",NaN,,,NaN,,
2024-10-21T17:04:05.000Z,6.546,2,"",M,61.132,2,"",M,6.000,2,"",N,11.050,2,"",M,26.574,2,"",M,11.430,2,"",M,1007.250,2,"",M,341.075,2,"",M,NaN,,,0,NaN,,,M,329.249,2,"",328.012,2,"",NaN,,,NaN,,
2024-10-21T17:05:58.000Z,6.555,2,"",M,61.136,2,"",M,6.000,2,"",N,10.941,2,"",M,26.231,2,"",M,11.470,2,"",M,1007.250,2,"",M,338.852,2,"",M,NaN,,,0,NaN,,,M,325.037,2,"",323.816,2,"",NaN,,,NaN,,
2024-10-21T17:07:49.000Z,6.562,2,"",M,61.141,2,"",M,6.000,2,"",N,11.214,2,"",M,26.874,2,"",M,11.370,2,"",M,1007.250,2,"",M,336.749,2,"",M,NaN,,,0,NaN,,,M,328.182,2,"",326.947,2,"",NaN,,,NaN,,
2024-10-21T17:09:41.000Z,6.568,2,"",M,61.147,2,"",M,6.000,2,"",N,11.197,2,"",M,26.801,2,"",M,11.580,2,"",M,1007.250,2,"",M,335.457,2,"",M,NaN,,,0,NaN,,,M,323.731,2,"",322.517,2,"",NaN,,,NaN,,
2024-10-21T17:11:34.000Z,6.575,2,"",M,61.152,2,"",M,6.000,2,"",N,11.055,2,"",M,26.759,2,"",M,11.570,2,"",M,1007.140,2,"",M,340.444,2,"",M,NaN,,,0,NaN,,,M,326.687,2,"",325.462,2,"",NaN,,,NaN,,
2024-10-21T17:13:26.000Z,6.582,2,"",M,61.157,2,"",M,6.000,2,"",N,11.268,2,"",M,27.086,2,"",M,11.470,2,"",M,1007.110,2,"",M,344.148,2,"",M,NaN,,,0,NaN,,,M,334.662,2,"",333.405,2,"",NaN,,,NaN,,
2024-10-21T17:15:18.000Z,6.589,2,"",M,61.163,2,"",M,6.000,2,"",N,11.317,2,"",M,27.102,2,"",M,11.610,2,"",M,1007.180,2,"",M,344.258,2,"",M,NaN,,,0,NaN,,,M,333.461,2,"",332.210,2,"",NaN,,,NaN,,
2024-10-21T17:17:10.000Z,6.596,2,"",M,61.167,2,"",M,6.000,2,"",N,11.089,2,"",M,27.115,2,"",M,11.670,2,"",M,1007.230,2,"",M,345.519,2,"",M,NaN,,,0,NaN,,,M,330.629,2,"",329.390,2,"",NaN,,,NaN,,
2024-10-21T17:19:03.000Z,6.604,2,"",M,61.170,2,"",M,6.000,2,"",N,11.089,2,"",M,26.986,2,"",M,11.530,2,"",M,1007.180,2,"",M,347.552,2,"",M,NaN,,,0,NaN,,,M,334.585,2,"",333.329,2,"",NaN,,,NaN,,
2024-10-21T17:20:55.000Z,6.610,2,"",M,61.173,2,"",M,6.000,2,"",N,10.983,2,"",M,26.615,2,"",M,11.520,2,"",M,1007.000,2,"",M,345.749,2,"",M,NaN,,,0,NaN,,,M,331.442,2,"",330.198,2,"",NaN,,,NaN,,
2024-10-21T17:22:47.000Z,6.614,2,"",M,61.174,2,"",M,6.000,2,"",N,10.885,2,"",M,26.020,2,"",M,11.430,2,"",M,1006.820,2,"",M,342.645,2,"",M,NaN,,,0,NaN,,,M,328.312,2,"",327.079,2,"",NaN,,,NaN,,
2024-10-21T17:24:39.000Z,6.615,2,"",M,61.174,2,"",M,6.000,2,"",N,10.902,2,"",M,26.085,2,"",M,11.310,2,"",M,1006.920,2,"",M,337.027,2,"",M,NaN,,,0,NaN,,,M,324.879,2,"",323.656,2,"",NaN,,,NaN,,
2024-10-21T17:26:31.000Z,6.616,2,"",M,61.175,2,"",M,6.000,2,"",N,11.015,2,"",M,26.315,2,"",M,11.320,2,"",M,1006.830,2,"",M,332.451,2,"",M,NaN,,,0,NaN,,,M,321.828,2,"",320.617,2,"",NaN,,,NaN,,
2024-10-21T17:28:24.000Z,6.616,2,"",M,61.175,2,"",M,6.000,2,"",N,10.889,2,"",M,26.120,2,"",M,11.380,2,"",M,1006.960,2,"",M,331.670,2,"",M,NaN,,,0,NaN,,,M,318.583,2,"",317.385,2,"",NaN,,,NaN,,
2024-10-21T17:30:16.000Z,6.616,2,"",M,61.175,2,"",M,6.000,2,"",N,10.885,2,"",M,25.947,2,"",M,11.320,2,"",M,1007.260,2,"",M,331.259,2,"",M,NaN,,,0,NaN,,,M,319.061,2,"",317.860,2,"",NaN,,,NaN,,
2024-10-21T17:32:08.000Z,6.616,2,"",M,61.175,2,"",M,6.000,2,"",N,10.866,2,"",M,26.019,2,"",M,11.310,2,"",M,1007.290,2,"",M,329.176,2,"",M,NaN,,,0,NaN,,,M,316.940,2,"",315.747,2,"",NaN,,,NaN,,
2024-10-21T17:34:00.000Z,6.616,2,"",M,61.175,2,"",M,6.000,2,"",N,10.894,2,"",M,25.929,2,"",M,11.300,2,"",M,1007.280,2,"",M,327.924,2,"",M,NaN,,,0,NaN,,,M,316.248,2,"",315.058,2,"",NaN,,,NaN,,
2024-10-21T17:35:53.000Z,6.616,2,"",M,61.175,2,"",M,6.000,2,"",N,10.867,2,"",M,25.911,2,"",M,11.300,2,"",M,1007.210,2,"",M,327.493,2,"",M,NaN,,,0,NaN,,,M,315.444,2,"",314.257,2,"",NaN,,,NaN,,
2024-10-21T17:38:06.000Z,6.616,2,"",M,61.175,2,"",M,6.000,2,"",N,10.831,2,"",M,25.880,2,"",M,11.280,2,"",M,1007.190,2,"",M,326.802,2,"",M,NaN,,,0,NaN,,,M,314.565,2,"",313.381,2,"",NaN,,,NaN,,
2024-10-21T17:39:58.000Z,6.616,2,"",M,61.175,2,"",M,6.000,2,"",N,10.851,2,"",M,25.885,2,"",M,11.250,2,"",M,1007.220,2,"",M,326.371,2,"",M,NaN,,,0,NaN,,,M,314.832,2,"",313.646,2,"",NaN,,,NaN,,
2024-10-21T17:41:50.000Z,6.616,2,"",M,61.175,2,"",M,6.000,2,"",N,10.838,2,"",M,25.901,2,"",M,11.270,2,"",M,1007.255,2,"",M,325.740,2,"",M,NaN,,,0,NaN,,,M,313.797,2,"",312.615,2,"",NaN,,,NaN,,
2024-10-21T17:43:43.000Z,6.616,2,"",M,61.175,2,"",M,6.000,2,"",N,10.817,2,"",M,25.784,2,"",M,11.270,2,"",M,1007.250,2,"",M,325.920,2,"",M,NaN,,,0,NaN,,,M,313.686,2,"",312.505,2,"",NaN,,,NaN,,
2024-10-21T17:45:35.000Z,6.616,2,"",M,61.175,2,"",M,6.000,2,"",N,10.819,2,"",M,25.741,2,"",M,11.240,2,"",M,1007.080,2,"",M,325.940,2,"",M,NaN,,,0,NaN,,,M,314.083,2,"",312.900,2,"",NaN,,,NaN,,
2024-10-21T17:47:27.000Z,6.616,2,"",M,61.175,2,"",M,6.000,2,"",N,10.819,2,"",M,25.729,2,"",M,11.240,2,"",M,1007.090,2,"",M,324.959,2,"",M,NaN,,,0,NaN,,,M,313.148,2,"",311.968,2,"",NaN,,,NaN,,
2024-10-21T17:49:19.000Z,6.616,2,"",M,61.175,2,"",M,6.000,2,"",N,10.813,2,"",M,25.818,2,"",M,11.230,2,"",M,1007.090,2,"",M,324.348,2,"",M,NaN,,,0,NaN,,,M,312.609,2,"",311.432,2,"",NaN,,,NaN,,
2024-10-21T17:51:12.000Z,6.616,2,"",M,61.175,2,"",M,6.000,2,"",N,10.826,2,"",M,25.714,2,"",M,11.240,2,"",M,1006.990,2,"",M,324.107,2,"",M,NaN,,,0,NaN,,,M,312.380,2,"",311.204,2,"",NaN,,,NaN,,
2024-10-21T17:53:04.000Z,6.616,2,"",M,61.175,2,"",M,6.000,2,"",N,10.783,2,"",M,25.615,2,"",M,11.240,2,"",M,1006.980,2,"",M,323.806,2,"",M,NaN,,,0,NaN,,,M,311.528,2,"",310.354,2,"",NaN,,,NaN,,
2024-10-21T17:54:56.000Z,6.616,2,"",M,61.175,2,"",M,6.000,2,"",N,10.760,2,"",M,25.522,2,"",M,11.220,2,"",M,1007.010,2,"",M,323.456,2,"",M,NaN,,,0,NaN,,,M,311.155,2,"",309.983,2,"",NaN,,,NaN,,
2024-10-21T17:56:48.000Z,6.616,2,"",M,61.175,2,"",M,6.000,2,"",N,10.796,2,"",M,25.540,2,"",M,11.200,2,"",M,1007.010,2,"",M,322.184,2,"",M,NaN,,,0,NaN,,,M,310.676,2,"",309.505,2,"",NaN,,,NaN,,
2024-10-21T17:58:41.000Z,6.616,2,"",M,61.175,2,"",M,6.000,2,"",N,10.746,2,"",M,25.518,2,"",M,11.220,2,"",M,1006.930,2,"",M,321.373,2,"",M,NaN,,,0,NaN,,,M,308.956,2,"",307.792,2,"",NaN,,,NaN,,
2024-10-21T18:00:33.000Z,6.616,2,"",M,61.174,2,"",M,6.000,2,"",N,10.747,2,"",M,25.450,2,"",M,11.180,2,"",M,1006.935,2,"",M,321.132,2,"",M,NaN,,,0,NaN,,,M,309.263,2,"",308.098,2,"",NaN,,,NaN,,
2024-10-21T18:02:25.000Z,6.614,2,"",M,61.172,2,"",M,6.000,2,"",N,10.780,2,"",M,25.540,2,"",M,11.170,2,"",M,1006.880,2,"",M,320.671,2,"",M,NaN,,,0,NaN,,,M,309.375,2,"",308.208,2,"",NaN,,,NaN,,
2024-10-21T18:04:17.000Z,6.610,2,"",M,61.169,2,"",M,6.000,2,"",N,10.809,2,"",M,25.738,2,"",M,11.200,2,"",M,1007.170,2,"",M,320.170,2,"",M,NaN,,,0,NaN,,,M,308.958,2,"",307.794,2,"",NaN,,,NaN,,
2024-10-21T18:06:09.000Z,6.606,2,"",M,61.166,2,"",M,6.000,2,"",N,10.798,2,"",M,25.902,2,"",M,11.220,2,"",M,1007.280,2,"",M,321.282,2,"",M,NaN,,,0,NaN,,,M,309.652,2,"",308.485,2,"",NaN,,,NaN,,
2024-10-21T18:08:02.000Z,6.601,2,"",M,61.162,2,"",M,6.000,2,"",N,10.838,2,"",M,25.783,2,"",M,11.230,2,"",M,1007.310,2,"",M,323.724,2,"",M,NaN,,,0,NaN,,,M,312.406,2,"",311.228,2,"",NaN,,,NaN,,
2024-10-21T18:09:54.000Z,6.596,2,"",M,61.158,2,"",M,6.000,2,"",N,10.747,2,"",M,26.503,2,"",M,11.250,2,"",M,1007.325,2,"",M,324.335,2,"",M,NaN,,,0,NaN,,,M,311.533,2,"",310.360,2,"",NaN,,,NaN,,
2024-10-21T18:11:46.000Z,6.591,2,"",M,61.154,2,"",M,6.000,2,"",N,10.847,2,"",M,26.046,2,"",M,11.250,2,"",M,1007.340,2,"",M,328.991,2,"",M,NaN,,,0,NaN,,,M,317.343,2,"",316.147,2,"",NaN,,,NaN,,
2024-10-21T18:13:38.000Z,6.586,2,"",M,61.150,2,"",M,6.000,2,"",N,11.095,2,"",M,26.564,2,"",M,11.270,2,"",M,1007.400,2,"",M,329.701,2,"",M,NaN,,,0,NaN,,,M,321.124,2,"",319.915,2,"",NaN,,,NaN,,
2024-10-21T18:15:31.000Z,6.581,2,"",M,61.146,2,"",M,6.000,2,"",N,11.083,2,"",M,26.877,2,"",M,11.460,2,"",M,1007.400,2,"",M,330.342,2,"",M,NaN,,,0,NaN,,,M,318.970,2,"",317.771,2,"",NaN,,,NaN,,
2024-10-21T18:17:23.000Z,6.575,2,"",M,61.142,2,"",M,6.000,2,"",N,11.039,2,"",M,26.865,2,"",M,11.490,2,"",M,1007.100,2,"",M,336.009,2,"",M,NaN,,,0,NaN,,,M,323.317,2,"",322.103,2,"",NaN,,,NaN,,
2024-10-21T18:19:15.000Z,6.567,2,"",M,61.139,2,"",M,6.000,2,"",N,11.008,2,"",M,26.691,2,"",M,11.480,2,"",M,1007.125,2,"",M,339.333,2,"",M,NaN,,,0,NaN,,,M,326.238,2,"",325.013,2,"",NaN,,,NaN,,
2024-10-21T18:21:07.000Z,6.559,2,"",M,61.136,2,"",M,6.000,2,"",N,11.056,2,"",M,26.815,2,"",M,11.420,2,"",M,1007.040,2,"",M,339.773,2,"",M,NaN,,,0,NaN,,,M,328.141,2,"",326.907,2,"",NaN,,,NaN,,
2024-10-21T18:22:59.000Z,6.552,2,"",M,61.133,2,"",M,6.000,2,"",N,11.125,2,"",M,27.066,2,"",M,11.470,2,"",M,1007.020,2,"",M,338.982,2,"",M,NaN,,,0,NaN,,,M,327.627,2,"",326.397,2,"",NaN,,,NaN,,
2024-10-21T18:24:52.000Z,6.545,2,"",M,61.130,2,"",M,6.000,2,"",N,11.126,2,"",M,27.426,2,"",M,11.540,2,"",M,1007.110,2,"",M,340.253,2,"",M,NaN,,,0,NaN,,,M,327.903,2,"",326.673,2,"",NaN,,,NaN,,
2024-10-21T18:26:44.000Z,6.537,2,"",M,61.127,2,"",M,6.000,2,"",N,11.237,2,"",M,27.695,2,"",M,11.540,2,"",M,1007.080,2,"",M,344.708,2,"",M,NaN,,,0,NaN,,,M,333.744,2,"",332.491,2,"",NaN,,,NaN,,
2024-10-21T18:28:36.000Z,6.529,2,"",M,61.124,2,"",M,6.000,2,"",N,11.256,2,"",M,27.906,2,"",M,11.630,2,"",M,1007.150,2,"",M,349.114,2,"",M,NaN,,,0,NaN,,,M,337.000,2,"",335.737,2,"",NaN,,,NaN,,
2024-10-21T18:30:28.000Z,6.522,2,"",M,61.121,2,"",M,6.000,2,"",N,11.145,2,"",M,27.425,2,"",M,11.660,2,"",M,1007.250,2,"",M,353.429,2,"",M,NaN,,,0,NaN,,,M,339.163,2,"",337.892,2,"",NaN,,,NaN,,
2024-10-21T18:32:21.000Z,6.515,2,"",M,61.117,2,"",M,6.000,2,"",N,11.148,2,"",M,27.277,2,"",M,11.560,2,"",M,1007.260,2,"",M,354.180,2,"",M,NaN,,,0,NaN,,,M,341.393,2,"",340.112,2,"",NaN,,,NaN,,
2024-10-21T18:34:13.000Z,6.508,2,"",M,61.114,2,"",M,6.000,2,"",N,11.066,2,"",M,27.149,2,"",M,11.550,2,"",M,1007.580,2,"",M,350.094,2,"",M,NaN,,,0,NaN,,,M,336.539,2,"",335.276,2,"",NaN,,,NaN,,
2024-10-21T18:36:05.000Z,6.500,2,"",M,61.111,2,"",M,6.000,2,"",N,11.065,2,"",M,26.933,2,"",M,11.500,2,"",M,1007.800,2,"",M,347.240,2,"",M,NaN,,,0,NaN,,,M,334.584,2,"",333.327,2,"",NaN,,,NaN,,
2024-10-21T18:38:18.000Z,6.492,2,"",M,61.106,2,"",M,6.000,2,"",N,11.091,2,"",M,27.097,2,"",M,11.470,2,"",M,1007.790,2,"",M,344.066,2,"",M,NaN,,,0,NaN,,,M,332.312,2,"",331.063,2,"",NaN,,,NaN,,
2024-10-21T18:40:11.000Z,6.485,2,"",M,61.103,2,"",M,6.000,2,"",N,11.086,2,"",M,27.142,2,"",M,11.500,2,"",M,1007.970,2,"",M,343.165,2,"",M,NaN,,,0,NaN,,,M,331.000,2,"",329.757,2,"",NaN,,,NaN,,
2024-10-21T18:42:03.000Z,6.481,2,"",M,61.101,2,"",M,6.000,2,"",N,11.074,2,"",M,27.249,2,"",M,11.510,2,"",M,1007.990,2,"",M,343.835,2,"",M,NaN,,,0,NaN,,,M,331.352,2,"",330.107,2,"",NaN,,,NaN,,
2024-10-21T18:43:55.000Z,6.480,2,"",M,61.100,2,"",M,6.000,2,"",N,10.993,2,"",M,27.118,2,"",M,11.490,2,"",M,1007.900,2,"",M,344.075,2,"",M,NaN,,,0,NaN,,,M,330.699,2,"",329.457,2,"",NaN,,,NaN,,
2024-10-21T18:45:47.000Z,6.479,2,"",M,61.100,2,"",M,6.000,2,"",N,10.981,2,"",M,26.839,2,"",M,11.420,2,"",M,1007.895,2,"",M,345.026,2,"",M,NaN,,,0,NaN,,,M,332.451,2,"",331.201,2,"",NaN,,,NaN,,
2024-10-21T18:47:40.000Z,6.479,2,"",M,61.100,2,"",M,6.000,2,"",N,10.961,2,"",M,26.759,2,"",M,11.400,2,"",M,1007.900,2,"",M,342.493,2,"",M,NaN,,,0,NaN,,,M,330.020,2,"",328.778,2,"",NaN,,,NaN,,
2024-10-21T18:49:32.000Z,6.479,2,"",M,61.100,2,"",M,6.000,2,"",N,10.996,2,"",M,26.726,2,"",M,11.390,2,"",M,1007.860,2,"",M,340.029,2,"",M,NaN,,,0,NaN,,,M,328.254,2,"",327.019,2,"",NaN,,,NaN,,
2024-10-21T18:51:24.000Z,6.479,2,"",M,61.100,2,"",M,6.000,2,"",N,11.066,2,"",M,26.977,2,"",M,11.400,2,"",M,1008.040,2,"",M,338.567,2,"",M,NaN,,,0,NaN,,,M,327.726,2,"",326.493,2,"",NaN,,,NaN,,
2024-10-21T18:53:16.000Z,6.479,2,"",M,61.100,2,"",M,6.000,2,"",N,11.025,2,"",M,26.980,2,"",M,11.470,2,"",M,1008.110,2,"",M,339.038,2,"",M,NaN,,,0,NaN,,,M,326.645,2,"",325.417,2,"",NaN,,,NaN,,
2024-10-21T18:55:09.000Z,6.479,2,"",M,61.100,2,"",M,6.000,2,"",N,11.051,2,"",M,27.183,2,"",M,11.460,2,"",M,1008.014,2,"",M,340.860,2,"",M,NaN,,,0,NaN,,,M,328.881,2,"",327.645,2,"",NaN,,,NaN,,
2024-10-21T18:57:01.000Z,6.479,2,"",M,61.100,2,"",M,6.000,2,"",N,11.071,2,"",M,26.812,2,"",M,11.480,2,"",M,1007.860,2,"",M,342.391,2,"",M,NaN,,,0,NaN,,,M,330.295,2,"",329.054,2,"",NaN,,,NaN,,
2024-10-21T18:58:53.000Z,6.479,2,"",M,61.100,2,"",M,6.000,2,"",N,11.112,2,"",M,27.062,2,"",M,11.480,2,"",M,1008.020,2,"",M,342.161,2,"",M,NaN,,,0,NaN,,,M,330.702,2,"",329.459,2,"",NaN,,,NaN,,
2024-10-21T19:00:45.000Z,6.479,2,"",M,61.100,2,"",M,6.000,2,"",N,10.991,2,"",M,27.118,2,"",M,11.470,2,"",M,1007.960,2,"",M,341.660,2,"",M,NaN,,,0,NaN,,,M,328.649,2,"",327.414,2,"",NaN,,,NaN,,
2024-10-21T19:02:37.000Z,6.479,2,"",M,61.100,2,"",M,6.000,2,"",N,10.983,2,"",M,27.059,2,"",M,11.440,2,"",M,1007.880,2,"",M,343.081,2,"",M,NaN,,,0,NaN,,,M,330.316,2,"",329.073,2,"",NaN,,,NaN,,
2024-10-21T19:04:30.000Z,6.479,2,"",M,61.100,2,"",M,6.000,2,"",N,11.071,2,"",M,26.808,2,"",M,11.420,2,"",M,1007.972,2,"",M,342.400,2,"",M,NaN,,,0,NaN,,,M,331.195,2,"",329.949,2,"",NaN,,,NaN,,
2024-10-21T19:08:59.000Z,6.479,2,"",M,61.100,2,"",M,6.000,2,"",N,NaN,,,M,NaN,,,M,NaN,,,M,NaN,,,M,NaN,,,0,NaN,,,0,NaN,,,M,NaN,,,NaN,,,NaN,,,NaN,,
2024-10-21T19:10:49.000Z,6.479,2,"",M,61.100,2,"",M,6.000,2,"",N,NaN,,,M,NaN,,,M,NaN,,,M,NaN,,,M,NaN,,,0,NaN,,,0,NaN,,,M,NaN,,,NaN,,,NaN,,,NaN,,
2024-10-21T19:12:39.000Z,6.479,2,"",M,61.100,2,"",M,6.000,2,"",N,NaN,,,M,NaN,,,M,NaN,,,M,NaN,,,M,NaN,,,0,NaN,,,0,NaN,,,M,NaN,,,NaN,,,NaN,,,NaN,,
2024-10-21T19:17:08.000Z,6.479,2,"",M,61.100,2,"",M,6.000,2,"",N,NaN,,,M,NaN,,,M,NaN,,,M,NaN,,,M,NaN,,,0,NaN,,,0,NaN,,,M,NaN,,,NaN,,,NaN,,,NaN,,
2024-10-21T19:18:58.000Z,6.479,2,"",M,61.100,2,"",M,6.000,2,"",N,NaN,,,M,NaN,,,M,NaN,,,M,NaN,,,M,NaN,,,0,NaN,,,0,NaN,,,M,NaN,,,NaN,,,NaN,,,NaN,,
2024-10-21T19:20:48.000Z,6.479,2,"",M,61.100,2,"",M,6.000,2,"",N,NaN,,,M,NaN,,,M,NaN,,,M,NaN,,,M,NaN,,,0,NaN,,,0,NaN,,,M,NaN,,,NaN,,,NaN,,,NaN,,
2024-10-21T19:25:18.000Z,6.479,2,"",M,61.100,2,"",M,6.000,2,"",N,NaN,,,M,NaN,,,M,NaN,,,M,NaN,,,M,NaN,,,0,NaN,,,0,NaN,,,M,NaN,,,NaN,,,NaN,,,NaN,,
2024-10-21T19:27:07.000Z,6.479,2,"",M,61.100,2,"",M,6.000,2,"",N,NaN,,,M,NaN,,,M,NaN,,,M,NaN,,,M,NaN,,,0,NaN,,,0,NaN,,,M,NaN,,,NaN,,,NaN,,,NaN,,
2024-10-21T19:28:57.000Z,6.479,2,"",M,61.100,2,"",M,6.000,2,"",N,NaN,,,M,NaN,,,M,NaN,,,M,NaN,,,M,NaN,,,0,NaN,,,0,NaN,,,M,NaN,,,NaN,,,NaN,,,NaN,,
2024-10-21T19:33:27.000Z,6.479,2,"",M,61.100,2,"",M,6.000,2,"",N,11.029,2,"",M,27.151,2,"",M,NaN,,,M,NaN,,,M,NaN,,,0,422.704,2,"",M,1008.000,2,"",M,NaN,,,NaN,,,416.124,2,"",414.547,2,""
2024-10-21T19:35:17.000Z,6.479,2,"",M,61.100,2,"",M,6.000,2,"",N,11.025,2,"",M,27.150,2,"",M,NaN,,,M,NaN,,,M,NaN,,,0,422.644,2,"",M,1008.000,2,"",M,NaN,,,NaN,,,416.066,2,"",414.489,2,""
2024-10-21T19:37:06.000Z,6.479,2,"",M,61.100,2,"",M,6.000,2,"",N,11.037,2,"",M,27.153,2,"",M,NaN,,,M,NaN,,,M,NaN,,,0,422.223,2,"",M,1008.000,2,"",M,NaN,,,NaN,,,415.648,2,"",414.072,2,""
2024-10-21T19:39:17.000Z,6.479,2,"",M,61.100,2,"",M,6.000,2,"",N,11.035,2,"",M,27.194,2,"",M,NaN,,,M,NaN,,,M,NaN,,,0,424.145,2,"",M,1008.100,2,"",M,NaN,,,NaN,,,417.583,2,"",416.000,2,""
2024-10-21T19:41:07.000Z,6.479,2,"",M,61.100,2,"",M,6.000,2,"",N,11.041,2,"",M,27.185,2,"",M,NaN,,,M,NaN,,,M,NaN,,,0,425.867,2,"",M,1008.100,2,"",M,NaN,,,NaN,,,419.276,2,"",417.687,2,""
2024-10-21T19:46:17.000Z,6.478,2,"",M,61.100,2,"",M,6.000,2,"",N,11.070,2,"",M,27.208,2,"",M,11.460,2,"",M,1008.000,2,"",M,344.506,2,"",M,NaN,,,0,NaN,,,M,332.663,2,"",331.412,2,"",NaN,,,NaN,,
2024-10-21T19:48:10.000Z,6.474,2,"",M,61.099,2,"",M,6.000,2,"",N,11.169,2,"",M,27.381,2,"",M,11.470,2,"",M,1007.980,2,"",M,344.706,2,"",M,NaN,,,0,NaN,,,M,334.100,2,"",332.844,2,"",NaN,,,NaN,,
2024-10-21T19:50:02.000Z,6.465,2,"",M,61.099,2,"",M,6.000,2,"",N,11.227,2,"",M,27.618,2,"",M,11.570,2,"",M,1008.010,2,"",M,345.646,2,"",M,NaN,,,0,NaN,,,M,334.397,2,"",333.142,2,"",NaN,,,NaN,,
2024-10-21T19:51:54.000Z,6.455,2,"",M,61.099,2,"",M,6.000,2,"",N,11.294,2,"",M,27.926,2,"",M,11.640,2,"",M,1008.320,2,"",M,348.850,2,"",M,NaN,,,0,NaN,,,M,337.538,2,"",336.271,2,"",NaN,,,NaN,,
2024-10-21T19:53:46.000Z,6.444,2,"",M,61.099,2,"",M,6.000,2,"",N,11.369,2,"",M,27.949,2,"",M,11.700,2,"",M,1008.360,2,"",M,353.115,2,"",M,NaN,,,0,NaN,,,M,341.871,2,"",340.589,2,"",NaN,,,NaN,,
2024-10-21T19:55:39.000Z,6.434,2,"",M,61.098,2,"",M,6.000,2,"",N,11.328,2,"",M,28.421,2,"",M,11.740,2,"",M,1008.270,2,"",M,356.499,2,"",M,NaN,,,0,NaN,,,M,343.930,2,"",342.641,2,"",NaN,,,NaN,,
2024-10-21T19:57:31.000Z,6.423,2,"",M,61.098,2,"",M,6.000,2,"",N,11.472,2,"",M,28.402,2,"",M,11.760,2,"",M,1008.120,2,"",M,360.594,2,"",M,NaN,,,0,NaN,,,M,349.651,2,"",348.341,2,"",NaN,,,NaN,,
2024-10-21T19:59:24.000Z,6.413,2,"",M,61.098,2,"",M,6.000,2,"",N,11.329,2,"",M,27.762,2,"",M,11.860,2,"",M,1008.110,2,"",M,363.216,2,"",M,NaN,,,0,NaN,,,M,348.553,2,"",347.249,2,"",NaN,,,NaN,,
2024-10-21T20:01:15.000Z,6.403,2,"",M,61.098,2,"",M,6.000,2,"",N,11.411,2,"",M,28.572,2,"",M,11.740,2,"",M,1008.190,2,"",M,364.588,2,"",M,NaN,,,0,NaN,,,M,352.947,2,"",351.625,2,"",NaN,,,NaN,,
2024-10-21T20:03:08.000Z,6.393,2,"",M,61.097,2,"",M,6.000,2,"",N,11.200,2,"",M,27.673,2,"",M,11.830,2,"",M,1008.030,2,"",M,364.317,2,"",M,NaN,,,0,NaN,,,M,348.133,2,"",346.830,2,"",NaN,,,NaN,,
2024-10-21T20:05:00.000Z,6.383,2,"",M,61.099,2,"",M,6.000,2,"",N,11.031,2,"",M,26.570,2,"",M,11.620,2,"",M,1008.070,2,"",M,363.546,2,"",M,NaN,,,0,NaN,,,M,348.071,2,"",346.765,2,"",NaN,,,NaN,,
2024-10-21T20:06:52.000Z,6.374,2,"",M,61.100,2,"",M,6.000,2,"",N,11.039,2,"",M,26.772,2,"",M,11.460,2,"",M,1008.070,2,"",M,353.753,2,"",M,NaN,,,0,NaN,,,M,341.167,2,"",339.885,2,"",NaN,,,NaN,,
2024-10-21T20:08:44.000Z,6.365,2,"",M,61.101,2,"",M,6.000,2,"",N,10.850,2,"",M,26.169,2,"",M,11.460,2,"",M,1007.980,2,"",M,345.343,2,"",M,NaN,,,0,NaN,,,M,330.367,2,"",329.125,2,"",NaN,,,NaN,,
2024-10-21T20:10:36.000Z,6.356,2,"",M,61.103,2,"",M,6.000,2,"",N,10.949,2,"",M,26.429,2,"",M,11.280,2,"",M,1008.070,2,"",M,341.107,2,"",M,NaN,,,0,NaN,,,M,330.276,2,"",329.032,2,"",NaN,,,NaN,,
2024-10-21T20:12:29.000Z,6.347,2,"",M,61.105,2,"",M,6.000,2,"",N,11.009,2,"",M,26.816,2,"",M,11.340,2,"",M,1008.000,2,"",M,336.431,2,"",M,NaN,,,0,NaN,,,M,325.707,2,"",324.481,2,"",NaN,,,NaN,,
2024-10-21T20:14:21.000Z,6.338,2,"",M,61.107,2,"",M,6.000,2,"",N,10.925,2,"",M,26.756,2,"",M,11.410,2,"",M,1008.020,2,"",M,337.582,2,"",M,NaN,,,0,NaN,,,M,324.689,2,"",323.468,2,"",NaN,,,NaN,,
2024-10-21T20:16:13.000Z,6.329,2,"",M,61.108,2,"",M,6.000,2,"",N,10.837,2,"",M,26.584,2,"",M,11.340,2,"",M,1007.930,2,"",M,339.534,2,"",M,NaN,,,0,NaN,,,M,326.304,2,"",325.075,2,"",NaN,,,NaN,,
2024-10-21T20:18:05.000Z,6.320,2,"",M,61.110,2,"",M,6.000,2,"",N,10.925,2,"",M,26.610,2,"",M,11.240,2,"",M,1008.320,2,"",M,339.143,2,"",M,NaN,,,0,NaN,,,M,328.690,2,"",327.450,2,"",NaN,,,NaN,,
2024-10-21T20:19:58.000Z,6.311,2,"",M,61.111,2,"",M,6.000,2,"",N,10.944,2,"",M,26.721,2,"",M,11.330,2,"",M,1008.420,2,"",M,337.891,2,"",M,NaN,,,0,NaN,,,M,326.499,2,"",325.269,2,"",NaN,,,NaN,,
2024-10-21T20:21:49.000Z,6.302,2,"",M,61.113,2,"",M,6.000,2,"",N,10.906,2,"",M,26.689,2,"",M,11.360,2,"",M,1008.510,2,"",M,338.121,2,"",M,NaN,,,0,NaN,,,M,325.802,2,"",324.575,2,"",NaN,,,NaN,,
2024-10-21T20:23:41.000Z,6.296,2,"",M,61.114,2,"",M,6.000,2,"",N,10.977,2,"",M,26.777,2,"",M,11.330,2,"",M,1008.510,2,"",M,339.072,2,"",M,NaN,,,0,NaN,,,M,328.135,2,"",326.898,2,"",NaN,,,NaN,,
2024-10-21T20:25:34.000Z,6.294,2,"",M,61.114,2,"",M,6.000,2,"",N,10.971,2,"",M,26.846,2,"",M,11.390,2,"",M,1008.530,2,"",M,339.352,2,"",M,NaN,,,0,NaN,,,M,327.471,2,"",326.238,2,"",NaN,,,NaN,,
2024-10-21T20:27:26.000Z,6.294,2,"",M,61.114,2,"",M,6.000,2,"",N,10.987,2,"",M,26.757,2,"",M,11.380,2,"",M,1008.460,2,"",M,340.603,2,"",M,NaN,,,0,NaN,,,M,329.020,2,"",327.781,2,"",NaN,,,NaN,,
2024-10-21T20:29:18.000Z,6.294,2,"",M,61.114,2,"",M,6.000,2,"",N,10.870,2,"",M,26.704,2,"",M,11.370,2,"",M,1008.450,2,"",M,341.534,2,"",M,NaN,,,0,NaN,,,M,328.433,2,"",327.196,2,"",NaN,,,NaN,,
2024-10-21T20:31:10.000Z,6.294,2,"",M,61.114,2,"",M,6.000,2,"",N,10.873,2,"",M,26.725,2,"",M,11.290,2,"",M,1008.450,2,"",M,340.963,2,"",M,NaN,,,0,NaN,,,M,329.055,2,"",327.814,2,"",NaN,,,NaN,,
2024-10-21T20:33:03.000Z,6.294,2,"",M,61.114,2,"",M,6.000,2,"",N,11.046,2,"",M,27.100,2,"",M,11.300,2,"",M,1008.350,2,"",M,340.572,2,"",M,NaN,,,0,NaN,,,M,330.917,2,"",329.670,2,"",NaN,,,NaN,,
2024-10-21T20:34:55.000Z,6.294,2,"",M,61.114,2,"",M,6.000,2,"",N,11.030,2,"",M,27.099,2,"",M,11.450,2,"",M,1008.430,2,"",M,342.023,2,"",M,NaN,,,0,NaN,,,M,329.994,2,"",328.753,2,"",NaN,,,NaN,,
2024-10-21T20:36:47.000Z,6.294,2,"",M,61.114,2,"",M,6.000,2,"",N,10.907,2,"",M,26.805,2,"",M,11.440,2,"",M,1008.280,2,"",M,344.476,2,"",M,NaN,,,0,NaN,,,M,330.715,2,"",329.471,2,"",NaN,,,NaN,,
2024-10-21T20:39:00.000Z,6.294,2,"",M,61.114,2,"",M,6.000,2,"",N,10.897,2,"",M,26.795,2,"",M,11.330,2,"",M,1008.250,2,"",M,344.165,2,"",M,NaN,,,0,NaN,,,M,331.849,2,"",330.599,2,"",NaN,,,NaN,,
2024-10-21T20:40:53.000Z,6.294,2,"",M,61.114,2,"",M,6.000,2,"",N,10.916,2,"",M,26.822,2,"",M,11.310,2,"",M,1008.270,2,"",M,342.573,2,"",M,NaN,,,0,NaN,,,M,330.869,2,"",329.622,2,"",NaN,,,NaN,,
2024-10-21T20:42:45.000Z,6.294,2,"",M,61.114,2,"",M,6.000,2,"",N,10.922,2,"",M,26.869,2,"",M,11.330,2,"",M,1008.160,2,"",M,342.122,2,"",M,NaN,,,0,NaN,,,M,330.193,2,"",328.950,2,"",NaN,,,NaN,,
2024-10-21T20:44:37.000Z,6.294,2,"",M,61.114,2,"",M,6.000,2,"",N,10.925,2,"",M,26.872,2,"",M,11.340,2,"",M,1008.110,2,"",M,342.272,2,"",M,NaN,,,0,NaN,,,M,330.217,2,"",328.973,2,"",NaN,,,NaN,,
2024-10-21T20:46:29.000Z,6.294,2,"",M,61.114,2,"",M,6.000,2,"",N,10.925,2,"",M,26.863,2,"",M,11.350,2,"",M,1007.890,2,"",M,342.712,2,"",M,NaN,,,0,NaN,,,M,330.436,2,"",329.192,2,"",NaN,,,NaN,,
2024-10-21T20:48:22.000Z,6.294,2,"",M,61.114,2,"",M,6.000,2,"",N,10.940,2,"",M,26.913,2,"",M,11.350,2,"",M,1007.780,2,"",M,343.102,2,"",M,NaN,,,0,NaN,,,M,330.975,2,"",329.729,2,"",NaN,,,NaN,,
2024-10-21T20:50:14.000Z,6.294,2,"",M,61.114,2,"",M,6.000,2,"",N,10.921,2,"",M,26.902,2,"",M,11.360,2,"",M,1008.280,2,"",M,343.262,2,"",M,NaN,,,0,NaN,,,M,330.891,2,"",329.645,2,"",NaN,,,NaN,,
2024-10-21T20:52:06.000Z,6.294,2,"",M,61.114,2,"",M,6.000,2,"",N,10.948,2,"",M,26.952,2,"",M,11.340,2,"",M,1008.200,2,"",M,344.183,2,"",M,NaN,,,0,NaN,,,M,332.415,2,"",331.163,2,"",NaN,,,NaN,,
2024-10-21T20:53:58.000Z,6.294,2,"",M,61.114,2,"",M,6.000,2,"",N,10.950,2,"",M,26.995,2,"",M,11.360,2,"",M,1008.180,2,"",M,344.062,2,"",M,NaN,,,0,NaN,,,M,332.043,2,"",330.792,2,"",NaN,,,NaN,,
2024-10-21T20:55:50.000Z,6.294,2,"",M,61.114,2,"",M,6.000,2,"",N,10.956,2,"",M,27.005,2,"",M,11.360,2,"",M,1008.110,2,"",M,344.643,2,"",M,NaN,,,0,NaN,,,M,332.659,2,"",331.407,2,"",NaN,,,NaN,,
2024-10-21T20:57:43.000Z,6.294,2,"",M,61.114,2,"",M,6.000,2,"",N,10.940,2,"",M,27.003,2,"",M,11.370,2,"",M,1008.050,2,"",M,345.213,2,"",M,NaN,,,0,NaN,,,M,332.824,2,"",331.571,2,"",NaN,,,NaN,,
2024-10-21T20:59:35.000Z,6.294,2,"",M,61.114,2,"",M,6.000,2,"",N,10.928,2,"",M,26.987,2,"",M,11.360,2,"",M,1008.150,2,"",M,345.393,2,"",M,NaN,,,0,NaN,,,M,333.007,2,"",331.753,2,"",NaN,,,NaN,,
2024-10-21T21:01:27.000Z,6.294,2,"",M,61.114,2,"",M,6.000,2,"",N,10.906,2,"",M,26.931,2,"",M,11.360,2,"",M,1008.190,2,"",M,345.373,2,"",M,NaN,,,0,NaN,,,M,332.691,2,"",331.438,2,"",NaN,,,NaN,,
2024-10-21T21:03:19.000Z,6.294,2,"",M,61.114,2,"",M,6.000,2,"",N,10.906,2,"",M,26.901,2,"",M,11.330,2,"",M,1008.310,2,"",M,345.022,2,"",M,NaN,,,0,NaN,,,M,332.820,2,"",331.566,2,"",NaN,,,NaN,,
2024-10-21T21:05:11.000Z,6.294,2,"",M,61.114,2,"",M,6.000,2,"",N,10.903,2,"",M,26.892,2,"",M,11.330,2,"",M,1008.230,2,"",M,344.221,2,"",M,NaN,,,0,NaN,,,M,331.976,2,"",330.725,2,"",NaN,,,NaN,,
2024-10-21T21:07:03.000Z,6.294,2,"",M,61.114,2,"",M,6.000,2,"",N,10.905,2,"",M,26.881,2,"",M,11.320,2,"",M,1008.220,2,"",M,343.589,2,"",M,NaN,,,0,NaN,,,M,331.532,2,"",330.283,2,"",NaN,,,NaN,,
2024-10-21T21:08:56.000Z,6.294,2,"",M,61.114,2,"",M,6.000,2,"",N,10.918,2,"",M,26.896,2,"",M,11.320,2,"",M,1008.160,2,"",M,343.429,2,"",M,NaN,,,0,NaN,,,M,331.541,2,"",330.292,2,"",NaN,,,NaN,,
2024-10-21T21:10:48.000Z,6.294,2,"",M,61.114,2,"",M,6.000,2,"",N,10.911,2,"",M,26.896,2,"",M,11.330,2,"",M,1008.130,2,"",M,343.489,2,"",M,NaN,,,0,NaN,,,M,331.347,2,"",330.099,2,"",NaN,,,NaN,,
2024-10-21T21:12:40.000Z,6.294,2,"",M,61.114,2,"",M,6.000,2,"",N,10.903,2,"",M,26.872,2,"",M,11.330,2,"",M,1008.030,2,"",M,343.438,2,"",M,NaN,,,0,NaN,,,M,331.150,2,"",329.903,2,"",NaN,,,NaN,,
2024-10-21T21:14:32.000Z,6.294,2,"",M,61.114,2,"",M,6.000,2,"",N,10.912,2,"",I,26.901,2,"",I,11.330,2,"",M,1007.990,2,"",M,343.758,2,"",M,NaN,,,0,NaN,,,M,331.583,2,"",330.334,2,"",NaN,,,NaN,,
2024-10-21T21:16:24.000Z,6.294,2,"",M,61.114,2,"",M,6.000,2,"",N,10.922,2,"",M,26.929,2,"",M,11.340,2,"",M,1008.010,2,"",M,343.678,2,"",M,NaN,,,0,NaN,,,M,331.506,2,"",330.257,2,"",NaN,,,NaN,,
2024-10-21T21:18:17.000Z,6.294,2,"",M,61.114,2,"",M,6.000,2,"",N,11.058,2,"",M,26.974,2,"",M,11.340,2,"",M,1008.070,2,"",M,344.108,2,"",M,NaN,,,0,NaN,,,M,333.856,2,"",332.599,2,"",NaN,,,NaN,,
2024-10-21T21:20:09.000Z,6.292,2,"",M,61.114,2,"",M,6.000,2,"",N,11.074,2,"",M,27.192,2,"",M,11.430,2,"",M,1008.140,2,"",M,344.698,2,"",M,NaN,,,0,NaN,,,M,333.380,2,"",332.126,2,"",NaN,,,NaN,,
2024-10-21T21:22:01.000Z,6.286,2,"",M,61.115,2,"",M,6.000,2,"",N,11.080,2,"",M,27.297,2,"",M,11.480,2,"",M,1008.090,2,"",M,346.731,2,"",M,NaN,,,0,NaN,,,M,334.696,2,"",333.437,2,"",NaN,,,NaN,,
2024-10-21T21:23:53.000Z,6.277,2,"",M,61.116,2,"",M,6.000,2,"",N,11.106,2,"",M,27.427,2,"",M,11.490,2,"",M,1008.060,2,"",M,349.494,2,"",M,NaN,,,0,NaN,,,M,337.567,2,"",336.298,2,"",NaN,,,NaN,,
2024-10-21T21:25:46.000Z,6.268,2,"",M,61.117,2,"",M,6.000,2,"",N,11.115,2,"",M,27.432,2,"",M,11.510,2,"",M,1008.110,2,"",M,351.276,2,"",M,NaN,,,0,NaN,,,M,339.141,2,"",337.866,2,"",NaN,,,NaN,,
2024-10-21T21:27:38.000Z,6.258,2,"",M,61.119,2,"",M,6.000,2,"",N,11.110,2,"",M,27.442,2,"",M,11.520,2,"",M,1008.040,2,"",M,352.447,2,"",M,NaN,,,0,NaN,,,M,340.030,2,"",338.752,2,"",NaN,,,NaN,,
2024-10-21T21:29:30.000Z,6.248,2,"",M,61.120,2,"",M,6.000,2,"",N,11.101,2,"",M,27.453,2,"",M,11.520,2,"",M,1007.950,2,"",M,353.338,2,"",M,NaN,,,0,NaN,,,M,340.727,2,"",339.447,2,"",NaN,,,NaN,,
2024-10-21T21:31:22.000Z,6.238,2,"",M,61.121,2,"",M,6.000,2,"",N,10.904,2,"",M,27.004,2,"",M,11.510,2,"",M,1007.950,2,"",M,353.538,2,"",M,NaN,,,0,NaN,,,M,338.246,2,"",336.975,2,"",NaN,,,NaN,,
2024-10-21T21:33:14.000Z,6.228,2,"",M,61.122,2,"",M,6.000,2,"",N,10.689,2,"",M,26.359,2,"",M,11.340,2,"",M,1007.930,2,"",M,351.885,2,"",M,NaN,,,0,NaN,,,M,336.070,2,"",334.804,2,"",NaN,,,NaN,,
2024-10-21T21:35:07.000Z,6.217,2,"",M,61.123,2,"",M,6.000,2,"",N,10.659,2,"",M,25.919,2,"",M,11.150,2,"",M,1007.900,2,"",M,345.667,2,"",M,NaN,,,0,NaN,,,M,332.407,2,"",331.152,2,"",NaN,,,NaN,,
2024-10-21T21:36:59.000Z,6.207,2,"",M,61.124,2,"",M,6.000,2,"",N,11.021,2,"",M,26.278,2,"",M,11.080,2,"",M,1008.030,2,"",M,337.927,2,"",M,NaN,,,0,NaN,,,M,331.024,2,"",329.773,2,"",NaN,,,NaN,,
2024-10-21T21:39:12.000Z,6.194,2,"",M,61.125,2,"",M,6.000,2,"",N,11.066,2,"",M,27.510,2,"",M,11.430,2,"",M,1007.760,2,"",M,335.663,2,"",M,NaN,,,0,NaN,,,M,324.403,2,"",323.183,2,"",NaN,,,NaN,,
2024-10-21T21:41:04.000Z,6.184,2,"",M,61.126,2,"",M,6.000,2,"",N,11.064,2,"",M,27.422,2,"",M,11.470,2,"",M,1007.880,2,"",M,343.623,2,"",M,NaN,,,0,NaN,,,M,331.540,2,"",330.294,2,"",NaN,,,NaN,,
2024-10-21T21:42:57.000Z,6.175,2,"",M,61.127,2,"",M,6.000,2,"",N,11.054,2,"",M,27.491,2,"",M,11.470,2,"",M,1008.010,2,"",M,348.970,2,"",M,NaN,,,0,NaN,,,M,336.604,2,"",335.338,2,"",NaN,,,NaN,,
2024-10-21T21:44:49.000Z,6.165,2,"",M,61.127,2,"",M,6.000,2,"",N,11.179,2,"",M,27.628,2,"",M,11.480,2,"",M,1008.040,2,"",M,351.002,2,"",M,NaN,,,0,NaN,,,M,340.213,2,"",338.934,2,"",NaN,,,NaN,,
2024-10-21T21:46:41.000Z,6.154,2,"",M,61.128,2,"",M,6.000,2,"",N,11.221,2,"",M,28.085,2,"",M,11.580,2,"",M,1008.020,2,"",M,352.313,2,"",M,NaN,,,0,NaN,,,M,340.612,2,"",339.333,2,"",NaN,,,NaN,,
2024-10-21T21:48:33.000Z,6.144,2,"",M,61.128,2,"",M,6.000,2,"",N,11.221,2,"",M,28.012,2,"",M,11.630,2,"",M,1008.110,2,"",M,357.029,2,"",M,NaN,,,0,NaN,,,M,344.466,2,"",343.174,2,"",NaN,,,NaN,,
2024-10-21T21:50:26.000Z,6.134,2,"",M,61.128,2,"",M,6.000,2,"",N,11.226,2,"",M,27.983,2,"",M,11.630,2,"",M,1008.080,2,"",M,360.813,2,"",M,NaN,,,0,NaN,,,M,348.182,2,"",346.876,2,"",NaN,,,NaN,,
2024-10-21T21:52:18.000Z,6.123,2,"",M,61.128,2,"",M,6.000,2,"",N,11.241,2,"",M,27.993,2,"",M,11.630,2,"",M,1008.130,2,"",M,361.534,2,"",M,NaN,,,0,NaN,,,M,349.105,2,"",347.795,2,"",NaN,,,NaN,,
2024-10-21T21:54:10.000Z,6.113,2,"",M,61.128,2,"",M,6.000,2,"",N,11.259,2,"",M,28.032,2,"",M,11.650,2,"",M,1007.690,2,"",M,361.714,2,"",M,NaN,,,0,NaN,,,M,349.094,2,"",347.785,2,"",NaN,,,NaN,,
2024-10-21T21:56:02.000Z,6.102,2,"",M,61.128,2,"",M,6.000,2,"",N,11.254,2,"",M,27.938,2,"",M,11.660,2,"",M,1007.880,2,"",M,362.234,2,"",M,NaN,,,0,NaN,,,M,349.437,2,"",348.126,2,"",NaN,,,NaN,,
2024-10-21T21:57:55.000Z,6.094,2,"",M,61.127,2,"",M,6.000,2,"",N,11.255,2,"",M,28.007,2,"",M,11.650,2,"",M,1007.880,2,"",M,362.054,2,"",M,NaN,,,0,NaN,,,M,349.436,2,"",348.125,2,"",NaN,,,NaN,,
2024-10-21T21:59:47.000Z,6.091,2,"",M,61.129,2,"",M,6.000,2,"",N,11.252,2,"",M,28.035,2,"",M,11.670,2,"",M,1008.080,2,"",M,362.123,2,"",M,NaN,,,0,NaN,,,M,349.217,2,"",347.907,2,"",NaN,,,NaN,,
2024-10-21T22:01:39.000Z,6.091,2,"",M,61.129,2,"",M,6.000,2,"",N,11.262,2,"",M,28.039,2,"",M,11.670,2,"",M,1007.920,2,"",M,362.644,2,"",M,NaN,,,0,NaN,,,M,349.809,2,"",348.497,2,"",NaN,,,NaN,,
2024-10-21T22:03:31.000Z,6.092,2,"",M,61.129,2,"",M,6.000,2,"",N,11.257,2,"",M,28.105,2,"",M,11.680,2,"",M,1007.830,2,"",M,363.194,2,"",M,NaN,,,0,NaN,,,M,350.089,2,"",348.776,2,"",NaN,,,NaN,,
2024-10-21T22:05:23.000Z,6.092,2,"",M,61.129,2,"",M,6.000,2,"",N,11.255,2,"",M,28.027,2,"",M,11.680,2,"",M,1007.770,2,"",M,363.584,2,"",M,NaN,,,0,NaN,,,M,350.406,2,"",349.093,2,"",NaN,,,NaN,,
2024-10-21T22:07:16.000Z,6.092,2,"",M,61.129,2,"",M,6.000,2,"",N,11.257,2,"",M,28.046,2,"",M,11.660,2,"",M,1007.860,2,"",M,363.714,2,"",M,NaN,,,0,NaN,,,M,350.898,2,"",349.582,2,"",NaN,,,NaN,,
2024-10-21T22:09:08.000Z,6.092,2,"",M,61.129,2,"",M,6.000,2,"",N,11.254,2,"",M,28.030,2,"",M,11.670,2,"",M,1007.710,2,"",M,363.574,2,"",M,NaN,,,0,NaN,,,M,350.521,2,"",349.207,2,"",NaN,,,NaN,,
2024-10-21T22:11:00.000Z,6.092,2,"",M,61.129,2,"",M,6.000,2,"",N,11.259,2,"",M,28.029,2,"",M,11.660,2,"",M,1007.740,2,"",M,363.463,2,"",M,NaN,,,0,NaN,,,M,350.650,2,"",349.335,2,"",NaN,,,NaN,,
2024-10-21T22:12:52.000Z,6.092,2,"",M,61.129,2,"",M,6.000,2,"",N,11.252,2,"",M,28.026,2,"",M,11.670,2,"",M,1007.660,2,"",M,363.393,2,"",M,NaN,,,0,NaN,,,M,350.296,2,"",348.983,2,"",NaN,,,NaN,,
2024-10-21T22:14:45.000Z,6.092,2,"",M,61.129,2,"",M,6.000,2,"",N,11.255,2,"",M,28.028,2,"",M,11.670,2,"",M,1007.585,2,"",M,363.563,2,"",M,NaN,,,0,NaN,,,M,350.475,2,"",349.162,2,"",NaN,,,NaN,,
2024-10-21T22:16:37.000Z,6.092,2,"",M,61.129,2,"",M,6.000,2,"",N,11.250,2,"",M,28.022,2,"",M,11.670,2,"",M,1007.890,2,"",M,363.272,2,"",M,NaN,,,0,NaN,,,M,350.236,2,"",348.923,2,"",NaN,,,NaN,,
2024-10-21T22:18:29.000Z,6.092,2,"",M,61.129,2,"",M,6.000,2,"",N,11.244,2,"",M,28.022,2,"",M,11.660,2,"",M,1007.950,2,"",M,363.742,2,"",M,NaN,,,0,NaN,,,M,350.773,2,"",349.457,2,"",NaN,,,NaN,,
2024-10-21T22:20:21.000Z,6.092,2,"",M,61.129,2,"",M,6.000,2,"",N,11.242,2,"",M,28.020,2,"",M,11.660,2,"",M,1008.040,2,"",M,363.371,2,"",M,NaN,,,0,NaN,,,M,350.411,2,"",349.096,2,"",NaN,,,NaN,,
2024-10-21T22:22:14.000Z,6.092,2,"",M,61.129,2,"",M,6.000,2,"",N,11.234,2,"",M,28.011,2,"",M,11.660,2,"",M,1008.050,2,"",M,363.181,2,"",M,NaN,,,0,NaN,,,M,350.111,2,"",348.797,2,"",NaN,,,NaN,,
2024-10-21T22:24:06.000Z,6.092,2,"",M,61.129,2,"",M,6.000,2,"",N,11.247,2,"",M,27.973,2,"",M,11.650,2,"",M,1007.990,2,"",M,363.251,2,"",M,NaN,,,0,NaN,,,M,350.502,2,"",349.187,2,"",NaN,,,NaN,,
2024-10-21T22:25:58.000Z,6.092,2,"",M,61.129,2,"",M,6.000,2,"",N,11.211,2,"",M,27.970,2,"",M,11.640,2,"",M,1007.930,2,"",M,363.090,2,"",M,NaN,,,0,NaN,,,M,349.944,2,"",348.631,2,"",NaN,,,NaN,,
2024-10-21T22:27:50.000Z,6.092,2,"",M,61.129,2,"",M,6.000,2,"",N,11.212,2,"",M,28.019,2,"",M,11.630,2,"",M,1007.930,2,"",M,362.839,2,"",M,NaN,,,0,NaN,,,M,349.875,2,"",348.562,2,"",NaN,,,NaN,,
2024-10-21T22:29:43.000Z,6.092,2,"",M,61.129,2,"",M,6.000,2,"",N,11.208,2,"",M,28.086,2,"",M,11.640,2,"",M,1008.060,2,"",M,362.979,2,"",M,NaN,,,0,NaN,,,M,349.840,2,"",348.527,2,"",NaN,,,NaN,,
2024-10-21T22:31:35.000Z,6.092,2,"",M,61.129,2,"",M,6.000,2,"",N,11.225,2,"",M,28.059,2,"",M,11.620,2,"",M,1007.960,2,"",M,363.470,2,"",M,NaN,,,0,NaN,,,M,350.826,2,"",349.510,2,"",NaN,,,NaN,,
2024-10-21T22:33:27.000Z,6.092,2,"",M,61.129,2,"",M,6.000,2,"",N,11.180,2,"",M,28.038,2,"",M,11.640,2,"",M,1007.900,2,"",M,363.439,2,"",M,NaN,,,0,NaN,,,M,349.809,2,"",348.497,2,"",NaN,,,NaN,,
2024-10-21T22:35:19.000Z,6.092,2,"",M,61.129,2,"",M,6.000,2,"",N,11.162,2,"",M,27.897,2,"",M,11.610,2,"",M,1007.840,2,"",M,364.050,2,"",M,NaN,,,0,NaN,,,M,350.565,2,"",349.250,2,"",NaN,,,NaN,,
2024-10-21T22:37:11.000Z,6.092,2,"",M,61.129,2,"",M,6.000,2,"",N,11.140,2,"",M,27.860,2,"",M,11.580,2,"",M,1007.770,2,"",M,363.128,2,"",M,NaN,,,0,NaN,,,M,349.780,2,"",348.467,2,"",NaN,,,NaN,,
2024-10-21T22:39:25.000Z,6.092,2,"",M,61.129,2,"",M,6.000,2,"",N,11.179,2,"",M,27.834,2,"",M,11.570,2,"",M,1007.700,2,"",M,361.896,2,"",M,NaN,,,0,NaN,,,M,349.301,2,"",347.990,2,"",NaN,,,NaN,,
2024-10-21T22:41:18.000Z,6.092,2,"",M,61.129,2,"",M,6.000,2,"",N,11.175,2,"",M,27.835,2,"",M,11.570,2,"",M,1007.590,2,"",M,361.826,2,"",M,NaN,,,0,NaN,,,M,349.131,2,"",347.820,2,"",NaN,,,NaN,,
2024-10-21T22:43:09.000Z,6.092,2,"",M,61.129,2,"",M,6.000,2,"",N,11.140,2,"",M,27.801,2,"",M,11.590,2,"",M,1007.950,2,"",M,361.765,2,"",M,NaN,,,0,NaN,,,M,348.387,2,"",347.079,2,"",NaN,,,NaN,,
2024-10-21T22:45:01.000Z,6.092,2,"",M,61.129,2,"",M,6.000,2,"",N,11.156,2,"",M,27.804,2,"",M,11.570,2,"",M,1008.020,2,"",M,362.165,2,"",M,NaN,,,0,NaN,,,M,349.333,2,"",348.022,2,"",NaN,,,NaN,,
2024-10-21T22:46:54.000Z,6.092,2,"",M,61.129,2,"",M,6.000,2,"",N,11.119,2,"",M,27.761,2,"",M,11.570,2,"",M,1008.000,2,"",M,361.855,2,"",M,NaN,,,0,NaN,,,M,348.478,2,"",347.170,2,"",NaN,,,NaN,,
2024-10-21T22:48:46.000Z,6.092,2,"",M,61.129,2,"",M,6.000,2,"",N,11.075,2,"",M,27.775,2,"",M,11.540,2,"",M,1007.990,2,"",M,361.744,2,"",M,NaN,,,0,NaN,,,M,348.168,2,"",346.860,2,"",NaN,,,NaN,,
2024-10-21T22:50:38.000Z,6.092,2,"",M,61.129,2,"",M,6.000,2,"",N,11.099,2,"",M,27.697,2,"",M,11.520,2,"",M,1007.980,2,"",M,361.303,2,"",M,NaN,,,0,NaN,,,M,348.402,2,"",347.093,2,"",NaN,,,NaN,,
2024-10-21T22:52:30.000Z,6.092,2,"",M,61.129,2,"",M,6.000,2,"",N,11.003,2,"",M,27.702,2,"",M,11.520,2,"",M,1007.840,2,"",M,361.143,2,"",M,NaN,,,0,NaN,,,M,346.785,2,"",345.482,2,"",NaN,,,NaN,,
2024-10-21T22:57:00.000Z,6.086,2,"",M,61.131,2,"",M,6.000,2,"",N,NaN,,,M,NaN,,,M,NaN,,,M,NaN,,,M,NaN,,,0,NaN,,,0,NaN,,,M,NaN,,,NaN,,,NaN,,,NaN,,
2024-10-21T22:58:50.000Z,6.076,2,"",M,61.132,2,"",M,6.000,2,"",N,NaN,,,M,NaN,,,M,NaN,,,M,NaN,,,M,NaN,,,0,NaN,,,0,NaN,,,M,NaN,,,NaN,,,NaN,,,NaN,,
2024-10-21T23:00:39.000Z,6.067,2,"",M,61.133,2,"",M,6.000,2,"",N,NaN,,,M,NaN,,,M,NaN,,,M,NaN,,,M,NaN,,,0,NaN,,,0,NaN,,,M,NaN,,,NaN,,,NaN,,,NaN,,
2024-10-21T23:05:09.000Z,6.042,2,"",M,61.135,2,"",M,6.000,2,"",N,NaN,,,M,NaN,,,M,NaN,,,M,NaN,,,M,NaN,,,0,NaN,,,0,NaN,,,M,NaN,,,NaN,,,NaN,,,NaN,,
2024-10-21T23:06:59.000Z,6.032,2,"",M,61.136,2,"",M,6.000,2,"",N,NaN,,,M,NaN,,,M,NaN,,,M,NaN,,,M,NaN,,,0,NaN,,,0,NaN,,,M,NaN,,,NaN,,,NaN,,,NaN,,
2024-10-21T23:08:49.000Z,6.022,2,"",M,61.137,2,"",M,6.000,2,"",N,NaN,,,M,NaN,,,M,NaN,,,M,NaN,,,M,NaN,,,0,NaN,,,0,NaN,,,M,NaN,,,NaN,,,NaN,,,NaN,,
2024-10-21T23:13:18.000Z,5.996,2,"",M,61.139,2,"",M,6.000,2,"",N,NaN,,,M,NaN,,,M,NaN,,,M,NaN,,,M,NaN,,,0,NaN,,,0,NaN,,,M,NaN,,,NaN,,,NaN,,,NaN,,
2024-10-21T23:15:08.000Z,5.985,2,"",M,61.139,2,"",M,6.000,2,"",N,NaN,,,M,NaN,,,M,NaN,,,M,NaN,,,M,NaN,,,0,NaN,,,0,NaN,,,M,NaN,,,NaN,,,NaN,,,NaN,,
2024-10-21T23:16:58.000Z,5.974,2,"",M,61.139,2,"",M,6.000,2,"",N,NaN,,,M,NaN,,,M,NaN,,,M,NaN,,,M,NaN,,,0,NaN,,,0,NaN,,,M,NaN,,,NaN,,,NaN,,,NaN,,
2024-10-21T23:21:28.000Z,5.947,2,"",M,61.139,2,"",M,6.000,2,"",N,11.558,2,"",M,29.061,2,"",M,NaN,,,M,NaN,,,M,NaN,,,0,422.804,2,"",M,1006.900,2,"",M,NaN,,,NaN,,,415.573,2,"",414.010,2,""
2024-10-21T23:23:17.000Z,5.936,2,"",M,61.139,2,"",M,6.000,2,"",N,11.603,2,"",M,29.131,2,"",M,NaN,,,M,NaN,,,M,NaN,,,0,423.023,2,"",M,1006.900,2,"",M,NaN,,,NaN,,,415.772,2,"",414.210,2,""
2024-10-21T23:25:07.000Z,5.926,2,"",M,61.139,2,"",M,6.000,2,"",N,11.616,2,"",M,29.185,2,"",M,NaN,,,M,NaN,,,M,NaN,,,0,422.752,2,"",M,1006.700,2,"",M,NaN,,,NaN,,,415.417,2,"",413.857,2,""
2024-10-21T23:26:57.000Z,5.915,2,"",M,61.140,2,"",M,6.000,2,"",N,11.620,2,"",M,29.195,2,"",M,NaN,,,M,NaN,,,M,NaN,,,0,423.172,2,"",M,1006.700,2,"",M,NaN,,,NaN,,,415.828,2,"",414.266,2,""
2024-10-21T23:28:47.000Z,5.904,2,"",M,61.140,2,"",M,6.000,2,"",N,11.547,2,"",M,28.817,2,"",M,NaN,,,M,NaN,,,M,NaN,,,0,422.780,2,"",M,NaN,,,0,NaN,,,NaN,,,NaN,,,NaN,,
2024-10-21T23:33:57.000Z,5.873,2,"",M,61.140,2,"",M,6.000,2,"",N,11.598,2,"",M,29.164,2,"",M,12.040,2,"",M,1007.280,2,"",M,381.217,2,"",M,NaN,,,0,NaN,,,M,366.848,2,"",365.480,2,"",NaN,,,NaN,,
2024-10-21T23:35:49.000Z,5.862,2,"",M,61.140,2,"",M,6.000,2,"",N,11.496,2,"",M,28.908,2,"",M,12.010,2,"",M,1007.340,2,"",M,382.227,2,"",M,NaN,,,0,NaN,,,M,366.738,2,"",365.370,2,"",NaN,,,NaN,,
2024-10-21T23:37:42.000Z,5.851,2,"",M,61.139,2,"",M,6.000,2,"",N,11.503,2,"",M,28.984,2,"",M,11.910,2,"",M,1007.180,2,"",M,381.596,2,"",M,NaN,,,0,NaN,,,M,367.756,2,"",366.383,2,"",NaN,,,NaN,,
2024-10-21T23:39:55.000Z,5.838,2,"",M,61.139,2,"",M,6.000,2,"",N,11.528,2,"",M,28.889,2,"",M,11.910,2,"",M,1006.760,2,"",M,380.524,2,"",M,NaN,,,0,NaN,,,M,366.956,2,"",365.586,2,"",NaN,,,NaN,,
2024-10-21T23:41:47.000Z,5.827,2,"",M,61.138,2,"",M,6.000,2,"",N,11.684,2,"",M,29.469,2,"",M,11.930,2,"",M,1006.790,2,"",M,379.722,2,"",M,NaN,,,0,NaN,,,M,368.302,2,"",366.927,2,"",NaN,,,NaN,,
2024-10-21T23:43:39.000Z,5.816,2,"",M,61.138,2,"",M,6.000,2,"",N,11.681,2,"",M,29.473,2,"",M,12.090,2,"",M,1006.900,2,"",M,382.225,2,"",M,NaN,,,0,NaN,,,M,368.165,2,"",366.794,2,"",NaN,,,NaN,,
2024-10-21T23:45:32.000Z,5.805,2,"",M,61.137,2,"",M,6.000,2,"",N,11.668,2,"",M,29.450,2,"",M,12.080,2,"",M,1006.780,2,"",M,386.058,2,"",M,NaN,,,0,NaN,,,M,371.782,2,"",370.397,2,"",NaN,,,NaN,,
2024-10-21T23:47:24.000Z,5.794,2,"",M,61.136,2,"",M,6.000,2,"",N,11.715,2,"",M,29.473,2,"",M,12.070,2,"",M,1006.730,2,"",M,387.489,2,"",M,NaN,,,0,NaN,,,M,374.033,2,"",372.639,2,"",NaN,,,NaN,,
2024-10-21T23:49:16.000Z,5.784,2,"",M,61.135,2,"",M,6.000,2,"",N,11.729,2,"",M,29.592,2,"",M,12.100,2,"",M,1006.760,2,"",M,387.338,2,"",M,NaN,,,0,NaN,,,M,373.642,2,"",372.251,2,"",NaN,,,NaN,,
2024-10-21T23:51:08.000Z,5.773,2,"",M,61.134,2,"",M,6.000,2,"",N,11.722,2,"",M,29.570,2,"",M,12.120,2,"",M,1006.710,2,"",M,388.539,2,"",M,NaN,,,0,NaN,,,M,374.341,2,"",372.947,2,"",NaN,,,NaN,,
2024-10-21T23:53:01.000Z,5.763,2,"",M,61.132,2,"",M,6.000,2,"",N,11.717,2,"",M,29.567,2,"",M,12.120,2,"",M,1006.670,2,"",M,389.259,2,"",M,NaN,,,0,NaN,,,M,374.940,2,"",373.544,2,"",NaN,,,NaN,,
2024-10-21T23:54:52.000Z,5.752,2,"",M,61.131,2,"",M,6.000,2,"",N,11.716,2,"",M,29.562,2,"",M,12.120,2,"",M,1006.690,2,"",M,389.659,2,"",M,NaN,,,0,NaN,,,M,375.319,2,"",373.922,2,"",NaN,,,NaN,,
2024-10-21T23:56:44.000Z,5.742,2,"",M,61.129,2,"",M,6.000,2,"",N,11.655,2,"",M,29.518,2,"",M,12.120,2,"",M,1006.750,2,"",M,389.518,2,"",M,NaN,,,0,NaN,,,M,374.243,2,"",372.850,2,"",NaN,,,NaN,,
2024-10-21T23:58:37.000Z,5.737,2,"",M,61.126,2,"",M,6.000,2,"",N,11.624,2,"",M,29.431,2,"",M,12.080,2,"",M,1006.750,2,"",M,389.367,2,"",M,NaN,,,0,NaN,,,M,374.248,2,"",372.854,2,"",NaN,,,NaN,,
2024-10-22T00:00:29.000Z,5.732,2,"",M,61.125,2,"",M,6.000,2,"",N,11.597,2,"",M,29.205,2,"",M,12.040,2,"",M,1006.650,2,"",M,388.866,2,"",M,NaN,,,0,NaN,,,M,373.959,2,"",372.565,2,"",NaN,,,NaN,,
2024-10-22T00:02:21.000Z,5.729,2,"",M,61.124,2,"",M,6.000,2,"",N,11.584,2,"",M,29.239,2,"",M,11.990,2,"",M,1006.590,2,"",M,387.814,2,"",M,NaN,,,0,NaN,,,M,373.526,2,"",372.133,2,"",NaN,,,NaN,,
2024-10-22T00:04:13.000Z,5.726,2,"",M,61.123,2,"",M,6.000,2,"",N,11.610,2,"",M,29.343,2,"",M,11.990,2,"",M,1006.580,2,"",M,386.832,2,"",M,NaN,,,0,NaN,,,M,372.974,2,"",371.583,2,"",NaN,,,NaN,,
2024-10-22T00:06:06.000Z,5.724,2,"",M,61.122,2,"",M,6.000,2,"",N,11.648,2,"",M,29.415,2,"",M,12.020,2,"",M,1006.600,2,"",M,386.892,2,"",M,NaN,,,0,NaN,,,M,373.162,2,"",371.771,2,"",NaN,,,NaN,,
2024-10-22T00:07:58.000Z,5.722,2,"",M,61.122,2,"",M,6.000,2,"",N,11.752,2,"",M,29.789,2,"",M,12.040,2,"",M,1006.550,2,"",M,387.752,2,"",M,NaN,,,0,NaN,,,M,375.297,2,"",373.898,2,"",NaN,,,NaN,,
2024-10-22T00:09:50.000Z,5.721,2,"",M,61.122,2,"",M,6.000,2,"",N,11.769,2,"",M,29.796,2,"",M,12.150,2,"",M,1006.610,2,"",M,389.163,2,"",M,NaN,,,0,NaN,,,M,375.169,2,"",373.773,2,"",NaN,,,NaN,,
2024-10-22T00:11:42.000Z,5.721,2,"",M,61.122,2,"",M,6.000,2,"",N,11.766,2,"",I,29.807,2,"",I,12.170,2,"",M,1006.530,2,"",M,391.805,2,"",M,NaN,,,0,NaN,,,M,377.314,2,"",375.910,2,"",NaN,,,NaN,,
2024-10-22T00:13:34.000Z,5.721,2,"",M,61.122,2,"",M,6.000,2,"",N,11.763,2,"",M,29.818,2,"",M,12.180,2,"",M,1006.460,2,"",M,393.075,2,"",M,NaN,,,0,NaN,,,M,378.301,2,"",376.894,2,"",NaN,,,NaN,,
2024-10-22T00:15:27.000Z,5.720,2,"",M,61.122,2,"",M,6.000,2,"",N,11.754,2,"",M,29.808,2,"",M,12.170,2,"",M,1006.300,2,"",M,393.485,2,"",M,NaN,,,0,NaN,,,M,378.643,2,"",377.235,2,"",NaN,,,NaN,,
2024-10-22T00:17:19.000Z,5.720,2,"",M,61.122,2,"",M,6.000,2,"",N,11.760,2,"",M,29.809,2,"",M,12.160,2,"",M,1006.340,2,"",M,393.454,2,"",M,NaN,,,0,NaN,,,M,378.903,2,"",377.493,2,"",NaN,,,NaN,,
2024-10-22T00:19:11.000Z,5.720,2,"",M,61.122,2,"",M,6.000,2,"",N,11.759,2,"",M,29.809,2,"",M,12.160,2,"",M,1006.220,2,"",M,393.433,2,"",M,NaN,,,0,NaN,,,M,378.817,2,"",377.408,2,"",NaN,,,NaN,,
2024-10-22T00:21:03.000Z,5.720,2,"",M,61.122,2,"",M,6.000,2,"",N,11.756,2,"",M,29.810,2,"",M,12.160,2,"",M,1006.125,2,"",M,393.403,2,"",M,NaN,,,0,NaN,,,M,378.704,2,"",377.296,2,"",NaN,,,NaN,,
2024-10-22T00:22:56.000Z,5.720,2,"",M,61.122,2,"",M,6.000,2,"",N,11.766,2,"",M,29.820,2,"",M,12.160,2,"",M,1006.080,2,"",M,393.192,2,"",M,NaN,,,0,NaN,,,M,378.645,2,"",377.237,2,"",NaN,,,NaN,,
2024-10-22T00:24:48.000Z,5.720,2,"",M,61.122,2,"",M,6.000,2,"",N,11.766,2,"",M,29.830,2,"",M,12.160,2,"",M,1006.080,2,"",M,393.471,2,"",M,NaN,,,0,NaN,,,M,378.903,2,"",377.494,2,"",NaN,,,NaN,,
2024-10-22T00:26:40.000Z,5.720,2,"",M,61.122,2,"",M,6.000,2,"",N,11.771,2,"",M,29.847,2,"",M,12.180,2,"",M,1006.010,2,"",M,393.671,2,"",M,NaN,,,0,NaN,,,M,378.835,2,"",377.426,2,"",NaN,,,NaN,,
2024-10-22T00:28:32.000Z,5.720,2,"",M,61.122,2,"",M,6.000,2,"",N,11.768,2,"",M,29.858,2,"",M,12.180,2,"",M,1005.920,2,"",M,394.060,2,"",M,NaN,,,0,NaN,,,M,379.112,2,"",377.702,2,"",NaN,,,NaN,,
2024-10-22T00:30:24.000Z,5.720,2,"",M,61.122,2,"",M,6.000,2,"",N,11.782,2,"",M,29.882,2,"",M,12.170,2,"",M,1005.935,2,"",M,394.220,2,"",M,NaN,,,0,NaN,,,M,379.668,2,"",378.257,2,"",NaN,,,NaN,,
2024-10-22T00:32:17.000Z,5.720,2,"",M,61.122,2,"",M,6.000,2,"",N,11.783,2,"",M,29.877,2,"",M,12.190,2,"",M,1005.960,2,"",M,394.299,2,"",M,NaN,,,0,NaN,,,M,379.441,2,"",378.030,2,"",NaN,,,NaN,,
2024-10-22T00:34:09.000Z,5.720,2,"",M,61.122,2,"",M,6.000,2,"",N,11.783,2,"",M,29.874,2,"",M,12.190,2,"",M,1006.120,2,"",M,394.288,2,"",M,NaN,,,0,NaN,,,M,379.486,2,"",378.075,2,"",NaN,,,NaN,,
2024-10-22T00:36:01.000Z,5.720,2,"",M,61.122,2,"",M,6.000,2,"",N,11.787,2,"",M,29.891,2,"",M,12.180,2,"",M,1006.050,2,"",M,394.197,2,"",M,NaN,,,0,NaN,,,M,379.610,2,"",378.198,2,"",NaN,,,NaN,,
2024-10-22T00:37:53.000Z,5.720,2,"",M,61.122,2,"",M,6.000,2,"",N,11.787,2,"",M,29.896,2,"",M,12.190,2,"",M,1006.060,2,"",M,394.457,2,"",M,NaN,,,0,NaN,,,M,379.692,2,"",378.280,2,"",NaN,,,NaN,,
2024-10-22T00:40:07.000Z,5.720,2,"",M,61.122,2,"",M,6.000,2,"",N,11.785,2,"",M,29.899,2,"",M,12.180,2,"",M,1006.410,2,"",M,394.416,2,"",M,NaN,,,0,NaN,,,M,379.926,2,"",378.512,2,"",NaN,,,NaN,,
2024-10-22T00:41:59.000Z,5.720,2,"",M,61.122,2,"",M,6.000,2,"",N,11.785,2,"",M,29.915,2,"",M,12.200,2,"",M,1006.400,2,"",M,394.225,2,"",M,NaN,,,0,NaN,,,M,379.411,2,"",378.000,2,"",NaN,,,NaN,,
2024-10-22T00:43:51.000Z,5.720,2,"",M,61.122,2,"",M,6.000,2,"",N,11.783,2,"",M,29.900,2,"",M,12.200,2,"",M,1006.590,2,"",M,394.665,2,"",M,NaN,,,0,NaN,,,M,379.864,2,"",378.451,2,"",NaN,,,NaN,,
2024-10-22T00:45:44.000Z,5.720,2,"",M,61.122,2,"",M,6.000,2,"",N,11.785,2,"",M,29.912,2,"",M,12.190,2,"",M,1006.530,2,"",M,394.664,2,"",M,NaN,,,0,NaN,,,M,380.044,2,"",378.630,2,"",NaN,,,NaN,,
2024-10-22T00:47:36.000Z,5.720,2,"",M,61.122,2,"",M,6.000,2,"",N,11.796,2,"",M,29.917,2,"",M,12.190,2,"",M,1006.590,2,"",M,394.803,2,"",M,NaN,,,0,NaN,,,M,380.376,2,"",378.961,2,"",NaN,,,NaN,,
2024-10-22T00:49:28.000Z,5.720,2,"",M,61.122,2,"",M,6.000,2,"",N,11.797,2,"",M,29.917,2,"",M,12.200,2,"",M,1006.450,2,"",M,394.482,2,"",M,NaN,,,0,NaN,,,M,379.861,2,"",378.449,2,"",NaN,,,NaN,,
2024-10-22T00:51:20.000Z,5.720,2,"",M,61.122,2,"",M,6.000,2,"",N,11.800,2,"",M,29.925,2,"",M,12.190,2,"",M,1006.650,2,"",M,394.441,2,"",M,NaN,,,0,NaN,,,M,380.122,2,"",378.708,2,"",NaN,,,NaN,,
2024-10-22T00:53:12.000Z,5.720,2,"",M,61.122,2,"",M,6.000,2,"",N,11.794,2,"",M,29.929,2,"",M,12.200,2,"",M,1006.670,2,"",M,394.230,2,"",M,NaN,,,0,NaN,,,M,379.664,2,"",378.252,2,"",NaN,,,NaN,,
2024-10-22T00:55:05.000Z,5.720,2,"",M,61.122,2,"",M,6.000,2,"",N,11.797,2,"",M,29.912,2,"",M,12.200,2,"",M,1006.620,2,"",M,394.590,2,"",M,NaN,,,0,NaN,,,M,380.030,2,"",378.617,2,"",NaN,,,NaN,,
2024-10-22T00:56:57.000Z,5.720,2,"",M,61.122,2,"",M,6.000,2,"",N,11.786,2,"",M,29.911,2,"",M,12.200,2,"",M,1006.680,2,"",M,394.349,2,"",M,NaN,,,0,NaN,,,M,379.647,2,"",378.235,2,"",NaN,,,NaN,,
2024-10-22T00:58:49.000Z,5.720,2,"",M,61.122,2,"",M,6.000,2,"",N,11.788,2,"",M,29.907,2,"",M,12.200,2,"",M,1006.470,2,"",M,394.628,2,"",M,NaN,,,0,NaN,,,M,379.864,2,"",378.451,2,"",NaN,,,NaN,,
2024-10-22T01:00:41.000Z,5.720,2,"",M,61.122,2,"",M,6.000,2,"",N,11.792,2,"",M,29.923,2,"",M,12.200,2,"",M,1006.470,2,"",M,394.798,2,"",M,NaN,,,0,NaN,,,M,380.098,2,"",378.684,2,"",NaN,,,NaN,,
2024-10-22T01:02:34.000Z,5.719,2,"",M,61.123,2,"",M,6.000,2,"",N,11.795,2,"",M,29.898,2,"",M,12.200,2,"",M,1006.410,2,"",M,394.667,2,"",M,NaN,,,0,NaN,,,M,379.997,2,"",378.584,2,"",NaN,,,NaN,,
2024-10-22T01:04:26.000Z,5.713,2,"",M,61.122,2,"",M,6.000,2,"",N,11.802,2,"",M,29.881,2,"",M,12.190,2,"",M,1006.210,2,"",M,394.946,2,"",M,NaN,,,0,NaN,,,M,380.467,2,"",379.053,2,"",NaN,,,NaN,,
2024-10-22T01:06:18.000Z,5.705,2,"",M,61.121,2,"",M,6.000,2,"",N,11.806,2,"",M,29.859,2,"",M,12.200,2,"",M,1006.330,2,"",M,394.785,2,"",M,NaN,,,0,NaN,,,M,380.251,2,"",378.837,2,"",NaN,,,NaN,,
2024-10-22T01:08:10.000Z,5.697,2,"",M,61.120,2,"",M,6.000,2,"",N,11.811,2,"",M,29.854,2,"",M,12.200,2,"",M,1006.330,2,"",M,394.625,2,"",M,NaN,,,0,NaN,,,M,380.183,2,"",378.770,2,"",NaN,,,NaN,,
2024-10-22T01:10:02.000Z,5.688,2,"",M,61.120,2,"",M,6.000,2,"",N,11.668,2,"",M,29.618,2,"",M,12.210,2,"",M,1006.330,2,"",M,394.273,2,"",M,NaN,,,0,NaN,,,M,377.391,2,"",375.988,2,"",NaN,,,NaN,,
2024-10-22T01:11:55.000Z,5.679,2,"",M,61.119,2,"",M,6.000,2,"",N,11.583,2,"",M,29.309,2,"",M,12.100,2,"",M,1006.310,2,"",M,393.702,2,"",M,NaN,,,0,NaN,,,M,377.264,2,"",375.860,2,"",NaN,,,NaN,,
2024-10-22T01:13:47.000Z,5.671,2,"",M,61.118,2,"",M,6.000,2,"",N,11.593,2,"",M,29.275,2,"",M,12.000,2,"",M,1006.420,2,"",M,391.029,2,"",M,NaN,,,0,NaN,,,M,376.526,2,"",375.122,2,"",NaN,,,NaN,,
2024-10-22T01:15:39.000Z,5.662,2,"",M,61.117,2,"",M,6.000,2,"",N,11.597,2,"",M,29.300,2,"",M,12.010,2,"",M,1006.490,2,"",M,387.886,2,"",M,NaN,,,0,NaN,,,M,373.441,2,"",372.049,2,"",NaN,,,NaN,,
2024-10-22T01:17:31.000Z,5.653,2,"",M,61.115,2,"",M,6.000,2,"",N,11.819,2,"",M,29.674,2,"",M,12.010,2,"",M,1006.500,2,"",M,386.674,2,"",M,NaN,,,0,NaN,,,M,375.789,2,"",374.388,2,"",NaN,,,NaN,,
2024-10-22T01:19:24.000Z,5.644,2,"",M,61.113,2,"",M,6.000,2,"",N,11.879,2,"",M,29.916,2,"",M,12.200,2,"",M,1006.410,2,"",M,387.564,2,"",M,NaN,,,0,NaN,,,M,374.488,2,"",373.096,2,"",NaN,,,NaN,,
2024-10-22T01:21:16.000Z,5.635,2,"",M,61.111,2,"",M,6.000,2,"",N,11.860,2,"",M,29.912,2,"",M,12.270,2,"",M,1006.350,2,"",M,391.427,2,"",M,NaN,,,0,NaN,,,M,376.748,2,"",375.348,2,"",NaN,,,NaN,,
2024-10-22T01:23:08.000Z,5.626,2,"",M,61.108,2,"",M,6.000,2,"",N,11.925,2,"",M,30.059,2,"",M,12.260,2,"",M,1006.450,2,"",M,394.118,2,"",M,NaN,,,0,NaN,,,M,380.583,2,"",379.169,2,"",NaN,,,NaN,,
2024-10-22T01:25:00.000Z,5.618,2,"",M,61.106,2,"",M,6.000,2,"",N,11.948,2,"",M,30.089,2,"",M,12.320,2,"",M,1006.240,2,"",M,394.858,2,"",M,NaN,,,0,NaN,,,M,380.604,2,"",379.191,2,"",NaN,,,NaN,,
2024-10-22T01:26:53.000Z,5.609,2,"",M,61.103,2,"",M,6.000,2,"",N,11.963,2,"",M,30.218,2,"",M,12.350,2,"",M,1006.300,2,"",M,396.168,2,"",M,NaN,,,0,NaN,,,M,381.645,2,"",380.228,2,"",NaN,,,NaN,,
2024-10-22T01:28:45.000Z,5.601,2,"",M,61.100,2,"",M,6.000,2,"",N,11.922,2,"",M,30.124,2,"",M,12.370,2,"",M,1006.210,2,"",M,396.958,2,"",M,NaN,,,0,NaN,,,M,381.370,2,"",379.955,2,"",NaN,,,NaN,,
2024-10-22T01:30:37.000Z,5.592,2,"",M,61.097,2,"",M,6.000,2,"",N,11.935,2,"",M,30.083,2,"",M,12.330,2,"",M,1006.170,2,"",M,398.558,2,"",M,NaN,,,0,NaN,,,M,383.760,2,"",382.335,2,"",NaN,,,NaN,,
2024-10-22T01:32:29.000Z,5.583,2,"",M,61.094,2,"",M,6.000,2,"",N,11.917,2,"",M,30.143,2,"",M,12.320,2,"",M,1006.130,2,"",M,398.588,2,"",M,NaN,,,0,NaN,,,M,383.660,2,"",382.236,2,"",NaN,,,NaN,,
2024-10-22T01:34:22.000Z,5.574,2,"",M,61.091,2,"",M,6.000,2,"",N,11.897,2,"",M,30.186,2,"",M,12.310,2,"",M,1006.070,2,"",M,398.787,2,"",M,NaN,,,0,NaN,,,M,383.662,2,"",382.238,2,"",NaN,,,NaN,,
2024-10-22T01:36:14.000Z,5.567,2,"",M,61.089,2,"",M,6.000,2,"",N,11.918,2,"",M,30.301,2,"",M,12.300,2,"",M,1006.300,2,"",M,399.076,2,"",M,NaN,,,0,NaN,,,M,384.545,2,"",383.117,2,"",NaN,,,NaN,,
2024-10-22T01:38:06.000Z,5.563,2,"",M,61.087,2,"",M,6.000,2,"",N,11.880,2,"",M,30.188,2,"",M,12.310,2,"",M,1006.410,2,"",M,399.436,2,"",M,NaN,,,0,NaN,,,M,384.138,2,"",382.712,2,"",NaN,,,NaN,,
2024-10-22T01:40:19.000Z,5.560,2,"",M,61.086,2,"",M,6.000,2,"",N,11.805,2,"",M,29.965,2,"",M,12.290,2,"",M,1006.560,2,"",M,399.155,2,"",M,NaN,,,0,NaN,,,M,383.043,2,"",381.620,2,"",NaN,,,NaN,,
2024-10-22T01:42:12.000Z,5.559,2,"",M,61.086,2,"",M,6.000,2,"",N,11.728,2,"",M,29.871,2,"",M,12.230,2,"",M,1006.530,2,"",M,397.603,2,"",M,NaN,,,0,NaN,,,M,381.288,2,"",379.870,2,"",NaN,,,NaN,,
2024-10-22T01:44:04.000Z,5.558,2,"",M,61.086,2,"",M,6.000,2,"",N,11.938,2,"",M,29.805,2,"",M,12.190,2,"",M,1006.670,2,"",M,395.971,2,"",M,NaN,,,0,NaN,,,M,383.838,2,"",382.410,2,"",NaN,,,NaN,,
2024-10-22T01:45:56.000Z,5.558,2,"",M,61.086,2,"",M,6.000,2,"",N,11.938,2,"",M,30.196,2,"",M,12.290,2,"",M,1006.590,2,"",M,395.089,2,"",M,NaN,,,0,NaN,,,M,381.302,2,"",379.886,2,"",NaN,,,NaN,,
2024-10-22T01:47:48.000Z,5.558,2,"",M,61.086,2,"",M,6.000,2,"",N,11.941,2,"",M,30.346,2,"",M,12.340,2,"",M,1006.590,2,"",M,397.020,2,"",M,NaN,,,0,NaN,,,M,382.385,2,"",380.965,2,"",NaN,,,NaN,,
2024-10-22T01:49:40.000Z,5.558,2,"",M,61.086,2,"",M,6.000,2,"",N,11.762,2,"",M,30.022,2,"",M,12.340,2,"",M,1006.380,2,"",M,398.831,2,"",M,NaN,,,0,NaN,,,M,381.139,2,"",379.724,2,"",NaN,,,NaN,,
2024-10-22T01:51:33.000Z,5.558,2,"",M,61.086,2,"",M,6.000,2,"",N,11.675,2,"",M,29.702,2,"",M,12.160,2,"",M,1006.250,2,"",M,398.670,2,"",M,NaN,,,0,NaN,,,M,382.509,2,"",381.086,2,"",NaN,,,NaN,,
2024-10-22T01:53:25.000Z,5.558,2,"",M,61.086,2,"",M,6.000,2,"",N,11.810,2,"",M,30.115,2,"",M,12.090,2,"",M,1006.260,2,"",M,395.457,2,"",M,NaN,,,0,NaN,,,M,382.756,2,"",381.331,2,"",NaN,,,NaN,,
2024-10-22T01:55:17.000Z,5.558,2,"",M,61.086,2,"",M,6.000,2,"",N,11.664,2,"",M,29.688,2,"",M,12.240,2,"",M,1006.520,2,"",M,394.735,2,"",M,NaN,,,0,NaN,,,M,377.348,2,"",375.945,2,"",NaN,,,NaN,,
2024-10-22T01:57:09.000Z,5.558,2,"",M,61.086,2,"",M,6.000,2,"",N,11.843,2,"",M,29.683,2,"",M,12.080,2,"",M,1006.560,2,"",M,394.054,2,"",M,NaN,,,0,NaN,,,M,382.216,2,"",380.793,2,"",NaN,,,NaN,,
2024-10-22T01:59:02.000Z,5.558,2,"",M,61.086,2,"",M,6.000,2,"",N,11.661,2,"",M,29.674,2,"",M,12.160,2,"",M,1006.690,2,"",M,392.682,2,"",M,NaN,,,0,NaN,,,M,376.703,2,"",375.301,2,"",NaN,,,NaN,,
2024-10-22T02:00:54.000Z,5.558,2,"",M,61.086,2,"",M,6.000,2,"",N,11.714,2,"",M,29.655,2,"",M,12.080,2,"",M,1006.650,2,"",M,392.491,2,"",M,NaN,,,0,NaN,,,M,378.665,2,"",377.255,2,"",NaN,,,NaN,,
2024-10-22T02:02:46.000Z,5.558,2,"",M,61.086,2,"",M,6.000,2,"",N,11.668,2,"",M,29.700,2,"",M,12.100,2,"",M,1006.540,2,"",M,392.020,2,"",M,NaN,,,0,NaN,,,M,377.094,2,"",375.690,2,"",NaN,,,NaN,,
2024-10-22T02:04:38.000Z,5.558,2,"",M,61.086,2,"",M,6.000,2,"",N,11.668,2,"",M,29.660,2,"",M,12.080,2,"",M,1006.530,2,"",M,392.060,2,"",M,NaN,,,0,NaN,,,M,377.453,2,"",376.047,2,"",NaN,,,NaN,,
2024-10-22T02:06:31.000Z,5.558,2,"",M,61.086,2,"",M,6.000,2,"",N,11.672,2,"",M,29.648,2,"",M,12.080,2,"",M,1006.410,2,"",M,392.379,2,"",M,NaN,,,0,NaN,,,M,377.794,2,"",376.387,2,"",NaN,,,NaN,,
2024-10-22T02:08:23.000Z,5.558,2,"",M,61.086,2,"",M,6.000,2,"",N,11.672,2,"",M,29.651,2,"",M,12.080,2,"",M,1006.410,2,"",M,391.778,2,"",M,NaN,,,0,NaN,,,M,377.205,2,"",375.800,2,"",NaN,,,NaN,,
2024-10-22T02:10:15.000Z,5.558,2,"",M,61.086,2,"",M,6.000,2,"",N,11.667,2,"",M,29.647,2,"",M,12.080,2,"",M,1006.390,2,"",M,391.617,2,"",M,NaN,,,0,NaN,,,M,376.973,2,"",375.569,2,"",NaN,,,NaN,,
2024-10-22T02:12:07.000Z,5.558,2,"",M,61.086,2,"",M,6.000,2,"",N,11.668,2,"",M,29.642,2,"",M,12.080,2,"",M,1006.340,2,"",M,392.117,2,"",M,NaN,,,0,NaN,,,M,377.451,2,"",376.045,2,"",NaN,,,NaN,,
2024-10-22T02:13:59.000Z,5.558,2,"",M,61.086,2,"",M,6.000,2,"",N,11.667,2,"",M,29.641,2,"",M,12.080,2,"",M,1006.660,2,"",M,392.456,2,"",M,NaN,,,0,NaN,,,M,377.873,2,"",376.466,2,"",NaN,,,NaN,,
2024-10-22T02:15:52.000Z,5.558,2,"",M,61.086,2,"",M,6.000,2,"",N,11.671,2,"",M,29.656,2,"",M,12.080,2,"",M,1006.650,2,"",M,392.225,2,"",M,NaN,,,0,NaN,,,M,377.720,2,"",376.313,2,"",NaN,,,NaN,,
2024-10-22T02:17:44.000Z,5.558,2,"",M,61.086,2,"",M,6.000,2,"",N,11.668,2,"",M,29.650,2,"",M,12.080,2,"",M,1006.610,2,"",M,392.154,2,"",M,NaN,,,0,NaN,,,M,377.583,2,"",376.177,2,"",NaN,,,NaN,,
2024-10-22T02:19:36.000Z,5.558,2,"",M,61.086,2,"",M,6.000,2,"",N,11.665,2,"",M,29.643,2,"",M,12.080,2,"",M,1006.510,2,"",M,392.354,2,"",M,NaN,,,0,NaN,,,M,377.688,2,"",376.282,2,"",NaN,,,NaN,,
2024-10-22T02:21:28.000Z,5.558,2,"",M,61.086,2,"",M,6.000,2,"",N,11.663,2,"",M,29.639,2,"",M,12.070,2,"",M,1006.460,2,"",M,392.413,2,"",M,NaN,,,0,NaN,,,M,377.858,2,"",376.451,2,"",NaN,,,NaN,,
2024-10-22T02:23:21.000Z,5.558,2,"",M,61.086,2,"",M,6.000,2,"",N,11.659,2,"",M,29.639,2,"",M,12.070,2,"",M,1006.360,2,"",M,392.212,2,"",M,NaN,,,0,NaN,,,M,377.558,2,"",376.152,2,"",NaN,,,NaN,,
2024-10-22T02:25:13.000Z,5.558,2,"",M,61.086,2,"",M,6.000,2,"",N,11.659,2,"",M,29.639,2,"",M,12.060,2,"",M,1006.230,2,"",M,392.131,2,"",M,NaN,,,0,NaN,,,M,377.604,2,"",376.198,2,"",NaN,,,NaN,,
2024-10-22T02:27:05.000Z,5.558,2,"",M,61.086,2,"",M,6.000,2,"",N,11.658,2,"",M,29.631,2,"",M,12.060,2,"",M,1006.030,2,"",M,392.221,2,"",M,NaN,,,0,NaN,,,M,377.587,2,"",376.181,2,"",NaN,,,NaN,,
2024-10-22T02:28:57.000Z,5.558,2,"",M,61.086,2,"",M,6.000,2,"",N,11.802,2,"",M,29.997,2,"",M,12.080,2,"",M,1006.480,2,"",M,392.180,2,"",M,NaN,,,0,NaN,,,M,379.711,2,"",378.297,2,"",NaN,,,NaN,,
2024-10-22T02:30:49.000Z,5.558,2,"",M,61.086,2,"",M,6.000,2,"",N,11.666,2,"",M,29.639,2,"",M,12.190,2,"",M,1006.500,2,"",M,392.940,2,"",M,NaN,,,0,NaN,,,M,376.468,2,"",375.067,2,"",NaN,,,NaN,,
2024-10-22T02:32:42.000Z,5.558,2,"",M,61.086,2,"",M,6.000,2,"",N,11.663,2,"",M,29.644,2,"",M,12.080,2,"",M,1006.420,2,"",M,393.529,2,"",M,NaN,,,0,NaN,,,M,378.748,2,"",377.337,2,"",NaN,,,NaN,,
2024-10-22T02:34:34.000Z,5.558,2,"",M,61.086,2,"",M,6.000,2,"",N,11.671,2,"",M,29.661,2,"",M,12.070,2,"",M,1006.390,2,"",M,393.088,2,"",M,NaN,,,0,NaN,,,M,378.616,2,"",377.205,2,"",NaN,,,NaN,,
2024-10-22T02:36:26.000Z,5.557,2,"",M,61.086,2,"",M,6.000,2,"",N,11.908,2,"",M,30.118,2,"",M,12.080,2,"",M,1006.370,2,"",M,392.777,2,"",M,NaN,,,0,NaN,,,M,381.950,2,"",380.527,2,"",NaN,,,NaN,,
2024-10-22T02:38:18.000Z,5.558,2,"",M,61.088,2,"",M,6.000,2,"",N,11.786,2,"",M,30.091,2,"",M,12.270,2,"",M,1006.280,2,"",M,393.117,2,"",M,NaN,,,0,NaN,,,M,377.167,2,"",375.766,2,"",NaN,,,NaN,,
2024-10-22T02:40:31.000Z,5.566,2,"",M,61.091,2,"",M,6.000,2,"",N,11.676,2,"",M,29.609,2,"",M,12.150,2,"",M,1006.173,2,"",M,395.907,2,"",M,NaN,,,0,NaN,,,M,380.006,2,"",378.593,2,"",NaN,,,NaN,,
2024-10-22T02:45:01.000Z,5.587,2,"",M,61.097,2,"",M,6.000,2,"",N,NaN,,,M,NaN,,,M,NaN,,,M,NaN,,,M,NaN,,,0,NaN,,,0,NaN,,,M,NaN,,,NaN,,,NaN,,,NaN,,
2024-10-22T02:46:50.000Z,5.596,2,"",M,61.099,2,"",M,6.000,2,"",N,NaN,,,M,NaN,,,M,NaN,,,M,NaN,,,M,NaN,,,0,NaN,,,0,NaN,,,M,NaN,,,NaN,,,NaN,,,NaN,,
2024-10-22T02:48:40.000Z,5.606,2,"",M,61.102,2,"",M,6.000,2,"",N,NaN,,,M,NaN,,,M,NaN,,,M,NaN,,,M,NaN,,,0,NaN,,,0,NaN,,,M,NaN,,,NaN,,,NaN,,,NaN,,
2024-10-22T02:53:10.000Z,5.628,2,"",M,61.109,2,"",M,6.000,2,"",N,NaN,,,M,NaN,,,M,NaN,,,M,NaN,,,M,NaN,,,0,NaN,,,0,NaN,,,M,NaN,,,NaN,,,NaN,,,NaN,,
2024-10-22T02:55:00.000Z,5.638,2,"",M,61.111,2,"",M,6.000,2,"",N,NaN,,,M,NaN,,,M,NaN,,,M,NaN,,,M,NaN,,,0,NaN,,,0,NaN,,,M,NaN,,,NaN,,,NaN,,,NaN,,
2024-10-22T02:56:49.000Z,5.648,2,"",M,61.113,2,"",M,6.000,2,"",N,NaN,,,M,NaN,,,M,NaN,,,M,NaN,,,M,NaN,,,0,NaN,,,0,NaN,,,M,NaN,,,NaN,,,NaN,,,NaN,,
2024-10-22T03:01:19.000Z,5.673,2,"",M,61.118,2,"",M,6.000,2,"",N,NaN,,,M,NaN,,,M,NaN,,,M,NaN,,,M,NaN,,,0,NaN,,,0,NaN,,,M,NaN,,,NaN,,,NaN,,,NaN,,
2024-10-22T03:03:09.000Z,5.684,2,"",M,61.120,2,"",M,6.000,2,"",N,NaN,,,M,NaN,,,M,NaN,,,M,NaN,,,M,NaN,,,0,NaN,,,0,NaN,,,M,NaN,,,NaN,,,NaN,,,NaN,,
2024-10-22T03:04:59.000Z,5.695,2,"",M,61.121,2,"",M,6.000,2,"",N,NaN,,,M,NaN,,,M,NaN,,,M,NaN,,,M,NaN,,,0,NaN,,,0,NaN,,,M,NaN,,,NaN,,,NaN,,,NaN,,
2024-10-22T03:10:08.000Z,5.726,2,"",M,61.126,2,"",M,6.000,2,"",N,NaN,,,M,NaN,,,M,NaN,,,M,NaN,,,M,NaN,,,0,NaN,,,0,NaN,,,M,NaN,,,NaN,,,NaN,,,NaN,,
2024-10-22T03:14:41.000Z,5.753,2,"",M,61.130,2,"",M,6.000,2,"",N,NaN,,,M,NaN,,,M,NaN,,,M,NaN,,,M,NaN,,,0,NaN,,,0,NaN,,,M,NaN,,,NaN,,,NaN,,,NaN,,
2024-10-22T03:19:12.000Z,5.781,2,"",M,61.134,2,"",M,6.000,2,"",N,NaN,,,M,NaN,,,M,NaN,,,M,NaN,,,M,NaN,,,0,NaN,,,0,NaN,,,M,NaN,,,NaN,,,NaN,,,NaN,,
2024-10-22T03:21:01.000Z,5.793,2,"",M,61.135,2,"",M,6.000,2,"",N,NaN,,,M,NaN,,,M,NaN,,,M,NaN,,,M,NaN,,,0,NaN,,,0,NaN,,,M,NaN,,,NaN,,,NaN,,,NaN,,
2024-10-22T03:22:51.000Z,5.804,2,"",M,61.136,2,"",M,6.000,2,"",N,NaN,,,M,NaN,,,M,NaN,,,M,NaN,,,M,NaN,,,0,NaN,,,0,NaN,,,M,NaN,,,NaN,,,NaN,,,NaN,,
2024-10-22T03:27:21.000Z,5.832,2,"",M,61.138,2,"",M,6.000,2,"",N,NaN,,,M,NaN,,,M,NaN,,,M,NaN,,,M,NaN,,,0,NaN,,,0,NaN,,,M,NaN,,,NaN,,,NaN,,,NaN,,
2024-10-22T03:29:10.000Z,5.843,2,"",M,61.138,2,"",M,6.000,2,"",N,NaN,,,M,NaN,,,M,NaN,,,M,NaN,,,M,NaN,,,0,NaN,,,0,NaN,,,M,NaN,,,NaN,,,NaN,,,NaN,,
2024-10-22T03:31:00.000Z,5.854,2,"",M,61.138,2,"",M,6.000,2,"",N,NaN,,,M,NaN,,,M,NaN,,,M,NaN,,,M,NaN,,,0,NaN,,,0,NaN,,,M,NaN,,,NaN,,,NaN,,,NaN,,
2024-10-22T03:35:30.000Z,5.880,2,"",M,61.139,2,"",M,6.000,2,"",N,NaN,,,M,NaN,,,M,NaN,,,M,NaN,,,M,NaN,,,0,NaN,,,0,NaN,,,M,NaN,,,NaN,,,NaN,,,NaN,,
2024-10-22T03:37:20.000Z,5.890,2,"",M,61.139,2,"",M,6.000,2,"",N,NaN,,,M,NaN,,,M,NaN,,,M,NaN,,,M,NaN,,,0,NaN,,,0,NaN,,,M,NaN,,,NaN,,,NaN,,,NaN,,
2024-10-22T03:39:09.000Z,5.901,2,"",M,61.140,2,"",M,6.000,2,"",N,NaN,,,M,NaN,,,M,NaN,,,M,NaN,,,M,NaN,,,0,NaN,,,0,NaN,,,M,NaN,,,NaN,,,NaN,,,NaN,,
2024-10-22T03:43:39.000Z,5.929,2,"",M,61.139,2,"",M,6.000,2,"",N,11.649,2,"",M,29.225,2,"",M,NaN,,,M,NaN,,,M,NaN,,,0,422.797,2,"",M,1005.900,2,"",M,NaN,,,NaN,,,415.115,2,"",413.557,2,""
2024-10-22T03:45:29.000Z,5.940,2,"",M,61.139,2,"",M,6.000,2,"",N,11.680,2,"",M,29.349,2,"",M,NaN,,,M,NaN,,,M,NaN,,,0,422.597,2,"",M,1005.800,2,"",M,NaN,,,NaN,,,414.866,2,"",413.310,2,""
2024-10-22T03:47:19.000Z,5.951,2,"",M,61.138,2,"",M,6.000,2,"",N,11.691,2,"",M,29.379,2,"",M,NaN,,,M,NaN,,,M,NaN,,,0,422.528,2,"",M,1005.800,2,"",M,NaN,,,NaN,,,414.793,2,"",413.238,2,""
2024-10-22T03:49:08.000Z,5.962,2,"",M,61.138,2,"",M,6.000,2,"",N,11.344,2,"",M,28.768,2,"",M,NaN,,,M,NaN,,,M,NaN,,,0,422.819,2,"",M,1005.900,2,"",M,NaN,,,NaN,,,415.248,2,"",413.684,2,""
2024-10-22T03:50:58.000Z,5.973,2,"",M,61.137,2,"",M,6.000,2,"",N,11.274,2,"",M,28.014,2,"",M,NaN,,,M,NaN,,,M,NaN,,,0,422.739,2,"",M,1005.900,2,"",M,NaN,,,NaN,,,415.193,2,"",413.628,2,""
2024-10-22T03:56:08.000Z,6.003,2,"",M,61.136,2,"",M,6.000,2,"",N,11.231,2,"",M,27.851,2,"",M,11.730,2,"",M,1006.260,2,"",M,369.702,2,"",M,NaN,,,0,NaN,,,M,354.634,2,"",353.307,2,"",NaN,,,NaN,,
2024-10-22T03:58:01.000Z,6.015,2,"",M,61.135,2,"",M,6.000,2,"",N,11.265,2,"",M,27.935,2,"",M,11.640,2,"",M,1006.340,2,"",M,368.572,2,"",M,NaN,,,0,NaN,,,M,355.468,2,"",354.137,2,"",NaN,,,NaN,,
2024-10-22T03:59:53.000Z,6.026,2,"",M,61.134,2,"",M,6.000,2,"",N,11.109,2,"",M,27.700,2,"",M,11.670,2,"",M,1006.190,2,"",M,365.789,2,"",M,NaN,,,0,NaN,,,M,349.966,2,"",348.656,2,"",NaN,,,NaN,,
2024-10-22T04:01:45.000Z,6.037,2,"",M,61.134,2,"",M,6.000,2,"",N,11.149,2,"",M,27.468,2,"",M,11.570,2,"",M,1006.120,2,"",M,364.017,2,"",M,NaN,,,0,NaN,,,M,350.341,2,"",349.028,2,"",NaN,,,NaN,,
2024-10-22T04:03:38.000Z,6.047,2,"",M,61.133,2,"",M,6.000,2,"",N,11.081,2,"",M,27.032,2,"",M,11.570,2,"",M,1006.060,2,"",M,360.333,2,"",M,NaN,,,0,NaN,,,M,345.776,2,"",344.480,2,"",NaN,,,NaN,,
2024-10-22T04:05:30.000Z,6.058,2,"",M,61.132,2,"",M,6.000,2,"",N,10.963,2,"",M,26.519,2,"",M,11.490,2,"",M,1006.400,2,"",M,356.969,2,"",M,NaN,,,0,NaN,,,M,342.145,2,"",340.861,2,"",NaN,,,NaN,,
2024-10-22T04:07:22.000Z,6.069,2,"",M,61.132,2,"",M,6.000,2,"",N,11.084,2,"",M,27.073,2,"",M,11.410,2,"",M,1006.480,2,"",M,352.213,2,"",M,NaN,,,0,NaN,,,M,340.522,2,"",339.243,2,"",NaN,,,NaN,,
2024-10-22T04:09:36.000Z,6.082,2,"",M,61.131,2,"",M,6.000,2,"",N,11.248,2,"",M,27.786,2,"",M,11.530,2,"",M,1006.540,2,"",M,350.942,2,"",M,NaN,,,0,NaN,,,M,339.910,2,"",338.635,2,"",NaN,,,NaN,,
2024-10-22T04:11:28.000Z,6.093,2,"",M,61.130,2,"",M,6.000,2,"",N,11.369,2,"",M,28.298,2,"",M,11.650,2,"",M,1006.580,2,"",M,355.229,2,"",M,NaN,,,0,NaN,,,M,344.056,2,"",342.767,2,"",NaN,,,NaN,,
2024-10-22T04:13:20.000Z,6.104,2,"",M,61.130,2,"",M,6.000,2,"",N,11.300,2,"",M,28.120,2,"",M,11.770,2,"",M,1006.670,2,"",M,361.539,2,"",M,NaN,,,0,NaN,,,M,347.371,2,"",346.071,2,"",NaN,,,NaN,,
2024-10-22T04:15:12.000Z,6.115,2,"",M,61.129,2,"",M,6.000,2,"",N,11.379,2,"",M,28.436,2,"",M,11.720,2,"",M,1006.640,2,"",M,366.007,2,"",M,NaN,,,0,NaN,,,M,353.587,2,"",352.263,2,"",NaN,,,NaN,,
2024-10-22T04:17:04.000Z,6.127,2,"",M,61.129,2,"",M,6.000,2,"",N,11.086,2,"",M,27.827,2,"",M,11.780,2,"",M,1006.580,2,"",M,367.910,2,"",M,NaN,,,0,NaN,,,M,350.121,2,"",348.812,2,"",NaN,,,NaN,,
2024-10-22T04:18:57.000Z,6.138,2,"",M,61.128,2,"",M,6.000,2,"",N,11.286,2,"",M,27.531,2,"",M,11.580,2,"",M,1006.510,2,"",M,369.283,2,"",M,NaN,,,0,NaN,,,M,357.465,2,"",356.125,2,"",NaN,,,NaN,,
2024-10-22T04:20:49.000Z,6.150,2,"",M,61.128,2,"",M,6.000,2,"",N,11.353,2,"",M,28.471,2,"",M,11.640,2,"",M,1006.440,2,"",M,364.167,2,"",M,NaN,,,0,NaN,,,M,352.573,2,"",351.252,2,"",NaN,,,NaN,,
2024-10-22T04:22:41.000Z,6.161,2,"",M,61.127,2,"",M,6.000,2,"",N,11.385,2,"",M,28.534,2,"",M,11.770,2,"",M,1006.430,2,"",M,365.269,2,"",M,NaN,,,0,NaN,,,M,352.135,2,"",350.818,2,"",NaN,,,NaN,,
2024-10-22T04:24:33.000Z,6.173,2,"",M,61.126,2,"",M,6.000,2,"",N,11.409,2,"",M,28.714,2,"",M,11.800,2,"",M,1006.390,2,"",M,370.307,2,"",M,NaN,,,0,NaN,,,M,356.873,2,"",355.539,2,"",NaN,,,NaN,,
2024-10-22T04:26:25.000Z,6.184,2,"",M,61.125,2,"",M,6.000,2,"",N,11.472,2,"",M,28.694,2,"",M,11.820,2,"",M,1006.310,2,"",M,372.741,2,"",M,NaN,,,0,NaN,,,M,359.843,2,"",358.498,2,"",NaN,,,NaN,,
2024-10-22T04:28:18.000Z,6.194,2,"",M,61.124,2,"",M,6.000,2,"",N,11.457,2,"",M,28.564,2,"",M,11.870,2,"",M,1006.190,2,"",M,374.525,2,"",M,NaN,,,0,NaN,,,M,360.506,2,"",359.160,2,"",NaN,,,NaN,,
2024-10-22T04:30:10.000Z,6.205,2,"",M,61.123,2,"",M,6.000,2,"",N,11.478,2,"",M,28.478,2,"",M,11.860,2,"",M,1006.090,2,"",M,374.656,2,"",M,NaN,,,0,NaN,,,M,361.067,2,"",359.719,2,"",NaN,,,NaN,,
2024-10-22T04:32:02.000Z,6.216,2,"",M,61.122,2,"",M,6.000,2,"",N,11.307,2,"",M,28.429,2,"",M,11.870,2,"",M,1006.100,2,"",M,373.615,2,"",M,NaN,,,0,NaN,,,M,357.318,2,"",355.984,2,"",NaN,,,NaN,,
2024-10-22T04:33:54.000Z,6.226,2,"",M,61.121,2,"",M,6.000,2,"",N,11.041,2,"",M,27.020,2,"",M,11.760,2,"",M,1006.480,2,"",M,373.015,2,"",M,NaN,,,0,NaN,,,M,354.564,2,"",353.238,2,"",NaN,,,NaN,,
2024-10-22T04:35:47.000Z,6.237,2,"",M,61.119,2,"",M,6.000,2,"",N,11.045,2,"",M,27.206,2,"",M,11.460,2,"",M,1006.590,2,"",M,365.696,2,"",M,NaN,,,0,NaN,,,M,352.242,2,"",350.919,2,"",NaN,,,NaN,,
2024-10-22T04:37:39.000Z,6.247,2,"",M,61.118,2,"",M,6.000,2,"",N,11.023,2,"",M,27.432,2,"",M,11.470,2,"",M,1006.640,2,"",M,355.905,2,"",M,NaN,,,0,NaN,,,M,342.370,2,"",341.084,2,"",NaN,,,NaN,,
2024-10-22T04:39:31.000Z,6.257,2,"",M,61.116,2,"",M,6.000,2,"",N,11.110,2,"",M,27.662,2,"",M,11.450,2,"",M,1006.560,2,"",M,355.014,2,"",M,NaN,,,0,NaN,,,M,343.035,2,"",341.747,2,"",NaN,,,NaN,,
2024-10-22T04:41:23.000Z,6.267,2,"",M,61.114,2,"",M,6.000,2,"",N,11.192,2,"",M,27.840,2,"",M,11.520,2,"",M,1006.530,2,"",M,356.678,2,"",M,NaN,,,0,NaN,,,M,344.791,2,"",343.497,2,"",NaN,,,NaN,,
2024-10-22T04:43:15.000Z,6.277,2,"",M,61.113,2,"",M,6.000,2,"",N,11.145,2,"",M,27.791,2,"",M,11.590,2,"",M,1006.560,2,"",M,359.292,2,"",M,NaN,,,0,NaN,,,M,345.589,2,"",344.294,2,"",NaN,,,NaN,,
2024-10-22T04:45:08.000Z,6.287,2,"",M,61.111,2,"",M,6.000,2,"",N,11.017,2,"",M,27.314,2,"",M,11.590,2,"",M,1006.500,2,"",M,360.534,2,"",M,NaN,,,0,NaN,,,M,344.892,2,"",343.599,2,"",NaN,,,NaN,,
2024-10-22T04:47:00.000Z,6.298,2,"",M,61.110,2,"",M,6.000,2,"",N,11.016,2,"",M,27.507,2,"",M,11.460,2,"",M,1006.390,2,"",M,358.513,2,"",M,NaN,,,0,NaN,,,M,344.835,2,"",343.541,2,"",NaN,,,NaN,,
2024-10-22T04:48:52.000Z,6.308,2,"",M,61.108,2,"",M,6.000,2,"",N,11.052,2,"",M,27.369,2,"",M,11.450,2,"",M,1006.200,2,"",M,356.191,2,"",M,NaN,,,0,NaN,,,M,343.209,2,"",341.920,2,"",NaN,,,NaN,,
2024-10-22T04:50:44.000Z,6.319,2,"",M,61.107,2,"",M,6.000,2,"",N,11.203,2,"",M,27.684,2,"",M,11.470,2,"",M,1006.360,2,"",M,355.351,2,"",M,NaN,,,0,NaN,,,M,344.351,2,"",343.058,2,"",NaN,,,NaN,,
2024-10-22T04:52:37.000Z,6.330,2,"",M,61.105,2,"",M,6.000,2,"",N,11.208,2,"",M,27.822,2,"",M,11.610,2,"",M,1006.355,2,"",M,355.933,2,"",M,NaN,,,0,NaN,,,M,342.908,2,"",341.623,2,"",NaN,,,NaN,,
2024-10-22T04:54:29.000Z,6.340,2,"",M,61.104,2,"",M,6.000,2,"",N,11.185,2,"",M,27.720,2,"",M,11.620,2,"",M,1006.350,2,"",M,358.597,2,"",M,NaN,,,0,NaN,,,M,344.980,2,"",343.688,2,"",NaN,,,NaN,,
2024-10-22T04:56:21.000Z,6.351,2,"",M,61.102,2,"",M,6.000,2,"",N,11.155,2,"",M,27.743,2,"",M,11.600,2,"",M,1006.290,2,"",M,359.809,2,"",M,NaN,,,0,NaN,,,M,345.996,2,"",344.699,2,"",NaN,,,NaN,,
2024-10-22T04:58:13.000Z,6.362,2,"",M,61.101,2,"",M,6.000,2,"",N,11.141,2,"",M,27.644,2,"",M,11.570,2,"",M,1006.210,2,"",M,359.860,2,"",M,NaN,,,0,NaN,,,M,346.251,2,"",344.953,2,"",NaN,,,NaN,,
2024-10-22T05:00:06.000Z,6.373,2,"",M,61.100,2,"",M,6.000,2,"",N,11.134,2,"",M,27.539,2,"",M,11.560,2,"",M,1006.250,2,"",M,359.461,2,"",M,NaN,,,0,NaN,,,M,345.928,2,"",344.631,2,"",NaN,,,NaN,,
2024-10-22T05:01:58.000Z,6.383,2,"",M,61.099,2,"",M,6.000,2,"",N,11.112,2,"",M,27.521,2,"",M,11.560,2,"",M,1006.455,2,"",M,357.900,2,"",M,NaN,,,0,NaN,,,M,344.178,2,"",342.887,2,"",NaN,,,NaN,,
2024-10-22T05:03:50.000Z,6.395,2,"",M,61.099,2,"",M,6.000,2,"",N,11.116,2,"",M,27.393,2,"",M,11.530,2,"",M,1006.520,2,"",M,356.660,2,"",M,NaN,,,0,NaN,,,M,343.518,2,"",342.229,2,"",NaN,,,NaN,,
2024-10-22T05:05:42.000Z,6.406,2,"",M,61.099,2,"",M,6.000,2,"",N,11.112,2,"",M,27.435,2,"",M,11.530,2,"",M,1006.500,2,"",M,355.569,2,"",M,NaN,,,0,NaN,,,M,342.394,2,"",341.110,2,"",NaN,,,NaN,,
2024-10-22T05:07:34.000Z,6.417,2,"",M,61.099,2,"",M,6.000,2,"",N,11.112,2,"",M,27.439,2,"",M,11.540,2,"",M,1006.590,2,"",M,354.509,2,"",M,NaN,,,0,NaN,,,M,341.253,2,"",339.973,2,"",NaN,,,NaN,,
2024-10-22T05:09:48.000Z,6.430,2,"",M,61.100,2,"",M,6.000,2,"",N,11.119,2,"",M,27.405,2,"",M,11.530,2,"",M,1006.510,2,"",M,354.530,2,"",M,NaN,,,0,NaN,,,M,341.507,2,"",340.226,2,"",NaN,,,NaN,,
2024-10-22T05:11:40.000Z,6.442,2,"",M,61.100,2,"",M,6.000,2,"",N,11.111,2,"",M,27.449,2,"",M,11.520,2,"",M,1006.430,2,"",M,354.762,2,"",M,NaN,,,0,NaN,,,M,341.726,2,"",340.444,2,"",NaN,,,NaN,,
2024-10-22T05:13:32.000Z,6.453,2,"",M,61.101,2,"",M,6.000,2,"",N,11.068,2,"",M,27.190,2,"",M,11.520,2,"",M,1006.470,2,"",M,354.833,2,"",M,NaN,,,0,NaN,,,M,341.194,2,"",339.914,2,"",NaN,,,NaN,,
2024-10-22T05:15:25.000Z,6.465,2,"",M,61.102,2,"",M,6.000,2,"",N,11.063,2,"",M,27.214,2,"",M,11.480,2,"",M,1006.530,2,"",M,353.482,2,"",M,NaN,,,0,NaN,,,M,340.420,2,"",339.142,2,"",NaN,,,NaN,,
2024-10-22T05:17:17.000Z,6.476,2,"",M,61.103,2,"",M,6.000,2,"",N,11.064,2,"",M,27.227,2,"",M,11.480,2,"",M,1006.580,2,"",M,351.691,2,"",M,NaN,,,0,NaN,,,M,338.727,2,"",337.456,2,"",NaN,,,NaN,,
2024-10-22T05:19:09.000Z,6.486,2,"",M,61.105,2,"",M,6.000,2,"",N,11.069,2,"",M,27.315,2,"",M,11.470,2,"",M,1006.560,2,"",M,351.242,2,"",M,NaN,,,0,NaN,,,M,338.512,2,"",337.241,2,"",NaN,,,NaN,,
2024-10-22T05:21:01.000Z,6.497,2,"",M,61.106,2,"",M,6.000,2,"",N,11.006,2,"",M,27.065,2,"",M,11.490,2,"",M,1006.640,2,"",M,351.583,2,"",M,NaN,,,0,NaN,,,M,337.674,2,"",336.406,2,"",NaN,,,NaN,,
2024-10-22T05:22:53.000Z,6.508,2,"",M,61.108,2,"",M,6.000,2,"",N,11.023,2,"",M,27.149,2,"",M,11.430,2,"",M,1006.540,2,"",M,351.984,2,"",M,NaN,,,0,NaN,,,M,339.142,2,"",337.868,2,"",NaN,,,NaN,,
2024-10-22T05:24:46.000Z,6.519,2,"",M,61.109,2,"",M,6.000,2,"",N,11.010,2,"",M,27.058,2,"",M,11.440,2,"",M,1006.510,2,"",M,350.914,2,"",M,NaN,,,0,NaN,,,M,337.773,2,"",336.505,2,"",NaN,,,NaN,,
2024-10-22T05:26:38.000Z,6.530,2,"",M,61.111,2,"",M,6.000,2,"",N,11.018,2,"",M,27.067,2,"",M,11.430,2,"",M,1006.520,2,"",M,349.724,2,"",M,NaN,,,0,NaN,,,M,336.890,2,"",335.625,2,"",NaN,,,NaN,,
2024-10-22T05:28:30.000Z,6.539,2,"",M,61.113,2,"",M,6.000,2,"",N,11.012,2,"",M,27.096,2,"",M,11.430,2,"",M,1006.570,2,"",M,348.974,2,"",M,NaN,,,0,NaN,,,M,336.097,2,"",334.835,2,"",NaN,,,NaN,,
2024-10-22T05:30:22.000Z,6.540,2,"",M,61.116,2,"",M,6.000,2,"",N,10.999,2,"",M,27.035,2,"",M,11.430,2,"",M,1006.510,2,"",M,349.356,2,"",M,NaN,,,0,NaN,,,M,336.259,2,"",334.996,2,"",NaN,,,NaN,,
2024-10-22T05:32:15.000Z,6.541,2,"",M,61.118,2,"",M,6.000,2,"",N,10.988,2,"",M,27.039,2,"",M,11.420,2,"",M,1006.500,2,"",M,348.986,2,"",M,NaN,,,0,NaN,,,M,335.894,2,"",334.632,2,"",NaN,,,NaN,,
2024-10-22T05:34:07.000Z,6.542,2,"",M,61.121,2,"",M,6.000,2,"",N,10.964,2,"",M,26.975,2,"",M,11.410,2,"",M,1006.410,2,"",M,348.727,2,"",M,NaN,,,0,NaN,,,M,335.422,2,"",334.162,2,"",NaN,,,NaN,,
2024-10-22T05:35:58.000Z,6.542,2,"",M,61.123,2,"",M,6.000,2,"",N,10.834,2,"",M,26.860,2,"",M,11.390,2,"",M,1006.500,2,"",M,348.538,2,"",M,NaN,,,0,NaN,,,M,333.717,2,"",332.463,2,"",NaN,,,NaN,,
2024-10-22T05:37:51.000Z,6.542,2,"",M,61.123,2,"",M,6.000,2,"",N,10.686,2,"",M,26.464,2,"",M,11.300,2,"",M,1006.550,2,"",M,347.298,2,"",M,NaN,,,0,NaN,,,M,331.755,2,"",330.507,2,"",NaN,,,NaN,,
2024-10-22T05:39:43.000Z,6.542,2,"",M,61.123,2,"",M,6.000,2,"",N,10.741,2,"",M,26.873,2,"",M,11.130,2,"",M,1006.450,2,"",M,344.916,2,"",M,NaN,,,0,NaN,,,M,332.642,2,"",331.388,2,"",NaN,,,NaN,,
2024-10-22T05:41:35.000Z,6.542,2,"",M,61.123,2,"",M,6.000,2,"",N,10.724,2,"",M,26.480,2,"",M,11.230,2,"",M,1006.430,2,"",M,343.246,2,"",M,NaN,,,0,NaN,,,M,329.365,2,"",328.125,2,"",NaN,,,NaN,,
2024-10-22T05:43:27.000Z,6.542,2,"",M,61.123,2,"",M,6.000,2,"",N,10.774,2,"",M,26.557,2,"",M,11.150,2,"",M,1006.820,2,"",M,342.326,2,"",M,NaN,,,0,NaN,,,M,330.439,2,"",329.193,2,"",NaN,,,NaN,,
2024-10-22T05:45:20.000Z,6.542,2,"",M,61.123,2,"",M,6.000,2,"",N,10.773,2,"",M,26.594,2,"",M,11.190,2,"",M,1006.770,2,"",M,341.546,2,"",M,NaN,,,0,NaN,,,M,329.089,2,"",327.849,2,"",NaN,,,NaN,,
2024-10-22T05:47:12.000Z,6.542,2,"",M,61.123,2,"",M,6.000,2,"",N,10.773,2,"",M,26.655,2,"",M,11.200,2,"",M,1006.830,2,"",M,341.807,2,"",M,NaN,,,0,NaN,,,M,329.217,2,"",327.977,2,"",NaN,,,NaN,,
2024-10-22T05:49:04.000Z,6.542,2,"",M,61.123,2,"",M,6.000,2,"",N,10.791,2,"",M,26.629,2,"",M,11.210,2,"",M,1006.870,2,"",M,342.149,2,"",M,NaN,,,0,NaN,,,M,329.677,2,"",328.435,2,"",NaN,,,NaN,,
2024-10-22T05:50:56.000Z,6.542,2,"",M,61.123,2,"",M,6.000,2,"",N,10.812,2,"",M,26.718,2,"",M,11.220,2,"",M,1006.940,2,"",M,342.590,2,"",M,NaN,,,0,NaN,,,M,330.275,2,"",329.030,2,"",NaN,,,NaN,,
2024-10-22T05:52:48.000Z,6.542,2,"",M,61.123,2,"",M,6.000,2,"",N,10.827,2,"",M,26.739,2,"",M,11.240,2,"",M,1006.900,2,"",M,343.212,2,"",M,NaN,,,0,NaN,,,M,330.782,2,"",329.536,2,"",NaN,,,NaN,,
2024-10-22T05:54:41.000Z,6.542,2,"",M,61.123,2,"",M,6.000,2,"",N,10.797,2,"",M,26.803,2,"",M,11.250,2,"",M,1006.820,2,"",M,343.774,2,"",M,NaN,,,0,NaN,,,M,330.742,2,"",329.497,2,"",NaN,,,NaN,,
2024-10-22T05:56:33.000Z,6.542,2,"",M,61.123,2,"",M,6.000,2,"",N,10.823,2,"",M,26.721,2,"",M,11.230,2,"",M,1006.630,2,"",M,344.486,2,"",M,NaN,,,0,NaN,,,M,332.012,2,"",330.762,2,"",NaN,,,NaN,,
2024-10-22T05:58:25.000Z,6.542,2,"",M,61.123,2,"",M,6.000,2,"",N,10.825,2,"",M,26.732,2,"",M,11.240,2,"",M,1006.735,2,"",M,344.467,2,"",M,NaN,,,0,NaN,,,M,331.905,2,"",330.655,2,"",NaN,,,NaN,,
2024-10-22T06:00:17.000Z,6.542,2,"",M,61.123,2,"",M,6.000,2,"",N,10.864,2,"",M,26.819,2,"",M,11.240,2,"",M,1006.790,2,"",M,344.168,2,"",M,NaN,,,0,NaN,,,M,332.185,2,"",330.934,2,"",NaN,,,NaN,,
2024-10-22T06:02:10.000Z,6.542,2,"",M,61.123,2,"",M,6.000,2,"",N,10.916,2,"",M,26.839,2,"",M,11.280,2,"",M,1006.680,2,"",M,344.399,2,"",M,NaN,,,0,NaN,,,M,332.534,2,"",331.283,2,"",NaN,,,NaN,,
2024-10-22T06:04:02.000Z,6.542,2,"",M,61.123,2,"",M,6.000,2,"",N,10.968,2,"",M,27.015,2,"",M,11.320,2,"",M,1006.600,2,"",M,345.271,2,"",M,NaN,,,0,NaN,,,M,333.508,2,"",332.254,2,"",NaN,,,NaN,,
2024-10-22T06:05:54.000Z,6.542,2,"",M,61.123,2,"",M,6.000,2,"",N,10.971,2,"",M,26.990,2,"",M,11.390,2,"",M,1006.550,2,"",M,346.093,2,"",M,NaN,,,0,NaN,,,M,333.316,2,"",332.064,2,"",NaN,,,NaN,,
2024-10-22T06:07:46.000Z,6.542,2,"",M,61.123,2,"",M,6.000,2,"",N,10.992,2,"",M,27.067,2,"",M,11.390,2,"",M,1006.470,2,"",M,347.355,2,"",M,NaN,,,0,NaN,,,M,334.799,2,"",333.541,2,"",NaN,,,NaN,,
2024-10-22T06:10:00.000Z,6.542,2,"",M,61.123,2,"",M,6.000,2,"",N,10.997,2,"",M,27.074,2,"",M,11.400,2,"",M,1006.410,2,"",M,348.217,2,"",M,NaN,,,0,NaN,,,M,335.536,2,"",334.275,2,"",NaN,,,NaN,,
2024-10-22T06:11:52.000Z,6.542,2,"",M,61.123,2,"",M,6.000,2,"",N,11.020,2,"",M,27.168,2,"",M,11.410,2,"",M,1006.270,2,"",M,348.558,2,"",M,NaN,,,0,NaN,,,M,335.998,2,"",334.736,2,"",NaN,,,NaN,,
2024-10-22T06:13:43.000Z,6.542,2,"",M,61.123,2,"",M,6.000,2,"",N,11.008,2,"",M,27.163,2,"",M,11.430,2,"",M,1006.450,2,"",M,349.420,2,"",M,NaN,,,0,NaN,,,M,336.433,2,"",335.170,2,"",NaN,,,NaN,,
2024-10-22T06:15:36.000Z,6.542,2,"",M,61.123,2,"",M,6.000,2,"",N,10.990,2,"",M,27.124,2,"",M,11.420,2,"",M,1006.610,2,"",M,350.122,2,"",M,NaN,,,0,NaN,,,M,337.044,2,"",335.778,2,"",NaN,,,NaN,,
2024-10-22T06:17:28.000Z,6.542,2,"",M,61.123,2,"",M,6.000,2,"",N,10.985,2,"",M,27.082,2,"",M,11.420,2,"",M,1006.750,2,"",M,350.203,2,"",M,NaN,,,0,NaN,,,M,337.106,2,"",335.839,2,"",NaN,,,NaN,,
2024-10-22T06:19:20.000Z,6.542,2,"",M,61.123,2,"",M,6.000,2,"",N,11.025,2,"",M,27.123,2,"",M,11.400,2,"",M,1006.730,2,"",M,349.614,2,"",M,NaN,,,0,NaN,,,M,337.388,2,"",336.120,2,"",NaN,,,NaN,,
2024-10-22T06:21:12.000Z,6.542,2,"",M,61.123,2,"",M,6.000,2,"",N,10.959,2,"",M,27.141,2,"",M,11.440,2,"",M,1006.790,2,"",M,349.615,2,"",M,NaN,,,0,NaN,,,M,335.884,2,"",334.623,2,"",NaN,,,NaN,,
2024-10-22T06:23:05.000Z,6.541,2,"",M,61.123,2,"",M,6.000,2,"",N,10.913,2,"",M,26.850,2,"",M,11.400,2,"",M,1006.800,2,"",M,349.966,2,"",M,NaN,,,0,NaN,,,M,336.158,2,"",334.895,2,"",NaN,,,NaN,,
2024-10-22T06:24:57.000Z,6.540,2,"",M,61.123,2,"",M,6.000,2,"",N,10.949,2,"",M,26.905,2,"",M,11.330,2,"",M,1006.820,2,"",M,348.686,2,"",M,NaN,,,0,NaN,,,M,336.458,2,"",335.192,2,"",NaN,,,NaN,,
2024-10-22T06:26:49.000Z,6.540,2,"",M,61.123,2,"",M,6.000,2,"",N,10.923,2,"",M,26.908,2,"",M,11.360,2,"",M,1006.830,2,"",M,346.895,2,"",M,NaN,,,0,NaN,,,M,333.938,2,"",332.682,2,"",NaN,,,NaN,,
2024-10-22T06:28:41.000Z,6.539,2,"",M,61.123,2,"",M,6.000,2,"",N,10.942,2,"",M,26.923,2,"",M,11.340,2,"",M,1006.880,2,"",M,346.626,2,"",M,NaN,,,0,NaN,,,M,334.257,2,"",332.999,2,"",NaN,,,NaN,,
2024-10-22T06:30:34.000Z,6.539,2,"",M,61.123,2,"",M,6.000,2,"",N,10.954,2,"",M,26.954,2,"",M,11.360,2,"",M,1006.840,2,"",M,346.447,2,"",M,NaN,,,0,NaN,,,M,333.948,2,"",332.693,2,"",NaN,,,NaN,,
2024-10-22T06:32:26.000Z,6.538,2,"",M,61.123,2,"",M,6.000,2,"",N,11.030,2,"",M,26.971,2,"",M,11.380,2,"",M,1006.860,2,"",M,346.598,2,"",M,NaN,,,0,NaN,,,M,334.890,2,"",333.631,2,"",NaN,,,NaN,,
2024-10-22T06:34:18.000Z,6.538,2,"",M,61.123,2,"",M,6.000,2,"",N,11.004,2,"",M,27.123,2,"",M,11.440,2,"",M,1006.760,2,"",M,347.180,2,"",M,NaN,,,0,NaN,,,M,334.182,2,"",332.926,2,"",NaN,,,NaN,,
2024-10-22T06:36:10.000Z,6.538,2,"",M,61.123,2,"",M,6.000,2,"",N,11.047,2,"",M,27.183,2,"",M,11.420,2,"",M,1006.650,2,"",M,348.542,2,"",M,NaN,,,0,NaN,,,M,336.351,2,"",335.088,2,"",NaN,,,NaN,,
2024-10-22T06:38:03.000Z,6.538,2,"",M,61.123,2,"",M,6.000,2,"",N,11.018,2,"",M,27.188,2,"",M,11.460,2,"",M,1006.600,2,"",M,349.704,2,"",M,NaN,,,0,NaN,,,M,336.456,2,"",335.193,2,"",NaN,,,NaN,,
2024-10-22T06:39:55.000Z,6.538,2,"",M,61.123,2,"",M,6.000,2,"",N,11.021,2,"",M,27.166,2,"",M,11.440,2,"",M,1006.550,2,"",M,350.476,2,"",M,NaN,,,0,NaN,,,M,337.525,2,"",336.257,2,"",NaN,,,NaN,,
2024-10-22T06:41:47.000Z,6.538,2,"",M,61.123,2,"",M,6.000,2,"",N,11.040,2,"",M,27.205,2,"",M,11.440,2,"",M,1006.530,2,"",M,350.777,2,"",M,NaN,,,0,NaN,,,M,338.080,2,"",336.810,2,"",NaN,,,NaN,,
2024-10-22T06:43:39.000Z,6.538,2,"",M,61.123,2,"",M,6.000,2,"",N,11.043,2,"",M,27.222,2,"",M,11.450,2,"",M,1006.510,2,"",M,350.938,2,"",M,NaN,,,0,NaN,,,M,338.115,2,"",336.846,2,"",NaN,,,NaN,,
2024-10-22T06:45:31.000Z,6.538,2,"",M,61.123,2,"",M,6.000,2,"",N,11.042,2,"",M,27.223,2,"",M,11.450,2,"",M,1006.830,2,"",M,351.100,2,"",M,NaN,,,0,NaN,,,M,338.369,2,"",337.098,2,"",NaN,,,NaN,,
2024-10-22T06:47:24.000Z,6.538,2,"",M,61.123,2,"",M,6.000,2,"",N,11.037,2,"",M,27.243,2,"",M,11.460,2,"",M,1007.010,2,"",M,351.031,2,"",M,NaN,,,0,NaN,,,M,338.149,2,"",336.879,2,"",NaN,,,NaN,,
2024-10-22T06:49:16.000Z,6.538,2,"",M,61.123,2,"",M,6.000,2,"",N,10.987,2,"",M,27.040,2,"",M,11.460,2,"",M,1007.010,2,"",M,351.122,2,"",M,NaN,,,0,NaN,,,M,337.515,2,"",336.248,2,"",NaN,,,NaN,,
2024-10-22T06:51:08.000Z,6.537,2,"",M,61.123,2,"",M,6.000,2,"",N,10.998,2,"",M,27.075,2,"",M,11.410,2,"",M,1007.160,2,"",M,350.702,2,"",M,NaN,,,0,NaN,,,M,338.051,2,"",336.780,2,"",NaN,,,NaN,,
2024-10-22T06:53:00.000Z,6.536,2,"",M,61.123,2,"",M,6.000,2,"",N,11.022,2,"",M,27.124,2,"",M,11.420,2,"",M,1007.070,2,"",M,349.453,2,"",M,NaN,,,0,NaN,,,M,337.013,2,"",335.746,2,"",NaN,,,NaN,,
2024-10-22T06:54:53.000Z,6.536,2,"",M,61.123,2,"",M,6.000,2,"",N,11.027,2,"",M,27.167,2,"",M,11.430,2,"",M,1007.230,2,"",M,349.103,2,"",M,NaN,,,0,NaN,,,M,336.662,2,"",335.397,2,"",NaN,,,NaN,,
2024-10-22T06:56:45.000Z,6.536,2,"",M,61.123,2,"",M,6.000,2,"",N,11.031,2,"",M,27.178,2,"",M,11.440,2,"",M,1007.530,2,"",M,349.415,2,"",M,NaN,,,0,NaN,,,M,336.967,2,"",335.701,2,"",NaN,,,NaN,,
2024-10-22T06:58:37.000Z,6.536,2,"",M,61.123,2,"",M,6.000,2,"",N,10.991,2,"",M,27.099,2,"",M,11.450,2,"",M,1007.320,2,"",M,349.886,2,"",M,NaN,,,0,NaN,,,M,336.637,2,"",335.372,2,"",NaN,,,NaN,,
2024-10-22T07:00:29.000Z,6.537,2,"",M,61.123,2,"",M,6.000,2,"",N,10.980,2,"",M,27.084,2,"",M,11.410,2,"",M,1007.510,2,"",M,350.097,2,"",M,NaN,,,0,NaN,,,M,337.337,2,"",336.068,2,"",NaN,,,NaN,,
2024-10-22T07:02:22.000Z,6.537,2,"",M,61.123,2,"",M,6.000,2,"",N,10.997,2,"",M,27.081,2,"",M,11.400,2,"",M,1007.560,2,"",M,349.428,2,"",M,NaN,,,0,NaN,,,M,337.088,2,"",335.820,2,"",NaN,,,NaN,,
2024-10-22T07:06:51.000Z,6.537,2,"",M,61.122,2,"",M,6.000,2,"",N,NaN,,,M,NaN,,,M,NaN,,,M,NaN,,,M,NaN,,,0,NaN,,,0,NaN,,,M,NaN,,,NaN,,,NaN,,,NaN,,
2024-10-22T07:08:41.000Z,6.536,2,"",M,61.121,2,"",M,6.000,2,"",N,NaN,,,M,NaN,,,M,NaN,,,M,NaN,,,M,NaN,,,0,NaN,,,0,NaN,,,M,NaN,,,NaN,,,NaN,,,NaN,,
2024-10-22T07:10:51.000Z,6.535,2,"",M,61.120,2,"",M,6.000,2,"",N,NaN,,,M,NaN,,,M,NaN,,,M,NaN,,,M,NaN,,,0,NaN,,,0,NaN,,,M,NaN,,,NaN,,,NaN,,,NaN,,
2024-10-22T07:15:22.000Z,6.531,2,"",M,61.118,2,"",M,6.000,2,"",N,NaN,,,M,NaN,,,M,NaN,,,M,NaN,,,M,NaN,,,0,NaN,,,0,NaN,,,M,NaN,,,NaN,,,NaN,,,NaN,,
2024-10-22T07:17:11.000Z,6.530,2,"",M,61.116,2,"",M,6.000,2,"",N,NaN,,,M,NaN,,,M,NaN,,,M,NaN,,,M,NaN,,,0,NaN,,,0,NaN,,,M,NaN,,,NaN,,,NaN,,,NaN,,
2024-10-22T07:19:01.000Z,6.532,2,"",M,61.117,2,"",M,6.000,2,"",N,NaN,,,M,NaN,,,M,NaN,,,M,NaN,,,M,NaN,,,0,NaN,,,0,NaN,,,M,NaN,,,NaN,,,NaN,,,NaN,,
2024-10-22T07:23:31.000Z,6.543,2,"",M,61.126,2,"",M,6.000,2,"",N,NaN,,,M,NaN,,,M,NaN,,,M,NaN,,,M,NaN,,,0,NaN,,,0,NaN,,,M,NaN,,,NaN,,,NaN,,,NaN,,
2024-10-22T07:25:21.000Z,6.552,2,"",M,61.129,2,"",M,6.000,2,"",N,NaN,,,M,NaN,,,M,NaN,,,M,NaN,,,M,NaN,,,0,NaN,,,0,NaN,,,M,NaN,,,NaN,,,NaN,,,NaN,,
2024-10-22T07:27:11.000Z,6.552,2,"",M,61.131,2,"",M,6.000,2,"",N,NaN,,,M,NaN,,,M,NaN,,,M,NaN,,,M,NaN,,,0,NaN,,,0,NaN,,,M,NaN,,,NaN,,,NaN,,,NaN,,
2024-10-22T07:31:41.000Z,6.546,2,"",M,61.128,2,"",M,6.000,2,"",N,10.661,2,"",M,25.217,2,"",M,NaN,,,M,NaN,,,M,NaN,,,0,428.563,2,"",M,1006.900,2,"",M,NaN,,,NaN,,,421.553,2,"",419.950,2,""
2024-10-22T07:33:30.000Z,6.543,2,"",M,61.127,2,"",M,6.000,2,"",N,10.892,2,"",M,26.390,2,"",M,NaN,,,M,NaN,,,M,NaN,,,0,427.701,2,"",M,1006.900,2,"",M,NaN,,,NaN,,,420.626,2,"",419.030,2,""
2024-10-22T07:35:20.000Z,6.542,2,"",M,61.126,2,"",M,6.000,2,"",N,10.776,2,"",M,26.796,2,"",M,NaN,,,M,NaN,,,M,NaN,,,0,426.009,2,"",M,1006.900,2,"",M,NaN,,,NaN,,,419.005,2,"",417.413,2,""
2024-10-22T07:37:09.000Z,6.541,2,"",M,61.126,2,"",M,6.000,2,"",N,10.856,2,"",M,26.217,2,"",M,NaN,,,M,NaN,,,M,NaN,,,0,424.478,2,"",M,1006.900,2,"",M,NaN,,,NaN,,,417.468,2,"",415.884,2,""
2024-10-22T07:38:59.000Z,6.541,2,"",M,61.126,2,"",M,6.000,2,"",N,10.966,2,"",M,26.615,2,"",M,NaN,,,M,NaN,,,M,NaN,,,0,425.177,2,"",M,1007.000,2,"",M,NaN,,,NaN,,,418.159,2,"",416.575,2,""
2024-10-22T07:44:09.000Z,6.542,2,"",M,61.126,2,"",M,6.000,2,"",N,10.979,2,"",M,26.954,2,"",M,11.430,2,"",M,1007.790,2,"",M,347.366,2,"",M,NaN,,,0,NaN,,,M,334.492,2,"",333.234,2,"",NaN,,,NaN,,
2024-10-22T07:46:02.000Z,6.542,2,"",M,61.126,2,"",M,6.000,2,"",N,10.901,2,"",M,26.624,2,"",M,11.390,2,"",M,1007.710,2,"",M,348.126,2,"",M,NaN,,,0,NaN,,,M,334.672,2,"",333.412,2,"",NaN,,,NaN,,
2024-10-22T07:47:54.000Z,6.543,2,"",M,61.126,2,"",M,6.000,2,"",N,10.912,2,"",M,26.603,2,"",M,11.330,2,"",M,1007.670,2,"",M,346.385,2,"",M,NaN,,,0,NaN,,,M,334.007,2,"",332.750,2,"",NaN,,,NaN,,
2024-10-22T07:49:46.000Z,6.543,2,"",M,61.126,2,"",M,6.000,2,"",N,10.917,2,"",M,26.566,2,"",M,11.330,2,"",M,1007.690,2,"",M,343.742,2,"",M,NaN,,,0,NaN,,,M,331.537,2,"",330.288,2,"",NaN,,,NaN,,
2024-10-22T07:51:38.000Z,6.543,2,"",M,61.126,2,"",M,6.000,2,"",N,11.027,2,"",M,26.667,2,"",M,11.340,2,"",M,1007.650,2,"",M,342.471,2,"",M,NaN,,,0,NaN,,,M,331.689,2,"",330.440,2,"",NaN,,,NaN,,
2024-10-22T07:53:31.000Z,6.543,2,"",M,61.126,2,"",M,6.000,2,"",N,10.974,2,"",M,26.832,2,"",M,11.390,2,"",M,1007.620,2,"",M,342.441,2,"",M,NaN,,,0,NaN,,,M,330.191,2,"",328.949,2,"",NaN,,,NaN,,
2024-10-22T07:55:23.000Z,6.543,2,"",M,61.126,2,"",M,6.000,2,"",N,10.961,2,"",M,26.945,2,"",M,11.390,2,"",M,1007.640,2,"",M,344.881,2,"",M,NaN,,,0,NaN,,,M,332.371,2,"",331.121,2,"",NaN,,,NaN,,
2024-10-22T07:57:15.000Z,6.543,2,"",M,61.126,2,"",M,6.000,2,"",N,10.932,2,"",M,26.714,2,"",M,11.390,2,"",M,1008.000,2,"",M,346.072,2,"",M,NaN,,,0,NaN,,,M,333.234,2,"",331.980,2,"",NaN,,,NaN,,
2024-10-22T07:59:07.000Z,6.543,2,"",M,61.126,2,"",M,6.000,2,"",N,10.951,2,"",M,26.753,2,"",M,11.350,2,"",M,1008.100,2,"",M,345.551,2,"",M,NaN,,,0,NaN,,,M,333.601,2,"",332.345,2,"",NaN,,,NaN,,
2024-10-22T08:01:00.000Z,6.543,2,"",M,61.126,2,"",M,6.000,2,"",N,10.983,2,"",M,26.867,2,"",M,11.360,2,"",M,1008.160,2,"",M,343.969,2,"",M,NaN,,,0,NaN,,,M,332.406,2,"",331.155,2,"",NaN,,,NaN,,
2024-10-22T08:02:52.000Z,6.543,2,"",M,61.126,2,"",M,6.000,2,"",N,10.958,2,"",M,26.777,2,"",M,11.390,2,"",M,1008.240,2,"",M,343.939,2,"",M,NaN,,,0,NaN,,,M,331.621,2,"",330.373,2,"",NaN,,,NaN,,
2024-10-22T08:04:44.000Z,6.543,2,"",M,61.126,2,"",M,6.000,2,"",N,10.967,2,"",M,26.752,2,"",M,11.380,2,"",M,1008.230,2,"",M,344.719,2,"",M,NaN,,,0,NaN,,,M,332.639,2,"",331.386,2,"",NaN,,,NaN,,
2024-10-22T08:06:36.000Z,6.543,2,"",M,61.126,2,"",M,6.000,2,"",N,10.980,2,"",M,26.926,2,"",M,11.380,2,"",M,1008.310,2,"",M,344.258,2,"",M,NaN,,,0,NaN,,,M,332.407,2,"",331.155,2,"",NaN,,,NaN,,
2024-10-22T08:08:28.000Z,6.543,2,"",M,61.126,2,"",M,6.000,2,"",N,10.942,2,"",M,26.711,2,"",M,11.400,2,"",M,1008.340,2,"",M,344.587,2,"",M,NaN,,,0,NaN,,,M,331.909,2,"",330.659,2,"",NaN,,,NaN,,
2024-10-22T08:10:42.000Z,6.543,2,"",M,61.126,2,"",M,6.000,2,"",N,10.922,2,"",M,26.638,2,"",M,11.360,2,"",M,1008.270,2,"",M,344.737,2,"",M,NaN,,,0,NaN,,,M,332.322,2,"",331.071,2,"",NaN,,,NaN,,
2024-10-22T08:12:34.000Z,6.543,2,"",M,61.126,2,"",M,6.000,2,"",N,10.909,2,"",M,26.470,2,"",M,11.350,2,"",M,1008.200,2,"",M,343.475,2,"",M,NaN,,,0,NaN,,,M,331.047,2,"",329.800,2,"",NaN,,,NaN,,
2024-10-22T08:14:26.000Z,6.543,2,"",M,61.126,2,"",M,6.000,2,"",N,10.894,2,"",M,26.365,2,"",M,11.320,2,"",M,1008.120,2,"",M,342.254,2,"",M,NaN,,,0,NaN,,,M,330.062,2,"",328.818,2,"",NaN,,,NaN,,
2024-10-22T08:16:19.000Z,6.543,2,"",M,61.126,2,"",M,6.000,2,"",N,10.868,2,"",M,26.352,2,"",M,11.310,2,"",M,1008.030,2,"",M,340.783,2,"",M,NaN,,,0,NaN,,,M,328.390,2,"",327.153,2,"",NaN,,,NaN,,
2024-10-22T08:18:11.000Z,6.543,2,"",M,61.126,2,"",M,6.000,2,"",N,10.855,2,"",M,26.276,2,"",M,11.290,2,"",M,1008.080,2,"",M,339.622,2,"",M,NaN,,,0,NaN,,,M,327.385,2,"",326.151,2,"",NaN,,,NaN,,
2024-10-22T08:20:02.000Z,6.543,2,"",M,61.126,2,"",M,6.000,2,"",N,10.838,2,"",M,26.292,2,"",M,11.270,2,"",M,1008.060,2,"",M,338.681,2,"",M,NaN,,,0,NaN,,,M,326.526,2,"",325.295,2,"",NaN,,,NaN,,
2024-10-22T08:21:55.000Z,6.543,2,"",M,61.126,2,"",M,6.000,2,"",N,10.814,2,"",M,26.239,2,"",M,11.260,2,"",M,1007.990,2,"",M,337.820,2,"",M,NaN,,,0,NaN,,,M,325.479,2,"",324.252,2,"",NaN,,,NaN,,
2024-10-22T08:23:46.000Z,6.543,2,"",M,61.126,2,"",M,6.000,2,"",N,10.798,2,"",M,26.227,2,"",M,11.230,2,"",M,1007.970,2,"",M,337.369,2,"",M,NaN,,,0,NaN,,,M,325.249,2,"",324.022,2,"",NaN,,,NaN,,
2024-10-22T08:25:38.000Z,6.543,2,"",M,61.126,2,"",M,6.000,2,"",N,10.786,2,"",M,26.195,2,"",M,11.220,2,"",M,1007.880,2,"",M,336.598,2,"",M,NaN,,,0,NaN,,,M,324.448,2,"",323.224,2,"",NaN,,,NaN,,
2024-10-22T08:27:31.000Z,6.543,2,"",M,61.126,2,"",M,6.000,2,"",N,10.783,2,"",M,26.146,2,"",M,11.210,2,"",M,1007.930,2,"",M,336.217,2,"",M,NaN,,,0,NaN,,,M,324.186,2,"",322.964,2,"",NaN,,,NaN,,
2024-10-22T08:29:23.000Z,6.543,2,"",M,61.126,2,"",M,6.000,2,"",N,10.866,2,"",M,26.346,2,"",M,11.200,2,"",M,1007.920,2,"",M,335.706,2,"",M,NaN,,,0,NaN,,,M,324.975,2,"",323.750,2,"",NaN,,,NaN,,
2024-10-22T08:31:15.000Z,6.544,2,"",M,61.126,2,"",M,6.000,2,"",N,10.867,2,"",M,26.584,2,"",M,11.270,2,"",M,1007.850,2,"",M,335.736,2,"",M,NaN,,,0,NaN,,,M,324.010,2,"",322.789,2,"",NaN,,,NaN,,
2024-10-22T08:33:07.000Z,6.544,2,"",M,61.126,2,"",M,6.000,2,"",N,10.591,2,"",M,26.065,2,"",M,11.280,2,"",M,1007.930,2,"",M,337.906,2,"",M,NaN,,,0,NaN,,,M,322.205,2,"",320.991,2,"",NaN,,,NaN,,
2024-10-22T08:35:00.000Z,6.545,2,"",M,61.124,2,"",M,6.000,2,"",N,10.688,2,"",M,25.539,2,"",M,11.140,2,"",M,1007.920,2,"",M,338.216,2,"",M,NaN,,,0,NaN,,,M,325.789,2,"",324.559,2,"",NaN,,,NaN,,
2024-10-22T08:36:52.000Z,6.546,2,"",M,61.121,2,"",M,6.000,2,"",N,10.852,2,"",M,25.186,2,"",M,11.130,2,"",M,1008.010,2,"",M,332.182,2,"",M,NaN,,,0,NaN,,,M,322.369,2,"",321.152,2,"",NaN,,,NaN,,
2024-10-22T08:38:44.000Z,6.547,2,"",M,61.120,2,"",M,6.000,2,"",N,10.736,2,"",M,24.801,2,"",M,11.220,2,"",M,1007.990,2,"",M,326.699,2,"",M,NaN,,,0,NaN,,,M,314.266,2,"",313.081,2,"",NaN,,,NaN,,
2024-10-22T08:40:36.000Z,6.547,2,"",M,61.120,2,"",M,6.000,2,"",N,11.015,2,"",M,26.186,2,"",M,11.100,2,"",M,1008.080,2,"",M,324.768,2,"",M,NaN,,,0,NaN,,,M,317.801,2,"",316.600,2,"",NaN,,,NaN,,
2024-10-22T08:42:29.000Z,6.547,2,"",M,61.120,2,"",M,6.000,2,"",N,11.049,2,"",M,27.225,2,"",M,11.360,2,"",M,1008.040,2,"",M,326.008,2,"",M,NaN,,,0,NaN,,,M,315.888,2,"",314.698,2,"",NaN,,,NaN,,
2024-10-22T08:44:21.000Z,6.547,2,"",M,61.120,2,"",M,6.000,2,"",N,11.014,2,"",M,26.881,2,"",M,11.450,2,"",M,1008.060,2,"",M,337.283,2,"",M,NaN,,,0,NaN,,,M,325.076,2,"",323.854,2,"",NaN,,,NaN,,
2024-10-22T08:46:13.000Z,6.547,2,"",M,61.121,2,"",M,6.000,2,"",N,10.978,2,"",M,26.817,2,"",M,11.420,2,"",M,1008.070,2,"",M,344.926,2,"",M,NaN,,,0,NaN,,,M,332.363,2,"",331.113,2,"",NaN,,,NaN,,
2024-10-22T08:48:05.000Z,6.546,2,"",M,61.121,2,"",M,6.000,2,"",N,10.952,2,"",M,26.738,2,"",M,11.400,2,"",M,1007.570,2,"",M,345.306,2,"",M,NaN,,,0,NaN,,,M,332.486,2,"",331.235,2,"",NaN,,,NaN,,
2024-10-22T08:49:57.000Z,6.546,2,"",M,61.121,2,"",M,6.000,2,"",N,10.943,2,"",M,26.550,2,"",M,11.380,2,"",M,1007.635,2,"",M,344.445,2,"",M,NaN,,,0,NaN,,,M,331.840,2,"",330.592,2,"",NaN,,,NaN,,
2024-10-22T08:51:50.000Z,6.546,2,"",M,61.121,2,"",M,6.000,2,"",N,10.966,2,"",M,26.698,2,"",M,11.360,2,"",M,1007.660,2,"",M,342.753,2,"",M,NaN,,,0,NaN,,,M,330.829,2,"",329.584,2,"",NaN,,,NaN,,
2024-10-22T08:53:42.000Z,6.546,2,"",M,61.121,2,"",M,6.000,2,"",N,10.959,2,"",M,26.632,2,"",M,11.380,2,"",M,1007.660,2,"",M,341.722,2,"",M,NaN,,,0,NaN,,,M,329.441,2,"",328.201,2,"",NaN,,,NaN,,
2024-10-22T08:55:34.000Z,6.546,2,"",M,61.121,2,"",M,6.000,2,"",N,10.948,2,"",M,26.582,2,"",M,11.370,2,"",M,1007.740,2,"",M,341.822,2,"",M,NaN,,,0,NaN,,,M,329.564,2,"",328.324,2,"",NaN,,,NaN,,
2024-10-22T08:57:26.000Z,6.545,2,"",M,61.121,2,"",M,6.000,2,"",N,11.013,2,"",M,26.671,2,"",M,11.370,2,"",M,1007.770,2,"",M,341.281,2,"",M,NaN,,,0,NaN,,,M,329.960,2,"",328.718,2,"",NaN,,,NaN,,
2024-10-22T08:59:19.000Z,6.546,2,"",M,61.121,2,"",M,6.000,2,"",N,10.897,2,"",I,23.841,2,"",M,11.410,2,"",M,1007.770,2,"",M,341.040,3,"Delta T > 1 deg C",M,NaN,,,0,NaN,,,M,327.528,3,"xCO₂ (with standards) Delta T > 1 deg C",326.296,3,"xCO₂ (with standards) Delta T > 1 deg C",NaN,,,NaN,,
2024-10-22T09:01:11.000Z,6.546,2,"",M,61.121,2,"",M,6.000,2,"",N,10.781,2,"",M,24.938,2,"",M,10.890,2,"",M,1007.710,2,"",M,334.477,2,"",M,NaN,,,0,NaN,,,M,326.895,2,"",325.657,2,"",NaN,,,NaN,,
2024-10-22T09:03:03.000Z,6.546,2,"",M,61.121,2,"",M,6.000,2,"",N,10.883,2,"",M,26.177,2,"",M,11.160,2,"",M,1007.830,2,"",M,318.789,2,"",M,NaN,,,0,NaN,,,M,309.328,2,"",308.161,2,"",NaN,,,NaN,,
2024-10-22T09:04:55.000Z,6.546,2,"",M,61.121,2,"",M,6.000,2,"",N,10.954,2,"",M,26.872,2,"",M,11.300,2,"",M,1007.850,2,"",M,323.961,2,"",M,NaN,,,0,NaN,,,M,313.403,2,"",312.223,2,"",NaN,,,NaN,,
2024-10-22T09:06:47.000Z,6.546,2,"",M,61.122,2,"",M,6.000,2,"",N,10.900,2,"",M,26.213,2,"",M,11.390,2,"",M,1007.790,2,"",M,334.385,2,"",M,NaN,,,0,NaN,,,M,321.479,2,"",320.270,2,"",NaN,,,NaN,,
2024-10-22T09:08:40.000Z,6.546,2,"",M,61.122,2,"",M,6.000,2,"",N,10.877,2,"",M,26.128,2,"",M,11.310,2,"",M,1007.720,2,"",M,338.456,2,"",M,NaN,,,0,NaN,,,M,326.174,2,"",324.945,2,"",NaN,,,NaN,,
2024-10-22T09:10:53.000Z,6.546,2,"",M,61.122,2,"",M,6.000,2,"",N,10.913,2,"",M,26.327,2,"",M,11.300,2,"",M,1007.650,2,"",M,336.235,2,"",M,NaN,,,0,NaN,,,M,324.640,2,"",323.417,2,"",NaN,,,NaN,,
2024-10-22T09:12:45.000Z,6.546,2,"",M,61.122,2,"",M,6.000,2,"",N,10.925,2,"",M,26.368,2,"",M,11.320,2,"",M,1007.810,2,"",M,336.374,2,"",M,NaN,,,0,NaN,,,M,324.717,2,"",323.494,2,"",NaN,,,NaN,,
2024-10-22T09:14:37.000Z,6.546,2,"",M,61.122,2,"",M,6.000,2,"",N,10.906,2,"",M,26.332,2,"",M,11.350,2,"",M,1008.150,2,"",M,337.744,2,"",M,NaN,,,0,NaN,,,M,325.466,2,"",324.240,2,"",NaN,,,NaN,,
2024-10-22T09:16:30.000Z,6.545,2,"",M,61.122,2,"",M,6.000,2,"",N,10.932,2,"",M,26.504,2,"",M,11.330,2,"",M,1008.160,2,"",M,337.754,2,"",M,NaN,,,0,NaN,,,M,326.121,2,"",324.893,2,"",NaN,,,NaN,,
2024-10-22T09:18:22.000Z,6.545,2,"",M,61.123,2,"",M,6.000,2,"",N,10.915,2,"",M,26.397,2,"",M,11.350,2,"",M,1008.180,2,"",M,337.843,2,"",M,NaN,,,0,NaN,,,M,325.691,2,"",324.464,2,"",NaN,,,NaN,,
2024-10-22T09:20:14.000Z,6.545,2,"",M,61.123,2,"",M,6.000,2,"",N,10.899,2,"",M,26.306,2,"",M,11.330,2,"",M,1008.210,2,"",M,338.413,2,"",M,NaN,,,0,NaN,,,M,326.309,2,"",325.080,2,"",NaN,,,NaN,,
2024-10-22T09:22:06.000Z,6.545,2,"",M,61.123,2,"",M,6.000,2,"",N,10.894,2,"",M,26.388,2,"",M,11.320,2,"",M,1008.290,2,"",M,337.492,2,"",M,NaN,,,0,NaN,,,M,325.517,2,"",324.290,2,"",NaN,,,NaN,,
2024-10-22T09:23:59.000Z,6.545,2,"",M,61.123,2,"",M,6.000,2,"",N,10.858,2,"",M,26.363,2,"",M,11.310,2,"",M,1008.290,2,"",M,337.071,2,"",M,NaN,,,0,NaN,,,M,324.764,2,"",323.540,2,"",NaN,,,NaN,,
2024-10-22T09:25:50.000Z,6.545,2,"",M,61.123,2,"",M,6.000,2,"",N,10.843,2,"",M,26.321,2,"",M,11.280,2,"",M,1008.320,2,"",M,337.001,2,"",M,NaN,,,0,NaN,,,M,324.914,2,"",323.689,2,"",NaN,,,NaN,,
2024-10-22T09:27:43.000Z,6.545,2,"",M,61.124,2,"",M,6.000,2,"",N,10.857,2,"",M,26.471,2,"",M,11.270,2,"",M,1008.310,2,"",M,336.730,2,"",M,NaN,,,0,NaN,,,M,324.993,2,"",323.767,2,"",NaN,,,NaN,,
2024-10-22T09:29:35.000Z,6.544,2,"",M,61.124,2,"",M,6.000,2,"",N,10.842,2,"",M,26.475,2,"",M,11.290,2,"",M,1008.300,2,"",M,337.180,2,"",M,NaN,,,0,NaN,,,M,324.926,2,"",323.701,2,"",NaN,,,NaN,,
2024-10-22T09:31:27.000Z,6.544,2,"",M,61.124,2,"",M,6.000,2,"",N,10.874,2,"",M,26.546,2,"",M,11.270,2,"",M,1008.170,2,"",M,338.080,2,"",M,NaN,,,0,NaN,,,M,326.481,2,"",325.250,2,"",NaN,,,NaN,,
2024-10-22T09:33:19.000Z,6.544,2,"",M,61.124,2,"",M,6.000,2,"",N,10.864,2,"",M,26.341,2,"",M,11.290,2,"",M,1008.190,2,"",M,338.369,2,"",M,NaN,,,0,NaN,,,M,326.346,2,"",325.116,2,"",NaN,,,NaN,,
2024-10-22T09:35:11.000Z,6.544,2,"",M,61.124,2,"",M,6.000,2,"",N,10.827,2,"",M,26.310,2,"",M,11.280,2,"",M,1008.140,2,"",M,337.879,2,"",M,NaN,,,0,NaN,,,M,325.480,2,"",324.253,2,"",NaN,,,NaN,,
2024-10-22T09:37:04.000Z,6.544,2,"",M,61.124,2,"",M,6.000,2,"",N,10.801,2,"",M,26.511,2,"",M,11.250,2,"",M,1008.180,2,"",M,337.008,2,"",M,NaN,,,0,NaN,,,M,324.725,2,"",323.500,2,"",NaN,,,NaN,,
2024-10-22T09:38:56.000Z,6.544,2,"",M,61.124,2,"",M,6.000,2,"",N,10.789,2,"",M,26.324,2,"",M,11.230,2,"",M,1008.140,2,"",M,336.777,2,"",M,NaN,,,0,NaN,,,M,324.603,2,"",323.379,2,"",NaN,,,NaN,,
2024-10-22T09:40:48.000Z,6.544,2,"",M,61.124,2,"",M,6.000,2,"",N,10.784,2,"",M,26.373,2,"",M,11.210,2,"",M,1008.240,2,"",M,336.066,2,"",M,NaN,,,0,NaN,,,M,324.167,2,"",322.944,2,"",NaN,,,NaN,,
2024-10-22T09:42:40.000Z,6.544,2,"",M,61.124,2,"",M,6.000,2,"",N,10.803,2,"",M,26.226,2,"",M,11.220,2,"",M,1008.330,2,"",M,334.645,2,"",M,NaN,,,0,NaN,,,M,322.941,2,"",321.723,2,"",NaN,,,NaN,,
2024-10-22T09:44:33.000Z,6.544,2,"",M,61.124,2,"",M,6.000,2,"",N,10.789,2,"",M,26.231,2,"",M,11.220,2,"",M,1008.460,2,"",M,333.824,2,"",M,NaN,,,0,NaN,,,M,321.999,2,"",320.784,2,"",NaN,,,NaN,,
2024-10-22T09:46:25.000Z,6.544,2,"",M,61.124,2,"",M,6.000,2,"",N,10.825,2,"",M,26.465,2,"",M,11.210,2,"",M,1008.265,2,"",M,333.924,2,"",M,NaN,,,0,NaN,,,M,322.670,2,"",321.452,2,"",NaN,,,NaN,,
2024-10-22T09:48:17.000Z,6.544,2,"",M,61.124,2,"",M,6.000,2,"",N,10.892,2,"",M,26.599,2,"",M,11.250,2,"",M,1008.170,2,"",M,334.133,2,"",M,NaN,,,0,NaN,,,M,323.189,2,"",321.970,2,"",NaN,,,NaN,,
2024-10-22T09:50:09.000Z,6.544,2,"",M,61.124,2,"",M,6.000,2,"",N,10.907,2,"",M,26.384,2,"",M,11.300,2,"",M,1008.260,2,"",M,335.033,2,"",M,NaN,,,0,NaN,,,M,323.594,2,"",322.375,2,"",NaN,,,NaN,,
2024-10-22T09:52:01.000Z,6.544,2,"",M,61.124,2,"",M,6.000,2,"",N,10.865,2,"",M,26.748,2,"",M,11.310,2,"",M,1008.290,2,"",M,337.153,2,"",M,NaN,,,0,NaN,,,M,324.939,2,"",323.715,2,"",NaN,,,NaN,,
2024-10-22T09:53:54.000Z,6.544,2,"",M,61.124,2,"",M,6.000,2,"",N,10.817,2,"",M,26.455,2,"",M,11.310,2,"",M,1008.320,2,"",M,339.204,2,"",M,NaN,,,0,NaN,,,M,326.261,2,"",325.031,2,"",NaN,,,NaN,,
2024-10-22T09:55:46.000Z,6.544,2,"",M,61.124,2,"",M,6.000,2,"",N,10.892,2,"",M,26.334,2,"",M,11.250,2,"",M,1008.360,2,"",M,339.473,2,"",M,NaN,,,0,NaN,,,M,328.416,2,"",327.178,2,"",NaN,,,NaN,,
2024-10-22T09:57:38.000Z,6.544,2,"",M,61.124,2,"",M,6.000,2,"",N,10.914,2,"",M,26.661,2,"",M,11.290,2,"",M,1008.350,2,"",M,337.322,2,"",M,NaN,,,0,NaN,,,M,326.073,2,"",324.843,2,"",NaN,,,NaN,,
2024-10-22T09:59:30.000Z,6.544,2,"",M,61.124,2,"",M,6.000,2,"",N,10.930,2,"",M,26.591,2,"",M,11.330,2,"",M,1008.350,2,"",M,338.112,2,"",M,NaN,,,0,NaN,,,M,326.502,2,"",325.272,2,"",NaN,,,NaN,,
2024-10-22T10:01:23.000Z,6.544,2,"",M,61.124,2,"",M,6.000,2,"",N,11.004,2,"",M,27.018,2,"",M,11.340,2,"",M,1008.300,2,"",M,339.091,2,"",M,NaN,,,0,NaN,,,M,328.315,2,"",327.078,2,"",NaN,,,NaN,,
2024-10-22T10:03:15.000Z,6.544,2,"",M,61.124,2,"",M,6.000,2,"",N,10.972,2,"",M,27.097,2,"",M,11.420,2,"",M,1008.250,2,"",M,340.931,2,"",M,NaN,,,0,NaN,,,M,328.491,2,"",327.255,2,"",NaN,,,NaN,,
2024-10-22T10:05:07.000Z,6.544,2,"",M,61.124,2,"",M,6.000,2,"",N,11.038,2,"",M,26.851,2,"",M,11.410,2,"",M,1008.200,2,"",M,344.772,2,"",M,NaN,,,0,NaN,,,M,333.256,2,"",332.002,2,"",NaN,,,NaN,,
2024-10-22T10:06:59.000Z,6.544,2,"",M,61.124,2,"",M,6.000,2,"",N,11.030,2,"",M,27.090,2,"",M,11.430,2,"",M,1008.240,2,"",M,344.561,2,"",M,NaN,,,0,NaN,,,M,332.666,2,"",331.415,2,"",NaN,,,NaN,,
2024-10-22T10:08:51.000Z,6.544,2,"",M,61.124,2,"",M,6.000,2,"",N,11.022,2,"",M,27.060,2,"",M,11.450,2,"",M,1008.270,2,"",M,345.451,2,"",M,NaN,,,0,NaN,,,M,333.127,2,"",331.874,2,"",NaN,,,NaN,,
2024-10-22T10:11:05.000Z,6.544,2,"",M,61.124,2,"",M,6.000,2,"",N,10.964,2,"",M,26.926,2,"",M,11.440,2,"",M,1008.440,2,"",M,346.831,2,"",M,NaN,,,0,NaN,,,M,333.841,2,"",332.585,2,"",NaN,,,NaN,,
2024-10-22T10:12:57.000Z,6.544,2,"",M,61.124,2,"",M,6.000,2,"",N,10.994,2,"",M,26.830,2,"",M,11.380,2,"",M,1008.370,2,"",M,346.350,2,"",M,NaN,,,0,NaN,,,M,334.645,2,"",333.385,2,"",NaN,,,NaN,,
2024-10-22T10:14:49.000Z,6.544,2,"",M,61.124,2,"",M,6.000,2,"",N,11.033,2,"",M,26.756,2,"",M,11.400,2,"",M,1008.350,2,"",M,344.309,2,"",M,NaN,,,0,NaN,,,M,332.922,2,"",331.669,2,"",NaN,,,NaN,,
2024-10-22T10:16:42.000Z,6.544,2,"",M,61.124,2,"",M,6.000,2,"",N,11.005,2,"",M,27.113,2,"",M,11.420,2,"",M,1008.320,2,"",M,344.038,2,"",M,NaN,,,0,NaN,,,M,331.980,2,"",330.731,2,"",NaN,,,NaN,,
2024-10-22T10:18:34.000Z,6.544,2,"",M,61.124,2,"",M,6.000,2,"",N,11.034,2,"",M,27.104,2,"",M,11.420,2,"",M,1008.330,2,"",M,345.338,2,"",M,NaN,,,0,NaN,,,M,333.643,2,"",332.388,2,"",NaN,,,NaN,,
2024-10-22T10:20:26.000Z,6.544,2,"",M,61.124,2,"",M,6.000,2,"",N,10.938,2,"",M,26.989,2,"",M,11.450,2,"",M,1008.190,2,"",M,346.368,2,"",M,NaN,,,0,NaN,,,M,332.803,2,"",331.551,2,"",NaN,,,NaN,,
2024-10-22T10:22:18.000Z,6.544,2,"",M,61.124,2,"",M,6.000,2,"",N,10.958,2,"",M,26.967,2,"",M,11.390,2,"",M,1007.980,2,"",M,346.887,2,"",M,NaN,,,0,NaN,,,M,334.380,2,"",333.121,2,"",NaN,,,NaN,,
2024-10-22T10:24:11.000Z,6.544,2,"",M,61.124,2,"",M,6.000,2,"",N,10.964,2,"",M,26.793,2,"",M,11.390,2,"",M,1008.100,2,"",M,345.387,2,"",M,NaN,,,0,NaN,,,M,333.055,2,"",331.802,2,"",NaN,,,NaN,,
2024-10-22T10:26:03.000Z,6.544,2,"",M,61.124,2,"",M,6.000,2,"",N,10.955,2,"",M,26.799,2,"",M,11.380,2,"",M,1008.010,2,"",M,343.365,2,"",M,NaN,,,0,NaN,,,M,331.094,2,"",329.848,2,"",NaN,,,NaN,,
2024-10-22T10:27:55.000Z,6.544,2,"",M,61.124,2,"",M,6.000,2,"",N,10.947,2,"",M,26.817,2,"",M,11.370,2,"",M,1007.950,2,"",M,342.485,2,"",M,NaN,,,0,NaN,,,M,330.251,2,"",329.008,2,"",NaN,,,NaN,,
2024-10-22T10:29:47.000Z,6.544,2,"",M,61.124,2,"",M,6.000,2,"",N,10.952,2,"",M,26.702,2,"",M,11.370,2,"",M,1008.020,2,"",M,341.884,2,"",M,NaN,,,0,NaN,,,M,329.765,2,"",328.524,2,"",NaN,,,NaN,,
2024-10-22T10:31:39.000Z,6.544,2,"",M,61.124,2,"",M,6.000,2,"",N,10.974,2,"",M,26.847,2,"",M,11.370,2,"",M,1008.250,2,"",M,341.233,2,"",M,NaN,,,0,NaN,,,M,329.516,2,"",328.276,2,"",NaN,,,NaN,,
2024-10-22T10:33:32.000Z,6.544,2,"",M,61.124,2,"",M,6.000,2,"",N,10.971,2,"",M,26.769,2,"",M,11.390,2,"",M,1008.460,2,"",M,341.223,2,"",M,NaN,,,0,NaN,,,M,329.258,2,"",328.018,2,"",NaN,,,NaN,,
2024-10-22T10:35:24.000Z,6.544,2,"",M,61.124,2,"",M,6.000,2,"",N,10.973,2,"",M,26.844,2,"",M,11.390,2,"",M,1008.500,2,"",M,341.202,2,"",M,NaN,,,0,NaN,,,M,329.275,2,"",328.036,2,"",NaN,,,NaN,,
2024-10-22T10:37:16.000Z,6.544,2,"",M,61.124,2,"",M,6.000,2,"",N,10.957,2,"",M,26.686,2,"",M,11.400,2,"",M,1008.480,2,"",M,341.402,2,"",M,NaN,,,0,NaN,,,M,329.091,2,"",327.852,2,"",NaN,,,NaN,,
2024-10-22T10:39:08.000Z,6.544,2,"",M,61.124,2,"",M,6.000,2,"",N,10.954,2,"",M,26.710,2,"",M,11.370,2,"",M,1008.480,2,"",M,341.191,2,"",M,NaN,,,0,NaN,,,M,329.279,2,"",328.039,2,"",NaN,,,NaN,,
2024-10-22T10:41:01.000Z,6.544,2,"",M,61.124,2,"",M,6.000,2,"",N,10.966,2,"",M,26.768,2,"",M,11.370,2,"",M,1008.400,2,"",M,340.640,2,"",M,NaN,,,0,NaN,,,M,328.882,2,"",327.643,2,"",NaN,,,NaN,,
2024-10-22T10:42:53.000Z,6.544,2,"",M,61.124,2,"",M,6.000,2,"",N,10.952,2,"",M,26.784,2,"",M,11.380,2,"",M,1008.370,2,"",M,340.380,2,"",M,NaN,,,0,NaN,,,M,328.290,2,"",327.054,2,"",NaN,,,NaN,,
2024-10-22T10:44:45.000Z,6.544,2,"",M,61.124,2,"",M,6.000,2,"",N,10.977,2,"",M,26.872,2,"",M,11.370,2,"",M,1008.450,2,"",M,341.109,2,"",M,NaN,,,0,NaN,,,M,329.514,2,"",328.273,2,"",NaN,,,NaN,,
2024-10-22T10:46:37.000Z,6.544,2,"",M,61.124,2,"",M,6.000,2,"",N,10.985,2,"",M,26.924,2,"",M,11.390,2,"",M,1008.460,2,"",M,340.639,2,"",M,NaN,,,0,NaN,,,M,328.894,2,"",327.655,2,"",NaN,,,NaN,,
2024-10-22T10:48:29.000Z,6.544,2,"",M,61.124,2,"",M,6.000,2,"",N,10.992,2,"",M,26.912,2,"",M,11.410,2,"",M,1008.550,2,"",M,341.418,2,"",M,NaN,,,0,NaN,,,M,329.482,2,"",328.242,2,"",NaN,,,NaN,,
2024-10-22T10:50:22.000Z,6.544,2,"",M,61.124,2,"",M,6.000,2,"",N,10.987,2,"",M,26.838,2,"",M,11.410,2,"",M,1008.540,2,"",M,342.118,2,"",M,NaN,,,0,NaN,,,M,330.079,2,"",328.836,2,"",NaN,,,NaN,,
2024-10-22T10:54:51.000Z,6.544,2,"",M,61.124,2,"",M,6.000,2,"",N,NaN,,,M,NaN,,,M,NaN,,,M,NaN,,,M,NaN,,,0,NaN,,,0,NaN,,,M,NaN,,,NaN,,,NaN,,,NaN,,
2024-10-22T10:56:41.000Z,6.544,2,"",M,61.124,2,"",M,6.000,2,"",N,NaN,,,M,NaN,,,M,NaN,,,M,NaN,,,M,NaN,,,0,NaN,,,0,NaN,,,M,NaN,,,NaN,,,NaN,,,NaN,,
2024-10-22T10:58:31.000Z,6.544,2,"",M,61.124,2,"",M,6.000,2,"",N,NaN,,,M,NaN,,,M,NaN,,,M,NaN,,,M,NaN,,,0,NaN,,,0,NaN,,,M,NaN,,,NaN,,,NaN,,,NaN,,
2024-10-22T11:03:01.000Z,6.544,2,"",M,61.124,2,"",M,6.000,2,"",N,NaN,,,M,NaN,,,M,NaN,,,M,NaN,,,M,NaN,,,0,NaN,,,0,NaN,,,M,NaN,,,NaN,,,NaN,,,NaN,,
2024-10-22T11:04:50.000Z,6.544,2,"",M,61.124,2,"",M,6.000,2,"",N,NaN,,,M,NaN,,,M,NaN,,,M,NaN,,,M,NaN,,,0,NaN,,,0,NaN,,,M,NaN,,,NaN,,,NaN,,,NaN,,
2024-10-22T11:06:40.000Z,6.544,2,"",M,61.124,2,"",M,6.000,2,"",N,NaN,,,M,NaN,,,M,NaN,,,M,NaN,,,M,NaN,,,0,NaN,,,0,NaN,,,M,NaN,,,NaN,,,NaN,,,NaN,,
2024-10-22T11:11:10.000Z,6.544,2,"",M,61.124,2,"",M,6.000,2,"",N,NaN,,,M,NaN,,,M,NaN,,,M,NaN,,,M,NaN,,,0,NaN,,,0,NaN,,,M,NaN,,,NaN,,,NaN,,,NaN,,
2024-10-22T11:13:20.000Z,6.544,2,"",M,61.124,2,"",M,6.000,2,"",N,NaN,,,M,NaN,,,M,NaN,,,M,NaN,,,M,NaN,,,0,NaN,,,0,NaN,,,M,NaN,,,NaN,,,NaN,,,NaN,,
2024-10-22T11:15:11.000Z,6.544,2,"",M,61.124,2,"",M,6.000,2,"",N,NaN,,,M,NaN,,,M,NaN,,,M,NaN,,,M,NaN,,,0,NaN,,,0,NaN,,,M,NaN,,,NaN,,,NaN,,,NaN,,
2024-10-22T11:19:40.000Z,6.544,2,"",M,61.124,2,"",M,6.000,2,"",N,10.925,2,"",M,26.612,2,"",M,NaN,,,M,NaN,,,M,NaN,,,0,422.375,2,"",M,1007.500,2,"",M,NaN,,,NaN,,,415.627,2,"",414.051,2,""
2024-10-22T11:21:30.000Z,6.544,2,"",M,61.124,2,"",M,6.000,2,"",N,10.947,2,"",M,26.638,2,"",M,NaN,,,M,NaN,,,M,NaN,,,0,422.838,2,"",M,1007.400,2,"",M,NaN,,,NaN,,,416.033,2,"",414.455,2,""
2024-10-22T11:23:20.000Z,6.544,2,"",M,61.124,2,"",M,6.000,2,"",N,10.956,2,"",M,26.634,2,"",M,NaN,,,M,NaN,,,M,NaN,,,0,422.610,2,"",M,1007.500,2,"",M,NaN,,,NaN,,,415.847,2,"",414.270,2,""
2024-10-22T11:25:10.000Z,6.544,2,"",M,61.124,2,"",M,6.000,2,"",N,10.942,2,"",M,26.678,2,"",M,NaN,,,M,NaN,,,M,NaN,,,0,423.002,2,"",M,1007.400,2,"",M,NaN,,,NaN,,,416.196,2,"",414.618,2,""
2024-10-22T11:26:59.000Z,6.544,2,"",M,61.124,2,"",M,6.000,2,"",N,10.960,2,"",M,26.718,2,"",M,NaN,,,M,NaN,,,M,NaN,,,0,422.934,2,"",M,1007.400,2,"",M,NaN,,,NaN,,,416.123,2,"",414.545,2,""
2024-10-22T11:32:09.000Z,6.544,2,"",M,61.124,2,"",M,6.000,2,"",N,10.961,2,"",M,26.807,2,"",M,11.370,2,"",M,1007.900,2,"",M,339.049,2,"",M,NaN,,,0,NaN,,,M,327.116,2,"",325.885,2,"",NaN,,,NaN,,
2024-10-22T11:34:02.000Z,6.544,2,"",M,61.124,2,"",M,6.000,2,"",N,10.971,2,"",M,26.835,2,"",M,11.380,2,"",M,1007.960,2,"",M,338.991,2,"",M,NaN,,,0,NaN,,,M,327.082,2,"",325.851,2,"",NaN,,,NaN,,
2024-10-22T11:35:54.000Z,6.544,2,"",M,61.124,2,"",M,6.000,2,"",N,10.981,2,"",M,26.868,2,"",M,11.390,2,"",M,1007.900,2,"",M,339.383,2,"",M,NaN,,,0,NaN,,,M,327.432,2,"",326.200,2,"",NaN,,,NaN,,
2024-10-22T11:37:47.000Z,6.544,2,"",M,61.124,2,"",M,6.000,2,"",N,10.991,2,"",M,26.936,2,"",M,11.400,2,"",M,1007.870,2,"",M,339.795,2,"",M,NaN,,,0,NaN,,,M,327.826,2,"",326.593,2,"",NaN,,,NaN,,
2024-10-22T11:39:39.000Z,6.544,2,"",M,61.124,2,"",M,6.000,2,"",N,10.992,2,"",M,26.934,2,"",M,11.410,2,"",M,1007.800,2,"",M,340.767,2,"",M,NaN,,,0,NaN,,,M,328.611,2,"",327.375,2,"",NaN,,,NaN,,
2024-10-22T11:41:31.000Z,6.544,2,"",M,61.124,2,"",M,6.000,2,"",N,10.995,2,"",M,26.927,2,"",M,11.410,2,"",M,1007.860,2,"",M,341.179,2,"",M,NaN,,,0,NaN,,,M,329.068,2,"",327.830,2,"",NaN,,,NaN,,
2024-10-22T11:43:23.000Z,6.544,2,"",M,61.124,2,"",M,6.000,2,"",N,11.006,2,"",M,26.949,2,"",M,11.410,2,"",M,1007.830,2,"",M,341.231,2,"",M,NaN,,,0,NaN,,,M,329.264,2,"",328.025,2,"",NaN,,,NaN,,
2024-10-22T11:45:15.000Z,6.544,2,"",M,61.124,2,"",M,6.000,2,"",N,10.992,2,"",M,26.914,2,"",M,11.420,2,"",M,1007.800,2,"",M,341.582,2,"",M,NaN,,,0,NaN,,,M,329.247,2,"",328.009,2,"",NaN,,,NaN,,
2024-10-22T11:47:08.000Z,6.544,2,"",M,61.124,2,"",M,6.000,2,"",N,11.008,2,"",M,26.959,2,"",M,11.420,2,"",M,1007.850,2,"",M,341.574,2,"",M,NaN,,,0,NaN,,,M,329.477,2,"",328.238,2,"",NaN,,,NaN,,
2024-10-22T11:49:00.000Z,6.544,2,"",M,61.124,2,"",M,6.000,2,"",N,11.001,2,"",M,26.974,2,"",M,11.430,2,"",M,1007.880,2,"",M,341.576,2,"",M,NaN,,,0,NaN,,,M,329.250,2,"",328.011,2,"",NaN,,,NaN,,
2024-10-22T11:50:52.000Z,6.544,2,"",M,61.124,2,"",M,6.000,2,"",N,10.999,2,"",M,26.943,2,"",M,11.420,2,"",M,1007.760,2,"",M,341.828,2,"",M,NaN,,,0,NaN,,,M,329.572,2,"",328.332,2,"",NaN,,,NaN,,
2024-10-22T11:52:44.000Z,6.544,2,"",M,61.124,2,"",M,6.000,2,"",N,10.988,2,"",M,26.812,2,"",M,11.410,2,"",M,1007.840,2,"",M,341.710,2,"",M,NaN,,,0,NaN,,,M,329.471,2,"",328.232,2,"",NaN,,,NaN,,
2024-10-22T11:54:36.000Z,6.544,2,"",M,61.124,2,"",M,6.000,2,"",N,10.944,2,"",M,26.208,2,"",M,11.410,2,"",M,1007.710,2,"",M,340.801,2,"",M,NaN,,,0,NaN,,,M,327.941,2,"",326.708,2,"",NaN,,,NaN,,
2024-10-22T11:56:29.000Z,6.544,2,"",M,61.124,2,"",M,6.000,2,"",N,10.900,2,"",M,26.399,2,"",M,11.340,2,"",M,1007.740,2,"",M,337.532,2,"",M,NaN,,,0,NaN,,,M,325.190,2,"",323.966,2,"",NaN,,,NaN,,
2024-10-22T11:58:21.000Z,6.544,2,"",M,61.124,2,"",M,6.000,2,"",N,10.937,2,"",M,26.384,2,"",M,11.330,2,"",M,1007.790,2,"",M,334.283,2,"",M,NaN,,,0,NaN,,,M,322.707,2,"",321.492,2,"",NaN,,,NaN,,
2024-10-22T12:00:13.000Z,6.544,2,"",M,61.124,2,"",M,6.000,2,"",N,10.920,2,"",M,26.357,2,"",M,11.350,2,"",M,1007.500,2,"",M,332.604,2,"",M,NaN,,,0,NaN,,,M,320.495,2,"",319.289,2,"",NaN,,,NaN,,
2024-10-22T12:02:05.000Z,6.544,2,"",M,61.124,2,"",M,6.000,2,"",N,10.870,2,"",M,26.274,2,"",M,11.340,2,"",M,1007.740,2,"",M,333.096,2,"",M,NaN,,,0,NaN,,,M,320.506,2,"",319.300,2,"",NaN,,,NaN,,
2024-10-22T12:03:58.000Z,6.544,2,"",M,61.124,2,"",M,6.000,2,"",N,10.968,2,"",M,26.776,2,"",M,11.310,2,"",M,1007.770,2,"",M,333.428,2,"",M,NaN,,,0,NaN,,,M,322.589,2,"",321.374,2,"",NaN,,,NaN,,
2024-10-22T12:05:50.000Z,6.544,2,"",M,61.124,2,"",M,6.000,2,"",N,10.909,2,"",M,26.618,2,"",M,11.380,2,"",M,1007.670,2,"",M,333.250,2,"",M,NaN,,,0,NaN,,,M,320.597,2,"",319.391,2,"",NaN,,,NaN,,
2024-10-22T12:07:42.000Z,6.544,2,"",M,61.124,2,"",M,6.000,2,"",N,10.990,2,"",M,26.256,2,"",M,11.340,2,"",M,1007.840,2,"",M,335.602,2,"",M,NaN,,,0,NaN,,,M,324.596,2,"",323.374,2,"",NaN,,,NaN,,
2024-10-22T12:09:34.000Z,6.544,2,"",M,61.124,2,"",M,6.000,2,"",N,10.857,2,"",M,26.306,2,"",M,11.380,2,"",M,1007.840,2,"",M,335.054,2,"",M,NaN,,,0,NaN,,,M,321.685,2,"",320.474,2,"",NaN,,,NaN,,
2024-10-22T12:11:48.000Z,6.544,2,"",M,61.124,2,"",M,6.000,2,"",N,10.995,2,"",M,26.319,2,"",M,11.270,2,"",M,1008.020,2,"",M,334.326,2,"",M,NaN,,,0,NaN,,,M,324.468,2,"",323.245,2,"",NaN,,,NaN,,
2024-10-22T12:13:40.000Z,6.544,2,"",M,61.124,2,"",M,6.000,2,"",N,10.976,2,"",M,26.162,2,"",M,11.370,2,"",M,1007.940,2,"",M,331.667,2,"",M,NaN,,,0,NaN,,,M,320.216,2,"",319.011,2,"",NaN,,,NaN,,
2024-10-22T12:15:32.000Z,6.544,2,"",M,61.124,2,"",M,6.000,2,"",N,10.892,2,"",M,26.117,2,"",M,11.370,2,"",M,1008.100,2,"",M,331.769,2,"",M,NaN,,,0,NaN,,,M,319.218,2,"",318.016,2,"",NaN,,,NaN,,
2024-10-22T12:17:24.000Z,6.544,2,"",M,61.124,2,"",M,6.000,2,"",N,10.861,2,"",M,26.915,2,"",M,11.320,2,"",M,1008.000,2,"",M,333.441,2,"",M,NaN,,,0,NaN,,,M,321.078,2,"",319.868,2,"",NaN,,,NaN,,
2024-10-22T12:19:17.000Z,6.544,2,"",M,61.124,2,"",M,6.000,2,"",N,11.000,2,"",M,26.451,2,"",M,11.340,2,"",M,1008.090,2,"",M,335.393,2,"",M,NaN,,,0,NaN,,,M,324.601,2,"",323.379,2,"",NaN,,,NaN,,
2024-10-22T12:21:09.000Z,6.544,2,"",M,61.124,2,"",M,6.000,2,"",N,11.040,2,"",M,27.070,2,"",M,11.390,2,"",M,1007.980,2,"",M,335.015,2,"",M,NaN,,,0,NaN,,,M,324.061,2,"",322.841,2,"",NaN,,,NaN,,
2024-10-22T12:23:01.000Z,6.544,2,"",M,61.124,2,"",M,6.000,2,"",N,11.007,2,"",M,26.733,2,"",M,11.460,2,"",M,1007.950,2,"",M,337.107,2,"",M,NaN,,,0,NaN,,,M,324.626,2,"",323.406,2,"",NaN,,,NaN,,
2024-10-22T12:24:53.000Z,6.544,2,"",M,61.124,2,"",M,6.000,2,"",N,10.993,2,"",M,26.435,2,"",M,11.420,2,"",M,1007.990,2,"",M,340.691,2,"",M,NaN,,,0,NaN,,,M,328.468,2,"",327.232,2,"",NaN,,,NaN,,
2024-10-22T12:26:46.000Z,6.544,2,"",M,61.124,2,"",M,6.000,2,"",N,10.987,2,"",M,26.757,2,"",M,11.380,2,"",M,1007.990,2,"",M,338.432,2,"",M,NaN,,,0,NaN,,,M,326.770,2,"",325.541,2,"",NaN,,,NaN,,
2024-10-22T12:28:38.000Z,6.544,2,"",M,61.124,2,"",M,6.000,2,"",N,10.872,2,"",M,26.698,2,"",M,11.400,2,"",M,1007.940,2,"",M,338.023,2,"",M,NaN,,,0,NaN,,,M,324.498,2,"",323.277,2,"",NaN,,,NaN,,
2024-10-22T12:30:30.000Z,6.544,2,"",M,61.124,2,"",M,6.000,2,"",N,10.879,2,"",M,26.323,2,"",M,11.310,2,"",M,1007.940,2,"",M,339.295,2,"",M,NaN,,,0,NaN,,,M,327.075,2,"",325.843,2,"",NaN,,,NaN,,
2024-10-22T12:32:22.000Z,6.544,2,"",M,61.124,2,"",M,6.000,2,"",N,10.978,2,"",M,26.546,2,"",M,11.300,2,"",M,1007.930,2,"",M,336.186,2,"",M,NaN,,,0,NaN,,,M,325.586,2,"",324.360,2,"",NaN,,,NaN,,
2024-10-22T12:34:14.000Z,6.544,2,"",M,61.124,2,"",M,6.000,2,"",N,11.040,2,"",M,27.107,2,"",M,11.390,2,"",M,1007.970,2,"",M,334.247,2,"",M,NaN,,,0,NaN,,,M,323.308,2,"",322.091,2,"",NaN,,,NaN,,
2024-10-22T12:36:06.000Z,6.544,2,"",M,61.124,2,"",M,6.000,2,"",N,11.045,2,"",M,27.162,2,"",M,11.450,2,"",M,1008.030,2,"",M,337.810,2,"",M,NaN,,,0,NaN,,,M,325.996,2,"",324.770,2,"",NaN,,,NaN,,
2024-10-22T12:37:58.000Z,6.544,2,"",M,61.124,2,"",M,6.000,2,"",N,10.986,2,"",M,27.140,2,"",M,11.460,2,"",M,1008.310,2,"",M,342.154,2,"",M,NaN,,,0,NaN,,,M,329.312,2,"",328.073,2,"",NaN,,,NaN,,
2024-10-22T12:39:51.000Z,6.544,2,"",M,61.124,2,"",M,6.000,2,"",N,10.909,2,"",M,26.517,2,"",M,11.420,2,"",M,1008.410,2,"",M,343.566,2,"",M,NaN,,,0,NaN,,,M,330.200,2,"",328.957,2,"",NaN,,,NaN,,
2024-10-22T12:41:43.000Z,6.544,2,"",M,61.124,2,"",M,6.000,2,"",N,11.002,2,"",M,27.089,2,"",M,11.330,2,"",M,1008.450,2,"",M,340.897,2,"",M,NaN,,,0,NaN,,,M,330.223,2,"",328.979,2,"",NaN,,,NaN,,
2024-10-22T12:43:35.000Z,6.544,2,"",M,61.124,2,"",M,6.000,2,"",N,10.892,2,"",M,26.487,2,"",M,11.420,2,"",M,1008.410,2,"",M,338.548,2,"",M,NaN,,,0,NaN,,,M,325.146,2,"",323.922,2,"",NaN,,,NaN,,
2024-10-22T12:45:27.000Z,6.544,2,"",M,61.124,2,"",M,6.000,2,"",N,10.895,2,"",M,26.502,2,"",M,11.320,2,"",M,1008.470,2,"",M,339.180,2,"",M,NaN,,,0,NaN,,,M,327.218,2,"",325.985,2,"",NaN,,,NaN,,
2024-10-22T12:47:19.000Z,6.544,2,"",M,61.124,2,"",M,6.000,2,"",N,10.886,2,"",M,26.447,2,"",M,11.320,2,"",M,1008.540,2,"",M,336.270,2,"",M,NaN,,,0,NaN,,,M,324.316,2,"",323.094,2,"",NaN,,,NaN,,
2024-10-22T12:49:12.000Z,6.544,2,"",M,61.124,2,"",M,6.000,2,"",N,10.890,2,"",M,26.471,2,"",M,11.310,2,"",M,1008.460,2,"",M,335.062,2,"",M,NaN,,,0,NaN,,,M,323.315,2,"",322.097,2,"",NaN,,,NaN,,
2024-10-22T12:51:03.000Z,6.544,2,"",M,61.124,2,"",M,6.000,2,"",N,10.916,2,"",M,26.534,2,"",M,11.310,2,"",M,1008.380,2,"",M,334.173,2,"",M,NaN,,,0,NaN,,,M,322.789,2,"",321.573,2,"",NaN,,,NaN,,
2024-10-22T12:52:56.000Z,6.544,2,"",M,61.124,2,"",M,6.000,2,"",N,10.931,2,"",M,26.674,2,"",M,11.330,2,"",M,1008.335,2,"",M,334.445,2,"",M,NaN,,,0,NaN,,,M,322.968,2,"",321.751,2,"",NaN,,,NaN,,
2024-10-22T12:54:48.000Z,6.544,2,"",M,61.124,2,"",M,6.000,2,"",N,11.035,2,"",M,27.215,2,"",M,11.350,2,"",M,1008.280,2,"",M,335.257,2,"",M,NaN,,,0,NaN,,,M,324.883,2,"",323.659,2,"",NaN,,,NaN,,
2024-10-22T12:56:40.000Z,6.544,2,"",M,61.124,2,"",M,6.000,2,"",N,11.040,2,"",M,27.228,2,"",M,11.440,2,"",M,1008.230,2,"",M,338.280,2,"",M,NaN,,,0,NaN,,,M,326.594,2,"",325.366,2,"",NaN,,,NaN,,
2024-10-22T12:58:32.000Z,6.544,2,"",M,61.124,2,"",M,6.000,2,"",N,11.041,2,"",M,27.223,2,"",M,11.460,2,"",M,1008.310,2,"",M,342.794,2,"",M,NaN,,,0,NaN,,,M,330.709,2,"",329.465,2,"",NaN,,,NaN,,
2024-10-22T13:00:24.000Z,6.544,2,"",M,61.124,2,"",M,6.000,2,"",N,11.046,2,"",M,27.229,2,"",M,11.460,2,"",M,1008.290,2,"",M,344.737,2,"",M,NaN,,,0,NaN,,,M,332.639,2,"",331.388,2,"",NaN,,,NaN,,
2024-10-22T13:02:17.000Z,6.544,2,"",M,61.124,2,"",M,6.000,2,"",N,11.044,2,"",M,27.251,2,"",M,11.470,2,"",M,1008.250,2,"",M,345.319,2,"",M,NaN,,,0,NaN,,,M,333.016,2,"",331.763,2,"",NaN,,,NaN,,
2024-10-22T13:04:09.000Z,6.544,2,"",M,61.124,2,"",M,6.000,2,"",N,11.042,2,"",M,27.257,2,"",M,11.460,2,"",M,1008.220,2,"",M,345.841,2,"",M,NaN,,,0,NaN,,,M,333.627,2,"",332.373,2,"",NaN,,,NaN,,
2024-10-22T13:06:01.000Z,6.544,2,"",M,61.124,2,"",M,6.000,2,"",N,11.051,2,"",M,27.263,2,"",M,11.460,2,"",M,1008.520,2,"",M,346.043,2,"",M,NaN,,,0,NaN,,,M,334.048,2,"",332.792,2,"",NaN,,,NaN,,
2024-10-22T13:07:53.000Z,6.544,2,"",M,61.124,2,"",M,6.000,2,"",N,11.049,2,"",M,27.268,2,"",M,11.460,2,"",M,1008.680,2,"",M,345.984,2,"",M,NaN,,,0,NaN,,,M,334.017,2,"",332.760,2,"",NaN,,,NaN,,
2024-10-22T13:09:45.000Z,6.544,2,"",M,61.124,2,"",M,6.000,2,"",N,11.049,2,"",M,27.275,2,"",M,11.460,2,"",M,1008.740,2,"",M,346.236,2,"",M,NaN,,,0,NaN,,,M,334.279,2,"",333.021,2,"",NaN,,,NaN,,
2024-10-22T13:11:59.000Z,6.544,2,"",M,61.124,2,"",M,6.000,2,"",N,11.039,2,"",M,27.274,2,"",M,11.460,2,"",M,1008.610,2,"",M,346.128,2,"",M,NaN,,,0,NaN,,,M,333.991,2,"",332.734,2,"",NaN,,,NaN,,
2024-10-22T13:13:51.000Z,6.544,2,"",M,61.124,2,"",M,6.000,2,"",N,11.034,2,"",M,27.270,2,"",M,11.470,2,"",M,1008.650,2,"",M,346.250,2,"",M,NaN,,,0,NaN,,,M,333.905,2,"",332.649,2,"",NaN,,,NaN,,
2024-10-22T13:15:43.000Z,6.544,2,"",M,61.124,2,"",M,6.000,2,"",N,11.054,2,"",M,27.282,2,"",M,11.460,2,"",M,1008.840,2,"",M,346.422,2,"",M,NaN,,,0,NaN,,,M,334.571,2,"",333.312,2,"",NaN,,,NaN,,
2024-10-22T13:17:36.000Z,6.544,2,"",M,61.124,2,"",M,6.000,2,"",N,10.998,2,"",M,27.240,2,"",M,11.470,2,"",M,1008.930,2,"",M,346.174,2,"",M,NaN,,,0,NaN,,,M,333.416,2,"",332.161,2,"",NaN,,,NaN,,
2024-10-22T13:19:28.000Z,6.544,2,"",M,61.124,2,"",M,6.000,2,"",N,10.981,2,"",M,27.176,2,"",M,11.410,2,"",M,1008.860,2,"",M,346.256,2,"",M,NaN,,,0,NaN,,,M,334.102,2,"",332.844,2,"",NaN,,,NaN,,
2024-10-22T13:21:20.000Z,6.544,2,"",M,61.124,2,"",M,6.000,2,"",N,10.997,2,"",M,27.212,2,"",M,11.410,2,"",M,1008.690,2,"",M,345.837,2,"",M,NaN,,,0,NaN,,,M,333.868,2,"",332.611,2,"",NaN,,,NaN,,
2024-10-22T13:23:12.000Z,6.544,2,"",M,61.124,2,"",M,6.000,2,"",N,10.994,2,"",M,27.201,2,"",M,11.410,2,"",M,1008.770,2,"",M,344.799,2,"",M,NaN,,,0,NaN,,,M,332.854,2,"",331.601,2,"",NaN,,,NaN,,
2024-10-22T13:25:04.000Z,6.544,2,"",M,61.124,2,"",M,6.000,2,"",N,10.979,2,"",M,27.185,2,"",M,11.410,2,"",M,1008.720,2,"",M,345.051,2,"",M,NaN,,,0,NaN,,,M,332.860,2,"",331.607,2,"",NaN,,,NaN,,
2024-10-22T13:26:57.000Z,6.544,2,"",M,61.124,2,"",M,6.000,2,"",N,10.992,2,"",M,27.154,2,"",M,11.400,2,"",M,1008.720,2,"",M,344.832,2,"",M,NaN,,,0,NaN,,,M,332.983,2,"",331.729,2,"",NaN,,,NaN,,
2024-10-22T13:28:50.000Z,6.544,2,"",M,61.124,2,"",M,6.000,2,"",N,10.984,2,"",M,27.161,2,"",M,11.400,2,"",M,1008.700,2,"",M,344.534,2,"",M,NaN,,,0,NaN,,,M,332.566,2,"",331.314,2,"",NaN,,,NaN,,
2024-10-22T13:30:41.000Z,6.544,2,"",M,61.124,2,"",M,6.000,2,"",N,10.955,2,"",M,27.101,2,"",M,11.410,2,"",M,1008.840,2,"",M,344.186,2,"",M,NaN,,,0,NaN,,,M,331.728,2,"",330.479,2,"",NaN,,,NaN,,
2024-10-22T13:32:33.000Z,6.544,2,"",M,61.124,2,"",M,6.000,2,"",N,10.973,2,"",M,27.095,2,"",M,11.390,2,"",M,1008.795,2,"",M,344.068,2,"",M,NaN,,,0,NaN,,,M,332.138,2,"",330.887,2,"",NaN,,,NaN,,
2024-10-22T13:34:26.000Z,6.544,2,"",M,61.124,2,"",M,6.000,2,"",N,10.976,2,"",M,27.098,2,"",M,11.390,2,"",M,1008.770,2,"",M,343.489,2,"",M,NaN,,,0,NaN,,,M,331.618,2,"",330.369,2,"",NaN,,,NaN,,
2024-10-22T13:36:18.000Z,6.544,2,"",M,61.124,2,"",M,6.000,2,"",N,11.000,2,"",M,27.152,2,"",M,11.400,2,"",M,1008.730,2,"",M,343.131,2,"",M,NaN,,,0,NaN,,,M,331.451,2,"",330.203,2,"",NaN,,,NaN,,
2024-10-22T13:38:10.000Z,6.544,2,"",M,61.124,2,"",M,6.000,2,"",N,11.024,2,"",M,27.224,2,"",M,11.410,2,"",M,1008.590,2,"",M,343.763,2,"",M,NaN,,,0,NaN,,,M,332.205,2,"",330.954,2,"",NaN,,,NaN,,
2024-10-22T13:40:02.000Z,6.544,2,"",M,61.124,2,"",M,6.000,2,"",N,11.071,2,"",M,27.266,2,"",M,11.450,2,"",M,1008.530,2,"",M,344.125,2,"",M,NaN,,,0,NaN,,,M,332.623,2,"",331.371,2,"",NaN,,,NaN,,
2024-10-22T13:41:55.000Z,6.544,2,"",M,61.124,2,"",M,6.000,2,"",N,11.045,2,"",M,27.249,2,"",M,11.470,2,"",M,1008.490,2,"",M,345.227,2,"",M,NaN,,,0,NaN,,,M,333.021,2,"",331.768,2,"",NaN,,,NaN,,
2024-10-22T13:43:47.000Z,6.544,2,"",M,61.124,2,"",M,6.000,2,"",N,11.044,2,"",M,27.238,2,"",M,11.460,2,"",M,1008.450,2,"",M,346.250,2,"",M,NaN,,,0,NaN,,,M,334.127,2,"",332.870,2,"",NaN,,,NaN,,
2024-10-22T13:45:39.000Z,6.545,2,"",M,61.125,2,"",M,6.000,2,"",N,11.072,2,"",M,27.206,2,"",M,11.470,2,"",M,1008.540,2,"",M,346.241,2,"",M,NaN,,,0,NaN,,,M,334.402,2,"",333.144,2,"",NaN,,,NaN,,
2024-10-22T13:47:31.000Z,6.545,2,"",M,61.125,2,"",M,6.000,2,"",N,11.068,2,"",M,27.249,2,"",M,11.480,2,"",M,1008.570,2,"",M,345.823,2,"",M,NaN,,,0,NaN,,,M,333.807,2,"",332.551,2,"",NaN,,,NaN,,
2024-10-22T13:49:24.000Z,6.545,2,"",M,61.125,2,"",M,6.000,2,"",N,11.064,2,"",M,27.273,2,"",M,11.490,2,"",M,1008.560,2,"",M,346.125,2,"",M,NaN,,,0,NaN,,,M,333.893,2,"",332.637,2,"",NaN,,,NaN,,
2024-10-22T13:51:16.000Z,6.546,2,"",M,61.126,2,"",M,6.000,2,"",N,11.059,2,"",M,27.283,2,"",M,11.480,2,"",M,1008.580,2,"",M,346.597,2,"",M,NaN,,,0,NaN,,,M,334.435,2,"",333.177,2,"",NaN,,,NaN,,
2024-10-22T13:53:08.000Z,6.546,2,"",M,61.126,2,"",M,6.000,2,"",N,11.085,2,"",M,27.262,2,"",M,11.480,2,"",M,1008.955,2,"",M,346.829,2,"",M,NaN,,,0,NaN,,,M,335.141,2,"",333.880,2,"",NaN,,,NaN,,
2024-10-22T13:55:00.000Z,6.546,2,"",M,61.126,2,"",M,6.000,2,"",N,11.009,2,"",M,27.286,2,"",M,11.490,2,"",M,1008.990,2,"",M,346.671,2,"",M,NaN,,,0,NaN,,,M,333.784,2,"",332.528,2,"",NaN,,,NaN,,
2024-10-22T13:56:52.000Z,6.546,2,"",M,61.126,2,"",M,6.000,2,"",N,11.073,2,"",M,27.320,2,"",M,11.440,2,"",M,1008.870,2,"",M,346.863,2,"",M,NaN,,,0,NaN,,,M,335.566,2,"",334.303,2,"",NaN,,,NaN,,
2024-10-22T13:58:45.000Z,6.547,2,"",M,61.126,2,"",M,6.000,2,"",N,10.988,2,"",M,27.338,2,"",M,11.490,2,"",M,1008.940,2,"",M,346.184,2,"",M,NaN,,,0,NaN,,,M,333.010,2,"",331.757,2,"",NaN,,,NaN,,
2024-10-22T14:00:37.000Z,6.547,2,"",M,61.126,2,"",M,6.000,2,"",N,11.019,2,"",M,27.220,2,"",M,11.460,2,"",M,1009.030,2,"",M,346.566,2,"",M,NaN,,,0,NaN,,,M,334.279,2,"",333.021,2,"",NaN,,,NaN,,
2024-10-22T14:02:29.000Z,6.547,2,"",M,61.126,2,"",M,6.000,2,"",N,11.040,2,"",M,27.104,2,"",M,11.450,2,"",M,1008.910,2,"",M,346.058,2,"",M,NaN,,,0,NaN,,,M,334.179,2,"",332.921,2,"",NaN,,,NaN,,
2024-10-22T14:04:21.000Z,6.546,2,"",M,61.126,2,"",M,6.000,2,"",N,10.984,2,"",M,27.082,2,"",M,11.440,2,"",M,1008.880,2,"",M,345.139,2,"",M,NaN,,,0,NaN,,,M,332.636,2,"",331.384,2,"",NaN,,,NaN,,
2024-10-22T14:06:14.000Z,6.547,2,"",M,61.126,2,"",M,6.000,2,"",N,10.974,2,"",M,27.330,2,"",M,11.410,2,"",M,1008.870,2,"",M,344.691,2,"",M,NaN,,,0,NaN,,,M,332.496,2,"",331.244,2,"",NaN,,,NaN,,
2024-10-22T14:08:06.000Z,6.546,2,"",M,61.125,2,"",M,6.000,2,"",N,10.948,2,"",M,27.031,2,"",M,11.450,2,"",M,1008.720,2,"",M,345.163,2,"",M,NaN,,,0,NaN,,,M,331.966,2,"",330.717,2,"",NaN,,,NaN,,
2024-10-22T14:09:58.000Z,6.543,2,"",M,61.123,2,"",M,6.000,2,"",N,11.003,2,"",M,27.093,2,"",M,11.360,2,"",M,1008.780,2,"",M,345.175,2,"",M,NaN,,,0,NaN,,,M,334.062,2,"",332.804,2,"",NaN,,,NaN,,
2024-10-22T14:12:11.000Z,6.537,2,"",M,61.121,2,"",M,6.000,2,"",N,11.038,2,"",M,27.337,2,"",M,11.430,2,"",M,1008.750,2,"",M,343.666,2,"",M,NaN,,,0,NaN,,,M,332.084,2,"",330.834,2,"",NaN,,,NaN,,
2024-10-22T14:14:04.000Z,6.532,2,"",M,61.119,2,"",M,6.000,2,"",N,10.989,2,"",M,27.199,2,"",M,11.470,2,"",M,1008.745,2,"",M,345.329,2,"",M,NaN,,,0,NaN,,,M,332.422,2,"",331.172,2,"",NaN,,,NaN,,
2024-10-22T14:15:56.000Z,6.526,2,"",M,61.117,2,"",M,6.000,2,"",N,10.953,2,"",M,27.191,2,"",M,11.420,2,"",M,1008.720,2,"",M,346.341,2,"",M,NaN,,,0,NaN,,,M,333.591,2,"",332.336,2,"",NaN,,,NaN,,
2024-10-22T14:17:48.000Z,6.520,2,"",M,61.115,2,"",M,6.000,2,"",N,10.966,2,"",M,27.202,2,"",M,11.390,2,"",M,1008.970,2,"",M,345.753,2,"",M,NaN,,,0,NaN,,,M,333.731,2,"",332.474,2,"",NaN,,,NaN,,
2024-10-22T14:19:41.000Z,6.513,2,"",M,61.112,2,"",M,6.000,2,"",N,11.035,2,"",M,27.222,2,"",M,11.380,2,"",M,1008.940,2,"",M,345.334,2,"",M,NaN,,,0,NaN,,,M,334.437,2,"",333.177,2,"",NaN,,,NaN,,
2024-10-22T14:21:33.000Z,6.507,2,"",M,61.110,2,"",M,6.000,2,"",N,10.933,2,"",M,27.078,2,"",M,11.440,2,"",M,1009.220,2,"",M,344.736,2,"",M,NaN,,,0,NaN,,,M,331.655,2,"",330.406,2,"",NaN,,,NaN,,
2024-10-22T14:23:25.000Z,6.500,2,"",M,61.109,2,"",M,6.000,2,"",N,10.906,2,"",M,26.947,2,"",M,11.370,2,"",M,1009.300,2,"",M,343.957,2,"",M,NaN,,,0,NaN,,,M,331.542,2,"",330.293,2,"",NaN,,,NaN,,
2024-10-22T14:25:17.000Z,6.492,2,"",M,61.107,2,"",M,6.000,2,"",N,10.919,2,"",M,26.818,2,"",M,11.330,2,"",M,1009.330,2,"",M,341.737,2,"",M,NaN,,,0,NaN,,,M,330.167,2,"",328.922,2,"",NaN,,,NaN,,
2024-10-22T14:27:09.000Z,6.484,2,"",M,61.106,2,"",M,6.000,2,"",N,10.938,2,"",M,26.797,2,"",M,11.290,2,"",M,1009.420,2,"",M,339.958,2,"",M,NaN,,,0,NaN,,,M,329.310,2,"",328.067,2,"",NaN,,,NaN,,
2024-10-22T14:29:01.000Z,6.476,2,"",M,61.105,2,"",M,6.000,2,"",N,11.000,2,"",M,26.889,2,"",M,11.340,2,"",M,1009.250,2,"",M,338.649,2,"",M,NaN,,,0,NaN,,,M,328.144,2,"",326.906,2,"",NaN,,,NaN,,
2024-10-22T14:30:54.000Z,6.469,2,"",M,61.104,2,"",M,6.000,2,"",N,11.018,2,"",M,27.029,2,"",M,11.400,2,"",M,1009.400,2,"",M,338.651,2,"",M,NaN,,,0,NaN,,,M,327.587,2,"",326.353,2,"",NaN,,,NaN,,
2024-10-22T14:32:46.000Z,6.465,2,"",M,61.103,2,"",M,6.000,2,"",N,11.005,2,"",M,27.043,2,"",M,11.430,2,"",M,1009.350,2,"",M,340.194,2,"",M,NaN,,,0,NaN,,,M,328.465,2,"",327.228,2,"",NaN,,,NaN,,
2024-10-22T14:34:38.000Z,6.462,2,"",M,61.102,2,"",M,6.000,2,"",N,11.019,2,"",M,26.974,2,"",M,11.430,2,"",M,1009.280,2,"",M,341.496,2,"",M,NaN,,,0,NaN,,,M,329.893,2,"",328.651,2,"",NaN,,,NaN,,
2024-10-22T14:36:30.000Z,6.460,2,"",M,61.102,2,"",M,6.000,2,"",N,11.027,2,"",M,27.019,2,"",M,11.430,2,"",M,1009.270,2,"",M,341.808,2,"",M,NaN,,,0,NaN,,,M,330.305,2,"",329.061,2,"",NaN,,,NaN,,
2024-10-22T14:38:23.000Z,6.460,2,"",M,61.102,2,"",M,6.000,2,"",N,11.099,2,"",M,27.161,2,"",M,11.440,2,"",M,1009.250,2,"",M,341.800,2,"",M,NaN,,,0,NaN,,,M,331.151,2,"",329.904,2,"",NaN,,,NaN,,
2024-10-22T14:42:52.000Z,6.460,2,"",M,61.102,2,"",M,6.000,2,"",N,NaN,,,M,NaN,,,M,NaN,,,M,NaN,,,M,NaN,,,0,NaN,,,0,NaN,,,M,NaN,,,NaN,,,NaN,,,NaN,,
2024-10-22T14:44:42.000Z,6.460,2,"",M,61.102,2,"",M,6.000,2,"",N,NaN,,,M,NaN,,,M,NaN,,,M,NaN,,,M,NaN,,,0,NaN,,,0,NaN,,,M,NaN,,,NaN,,,NaN,,,NaN,,
2024-10-22T14:46:32.000Z,6.460,2,"",M,61.102,2,"",M,6.000,2,"",N,NaN,,,M,NaN,,,M,NaN,,,M,NaN,,,M,NaN,,,0,NaN,,,0,NaN,,,M,NaN,,,NaN,,,NaN,,,NaN,,
2024-10-22T14:51:02.000Z,6.460,2,"",M,61.102,2,"",M,6.000,2,"",N,NaN,,,M,NaN,,,M,NaN,,,M,NaN,,,M,NaN,,,0,NaN,,,0,NaN,,,M,NaN,,,NaN,,,NaN,,,NaN,,
2024-10-22T14:52:52.000Z,6.460,2,"",M,61.102,2,"",M,6.000,2,"",N,NaN,,,M,NaN,,,M,NaN,,,M,NaN,,,M,NaN,,,0,NaN,,,0,NaN,,,M,NaN,,,NaN,,,NaN,,,NaN,,
2024-10-22T14:54:41.000Z,6.460,2,"",M,61.102,2,"",M,6.000,2,"",N,NaN,,,M,NaN,,,M,NaN,,,M,NaN,,,M,NaN,,,0,NaN,,,0,NaN,,,M,NaN,,,NaN,,,NaN,,,NaN,,
2024-10-22T14:59:11.000Z,6.460,2,"",M,61.102,2,"",M,6.000,2,"",N,NaN,,,M,NaN,,,M,NaN,,,M,NaN,,,M,NaN,,,0,NaN,,,0,NaN,,,M,NaN,,,NaN,,,NaN,,,NaN,,
2024-10-22T15:01:00.000Z,6.460,2,"",M,61.102,2,"",M,6.000,2,"",N,NaN,,,M,NaN,,,M,NaN,,,M,NaN,,,M,NaN,,,0,NaN,,,0,NaN,,,M,NaN,,,NaN,,,NaN,,,NaN,,
2024-10-22T15:02:50.000Z,6.460,2,"",M,61.102,2,"",M,6.000,2,"",N,NaN,,,M,NaN,,,M,NaN,,,M,NaN,,,M,NaN,,,0,NaN,,,0,NaN,,,M,NaN,,,NaN,,,NaN,,,NaN,,
2024-10-22T15:07:20.000Z,6.460,2,"",M,61.102,2,"",M,6.000,2,"",N,10.909,2,"",M,26.572,2,"",M,NaN,,,M,NaN,,,M,NaN,,,0,423.601,2,"",M,1008.500,2,"",M,NaN,,,NaN,,,417.258,2,"",415.674,2,""
2024-10-22T15:09:10.000Z,6.460,2,"",M,61.102,2,"",M,6.000,2,"",N,10.921,2,"",M,26.528,2,"",M,NaN,,,M,NaN,,,M,NaN,,,0,423.571,2,"",M,1008.450,2,"",I,NaN,,,NaN,,,417.203,2,"",415.619,2,""
2024-10-22T15:10:59.000Z,6.460,2,"",M,61.102,2,"",M,6.000,2,"",N,10.885,2,"",M,26.566,2,"",M,NaN,,,M,NaN,,,M,NaN,,,0,423.280,2,"",M,1008.400,2,"",M,NaN,,,NaN,,,416.909,2,"",415.325,2,""
2024-10-22T15:13:10.000Z,6.460,2,"",M,61.102,2,"",M,6.000,2,"",N,10.887,2,"",M,26.485,2,"",M,NaN,,,M,NaN,,,M,NaN,,,0,423.199,2,"",M,1008.500,2,"",M,NaN,,,NaN,,,416.870,2,"",415.286,2,""
2024-10-22T15:15:00.000Z,6.460,2,"",M,61.102,2,"",M,6.000,2,"",N,10.874,2,"",M,26.453,2,"",M,NaN,,,M,NaN,,,M,NaN,,,0,424.079,2,"",M,1008.500,2,"",M,NaN,,,NaN,,,417.741,2,"",416.154,2,""
2024-10-22T15:20:10.000Z,6.460,2,"",M,61.102,2,"",M,6.000,2,"",N,10.912,2,"",M,26.564,2,"",M,11.310,2,"",M,1009.090,2,"",M,334.086,2,"",M,NaN,,,0,NaN,,,M,322.883,2,"",321.665,2,"",NaN,,,NaN,,
2024-10-22T15:22:03.000Z,6.460,2,"",M,61.102,2,"",M,6.000,2,"",N,10.971,2,"",M,26.591,2,"",M,11.330,2,"",M,1009.040,2,"",M,334.105,2,"",M,NaN,,,0,NaN,,,M,323.417,2,"",322.198,2,"",NaN,,,NaN,,
2024-10-22T15:23:55.000Z,6.459,2,"",M,61.102,2,"",M,6.000,2,"",N,11.081,2,"",M,27.083,2,"",M,11.350,2,"",M,1009.200,2,"",M,334.344,2,"",M,NaN,,,0,NaN,,,M,324.923,2,"",323.698,2,"",NaN,,,NaN,,
2024-10-22T15:25:47.000Z,6.459,2,"",M,61.103,2,"",M,6.000,2,"",N,11.089,2,"",M,27.322,2,"",M,11.480,2,"",M,1009.240,2,"",M,335.954,2,"",M,NaN,,,0,NaN,,,M,324.785,2,"",323.563,2,"",NaN,,,NaN,,
2024-10-22T15:27:39.000Z,6.460,2,"",M,61.104,2,"",M,6.000,2,"",N,11.140,2,"",M,27.662,2,"",M,11.500,2,"",M,1009.200,2,"",M,340.897,2,"",M,NaN,,,0,NaN,,,M,329.978,2,"",328.737,2,"",NaN,,,NaN,,
2024-10-22T15:29:32.000Z,6.460,2,"",M,61.104,2,"",M,6.000,2,"",N,11.273,2,"",M,27.854,2,"",M,11.550,2,"",M,1009.200,2,"",M,346.129,2,"",M,NaN,,,0,NaN,,,M,336.211,2,"",334.947,2,"",NaN,,,NaN,,
2024-10-22T15:31:24.000Z,6.461,2,"",M,61.104,2,"",M,6.000,2,"",N,11.052,2,"",M,27.134,2,"",M,11.660,2,"",M,1009.270,2,"",M,350.361,2,"",M,NaN,,,0,NaN,,,M,335.581,2,"",334.320,2,"",NaN,,,NaN,,
2024-10-22T15:33:16.000Z,6.462,2,"",M,61.104,2,"",M,6.000,2,"",N,11.057,2,"",M,27.053,2,"",M,11.480,2,"",M,1009.350,2,"",M,350.731,2,"",M,NaN,,,0,NaN,,,M,338.648,2,"",337.373,2,"",NaN,,,NaN,,
2024-10-22T15:35:08.000Z,6.463,2,"",M,61.104,2,"",M,6.000,2,"",N,11.147,2,"",M,27.364,2,"",M,11.480,2,"",M,1009.410,2,"",M,345.326,2,"",M,NaN,,,0,NaN,,,M,334.731,2,"",333.471,2,"",NaN,,,NaN,,
2024-10-22T15:37:01.000Z,6.464,2,"",M,61.104,2,"",M,6.000,2,"",N,11.237,2,"",M,27.798,2,"",M,11.550,2,"",M,1009.430,2,"",M,344.354,2,"",M,NaN,,,0,NaN,,,M,334.055,2,"",332.799,2,"",NaN,,,NaN,,
2024-10-22T15:38:53.000Z,6.468,2,"",M,61.105,2,"",M,6.000,2,"",N,11.230,2,"",M,27.897,2,"",M,11.640,2,"",M,1009.410,2,"",M,348.126,2,"",M,NaN,,,0,NaN,,,M,336.295,2,"",335.031,2,"",NaN,,,NaN,,
2024-10-22T15:40:45.000Z,6.471,2,"",M,61.104,2,"",M,6.000,2,"",N,11.086,2,"",M,27.337,2,"",M,11.640,2,"",M,1009.390,2,"",M,351.358,2,"",M,NaN,,,0,NaN,,,M,337.343,2,"",336.076,2,"",NaN,,,NaN,,
2024-10-22T15:42:37.000Z,6.470,2,"",M,61.103,2,"",M,6.000,2,"",N,11.038,2,"",M,26.956,2,"",M,11.520,2,"",M,1009.310,2,"",M,351.247,2,"",M,NaN,,,0,NaN,,,M,338.278,2,"",337.006,2,"",NaN,,,NaN,,
2024-10-22T15:44:30.000Z,6.468,2,"",M,61.102,2,"",M,6.000,2,"",N,11.040,2,"",M,27.227,2,"",M,11.440,2,"",M,1009.530,2,"",M,346.662,2,"",M,NaN,,,0,NaN,,,M,335.124,2,"",333.862,2,"",NaN,,,NaN,,
2024-10-22T15:46:22.000Z,6.467,2,"",M,61.102,2,"",M,6.000,2,"",N,11.193,2,"",M,27.667,2,"",M,11.470,2,"",M,1009.640,2,"",M,344.230,2,"",M,NaN,,,0,NaN,,,M,334.533,2,"",333.274,2,"",NaN,,,NaN,,
2024-10-22T15:48:14.000Z,6.468,2,"",M,61.102,2,"",M,6.000,2,"",N,11.249,2,"",M,27.723,2,"",M,11.610,2,"",M,1009.760,2,"",M,346.821,2,"",M,NaN,,,0,NaN,,,M,335.850,2,"",334.588,2,"",NaN,,,NaN,,
2024-10-22T15:50:06.000Z,6.469,2,"",M,61.103,2,"",M,6.000,2,"",N,11.266,2,"",M,27.521,2,"",M,11.640,2,"",M,1009.730,2,"",M,350.873,2,"",M,NaN,,,0,NaN,,,M,339.573,2,"",338.297,2,"",NaN,,,NaN,,
2024-10-22T15:51:58.000Z,6.470,2,"",M,61.103,2,"",M,6.000,2,"",N,11.307,2,"",M,28.191,2,"",M,11.640,2,"",M,1009.660,2,"",M,352.123,2,"",M,NaN,,,0,NaN,,,M,341.355,2,"",340.072,2,"",NaN,,,NaN,,
2024-10-22T15:53:51.000Z,6.471,2,"",M,61.103,2,"",M,6.000,2,"",N,11.212,2,"",M,27.777,2,"",M,11.710,2,"",M,1009.840,2,"",M,355.314,2,"",M,NaN,,,0,NaN,,,M,342.084,2,"",340.800,2,"",NaN,,,NaN,,
2024-10-22T15:55:43.000Z,6.473,2,"",M,61.103,2,"",M,6.000,2,"",N,11.172,2,"",M,27.672,2,"",M,11.640,2,"",M,1009.755,2,"",M,358.255,2,"",M,NaN,,,0,NaN,,,M,345.355,2,"",344.058,2,"",NaN,,,NaN,,
2024-10-22T15:57:35.000Z,6.475,2,"",M,61.103,2,"",M,6.000,2,"",N,11.230,2,"",M,27.669,2,"",M,11.610,2,"",M,1009.740,2,"",M,356.183,2,"",M,NaN,,,0,NaN,,,M,344.640,2,"",343.344,2,"",NaN,,,NaN,,
2024-10-22T15:59:27.000Z,6.475,2,"",M,61.104,2,"",M,6.000,2,"",N,11.142,2,"",M,27.532,2,"",M,11.640,2,"",M,1009.770,2,"",M,355.081,2,"",M,NaN,,,0,NaN,,,M,341.856,2,"",340.571,2,"",NaN,,,NaN,,
2024-10-22T16:01:20.000Z,6.474,2,"",M,61.105,2,"",M,6.000,2,"",N,11.197,2,"",M,27.562,2,"",M,11.570,2,"",M,1009.690,2,"",M,353.850,2,"",M,NaN,,,0,NaN,,,M,342.470,2,"",341.182,2,"",NaN,,,NaN,,
2024-10-22T16:03:12.000Z,6.473,2,"",M,61.106,2,"",M,6.000,2,"",N,11.235,2,"",M,27.807,2,"",M,11.600,2,"",M,1009.770,2,"",M,351.807,2,"",M,NaN,,,0,NaN,,,M,340.633,2,"",339.353,2,"",NaN,,,NaN,,
2024-10-22T16:05:04.000Z,6.473,2,"",M,61.106,2,"",M,6.000,2,"",N,11.260,2,"",M,27.965,2,"",M,11.640,2,"",M,1009.755,2,"",M,353.037,2,"",M,NaN,,,0,NaN,,,M,341.594,2,"",340.310,2,"",NaN,,,NaN,,
2024-10-22T16:06:56.000Z,6.473,2,"",M,61.106,2,"",M,6.000,2,"",N,11.141,2,"",M,27.562,2,"",M,11.670,2,"",M,1009.720,2,"",M,355.508,2,"",M,NaN,,,0,NaN,,,M,341.804,2,"",340.520,2,"",NaN,,,NaN,,
2024-10-22T16:08:49.000Z,6.473,2,"",M,61.106,2,"",M,6.000,2,"",N,11.131,2,"",M,27.570,2,"",M,11.560,2,"",M,1009.720,2,"",M,355.287,2,"",M,NaN,,,0,NaN,,,M,343.071,2,"",341.781,2,"",NaN,,,NaN,,
2024-10-22T16:10:41.000Z,6.473,2,"",M,61.106,2,"",M,6.000,2,"",N,11.109,2,"",M,27.495,2,"",M,11.550,2,"",M,1009.770,2,"",M,353.095,2,"",M,NaN,,,0,NaN,,,M,340.793,2,"",339.511,2,"",NaN,,,NaN,,
2024-10-22T16:12:54.000Z,6.473,2,"",M,61.106,2,"",M,6.000,2,"",N,11.121,2,"",M,27.649,2,"",M,11.530,2,"",M,1010.040,2,"",M,351.212,2,"",M,NaN,,,0,NaN,,,M,339.538,2,"",338.260,2,"",NaN,,,NaN,,
2024-10-22T16:14:46.000Z,6.475,2,"",M,61.107,2,"",M,6.000,2,"",N,11.249,2,"",M,27.614,2,"",M,11.550,2,"",M,1010.120,2,"",M,350.481,2,"",M,NaN,,,0,NaN,,,M,340.409,2,"",339.128,2,"",NaN,,,NaN,,
2024-10-22T16:16:39.000Z,6.482,2,"",M,61.109,2,"",M,6.000,2,"",N,11.175,2,"",M,27.802,2,"",M,11.620,2,"",M,1010.230,2,"",M,350.680,2,"",M,NaN,,,0,NaN,,,M,338.546,2,"",337.273,2,"",NaN,,,NaN,,
2024-10-22T16:18:31.000Z,6.491,2,"",M,61.111,2,"",M,6.000,2,"",N,11.096,2,"",M,27.397,2,"",M,11.600,2,"",M,1010.310,2,"",M,352.821,2,"",M,NaN,,,0,NaN,,,M,339.791,2,"",338.513,2,"",NaN,,,NaN,,
2024-10-22T16:20:23.000Z,6.501,2,"",M,61.113,2,"",M,6.000,2,"",N,11.043,2,"",M,27.210,2,"",M,11.510,2,"",M,1010.330,2,"",M,352.309,2,"",M,NaN,,,0,NaN,,,M,339.868,2,"",338.588,2,"",NaN,,,NaN,,
2024-10-22T16:22:15.000Z,6.511,2,"",M,61.115,2,"",M,6.000,2,"",N,10.996,2,"",M,27.215,2,"",M,11.460,2,"",M,1010.280,2,"",M,347.635,2,"",M,NaN,,,0,NaN,,,M,335.395,2,"",334.131,2,"",NaN,,,NaN,,
2024-10-22T16:24:08.000Z,6.521,2,"",M,61.117,2,"",M,6.000,2,"",N,11.010,2,"",M,27.281,2,"",M,11.430,2,"",M,1010.200,2,"",M,345.342,2,"",M,NaN,,,0,NaN,,,M,333.784,2,"",332.525,2,"",NaN,,,NaN,,
2024-10-22T16:26:00.000Z,6.524,2,"",M,61.116,2,"",M,6.000,2,"",N,11.007,2,"",M,27.167,2,"",M,11.440,2,"",M,1010.260,2,"",M,344.951,2,"",M,NaN,,,0,NaN,,,M,333.239,2,"",331.983,2,"",NaN,,,NaN,,
2024-10-22T16:27:52.000Z,6.522,2,"",M,61.115,2,"",M,6.000,2,"",N,11.003,2,"",M,27.167,2,"",M,11.430,2,"",M,1010.230,2,"",M,344.740,2,"",M,NaN,,,0,NaN,,,M,333.114,2,"",331.858,2,"",NaN,,,NaN,,
2024-10-22T16:29:44.000Z,6.519,2,"",M,61.114,2,"",M,6.000,2,"",N,11.016,2,"",M,27.140,2,"",M,11.410,2,"",M,1010.170,2,"",M,344.329,2,"",M,NaN,,,0,NaN,,,M,333.167,2,"",331.911,2,"",NaN,,,NaN,,
2024-10-22T16:31:36.000Z,6.515,2,"",M,61.112,2,"",M,6.000,2,"",N,11.034,2,"",M,27.205,2,"",M,11.420,2,"",M,1010.270,2,"",M,343.777,2,"",M,NaN,,,0,NaN,,,M,332.784,2,"",331.529,2,"",NaN,,,NaN,,
2024-10-22T16:33:29.000Z,6.511,2,"",M,61.111,2,"",M,6.000,2,"",N,11.025,2,"",M,27.183,2,"",M,11.440,2,"",M,1010.260,2,"",M,343.636,2,"",M,NaN,,,0,NaN,,,M,332.226,2,"",330.973,2,"",NaN,,,NaN,,
2024-10-22T16:35:21.000Z,6.508,2,"",M,61.110,2,"",M,6.000,2,"",N,11.042,2,"",M,27.234,2,"",M,11.440,2,"",M,1010.240,2,"",M,344.046,2,"",M,NaN,,,0,NaN,,,M,332.855,2,"",331.600,2,"",NaN,,,NaN,,
2024-10-22T16:37:13.000Z,6.505,2,"",M,61.109,2,"",M,6.000,2,"",N,11.105,2,"",M,27.405,2,"",M,11.470,2,"",M,1010.280,2,"",M,344.115,2,"",M,NaN,,,0,NaN,,,M,333.391,2,"",332.135,2,"",NaN,,,NaN,,
2024-10-22T16:39:05.000Z,6.502,2,"",M,61.108,2,"",M,6.000,2,"",N,11.106,2,"",M,27.447,2,"",M,11.510,2,"",M,1010.220,2,"",M,345.895,2,"",M,NaN,,,0,NaN,,,M,334.540,2,"",333.280,2,"",NaN,,,NaN,,
2024-10-22T16:40:57.000Z,6.500,2,"",M,61.108,2,"",M,6.000,2,"",N,11.126,2,"",M,27.476,2,"",M,11.520,2,"",M,1010.210,2,"",M,347.856,2,"",M,NaN,,,0,NaN,,,M,336.560,2,"",335.293,2,"",NaN,,,NaN,,
2024-10-22T16:42:50.000Z,6.496,2,"",M,61.107,2,"",M,6.000,2,"",N,11.141,2,"",M,27.506,2,"",M,11.530,2,"",M,1010.370,2,"",M,348.826,2,"",M,NaN,,,0,NaN,,,M,337.620,2,"",336.349,2,"",NaN,,,NaN,,
2024-10-22T16:44:42.000Z,6.493,2,"",M,61.106,2,"",M,6.000,2,"",N,11.181,2,"",M,27.607,2,"",M,11.550,2,"",M,1010.400,2,"",M,349.566,2,"",M,NaN,,,0,NaN,,,M,338.629,2,"",337.354,2,"",NaN,,,NaN,,
2024-10-22T16:46:34.000Z,6.490,2,"",M,61.105,2,"",M,6.000,2,"",N,11.209,2,"",M,27.729,2,"",M,11.580,2,"",M,1010.440,2,"",M,350.365,2,"",M,NaN,,,0,NaN,,,M,339.378,2,"",338.101,2,"",NaN,,,NaN,,
2024-10-22T16:48:26.000Z,6.487,2,"",M,61.104,2,"",M,6.000,2,"",N,11.116,2,"",M,27.682,2,"",M,11.620,2,"",M,1010.580,2,"",M,352.056,2,"",M,NaN,,,0,NaN,,,M,339.144,2,"",337.869,2,"",NaN,,,NaN,,
2024-10-22T16:50:19.000Z,6.483,2,"",M,61.103,2,"",M,6.000,2,"",N,11.006,2,"",M,27.282,2,"",M,11.560,2,"",M,1010.600,2,"",M,353.456,2,"",M,NaN,,,0,NaN,,,M,339.792,2,"",338.513,2,"",NaN,,,NaN,,
2024-10-22T16:52:11.000Z,6.479,2,"",M,61.102,2,"",M,6.000,2,"",N,11.053,2,"",M,27.423,2,"",M,11.440,2,"",M,1010.470,2,"",M,351.183,2,"",M,NaN,,,0,NaN,,,M,339.995,2,"",338.714,2,"",NaN,,,NaN,,
2024-10-22T16:54:03.000Z,6.474,2,"",M,61.102,2,"",M,6.000,2,"",N,11.167,2,"",M,27.399,2,"",M,11.470,2,"",M,1010.490,2,"",M,348.360,2,"",M,NaN,,,0,NaN,,,M,338.470,2,"",337.194,2,"",NaN,,,NaN,,
2024-10-22T16:55:55.000Z,6.469,2,"",M,61.101,2,"",M,6.000,2,"",N,11.180,2,"",M,27.854,2,"",M,11.540,2,"",M,1010.550,2,"",M,347.359,2,"",M,NaN,,,0,NaN,,,M,336.682,2,"",335.414,2,"",NaN,,,NaN,,
2024-10-22T16:57:48.000Z,6.466,2,"",M,61.100,2,"",M,6.000,2,"",N,11.033,2,"",M,27.573,2,"",M,11.600,2,"",M,1010.530,2,"",M,350.470,2,"",M,NaN,,,0,NaN,,,M,336.705,2,"",335.438,2,"",NaN,,,NaN,,
2024-10-22T16:59:40.000Z,6.462,2,"",M,61.100,2,"",M,6.000,2,"",N,11.011,2,"",M,27.411,2,"",M,11.470,2,"",M,1010.610,2,"",M,353.041,2,"",M,NaN,,,0,NaN,,,M,340.795,2,"",339.510,2,"",NaN,,,NaN,,
2024-10-22T17:01:32.000Z,6.457,2,"",M,61.099,2,"",M,6.000,2,"",N,10.967,2,"",M,27.469,2,"",M,11.430,2,"",M,1010.550,2,"",M,350.729,2,"",M,NaN,,,0,NaN,,,M,338.502,2,"",337.226,2,"",NaN,,,NaN,,
2024-10-22T17:03:24.000Z,6.453,2,"",M,61.099,2,"",M,6.000,2,"",N,11.004,2,"",M,27.373,2,"",M,11.410,2,"",M,1010.570,2,"",M,349.166,2,"",M,NaN,,,0,NaN,,,M,337.814,2,"",336.540,2,"",NaN,,,NaN,,
2024-10-22T17:05:16.000Z,6.449,2,"",M,61.098,2,"",M,6.000,2,"",N,11.026,2,"",M,27.438,2,"",M,11.410,2,"",M,1010.605,2,"",M,347.804,2,"",M,NaN,,,0,NaN,,,M,336.827,2,"",335.557,2,"",NaN,,,NaN,,
2024-10-22T17:07:09.000Z,6.444,2,"",M,61.098,2,"",M,6.000,2,"",N,11.069,2,"",M,27.602,2,"",M,11.430,2,"",M,1010.630,2,"",M,347.263,2,"",M,NaN,,,0,NaN,,,M,336.627,2,"",335.357,2,"",NaN,,,NaN,,
2024-10-22T17:09:01.000Z,6.441,2,"",M,61.097,2,"",M,6.000,2,"",N,11.079,2,"",M,27.654,2,"",M,11.470,2,"",M,1010.680,2,"",M,347.692,2,"",M,NaN,,,0,NaN,,,M,336.626,2,"",335.357,2,"",NaN,,,NaN,,
2024-10-22T17:10:53.000Z,6.438,2,"",M,61.097,2,"",M,6.000,2,"",N,11.091,2,"",M,27.719,2,"",M,11.490,2,"",M,1010.740,2,"",M,349.633,2,"",M,NaN,,,0,NaN,,,M,338.399,2,"",337.124,2,"",NaN,,,NaN,,
2024-10-22T17:13:07.000Z,6.434,2,"",M,61.096,2,"",M,6.000,2,"",N,11.061,2,"",M,27.726,2,"",M,11.510,2,"",M,1010.740,2,"",M,351.414,2,"",M,NaN,,,0,NaN,,,M,339.402,2,"",338.123,2,"",NaN,,,NaN,,
2024-10-22T17:14:59.000Z,6.431,2,"",M,61.096,2,"",M,6.000,2,"",N,11.111,2,"",M,27.709,2,"",M,11.480,2,"",M,1010.590,2,"",M,352.323,2,"",M,NaN,,,0,NaN,,,M,341.386,2,"",340.099,2,"",NaN,,,NaN,,
2024-10-22T17:16:51.000Z,6.428,2,"",M,61.095,2,"",M,6.000,2,"",N,11.121,2,"",M,27.771,2,"",M,11.520,2,"",M,1010.640,2,"",M,352.473,2,"",M,NaN,,,0,NaN,,,M,341.114,2,"",339.829,2,"",NaN,,,NaN,,
2024-10-22T17:18:43.000Z,6.425,2,"",M,61.095,2,"",M,6.000,2,"",N,11.121,2,"",M,27.767,2,"",M,11.530,2,"",M,1010.570,2,"",M,353.022,2,"",M,NaN,,,0,NaN,,,M,341.462,2,"",340.176,2,"",NaN,,,NaN,,
2024-10-22T17:20:35.000Z,6.422,2,"",M,61.094,2,"",M,6.000,2,"",N,11.117,2,"",M,27.735,2,"",M,11.530,2,"",M,1010.640,2,"",M,353.842,2,"",M,NaN,,,0,NaN,,,M,342.231,2,"",340.942,2,"",NaN,,,NaN,,
2024-10-22T17:22:28.000Z,6.419,2,"",M,61.094,2,"",M,6.000,2,"",N,11.095,2,"",M,27.720,2,"",M,11.530,2,"",M,1010.740,2,"",M,353.421,2,"",M,NaN,,,0,NaN,,,M,341.542,2,"",340.256,2,"",NaN,,,NaN,,
2024-10-22T17:24:20.000Z,6.415,2,"",M,61.094,2,"",M,6.000,2,"",N,11.078,2,"",M,27.698,2,"",M,11.520,2,"",M,1010.650,2,"",M,353.000,2,"",M,NaN,,,0,NaN,,,M,340.997,2,"",339.713,2,"",NaN,,,NaN,,
2024-10-22T17:26:12.000Z,6.412,2,"",M,61.094,2,"",M,6.000,2,"",N,11.057,2,"",M,27.676,2,"",M,11.500,2,"",M,1011.110,2,"",M,352.728,2,"",M,NaN,,,0,NaN,,,M,340.891,2,"",339.606,2,"",NaN,,,NaN,,
2024-10-22T17:28:04.000Z,6.408,2,"",M,61.094,2,"",M,6.000,2,"",N,11.079,2,"",M,27.675,2,"",M,11.480,2,"",M,1011.090,2,"",M,352.637,2,"",M,NaN,,,0,NaN,,,M,341.408,2,"",340.121,2,"",NaN,,,NaN,,
2024-10-22T17:29:56.000Z,6.405,2,"",M,61.094,2,"",M,6.000,2,"",N,11.076,2,"",M,27.674,2,"",M,11.480,2,"",M,1011.150,2,"",M,352.777,2,"",M,NaN,,,0,NaN,,,M,341.516,2,"",340.228,2,"",NaN,,,NaN,,
2024-10-22T17:31:48.000Z,6.401,2,"",M,61.094,2,"",M,6.000,2,"",N,11.058,2,"",M,27.513,2,"",M,11.490,2,"",M,1011.210,2,"",M,353.156,2,"",M,NaN,,,0,NaN,,,M,341.496,2,"",340.208,2,"",NaN,,,NaN,,
2024-10-22T17:33:40.000Z,6.398,2,"",M,61.094,2,"",M,6.000,2,"",N,11.030,2,"",M,27.357,2,"",M,11.490,2,"",M,1011.260,2,"",M,352.395,2,"",M,NaN,,,0,NaN,,,M,340.373,2,"",339.090,2,"",NaN,,,NaN,,
2024-10-22T17:35:33.000Z,6.395,2,"",M,61.095,2,"",M,6.000,2,"",N,11.042,2,"",M,27.322,2,"",M,11.450,2,"",M,1011.160,2,"",M,350.602,2,"",M,NaN,,,0,NaN,,,M,339.358,2,"",338.078,2,"",NaN,,,NaN,,
2024-10-22T17:37:25.000Z,6.392,2,"",M,61.095,2,"",M,6.000,2,"",N,11.030,2,"",M,27.272,2,"",M,11.450,2,"",M,1011.220,2,"",M,349.330,2,"",M,NaN,,,0,NaN,,,M,337.979,2,"",336.704,2,"",NaN,,,NaN,,
2024-10-22T17:39:17.000Z,6.391,2,"",M,61.094,2,"",M,6.000,2,"",N,10.998,2,"",M,27.284,2,"",M,11.440,2,"",M,1011.220,2,"",M,348.419,2,"",M,NaN,,,0,NaN,,,M,336.790,2,"",335.520,2,"",NaN,,,NaN,,
2024-10-22T17:41:09.000Z,6.389,2,"",M,61.094,2,"",M,6.000,2,"",N,10.982,2,"",M,27.244,2,"",M,11.420,2,"",M,1011.140,2,"",M,348.127,2,"",M,NaN,,,0,NaN,,,M,336.543,2,"",335.273,2,"",NaN,,,NaN,,
2024-10-22T17:43:02.000Z,6.386,2,"",M,61.094,2,"",M,6.000,2,"",N,10.930,2,"",M,27.104,2,"",M,11.400,2,"",M,1011.150,2,"",M,347.696,2,"",M,NaN,,,0,NaN,,,M,335.675,2,"",334.408,2,"",NaN,,,NaN,,
2024-10-22T17:44:54.000Z,6.383,2,"",M,61.094,2,"",M,6.000,2,"",N,11.138,2,"",M,27.704,2,"",M,11.380,2,"",M,1011.150,2,"",M,346.394,2,"",M,NaN,,,0,NaN,,,M,337.673,2,"",336.399,2,"",NaN,,,NaN,,
2024-10-22T17:46:46.000Z,6.380,2,"",M,61.094,2,"",M,6.000,2,"",N,11.073,2,"",M,27.982,2,"",M,11.560,2,"",M,1011.235,2,"",M,348.665,2,"",M,NaN,,,0,NaN,,,M,336.363,2,"",335.096,2,"",NaN,,,NaN,,
2024-10-22T17:48:38.000Z,6.376,2,"",M,61.095,2,"",M,6.000,2,"",N,11.064,2,"",M,27.470,2,"",M,11.540,2,"",M,1011.180,2,"",M,354.329,2,"",M,NaN,,,0,NaN,,,M,341.969,2,"",340.681,2,"",NaN,,,NaN,,
2024-10-22T17:50:30.000Z,6.372,2,"",M,61.095,2,"",M,6.000,2,"",N,10.987,2,"",M,27.600,2,"",M,11.480,2,"",M,1011.130,2,"",M,354.508,2,"",M,NaN,,,0,NaN,,,M,341.903,2,"",340.614,2,"",NaN,,,NaN,,
2024-10-22T17:52:23.000Z,6.368,2,"",M,61.096,2,"",M,6.000,2,"",N,11.232,2,"",M,28.153,2,"",M,11.420,2,"",M,1010.990,2,"",M,353.196,2,"",M,NaN,,,0,NaN,,,M,345.029,2,"",343.727,2,"",NaN,,,NaN,,
2024-10-22T17:54:15.000Z,6.365,2,"",M,61.096,2,"",M,6.000,2,"",N,11.076,2,"",M,27.918,2,"",M,11.630,2,"",M,1010.870,2,"",M,352.955,2,"",M,NaN,,,0,NaN,,,M,339.395,2,"",338.118,2,"",NaN,,,NaN,,
2024-10-22T17:56:07.000Z,6.361,2,"",M,61.096,2,"",M,6.000,2,"",N,11.041,2,"",M,27.347,2,"",M,11.530,2,"",M,1010.940,2,"",M,357.198,2,"",M,NaN,,,0,NaN,,,M,344.461,2,"",343.164,2,"",NaN,,,NaN,,
2024-10-22T17:57:59.000Z,6.358,2,"",M,61.097,2,"",M,6.000,2,"",N,11.102,2,"",M,27.395,2,"",M,11.480,2,"",M,1010.920,2,"",M,355.266,2,"",M,NaN,,,0,NaN,,,M,344.231,2,"",342.933,2,"",NaN,,,NaN,,
2024-10-22T17:59:52.000Z,6.354,2,"",M,61.097,2,"",M,6.000,2,"",N,11.157,2,"",M,27.741,2,"",M,11.500,2,"",M,1010.900,2,"",M,352.793,2,"",M,NaN,,,0,NaN,,,M,342.317,2,"",341.027,2,"",NaN,,,NaN,,
2024-10-22T18:01:44.000Z,6.351,2,"",M,61.098,2,"",M,6.000,2,"",N,11.161,2,"",M,27.780,2,"",M,11.570,2,"",M,1010.900,2,"",M,353.122,2,"",M,NaN,,,0,NaN,,,M,341.664,2,"",340.377,2,"",NaN,,,NaN,,
2024-10-22T18:03:36.000Z,6.348,2,"",M,61.099,2,"",M,6.000,2,"",N,11.086,2,"",M,27.700,2,"",M,11.570,2,"",M,1010.870,2,"",M,354.292,2,"",M,NaN,,,0,NaN,,,M,341.704,2,"",340.417,2,"",NaN,,,NaN,,
2024-10-22T18:05:28.000Z,6.345,2,"",M,61.100,2,"",M,6.000,2,"",N,11.107,2,"",M,27.510,2,"",M,11.520,2,"",M,1010.740,2,"",M,354.912,2,"",M,NaN,,,0,NaN,,,M,343.293,2,"",341.999,2,"",NaN,,,NaN,,
2024-10-22T18:07:21.000Z,6.342,2,"",M,61.101,2,"",M,6.000,2,"",N,11.083,2,"",M,27.563,2,"",M,11.530,2,"",M,1010.800,2,"",M,353.680,2,"",M,NaN,,,0,NaN,,,M,341.632,2,"",340.345,2,"",NaN,,,NaN,,
2024-10-22T18:09:13.000Z,6.340,2,"",M,61.102,2,"",M,6.000,2,"",N,11.057,2,"",M,27.457,2,"",M,11.510,2,"",M,1010.920,2,"",M,352.988,2,"",M,NaN,,,0,NaN,,,M,340.919,2,"",339.634,2,"",NaN,,,NaN,,
2024-10-22T18:11:05.000Z,6.337,2,"",M,61.102,2,"",M,6.000,2,"",N,11.085,2,"",M,27.465,2,"",M,11.480,2,"",M,1010.900,2,"",M,352.067,2,"",M,NaN,,,0,NaN,,,M,340.880,2,"",339.595,2,"",NaN,,,NaN,,
2024-10-22T18:13:18.000Z,6.333,2,"",M,61.104,2,"",M,6.000,2,"",N,11.096,2,"",M,27.526,2,"",M,11.500,2,"",M,1010.930,2,"",M,350.744,2,"",M,NaN,,,0,NaN,,,M,339.465,2,"",338.186,2,"",NaN,,,NaN,,
2024-10-22T18:15:10.000Z,6.332,2,"",M,61.104,2,"",M,6.000,2,"",N,11.056,2,"",M,27.502,2,"",M,11.510,2,"",M,1010.810,2,"",M,351.024,2,"",M,NaN,,,0,NaN,,,M,338.975,2,"",337.698,2,"",NaN,,,NaN,,
2024-10-22T18:17:02.000Z,6.330,2,"",M,61.105,2,"",M,6.000,2,"",N,11.033,2,"",M,27.399,2,"",M,11.480,2,"",M,1010.710,2,"",M,351.403,2,"",M,NaN,,,0,NaN,,,M,339.424,2,"",338.145,2,"",NaN,,,NaN,,
2024-10-22T18:18:55.000Z,6.329,2,"",M,61.105,2,"",M,6.000,2,"",N,10.858,2,"",M,27.390,2,"",M,11.460,2,"",M,1010.720,2,"",M,350.932,2,"",M,NaN,,,0,NaN,,,M,336.750,2,"",335.481,2,"",NaN,,,NaN,,
2024-10-22T18:20:47.000Z,6.328,2,"",M,61.106,2,"",M,6.000,2,"",N,11.025,2,"",M,27.373,2,"",M,11.340,2,"",M,1010.675,2,"",M,350.681,2,"",M,NaN,,,0,NaN,,,M,340.642,2,"",339.356,2,"",NaN,,,NaN,,
2024-10-22T18:22:39.000Z,6.325,2,"",M,61.107,2,"",M,6.000,2,"",N,11.051,2,"",M,27.417,2,"",M,11.430,2,"",M,1010.990,2,"",M,349.629,2,"",M,NaN,,,0,NaN,,,M,338.790,2,"",337.512,2,"",NaN,,,NaN,,
2024-10-22T18:24:31.000Z,6.323,2,"",M,61.108,2,"",M,6.000,2,"",N,11.054,2,"",M,27.444,2,"",M,11.470,2,"",M,1010.970,2,"",M,349.398,2,"",M,NaN,,,0,NaN,,,M,338.016,2,"",336.742,2,"",NaN,,,NaN,,
2024-10-22T18:26:23.000Z,6.320,2,"",M,61.109,2,"",M,6.000,2,"",N,10.869,2,"",M,27.192,2,"",M,11.470,2,"",M,1011.000,2,"",M,350.128,2,"",M,NaN,,,0,NaN,,,M,336.094,2,"",334.827,2,"",NaN,,,NaN,,
2024-10-22T18:30:53.000Z,6.315,2,"",M,61.111,2,"",M,6.000,2,"",N,NaN,,,M,NaN,,,M,NaN,,,M,NaN,,,M,NaN,,,0,NaN,,,0,NaN,,,M,NaN,,,NaN,,,NaN,,,NaN,,
2024-10-22T18:32:43.000Z,6.312,2,"",M,61.112,2,"",M,6.000,2,"",N,NaN,,,M,NaN,,,M,NaN,,,M,NaN,,,M,NaN,,,0,NaN,,,0,NaN,,,M,NaN,,,NaN,,,NaN,,,NaN,,
2024-10-22T18:34:32.000Z,6.309,2,"",M,61.113,2,"",M,6.000,2,"",N,NaN,,,M,NaN,,,M,NaN,,,M,NaN,,,M,NaN,,,0,NaN,,,0,NaN,,,M,NaN,,,NaN,,,NaN,,,NaN,,
2024-10-22T18:39:02.000Z,6.302,2,"",M,61.115,2,"",M,6.000,2,"",N,NaN,,,M,NaN,,,M,NaN,,,M,NaN,,,M,NaN,,,0,NaN,,,0,NaN,,,M,NaN,,,NaN,,,NaN,,,NaN,,
2024-10-22T18:40:52.000Z,6.300,2,"",M,61.115,2,"",M,6.000,2,"",N,NaN,,,M,NaN,,,M,NaN,,,M,NaN,,,M,NaN,,,0,NaN,,,0,NaN,,,M,NaN,,,NaN,,,NaN,,,NaN,,
2024-10-22T18:42:42.000Z,6.297,2,"",M,61.116,2,"",M,6.000,2,"",N,NaN,,,M,NaN,,,M,NaN,,,M,NaN,,,M,NaN,,,0,NaN,,,0,NaN,,,M,NaN,,,NaN,,,NaN,,,NaN,,
2024-10-22T18:47:11.000Z,6.289,2,"",M,61.117,2,"",M,6.000,2,"",N,NaN,,,M,NaN,,,M,NaN,,,M,NaN,,,M,NaN,,,0,NaN,,,0,NaN,,,M,NaN,,,NaN,,,NaN,,,NaN,,
2024-10-22T18:49:01.000Z,6.286,2,"",M,61.117,2,"",M,6.000,2,"",N,NaN,,,M,NaN,,,M,NaN,,,M,NaN,,,M,NaN,,,0,NaN,,,0,NaN,,,M,NaN,,,NaN,,,NaN,,,NaN,,
2024-10-22T18:50:51.000Z,6.282,2,"",M,61.117,2,"",M,6.000,2,"",N,NaN,,,M,NaN,,,M,NaN,,,M,NaN,,,M,NaN,,,0,NaN,,,0,NaN,,,M,NaN,,,NaN,,,NaN,,,NaN,,
2024-10-22T18:55:21.000Z,6.279,2,"",M,61.117,2,"",M,6.000,2,"",N,10.782,2,"",M,26.752,2,"",M,NaN,,,M,NaN,,,M,NaN,,,0,422.119,2,"",M,1011.000,2,"",M,NaN,,,NaN,,,416.889,2,"",415.299,2,""
2024-10-22T18:57:10.000Z,6.277,2,"",M,61.117,2,"",M,6.000,2,"",N,10.860,2,"",M,26.883,2,"",M,NaN,,,M,NaN,,,M,NaN,,,0,421.959,2,"",M,1011.000,2,"",M,NaN,,,NaN,,,416.703,2,"",415.116,2,""
2024-10-22T18:59:00.000Z,6.275,2,"",M,61.117,2,"",M,6.000,2,"",N,10.902,2,"",M,27.177,2,"",M,NaN,,,M,NaN,,,M,NaN,,,0,421.759,2,"",M,1011.200,2,"",M,NaN,,,NaN,,,416.575,2,"",414.988,2,""
2024-10-22T19:00:50.000Z,6.273,2,"",M,61.118,2,"",M,6.000,2,"",N,10.920,2,"",M,27.229,2,"",M,NaN,,,M,NaN,,,M,NaN,,,0,421.439,2,"",M,1011.200,2,"",M,NaN,,,NaN,,,416.253,2,"",414.668,2,""
2024-10-22T19:02:40.000Z,6.271,2,"",M,61.118,2,"",M,6.000,2,"",N,10.947,2,"",M,27.245,2,"",M,NaN,,,M,NaN,,,M,NaN,,,0,421.770,2,"",M,1011.600,2,"",M,NaN,,,NaN,,,416.736,2,"",415.149,2,""
2024-10-22T19:07:50.000Z,6.263,2,"",M,61.121,2,"",M,6.000,2,"",N,11.036,2,"",M,27.361,2,"",M,11.390,2,"",M,1011.160,2,"",M,348.821,2,"",M,NaN,,,0,NaN,,,M,338.429,2,"",337.152,2,"",NaN,,,NaN,,
2024-10-22T19:09:42.000Z,6.262,2,"",M,61.120,2,"",M,6.000,2,"",N,11.050,2,"",I,27.398,2,"",I,11.430,2,"",M,1011.110,2,"",M,349.402,2,"",M,NaN,,,0,NaN,,,M,338.598,2,"",337.321,2,"",NaN,,,NaN,,
2024-10-22T19:11:35.000Z,6.257,2,"",M,61.120,2,"",M,6.000,2,"",N,11.065,2,"",M,27.436,2,"",M,11.350,2,"",M,1011.180,2,"",M,349.332,2,"",M,NaN,,,0,NaN,,,M,339.936,2,"",338.652,2,"",NaN,,,NaN,,
2024-10-22T19:13:48.000Z,6.247,2,"",M,61.122,2,"",M,6.000,2,"",N,11.088,2,"",M,28.041,2,"",M,11.470,2,"",M,1011.130,2,"",M,349.382,2,"",M,NaN,,,0,NaN,,,M,338.539,2,"",337.262,2,"",NaN,,,NaN,,
2024-10-22T19:15:40.000Z,6.237,2,"",M,61.123,2,"",M,6.000,2,"",N,10.942,2,"",M,27.551,2,"",M,11.520,2,"",M,1011.300,2,"",M,353.146,2,"",M,NaN,,,0,NaN,,,M,339.403,2,"",338.123,2,"",NaN,,,NaN,,
2024-10-22T19:17:32.000Z,6.227,2,"",M,61.124,2,"",M,6.000,2,"",N,11.029,2,"",M,27.611,2,"",M,11.380,2,"",M,1011.580,2,"",M,355.068,2,"",M,NaN,,,0,NaN,,,M,344.682,2,"",343.380,2,"",NaN,,,NaN,,
2024-10-22T19:19:25.000Z,6.216,2,"",M,61.125,2,"",M,6.000,2,"",N,11.132,2,"",M,27.922,2,"",M,11.430,2,"",M,1011.580,2,"",M,352.586,2,"",M,NaN,,,0,NaN,,,M,343.033,2,"",341.738,2,"",NaN,,,NaN,,
2024-10-22T19:21:17.000Z,6.205,2,"",M,61.126,2,"",M,6.000,2,"",N,11.145,2,"",M,27.903,2,"",M,11.530,2,"",M,1011.420,2,"",M,354.498,2,"",M,NaN,,,0,NaN,,,M,343.540,2,"",342.245,2,"",NaN,,,NaN,,
2024-10-22T19:23:09.000Z,6.195,2,"",M,61.126,2,"",M,6.000,2,"",N,11.128,2,"",M,27.911,2,"",M,11.550,2,"",M,1011.460,2,"",M,357.901,2,"",M,NaN,,,0,NaN,,,M,346.301,2,"",344.995,2,"",NaN,,,NaN,,
2024-10-22T19:25:01.000Z,6.184,2,"",M,61.127,2,"",M,6.000,2,"",N,11.122,2,"",M,27.748,2,"",M,11.550,2,"",M,1011.260,2,"",M,360.394,2,"",M,NaN,,,0,NaN,,,M,348.555,2,"",347.242,2,"",NaN,,,NaN,,
2024-10-22T19:26:53.000Z,6.174,2,"",M,61.127,2,"",M,6.000,2,"",N,11.167,2,"",M,27.923,2,"",M,11.530,2,"",M,1011.270,2,"",M,360.124,2,"",M,NaN,,,0,NaN,,,M,349.262,2,"",347.945,2,"",NaN,,,NaN,,
2024-10-22T19:28:46.000Z,6.165,2,"",M,61.128,2,"",M,6.000,2,"",N,11.254,2,"",M,28.282,2,"",M,11.570,2,"",M,1011.220,2,"",M,359.253,2,"",M,NaN,,,0,NaN,,,M,349.087,2,"",347.772,2,"",NaN,,,NaN,,
2024-10-22T19:30:39.000Z,6.155,2,"",M,61.128,2,"",M,6.000,2,"",N,11.238,2,"",M,28.340,2,"",M,11.650,2,"",M,1011.540,2,"",M,361.135,2,"",M,NaN,,,0,NaN,,,M,349.571,2,"",348.256,2,"",NaN,,,NaN,,
2024-10-22T19:32:30.000Z,6.145,2,"",M,61.129,2,"",M,6.000,2,"",N,11.244,2,"",M,28.320,2,"",M,11.650,2,"",M,1011.260,2,"",M,364.168,2,"",M,NaN,,,0,NaN,,,M,352.499,2,"",351.173,2,"",NaN,,,NaN,,
2024-10-22T19:34:22.000Z,6.136,2,"",M,61.129,2,"",M,6.000,2,"",N,11.220,2,"",M,28.274,2,"",M,11.660,2,"",M,1011.490,2,"",M,365.480,2,"",M,NaN,,,0,NaN,,,M,353.341,2,"",352.011,2,"",NaN,,,NaN,,
2024-10-22T19:36:15.000Z,6.126,2,"",M,61.130,2,"",M,6.000,2,"",N,11.273,2,"",M,28.279,2,"",M,11.640,2,"",M,1011.460,2,"",M,365.920,2,"",M,NaN,,,0,NaN,,,M,354.862,2,"",353.526,2,"",NaN,,,NaN,,
2024-10-22T19:38:07.000Z,6.117,2,"",M,61.131,2,"",M,6.000,2,"",N,11.229,2,"",M,28.407,2,"",M,11.660,2,"",M,1011.310,2,"",M,365.940,2,"",M,NaN,,,0,NaN,,,M,353.865,2,"",352.533,2,"",NaN,,,NaN,,
2024-10-22T19:39:59.000Z,6.107,2,"",M,61.131,2,"",M,6.000,2,"",N,11.171,2,"",M,28.163,2,"",M,11.650,2,"",M,1011.440,2,"",M,366.591,2,"",M,NaN,,,0,NaN,,,M,353.816,2,"",352.484,2,"",NaN,,,NaN,,
2024-10-22T19:41:51.000Z,6.097,2,"",M,61.132,2,"",M,6.000,2,"",N,11.155,2,"",M,28.032,2,"",M,11.590,2,"",M,1011.410,2,"",M,366.391,2,"",M,NaN,,,0,NaN,,,M,354.295,2,"",352.961,2,"",NaN,,,NaN,,
2024-10-22T19:43:44.000Z,6.087,2,"",M,61.133,2,"",M,6.000,2,"",N,11.158,2,"",M,28.011,2,"",M,11.560,2,"",M,1011.300,2,"",M,364.159,2,"",M,NaN,,,0,NaN,,,M,352.597,2,"",351.269,2,"",NaN,,,NaN,,
2024-10-22T19:45:36.000Z,6.077,2,"",M,61.133,2,"",M,6.000,2,"",N,11.170,2,"",M,28.069,2,"",M,11.560,2,"",M,1010.840,2,"",M,362.928,2,"",M,NaN,,,0,NaN,,,M,351.422,2,"",350.099,2,"",NaN,,,NaN,,
2024-10-22T19:47:28.000Z,6.068,2,"",M,61.134,2,"",M,6.000,2,"",N,11.196,2,"",M,28.315,2,"",M,11.570,2,"",M,1011.340,2,"",M,363.188,2,"",M,NaN,,,0,NaN,,,M,352.087,2,"",350.760,2,"",NaN,,,NaN,,
2024-10-22T19:49:20.000Z,6.058,2,"",M,61.134,2,"",M,6.000,2,"",N,11.299,2,"",M,28.537,2,"",M,11.600,2,"",M,1011.260,2,"",M,364.250,2,"",M,NaN,,,0,NaN,,,M,354.173,2,"",352.839,2,"",NaN,,,NaN,,
2024-10-22T19:51:13.000Z,6.049,2,"",M,61.134,2,"",M,6.000,2,"",N,11.271,2,"",M,28.295,2,"",M,11.690,2,"",M,1011.260,2,"",M,366.632,2,"",M,NaN,,,0,NaN,,,M,354.679,2,"",353.345,2,"",NaN,,,NaN,,
2024-10-22T19:53:05.000Z,6.039,2,"",M,61.135,2,"",M,6.000,2,"",N,11.339,2,"",M,28.674,2,"",M,11.650,2,"",M,1011.020,2,"",M,368.594,2,"",M,NaN,,,0,NaN,,,M,358.143,2,"",356.796,2,"",NaN,,,NaN,,
2024-10-22T19:54:57.000Z,6.029,2,"",M,61.135,2,"",M,6.000,2,"",N,11.328,2,"",M,28.885,2,"",M,11.730,2,"",M,1011.400,2,"",M,370.516,2,"",M,NaN,,,0,NaN,,,M,358.730,2,"",357.381,2,"",NaN,,,NaN,,
2024-10-22T19:56:49.000Z,6.019,2,"",M,61.136,2,"",M,6.000,2,"",N,11.552,2,"",M,29.179,2,"",M,11.730,2,"",M,1011.390,2,"",M,373.469,2,"",M,NaN,,,0,NaN,,,M,365.032,2,"",363.660,2,"",NaN,,,NaN,,
2024-10-22T19:58:41.000Z,6.009,2,"",M,61.136,2,"",M,6.000,2,"",N,11.664,2,"",M,29.904,2,"",M,11.900,2,"",M,1011.440,2,"",M,376.562,2,"",M,NaN,,,0,NaN,,,M,367.121,2,"",365.744,2,"",NaN,,,NaN,,
2024-10-22T20:00:34.000Z,6.000,2,"",M,61.137,2,"",M,6.000,2,"",N,11.706,2,"",M,30.002,2,"",M,12.060,2,"",M,1011.450,2,"",M,382.158,2,"",M,NaN,,,0,NaN,,,M,370.665,2,"",369.278,2,"",NaN,,,NaN,,
2024-10-22T20:02:26.000Z,5.990,2,"",M,61.137,2,"",M,6.000,2,"",N,11.736,2,"",M,30.062,2,"",M,12.100,2,"",M,1011.160,2,"",M,387.644,2,"",M,NaN,,,0,NaN,,,M,375.704,2,"",374.299,2,"",NaN,,,NaN,,
2024-10-22T20:04:18.000Z,5.981,2,"",M,61.138,2,"",M,6.000,2,"",N,11.734,2,"",M,30.132,2,"",M,12.130,2,"",M,1011.130,2,"",M,390.677,2,"",M,NaN,,,0,NaN,,,M,378.105,2,"",376.691,2,"",NaN,,,NaN,,
2024-10-22T20:06:10.000Z,5.972,2,"",M,61.139,2,"",M,6.000,2,"",N,11.699,2,"",M,30.106,2,"",M,12.130,2,"",M,1010.590,2,"",M,392.038,2,"",M,NaN,,,0,NaN,,,M,378.664,2,"",377.249,2,"",NaN,,,NaN,,
2024-10-22T20:08:03.000Z,5.963,2,"",M,61.140,2,"",M,6.000,2,"",N,11.702,2,"",M,30.000,2,"",M,12.110,2,"",M,1010.870,2,"",M,393.110,2,"",M,NaN,,,0,NaN,,,M,380.181,2,"",378.759,2,"",NaN,,,NaN,,
2024-10-22T20:09:55.000Z,5.954,2,"",M,61.141,2,"",M,6.000,2,"",N,11.718,2,"",M,30.059,2,"",M,12.090,2,"",M,1010.845,2,"",M,392.489,2,"",M,NaN,,,0,NaN,,,M,380.153,2,"",378.732,2,"",NaN,,,NaN,,
2024-10-22T20:11:47.000Z,5.945,2,"",M,61.142,2,"",M,6.000,2,"",N,11.638,2,"",M,29.969,2,"",M,12.110,2,"",M,1010.680,2,"",M,392.219,2,"",M,NaN,,,0,NaN,,,M,378.229,2,"",376.815,2,"",NaN,,,NaN,,
2024-10-22T20:14:00.000Z,5.935,2,"",M,61.142,2,"",M,6.000,2,"",N,11.627,2,"",M,29.827,2,"",M,12.060,2,"",M,1010.530,2,"",M,392.249,2,"",M,NaN,,,0,NaN,,,M,378.841,2,"",377.424,2,"",NaN,,,NaN,,
2024-10-22T20:15:53.000Z,5.926,2,"",M,61.142,2,"",M,6.000,2,"",N,11.523,2,"",M,29.721,2,"",M,12.040,2,"",M,1010.750,2,"",M,391.218,2,"",M,NaN,,,0,NaN,,,M,376.588,2,"",375.179,2,"",NaN,,,NaN,,
2024-10-22T20:17:45.000Z,5.917,2,"",M,61.143,2,"",M,6.000,2,"",N,11.515,2,"",M,29.582,2,"",M,11.960,2,"",M,1010.540,2,"",M,389.957,2,"",M,NaN,,,0,NaN,,,M,376.475,2,"",375.065,2,"",NaN,,,NaN,,
2024-10-22T20:19:37.000Z,5.907,2,"",M,61.142,2,"",M,6.000,2,"",N,11.593,2,"",M,29.717,2,"",M,11.930,2,"",M,1011.180,2,"",M,387.896,2,"",M,NaN,,,0,NaN,,,M,376.448,2,"",375.037,2,"",NaN,,,NaN,,
2024-10-22T20:21:30.000Z,5.898,2,"",M,61.142,2,"",M,6.000,2,"",N,11.634,2,"",M,29.720,2,"",M,11.990,2,"",M,1011.270,2,"",M,387.105,2,"",M,NaN,,,0,NaN,,,M,375.394,2,"",373.987,2,"",NaN,,,NaN,,
2024-10-22T20:23:22.000Z,5.889,2,"",M,61.141,2,"",M,6.000,2,"",N,11.655,2,"",M,29.736,2,"",M,12.030,2,"",M,1011.290,2,"",M,387.135,2,"",M,NaN,,,0,NaN,,,M,375.118,2,"",373.713,2,"",NaN,,,NaN,,
2024-10-22T20:25:14.000Z,5.879,2,"",M,61.140,2,"",M,6.000,2,"",N,11.709,2,"",M,29.937,2,"",M,12.050,2,"",M,1011.360,2,"",M,387.095,2,"",M,NaN,,,0,NaN,,,M,375.625,2,"",374.219,2,"",NaN,,,NaN,,
2024-10-22T20:27:06.000Z,5.869,2,"",M,61.139,2,"",M,6.000,2,"",N,11.687,2,"",M,29.964,2,"",M,12.100,2,"",M,1011.380,2,"",M,387.516,2,"",M,NaN,,,0,NaN,,,M,374.880,2,"",373.477,2,"",NaN,,,NaN,,
2024-10-22T20:28:58.000Z,5.859,2,"",M,61.139,2,"",M,6.000,2,"",N,11.591,2,"",M,29.689,2,"",M,12.100,2,"",M,1011.660,2,"",M,389.808,2,"",M,NaN,,,0,NaN,,,M,375.679,2,"",374.273,2,"",NaN,,,NaN,,
2024-10-22T20:30:51.000Z,5.849,2,"",M,61.138,2,"",M,6.000,2,"",N,11.659,2,"",M,29.773,2,"",M,12.010,2,"",M,1011.610,2,"",M,389.528,2,"",M,NaN,,,0,NaN,,,M,377.947,2,"",376.531,2,"",NaN,,,NaN,,
2024-10-22T20:32:43.000Z,5.839,2,"",M,61.137,2,"",M,6.000,2,"",N,11.692,2,"",M,29.815,2,"",M,12.060,2,"",M,1011.480,2,"",M,387.877,2,"",M,NaN,,,0,NaN,,,M,376.003,2,"",374.595,2,"",NaN,,,NaN,,
2024-10-22T20:34:35.000Z,5.828,2,"",M,61.137,2,"",M,6.000,2,"",N,11.770,2,"",M,29.911,2,"",M,12.090,2,"",M,1011.550,2,"",M,387.947,2,"",M,NaN,,,0,NaN,,,M,376.852,2,"",375.442,2,"",NaN,,,NaN,,
2024-10-22T20:36:27.000Z,5.818,2,"",M,61.136,2,"",M,6.000,2,"",N,11.848,2,"",M,30.286,2,"",M,12.150,2,"",M,1011.360,2,"",M,388.958,2,"",M,NaN,,,0,NaN,,,M,378.025,2,"",376.612,2,"",NaN,,,NaN,,
2024-10-22T20:38:19.000Z,5.808,2,"",M,61.135,2,"",M,6.000,2,"",N,11.785,2,"",M,30.443,2,"",M,12.240,2,"",M,1011.450,2,"",M,391.441,2,"",M,NaN,,,0,NaN,,,M,377.992,2,"",376.580,2,"",NaN,,,NaN,,
2024-10-22T20:40:12.000Z,5.798,2,"",M,61.134,2,"",M,6.000,2,"",N,11.833,2,"",M,30.429,2,"",M,12.190,2,"",M,1011.410,2,"",M,394.634,2,"",M,NaN,,,0,NaN,,,M,382.657,2,"",381.227,2,"",NaN,,,NaN,,
2024-10-22T20:42:04.000Z,5.789,2,"",M,61.133,2,"",M,6.000,2,"",N,11.773,2,"",M,30.178,2,"",M,12.230,2,"",M,1011.230,2,"",M,396.466,2,"",M,NaN,,,0,NaN,,,M,382.736,2,"",381.307,2,"",NaN,,,NaN,,
2024-10-22T20:43:56.000Z,5.780,2,"",M,61.132,2,"",M,6.000,2,"",N,11.783,2,"",M,30.181,2,"",M,12.190,2,"",M,1011.710,2,"",M,397.177,2,"",M,NaN,,,0,NaN,,,M,384.428,2,"",382.990,2,"",NaN,,,NaN,,
2024-10-22T20:45:48.000Z,5.771,2,"",M,61.131,2,"",M,6.000,2,"",N,11.849,2,"",M,30.377,2,"",M,12.190,2,"",M,1011.950,2,"",M,396.547,2,"",M,NaN,,,0,NaN,,,M,384.987,2,"",383.547,2,"",NaN,,,NaN,,
2024-10-22T20:47:41.000Z,5.762,2,"",M,61.130,2,"",M,6.000,2,"",N,11.952,2,"",M,30.758,2,"",M,12.250,2,"",M,1012.280,2,"",M,396.547,2,"",M,NaN,,,0,NaN,,,M,385.787,2,"",384.345,2,"",NaN,,,NaN,,
2024-10-22T20:49:33.000Z,5.753,2,"",M,61.128,2,"",M,6.000,2,"",N,11.957,2,"",M,30.852,2,"",M,12.340,2,"",M,1012.260,2,"",M,398.189,2,"",M,NaN,,,0,NaN,,,M,385.955,2,"",384.514,2,"",NaN,,,NaN,,
2024-10-22T20:51:25.000Z,5.743,2,"",M,61.127,2,"",M,6.000,2,"",N,11.972,2,"",M,30.847,2,"",M,12.350,2,"",M,1012.140,2,"",M,400.201,2,"",M,NaN,,,0,NaN,,,M,387.944,2,"",386.496,2,"",NaN,,,NaN,,
2024-10-22T20:53:17.000Z,5.734,2,"",M,61.126,2,"",M,6.000,2,"",N,11.974,2,"",M,30.845,2,"",M,12.360,2,"",M,1011.960,2,"",M,401.362,2,"",M,NaN,,,0,NaN,,,M,388.860,2,"",387.409,2,"",NaN,,,NaN,,
2024-10-22T20:55:09.000Z,5.724,2,"",M,61.124,2,"",M,6.000,2,"",N,12.011,2,"",M,30.829,2,"",M,12.370,2,"",M,1012.200,2,"",M,401.993,2,"",M,NaN,,,0,NaN,,,M,390.009,2,"",388.554,2,"",NaN,,,NaN,,
2024-10-22T20:57:02.000Z,5.714,2,"",M,61.123,2,"",M,6.000,2,"",N,12.022,2,"",M,30.862,2,"",M,12.400,2,"",M,1012.470,2,"",M,402.454,2,"",M,NaN,,,0,NaN,,,M,390.228,2,"",388.772,2,"",NaN,,,NaN,,
2024-10-22T20:58:54.000Z,5.705,2,"",M,61.121,2,"",M,6.000,2,"",N,12.005,2,"",M,30.847,2,"",M,12.410,2,"",M,1012.100,2,"",M,403.215,2,"",M,NaN,,,0,NaN,,,M,390.380,2,"",388.924,2,"",NaN,,,NaN,,
2024-10-22T21:00:46.000Z,5.694,2,"",M,61.119,2,"",M,6.000,2,"",N,12.038,2,"",M,30.861,2,"",M,12.410,2,"",M,1012.210,2,"",M,404.206,2,"",M,NaN,,,0,NaN,,,M,391.934,2,"",390.472,2,"",NaN,,,NaN,,
2024-10-22T21:02:38.000Z,5.684,2,"",M,61.118,2,"",M,6.000,2,"",N,11.960,2,"",M,30.846,2,"",M,12.440,2,"",M,1012.520,2,"",M,404.337,2,"",M,NaN,,,0,NaN,,,M,390.382,2,"",388.926,2,"",NaN,,,NaN,,
2024-10-22T21:04:31.000Z,5.674,2,"",M,61.116,2,"",M,6.000,2,"",N,11.934,2,"",M,30.836,2,"",M,12.370,2,"",M,1012.600,2,"",M,404.117,2,"",M,NaN,,,0,NaN,,,M,390.942,2,"",389.483,2,"",NaN,,,NaN,,
2024-10-22T21:06:23.000Z,5.665,2,"",M,61.114,2,"",M,6.000,2,"",N,11.831,2,"",M,30.699,2,"",M,12.330,2,"",M,1012.830,2,"",M,403.176,2,"",M,NaN,,,0,NaN,,,M,389.108,2,"",387.654,2,"",NaN,,,NaN,,
2024-10-22T21:08:15.000Z,5.655,2,"",M,61.113,2,"",M,6.000,2,"",N,11.939,2,"",M,30.678,2,"",M,12.240,2,"",M,1013.030,2,"",M,401.454,2,"",M,NaN,,,0,NaN,,,M,390.815,2,"",389.353,2,"",NaN,,,NaN,,
2024-10-22T21:10:07.000Z,5.645,2,"",M,61.112,2,"",M,6.000,2,"",N,11.892,2,"",M,30.874,2,"",M,12.290,2,"",M,1013.110,2,"",M,399.532,2,"",M,NaN,,,0,NaN,,,M,387.357,2,"",385.908,2,"",NaN,,,NaN,,
2024-10-22T21:12:00.000Z,5.636,2,"",M,61.110,2,"",M,6.000,2,"",N,11.898,2,"",M,30.826,2,"",M,12.300,2,"",M,1012.580,2,"",M,400.133,2,"",M,NaN,,,0,NaN,,,M,387.666,2,"",386.218,2,"",NaN,,,NaN,,
2024-10-22T21:14:13.000Z,5.625,2,"",M,61.108,2,"",M,6.000,2,"",N,11.928,2,"",M,30.896,2,"",M,12.300,2,"",M,1012.730,2,"",M,401.325,2,"",M,NaN,,,0,NaN,,,M,389.385,2,"",387.929,2,"",NaN,,,NaN,,
2024-10-22T21:16:05.000Z,5.617,2,"",M,61.106,2,"",M,6.000,2,"",N,11.929,2,"",M,30.922,2,"",M,12.340,2,"",M,1012.600,2,"",M,401.745,2,"",M,NaN,,,0,NaN,,,M,389.081,2,"",387.628,2,"",NaN,,,NaN,,
2024-10-22T21:17:57.000Z,5.609,2,"",M,61.104,2,"",M,6.000,2,"",N,11.972,2,"",M,30.967,2,"",M,12.330,2,"",M,1012.510,2,"",M,402.747,2,"",M,NaN,,,0,NaN,,,M,390.896,2,"",389.436,2,"",NaN,,,NaN,,
2024-10-22T21:19:50.000Z,5.600,2,"",M,61.101,2,"",M,6.000,2,"",N,12.009,2,"",M,31.188,2,"",M,12.370,2,"",M,1012.646,2,"",M,403.488,2,"",M,NaN,,,0,NaN,,,M,391.603,2,"",390.141,2,"",NaN,,,NaN,,
2024-10-22T21:21:42.000Z,5.592,2,"",M,61.099,2,"",M,6.000,2,"",N,12.045,2,"",M,31.247,2,"",M,12.400,2,"",M,1012.620,2,"",M,403.708,2,"",M,NaN,,,0,NaN,,,M,391.899,2,"",390.436,2,"",NaN,,,NaN,,
2024-10-22T21:23:34.000Z,5.583,2,"",M,61.096,2,"",M,6.000,2,"",N,12.046,2,"",M,31.268,2,"",M,12.440,2,"",M,1012.480,2,"",M,403.788,2,"",M,NaN,,,0,NaN,,,M,391.251,2,"",389.792,2,"",NaN,,,NaN,,
2024-10-22T21:25:26.000Z,5.574,2,"",M,61.094,2,"",M,6.000,2,"",N,12.083,2,"",M,31.290,2,"",M,12.440,2,"",M,1012.590,2,"",M,404.279,2,"",M,NaN,,,0,NaN,,,M,392.393,2,"",390.929,2,"",NaN,,,NaN,,
2024-10-22T21:27:18.000Z,5.566,2,"",M,61.092,2,"",M,6.000,2,"",N,12.107,2,"",M,31.349,2,"",M,12.470,2,"",M,1013.150,2,"",M,404.229,2,"",M,NaN,,,0,NaN,,,M,392.458,2,"",390.993,2,"",NaN,,,NaN,,
2024-10-22T21:29:11.000Z,5.557,2,"",M,61.090,2,"",M,6.000,2,"",N,12.144,2,"",M,31.398,2,"",M,12.490,2,"",M,1013.160,2,"",M,404.369,2,"",M,NaN,,,0,NaN,,,M,392.858,2,"",391.393,2,"",NaN,,,NaN,,
2024-10-22T21:31:03.000Z,5.548,2,"",M,61.088,2,"",M,6.000,2,"",N,12.164,2,"",M,31.463,2,"",M,12.530,2,"",M,1013.140,2,"",M,405.321,2,"",M,NaN,,,0,NaN,,,M,393.438,2,"",391.971,2,"",NaN,,,NaN,,
2024-10-22T21:32:55.000Z,5.539,2,"",M,61.086,2,"",M,6.000,2,"",N,12.147,2,"",M,31.457,2,"",M,12.560,2,"",M,1013.380,2,"",M,405.962,2,"",M,NaN,,,0,NaN,,,M,393.360,2,"",391.894,2,"",NaN,,,NaN,,
2024-10-22T21:34:47.000Z,5.532,2,"",M,61.088,2,"",M,6.000,2,"",N,12.136,2,"",M,31.464,2,"",M,12.550,2,"",M,1013.600,2,"",M,406.973,2,"",M,NaN,,,0,NaN,,,M,394.409,2,"",392.939,2,"",NaN,,,NaN,,
2024-10-22T21:36:40.000Z,5.525,2,"",M,61.089,2,"",M,6.000,2,"",N,12.028,2,"",M,31.552,2,"",M,12.540,2,"",M,1013.510,2,"",M,406.863,2,"",M,NaN,,,0,NaN,,,M,392.639,2,"",391.175,2,"",NaN,,,NaN,,
2024-10-22T21:38:32.000Z,5.516,2,"",M,61.088,2,"",M,6.000,2,"",N,12.042,2,"",M,31.375,2,"",M,12.460,2,"",M,1013.360,2,"",M,407.484,2,"",M,NaN,,,0,NaN,,,M,394.784,2,"",393.310,2,"",NaN,,,NaN,,
2024-10-22T21:40:24.000Z,5.506,2,"",M,61.087,2,"",M,6.000,2,"",N,11.971,2,"",M,31.192,2,"",M,12.440,2,"",M,1013.580,2,"",M,408.075,2,"",M,NaN,,,0,NaN,,,M,394.588,2,"",393.114,2,"",NaN,,,NaN,,
2024-10-22T21:42:16.000Z,5.497,2,"",M,61.084,2,"",M,6.000,2,"",N,11.949,2,"",M,31.186,2,"",M,12.380,2,"",M,1013.830,2,"",M,407.564,2,"",M,NaN,,,0,NaN,,,M,394.855,2,"",393.379,2,"",NaN,,,NaN,,
2024-10-22T21:44:09.000Z,5.488,2,"",M,61.082,2,"",M,6.000,2,"",N,11.956,2,"",M,31.086,2,"",M,12.350,2,"",M,1014.000,2,"",M,407.264,2,"",M,NaN,,,0,NaN,,,M,395.264,2,"",393.786,2,"",NaN,,,NaN,,
2024-10-22T21:46:01.000Z,5.479,2,"",M,61.079,2,"",M,6.000,2,"",N,12.029,2,"",M,31.173,2,"",M,12.350,2,"",M,1014.080,2,"",M,406.443,2,"",M,NaN,,,0,NaN,,,M,395.707,2,"",394.228,2,"",NaN,,,NaN,,
2024-10-22T21:47:53.000Z,5.470,2,"",M,61.076,2,"",M,6.000,2,"",N,12.182,2,"",M,31.560,2,"",M,12.410,2,"",M,1013.940,2,"",M,406.103,2,"",M,NaN,,,0,NaN,,,M,396.866,2,"",395.383,2,"",NaN,,,NaN,,
2024-10-22T21:49:45.000Z,5.461,2,"",M,61.073,2,"",M,6.000,2,"",N,12.229,2,"",M,31.719,2,"",M,12.570,2,"",M,1013.940,2,"",M,407.976,2,"",M,NaN,,,0,NaN,,,M,396.740,2,"",395.261,2,"",NaN,,,NaN,,
2024-10-22T21:51:38.000Z,5.452,2,"",M,61.070,2,"",M,6.000,2,"",N,12.187,2,"",M,31.838,2,"",M,12.610,2,"",M,1013.790,2,"",M,411.970,2,"",M,NaN,,,0,NaN,,,M,399.161,2,"",397.674,2,"",NaN,,,NaN,,
2024-10-22T21:53:30.000Z,5.443,2,"",M,61.068,2,"",M,6.000,2,"",N,12.130,2,"",M,31.564,2,"",M,12.600,2,"",M,1014.020,2,"",M,414.022,2,"",M,NaN,,,0,NaN,,,M,400.446,2,"",398.953,2,"",NaN,,,NaN,,
2024-10-22T21:55:22.000Z,5.434,2,"",M,61.065,2,"",M,6.000,2,"",N,11.956,2,"",M,31.092,2,"",M,12.540,2,"",M,1013.900,2,"",M,412.451,2,"",M,NaN,,,0,NaN,,,M,396.970,2,"",395.490,2,"",NaN,,,NaN,,
2024-10-22T21:57:14.000Z,5.425,2,"",M,61.063,2,"",M,6.000,2,"",N,11.879,2,"",M,30.704,2,"",M,12.360,2,"",M,1013.950,2,"",M,410.569,2,"",M,NaN,,,0,NaN,,,M,396.976,2,"",395.492,2,"",NaN,,,NaN,,
2024-10-22T21:59:06.000Z,5.416,2,"",M,61.062,2,"",M,6.000,2,"",N,11.992,2,"",M,30.956,2,"",M,12.310,2,"",M,1013.850,2,"",M,407.546,2,"",M,NaN,,,0,NaN,,,M,396.766,2,"",395.282,2,"",NaN,,,NaN,,
2024-10-22T22:00:59.000Z,5.407,2,"",M,61.062,2,"",M,6.000,2,"",N,12.142,2,"",M,31.382,2,"",M,12.390,2,"",M,1013.900,2,"",M,405.204,2,"",M,NaN,,,0,NaN,,,M,395.636,2,"",394.158,2,"",NaN,,,NaN,,
2024-10-22T22:02:51.000Z,5.397,2,"",M,61.062,2,"",M,6.000,2,"",N,12.132,2,"",M,31.585,2,"",M,12.520,2,"",M,1013.845,2,"",M,405.224,2,"",M,NaN,,,0,NaN,,,M,393.259,2,"",391.792,2,"",NaN,,,NaN,,
2024-10-22T22:04:43.000Z,5.388,2,"",M,61.063,2,"",M,6.000,2,"",N,11.902,2,"",M,31.399,2,"",M,12.530,2,"",M,1014.190,2,"",M,405.825,2,"",M,NaN,,,0,NaN,,,M,389.996,2,"",388.541,2,"",NaN,,,NaN,,
2024-10-22T22:06:35.000Z,5.379,2,"",M,61.064,2,"",M,6.000,2,"",N,11.621,2,"",M,29.828,2,"",M,12.420,2,"",M,1014.340,2,"",M,406.586,2,"",M,NaN,,,0,NaN,,,M,387.998,2,"",386.548,2,"",NaN,,,NaN,,
2024-10-22T22:08:28.000Z,5.369,2,"",M,61.066,2,"",M,6.000,2,"",N,11.682,2,"",M,29.812,2,"",M,12.060,2,"",M,1014.470,2,"",M,403.893,2,"",M,NaN,,,0,NaN,,,M,392.535,2,"",391.061,2,"",NaN,,,NaN,,
2024-10-22T22:10:20.000Z,5.359,2,"",M,61.067,2,"",M,6.000,2,"",N,11.812,2,"",M,30.341,2,"",M,12.090,2,"",M,1014.360,2,"",M,398.648,2,"",M,NaN,,,0,NaN,,,M,389.028,2,"",387.568,2,"",NaN,,,NaN,,
2024-10-22T22:12:13.000Z,5.349,2,"",M,61.069,2,"",M,6.000,2,"",N,11.852,2,"",M,30.479,2,"",M,12.210,2,"",M,1014.380,2,"",M,397.677,2,"",M,NaN,,,0,NaN,,,M,386.734,2,"",385.285,2,"",NaN,,,NaN,,
2024-10-22T22:14:25.000Z,5.338,2,"",M,61.071,2,"",M,6.000,2,"",N,11.928,2,"",M,30.652,2,"",M,12.250,2,"",M,1014.360,2,"",M,398.939,2,"",M,NaN,,,0,NaN,,,M,388.529,2,"",387.074,2,"",NaN,,,NaN,,
2024-10-22T22:18:55.000Z,5.314,2,"",M,61.075,2,"",M,6.000,2,"",N,NaN,,,M,NaN,,,M,NaN,,,M,NaN,,,M,NaN,,,0,NaN,,,0,NaN,,,M,NaN,,,NaN,,,NaN,,,NaN,,
2024-10-22T22:20:45.000Z,5.305,2,"",M,61.076,2,"",M,6.000,2,"",N,NaN,,,M,NaN,,,M,NaN,,,M,NaN,,,M,NaN,,,0,NaN,,,0,NaN,,,M,NaN,,,NaN,,,NaN,,,NaN,,
2024-10-22T22:22:35.000Z,5.296,2,"",M,61.078,2,"",M,6.000,2,"",N,NaN,,,M,NaN,,,M,NaN,,,M,NaN,,,M,NaN,,,0,NaN,,,0,NaN,,,M,NaN,,,NaN,,,NaN,,,NaN,,
2024-10-22T22:27:04.000Z,5.273,2,"",M,61.082,2,"",M,6.000,2,"",N,NaN,,,M,NaN,,,M,NaN,,,M,NaN,,,M,NaN,,,0,NaN,,,0,NaN,,,M,NaN,,,NaN,,,NaN,,,NaN,,
2024-10-22T22:28:54.000Z,5.264,2,"",M,61.083,2,"",M,6.000,2,"",N,NaN,,,M,NaN,,,M,NaN,,,M,NaN,,,M,NaN,,,0,NaN,,,0,NaN,,,M,NaN,,,NaN,,,NaN,,,NaN,,
2024-10-22T22:30:44.000Z,5.254,2,"",M,61.085,2,"",M,6.000,2,"",N,NaN,,,M,NaN,,,M,NaN,,,M,NaN,,,M,NaN,,,0,NaN,,,0,NaN,,,M,NaN,,,NaN,,,NaN,,,NaN,,
2024-10-22T22:35:13.000Z,5.233,2,"",M,61.088,2,"",M,6.000,2,"",N,NaN,,,M,NaN,,,M,NaN,,,M,NaN,,,M,NaN,,,0,NaN,,,0,NaN,,,M,NaN,,,NaN,,,NaN,,,NaN,,
2024-10-22T22:37:03.000Z,5.233,2,"",M,61.089,2,"",M,6.000,2,"",N,NaN,,,M,NaN,,,M,NaN,,,M,NaN,,,M,NaN,,,0,NaN,,,0,NaN,,,M,NaN,,,NaN,,,NaN,,,NaN,,
2024-10-22T22:38:53.000Z,5.233,2,"",M,61.089,2,"",M,6.000,2,"",N,NaN,,,M,NaN,,,M,NaN,,,M,NaN,,,M,NaN,,,0,NaN,,,0,NaN,,,M,NaN,,,NaN,,,NaN,,,NaN,,
2024-10-22T22:44:02.000Z,5.233,2,"",M,61.089,2,"",M,6.000,2,"",N,NaN,,,M,NaN,,,M,NaN,,,M,NaN,,,M,NaN,,,0,NaN,,,0,NaN,,,M,NaN,,,NaN,,,NaN,,,NaN,,
2024-10-22T22:48:36.000Z,5.233,2,"",M,61.089,2,"",M,6.000,2,"",N,NaN,,,M,NaN,,,M,NaN,,,M,NaN,,,M,NaN,,,0,NaN,,,0,NaN,,,M,NaN,,,NaN,,,NaN,,,NaN,,
2024-10-22T22:53:06.000Z,5.233,2,"",M,61.089,2,"",M,6.000,2,"",N,NaN,,,M,NaN,,,M,NaN,,,M,NaN,,,M,NaN,,,0,NaN,,,0,NaN,,,M,NaN,,,NaN,,,NaN,,,NaN,,
2024-10-22T22:54:56.000Z,5.233,2,"",M,61.089,2,"",M,6.000,2,"",N,NaN,,,M,NaN,,,M,NaN,,,M,NaN,,,M,NaN,,,0,NaN,,,0,NaN,,,M,NaN,,,NaN,,,NaN,,,NaN,,
2024-10-22T22:56:45.000Z,5.233,2,"",M,61.089,2,"",M,6.000,2,"",N,NaN,,,M,NaN,,,M,NaN,,,M,NaN,,,M,NaN,,,0,NaN,,,0,NaN,,,M,NaN,,,NaN,,,NaN,,,NaN,,
2024-10-22T23:01:15.000Z,5.233,2,"",M,61.089,2,"",M,6.000,2,"",N,NaN,,,M,NaN,,,M,NaN,,,M,NaN,,,M,NaN,,,0,NaN,,,0,NaN,,,M,NaN,,,NaN,,,NaN,,,NaN,,
2024-10-22T23:03:05.000Z,5.233,2,"",M,61.089,2,"",M,6.000,2,"",N,NaN,,,M,NaN,,,M,NaN,,,M,NaN,,,M,NaN,,,0,NaN,,,0,NaN,,,M,NaN,,,NaN,,,NaN,,,NaN,,
2024-10-22T23:04:55.000Z,5.233,2,"",M,61.089,2,"",M,6.000,2,"",N,NaN,,,M,NaN,,,M,NaN,,,M,NaN,,,M,NaN,,,0,NaN,,,0,NaN,,,M,NaN,,,NaN,,,NaN,,,NaN,,
2024-10-22T23:09:24.000Z,5.233,2,"",M,61.089,2,"",M,6.000,2,"",N,NaN,,,M,NaN,,,M,NaN,,,M,NaN,,,M,NaN,,,0,NaN,,,0,NaN,,,M,NaN,,,NaN,,,NaN,,,NaN,,
2024-10-22T23:11:14.000Z,5.233,2,"",M,61.089,2,"",M,6.000,2,"",N,NaN,,,M,NaN,,,M,NaN,,,M,NaN,,,M,NaN,,,0,NaN,,,0,NaN,,,M,NaN,,,NaN,,,NaN,,,NaN,,
2024-10-22T23:13:04.000Z,5.233,2,"",M,61.089,2,"",M,6.000,2,"",N,NaN,,,M,NaN,,,M,NaN,,,M,NaN,,,M,NaN,,,0,NaN,,,0,NaN,,,M,NaN,,,NaN,,,NaN,,,NaN,,
2024-10-22T23:17:34.000Z,5.233,2,"",M,61.089,2,"",M,6.000,2,"",N,11.920,2,"",M,31.074,2,"",M,NaN,,,M,NaN,,,M,NaN,,,0,422.017,2,"",M,1015.700,2,"",M,NaN,,,NaN,,,418.343,2,"",416.764,2,""
2024-10-22T23:19:23.000Z,5.233,2,"",M,61.089,2,"",M,6.000,2,"",N,11.872,2,"",M,30.994,2,"",M,NaN,,,M,NaN,,,M,NaN,,,0,422.055,2,"",M,1015.700,2,"",M,NaN,,,NaN,,,418.400,2,"",416.819,2,""
2024-10-22T23:21:13.000Z,5.233,2,"",M,61.089,2,"",M,6.000,2,"",N,11.898,2,"",M,31.031,2,"",M,NaN,,,M,NaN,,,M,NaN,,,0,421.744,2,"",M,1015.700,2,"",M,NaN,,,NaN,,,418.081,2,"",416.502,2,""
2024-10-22T23:23:03.000Z,5.233,2,"",M,61.089,2,"",M,6.000,2,"",N,12.057,2,"",M,31.209,2,"",M,NaN,,,M,NaN,,,M,NaN,,,0,421.843,2,"",M,1015.700,2,"",M,NaN,,,NaN,,,418.119,2,"",416.543,2,""
2024-10-22T23:24:53.000Z,5.233,2,"",M,61.089,2,"",M,6.000,2,"",N,11.936,2,"",M,31.080,2,"",M,NaN,,,M,NaN,,,M,NaN,,,0,421.972,2,"",M,1015.700,2,"",M,NaN,,,NaN,,,418.293,2,"",416.714,2,""
2024-10-22T23:30:03.000Z,5.244,2,"",M,61.086,2,"",M,6.000,2,"",N,11.816,2,"",M,30.893,2,"",M,12.270,2,"",M,1015.770,2,"",M,403.137,2,"",M,NaN,,,0,NaN,,,M,390.986,2,"",389.519,2,"",NaN,,,NaN,,
2024-10-22T23:31:55.000Z,5.255,2,"",M,61.084,2,"",M,6.000,2,"",N,11.837,2,"",M,30.900,2,"",M,12.220,2,"",M,1015.870,2,"",M,402.665,2,"",M,NaN,,,0,NaN,,,M,391.746,2,"",390.276,2,"",NaN,,,NaN,,
2024-10-22T23:33:47.000Z,5.266,2,"",M,61.081,2,"",M,6.000,2,"",N,11.900,2,"",M,31.088,2,"",M,12.230,2,"",M,1015.890,2,"",M,401.553,2,"",M,NaN,,,0,NaN,,,M,391.561,2,"",390.092,2,"",NaN,,,NaN,,
2024-10-22T23:35:40.000Z,5.277,2,"",M,61.078,2,"",M,6.000,2,"",N,12.013,2,"",M,31.241,2,"",M,12.290,2,"",M,1015.900,2,"",M,401.542,2,"",M,NaN,,,0,NaN,,,M,392.406,2,"",390.934,2,"",NaN,,,NaN,,
2024-10-22T23:37:32.000Z,5.288,2,"",M,61.076,2,"",M,6.000,2,"",N,11.958,2,"",M,31.228,2,"",M,12.370,2,"",M,1016.050,2,"",M,402.101,2,"",M,NaN,,,0,NaN,,,M,390.748,2,"",389.285,2,"",NaN,,,NaN,,
2024-10-22T23:39:25.000Z,5.299,2,"",M,61.073,2,"",M,6.000,2,"",N,11.982,2,"",M,31.236,2,"",M,12.360,2,"",M,1016.160,2,"",M,403.752,2,"",M,NaN,,,0,NaN,,,M,392.961,2,"",391.489,2,"",NaN,,,NaN,,
2024-10-22T23:41:16.000Z,5.310,2,"",M,61.070,2,"",M,6.000,2,"",N,12.060,2,"",M,31.352,2,"",M,12.370,2,"",M,1016.180,2,"",M,404.632,2,"",M,NaN,,,0,NaN,,,M,394.953,2,"",393.473,2,"",NaN,,,NaN,,
2024-10-22T23:43:30.000Z,5.324,2,"",M,61.067,2,"",M,6.000,2,"",N,11.933,2,"",M,31.461,2,"",M,12.500,2,"",M,1016.210,2,"",M,405.331,2,"",M,NaN,,,0,NaN,,,M,391.321,2,"",389.857,2,"",NaN,,,NaN,,
2024-10-22T23:45:22.000Z,5.335,2,"",M,61.065,2,"",M,6.000,2,"",N,11.991,2,"",M,31.500,2,"",M,12.390,2,"",M,1016.140,2,"",M,405.510,2,"",M,NaN,,,0,NaN,,,M,394.300,2,"",392.823,2,"",NaN,,,NaN,,
2024-10-22T23:47:14.000Z,5.347,2,"",M,61.062,2,"",M,6.000,2,"",N,11.832,2,"",M,30.917,2,"",M,12.410,2,"",M,1016.320,2,"",M,404.508,2,"",M,NaN,,,0,NaN,,,M,390.425,2,"",388.963,2,"",NaN,,,NaN,,
2024-10-22T23:49:06.000Z,5.358,2,"",M,61.059,2,"",M,6.000,2,"",N,11.895,2,"",M,30.892,2,"",M,12.250,2,"",M,1016.260,2,"",M,402.915,2,"",M,NaN,,,0,NaN,,,M,392.605,2,"",391.132,2,"",NaN,,,NaN,,
2024-10-22T23:50:59.000Z,5.369,2,"",M,61.057,2,"",M,6.000,2,"",N,11.824,2,"",M,30.571,2,"",M,12.300,2,"",M,1016.260,2,"",M,401.283,2,"",M,NaN,,,0,NaN,,,M,388.995,2,"",387.537,2,"",NaN,,,NaN,,
2024-10-22T23:52:51.000Z,5.380,2,"",M,61.055,2,"",M,6.000,2,"",N,11.811,2,"",M,30.481,2,"",M,12.240,2,"",M,1016.140,2,"",M,400.731,2,"",M,NaN,,,0,NaN,,,M,389.210,2,"",387.750,2,"",NaN,,,NaN,,
2024-10-22T23:54:43.000Z,5.391,2,"",M,61.052,2,"",M,6.000,2,"",N,12.093,2,"",M,31.058,2,"",M,12.220,2,"",M,1016.060,2,"",M,400.069,2,"",M,NaN,,,0,NaN,,,M,393.536,2,"",392.059,2,"",NaN,,,NaN,,
2024-10-22T23:56:35.000Z,5.401,2,"",M,61.050,2,"",M,6.000,2,"",N,12.173,2,"",M,31.544,2,"",M,12.440,2,"",M,1016.140,2,"",M,400.088,2,"",M,NaN,,,0,NaN,,,M,391.182,2,"",389.718,2,"",NaN,,,NaN,,
2024-10-22T23:58:28.000Z,5.407,2,"",M,61.048,2,"",M,6.000,2,"",N,12.197,2,"",M,31.440,2,"",M,12.550,2,"",M,1016.110,2,"",M,402.509,2,"",M,NaN,,,0,NaN,,,M,392.071,2,"",390.606,2,"",NaN,,,NaN,,
2024-10-23T00:00:20.000Z,5.411,2,"",M,61.047,2,"",M,6.000,2,"",N,12.057,2,"",M,31.143,2,"",M,12.570,2,"",M,1016.430,2,"",M,404.690,2,"",M,NaN,,,0,NaN,,,M,391.655,2,"",390.191,2,"",NaN,,,NaN,,
2024-10-23T00:02:12.000Z,5.413,2,"",M,61.047,2,"",M,6.000,2,"",N,12.258,2,"",M,31.479,2,"",M,12.460,2,"",M,1016.590,2,"",M,405.330,2,"",M,NaN,,,0,NaN,,,M,397.575,2,"",396.087,2,"",NaN,,,NaN,,
2024-10-23T00:04:04.000Z,5.414,2,"",M,61.047,2,"",M,6.000,2,"",N,12.234,2,"",M,31.365,2,"",M,12.640,2,"",M,1016.545,2,"",M,405.539,2,"",M,NaN,,,0,NaN,,,M,394.271,2,"",392.799,2,"",NaN,,,NaN,,
2024-10-23T00:05:57.000Z,5.414,2,"",M,61.047,2,"",M,6.000,2,"",N,12.266,2,"",M,31.612,2,"",M,12.590,2,"",M,1016.470,2,"",M,406.238,2,"",M,NaN,,,0,NaN,,,M,396.323,2,"",394.842,2,"",NaN,,,NaN,,
2024-10-23T00:07:49.000Z,5.414,2,"",M,61.047,2,"",M,6.000,2,"",N,12.028,2,"",M,31.242,2,"",M,12.650,2,"",M,1016.410,2,"",M,407.168,2,"",M,NaN,,,0,NaN,,,M,392.200,2,"",390.735,2,"",NaN,,,NaN,,
2024-10-23T00:09:41.000Z,5.414,2,"",M,61.047,2,"",M,6.000,2,"",N,11.874,2,"",M,30.950,2,"",M,12.470,2,"",M,1016.710,2,"",M,407.227,2,"",M,NaN,,,0,NaN,,,M,392.879,2,"",391.408,2,"",NaN,,,NaN,,
2024-10-23T00:11:33.000Z,5.414,2,"",M,61.047,2,"",M,6.000,2,"",N,12.021,2,"",M,30.847,2,"",M,12.320,2,"",M,1016.720,2,"",M,404.934,2,"",M,NaN,,,0,NaN,,,M,395.661,2,"",394.177,2,"",NaN,,,NaN,,
2024-10-23T00:13:25.000Z,5.414,2,"",M,61.047,2,"",M,6.000,2,"",N,12.038,2,"",M,31.511,2,"",M,12.380,2,"",M,1016.710,2,"",M,402.370,2,"",M,NaN,,,0,NaN,,,M,392.419,2,"",390.949,2,"",NaN,,,NaN,,
2024-10-23T00:15:18.000Z,5.414,2,"",M,61.047,2,"",M,6.000,2,"",N,11.862,2,"",M,30.716,2,"",M,12.490,2,"",M,1016.610,2,"",M,402.519,2,"",M,NaN,,,0,NaN,,,M,387.766,2,"",386.314,2,"",NaN,,,NaN,,
2024-10-23T00:17:10.000Z,5.414,2,"",M,61.047,2,"",M,6.000,2,"",N,11.903,2,"",M,30.787,2,"",M,12.280,2,"",M,1016.690,2,"",M,402.828,2,"",M,NaN,,,0,NaN,,,M,392.317,2,"",390.844,2,"",NaN,,,NaN,,
2024-10-23T00:19:02.000Z,5.414,2,"",M,61.047,2,"",M,6.000,2,"",N,11.918,2,"",M,31.117,2,"",M,12.320,2,"",M,1016.720,2,"",M,401.596,2,"",M,NaN,,,0,NaN,,,M,390.699,2,"",389.234,2,"",NaN,,,NaN,,
2024-10-23T00:20:54.000Z,5.414,2,"",M,61.047,2,"",M,6.000,2,"",N,11.859,2,"",M,30.761,2,"",M,12.370,2,"",M,1016.700,2,"",M,401.465,2,"",M,NaN,,,0,NaN,,,M,388.736,2,"",387.279,2,"",NaN,,,NaN,,
2024-10-23T00:22:47.000Z,5.414,2,"",M,61.047,2,"",M,6.000,2,"",N,12.115,2,"",M,30.888,2,"",M,12.270,2,"",M,1016.600,2,"",M,401.674,2,"",M,NaN,,,0,NaN,,,M,394.848,2,"",393.366,2,"",NaN,,,NaN,,
2024-10-23T00:24:39.000Z,5.414,2,"",M,61.047,2,"",M,6.000,2,"",N,11.931,2,"",M,31.312,2,"",M,12.430,2,"",M,1016.590,2,"",M,400.782,2,"",M,NaN,,,0,NaN,,,M,388.218,2,"",386.764,2,"",NaN,,,NaN,,
2024-10-23T00:26:31.000Z,5.414,2,"",M,61.047,2,"",M,6.000,2,"",N,11.852,2,"",M,30.770,2,"",M,12.350,2,"",M,1016.510,2,"",M,401.812,2,"",M,NaN,,,0,NaN,,,M,389.225,2,"",387.766,2,"",NaN,,,NaN,,
2024-10-23T00:28:23.000Z,5.414,2,"",M,61.047,2,"",M,6.000,2,"",N,11.823,2,"",M,30.765,2,"",M,12.260,2,"",M,1016.500,2,"",M,402.031,2,"",M,NaN,,,0,NaN,,,M,390.469,2,"",389.004,2,"",NaN,,,NaN,,
2024-10-23T00:30:16.000Z,5.414,2,"",M,61.047,2,"",M,6.000,2,"",N,11.869,2,"",M,30.710,2,"",M,12.230,2,"",M,1016.840,2,"",M,400.739,2,"",M,NaN,,,0,NaN,,,M,390.614,2,"",389.146,2,"",NaN,,,NaN,,
2024-10-23T00:32:08.000Z,5.414,2,"",M,61.047,2,"",M,6.000,2,"",N,12.178,2,"",M,31.513,2,"",M,12.280,2,"",M,1016.930,2,"",M,399.537,2,"",M,NaN,,,0,NaN,,,M,393.749,2,"",392.271,2,"",NaN,,,NaN,,
2024-10-23T00:34:00.000Z,5.414,2,"",M,61.047,2,"",M,6.000,2,"",N,11.893,2,"",M,30.999,2,"",M,12.560,2,"",M,1016.980,2,"",M,400.306,2,"",M,NaN,,,0,NaN,,,M,385.119,2,"",383.678,2,"",NaN,,,NaN,,
2024-10-23T00:35:52.000Z,5.414,2,"",M,61.047,2,"",M,6.000,2,"",N,12.043,2,"",I,31.141,2,"",I,12.340,2,"",M,1016.980,2,"",M,402.517,2,"",M,NaN,,,0,NaN,,,M,393.429,2,"",391.954,2,"",NaN,,,NaN,,
2024-10-23T00:37:44.000Z,5.414,2,"",M,61.047,2,"",M,6.000,2,"",N,12.193,2,"",M,31.283,2,"",M,12.440,2,"",M,1016.920,2,"",M,402.165,2,"",M,NaN,,,0,NaN,,,M,393.853,2,"",392.377,2,"",NaN,,,NaN,,
2024-10-23T00:39:37.000Z,5.414,2,"",M,61.047,2,"",M,6.000,2,"",N,11.818,2,"",M,30.762,2,"",M,12.570,2,"",M,1016.820,2,"",M,403.465,2,"",M,NaN,,,0,NaN,,,M,386.691,2,"",385.246,2,"",NaN,,,NaN,,
2024-10-23T00:41:29.000Z,5.414,2,"",M,61.047,2,"",M,6.000,2,"",N,11.820,2,"",M,31.497,2,"",M,12.250,2,"",M,1016.830,2,"",M,403.935,2,"",M,NaN,,,0,NaN,,,M,392.581,2,"",391.107,2,"",NaN,,,NaN,,
2024-10-23T00:43:42.000Z,5.414,2,"",M,61.047,2,"",M,6.000,2,"",N,11.794,2,"",M,30.677,2,"",M,12.230,2,"",M,1016.670,2,"",M,402.242,2,"",M,NaN,,,0,NaN,,,M,390.775,2,"",389.308,2,"",NaN,,,NaN,,
2024-10-23T00:45:34.000Z,5.414,2,"",M,61.047,2,"",M,6.000,2,"",N,11.793,2,"",M,30.661,2,"",M,12.210,2,"",M,1016.690,2,"",M,400.900,2,"",M,NaN,,,0,NaN,,,M,389.795,2,"",388.331,2,"",NaN,,,NaN,,
2024-10-23T00:47:27.000Z,5.414,2,"",M,61.047,2,"",M,6.000,2,"",N,11.812,2,"",M,30.682,2,"",M,12.200,2,"",M,1016.780,2,"",M,399.598,2,"",M,NaN,,,0,NaN,,,M,389.039,2,"",387.577,2,"",NaN,,,NaN,,
2024-10-23T00:49:19.000Z,5.414,2,"",M,61.047,2,"",M,6.000,2,"",N,12.056,2,"",M,31.343,2,"",M,12.210,2,"",M,1016.820,2,"",M,399.116,2,"",M,NaN,,,0,NaN,,,M,392.463,2,"",390.988,2,"",NaN,,,NaN,,
2024-10-23T00:51:11.000Z,5.414,2,"",M,61.047,2,"",M,6.000,2,"",N,11.945,2,"",M,30.781,2,"",M,12.420,2,"",M,1016.890,2,"",M,399.896,2,"",M,NaN,,,0,NaN,,,M,387.871,2,"",386.418,2,"",NaN,,,NaN,,
2024-10-23T00:53:03.000Z,5.414,2,"",M,61.047,2,"",M,6.000,2,"",N,12.247,2,"",M,31.759,2,"",M,12.350,2,"",M,1016.980,2,"",M,400.845,2,"",M,NaN,,,0,NaN,,,M,395.024,2,"",393.543,2,"",NaN,,,NaN,,
2024-10-23T00:54:56.000Z,5.414,2,"",M,61.047,2,"",M,6.000,2,"",N,12.093,2,"",M,31.721,2,"",M,12.620,2,"",M,1016.950,2,"",M,402.125,2,"",M,NaN,,,0,NaN,,,M,389.132,2,"",387.678,2,"",NaN,,,NaN,,
2024-10-23T00:56:48.000Z,5.414,2,"",M,61.047,2,"",M,6.000,2,"",N,11.833,2,"",M,31.814,2,"",M,12.550,2,"",M,1017.160,2,"",M,404.966,2,"",M,NaN,,,0,NaN,,,M,388.845,2,"",387.390,2,"",NaN,,,NaN,,
2024-10-23T00:58:40.000Z,5.414,2,"",M,61.048,2,"",M,6.000,2,"",N,11.995,2,"",M,30.666,2,"",M,12.370,2,"",M,1017.330,2,"",M,405.695,2,"",M,NaN,,,0,NaN,,,M,395.358,2,"",393.875,2,"",NaN,,,NaN,,
2024-10-23T01:00:32.000Z,5.417,2,"",M,61.050,2,"",M,6.000,2,"",N,11.919,2,"",M,30.569,2,"",M,12.390,2,"",M,1017.490,2,"",M,403.383,2,"",M,NaN,,,0,NaN,,,M,391.567,2,"",390.099,2,"",NaN,,,NaN,,
2024-10-23T01:02:24.000Z,5.424,2,"",M,61.051,2,"",M,6.000,2,"",N,11.890,2,"",M,30.778,2,"",M,12.270,2,"",M,1017.410,2,"",M,401.050,2,"",M,NaN,,,0,NaN,,,M,390.810,2,"",389.342,2,"",NaN,,,NaN,,
2024-10-23T01:04:17.000Z,5.431,2,"",M,61.053,2,"",M,6.000,2,"",N,11.884,2,"",M,30.532,2,"",M,12.290,2,"",M,1017.260,2,"",M,400.739,2,"",M,NaN,,,0,NaN,,,M,390.010,2,"",388.546,2,"",NaN,,,NaN,,
2024-10-23T01:06:09.000Z,5.439,2,"",M,61.056,2,"",M,6.000,2,"",N,11.903,2,"",M,30.721,2,"",M,12.260,2,"",M,1017.190,2,"",M,400.447,2,"",M,NaN,,,0,NaN,,,M,390.524,2,"",389.057,2,"",NaN,,,NaN,,
2024-10-23T01:08:01.000Z,5.447,2,"",M,61.058,2,"",M,6.000,2,"",N,11.966,2,"",M,31.002,2,"",M,12.300,2,"",M,1017.160,2,"",M,400.306,2,"",M,NaN,,,0,NaN,,,M,390.739,2,"",389.273,2,"",NaN,,,NaN,,
2024-10-23T01:09:53.000Z,5.455,2,"",M,61.060,2,"",M,6.000,2,"",N,11.934,2,"",M,30.721,2,"",M,12.360,2,"",M,1017.160,2,"",M,401.236,2,"",M,NaN,,,0,NaN,,,M,390.098,2,"",388.635,2,"",NaN,,,NaN,,
2024-10-23T01:11:46.000Z,5.462,2,"",M,61.063,2,"",M,6.000,2,"",N,11.870,2,"",M,31.016,2,"",M,12.370,2,"",M,1017.070,2,"",M,402.285,2,"",M,NaN,,,0,NaN,,,M,389.864,2,"",388.402,2,"",NaN,,,NaN,,
2024-10-23T01:13:38.000Z,5.470,2,"",M,61.065,2,"",M,6.000,2,"",N,11.856,2,"",M,30.536,2,"",M,12.350,2,"",M,1017.000,2,"",M,402.884,2,"",M,NaN,,,0,NaN,,,M,390.530,2,"",389.066,2,"",NaN,,,NaN,,
2024-10-23T01:15:30.000Z,5.478,2,"",M,61.068,2,"",M,6.000,2,"",N,12.140,2,"",M,31.125,2,"",M,12.270,2,"",M,1017.170,2,"",M,402.383,2,"",M,NaN,,,0,NaN,,,M,396.191,2,"",394.703,2,"",NaN,,,NaN,,
2024-10-23T01:17:22.000Z,5.486,2,"",M,61.070,2,"",M,6.000,2,"",N,12.123,2,"",M,31.293,2,"",M,12.490,2,"",M,1017.210,2,"",M,401.831,2,"",M,NaN,,,0,NaN,,,M,391.638,2,"",390.172,2,"",NaN,,,NaN,,
2024-10-23T01:19:15.000Z,5.494,2,"",M,61.073,2,"",M,6.000,2,"",N,12.107,2,"",M,31.271,2,"",M,12.500,2,"",M,1017.180,2,"",M,404.272,2,"",M,NaN,,,0,NaN,,,M,393.566,2,"",392.093,2,"",NaN,,,NaN,,
2024-10-23T01:21:07.000Z,5.503,2,"",M,61.075,2,"",M,6.000,2,"",N,12.108,2,"",M,31.316,2,"",M,12.500,2,"",M,1017.200,2,"",M,405.071,2,"",M,NaN,,,0,NaN,,,M,394.363,2,"",392.887,2,"",NaN,,,NaN,,
2024-10-23T01:22:59.000Z,5.511,2,"",M,61.078,2,"",M,6.000,2,"",N,12.095,2,"",M,31.289,2,"",M,12.510,2,"",M,1017.240,2,"",M,405.640,2,"",M,NaN,,,0,NaN,,,M,394.542,2,"",393.065,2,"",NaN,,,NaN,,
2024-10-23T01:24:51.000Z,5.519,2,"",M,61.080,2,"",M,6.000,2,"",N,12.074,2,"",M,31.242,2,"",M,12.500,2,"",M,1017.320,2,"",M,405.919,2,"",M,NaN,,,0,NaN,,,M,394.665,2,"",393.187,2,"",NaN,,,NaN,,
2024-10-23T01:26:43.000Z,5.527,2,"",M,61.083,2,"",M,6.000,2,"",N,12.076,2,"",M,31.260,2,"",M,12.470,2,"",M,1017.260,2,"",M,405.928,2,"",M,NaN,,,0,NaN,,,M,395.195,2,"",393.714,2,"",NaN,,,NaN,,
2024-10-23T01:28:36.000Z,5.535,2,"",M,61.085,2,"",M,6.000,2,"",N,12.084,2,"",M,31.279,2,"",M,12.470,2,"",M,1017.190,2,"",M,405.577,2,"",M,NaN,,,0,NaN,,,M,394.961,2,"",393.482,2,"",NaN,,,NaN,,
2024-10-23T01:30:28.000Z,5.544,2,"",M,61.088,2,"",M,6.000,2,"",N,12.109,2,"",M,31.344,2,"",M,12.480,2,"",M,1017.100,2,"",M,405.616,2,"",M,NaN,,,0,NaN,,,M,395.208,2,"",393.728,2,"",NaN,,,NaN,,
2024-10-23T01:32:20.000Z,5.552,2,"",M,61.090,2,"",M,6.000,2,"",N,12.099,2,"",M,31.362,2,"",M,12.500,2,"",M,1017.100,2,"",M,405.395,2,"",M,NaN,,,0,NaN,,,M,394.488,2,"",393.012,2,"",NaN,,,NaN,,
2024-10-23T01:34:12.000Z,5.560,2,"",M,61.092,2,"",M,6.000,2,"",N,12.100,2,"",M,31.344,2,"",M,12.490,2,"",M,1017.030,2,"",M,405.604,2,"",M,NaN,,,0,NaN,,,M,394.849,2,"",393.370,2,"",NaN,,,NaN,,
2024-10-23T01:36:05.000Z,5.569,2,"",M,61.094,2,"",M,6.000,2,"",N,12.097,2,"",M,31.362,2,"",M,12.500,2,"",M,1017.130,2,"",M,405.602,2,"",M,NaN,,,0,NaN,,,M,394.665,2,"",393.187,2,"",NaN,,,NaN,,
2024-10-23T01:37:57.000Z,5.577,2,"",M,61.096,2,"",M,6.000,2,"",N,12.131,2,"",M,31.439,2,"",M,12.500,2,"",M,1017.070,2,"",M,405.791,2,"",M,NaN,,,0,NaN,,,M,395.401,2,"",393.920,2,"",NaN,,,NaN,,
2024-10-23T01:39:49.000Z,5.586,2,"",M,61.098,2,"",M,6.000,2,"",N,12.161,2,"",M,31.542,2,"",M,12.520,2,"",M,1017.070,2,"",M,405.760,2,"",M,NaN,,,0,NaN,,,M,395.531,2,"",394.051,2,"",NaN,,,NaN,,
2024-10-23T01:41:41.000Z,5.595,2,"",M,61.100,2,"",M,6.000,2,"",N,12.061,2,"",M,31.576,2,"",M,12.550,2,"",M,1017.080,2,"",M,406.389,2,"",M,NaN,,,0,NaN,,,M,393.965,2,"",392.491,2,"",NaN,,,NaN,,
2024-10-23T01:43:55.000Z,5.605,2,"",M,61.102,2,"",M,6.000,2,"",N,12.064,2,"",M,31.507,2,"",M,12.460,2,"",M,1017.260,2,"",M,406.778,2,"",M,NaN,,,0,NaN,,,M,396.005,2,"",394.522,2,"",NaN,,,NaN,,
2024-10-23T01:45:47.000Z,5.613,2,"",M,61.104,2,"",M,6.000,2,"",N,12.000,2,"",M,31.197,2,"",M,12.470,2,"",M,1017.180,2,"",M,406.727,2,"",M,NaN,,,0,NaN,,,M,394.670,2,"",393.192,2,"",NaN,,,NaN,,
2024-10-23T01:47:39.000Z,5.621,2,"",M,61.106,2,"",M,6.000,2,"",N,12.046,2,"",M,31.150,2,"",M,12.410,2,"",M,1017.230,2,"",M,405.815,2,"",M,NaN,,,0,NaN,,,M,395.610,2,"",394.127,2,"",NaN,,,NaN,,
2024-10-23T01:49:31.000Z,5.630,2,"",M,61.108,2,"",M,6.000,2,"",N,12.075,2,"",M,31.296,2,"",M,12.440,2,"",M,1017.280,2,"",M,403.843,2,"",M,NaN,,,0,NaN,,,M,393.669,2,"",392.194,2,"",NaN,,,NaN,,
2024-10-23T01:51:24.000Z,5.638,2,"",M,61.109,2,"",M,6.000,2,"",N,12.071,2,"",M,31.312,2,"",M,12.480,2,"",M,1017.430,2,"",M,403.442,2,"",M,NaN,,,0,NaN,,,M,392.597,2,"",391.126,2,"",NaN,,,NaN,,
2024-10-23T01:53:16.000Z,5.646,2,"",M,61.111,2,"",M,6.000,2,"",N,12.078,2,"",M,31.322,2,"",M,12.470,2,"",M,1017.390,2,"",M,404.121,2,"",M,NaN,,,0,NaN,,,M,393.528,2,"",392.054,2,"",NaN,,,NaN,,
2024-10-23T01:55:08.000Z,5.655,2,"",M,61.113,2,"",M,6.000,2,"",N,12.074,2,"",M,31.320,2,"",M,12.480,2,"",M,1017.310,2,"",M,404.730,2,"",M,NaN,,,0,NaN,,,M,393.853,2,"",392.378,2,"",NaN,,,NaN,,
2024-10-23T01:57:00.000Z,5.664,2,"",M,61.114,2,"",M,6.000,2,"",N,12.071,2,"",M,31.321,2,"",M,12.470,2,"",M,1017.350,2,"",M,404.829,2,"",M,NaN,,,0,NaN,,,M,394.091,2,"",392.615,2,"",NaN,,,NaN,,
2024-10-23T01:58:53.000Z,5.672,2,"",M,61.116,2,"",M,6.000,2,"",N,12.062,2,"",M,31.310,2,"",M,12.470,2,"",M,1017.360,2,"",M,404.788,2,"",M,NaN,,,0,NaN,,,M,393.895,2,"",392.419,2,"",NaN,,,NaN,,
2024-10-23T02:00:45.000Z,5.681,2,"",M,61.118,2,"",M,6.000,2,"",N,12.052,2,"",M,31.294,2,"",M,12.460,2,"",M,1017.390,2,"",M,404.427,2,"",M,NaN,,,0,NaN,,,M,393.567,2,"",392.092,2,"",NaN,,,NaN,,
2024-10-23T02:02:37.000Z,5.691,2,"",M,61.119,2,"",M,6.000,2,"",N,12.033,2,"",M,31.269,2,"",M,12.450,2,"",M,1017.530,2,"",M,404.446,2,"",M,NaN,,,0,NaN,,,M,393.484,2,"",392.009,2,"",NaN,,,NaN,,
2024-10-23T02:04:29.000Z,5.700,2,"",M,61.121,2,"",M,6.000,2,"",N,12.009,2,"",M,31.234,2,"",M,12.440,2,"",M,1017.580,2,"",M,404.274,2,"",M,NaN,,,0,NaN,,,M,393.116,2,"",391.643,2,"",NaN,,,NaN,,
2024-10-23T02:06:21.000Z,5.709,2,"",M,61.122,2,"",M,6.000,2,"",N,11.991,2,"",M,31.212,2,"",M,12.420,2,"",M,1017.540,2,"",M,403.743,2,"",M,NaN,,,0,NaN,,,M,392.624,2,"",391.152,2,"",NaN,,,NaN,,
2024-10-23T02:08:14.000Z,5.719,2,"",M,61.124,2,"",M,6.000,2,"",N,11.964,2,"",M,31.165,2,"",M,12.390,2,"",M,1017.470,2,"",M,403.322,2,"",M,NaN,,,0,NaN,,,M,392.252,2,"",390.781,2,"",NaN,,,NaN,,
2024-10-23T02:10:06.000Z,5.728,2,"",M,61.125,2,"",M,6.000,2,"",N,11.956,2,"",M,31.160,2,"",M,12.370,2,"",M,1017.430,2,"",M,403.251,2,"",M,NaN,,,0,NaN,,,M,392.362,2,"",390.890,2,"",NaN,,,NaN,,
2024-10-23T02:11:58.000Z,5.738,2,"",M,61.126,2,"",M,6.000,2,"",N,11.943,2,"",M,31.110,2,"",M,12.360,2,"",M,1017.390,2,"",M,403.269,2,"",M,NaN,,,0,NaN,,,M,392.324,2,"",390.852,2,"",NaN,,,NaN,,
2024-10-23T02:13:50.000Z,5.747,2,"",M,61.128,2,"",M,6.000,2,"",N,11.934,2,"",M,31.082,2,"",M,12.340,2,"",M,1017.340,2,"",M,403.368,2,"",M,NaN,,,0,NaN,,,M,392.593,2,"",391.119,2,"",NaN,,,NaN,,
2024-10-23T02:15:43.000Z,5.757,2,"",M,61.129,2,"",M,6.000,2,"",N,11.911,2,"",M,31.071,2,"",M,12.340,2,"",M,1017.540,2,"",M,403.217,2,"",M,NaN,,,0,NaN,,,M,392.132,2,"",390.660,2,"",NaN,,,NaN,,
2024-10-23T02:17:35.000Z,5.766,2,"",M,61.130,2,"",M,6.000,2,"",N,11.861,2,"",M,30.890,2,"",M,12.330,2,"",M,1017.670,2,"",M,402.996,2,"",M,NaN,,,0,NaN,,,M,391.319,2,"",389.850,2,"",NaN,,,NaN,,
2024-10-23T02:19:27.000Z,5.776,2,"",M,61.131,2,"",M,6.000,2,"",N,11.913,2,"",M,30.827,2,"",M,12.290,2,"",M,1017.700,2,"",M,402.034,2,"",M,NaN,,,0,NaN,,,M,391.934,2,"",390.462,2,"",NaN,,,NaN,,
2024-10-23T02:21:19.000Z,5.785,2,"",M,61.133,2,"",M,6.000,2,"",N,11.900,2,"",M,30.877,2,"",M,12.300,2,"",M,1017.690,2,"",M,400.933,2,"",M,NaN,,,0,NaN,,,M,390.473,2,"",389.007,2,"",NaN,,,NaN,,
2024-10-23T02:23:12.000Z,5.795,2,"",M,61.134,2,"",M,6.000,2,"",N,11.890,2,"",M,30.862,2,"",M,12.300,2,"",M,1017.700,2,"",M,400.822,2,"",M,NaN,,,0,NaN,,,M,390.200,2,"",388.735,2,"",NaN,,,NaN,,
2024-10-23T02:25:04.000Z,5.804,2,"",M,61.135,2,"",M,6.000,2,"",N,11.892,2,"",M,30.798,2,"",M,12.280,2,"",M,1017.670,2,"",M,400.911,2,"",M,NaN,,,0,NaN,,,M,390.639,2,"",389.172,2,"",NaN,,,NaN,,
2024-10-23T02:26:56.000Z,5.813,2,"",M,61.136,2,"",M,6.000,2,"",N,11.892,2,"",M,30.778,2,"",M,12.290,2,"",M,1017.630,2,"",M,400.239,2,"",M,NaN,,,0,NaN,,,M,389.805,2,"",388.341,2,"",NaN,,,NaN,,
2024-10-23T02:28:49.000Z,5.823,2,"",M,61.136,2,"",M,6.000,2,"",N,11.870,2,"",M,30.764,2,"",M,12.300,2,"",M,1017.580,2,"",M,399.808,2,"",M,NaN,,,0,NaN,,,M,388.840,2,"",387.379,2,"",NaN,,,NaN,,
2024-10-23T02:30:40.000Z,5.832,2,"",M,61.137,2,"",M,6.000,2,"",N,11.850,2,"",M,30.725,2,"",M,12.280,2,"",M,1017.560,2,"",M,400.037,2,"",M,NaN,,,0,NaN,,,M,389.054,2,"",387.593,2,"",NaN,,,NaN,,
2024-10-23T02:32:33.000Z,5.841,2,"",M,61.138,2,"",M,6.000,2,"",N,11.762,2,"",M,30.104,2,"",M,12.260,2,"",M,1017.450,2,"",M,399.826,2,"",M,NaN,,,0,NaN,,,M,387.700,2,"",386.244,2,"",NaN,,,NaN,,
2024-10-23T02:34:25.000Z,5.850,2,"",M,61.138,2,"",M,6.000,2,"",N,11.708,2,"",M,29.968,2,"",M,12.170,2,"",M,1017.400,2,"",M,397.654,2,"",M,NaN,,,0,NaN,,,M,386.188,2,"",384.736,2,"",NaN,,,NaN,,
2024-10-23T02:36:17.000Z,5.859,2,"",M,61.139,2,"",M,6.000,2,"",N,11.757,2,"",M,30.167,2,"",M,12.120,2,"",M,1017.340,2,"",M,393.602,2,"",M,NaN,,,0,NaN,,,M,383.852,2,"",382.407,2,"",NaN,,,NaN,,
2024-10-23T02:40:47.000Z,5.880,2,"",M,61.140,2,"",M,6.000,2,"",N,NaN,,,M,NaN,,,M,NaN,,,M,NaN,,,M,NaN,,,0,NaN,,,0,NaN,,,M,NaN,,,NaN,,,NaN,,,NaN,,
2024-10-23T02:42:36.000Z,5.888,2,"",M,61.141,2,"",M,6.000,2,"",N,NaN,,,M,NaN,,,M,NaN,,,M,NaN,,,M,NaN,,,0,NaN,,,0,NaN,,,M,NaN,,,NaN,,,NaN,,,NaN,,
2024-10-23T02:44:47.000Z,5.899,2,"",M,61.142,2,"",M,6.000,2,"",N,NaN,,,M,NaN,,,M,NaN,,,M,NaN,,,M,NaN,,,0,NaN,,,0,NaN,,,M,NaN,,,NaN,,,NaN,,,NaN,,
2024-10-23T02:49:17.000Z,5.921,2,"",M,61.143,2,"",M,6.000,2,"",N,NaN,,,M,NaN,,,M,NaN,,,M,NaN,,,M,NaN,,,0,NaN,,,0,NaN,,,M,NaN,,,NaN,,,NaN,,,NaN,,
2024-10-23T02:51:07.000Z,5.930,2,"",M,61.143,2,"",M,6.000,2,"",N,NaN,,,M,NaN,,,M,NaN,,,M,NaN,,,M,NaN,,,0,NaN,,,0,NaN,,,M,NaN,,,NaN,,,NaN,,,NaN,,
2024-10-23T02:52:57.000Z,5.939,2,"",M,61.143,2,"",M,6.000,2,"",N,NaN,,,M,NaN,,,M,NaN,,,M,NaN,,,M,NaN,,,0,NaN,,,0,NaN,,,M,NaN,,,NaN,,,NaN,,,NaN,,
2024-10-23T02:57:26.000Z,5.962,2,"",M,61.142,2,"",M,6.000,2,"",N,NaN,,,M,NaN,,,M,NaN,,,M,NaN,,,M,NaN,,,0,NaN,,,0,NaN,,,M,NaN,,,NaN,,,NaN,,,NaN,,
2024-10-23T02:59:16.000Z,5.971,2,"",M,61.141,2,"",M,6.000,2,"",N,NaN,,,M,NaN,,,M,NaN,,,M,NaN,,,M,NaN,,,0,NaN,,,0,NaN,,,M,NaN,,,NaN,,,NaN,,,NaN,,
2024-10-23T03:01:06.000Z,5.980,2,"",M,61.141,2,"",M,6.000,2,"",N,NaN,,,M,NaN,,,M,NaN,,,M,NaN,,,M,NaN,,,0,NaN,,,0,NaN,,,M,NaN,,,NaN,,,NaN,,,NaN,,
2024-10-23T03:05:36.000Z,6.002,2,"",M,61.139,2,"",M,6.000,2,"",N,11.239,2,"",M,28.473,2,"",M,NaN,,,M,NaN,,,M,NaN,,,0,423.365,2,"",M,1017.800,2,"",M,NaN,,,NaN,,,420.807,2,"",419.201,2,""
2024-10-23T03:07:25.000Z,6.011,2,"",M,61.138,2,"",M,6.000,2,"",N,11.276,2,"",M,28.409,2,"",M,NaN,,,M,NaN,,,M,NaN,,,0,423.006,2,"",M,1017.900,2,"",M,NaN,,,NaN,,,420.477,2,"",418.873,2,""
2024-10-23T03:09:15.000Z,6.020,2,"",M,61.138,2,"",M,6.000,2,"",N,11.292,2,"",M,28.629,2,"",M,NaN,,,M,NaN,,,M,NaN,,,0,423.056,2,"",M,1017.800,2,"",M,NaN,,,NaN,,,420.481,2,"",418.877,2,""
2024-10-23T03:11:05.000Z,6.029,2,"",M,61.137,2,"",M,6.000,2,"",N,11.322,2,"",M,28.952,2,"",M,NaN,,,M,NaN,,,M,NaN,,,0,423.127,2,"",M,1017.800,2,"",M,NaN,,,NaN,,,420.541,2,"",418.938,2,""
2024-10-23T03:12:55.000Z,6.038,2,"",M,61.136,2,"",M,6.000,2,"",N,11.579,2,"",M,29.475,2,"",M,NaN,,,M,NaN,,,M,NaN,,,0,422.728,2,"",M,1017.900,2,"",M,NaN,,,NaN,,,420.092,2,"",418.495,2,""
2024-10-23T03:18:05.000Z,6.064,2,"",M,61.135,2,"",M,6.000,2,"",N,11.204,2,"",M,28.160,2,"",M,11.590,2,"",M,1017.630,2,"",M,375.487,2,"",M,NaN,,,0,NaN,,,M,366.107,2,"",364.720,2,"",NaN,,,NaN,,
2024-10-23T03:19:57.000Z,6.074,2,"",M,61.134,2,"",M,6.000,2,"",N,11.305,2,"",M,28.406,2,"",M,11.620,2,"",M,1017.750,2,"",M,370.476,2,"",M,NaN,,,0,NaN,,,M,362.349,2,"",360.976,2,"",NaN,,,NaN,,
2024-10-23T03:21:50.000Z,6.083,2,"",M,61.133,2,"",M,6.000,2,"",N,11.441,2,"",M,28.613,2,"",M,11.700,2,"",M,1017.680,2,"",M,368.846,2,"",M,NaN,,,0,NaN,,,M,361.547,2,"",360.179,2,"",NaN,,,NaN,,
2024-10-23T03:23:42.000Z,6.093,2,"",M,61.133,2,"",M,6.000,2,"",N,11.356,2,"",M,28.677,2,"",M,11.830,2,"",M,1017.710,2,"",M,371.197,2,"",M,NaN,,,0,NaN,,,M,360.531,2,"",359.169,2,"",NaN,,,NaN,,
2024-10-23T03:25:34.000Z,6.102,2,"",M,61.132,2,"",M,6.000,2,"",N,11.328,2,"",M,28.736,2,"",M,11.780,2,"",M,1017.760,2,"",M,373.778,2,"",M,NaN,,,0,NaN,,,M,363.415,2,"",362.041,2,"",NaN,,,NaN,,
2024-10-23T03:27:26.000Z,6.112,2,"",M,61.131,2,"",M,6.000,2,"",N,11.346,2,"",M,28.817,2,"",M,11.750,2,"",M,1017.880,2,"",M,374.169,2,"",M,NaN,,,0,NaN,,,M,364.587,2,"",363.208,2,"",NaN,,,NaN,,
2024-10-23T03:29:18.000Z,6.121,2,"",M,61.130,2,"",M,6.000,2,"",N,11.302,2,"",M,28.755,2,"",M,11.760,2,"",M,1018.130,2,"",M,374.269,2,"",M,NaN,,,0,NaN,,,M,363.937,2,"",362.560,2,"",NaN,,,NaN,,
2024-10-23T03:31:11.000Z,6.131,2,"",M,61.130,2,"",M,6.000,2,"",N,11.319,2,"",M,28.799,2,"",M,11.730,2,"",M,1018.120,2,"",M,374.110,2,"",M,NaN,,,0,NaN,,,M,364.509,2,"",363.129,2,"",NaN,,,NaN,,
2024-10-23T03:33:03.000Z,6.141,2,"",M,61.129,2,"",M,6.000,2,"",N,11.206,2,"",M,28.463,2,"",M,11.730,2,"",M,1018.080,2,"",M,373.960,2,"",M,NaN,,,0,NaN,,,M,362.618,2,"",361.246,2,"",NaN,,,NaN,,
2024-10-23T03:34:55.000Z,6.151,2,"",M,61.129,2,"",M,6.000,2,"",N,11.244,2,"",M,28.739,2,"",M,11.620,2,"",M,1018.020,2,"",M,372.580,2,"",M,NaN,,,0,NaN,,,M,363.555,2,"",362.177,2,"",NaN,,,NaN,,
2024-10-23T03:36:47.000Z,6.161,2,"",M,61.128,2,"",M,6.000,2,"",N,11.259,2,"",M,28.607,2,"",M,11.660,2,"",M,1018.050,2,"",M,371.400,2,"",M,NaN,,,0,NaN,,,M,362.016,2,"",360.645,2,"",NaN,,,NaN,,
2024-10-23T03:38:39.000Z,6.171,2,"",M,61.127,2,"",M,6.000,2,"",N,11.281,2,"",M,28.758,2,"",M,11.650,2,"",M,1018.040,2,"",M,371.641,2,"",M,NaN,,,0,NaN,,,M,362.753,2,"",361.379,2,"",NaN,,,NaN,,
2024-10-23T03:40:32.000Z,6.181,2,"",M,61.127,2,"",M,6.000,2,"",N,11.154,2,"",M,28.419,2,"",M,11.680,2,"",M,1018.040,2,"",M,372.011,2,"",M,NaN,,,0,NaN,,,M,360.699,2,"",359.333,2,"",NaN,,,NaN,,
2024-10-23T03:42:24.000Z,6.191,2,"",M,61.126,2,"",M,6.000,2,"",N,11.316,2,"",M,28.468,2,"",M,11.600,2,"",M,1018.060,2,"",M,371.832,2,"",M,NaN,,,0,NaN,,,M,364.270,2,"",362.889,2,"",NaN,,,NaN,,
2024-10-23T03:44:37.000Z,6.203,2,"",M,61.125,2,"",M,6.000,2,"",N,11.210,2,"",M,28.556,2,"",M,11.710,2,"",M,1018.230,2,"",M,369.461,2,"",M,NaN,,,0,NaN,,,M,358.670,2,"",357.312,2,"",NaN,,,NaN,,
2024-10-23T03:46:30.000Z,6.212,2,"",M,61.124,2,"",M,6.000,2,"",N,11.234,2,"",M,28.518,2,"",M,11.640,2,"",M,1018.190,2,"",M,369.322,2,"",M,NaN,,,0,NaN,,,M,359.981,2,"",358.616,2,"",NaN,,,NaN,,
2024-10-23T03:48:22.000Z,6.221,2,"",M,61.123,2,"",M,6.000,2,"",N,11.148,2,"",M,28.393,2,"",M,11.640,2,"",M,1018.210,2,"",M,368.602,2,"",M,NaN,,,0,NaN,,,M,357.985,2,"",356.628,2,"",NaN,,,NaN,,
2024-10-23T03:50:14.000Z,6.231,2,"",M,61.121,2,"",M,6.000,2,"",N,11.199,2,"",M,28.425,2,"",M,11.570,2,"",M,1018.120,2,"",M,367.602,2,"",M,NaN,,,0,NaN,,,M,358.828,2,"",357.467,2,"",NaN,,,NaN,,
2024-10-23T03:52:06.000Z,6.240,2,"",M,61.120,2,"",M,6.000,2,"",N,11.002,2,"",M,28.412,2,"",M,11.600,2,"",M,1018.110,2,"",M,367.723,2,"",M,NaN,,,0,NaN,,,M,355.499,2,"",354.151,2,"",NaN,,,NaN,,
2024-10-23T03:53:59.000Z,6.250,2,"",M,61.119,2,"",M,6.000,2,"",N,10.961,2,"",M,27.598,2,"",M,11.470,2,"",M,1018.150,2,"",M,366.983,2,"",M,NaN,,,0,NaN,,,M,356.184,2,"",354.831,2,"",NaN,,,NaN,,
2024-10-23T03:55:51.000Z,6.259,2,"",M,61.117,2,"",M,6.000,2,"",N,11.169,2,"",M,28.065,2,"",M,11.370,2,"",M,1018.070,2,"",M,362.582,2,"",M,NaN,,,0,NaN,,,M,356.523,2,"",355.168,2,"",NaN,,,NaN,,
2024-10-23T03:57:43.000Z,6.269,2,"",M,61.115,2,"",M,6.000,2,"",N,11.176,2,"",M,28.273,2,"",M,11.540,2,"",M,1017.990,2,"",M,359.561,2,"",M,NaN,,,0,NaN,,,M,351.050,2,"",349.718,2,"",NaN,,,NaN,,
2024-10-23T03:59:35.000Z,6.278,2,"",M,61.114,2,"",M,6.000,2,"",N,11.060,2,"",M,28.224,2,"",M,11.560,2,"",M,1018.000,2,"",M,362.092,2,"",M,NaN,,,0,NaN,,,M,351.487,2,"",350.154,2,"",NaN,,,NaN,,
2024-10-23T04:01:27.000Z,6.287,2,"",M,61.112,2,"",M,6.000,2,"",N,11.086,2,"",M,28.255,2,"",M,11.500,2,"",M,1017.990,2,"",M,363.733,2,"",M,NaN,,,0,NaN,,,M,354.379,2,"",353.034,2,"",NaN,,,NaN,,
2024-10-23T04:03:20.000Z,6.296,2,"",M,61.109,2,"",M,6.000,2,"",N,11.004,2,"",M,27.990,2,"",M,11.530,2,"",M,1018.110,2,"",M,363.294,2,"",M,NaN,,,0,NaN,,,M,352.313,2,"",350.977,2,"",NaN,,,NaN,,
2024-10-23T04:05:12.000Z,6.304,2,"",M,61.107,2,"",M,6.000,2,"",N,11.058,2,"",M,28.139,2,"",M,11.430,2,"",M,1018.150,2,"",M,362.124,2,"",M,NaN,,,0,NaN,,,M,353.518,2,"",352.175,2,"",NaN,,,NaN,,
2024-10-23T04:07:04.000Z,6.313,2,"",M,61.105,2,"",M,6.000,2,"",N,11.046,2,"",M,28.302,2,"",M,11.480,2,"",M,1018.160,2,"",M,360.704,2,"",M,NaN,,,0,NaN,,,M,351.202,2,"",349.868,2,"",NaN,,,NaN,,
2024-10-23T04:08:56.000Z,6.322,2,"",M,61.103,2,"",M,6.000,2,"",N,11.127,2,"",M,28.175,2,"",M,11.480,2,"",M,1018.110,2,"",M,362.305,2,"",M,NaN,,,0,NaN,,,M,353.953,2,"",352.609,2,"",NaN,,,NaN,,
2024-10-23T04:10:49.000Z,6.331,2,"",M,61.101,2,"",M,6.000,2,"",N,11.159,2,"",M,28.031,2,"",M,11.540,2,"",M,1018.080,2,"",M,362.745,2,"",M,NaN,,,0,NaN,,,M,353.926,2,"",352.583,2,"",NaN,,,NaN,,
2024-10-23T04:12:41.000Z,6.339,2,"",M,61.099,2,"",M,6.000,2,"",N,11.105,2,"",M,27.998,2,"",M,11.570,2,"",M,1018.030,2,"",M,361.985,2,"",M,NaN,,,0,NaN,,,M,351.918,2,"",350.584,2,"",NaN,,,NaN,,
2024-10-23T04:14:33.000Z,6.348,2,"",M,61.098,2,"",M,6.000,2,"",N,11.059,2,"",M,27.820,2,"",M,11.530,2,"",M,1017.870,2,"",M,360.555,2,"",M,NaN,,,0,NaN,,,M,350.386,2,"",349.056,2,"",NaN,,,NaN,,
2024-10-23T04:16:25.000Z,6.358,2,"",M,61.097,2,"",M,6.000,2,"",N,10.980,2,"",M,27.647,2,"",M,11.480,2,"",M,1017.840,2,"",M,358.885,2,"",M,NaN,,,0,NaN,,,M,348.346,2,"",347.024,2,"",NaN,,,NaN,,
2024-10-23T04:18:17.000Z,6.368,2,"",M,61.096,2,"",M,6.000,2,"",N,10.949,2,"",M,27.571,2,"",M,11.430,2,"",M,1017.820,2,"",M,356.404,2,"",M,NaN,,,0,NaN,,,M,346.221,2,"",344.906,2,"",NaN,,,NaN,,
2024-10-23T04:20:10.000Z,6.378,2,"",M,61.096,2,"",M,6.000,2,"",N,10.959,2,"",M,27.667,2,"",M,11.380,2,"",M,1017.820,2,"",M,354.194,2,"",M,NaN,,,0,NaN,,,M,344.970,2,"",343.659,2,"",NaN,,,NaN,,
2024-10-23T04:22:02.000Z,6.388,2,"",M,61.096,2,"",M,6.000,2,"",N,10.880,2,"",M,27.496,2,"",M,11.380,2,"",M,1017.790,2,"",M,353.464,2,"",M,NaN,,,0,NaN,,,M,343.098,2,"",341.794,2,"",NaN,,,NaN,,
2024-10-23T04:23:54.000Z,6.397,2,"",M,61.096,2,"",M,6.000,2,"",N,10.843,2,"",M,27.252,2,"",M,11.300,2,"",M,1017.640,2,"",M,353.294,2,"",M,NaN,,,0,NaN,,,M,343.530,2,"",342.223,2,"",NaN,,,NaN,,
2024-10-23T04:25:46.000Z,6.407,2,"",M,61.096,2,"",M,6.000,2,"",N,10.819,2,"",M,27.279,2,"",M,11.250,2,"",M,1017.930,2,"",M,350.924,2,"",M,NaN,,,0,NaN,,,M,341.712,2,"",340.412,2,"",NaN,,,NaN,,
2024-10-23T04:27:39.000Z,6.416,2,"",M,61.096,2,"",M,6.000,2,"",N,10.880,2,"",M,27.377,2,"",M,11.250,2,"",M,1017.770,2,"",M,348.673,2,"",M,NaN,,,0,NaN,,,M,340.336,2,"",339.041,2,"",NaN,,,NaN,,
2024-10-23T04:29:31.000Z,6.426,2,"",M,61.097,2,"",M,6.000,2,"",N,10.876,2,"",M,27.395,2,"",M,11.300,2,"",M,1017.980,2,"",M,348.314,2,"",M,NaN,,,0,NaN,,,M,339.271,2,"",337.980,2,"",NaN,,,NaN,,
2024-10-23T04:31:22.000Z,6.435,2,"",M,61.098,2,"",M,6.000,2,"",N,10.909,2,"",M,27.440,2,"",M,11.300,2,"",M,1017.890,2,"",M,349.094,2,"",M,NaN,,,0,NaN,,,M,340.470,2,"",339.175,2,"",NaN,,,NaN,,
2024-10-23T04:33:14.000Z,6.445,2,"",M,61.099,2,"",M,6.000,2,"",N,10.887,2,"",M,27.634,2,"",M,11.310,2,"",M,1018.000,2,"",M,349.505,2,"",M,NaN,,,0,NaN,,,M,340.449,2,"",339.153,2,"",NaN,,,NaN,,
2024-10-23T04:35:06.000Z,6.454,2,"",M,61.100,2,"",M,6.000,2,"",N,11.042,2,"",M,27.800,2,"",M,11.320,2,"",M,1017.960,2,"",M,350.786,2,"",M,NaN,,,0,NaN,,,M,343.776,2,"",342.468,2,"",NaN,,,NaN,,
2024-10-23T04:36:59.000Z,6.464,2,"",M,61.101,2,"",M,6.000,2,"",N,11.094,2,"",M,28.037,2,"",M,11.430,2,"",M,1017.900,2,"",M,352.697,2,"",M,NaN,,,0,NaN,,,M,344.758,2,"",343.449,2,"",NaN,,,NaN,,
2024-10-23T04:38:51.000Z,6.473,2,"",M,61.103,2,"",M,6.000,2,"",N,11.129,2,"",M,28.313,2,"",M,11.470,2,"",M,1017.990,2,"",M,356.409,2,"",M,NaN,,,0,NaN,,,M,348.327,2,"",347.004,2,"",NaN,,,NaN,,
2024-10-23T04:40:43.000Z,6.481,2,"",M,61.105,2,"",M,6.000,2,"",N,11.084,2,"",M,28.159,2,"",M,11.530,2,"",M,1017.900,2,"",M,360.641,2,"",M,NaN,,,0,NaN,,,M,350.860,2,"",349.529,2,"",NaN,,,NaN,,
2024-10-23T04:42:35.000Z,6.489,2,"",M,61.108,2,"",M,6.000,2,"",N,11.144,2,"",M,28.166,2,"",M,11.490,2,"",M,1017.970,2,"",M,362.612,2,"",M,NaN,,,0,NaN,,,M,354.303,2,"",352.958,2,"",NaN,,,NaN,,
2024-10-23T04:44:49.000Z,6.498,2,"",M,61.112,2,"",M,6.000,2,"",N,11.256,2,"",M,28.329,2,"",M,11.580,2,"",M,1017.940,2,"",M,361.873,2,"",M,NaN,,,0,NaN,,,M,353.877,2,"",352.536,2,"",NaN,,,NaN,,
2024-10-23T04:46:41.000Z,6.506,2,"",M,61.115,2,"",M,6.000,2,"",N,11.340,2,"",M,28.530,2,"",M,11.660,2,"",M,1017.890,2,"",M,362.873,2,"",M,NaN,,,0,NaN,,,M,354.862,2,"",353.518,2,"",NaN,,,NaN,,
2024-10-23T04:48:33.000Z,6.514,2,"",M,61.118,2,"",M,6.000,2,"",N,11.275,2,"",M,28.540,2,"",M,11.740,2,"",M,1017.790,2,"",M,365.575,2,"",M,NaN,,,0,NaN,,,M,355.270,2,"",353.926,2,"",NaN,,,NaN,,
2024-10-23T04:50:25.000Z,6.520,2,"",M,61.120,2,"",M,6.000,2,"",N,11.305,2,"",M,28.457,2,"",M,11.690,2,"",M,1017.680,2,"",M,367.406,2,"",M,NaN,,,0,NaN,,,M,358.230,2,"",356.874,2,"",NaN,,,NaN,,
2024-10-23T04:52:17.000Z,6.524,2,"",M,61.121,2,"",M,6.000,2,"",N,11.269,2,"",M,28.492,2,"",M,11.700,2,"",M,1017.590,2,"",M,367.377,2,"",M,NaN,,,0,NaN,,,M,357.477,2,"",356.124,2,"",NaN,,,NaN,,
2024-10-23T04:54:10.000Z,6.525,2,"",M,61.121,2,"",M,6.000,2,"",N,11.211,2,"",M,28.386,2,"",M,11.680,2,"",M,1017.880,2,"",M,367.427,2,"",M,NaN,,,0,NaN,,,M,357.049,2,"",355.697,2,"",NaN,,,NaN,,
2024-10-23T04:56:02.000Z,6.525,2,"",M,61.121,2,"",M,6.000,2,"",N,11.254,2,"",M,28.476,2,"",M,11.640,2,"",M,1017.910,2,"",M,367.017,2,"",M,NaN,,,0,NaN,,,M,357.939,2,"",356.583,2,"",NaN,,,NaN,,
2024-10-23T04:57:54.000Z,6.525,2,"",M,61.121,2,"",M,6.000,2,"",N,11.248,2,"",M,28.418,2,"",M,11.670,2,"",M,1017.930,2,"",M,366.488,2,"",M,NaN,,,0,NaN,,,M,356.877,2,"",355.526,2,"",NaN,,,NaN,,
2024-10-23T04:59:46.000Z,6.525,2,"",M,61.121,2,"",M,6.000,2,"",N,11.235,2,"",M,28.400,2,"",M,11.670,2,"",M,1017.990,2,"",M,366.658,2,"",M,NaN,,,0,NaN,,,M,356.856,2,"",355.505,2,"",NaN,,,NaN,,
2024-10-23T05:01:39.000Z,6.525,2,"",M,61.121,2,"",M,6.000,2,"",N,11.246,2,"",M,28.409,2,"",M,11.650,2,"",M,1017.960,2,"",M,366.358,2,"",M,NaN,,,0,NaN,,,M,357.030,2,"",355.678,2,"",NaN,,,NaN,,
2024-10-23T05:03:31.000Z,6.526,2,"",M,61.121,2,"",M,6.000,2,"",N,11.300,2,"",M,28.451,2,"",M,11.660,2,"",M,1017.930,2,"",M,366.049,2,"",M,NaN,,,0,NaN,,,M,357.383,2,"",356.030,2,"",NaN,,,NaN,,
2024-10-23T05:05:23.000Z,6.526,2,"",M,61.121,2,"",M,6.000,2,"",N,11.348,2,"",M,28.462,2,"",M,11.700,2,"",M,1017.880,2,"",M,366.369,2,"",M,NaN,,,0,NaN,,,M,357.793,2,"",356.438,2,"",NaN,,,NaN,,
2024-10-23T05:07:15.000Z,6.527,2,"",M,61.121,2,"",M,6.000,2,"",N,11.301,2,"",M,28.530,2,"",M,11.720,2,"",M,1017.840,2,"",M,367.080,2,"",M,NaN,,,0,NaN,,,M,357.443,2,"",356.091,2,"",NaN,,,NaN,,
2024-10-23T05:09:07.000Z,6.527,2,"",M,61.121,2,"",M,6.000,2,"",N,11.219,2,"",M,28.475,2,"",M,11.720,2,"",M,1017.900,2,"",M,368.201,2,"",M,NaN,,,0,NaN,,,M,357.318,2,"",355.966,2,"",NaN,,,NaN,,
2024-10-23T05:11:00.000Z,6.527,2,"",M,61.121,2,"",M,6.000,2,"",N,11.280,2,"",M,28.476,2,"",M,11.660,2,"",M,1017.900,2,"",M,368.202,2,"",M,NaN,,,0,NaN,,,M,359.162,2,"",357.802,2,"",NaN,,,NaN,,
2024-10-23T05:12:52.000Z,6.527,2,"",M,61.121,2,"",M,6.000,2,"",N,11.217,2,"",M,28.416,2,"",M,11.690,2,"",M,1017.820,2,"",M,367.292,2,"",M,NaN,,,0,NaN,,,M,356.832,2,"",355.481,2,"",NaN,,,NaN,,
2024-10-23T05:14:44.000Z,6.527,2,"",M,61.121,2,"",M,6.000,2,"",N,11.287,2,"",M,28.550,2,"",M,11.640,2,"",M,1017.590,2,"",M,367.222,2,"",M,NaN,,,0,NaN,,,M,358.517,2,"",357.160,2,"",NaN,,,NaN,,
2024-10-23T05:16:36.000Z,6.528,2,"",M,61.121,2,"",M,6.000,2,"",N,11.254,2,"",M,28.437,2,"",M,11.710,2,"",M,1017.650,2,"",M,367.142,2,"",M,NaN,,,0,NaN,,,M,356.879,2,"",355.528,2,"",NaN,,,NaN,,
2024-10-23T05:18:28.000Z,6.528,2,"",M,61.121,2,"",M,6.000,2,"",N,11.224,2,"",M,28.300,2,"",M,11.660,2,"",M,1017.530,2,"",M,367.403,2,"",M,NaN,,,0,NaN,,,M,357.413,2,"",356.060,2,"",NaN,,,NaN,,
2024-10-23T05:20:20.000Z,6.529,2,"",M,61.121,2,"",M,6.000,2,"",N,11.221,2,"",M,28.333,2,"",M,11.640,2,"",M,1017.430,2,"",M,366.483,2,"",M,NaN,,,0,NaN,,,M,356.746,2,"",355.395,2,"",NaN,,,NaN,,
2024-10-23T05:22:13.000Z,6.530,2,"",M,61.122,2,"",M,6.000,2,"",N,11.241,2,"",M,28.385,2,"",M,11.630,2,"",M,1017.830,2,"",M,365.763,2,"",M,NaN,,,0,NaN,,,M,356.636,2,"",355.284,2,"",NaN,,,NaN,,
2024-10-23T05:24:05.000Z,6.530,2,"",M,61.122,2,"",M,6.000,2,"",N,11.250,2,"",M,28.378,2,"",M,11.660,2,"",M,1017.980,2,"",M,365.793,2,"",M,NaN,,,0,NaN,,,M,356.394,2,"",355.045,2,"",NaN,,,NaN,,
2024-10-23T05:25:57.000Z,6.530,2,"",M,61.122,2,"",M,6.000,2,"",N,11.235,2,"",M,28.351,2,"",M,11.660,2,"",M,1017.940,2,"",M,366.354,2,"",M,NaN,,,0,NaN,,,M,356.699,2,"",355.348,2,"",NaN,,,NaN,,
2024-10-23T05:27:49.000Z,6.530,2,"",M,61.122,2,"",M,6.000,2,"",N,11.218,2,"",M,28.379,2,"",M,11.640,2,"",M,1018.020,2,"",M,365.964,2,"",M,NaN,,,0,NaN,,,M,356.401,2,"",355.051,2,"",NaN,,,NaN,,
2024-10-23T05:29:41.000Z,6.530,2,"",M,61.122,2,"",M,6.000,2,"",N,11.206,2,"",M,28.353,2,"",M,11.630,2,"",M,1017.980,2,"",M,365.925,2,"",M,NaN,,,0,NaN,,,M,356.319,2,"",354.969,2,"",NaN,,,NaN,,
2024-10-23T05:31:34.000Z,6.530,2,"",M,61.122,2,"",M,6.000,2,"",N,11.207,2,"",M,28.334,2,"",M,11.610,2,"",M,1017.990,2,"",M,365.455,2,"",M,NaN,,,0,NaN,,,M,356.188,2,"",354.838,2,"",NaN,,,NaN,,
2024-10-23T05:33:26.000Z,6.530,2,"",M,61.122,2,"",M,6.000,2,"",N,11.200,2,"",M,28.284,2,"",M,11.630,2,"",M,1018.050,2,"",M,365.305,2,"",M,NaN,,,0,NaN,,,M,355.656,2,"",354.309,2,"",NaN,,,NaN,,
2024-10-23T05:35:18.000Z,6.530,2,"",M,61.122,2,"",M,6.000,2,"",N,11.268,2,"",M,28.377,2,"",M,11.620,2,"",M,1018.100,2,"",M,364.926,2,"",M,NaN,,,0,NaN,,,M,356.483,2,"",355.132,2,"",NaN,,,NaN,,
2024-10-23T05:37:10.000Z,6.530,2,"",M,61.122,2,"",M,6.000,2,"",N,11.221,2,"",M,28.377,2,"",M,11.680,2,"",M,1018.000,2,"",M,365.156,2,"",M,NaN,,,0,NaN,,,M,355.038,2,"",353.693,2,"",NaN,,,NaN,,
2024-10-23T05:39:03.000Z,6.530,2,"",M,61.122,2,"",M,6.000,2,"",N,11.156,2,"",M,28.243,2,"",M,11.620,2,"",M,1017.910,2,"",M,365.967,2,"",M,NaN,,,0,NaN,,,M,355.746,2,"",354.398,2,"",NaN,,,NaN,,
2024-10-23T05:40:55.000Z,6.530,2,"",M,61.122,2,"",M,6.000,2,"",N,11.134,2,"",M,28.167,2,"",M,11.570,2,"",M,1017.820,2,"",M,365.167,2,"",M,NaN,,,0,NaN,,,M,355.361,2,"",354.014,2,"",NaN,,,NaN,,
2024-10-23T05:42:47.000Z,6.530,2,"",M,61.122,2,"",M,6.000,2,"",N,11.125,2,"",M,28.155,2,"",M,11.540,2,"",M,1017.820,2,"",M,363.947,2,"",M,NaN,,,0,NaN,,,M,354.509,2,"",353.164,2,"",NaN,,,NaN,,
2024-10-23T05:45:00.000Z,6.530,2,"",M,61.122,2,"",M,6.000,2,"",N,11.176,2,"",M,28.305,2,"",M,11.560,2,"",M,1018.010,2,"",M,363.017,2,"",M,NaN,,,0,NaN,,,M,354.123,2,"",352.780,2,"",NaN,,,NaN,,
2024-10-23T05:46:53.000Z,6.530,2,"",M,61.122,2,"",M,6.000,2,"",N,11.126,2,"",M,28.204,2,"",M,11.590,2,"",M,1017.950,2,"",M,363.337,2,"",M,NaN,,,0,NaN,,,M,353.203,2,"",351.865,2,"",NaN,,,NaN,,
2024-10-23T05:48:45.000Z,6.530,2,"",M,61.122,2,"",M,6.000,2,"",N,11.095,2,"",M,28.215,2,"",M,11.540,2,"",M,1018.020,2,"",M,363.788,2,"",M,NaN,,,0,NaN,,,M,353.968,2,"",352.625,2,"",NaN,,,NaN,,
2024-10-23T05:50:37.000Z,6.530,2,"",M,61.122,2,"",M,6.000,2,"",N,11.157,2,"",M,28.208,2,"",M,11.530,2,"",M,1018.090,2,"",M,363.308,2,"",M,NaN,,,0,NaN,,,M,354.616,2,"",353.270,2,"",NaN,,,NaN,,
2024-10-23T05:52:29.000Z,6.530,2,"",M,61.122,2,"",M,6.000,2,"",N,11.146,2,"",M,28.304,2,"",M,11.570,2,"",M,1018.020,2,"",M,363.159,2,"",M,NaN,,,0,NaN,,,M,353.668,2,"",352.327,2,"",NaN,,,NaN,,
2024-10-23T05:54:22.000Z,6.530,2,"",M,61.122,2,"",M,6.000,2,"",N,11.089,2,"",M,28.120,2,"",M,11.570,2,"",M,1017.830,2,"",M,363.359,2,"",M,NaN,,,0,NaN,,,M,352.936,2,"",351.598,2,"",NaN,,,NaN,,
2024-10-23T05:56:14.000Z,6.530,2,"",M,61.122,2,"",M,6.000,2,"",N,11.033,2,"",M,28.156,2,"",M,11.500,2,"",M,1017.940,2,"",M,363.259,2,"",M,NaN,,,0,NaN,,,M,353.116,2,"",351.776,2,"",NaN,,,NaN,,
2024-10-23T05:58:06.000Z,6.530,2,"",M,61.122,2,"",M,6.000,2,"",N,11.052,2,"",M,28.090,2,"",M,11.470,2,"",M,1017.920,2,"",M,362.179,2,"",M,NaN,,,0,NaN,,,M,352.791,2,"",351.452,2,"",NaN,,,NaN,,
2024-10-23T05:59:58.000Z,6.530,2,"",M,61.122,2,"",M,6.000,2,"",N,11.049,2,"",M,28.073,2,"",M,11.470,2,"",M,1017.895,2,"",M,361.459,2,"",M,NaN,,,0,NaN,,,M,352.042,2,"",350.705,2,"",NaN,,,NaN,,
2024-10-23T06:01:51.000Z,6.530,2,"",M,61.122,2,"",M,6.000,2,"",N,11.059,2,"",M,28.090,2,"",M,11.480,2,"",M,1017.880,2,"",M,361.099,2,"",M,NaN,,,0,NaN,,,M,351.682,2,"",350.347,2,"",NaN,,,NaN,,
2024-10-23T06:03:43.000Z,6.530,2,"",M,61.122,2,"",M,6.000,2,"",N,11.061,2,"",M,28.105,2,"",M,11.480,2,"",M,1017.830,2,"",M,360.880,2,"",M,NaN,,,0,NaN,,,M,351.478,2,"",350.144,2,"",NaN,,,NaN,,
2024-10-23T06:05:35.000Z,6.530,2,"",M,61.122,2,"",M,6.000,2,"",N,11.059,2,"",M,28.105,2,"",M,11.470,2,"",M,1017.930,2,"",M,361.020,2,"",M,NaN,,,0,NaN,,,M,351.772,2,"",350.436,2,"",NaN,,,NaN,,
2024-10-23T06:07:27.000Z,6.530,2,"",M,61.122,2,"",M,6.000,2,"",N,11.048,2,"",M,28.109,2,"",M,11.480,2,"",M,1017.930,2,"",M,360.991,2,"",M,NaN,,,0,NaN,,,M,351.434,2,"",350.100,2,"",NaN,,,NaN,,
2024-10-23T06:09:19.000Z,6.530,2,"",M,61.122,2,"",M,6.000,2,"",N,11.025,2,"",M,28.083,2,"",M,11.470,2,"",M,1017.900,2,"",M,360.891,2,"",M,NaN,,,0,NaN,,,M,351.123,2,"",349.790,2,"",NaN,,,NaN,,
2024-10-23T06:11:12.000Z,6.530,2,"",M,61.122,2,"",M,6.000,2,"",N,11.036,2,"",M,28.062,2,"",M,11.440,2,"",M,1017.890,2,"",M,360.951,2,"",M,NaN,,,0,NaN,,,M,351.806,2,"",350.470,2,"",NaN,,,NaN,,
2024-10-23T06:13:04.000Z,6.530,2,"",M,61.122,2,"",M,6.000,2,"",N,11.033,2,"",M,28.070,2,"",M,11.460,2,"",M,1017.980,2,"",M,360.482,2,"",M,NaN,,,0,NaN,,,M,351.033,2,"",349.700,2,"",NaN,,,NaN,,
2024-10-23T06:14:56.000Z,6.530,2,"",M,61.122,2,"",M,6.000,2,"",N,11.014,2,"",M,28.044,2,"",M,11.460,2,"",M,1017.980,2,"",M,360.432,2,"",M,NaN,,,0,NaN,,,M,350.693,2,"",349.361,2,"",NaN,,,NaN,,
2024-10-23T06:16:48.000Z,6.530,2,"",M,61.122,2,"",M,6.000,2,"",N,11.022,2,"",M,28.041,2,"",M,11.430,2,"",M,1017.990,2,"",M,360.022,2,"",M,NaN,,,0,NaN,,,M,350.879,2,"",349.546,2,"",NaN,,,NaN,,
2024-10-23T06:18:40.000Z,6.530,2,"",M,61.122,2,"",M,6.000,2,"",N,11.015,2,"",M,28.052,2,"",M,11.440,2,"",M,1018.200,2,"",M,359.992,2,"",M,NaN,,,0,NaN,,,M,350.669,2,"",349.337,2,"",NaN,,,NaN,,
2024-10-23T06:20:33.000Z,6.530,2,"",M,61.122,2,"",M,6.000,2,"",N,11.002,2,"",M,28.053,2,"",M,11.430,2,"",M,1018.160,2,"",M,359.983,2,"",M,NaN,,,0,NaN,,,M,350.601,2,"",349.269,2,"",NaN,,,NaN,,
2024-10-23T06:22:25.000Z,6.530,2,"",M,61.122,2,"",M,6.000,2,"",N,10.994,2,"",M,27.890,2,"",M,11.420,2,"",M,1018.180,2,"",M,359.883,2,"",M,NaN,,,0,NaN,,,M,350.545,2,"",349.213,2,"",NaN,,,NaN,,
2024-10-23T06:24:17.000Z,6.530,2,"",M,61.122,2,"",M,6.000,2,"",N,10.987,2,"",M,27.890,2,"",M,11.410,2,"",M,1018.180,2,"",M,359.103,2,"",M,NaN,,,0,NaN,,,M,349.837,2,"",348.508,2,"",NaN,,,NaN,,
2024-10-23T06:28:47.000Z,6.530,2,"",M,61.122,2,"",M,6.000,2,"",N,NaN,,,M,NaN,,,M,NaN,,,M,NaN,,,M,NaN,,,0,NaN,,,0,NaN,,,M,NaN,,,NaN,,,NaN,,,NaN,,
2024-10-23T06:30:37.000Z,6.530,2,"",M,61.122,2,"",M,6.000,2,"",N,NaN,,,M,NaN,,,M,NaN,,,M,NaN,,,M,NaN,,,0,NaN,,,0,NaN,,,M,NaN,,,NaN,,,NaN,,,NaN,,
2024-10-23T06:32:26.000Z,6.530,2,"",M,61.122,2,"",M,6.000,2,"",N,NaN,,,M,NaN,,,M,NaN,,,M,NaN,,,M,NaN,,,0,NaN,,,0,NaN,,,M,NaN,,,NaN,,,NaN,,,NaN,,
2024-10-23T06:36:56.000Z,6.530,2,"",M,61.122,2,"",M,6.000,2,"",N,NaN,,,M,NaN,,,M,NaN,,,M,NaN,,,M,NaN,,,0,NaN,,,0,NaN,,,M,NaN,,,NaN,,,NaN,,,NaN,,
2024-10-23T06:38:46.000Z,6.530,2,"",M,61.122,2,"",M,6.000,2,"",N,NaN,,,M,NaN,,,M,NaN,,,M,NaN,,,M,NaN,,,0,NaN,,,0,NaN,,,M,NaN,,,NaN,,,NaN,,,NaN,,
2024-10-23T06:40:36.000Z,6.530,2,"",M,61.122,2,"",M,6.000,2,"",N,NaN,,,M,NaN,,,M,NaN,,,M,NaN,,,M,NaN,,,0,NaN,,,0,NaN,,,M,NaN,,,NaN,,,NaN,,,NaN,,
2024-10-23T06:45:05.000Z,6.530,2,"",M,61.122,2,"",M,6.000,2,"",N,NaN,,,M,NaN,,,M,NaN,,,M,NaN,,,M,NaN,,,0,NaN,,,0,NaN,,,M,NaN,,,NaN,,,NaN,,,NaN,,
2024-10-23T06:47:16.000Z,6.530,2,"",M,61.122,2,"",M,6.000,2,"",N,NaN,,,M,NaN,,,M,NaN,,,M,NaN,,,M,NaN,,,0,NaN,,,0,NaN,,,M,NaN,,,NaN,,,NaN,,,NaN,,
2024-10-23T06:49:06.000Z,6.530,2,"",M,61.122,2,"",M,6.000,2,"",N,NaN,,,M,NaN,,,M,NaN,,,M,NaN,,,M,NaN,,,0,NaN,,,0,NaN,,,M,NaN,,,NaN,,,NaN,,,NaN,,
2024-10-23T06:53:36.000Z,6.530,2,"",M,61.122,2,"",M,6.000,2,"",N,10.999,2,"",M,28.072,2,"",M,NaN,,,M,NaN,,,M,NaN,,,0,423.993,2,"",M,1018.000,2,"",M,NaN,,,NaN,,,421.601,2,"",419.987,2,""
2024-10-23T06:55:26.000Z,6.530,2,"",M,61.122,2,"",M,6.000,2,"",N,10.986,2,"",M,28.012,2,"",M,NaN,,,M,NaN,,,M,NaN,,,0,423.913,2,"",M,1018.100,2,"",M,NaN,,,NaN,,,421.568,2,"",419.953,2,""
2024-10-23T06:57:15.000Z,6.530,2,"",M,61.122,2,"",M,6.000,2,"",N,11.015,2,"",M,28.097,2,"",M,NaN,,,M,NaN,,,M,NaN,,,0,424.292,2,"",M,1018.100,2,"",M,NaN,,,NaN,,,421.935,2,"",420.319,2,""
2024-10-23T06:59:05.000Z,6.530,2,"",M,61.122,2,"",M,6.000,2,"",N,11.012,2,"",M,28.123,2,"",M,NaN,,,M,NaN,,,M,NaN,,,0,424.351,2,"",M,1018.000,2,"",M,NaN,,,NaN,,,421.953,2,"",420.337,2,""
2024-10-23T07:00:55.000Z,6.530,2,"",M,61.122,2,"",M,6.000,2,"",N,11.018,2,"",M,28.151,2,"",M,NaN,,,M,NaN,,,M,NaN,,,0,424.151,2,"",M,1018.000,2,"",M,NaN,,,NaN,,,421.751,2,"",420.137,2,""
2024-10-23T07:06:05.000Z,6.530,2,"",M,61.122,2,"",M,6.000,2,"",N,11.041,2,"",M,28.159,2,"",M,11.440,2,"",M,1017.960,2,"",M,361.412,2,"",M,NaN,,,0,NaN,,,M,352.354,2,"",351.016,2,"",NaN,,,NaN,,
2024-10-23T07:07:57.000Z,6.530,2,"",M,61.122,2,"",M,6.000,2,"",N,11.074,2,"",M,28.224,2,"",M,11.460,2,"",M,1017.940,2,"",M,361.441,2,"",M,NaN,,,0,NaN,,,M,352.562,2,"",351.223,2,"",NaN,,,NaN,,
2024-10-23T07:09:50.000Z,6.530,2,"",M,61.122,2,"",M,6.000,2,"",N,11.097,2,"",M,28.248,2,"",M,11.480,2,"",M,1018.300,2,"",M,362.322,2,"",M,NaN,,,0,NaN,,,M,353.582,2,"",352.240,2,"",NaN,,,NaN,,
2024-10-23T07:11:42.000Z,6.530,2,"",M,61.122,2,"",M,6.000,2,"",N,11.096,2,"",I,28.242,2,"",I,11.510,2,"",M,1018.330,2,"",M,362.801,2,"",M,NaN,,,0,NaN,,,M,353.594,2,"",352.252,2,"",NaN,,,NaN,,
2024-10-23T07:13:34.000Z,6.530,2,"",M,61.122,2,"",M,6.000,2,"",N,11.096,2,"",M,28.236,2,"",M,11.500,2,"",M,1018.270,2,"",M,363.241,2,"",M,NaN,,,0,NaN,,,M,354.145,2,"",352.801,2,"",NaN,,,NaN,,
2024-10-23T07:15:26.000Z,6.530,2,"",M,61.122,2,"",M,6.000,2,"",N,11.131,2,"",M,28.285,2,"",M,11.510,2,"",M,1018.160,2,"",M,363.401,2,"",M,NaN,,,0,NaN,,,M,354.638,2,"",353.292,2,"",NaN,,,NaN,,
2024-10-23T07:17:19.000Z,6.530,2,"",M,61.122,2,"",M,6.000,2,"",N,11.168,2,"",M,28.361,2,"",M,11.540,2,"",M,1018.390,2,"",M,363.861,2,"",M,NaN,,,0,NaN,,,M,355.269,2,"",353.921,2,"",NaN,,,NaN,,
2024-10-23T07:19:11.000Z,6.530,2,"",M,61.122,2,"",M,6.000,2,"",N,11.089,2,"",M,28.286,2,"",M,11.580,2,"",M,1018.440,2,"",M,364.571,2,"",M,NaN,,,0,NaN,,,M,354.171,2,"",352.827,2,"",NaN,,,NaN,,
2024-10-23T07:21:03.000Z,6.530,2,"",M,61.122,2,"",M,6.000,2,"",N,11.063,2,"",M,28.198,2,"",M,11.510,2,"",M,1018.400,2,"",M,364.910,2,"",M,NaN,,,0,NaN,,,M,355.181,2,"",353.833,2,"",NaN,,,NaN,,
2024-10-23T07:22:55.000Z,6.530,2,"",M,61.122,2,"",M,6.000,2,"",N,11.065,2,"",M,28.188,2,"",M,11.480,2,"",M,1018.350,2,"",M,364.310,2,"",M,NaN,,,0,NaN,,,M,355.061,2,"",353.713,2,"",NaN,,,NaN,,
2024-10-23T07:24:48.000Z,6.530,2,"",M,61.122,2,"",M,6.000,2,"",N,11.054,2,"",M,28.161,2,"",M,11.480,2,"",M,1018.310,2,"",M,363.139,2,"",M,NaN,,,0,NaN,,,M,353.740,2,"",352.397,2,"",NaN,,,NaN,,
2024-10-23T07:26:40.000Z,6.530,2,"",M,61.122,2,"",M,6.000,2,"",N,11.012,2,"",M,28.101,2,"",M,11.470,2,"",M,1018.320,2,"",M,362.498,2,"",M,NaN,,,0,NaN,,,M,352.654,2,"",351.315,2,"",NaN,,,NaN,,
2024-10-23T07:28:32.000Z,6.530,2,"",M,61.122,2,"",M,6.000,2,"",N,11.045,2,"",M,28.114,2,"",M,11.440,2,"",M,1018.270,2,"",M,362.207,2,"",M,NaN,,,0,NaN,,,M,353.298,2,"",351.956,2,"",NaN,,,NaN,,
2024-10-23T07:30:24.000Z,6.530,2,"",M,61.122,2,"",M,6.000,2,"",N,11.002,2,"",M,28.034,2,"",M,11.460,2,"",M,1018.310,2,"",M,361.527,2,"",M,NaN,,,0,NaN,,,M,351.695,2,"",350.359,2,"",NaN,,,NaN,,
2024-10-23T07:32:16.000Z,6.530,2,"",M,61.122,2,"",M,6.000,2,"",N,10.893,2,"",M,27.828,2,"",M,11.430,2,"",M,1018.300,2,"",M,361.396,2,"",M,NaN,,,0,NaN,,,M,350.405,2,"",349.073,2,"",NaN,,,NaN,,
2024-10-23T07:34:09.000Z,6.530,2,"",M,61.122,2,"",M,6.000,2,"",N,10.852,2,"",M,27.764,2,"",M,11.320,2,"",M,1018.350,2,"",M,360.505,2,"",M,NaN,,,0,NaN,,,M,350.612,2,"",349.278,2,"",NaN,,,NaN,,
2024-10-23T07:36:01.000Z,6.530,2,"",M,61.122,2,"",M,6.000,2,"",N,10.888,2,"",M,27.792,2,"",M,11.280,2,"",M,1018.300,2,"",M,358.274,2,"",M,NaN,,,0,NaN,,,M,349.562,2,"",348.231,2,"",NaN,,,NaN,,
2024-10-23T07:37:53.000Z,6.530,2,"",M,61.122,2,"",M,6.000,2,"",N,10.880,2,"",M,27.782,2,"",M,11.300,2,"",M,1018.200,2,"",M,357.193,2,"",M,NaN,,,0,NaN,,,M,348.057,2,"",346.732,2,"",NaN,,,NaN,,
2024-10-23T07:39:45.000Z,6.530,2,"",M,61.122,2,"",M,6.000,2,"",N,10.847,2,"",M,27.742,2,"",M,11.300,2,"",M,1018.310,2,"",M,357.012,2,"",M,NaN,,,0,NaN,,,M,347.427,2,"",346.105,2,"",NaN,,,NaN,,
2024-10-23T07:41:38.000Z,6.530,2,"",M,61.122,2,"",M,6.000,2,"",N,10.865,2,"",M,27.769,2,"",M,11.280,2,"",M,1018.250,2,"",M,356.762,2,"",M,NaN,,,0,NaN,,,M,347.734,2,"",346.411,2,"",NaN,,,NaN,,
2024-10-23T07:43:30.000Z,6.530,2,"",M,61.122,2,"",M,6.000,2,"",N,10.761,2,"",M,27.622,2,"",M,11.290,2,"",M,1018.240,2,"",M,356.071,2,"",M,NaN,,,0,NaN,,,M,345.382,2,"",344.067,2,"",NaN,,,NaN,,
2024-10-23T07:45:43.000Z,6.530,2,"",M,61.122,2,"",M,6.000,2,"",N,10.785,2,"",M,27.584,2,"",M,11.170,2,"",M,1018.390,2,"",M,355.430,2,"",M,NaN,,,0,NaN,,,M,346.960,2,"",345.638,2,"",NaN,,,NaN,,
2024-10-23T07:47:35.000Z,6.530,2,"",M,61.122,2,"",M,6.000,2,"",N,10.752,2,"",M,27.592,2,"",M,11.190,2,"",M,1018.420,2,"",M,354.129,2,"",M,NaN,,,0,NaN,,,M,344.918,2,"",343.604,2,"",NaN,,,NaN,,
2024-10-23T07:49:28.000Z,6.530,2,"",M,61.122,2,"",M,6.000,2,"",N,10.763,2,"",M,27.583,2,"",M,11.180,2,"",M,1018.420,2,"",M,353.669,2,"",M,NaN,,,0,NaN,,,M,344.772,2,"",343.458,2,"",NaN,,,NaN,,
2024-10-23T07:51:20.000Z,6.530,2,"",M,61.122,2,"",M,6.000,2,"",N,10.821,2,"",M,27.589,2,"",M,11.200,2,"",M,1018.450,2,"",M,353.848,2,"",M,NaN,,,0,NaN,,,M,345.514,2,"",344.197,2,"",NaN,,,NaN,,
2024-10-23T07:53:12.000Z,6.530,2,"",M,61.122,2,"",M,6.000,2,"",N,10.808,2,"",M,27.638,2,"",M,11.220,2,"",M,1018.460,2,"",M,353.468,2,"",M,NaN,,,0,NaN,,,M,344.652,2,"",343.339,2,"",NaN,,,NaN,,
2024-10-23T07:55:04.000Z,6.530,2,"",M,61.122,2,"",M,6.000,2,"",N,10.761,2,"",M,27.507,2,"",M,11.250,2,"",M,1018.490,2,"",M,353.718,2,"",M,NaN,,,0,NaN,,,M,343.783,2,"",342.474,2,"",NaN,,,NaN,,
2024-10-23T07:56:57.000Z,6.530,2,"",M,61.122,2,"",M,6.000,2,"",N,10.848,2,"",M,27.478,2,"",M,11.180,2,"",M,1018.520,2,"",M,353.557,2,"",M,NaN,,,0,NaN,,,M,345.934,2,"",344.616,2,"",NaN,,,NaN,,
2024-10-23T07:58:49.000Z,6.530,2,"",M,61.122,2,"",M,6.000,2,"",N,10.908,2,"",M,27.702,2,"",M,11.230,2,"",M,1018.400,2,"",M,352.677,2,"",M,NaN,,,0,NaN,,,M,345.169,2,"",343.854,2,"",NaN,,,NaN,,
2024-10-23T08:00:41.000Z,6.530,2,"",M,61.122,2,"",M,6.000,2,"",N,10.906,2,"",M,27.752,2,"",M,11.320,2,"",M,1018.310,2,"",M,352.776,2,"",M,NaN,,,0,NaN,,,M,343.872,2,"",342.564,2,"",NaN,,,NaN,,
2024-10-23T08:02:33.000Z,6.530,2,"",M,61.122,2,"",M,6.000,2,"",N,10.887,2,"",M,27.791,2,"",M,11.330,2,"",M,1018.280,2,"",M,354.106,2,"",M,NaN,,,0,NaN,,,M,344.737,2,"",343.425,2,"",NaN,,,NaN,,
2024-10-23T08:04:25.000Z,6.530,2,"",M,61.122,2,"",M,6.000,2,"",N,10.962,2,"",M,27.817,2,"",M,11.310,2,"",M,1018.140,2,"",M,354.986,2,"",M,NaN,,,0,NaN,,,M,346.939,2,"",345.619,2,"",NaN,,,NaN,,
2024-10-23T08:06:18.000Z,6.530,2,"",M,61.122,2,"",M,6.000,2,"",N,10.892,2,"",M,27.685,2,"",M,11.360,2,"",M,1018.150,2,"",M,355.196,2,"",M,NaN,,,0,NaN,,,M,345.370,2,"",344.057,2,"",NaN,,,NaN,,
2024-10-23T08:08:09.000Z,6.530,2,"",M,61.122,2,"",M,6.000,2,"",N,10.748,2,"",M,27.608,2,"",M,11.330,2,"",M,1018.050,2,"",M,355.706,2,"",M,NaN,,,0,NaN,,,M,344.184,2,"",342.874,2,"",NaN,,,NaN,,
2024-10-23T08:10:02.000Z,6.531,2,"",M,61.122,2,"",M,6.000,2,"",N,10.726,2,"",M,27.480,2,"",M,11.200,2,"",M,1017.800,2,"",M,355.605,2,"",M,NaN,,,0,NaN,,,M,345.611,2,"",344.295,2,"",NaN,,,NaN,,
2024-10-23T08:11:53.000Z,6.532,2,"",M,61.122,2,"",M,6.000,2,"",N,10.749,2,"",M,27.176,2,"",M,11.170,2,"",M,1017.740,2,"",M,353.574,2,"",M,NaN,,,0,NaN,,,M,344.389,2,"",343.077,2,"",NaN,,,NaN,,
2024-10-23T08:13:45.000Z,6.532,2,"",M,61.122,2,"",M,6.000,2,"",N,10.794,2,"",M,27.314,2,"",M,11.180,2,"",M,1018.260,2,"",M,350.393,2,"",M,NaN,,,0,NaN,,,M,341.970,2,"",340.667,2,"",NaN,,,NaN,,
2024-10-23T08:15:38.000Z,6.533,2,"",M,61.122,2,"",M,6.000,2,"",N,11.192,2,"",M,28.442,2,"",M,11.190,2,"",M,1018.270,2,"",M,348.922,2,"",M,NaN,,,0,NaN,,,M,346.178,2,"",344.859,2,"",NaN,,,NaN,,
2024-10-23T08:17:30.000Z,6.533,2,"",M,61.122,2,"",M,6.000,2,"",N,10.795,2,"",M,27.901,2,"",M,11.580,2,"",M,1018.250,2,"",M,353.723,2,"",M,NaN,,,0,NaN,,,M,339.328,2,"",338.042,2,"",NaN,,,NaN,,
2024-10-23T08:19:22.000Z,6.534,2,"",M,61.123,2,"",M,6.000,2,"",N,11.210,2,"",M,27.745,2,"",M,11.310,2,"",M,1018.200,2,"",M,358.885,2,"",M,NaN,,,0,NaN,,,M,354.471,2,"",353.122,2,"",NaN,,,NaN,,
2024-10-23T08:21:14.000Z,6.534,2,"",M,61.123,2,"",M,6.000,2,"",N,10.832,2,"",M,28.550,2,"",M,11.590,2,"",M,1018.200,2,"",M,356.724,2,"",M,NaN,,,0,NaN,,,M,342.579,2,"",341.280,2,"",NaN,,,NaN,,
2024-10-23T08:23:06.000Z,6.535,2,"",M,61.123,2,"",M,6.000,2,"",N,11.241,2,"",M,28.447,2,"",M,11.430,2,"",M,1018.200,2,"",M,360.645,2,"",M,NaN,,,0,NaN,,,M,354.823,2,"",353.475,2,"",NaN,,,NaN,,
2024-10-23T08:24:58.000Z,6.535,2,"",M,61.123,2,"",M,6.000,2,"",N,10.783,2,"",M,27.836,2,"",M,11.630,2,"",M,1018.220,2,"",M,361.845,2,"",M,NaN,,,0,NaN,,,M,346.187,2,"",344.875,2,"",NaN,,,NaN,,
2024-10-23T08:26:50.000Z,6.536,2,"",M,61.124,2,"",M,6.000,2,"",N,10.775,2,"",M,27.418,2,"",M,11.260,2,"",M,1018.180,2,"",M,362.134,2,"",M,NaN,,,0,NaN,,,M,351.912,2,"",350.572,2,"",NaN,,,NaN,,
2024-10-23T08:28:43.000Z,6.536,2,"",M,61.124,2,"",M,6.000,2,"",N,10.872,2,"",M,27.647,2,"",M,11.210,2,"",M,1018.110,2,"",M,355.942,2,"",M,NaN,,,0,NaN,,,M,348.039,2,"",346.713,2,"",NaN,,,NaN,,
2024-10-23T08:30:35.000Z,6.537,2,"",M,61.124,2,"",M,6.000,2,"",N,10.976,2,"",M,27.898,2,"",M,11.290,2,"",M,1018.100,2,"",M,352.160,2,"",M,NaN,,,0,NaN,,,M,344.667,2,"",343.355,2,"",NaN,,,NaN,,
2024-10-23T08:32:27.000Z,6.537,2,"",M,61.125,2,"",M,6.000,2,"",N,10.904,2,"",M,27.737,2,"",M,11.390,2,"",M,1018.130,2,"",M,353.260,2,"",M,NaN,,,0,NaN,,,M,343.209,2,"",341.904,2,"",NaN,,,NaN,,
2024-10-23T08:34:19.000Z,6.537,2,"",M,61.125,2,"",M,6.000,2,"",N,11.033,2,"",M,27.967,2,"",M,11.350,2,"",M,1018.230,2,"",M,354.510,2,"",M,NaN,,,0,NaN,,,M,346.943,2,"",345.624,2,"",NaN,,,NaN,,
2024-10-23T08:36:11.000Z,6.537,2,"",M,61.126,2,"",M,6.000,2,"",N,11.127,2,"",M,28.050,2,"",M,11.460,2,"",M,1018.280,2,"",M,356.460,2,"",M,NaN,,,0,NaN,,,M,348.607,2,"",347.283,2,"",NaN,,,NaN,,
2024-10-23T08:38:04.000Z,6.538,2,"",M,61.126,2,"",M,6.000,2,"",N,11.349,2,"",M,28.318,2,"",M,11.510,2,"",M,1018.215,2,"",M,359.321,2,"",M,NaN,,,0,NaN,,,M,353.930,2,"",352.587,2,"",NaN,,,NaN,,
2024-10-23T08:39:56.000Z,6.538,2,"",M,61.126,2,"",M,6.000,2,"",N,11.426,2,"",M,28.436,2,"",M,11.670,2,"",M,1018.180,2,"",M,360.911,2,"",M,NaN,,,0,NaN,,,M,354.192,2,"",352.850,2,"",NaN,,,NaN,,
2024-10-23T08:41:48.000Z,6.538,2,"",M,61.126,2,"",M,6.000,2,"",N,11.327,2,"",M,28.661,2,"",M,11.770,2,"",M,1018.200,2,"",M,364.612,2,"",M,NaN,,,0,NaN,,,M,354.793,2,"",353.451,2,"",NaN,,,NaN,,
2024-10-23T08:43:40.000Z,6.539,2,"",M,61.127,2,"",M,6.000,2,"",N,11.229,2,"",M,28.486,2,"",M,11.730,2,"",M,1018.230,2,"",M,367.932,2,"",M,NaN,,,0,NaN,,,M,357.169,2,"",355.817,2,"",NaN,,,NaN,,
2024-10-23T08:45:54.000Z,6.540,2,"",M,61.127,2,"",M,6.000,2,"",N,11.332,2,"",M,28.714,2,"",M,11.700,2,"",M,1018.210,2,"",M,368.602,2,"",M,NaN,,,0,NaN,,,M,359.845,2,"",358.483,2,"",NaN,,,NaN,,
2024-10-23T08:47:46.000Z,6.540,2,"",M,61.127,2,"",M,6.000,2,"",N,11.056,2,"",M,28.233,2,"",M,11.760,2,"",M,1018.190,2,"",M,368.902,2,"",M,NaN,,,0,NaN,,,M,355.021,2,"",353.677,2,"",NaN,,,NaN,,
2024-10-23T08:49:38.000Z,6.540,2,"",M,61.127,2,"",M,6.000,2,"",N,11.303,2,"",M,28.150,2,"",M,11.480,2,"",M,1018.060,2,"",M,369.071,2,"",M,NaN,,,0,NaN,,,M,363.232,2,"",361.853,2,"",NaN,,,NaN,,
2024-10-23T08:51:30.000Z,6.540,2,"",M,61.127,2,"",M,6.000,2,"",N,10.986,2,"",M,27.809,2,"",M,11.640,2,"",M,1018.060,2,"",M,364.249,2,"",M,NaN,,,0,NaN,,,M,351.285,2,"",349.954,2,"",NaN,,,NaN,,
2024-10-23T08:53:23.000Z,6.540,2,"",M,61.128,2,"",M,6.000,2,"",N,11.229,2,"",M,28.209,2,"",M,11.400,2,"",M,1017.900,2,"",M,363.439,2,"",M,NaN,,,0,NaN,,,M,357.751,2,"",356.392,2,"",NaN,,,NaN,,
2024-10-23T08:55:15.000Z,6.541,2,"",M,61.128,2,"",M,6.000,2,"",N,11.288,2,"",M,28.522,2,"",M,11.610,2,"",M,1017.930,2,"",M,361.428,2,"",M,NaN,,,0,NaN,,,M,353.457,2,"",352.117,2,"",NaN,,,NaN,,
2024-10-23T08:57:07.000Z,6.542,2,"",M,61.128,2,"",M,6.000,2,"",N,11.386,2,"",M,28.786,2,"",M,11.700,2,"",M,1018.230,2,"",M,363.508,2,"",M,NaN,,,0,NaN,,,M,355.690,2,"",354.343,2,"",NaN,,,NaN,,
2024-10-23T08:58:59.000Z,6.543,2,"",M,61.129,2,"",M,6.000,2,"",N,11.311,2,"",M,28.674,2,"",M,11.800,2,"",M,1018.420,2,"",M,368.119,2,"",M,NaN,,,0,NaN,,,M,357.583,2,"",356.230,2,"",NaN,,,NaN,,
2024-10-23T09:00:52.000Z,6.544,2,"",M,61.129,2,"",M,6.000,2,"",N,11.254,2,"",M,28.524,2,"",M,11.720,2,"",M,1018.430,2,"",M,370.369,2,"",M,NaN,,,0,NaN,,,M,360.145,2,"",358.782,2,"",NaN,,,NaN,,
2024-10-23T09:02:44.000Z,6.544,2,"",M,61.129,2,"",M,6.000,2,"",N,11.334,2,"",M,28.522,2,"",M,11.670,2,"",M,1018.320,2,"",M,369.658,2,"",M,NaN,,,0,NaN,,,M,361.412,2,"",360.043,2,"",NaN,,,NaN,,
2024-10-23T09:04:36.000Z,6.545,2,"",M,61.129,2,"",M,6.000,2,"",N,11.427,2,"",M,28.664,2,"",M,11.730,2,"",M,1018.410,2,"",M,368.197,2,"",M,NaN,,,0,NaN,,,M,360.492,2,"",359.127,2,"",NaN,,,NaN,,
2024-10-23T09:06:28.000Z,6.545,2,"",M,61.130,2,"",M,6.000,2,"",N,11.243,2,"",M,28.864,2,"",M,11.810,2,"",M,1018.400,2,"",M,368.967,2,"",M,NaN,,,0,NaN,,,M,357.208,2,"",355.857,2,"",NaN,,,NaN,,
2024-10-23T09:08:21.000Z,6.546,2,"",M,61.130,2,"",M,6.000,2,"",N,10.758,2,"",M,27.234,2,"",M,11.740,2,"",M,1018.395,2,"",M,371.727,2,"",M,NaN,,,0,NaN,,,M,353.638,2,"",352.299,2,"",NaN,,,NaN,,
2024-10-23T09:10:13.000Z,6.550,2,"",M,61.129,2,"",M,6.000,2,"",N,10.914,2,"",M,26.265,2,"",M,11.250,2,"",M,1018.290,2,"",M,367.596,2,"",M,NaN,,,0,NaN,,,M,359.515,2,"",358.145,2,"",NaN,,,NaN,,
2024-10-23T09:12:05.000Z,6.554,2,"",M,61.127,2,"",M,6.000,2,"",N,10.850,2,"",M,27.655,2,"",M,11.280,2,"",M,1018.280,2,"",M,348.971,2,"",M,NaN,,,0,NaN,,,M,339.935,2,"",338.641,2,"",NaN,,,NaN,,
2024-10-23T09:13:57.000Z,6.559,2,"",M,61.124,2,"",M,6.000,2,"",N,10.788,2,"",M,27.387,2,"",M,11.300,2,"",M,1018.330,2,"",M,346.991,2,"",M,NaN,,,0,NaN,,,M,336.847,2,"",335.565,2,"",NaN,,,NaN,,
2024-10-23T09:15:49.000Z,6.562,2,"",M,61.124,2,"",M,6.000,2,"",N,10.832,2,"",M,27.314,2,"",M,11.230,2,"",M,1018.320,2,"",M,350.641,2,"",M,NaN,,,0,NaN,,,M,342.047,2,"",340.744,2,"",NaN,,,NaN,,
2024-10-23T09:17:42.000Z,6.562,2,"",M,61.124,2,"",M,6.000,2,"",N,11.035,2,"",M,27.876,2,"",M,11.260,2,"",M,1018.340,2,"",M,349.160,2,"",M,NaN,,,0,NaN,,,M,343.109,2,"",341.802,2,"",NaN,,,NaN,,
2024-10-23T09:19:34.000Z,6.562,2,"",M,61.124,2,"",M,6.000,2,"",N,11.024,2,"",M,27.748,2,"",M,11.460,2,"",M,1018.310,2,"",M,350.600,2,"",M,NaN,,,0,NaN,,,M,341.395,2,"",340.099,2,"",NaN,,,NaN,,
2024-10-23T09:21:26.000Z,6.562,2,"",M,61.124,2,"",M,6.000,2,"",N,10.887,2,"",M,27.484,2,"",M,11.430,2,"",M,1018.280,2,"",M,354.211,2,"",M,NaN,,,0,NaN,,,M,343.343,2,"",342.039,2,"",NaN,,,NaN,,
2024-10-23T09:23:19.000Z,6.562,2,"",M,61.124,2,"",M,6.000,2,"",N,10.895,2,"",M,27.522,2,"",M,11.310,2,"",M,1018.240,2,"",M,354.400,2,"",M,NaN,,,0,NaN,,,M,345.420,2,"",344.106,2,"",NaN,,,NaN,,
2024-10-23T09:25:11.000Z,6.563,2,"",M,61.124,2,"",M,6.000,2,"",N,10.925,2,"",M,27.806,2,"",M,11.320,2,"",M,1018.580,2,"",M,352.470,2,"",M,NaN,,,0,NaN,,,M,343.943,2,"",342.634,2,"",NaN,,,NaN,,
2024-10-23T09:27:03.000Z,6.563,2,"",M,61.125,2,"",M,6.000,2,"",N,10.911,2,"",M,27.852,2,"",M,11.360,2,"",M,1018.730,2,"",M,352.699,2,"",M,NaN,,,0,NaN,,,M,343.410,2,"",342.104,2,"",NaN,,,NaN,,
2024-10-23T09:28:55.000Z,6.564,2,"",M,61.125,2,"",M,6.000,2,"",N,10.770,2,"",M,27.231,2,"",M,11.360,2,"",M,1018.730,2,"",M,353.559,2,"",M,NaN,,,0,NaN,,,M,342.205,2,"",340.903,2,"",NaN,,,NaN,,
2024-10-23T09:30:47.000Z,6.565,2,"",M,61.125,2,"",M,6.000,2,"",N,10.877,2,"",M,27.436,2,"",M,11.200,2,"",M,1018.750,2,"",M,351.818,2,"",M,NaN,,,0,NaN,,,M,344.441,2,"",343.128,2,"",NaN,,,NaN,,
2024-10-23T09:32:40.000Z,6.566,2,"",M,61.126,2,"",M,6.000,2,"",N,10.888,2,"",M,27.591,2,"",M,11.300,2,"",M,1018.720,2,"",M,349.588,2,"",M,NaN,,,0,NaN,,,M,340.937,2,"",339.639,2,"",NaN,,,NaN,,
2024-10-23T09:34:32.000Z,6.566,2,"",M,61.126,2,"",M,6.000,2,"",N,10.862,2,"",M,27.437,2,"",M,11.310,2,"",M,1018.780,2,"",M,350.748,2,"",M,NaN,,,0,NaN,,,M,341.561,2,"",340.261,2,"",NaN,,,NaN,,
2024-10-23T09:36:24.000Z,6.565,2,"",M,61.126,2,"",M,6.000,2,"",N,10.852,2,"",M,27.407,2,"",M,11.280,2,"",M,1018.840,2,"",M,351.167,2,"",M,NaN,,,0,NaN,,,M,342.297,2,"",340.993,2,"",NaN,,,NaN,,
2024-10-23T09:38:16.000Z,6.565,2,"",M,61.126,2,"",M,6.000,2,"",N,10.819,2,"",M,27.311,2,"",M,11.270,2,"",M,1018.600,2,"",M,350.347,2,"",M,NaN,,,0,NaN,,,M,341.084,2,"",339.785,2,"",NaN,,,NaN,,
2024-10-23T09:40:08.000Z,6.566,2,"",M,61.126,2,"",M,6.000,2,"",N,10.840,2,"",M,27.325,2,"",M,11.240,2,"",M,1018.680,2,"",M,349.446,2,"",M,NaN,,,0,NaN,,,M,340.970,2,"",339.670,2,"",NaN,,,NaN,,
2024-10-23T09:42:01.000Z,6.566,2,"",M,61.126,2,"",M,6.000,2,"",N,10.890,2,"",M,27.399,2,"",M,11.260,2,"",M,1018.610,2,"",M,348.906,2,"",M,NaN,,,0,NaN,,,M,340.855,2,"",339.557,2,"",NaN,,,NaN,,
2024-10-23T09:43:53.000Z,6.566,2,"",M,61.126,2,"",M,6.000,2,"",N,11.058,2,"",M,27.798,2,"",M,11.320,2,"",M,1018.570,2,"",M,349.106,2,"",M,NaN,,,0,NaN,,,M,342.580,2,"",341.276,2,"",NaN,,,NaN,,
2024-10-23T09:46:06.000Z,6.566,2,"",M,61.126,2,"",M,6.000,2,"",N,11.073,2,"",M,27.911,2,"",M,11.460,2,"",M,1018.440,2,"",M,352.296,2,"",M,NaN,,,0,NaN,,,M,343.798,2,"",342.492,2,"",NaN,,,NaN,,
2024-10-23T09:47:59.000Z,6.566,2,"",M,61.126,2,"",M,6.000,2,"",N,11.018,2,"",M,27.664,2,"",M,11.470,2,"",M,1018.254,2,"",M,355.496,2,"",M,NaN,,,0,NaN,,,M,345.896,2,"",344.583,2,"",NaN,,,NaN,,
2024-10-23T09:49:51.000Z,6.566,2,"",M,61.126,2,"",M,6.000,2,"",N,10.827,2,"",M,27.464,2,"",M,11.440,2,"",M,1018.070,2,"",M,356.255,2,"",M,NaN,,,0,NaN,,,M,344.235,2,"",342.928,2,"",NaN,,,NaN,,
2024-10-23T09:51:43.000Z,6.567,2,"",M,61.127,2,"",M,6.000,2,"",N,10.834,2,"",M,27.248,2,"",M,11.260,2,"",M,1018.110,2,"",M,355.255,2,"",M,NaN,,,0,NaN,,,M,346.050,2,"",344.733,2,"",NaN,,,NaN,,
2024-10-23T09:53:35.000Z,6.567,2,"",M,61.127,2,"",M,6.000,2,"",N,10.849,2,"",M,27.279,2,"",M,11.240,2,"",M,1018.440,2,"",M,351.654,2,"",M,NaN,,,0,NaN,,,M,343.173,2,"",341.866,2,"",NaN,,,NaN,,
2024-10-23T09:55:27.000Z,6.568,2,"",M,61.127,2,"",M,6.000,2,"",N,10.860,2,"",M,27.335,2,"",M,11.250,2,"",M,1018.490,2,"",M,349.084,2,"",M,NaN,,,0,NaN,,,M,340.692,2,"",339.394,2,"",NaN,,,NaN,,
2024-10-23T09:57:20.000Z,6.569,2,"",M,61.128,2,"",M,6.000,2,"",N,10.901,2,"",M,27.520,2,"",M,11.270,2,"",M,1018.490,2,"",M,348.743,2,"",M,NaN,,,0,NaN,,,M,340.660,2,"",339.363,2,"",NaN,,,NaN,,
2024-10-23T09:59:12.000Z,6.569,2,"",M,61.128,2,"",M,6.000,2,"",N,10.959,2,"",M,27.563,2,"",M,11.310,2,"",M,1018.310,2,"",M,349.183,2,"",M,NaN,,,0,NaN,,,M,341.281,2,"",339.983,2,"",NaN,,,NaN,,
2024-10-23T10:01:04.000Z,6.569,2,"",M,61.128,2,"",M,6.000,2,"",N,10.834,2,"",M,27.363,2,"",M,11.320,2,"",M,1018.260,2,"",M,350.033,2,"",M,NaN,,,0,NaN,,,M,340.138,2,"",338.844,2,"",NaN,,,NaN,,
2024-10-23T10:02:56.000Z,6.569,2,"",M,61.128,2,"",M,6.000,2,"",N,10.831,2,"",M,27.392,2,"",M,11.250,2,"",M,1018.380,2,"",M,350.672,2,"",M,NaN,,,0,NaN,,,M,341.784,2,"",340.483,2,"",NaN,,,NaN,,
2024-10-23T10:04:49.000Z,6.569,2,"",M,61.128,2,"",M,6.000,2,"",N,10.835,2,"",M,27.351,2,"",M,11.260,2,"",M,1018.300,2,"",M,349.962,2,"",M,NaN,,,0,NaN,,,M,340.984,2,"",339.685,2,"",NaN,,,NaN,,
2024-10-23T10:06:41.000Z,6.569,2,"",M,61.128,2,"",M,6.000,2,"",N,10.848,2,"",M,27.315,2,"",M,11.270,2,"",M,1018.370,2,"",M,349.281,2,"",M,NaN,,,0,NaN,,,M,340.379,2,"",339.083,2,"",NaN,,,NaN,,
2024-10-23T10:08:33.000Z,6.569,2,"",M,61.128,2,"",M,6.000,2,"",N,10.844,2,"",M,27.303,2,"",M,11.260,2,"",M,1018.180,2,"",M,348.791,2,"",M,NaN,,,0,NaN,,,M,339.933,2,"",338.638,2,"",NaN,,,NaN,,
2024-10-23T10:10:25.000Z,6.569,2,"",M,61.128,2,"",M,6.000,2,"",N,10.853,2,"",M,27.287,2,"",M,11.260,2,"",M,1018.230,2,"",M,348.611,2,"",M,NaN,,,0,NaN,,,M,339.894,2,"",338.600,2,"",NaN,,,NaN,,
2024-10-23T10:12:17.000Z,6.569,2,"",M,61.128,2,"",M,6.000,2,"",N,10.834,2,"",M,27.399,2,"",M,11.260,2,"",M,1018.250,2,"",M,348.440,2,"",M,NaN,,,0,NaN,,,M,339.461,2,"",338.169,2,"",NaN,,,NaN,,
2024-10-23T10:16:47.000Z,6.569,2,"",M,61.128,2,"",M,6.000,2,"",N,NaN,,,M,NaN,,,M,NaN,,,M,NaN,,,M,NaN,,,0,NaN,,,0,NaN,,,M,NaN,,,NaN,,,NaN,,,NaN,,
2024-10-23T10:18:37.000Z,6.569,2,"",M,61.128,2,"",M,6.000,2,"",N,NaN,,,M,NaN,,,M,NaN,,,M,NaN,,,M,NaN,,,0,NaN,,,0,NaN,,,M,NaN,,,NaN,,,NaN,,,NaN,,
2024-10-23T10:20:27.000Z,6.569,2,"",M,61.128,2,"",M,6.000,2,"",N,NaN,,,M,NaN,,,M,NaN,,,M,NaN,,,M,NaN,,,0,NaN,,,0,NaN,,,M,NaN,,,NaN,,,NaN,,,NaN,,
2024-10-23T10:24:56.000Z,6.571,2,"",M,61.128,2,"",M,6.000,2,"",N,NaN,,,M,NaN,,,M,NaN,,,M,NaN,,,M,NaN,,,0,NaN,,,0,NaN,,,M,NaN,,,NaN,,,NaN,,,NaN,,
2024-10-23T10:26:46.000Z,6.572,2,"",M,61.129,2,"",M,6.000,2,"",N,NaN,,,M,NaN,,,M,NaN,,,M,NaN,,,M,NaN,,,0,NaN,,,0,NaN,,,M,NaN,,,NaN,,,NaN,,,NaN,,
2024-10-23T10:28:36.000Z,6.573,2,"",M,61.129,2,"",M,6.000,2,"",N,NaN,,,M,NaN,,,M,NaN,,,M,NaN,,,M,NaN,,,0,NaN,,,0,NaN,,,M,NaN,,,NaN,,,NaN,,,NaN,,
2024-10-23T10:33:06.000Z,6.574,2,"",M,61.129,2,"",M,6.000,2,"",N,NaN,,,M,NaN,,,M,NaN,,,M,NaN,,,M,NaN,,,0,NaN,,,0,NaN,,,M,NaN,,,NaN,,,NaN,,,NaN,,
2024-10-23T10:34:55.000Z,6.574,2,"",M,61.129,2,"",M,6.000,2,"",N,NaN,,,M,NaN,,,M,NaN,,,M,NaN,,,M,NaN,,,0,NaN,,,0,NaN,,,M,NaN,,,NaN,,,NaN,,,NaN,,
2024-10-23T10:36:45.000Z,6.574,2,"",M,61.129,2,"",M,6.000,2,"",N,NaN,,,M,NaN,,,M,NaN,,,M,NaN,,,M,NaN,,,0,NaN,,,0,NaN,,,M,NaN,,,NaN,,,NaN,,,NaN,,
2024-10-23T10:41:15.000Z,6.574,2,"",M,61.129,2,"",M,6.000,2,"",N,10.592,2,"",M,25.947,2,"",M,NaN,,,M,NaN,,,M,NaN,,,0,422.996,2,"",M,1017.600,2,"",M,NaN,,,NaN,,,420.582,2,"",418.963,2,""
2024-10-23T10:43:04.000Z,6.574,2,"",M,61.129,2,"",M,6.000,2,"",N,10.601,2,"",M,25.952,2,"",M,NaN,,,M,NaN,,,M,NaN,,,0,423.276,2,"",M,1017.700,2,"",M,NaN,,,NaN,,,420.899,2,"",419.279,2,""
2024-10-23T10:44:54.000Z,6.574,2,"",M,61.129,2,"",M,6.000,2,"",N,10.813,2,"",M,27.043,2,"",M,NaN,,,M,NaN,,,M,NaN,,,0,423.246,2,"",M,1017.600,2,"",M,NaN,,,NaN,,,420.755,2,"",419.140,2,""
2024-10-23T10:47:05.000Z,6.573,2,"",M,61.129,2,"",M,6.000,2,"",N,10.862,2,"",M,27.118,2,"",M,NaN,,,M,NaN,,,M,NaN,,,0,423.386,2,"",M,1017.600,2,"",M,NaN,,,NaN,,,420.876,2,"",419.263,2,""
2024-10-23T10:48:55.000Z,6.571,2,"",M,61.128,2,"",M,6.000,2,"",N,10.838,2,"",M,27.340,2,"",M,NaN,,,M,NaN,,,M,NaN,,,0,423.356,2,"",M,1017.900,2,"",M,NaN,,,NaN,,,420.981,2,"",419.366,2,""
2024-10-23T10:54:05.000Z,6.562,2,"",M,61.126,2,"",M,6.000,2,"",N,10.886,2,"",M,27.509,2,"",M,11.270,2,"",M,1018.260,2,"",M,349.006,2,"",M,NaN,,,0,NaN,,,M,340.617,2,"",339.320,2,"",NaN,,,NaN,,
2024-10-23T10:55:58.000Z,6.559,2,"",M,61.124,2,"",M,6.000,2,"",N,10.866,2,"",M,27.476,2,"",M,11.300,2,"",M,1018.260,2,"",M,349.486,2,"",M,NaN,,,0,NaN,,,M,340.366,2,"",339.070,2,"",NaN,,,NaN,,
2024-10-23T10:57:50.000Z,6.556,2,"",M,61.123,2,"",M,6.000,2,"",N,10.886,2,"",M,27.486,2,"",M,11.290,2,"",M,1018.260,2,"",M,350.265,2,"",M,NaN,,,0,NaN,,,M,341.557,2,"",340.256,2,"",NaN,,,NaN,,
2024-10-23T10:59:42.000Z,6.553,2,"",M,61.123,2,"",M,6.000,2,"",N,10.883,2,"",I,27.472,2,"",I,11.300,2,"",M,1018.110,2,"",M,350.425,2,"",M,NaN,,,0,NaN,,,M,341.468,2,"",340.168,2,"",NaN,,,NaN,,
2024-10-23T11:01:34.000Z,6.549,2,"",M,61.121,2,"",M,6.000,2,"",N,10.880,2,"",M,27.458,2,"",M,11.290,2,"",M,1018.280,2,"",M,350.405,2,"",M,NaN,,,0,NaN,,,M,341.607,2,"",340.307,2,"",NaN,,,NaN,,
2024-10-23T11:03:27.000Z,6.546,2,"",M,61.120,2,"",M,6.000,2,"",N,10.910,2,"",M,27.500,2,"",M,11.310,2,"",M,1018.340,2,"",M,349.885,2,"",M,NaN,,,0,NaN,,,M,341.271,2,"",339.972,2,"",NaN,,,NaN,,
2024-10-23T11:05:19.000Z,6.541,2,"",M,61.119,2,"",M,6.000,2,"",N,10.893,2,"",M,27.521,2,"",M,11.330,2,"",M,1018.290,2,"",M,350.065,2,"",M,NaN,,,0,NaN,,,M,340.887,2,"",339.590,2,"",NaN,,,NaN,,
2024-10-23T11:07:11.000Z,6.537,2,"",M,61.117,2,"",M,6.000,2,"",N,10.877,2,"",M,27.486,2,"",M,11.310,2,"",M,1018.420,2,"",M,350.525,2,"",M,NaN,,,0,NaN,,,M,341.447,2,"",340.147,2,"",NaN,,,NaN,,
2024-10-23T11:09:03.000Z,6.533,2,"",M,61.116,2,"",M,6.000,2,"",N,10.877,2,"",M,27.429,2,"",M,11.300,2,"",M,1018.490,2,"",M,350.695,2,"",M,NaN,,,0,NaN,,,M,341.774,2,"",340.473,2,"",NaN,,,NaN,,
2024-10-23T11:10:56.000Z,6.529,2,"",M,61.115,2,"",M,6.000,2,"",N,10.886,2,"",M,27.435,2,"",M,11.290,2,"",M,1018.530,2,"",M,349.975,2,"",M,NaN,,,0,NaN,,,M,341.364,2,"",340.065,2,"",NaN,,,NaN,,
2024-10-23T11:12:48.000Z,6.525,2,"",M,61.114,2,"",M,6.000,2,"",N,10.906,2,"",M,27.472,2,"",M,11.300,2,"",M,1018.470,2,"",M,349.494,2,"",M,NaN,,,0,NaN,,,M,341.024,2,"",339.726,2,"",NaN,,,NaN,,
2024-10-23T11:14:40.000Z,6.521,2,"",M,61.113,2,"",M,6.000,2,"",N,10.911,2,"",M,27.503,2,"",M,11.320,2,"",M,1018.450,2,"",M,349.824,2,"",M,NaN,,,0,NaN,,,M,341.110,2,"",339.812,2,"",NaN,,,NaN,,
2024-10-23T11:16:32.000Z,6.517,2,"",M,61.111,2,"",M,6.000,2,"",N,10.927,2,"",M,27.530,2,"",M,11.340,2,"",M,1018.470,2,"",M,350.374,2,"",M,NaN,,,0,NaN,,,M,341.591,2,"",340.291,2,"",NaN,,,NaN,,
2024-10-23T11:18:24.000Z,6.513,2,"",M,61.110,2,"",M,6.000,2,"",N,10.924,2,"",M,27.549,2,"",M,11.350,2,"",M,1018.310,2,"",M,350.934,2,"",M,NaN,,,0,NaN,,,M,341.896,2,"",340.595,2,"",NaN,,,NaN,,
2024-10-23T11:20:17.000Z,6.511,2,"",M,61.110,2,"",M,6.000,2,"",N,10.895,2,"",M,27.513,2,"",M,11.350,2,"",M,1018.275,2,"",M,351.404,2,"",M,NaN,,,0,NaN,,,M,341.924,2,"",340.623,2,"",NaN,,,NaN,,
2024-10-23T11:22:09.000Z,6.508,2,"",M,61.109,2,"",M,6.000,2,"",N,10.883,2,"",M,27.480,2,"",M,11.320,2,"",M,1018.240,2,"",M,351.784,2,"",M,NaN,,,0,NaN,,,M,342.546,2,"",341.243,2,"",NaN,,,NaN,,
2024-10-23T11:24:02.000Z,6.505,2,"",M,61.108,2,"",M,6.000,2,"",N,10.904,2,"",M,27.478,2,"",M,11.300,2,"",M,1018.160,2,"",M,351.274,2,"",M,NaN,,,0,NaN,,,M,342.626,2,"",341.322,2,"",NaN,,,NaN,,
2024-10-23T11:25:53.000Z,6.503,2,"",M,61.107,2,"",M,6.000,2,"",N,10.917,2,"",M,27.506,2,"",M,11.320,2,"",M,1018.200,2,"",M,350.823,2,"",M,NaN,,,0,NaN,,,M,342.081,2,"",340.780,2,"",NaN,,,NaN,,
2024-10-23T11:27:46.000Z,6.500,2,"",M,61.106,2,"",M,6.000,2,"",N,10.920,2,"",M,27.519,2,"",M,11.330,2,"",M,1018.020,2,"",M,350.613,2,"",M,NaN,,,0,NaN,,,M,341.722,2,"",340.422,2,"",NaN,,,NaN,,
2024-10-23T11:29:38.000Z,6.498,2,"",M,61.105,2,"",M,6.000,2,"",N,10.933,2,"",M,27.558,2,"",M,11.330,2,"",M,1018.450,2,"",M,351.203,2,"",M,NaN,,,0,NaN,,,M,342.629,2,"",341.325,2,"",NaN,,,NaN,,
2024-10-23T11:31:30.000Z,6.495,2,"",M,61.104,2,"",M,6.000,2,"",N,10.935,2,"",M,27.576,2,"",M,11.350,2,"",M,1018.440,2,"",M,351.263,2,"",M,NaN,,,0,NaN,,,M,342.417,2,"",341.115,2,"",NaN,,,NaN,,
2024-10-23T11:33:22.000Z,6.492,2,"",M,61.104,2,"",M,6.000,2,"",N,10.948,2,"",M,27.584,2,"",M,11.360,2,"",M,1018.540,2,"",M,351.963,2,"",M,NaN,,,0,NaN,,,M,343.173,2,"",341.867,2,"",NaN,,,NaN,,
2024-10-23T11:35:14.000Z,6.488,2,"",M,61.103,2,"",M,6.000,2,"",N,10.952,2,"",M,27.616,2,"",M,11.370,2,"",M,1018.370,2,"",M,352.293,2,"",M,NaN,,,0,NaN,,,M,343.351,2,"",342.046,2,"",NaN,,,NaN,,
2024-10-23T11:37:07.000Z,6.485,2,"",M,61.102,2,"",M,6.000,2,"",N,10.961,2,"",M,27.641,2,"",M,11.370,2,"",M,1018.405,2,"",M,352.463,2,"",M,NaN,,,0,NaN,,,M,343.657,2,"",342.350,2,"",NaN,,,NaN,,
2024-10-23T11:38:58.000Z,6.482,2,"",M,61.102,2,"",M,6.000,2,"",N,10.970,2,"",M,27.656,2,"",M,11.380,2,"",M,1018.350,2,"",M,352.663,2,"",M,NaN,,,0,NaN,,,M,343.808,2,"",342.501,2,"",NaN,,,NaN,,
2024-10-23T11:40:51.000Z,6.481,2,"",M,61.102,2,"",M,6.000,2,"",N,10.971,2,"",M,27.671,2,"",M,11.380,2,"",M,1018.500,2,"",M,353.322,2,"",M,NaN,,,0,NaN,,,M,344.519,2,"",343.209,2,"",NaN,,,NaN,,
2024-10-23T11:42:43.000Z,6.479,2,"",M,61.101,2,"",M,6.000,2,"",N,10.975,2,"",M,27.678,2,"",M,11.390,2,"",M,1018.550,2,"",M,353.572,2,"",M,NaN,,,0,NaN,,,M,344.698,2,"",343.387,2,"",NaN,,,NaN,,
2024-10-23T11:44:35.000Z,6.477,2,"",M,61.101,2,"",M,6.000,2,"",N,10.976,2,"",M,27.671,2,"",M,11.390,2,"",M,1018.470,2,"",M,353.732,2,"",M,NaN,,,0,NaN,,,M,344.833,2,"",343.521,2,"",NaN,,,NaN,,
2024-10-23T11:46:48.000Z,6.474,2,"",M,61.101,2,"",M,6.000,2,"",N,10.983,2,"",M,27.672,2,"",M,11.400,2,"",M,1018.560,2,"",M,353.502,2,"",M,NaN,,,0,NaN,,,M,344.602,2,"",343.292,2,"",NaN,,,NaN,,
2024-10-23T11:48:41.000Z,6.472,2,"",M,61.100,2,"",M,6.000,2,"",N,10.989,2,"",M,27.686,2,"",M,11.400,2,"",M,1018.490,2,"",M,353.682,2,"",M,NaN,,,0,NaN,,,M,344.829,2,"",343.518,2,"",NaN,,,NaN,,
2024-10-23T11:50:33.000Z,6.470,2,"",M,61.100,2,"",M,6.000,2,"",N,10.995,2,"",M,27.695,2,"",M,11.410,2,"",M,1018.430,2,"",M,353.672,2,"",M,NaN,,,0,NaN,,,M,344.742,2,"",343.431,2,"",NaN,,,NaN,,
2024-10-23T11:52:25.000Z,6.466,2,"",M,61.100,2,"",M,6.000,2,"",N,11.007,2,"",M,27.718,2,"",M,11.410,2,"",M,1018.340,2,"",M,353.702,2,"",M,NaN,,,0,NaN,,,M,344.910,2,"",343.599,2,"",NaN,,,NaN,,
2024-10-23T11:54:17.000Z,6.462,2,"",M,61.099,2,"",M,6.000,2,"",N,11.000,2,"",M,27.715,2,"",M,11.420,2,"",M,1018.310,2,"",M,354.172,2,"",M,NaN,,,0,NaN,,,M,345.114,2,"",343.802,2,"",NaN,,,NaN,,
2024-10-23T11:56:10.000Z,6.458,2,"",M,61.099,2,"",M,6.000,2,"",N,11.002,2,"",M,27.718,2,"",M,11.410,2,"",M,1018.200,2,"",M,354.691,2,"",M,NaN,,,0,NaN,,,M,345.765,2,"",344.451,2,"",NaN,,,NaN,,
2024-10-23T11:58:02.000Z,6.455,2,"",M,61.099,2,"",M,6.000,2,"",N,11.010,2,"",M,27.733,2,"",M,11.420,2,"",M,1018.690,2,"",M,354.611,2,"",M,NaN,,,0,NaN,,,M,345.818,2,"",344.504,2,"",NaN,,,NaN,,
2024-10-23T11:59:54.000Z,6.452,2,"",M,61.099,2,"",M,6.000,2,"",N,11.018,2,"",M,27.741,2,"",M,11.430,2,"",M,1018.790,2,"",M,354.201,2,"",M,NaN,,,0,NaN,,,M,345.423,2,"",344.110,2,"",NaN,,,NaN,,
2024-10-23T12:01:46.000Z,6.449,2,"",M,61.098,2,"",M,6.000,2,"",N,11.024,2,"",M,27.750,2,"",M,11.440,2,"",M,1018.780,2,"",M,354.471,2,"",M,NaN,,,0,NaN,,,M,345.616,2,"",344.303,2,"",NaN,,,NaN,,
2024-10-23T12:03:38.000Z,6.446,2,"",M,61.098,2,"",M,6.000,2,"",N,11.025,2,"",M,27.753,2,"",M,11.440,2,"",M,1018.750,2,"",M,354.391,2,"",M,NaN,,,0,NaN,,,M,345.537,2,"",344.224,2,"",NaN,,,NaN,,
2024-10-23T12:05:31.000Z,6.442,2,"",M,61.098,2,"",M,6.000,2,"",N,11.039,2,"",M,27.775,2,"",M,11.440,2,"",M,1018.740,2,"",M,354.711,2,"",M,NaN,,,0,NaN,,,M,346.056,2,"",344.741,2,"",NaN,,,NaN,,
2024-10-23T12:07:23.000Z,6.439,2,"",M,61.097,2,"",M,6.000,2,"",N,11.051,2,"",M,27.794,2,"",M,11.450,2,"",M,1018.640,2,"",M,354.741,2,"",M,NaN,,,0,NaN,,,M,346.077,2,"",344.762,2,"",NaN,,,NaN,,
2024-10-23T12:09:15.000Z,6.437,2,"",M,61.097,2,"",M,6.000,2,"",N,11.056,2,"",M,27.822,2,"",M,11.470,2,"",M,1018.710,2,"",M,354.670,2,"",M,NaN,,,0,NaN,,,M,345.804,2,"",344.490,2,"",NaN,,,NaN,,
2024-10-23T12:11:07.000Z,6.436,2,"",M,61.097,2,"",M,6.000,2,"",N,11.057,2,"",M,27.834,2,"",M,11.480,2,"",M,1018.585,2,"",M,355.090,2,"",M,NaN,,,0,NaN,,,M,346.037,2,"",344.722,2,"",NaN,,,NaN,,
2024-10-23T12:12:59.000Z,6.434,2,"",M,61.097,2,"",M,6.000,2,"",N,11.073,2,"",M,27.847,2,"",M,11.480,2,"",M,1018.470,2,"",M,355.800,2,"",M,NaN,,,0,NaN,,,M,346.933,2,"",345.615,2,"",NaN,,,NaN,,
2024-10-23T12:14:52.000Z,6.432,2,"",M,61.097,2,"",M,6.000,2,"",N,11.077,2,"",M,27.848,2,"",M,11.490,2,"",M,1018.310,2,"",M,356.010,2,"",M,NaN,,,0,NaN,,,M,346.980,2,"",345.662,2,"",NaN,,,NaN,,
2024-10-23T12:16:44.000Z,6.428,2,"",M,61.097,2,"",M,6.000,2,"",N,11.021,2,"",M,27.750,2,"",M,11.490,2,"",M,1018.210,2,"",M,356.350,2,"",M,NaN,,,0,NaN,,,M,346.454,2,"",345.139,2,"",NaN,,,NaN,,
2024-10-23T12:18:36.000Z,6.425,2,"",M,61.097,2,"",M,6.000,2,"",N,10.876,2,"",M,27.533,2,"",M,11.460,2,"",M,1018.050,2,"",M,356.020,2,"",M,NaN,,,0,NaN,,,M,344.408,2,"",343.100,2,"",NaN,,,NaN,,
2024-10-23T12:20:28.000Z,6.422,2,"",M,61.097,2,"",M,6.000,2,"",N,10.810,2,"",M,27.372,2,"",M,11.320,2,"",M,1017.980,2,"",M,353.890,2,"",M,NaN,,,0,NaN,,,M,343.446,2,"",342.140,2,"",NaN,,,NaN,,
2024-10-23T12:22:21.000Z,6.418,2,"",M,61.097,2,"",M,6.000,2,"",N,10.843,2,"",M,27.360,2,"",M,11.240,2,"",M,1017.910,2,"",M,350.399,2,"",M,NaN,,,0,NaN,,,M,341.680,2,"",340.379,2,"",NaN,,,NaN,,
2024-10-23T12:24:13.000Z,6.415,2,"",M,61.097,2,"",M,6.000,2,"",N,10.805,2,"",M,27.317,2,"",M,11.270,2,"",M,1017.880,2,"",M,348.319,2,"",M,NaN,,,0,NaN,,,M,338.662,2,"",337.373,2,"",NaN,,,NaN,,
2024-10-23T12:26:05.000Z,6.412,2,"",M,61.096,2,"",M,6.000,2,"",N,10.839,2,"",M,27.352,2,"",M,11.240,2,"",M,1018.250,2,"",M,347.449,2,"",M,NaN,,,0,NaN,,,M,338.860,2,"",337.569,2,"",NaN,,,NaN,,
2024-10-23T12:27:57.000Z,6.409,2,"",M,61.096,2,"",M,6.000,2,"",N,10.879,2,"",M,27.414,2,"",M,11.260,2,"",M,1018.295,2,"",M,346.889,2,"",M,NaN,,,0,NaN,,,M,338.610,2,"",337.321,2,"",NaN,,,NaN,,
2024-10-23T12:29:50.000Z,6.406,2,"",M,61.096,2,"",M,6.000,2,"",N,10.878,2,"",M,27.498,2,"",M,11.290,2,"",M,1018.260,2,"",M,346.939,2,"",M,NaN,,,0,NaN,,,M,338.204,2,"",336.917,2,"",NaN,,,NaN,,
2024-10-23T12:31:42.000Z,6.403,2,"",M,61.096,2,"",M,6.000,2,"",N,10.892,2,"",M,27.514,2,"",M,11.310,2,"",M,1018.180,2,"",M,347.589,2,"",M,NaN,,,0,NaN,,,M,338.713,2,"",337.424,2,"",NaN,,,NaN,,
2024-10-23T12:33:34.000Z,6.401,2,"",M,61.096,2,"",M,6.000,2,"",N,10.893,2,"",M,27.510,2,"",M,11.320,2,"",M,1018.180,2,"",M,348.588,2,"",M,NaN,,,0,NaN,,,M,339.550,2,"",338.258,2,"",NaN,,,NaN,,
2024-10-23T12:35:26.000Z,6.399,2,"",M,61.096,2,"",M,6.000,2,"",N,10.887,2,"",M,27.438,2,"",M,11.320,2,"",M,1018.120,2,"",M,349.258,2,"",M,NaN,,,0,NaN,,,M,340.106,2,"",338.812,2,"",NaN,,,NaN,,
2024-10-23T12:37:18.000Z,6.397,2,"",M,61.096,2,"",M,6.000,2,"",N,10.888,2,"",M,27.414,2,"",M,11.310,2,"",M,1018.140,2,"",M,348.668,2,"",M,NaN,,,0,NaN,,,M,339.689,2,"",338.396,2,"",NaN,,,NaN,,
2024-10-23T12:39:11.000Z,6.395,2,"",M,61.096,2,"",M,6.000,2,"",N,10.856,2,"",M,27.363,2,"",M,11.310,2,"",M,1018.160,2,"",M,348.088,2,"",M,NaN,,,0,NaN,,,M,338.679,2,"",337.391,2,"",NaN,,,NaN,,
2024-10-23T12:41:04.000Z,6.393,2,"",M,61.096,2,"",M,6.000,2,"",N,10.897,2,"",M,27.387,2,"",M,11.280,2,"",M,1018.040,2,"",M,347.788,2,"",M,NaN,,,0,NaN,,,M,339.368,2,"",338.077,2,"",NaN,,,NaN,,
2024-10-23T12:42:55.000Z,6.391,2,"",M,61.096,2,"",M,6.000,2,"",N,10.903,2,"",M,27.301,2,"",M,11.300,2,"",M,1018.070,2,"",M,347.488,2,"",M,NaN,,,0,NaN,,,M,338.882,2,"",337.592,2,"",NaN,,,NaN,,
2024-10-23T12:44:47.000Z,6.388,2,"",M,61.096,2,"",M,6.000,2,"",N,10.975,2,"",M,27.584,2,"",M,11.320,2,"",M,1018.050,2,"",M,346.857,2,"",M,NaN,,,0,NaN,,,M,339.000,2,"",337.710,2,"",NaN,,,NaN,,
2024-10-23T12:47:01.000Z,6.384,2,"",M,61.096,2,"",M,6.000,2,"",N,11.165,2,"",M,27.988,2,"",M,11.370,2,"",M,1018.100,2,"",M,348.147,2,"",M,NaN,,,0,NaN,,,M,342.282,2,"",340.980,2,"",NaN,,,NaN,,
2024-10-23T12:48:53.000Z,6.380,2,"",M,61.096,2,"",M,6.000,2,"",N,11.105,2,"",M,27.881,2,"",M,11.570,2,"",M,1017.970,2,"",M,350.607,2,"",M,NaN,,,0,NaN,,,M,340.823,2,"",339.530,2,"",NaN,,,NaN,,
2024-10-23T12:50:45.000Z,6.376,2,"",M,61.096,2,"",M,6.000,2,"",N,11.181,2,"",M,28.103,2,"",M,11.540,2,"",M,1018.140,2,"",M,354.118,2,"",M,NaN,,,0,NaN,,,M,345.853,2,"",344.541,2,"",NaN,,,NaN,,
2024-10-23T12:52:37.000Z,6.373,2,"",M,61.096,2,"",M,6.000,2,"",N,11.198,2,"",M,28.344,2,"",M,11.590,2,"",M,1017.950,2,"",M,356.058,2,"",M,NaN,,,0,NaN,,,M,347.181,2,"",345.865,2,"",NaN,,,NaN,,
2024-10-23T12:54:29.000Z,6.373,2,"",M,61.096,2,"",M,6.000,2,"",N,11.038,2,"",M,27.350,2,"",M,11.630,2,"",M,1017.910,2,"",M,359.318,2,"",M,NaN,,,0,NaN,,,M,347.386,2,"",346.070,2,"",NaN,,,NaN,,
2024-10-23T12:56:21.000Z,6.373,2,"",M,61.097,2,"",M,6.000,2,"",N,11.031,2,"",M,27.973,2,"",M,11.480,2,"",M,1017.980,2,"",M,359.468,2,"",M,NaN,,,0,NaN,,,M,349.715,2,"",348.387,2,"",NaN,,,NaN,,
2024-10-23T12:58:14.000Z,6.374,2,"",M,61.097,2,"",M,6.000,2,"",N,11.217,2,"",M,28.218,2,"",M,11.470,2,"",M,1017.980,2,"",M,357.067,2,"",M,NaN,,,0,NaN,,,M,350.266,2,"",348.936,2,"",NaN,,,NaN,,
2024-10-23T13:00:06.000Z,6.374,2,"",M,61.097,2,"",M,6.000,2,"",N,11.251,2,"",M,28.202,2,"",M,11.630,2,"",M,1017.920,2,"",M,357.407,2,"",M,NaN,,,0,NaN,,,M,348.667,2,"",347.346,2,"",NaN,,,NaN,,
2024-10-23T13:01:58.000Z,6.374,2,"",M,61.097,2,"",M,6.000,2,"",N,11.171,2,"",M,28.219,2,"",M,11.660,2,"",M,1017.780,2,"",M,360.737,2,"",M,NaN,,,0,NaN,,,M,350.232,2,"",348.906,2,"",NaN,,,NaN,,
2024-10-23T13:03:50.000Z,6.374,2,"",M,61.097,2,"",M,6.000,2,"",N,11.180,2,"",M,28.099,2,"",M,11.600,2,"",M,1017.940,2,"",M,363.427,2,"",M,NaN,,,0,NaN,,,M,353.938,2,"",352.596,2,"",NaN,,,NaN,,
2024-10-23T13:05:43.000Z,6.374,2,"",M,61.097,2,"",M,6.000,2,"",N,11.197,2,"",M,28.137,2,"",M,11.600,2,"",M,1017.900,2,"",M,362.427,2,"",M,NaN,,,0,NaN,,,M,353.208,2,"",351.869,2,"",NaN,,,NaN,,
2024-10-23T13:07:35.000Z,6.374,2,"",M,61.097,2,"",M,6.000,2,"",N,11.176,2,"",M,27.900,2,"",M,11.610,2,"",M,1017.690,2,"",M,361.737,2,"",M,NaN,,,0,NaN,,,M,351.998,2,"",350.664,2,"",NaN,,,NaN,,
2024-10-23T13:09:27.000Z,6.374,2,"",M,61.097,2,"",M,6.000,2,"",N,11.224,2,"",M,28.273,2,"",M,11.580,2,"",M,1018.130,2,"",M,361.437,2,"",M,NaN,,,0,NaN,,,M,353.039,2,"",351.700,2,"",NaN,,,NaN,,
2024-10-23T13:11:19.000Z,6.374,2,"",M,61.097,2,"",M,6.000,2,"",N,11.196,2,"",M,28.034,2,"",M,11.630,2,"",M,1018.200,2,"",M,361.427,2,"",M,NaN,,,0,NaN,,,M,351.877,2,"",350.543,2,"",NaN,,,NaN,,
2024-10-23T13:13:11.000Z,6.374,2,"",M,61.097,2,"",M,6.000,2,"",N,11.226,2,"",M,28.295,2,"",M,11.610,2,"",M,1018.310,2,"",M,361.937,2,"",M,NaN,,,0,NaN,,,M,353.160,2,"",351.821,2,"",NaN,,,NaN,,
2024-10-23T13:15:04.000Z,6.374,2,"",M,61.097,2,"",M,6.000,2,"",N,11.246,2,"",M,28.398,2,"",M,11.640,2,"",M,1018.250,2,"",M,362.277,2,"",M,NaN,,,0,NaN,,,M,353.309,2,"",351.970,2,"",NaN,,,NaN,,
2024-10-23T13:16:56.000Z,6.374,2,"",M,61.097,2,"",M,6.000,2,"",N,11.246,2,"",M,28.383,2,"",M,11.660,2,"",M,1018.410,2,"",M,364.337,2,"",M,NaN,,,0,NaN,,,M,355.075,2,"",353.729,2,"",NaN,,,NaN,,
2024-10-23T13:18:48.000Z,6.374,2,"",M,61.097,2,"",M,6.000,2,"",N,11.203,2,"",M,28.180,2,"",M,11.650,2,"",M,1018.320,2,"",M,365.567,2,"",M,NaN,,,0,NaN,,,M,355.738,2,"",354.390,2,"",NaN,,,NaN,,
2024-10-23T13:20:40.000Z,6.374,2,"",M,61.097,2,"",M,6.000,2,"",N,11.181,2,"",M,28.130,2,"",M,11.620,2,"",M,1018.280,2,"",M,364.716,2,"",M,NaN,,,0,NaN,,,M,355.032,2,"",353.686,2,"",NaN,,,NaN,,
2024-10-23T13:22:32.000Z,6.374,2,"",M,61.097,2,"",M,6.000,2,"",N,11.151,2,"",M,28.041,2,"",M,11.600,2,"",M,1018.260,2,"",M,363.016,2,"",M,NaN,,,0,NaN,,,M,353.221,2,"",351.882,2,"",NaN,,,NaN,,
2024-10-23T13:24:25.000Z,6.374,2,"",M,61.097,2,"",M,6.000,2,"",N,11.154,2,"",M,27.913,2,"",M,11.580,2,"",M,1018.370,2,"",M,361.626,2,"",M,NaN,,,0,NaN,,,M,352.264,2,"",350.928,2,"",NaN,,,NaN,,
2024-10-23T13:26:17.000Z,6.374,2,"",M,61.097,2,"",M,6.000,2,"",N,11.147,2,"",M,27.914,2,"",M,11.570,2,"",M,1018.310,2,"",M,359.616,2,"",M,NaN,,,0,NaN,,,M,350.326,2,"",348.997,2,"",NaN,,,NaN,,
2024-10-23T13:28:09.000Z,6.374,2,"",M,61.097,2,"",M,6.000,2,"",N,11.170,2,"",M,28.046,2,"",M,11.570,2,"",M,1018.290,2,"",M,358.485,2,"",M,NaN,,,0,NaN,,,M,349.564,2,"",348.238,2,"",NaN,,,NaN,,
2024-10-23T13:30:01.000Z,6.374,2,"",M,61.097,2,"",M,6.000,2,"",N,11.153,2,"",M,27.945,2,"",M,11.590,2,"",M,1018.150,2,"",M,358.505,2,"",M,NaN,,,0,NaN,,,M,348.982,2,"",347.659,2,"",NaN,,,NaN,,
2024-10-23T13:31:54.000Z,6.374,2,"",M,61.097,2,"",M,6.000,2,"",N,11.174,2,"",M,28.074,2,"",M,11.570,2,"",M,1018.250,2,"",M,358.725,2,"",M,NaN,,,0,NaN,,,M,349.843,2,"",348.516,2,"",NaN,,,NaN,,
2024-10-23T13:33:46.000Z,6.374,2,"",M,61.097,2,"",M,6.000,2,"",N,11.170,2,"",M,28.076,2,"",M,11.590,2,"",M,1018.150,2,"",M,358.765,2,"",M,NaN,,,0,NaN,,,M,349.475,2,"",348.150,2,"",NaN,,,NaN,,
2024-10-23T13:35:38.000Z,6.374,2,"",M,61.097,2,"",M,6.000,2,"",N,11.202,2,"",M,28.139,2,"",M,11.580,2,"",M,1018.080,2,"",M,359.595,2,"",M,NaN,,,0,NaN,,,M,350.893,2,"",349.563,2,"",NaN,,,NaN,,
2024-10-23T13:37:30.000Z,6.374,2,"",M,61.097,2,"",M,6.000,2,"",N,11.195,2,"",M,28.125,2,"",M,11.620,2,"",M,1018.410,2,"",M,360.055,2,"",M,NaN,,,0,NaN,,,M,350.745,2,"",349.416,2,"",NaN,,,NaN,,
2024-10-23T13:39:23.000Z,6.374,2,"",M,61.097,2,"",M,6.000,2,"",N,11.187,2,"",M,28.137,2,"",M,11.620,2,"",M,1018.500,2,"",M,361.095,2,"",M,NaN,,,0,NaN,,,M,351.664,2,"",350.331,2,"",NaN,,,NaN,,
2024-10-23T13:41:15.000Z,6.374,2,"",M,61.097,2,"",M,6.000,2,"",N,11.191,2,"",M,28.211,2,"",M,11.610,2,"",M,1018.600,2,"",M,361.625,2,"",M,NaN,,,0,NaN,,,M,352.439,2,"",351.103,2,"",NaN,,,NaN,,
2024-10-23T13:43:06.000Z,6.374,2,"",M,61.097,2,"",M,6.000,2,"",N,11.132,2,"",M,28.025,2,"",M,11.610,2,"",M,1018.500,2,"",M,361.775,2,"",M,NaN,,,0,NaN,,,M,351.665,2,"",350.332,2,"",NaN,,,NaN,,
2024-10-23T13:44:59.000Z,6.374,2,"",M,61.097,2,"",M,6.000,2,"",N,11.200,2,"",M,28.094,2,"",M,11.560,2,"",M,1018.460,2,"",M,361.074,2,"",M,NaN,,,0,NaN,,,M,352.736,2,"",351.398,2,"",NaN,,,NaN,,
2024-10-23T13:47:12.000Z,6.374,2,"",M,61.097,2,"",M,6.000,2,"",N,11.129,2,"",I,27.990,2,"",I,11.580,2,"",M,1018.520,2,"",M,359.384,2,"",M,NaN,,,0,NaN,,,M,349.763,2,"",348.437,2,"",NaN,,,NaN,,
2024-10-23T13:49:04.000Z,6.374,2,"",M,61.097,2,"",M,6.000,2,"",N,11.070,2,"",M,27.903,2,"",M,11.570,2,"",M,1018.550,2,"",M,359.654,2,"",M,NaN,,,0,NaN,,,M,349.314,2,"",347.989,2,"",NaN,,,NaN,,
2024-10-23T13:50:56.000Z,6.374,2,"",M,61.097,2,"",M,6.000,2,"",N,11.026,2,"",M,27.579,2,"",M,11.520,2,"",M,1018.530,2,"",M,358.944,2,"",M,NaN,,,0,NaN,,,M,348.710,2,"",347.386,2,"",NaN,,,NaN,,
2024-10-23T13:52:49.000Z,6.374,2,"",M,61.097,2,"",M,6.000,2,"",N,11.071,2,"",M,27.622,2,"",M,11.450,2,"",M,1018.450,2,"",M,355.833,2,"",M,NaN,,,0,NaN,,,M,347.374,2,"",346.054,2,"",NaN,,,NaN,,
2024-10-23T13:54:41.000Z,6.374,2,"",M,61.097,2,"",M,6.000,2,"",N,11.077,2,"",M,27.735,2,"",M,11.490,2,"",M,1018.430,2,"",M,352.643,2,"",M,NaN,,,0,NaN,,,M,343.740,2,"",342.435,2,"",NaN,,,NaN,,
2024-10-23T13:56:33.000Z,6.374,2,"",M,61.097,2,"",M,6.000,2,"",N,11.110,2,"",M,27.670,2,"",M,11.500,2,"",M,1018.430,2,"",M,352.733,2,"",M,NaN,,,0,NaN,,,M,344.163,2,"",342.857,2,"",NaN,,,NaN,,
2024-10-23T13:58:25.000Z,6.374,2,"",M,61.097,2,"",M,6.000,2,"",N,11.116,2,"",M,27.906,2,"",M,11.510,2,"",M,1018.380,2,"",M,352.963,2,"",M,NaN,,,0,NaN,,,M,344.313,2,"",343.006,2,"",NaN,,,NaN,,
2024-10-23T14:00:18.000Z,6.374,2,"",M,61.097,2,"",M,6.000,2,"",N,11.141,2,"",M,27.899,2,"",M,11.530,2,"",M,1018.308,2,"",M,353.913,2,"",M,NaN,,,0,NaN,,,M,345.284,2,"",343.974,2,"",NaN,,,NaN,,
2024-10-23T14:04:47.000Z,6.373,2,"",M,61.096,2,"",M,6.000,2,"",N,NaN,,,M,NaN,,,M,NaN,,,M,NaN,,,M,NaN,,,0,NaN,,,0,NaN,,,M,NaN,,,NaN,,,NaN,,,NaN,,
2024-10-23T14:06:37.000Z,6.373,2,"",M,61.096,2,"",M,6.000,2,"",N,NaN,,,M,NaN,,,M,NaN,,,M,NaN,,,M,NaN,,,0,NaN,,,0,NaN,,,M,NaN,,,NaN,,,NaN,,,NaN,,
2024-10-23T14:08:27.000Z,6.373,2,"",M,61.096,2,"",M,6.000,2,"",N,NaN,,,M,NaN,,,M,NaN,,,M,NaN,,,M,NaN,,,0,NaN,,,0,NaN,,,M,NaN,,,NaN,,,NaN,,,NaN,,
2024-10-23T14:12:56.000Z,6.366,2,"",M,61.096,2,"",M,6.000,2,"",N,NaN,,,M,NaN,,,M,NaN,,,M,NaN,,,M,NaN,,,0,NaN,,,0,NaN,,,M,NaN,,,NaN,,,NaN,,,NaN,,
2024-10-23T14:14:46.000Z,6.362,2,"",M,61.096,2,"",M,6.000,2,"",N,NaN,,,M,NaN,,,M,NaN,,,M,NaN,,,M,NaN,,,0,NaN,,,0,NaN,,,M,NaN,,,NaN,,,NaN,,,NaN,,
2024-10-23T14:16:36.000Z,6.359,2,"",M,61.097,2,"",M,6.000,2,"",N,NaN,,,M,NaN,,,M,NaN,,,M,NaN,,,M,NaN,,,0,NaN,,,0,NaN,,,M,NaN,,,NaN,,,NaN,,,NaN,,
2024-10-23T14:21:06.000Z,6.356,2,"",M,61.099,2,"",M,6.000,2,"",N,NaN,,,M,NaN,,,M,NaN,,,M,NaN,,,M,NaN,,,0,NaN,,,0,NaN,,,M,NaN,,,NaN,,,NaN,,,NaN,,
2024-10-23T14:22:55.000Z,6.361,2,"",M,61.099,2,"",M,6.000,2,"",N,NaN,,,M,NaN,,,M,NaN,,,M,NaN,,,M,NaN,,,0,NaN,,,0,NaN,,,M,NaN,,,NaN,,,NaN,,,NaN,,
2024-10-23T14:24:45.000Z,6.371,2,"",M,61.099,2,"",M,6.000,2,"",N,NaN,,,M,NaN,,,M,NaN,,,M,NaN,,,M,NaN,,,0,NaN,,,0,NaN,,,M,NaN,,,NaN,,,NaN,,,NaN,,
2024-10-23T14:29:15.000Z,6.393,2,"",M,61.097,2,"",M,6.000,2,"",N,10.946,2,"",M,27.193,2,"",M,NaN,,,M,NaN,,,M,NaN,,,0,424.872,2,"",M,1018.400,2,"",M,NaN,,,NaN,,,422.660,2,"",421.040,2,""
2024-10-23T14:31:05.000Z,6.391,2,"",M,61.095,2,"",M,6.000,2,"",N,10.915,2,"",M,27.219,2,"",M,NaN,,,M,NaN,,,M,NaN,,,0,424.943,2,"",M,1018.300,2,"",M,NaN,,,NaN,,,422.699,2,"",421.078,2,""
2024-10-23T14:32:54.000Z,6.387,2,"",M,61.096,2,"",M,6.000,2,"",N,11.039,2,"",M,27.414,2,"",M,NaN,,,M,NaN,,,M,NaN,,,0,425.593,2,"",M,1018.300,2,"",M,NaN,,,NaN,,,423.302,2,"",421.681,2,""
2024-10-23T14:34:44.000Z,6.384,2,"",M,61.096,2,"",M,6.000,2,"",N,10.987,2,"",M,27.450,2,"",M,NaN,,,M,NaN,,,M,NaN,,,0,425.773,2,"",M,1018.300,2,"",M,NaN,,,NaN,,,423.500,2,"",421.878,2,""
2024-10-23T14:36:34.000Z,6.382,2,"",M,61.096,2,"",M,6.000,2,"",N,11.081,2,"",M,27.614,2,"",M,NaN,,,M,NaN,,,M,NaN,,,0,428.754,4,"Values are off",M,1018.400,2,"",M,NaN,,,NaN,,,426.473,4,"xCO₂ (with standards) Values are off",424.841,4,"xCO₂ (with standards) Values are off"
2024-10-23T14:41:44.000Z,6.378,2,"",M,61.097,2,"",M,6.000,2,"",N,10.931,2,"",M,27.316,2,"",M,11.110,2,"",M,1018.660,2,"",M,345.593,2,"",M,NaN,,,0,NaN,,,M,340.406,2,"",339.107,2,"",NaN,,,NaN,,
2024-10-23T14:43:37.000Z,6.378,2,"",M,61.097,2,"",M,6.000,2,"",N,11.056,2,"",M,27.662,2,"",M,11.330,2,"",M,1018.700,2,"",M,344.584,2,"",M,NaN,,,0,NaN,,,M,338.013,2,"",336.727,2,"",NaN,,,NaN,,
2024-10-23T14:45:29.000Z,6.378,2,"",M,61.097,2,"",M,6.000,2,"",N,11.119,2,"",M,27.890,2,"",M,11.460,2,"",M,1018.671,2,"",M,346.774,2,"",M,NaN,,,0,NaN,,,M,339.148,2,"",337.859,2,"",NaN,,,NaN,,
2024-10-23T14:47:42.000Z,6.378,2,"",M,61.097,2,"",M,6.000,2,"",N,11.153,2,"",M,27.931,2,"",M,11.530,2,"",M,1018.690,2,"",M,351.385,2,"",M,NaN,,,0,NaN,,,M,343.110,2,"",341.808,2,"",NaN,,,NaN,,
2024-10-23T14:49:34.000Z,6.378,2,"",M,61.097,2,"",M,6.000,2,"",N,11.149,2,"",M,27.918,2,"",M,11.570,2,"",M,1018.610,2,"",M,354.876,2,"",M,NaN,,,0,NaN,,,M,345.846,2,"",344.534,2,"",NaN,,,NaN,,
2024-10-23T14:51:27.000Z,6.378,2,"",M,61.097,2,"",M,6.000,2,"",N,11.167,2,"",M,27.949,2,"",M,11.560,2,"",M,1018.720,2,"",M,356.406,2,"",M,NaN,,,0,NaN,,,M,347.779,2,"",346.459,2,"",NaN,,,NaN,,
2024-10-23T14:53:19.000Z,6.378,2,"",M,61.097,2,"",M,6.000,2,"",N,11.161,2,"",M,27.930,2,"",M,11.580,2,"",M,1018.790,2,"",M,356.926,2,"",M,NaN,,,0,NaN,,,M,347.935,2,"",346.615,2,"",NaN,,,NaN,,
2024-10-23T14:55:11.000Z,6.378,2,"",M,61.097,2,"",M,6.000,2,"",N,11.181,2,"",M,27.979,2,"",M,11.580,2,"",M,1018.690,2,"",M,357.197,2,"",M,NaN,,,0,NaN,,,M,348.453,2,"",347.131,2,"",NaN,,,NaN,,
2024-10-23T14:57:03.000Z,6.378,2,"",M,61.097,2,"",M,6.000,2,"",N,11.184,2,"",M,27.993,2,"",M,11.590,2,"",M,1018.920,2,"",M,357.337,2,"",M,NaN,,,0,NaN,,,M,348.555,2,"",347.233,2,"",NaN,,,NaN,,
2024-10-23T14:58:56.000Z,6.378,2,"",M,61.097,2,"",M,6.000,2,"",N,11.201,2,"",M,28.097,2,"",M,11.590,2,"",M,1018.960,2,"",M,358.097,2,"",M,NaN,,,0,NaN,,,M,349.574,2,"",348.247,2,"",NaN,,,NaN,,
2024-10-23T15:00:48.000Z,6.378,2,"",M,61.097,2,"",M,6.000,2,"",N,11.182,2,"",M,28.011,2,"",M,11.610,2,"",M,1018.970,2,"",M,358.567,2,"",M,NaN,,,0,NaN,,,M,349.447,2,"",348.122,2,"",NaN,,,NaN,,
2024-10-23T15:02:40.000Z,6.378,2,"",M,61.097,2,"",M,6.000,2,"",N,11.187,2,"",M,27.993,2,"",M,11.600,2,"",M,1019.100,2,"",M,359.408,2,"",M,NaN,,,0,NaN,,,M,350.532,2,"",349.202,2,"",NaN,,,NaN,,
2024-10-23T15:04:32.000Z,6.378,2,"",M,61.097,2,"",M,6.000,2,"",N,11.196,2,"",M,28.035,2,"",M,11.600,2,"",M,1019.100,2,"",M,358.698,2,"",M,NaN,,,0,NaN,,,M,349.986,2,"",348.658,2,"",NaN,,,NaN,,
2024-10-23T15:06:24.000Z,6.378,2,"",M,61.097,2,"",M,6.000,2,"",N,11.203,2,"",M,28.069,2,"",M,11.610,2,"",M,1019.110,2,"",M,359.008,2,"",M,NaN,,,0,NaN,,,M,350.235,2,"",348.906,2,"",NaN,,,NaN,,
2024-10-23T15:08:17.000Z,6.378,2,"",M,61.097,2,"",M,6.000,2,"",N,11.202,2,"",M,28.055,2,"",M,11.620,2,"",M,1018.970,2,"",M,359.318,2,"",M,NaN,,,0,NaN,,,M,350.328,2,"",348.999,2,"",NaN,,,NaN,,
2024-10-23T15:10:09.000Z,6.378,2,"",M,61.097,2,"",M,6.000,2,"",N,11.203,2,"",M,28.061,2,"",M,11.610,2,"",M,1018.700,2,"",M,359.819,2,"",M,NaN,,,0,NaN,,,M,350.885,2,"",349.555,2,"",NaN,,,NaN,,
2024-10-23T15:12:01.000Z,6.378,2,"",M,61.097,2,"",M,6.000,2,"",N,11.205,2,"",M,28.095,2,"",M,11.600,2,"",M,1018.860,2,"",M,359.839,2,"",M,NaN,,,0,NaN,,,M,351.144,2,"",349.812,2,"",NaN,,,NaN,,
2024-10-23T15:13:53.000Z,6.378,2,"",M,61.097,2,"",M,6.000,2,"",N,11.206,2,"",M,28.083,2,"",M,11.620,2,"",M,1018.800,2,"",M,360.399,2,"",M,NaN,,,0,NaN,,,M,351.382,2,"",350.050,2,"",NaN,,,NaN,,
2024-10-23T15:15:46.000Z,6.378,2,"",M,61.097,2,"",M,6.000,2,"",N,11.215,2,"",M,28.226,2,"",M,11.630,2,"",M,1018.800,2,"",M,360.469,2,"",M,NaN,,,0,NaN,,,M,351.435,2,"",350.102,2,"",NaN,,,NaN,,
2024-10-23T15:17:38.000Z,6.378,2,"",M,61.097,2,"",M,6.000,2,"",N,11.237,2,"",M,28.308,2,"",M,11.640,2,"",M,1019.050,2,"",M,360.600,2,"",M,NaN,,,0,NaN,,,M,351.825,2,"",350.491,2,"",NaN,,,NaN,,
2024-10-23T15:19:30.000Z,6.378,2,"",M,61.097,2,"",M,6.000,2,"",N,11.218,2,"",M,28.137,2,"",M,11.650,2,"",M,1019.140,2,"",M,361.830,2,"",M,NaN,,,0,NaN,,,M,352.609,2,"",351.272,2,"",NaN,,,NaN,,
2024-10-23T15:21:22.000Z,6.378,2,"",M,61.097,2,"",M,6.000,2,"",N,11.212,2,"",M,28.092,2,"",M,11.630,2,"",M,1019.090,2,"",M,362.030,2,"",M,NaN,,,0,NaN,,,M,353.011,2,"",351.672,2,"",NaN,,,NaN,,
2024-10-23T15:23:15.000Z,6.378,2,"",M,61.097,2,"",M,6.000,2,"",N,11.228,2,"",M,28.231,2,"",M,11.620,2,"",M,1019.070,2,"",M,361.420,2,"",M,NaN,,,0,NaN,,,M,352.799,2,"",351.460,2,"",NaN,,,NaN,,
2024-10-23T15:25:07.000Z,6.378,2,"",M,61.097,2,"",M,6.000,2,"",N,11.187,2,"",M,28.184,2,"",M,11.630,2,"",M,1019.010,2,"",M,361.411,2,"",M,NaN,,,0,NaN,,,M,352.010,2,"",350.675,2,"",NaN,,,NaN,,
2024-10-23T15:26:59.000Z,6.378,2,"",M,61.097,2,"",M,6.000,2,"",N,11.190,2,"",M,28.218,2,"",M,11.600,2,"",M,1018.950,2,"",M,361.871,2,"",M,NaN,,,0,NaN,,,M,352.938,2,"",351.599,2,"",NaN,,,NaN,,
2024-10-23T15:28:51.000Z,6.378,2,"",M,61.097,2,"",M,6.000,2,"",N,11.233,2,"",M,28.195,2,"",M,11.610,2,"",M,1019.010,2,"",M,362.041,2,"",M,NaN,,,0,NaN,,,M,353.606,2,"",352.265,2,"",NaN,,,NaN,,
2024-10-23T15:30:43.000Z,6.378,2,"",M,61.097,2,"",M,6.000,2,"",N,11.233,2,"",M,28.334,2,"",M,11.650,2,"",M,1018.960,2,"",M,362.371,2,"",M,NaN,,,0,NaN,,,M,353.311,2,"",351.971,2,"",NaN,,,NaN,,
2024-10-23T15:32:36.000Z,6.378,2,"",M,61.097,2,"",M,6.000,2,"",N,11.284,2,"",M,28.395,2,"",M,11.650,2,"",M,1018.920,2,"",M,363.672,2,"",M,NaN,,,0,NaN,,,M,355.329,2,"",353.981,2,"",NaN,,,NaN,,
2024-10-23T15:34:28.000Z,6.378,2,"",M,61.097,2,"",M,6.000,2,"",N,11.281,2,"",M,28.579,2,"",M,11.690,2,"",M,1018.820,2,"",M,364.562,2,"",M,NaN,,,0,NaN,,,M,355.504,2,"",354.157,2,"",NaN,,,NaN,,
2024-10-23T15:36:20.000Z,6.378,2,"",M,61.097,2,"",M,6.000,2,"",N,11.204,2,"",M,28.326,2,"",M,11.700,2,"",M,1018.780,2,"",M,367.043,2,"",M,NaN,,,0,NaN,,,M,356.590,2,"",355.239,2,"",NaN,,,NaN,,
2024-10-23T15:38:12.000Z,6.378,2,"",M,61.097,2,"",M,6.000,2,"",N,11.256,2,"",M,28.310,2,"",M,11.610,2,"",M,1019.020,2,"",M,367.283,2,"",M,NaN,,,0,NaN,,,M,359.085,2,"",357.722,2,"",NaN,,,NaN,,
2024-10-23T15:40:05.000Z,6.378,2,"",M,61.097,2,"",M,6.000,2,"",N,11.296,2,"",M,28.431,2,"",M,11.660,2,"",M,1019.050,2,"",M,365.913,2,"",M,NaN,,,0,NaN,,,M,357.594,2,"",356.238,2,"",NaN,,,NaN,,
2024-10-23T15:41:57.000Z,6.378,2,"",M,61.097,2,"",M,6.000,2,"",N,11.318,2,"",M,28.598,2,"",M,11.700,2,"",M,1019.110,2,"",M,365.693,2,"",M,NaN,,,0,NaN,,,M,357.115,2,"",355.762,2,"",NaN,,,NaN,,
2024-10-23T15:43:49.000Z,6.378,2,"",M,61.097,2,"",M,6.000,2,"",N,11.310,2,"",M,28.577,2,"",M,11.730,2,"",M,1019.120,2,"",M,367.764,2,"",M,NaN,,,0,NaN,,,M,358.549,2,"",357.191,2,"",NaN,,,NaN,,
2024-10-23T15:45:41.000Z,6.378,2,"",M,61.097,2,"",M,6.000,2,"",N,11.272,2,"",M,28.490,2,"",M,11.720,2,"",M,1019.040,2,"",M,369.074,2,"",M,NaN,,,0,NaN,,,M,359.369,2,"",358.007,2,"",NaN,,,NaN,,
2024-10-23T15:47:55.000Z,6.378,2,"",M,61.097,2,"",M,6.000,2,"",N,11.300,2,"",M,28.616,2,"",M,11.700,2,"",M,1019.000,2,"",M,369.185,2,"",M,NaN,,,0,NaN,,,M,360.202,2,"",358.838,2,"",NaN,,,NaN,,
2024-10-23T15:49:47.000Z,6.378,2,"",M,61.097,2,"",M,6.000,2,"",N,11.296,2,"",M,28.527,2,"",M,11.720,2,"",M,1018.930,2,"",M,369.165,2,"",M,NaN,,,0,NaN,,,M,359.792,2,"",358.429,2,"",NaN,,,NaN,,
2024-10-23T15:51:39.000Z,6.378,2,"",M,61.097,2,"",M,6.000,2,"",N,11.286,2,"",M,28.529,2,"",M,11.700,2,"",M,1018.890,2,"",M,369.445,2,"",M,NaN,,,0,NaN,,,M,360.214,2,"",358.849,2,"",NaN,,,NaN,,
2024-10-23T15:53:31.000Z,6.378,2,"",M,61.097,2,"",M,6.000,2,"",N,11.271,2,"",M,28.533,2,"",M,11.690,2,"",M,1018.850,2,"",M,369.495,2,"",M,NaN,,,0,NaN,,,M,360.165,2,"",358.800,2,"",NaN,,,NaN,,
2024-10-23T15:55:24.000Z,6.378,2,"",M,61.097,2,"",M,6.000,2,"",N,11.300,2,"",M,28.549,2,"",M,11.690,2,"",M,1018.810,2,"",M,368.945,2,"",M,NaN,,,0,NaN,,,M,360.064,2,"",358.700,2,"",NaN,,,NaN,,
2024-10-23T15:57:16.000Z,6.378,2,"",M,61.097,2,"",M,6.000,2,"",N,11.278,2,"",M,28.510,2,"",M,11.720,2,"",M,1018.870,2,"",M,368.656,2,"",M,NaN,,,0,NaN,,,M,358.999,2,"",357.640,2,"",NaN,,,NaN,,
2024-10-23T15:59:08.000Z,6.378,2,"",M,61.097,2,"",M,6.000,2,"",N,11.314,2,"",M,28.602,2,"",M,11.700,2,"",M,1019.090,2,"",M,368.966,2,"",M,NaN,,,0,NaN,,,M,360.236,2,"",358.871,2,"",NaN,,,NaN,,
2024-10-23T16:01:00.000Z,6.378,2,"",M,61.097,2,"",M,6.000,2,"",N,11.290,2,"",M,28.554,2,"",M,11.720,2,"",M,1019.110,2,"",M,369.136,2,"",M,NaN,,,0,NaN,,,M,359.738,2,"",358.375,2,"",NaN,,,NaN,,
2024-10-23T16:02:52.000Z,6.378,2,"",M,61.097,2,"",M,6.000,2,"",N,11.303,2,"",M,28.586,2,"",M,11.700,2,"",M,1019.130,2,"",M,369.636,2,"",M,NaN,,,0,NaN,,,M,360.742,2,"",359.375,2,"",NaN,,,NaN,,
2024-10-23T16:04:45.000Z,6.378,2,"",M,61.097,2,"",M,6.000,2,"",N,11.312,2,"",M,28.600,2,"",M,11.710,2,"",M,1019.150,2,"",M,369.207,2,"",M,NaN,,,0,NaN,,,M,360.311,2,"",358.945,2,"",NaN,,,NaN,,
2024-10-23T16:06:37.000Z,6.378,2,"",M,61.097,2,"",M,6.000,2,"",N,11.308,2,"",M,28.600,2,"",M,11.720,2,"",M,1019.090,2,"",M,369.407,2,"",M,NaN,,,0,NaN,,,M,360.267,2,"",358.902,2,"",NaN,,,NaN,,
2024-10-23T16:08:29.000Z,6.378,2,"",M,61.097,2,"",M,6.000,2,"",N,11.281,2,"",M,28.470,2,"",M,11.720,2,"",M,1019.140,2,"",M,369.677,2,"",M,NaN,,,0,NaN,,,M,360.142,2,"",358.777,2,"",NaN,,,NaN,,
2024-10-23T16:10:21.000Z,6.378,2,"",M,61.097,2,"",M,6.000,2,"",N,11.303,2,"",M,28.601,2,"",M,11.700,2,"",M,1019.190,2,"",M,369.707,2,"",M,NaN,,,0,NaN,,,M,360.836,2,"",359.468,2,"",NaN,,,NaN,,
2024-10-23T16:12:14.000Z,6.378,2,"",M,61.097,2,"",M,6.000,2,"",N,11.310,2,"",M,28.560,2,"",M,11.720,2,"",M,1019.210,2,"",M,368.807,2,"",M,NaN,,,0,NaN,,,M,359.752,2,"",358.389,2,"",NaN,,,NaN,,
2024-10-23T16:14:06.000Z,6.378,2,"",M,61.097,2,"",M,6.000,2,"",N,11.315,2,"",M,28.600,2,"",M,11.720,2,"",M,1019.310,2,"",M,369.218,2,"",M,NaN,,,0,NaN,,,M,360.267,2,"",358.902,2,"",NaN,,,NaN,,
2024-10-23T16:15:59.000Z,6.378,2,"",M,61.097,2,"",M,6.000,2,"",N,11.297,2,"",M,28.562,2,"",M,11.730,2,"",M,1019.310,2,"",M,369.468,2,"",M,NaN,,,0,NaN,,,M,360.088,2,"",358.724,2,"",NaN,,,NaN,,
2024-10-23T16:17:50.000Z,6.378,2,"",M,61.097,2,"",M,6.000,2,"",N,11.304,2,"",M,28.496,2,"",M,11.710,2,"",M,1019.300,2,"",M,369.818,2,"",M,NaN,,,0,NaN,,,M,360.837,2,"",359.469,2,"",NaN,,,NaN,,
2024-10-23T16:19:43.000Z,6.378,2,"",M,61.097,2,"",M,6.000,2,"",N,11.306,2,"",M,28.515,2,"",M,11.710,2,"",M,1019.390,2,"",M,369.078,2,"",M,NaN,,,0,NaN,,,M,360.172,2,"",358.807,2,"",NaN,,,NaN,,
2024-10-23T16:21:35.000Z,6.378,2,"",M,61.097,2,"",M,6.000,2,"",N,11.305,2,"",M,28.500,2,"",M,11.710,2,"",M,1019.330,2,"",M,368.838,2,"",M,NaN,,,0,NaN,,,M,359.900,2,"",358.536,2,"",NaN,,,NaN,,
2024-10-23T16:23:27.000Z,6.378,2,"",M,61.097,2,"",M,6.000,2,"",N,11.312,2,"",M,28.592,2,"",M,11.720,2,"",M,1019.290,2,"",M,368.789,2,"",M,NaN,,,0,NaN,,,M,359.796,2,"",358.433,2,"",NaN,,,NaN,,
2024-10-23T16:25:19.000Z,6.378,2,"",M,61.097,2,"",M,6.000,2,"",N,11.316,2,"",M,28.572,2,"",M,11.730,2,"",M,1019.280,2,"",M,369.159,2,"",M,NaN,,,0,NaN,,,M,360.063,2,"",358.699,2,"",NaN,,,NaN,,
2024-10-23T16:27:12.000Z,6.378,2,"",M,61.097,2,"",M,6.000,2,"",N,11.294,2,"",M,28.545,2,"",M,11.730,2,"",M,1019.170,2,"",M,369.459,2,"",M,NaN,,,0,NaN,,,M,359.975,2,"",358.611,2,"",NaN,,,NaN,,
2024-10-23T16:29:04.000Z,6.378,2,"",M,61.097,2,"",M,6.000,2,"",N,11.314,2,"",M,28.552,2,"",M,11.720,2,"",M,1019.185,2,"",M,369.690,2,"",M,NaN,,,0,NaN,,,M,360.659,2,"",359.293,2,"",NaN,,,NaN,,
2024-10-23T16:30:56.000Z,6.378,2,"",M,61.097,2,"",M,6.000,2,"",N,11.316,2,"",M,28.559,2,"",M,11.720,2,"",M,1019.150,2,"",M,369.360,2,"",M,NaN,,,0,NaN,,,M,360.361,2,"",358.996,2,"",NaN,,,NaN,,
2024-10-23T16:32:48.000Z,6.378,2,"",M,61.097,2,"",M,6.000,2,"",N,11.317,2,"",M,28.592,2,"",M,11.720,2,"",M,1019.070,2,"",M,369.040,2,"",M,NaN,,,0,NaN,,,M,360.030,2,"",358.666,2,"",NaN,,,NaN,,
2024-10-23T16:34:40.000Z,6.378,2,"",M,61.097,2,"",M,6.000,2,"",N,11.306,2,"",M,28.541,2,"",M,11.730,2,"",M,1019.370,2,"",M,369.450,2,"",M,NaN,,,0,NaN,,,M,360.222,2,"",358.857,2,"",NaN,,,NaN,,
2024-10-23T16:36:33.000Z,6.378,2,"",M,61.097,2,"",M,6.000,2,"",N,11.319,2,"",M,28.566,2,"",M,11.730,2,"",M,1019.580,2,"",M,369.320,2,"",M,NaN,,,0,NaN,,,M,360.368,2,"",359.003,2,"",NaN,,,NaN,,
2024-10-23T16:38:25.000Z,6.378,2,"",M,61.097,2,"",M,6.000,2,"",N,11.313,2,"",M,28.535,2,"",M,11.740,2,"",M,1019.610,2,"",M,369.031,2,"",M,NaN,,,0,NaN,,,M,359.857,2,"",358.493,2,"",NaN,,,NaN,,
2024-10-23T16:40:17.000Z,6.378,2,"",M,61.097,2,"",M,6.000,2,"",N,11.294,2,"",M,28.528,2,"",M,11.730,2,"",M,1019.590,2,"",M,369.071,2,"",M,NaN,,,0,NaN,,,M,359.753,2,"",358.389,2,"",NaN,,,NaN,,
2024-10-23T16:42:09.000Z,6.378,2,"",M,61.097,2,"",M,6.000,2,"",N,11.292,2,"",M,28.531,2,"",M,11.710,2,"",M,1019.560,2,"",M,368.721,2,"",M,NaN,,,0,NaN,,,M,359.674,2,"",358.311,2,"",NaN,,,NaN,,
2024-10-23T16:44:02.000Z,6.378,2,"",M,61.097,2,"",M,6.000,2,"",N,11.293,2,"",M,28.512,2,"",M,11.710,2,"",M,1019.430,2,"",M,368.781,2,"",M,NaN,,,0,NaN,,,M,359.705,2,"",358.342,2,"",NaN,,,NaN,,
2024-10-23T16:45:54.000Z,6.378,2,"",M,61.097,2,"",M,6.000,2,"",N,11.281,2,"",M,28.466,2,"",M,11.700,2,"",M,1019.590,2,"",M,368.311,2,"",M,NaN,,,0,NaN,,,M,359.282,2,"",357.919,2,"",NaN,,,NaN,,
2024-10-23T16:48:07.000Z,6.378,2,"",M,61.097,2,"",M,6.000,2,"",N,11.291,2,"",M,28.510,2,"",M,11.700,2,"",M,1019.650,2,"",M,367.991,2,"",M,NaN,,,0,NaN,,,M,359.133,2,"",357.771,2,"",NaN,,,NaN,,
2024-10-23T16:50:00.000Z,6.378,2,"",M,61.097,2,"",M,6.000,2,"",N,11.294,2,"",M,28.511,2,"",M,11.710,2,"",M,1019.640,2,"",M,368.352,2,"",M,NaN,,,0,NaN,,,M,359.379,2,"",358.016,2,"",NaN,,,NaN,,
2024-10-23T16:51:52.000Z,6.378,2,"",M,61.097,2,"",M,6.000,2,"",N,11.294,2,"",M,28.524,2,"",M,11.710,2,"",M,1019.570,2,"",M,368.242,2,"",M,NaN,,,0,NaN,,,M,359.241,2,"",357.879,2,"",NaN,,,NaN,,
2024-10-23T16:53:44.000Z,6.378,2,"",M,61.097,2,"",M,6.000,2,"",N,11.287,2,"",M,28.499,2,"",M,11.710,2,"",M,1019.460,2,"",M,368.592,2,"",M,NaN,,,0,NaN,,,M,359.439,2,"",358.077,2,"",NaN,,,NaN,,
2024-10-23T16:55:36.000Z,6.378,2,"",M,61.097,2,"",M,6.000,2,"",N,11.289,2,"",M,28.497,2,"",M,11.700,2,"",M,1019.480,2,"",M,368.623,2,"",M,NaN,,,0,NaN,,,M,359.667,2,"",358.303,2,"",NaN,,,NaN,,
2024-10-23T16:57:28.000Z,6.378,2,"",M,61.097,2,"",M,6.000,2,"",N,11.286,2,"",M,28.507,2,"",M,11.700,2,"",M,1019.440,2,"",M,368.293,2,"",M,NaN,,,0,NaN,,,M,359.274,2,"",357.912,2,"",NaN,,,NaN,,
2024-10-23T16:59:21.000Z,6.378,2,"",M,61.097,2,"",M,6.000,2,"",N,11.272,2,"",M,28.425,2,"",M,11.700,2,"",M,1019.360,2,"",M,368.413,2,"",M,NaN,,,0,NaN,,,M,359.153,2,"",357.792,2,"",NaN,,,NaN,,
2024-10-23T17:01:13.000Z,6.378,2,"",M,61.097,2,"",M,6.000,2,"",N,11.284,2,"",M,28.499,2,"",M,11.690,2,"",M,1019.360,2,"",M,368.173,2,"",M,NaN,,,0,NaN,,,M,359.263,2,"",357.901,2,"",NaN,,,NaN,,
2024-10-23T17:03:05.000Z,6.378,2,"",M,61.097,2,"",M,6.000,2,"",N,11.287,2,"",M,28.439,2,"",M,11.700,2,"",M,1019.670,2,"",M,368.253,2,"",M,NaN,,,0,NaN,,,M,359.342,2,"",357.979,2,"",NaN,,,NaN,,
2024-10-23T17:04:57.000Z,6.378,2,"",M,61.097,2,"",M,6.000,2,"",N,11.271,2,"",M,28.479,2,"",M,11.700,2,"",M,1019.750,2,"",M,368.484,2,"",M,NaN,,,0,NaN,,,M,359.348,2,"",357.986,2,"",NaN,,,NaN,,
2024-10-23T17:06:50.000Z,6.378,2,"",M,61.097,2,"",M,6.000,2,"",N,11.279,2,"",M,28.465,2,"",M,11.690,2,"",M,1019.730,2,"",M,368.194,2,"",M,NaN,,,0,NaN,,,M,359.330,2,"",357.967,2,"",NaN,,,NaN,,
2024-10-23T17:08:42.000Z,6.378,2,"",M,61.097,2,"",M,6.000,2,"",N,11.271,2,"",M,28.468,2,"",M,11.690,2,"",M,1019.730,2,"",M,368.184,2,"",M,NaN,,,0,NaN,,,M,359.211,2,"",357.849,2,"",NaN,,,NaN,,
2024-10-23T17:10:34.000Z,6.378,2,"",M,61.097,2,"",M,6.000,2,"",N,11.267,2,"",M,28.474,2,"",M,11.680,2,"",M,1019.750,2,"",M,368.264,2,"",M,NaN,,,0,NaN,,,M,359.385,2,"",358.022,2,"",NaN,,,NaN,,
2024-10-23T17:12:26.000Z,6.378,2,"",M,61.097,2,"",M,6.000,2,"",N,11.263,2,"",M,28.512,2,"",M,11.680,2,"",M,1019.700,2,"",M,368.244,2,"",M,NaN,,,0,NaN,,,M,359.280,2,"",357.917,2,"",NaN,,,NaN,,
2024-10-23T17:14:18.000Z,6.378,2,"",M,61.097,2,"",M,6.000,2,"",N,11.274,2,"",M,28.481,2,"",M,11.680,2,"",M,1019.800,2,"",M,368.445,2,"",M,NaN,,,0,NaN,,,M,359.679,2,"",358.315,2,"",NaN,,,NaN,,
2024-10-23T17:16:11.000Z,6.377,2,"",M,61.097,2,"",M,6.000,2,"",N,11.144,2,"",M,28.323,2,"",M,11.690,2,"",M,1019.760,2,"",M,368.505,2,"",M,NaN,,,0,NaN,,,M,357.599,2,"",356.243,2,"",NaN,,,NaN,,
2024-10-23T17:18:03.000Z,6.379,2,"",M,61.098,2,"",M,6.000,2,"",N,11.167,2,"",M,27.772,2,"",M,11.490,2,"",M,1019.790,2,"",M,367.545,2,"",M,NaN,,,0,NaN,,,M,360.119,2,"",358.750,2,"",NaN,,,NaN,,
2024-10-23T17:19:55.000Z,6.386,2,"",M,61.098,2,"",M,6.000,2,"",N,11.158,2,"",M,27.993,2,"",M,11.550,2,"",M,1019.670,2,"",M,362.264,2,"",M,NaN,,,0,NaN,,,M,353.861,2,"",352.517,2,"",NaN,,,NaN,,
2024-10-23T17:21:47.000Z,6.396,2,"",M,61.099,2,"",M,6.000,2,"",N,11.192,2,"",M,28.114,2,"",M,11.570,2,"",M,1019.510,2,"",M,359.524,2,"",M,NaN,,,0,NaN,,,M,351.325,2,"",349.991,2,"",NaN,,,NaN,,
2024-10-23T17:23:40.000Z,6.407,2,"",M,61.099,2,"",M,6.000,2,"",N,11.102,2,"",M,28.013,2,"",M,11.600,2,"",M,1019.470,2,"",M,359.224,2,"",M,NaN,,,0,NaN,,,M,349.227,2,"",347.901,2,"",NaN,,,NaN,,
2024-10-23T17:25:32.000Z,6.418,2,"",M,61.100,2,"",M,6.000,2,"",N,11.150,2,"",M,28.142,2,"",M,11.520,2,"",M,1019.420,2,"",M,360.024,2,"",M,NaN,,,0,NaN,,,M,351.911,2,"",350.574,2,"",NaN,,,NaN,,
2024-10-23T17:27:24.000Z,6.430,2,"",M,61.102,2,"",M,6.000,2,"",N,11.092,2,"",M,27.842,2,"",M,11.560,2,"",M,1019.500,2,"",M,360.344,2,"",M,NaN,,,0,NaN,,,M,350.792,2,"",349.459,2,"",NaN,,,NaN,,
2024-10-23T17:29:16.000Z,6.441,2,"",M,61.102,2,"",M,6.000,2,"",N,10.988,2,"",M,27.772,2,"",M,11.520,2,"",M,1019.400,2,"",M,359.394,2,"",M,NaN,,,0,NaN,,,M,348.889,2,"",347.564,2,"",NaN,,,NaN,,
2024-10-23T17:31:08.000Z,6.453,2,"",M,61.103,2,"",M,6.000,2,"",N,10.818,2,"",M,27.462,2,"",M,11.430,2,"",M,1019.660,2,"",M,357.224,2,"",M,NaN,,,0,NaN,,,M,345.732,2,"",344.416,2,"",NaN,,,NaN,,
2024-10-23T17:33:01.000Z,6.462,2,"",M,61.103,2,"",M,6.000,2,"",N,10.866,2,"",M,27.481,2,"",M,11.230,2,"",M,1019.760,2,"",M,353.904,2,"",M,NaN,,,0,NaN,,,M,346.223,2,"",344.902,2,"",NaN,,,NaN,,
2024-10-23T17:34:53.000Z,6.462,2,"",M,61.101,2,"",M,6.000,2,"",N,10.749,2,"",M,27.012,2,"",M,11.260,2,"",M,1019.790,2,"",M,350.273,2,"",M,NaN,,,0,NaN,,,M,340.546,2,"",339.247,2,"",NaN,,,NaN,,
2024-10-23T17:36:45.000Z,6.457,2,"",M,61.100,2,"",M,6.000,2,"",N,10.743,2,"",M,26.967,2,"",M,11.180,2,"",M,1019.770,2,"",M,345.552,2,"",M,NaN,,,0,NaN,,,M,337.033,2,"",335.746,2,"",NaN,,,NaN,,
2024-10-23T17:38:37.000Z,6.450,2,"",M,61.100,2,"",M,6.000,2,"",N,10.733,2,"",M,27.376,2,"",M,11.160,2,"",M,1019.780,2,"",M,342.652,2,"",M,NaN,,,0,NaN,,,M,334.352,2,"",333.075,2,"",NaN,,,NaN,,
2024-10-23T17:40:30.000Z,6.445,2,"",M,61.099,2,"",M,6.000,2,"",N,10.753,2,"",M,27.398,2,"",M,11.180,2,"",M,1019.830,2,"",M,344.102,2,"",M,NaN,,,0,NaN,,,M,335.776,2,"",334.495,2,"",NaN,,,NaN,,
2024-10-23T17:42:22.000Z,6.439,2,"",M,61.099,2,"",M,6.000,2,"",N,10.898,2,"",M,27.584,2,"",M,11.170,2,"",M,1019.880,2,"",M,346.153,2,"",M,NaN,,,0,NaN,,,M,340.024,2,"",338.726,2,"",NaN,,,NaN,,
2024-10-23T17:44:14.000Z,6.434,2,"",M,61.098,2,"",M,6.000,2,"",N,10.909,2,"",M,27.452,2,"",M,11.310,2,"",M,1019.850,2,"",M,347.673,2,"",M,NaN,,,0,NaN,,,M,339.600,2,"",338.305,2,"",NaN,,,NaN,,
2024-10-23T17:46:06.000Z,6.430,2,"",M,61.098,2,"",M,6.000,2,"",N,10.660,2,"",M,27.343,2,"",M,11.310,2,"",M,1019.760,2,"",M,348.864,2,"",M,NaN,,,0,NaN,,,M,337.172,2,"",335.887,2,"",NaN,,,NaN,,
2024-10-23T17:48:20.000Z,6.431,2,"",M,61.097,2,"",M,6.000,2,"",N,10.779,2,"",M,26.415,2,"",M,11.090,2,"",M,1019.680,2,"",M,347.984,2,"",M,NaN,,,0,NaN,,,M,341.212,2,"",339.908,2,"",NaN,,,NaN,,
2024-10-23T17:52:49.000Z,6.446,2,"",M,61.099,2,"",M,6.000,2,"",N,NaN,,,M,NaN,,,M,NaN,,,M,NaN,,,M,NaN,,,0,NaN,,,0,NaN,,,M,NaN,,,NaN,,,NaN,,,NaN,,
2024-10-23T17:54:39.000Z,6.453,2,"",M,61.100,2,"",M,6.000,2,"",N,NaN,,,M,NaN,,,M,NaN,,,M,NaN,,,M,NaN,,,0,NaN,,,0,NaN,,,M,NaN,,,NaN,,,NaN,,,NaN,,
2024-10-23T17:56:29.000Z,6.459,2,"",M,61.101,2,"",M,6.000,2,"",N,NaN,,,M,NaN,,,M,NaN,,,M,NaN,,,M,NaN,,,0,NaN,,,0,NaN,,,M,NaN,,,NaN,,,NaN,,,NaN,,
2024-10-23T18:00:59.000Z,6.473,2,"",M,61.103,2,"",M,6.000,2,"",N,NaN,,,M,NaN,,,M,NaN,,,M,NaN,,,M,NaN,,,0,NaN,,,0,NaN,,,M,NaN,,,NaN,,,NaN,,,NaN,,
2024-10-23T18:02:48.000Z,6.478,2,"",M,61.103,2,"",M,6.000,2,"",N,NaN,,,M,NaN,,,M,NaN,,,M,NaN,,,M,NaN,,,0,NaN,,,0,NaN,,,M,NaN,,,NaN,,,NaN,,,NaN,,
2024-10-23T18:04:38.000Z,6.484,2,"",M,61.104,2,"",M,6.000,2,"",N,NaN,,,M,NaN,,,M,NaN,,,M,NaN,,,M,NaN,,,0,NaN,,,0,NaN,,,M,NaN,,,NaN,,,NaN,,,NaN,,
2024-10-23T18:09:08.000Z,6.497,2,"",M,61.105,2,"",M,6.000,2,"",N,NaN,,,M,NaN,,,M,NaN,,,M,NaN,,,M,NaN,,,0,NaN,,,0,NaN,,,M,NaN,,,NaN,,,NaN,,,NaN,,
2024-10-23T18:10:57.000Z,6.502,2,"",M,61.105,2,"",M,6.000,2,"",N,NaN,,,M,NaN,,,M,NaN,,,M,NaN,,,M,NaN,,,0,NaN,,,0,NaN,,,M,NaN,,,NaN,,,NaN,,,NaN,,
2024-10-23T18:12:47.000Z,6.501,2,"",M,61.104,2,"",M,6.000,2,"",N,NaN,,,M,NaN,,,M,NaN,,,M,NaN,,,M,NaN,,,0,NaN,,,0,NaN,,,M,NaN,,,NaN,,,NaN,,,NaN,,
2024-10-23T18:17:57.000Z,6.501,2,"",M,61.104,2,"",M,6.000,2,"",N,NaN,,,M,NaN,,,M,NaN,,,M,NaN,,,M,NaN,,,0,NaN,,,0,NaN,,,M,NaN,,,NaN,,,NaN,,,NaN,,
2024-10-23T18:22:30.000Z,6.501,2,"",M,61.104,2,"",M,6.000,2,"",N,NaN,,,M,NaN,,,M,NaN,,,M,NaN,,,M,NaN,,,0,NaN,,,0,NaN,,,M,NaN,,,NaN,,,NaN,,,NaN,,
2024-10-23T18:27:00.000Z,6.501,2,"",M,61.104,2,"",M,6.000,2,"",N,NaN,,,M,NaN,,,M,NaN,,,M,NaN,,,M,NaN,,,0,NaN,,,0,NaN,,,M,NaN,,,NaN,,,NaN,,,NaN,,
2024-10-23T18:28:50.000Z,6.501,2,"",M,61.104,2,"",M,6.000,2,"",N,NaN,,,M,NaN,,,M,NaN,,,M,NaN,,,M,NaN,,,0,NaN,,,0,NaN,,,M,NaN,,,NaN,,,NaN,,,NaN,,
2024-10-23T18:30:40.000Z,6.501,2,"",M,61.104,2,"",M,6.000,2,"",N,NaN,,,M,NaN,,,M,NaN,,,M,NaN,,,M,NaN,,,0,NaN,,,0,NaN,,,M,NaN,,,NaN,,,NaN,,,NaN,,
2024-10-23T18:35:09.000Z,6.501,2,"",M,61.104,2,"",M,6.000,2,"",N,NaN,,,M,NaN,,,M,NaN,,,M,NaN,,,M,NaN,,,0,NaN,,,0,NaN,,,M,NaN,,,NaN,,,NaN,,,NaN,,
2024-10-23T18:36:59.000Z,6.501,2,"",M,61.104,2,"",M,6.000,2,"",N,NaN,,,M,NaN,,,M,NaN,,,M,NaN,,,M,NaN,,,0,NaN,,,0,NaN,,,M,NaN,,,NaN,,,NaN,,,NaN,,
2024-10-23T18:38:49.000Z,6.501,2,"",M,61.104,2,"",M,6.000,2,"",N,NaN,,,M,NaN,,,M,NaN,,,M,NaN,,,M,NaN,,,0,NaN,,,0,NaN,,,M,NaN,,,NaN,,,NaN,,,NaN,,
2024-10-23T18:43:19.000Z,6.501,2,"",M,61.104,2,"",M,6.000,2,"",N,NaN,,,M,NaN,,,M,NaN,,,M,NaN,,,M,NaN,,,0,NaN,,,0,NaN,,,M,NaN,,,NaN,,,NaN,,,NaN,,
2024-10-23T18:45:08.000Z,6.501,2,"",M,61.104,2,"",M,6.000,2,"",N,NaN,,,M,NaN,,,M,NaN,,,M,NaN,,,M,NaN,,,0,NaN,,,0,NaN,,,M,NaN,,,NaN,,,NaN,,,NaN,,
2024-10-23T18:46:58.000Z,6.501,2,"",M,61.104,2,"",M,6.000,2,"",N,NaN,,,M,NaN,,,M,NaN,,,M,NaN,,,M,NaN,,,0,NaN,,,0,NaN,,,M,NaN,,,NaN,,,NaN,,,NaN,,
2024-10-23T18:51:28.000Z,6.501,2,"",M,61.104,2,"",M,6.000,2,"",N,11.157,2,"",M,28.156,2,"",M,NaN,,,M,NaN,,,M,NaN,,,0,425.709,2,"",M,1020.200,2,"",M,NaN,,,NaN,,,424.176,2,"",422.552,2,""
2024-10-23T18:53:17.000Z,6.501,2,"",M,61.104,2,"",M,6.000,2,"",N,11.110,2,"",M,28.171,2,"",M,NaN,,,M,NaN,,,M,NaN,,,0,427.080,2,"",M,1020.300,2,"",M,NaN,,,NaN,,,425.602,2,"",423.971,2,""
2024-10-23T18:55:07.000Z,6.501,2,"",M,61.104,2,"",M,6.000,2,"",N,11.186,2,"",M,28.163,2,"",M,NaN,,,M,NaN,,,M,NaN,,,0,426.490,2,"",M,1020.200,2,"",M,NaN,,,NaN,,,424.944,2,"",423.317,2,""
2024-10-23T18:56:57.000Z,6.501,2,"",M,61.104,2,"",M,6.000,2,"",N,11.095,2,"",M,28.068,2,"",M,NaN,,,M,NaN,,,M,NaN,,,0,426.310,2,"",M,1020.300,2,"",M,NaN,,,NaN,,,424.839,2,"",423.211,2,""
2024-10-23T18:58:47.000Z,6.501,2,"",M,61.104,2,"",M,6.000,2,"",N,10.994,2,"",M,27.864,2,"",M,NaN,,,M,NaN,,,M,NaN,,,0,426.290,2,"",M,1020.300,2,"",M,NaN,,,NaN,,,424.856,2,"",423.225,2,""
2024-10-23T19:03:57.000Z,6.501,2,"",M,61.104,2,"",M,6.000,2,"",N,10.963,2,"",M,27.688,2,"",M,11.380,2,"",M,1020.460,2,"",M,355.677,2,"",M,NaN,,,0,NaN,,,M,347.379,2,"",346.056,2,"",NaN,,,NaN,,
2024-10-23T19:05:49.000Z,6.501,2,"",M,61.104,2,"",M,6.000,2,"",N,11.002,2,"",M,27.762,2,"",M,11.390,2,"",M,1020.520,2,"",M,354.756,2,"",M,NaN,,,0,NaN,,,M,346.923,2,"",345.601,2,"",NaN,,,NaN,,
2024-10-23T19:07:42.000Z,6.501,2,"",M,61.104,2,"",M,6.000,2,"",N,10.943,2,"",M,27.640,2,"",M,11.420,2,"",M,1020.520,2,"",M,354.356,2,"",M,NaN,,,0,NaN,,,M,345.221,2,"",343.906,2,"",NaN,,,NaN,,
2024-10-23T19:09:34.000Z,6.501,2,"",M,61.104,2,"",M,6.000,2,"",N,10.955,2,"",M,27.643,2,"",M,11.370,2,"",M,1020.515,2,"",M,354.275,2,"",M,NaN,,,0,NaN,,,M,346.064,2,"",344.745,2,"",NaN,,,NaN,,
2024-10-23T19:11:26.000Z,6.501,2,"",M,61.104,2,"",M,6.000,2,"",N,10.932,2,"",M,27.610,2,"",M,11.370,2,"",M,1020.440,2,"",M,353.975,2,"",M,NaN,,,0,NaN,,,M,345.398,2,"",344.081,2,"",NaN,,,NaN,,
2024-10-23T19:13:18.000Z,6.501,2,"",M,61.104,2,"",M,6.000,2,"",N,10.932,2,"",M,27.625,2,"",M,11.350,2,"",M,1020.350,2,"",M,353.374,2,"",M,NaN,,,0,NaN,,,M,345.084,2,"",343.769,2,"",NaN,,,NaN,,
2024-10-23T19:15:11.000Z,6.501,2,"",M,61.104,2,"",M,6.000,2,"",N,10.911,2,"",M,27.590,2,"",M,11.350,2,"",M,1020.260,2,"",M,352.764,2,"",M,NaN,,,0,NaN,,,M,344.157,2,"",342.846,2,"",NaN,,,NaN,,
2024-10-23T19:17:24.000Z,6.501,2,"",M,61.104,2,"",M,6.000,2,"",N,10.911,2,"",M,27.554,2,"",M,11.340,2,"",M,1020.260,2,"",M,352.463,2,"",M,NaN,,,0,NaN,,,M,344.009,2,"",342.698,2,"",NaN,,,NaN,,
2024-10-23T19:19:16.000Z,6.501,2,"",M,61.104,2,"",M,6.000,2,"",N,10.923,2,"",M,27.560,2,"",M,11.340,2,"",M,1020.230,2,"",M,352.043,2,"",M,NaN,,,0,NaN,,,M,343.755,2,"",342.445,2,"",NaN,,,NaN,,
2024-10-23T19:21:08.000Z,6.501,2,"",M,61.104,2,"",M,6.000,2,"",N,10.926,2,"",M,27.640,2,"",M,11.340,2,"",M,1020.200,2,"",M,352.173,2,"",M,NaN,,,0,NaN,,,M,343.921,2,"",342.610,2,"",NaN,,,NaN,,
2024-10-23T19:23:01.000Z,6.501,2,"",M,61.104,2,"",M,6.000,2,"",N,10.926,2,"",M,27.565,2,"",M,11.350,2,"",M,1020.340,2,"",M,352.183,2,"",M,NaN,,,0,NaN,,,M,343.833,2,"",342.522,2,"",NaN,,,NaN,,
2024-10-23T19:24:53.000Z,6.501,2,"",M,61.104,2,"",M,6.000,2,"",N,10.922,2,"",M,27.560,2,"",M,11.340,2,"",M,1020.380,2,"",M,352.303,2,"",M,NaN,,,0,NaN,,,M,344.045,2,"",342.733,2,"",NaN,,,NaN,,
2024-10-23T19:26:45.000Z,6.501,2,"",M,61.104,2,"",M,6.000,2,"",N,10.902,2,"",M,27.536,2,"",M,11.340,2,"",M,1020.420,2,"",M,351.792,2,"",M,NaN,,,0,NaN,,,M,343.277,2,"",341.969,2,"",NaN,,,NaN,,
2024-10-23T19:28:37.000Z,6.501,2,"",M,61.104,2,"",M,6.000,2,"",N,10.904,2,"",M,27.393,2,"",M,11.330,2,"",M,1020.290,2,"",M,352.012,2,"",M,NaN,,,0,NaN,,,M,343.624,2,"",342.314,2,"",NaN,,,NaN,,
2024-10-23T19:30:29.000Z,6.501,2,"",M,61.104,2,"",M,6.000,2,"",N,10.884,2,"",M,27.382,2,"",M,11.320,2,"",M,1020.400,2,"",M,351.522,2,"",M,NaN,,,0,NaN,,,M,343.037,2,"",341.729,2,"",NaN,,,NaN,,
2024-10-23T19:32:22.000Z,6.501,2,"",M,61.104,2,"",M,6.000,2,"",N,10.879,2,"",M,27.423,2,"",M,11.310,2,"",M,1020.430,2,"",M,350.441,2,"",M,NaN,,,0,NaN,,,M,342.065,2,"",340.761,2,"",NaN,,,NaN,,
2024-10-23T19:34:14.000Z,6.501,2,"",M,61.104,2,"",M,6.000,2,"",N,11.021,2,"",M,27.701,2,"",M,11.310,2,"",M,1020.420,2,"",M,349.990,2,"",M,NaN,,,0,NaN,,,M,343.679,2,"",342.368,2,"",NaN,,,NaN,,
2024-10-23T19:36:06.000Z,6.501,2,"",M,61.104,2,"",M,6.000,2,"",N,11.006,2,"",M,27.561,2,"",M,11.420,2,"",M,1020.280,2,"",M,351.662,2,"",M,NaN,,,0,NaN,,,M,343.427,2,"",342.119,2,"",NaN,,,NaN,,
2024-10-23T19:37:58.000Z,6.501,2,"",M,61.104,2,"",M,6.000,2,"",N,10.971,2,"",M,27.788,2,"",M,11.400,2,"",M,1020.280,2,"",M,353.633,2,"",M,NaN,,,0,NaN,,,M,345.142,2,"",343.828,2,"",NaN,,,NaN,,
2024-10-23T19:39:51.000Z,6.501,2,"",M,61.104,2,"",M,6.000,2,"",N,10.949,2,"",M,27.587,2,"",M,11.410,2,"",M,1020.270,2,"",M,354.965,2,"",M,NaN,,,0,NaN,,,M,345.956,2,"",344.638,2,"",NaN,,,NaN,,
2024-10-23T19:41:43.000Z,6.501,2,"",M,61.104,2,"",M,6.000,2,"",N,10.934,2,"",M,27.477,2,"",M,11.380,2,"",M,1020.360,2,"",M,354.684,2,"",M,NaN,,,0,NaN,,,M,345.944,2,"",344.626,2,"",NaN,,,NaN,,
2024-10-23T19:43:35.000Z,6.501,2,"",M,61.104,2,"",M,6.000,2,"",N,10.976,2,"",M,27.540,2,"",M,11.350,2,"",M,1020.430,2,"",M,353.123,2,"",M,NaN,,,0,NaN,,,M,345.511,2,"",344.194,2,"",NaN,,,NaN,,
2024-10-23T19:45:27.000Z,6.501,2,"",M,61.104,2,"",M,6.000,2,"",N,10.960,2,"",M,27.581,2,"",M,11.380,2,"",M,1020.410,2,"",M,352.672,2,"",M,NaN,,,0,NaN,,,M,344.373,2,"",343.061,2,"",NaN,,,NaN,,
2024-10-23T19:47:20.000Z,6.501,2,"",M,61.104,2,"",M,6.000,2,"",N,11.059,2,"",M,27.848,2,"",M,11.380,2,"",M,1020.150,2,"",M,353.012,2,"",M,NaN,,,0,NaN,,,M,346.077,2,"",344.759,2,"",NaN,,,NaN,,
2024-10-23T19:49:12.000Z,6.501,2,"",M,61.104,2,"",M,6.000,2,"",N,11.065,2,"",M,28.003,2,"",M,11.460,2,"",M,1020.300,2,"",M,354.033,2,"",M,NaN,,,0,NaN,,,M,346.012,2,"",344.695,2,"",NaN,,,NaN,,
2024-10-23T19:51:04.000Z,6.501,2,"",M,61.104,2,"",M,6.000,2,"",N,11.155,2,"",M,28.086,2,"",M,11.490,2,"",M,1020.310,2,"",M,356.135,2,"",M,NaN,,,0,NaN,,,M,348.953,2,"",347.625,2,"",NaN,,,NaN,,
2024-10-23T19:52:56.000Z,6.501,2,"",M,61.104,2,"",M,6.000,2,"",N,11.141,2,"",M,27.985,2,"",M,11.560,2,"",M,1020.270,2,"",M,357.867,2,"",M,NaN,,,0,NaN,,,M,349.363,2,"",348.035,2,"",NaN,,,NaN,,
2024-10-23T19:54:48.000Z,6.501,2,"",M,61.104,2,"",M,6.000,2,"",N,11.050,2,"",M,27.633,2,"",M,11.560,2,"",M,1020.460,2,"",M,359.498,2,"",M,NaN,,,0,NaN,,,M,349.676,2,"",348.346,2,"",NaN,,,NaN,,
2024-10-23T19:56:41.000Z,6.501,2,"",M,61.104,2,"",M,6.000,2,"",N,11.048,2,"",M,27.799,2,"",M,11.470,2,"",M,1020.370,2,"",M,359.038,2,"",M,NaN,,,0,NaN,,,M,350.533,2,"",349.199,2,"",NaN,,,NaN,,
2024-10-23T19:58:33.000Z,6.501,2,"",M,61.104,2,"",M,6.000,2,"",N,11.148,2,"",M,27.934,2,"",M,11.460,2,"",M,1020.350,2,"",M,357.716,2,"",M,NaN,,,0,NaN,,,M,350.868,2,"",349.532,2,"",NaN,,,NaN,,
2024-10-23T20:00:25.000Z,6.500,2,"",M,61.104,2,"",M,6.000,2,"",N,10.975,2,"",M,28.079,2,"",M,11.530,2,"",M,1020.220,2,"",M,357.846,2,"",M,NaN,,,0,NaN,,,M,347.336,2,"",346.015,2,"",NaN,,,NaN,,
2024-10-23T20:02:17.000Z,6.497,2,"",M,61.104,2,"",M,6.000,2,"",N,10.837,2,"",M,27.385,2,"",M,11.440,2,"",M,1020.180,2,"",M,359.108,2,"",M,NaN,,,0,NaN,,,M,347.862,2,"",346.538,2,"",NaN,,,NaN,,
2024-10-23T20:04:10.000Z,6.494,2,"",M,61.103,2,"",M,6.000,2,"",N,10.826,2,"",M,27.463,2,"",M,11.270,2,"",M,1020.090,2,"",M,356.485,2,"",M,NaN,,,0,NaN,,,M,347.668,2,"",346.342,2,"",NaN,,,NaN,,
2024-10-23T20:06:02.000Z,6.489,2,"",M,61.103,2,"",M,6.000,2,"",N,10.821,2,"",M,27.463,2,"",M,11.250,2,"",M,1020.490,2,"",M,351.810,2,"",M,NaN,,,0,NaN,,,M,343.474,2,"",342.163,2,"",NaN,,,NaN,,
2024-10-23T20:07:54.000Z,6.485,2,"",M,61.102,2,"",M,6.000,2,"",N,10.757,2,"",M,27.372,2,"",M,11.240,2,"",M,1020.470,2,"",M,349.838,2,"",M,NaN,,,0,NaN,,,M,340.764,2,"",339.463,2,"",NaN,,,NaN,,
2024-10-23T20:09:46.000Z,6.481,2,"",M,61.101,2,"",M,6.000,2,"",N,10.760,2,"",M,27.385,2,"",M,11.190,2,"",M,1020.500,2,"",M,349.037,2,"",M,NaN,,,0,NaN,,,M,340.778,2,"",339.476,2,"",NaN,,,NaN,,
2024-10-23T20:11:39.000Z,6.477,2,"",M,61.101,2,"",M,6.000,2,"",N,10.832,2,"",M,27.399,2,"",M,11.190,2,"",M,1020.490,2,"",M,347.806,2,"",M,NaN,,,0,NaN,,,M,340.599,2,"",339.298,2,"",NaN,,,NaN,,
2024-10-23T20:13:31.000Z,6.473,2,"",M,61.100,2,"",M,6.000,2,"",N,10.917,2,"",M,27.351,2,"",M,11.250,2,"",M,1020.480,2,"",M,346.985,2,"",M,NaN,,,0,NaN,,,M,340.141,2,"",338.842,2,"",NaN,,,NaN,,
2024-10-23T20:15:23.000Z,6.469,2,"",M,61.099,2,"",M,6.000,2,"",N,10.982,2,"",M,27.396,2,"",M,11.330,2,"",M,1020.400,2,"",M,347.215,2,"",M,NaN,,,0,NaN,,,M,340.098,2,"",338.801,2,"",NaN,,,NaN,,
2024-10-23T20:17:36.000Z,6.463,2,"",M,61.099,2,"",M,6.000,2,"",N,11.093,2,"",M,27.540,2,"",M,11.400,2,"",M,1020.270,2,"",M,348.146,2,"",M,NaN,,,0,NaN,,,M,341.538,2,"",340.237,2,"",NaN,,,NaN,,
2024-10-23T20:19:29.000Z,6.459,2,"",M,61.098,2,"",M,6.000,2,"",N,11.095,2,"",M,27.597,2,"",M,11.490,2,"",M,1020.290,2,"",M,349.497,2,"",M,NaN,,,0,NaN,,,M,341.561,2,"",340.262,2,"",NaN,,,NaN,,
2024-10-23T20:21:21.000Z,6.457,2,"",M,61.098,2,"",M,6.000,2,"",N,11.107,2,"",M,27.644,2,"",M,11.510,2,"",M,1020.170,2,"",M,351.359,2,"",M,NaN,,,0,NaN,,,M,343.222,2,"",341.916,2,"",NaN,,,NaN,,
2024-10-23T20:23:13.000Z,6.456,2,"",M,61.098,2,"",M,6.000,2,"",N,11.102,2,"",M,27.646,2,"",M,11.530,2,"",M,1020.220,2,"",M,352.460,2,"",M,NaN,,,0,NaN,,,M,343.952,2,"",342.645,2,"",NaN,,,NaN,,
2024-10-23T20:25:05.000Z,6.454,2,"",M,61.097,2,"",M,6.000,2,"",N,11.070,2,"",M,27.559,2,"",M,11.520,2,"",M,1020.175,2,"",M,353.391,2,"",M,NaN,,,0,NaN,,,M,344.525,2,"",343.215,2,"",NaN,,,NaN,,
2024-10-23T20:26:58.000Z,6.451,2,"",M,61.097,2,"",M,6.000,2,"",N,11.047,2,"",M,27.504,2,"",M,11.490,2,"",M,1020.050,2,"",M,353.601,2,"",M,NaN,,,0,NaN,,,M,344.793,2,"",343.482,2,"",NaN,,,NaN,,
2024-10-23T20:28:50.000Z,6.449,2,"",M,61.097,2,"",M,6.000,2,"",N,11.021,2,"",M,27.351,2,"",M,11.470,2,"",M,1020.040,2,"",M,352.290,2,"",M,NaN,,,0,NaN,,,M,343.428,2,"",342.122,2,"",NaN,,,NaN,,
2024-10-23T20:30:42.000Z,6.446,2,"",M,61.097,2,"",M,6.000,2,"",N,10.884,2,"",M,27.241,2,"",M,11.440,2,"",M,1019.970,2,"",M,350.878,2,"",M,NaN,,,0,NaN,,,M,340.491,2,"",339.195,2,"",NaN,,,NaN,,
2024-10-23T20:32:34.000Z,6.443,2,"",M,61.096,2,"",M,6.000,2,"",N,10.876,2,"",M,27.016,2,"",M,11.340,2,"",M,1019.870,2,"",M,349.336,2,"",M,NaN,,,0,NaN,,,M,340.313,2,"",339.016,2,"",NaN,,,NaN,,
2024-10-23T20:34:26.000Z,6.439,2,"",M,61.096,2,"",M,6.000,2,"",N,10.787,2,"",M,26.828,2,"",M,11.300,2,"",M,1020.270,2,"",M,346.523,2,"",M,NaN,,,0,NaN,,,M,337.029,2,"",335.743,2,"",NaN,,,NaN,,
2024-10-23T20:36:19.000Z,6.435,2,"",M,61.096,2,"",M,6.000,2,"",N,10.713,2,"",M,26.651,2,"",M,11.240,2,"",M,1020.280,2,"",M,343.991,2,"",M,NaN,,,0,NaN,,,M,334.378,2,"",333.102,2,"",NaN,,,NaN,,
2024-10-23T20:38:11.000Z,6.430,2,"",M,61.096,2,"",M,6.000,2,"",N,10.618,2,"",M,26.263,2,"",M,11.150,2,"",M,1020.380,2,"",M,341.368,2,"",M,NaN,,,0,NaN,,,M,331.813,2,"",330.545,2,"",NaN,,,NaN,,
2024-10-23T20:40:03.000Z,6.427,2,"",M,61.095,2,"",M,6.000,2,"",N,10.613,2,"",M,26.051,2,"",M,11.060,2,"",M,1020.380,2,"",M,338.144,2,"",M,NaN,,,0,NaN,,,M,329.897,2,"",328.635,2,"",NaN,,,NaN,,
2024-10-23T20:41:55.000Z,6.423,2,"",M,61.095,2,"",M,6.000,2,"",N,10.708,2,"",M,26.285,2,"",M,11.040,2,"",M,1020.300,2,"",M,333.970,2,"",M,NaN,,,0,NaN,,,M,327.386,2,"",326.133,2,"",NaN,,,NaN,,
2024-10-23T20:43:48.000Z,6.420,2,"",M,61.095,2,"",M,6.000,2,"",N,10.803,2,"",M,26.612,2,"",M,11.120,2,"",M,1020.300,2,"",M,332.759,2,"",M,NaN,,,0,NaN,,,M,326.385,2,"",325.137,2,"",NaN,,,NaN,,
2024-10-23T20:45:40.000Z,6.418,2,"",M,61.095,2,"",M,6.000,2,"",N,10.831,2,"",M,26.813,2,"",M,11.210,2,"",M,1020.320,2,"",M,335.151,2,"",M,NaN,,,0,NaN,,,M,327.851,2,"",326.599,2,"",NaN,,,NaN,,
2024-10-23T20:47:32.000Z,6.415,2,"",M,61.095,2,"",M,6.000,2,"",N,10.846,2,"",M,26.922,2,"",M,11.240,2,"",M,1020.280,2,"",M,338.855,2,"",M,NaN,,,0,NaN,,,M,331.249,2,"",329.985,2,"",NaN,,,NaN,,
2024-10-23T20:49:24.000Z,6.411,2,"",M,61.094,2,"",M,6.000,2,"",N,10.871,2,"",M,27.086,2,"",M,11.270,2,"",M,1020.350,2,"",M,341.517,2,"",M,NaN,,,0,NaN,,,M,333.793,2,"",332.520,2,"",NaN,,,NaN,,
2024-10-23T20:51:17.000Z,6.408,2,"",M,61.094,2,"",M,6.000,2,"",N,10.906,2,"",M,27.187,2,"",M,11.300,2,"",M,1020.370,2,"",M,343.419,2,"",M,NaN,,,0,NaN,,,M,335.724,2,"",334.444,2,"",NaN,,,NaN,,
2024-10-23T20:53:09.000Z,6.405,2,"",M,61.094,2,"",M,6.000,2,"",N,10.943,2,"",M,27.189,2,"",M,11.320,2,"",M,1020.360,2,"",M,345.091,2,"",M,NaN,,,0,NaN,,,M,337.588,2,"",336.301,2,"",NaN,,,NaN,,
2024-10-23T20:55:01.000Z,6.402,2,"",M,61.094,2,"",M,6.000,2,"",N,10.965,2,"",M,27.200,2,"",M,11.360,2,"",M,1020.420,2,"",M,346.102,2,"",M,NaN,,,0,NaN,,,M,338.331,2,"",337.042,2,"",NaN,,,NaN,,
2024-10-23T20:56:53.000Z,6.399,2,"",M,61.094,2,"",M,6.000,2,"",N,10.976,2,"",M,27.283,2,"",M,11.380,2,"",M,1020.380,2,"",M,346.782,2,"",M,NaN,,,0,NaN,,,M,338.846,2,"",337.555,2,"",NaN,,,NaN,,
2024-10-23T20:58:46.000Z,6.396,2,"",M,61.094,2,"",M,6.000,2,"",N,10.974,2,"",M,27.295,2,"",M,11.390,2,"",M,1020.420,2,"",M,347.773,2,"",M,NaN,,,0,NaN,,,M,339.649,2,"",338.356,2,"",NaN,,,NaN,,
2024-10-23T21:00:38.000Z,6.393,2,"",M,61.094,2,"",M,6.000,2,"",N,11.016,2,"",M,27.383,2,"",M,11.400,2,"",M,1020.430,2,"",M,348.754,2,"",M,NaN,,,0,NaN,,,M,341.069,2,"",339.770,2,"",NaN,,,NaN,,
2024-10-23T21:02:30.000Z,6.389,2,"",M,61.093,2,"",M,6.000,2,"",N,11.026,2,"",M,27.387,2,"",M,11.440,2,"",M,1020.450,2,"",M,349.435,2,"",M,NaN,,,0,NaN,,,M,341.297,2,"",339.998,2,"",NaN,,,NaN,,
2024-10-23T21:04:22.000Z,6.386,2,"",M,61.093,2,"",M,6.000,2,"",N,11.051,2,"",M,27.424,2,"",M,11.450,2,"",M,1020.460,2,"",M,350.306,2,"",M,NaN,,,0,NaN,,,M,342.373,2,"",341.070,2,"",NaN,,,NaN,,
2024-10-23T21:06:14.000Z,6.383,2,"",M,61.093,2,"",M,6.000,2,"",N,11.125,2,"",M,27.872,2,"",M,11.470,2,"",M,1020.500,2,"",M,350.746,2,"",M,NaN,,,0,NaN,,,M,343.593,2,"",342.285,2,"",NaN,,,NaN,,
2024-10-23T21:08:07.000Z,6.380,2,"",M,61.093,2,"",M,6.000,2,"",N,11.093,2,"",M,27.930,2,"",M,11.530,2,"",M,1020.520,2,"",M,352.658,2,"",M,NaN,,,0,NaN,,,M,344.115,2,"",342.807,2,"",NaN,,,NaN,,
2024-10-23T21:09:59.000Z,6.377,2,"",M,61.093,2,"",M,6.000,2,"",N,11.108,2,"",M,27.972,2,"",M,11.520,2,"",M,1020.410,2,"",M,356.162,2,"",M,NaN,,,0,NaN,,,M,347.868,2,"",346.545,2,"",NaN,,,NaN,,
2024-10-23T21:11:51.000Z,6.376,2,"",M,61.093,2,"",M,6.000,2,"",N,11.117,2,"",M,28.013,2,"",M,11.520,2,"",M,1020.370,2,"",M,357.313,2,"",M,NaN,,,0,NaN,,,M,349.111,2,"",347.783,2,"",NaN,,,NaN,,
2024-10-23T21:13:43.000Z,6.375,2,"",M,61.093,2,"",M,6.000,2,"",N,11.179,2,"",M,28.152,2,"",M,11.530,2,"",M,1020.310,2,"",M,358.024,2,"",M,NaN,,,0,NaN,,,M,350.551,2,"",349.218,2,"",NaN,,,NaN,,
2024-10-23T21:15:35.000Z,6.374,2,"",M,61.093,2,"",M,6.000,2,"",N,11.189,2,"",M,28.164,2,"",M,11.590,2,"",M,1020.260,2,"",M,359.295,2,"",M,NaN,,,0,NaN,,,M,351.013,2,"",349.680,2,"",NaN,,,NaN,,
2024-10-23T21:17:49.000Z,6.370,2,"",M,61.094,2,"",M,6.000,2,"",N,11.203,2,"",M,28.219,2,"",M,11.610,2,"",M,1020.210,2,"",M,361.057,2,"",M,NaN,,,0,NaN,,,M,352.619,2,"",351.279,2,"",NaN,,,NaN,,
2024-10-23T21:19:41.000Z,6.367,2,"",M,61.094,2,"",M,6.000,2,"",N,11.221,2,"",M,28.248,2,"",M,11.620,2,"",M,1020.170,2,"",M,362.028,2,"",M,NaN,,,0,NaN,,,M,353.679,2,"",352.336,2,"",NaN,,,NaN,,
2024-10-23T21:21:33.000Z,6.362,2,"",M,61.094,2,"",M,6.000,2,"",N,11.218,2,"",M,28.260,2,"",M,11.640,2,"",M,1020.410,2,"",M,362.939,2,"",M,NaN,,,0,NaN,,,M,354.289,2,"",352.944,2,"",NaN,,,NaN,,
2024-10-23T21:23:26.000Z,6.358,2,"",M,61.093,2,"",M,6.000,2,"",N,11.213,2,"",M,28.165,2,"",M,11.630,2,"",M,1020.440,2,"",M,363.539,2,"",M,NaN,,,0,NaN,,,M,354.971,2,"",353.622,2,"",NaN,,,NaN,,
2024-10-23T21:25:18.000Z,6.354,2,"",M,61.092,2,"",M,6.000,2,"",N,11.186,2,"",M,28.166,2,"",M,11.620,2,"",M,1020.490,2,"",M,363.569,2,"",M,NaN,,,0,NaN,,,M,354.772,2,"",353.425,2,"",NaN,,,NaN,,
2024-10-23T21:27:10.000Z,6.354,2,"",M,61.091,2,"",M,6.000,2,"",N,11.020,2,"",M,27.792,2,"",M,11.600,2,"",M,1020.450,2,"",M,363.028,2,"",M,NaN,,,0,NaN,,,M,352.044,2,"",350.707,2,"",NaN,,,NaN,,
2024-10-23T21:29:02.000Z,6.355,2,"",M,61.091,2,"",M,6.000,2,"",N,10.984,2,"",M,27.433,2,"",M,11.470,2,"",M,1020.370,2,"",M,360.856,2,"",M,NaN,,,0,NaN,,,M,351.350,2,"",350.013,2,"",NaN,,,NaN,,
2024-10-23T21:30:54.000Z,6.355,2,"",M,61.092,2,"",M,6.000,2,"",N,11.123,2,"",M,27.821,2,"",M,11.400,2,"",M,1020.400,2,"",M,356.361,2,"",M,NaN,,,0,NaN,,,M,350.078,2,"",348.745,2,"",NaN,,,NaN,,
2024-10-23T21:32:47.000Z,6.356,2,"",M,61.092,2,"",M,6.000,2,"",N,11.150,2,"",M,27.992,2,"",M,11.540,2,"",M,1020.450,2,"",M,354.489,2,"",M,NaN,,,0,NaN,,,M,346.556,2,"",345.239,2,"",NaN,,,NaN,,
2024-10-23T21:34:39.000Z,6.356,2,"",M,61.092,2,"",M,6.000,2,"",N,11.178,2,"",M,28.167,2,"",M,11.560,2,"",M,1020.430,2,"",M,355.990,2,"",M,NaN,,,0,NaN,,,M,348.137,2,"",346.813,2,"",NaN,,,NaN,,
2024-10-23T21:36:31.000Z,6.356,2,"",M,61.092,2,"",M,6.000,2,"",N,11.170,2,"",M,28.199,2,"",M,11.590,2,"",M,1020.160,2,"",M,359.104,2,"",M,NaN,,,0,NaN,,,M,350.507,2,"",349.175,2,"",NaN,,,NaN,,
2024-10-23T21:38:23.000Z,6.356,2,"",M,61.092,2,"",M,6.000,2,"",N,11.160,2,"",M,28.158,2,"",M,11.590,2,"",M,1020.260,2,"",M,361.366,2,"",M,NaN,,,0,NaN,,,M,352.605,2,"",351.265,2,"",NaN,,,NaN,,
2024-10-23T21:40:16.000Z,6.356,2,"",M,61.093,2,"",M,6.000,2,"",N,11.186,2,"",M,28.152,2,"",M,11.570,2,"",M,1020.180,2,"",M,361.997,2,"",M,NaN,,,0,NaN,,,M,353.885,2,"",352.540,2,"",NaN,,,NaN,,
2024-10-23T21:42:08.000Z,6.356,2,"",M,61.093,2,"",M,6.000,2,"",N,11.173,2,"",M,28.134,2,"",M,11.590,2,"",M,1020.030,2,"",M,362.027,2,"",M,NaN,,,0,NaN,,,M,353.359,2,"",352.016,2,"",NaN,,,NaN,,
2024-10-23T21:44:00.000Z,6.356,2,"",M,61.093,2,"",M,6.000,2,"",N,11.183,2,"",M,28.166,2,"",M,11.590,2,"",M,1020.070,2,"",M,361.837,2,"",M,NaN,,,0,NaN,,,M,353.337,2,"",351.994,2,"",NaN,,,NaN,,
2024-10-23T21:45:52.000Z,6.356,2,"",M,61.093,2,"",M,6.000,2,"",N,11.232,2,"",M,28.387,2,"",M,11.600,2,"",M,1019.960,2,"",M,361.876,2,"",M,NaN,,,0,NaN,,,M,353.928,2,"",352.583,2,"",NaN,,,NaN,,
2024-10-23T21:47:44.000Z,6.356,2,"",M,61.093,2,"",M,6.000,2,"",N,11.244,2,"",M,28.442,2,"",M,11.650,2,"",M,1019.910,2,"",M,363.168,2,"",M,NaN,,,0,NaN,,,M,354.582,2,"",353.236,2,"",NaN,,,NaN,,
2024-10-23T21:49:37.000Z,6.356,2,"",M,61.093,2,"",M,6.000,2,"",N,11.247,2,"",M,28.445,2,"",M,11.660,2,"",M,1019.910,2,"",M,365.240,2,"",M,NaN,,,0,NaN,,,M,356.495,2,"",355.142,2,"",NaN,,,NaN,,
2024-10-23T21:51:29.000Z,6.356,2,"",M,61.093,2,"",M,6.000,2,"",N,11.220,2,"",M,28.402,2,"",M,11.660,2,"",M,1020.390,2,"",M,366.512,2,"",M,NaN,,,0,NaN,,,M,357.499,2,"",356.142,2,"",NaN,,,NaN,,
2024-10-23T21:53:21.000Z,6.356,2,"",M,61.093,2,"",M,6.000,2,"",N,11.249,2,"",M,28.458,2,"",M,11.640,2,"",M,1020.410,2,"",M,366.922,2,"",M,NaN,,,0,NaN,,,M,358.651,2,"",357.289,2,"",NaN,,,NaN,,
2024-10-23T21:55:13.000Z,6.355,2,"",M,61.093,2,"",M,6.000,2,"",N,11.276,2,"",M,28.535,2,"",M,11.660,2,"",M,1020.430,2,"",M,366.662,2,"",M,NaN,,,0,NaN,,,M,358.508,2,"",357.147,2,"",NaN,,,NaN,,
2024-10-23T21:57:06.000Z,6.355,2,"",M,61.093,2,"",M,6.000,2,"",N,11.284,2,"",M,28.572,2,"",M,11.690,2,"",M,1020.430,2,"",M,367.072,2,"",M,NaN,,,0,NaN,,,M,358.569,2,"",357.208,2,"",NaN,,,NaN,,
2024-10-23T21:58:58.000Z,6.355,2,"",M,61.094,2,"",M,6.000,2,"",N,11.284,2,"",M,28.584,2,"",M,11.710,2,"",M,1020.500,2,"",M,368.363,2,"",M,NaN,,,0,NaN,,,M,359.548,2,"",358.184,2,"",NaN,,,NaN,,
2024-10-23T22:00:50.000Z,6.355,2,"",M,61.094,2,"",M,6.000,2,"",N,11.283,2,"",M,28.512,2,"",M,11.700,2,"",M,1020.530,2,"",M,369.034,2,"",M,NaN,,,0,NaN,,,M,360.342,2,"",358.975,2,"",NaN,,,NaN,,
2024-10-23T22:02:42.000Z,6.355,2,"",M,61.094,2,"",M,6.000,2,"",N,11.290,2,"",M,28.536,2,"",M,11.700,2,"",M,1020.530,2,"",M,369.324,2,"",M,NaN,,,0,NaN,,,M,360.737,2,"",359.368,2,"",NaN,,,NaN,,
2024-10-23T22:04:35.000Z,6.355,2,"",M,61.094,2,"",M,6.000,2,"",N,11.292,2,"",M,28.593,2,"",M,11.700,2,"",M,1020.450,2,"",M,369.204,2,"",M,NaN,,,0,NaN,,,M,360.627,2,"",359.259,2,"",NaN,,,NaN,,
2024-10-23T22:06:27.000Z,6.355,2,"",M,61.094,2,"",M,6.000,2,"",N,11.298,2,"",M,28.615,2,"",M,11.700,2,"",M,1020.420,2,"",M,369.515,2,"",M,NaN,,,0,NaN,,,M,361.006,2,"",359.636,2,"",NaN,,,NaN,,
2024-10-23T22:08:19.000Z,6.355,2,"",M,61.094,2,"",M,6.000,2,"",N,11.298,2,"",M,28.616,2,"",M,11.710,2,"",M,1020.320,2,"",M,369.585,2,"",M,NaN,,,0,NaN,,,M,360.881,2,"",359.512,2,"",NaN,,,NaN,,
2024-10-23T22:10:11.000Z,6.355,2,"",M,61.094,2,"",M,6.000,2,"",N,11.294,2,"",M,28.607,2,"",M,11.710,2,"",M,1020.240,2,"",M,370.195,2,"",M,NaN,,,0,NaN,,,M,361.384,2,"",360.013,2,"",NaN,,,NaN,,
2024-10-23T22:14:41.000Z,6.355,2,"",M,61.094,2,"",M,6.000,2,"",N,NaN,,,M,NaN,,,M,NaN,,,M,NaN,,,M,NaN,,,0,NaN,,,0,NaN,,,M,NaN,,,NaN,,,NaN,,,NaN,,
2024-10-23T22:16:31.000Z,6.354,2,"",M,61.094,2,"",M,6.000,2,"",N,NaN,,,M,NaN,,,M,NaN,,,M,NaN,,,M,NaN,,,0,NaN,,,0,NaN,,,M,NaN,,,NaN,,,NaN,,,NaN,,
2024-10-23T22:18:41.000Z,6.354,2,"",M,61.094,2,"",M,6.000,2,"",N,NaN,,,M,NaN,,,M,NaN,,,M,NaN,,,M,NaN,,,0,NaN,,,0,NaN,,,M,NaN,,,NaN,,,NaN,,,NaN,,
2024-10-23T22:23:11.000Z,6.354,2,"",M,61.094,2,"",M,6.000,2,"",N,NaN,,,M,NaN,,,M,NaN,,,M,NaN,,,M,NaN,,,0,NaN,,,0,NaN,,,M,NaN,,,NaN,,,NaN,,,NaN,,
2024-10-23T22:25:01.000Z,6.354,2,"",M,61.094,2,"",M,6.000,2,"",N,NaN,,,M,NaN,,,M,NaN,,,M,NaN,,,M,NaN,,,0,NaN,,,0,NaN,,,M,NaN,,,NaN,,,NaN,,,NaN,,
2024-10-23T22:26:51.000Z,6.353,2,"",M,61.094,2,"",M,6.000,2,"",N,NaN,,,M,NaN,,,M,NaN,,,M,NaN,,,M,NaN,,,0,NaN,,,0,NaN,,,M,NaN,,,NaN,,,NaN,,,NaN,,
2024-10-23T22:31:21.000Z,6.353,2,"",M,61.094,2,"",M,6.000,2,"",N,NaN,,,M,NaN,,,M,NaN,,,M,NaN,,,M,NaN,,,0,NaN,,,0,NaN,,,M,NaN,,,NaN,,,NaN,,,NaN,,
2024-10-23T22:33:10.000Z,6.353,2,"",M,61.094,2,"",M,6.000,2,"",N,NaN,,,M,NaN,,,M,NaN,,,M,NaN,,,M,NaN,,,0,NaN,,,0,NaN,,,M,NaN,,,NaN,,,NaN,,,NaN,,
2024-10-23T22:35:00.000Z,6.352,2,"",M,61.095,2,"",M,6.000,2,"",N,NaN,,,M,NaN,,,M,NaN,,,M,NaN,,,M,NaN,,,0,NaN,,,0,NaN,,,M,NaN,,,NaN,,,NaN,,,NaN,,
2024-10-23T22:39:30.000Z,6.352,2,"",M,61.095,2,"",M,6.000,2,"",N,11.269,2,"",M,28.504,2,"",M,NaN,,,M,NaN,,,M,NaN,,,0,426.685,2,"",M,1020.100,2,"",M,NaN,,,NaN,,,425.066,2,"",423.441,2,""
2024-10-23T22:41:19.000Z,6.352,2,"",M,61.095,2,"",M,6.000,2,"",N,11.266,2,"",M,28.522,2,"",M,NaN,,,M,NaN,,,M,NaN,,,0,426.604,2,"",M,1020.100,2,"",M,NaN,,,NaN,,,424.987,2,"",423.362,2,""
2024-10-23T22:43:09.000Z,6.351,2,"",M,61.095,2,"",M,6.000,2,"",N,11.255,2,"",M,28.452,2,"",M,NaN,,,M,NaN,,,M,NaN,,,0,426.523,2,"",M,1020.100,2,"",M,NaN,,,NaN,,,424.910,2,"",423.285,2,""
2024-10-23T22:44:59.000Z,6.351,2,"",M,61.095,2,"",M,6.000,2,"",N,11.284,2,"",M,28.506,2,"",M,NaN,,,M,NaN,,,M,NaN,,,0,426.522,2,"",M,1020.100,2,"",M,NaN,,,NaN,,,424.899,2,"",423.274,2,""
2024-10-23T22:46:49.000Z,6.351,2,"",M,61.095,2,"",M,6.000,2,"",N,11.274,2,"",M,28.512,2,"",M,NaN,,,M,NaN,,,M,NaN,,,0,427.152,2,"",M,1020.200,2,"",M,NaN,,,NaN,,,425.572,2,"",423.945,2,""
2024-10-23T22:51:59.000Z,6.351,2,"",M,61.096,2,"",M,6.000,2,"",N,11.210,2,"",M,28.280,2,"",M,11.670,2,"",M,1020.550,2,"",M,367.971,2,"",M,NaN,,,0,NaN,,,M,358.676,2,"",357.315,2,"",NaN,,,NaN,,
2024-10-23T22:53:51.000Z,6.351,2,"",M,61.096,2,"",M,6.000,2,"",N,11.209,2,"",M,28.254,2,"",M,11.640,2,"",M,1020.590,2,"",M,367.189,2,"",M,NaN,,,0,NaN,,,M,358.371,2,"",357.010,2,"",NaN,,,NaN,,
2024-10-23T22:55:44.000Z,6.351,2,"",M,61.096,2,"",M,6.000,2,"",N,11.199,2,"",M,28.241,2,"",M,11.630,2,"",M,1020.610,2,"",M,365.637,2,"",M,NaN,,,0,NaN,,,M,356.864,2,"",355.508,2,"",NaN,,,NaN,,
2024-10-23T22:57:36.000Z,6.351,2,"",M,61.096,2,"",M,6.000,2,"",N,11.188,2,"",M,28.222,2,"",M,11.620,2,"",M,1020.560,2,"",M,365.015,2,"",M,NaN,,,0,NaN,,,M,356.226,2,"",354.872,2,"",NaN,,,NaN,,
2024-10-23T22:59:29.000Z,6.351,2,"",M,61.096,2,"",M,6.000,2,"",N,11.172,2,"",M,28.228,2,"",M,11.610,2,"",M,1020.600,2,"",M,364.174,2,"",M,NaN,,,0,NaN,,,M,355.334,2,"",353.984,2,"",NaN,,,NaN,,
2024-10-23T23:01:20.000Z,6.351,2,"",M,61.096,2,"",M,6.000,2,"",N,11.166,2,"",M,28.136,2,"",M,11.600,2,"",M,1020.450,2,"",M,363.722,2,"",M,NaN,,,0,NaN,,,M,354.902,2,"",353.553,2,"",NaN,,,NaN,,
2024-10-23T23:03:13.000Z,6.351,2,"",M,61.096,2,"",M,6.000,2,"",N,11.192,2,"",M,28.253,2,"",M,11.590,2,"",M,1020.425,2,"",M,363.011,2,"",M,NaN,,,0,NaN,,,M,354.755,2,"",353.407,2,"",NaN,,,NaN,,
2024-10-23T23:05:05.000Z,6.351,2,"",M,61.096,2,"",M,6.000,2,"",N,11.209,2,"",M,28.310,2,"",M,11.610,2,"",M,1020.400,2,"",M,362.960,2,"",M,NaN,,,0,NaN,,,M,354.634,2,"",353.287,2,"",NaN,,,NaN,,
2024-10-23T23:06:57.000Z,6.351,2,"",M,61.097,2,"",M,6.000,2,"",N,11.205,2,"",M,28.306,2,"",M,11.630,2,"",M,1020.290,2,"",M,363.960,2,"",M,NaN,,,0,NaN,,,M,355.215,2,"",353.866,2,"",NaN,,,NaN,,
2024-10-23T23:08:49.000Z,6.351,2,"",M,61.097,2,"",M,6.000,2,"",N,11.220,2,"",M,28.296,2,"",M,11.630,2,"",M,1020.280,2,"",M,364.971,2,"",M,NaN,,,0,NaN,,,M,356.418,2,"",355.065,2,"",NaN,,,NaN,,
2024-10-23T23:10:42.000Z,6.351,2,"",M,61.097,2,"",M,6.000,2,"",N,11.234,2,"",M,28.382,2,"",M,11.640,2,"",M,1020.180,2,"",M,364.860,2,"",M,NaN,,,0,NaN,,,M,356.331,2,"",354.978,2,"",NaN,,,NaN,,
2024-10-23T23:12:34.000Z,6.351,2,"",M,61.097,2,"",M,6.000,2,"",N,11.221,2,"",M,28.363,2,"",M,11.650,2,"",M,1020.140,2,"",M,365.460,2,"",M,NaN,,,0,NaN,,,M,356.549,2,"",355.196,2,"",NaN,,,NaN,,
2024-10-23T23:14:26.000Z,6.351,2,"",M,61.097,2,"",M,6.000,2,"",N,11.173,2,"",M,27.927,2,"",M,11.640,2,"",M,1020.060,2,"",M,366.270,2,"",M,NaN,,,0,NaN,,,M,356.747,2,"",355.393,2,"",NaN,,,NaN,,
2024-10-23T23:16:18.000Z,6.351,2,"",M,61.097,2,"",M,6.000,2,"",N,11.180,2,"",M,28.116,2,"",M,11.590,2,"",M,1020.560,2,"",M,364.437,2,"",M,NaN,,,0,NaN,,,M,356.004,2,"",354.651,2,"",NaN,,,NaN,,
2024-10-23T23:18:32.000Z,6.351,2,"",M,61.097,2,"",M,6.000,2,"",N,11.217,2,"",M,28.231,2,"",M,11.600,2,"",M,1020.530,2,"",M,361.833,2,"",M,NaN,,,0,NaN,,,M,353.852,2,"",352.507,2,"",NaN,,,NaN,,
2024-10-23T23:20:24.000Z,6.351,2,"",M,61.097,2,"",M,6.000,2,"",N,11.257,2,"",M,28.391,2,"",M,11.640,2,"",M,1020.480,2,"",M,362.173,2,"",M,NaN,,,0,NaN,,,M,354.154,2,"",352.809,2,"",NaN,,,NaN,,
2024-10-23T23:22:16.000Z,6.351,2,"",M,61.097,2,"",M,6.000,2,"",N,11.263,2,"",M,28.453,2,"",M,11.680,2,"",M,1020.550,2,"",M,363.954,2,"",M,NaN,,,0,NaN,,,M,355.404,2,"",354.055,2,"",NaN,,,NaN,,
2024-10-23T23:24:08.000Z,6.351,2,"",M,61.097,2,"",M,6.000,2,"",N,11.279,2,"",M,28.544,2,"",M,11.680,2,"",M,1020.620,2,"",M,366.176,2,"",M,NaN,,,0,NaN,,,M,357.830,2,"",356.472,2,"",NaN,,,NaN,,
2024-10-23T23:26:00.000Z,6.350,2,"",M,61.098,2,"",M,6.000,2,"",N,11.300,2,"",M,28.545,2,"",M,11.700,2,"",M,1020.630,2,"",M,367.417,2,"",M,NaN,,,0,NaN,,,M,359.061,2,"",357.698,2,"",NaN,,,NaN,,
2024-10-23T23:27:53.000Z,6.350,2,"",M,61.098,2,"",M,6.000,2,"",N,11.261,2,"",M,28.557,2,"",M,11.710,2,"",M,1020.565,2,"",M,368.417,2,"",M,NaN,,,0,NaN,,,M,359.264,2,"",357.901,2,"",NaN,,,NaN,,
2024-10-23T23:29:45.000Z,6.350,2,"",M,61.098,2,"",M,6.000,2,"",N,11.235,2,"",M,28.388,2,"",M,11.690,2,"",M,1020.500,2,"",M,368.987,2,"",M,NaN,,,0,NaN,,,M,359.709,2,"",358.344,2,"",NaN,,,NaN,,
2024-10-23T23:31:37.000Z,6.350,2,"",M,61.098,2,"",M,6.000,2,"",N,11.220,2,"",M,28.332,2,"",M,11.650,2,"",M,1020.450,2,"",M,368.596,2,"",M,NaN,,,0,NaN,,,M,359.715,2,"",358.349,2,"",NaN,,,NaN,,
2024-10-23T23:33:30.000Z,6.351,2,"",M,61.098,2,"",M,6.000,2,"",N,11.209,2,"",M,28.286,2,"",M,11.640,2,"",M,1020.410,2,"",M,366.883,2,"",M,NaN,,,0,NaN,,,M,358.012,2,"",356.652,2,"",NaN,,,NaN,,
2024-10-23T23:35:22.000Z,6.351,2,"",M,61.098,2,"",M,6.000,2,"",N,11.198,2,"",M,28.255,2,"",M,11.620,2,"",M,1020.350,2,"",M,365.781,2,"",M,NaN,,,0,NaN,,,M,357.054,2,"",355.698,2,"",NaN,,,NaN,,
2024-10-23T23:37:14.000Z,6.351,2,"",M,61.098,2,"",M,6.000,2,"",N,11.195,2,"",M,28.254,2,"",M,11.620,2,"",M,1020.320,2,"",M,364.689,2,"",M,NaN,,,0,NaN,,,M,355.930,2,"",354.579,2,"",NaN,,,NaN,,
2024-10-23T23:39:06.000Z,6.351,2,"",M,61.099,2,"",M,6.000,2,"",N,11.201,2,"",M,28.254,2,"",M,11.620,2,"",M,1020.380,2,"",M,364.808,2,"",M,NaN,,,0,NaN,,,M,356.155,2,"",354.802,2,"",NaN,,,NaN,,
2024-10-23T23:40:58.000Z,6.351,2,"",M,61.099,2,"",M,6.000,2,"",N,11.197,2,"",M,28.255,2,"",M,11.620,2,"",M,1020.460,2,"",M,364.767,2,"",M,NaN,,,0,NaN,,,M,356.093,2,"",354.740,2,"",NaN,,,NaN,,
2024-10-23T23:42:51.000Z,6.351,2,"",M,61.099,2,"",M,6.000,2,"",N,11.201,2,"",M,28.250,2,"",M,11.620,2,"",M,1020.530,2,"",M,364.246,2,"",M,NaN,,,0,NaN,,,M,355.664,2,"",354.313,2,"",NaN,,,NaN,,
2024-10-23T23:44:43.000Z,6.351,2,"",M,61.099,2,"",M,6.000,2,"",N,11.193,2,"",M,28.258,2,"",M,11.620,2,"",M,1020.480,2,"",M,364.496,2,"",M,NaN,,,0,NaN,,,M,355.774,2,"",354.422,2,"",NaN,,,NaN,,
2024-10-23T23:46:35.000Z,6.351,2,"",M,61.099,2,"",M,6.000,2,"",N,11.194,2,"",M,28.225,2,"",M,11.610,2,"",M,1020.440,2,"",M,364.305,2,"",M,NaN,,,0,NaN,,,M,355.733,2,"",354.382,2,"",NaN,,,NaN,,
2024-10-23T23:48:27.000Z,6.351,2,"",M,61.099,2,"",M,6.000,2,"",N,11.204,2,"",M,28.246,2,"",M,11.610,2,"",M,1020.410,2,"",M,364.204,2,"",M,NaN,,,0,NaN,,,M,355.789,2,"",354.437,2,"",NaN,,,NaN,,
2024-10-23T23:50:20.000Z,6.351,2,"",M,61.099,2,"",M,6.000,2,"",N,11.221,2,"",M,28.260,2,"",M,11.630,2,"",M,1020.390,2,"",M,363.903,2,"",M,NaN,,,0,NaN,,,M,355.423,2,"",354.073,2,"",NaN,,,NaN,,
2024-10-23T23:52:12.000Z,6.351,2,"",M,61.099,2,"",M,6.000,2,"",N,11.225,2,"",M,28.306,2,"",M,11.650,2,"",M,1020.370,2,"",M,364.262,2,"",M,NaN,,,0,NaN,,,M,355.526,2,"",354.176,2,"",NaN,,,NaN,,
2024-10-23T23:54:04.000Z,6.351,2,"",M,61.099,2,"",M,6.000,2,"",N,11.215,2,"",M,28.260,2,"",M,11.650,2,"",M,1020.290,2,"",M,364.582,2,"",M,NaN,,,0,NaN,,,M,355.666,2,"",354.315,2,"",NaN,,,NaN,,
2024-10-23T23:55:56.000Z,6.351,2,"",M,61.099,2,"",M,6.000,2,"",N,11.200,2,"",M,28.226,2,"",M,11.640,2,"",M,1020.270,2,"",M,364.982,2,"",M,NaN,,,0,NaN,,,M,355.976,2,"",354.624,2,"",NaN,,,NaN,,
2024-10-23T23:57:48.000Z,6.351,2,"",M,61.100,2,"",M,6.000,2,"",N,11.221,2,"",M,28.204,2,"",M,11.620,2,"",M,1020.270,2,"",M,364.330,2,"",M,NaN,,,0,NaN,,,M,355.952,2,"",354.600,2,"",NaN,,,NaN,,
2024-10-23T23:59:41.000Z,6.351,2,"",M,61.100,2,"",M,6.000,2,"",N,11.227,2,"",M,28.295,2,"",M,11.640,2,"",M,1020.310,2,"",M,363.879,2,"",M,NaN,,,0,NaN,,,M,355.313,2,"",353.964,2,"",NaN,,,NaN,,
2024-10-24T00:01:33.000Z,6.351,2,"",M,61.100,2,"",M,6.000,2,"",N,11.235,2,"",M,28.320,2,"",M,11.650,2,"",M,1020.430,2,"",M,364.259,2,"",M,NaN,,,0,NaN,,,M,355.695,2,"",354.345,2,"",NaN,,,NaN,,
2024-10-24T00:03:25.000Z,6.351,2,"",M,61.100,2,"",M,6.000,2,"",N,11.226,2,"",M,28.305,2,"",M,11.650,2,"",M,1020.490,2,"",M,364.698,2,"",M,NaN,,,0,NaN,,,M,356.007,2,"",354.656,2,"",NaN,,,NaN,,
2024-10-24T00:05:17.000Z,6.351,2,"",M,61.100,2,"",M,6.000,2,"",N,11.193,2,"",M,28.271,2,"",M,11.640,2,"",M,1020.500,2,"",M,364.788,2,"",M,NaN,,,0,NaN,,,M,355.758,2,"",354.407,2,"",NaN,,,NaN,,
2024-10-24T00:07:10.000Z,6.350,2,"",M,61.100,2,"",M,6.000,2,"",N,11.181,2,"",M,28.169,2,"",M,11.620,2,"",M,1020.510,2,"",M,364.777,2,"",M,NaN,,,0,NaN,,,M,355.869,2,"",354.517,2,"",NaN,,,NaN,,
2024-10-24T00:09:02.000Z,6.350,2,"",M,61.100,2,"",M,6.000,2,"",N,11.195,2,"",M,28.112,2,"",M,11.610,2,"",M,1020.500,2,"",M,363.795,2,"",M,NaN,,,0,NaN,,,M,355.274,2,"",353.924,2,"",NaN,,,NaN,,
2024-10-24T00:10:54.000Z,6.350,2,"",M,61.100,2,"",M,6.000,2,"",N,11.178,2,"",M,28.076,2,"",M,11.620,2,"",M,1020.600,2,"",M,363.063,2,"",M,NaN,,,0,NaN,,,M,354.194,2,"",352.849,2,"",NaN,,,NaN,,
2024-10-24T00:12:46.000Z,6.350,2,"",M,61.100,2,"",M,6.000,2,"",N,11.167,2,"",M,28.121,2,"",M,11.610,2,"",M,1020.610,2,"",M,362.292,2,"",M,NaN,,,0,NaN,,,M,353.424,2,"",352.081,2,"",NaN,,,NaN,,
2024-10-24T00:14:38.000Z,6.350,2,"",M,61.100,2,"",M,6.000,2,"",N,11.163,2,"",M,28.097,2,"",M,11.590,2,"",M,1020.510,2,"",M,362.111,2,"",M,NaN,,,0,NaN,,,M,353.457,2,"",352.113,2,"",NaN,,,NaN,,
2024-10-24T00:16:31.000Z,6.349,2,"",M,61.101,2,"",M,6.000,2,"",N,11.160,2,"",M,28.107,2,"",M,11.590,2,"",M,1020.450,2,"",M,361.760,2,"",M,NaN,,,0,NaN,,,M,353.054,2,"",351.713,2,"",NaN,,,NaN,,
2024-10-24T00:18:44.000Z,6.348,2,"",M,61.101,2,"",M,6.000,2,"",N,10.999,2,"",M,27.208,2,"",M,11.580,2,"",M,1020.610,2,"",M,361.899,2,"",M,NaN,,,0,NaN,,,M,351.005,2,"",349.671,2,"",NaN,,,NaN,,
2024-10-24T00:20:36.000Z,6.345,2,"",M,61.102,2,"",M,6.000,2,"",N,11.020,2,"",M,27.663,2,"",M,11.410,2,"",M,1020.600,2,"",M,359.396,2,"",M,NaN,,,0,NaN,,,M,351.450,2,"",350.112,2,"",NaN,,,NaN,,
2024-10-24T00:22:29.000Z,6.342,2,"",M,61.104,2,"",M,6.000,2,"",N,11.025,2,"",M,27.635,2,"",M,11.440,2,"",M,1020.690,2,"",M,355.441,2,"",M,NaN,,,0,NaN,,,M,347.242,2,"",345.920,2,"",NaN,,,NaN,,
2024-10-24T00:24:21.000Z,6.338,2,"",M,61.105,2,"",M,6.000,2,"",N,11.087,2,"",M,27.841,2,"",M,11.440,2,"",M,1020.600,2,"",M,354.829,2,"",M,NaN,,,0,NaN,,,M,347.517,2,"",346.194,2,"",NaN,,,NaN,,
2024-10-24T00:26:13.000Z,6.333,2,"",M,61.106,2,"",M,6.000,2,"",N,11.157,2,"",M,28.037,2,"",M,11.500,2,"",M,1020.520,2,"",M,354.719,2,"",M,NaN,,,0,NaN,,,M,347.504,2,"",346.182,2,"",NaN,,,NaN,,
2024-10-24T00:28:05.000Z,6.329,2,"",M,61.108,2,"",M,6.000,2,"",N,11.198,2,"",M,28.088,2,"",M,11.570,2,"",M,1020.510,2,"",M,356.900,2,"",M,NaN,,,0,NaN,,,M,349.193,2,"",347.866,2,"",NaN,,,NaN,,
2024-10-24T00:29:57.000Z,6.324,2,"",M,61.109,2,"",M,6.000,2,"",N,11.135,2,"",M,28.075,2,"",M,11.610,2,"",M,1020.610,2,"",M,359.432,2,"",M,NaN,,,0,NaN,,,M,350.172,2,"",348.842,2,"",NaN,,,NaN,,
2024-10-24T00:31:50.000Z,6.319,2,"",M,61.110,2,"",M,6.000,2,"",N,10.959,2,"",M,28.158,2,"",M,11.570,2,"",M,1020.540,2,"",M,361.283,2,"",M,NaN,,,0,NaN,,,M,349.945,2,"",348.614,2,"",NaN,,,NaN,,
2024-10-24T00:33:41.000Z,6.315,2,"",M,61.112,2,"",M,6.000,2,"",N,10.828,2,"",M,27.637,2,"",M,11.430,2,"",M,1020.580,2,"",M,361.803,2,"",M,NaN,,,0,NaN,,,M,350.631,2,"",349.296,2,"",NaN,,,NaN,,
2024-10-24T00:35:33.000Z,6.310,2,"",M,61.113,2,"",M,6.000,2,"",N,10.759,2,"",M,27.173,2,"",M,11.280,2,"",M,1020.560,2,"",M,358.749,2,"",M,NaN,,,0,NaN,,,M,348.903,2,"",347.572,2,"",NaN,,,NaN,,
2024-10-24T00:37:25.000Z,6.306,2,"",M,61.114,2,"",M,6.000,2,"",N,10.832,2,"",M,27.253,2,"",M,11.190,2,"",M,1020.560,2,"",M,353.383,2,"",M,NaN,,,0,NaN,,,M,346.083,2,"",344.761,2,"",NaN,,,NaN,,
2024-10-24T00:39:17.000Z,6.301,2,"",M,61.116,2,"",M,6.000,2,"",N,10.871,2,"",M,27.335,2,"",M,11.250,2,"",M,1020.570,2,"",M,349.478,2,"",M,NaN,,,0,NaN,,,M,341.942,2,"",340.637,2,"",NaN,,,NaN,,
2024-10-24T00:41:10.000Z,6.296,2,"",M,61.117,2,"",M,6.000,2,"",N,10.886,2,"",M,27.333,2,"",M,11.290,2,"",M,1020.590,2,"",M,348.686,2,"",M,NaN,,,0,NaN,,,M,340.807,2,"",339.507,2,"",NaN,,,NaN,,
2024-10-24T00:43:02.000Z,6.292,2,"",M,61.119,2,"",M,6.000,2,"",N,10.816,2,"",M,27.227,2,"",M,11.310,2,"",M,1020.700,2,"",M,348.616,2,"",M,NaN,,,0,NaN,,,M,339.478,2,"",338.183,2,"",NaN,,,NaN,,
2024-10-24T00:44:54.000Z,6.287,2,"",M,61.120,2,"",M,6.000,2,"",N,10.786,2,"",M,27.198,2,"",M,11.230,2,"",M,1020.630,2,"",M,348.405,2,"",M,NaN,,,0,NaN,,,M,339.987,2,"",338.689,2,"",NaN,,,NaN,,
2024-10-24T00:46:46.000Z,6.282,2,"",M,61.122,2,"",M,6.000,2,"",N,10.792,2,"",M,27.153,2,"",M,11.230,2,"",M,1020.670,2,"",M,347.443,2,"",M,NaN,,,0,NaN,,,M,339.140,2,"",337.845,2,"",NaN,,,NaN,,
2024-10-24T00:48:38.000Z,6.277,2,"",M,61.123,2,"",M,6.000,2,"",N,10.867,2,"",M,27.236,2,"",M,11.230,2,"",M,1020.660,2,"",M,346.792,2,"",M,NaN,,,0,NaN,,,M,339.580,2,"",338.283,2,"",NaN,,,NaN,,
2024-10-24T00:50:31.000Z,6.272,2,"",M,61.124,2,"",M,6.000,2,"",N,11.002,2,"",M,27.269,2,"",M,11.290,2,"",M,1020.540,2,"",M,347.061,2,"",M,NaN,,,0,NaN,,,M,340.871,2,"",339.570,2,"",NaN,,,NaN,,
2024-10-24T00:52:23.000Z,6.267,2,"",M,61.126,2,"",M,6.000,2,"",N,11.089,2,"",M,27.668,2,"",M,11.410,2,"",M,1020.350,2,"",M,347.821,2,"",M,NaN,,,0,NaN,,,M,341.045,2,"",339.746,2,"",NaN,,,NaN,,
2024-10-24T00:54:15.000Z,6.262,2,"",M,61.127,2,"",M,6.000,2,"",N,11.054,2,"",M,27.542,2,"",M,11.500,2,"",M,1020.320,2,"",M,351.064,2,"",M,NaN,,,0,NaN,,,M,342.373,2,"",341.070,2,"",NaN,,,NaN,,
2024-10-24T00:56:07.000Z,6.257,2,"",M,61.128,2,"",M,6.000,2,"",N,11.104,2,"",M,27.669,2,"",M,11.480,2,"",M,1020.210,2,"",M,353.576,2,"",M,NaN,,,0,NaN,,,M,345.802,2,"",344.487,2,"",NaN,,,NaN,,
2024-10-24T00:58:00.000Z,6.252,2,"",M,61.130,2,"",M,6.000,2,"",N,11.186,2,"",M,27.877,2,"",M,11.530,2,"",M,1020.210,2,"",M,353.985,2,"",M,NaN,,,0,NaN,,,M,346.665,2,"",345.347,2,"",NaN,,,NaN,,
2024-10-24T00:59:52.000Z,6.247,2,"",M,61.131,2,"",M,6.000,2,"",N,11.225,2,"",M,28.196,2,"",M,11.600,2,"",M,1020.610,2,"",M,355.726,2,"",M,NaN,,,0,NaN,,,M,348.029,2,"",346.707,2,"",NaN,,,NaN,,
2024-10-24T01:01:44.000Z,6.242,2,"",M,61.133,2,"",M,6.000,2,"",N,11.235,2,"",M,28.489,2,"",M,11.630,2,"",M,1020.540,2,"",M,359.169,2,"",M,NaN,,,0,NaN,,,M,351.063,2,"",349.730,2,"",NaN,,,NaN,,
2024-10-24T01:03:36.000Z,6.237,2,"",M,61.134,2,"",M,6.000,2,"",N,11.212,2,"",M,28.524,2,"",M,11.650,2,"",M,1020.560,2,"",M,363.623,2,"",M,NaN,,,0,NaN,,,M,354.770,2,"",353.422,2,"",NaN,,,NaN,,
2024-10-24T01:05:28.000Z,6.232,2,"",M,61.136,2,"",M,6.000,2,"",N,11.170,2,"",M,28.502,2,"",M,11.640,2,"",M,1020.580,2,"",M,366.395,2,"",M,NaN,,,0,NaN,,,M,357.000,2,"",355.644,2,"",NaN,,,NaN,,
2024-10-24T01:07:21.000Z,6.227,2,"",M,61.137,2,"",M,6.000,2,"",N,11.169,2,"",M,28.368,2,"",M,11.600,2,"",M,1020.570,2,"",M,367.395,2,"",M,NaN,,,0,NaN,,,M,358.573,2,"",357.211,2,"",NaN,,,NaN,,
2024-10-24T01:09:13.000Z,6.223,2,"",M,61.139,2,"",M,6.000,2,"",N,11.171,2,"",M,28.312,2,"",M,11.590,2,"",M,1020.660,2,"",M,367.084,2,"",M,NaN,,,0,NaN,,,M,358.487,2,"",357.125,2,"",NaN,,,NaN,,
2024-10-24T01:11:05.000Z,6.218,2,"",M,61.140,2,"",M,6.000,2,"",N,11.182,2,"",M,28.303,2,"",M,11.590,2,"",M,1020.650,2,"",M,366.042,2,"",M,NaN,,,0,NaN,,,M,357.641,2,"",356.281,2,"",NaN,,,NaN,,
2024-10-24T01:12:57.000Z,6.213,2,"",M,61.141,2,"",M,6.000,2,"",N,11.023,2,"",M,28.058,2,"",M,11.600,2,"",M,1020.670,2,"",M,365.361,2,"",M,NaN,,,0,NaN,,,M,354.430,2,"",353.083,2,"",NaN,,,NaN,,
2024-10-24T01:14:50.000Z,6.209,2,"",M,61.140,2,"",M,6.000,2,"",N,11.097,2,"",M,28.089,2,"",M,11.450,2,"",M,1020.560,2,"",M,364.329,2,"",M,NaN,,,0,NaN,,,M,356.807,2,"",355.449,2,"",NaN,,,NaN,,
2024-10-24T01:16:42.000Z,6.210,2,"",M,61.139,2,"",M,6.000,2,"",N,11.123,2,"",M,28.132,2,"",M,11.510,2,"",M,1020.470,2,"",M,361.355,2,"",M,NaN,,,0,NaN,,,M,353.339,2,"",351.994,2,"",NaN,,,NaN,,
2024-10-24T01:18:55.000Z,6.214,2,"",M,61.138,2,"",M,6.000,2,"",N,11.136,2,"",M,28.239,2,"",M,11.550,2,"",M,1020.410,2,"",M,361.394,2,"",M,NaN,,,0,NaN,,,M,352.942,2,"",351.600,2,"",NaN,,,NaN,,
2024-10-24T01:20:47.000Z,6.217,2,"",M,61.137,2,"",M,6.000,2,"",N,11.005,2,"",M,27.900,2,"",M,11.560,2,"",M,1020.370,2,"",M,362.865,2,"",M,NaN,,,0,NaN,,,M,352.244,2,"",350.905,2,"",NaN,,,NaN,,
2024-10-24T01:22:40.000Z,6.221,2,"",M,61.136,2,"",M,6.000,2,"",N,11.209,2,"",M,28.138,2,"",M,11.460,2,"",M,1020.290,2,"",M,362.874,2,"",M,NaN,,,0,NaN,,,M,356.822,2,"",355.464,2,"",NaN,,,NaN,,
2024-10-24T01:24:32.000Z,6.225,2,"",M,61.135,2,"",M,6.000,2,"",N,11.237,2,"",M,28.436,2,"",M,11.610,2,"",M,1020.140,2,"",M,360.971,2,"",M,NaN,,,0,NaN,,,M,353.022,2,"",351.682,2,"",NaN,,,NaN,,
2024-10-24T01:26:24.000Z,6.229,2,"",M,61.133,2,"",M,6.000,2,"",N,11.198,2,"",M,28.187,2,"",M,11.650,2,"",M,1020.060,2,"",M,363.623,2,"",M,NaN,,,0,NaN,,,M,354.395,2,"",353.050,2,"",NaN,,,NaN,,
2024-10-24T01:28:16.000Z,6.233,2,"",M,61.132,2,"",M,6.000,2,"",N,11.207,2,"",M,28.110,2,"",M,11.610,2,"",M,1020.470,2,"",M,365.064,2,"",M,NaN,,,0,NaN,,,M,356.684,2,"",355.329,2,"",NaN,,,NaN,,
2024-10-24T01:30:09.000Z,6.237,2,"",M,61.131,2,"",M,6.000,2,"",N,11.156,2,"",M,28.162,2,"",M,11.610,2,"",M,1020.480,2,"",M,364.032,2,"",M,NaN,,,0,NaN,,,M,354.915,2,"",353.567,2,"",NaN,,,NaN,,
2024-10-24T01:32:01.000Z,6.241,2,"",M,61.130,2,"",M,6.000,2,"",N,11.084,2,"",M,27.565,2,"",M,11.570,2,"",M,1020.410,2,"",M,363.321,2,"",M,NaN,,,0,NaN,,,M,353.736,2,"",352.391,2,"",NaN,,,NaN,,
2024-10-24T01:33:53.000Z,6.244,2,"",M,61.128,2,"",M,6.000,2,"",N,11.049,2,"",M,27.599,2,"",M,11.510,2,"",M,1020.460,2,"",M,360.477,2,"",M,NaN,,,0,NaN,,,M,351.366,2,"",350.030,2,"",NaN,,,NaN,,
2024-10-24T01:35:45.000Z,6.248,2,"",M,61.127,2,"",M,6.000,2,"",N,11.124,2,"",M,27.684,2,"",M,11.490,2,"",M,1020.530,2,"",M,357.173,2,"",M,NaN,,,0,NaN,,,M,349.587,2,"",348.256,2,"",NaN,,,NaN,,
2024-10-24T01:37:38.000Z,6.251,2,"",M,61.126,2,"",M,6.000,2,"",N,11.102,2,"",M,27.727,2,"",M,11.540,2,"",M,1020.540,2,"",M,354.900,2,"",M,NaN,,,0,NaN,,,M,346.285,2,"",344.969,2,"",NaN,,,NaN,,
2024-10-24T01:39:30.000Z,6.254,2,"",M,61.125,2,"",M,6.000,2,"",N,11.139,2,"",M,27.792,2,"",M,11.530,2,"",M,1020.490,2,"",M,355.100,2,"",M,NaN,,,0,NaN,,,M,347.165,2,"",345.845,2,"",NaN,,,NaN,,
2024-10-24T01:41:23.000Z,6.258,2,"",M,61.124,2,"",M,6.000,2,"",N,11.081,2,"",M,27.835,2,"",M,11.550,2,"",M,1020.390,2,"",M,355.489,2,"",M,NaN,,,0,NaN,,,M,346.360,2,"",345.043,2,"",NaN,,,NaN,,
2024-10-24T01:43:14.000Z,6.261,2,"",M,61.123,2,"",M,6.000,2,"",N,10.972,2,"",M,27.099,2,"",M,11.490,2,"",M,1020.250,2,"",M,356.540,2,"",M,NaN,,,0,NaN,,,M,346.628,2,"",345.309,2,"",NaN,,,NaN,,
2024-10-24T01:45:06.000Z,6.264,2,"",M,61.121,2,"",M,6.000,2,"",N,11.103,2,"",M,27.591,2,"",M,11.370,2,"",M,1020.200,2,"",M,353.896,2,"",M,NaN,,,0,NaN,,,M,347.751,2,"",346.426,2,"",NaN,,,NaN,,
2024-10-24T01:46:58.000Z,6.268,2,"",M,61.120,2,"",M,6.000,2,"",N,11.228,2,"",M,28.055,2,"",M,11.500,2,"",M,1020.140,2,"",M,352.024,2,"",M,NaN,,,0,NaN,,,M,345.779,2,"",344.464,2,"",NaN,,,NaN,,
2024-10-24T01:48:50.000Z,6.271,2,"",M,61.119,2,"",M,6.000,2,"",N,11.263,2,"",M,28.184,2,"",M,11.640,2,"",M,1020.220,2,"",M,354.956,2,"",M,NaN,,,0,NaN,,,M,347.094,2,"",345.777,2,"",NaN,,,NaN,,
2024-10-24T01:50:43.000Z,6.275,2,"",M,61.118,2,"",M,6.000,2,"",N,11.253,2,"",M,28.258,2,"",M,11.670,2,"",M,1020.160,2,"",M,359.550,2,"",M,NaN,,,0,NaN,,,M,350.969,2,"",349.637,2,"",NaN,,,NaN,,
2024-10-24T01:52:35.000Z,6.278,2,"",M,61.117,2,"",M,6.000,2,"",N,11.261,2,"",M,28.319,2,"",M,11.670,2,"",M,1020.140,2,"",M,362.552,2,"",M,NaN,,,0,NaN,,,M,354.010,2,"",352.667,2,"",NaN,,,NaN,,
2024-10-24T01:54:27.000Z,6.282,2,"",M,61.116,2,"",M,6.000,2,"",N,11.253,2,"",M,28.315,2,"",M,11.670,2,"",M,1020.050,2,"",M,364.022,2,"",M,NaN,,,0,NaN,,,M,355.291,2,"",353.942,2,"",NaN,,,NaN,,
2024-10-24T01:56:19.000Z,6.285,2,"",M,61.115,2,"",M,6.000,2,"",N,11.237,2,"",M,28.173,2,"",M,11.670,2,"",M,1019.980,2,"",M,364.872,2,"",M,NaN,,,0,NaN,,,M,355.857,2,"",354.506,2,"",NaN,,,NaN,,
2024-10-24T01:58:11.000Z,6.289,2,"",M,61.114,2,"",M,6.000,2,"",N,11.224,2,"",M,28.291,2,"",M,11.650,2,"",M,1020.370,2,"",M,365.012,2,"",M,NaN,,,0,NaN,,,M,356.239,2,"",354.886,2,"",NaN,,,NaN,,
2024-10-24T02:02:41.000Z,6.298,2,"",M,61.112,2,"",M,6.000,2,"",N,NaN,,,M,NaN,,,M,NaN,,,M,NaN,,,M,NaN,,,0,NaN,,,0,NaN,,,M,NaN,,,NaN,,,NaN,,,NaN,,
2024-10-24T02:04:31.000Z,6.301,2,"",M,61.111,2,"",M,6.000,2,"",N,NaN,,,M,NaN,,,M,NaN,,,M,NaN,,,M,NaN,,,0,NaN,,,0,NaN,,,M,NaN,,,NaN,,,NaN,,,NaN,,
2024-10-24T02:06:21.000Z,6.305,2,"",M,61.110,2,"",M,6.000,2,"",N,NaN,,,M,NaN,,,M,NaN,,,M,NaN,,,M,NaN,,,0,NaN,,,0,NaN,,,M,NaN,,,NaN,,,NaN,,,NaN,,
2024-10-24T02:10:50.000Z,6.314,2,"",M,61.108,2,"",M,6.000,2,"",N,NaN,,,M,NaN,,,M,NaN,,,M,NaN,,,M,NaN,,,0,NaN,,,0,NaN,,,M,NaN,,,NaN,,,NaN,,,NaN,,
2024-10-24T02:12:40.000Z,6.318,2,"",M,61.107,2,"",M,6.000,2,"",N,NaN,,,M,NaN,,,M,NaN,,,M,NaN,,,M,NaN,,,0,NaN,,,0,NaN,,,M,NaN,,,NaN,,,NaN,,,NaN,,
2024-10-24T02:14:30.000Z,6.322,2,"",M,61.106,2,"",M,6.000,2,"",N,NaN,,,M,NaN,,,M,NaN,,,M,NaN,,,M,NaN,,,0,NaN,,,0,NaN,,,M,NaN,,,NaN,,,NaN,,,NaN,,
2024-10-24T02:19:00.000Z,6.331,2,"",M,61.104,2,"",M,6.000,2,"",N,NaN,,,M,NaN,,,M,NaN,,,M,NaN,,,M,NaN,,,0,NaN,,,0,NaN,,,M,NaN,,,NaN,,,NaN,,,NaN,,
2024-10-24T02:21:10.000Z,6.335,2,"",M,61.103,2,"",M,6.000,2,"",N,NaN,,,M,NaN,,,M,NaN,,,M,NaN,,,M,NaN,,,0,NaN,,,0,NaN,,,M,NaN,,,NaN,,,NaN,,,NaN,,
2024-10-24T02:23:00.000Z,6.339,2,"",M,61.102,2,"",M,6.000,2,"",N,NaN,,,M,NaN,,,M,NaN,,,M,NaN,,,M,NaN,,,0,NaN,,,0,NaN,,,M,NaN,,,NaN,,,NaN,,,NaN,,
2024-10-24T02:27:30.000Z,6.348,2,"",M,61.100,2,"",M,6.000,2,"",N,10.868,2,"",M,27.171,2,"",M,NaN,,,M,NaN,,,M,NaN,,,0,424.781,2,"",M,1020.000,2,"",M,NaN,,,NaN,,,423.270,2,"",421.644,2,""
2024-10-24T02:29:20.000Z,6.352,2,"",M,61.100,2,"",M,6.000,2,"",N,10.849,2,"",M,27.119,2,"",M,NaN,,,M,NaN,,,M,NaN,,,0,424.411,2,"",M,1020.000,2,"",M,NaN,,,NaN,,,422.908,2,"",421.282,2,""
2024-10-24T02:31:09.000Z,6.356,2,"",M,61.099,2,"",M,6.000,2,"",N,10.841,2,"",M,26.961,2,"",M,NaN,,,M,NaN,,,M,NaN,,,0,424.441,2,"",M,1020.000,2,"",M,NaN,,,NaN,,,422.941,2,"",421.314,2,""
2024-10-24T02:32:59.000Z,6.360,2,"",M,61.099,2,"",M,6.000,2,"",N,10.792,2,"",M,26.950,2,"",M,NaN,,,M,NaN,,,M,NaN,,,0,424.622,2,"",M,1020.000,2,"",M,NaN,,,NaN,,,423.138,2,"",421.510,2,""
2024-10-24T02:34:49.000Z,6.365,2,"",M,61.098,2,"",M,6.000,2,"",N,10.776,2,"",M,26.851,2,"",M,NaN,,,M,NaN,,,M,NaN,,,0,424.862,2,"",M,1020.100,2,"",M,NaN,,,NaN,,,423.425,2,"",421.795,2,""
2024-10-24T02:39:59.000Z,6.377,2,"",M,61.098,2,"",M,6.000,2,"",N,10.797,2,"",M,26.829,2,"",M,11.240,2,"",M,1020.340,2,"",M,345.654,2,"",M,NaN,,,0,NaN,,,M,337.220,2,"",335.933,2,"",NaN,,,NaN,,
2024-10-24T02:41:52.000Z,6.382,2,"",M,61.098,2,"",M,6.000,2,"",N,10.690,2,"",M,26.242,2,"",M,11.210,2,"",M,1020.340,2,"",M,344.794,2,"",M,NaN,,,0,NaN,,,M,335.286,2,"",334.006,2,"",NaN,,,NaN,,
2024-10-24T02:43:44.000Z,6.387,2,"",M,61.098,2,"",M,6.000,2,"",N,10.748,2,"",M,26.431,2,"",M,11.120,2,"",M,1020.250,2,"",M,342.122,2,"",M,NaN,,,0,NaN,,,M,334.783,2,"",333.504,2,"",NaN,,,NaN,,
2024-10-24T02:45:36.000Z,6.391,2,"",M,61.098,2,"",M,6.000,2,"",N,10.751,2,"",M,26.620,2,"",M,11.170,2,"",M,1020.290,2,"",M,338.779,2,"",M,NaN,,,0,NaN,,,M,330.849,2,"",329.585,2,"",NaN,,,NaN,,
2024-10-24T02:47:28.000Z,6.396,2,"",M,61.098,2,"",M,6.000,2,"",N,10.711,2,"",M,26.430,2,"",M,11.190,2,"",M,1020.310,2,"",M,339.190,2,"",M,NaN,,,0,NaN,,,M,330.404,2,"",329.142,2,"",NaN,,,NaN,,
2024-10-24T02:49:20.000Z,6.401,2,"",M,61.099,2,"",M,6.000,2,"",N,10.772,2,"",M,26.507,2,"",M,11.150,2,"",M,1020.240,2,"",M,339.761,2,"",M,NaN,,,0,NaN,,,M,332.376,2,"",331.106,2,"",NaN,,,NaN,,
2024-10-24T02:51:13.000Z,6.405,2,"",M,61.099,2,"",M,6.000,2,"",N,10.794,2,"",M,26.646,2,"",M,11.190,2,"",M,1020.100,2,"",M,338.861,2,"",M,NaN,,,0,NaN,,,M,331.177,2,"",329.913,2,"",NaN,,,NaN,,
2024-10-24T02:53:05.000Z,6.410,2,"",M,61.099,2,"",M,6.000,2,"",N,10.829,2,"",M,26.743,2,"",M,11.210,2,"",M,1019.980,2,"",M,339.052,2,"",M,NaN,,,0,NaN,,,M,331.529,2,"",330.264,2,"",NaN,,,NaN,,
2024-10-24T02:54:57.000Z,6.414,2,"",M,61.099,2,"",M,6.000,2,"",N,10.822,2,"",M,26.859,2,"",M,11.250,2,"",M,1020.520,2,"",M,339.903,2,"",M,NaN,,,0,NaN,,,M,331.864,2,"",330.598,2,"",NaN,,,NaN,,
2024-10-24T02:56:49.000Z,6.419,2,"",M,61.100,2,"",M,6.000,2,"",N,10.854,2,"",M,26.869,2,"",M,11.260,2,"",M,1020.530,2,"",M,341.584,2,"",M,NaN,,,0,NaN,,,M,333.828,2,"",332.554,2,"",NaN,,,NaN,,
2024-10-24T02:58:42.000Z,6.424,2,"",M,61.100,2,"",M,6.000,2,"",N,10.756,2,"",M,26.772,2,"",M,11.270,2,"",M,1020.380,2,"",M,342.285,2,"",M,NaN,,,0,NaN,,,M,332.935,2,"",331.664,2,"",NaN,,,NaN,,
2024-10-24T03:00:34.000Z,6.428,2,"",M,61.100,2,"",M,6.000,2,"",N,10.631,2,"",M,26.199,2,"",M,11.210,2,"",M,1020.400,2,"",M,342.586,2,"",M,NaN,,,0,NaN,,,M,332.328,2,"",331.059,2,"",NaN,,,NaN,,
2024-10-24T03:02:26.000Z,6.433,2,"",M,61.100,2,"",M,6.000,2,"",N,10.613,2,"",M,25.831,2,"",M,11.080,2,"",M,1020.490,2,"",M,340.105,2,"",M,NaN,,,0,NaN,,,M,331.551,2,"",330.283,2,"",NaN,,,NaN,,
2024-10-24T03:04:18.000Z,6.437,2,"",M,61.101,2,"",M,6.000,2,"",N,10.605,2,"",M,25.906,2,"",M,11.040,2,"",M,1020.450,2,"",M,335.181,2,"",M,NaN,,,0,NaN,,,M,327.200,2,"",325.948,2,"",NaN,,,NaN,,
2024-10-24T03:06:10.000Z,6.442,2,"",M,61.101,2,"",M,6.000,2,"",N,10.519,2,"",M,25.591,2,"",M,11.040,2,"",M,1020.490,2,"",M,332.339,2,"",M,NaN,,,0,NaN,,,M,323.261,2,"",322.024,2,"",NaN,,,NaN,,
2024-10-24T03:08:03.000Z,6.446,2,"",M,61.102,2,"",M,6.000,2,"",N,10.523,2,"",M,25.226,2,"",M,10.950,2,"",M,1020.370,2,"",M,331.129,2,"",M,NaN,,,0,NaN,,,M,323.353,2,"",322.115,2,"",NaN,,,NaN,,
2024-10-24T03:09:55.000Z,6.451,2,"",M,61.102,2,"",M,6.000,2,"",N,10.478,2,"",M,25.137,2,"",M,10.950,2,"",M,1020.330,2,"",M,327.176,2,"",M,NaN,,,0,NaN,,,M,318.863,2,"",317.641,2,"",NaN,,,NaN,,
2024-10-24T03:11:47.000Z,6.455,2,"",M,61.103,2,"",M,6.000,2,"",N,10.375,2,"",M,24.710,2,"",M,10.910,2,"",M,1020.210,2,"",M,324.314,2,"",M,NaN,,,0,NaN,,,M,315.210,2,"",314.002,2,"",NaN,,,NaN,,
2024-10-24T03:13:39.000Z,6.460,2,"",M,61.103,2,"",M,6.000,2,"",N,10.470,2,"",M,24.463,2,"",M,10.820,2,"",M,1020.140,2,"",M,320.582,2,"",M,NaN,,,0,NaN,,,M,314.034,2,"",312.830,2,"",NaN,,,NaN,,
2024-10-24T03:15:32.000Z,6.464,2,"",M,61.103,2,"",M,6.000,2,"",N,10.379,2,"",M,24.729,2,"",M,10.880,2,"",M,1020.140,2,"",M,315.448,2,"",M,NaN,,,0,NaN,,,M,307.024,2,"",305.847,2,"",NaN,,,NaN,,
2024-10-24T03:17:24.000Z,6.469,2,"",M,61.104,2,"",M,6.000,2,"",N,10.278,2,"",M,24.165,2,"",M,10.850,2,"",M,1020.090,2,"",M,314.828,2,"",M,NaN,,,0,NaN,,,M,305.484,2,"",304.313,2,"",NaN,,,NaN,,
2024-10-24T03:19:37.000Z,6.474,2,"",M,61.104,2,"",M,6.000,2,"",N,10.456,2,"",M,24.477,2,"",M,10.780,2,"",M,1019.980,2,"",M,311.777,2,"",M,NaN,,,0,NaN,,,M,305.704,2,"",304.531,2,"",NaN,,,NaN,,
2024-10-24T03:21:29.000Z,6.479,2,"",M,61.105,2,"",M,6.000,2,"",N,10.517,2,"",M,25.157,2,"",M,10.870,2,"",M,1019.930,2,"",M,310.396,2,"",M,NaN,,,0,NaN,,,M,303.942,2,"",302.777,2,"",NaN,,,NaN,,
2024-10-24T03:23:22.000Z,6.484,2,"",M,61.105,2,"",M,6.000,2,"",N,10.570,2,"",M,25.500,2,"",M,10.950,2,"",M,1019.770,2,"",M,314.410,2,"",M,NaN,,,0,NaN,,,M,307.447,2,"",306.270,2,"",NaN,,,NaN,,
2024-10-24T03:25:14.000Z,6.488,2,"",M,61.105,2,"",M,6.000,2,"",N,10.664,2,"",M,25.897,2,"",M,10.990,2,"",M,1020.100,2,"",M,319.354,2,"",M,NaN,,,0,NaN,,,M,313.098,2,"",311.900,2,"",NaN,,,NaN,,
2024-10-24T03:27:06.000Z,6.493,2,"",M,61.106,2,"",M,6.000,2,"",N,10.712,2,"",M,26.367,2,"",M,11.070,2,"",M,1020.090,2,"",M,323.548,2,"",M,NaN,,,0,NaN,,,M,316.746,2,"",315.535,2,"",NaN,,,NaN,,
2024-10-24T03:28:58.000Z,6.498,2,"",M,61.106,2,"",M,6.000,2,"",N,10.746,2,"",M,26.352,2,"",M,11.140,2,"",M,1020.160,2,"",M,328.452,2,"",M,NaN,,,0,NaN,,,M,321.068,2,"",319.841,2,"",NaN,,,NaN,,
2024-10-24T03:30:50.000Z,6.502,2,"",M,61.107,2,"",M,6.000,2,"",N,10.845,2,"",M,26.807,2,"",M,11.180,2,"",M,1020.190,2,"",M,332.055,2,"",M,NaN,,,0,NaN,,,M,325.401,2,"",324.158,2,"",NaN,,,NaN,,
2024-10-24T03:32:42.000Z,6.507,2,"",M,61.108,2,"",M,6.000,2,"",N,10.760,2,"",M,26.907,2,"",M,11.260,2,"",M,1020.100,2,"",M,335.618,2,"",M,NaN,,,0,NaN,,,M,326.554,2,"",325.308,2,"",NaN,,,NaN,,
2024-10-24T03:34:34.000Z,6.511,2,"",M,61.108,2,"",M,6.000,2,"",N,10.700,2,"",M,26.589,2,"",M,11.190,2,"",M,1020.100,2,"",M,340.542,2,"",M,NaN,,,0,NaN,,,M,331.499,2,"",330.233,2,"",NaN,,,NaN,,
2024-10-24T03:36:26.000Z,6.516,2,"",M,61.108,2,"",M,6.000,2,"",N,10.729,2,"",M,26.645,2,"",M,11.140,2,"",M,1020.090,2,"",M,341.183,2,"",M,NaN,,,0,NaN,,,M,333.250,2,"",331.977,2,"",NaN,,,NaN,,
2024-10-24T03:38:18.000Z,6.520,2,"",M,61.109,2,"",M,6.000,2,"",N,10.684,2,"",M,26.473,2,"",M,11.150,2,"",M,1020.090,2,"",M,339.543,2,"",M,NaN,,,0,NaN,,,M,330.880,2,"",329.616,2,"",NaN,,,NaN,,
2024-10-24T03:40:11.000Z,6.524,2,"",M,61.110,2,"",M,6.000,2,"",N,10.687,2,"",M,26.231,2,"",M,11.110,2,"",M,1020.070,2,"",M,339.123,2,"",M,NaN,,,0,NaN,,,M,331.076,2,"",329.811,2,"",NaN,,,NaN,,
2024-10-24T03:42:03.000Z,6.529,2,"",M,61.111,2,"",M,6.000,2,"",N,10.775,2,"",M,27.040,2,"",M,11.110,2,"",M,1020.010,2,"",M,337.782,2,"",M,NaN,,,0,NaN,,,M,330.968,2,"",329.703,2,"",NaN,,,NaN,,
2024-10-24T03:43:55.000Z,6.533,2,"",M,61.111,2,"",M,6.000,2,"",N,10.770,2,"",M,26.969,2,"",M,11.200,2,"",M,1020.000,2,"",M,338.953,2,"",M,NaN,,,0,NaN,,,M,330.767,2,"",329.504,2,"",NaN,,,NaN,,
2024-10-24T03:45:47.000Z,6.537,2,"",M,61.112,2,"",M,6.000,2,"",N,10.795,2,"",M,26.994,2,"",M,11.200,2,"",M,1020.010,2,"",M,342.156,2,"",M,NaN,,,0,NaN,,,M,334.238,2,"",332.962,2,"",NaN,,,NaN,,
2024-10-24T03:47:39.000Z,6.542,2,"",M,61.113,2,"",M,6.000,2,"",N,10.895,2,"",M,27.362,2,"",M,11.220,2,"",M,1020.060,2,"",M,343.658,2,"",M,NaN,,,0,NaN,,,M,336.859,2,"",335.574,2,"",NaN,,,NaN,,
2024-10-24T03:49:32.000Z,6.545,2,"",M,61.114,2,"",M,6.000,2,"",N,10.884,2,"",M,27.465,2,"",M,11.310,2,"",M,1020.070,2,"",M,345.069,2,"",M,NaN,,,0,NaN,,,M,336.783,2,"",335.499,2,"",NaN,,,NaN,,
2024-10-24T03:51:24.000Z,6.544,2,"",M,61.116,2,"",M,6.000,2,"",N,10.468,2,"",M,26.052,2,"",M,11.300,2,"",M,1020.190,2,"",M,348.002,2,"",M,NaN,,,0,NaN,,,M,333.894,2,"",332.621,2,"",NaN,,,NaN,,
2024-10-24T03:53:16.000Z,6.541,2,"",M,61.116,2,"",M,6.000,2,"",N,10.515,2,"",M,25.662,2,"",M,10.980,2,"",M,1020.270,2,"",M,345.350,2,"",M,NaN,,,0,NaN,,,M,336.650,2,"",335.361,2,"",NaN,,,NaN,,
2024-10-24T03:55:08.000Z,6.537,2,"",M,61.116,2,"",M,6.000,2,"",N,10.671,2,"",M,26.011,2,"",M,10.980,2,"",M,1020.240,2,"",M,332.842,2,"",M,NaN,,,0,NaN,,,M,326.604,2,"",325.354,2,"",NaN,,,NaN,,
2024-10-24T03:57:01.000Z,6.533,2,"",M,61.116,2,"",M,6.000,2,"",N,10.644,2,"",M,26.085,2,"",M,11.080,2,"",M,1020.240,2,"",M,328.449,2,"",M,NaN,,,0,NaN,,,M,320.542,2,"",319.316,2,"",NaN,,,NaN,,
2024-10-24T03:58:53.000Z,6.528,2,"",M,61.115,2,"",M,6.000,2,"",N,10.662,2,"",M,25.993,2,"",M,11.080,2,"",M,1020.190,2,"",M,330.541,2,"",M,NaN,,,0,NaN,,,M,322.800,2,"",321.566,2,"",NaN,,,NaN,,
2024-10-24T04:00:45.000Z,6.524,2,"",M,61.115,2,"",M,6.000,2,"",N,10.731,2,"",M,26.207,2,"",M,11.090,2,"",M,1020.100,2,"",M,331.382,2,"",M,NaN,,,0,NaN,,,M,324.405,2,"",323.164,2,"",NaN,,,NaN,,
2024-10-24T04:02:37.000Z,6.519,2,"",M,61.114,2,"",M,6.000,2,"",N,10.780,2,"",M,26.746,2,"",M,11.150,2,"",M,1020.000,2,"",M,331.863,2,"",M,NaN,,,0,NaN,,,M,324.680,2,"",323.440,2,"",NaN,,,NaN,,
2024-10-24T04:04:29.000Z,6.516,2,"",M,61.113,2,"",M,6.000,2,"",N,10.853,2,"",M,26.949,2,"",M,11.210,2,"",M,1019.930,2,"",M,334.886,2,"",M,NaN,,,0,NaN,,,M,327.773,2,"",326.522,2,"",NaN,,,NaN,,
2024-10-24T04:06:22.000Z,6.513,2,"",M,61.113,2,"",M,6.000,2,"",N,10.785,2,"",M,26.875,2,"",M,11.260,2,"",M,1019.940,2,"",M,339.319,2,"",M,NaN,,,0,NaN,,,M,330.450,2,"",329.190,2,"",NaN,,,NaN,,
2024-10-24T04:08:14.000Z,6.512,2,"",M,61.112,2,"",M,6.000,2,"",N,10.894,2,"",M,27.037,2,"",M,11.230,2,"",M,1019.810,2,"",M,342.542,2,"",M,NaN,,,0,NaN,,,M,335.515,2,"",334.235,2,"",NaN,,,NaN,,
2024-10-24T04:10:06.000Z,6.510,2,"",M,61.112,2,"",M,6.000,2,"",N,10.915,2,"",M,27.281,2,"",M,11.290,2,"",M,1019.690,2,"",M,343.093,2,"",M,NaN,,,0,NaN,,,M,335.454,2,"",334.175,2,"",NaN,,,NaN,,
2024-10-24T04:11:58.000Z,6.510,2,"",M,61.112,2,"",M,6.000,2,"",N,10.877,2,"",M,27.054,2,"",M,11.330,2,"",M,1019.620,2,"",M,345.465,2,"",M,NaN,,,0,NaN,,,M,336.617,2,"",335.335,2,"",NaN,,,NaN,,
2024-10-24T04:13:51.000Z,6.510,2,"",M,61.112,2,"",M,6.000,2,"",N,11.221,2,"",M,27.549,2,"",M,11.320,2,"",M,1019.870,2,"",M,346.926,2,"",M,NaN,,,0,NaN,,,M,343.230,2,"",341.922,2,"",NaN,,,NaN,,
2024-10-24T04:15:43.000Z,6.510,2,"",M,61.112,2,"",M,6.000,2,"",N,10.985,2,"",M,27.300,2,"",M,11.570,2,"",M,1019.890,2,"",M,349.208,2,"",M,NaN,,,0,NaN,,,M,338.401,2,"",337.115,2,"",NaN,,,NaN,,
2024-10-24T04:17:35.000Z,6.510,2,"",M,61.112,2,"",M,6.000,2,"",N,11.083,2,"",M,27.585,2,"",M,11.400,2,"",M,1019.910,2,"",M,353.361,2,"",M,NaN,,,0,NaN,,,M,346.375,2,"",345.056,2,"",NaN,,,NaN,,
2024-10-24T04:19:48.000Z,6.510,2,"",M,61.112,2,"",M,6.000,2,"",N,11.038,2,"",M,27.684,2,"",M,11.500,2,"",M,1019.820,2,"",M,353.271,2,"",M,NaN,,,0,NaN,,,M,344.109,2,"",342.800,2,"",NaN,,,NaN,,
2024-10-24T04:21:41.000Z,6.510,2,"",M,61.112,2,"",M,6.000,2,"",N,11.000,2,"",M,27.596,2,"",M,11.460,2,"",M,1019.800,2,"",M,355.353,2,"",M,NaN,,,0,NaN,,,M,346.185,2,"",344.868,2,"",NaN,,,NaN,,
2024-10-24T04:23:33.000Z,6.510,2,"",M,61.112,2,"",M,6.000,2,"",N,10.981,2,"",M,27.588,2,"",M,11.430,2,"",M,1019.750,2,"",M,355.364,2,"",M,NaN,,,0,NaN,,,M,346.336,2,"",345.018,2,"",NaN,,,NaN,,
2024-10-24T04:25:25.000Z,6.510,2,"",M,61.112,2,"",M,6.000,2,"",N,11.111,2,"",M,27.598,2,"",M,11.410,2,"",M,1019.810,2,"",M,354.053,2,"",M,NaN,,,0,NaN,,,M,347.289,2,"",345.967,2,"",NaN,,,NaN,,
2024-10-24T04:27:17.000Z,6.510,2,"",M,61.112,2,"",M,6.000,2,"",N,11.103,2,"",M,27.842,2,"",M,11.500,2,"",M,1019.810,2,"",M,353.673,2,"",M,NaN,,,0,NaN,,,M,345.456,2,"",344.142,2,"",NaN,,,NaN,,
2024-10-24T04:29:10.000Z,6.510,2,"",M,61.112,2,"",M,6.000,2,"",N,11.029,2,"",M,27.819,2,"",M,11.540,2,"",M,1019.850,2,"",M,355.815,2,"",M,NaN,,,0,NaN,,,M,345.876,2,"",344.561,2,"",NaN,,,NaN,,
2024-10-24T04:31:02.000Z,6.510,2,"",M,61.112,2,"",M,6.000,2,"",N,11.057,2,"",I,27.774,2,"",I,11.470,2,"",M,1019.790,2,"",M,357.286,2,"",M,NaN,,,0,NaN,,,M,348.743,2,"",347.416,2,"",NaN,,,NaN,,
2024-10-24T04:32:54.000Z,6.510,2,"",M,61.112,2,"",M,6.000,2,"",N,11.084,2,"",M,27.729,2,"",M,11.440,2,"",M,1019.690,2,"",M,356.666,2,"",M,NaN,,,0,NaN,,,M,348.961,2,"",347.633,2,"",NaN,,,NaN,,
2024-10-24T04:34:47.000Z,6.510,2,"",M,61.112,2,"",M,6.000,2,"",N,10.970,2,"",M,27.440,2,"",M,11.490,2,"",M,1019.640,2,"",M,355.076,2,"",M,NaN,,,0,NaN,,,M,344.966,2,"",343.654,2,"",NaN,,,NaN,,
2024-10-24T04:36:39.000Z,6.510,2,"",M,61.112,2,"",M,6.000,2,"",N,10.953,2,"",M,27.291,2,"",M,11.400,2,"",M,1019.580,2,"",M,354.746,2,"",M,NaN,,,0,NaN,,,M,345.725,2,"",344.409,2,"",NaN,,,NaN,,
2024-10-24T04:38:31.000Z,6.510,2,"",M,61.112,2,"",M,6.000,2,"",N,10.929,2,"",M,27.318,2,"",M,11.370,2,"",M,1019.470,2,"",M,353.285,2,"",M,NaN,,,0,NaN,,,M,344.356,2,"",343.045,2,"",NaN,,,NaN,,
2024-10-24T04:40:23.000Z,6.510,2,"",M,61.112,2,"",M,6.000,2,"",N,10.928,2,"",M,27.353,2,"",M,11.360,2,"",M,1019.395,2,"",M,351.725,2,"",M,NaN,,,0,NaN,,,M,342.943,2,"",341.638,2,"",NaN,,,NaN,,
2024-10-24T04:42:15.000Z,6.510,2,"",M,61.112,2,"",M,6.000,2,"",N,10.916,2,"",M,27.354,2,"",M,11.350,2,"",M,1019.260,2,"",M,351.065,2,"",M,NaN,,,0,NaN,,,M,342.230,2,"",340.927,2,"",NaN,,,NaN,,
2024-10-24T04:44:08.000Z,6.510,2,"",M,61.112,2,"",M,6.000,2,"",N,10.914,2,"",M,27.303,2,"",M,11.350,2,"",M,1019.710,2,"",M,350.715,2,"",M,NaN,,,0,NaN,,,M,342.008,2,"",340.705,2,"",NaN,,,NaN,,
2024-10-24T04:46:00.000Z,6.510,2,"",M,61.112,2,"",M,6.000,2,"",N,10.923,2,"",M,27.428,2,"",M,11.350,2,"",M,1019.730,2,"",M,350.355,2,"",M,NaN,,,0,NaN,,,M,341.800,2,"",340.498,2,"",NaN,,,NaN,,
2024-10-24T04:47:52.000Z,6.510,2,"",M,61.112,2,"",M,6.000,2,"",N,10.895,2,"",M,27.269,2,"",M,11.360,2,"",M,1019.680,2,"",M,350.646,2,"",M,NaN,,,0,NaN,,,M,341.511,2,"",340.210,2,"",NaN,,,NaN,,
2024-10-24T04:49:44.000Z,6.510,2,"",M,61.112,2,"",M,6.000,2,"",N,10.941,2,"",M,27.434,2,"",M,11.320,2,"",M,1019.660,2,"",M,350.636,2,"",M,NaN,,,0,NaN,,,M,342.743,2,"",341.437,2,"",NaN,,,NaN,,
2024-10-24T04:51:36.000Z,6.510,2,"",M,61.112,2,"",M,6.000,2,"",N,11.138,2,"",M,27.705,2,"",M,11.380,2,"",M,1019.720,2,"",M,350.516,2,"",M,NaN,,,0,NaN,,,M,344.619,2,"",343.307,2,"",NaN,,,NaN,,
2024-10-24T04:53:29.000Z,6.510,2,"",M,61.112,2,"",M,6.000,2,"",N,10.968,2,"",M,27.371,2,"",M,11.520,2,"",M,1019.630,2,"",M,351.908,2,"",M,NaN,,,0,NaN,,,M,341.414,2,"",340.116,2,"",NaN,,,NaN,,
2024-10-24T04:55:21.000Z,6.510,2,"",M,61.112,2,"",M,6.000,2,"",N,10.910,2,"",M,27.384,2,"",M,11.390,2,"",M,1019.540,2,"",M,353.639,2,"",M,NaN,,,0,NaN,,,M,344.148,2,"",342.838,2,"",NaN,,,NaN,,
2024-10-24T04:57:13.000Z,6.510,2,"",M,61.112,2,"",M,6.000,2,"",N,10.928,2,"",M,27.389,2,"",M,11.310,2,"",M,1019.660,2,"",M,352.189,2,"",M,NaN,,,0,NaN,,,M,344.224,2,"",342.912,2,"",NaN,,,NaN,,
2024-10-24T04:59:05.000Z,6.510,2,"",M,61.112,2,"",M,6.000,2,"",N,10.921,2,"",M,27.382,2,"",M,11.310,2,"",M,1019.640,2,"",M,351.118,2,"",M,NaN,,,0,NaN,,,M,343.072,2,"",341.765,2,"",NaN,,,NaN,,
2024-10-24T05:00:58.000Z,6.510,2,"",M,61.112,2,"",M,6.000,2,"",N,10.915,2,"",M,27.422,2,"",M,11.350,2,"",M,1019.630,2,"",M,350.689,2,"",M,NaN,,,0,NaN,,,M,341.974,2,"",340.672,2,"",NaN,,,NaN,,
2024-10-24T05:02:50.000Z,6.510,2,"",M,61.112,2,"",M,6.000,2,"",N,10.949,2,"",M,27.392,2,"",M,11.350,2,"",M,1019.510,2,"",M,351.099,2,"",M,NaN,,,0,NaN,,,M,342.822,2,"",341.517,2,"",NaN,,,NaN,,
2024-10-24T05:04:42.000Z,6.510,2,"",M,61.112,2,"",M,6.000,2,"",N,10.950,2,"",M,27.492,2,"",M,11.370,2,"",M,1019.380,2,"",M,351.550,2,"",M,NaN,,,0,NaN,,,M,342.937,2,"",341.631,2,"",NaN,,,NaN,,
2024-10-24T05:06:34.000Z,6.510,2,"",M,61.112,2,"",M,6.000,2,"",N,10.939,2,"",M,27.399,2,"",M,11.380,2,"",M,1019.330,2,"",M,351.850,2,"",M,NaN,,,0,NaN,,,M,342.903,2,"",341.598,2,"",NaN,,,NaN,,
2024-10-24T05:08:26.000Z,6.510,2,"",M,61.112,2,"",M,6.000,2,"",N,10.922,2,"",M,27.480,2,"",M,11.360,2,"",M,1019.210,2,"",M,352.121,2,"",M,NaN,,,0,NaN,,,M,343.183,2,"",341.876,2,"",NaN,,,NaN,,
2024-10-24T05:10:19.000Z,6.510,2,"",M,61.112,2,"",M,6.000,2,"",N,11.064,2,"",M,27.617,2,"",M,11.350,2,"",M,1019.110,2,"",M,352.051,2,"",M,NaN,,,0,NaN,,,M,345.296,2,"",343.982,2,"",NaN,,,NaN,,
2024-10-24T05:12:11.000Z,6.510,2,"",M,61.112,2,"",M,6.000,2,"",N,11.091,2,"",M,27.832,2,"",M,11.470,2,"",M,1019.040,2,"",M,352.552,2,"",M,NaN,,,0,NaN,,,M,344.365,2,"",343.056,2,"",NaN,,,NaN,,
2024-10-24T05:14:03.000Z,6.510,2,"",M,61.112,2,"",M,6.000,2,"",N,11.122,2,"",M,28.051,2,"",M,11.510,2,"",M,1019.430,2,"",M,355.324,2,"",M,NaN,,,0,NaN,,,M,347.069,2,"",345.750,2,"",NaN,,,NaN,,
2024-10-24T05:15:55.000Z,6.510,2,"",M,61.112,2,"",M,6.000,2,"",N,11.264,2,"",M,28.112,2,"",M,11.550,2,"",M,1019.440,2,"",M,358.326,2,"",M,NaN,,,0,NaN,,,M,351.496,2,"",350.161,2,"",NaN,,,NaN,,
2024-10-24T05:17:48.000Z,6.510,2,"",M,61.112,2,"",M,6.000,2,"",N,10.990,2,"",M,27.777,2,"",M,11.650,2,"",M,1019.520,2,"",M,360.407,2,"",M,NaN,,,0,NaN,,,M,347.988,2,"",346.667,2,"",NaN,,,NaN,,
2024-10-24T05:20:01.000Z,6.510,2,"",M,61.112,2,"",M,6.000,2,"",N,11.041,2,"",M,27.635,2,"",M,11.460,2,"",M,1019.480,2,"",M,360.708,2,"",M,NaN,,,0,NaN,,,M,351.887,2,"",350.549,2,"",NaN,,,NaN,,
2024-10-24T05:21:53.000Z,6.510,2,"",M,61.112,2,"",M,6.000,2,"",N,11.010,2,"",M,27.705,2,"",M,11.450,2,"",M,1019.380,2,"",M,358.037,2,"",M,NaN,,,0,NaN,,,M,348.940,2,"",347.613,2,"",NaN,,,NaN,,
2024-10-24T05:23:45.000Z,6.510,2,"",M,61.112,2,"",M,6.000,2,"",N,11.048,2,"",M,27.497,2,"",M,11.430,2,"",M,1019.300,2,"",M,356.596,2,"",M,NaN,,,0,NaN,,,M,348.376,2,"",347.051,2,"",NaN,,,NaN,,
2024-10-24T05:25:38.000Z,6.510,2,"",M,61.112,2,"",M,6.000,2,"",N,11.088,2,"",M,27.717,2,"",M,11.440,2,"",M,1019.410,2,"",M,355.566,2,"",M,NaN,,,0,NaN,,,M,347.840,2,"",346.517,2,"",NaN,,,NaN,,
2024-10-24T05:27:30.000Z,6.510,2,"",M,61.112,2,"",M,6.000,2,"",N,11.404,2,"",M,28.252,2,"",M,11.490,2,"",M,1019.260,2,"",M,355.257,2,"",M,NaN,,,0,NaN,,,M,351.404,2,"",350.068,2,"",NaN,,,NaN,,
2024-10-24T05:29:22.000Z,6.510,2,"",M,61.112,2,"",M,6.000,2,"",N,11.130,2,"",M,27.790,2,"",M,11.760,2,"",M,1019.250,2,"",M,357.918,2,"",M,NaN,,,0,NaN,,,M,345.893,2,"",344.583,2,"",NaN,,,NaN,,
2024-10-24T05:31:14.000Z,6.510,2,"",M,61.112,2,"",M,6.000,2,"",N,11.143,2,"",M,27.755,2,"",M,11.540,2,"",M,1019.190,2,"",M,362.531,2,"",M,NaN,,,0,NaN,,,M,353.877,2,"",352.533,2,"",NaN,,,NaN,,
2024-10-24T05:33:07.000Z,6.510,2,"",M,61.112,2,"",M,6.000,2,"",N,11.124,2,"",M,28.756,2,"",M,11.560,2,"",M,1019.210,2,"",M,360.650,2,"",M,NaN,,,0,NaN,,,M,351.456,2,"",350.122,2,"",NaN,,,NaN,,
2024-10-24T05:34:59.000Z,6.510,2,"",M,61.112,2,"",M,6.000,2,"",N,11.143,2,"",M,28.389,2,"",M,11.600,2,"",M,1019.170,2,"",M,362.071,2,"",M,NaN,,,0,NaN,,,M,352.507,2,"",351.169,2,"",NaN,,,NaN,,
2024-10-24T05:36:51.000Z,6.510,2,"",M,61.112,2,"",M,6.000,2,"",N,11.250,2,"",M,27.442,2,"",M,11.570,2,"",M,1019.150,2,"",M,363.713,2,"",M,NaN,,,0,NaN,,,M,356.160,2,"",354.808,2,"",NaN,,,NaN,,
2024-10-24T05:38:43.000Z,6.510,2,"",M,61.112,2,"",M,6.000,2,"",N,10.996,2,"",M,27.542,2,"",M,11.580,2,"",M,1019.050,2,"",M,360.531,2,"",M,NaN,,,0,NaN,,,M,349.083,2,"",347.759,2,"",NaN,,,NaN,,
2024-10-24T05:40:35.000Z,6.510,2,"",M,61.112,2,"",M,6.000,2,"",N,11.046,2,"",M,27.669,2,"",M,11.420,2,"",M,1019.080,2,"",M,358.631,2,"",M,NaN,,,0,NaN,,,M,350.409,2,"",349.076,2,"",NaN,,,NaN,,
2024-10-24T05:42:28.000Z,6.510,2,"",M,61.112,2,"",M,6.000,2,"",N,10.976,2,"",M,27.512,2,"",M,11.450,2,"",M,1019.060,2,"",M,356.660,2,"",M,NaN,,,0,NaN,,,M,346.993,2,"",345.674,2,"",NaN,,,NaN,,
2024-10-24T05:44:20.000Z,6.510,2,"",M,61.112,2,"",M,6.000,2,"",N,11.019,2,"",M,27.585,2,"",M,11.400,2,"",M,1019.430,2,"",M,355.380,2,"",M,NaN,,,0,NaN,,,M,347.256,2,"",345.934,2,"",NaN,,,NaN,,
2024-10-24T05:46:12.000Z,6.510,2,"",M,61.112,2,"",M,6.000,2,"",N,11.080,2,"",M,27.795,2,"",M,11.450,2,"",M,1019.360,2,"",M,354.650,2,"",M,NaN,,,0,NaN,,,M,346.662,2,"",345.344,2,"",NaN,,,NaN,,
2024-10-24T05:50:42.000Z,6.510,2,"",M,61.112,2,"",M,6.000,2,"",N,NaN,,,M,NaN,,,M,NaN,,,M,NaN,,,M,NaN,,,0,NaN,,,0,NaN,,,M,NaN,,,NaN,,,NaN,,,NaN,,
2024-10-24T05:52:31.000Z,6.510,2,"",M,61.112,2,"",M,6.000,2,"",N,NaN,,,M,NaN,,,M,NaN,,,M,NaN,,,M,NaN,,,0,NaN,,,0,NaN,,,M,NaN,,,NaN,,,NaN,,,NaN,,
2024-10-24T05:54:21.000Z,6.510,2,"",M,61.112,2,"",M,6.000,2,"",N,NaN,,,M,NaN,,,M,NaN,,,M,NaN,,,M,NaN,,,0,NaN,,,0,NaN,,,M,NaN,,,NaN,,,NaN,,,NaN,,
2024-10-24T05:58:51.000Z,6.510,2,"",M,61.112,2,"",M,6.000,2,"",N,NaN,,,M,NaN,,,M,NaN,,,M,NaN,,,M,NaN,,,0,NaN,,,0,NaN,,,M,NaN,,,NaN,,,NaN,,,NaN,,
2024-10-24T06:00:41.000Z,6.510,2,"",M,61.112,2,"",M,6.000,2,"",N,NaN,,,M,NaN,,,M,NaN,,,M,NaN,,,M,NaN,,,0,NaN,,,0,NaN,,,M,NaN,,,NaN,,,NaN,,,NaN,,
2024-10-24T06:02:31.000Z,6.510,2,"",M,61.112,2,"",M,6.000,2,"",N,NaN,,,M,NaN,,,M,NaN,,,M,NaN,,,M,NaN,,,0,NaN,,,0,NaN,,,M,NaN,,,NaN,,,NaN,,,NaN,,
2024-10-24T06:07:00.000Z,6.510,2,"",M,61.112,2,"",M,6.000,2,"",N,NaN,,,M,NaN,,,M,NaN,,,M,NaN,,,M,NaN,,,0,NaN,,,0,NaN,,,M,NaN,,,NaN,,,NaN,,,NaN,,
2024-10-24T06:08:50.000Z,6.510,2,"",M,61.112,2,"",M,6.000,2,"",N,NaN,,,M,NaN,,,M,NaN,,,M,NaN,,,M,NaN,,,0,NaN,,,0,NaN,,,M,NaN,,,NaN,,,NaN,,,NaN,,
2024-10-24T06:10:40.000Z,6.510,2,"",M,61.112,2,"",M,6.000,2,"",N,NaN,,,M,NaN,,,M,NaN,,,M,NaN,,,M,NaN,,,0,NaN,,,0,NaN,,,M,NaN,,,NaN,,,NaN,,,NaN,,
2024-10-24T06:15:10.000Z,6.510,2,"",M,61.112,2,"",M,6.000,2,"",N,10.905,2,"",M,27.239,2,"",M,NaN,,,M,NaN,,,M,NaN,,,0,425.874,2,"",M,1019.000,2,"",M,NaN,,,NaN,,,423.925,2,"",422.298,2,""
2024-10-24T06:16:59.000Z,6.510,2,"",M,61.112,2,"",M,6.000,2,"",N,11.000,2,"",M,27.546,2,"",M,NaN,,,M,NaN,,,M,NaN,,,0,425.444,2,"",M,1019.000,2,"",M,NaN,,,NaN,,,423.463,2,"",421.840,2,""
2024-10-24T06:18:49.000Z,6.510,2,"",M,61.112,2,"",M,6.000,2,"",N,10.922,2,"",M,27.324,2,"",M,NaN,,,M,NaN,,,M,NaN,,,0,425.164,2,"",M,1019.000,2,"",M,NaN,,,NaN,,,423.212,2,"",421.588,2,""
2024-10-24T06:21:00.000Z,6.510,2,"",M,61.112,2,"",M,6.000,2,"",N,10.935,2,"",M,27.433,2,"",M,NaN,,,M,NaN,,,M,NaN,,,0,425.133,2,"",M,1019.000,2,"",M,NaN,,,NaN,,,423.177,2,"",421.554,2,""
2024-10-24T06:22:50.000Z,6.510,2,"",M,61.112,2,"",M,6.000,2,"",N,10.947,2,"",M,27.430,2,"",M,NaN,,,M,NaN,,,M,NaN,,,0,425.143,2,"",M,1019.000,2,"",M,NaN,,,NaN,,,423.183,2,"",421.559,2,""
2024-10-24T06:28:00.000Z,6.510,2,"",M,61.112,2,"",M,6.000,2,"",N,11.168,2,"",M,27.915,2,"",M,11.530,2,"",M,1019.480,2,"",M,357.889,2,"",M,NaN,,,0,NaN,,,M,349.958,2,"",348.628,2,"",NaN,,,NaN,,
2024-10-24T06:29:52.000Z,6.510,2,"",M,61.112,2,"",M,6.000,2,"",N,10.989,2,"",M,27.437,2,"",M,11.570,2,"",M,1019.500,2,"",M,358.950,2,"",M,NaN,,,0,NaN,,,M,347.762,2,"",346.441,2,"",NaN,,,NaN,,
2024-10-24T06:31:45.000Z,6.510,2,"",M,61.112,2,"",M,6.000,2,"",N,11.012,2,"",M,27.605,2,"",M,11.420,2,"",M,1019.600,2,"",M,358.399,2,"",M,NaN,,,0,NaN,,,M,349.855,2,"",348.524,2,"",NaN,,,NaN,,
2024-10-24T06:33:37.000Z,6.510,2,"",M,61.112,2,"",M,6.000,2,"",N,11.008,2,"",M,27.631,2,"",M,11.430,2,"",M,1019.610,2,"",M,355.607,2,"",M,NaN,,,0,NaN,,,M,346.927,2,"",345.607,2,"",NaN,,,NaN,,
2024-10-24T06:35:29.000Z,6.510,2,"",M,61.112,2,"",M,6.000,2,"",N,10.914,2,"",M,27.429,2,"",M,11.430,2,"",M,1019.610,2,"",M,354.927,2,"",M,NaN,,,0,NaN,,,M,344.883,2,"",343.571,2,"",NaN,,,NaN,,
2024-10-24T06:37:21.000Z,6.510,2,"",M,61.112,2,"",M,6.000,2,"",N,10.901,2,"",M,27.455,2,"",M,11.350,2,"",M,1019.550,2,"",M,354.156,2,"",M,NaN,,,0,NaN,,,M,345.116,2,"",343.802,2,"",NaN,,,NaN,,
2024-10-24T06:39:13.000Z,6.510,2,"",M,61.112,2,"",M,6.000,2,"",N,10.923,2,"",M,27.483,2,"",M,11.330,2,"",M,1019.510,2,"",M,352.805,2,"",M,NaN,,,0,NaN,,,M,344.401,2,"",343.089,2,"",NaN,,,NaN,,
2024-10-24T06:41:06.000Z,6.510,2,"",M,61.112,2,"",M,6.000,2,"",N,10.941,2,"",M,27.484,2,"",M,11.340,2,"",M,1019.500,2,"",M,352.264,2,"",M,NaN,,,0,NaN,,,M,343.989,2,"",342.679,2,"",NaN,,,NaN,,
2024-10-24T06:42:58.000Z,6.510,2,"",M,61.112,2,"",M,6.000,2,"",N,11.053,2,"",M,27.606,2,"",M,11.360,2,"",M,1019.450,2,"",M,352.104,2,"",M,NaN,,,0,NaN,,,M,345.151,2,"",343.837,2,"",NaN,,,NaN,,
2024-10-24T06:44:50.000Z,6.510,2,"",M,61.112,2,"",M,6.000,2,"",N,11.086,2,"",M,27.848,2,"",M,11.460,2,"",M,1019.420,2,"",M,352.704,2,"",M,NaN,,,0,NaN,,,M,344.726,2,"",343.415,2,"",NaN,,,NaN,,
2024-10-24T06:46:42.000Z,6.510,2,"",M,61.112,2,"",M,6.000,2,"",N,10.947,2,"",M,27.537,2,"",M,11.500,2,"",M,1019.360,2,"",M,355.295,2,"",M,NaN,,,0,NaN,,,M,344.602,2,"",343.293,2,"",NaN,,,NaN,,
2024-10-24T06:48:35.000Z,6.510,2,"",M,61.112,2,"",M,6.000,2,"",N,10.925,2,"",M,27.461,2,"",M,11.400,2,"",M,1019.320,2,"",M,356.265,2,"",M,NaN,,,0,NaN,,,M,346.702,2,"",345.383,2,"",NaN,,,NaN,,
2024-10-24T06:50:27.000Z,6.510,2,"",M,61.112,2,"",M,6.000,2,"",N,10.918,2,"",M,27.491,2,"",M,11.360,2,"",M,1019.320,2,"",M,354.233,2,"",M,NaN,,,0,NaN,,,M,345.209,2,"",343.895,2,"",NaN,,,NaN,,
2024-10-24T06:52:19.000Z,6.510,2,"",M,61.112,2,"",M,6.000,2,"",N,10.926,2,"",M,27.527,2,"",M,11.350,2,"",M,1019.200,2,"",M,352.802,2,"",M,NaN,,,0,NaN,,,M,344.047,2,"",342.737,2,"",NaN,,,NaN,,
2024-10-24T06:54:11.000Z,6.510,2,"",M,61.112,2,"",M,6.000,2,"",N,10.926,2,"",M,27.539,2,"",M,11.350,2,"",M,1019.640,2,"",M,352.512,2,"",M,NaN,,,0,NaN,,,M,343.905,2,"",342.595,2,"",NaN,,,NaN,,
2024-10-24T06:56:04.000Z,6.510,2,"",M,61.112,2,"",M,6.000,2,"",N,10.926,2,"",M,27.537,2,"",M,11.350,2,"",M,1019.520,2,"",M,352.701,2,"",M,NaN,,,0,NaN,,,M,344.059,2,"",342.749,2,"",NaN,,,NaN,,
2024-10-24T06:57:56.000Z,6.510,2,"",M,61.112,2,"",M,6.000,2,"",N,10.929,2,"",M,27.528,2,"",M,11.350,2,"",M,1019.560,2,"",M,353.051,2,"",M,NaN,,,0,NaN,,,M,344.449,2,"",343.138,2,"",NaN,,,NaN,,
2024-10-24T06:59:48.000Z,6.510,2,"",M,61.112,2,"",M,6.000,2,"",N,11.019,2,"",M,27.551,2,"",M,11.350,2,"",M,1019.525,2,"",M,352.681,2,"",M,NaN,,,0,NaN,,,M,345.390,2,"",344.074,2,"",NaN,,,NaN,,
2024-10-24T07:01:40.000Z,6.510,2,"",M,61.112,2,"",M,6.000,2,"",N,11.087,2,"",M,27.684,2,"",M,11.420,2,"",M,1019.590,2,"",M,352.810,2,"",M,NaN,,,0,NaN,,,M,345.490,2,"",344.176,2,"",NaN,,,NaN,,
2024-10-24T07:03:33.000Z,6.510,2,"",M,61.112,2,"",M,6.000,2,"",N,10.972,2,"",M,27.459,2,"",M,11.510,2,"",M,1019.580,2,"",M,353.891,2,"",M,NaN,,,0,NaN,,,M,343.534,2,"",342.228,2,"",NaN,,,NaN,,
2024-10-24T07:05:25.000Z,6.510,2,"",M,61.112,2,"",M,6.000,2,"",N,10.959,2,"",M,27.484,2,"",M,11.390,2,"",M,1019.620,2,"",M,355.681,2,"",M,NaN,,,0,NaN,,,M,346.876,2,"",345.555,2,"",NaN,,,NaN,,
2024-10-24T07:07:17.000Z,6.510,2,"",M,61.113,2,"",M,6.000,2,"",N,10.936,2,"",M,27.498,2,"",M,11.380,2,"",M,1019.620,2,"",M,354.360,2,"",M,NaN,,,0,NaN,,,M,345.400,2,"",344.085,2,"",NaN,,,NaN,,
2024-10-24T07:09:09.000Z,6.510,2,"",M,61.113,2,"",M,6.000,2,"",N,10.964,2,"",M,27.517,2,"",M,11.360,2,"",M,1019.550,2,"",M,353.049,2,"",M,NaN,,,0,NaN,,,M,344.816,2,"",343.503,2,"",NaN,,,NaN,,
2024-10-24T07:11:01.000Z,6.511,2,"",M,61.113,2,"",M,6.000,2,"",N,10.666,2,"",M,27.459,2,"",M,11.370,2,"",M,1019.520,2,"",M,352.839,2,"",M,NaN,,,0,NaN,,,M,340.137,2,"",338.842,2,"",NaN,,,NaN,,
2024-10-24T07:12:54.000Z,6.512,2,"",M,61.113,2,"",M,6.000,2,"",N,10.929,2,"",M,27.382,2,"",M,11.140,2,"",M,1019.500,2,"",M,351.668,2,"",M,NaN,,,0,NaN,,,M,346.212,2,"",344.890,2,"",NaN,,,NaN,,
2024-10-24T07:14:46.000Z,6.515,2,"",M,61.113,2,"",M,6.000,2,"",N,10.921,2,"",M,27.444,2,"",M,11.340,2,"",M,1019.430,2,"",M,345.954,2,"",M,NaN,,,0,NaN,,,M,337.513,2,"",336.227,2,"",NaN,,,NaN,,
2024-10-24T07:16:38.000Z,6.520,2,"",M,61.114,2,"",M,6.000,2,"",N,10.914,2,"",M,27.398,2,"",M,11.300,2,"",M,1019.405,2,"",M,347.885,2,"",M,NaN,,,0,NaN,,,M,339.884,2,"",338.589,2,"",NaN,,,NaN,,
2024-10-24T07:18:31.000Z,6.524,2,"",M,61.114,2,"",M,6.000,2,"",N,10.910,2,"",M,27.412,2,"",M,11.340,2,"",M,1019.380,2,"",M,350.196,2,"",M,NaN,,,0,NaN,,,M,341.484,2,"",340.183,2,"",NaN,,,NaN,,
2024-10-24T07:20:44.000Z,6.529,2,"",M,61.114,2,"",M,6.000,2,"",N,10.821,2,"",M,27.347,2,"",M,11.320,2,"",M,1019.360,2,"",M,350.655,2,"",M,NaN,,,0,NaN,,,M,340.933,2,"",339.634,2,"",NaN,,,NaN,,
2024-10-24T07:22:36.000Z,6.528,2,"",M,61.115,2,"",M,6.000,2,"",N,10.390,2,"",M,24.377,2,"",M,11.270,2,"",M,1019.710,2,"",M,349.985,2,"",M,NaN,,,0,NaN,,,M,334.964,2,"",333.687,2,"",NaN,,,NaN,,
2024-10-24T07:24:28.000Z,6.519,2,"",M,61.114,2,"",M,6.000,2,"",N,10.895,2,"",M,27.349,2,"",M,10.830,2,"",M,1019.770,2,"",M,342.290,2,"",M,NaN,,,0,NaN,,,M,341.111,2,"",339.802,2,"",NaN,,,NaN,,
2024-10-24T07:26:21.000Z,6.508,2,"",M,61.113,2,"",M,6.000,2,"",N,10.908,2,"",M,27.409,2,"",M,11.310,2,"",M,1019.870,2,"",M,334.585,2,"",M,NaN,,,0,NaN,,,M,326.807,2,"",325.561,2,"",NaN,,,NaN,,
2024-10-24T07:28:13.000Z,6.498,2,"",M,61.113,2,"",M,6.000,2,"",N,10.334,2,"",M,26.325,2,"",M,11.330,2,"",M,1019.930,2,"",M,344.360,2,"",M,NaN,,,0,NaN,,,M,328.019,2,"",326.769,2,"",NaN,,,NaN,,
2024-10-24T07:30:05.000Z,6.498,2,"",M,61.111,2,"",M,6.000,2,"",N,10.733,2,"",M,26.427,2,"",M,10.910,2,"",M,1019.940,2,"",M,345.781,2,"",M,NaN,,,0,NaN,,,M,341.114,2,"",339.807,2,"",NaN,,,NaN,,
2024-10-24T07:31:57.000Z,6.501,2,"",M,61.111,2,"",M,6.000,2,"",N,10.899,2,"",M,27.245,2,"",M,11.130,2,"",M,1020.000,2,"",M,334.513,2,"",M,NaN,,,0,NaN,,,M,329.210,2,"",327.952,2,"",NaN,,,NaN,,
2024-10-24T07:33:49.000Z,6.505,2,"",M,61.112,2,"",M,6.000,2,"",N,10.893,2,"",M,27.126,2,"",M,11.300,2,"",M,1020.000,2,"",M,335.974,2,"",M,NaN,,,0,NaN,,,M,328.149,2,"",326.898,2,"",NaN,,,NaN,,
2024-10-24T07:35:41.000Z,6.508,2,"",M,61.113,2,"",M,6.000,2,"",N,10.993,2,"",M,27.424,2,"",M,11.340,2,"",M,1020.050,2,"",M,343.608,2,"",M,NaN,,,0,NaN,,,M,336.457,2,"",335.175,2,"",NaN,,,NaN,,
2024-10-24T07:37:33.000Z,6.510,2,"",M,61.113,2,"",M,6.000,2,"",N,10.991,2,"",M,26.766,2,"",M,11.400,2,"",M,1020.000,2,"",M,347.500,2,"",M,NaN,,,0,NaN,,,M,339.338,2,"",338.046,2,"",NaN,,,NaN,,
2024-10-24T07:39:25.000Z,6.511,2,"",M,61.113,2,"",M,6.000,2,"",N,10.877,2,"",M,26.767,2,"",M,11.340,2,"",M,1020.020,2,"",M,346.809,2,"",M,NaN,,,0,NaN,,,M,337.914,2,"",336.626,2,"",NaN,,,NaN,,
2024-10-24T07:41:18.000Z,6.510,2,"",M,61.113,2,"",M,6.000,2,"",N,10.999,2,"",M,27.556,2,"",M,11.280,2,"",M,1019.880,2,"",M,344.818,2,"",M,NaN,,,0,NaN,,,M,338.549,2,"",337.258,2,"",NaN,,,NaN,,
2024-10-24T07:43:10.000Z,6.510,2,"",M,61.113,2,"",M,6.000,2,"",N,10.946,2,"",M,27.470,2,"",M,11.410,2,"",M,1019.890,2,"",M,346.548,2,"",M,NaN,,,0,NaN,,,M,337.592,2,"",336.307,2,"",NaN,,,NaN,,
2024-10-24T07:45:02.000Z,6.510,2,"",M,61.113,2,"",M,6.000,2,"",N,10.960,2,"",M,27.376,2,"",M,11.350,2,"",M,1020.085,2,"",M,351.071,2,"",M,NaN,,,0,NaN,,,M,343.143,2,"",341.836,2,"",NaN,,,NaN,,
2024-10-24T07:46:54.000Z,6.510,2,"",M,61.113,2,"",M,6.000,2,"",N,10.979,2,"",M,27.602,2,"",M,11.360,2,"",M,1020.210,2,"",M,351.021,2,"",M,NaN,,,0,NaN,,,M,343.274,2,"",341.966,2,"",NaN,,,NaN,,
2024-10-24T07:48:46.000Z,6.509,2,"",M,61.114,2,"",M,6.000,2,"",N,11.192,2,"",M,27.410,2,"",M,11.400,2,"",M,1020.460,2,"",M,351.210,2,"",M,NaN,,,0,NaN,,,M,346.050,2,"",344.732,2,"",NaN,,,NaN,,
2024-10-24T07:50:39.000Z,6.509,2,"",M,61.114,2,"",M,6.000,2,"",N,11.005,2,"",M,27.907,2,"",M,11.540,2,"",M,1020.280,2,"",M,352.441,2,"",M,NaN,,,0,NaN,,,M,342.399,2,"",341.098,2,"",NaN,,,NaN,,
2024-10-24T07:52:31.000Z,6.509,2,"",M,61.114,2,"",M,6.000,2,"",N,11.021,2,"",M,27.483,2,"",M,11.480,2,"",M,1020.210,2,"",M,357.273,2,"",M,NaN,,,0,NaN,,,M,348.198,2,"",346.874,2,"",NaN,,,NaN,,
2024-10-24T07:54:23.000Z,6.509,2,"",M,61.114,2,"",M,6.000,2,"",N,11.442,2,"",M,28.292,2,"",M,11.450,2,"",M,1020.295,2,"",M,357.243,2,"",M,NaN,,,0,NaN,,,M,354.917,2,"",353.566,2,"",NaN,,,NaN,,
2024-10-24T07:56:15.000Z,6.509,2,"",M,61.114,2,"",M,6.000,2,"",N,10.939,2,"",M,27.361,2,"",M,11.770,2,"",M,1020.390,2,"",M,356.502,2,"",M,NaN,,,0,NaN,,,M,341.989,2,"",340.692,2,"",NaN,,,NaN,,
2024-10-24T07:58:08.000Z,6.509,2,"",M,61.114,2,"",M,6.000,2,"",N,11.127,2,"",M,27.725,2,"",M,11.410,2,"",M,1020.580,2,"",M,358.984,2,"",M,NaN,,,0,NaN,,,M,352.635,2,"",351.292,2,"",NaN,,,NaN,,
2024-10-24T08:00:00.000Z,6.509,2,"",M,61.114,2,"",M,6.000,2,"",N,11.073,2,"",M,27.654,2,"",M,11.540,2,"",M,1020.320,2,"",M,354.340,2,"",M,NaN,,,0,NaN,,,M,345.236,2,"",343.924,2,"",NaN,,,NaN,,
2024-10-24T08:01:52.000Z,6.509,2,"",M,61.114,2,"",M,6.000,2,"",N,11.099,2,"",M,27.796,2,"",M,11.490,2,"",M,1020.420,2,"",M,355.881,2,"",M,NaN,,,0,NaN,,,M,347.917,2,"",346.593,2,"",NaN,,,NaN,,
2024-10-24T08:03:44.000Z,6.509,2,"",M,61.114,2,"",M,6.000,2,"",N,11.151,2,"",M,28.117,2,"",M,11.510,2,"",M,1020.350,2,"",M,356.611,2,"",M,NaN,,,0,NaN,,,M,349.069,2,"",347.741,2,"",NaN,,,NaN,,
2024-10-24T08:05:36.000Z,6.509,2,"",M,61.114,2,"",M,6.000,2,"",N,11.124,2,"",M,27.781,2,"",M,11.590,2,"",M,1020.360,2,"",M,358.432,2,"",M,NaN,,,0,NaN,,,M,349.247,2,"",347.920,2,"",NaN,,,NaN,,
2024-10-24T08:07:28.000Z,6.509,2,"",M,61.114,2,"",M,6.000,2,"",N,11.078,2,"",M,27.764,2,"",M,11.540,2,"",M,1020.200,2,"",M,359.562,2,"",M,NaN,,,0,NaN,,,M,350.368,2,"",349.036,2,"",NaN,,,NaN,,
2024-10-24T08:09:20.000Z,6.509,2,"",M,61.114,2,"",M,6.000,2,"",N,10.995,2,"",M,27.664,2,"",M,11.500,2,"",M,1020.280,2,"",M,358.971,2,"",M,NaN,,,0,NaN,,,M,349.193,2,"",347.865,2,"",NaN,,,NaN,,
2024-10-24T08:11:13.000Z,6.509,2,"",M,61.114,2,"",M,6.000,2,"",N,11.054,2,"",M,27.689,2,"",M,11.420,2,"",M,1020.270,2,"",M,357.560,2,"",M,NaN,,,0,NaN,,,M,349.889,2,"",348.557,2,"",NaN,,,NaN,,
2024-10-24T08:13:05.000Z,6.509,2,"",M,61.114,2,"",M,6.000,2,"",N,11.037,2,"",M,27.621,2,"",M,11.470,2,"",M,1020.250,2,"",M,355.598,2,"",M,NaN,,,0,NaN,,,M,346.960,2,"",345.640,2,"",NaN,,,NaN,,
2024-10-24T08:14:57.000Z,6.509,2,"",M,61.114,2,"",M,6.000,2,"",N,11.037,2,"",M,27.639,2,"",M,11.450,2,"",M,1020.160,2,"",M,355.068,2,"",M,NaN,,,0,NaN,,,M,346.718,2,"",345.399,2,"",NaN,,,NaN,,
2024-10-24T08:16:49.000Z,6.509,2,"",M,61.114,2,"",M,6.000,2,"",N,10.998,2,"",M,27.578,2,"",M,11.450,2,"",M,1020.140,2,"",M,354.707,2,"",M,NaN,,,0,NaN,,,M,345.780,2,"",344.464,2,"",NaN,,,NaN,,
2024-10-24T08:18:42.000Z,6.509,2,"",M,61.114,2,"",M,6.000,2,"",N,11.036,2,"",M,27.777,2,"",M,11.430,2,"",M,1020.450,2,"",M,354.677,2,"",M,NaN,,,0,NaN,,,M,346.718,2,"",345.398,2,"",NaN,,,NaN,,
2024-10-24T08:20:55.000Z,6.509,2,"",M,61.114,2,"",M,6.000,2,"",N,11.004,2,"",M,27.700,2,"",M,11.480,2,"",M,1020.379,2,"",M,354.927,2,"",M,NaN,,,0,NaN,,,M,345.722,2,"",344.406,2,"",NaN,,,NaN,,
2024-10-24T08:22:47.000Z,6.509,2,"",M,61.114,2,"",M,6.000,2,"",N,11.071,2,"",M,27.676,2,"",M,11.440,2,"",M,1020.400,2,"",M,355.727,2,"",M,NaN,,,0,NaN,,,M,348.099,2,"",346.774,2,"",NaN,,,NaN,,
2024-10-24T08:24:39.000Z,6.509,2,"",M,61.114,2,"",M,6.000,2,"",N,11.094,2,"",M,27.804,2,"",M,11.480,2,"",M,1020.420,2,"",M,355.556,2,"",M,NaN,,,0,NaN,,,M,347.669,2,"",346.346,2,"",NaN,,,NaN,,
2024-10-24T08:26:32.000Z,6.509,2,"",M,61.114,2,"",M,6.000,2,"",N,11.100,2,"",M,27.831,2,"",M,11.510,2,"",M,1020.450,2,"",M,356.196,2,"",M,NaN,,,0,NaN,,,M,347.947,2,"",346.623,2,"",NaN,,,NaN,,
2024-10-24T08:28:24.000Z,6.509,2,"",M,61.114,2,"",M,6.000,2,"",N,11.098,2,"",M,27.842,2,"",M,11.520,2,"",M,1020.380,2,"",M,356.997,2,"",M,NaN,,,0,NaN,,,M,348.527,2,"",347.201,2,"",NaN,,,NaN,,
2024-10-24T08:30:16.000Z,6.509,2,"",M,61.114,2,"",M,6.000,2,"",N,11.024,2,"",M,27.769,2,"",M,11.500,2,"",M,1020.320,2,"",M,357.587,2,"",M,NaN,,,0,NaN,,,M,348.287,2,"",346.962,2,"",NaN,,,NaN,,
2024-10-24T08:32:08.000Z,6.509,2,"",M,61.114,2,"",M,6.000,2,"",N,11.064,2,"",M,27.799,2,"",M,11.460,2,"",M,1020.390,2,"",M,357.066,2,"",M,NaN,,,0,NaN,,,M,348.998,2,"",347.670,2,"",NaN,,,NaN,,
2024-10-24T08:34:01.000Z,6.509,2,"",M,61.114,2,"",M,6.000,2,"",N,11.054,2,"",M,27.655,2,"",M,11.490,2,"",M,1020.540,2,"",M,356.725,2,"",M,NaN,,,0,NaN,,,M,348.111,2,"",346.786,2,"",NaN,,,NaN,,
2024-10-24T08:35:53.000Z,6.509,2,"",M,61.114,2,"",M,6.000,2,"",N,10.990,2,"",M,27.711,2,"",M,11.470,2,"",M,1020.600,2,"",M,356.185,2,"",M,NaN,,,0,NaN,,,M,346.966,2,"",345.646,2,"",NaN,,,NaN,,
2024-10-24T08:37:45.000Z,6.509,2,"",M,61.114,2,"",M,6.000,2,"",N,11.030,2,"",M,27.635,2,"",M,11.440,2,"",M,1020.660,2,"",M,355.964,2,"",M,NaN,,,0,NaN,,,M,347.809,2,"",346.485,2,"",NaN,,,NaN,,
2024-10-24T08:39:37.000Z,6.509,2,"",M,61.114,2,"",M,6.000,2,"",N,11.066,2,"",M,27.744,2,"",M,11.450,2,"",M,1020.825,2,"",M,355.523,2,"",M,NaN,,,0,NaN,,,M,347.824,2,"",346.499,2,"",NaN,,,NaN,,
2024-10-24T08:41:29.000Z,6.509,2,"",M,61.114,2,"",M,6.000,2,"",N,11.066,2,"",M,27.763,2,"",M,11.480,2,"",M,1020.930,2,"",M,355.173,2,"",M,NaN,,,0,NaN,,,M,347.057,2,"",345.736,2,"",NaN,,,NaN,,
2024-10-24T08:43:22.000Z,6.509,2,"",M,61.114,2,"",M,6.000,2,"",N,11.086,2,"",M,27.775,2,"",M,11.490,2,"",M,1020.820,2,"",M,355.633,2,"",M,NaN,,,0,NaN,,,M,347.614,2,"",346.291,2,"",NaN,,,NaN,,
2024-10-24T08:45:14.000Z,6.509,2,"",M,61.114,2,"",M,6.000,2,"",N,11.101,2,"",M,27.821,2,"",M,11.510,2,"",M,1020.690,2,"",M,355.973,2,"",M,NaN,,,0,NaN,,,M,347.822,2,"",346.498,2,"",NaN,,,NaN,,
2024-10-24T08:47:06.000Z,6.509,2,"",M,61.114,2,"",M,6.000,2,"",N,11.084,2,"",M,27.747,2,"",M,11.510,2,"",M,1020.720,2,"",M,356.813,2,"",M,NaN,,,0,NaN,,,M,348.405,2,"",347.080,2,"",NaN,,,NaN,,
2024-10-24T08:48:58.000Z,6.509,2,"",M,61.114,2,"",M,6.000,2,"",N,11.127,2,"",M,27.869,2,"",M,11.500,2,"",M,1021.110,2,"",M,356.803,2,"",M,NaN,,,0,NaN,,,M,349.308,2,"",347.978,2,"",NaN,,,NaN,,
2024-10-24T08:50:51.000Z,6.509,2,"",M,61.114,2,"",M,6.000,2,"",N,11.166,2,"",M,27.945,2,"",M,11.550,2,"",M,1020.950,2,"",M,357.022,2,"",M,NaN,,,0,NaN,,,M,349.302,2,"",347.974,2,"",NaN,,,NaN,,
2024-10-24T08:52:43.000Z,6.509,2,"",M,61.114,2,"",M,6.000,2,"",N,11.135,2,"",M,27.939,2,"",M,11.580,2,"",M,1021.170,2,"",M,358.053,2,"",M,NaN,,,0,NaN,,,M,349.469,2,"",348.140,2,"",NaN,,,NaN,,
2024-10-24T08:54:35.000Z,6.509,2,"",M,61.114,2,"",M,6.000,2,"",N,11.127,2,"",M,27.935,2,"",M,11.560,2,"",M,1021.200,2,"",M,359.564,2,"",M,NaN,,,0,NaN,,,M,351.136,2,"",349.800,2,"",NaN,,,NaN,,
2024-10-24T08:56:27.000Z,6.509,2,"",M,61.114,2,"",M,6.000,2,"",N,11.114,2,"",M,27.861,2,"",M,11.550,2,"",M,1021.210,2,"",M,359.553,2,"",M,NaN,,,0,NaN,,,M,351.092,2,"",349.756,2,"",NaN,,,NaN,,
2024-10-24T08:58:20.000Z,6.509,2,"",M,61.114,2,"",M,6.000,2,"",N,11.135,2,"",M,27.904,2,"",M,11.540,2,"",M,1021.060,2,"",M,359.303,2,"",M,NaN,,,0,NaN,,,M,351.259,2,"",349.922,2,"",NaN,,,NaN,,
2024-10-24T09:00:12.000Z,6.509,2,"",M,61.114,2,"",M,6.000,2,"",N,11.149,2,"",M,27.933,2,"",M,11.550,2,"",M,1021.120,2,"",M,358.762,2,"",M,NaN,,,0,NaN,,,M,350.803,2,"",349.469,2,"",NaN,,,NaN,,
2024-10-24T09:02:04.000Z,6.509,2,"",M,61.114,2,"",M,6.000,2,"",N,11.154,2,"",M,27.932,2,"",M,11.570,2,"",M,1021.070,2,"",M,359.292,2,"",M,NaN,,,0,NaN,,,M,351.082,2,"",349.747,2,"",NaN,,,NaN,,
2024-10-24T09:03:56.000Z,6.509,2,"",M,61.114,2,"",M,6.000,2,"",N,11.254,2,"",M,28.332,2,"",M,11.570,2,"",M,1021.090,2,"",M,359.472,2,"",M,NaN,,,0,NaN,,,M,352.750,2,"",351.409,2,"",NaN,,,NaN,,
2024-10-24T09:05:48.000Z,6.509,2,"",M,61.114,2,"",M,6.000,2,"",N,11.200,2,"",M,28.005,2,"",M,11.680,2,"",M,1021.040,2,"",M,361.143,2,"",M,NaN,,,0,NaN,,,M,351.888,2,"",350.552,2,"",NaN,,,NaN,,
2024-10-24T09:07:41.000Z,6.509,2,"",M,61.114,2,"",M,6.000,2,"",N,11.170,2,"",M,28.065,2,"",M,11.600,2,"",M,1020.980,2,"",M,363.134,2,"",M,NaN,,,0,NaN,,,M,354.578,2,"",353.230,2,"",NaN,,,NaN,,
2024-10-24T09:09:33.000Z,6.509,2,"",M,61.114,2,"",M,6.000,2,"",N,11.121,2,"",M,27.893,2,"",M,11.590,2,"",M,1020.920,2,"",M,362.143,2,"",M,NaN,,,0,NaN,,,M,353.010,2,"",351.668,2,"",NaN,,,NaN,,
2024-10-24T09:11:25.000Z,6.509,2,"",M,61.114,2,"",M,6.000,2,"",N,11.137,2,"",M,27.862,2,"",M,11.550,2,"",M,1021.120,2,"",M,361.412,2,"",M,NaN,,,0,NaN,,,M,353.214,2,"",351.870,2,"",NaN,,,NaN,,
2024-10-24T09:13:17.000Z,6.509,2,"",M,61.114,2,"",M,6.000,2,"",N,11.140,2,"",M,27.815,2,"",M,11.560,2,"",M,1021.190,2,"",M,359.941,2,"",M,NaN,,,0,NaN,,,M,351.690,2,"",350.353,2,"",NaN,,,NaN,,
2024-10-24T09:15:10.000Z,6.509,2,"",M,61.114,2,"",M,6.000,2,"",N,11.125,2,"",M,27.828,2,"",M,11.550,2,"",M,1021.230,2,"",M,358.959,2,"",M,NaN,,,0,NaN,,,M,350.672,2,"",349.338,2,"",NaN,,,NaN,,
2024-10-24T09:17:02.000Z,6.509,2,"",M,61.114,2,"",M,6.000,2,"",N,11.132,2,"",M,27.842,2,"",M,11.530,2,"",M,1021.260,2,"",M,358.439,2,"",M,NaN,,,0,NaN,,,M,350.590,2,"",349.256,2,"",NaN,,,NaN,,
2024-10-24T09:18:54.000Z,6.509,2,"",M,61.114,2,"",M,6.000,2,"",N,11.125,2,"",M,27.843,2,"",M,11.550,2,"",M,1021.270,2,"",M,357.948,2,"",M,NaN,,,0,NaN,,,M,349.703,2,"",348.373,2,"",NaN,,,NaN,,
2024-10-24T09:21:07.000Z,6.509,2,"",M,61.114,2,"",M,6.000,2,"",N,11.144,2,"",M,27.930,2,"",M,11.550,2,"",M,1021.310,2,"",M,358.158,2,"",M,NaN,,,0,NaN,,,M,350.206,2,"",348.873,2,"",NaN,,,NaN,,
2024-10-24T09:23:00.000Z,6.509,2,"",M,61.114,2,"",M,6.000,2,"",N,11.130,2,"",M,27.886,2,"",M,11.570,2,"",M,1021.180,2,"",M,358.738,2,"",M,NaN,,,0,NaN,,,M,350.212,2,"",348.880,2,"",NaN,,,NaN,,
2024-10-24T09:24:52.000Z,6.509,2,"",M,61.114,2,"",M,6.000,2,"",N,11.140,2,"",M,27.877,2,"",M,11.560,2,"",M,1021.200,2,"",M,359.048,2,"",M,NaN,,,0,NaN,,,M,350.823,2,"",349.488,2,"",NaN,,,NaN,,
2024-10-24T09:26:44.000Z,6.509,2,"",M,61.114,2,"",M,6.000,2,"",N,11.127,2,"",M,27.866,2,"",M,11.560,2,"",M,1021.170,2,"",M,359.027,2,"",M,NaN,,,0,NaN,,,M,350.599,2,"",349.265,2,"",NaN,,,NaN,,
2024-10-24T09:28:36.000Z,6.509,2,"",M,61.114,2,"",M,6.000,2,"",N,11.173,2,"",M,27.899,2,"",M,11.550,2,"",M,1021.060,2,"",M,358.947,2,"",M,NaN,,,0,NaN,,,M,351.318,2,"",349.982,2,"",NaN,,,NaN,,
2024-10-24T09:30:29.000Z,6.509,2,"",M,61.114,2,"",M,6.000,2,"",N,11.148,2,"",M,27.866,2,"",M,11.590,2,"",M,1021.070,2,"",M,359.047,2,"",M,NaN,,,0,NaN,,,M,350.449,2,"",349.116,2,"",NaN,,,NaN,,
2024-10-24T09:32:21.000Z,6.509,2,"",M,61.114,2,"",M,6.000,2,"",N,11.195,2,"",M,28.080,2,"",M,11.580,2,"",M,1021.080,2,"",M,359.577,2,"",M,NaN,,,0,NaN,,,M,351.810,2,"",350.472,2,"",NaN,,,NaN,,
2024-10-24T09:34:13.000Z,6.509,2,"",M,61.114,2,"",M,6.000,2,"",N,11.160,2,"",M,27.839,2,"",M,11.610,2,"",M,1021.080,2,"",M,360.407,2,"",M,NaN,,,0,NaN,,,M,351.644,2,"",350.307,2,"",NaN,,,NaN,,
2024-10-24T09:38:43.000Z,6.509,2,"",M,61.114,2,"",M,6.000,2,"",N,NaN,,,M,NaN,,,M,NaN,,,M,NaN,,,M,NaN,,,0,NaN,,,0,NaN,,,M,NaN,,,NaN,,,NaN,,,NaN,,
2024-10-24T09:40:32.000Z,6.509,2,"",M,61.114,2,"",M,6.000,2,"",N,NaN,,,M,NaN,,,M,NaN,,,M,NaN,,,M,NaN,,,0,NaN,,,0,NaN,,,M,NaN,,,NaN,,,NaN,,,NaN,,
2024-10-24T09:42:22.000Z,6.509,2,"",M,61.114,2,"",M,6.000,2,"",N,NaN,,,M,NaN,,,M,NaN,,,M,NaN,,,M,NaN,,,0,NaN,,,0,NaN,,,M,NaN,,,NaN,,,NaN,,,NaN,,
2024-10-24T09:46:52.000Z,6.509,2,"",M,61.114,2,"",M,6.000,2,"",N,NaN,,,M,NaN,,,M,NaN,,,M,NaN,,,M,NaN,,,0,NaN,,,0,NaN,,,M,NaN,,,NaN,,,NaN,,,NaN,,
2024-10-24T09:48:42.000Z,6.509,2,"",M,61.114,2,"",M,6.000,2,"",N,NaN,,,M,NaN,,,M,NaN,,,M,NaN,,,M,NaN,,,0,NaN,,,0,NaN,,,M,NaN,,,NaN,,,NaN,,,NaN,,
2024-10-24T09:50:31.000Z,6.509,2,"",M,61.114,2,"",M,6.000,2,"",N,NaN,,,M,NaN,,,M,NaN,,,M,NaN,,,M,NaN,,,0,NaN,,,0,NaN,,,M,NaN,,,NaN,,,NaN,,,NaN,,
2024-10-24T09:55:01.000Z,6.509,2,"",M,61.114,2,"",M,6.000,2,"",N,NaN,,,M,NaN,,,M,NaN,,,M,NaN,,,M,NaN,,,0,NaN,,,0,NaN,,,M,NaN,,,NaN,,,NaN,,,NaN,,
2024-10-24T09:56:51.000Z,6.509,2,"",M,61.114,2,"",M,6.000,2,"",N,NaN,,,M,NaN,,,M,NaN,,,M,NaN,,,M,NaN,,,0,NaN,,,0,NaN,,,M,NaN,,,NaN,,,NaN,,,NaN,,
2024-10-24T09:58:41.000Z,6.509,2,"",M,61.114,2,"",M,6.000,2,"",N,NaN,,,M,NaN,,,M,NaN,,,M,NaN,,,M,NaN,,,0,NaN,,,0,NaN,,,M,NaN,,,NaN,,,NaN,,,NaN,,
2024-10-24T10:03:10.000Z,6.509,2,"",M,61.114,2,"",M,6.000,2,"",N,11.278,2,"",M,27.960,2,"",M,NaN,,,M,NaN,,,M,NaN,,,0,424.731,2,"",M,1019.900,2,"",M,NaN,,,NaN,,,423.030,2,"",421.413,2,""
2024-10-24T10:05:00.000Z,6.509,2,"",M,61.114,2,"",M,6.000,2,"",N,11.203,2,"",M,27.892,2,"",M,NaN,,,M,NaN,,,M,NaN,,,0,424.661,2,"",M,1019.900,2,"",M,NaN,,,NaN,,,422.988,2,"",421.370,2,""
2024-10-24T10:06:50.000Z,6.509,2,"",M,61.114,2,"",M,6.000,2,"",N,11.128,2,"",M,27.798,2,"",M,NaN,,,M,NaN,,,M,NaN,,,0,424.531,2,"",M,1020.000,2,"",M,NaN,,,NaN,,,422.928,2,"",421.308,2,""
2024-10-24T10:08:40.000Z,6.509,2,"",M,61.114,2,"",M,6.000,2,"",N,11.118,2,"",M,27.786,2,"",M,NaN,,,M,NaN,,,M,NaN,,,0,424.961,2,"",M,1020.000,2,"",M,NaN,,,NaN,,,423.361,2,"",421.739,2,""
2024-10-24T10:10:29.000Z,6.509,2,"",M,61.114,2,"",M,6.000,2,"",N,11.169,2,"",M,27.848,2,"",M,NaN,,,M,NaN,,,M,NaN,,,0,424.541,2,"",M,1019.900,2,"",M,NaN,,,NaN,,,422.882,2,"",421.263,2,""
2024-10-24T10:15:39.000Z,6.509,2,"",M,61.114,2,"",M,6.000,2,"",N,11.181,2,"",M,27.909,2,"",M,11.560,2,"",M,1020.590,2,"",M,359.055,2,"",M,NaN,,,0,NaN,,,M,351.228,2,"",349.893,2,"",NaN,,,NaN,,
2024-10-24T10:17:32.000Z,6.509,2,"",M,61.114,2,"",M,6.000,2,"",N,11.095,2,"",M,27.789,2,"",M,11.590,2,"",M,1020.670,2,"",M,359.715,2,"",M,NaN,,,0,NaN,,,M,350.173,2,"",348.842,2,"",NaN,,,NaN,,
2024-10-24T10:19:24.000Z,6.509,2,"",M,61.114,2,"",M,6.000,2,"",N,11.130,2,"",M,27.864,2,"",M,11.530,2,"",M,1020.660,2,"",M,359.545,2,"",M,NaN,,,0,NaN,,,M,351.432,2,"",350.095,2,"",NaN,,,NaN,,
2024-10-24T10:21:38.000Z,6.509,2,"",M,61.114,2,"",M,6.000,2,"",N,11.134,2,"",M,27.790,2,"",M,11.540,2,"",M,1020.650,2,"",M,359.025,2,"",M,NaN,,,0,NaN,,,M,350.826,2,"",349.492,2,"",NaN,,,NaN,,
2024-10-24T10:23:30.000Z,6.509,2,"",M,61.114,2,"",M,6.000,2,"",N,11.094,2,"",M,27.714,2,"",M,11.560,2,"",M,1020.590,2,"",M,358.344,2,"",M,NaN,,,0,NaN,,,M,349.249,2,"",347.921,2,"",NaN,,,NaN,,
2024-10-24T10:25:22.000Z,6.509,2,"",M,61.114,2,"",M,6.000,2,"",N,11.080,2,"",M,27.693,2,"",M,11.510,2,"",M,1020.930,2,"",M,357.784,2,"",M,NaN,,,0,NaN,,,M,349.359,2,"",348.030,2,"",NaN,,,NaN,,
2024-10-24T10:27:14.000Z,6.509,2,"",M,61.114,2,"",M,6.000,2,"",N,11.154,2,"",M,27.859,2,"",M,11.510,2,"",M,1020.850,2,"",M,356.703,2,"",M,NaN,,,0,NaN,,,M,349.368,2,"",348.039,2,"",NaN,,,NaN,,
2024-10-24T10:29:06.000Z,6.509,2,"",M,61.114,2,"",M,6.000,2,"",N,11.159,2,"",M,27.729,2,"",M,11.560,2,"",M,1020.870,2,"",M,356.943,2,"",M,NaN,,,0,NaN,,,M,348.931,2,"",347.604,2,"",NaN,,,NaN,,
2024-10-24T10:30:59.000Z,6.509,2,"",M,61.114,2,"",M,6.000,2,"",N,11.073,2,"",M,27.799,2,"",M,11.570,2,"",M,1020.870,2,"",M,358.225,2,"",M,NaN,,,0,NaN,,,M,348.773,2,"",347.447,2,"",NaN,,,NaN,,
2024-10-24T10:32:51.000Z,6.509,2,"",M,61.114,2,"",M,6.000,2,"",N,11.063,2,"",M,27.679,2,"",M,11.510,2,"",M,1020.870,2,"",M,358.135,2,"",M,NaN,,,0,NaN,,,M,349.440,2,"",348.110,2,"",NaN,,,NaN,,
2024-10-24T10:34:43.000Z,6.508,2,"",M,61.114,2,"",M,6.000,2,"",N,11.108,2,"",M,27.831,2,"",M,11.490,2,"",M,1020.910,2,"",M,357.424,2,"",M,NaN,,,0,NaN,,,M,349.723,2,"",348.392,2,"",NaN,,,NaN,,
2024-10-24T10:36:36.000Z,6.508,2,"",M,61.114,2,"",M,6.000,2,"",N,11.261,2,"",M,27.984,2,"",M,11.540,2,"",M,1020.810,2,"",M,356.513,2,"",M,NaN,,,0,NaN,,,M,350.305,2,"",348.972,2,"",NaN,,,NaN,,
2024-10-24T10:38:28.000Z,6.508,2,"",M,61.114,2,"",M,6.000,2,"",N,11.156,2,"",M,27.980,2,"",M,11.630,2,"",M,1020.710,2,"",M,358.025,2,"",M,NaN,,,0,NaN,,,M,348.835,2,"",347.510,2,"",NaN,,,NaN,,
2024-10-24T10:40:20.000Z,6.508,2,"",M,61.114,2,"",M,6.000,2,"",N,11.326,2,"",M,28.210,2,"",M,11.580,2,"",M,1020.710,2,"",M,359.947,2,"",M,NaN,,,0,NaN,,,M,354.001,2,"",352.655,2,"",NaN,,,NaN,,
2024-10-24T10:42:12.000Z,6.508,2,"",M,61.114,2,"",M,6.000,2,"",N,11.154,2,"",M,28.023,2,"",M,11.690,2,"",M,1020.610,2,"",M,361.678,2,"",M,NaN,,,0,NaN,,,M,351.428,2,"",350.094,2,"",NaN,,,NaN,,
2024-10-24T10:44:04.000Z,6.507,2,"",M,61.114,2,"",M,6.000,2,"",N,11.147,2,"",M,28.181,2,"",M,11.590,2,"",M,1020.550,2,"",M,363.580,2,"",M,NaN,,,0,NaN,,,M,354.676,2,"",353.328,2,"",NaN,,,NaN,,
2024-10-24T10:45:57.000Z,6.507,2,"",M,61.114,2,"",M,6.000,2,"",N,11.116,2,"",M,28.039,2,"",M,11.570,2,"",M,1020.460,2,"",M,362.419,2,"",M,NaN,,,0,NaN,,,M,353.356,2,"",352.013,2,"",NaN,,,NaN,,
2024-10-24T10:47:49.000Z,6.507,2,"",M,61.114,2,"",M,6.000,2,"",N,11.104,2,"",M,28.058,2,"",M,11.580,2,"",M,1020.390,2,"",M,361.889,2,"",M,NaN,,,0,NaN,,,M,352.476,2,"",351.136,2,"",NaN,,,NaN,,
2024-10-24T10:49:41.000Z,6.507,2,"",M,61.114,2,"",M,6.000,2,"",N,11.121,2,"",M,28.204,2,"",M,11.550,2,"",M,1020.490,2,"",M,361.568,2,"",M,NaN,,,0,NaN,,,M,352.915,2,"",351.573,2,"",NaN,,,NaN,,
2024-10-24T10:51:33.000Z,6.506,2,"",M,61.114,2,"",M,6.000,2,"",N,11.048,2,"",M,27.630,2,"",M,11.570,2,"",M,1020.570,2,"",M,361.398,2,"",M,NaN,,,0,NaN,,,M,351.381,2,"",350.045,2,"",NaN,,,NaN,,
2024-10-24T10:53:26.000Z,6.506,2,"",M,61.114,2,"",M,6.000,2,"",N,11.276,2,"",M,27.926,2,"",M,11.480,2,"",M,1020.690,2,"",M,359.797,2,"",M,NaN,,,0,NaN,,,M,354.633,2,"",353.283,2,"",NaN,,,NaN,,
2024-10-24T10:55:18.000Z,6.506,2,"",M,61.114,2,"",M,6.000,2,"",N,11.335,2,"",M,27.980,2,"",M,11.660,2,"",M,1020.670,2,"",M,357.575,2,"",M,NaN,,,0,NaN,,,M,350.581,2,"",349.250,2,"",NaN,,,NaN,,
2024-10-24T10:57:10.000Z,6.506,2,"",M,61.114,2,"",M,6.000,2,"",N,11.113,2,"",M,28.244,2,"",M,11.660,2,"",M,1020.560,2,"",M,360.518,2,"",M,NaN,,,0,NaN,,,M,350.126,2,"",348.797,2,"",NaN,,,NaN,,
2024-10-24T10:59:02.000Z,6.505,2,"",M,61.114,2,"",M,6.000,2,"",N,11.115,2,"",M,27.779,2,"",M,11.580,2,"",M,1020.660,2,"",M,362.480,2,"",M,NaN,,,0,NaN,,,M,353.313,2,"",351.970,2,"",NaN,,,NaN,,
2024-10-24T11:00:54.000Z,6.505,2,"",M,61.114,2,"",M,6.000,2,"",N,11.220,2,"",M,27.791,2,"",M,11.530,2,"",M,1020.655,2,"",M,360.898,2,"",M,NaN,,,0,NaN,,,M,354.092,2,"",352.745,2,"",NaN,,,NaN,,
2024-10-24T11:02:47.000Z,6.505,2,"",M,61.114,2,"",M,6.000,2,"",N,11.107,2,"",M,27.740,2,"",M,11.580,2,"",M,1020.690,2,"",M,358.937,2,"",M,NaN,,,0,NaN,,,M,349.742,2,"",348.412,2,"",NaN,,,NaN,,
2024-10-24T11:04:39.000Z,6.505,2,"",M,61.114,2,"",M,6.000,2,"",N,11.107,2,"",M,27.818,2,"",M,11.510,2,"",M,1020.670,2,"",M,358.496,2,"",M,NaN,,,0,NaN,,,M,350.364,2,"",349.031,2,"",NaN,,,NaN,,
2024-10-24T11:06:31.000Z,6.505,2,"",M,61.114,2,"",M,6.000,2,"",N,11.062,2,"",M,27.799,2,"",M,11.520,2,"",M,1020.700,2,"",M,357.726,2,"",M,NaN,,,0,NaN,,,M,348.807,2,"",347.480,2,"",NaN,,,NaN,,
2024-10-24T11:08:23.000Z,6.505,2,"",M,61.114,2,"",M,6.000,2,"",N,11.097,2,"",M,27.830,2,"",M,11.480,2,"",M,1020.580,2,"",M,357.195,2,"",M,NaN,,,0,NaN,,,M,349.367,2,"",348.038,2,"",NaN,,,NaN,,
2024-10-24T11:10:16.000Z,6.505,2,"",M,61.114,2,"",M,6.000,2,"",N,11.053,2,"",M,27.748,2,"",M,11.520,2,"",M,1020.555,2,"",M,357.065,2,"",M,NaN,,,0,NaN,,,M,347.992,2,"",346.669,2,"",NaN,,,NaN,,
2024-10-24T11:12:08.000Z,6.504,2,"",M,61.114,2,"",M,6.000,2,"",N,11.059,2,"",M,27.673,2,"",M,11.480,2,"",M,1020.560,2,"",M,357.266,2,"",M,NaN,,,0,NaN,,,M,348.877,2,"",347.549,2,"",NaN,,,NaN,,
2024-10-24T11:14:00.000Z,6.504,2,"",M,61.114,2,"",M,6.000,2,"",N,11.133,2,"",M,27.876,2,"",M,11.480,2,"",M,1020.590,2,"",M,356.185,2,"",M,NaN,,,0,NaN,,,M,348.911,2,"",347.584,2,"",NaN,,,NaN,,
2024-10-24T11:15:52.000Z,6.504,2,"",M,61.114,2,"",M,6.000,2,"",N,11.081,2,"",M,27.759,2,"",M,11.550,2,"",M,1020.570,2,"",M,356.685,2,"",M,NaN,,,0,NaN,,,M,347.581,2,"",346.259,2,"",NaN,,,NaN,,
2024-10-24T11:17:44.000Z,6.504,2,"",M,61.114,2,"",M,6.000,2,"",N,11.051,2,"",M,27.689,2,"",M,11.500,2,"",M,1020.480,2,"",M,357.206,2,"",M,NaN,,,0,NaN,,,M,348.369,2,"",347.043,2,"",NaN,,,NaN,,
2024-10-24T11:19:37.000Z,6.504,2,"",M,61.114,2,"",M,6.000,2,"",N,11.022,2,"",M,27.712,2,"",M,11.480,2,"",M,1020.390,2,"",M,356.785,2,"",M,NaN,,,0,NaN,,,M,347.800,2,"",346.477,2,"",NaN,,,NaN,,
2024-10-24T11:21:50.000Z,6.504,2,"",M,61.114,2,"",M,6.000,2,"",N,11.029,2,"",M,27.826,2,"",M,11.460,2,"",M,1020.730,2,"",M,356.055,2,"",M,NaN,,,0,NaN,,,M,347.613,2,"",346.289,2,"",NaN,,,NaN,,
2024-10-24T11:23:42.000Z,6.504,2,"",M,61.114,2,"",M,6.000,2,"",N,11.020,2,"",M,27.677,2,"",M,11.470,2,"",M,1020.760,2,"",M,355.975,2,"",M,NaN,,,0,NaN,,,M,347.265,2,"",345.943,2,"",NaN,,,NaN,,
2024-10-24T11:25:35.000Z,6.504,2,"",M,61.114,2,"",M,6.000,2,"",N,11.022,2,"",M,27.650,2,"",M,11.450,2,"",M,1020.760,2,"",M,355.695,2,"",M,NaN,,,0,NaN,,,M,347.314,2,"",345.991,2,"",NaN,,,NaN,,
2024-10-24T11:27:27.000Z,6.504,2,"",M,61.114,2,"",M,6.000,2,"",N,11.068,2,"",M,27.672,2,"",M,11.450,2,"",M,1020.810,2,"",M,355.134,2,"",M,NaN,,,0,NaN,,,M,347.465,2,"",346.141,2,"",NaN,,,NaN,,
2024-10-24T11:29:19.000Z,6.504,2,"",M,61.114,2,"",M,6.000,2,"",N,11.030,2,"",M,27.754,2,"",M,11.470,2,"",M,1020.730,2,"",M,354.714,2,"",M,NaN,,,0,NaN,,,M,346.158,2,"",344.840,2,"",NaN,,,NaN,,
2024-10-24T11:31:11.000Z,6.504,2,"",M,61.114,2,"",M,6.000,2,"",N,10.991,2,"",M,27.742,2,"",M,11.450,2,"",M,1020.650,2,"",M,355.094,2,"",M,NaN,,,0,NaN,,,M,346.237,2,"",344.919,2,"",NaN,,,NaN,,
2024-10-24T11:33:03.000Z,6.503,2,"",M,61.114,2,"",M,6.000,2,"",N,10.997,2,"",M,27.758,2,"",M,11.430,2,"",M,1020.700,2,"",M,355.715,2,"",M,NaN,,,0,NaN,,,M,347.249,2,"",345.927,2,"",NaN,,,NaN,,
2024-10-24T11:34:56.000Z,6.503,2,"",M,61.114,2,"",M,6.000,2,"",N,10.995,2,"",M,27.735,2,"",M,11.430,2,"",M,1020.595,2,"",M,355.065,2,"",M,NaN,,,0,NaN,,,M,346.539,2,"",345.219,2,"",NaN,,,NaN,,
2024-10-24T11:36:48.000Z,6.503,2,"",M,61.114,2,"",M,6.000,2,"",N,11.013,2,"",M,27.719,2,"",M,11.420,2,"",M,1020.590,2,"",M,355.065,2,"",M,NaN,,,0,NaN,,,M,346.960,2,"",345.638,2,"",NaN,,,NaN,,
2024-10-24T11:38:40.000Z,6.503,2,"",M,61.114,2,"",M,6.000,2,"",N,11.008,2,"",M,27.725,2,"",M,11.430,2,"",M,1020.570,2,"",M,354.604,2,"",M,NaN,,,0,NaN,,,M,346.285,2,"",344.967,2,"",NaN,,,NaN,,
2024-10-24T11:40:32.000Z,6.503,2,"",M,61.114,2,"",M,6.000,2,"",N,10.993,2,"",M,27.684,2,"",M,11.440,2,"",M,1020.660,2,"",M,354.965,2,"",M,NaN,,,0,NaN,,,M,346.298,2,"",344.979,2,"",NaN,,,NaN,,
2024-10-24T11:42:25.000Z,6.503,2,"",M,61.114,2,"",M,6.000,2,"",N,11.001,2,"",M,27.709,2,"",M,11.410,2,"",M,1020.620,2,"",M,354.695,2,"",M,NaN,,,0,NaN,,,M,346.578,2,"",345.257,2,"",NaN,,,NaN,,
2024-10-24T11:44:17.000Z,6.503,2,"",M,61.114,2,"",M,6.000,2,"",N,11.015,2,"",M,27.702,2,"",M,11.420,2,"",M,1020.630,2,"",M,354.104,2,"",M,NaN,,,0,NaN,,,M,346.060,2,"",344.742,2,"",NaN,,,NaN,,
2024-10-24T11:46:09.000Z,6.503,2,"",M,61.114,2,"",M,6.000,2,"",N,11.016,2,"",M,27.722,2,"",M,11.430,2,"",M,1020.550,2,"",M,354.464,2,"",M,NaN,,,0,NaN,,,M,346.255,2,"",344.937,2,"",NaN,,,NaN,,
2024-10-24T11:48:01.000Z,6.502,2,"",M,61.114,2,"",M,6.000,2,"",N,11.028,2,"",M,27.705,2,"",M,11.440,2,"",M,1020.520,2,"",M,354.354,2,"",M,NaN,,,0,NaN,,,M,346.154,2,"",344.836,2,"",NaN,,,NaN,,
2024-10-24T11:49:53.000Z,6.502,2,"",M,61.113,2,"",M,6.000,2,"",N,11.063,2,"",M,27.735,2,"",M,11.450,2,"",M,1020.520,2,"",M,354.625,2,"",M,NaN,,,0,NaN,,,M,346.785,2,"",345.465,2,"",NaN,,,NaN,,
2024-10-24T11:51:46.000Z,6.502,2,"",M,61.113,2,"",M,6.000,2,"",N,11.027,2,"",M,27.748,2,"",M,11.470,2,"",M,1020.490,2,"",M,354.945,2,"",M,NaN,,,0,NaN,,,M,346.267,2,"",344.949,2,"",NaN,,,NaN,,
2024-10-24T11:53:38.000Z,6.502,2,"",M,61.113,2,"",M,6.000,2,"",N,11.059,2,"",M,27.723,2,"",M,11.450,2,"",M,1020.450,2,"",M,355.045,2,"",M,NaN,,,0,NaN,,,M,347.114,2,"",345.792,2,"",NaN,,,NaN,,
2024-10-24T11:55:30.000Z,6.502,2,"",M,61.113,2,"",M,6.000,2,"",N,11.077,2,"",M,27.740,2,"",M,11.470,2,"",M,1020.340,2,"",M,355.436,2,"",M,NaN,,,0,NaN,,,M,347.419,2,"",346.097,2,"",NaN,,,NaN,,
2024-10-24T11:57:22.000Z,6.502,2,"",M,61.113,2,"",M,6.000,2,"",N,11.087,2,"",M,27.671,2,"",M,11.490,2,"",M,1020.260,2,"",M,355.506,2,"",M,NaN,,,0,NaN,,,M,347.318,2,"",345.997,2,"",NaN,,,NaN,,
2024-10-24T11:59:15.000Z,6.501,2,"",M,61.113,2,"",M,6.000,2,"",N,11.079,2,"",M,27.643,2,"",M,11.510,2,"",M,1020.200,2,"",M,355.336,2,"",M,NaN,,,0,NaN,,,M,346.713,2,"",345.394,2,"",NaN,,,NaN,,
2024-10-24T12:01:07.000Z,6.501,2,"",M,61.113,2,"",M,6.000,2,"",N,11.084,2,"",M,27.644,2,"",M,11.510,2,"",M,1020.170,2,"",M,355.186,2,"",M,NaN,,,0,NaN,,,M,346.621,2,"",345.302,2,"",NaN,,,NaN,,
2024-10-24T12:02:59.000Z,6.501,2,"",M,61.113,2,"",M,6.000,2,"",N,11.079,2,"",M,27.617,2,"",M,11.510,2,"",M,1020.090,2,"",M,354.345,2,"",M,NaN,,,0,NaN,,,M,345.698,2,"",344.384,2,"",NaN,,,NaN,,
2024-10-24T12:04:51.000Z,6.501,2,"",M,61.113,2,"",M,6.000,2,"",N,11.072,2,"",M,27.662,2,"",M,11.500,2,"",M,1020.070,2,"",M,354.395,2,"",M,NaN,,,0,NaN,,,M,345.791,2,"",344.476,2,"",NaN,,,NaN,,
2024-10-24T12:06:44.000Z,6.501,2,"",M,61.113,2,"",M,6.000,2,"",N,11.086,2,"",M,27.586,2,"",M,11.500,2,"",M,1020.450,2,"",M,354.215,2,"",M,NaN,,,0,NaN,,,M,345.958,2,"",344.642,2,"",NaN,,,NaN,,
2024-10-24T12:08:36.000Z,6.501,2,"",M,61.113,2,"",M,6.000,2,"",N,11.088,2,"",M,27.620,2,"",M,11.500,2,"",M,1020.430,2,"",M,353.775,2,"",M,NaN,,,0,NaN,,,M,345.544,2,"",344.230,2,"",NaN,,,NaN,,
2024-10-24T12:10:28.000Z,6.501,2,"",M,61.112,2,"",M,6.000,2,"",N,11.084,2,"",M,27.642,2,"",M,11.510,2,"",M,1020.400,2,"",M,353.595,2,"",M,NaN,,,0,NaN,,,M,345.153,2,"",343.840,2,"",NaN,,,NaN,,
2024-10-24T12:12:20.000Z,6.500,2,"",M,61.112,2,"",M,6.000,2,"",N,11.091,2,"",M,27.639,2,"",M,11.510,2,"",M,1020.370,2,"",M,353.705,2,"",M,NaN,,,0,NaN,,,M,345.350,2,"",344.037,2,"",NaN,,,NaN,,
2024-10-24T12:14:12.000Z,6.500,2,"",M,61.112,2,"",M,6.000,2,"",N,11.089,2,"",M,27.642,2,"",M,11.510,2,"",M,1020.390,2,"",M,354.025,2,"",M,NaN,,,0,NaN,,,M,345.645,2,"",344.331,2,"",NaN,,,NaN,,
2024-10-24T12:16:05.000Z,6.500,2,"",M,61.112,2,"",M,6.000,2,"",N,11.100,2,"",M,27.642,2,"",M,11.510,2,"",M,1020.350,2,"",M,354.226,2,"",M,NaN,,,0,NaN,,,M,345.984,2,"",344.668,2,"",NaN,,,NaN,,
2024-10-24T12:17:57.000Z,6.500,2,"",M,61.112,2,"",M,6.000,2,"",N,11.094,2,"",M,27.646,2,"",M,11.520,2,"",M,1020.330,2,"",M,353.685,2,"",M,NaN,,,0,NaN,,,M,345.207,2,"",343.895,2,"",NaN,,,NaN,,
2024-10-24T12:19:49.000Z,6.500,2,"",M,61.112,2,"",M,6.000,2,"",N,11.099,2,"",M,27.618,2,"",M,11.510,2,"",M,1020.230,2,"",M,354.096,2,"",M,NaN,,,0,NaN,,,M,345.803,2,"",344.488,2,"",NaN,,,NaN,,
2024-10-24T12:22:03.000Z,6.499,2,"",M,61.111,2,"",M,6.000,2,"",N,11.097,2,"",M,27.677,2,"",M,11.520,2,"",M,1019.790,2,"",M,354.136,2,"",M,NaN,,,0,NaN,,,M,345.517,2,"",344.204,2,"",NaN,,,NaN,,
2024-10-24T12:23:55.000Z,6.499,2,"",M,61.111,2,"",M,6.000,2,"",N,11.104,2,"",M,27.696,2,"",M,11.520,2,"",M,1019.840,2,"",M,354.366,2,"",M,NaN,,,0,NaN,,,M,345.849,2,"",344.534,2,"",NaN,,,NaN,,
2024-10-24T12:25:47.000Z,6.499,2,"",M,61.111,2,"",M,6.000,2,"",N,11.107,2,"",M,27.755,2,"",M,11.520,2,"",M,1019.640,2,"",M,355.007,2,"",M,NaN,,,0,NaN,,,M,346.451,2,"",345.135,2,"",NaN,,,NaN,,
2024-10-24T12:27:39.000Z,6.499,2,"",M,61.111,2,"",M,6.000,2,"",N,11.105,2,"",M,27.873,2,"",M,11.530,2,"",M,1019.580,2,"",M,355.437,2,"",M,NaN,,,0,NaN,,,M,346.682,2,"",345.365,2,"",NaN,,,NaN,,
2024-10-24T12:29:31.000Z,6.499,2,"",M,61.111,2,"",M,6.000,2,"",N,11.104,2,"",M,27.658,2,"",M,11.530,2,"",M,1019.580,2,"",M,355.778,2,"",M,NaN,,,0,NaN,,,M,346.987,2,"",345.668,2,"",NaN,,,NaN,,
2024-10-24T12:31:24.000Z,6.499,2,"",M,61.111,2,"",M,6.000,2,"",N,10.951,2,"",M,27.501,2,"",M,11.530,2,"",M,1019.560,2,"",M,355.387,2,"",M,NaN,,,0,NaN,,,M,344.371,2,"",343.063,2,"",NaN,,,NaN,,
2024-10-24T12:33:16.000Z,6.499,2,"",M,61.111,2,"",M,6.000,2,"",N,10.948,2,"",M,27.339,2,"",M,11.410,2,"",M,1019.480,2,"",M,354.757,2,"",M,NaN,,,0,NaN,,,M,345.474,2,"",344.159,2,"",NaN,,,NaN,,
2024-10-24T12:35:09.000Z,6.499,2,"",M,61.111,2,"",M,6.000,2,"",N,10.999,2,"",M,27.433,2,"",M,11.380,2,"",M,1019.390,2,"",M,351.844,2,"",M,NaN,,,0,NaN,,,M,343.787,2,"",342.479,2,"",NaN,,,NaN,,
2024-10-24T12:37:00.000Z,6.499,2,"",M,61.111,2,"",M,6.000,2,"",N,11.075,2,"",M,27.427,2,"",M,11.420,2,"",M,1019.790,2,"",M,350.042,2,"",M,NaN,,,0,NaN,,,M,342.679,2,"",341.375,2,"",NaN,,,NaN,,
2024-10-24T12:38:53.000Z,6.499,2,"",M,61.111,2,"",M,6.000,2,"",N,11.096,2,"",M,27.595,2,"",M,11.490,2,"",M,1019.770,2,"",M,349.972,2,"",M,NaN,,,0,NaN,,,M,341.863,2,"",340.563,2,"",NaN,,,NaN,,
2024-10-24T12:40:45.000Z,6.499,2,"",M,61.111,2,"",M,6.000,2,"",N,11.108,2,"",M,27.731,2,"",M,11.520,2,"",M,1019.750,2,"",M,350.973,2,"",M,NaN,,,0,NaN,,,M,342.570,2,"",341.268,2,"",NaN,,,NaN,,
2024-10-24T12:42:37.000Z,6.499,2,"",M,61.111,2,"",M,6.000,2,"",N,11.103,2,"",M,27.614,2,"",M,11.540,2,"",M,1019.680,2,"",M,352.835,2,"",M,NaN,,,0,NaN,,,M,343.987,2,"",342.680,2,"",NaN,,,NaN,,
2024-10-24T12:44:29.000Z,6.499,2,"",M,61.111,2,"",M,6.000,2,"",N,11.094,2,"",M,27.585,2,"",M,11.530,2,"",M,1019.660,2,"",M,354.097,2,"",M,NaN,,,0,NaN,,,M,345.239,2,"",343.927,2,"",NaN,,,NaN,,
2024-10-24T12:46:22.000Z,6.499,2,"",M,61.111,2,"",M,6.000,2,"",N,11.105,2,"",M,27.631,2,"",M,11.520,2,"",M,1019.660,2,"",M,353.906,2,"",M,NaN,,,0,NaN,,,M,345.353,2,"",344.040,2,"",NaN,,,NaN,,
2024-10-24T12:48:14.000Z,6.499,2,"",M,61.111,2,"",M,6.000,2,"",N,11.110,2,"",M,27.661,2,"",M,11.530,2,"",M,1019.690,2,"",M,354.027,2,"",M,NaN,,,0,NaN,,,M,345.409,2,"",344.097,2,"",NaN,,,NaN,,
2024-10-24T12:50:06.000Z,6.499,2,"",M,61.111,2,"",M,6.000,2,"",N,11.118,2,"",M,27.493,2,"",M,11.530,2,"",M,1019.640,2,"",M,354.107,2,"",M,NaN,,,0,NaN,,,M,345.594,2,"",344.281,2,"",NaN,,,NaN,,
2024-10-24T12:51:58.000Z,6.499,2,"",M,61.111,2,"",M,6.000,2,"",N,11.122,2,"",M,27.689,2,"",M,11.520,2,"",M,1019.550,2,"",M,353.807,2,"",M,NaN,,,0,NaN,,,M,345.476,2,"",344.163,2,"",NaN,,,NaN,,
2024-10-24T12:53:50.000Z,6.499,2,"",M,61.111,2,"",M,6.000,2,"",N,11.166,2,"",M,27.833,2,"",M,11.550,2,"",M,1019.610,2,"",M,353.797,2,"",M,NaN,,,0,NaN,,,M,345.680,2,"",344.367,2,"",NaN,,,NaN,,
2024-10-24T12:55:43.000Z,6.499,2,"",M,61.111,2,"",M,6.000,2,"",N,11.204,2,"",M,27.928,2,"",M,11.600,2,"",M,1019.600,2,"",M,355.538,2,"",M,NaN,,,0,NaN,,,M,347.187,2,"",345.869,2,"",NaN,,,NaN,,
2024-10-24T12:57:35.000Z,6.499,2,"",M,61.111,2,"",M,6.000,2,"",N,11.176,2,"",M,27.813,2,"",M,11.630,2,"",M,1019.460,2,"",M,357.791,2,"",M,NaN,,,0,NaN,,,M,348.466,2,"",347.144,2,"",NaN,,,NaN,,
2024-10-24T12:59:27.000Z,6.499,2,"",M,61.111,2,"",M,6.000,2,"",N,11.132,2,"",M,27.839,2,"",M,11.600,2,"",M,1019.290,2,"",M,358.552,2,"",M,NaN,,,0,NaN,,,M,348.956,2,"",347.632,2,"",NaN,,,NaN,,
2024-10-24T13:01:19.000Z,6.499,2,"",M,61.111,2,"",M,6.000,2,"",N,11.226,2,"",M,27.861,2,"",M,11.580,2,"",M,1019.190,2,"",M,358.502,2,"",M,NaN,,,0,NaN,,,M,350.569,2,"",349.239,2,"",NaN,,,NaN,,
2024-10-24T13:03:12.000Z,6.499,2,"",M,61.111,2,"",M,6.000,2,"",N,11.253,2,"",M,28.025,2,"",M,11.640,2,"",M,1019.200,2,"",M,358.021,2,"",M,NaN,,,0,NaN,,,M,349.598,2,"",348.272,2,"",NaN,,,NaN,,
2024-10-24T13:05:04.000Z,6.499,2,"",M,61.111,2,"",M,6.000,2,"",N,11.243,2,"",M,28.056,2,"",M,11.660,2,"",M,1019.290,2,"",M,359.493,2,"",M,NaN,,,0,NaN,,,M,350.616,2,"",349.286,2,"",NaN,,,NaN,,
2024-10-24T13:06:56.000Z,6.499,2,"",M,61.111,2,"",M,6.000,2,"",N,11.218,2,"",M,28.042,2,"",M,11.660,2,"",M,1019.690,2,"",M,361.455,2,"",M,NaN,,,0,NaN,,,M,352.289,2,"",350.952,2,"",NaN,,,NaN,,
2024-10-24T13:08:48.000Z,6.499,2,"",M,61.111,2,"",M,6.000,2,"",N,11.239,2,"",M,27.938,2,"",M,11.650,2,"",M,1019.700,2,"",M,361.845,2,"",M,NaN,,,0,NaN,,,M,353.145,2,"",351.805,2,"",NaN,,,NaN,,
2024-10-24T13:10:41.000Z,6.499,2,"",M,61.111,2,"",M,6.000,2,"",N,11.250,2,"",M,28.022,2,"",M,11.660,2,"",M,1019.610,2,"",M,361.715,2,"",M,NaN,,,0,NaN,,,M,352.987,2,"",351.648,2,"",NaN,,,NaN,,
2024-10-24T13:12:33.000Z,6.499,2,"",M,61.111,2,"",M,6.000,2,"",N,11.255,2,"",M,28.054,2,"",M,11.690,2,"",M,1019.640,2,"",M,361.875,2,"",M,NaN,,,0,NaN,,,M,352.785,2,"",351.447,2,"",NaN,,,NaN,,
2024-10-24T13:14:25.000Z,6.499,2,"",M,61.111,2,"",M,6.000,2,"",N,11.262,2,"",M,28.166,2,"",M,11.680,2,"",M,1019.700,2,"",M,362.956,2,"",M,NaN,,,0,NaN,,,M,354.105,2,"",352.762,2,"",NaN,,,NaN,,
2024-10-24T13:16:17.000Z,6.499,2,"",M,61.111,2,"",M,6.000,2,"",N,11.249,2,"",M,28.093,2,"",M,11.690,2,"",M,1019.640,2,"",M,363.487,2,"",M,NaN,,,0,NaN,,,M,354.262,2,"",352.919,2,"",NaN,,,NaN,,
2024-10-24T13:18:10.000Z,6.499,2,"",M,61.111,2,"",M,6.000,2,"",N,11.262,2,"",M,28.037,2,"",M,11.670,2,"",M,1019.540,2,"",M,363.557,2,"",M,NaN,,,0,NaN,,,M,354.800,2,"",353.454,2,"",NaN,,,NaN,,
2024-10-24T13:20:02.000Z,6.499,2,"",M,61.111,2,"",M,6.000,2,"",N,11.269,2,"",M,28.139,2,"",M,11.680,2,"",M,1019.440,2,"",M,363.317,2,"",M,NaN,,,0,NaN,,,M,354.469,2,"",353.125,2,"",NaN,,,NaN,,
2024-10-24T13:22:15.000Z,6.499,2,"",M,61.111,2,"",M,6.000,2,"",N,11.241,2,"",M,28.114,2,"",M,11.680,2,"",M,1019.374,2,"",M,363.317,2,"",M,NaN,,,0,NaN,,,M,354.027,2,"",352.684,2,"",NaN,,,NaN,,
2024-10-24T13:26:45.000Z,6.499,2,"",M,61.111,2,"",M,6.000,2,"",N,NaN,,,M,NaN,,,M,NaN,,,M,NaN,,,M,NaN,,,0,NaN,,,0,NaN,,,M,NaN,,,NaN,,,NaN,,,NaN,,
2024-10-24T13:28:34.000Z,6.499,2,"",M,61.111,2,"",M,6.000,2,"",N,NaN,,,M,NaN,,,M,NaN,,,M,NaN,,,M,NaN,,,0,NaN,,,0,NaN,,,M,NaN,,,NaN,,,NaN,,,NaN,,
2024-10-24T13:30:24.000Z,6.499,2,"",M,61.111,2,"",M,6.000,2,"",N,NaN,,,M,NaN,,,M,NaN,,,M,NaN,,,M,NaN,,,0,NaN,,,0,NaN,,,M,NaN,,,NaN,,,NaN,,,NaN,,
2024-10-24T13:34:54.000Z,6.499,2,"",M,61.111,2,"",M,6.000,2,"",N,NaN,,,M,NaN,,,M,NaN,,,M,NaN,,,M,NaN,,,0,NaN,,,0,NaN,,,M,NaN,,,NaN,,,NaN,,,NaN,,
2024-10-24T13:36:44.000Z,6.499,2,"",M,61.111,2,"",M,6.000,2,"",N,NaN,,,M,NaN,,,M,NaN,,,M,NaN,,,M,NaN,,,0,NaN,,,0,NaN,,,M,NaN,,,NaN,,,NaN,,,NaN,,
2024-10-24T13:38:33.000Z,6.499,2,"",M,61.111,2,"",M,6.000,2,"",N,NaN,,,M,NaN,,,M,NaN,,,M,NaN,,,M,NaN,,,0,NaN,,,0,NaN,,,M,NaN,,,NaN,,,NaN,,,NaN,,
2024-10-24T13:43:03.000Z,6.499,2,"",M,61.111,2,"",M,6.000,2,"",N,NaN,,,M,NaN,,,M,NaN,,,M,NaN,,,M,NaN,,,0,NaN,,,0,NaN,,,M,NaN,,,NaN,,,NaN,,,NaN,,
2024-10-24T13:44:53.000Z,6.499,2,"",M,61.111,2,"",M,6.000,2,"",N,NaN,,,M,NaN,,,M,NaN,,,M,NaN,,,M,NaN,,,0,NaN,,,0,NaN,,,M,NaN,,,NaN,,,NaN,,,NaN,,
2024-10-24T13:46:43.000Z,6.499,2,"",M,61.111,2,"",M,6.000,2,"",N,NaN,,,M,NaN,,,M,NaN,,,M,NaN,,,M,NaN,,,0,NaN,,,0,NaN,,,M,NaN,,,NaN,,,NaN,,,NaN,,
2024-10-24T13:51:52.000Z,6.499,2,"",M,61.111,2,"",M,6.000,2,"",N,NaN,,,M,NaN,,,M,NaN,,,M,NaN,,,M,NaN,,,0,NaN,,,0,NaN,,,M,NaN,,,NaN,,,NaN,,,NaN,,
2024-10-24T13:56:25.000Z,6.499,2,"",M,61.111,2,"",M,6.000,2,"",N,NaN,,,M,NaN,,,M,NaN,,,M,NaN,,,M,NaN,,,0,NaN,,,0,NaN,,,M,NaN,,,NaN,,,NaN,,,NaN,,
2024-10-24T14:00:56.000Z,6.499,2,"",M,61.111,2,"",M,6.000,2,"",N,NaN,,,M,NaN,,,M,NaN,,,M,NaN,,,M,NaN,,,0,NaN,,,0,NaN,,,M,NaN,,,NaN,,,NaN,,,NaN,,
2024-10-24T14:02:45.000Z,6.499,2,"",M,61.111,2,"",M,6.000,2,"",N,NaN,,,M,NaN,,,M,NaN,,,M,NaN,,,M,NaN,,,0,NaN,,,0,NaN,,,M,NaN,,,NaN,,,NaN,,,NaN,,
2024-10-24T14:04:35.000Z,6.498,2,"",M,61.111,2,"",M,6.000,2,"",N,NaN,,,M,NaN,,,M,NaN,,,M,NaN,,,M,NaN,,,0,NaN,,,0,NaN,,,M,NaN,,,NaN,,,NaN,,,NaN,,
2024-10-24T14:09:05.000Z,6.498,2,"",M,61.111,2,"",M,6.000,2,"",N,NaN,,,M,NaN,,,M,NaN,,,M,NaN,,,M,NaN,,,0,NaN,,,0,NaN,,,M,NaN,,,NaN,,,NaN,,,NaN,,
2024-10-24T14:10:54.000Z,6.499,2,"",M,61.111,2,"",M,6.000,2,"",N,NaN,,,M,NaN,,,M,NaN,,,M,NaN,,,M,NaN,,,0,NaN,,,0,NaN,,,M,NaN,,,NaN,,,NaN,,,NaN,,
2024-10-24T14:12:44.000Z,6.500,2,"",M,61.111,2,"",M,6.000,2,"",N,NaN,,,M,NaN,,,M,NaN,,,M,NaN,,,M,NaN,,,0,NaN,,,0,NaN,,,M,NaN,,,NaN,,,NaN,,,NaN,,
2024-10-24T14:17:14.000Z,6.499,2,"",M,61.110,2,"",M,6.000,2,"",N,NaN,,,M,NaN,,,M,NaN,,,M,NaN,,,M,NaN,,,0,NaN,,,0,NaN,,,M,NaN,,,NaN,,,NaN,,,NaN,,
2024-10-24T14:19:04.000Z,6.499,2,"",M,61.109,2,"",M,6.000,2,"",N,NaN,,,M,NaN,,,M,NaN,,,M,NaN,,,M,NaN,,,0,NaN,,,0,NaN,,,M,NaN,,,NaN,,,NaN,,,NaN,,
2024-10-24T14:20:53.000Z,6.498,2,"",M,61.109,2,"",M,6.000,2,"",N,NaN,,,M,NaN,,,M,NaN,,,M,NaN,,,M,NaN,,,0,NaN,,,0,NaN,,,M,NaN,,,NaN,,,NaN,,,NaN,,
2024-10-24T14:25:23.000Z,6.496,2,"",M,61.110,2,"",M,6.000,2,"",N,11.042,2,"",M,27.400,2,"",M,NaN,,,M,NaN,,,M,NaN,,,0,424.683,2,"",M,1018.200,2,"",M,NaN,,,NaN,,,422.354,2,"",420.737,2,""
2024-10-24T14:27:13.000Z,6.497,2,"",M,61.110,2,"",M,6.000,2,"",N,10.909,2,"",M,26.895,2,"",M,NaN,,,M,NaN,,,M,NaN,,,0,423.952,2,"",M,1018.100,2,"",M,NaN,,,NaN,,,421.631,2,"",420.015,2,""
2024-10-24T14:29:03.000Z,6.498,2,"",M,61.111,2,"",M,6.000,2,"",N,11.210,2,"",M,27.171,2,"",M,NaN,,,M,NaN,,,M,NaN,,,0,424.002,2,"",M,1018.100,2,"",M,NaN,,,NaN,,,421.573,2,"",419.963,2,""
2024-10-24T14:30:52.000Z,6.499,2,"",M,61.111,2,"",M,6.000,2,"",N,10.879,2,"",M,26.429,2,"",M,NaN,,,M,NaN,,,M,NaN,,,0,424.073,2,"",M,1018.000,2,"",M,NaN,,,NaN,,,421.719,2,"",420.101,2,""
2024-10-24T14:32:42.000Z,6.500,2,"",M,61.110,2,"",M,6.000,2,"",N,11.276,2,"",M,28.200,2,"",M,NaN,,,M,NaN,,,M,NaN,,,0,423.903,2,"",M,1018.000,2,"",M,NaN,,,NaN,,,421.410,2,"",419.802,2,""
2024-10-24T14:37:52.000Z,6.499,2,"",M,61.110,2,"",M,6.000,2,"",N,10.736,2,"",M,26.901,2,"",M,11.440,2,"",M,1018.710,2,"",M,356.140,2,"",M,NaN,,,0,NaN,,,M,343.016,2,"",341.713,2,"",NaN,,,NaN,,
2024-10-24T14:39:45.000Z,6.499,2,"",M,61.110,2,"",M,6.000,2,"",N,11.244,2,"",M,26.723,2,"",M,11.240,2,"",M,1018.680,2,"",M,352.996,2,"",M,NaN,,,0,NaN,,,M,350.374,2,"",349.039,2,"",NaN,,,NaN,,
2024-10-24T14:41:37.000Z,6.499,2,"",M,61.110,2,"",M,6.000,2,"",N,10.781,2,"",M,26.379,2,"",M,11.580,2,"",M,1018.760,2,"",M,346.107,2,"",M,NaN,,,0,NaN,,,M,331.983,2,"",330.723,2,"",NaN,,,NaN,,
2024-10-24T14:43:29.000Z,6.499,2,"",M,61.110,2,"",M,6.000,2,"",N,11.576,2,"",M,28.527,2,"",M,11.300,2,"",M,1018.680,2,"",M,347.469,2,"",M,NaN,,,0,NaN,,,M,348.859,2,"",347.531,2,"",NaN,,,NaN,,
2024-10-24T14:45:22.000Z,6.501,2,"",M,61.111,2,"",M,6.000,2,"",N,11.213,2,"",M,27.788,2,"",M,11.910,2,"",M,1018.760,2,"",M,348.790,2,"",M,NaN,,,0,NaN,,,M,335.913,2,"",334.644,2,"",NaN,,,NaN,,
2024-10-24T14:47:14.000Z,6.501,2,"",M,61.113,2,"",M,6.000,2,"",N,10.721,2,"",M,26.136,2,"",M,11.620,2,"",M,1018.635,2,"",M,361.085,2,"",M,NaN,,,0,NaN,,,M,344.844,2,"",343.536,2,"",NaN,,,NaN,,
2024-10-24T14:49:06.000Z,6.499,2,"",M,61.113,2,"",M,6.000,2,"",N,10.611,2,"",M,25.699,2,"",M,11.200,2,"",M,1018.540,2,"",M,355.378,2,"",M,NaN,,,0,NaN,,,M,343.960,2,"",342.649,2,"",NaN,,,NaN,,
2024-10-24T14:51:19.000Z,6.499,2,"",M,61.111,2,"",M,6.000,2,"",N,11.248,2,"",M,27.127,2,"",M,11.090,2,"",M,1018.385,2,"",M,337.475,2,"",M,NaN,,,0,NaN,,,M,337.104,2,"",335.817,2,"",NaN,,,NaN,,
2024-10-24T14:53:12.000Z,6.499,2,"",M,61.111,2,"",M,6.000,2,"",N,11.197,2,"",M,27.977,2,"",M,11.560,2,"",M,1018.410,2,"",M,334.601,2,"",M,NaN,,,0,NaN,,,M,326.827,2,"",325.587,2,"",NaN,,,NaN,,
2024-10-24T14:55:04.000Z,6.500,2,"",M,61.110,2,"",M,6.000,2,"",N,11.174,2,"",M,27.851,2,"",M,11.620,2,"",M,1018.410,2,"",M,347.857,2,"",M,NaN,,,0,NaN,,,M,338.556,2,"",337.272,2,"",NaN,,,NaN,,
2024-10-24T14:56:56.000Z,6.500,2,"",M,61.110,2,"",M,6.000,2,"",N,10.916,2,"",M,26.544,2,"",M,11.600,2,"",M,1018.380,2,"",M,354.526,2,"",M,NaN,,,0,NaN,,,M,341.587,2,"",340.292,2,"",NaN,,,NaN,,
2024-10-24T14:58:48.000Z,6.500,2,"",M,61.110,2,"",M,6.000,2,"",N,11.064,2,"",M,27.310,2,"",M,11.350,2,"",M,1018.530,2,"",M,351.642,2,"",M,NaN,,,0,NaN,,,M,344.688,2,"",343.377,2,"",NaN,,,NaN,,
2024-10-24T15:00:40.000Z,6.500,2,"",M,61.110,2,"",M,6.000,2,"",N,11.044,2,"",M,27.388,2,"",M,11.490,2,"",M,1018.600,2,"",M,346.585,2,"",M,NaN,,,0,NaN,,,M,337.419,2,"",336.138,2,"",NaN,,,NaN,,
2024-10-24T15:02:33.000Z,6.501,2,"",M,61.109,2,"",M,6.000,2,"",N,10.888,2,"",M,27.295,2,"",M,11.470,2,"",M,1018.710,2,"",M,349.578,2,"",M,NaN,,,0,NaN,,,M,338.423,2,"",337.137,2,"",NaN,,,NaN,,
2024-10-24T15:04:25.000Z,6.502,2,"",M,61.109,2,"",M,6.000,2,"",N,10.945,2,"",M,26.624,2,"",M,11.370,2,"",M,1018.730,2,"",M,350.720,2,"",M,NaN,,,0,NaN,,,M,341.838,2,"",340.537,2,"",NaN,,,NaN,,
2024-10-24T15:06:17.000Z,6.502,2,"",M,61.109,2,"",M,6.000,2,"",N,11.189,2,"",M,28.258,2,"",M,11.370,2,"",M,1018.740,2,"",M,345.823,2,"",M,NaN,,,0,NaN,,,M,340.568,2,"",339.273,2,"",NaN,,,NaN,,
2024-10-24T15:08:09.000Z,6.502,2,"",M,61.109,2,"",M,6.000,2,"",N,11.235,2,"",M,28.182,2,"",M,11.600,2,"",M,1018.690,2,"",M,347.515,2,"",M,NaN,,,0,NaN,,,M,339.486,2,"",338.198,2,"",NaN,,,NaN,,
2024-10-24T15:10:02.000Z,6.501,2,"",M,61.109,2,"",M,6.000,2,"",N,11.299,2,"",M,27.934,2,"",M,11.670,2,"",M,1018.790,2,"",M,356.256,2,"",M,NaN,,,0,NaN,,,M,347.956,2,"",346.637,2,"",NaN,,,NaN,,
2024-10-24T15:11:54.000Z,6.501,2,"",M,61.109,2,"",M,6.000,2,"",N,11.287,2,"",M,28.529,2,"",M,11.700,2,"",M,1018.800,2,"",M,361.173,2,"",M,NaN,,,0,NaN,,,M,352.127,2,"",350.793,2,"",NaN,,,NaN,,
2024-10-24T15:13:46.000Z,6.501,2,"",M,61.109,2,"",M,6.000,2,"",N,11.180,2,"",M,27.918,2,"",M,11.720,2,"",M,1018.810,2,"",M,365.068,2,"",M,NaN,,,0,NaN,,,M,354.009,2,"",352.668,2,"",NaN,,,NaN,,
2024-10-24T15:15:38.000Z,6.502,2,"",M,61.109,2,"",M,6.000,2,"",N,11.230,2,"",M,27.500,2,"",M,11.610,2,"",M,1018.750,2,"",M,364.877,2,"",M,NaN,,,0,NaN,,,M,356.242,2,"",354.891,2,"",NaN,,,NaN,,
2024-10-24T15:17:31.000Z,6.501,2,"",M,61.109,2,"",M,6.000,2,"",N,11.266,2,"",M,28.136,2,"",M,11.620,2,"",M,1018.589,2,"",M,360.321,2,"",M,NaN,,,0,NaN,,,M,352.128,2,"",350.793,2,"",NaN,,,NaN,,
2024-10-24T15:19:22.000Z,6.502,2,"",M,61.110,2,"",M,6.000,2,"",N,10.793,2,"",M,26.262,2,"",M,11.700,2,"",M,1018.460,2,"",M,360.621,2,"",M,NaN,,,0,NaN,,,M,344.190,2,"",342.886,2,"",NaN,,,NaN,,
2024-10-24T15:21:14.000Z,6.502,2,"",M,61.110,2,"",M,6.000,2,"",N,10.998,2,"",M,26.253,2,"",M,11.280,2,"",M,1018.370,2,"",M,359.499,2,"",M,NaN,,,0,NaN,,,M,352.413,2,"",351.071,2,"",NaN,,,NaN,,
2024-10-24T15:23:07.000Z,6.502,2,"",M,61.110,2,"",M,6.000,2,"",N,11.072,2,"",M,27.674,2,"",M,11.380,2,"",M,1018.330,2,"",M,346.461,2,"",M,NaN,,,0,NaN,,,M,339.220,2,"",337.930,2,"",NaN,,,NaN,,
2024-10-24T15:24:59.000Z,6.502,2,"",M,61.110,2,"",M,6.000,2,"",N,11.212,2,"",M,28.050,2,"",M,11.510,2,"",M,1018.280,2,"",M,346.351,2,"",M,NaN,,,0,NaN,,,M,339.200,2,"",337.912,2,"",NaN,,,NaN,,
2024-10-24T15:26:51.000Z,6.503,2,"",M,61.110,2,"",M,6.000,2,"",N,11.125,2,"",M,27.877,2,"",M,11.620,2,"",M,1018.630,2,"",M,354.382,2,"",M,NaN,,,0,NaN,,,M,344.267,2,"",342.961,2,"",NaN,,,NaN,,
2024-10-24T15:28:43.000Z,6.503,2,"",M,61.110,2,"",M,6.000,2,"",N,11.138,2,"",M,28.032,2,"",M,11.610,2,"",M,1018.675,2,"",M,358.918,2,"",M,NaN,,,0,NaN,,,M,349.042,2,"",347.718,2,"",NaN,,,NaN,,
2024-10-24T15:30:35.000Z,6.503,2,"",M,61.110,2,"",M,6.000,2,"",N,11.116,2,"",M,27.532,2,"",M,11.590,2,"",M,1018.720,2,"",M,360.299,2,"",M,NaN,,,0,NaN,,,M,350.378,2,"",349.049,2,"",NaN,,,NaN,,
2024-10-24T15:32:28.000Z,6.504,2,"",M,61.111,2,"",M,6.000,2,"",N,11.241,2,"",M,28.027,2,"",M,11.530,2,"",M,1018.700,2,"",M,359.108,2,"",M,NaN,,,0,NaN,,,M,351.967,2,"",350.631,2,"",NaN,,,NaN,,
2024-10-24T15:34:20.000Z,6.504,2,"",M,61.111,2,"",M,6.000,2,"",N,11.250,2,"",M,28.113,2,"",M,11.650,2,"",M,1018.680,2,"",M,358.096,2,"",M,NaN,,,0,NaN,,,M,349.295,2,"",347.971,2,"",NaN,,,NaN,,
2024-10-24T15:36:12.000Z,6.504,2,"",M,61.111,2,"",M,6.000,2,"",N,11.257,2,"",M,28.219,2,"",M,11.670,2,"",M,1018.690,2,"",M,361.310,2,"",M,NaN,,,0,NaN,,,M,352.227,2,"",350.892,2,"",NaN,,,NaN,,
2024-10-24T15:38:04.000Z,6.504,2,"",M,61.111,2,"",M,6.000,2,"",N,11.192,2,"",M,28.107,2,"",M,11.690,2,"",M,1018.700,2,"",M,363.133,2,"",M,NaN,,,0,NaN,,,M,352.725,2,"",351.389,2,"",NaN,,,NaN,,
2024-10-24T15:39:57.000Z,6.505,2,"",M,61.111,2,"",M,6.000,2,"",N,11.253,2,"",M,28.103,2,"",M,11.640,2,"",M,1018.610,2,"",M,363.904,2,"",M,NaN,,,0,NaN,,,M,355.121,2,"",353.775,2,"",NaN,,,NaN,,
2024-10-24T15:41:49.000Z,6.505,2,"",M,61.111,2,"",M,6.000,2,"",N,11.352,2,"",M,28.200,2,"",M,11.670,2,"",M,1018.600,2,"",M,363.313,2,"",M,NaN,,,0,NaN,,,M,355.580,2,"",354.232,2,"",NaN,,,NaN,,
2024-10-24T15:43:41.000Z,6.505,2,"",M,61.111,2,"",M,6.000,2,"",N,11.311,2,"",M,28.218,2,"",M,11.740,2,"",M,1018.690,2,"",M,363.983,2,"",M,NaN,,,0,NaN,,,M,354.572,2,"",353.230,2,"",NaN,,,NaN,,
2024-10-24T15:45:33.000Z,6.505,2,"",M,61.111,2,"",M,6.000,2,"",N,11.440,2,"",M,28.920,2,"",M,11.720,2,"",M,1018.620,2,"",M,366.116,2,"",M,NaN,,,0,NaN,,,M,358.889,2,"",357.530,2,"",NaN,,,NaN,,
2024-10-24T15:47:25.000Z,6.505,2,"",M,61.111,2,"",M,6.000,2,"",N,11.387,2,"",M,28.696,2,"",M,11.860,2,"",M,1018.780,2,"",M,368.980,2,"",M,NaN,,,0,NaN,,,M,358.762,2,"",357.406,2,"",NaN,,,NaN,,
2024-10-24T15:49:18.000Z,6.505,2,"",M,61.111,2,"",M,6.000,2,"",N,11.342,2,"",M,28.500,2,"",M,11.810,2,"",M,1018.740,2,"",M,372.555,2,"",M,NaN,,,0,NaN,,,M,362.320,2,"",360.950,2,"",NaN,,,NaN,,
2024-10-24T15:51:31.000Z,6.505,2,"",M,61.111,2,"",M,6.000,2,"",N,11.396,2,"",M,28.587,2,"",M,11.780,2,"",M,1018.710,2,"",M,371.904,2,"",M,NaN,,,0,NaN,,,M,362.979,2,"",361.605,2,"",NaN,,,NaN,,
2024-10-24T15:53:24.000Z,6.505,2,"",M,61.111,2,"",M,6.000,2,"",N,11.409,2,"",M,28.605,2,"",M,11.810,2,"",M,1018.640,2,"",M,371.483,2,"",M,NaN,,,0,NaN,,,M,362.268,2,"",360.898,2,"",NaN,,,NaN,,
2024-10-24T15:55:16.000Z,6.505,2,"",M,61.111,2,"",M,6.000,2,"",N,11.334,2,"",M,28.576,2,"",M,11.820,2,"",M,1018.640,2,"",M,371.954,2,"",M,NaN,,,0,NaN,,,M,361.420,2,"",360.053,2,"",NaN,,,NaN,,
2024-10-24T15:57:08.000Z,6.505,2,"",M,61.111,2,"",M,6.000,2,"",N,11.389,2,"",M,28.350,2,"",M,11.770,2,"",M,1018.450,2,"",M,372.304,2,"",M,NaN,,,0,NaN,,,M,363.312,2,"",361.937,2,"",NaN,,,NaN,,
2024-10-24T15:59:00.000Z,6.505,2,"",M,61.111,2,"",M,6.000,2,"",N,11.403,2,"",M,28.553,2,"",M,11.790,2,"",M,1018.660,2,"",M,371.012,2,"",M,NaN,,,0,NaN,,,M,362.039,2,"",360.669,2,"",NaN,,,NaN,,
2024-10-24T16:00:52.000Z,6.505,2,"",M,61.111,2,"",M,6.000,2,"",N,11.403,2,"",M,28.574,2,"",M,11.810,2,"",M,1018.760,2,"",M,370.511,2,"",M,NaN,,,0,NaN,,,M,361.265,2,"",359.898,2,"",NaN,,,NaN,,
2024-10-24T16:02:45.000Z,6.505,2,"",M,61.111,2,"",M,6.000,2,"",N,11.406,2,"",M,28.473,2,"",M,11.820,2,"",M,1018.680,2,"",M,371.212,2,"",M,NaN,,,0,NaN,,,M,361.815,2,"",360.446,2,"",NaN,,,NaN,,
2024-10-24T16:04:37.000Z,6.505,2,"",M,61.111,2,"",M,6.000,2,"",N,11.373,2,"",M,28.623,2,"",M,11.820,2,"",M,1018.650,2,"",M,371.503,2,"",M,NaN,,,0,NaN,,,M,361.589,2,"",360.221,2,"",NaN,,,NaN,,
2024-10-24T16:06:29.000Z,6.505,2,"",M,61.111,2,"",M,6.000,2,"",N,11.292,2,"",M,28.174,2,"",M,11.810,2,"",M,1018.720,2,"",M,372.334,2,"",M,NaN,,,0,NaN,,,M,361.340,2,"",359.973,2,"",NaN,,,NaN,,
2024-10-24T16:08:21.000Z,6.505,2,"",M,61.111,2,"",M,6.000,2,"",N,11.399,2,"",M,28.424,2,"",M,11.730,2,"",M,1018.730,2,"",M,370.992,2,"",M,NaN,,,0,NaN,,,M,362.922,2,"",361.547,2,"",NaN,,,NaN,,
2024-10-24T16:10:14.000Z,6.505,2,"",M,61.111,2,"",M,6.000,2,"",N,11.421,2,"",M,28.762,2,"",M,11.810,2,"",M,1018.660,2,"",M,368.698,2,"",M,NaN,,,0,NaN,,,M,359.746,2,"",358.386,2,"",NaN,,,NaN,,
2024-10-24T16:12:06.000Z,6.505,2,"",M,61.111,2,"",M,6.000,2,"",N,11.388,2,"",M,28.673,2,"",M,11.840,2,"",M,1018.630,2,"",M,371.071,2,"",M,NaN,,,0,NaN,,,M,361.074,2,"",359.709,2,"",NaN,,,NaN,,
2024-10-24T16:13:58.000Z,6.505,2,"",M,61.111,2,"",M,6.000,2,"",N,11.420,2,"",M,28.589,2,"",M,11.820,2,"",M,1018.670,2,"",M,372.944,2,"",M,NaN,,,0,NaN,,,M,363.713,2,"",362.337,2,"",NaN,,,NaN,,
2024-10-24T16:15:50.000Z,6.505,2,"",M,61.111,2,"",M,6.000,2,"",N,11.364,2,"",M,28.550,2,"",M,11.840,2,"",M,1018.950,2,"",M,373.605,2,"",M,NaN,,,0,NaN,,,M,363.292,2,"",361.917,2,"",NaN,,,NaN,,
2024-10-24T16:17:42.000Z,6.505,2,"",M,61.111,2,"",M,6.000,2,"",N,11.383,2,"",M,28.562,2,"",M,11.790,2,"",M,1018.960,2,"",M,373.024,2,"",M,NaN,,,0,NaN,,,M,363.805,2,"",362.429,2,"",NaN,,,NaN,,
2024-10-24T16:19:35.000Z,6.505,2,"",M,61.111,2,"",M,6.000,2,"",N,11.394,2,"",M,28.550,2,"",M,11.800,2,"",M,1019.030,2,"",M,371.842,2,"",M,NaN,,,0,NaN,,,M,362.683,2,"",361.310,2,"",NaN,,,NaN,,
2024-10-24T16:21:27.000Z,6.505,2,"",M,61.111,2,"",M,6.000,2,"",N,11.413,2,"",M,28.654,2,"",M,11.810,2,"",M,1018.930,2,"",M,371.962,2,"",M,NaN,,,0,NaN,,,M,362.899,2,"",361.526,2,"",NaN,,,NaN,,
2024-10-24T16:23:19.000Z,6.505,2,"",M,61.111,2,"",M,6.000,2,"",N,11.416,2,"",M,28.721,2,"",M,11.840,2,"",M,1018.930,2,"",M,372.243,2,"",M,NaN,,,0,NaN,,,M,362.749,2,"",361.377,2,"",NaN,,,NaN,,
2024-10-24T16:25:11.000Z,6.505,2,"",M,61.111,2,"",M,6.000,2,"",N,11.411,2,"",M,28.714,2,"",M,11.840,2,"",M,1018.950,2,"",M,373.905,2,"",M,NaN,,,0,NaN,,,M,364.301,2,"",362.923,2,"",NaN,,,NaN,,
2024-10-24T16:27:03.000Z,6.505,2,"",M,61.111,2,"",M,6.000,2,"",N,11.412,2,"",M,28.704,2,"",M,11.830,2,"",M,1019.020,2,"",M,374.306,2,"",M,NaN,,,0,NaN,,,M,364.888,2,"",363.508,2,"",NaN,,,NaN,,
2024-10-24T16:28:56.000Z,6.505,2,"",M,61.111,2,"",M,6.000,2,"",N,11.409,2,"",M,28.690,2,"",M,11.830,2,"",M,1018.930,2,"",M,374.175,2,"",M,NaN,,,0,NaN,,,M,364.679,2,"",363.300,2,"",NaN,,,NaN,,
2024-10-24T16:30:48.000Z,6.505,2,"",M,61.111,2,"",M,6.000,2,"",N,11.417,2,"",M,28.696,2,"",M,11.830,2,"",M,1018.950,2,"",M,374.255,2,"",M,NaN,,,0,NaN,,,M,364.898,2,"",363.518,2,"",NaN,,,NaN,,
2024-10-24T16:32:40.000Z,6.505,2,"",M,61.111,2,"",M,6.000,2,"",N,11.418,2,"",M,28.710,2,"",M,11.830,2,"",M,1018.850,2,"",M,374.235,2,"",M,NaN,,,0,NaN,,,M,364.847,2,"",363.467,2,"",NaN,,,NaN,,
2024-10-24T16:34:32.000Z,6.505,2,"",M,61.111,2,"",M,6.000,2,"",N,11.414,2,"",M,28.715,2,"",M,11.830,2,"",M,1018.780,2,"",M,374.195,2,"",M,NaN,,,0,NaN,,,M,364.732,2,"",363.353,2,"",NaN,,,NaN,,
2024-10-24T16:36:25.000Z,6.505,2,"",M,61.111,2,"",M,6.000,2,"",N,11.419,2,"",M,28.718,2,"",M,11.830,2,"",M,1018.760,2,"",M,374.455,2,"",M,NaN,,,0,NaN,,,M,365.048,2,"",363.667,2,"",NaN,,,NaN,,
2024-10-24T16:38:17.000Z,6.505,2,"",M,61.111,2,"",M,6.000,2,"",N,11.424,2,"",M,28.703,2,"",M,11.840,2,"",M,1018.670,2,"",M,374.555,2,"",M,NaN,,,0,NaN,,,M,365.027,2,"",363.646,2,"",NaN,,,NaN,,
2024-10-24T16:40:09.000Z,6.505,2,"",M,61.111,2,"",M,6.000,2,"",N,11.425,2,"",M,28.693,2,"",M,11.850,2,"",M,1018.600,2,"",M,374.715,2,"",M,NaN,,,0,NaN,,,M,365.020,2,"",363.640,2,"",NaN,,,NaN,,
2024-10-24T16:42:01.000Z,6.505,2,"",M,61.111,2,"",M,6.000,2,"",N,11.404,2,"",M,28.533,2,"",M,11.850,2,"",M,1018.920,2,"",M,374.906,2,"",M,NaN,,,0,NaN,,,M,364.998,2,"",363.618,2,"",NaN,,,NaN,,
2024-10-24T16:43:54.000Z,6.505,2,"",M,61.111,2,"",M,6.000,2,"",N,11.398,2,"",M,28.676,2,"",M,11.820,2,"",M,1018.940,2,"",M,374.325,2,"",M,NaN,,,0,NaN,,,M,364.826,2,"",363.446,2,"",NaN,,,NaN,,
2024-10-24T16:45:46.000Z,6.505,2,"",M,61.111,2,"",M,6.000,2,"",N,11.407,2,"",M,28.538,2,"",M,11.820,2,"",M,1018.940,2,"",M,373.663,2,"",M,NaN,,,0,NaN,,,M,364.321,2,"",362.943,2,"",NaN,,,NaN,,
2024-10-24T16:47:38.000Z,6.505,2,"",M,61.111,2,"",M,6.000,2,"",N,11.402,2,"",M,28.703,2,"",M,11.820,2,"",M,1018.840,2,"",M,373.493,2,"",M,NaN,,,0,NaN,,,M,364.029,2,"",362.651,2,"",NaN,,,NaN,,
2024-10-24T16:49:30.000Z,6.505,2,"",M,61.111,2,"",M,6.000,2,"",N,11.416,2,"",M,28.413,2,"",M,11.820,2,"",M,1018.770,2,"",M,373.192,2,"",M,NaN,,,0,NaN,,,M,363.931,2,"",362.555,2,"",NaN,,,NaN,,
2024-10-24T16:51:44.000Z,6.505,2,"",M,61.111,2,"",M,6.000,2,"",N,11.402,2,"",M,28.477,2,"",M,11.840,2,"",M,1018.630,2,"",M,372.511,2,"",M,NaN,,,0,NaN,,,M,362.691,2,"",361.320,2,"",NaN,,,NaN,,
2024-10-24T16:53:36.000Z,6.505,2,"",M,61.111,2,"",M,6.000,2,"",N,11.405,2,"",M,28.502,2,"",M,11.810,2,"",M,1018.650,2,"",M,372.671,2,"",M,NaN,,,0,NaN,,,M,363.361,2,"",361.987,2,"",NaN,,,NaN,,
2024-10-24T16:55:28.000Z,6.505,2,"",M,61.111,2,"",M,6.000,2,"",N,11.391,2,"",M,28.610,2,"",M,11.820,2,"",M,1018.790,2,"",M,372.561,2,"",M,NaN,,,0,NaN,,,M,362.941,2,"",361.568,2,"",NaN,,,NaN,,
2024-10-24T16:57:20.000Z,6.505,2,"",M,61.111,2,"",M,6.000,2,"",N,11.412,2,"",M,28.698,2,"",M,11.820,2,"",M,1018.860,2,"",M,372.671,2,"",M,NaN,,,0,NaN,,,M,363.400,2,"",362.025,2,"",NaN,,,NaN,,
2024-10-24T16:59:12.000Z,6.505,2,"",M,61.111,2,"",M,6.000,2,"",N,11.425,2,"",M,28.722,2,"",M,11.840,2,"",M,1018.870,2,"",M,373.572,2,"",M,NaN,,,0,NaN,,,M,364.158,2,"",362.781,2,"",NaN,,,NaN,,
2024-10-24T17:01:05.000Z,6.505,2,"",M,61.111,2,"",M,6.000,2,"",N,11.402,2,"",M,28.714,2,"",M,11.850,2,"",M,1018.750,2,"",M,373.983,2,"",M,NaN,,,0,NaN,,,M,364.013,2,"",362.637,2,"",NaN,,,NaN,,
2024-10-24T17:02:57.000Z,6.505,2,"",M,61.111,2,"",M,6.000,2,"",N,11.421,2,"",M,28.490,2,"",M,11.830,2,"",M,1018.590,2,"",M,374.413,2,"",M,NaN,,,0,NaN,,,M,364.971,2,"",363.591,2,"",NaN,,,NaN,,
2024-10-24T17:04:49.000Z,6.505,2,"",M,61.111,2,"",M,6.000,2,"",N,11.426,2,"",M,28.715,2,"",M,11.820,2,"",M,1018.540,2,"",M,373.622,2,"",M,NaN,,,0,NaN,,,M,364.421,2,"",363.043,2,"",NaN,,,NaN,,
2024-10-24T17:06:41.000Z,6.505,2,"",M,61.111,2,"",M,6.000,2,"",N,11.353,2,"",M,28.484,2,"",M,11.840,2,"",M,1018.450,2,"",M,373.462,2,"",M,NaN,,,0,NaN,,,M,362.795,2,"",361.424,2,"",NaN,,,NaN,,
2024-10-24T17:08:34.000Z,6.503,2,"",M,61.110,2,"",M,6.000,2,"",N,11.129,2,"",M,27.574,2,"",M,11.770,2,"",M,1018.760,2,"",M,373.411,2,"",M,NaN,,,0,NaN,,,M,360.516,2,"",359.152,2,"",NaN,,,NaN,,
2024-10-24T17:10:26.000Z,6.496,2,"",M,61.108,2,"",M,6.000,2,"",N,10.937,2,"",M,27.120,2,"",M,11.510,2,"",M,1019.030,2,"",M,366.509,2,"",M,NaN,,,0,NaN,,,M,355.055,2,"",353.707,2,"",NaN,,,NaN,,
2024-10-24T17:12:18.000Z,6.487,2,"",M,61.106,2,"",M,6.000,2,"",N,10.902,2,"",M,26.884,2,"",M,11.400,2,"",M,1018.980,2,"",M,355.580,2,"",M,NaN,,,0,NaN,,,M,345.570,2,"",344.255,2,"",NaN,,,NaN,,
2024-10-24T17:14:10.000Z,6.477,2,"",M,61.104,2,"",M,6.000,2,"",N,11.004,2,"",M,27.203,2,"",M,11.360,2,"",M,1018.985,2,"",M,349.769,2,"",M,NaN,,,0,NaN,,,M,341.992,2,"",340.690,2,"",NaN,,,NaN,,
2024-10-24T17:16:03.000Z,6.467,2,"",M,61.103,2,"",M,6.000,2,"",N,10.976,2,"",M,27.373,2,"",M,11.420,2,"",M,1018.980,2,"",M,347.375,2,"",M,NaN,,,0,NaN,,,M,338.376,2,"",337.089,2,"",NaN,,,NaN,,
2024-10-24T17:17:55.000Z,6.457,2,"",M,61.102,2,"",M,6.000,2,"",N,11.018,2,"",M,27.235,2,"",M,11.420,2,"",M,1019.020,2,"",M,348.847,2,"",M,NaN,,,0,NaN,,,M,340.417,2,"",339.123,2,"",NaN,,,NaN,,
2024-10-24T17:19:47.000Z,6.446,2,"",M,61.101,2,"",M,6.000,2,"",N,10.898,2,"",M,27.397,2,"",M,11.420,2,"",M,1019.010,2,"",M,348.887,2,"",M,NaN,,,0,NaN,,,M,338.736,2,"",337.448,2,"",NaN,,,NaN,,
2024-10-24T17:21:39.000Z,6.435,2,"",M,61.100,2,"",M,6.000,2,"",N,10.853,2,"",M,26.834,2,"",M,11.340,2,"",M,1018.830,2,"",M,349.869,2,"",M,NaN,,,0,NaN,,,M,340.150,2,"",338.856,2,"",NaN,,,NaN,,
2024-10-24T17:23:32.000Z,6.425,2,"",M,61.100,2,"",M,6.000,2,"",N,10.945,2,"",M,26.945,2,"",M,11.300,2,"",M,1018.875,2,"",M,346.893,2,"",M,NaN,,,0,NaN,,,M,339.170,2,"",337.879,2,"",NaN,,,NaN,,
2024-10-24T17:25:24.000Z,6.414,2,"",M,61.099,2,"",M,6.000,2,"",N,10.845,2,"",M,26.905,2,"",M,11.360,2,"",M,1018.870,2,"",M,343.336,2,"",M,NaN,,,0,NaN,,,M,333.417,2,"",332.148,2,"",NaN,,,NaN,,
2024-10-24T17:27:16.000Z,6.403,2,"",M,61.099,2,"",M,6.000,2,"",N,10.813,2,"",M,26.779,2,"",M,11.280,2,"",M,1018.700,2,"",M,344.107,2,"",M,NaN,,,0,NaN,,,M,334.811,2,"",333.536,2,"",NaN,,,NaN,,
2024-10-24T17:29:08.000Z,6.393,2,"",M,61.099,2,"",M,6.000,2,"",N,10.896,2,"",M,26.969,2,"",M,11.250,2,"",M,1018.480,2,"",M,342.484,2,"",M,NaN,,,0,NaN,,,M,334.757,2,"",333.482,2,"",NaN,,,NaN,,
2024-10-24T17:31:00.000Z,6.382,2,"",M,61.100,2,"",M,6.000,2,"",N,10.858,2,"",M,27.179,2,"",M,11.310,2,"",M,1018.510,2,"",M,341.782,2,"",M,NaN,,,0,NaN,,,M,332.692,2,"",331.426,2,"",NaN,,,NaN,,
2024-10-24T17:32:53.000Z,6.372,2,"",M,61.100,2,"",M,6.000,2,"",N,10.863,2,"",M,27.077,2,"",M,11.300,2,"",M,1018.490,2,"",M,343.996,2,"",M,NaN,,,0,NaN,,,M,335.043,2,"",333.768,2,"",NaN,,,NaN,,
2024-10-24T17:34:45.000Z,6.362,2,"",M,61.101,2,"",M,6.000,2,"",N,10.845,2,"",M,26.605,2,"",M,11.280,2,"",M,1018.400,2,"",M,344.567,2,"",M,NaN,,,0,NaN,,,M,335.610,2,"",334.332,2,"",NaN,,,NaN,,
2024-10-24T17:36:37.000Z,6.351,2,"",M,61.103,2,"",M,6.000,2,"",N,10.961,2,"",M,27.364,2,"",M,11.260,2,"",M,1018.810,2,"",M,342.112,2,"",M,NaN,,,0,NaN,,,M,335.290,2,"",334.012,2,"",NaN,,,NaN,,
2024-10-24T17:38:29.000Z,6.341,2,"",M,61.105,2,"",M,6.000,2,"",N,10.921,2,"",M,27.389,2,"",M,11.370,2,"",M,1019.030,2,"",M,341.741,2,"",M,NaN,,,0,NaN,,,M,332.843,2,"",331.577,2,"",NaN,,,NaN,,
2024-10-24T17:40:22.000Z,6.331,2,"",M,61.107,2,"",M,6.000,2,"",N,10.937,2,"",M,27.506,2,"",M,11.360,2,"",M,1018.970,2,"",M,345.448,2,"",M,NaN,,,0,NaN,,,M,336.802,2,"",335.520,2,"",NaN,,,NaN,,
2024-10-24T17:42:14.000Z,6.321,2,"",M,61.109,2,"",M,6.000,2,"",N,11.021,2,"",M,27.426,2,"",M,11.380,2,"",M,1018.890,2,"",M,346.940,2,"",M,NaN,,,0,NaN,,,M,339.150,2,"",337.860,2,"",NaN,,,NaN,,
2024-10-24T17:44:06.000Z,6.311,2,"",M,61.111,2,"",M,6.000,2,"",N,10.949,2,"",M,26.908,2,"",M,11.440,2,"",M,1018.670,2,"",M,348.022,2,"",M,NaN,,,0,NaN,,,M,338.220,2,"",336.934,2,"",NaN,,,NaN,,
2024-10-24T17:48:36.000Z,6.287,2,"",M,61.115,2,"",M,6.000,2,"",N,NaN,,,M,NaN,,,M,NaN,,,M,NaN,,,M,NaN,,,0,NaN,,,0,NaN,,,M,NaN,,,NaN,,,NaN,,,NaN,,
2024-10-24T17:50:25.000Z,6.277,2,"",M,61.117,2,"",M,6.000,2,"",N,NaN,,,M,NaN,,,M,NaN,,,M,NaN,,,M,NaN,,,0,NaN,,,0,NaN,,,M,NaN,,,NaN,,,NaN,,,NaN,,
2024-10-24T17:52:36.000Z,6.266,2,"",M,61.119,2,"",M,6.000,2,"",N,NaN,,,M,NaN,,,M,NaN,,,M,NaN,,,M,NaN,,,0,NaN,,,0,NaN,,,M,NaN,,,NaN,,,NaN,,,NaN,,
2024-10-24T17:57:07.000Z,6.241,2,"",M,61.123,2,"",M,6.000,2,"",N,NaN,,,M,NaN,,,M,NaN,,,M,NaN,,,M,NaN,,,0,NaN,,,0,NaN,,,M,NaN,,,NaN,,,NaN,,,NaN,,
2024-10-24T17:58:56.000Z,6.231,2,"",M,61.124,2,"",M,6.000,2,"",N,NaN,,,M,NaN,,,M,NaN,,,M,NaN,,,M,NaN,,,0,NaN,,,0,NaN,,,M,NaN,,,NaN,,,NaN,,,NaN,,
2024-10-24T18:00:46.000Z,6.221,2,"",M,61.126,2,"",M,6.000,2,"",N,NaN,,,M,NaN,,,M,NaN,,,M,NaN,,,M,NaN,,,0,NaN,,,0,NaN,,,M,NaN,,,NaN,,,NaN,,,NaN,,
2024-10-24T18:05:15.000Z,6.196,2,"",M,61.129,2,"",M,6.000,2,"",N,NaN,,,M,NaN,,,M,NaN,,,M,NaN,,,M,NaN,,,0,NaN,,,0,NaN,,,M,NaN,,,NaN,,,NaN,,,NaN,,
2024-10-24T18:07:05.000Z,6.186,2,"",M,61.130,2,"",M,6.000,2,"",N,NaN,,,M,NaN,,,M,NaN,,,M,NaN,,,M,NaN,,,0,NaN,,,0,NaN,,,M,NaN,,,NaN,,,NaN,,,NaN,,
2024-10-24T18:08:55.000Z,6.176,2,"",M,61.131,2,"",M,6.000,2,"",N,NaN,,,M,NaN,,,M,NaN,,,M,NaN,,,M,NaN,,,0,NaN,,,0,NaN,,,M,NaN,,,NaN,,,NaN,,,NaN,,
2024-10-24T18:13:25.000Z,6.151,2,"",M,61.133,2,"",M,6.000,2,"",N,11.024,2,"",M,27.409,2,"",M,NaN,,,M,NaN,,,M,NaN,,,0,425.096,2,"",M,1017.900,2,"",M,NaN,,,NaN,,,422.644,2,"",421.026,2,""
2024-10-24T18:15:14.000Z,6.141,2,"",M,61.134,2,"",M,6.000,2,"",N,11.050,2,"",M,27.597,2,"",M,NaN,,,M,NaN,,,M,NaN,,,0,425.375,2,"",M,1017.800,2,"",M,NaN,,,NaN,,,422.871,2,"",421.253,2,""
2024-10-24T18:17:04.000Z,6.130,2,"",M,61.134,2,"",M,6.000,2,"",N,11.166,2,"",M,27.934,2,"",M,NaN,,,M,NaN,,,M,NaN,,,0,425.694,2,"",M,1017.700,2,"",M,NaN,,,NaN,,,423.104,2,"",421.488,2,""
2024-10-24T18:18:54.000Z,6.120,2,"",M,61.135,2,"",M,6.000,2,"",N,11.029,2,"",M,27.553,2,"",M,NaN,,,M,NaN,,,M,NaN,,,0,425.302,2,"",M,1017.800,2,"",M,NaN,,,NaN,,,422.806,2,"",421.188,2,""
2024-10-24T18:20:44.000Z,6.110,2,"",M,61.135,2,"",M,6.000,2,"",N,10.888,2,"",M,27.015,2,"",M,NaN,,,M,NaN,,,M,NaN,,,0,425.380,2,"",M,1017.900,2,"",M,NaN,,,NaN,,,422.976,2,"",421.354,2,""
2024-10-24T18:25:54.000Z,6.080,2,"",M,61.136,2,"",M,6.000,2,"",N,11.103,2,"",M,27.449,2,"",M,11.360,2,"",M,1018.640,2,"",M,344.599,2,"",M,NaN,,,0,NaN,,,M,338.232,2,"",336.946,2,"",NaN,,,NaN,,
2024-10-24T18:27:46.000Z,6.070,2,"",M,61.136,2,"",M,6.000,2,"",N,11.172,2,"",M,27.654,2,"",M,11.480,2,"",M,1018.670,2,"",M,346.441,2,"",M,NaN,,,0,NaN,,,M,339.292,2,"",338.003,2,"",NaN,,,NaN,,
2024-10-24T18:29:38.000Z,6.059,2,"",M,61.137,2,"",M,6.000,2,"",N,11.189,2,"",M,28.051,2,"",M,11.560,2,"",M,1018.570,2,"",M,350.418,2,"",M,NaN,,,0,NaN,,,M,342.211,2,"",340.913,2,"",NaN,,,NaN,,
2024-10-24T18:31:31.000Z,6.048,2,"",M,61.138,2,"",M,6.000,2,"",N,11.218,2,"",M,28.189,2,"",M,11.610,2,"",M,1018.630,2,"",M,354.714,2,"",M,NaN,,,0,NaN,,,M,346.100,2,"",344.787,2,"",NaN,,,NaN,,
2024-10-24T18:33:23.000Z,6.037,2,"",M,61.138,2,"",M,6.000,2,"",N,11.107,2,"",M,28.042,2,"",M,11.630,2,"",M,1018.630,2,"",M,358.240,2,"",M,NaN,,,0,NaN,,,M,347.602,2,"",346.285,2,"",NaN,,,NaN,,
2024-10-24T18:35:15.000Z,6.027,2,"",M,61.139,2,"",M,6.000,2,"",N,11.035,2,"",M,27.465,2,"",M,11.530,2,"",M,1018.400,2,"",M,360.302,2,"",M,NaN,,,0,NaN,,,M,349.967,2,"",348.639,2,"",NaN,,,NaN,,
2024-10-24T18:37:08.000Z,6.016,2,"",M,61.140,2,"",M,6.000,2,"",N,10.994,2,"",M,27.714,2,"",M,11.470,2,"",M,1018.350,2,"",M,357.396,2,"",M,NaN,,,0,NaN,,,M,347.433,2,"",346.113,2,"",NaN,,,NaN,,
2024-10-24T18:38:59.000Z,6.006,2,"",M,61.141,2,"",M,6.000,2,"",N,11.075,2,"",M,27.648,2,"",M,11.440,2,"",M,1018.300,2,"",M,354.340,2,"",M,NaN,,,0,NaN,,,M,346.075,2,"",344.760,2,"",NaN,,,NaN,,
2024-10-24T18:40:52.000Z,5.996,2,"",M,61.142,2,"",M,6.000,2,"",N,11.155,2,"",M,27.793,2,"",M,11.500,2,"",M,1018.170,2,"",M,352.435,2,"",M,NaN,,,0,NaN,,,M,344.439,2,"",343.131,2,"",NaN,,,NaN,,
2024-10-24T18:42:44.000Z,5.985,2,"",M,61.143,2,"",M,6.000,2,"",N,11.187,2,"",M,28.230,2,"",M,11.560,2,"",M,1018.130,2,"",M,353.346,2,"",M,NaN,,,0,NaN,,,M,344.896,2,"",343.588,2,"",NaN,,,NaN,,
2024-10-24T18:44:36.000Z,5.975,2,"",M,61.144,2,"",M,6.000,2,"",N,11.250,2,"",M,28.289,2,"",M,11.610,2,"",M,1017.720,2,"",M,355.809,2,"",M,NaN,,,0,NaN,,,M,347.334,2,"",346.018,2,"",NaN,,,NaN,,
2024-10-24T18:46:28.000Z,5.965,2,"",M,61.145,2,"",M,6.000,2,"",N,11.228,2,"",M,28.255,2,"",M,11.660,2,"",M,1017.920,2,"",M,359.254,2,"",M,NaN,,,0,NaN,,,M,349.677,2,"",348.353,2,"",NaN,,,NaN,,
2024-10-24T18:48:21.000Z,5.955,2,"",M,61.145,2,"",M,6.000,2,"",N,11.055,2,"",M,27.763,2,"",M,11.650,2,"",M,1018.190,2,"",M,360.996,2,"",M,NaN,,,0,NaN,,,M,349.060,2,"",347.738,2,"",NaN,,,NaN,,
2024-10-24T18:50:13.000Z,5.944,2,"",M,61.146,2,"",M,6.000,2,"",N,11.113,2,"",M,27.662,2,"",M,11.480,2,"",M,1018.300,2,"",M,359.933,2,"",M,NaN,,,0,NaN,,,M,351.485,2,"",350.150,2,"",NaN,,,NaN,,
2024-10-24T18:52:26.000Z,5.932,2,"",M,61.145,2,"",M,6.000,2,"",N,11.039,2,"",M,27.561,2,"",M,11.520,2,"",M,1018.440,2,"",M,355.194,2,"",M,NaN,,,0,NaN,,,M,345.223,2,"",343.912,2,"",NaN,,,NaN,,
2024-10-24T18:54:19.000Z,5.922,2,"",M,61.145,2,"",M,6.000,2,"",N,10.947,2,"",M,27.365,2,"",M,11.470,2,"",M,1018.350,2,"",M,353.720,2,"",M,NaN,,,0,NaN,,,M,343.175,2,"",341.871,2,"",NaN,,,NaN,,
2024-10-24T18:56:11.000Z,5.911,2,"",M,61.145,2,"",M,6.000,2,"",N,10.870,2,"",M,26.952,2,"",M,11.400,2,"",M,1018.250,2,"",M,351.906,2,"",M,NaN,,,0,NaN,,,M,341.298,2,"",340.001,2,"",NaN,,,NaN,,
2024-10-24T18:58:03.000Z,5.901,2,"",M,61.144,2,"",M,6.000,2,"",N,10.984,2,"",M,27.137,2,"",M,11.310,2,"",M,1018.280,2,"",M,349.010,2,"",M,NaN,,,0,NaN,,,M,341.463,2,"",340.164,2,"",NaN,,,NaN,,
2024-10-24T18:59:55.000Z,5.891,2,"",M,61.144,2,"",M,6.000,2,"",N,11.081,2,"",M,27.528,2,"",M,11.390,2,"",M,1018.380,2,"",M,346.104,2,"",M,NaN,,,0,NaN,,,M,338.870,2,"",337.582,2,"",NaN,,,NaN,,
2024-10-24T19:01:47.000Z,5.880,2,"",M,61.143,2,"",M,6.000,2,"",N,11.190,2,"",M,28.065,2,"",M,11.480,2,"",M,1018.370,2,"",M,347.526,2,"",M,NaN,,,0,NaN,,,M,340.503,2,"",339.210,2,"",NaN,,,NaN,,
2024-10-24T19:03:40.000Z,5.870,2,"",M,61.142,2,"",M,6.000,2,"",N,11.276,2,"",M,28.398,2,"",M,11.600,2,"",M,1018.190,2,"",M,352.713,2,"",M,NaN,,,0,NaN,,,M,344.997,2,"",343.689,2,"",NaN,,,NaN,,
2024-10-24T19:05:32.000Z,5.859,2,"",M,61.141,2,"",M,6.000,2,"",N,11.307,2,"",M,28.460,2,"",M,11.680,2,"",M,1018.190,2,"",M,360.175,2,"",M,NaN,,,0,NaN,,,M,351.539,2,"",350.208,2,"",NaN,,,NaN,,
2024-10-24T19:07:24.000Z,5.849,2,"",M,61.140,2,"",M,6.000,2,"",N,11.401,2,"",M,28.725,2,"",M,11.710,2,"",M,1018.110,2,"",M,365.974,2,"",M,NaN,,,0,NaN,,,M,358.124,2,"",356.769,2,"",NaN,,,NaN,,
2024-10-24T19:09:16.000Z,5.838,2,"",M,61.139,2,"",M,6.000,2,"",N,11.367,2,"",M,28.944,2,"",M,11.810,2,"",M,1018.060,2,"",M,368.327,2,"",M,NaN,,,0,NaN,,,M,358.340,2,"",356.985,2,"",NaN,,,NaN,,
2024-10-24T19:11:09.000Z,5.828,2,"",M,61.138,2,"",M,6.000,2,"",N,11.106,2,"",M,27.277,2,"",M,11.780,2,"",M,1017.980,2,"",M,372.412,2,"",M,NaN,,,0,NaN,,,M,358.774,2,"",357.418,2,"",NaN,,,NaN,,
2024-10-24T19:13:01.000Z,5.817,2,"",M,61.137,2,"",M,6.000,2,"",N,10.876,2,"",M,27.361,2,"",M,11.490,2,"",M,1017.830,2,"",M,368.144,2,"",M,NaN,,,0,NaN,,,M,355.601,2,"",354.252,2,"",NaN,,,NaN,,
2024-10-24T19:14:53.000Z,5.807,2,"",M,61.136,2,"",M,6.000,2,"",N,11.282,2,"",M,28.047,2,"",M,11.330,2,"",M,1017.740,2,"",M,357.575,2,"",M,NaN,,,0,NaN,,,M,353.785,2,"",352.439,2,"",NaN,,,NaN,,
2024-10-24T19:16:45.000Z,5.797,2,"",M,61.136,2,"",M,6.000,2,"",N,11.401,2,"",M,28.035,2,"",M,11.690,2,"",M,1018.030,2,"",M,352.686,2,"",M,NaN,,,0,NaN,,,M,345.391,2,"",344.083,2,"",NaN,,,NaN,,
2024-10-24T19:18:37.000Z,5.787,2,"",M,61.135,2,"",M,6.000,2,"",N,11.068,2,"",M,27.966,2,"",M,11.790,2,"",M,1018.050,2,"",M,358.986,2,"",M,NaN,,,0,NaN,,,M,345.155,2,"",343.850,2,"",NaN,,,NaN,,
2024-10-24T19:20:30.000Z,5.777,2,"",M,61.134,2,"",M,6.000,2,"",N,11.048,2,"",M,27.028,2,"",M,11.550,2,"",M,1018.120,2,"",M,365.465,2,"",M,NaN,,,0,NaN,,,M,354.781,2,"",353.435,2,"",NaN,,,NaN,,
2024-10-24T19:22:22.000Z,5.767,2,"",M,61.133,2,"",M,6.000,2,"",N,11.103,2,"",M,26.584,2,"",M,11.480,2,"",M,1018.100,2,"",M,361.688,2,"",M,NaN,,,0,NaN,,,M,352.983,2,"",351.643,2,"",NaN,,,NaN,,
2024-10-24T19:24:14.000Z,5.757,2,"",M,61.132,2,"",M,6.000,2,"",N,11.158,2,"",M,26.930,2,"",M,11.530,2,"",M,1018.250,2,"",M,354.986,2,"",M,NaN,,,0,NaN,,,M,346.553,2,"",345.238,2,"",NaN,,,NaN,,
2024-10-24T19:26:06.000Z,5.747,2,"",M,61.131,2,"",M,6.000,2,"",N,11.240,2,"",M,26.826,2,"",M,11.580,2,"",M,1018.080,2,"",M,353.092,2,"",M,NaN,,,0,NaN,,,M,345.103,2,"",343.794,2,"",NaN,,,NaN,,
2024-10-24T19:27:58.000Z,5.737,2,"",M,61.130,2,"",M,6.000,2,"",N,11.247,2,"",M,27.126,2,"",M,11.640,2,"",M,1018.125,2,"",M,353.732,2,"",M,NaN,,,0,NaN,,,M,344.944,2,"",343.637,2,"",NaN,,,NaN,,
2024-10-24T19:29:50.000Z,5.727,2,"",M,61.129,2,"",M,6.000,2,"",N,11.120,2,"",M,26.871,2,"",M,11.660,2,"",M,1018.130,2,"",M,355.464,2,"",M,NaN,,,0,NaN,,,M,344.483,2,"",343.178,2,"",NaN,,,NaN,,
2024-10-24T19:31:42.000Z,5.717,2,"",M,61.128,2,"",M,6.000,2,"",N,11.206,2,"",M,26.858,2,"",M,11.570,2,"",M,1018.020,2,"",M,356.725,2,"",M,NaN,,,0,NaN,,,M,348.271,2,"",346.950,2,"",NaN,,,NaN,,
2024-10-24T19:33:35.000Z,5.707,2,"",M,61.127,2,"",M,6.000,2,"",N,11.419,2,"",M,27.575,2,"",M,11.620,2,"",M,1017.970,2,"",M,354.670,2,"",M,NaN,,,0,NaN,,,M,348.628,2,"",347.307,2,"",NaN,,,NaN,,
2024-10-24T19:35:27.000Z,5.697,2,"",M,61.125,2,"",M,6.000,2,"",N,11.385,2,"",M,28.108,2,"",M,11.800,2,"",M,1018.010,2,"",M,356.502,2,"",M,NaN,,,0,NaN,,,M,347.239,2,"",345.926,2,"",NaN,,,NaN,,
2024-10-24T19:37:19.000Z,5.687,2,"",M,61.124,2,"",M,6.000,2,"",N,11.397,2,"",M,27.803,2,"",M,11.800,2,"",M,1017.980,2,"",M,363.793,2,"",M,NaN,,,0,NaN,,,M,354.502,2,"",353.162,2,"",NaN,,,NaN,,
2024-10-24T19:39:11.000Z,5.677,2,"",M,61.123,2,"",M,6.000,2,"",N,11.479,2,"",M,29.148,2,"",M,11.810,2,"",M,1017.940,2,"",M,366.796,2,"",M,NaN,,,0,NaN,,,M,358.510,2,"",357.155,2,"",NaN,,,NaN,,
2024-10-24T19:41:04.000Z,5.667,2,"",M,61.121,2,"",M,6.000,2,"",N,11.574,2,"",M,29.071,2,"",M,11.940,2,"",M,1017.920,2,"",M,371.813,2,"",M,NaN,,,0,NaN,,,M,362.827,2,"",361.458,2,"",NaN,,,NaN,,
2024-10-24T19:42:56.000Z,5.658,2,"",M,61.119,2,"",M,6.000,2,"",N,11.623,2,"",M,29.369,2,"",M,11.960,2,"",M,1017.850,2,"",M,378.112,2,"",M,NaN,,,0,NaN,,,M,369.387,2,"",367.994,2,"",NaN,,,NaN,,
2024-10-24T19:44:48.000Z,5.649,2,"",M,61.116,2,"",M,6.000,2,"",N,11.738,2,"",M,29.569,2,"",M,12.020,2,"",M,1017.750,2,"",M,381.095,2,"",M,NaN,,,0,NaN,,,M,373.116,2,"",371.709,2,"",NaN,,,NaN,,
2024-10-24T19:46:40.000Z,5.641,2,"",M,61.114,2,"",M,6.000,2,"",N,11.978,2,"",M,30.705,2,"",M,12.100,2,"",M,1018.190,2,"",M,382.857,2,"",M,NaN,,,0,NaN,,,M,377.525,2,"",376.103,2,"",NaN,,,NaN,,
2024-10-24T19:48:33.000Z,5.633,2,"",M,61.111,2,"",M,6.000,2,"",N,11.940,2,"",M,30.840,2,"",M,12.360,2,"",M,1018.240,2,"",M,388.124,2,"",M,NaN,,,0,NaN,,,M,377.853,2,"",376.434,2,"",NaN,,,NaN,,
2024-10-24T19:50:25.000Z,5.625,2,"",M,61.108,2,"",M,6.000,2,"",N,11.904,2,"",M,30.806,2,"",M,12.340,2,"",M,1018.210,2,"",M,395.003,2,"",M,NaN,,,0,NaN,,,M,384.296,2,"",382.853,2,"",NaN,,,NaN,,
2024-10-24T19:52:38.000Z,5.615,2,"",M,61.105,2,"",M,6.000,2,"",N,11.848,2,"",M,30.554,2,"",M,12.300,2,"",M,1018.160,2,"",M,398.617,2,"",M,NaN,,,0,NaN,,,M,387.537,2,"",386.081,2,"",NaN,,,NaN,,
2024-10-24T19:54:30.000Z,5.607,2,"",M,61.103,2,"",M,6.000,2,"",N,11.791,2,"",M,30.201,2,"",M,12.260,2,"",M,1018.010,2,"",M,398.356,2,"",M,NaN,,,0,NaN,,,M,386.970,2,"",385.515,2,"",NaN,,,NaN,,
2024-10-24T19:56:23.000Z,5.599,2,"",M,61.100,2,"",M,6.000,2,"",N,11.928,2,"",M,30.735,2,"",M,12.210,2,"",M,1018.130,2,"",M,396.952,2,"",M,NaN,,,0,NaN,,,M,388.729,2,"",387.267,2,"",NaN,,,NaN,,
2024-10-24T19:58:15.000Z,5.590,2,"",M,61.098,2,"",M,6.000,2,"",N,11.729,2,"",M,29.989,2,"",M,12.320,2,"",M,1018.170,2,"",M,396.240,2,"",M,NaN,,,0,NaN,,,M,382.962,2,"",381.523,2,"",NaN,,,NaN,,
2024-10-24T20:00:07.000Z,5.582,2,"",M,61.096,2,"",M,6.000,2,"",N,11.778,2,"",M,30.271,2,"",M,12.150,2,"",M,1017.960,2,"",M,395.778,2,"",M,NaN,,,0,NaN,,,M,386.061,2,"",384.608,2,"",NaN,,,NaN,,
2024-10-24T20:02:00.000Z,5.573,2,"",M,61.093,2,"",M,6.000,2,"",N,11.787,2,"",M,30.234,2,"",M,12.190,2,"",M,1018.050,2,"",M,393.763,2,"",M,NaN,,,0,NaN,,,M,383.618,2,"",382.174,2,"",NaN,,,NaN,,
2024-10-24T20:03:52.000Z,5.564,2,"",M,61.091,2,"",M,6.000,2,"",N,12.057,2,"",M,31.207,2,"",M,12.200,2,"",M,1017.890,2,"",M,394.183,2,"",M,NaN,,,0,NaN,,,M,388.211,2,"",386.751,2,"",NaN,,,NaN,,
2024-10-24T20:05:44.000Z,5.556,2,"",M,61.089,2,"",M,6.000,2,"",N,12.007,2,"",M,31.522,2,"",M,12.440,2,"",M,1017.700,2,"",M,396.305,2,"",M,NaN,,,0,NaN,,,M,385.377,2,"",383.932,2,"",NaN,,,NaN,,
2024-10-24T20:07:36.000Z,5.549,2,"",M,61.086,2,"",M,6.000,2,"",N,12.045,2,"",M,31.582,2,"",M,12.420,2,"",M,1017.480,2,"",M,402.383,2,"",M,NaN,,,0,NaN,,,M,392.176,2,"",390.706,2,"",NaN,,,NaN,,
2024-10-24T20:09:28.000Z,5.541,2,"",M,61.084,2,"",M,6.000,2,"",N,12.050,2,"",M,31.312,2,"",M,12.450,2,"",M,1017.570,2,"",M,406.157,2,"",M,NaN,,,0,NaN,,,M,395.457,2,"",393.975,2,"",NaN,,,NaN,,
2024-10-24T20:11:20.000Z,5.533,2,"",M,61.081,2,"",M,6.000,2,"",N,11.948,2,"",M,30.950,2,"",M,12.450,2,"",M,1017.630,2,"",M,406.186,2,"",M,NaN,,,0,NaN,,,M,393.806,2,"",392.330,2,"",NaN,,,NaN,,
2024-10-24T20:13:13.000Z,5.525,2,"",M,61.079,2,"",M,6.000,2,"",N,12.069,2,"",M,31.181,2,"",M,12.360,2,"",M,1017.400,2,"",M,404.732,2,"",M,NaN,,,0,NaN,,,M,395.852,2,"",394.367,2,"",NaN,,,NaN,,
2024-10-24T20:15:05.000Z,5.516,2,"",M,61.076,2,"",M,6.000,2,"",N,12.098,2,"",M,31.431,2,"",M,12.460,2,"",M,1017.520,2,"",M,403.749,2,"",M,NaN,,,0,NaN,,,M,393.722,2,"",392.246,2,"",NaN,,,NaN,,
2024-10-24T20:16:57.000Z,5.506,2,"",M,61.074,2,"",M,6.000,2,"",N,12.251,2,"",M,31.469,2,"",M,12.500,2,"",M,1018.080,2,"",M,404.880,2,"",M,NaN,,,0,NaN,,,M,396.917,2,"",395.430,2,"",NaN,,,NaN,,
2024-10-24T20:18:49.000Z,5.497,2,"",M,61.071,2,"",M,6.000,2,"",N,12.254,2,"",M,31.838,2,"",M,12.620,2,"",M,1018.150,2,"",M,405.800,2,"",M,NaN,,,0,NaN,,,M,395.848,2,"",394.367,2,"",NaN,,,NaN,,
2024-10-24T20:20:42.000Z,5.487,2,"",M,61.070,2,"",M,6.000,2,"",N,12.247,2,"",M,31.788,2,"",M,12.650,2,"",M,1018.040,2,"",M,407.691,2,"",M,NaN,,,0,NaN,,,M,397.008,2,"",395.523,2,"",NaN,,,NaN,,
2024-10-24T20:22:34.000Z,5.477,2,"",M,61.069,2,"",M,6.000,2,"",N,12.223,2,"",M,31.823,2,"",M,12.640,2,"",M,1018.020,2,"",M,408.581,2,"",M,NaN,,,0,NaN,,,M,397.635,2,"",396.148,2,"",NaN,,,NaN,,
2024-10-24T20:24:26.000Z,5.468,2,"",M,61.067,2,"",M,6.000,2,"",N,12.252,2,"",M,31.872,2,"",M,12.620,2,"",M,1018.080,2,"",M,409.090,2,"",M,NaN,,,0,NaN,,,M,398.992,2,"",397.499,2,"",NaN,,,NaN,,
2024-10-24T20:26:18.000Z,5.458,2,"",M,61.066,2,"",M,6.000,2,"",N,12.300,2,"",M,31.950,2,"",M,12.650,2,"",M,1018.070,2,"",M,409.149,2,"",M,NaN,,,0,NaN,,,M,399.331,2,"",397.837,2,"",NaN,,,NaN,,
2024-10-24T20:28:10.000Z,5.448,2,"",M,61.065,2,"",M,6.000,2,"",N,12.271,2,"",M,32.018,2,"",M,12.700,2,"",M,1018.270,2,"",M,409.859,2,"",M,NaN,,,0,NaN,,,M,398.762,2,"",397.271,2,"",NaN,,,NaN,,
2024-10-24T20:30:03.000Z,5.438,2,"",M,61.063,2,"",M,6.000,2,"",N,12.258,2,"",M,31.924,2,"",M,12.680,2,"",M,1018.000,2,"",M,410.568,2,"",M,NaN,,,0,NaN,,,M,399.464,2,"",397.971,2,"",NaN,,,NaN,,
2024-10-24T20:31:55.000Z,5.428,2,"",M,61.062,2,"",M,6.000,2,"",N,12.232,2,"",M,31.876,2,"",M,12.670,2,"",M,1018.300,2,"",M,411.398,2,"",M,NaN,,,0,NaN,,,M,400.129,2,"",398.632,2,"",NaN,,,NaN,,
2024-10-24T20:33:47.000Z,5.418,2,"",M,61.062,2,"",M,6.000,2,"",N,12.190,2,"",M,31.821,2,"",M,12.640,2,"",M,1018.200,2,"",M,412.398,2,"",M,NaN,,,0,NaN,,,M,400.862,2,"",399.362,2,"",NaN,,,NaN,,
2024-10-24T20:35:39.000Z,5.407,2,"",M,61.062,2,"",M,6.000,2,"",N,12.175,2,"",M,31.734,2,"",M,12.600,2,"",M,1018.090,2,"",M,413.078,2,"",M,NaN,,,0,NaN,,,M,401.923,2,"",400.419,2,"",NaN,,,NaN,,
2024-10-24T20:37:32.000Z,5.397,2,"",M,61.063,2,"",M,6.000,2,"",N,12.214,2,"",M,31.792,2,"",M,12.580,2,"",M,1018.160,2,"",M,411.544,2,"",M,NaN,,,0,NaN,,,M,401.460,2,"",399.957,2,"",NaN,,,NaN,,
2024-10-24T20:39:24.000Z,5.386,2,"",M,61.064,2,"",M,6.000,2,"",N,12.171,2,"",M,31.828,2,"",M,12.610,2,"",M,1018.220,2,"",M,410.752,2,"",M,NaN,,,0,NaN,,,M,399.465,2,"",397.970,2,"",NaN,,,NaN,,
2024-10-24T20:41:16.000Z,5.376,2,"",M,61.066,2,"",M,6.000,2,"",N,12.181,2,"",M,31.757,2,"",M,12.590,2,"",M,1018.140,2,"",M,410.630,2,"",M,NaN,,,0,NaN,,,M,399.839,2,"",398.342,2,"",NaN,,,NaN,,
2024-10-24T20:43:08.000Z,5.366,2,"",M,61.068,2,"",M,6.000,2,"",N,12.204,2,"",M,31.790,2,"",M,12.600,2,"",M,1018.220,2,"",M,410.068,2,"",M,NaN,,,0,NaN,,,M,399.534,2,"",398.038,2,"",NaN,,,NaN,,
2024-10-24T20:45:01.000Z,5.356,2,"",M,61.069,2,"",M,6.000,2,"",N,12.202,2,"",M,31.771,2,"",M,12.610,2,"",M,1018.260,2,"",M,410.037,2,"",M,NaN,,,0,NaN,,,M,399.312,2,"",397.817,2,"",NaN,,,NaN,,
2024-10-24T20:46:53.000Z,5.346,2,"",M,61.071,2,"",M,6.000,2,"",N,12.184,2,"",M,31.750,2,"",M,12.610,2,"",M,1018.170,2,"",M,409.555,2,"",M,NaN,,,0,NaN,,,M,398.507,2,"",397.015,2,"",NaN,,,NaN,,
2024-10-24T20:48:45.000Z,5.336,2,"",M,61.073,2,"",M,6.000,2,"",N,12.169,2,"",M,31.734,2,"",M,12.590,2,"",M,1018.230,2,"",M,409.513,2,"",M,NaN,,,0,NaN,,,M,398.576,2,"",397.084,2,"",NaN,,,NaN,,
2024-10-24T20:50:37.000Z,5.327,2,"",M,61.074,2,"",M,6.000,2,"",N,12.183,2,"",M,31.751,2,"",M,12.570,2,"",M,1018.180,2,"",M,409.301,2,"",M,NaN,,,0,NaN,,,M,398.930,2,"",397.436,2,"",NaN,,,NaN,,
2024-10-24T20:52:51.000Z,5.316,2,"",M,61.076,2,"",M,6.000,2,"",N,12.194,2,"",M,31.772,2,"",M,12.590,2,"",M,1017.950,2,"",M,409.160,2,"",M,NaN,,,0,NaN,,,M,398.544,2,"",397.053,2,"",NaN,,,NaN,,
2024-10-24T20:54:43.000Z,5.307,2,"",M,61.077,2,"",M,6.000,2,"",N,12.304,2,"",M,31.942,2,"",M,12.600,2,"",M,1017.940,2,"",M,409.238,2,"",M,NaN,,,0,NaN,,,M,400.306,2,"",398.808,2,"",NaN,,,NaN,,
2024-10-24T20:56:35.000Z,5.298,2,"",M,61.079,2,"",M,6.000,2,"",N,12.305,2,"",M,31.990,2,"",M,12.680,2,"",M,1017.880,2,"",M,409.668,2,"",M,NaN,,,0,NaN,,,M,399.332,2,"",397.839,2,"",NaN,,,NaN,,
2024-10-24T20:58:27.000Z,5.289,2,"",M,61.080,2,"",M,6.000,2,"",N,12.261,2,"",M,31.985,2,"",M,12.710,2,"",M,1017.790,2,"",M,410.427,2,"",M,NaN,,,0,NaN,,,M,398.782,2,"",397.292,2,"",NaN,,,NaN,,
2024-10-24T21:00:19.000Z,5.280,2,"",M,61.082,2,"",M,6.000,2,"",N,12.134,2,"",M,31.747,2,"",M,12.680,2,"",M,1017.730,2,"",M,410.876,2,"",M,NaN,,,0,NaN,,,M,397.567,2,"",396.081,2,"",NaN,,,NaN,,
2024-10-24T21:02:12.000Z,5.272,2,"",M,61.083,2,"",M,6.000,2,"",N,12.081,2,"",M,31.501,2,"",M,12.550,2,"",M,1017.920,2,"",M,410.805,2,"",M,NaN,,,0,NaN,,,M,398.911,2,"",397.417,2,"",NaN,,,NaN,,
2024-10-24T21:04:04.000Z,5.263,2,"",M,61.085,2,"",M,6.000,2,"",N,12.037,2,"",M,31.430,2,"",M,12.490,2,"",M,1018.050,2,"",M,409.622,2,"",M,NaN,,,0,NaN,,,M,398.105,2,"",396.613,2,"",NaN,,,NaN,,
2024-10-24T21:05:56.000Z,5.253,2,"",M,61.086,2,"",M,6.000,2,"",N,11.973,2,"",M,31.270,2,"",M,12.450,2,"",M,1018.060,2,"",M,408.649,2,"",M,NaN,,,0,NaN,,,M,396.772,2,"",395.284,2,"",NaN,,,NaN,,
2024-10-24T21:07:48.000Z,5.244,2,"",M,61.087,2,"",M,6.000,2,"",N,11.977,2,"",M,31.209,2,"",M,12.390,2,"",M,1018.070,2,"",M,408.548,2,"",M,NaN,,,0,NaN,,,M,397.775,2,"",396.283,2,"",NaN,,,NaN,,
2024-10-24T21:09:41.000Z,5.235,2,"",M,61.089,2,"",M,6.000,2,"",N,12.003,2,"",M,31.307,2,"",M,12.390,2,"",M,1018.080,2,"",M,408.106,2,"",M,NaN,,,0,NaN,,,M,397.794,2,"",396.301,2,"",NaN,,,NaN,,
2024-10-24T21:11:32.000Z,5.226,2,"",M,61.090,2,"",M,6.000,2,"",N,12.061,2,"",M,31.417,2,"",M,12.420,2,"",M,1017.980,2,"",M,408.475,2,"",M,NaN,,,0,NaN,,,M,398.581,2,"",397.086,2,"",NaN,,,NaN,,
2024-10-24T21:13:25.000Z,5.217,2,"",M,61.092,2,"",M,6.000,2,"",N,12.123,2,"",M,31.560,2,"",M,12.470,2,"",M,1017.980,2,"",M,408.714,2,"",M,NaN,,,0,NaN,,,M,398.993,2,"",397.497,2,"",NaN,,,NaN,,
2024-10-24T21:15:17.000Z,5.208,2,"",M,61.093,2,"",M,6.000,2,"",N,12.129,2,"",M,31.661,2,"",M,12.520,2,"",M,1018.000,2,"",M,408.993,2,"",M,NaN,,,0,NaN,,,M,398.519,2,"",397.026,2,"",NaN,,,NaN,,
2024-10-24T21:17:09.000Z,5.199,2,"",M,61.095,2,"",M,6.000,2,"",N,12.167,2,"",M,31.807,2,"",M,12.540,2,"",M,1017.930,2,"",M,409.242,2,"",M,NaN,,,0,NaN,,,M,399.024,2,"",397.530,2,"",NaN,,,NaN,,
2024-10-24T21:19:02.000Z,5.190,2,"",M,61.096,2,"",M,6.000,2,"",N,12.220,2,"",M,31.763,2,"",M,12.600,2,"",M,1017.980,2,"",M,409.461,2,"",M,NaN,,,0,NaN,,,M,399.115,2,"",397.621,2,"",NaN,,,NaN,,
2024-10-24T21:20:53.000Z,5.181,2,"",M,61.098,2,"",M,6.000,2,"",N,12.339,2,"",M,32.022,2,"",M,12.630,2,"",M,1018.040,2,"",M,409.249,2,"",M,NaN,,,0,NaN,,,M,400.420,2,"",398.922,2,"",NaN,,,NaN,,
2024-10-24T21:22:46.000Z,5.172,2,"",M,61.099,2,"",M,6.000,2,"",N,12.331,2,"",M,32.008,2,"",M,12.730,2,"",M,1017.790,2,"",M,409.809,2,"",M,NaN,,,0,NaN,,,M,399.004,2,"",397.514,2,"",NaN,,,NaN,,
2024-10-24T21:24:38.000Z,5.164,2,"",M,61.098,2,"",M,6.000,2,"",N,12.331,2,"",M,32.002,2,"",M,12.730,2,"",M,1017.820,2,"",M,411.009,2,"",M,NaN,,,0,NaN,,,M,400.185,2,"",398.690,2,"",NaN,,,NaN,,
2024-10-24T21:26:30.000Z,5.155,2,"",M,61.097,2,"",M,6.000,2,"",N,12.324,2,"",M,31.999,2,"",M,12.730,2,"",M,1017.880,2,"",M,411.208,2,"",M,NaN,,,0,NaN,,,M,400.295,2,"",398.800,2,"",NaN,,,NaN,,
2024-10-24T21:28:22.000Z,5.146,2,"",M,61.097,2,"",M,6.000,2,"",N,12.330,2,"",M,32.002,2,"",M,12.730,2,"",M,1017.700,2,"",M,411.577,2,"",M,NaN,,,0,NaN,,,M,400.679,2,"",399.183,2,"",NaN,,,NaN,,
2024-10-24T21:30:14.000Z,5.138,2,"",M,61.096,2,"",M,6.000,2,"",N,12.355,2,"",M,32.030,2,"",M,12.740,2,"",M,1017.820,2,"",M,412.016,2,"",M,NaN,,,0,NaN,,,M,401.406,2,"",399.906,2,"",NaN,,,NaN,,
2024-10-24T21:32:07.000Z,5.129,2,"",M,61.095,2,"",M,6.000,2,"",N,12.355,2,"",M,32.020,2,"",M,12.760,2,"",M,1017.180,2,"",M,412.195,2,"",M,NaN,,,0,NaN,,,M,400.976,2,"",399.480,2,"",NaN,,,NaN,,
2024-10-24T21:36:36.000Z,5.109,2,"",M,61.093,2,"",M,6.000,2,"",N,NaN,,,M,NaN,,,M,NaN,,,M,NaN,,,M,NaN,,,0,NaN,,,0,NaN,,,M,NaN,,,NaN,,,NaN,,,NaN,,
2024-10-24T21:38:26.000Z,5.101,2,"",M,61.093,2,"",M,6.000,2,"",N,NaN,,,M,NaN,,,M,NaN,,,M,NaN,,,M,NaN,,,0,NaN,,,0,NaN,,,M,NaN,,,NaN,,,NaN,,,NaN,,
2024-10-24T21:40:16.000Z,5.094,2,"",M,61.092,2,"",M,6.000,2,"",N,NaN,,,M,NaN,,,M,NaN,,,M,NaN,,,M,NaN,,,0,NaN,,,0,NaN,,,M,NaN,,,NaN,,,NaN,,,NaN,,
2024-10-24T21:44:46.000Z,5.075,2,"",M,61.090,2,"",M,6.000,2,"",N,NaN,,,M,NaN,,,M,NaN,,,M,NaN,,,M,NaN,,,0,NaN,,,0,NaN,,,M,NaN,,,NaN,,,NaN,,,NaN,,
2024-10-24T21:46:35.000Z,5.067,2,"",M,61.088,2,"",M,6.000,2,"",N,NaN,,,M,NaN,,,M,NaN,,,M,NaN,,,M,NaN,,,0,NaN,,,0,NaN,,,M,NaN,,,NaN,,,NaN,,,NaN,,
2024-10-24T21:48:25.000Z,5.060,2,"",M,61.087,2,"",M,6.000,2,"",N,NaN,,,M,NaN,,,M,NaN,,,M,NaN,,,M,NaN,,,0,NaN,,,0,NaN,,,M,NaN,,,NaN,,,NaN,,,NaN,,
2024-10-24T21:52:55.000Z,5.051,2,"",M,61.084,2,"",M,6.000,2,"",N,NaN,,,M,NaN,,,M,NaN,,,M,NaN,,,M,NaN,,,0,NaN,,,0,NaN,,,M,NaN,,,NaN,,,NaN,,,NaN,,
2024-10-24T21:55:05.000Z,5.051,2,"",M,61.084,2,"",M,6.000,2,"",N,NaN,,,M,NaN,,,M,NaN,,,M,NaN,,,M,NaN,,,0,NaN,,,0,NaN,,,M,NaN,,,NaN,,,NaN,,,NaN,,
2024-10-24T21:56:55.000Z,5.051,2,"",M,61.084,2,"",M,6.000,2,"",N,NaN,,,M,NaN,,,M,NaN,,,M,NaN,,,M,NaN,,,0,NaN,,,0,NaN,,,M,NaN,,,NaN,,,NaN,,,NaN,,
2024-10-24T22:01:25.000Z,5.052,2,"",M,61.085,2,"",M,6.000,2,"",N,12.364,2,"",M,32.018,2,"",M,NaN,,,M,NaN,,,M,NaN,,,0,427.545,2,"",M,1016.100,2,"",M,NaN,,,NaN,,,423.822,2,"",422.230,2,""
2024-10-24T22:03:15.000Z,5.051,2,"",M,61.085,2,"",M,6.000,2,"",N,12.386,2,"",M,32.068,2,"",M,NaN,,,M,NaN,,,M,NaN,,,0,427.585,2,"",M,1016.300,2,"",M,NaN,,,NaN,,,423.938,2,"",422.346,2,""
2024-10-24T22:05:05.000Z,5.051,2,"",M,61.085,2,"",M,6.000,2,"",N,12.370,2,"",M,31.991,2,"",M,NaN,,,M,NaN,,,M,NaN,,,0,427.345,2,"",M,1016.300,2,"",M,NaN,,,NaN,,,423.706,2,"",422.115,2,""
2024-10-24T22:06:54.000Z,5.051,2,"",M,61.085,2,"",M,6.000,2,"",N,12.363,2,"",M,32.087,2,"",M,NaN,,,M,NaN,,,M,NaN,,,0,427.375,2,"",M,1016.300,2,"",M,NaN,,,NaN,,,423.740,2,"",422.148,2,""
2024-10-24T22:08:44.000Z,5.051,2,"",M,61.085,2,"",M,6.000,2,"",N,12.349,2,"",M,31.984,2,"",M,NaN,,,M,NaN,,,M,NaN,,,0,427.416,2,"",M,1016.300,2,"",M,NaN,,,NaN,,,423.785,2,"",422.193,2,""
2024-10-24T22:13:54.000Z,5.051,2,"",M,61.085,2,"",M,6.000,2,"",N,12.347,2,"",M,31.971,2,"",M,12.750,2,"",M,-0.190,4,"Out of range",M,413.461,2,"",M,NaN,,,0,NaN,,,M,-5.879,4,"Equilibrator Pressure Out of range",-5.879,4,"Equilibrator Pressure Out of range",NaN,,,NaN,,
2024-10-24T22:15:47.000Z,5.051,2,"",M,61.085,2,"",M,6.000,2,"",N,12.347,2,"",M,31.967,2,"",M,12.750,2,"",M,1017.580,2,"",M,413.872,2,"",M,NaN,,,0,NaN,,,M,402.807,2,"",401.303,2,"",NaN,,,NaN,,
2024-10-24T22:17:39.000Z,5.052,2,"",M,61.085,2,"",M,6.000,2,"",N,12.349,2,"",M,31.970,2,"",M,12.750,2,"",M,1017.460,2,"",M,413.522,2,"",M,NaN,,,0,NaN,,,M,402.455,2,"",400.952,2,"",NaN,,,NaN,,
2024-10-24T22:19:31.000Z,5.052,2,"",M,61.086,2,"",M,6.000,2,"",N,12.354,2,"",M,31.977,2,"",M,12.750,2,"",M,1017.190,2,"",M,413.733,2,"",M,NaN,,,0,NaN,,,M,402.636,2,"",401.133,2,"",NaN,,,NaN,,
2024-10-24T22:21:24.000Z,5.051,2,"",M,61.087,2,"",M,6.000,2,"",N,12.341,2,"",M,31.972,2,"",M,12.750,2,"",M,1017.340,2,"",M,413.653,2,"",M,NaN,,,0,NaN,,,M,402.393,2,"",400.891,2,"",NaN,,,NaN,,
2024-10-24T22:23:16.000Z,5.046,2,"",M,61.085,2,"",M,6.000,2,"",N,12.347,2,"",M,31.982,2,"",M,12.740,2,"",M,1016.960,2,"",M,413.734,2,"",M,NaN,,,0,NaN,,,M,402.590,2,"",401.087,2,"",NaN,,,NaN,,
2024-10-24T22:25:08.000Z,5.040,2,"",M,61.083,2,"",M,6.000,2,"",N,12.339,2,"",M,31.935,2,"",M,12.760,2,"",M,1016.990,2,"",M,413.824,2,"",M,NaN,,,0,NaN,,,M,402.218,2,"",400.717,2,"",NaN,,,NaN,,
2024-10-24T22:27:00.000Z,5.035,2,"",M,61.081,2,"",M,6.000,2,"",N,12.337,2,"",M,31.922,2,"",M,12.750,2,"",M,1017.180,2,"",M,413.975,2,"",M,NaN,,,0,NaN,,,M,402.571,2,"",401.069,2,"",NaN,,,NaN,,
2024-10-24T22:28:52.000Z,5.030,2,"",M,61.079,2,"",M,6.000,2,"",N,12.339,2,"",M,31.962,2,"",M,12.740,2,"",M,1017.010,2,"",M,413.805,2,"",M,NaN,,,0,NaN,,,M,402.551,2,"",401.048,2,"",NaN,,,NaN,,
2024-10-24T22:30:45.000Z,5.027,2,"",M,61.078,2,"",M,6.000,2,"",N,12.350,2,"",M,31.992,2,"",M,12.750,2,"",M,1016.870,2,"",M,414.056,2,"",M,NaN,,,0,NaN,,,M,402.751,2,"",401.248,2,"",NaN,,,NaN,,
2024-10-24T22:32:37.000Z,5.023,2,"",M,61.076,2,"",M,6.000,2,"",N,12.401,2,"",M,32.133,2,"",M,12.750,2,"",M,1017.020,2,"",M,413.726,2,"",M,NaN,,,0,NaN,,,M,403.367,2,"",401.862,2,"",NaN,,,NaN,,
2024-10-24T22:34:29.000Z,5.019,2,"",M,61.075,2,"",M,6.000,2,"",N,12.408,2,"",M,32.204,2,"",M,12.800,2,"",M,1016.860,2,"",M,413.586,2,"",M,NaN,,,0,NaN,,,M,402.403,2,"",400.903,2,"",NaN,,,NaN,,
2024-10-24T22:36:21.000Z,5.016,2,"",M,61.073,2,"",M,6.000,2,"",N,12.400,2,"",M,32.187,2,"",M,12.810,2,"",M,1016.810,2,"",M,413.767,2,"",M,NaN,,,0,NaN,,,M,402.250,2,"",400.751,2,"",NaN,,,NaN,,
2024-10-24T22:38:14.000Z,5.011,2,"",M,61.071,2,"",M,6.000,2,"",N,12.403,2,"",M,32.187,2,"",M,12.810,2,"",M,1016.780,2,"",M,413.727,2,"",M,NaN,,,0,NaN,,,M,402.260,2,"",400.760,2,"",NaN,,,NaN,,
2024-10-24T22:40:06.000Z,5.006,2,"",M,61.069,2,"",M,6.000,2,"",N,12.379,2,"",M,32.173,2,"",M,12.810,2,"",M,1016.670,2,"",M,414.088,2,"",M,NaN,,,0,NaN,,,M,402.153,2,"",400.654,2,"",NaN,,,NaN,,
2024-10-24T22:41:58.000Z,4.999,2,"",M,61.067,2,"",M,6.000,2,"",N,12.373,2,"",M,32.137,2,"",M,12.790,2,"",M,1016.770,2,"",M,413.848,2,"",M,NaN,,,0,NaN,,,M,402.213,2,"",400.714,2,"",NaN,,,NaN,,
2024-10-24T22:43:50.000Z,4.993,2,"",M,61.065,2,"",M,6.000,2,"",N,12.356,2,"",M,32.107,2,"",M,12.780,2,"",M,1016.760,2,"",M,414.169,2,"",M,NaN,,,0,NaN,,,M,402.399,2,"",400.898,2,"",NaN,,,NaN,,
2024-10-24T22:45:42.000Z,4.987,2,"",M,61.063,2,"",M,6.000,2,"",N,12.337,2,"",M,32.055,2,"",M,12.760,2,"",M,1016.630,2,"",M,414.510,2,"",M,NaN,,,0,NaN,,,M,402.702,2,"",401.200,2,"",NaN,,,NaN,,
2024-10-24T22:47:35.000Z,4.981,2,"",M,61.061,2,"",M,6.000,2,"",N,12.338,2,"",M,32.083,2,"",M,12.740,2,"",M,1016.920,2,"",M,414.600,2,"",M,NaN,,,0,NaN,,,M,403.266,2,"",401.762,2,"",NaN,,,NaN,,
2024-10-24T22:49:27.000Z,4.975,2,"",M,61.059,2,"",M,6.000,2,"",N,12.328,2,"",M,32.048,2,"",M,12.740,2,"",M,1016.890,2,"",M,414.871,2,"",M,NaN,,,0,NaN,,,M,403.351,2,"",401.846,2,"",NaN,,,NaN,,
2024-10-24T22:51:19.000Z,4.968,2,"",M,61.057,2,"",M,6.000,2,"",N,12.304,2,"",M,32.033,2,"",M,12.730,2,"",M,1016.810,2,"",M,414.821,2,"",M,NaN,,,0,NaN,,,M,403.037,2,"",401.533,2,"",NaN,,,NaN,,
2024-10-24T22:53:33.000Z,4.961,2,"",M,61.054,2,"",M,6.000,2,"",N,12.289,2,"",M,31.983,2,"",M,12.720,2,"",M,1016.600,2,"",M,414.992,2,"",M,NaN,,,0,NaN,,,M,403.044,2,"",401.540,2,"",NaN,,,NaN,,
2024-10-24T22:55:25.000Z,4.955,2,"",M,61.053,2,"",M,6.000,2,"",N,12.277,2,"",M,31.964,2,"",M,12.700,2,"",M,1016.810,2,"",M,415.573,2,"",M,NaN,,,0,NaN,,,M,403.834,2,"",402.327,2,"",NaN,,,NaN,,
2024-10-24T22:57:17.000Z,4.949,2,"",M,61.050,2,"",M,6.000,2,"",N,12.316,2,"",M,32.030,2,"",M,12.690,2,"",M,1016.750,2,"",M,415.894,2,"",M,NaN,,,0,NaN,,,M,404.966,2,"",403.454,2,"",NaN,,,NaN,,
2024-10-24T22:59:09.000Z,4.943,2,"",M,61.048,2,"",M,6.000,2,"",N,12.313,2,"",M,32.029,2,"",M,12.730,2,"",M,1016.680,2,"",M,415.574,2,"",M,NaN,,,0,NaN,,,M,403.871,2,"",402.364,2,"",NaN,,,NaN,,
2024-10-24T23:01:02.000Z,4.937,2,"",M,61.046,2,"",M,6.000,2,"",N,12.302,2,"",M,32.060,2,"",M,12.720,2,"",M,1016.570,2,"",M,415.844,2,"",M,NaN,,,0,NaN,,,M,404.078,2,"",402.570,2,"",NaN,,,NaN,,
2024-10-24T23:02:54.000Z,4.931,2,"",M,61.044,2,"",M,6.000,2,"",N,12.444,2,"",M,32.272,2,"",M,12.720,2,"",M,1016.390,2,"",M,415.905,2,"",M,NaN,,,0,NaN,,,M,406.502,2,"",404.986,2,"",NaN,,,NaN,,
2024-10-24T23:04:46.000Z,4.925,2,"",M,61.042,2,"",M,6.000,2,"",N,12.448,2,"",M,32.267,2,"",M,12.840,2,"",M,1016.550,2,"",M,415.345,2,"",M,NaN,,,0,NaN,,,M,403.975,2,"",402.470,2,"",NaN,,,NaN,,
2024-10-24T23:06:38.000Z,4.919,2,"",M,61.040,2,"",M,6.000,2,"",N,12.437,2,"",M,32.260,2,"",M,12.840,2,"",M,1016.760,2,"",M,415.055,2,"",M,NaN,,,0,NaN,,,M,403.592,2,"",402.088,2,"",NaN,,,NaN,,
2024-10-24T23:08:30.000Z,4.913,2,"",M,61.038,2,"",M,6.000,2,"",N,12.430,2,"",M,32.246,2,"",M,12.850,2,"",M,1016.850,2,"",M,414.855,2,"",M,NaN,,,0,NaN,,,M,403.137,2,"",401.635,2,"",NaN,,,NaN,,
2024-10-24T23:10:23.000Z,4.907,2,"",M,61.036,2,"",M,6.000,2,"",N,12.437,2,"",M,32.237,2,"",M,12.840,2,"",M,1016.820,2,"",M,414.695,2,"",M,NaN,,,0,NaN,,,M,403.273,2,"",401.770,2,"",NaN,,,NaN,,
2024-10-24T23:12:15.000Z,4.901,2,"",M,61.034,2,"",M,6.000,2,"",N,12.431,2,"",M,32.244,2,"",M,12.840,2,"",M,1016.630,2,"",M,414.946,2,"",M,NaN,,,0,NaN,,,M,403.337,2,"",401.834,2,"",NaN,,,NaN,,
2024-10-24T23:14:07.000Z,4.894,2,"",M,61.032,2,"",M,6.000,2,"",N,12.431,2,"",M,32.238,2,"",M,12.840,2,"",M,1016.790,2,"",M,414.886,2,"",M,NaN,,,0,NaN,,,M,403.337,2,"",401.834,2,"",NaN,,,NaN,,
2024-10-24T23:15:59.000Z,4.888,2,"",M,61.030,2,"",M,6.000,2,"",N,12.428,2,"",M,32.231,2,"",M,12.830,2,"",M,1016.700,2,"",M,415.057,2,"",M,NaN,,,0,NaN,,,M,403.592,2,"",402.088,2,"",NaN,,,NaN,,
2024-10-24T23:17:52.000Z,4.882,2,"",M,61.028,2,"",M,6.000,2,"",N,12.433,2,"",M,32.236,2,"",M,12.830,2,"",M,1016.470,2,"",M,415.177,2,"",M,NaN,,,0,NaN,,,M,403.709,2,"",402.205,2,"",NaN,,,NaN,,
2024-10-24T23:19:44.000Z,4.876,2,"",M,61.026,2,"",M,6.000,2,"",N,12.438,2,"",M,32.243,2,"",M,12.840,2,"",M,1016.530,2,"",M,415.258,2,"",M,NaN,,,0,NaN,,,M,403.718,2,"",402.214,2,"",NaN,,,NaN,,
2024-10-24T23:21:36.000Z,4.870,2,"",M,61.024,2,"",M,6.000,2,"",N,12.435,2,"",M,32.245,2,"",M,12.840,2,"",M,1016.440,2,"",M,415.538,2,"",M,NaN,,,0,NaN,,,M,403.904,2,"",402.400,2,"",NaN,,,NaN,,
2024-10-24T23:23:28.000Z,4.864,2,"",M,61.022,2,"",M,6.000,2,"",N,12.440,2,"",M,32.248,2,"",M,12.850,2,"",M,1016.280,2,"",M,415.379,2,"",M,NaN,,,0,NaN,,,M,403.599,2,"",402.096,2,"",NaN,,,NaN,,
2024-10-24T23:25:21.000Z,4.857,2,"",M,61.020,2,"",M,6.000,2,"",N,12.437,2,"",M,32.249,2,"",M,12.850,2,"",M,1016.250,2,"",M,415.359,2,"",M,NaN,,,0,NaN,,,M,403.518,2,"",402.015,2,"",NaN,,,NaN,,
2024-10-24T23:27:13.000Z,4.850,2,"",M,61.019,2,"",M,6.000,2,"",N,12.439,2,"",M,32.253,2,"",M,12.840,2,"",M,1016.175,2,"",M,415.450,2,"",M,NaN,,,0,NaN,,,M,403.772,2,"",402.269,2,"",NaN,,,NaN,,
2024-10-24T23:29:05.000Z,4.843,2,"",M,61.017,2,"",M,6.000,2,"",N,12.426,2,"",M,32.233,2,"",M,12.840,2,"",M,1016.290,2,"",M,415.610,2,"",M,NaN,,,0,NaN,,,M,403.761,2,"",402.257,2,"",NaN,,,NaN,,
2024-10-24T23:30:57.000Z,4.840,2,"",M,61.016,2,"",M,6.000,2,"",N,12.408,2,"",M,32.204,2,"",M,12.830,2,"",M,1016.280,2,"",M,415.611,2,"",M,NaN,,,0,NaN,,,M,403.622,2,"",402.119,2,"",NaN,,,NaN,,
2024-10-24T23:32:49.000Z,4.839,2,"",M,61.017,2,"",M,6.000,2,"",N,12.407,2,"",M,32.197,2,"",M,12.810,2,"",M,1016.410,2,"",M,416.232,2,"",M,NaN,,,0,NaN,,,M,404.600,2,"",403.093,2,"",NaN,,,NaN,,
2024-10-24T23:34:42.000Z,4.839,2,"",M,61.017,2,"",M,6.000,2,"",N,12.418,2,"",M,32.191,2,"",M,12.810,2,"",M,1016.470,2,"",M,416.012,2,"",M,NaN,,,0,NaN,,,M,404.614,2,"",403.106,2,"",NaN,,,NaN,,
2024-10-24T23:36:34.000Z,4.839,2,"",M,61.017,2,"",M,6.000,2,"",N,12.399,2,"",M,32.185,2,"",M,12.820,2,"",M,1016.400,2,"",M,416.463,2,"",M,NaN,,,0,NaN,,,M,404.515,2,"",403.008,2,"",NaN,,,NaN,,
2024-10-24T23:38:26.000Z,4.839,2,"",M,61.017,2,"",M,6.000,2,"",N,12.397,2,"",M,32.171,2,"",M,12.810,2,"",M,1016.550,2,"",M,416.493,2,"",M,NaN,,,0,NaN,,,M,404.753,2,"",403.245,2,"",NaN,,,NaN,,
2024-10-24T23:40:18.000Z,4.839,2,"",M,61.017,2,"",M,6.000,2,"",N,12.392,2,"",M,32.163,2,"",M,12.810,2,"",M,1016.510,2,"",M,416.483,2,"",M,NaN,,,0,NaN,,,M,404.630,2,"",403.122,2,"",NaN,,,NaN,,
2024-10-24T23:42:11.000Z,4.840,2,"",M,61.017,2,"",M,6.000,2,"",N,12.395,2,"",M,32.159,2,"",M,12.800,2,"",M,1016.520,2,"",M,416.944,2,"",M,NaN,,,0,NaN,,,M,405.313,2,"",403.802,2,"",NaN,,,NaN,,
2024-10-24T23:44:03.000Z,4.840,2,"",M,61.017,2,"",M,6.000,2,"",N,12.395,2,"",M,32.165,2,"",M,12.800,2,"",M,1016.500,2,"",M,416.704,2,"",M,NaN,,,0,NaN,,,M,405.068,2,"",403.558,2,"",NaN,,,NaN,,
2024-10-24T23:45:55.000Z,4.841,2,"",M,61.017,2,"",M,6.000,2,"",N,12.392,2,"",M,32.160,2,"",M,12.800,2,"",M,1016.610,2,"",M,416.975,2,"",M,NaN,,,0,NaN,,,M,405.336,2,"",403.826,2,"",NaN,,,NaN,,
2024-10-24T23:47:47.000Z,4.841,2,"",M,61.017,2,"",M,6.000,2,"",N,12.388,2,"",M,32.158,2,"",M,12.790,2,"",M,1016.630,2,"",M,416.485,2,"",M,NaN,,,0,NaN,,,M,404.975,2,"",403.466,2,"",NaN,,,NaN,,
2024-10-24T23:49:39.000Z,4.841,2,"",M,61.017,2,"",M,6.000,2,"",N,12.389,2,"",M,32.156,2,"",M,12.790,2,"",M,1016.450,2,"",M,416.846,2,"",M,NaN,,,0,NaN,,,M,405.270,2,"",403.760,2,"",NaN,,,NaN,,
2024-10-24T23:51:32.000Z,4.842,2,"",M,61.017,2,"",M,6.000,2,"",N,12.390,2,"",M,32.154,2,"",M,12.790,2,"",M,1016.580,2,"",M,416.666,2,"",M,NaN,,,0,NaN,,,M,405.156,2,"",403.645,2,"",NaN,,,NaN,,
2024-10-24T23:53:45.000Z,4.842,2,"",M,61.017,2,"",M,6.000,2,"",N,12.394,2,"",M,32.156,2,"",M,12.810,2,"",M,1016.600,2,"",M,416.466,2,"",M,NaN,,,0,NaN,,,M,404.695,2,"",403.187,2,"",NaN,,,NaN,,
2024-10-24T23:55:37.000Z,4.840,2,"",M,61.016,2,"",M,6.000,2,"",N,12.388,2,"",M,32.147,2,"",M,12.810,2,"",M,1016.630,2,"",M,416.837,2,"",M,NaN,,,0,NaN,,,M,404.960,2,"",403.451,2,"",NaN,,,NaN,,
2024-10-24T23:57:30.000Z,4.834,2,"",M,61.014,2,"",M,6.000,2,"",N,12.396,2,"",M,32.152,2,"",M,12.800,2,"",M,1016.445,2,"",M,416.857,2,"",M,NaN,,,0,NaN,,,M,405.218,2,"",403.708,2,"",NaN,,,NaN,,
2024-10-24T23:59:22.000Z,4.826,2,"",M,61.012,2,"",M,6.000,2,"",N,12.389,2,"",M,32.142,2,"",M,12.800,2,"",M,1016.300,2,"",M,416.878,2,"",M,NaN,,,0,NaN,,,M,405.063,2,"",403.554,2,"",NaN,,,NaN,,
2024-10-25T00:01:14.000Z,4.818,2,"",M,61.010,2,"",M,6.000,2,"",N,12.375,2,"",M,32.136,2,"",M,12.790,2,"",M,1016.350,2,"",M,416.828,2,"",M,NaN,,,0,NaN,,,M,404.961,2,"",403.452,2,"",NaN,,,NaN,,
2024-10-25T00:03:06.000Z,4.810,2,"",M,61.007,2,"",M,6.000,2,"",N,12.366,2,"",M,32.107,2,"",M,12.780,2,"",M,1016.560,2,"",M,416.658,2,"",M,NaN,,,0,NaN,,,M,404.899,2,"",403.389,2,"",NaN,,,NaN,,
2024-10-25T00:04:59.000Z,4.803,2,"",M,61.005,2,"",M,6.000,2,"",N,12.359,2,"",M,32.096,2,"",M,12.770,2,"",M,1016.510,2,"",M,416.799,2,"",M,NaN,,,0,NaN,,,M,405.077,2,"",403.566,2,"",NaN,,,NaN,,
2024-10-25T00:06:50.000Z,4.795,2,"",M,61.002,2,"",M,6.000,2,"",N,12.336,2,"",M,32.049,2,"",M,12.760,2,"",M,1016.650,2,"",M,417.100,2,"",M,NaN,,,0,NaN,,,M,405.210,2,"",403.699,2,"",NaN,,,NaN,,
2024-10-25T00:08:42.000Z,4.787,2,"",M,61.000,2,"",M,6.000,2,"",N,12.309,2,"",M,32.015,2,"",M,12.740,2,"",M,1016.420,2,"",M,416.850,2,"",M,NaN,,,0,NaN,,,M,404.768,2,"",403.258,2,"",NaN,,,NaN,,
2024-10-25T00:10:35.000Z,4.780,2,"",M,60.998,2,"",M,6.000,2,"",N,12.310,2,"",M,31.989,2,"",M,12.720,2,"",M,1016.150,2,"",M,416.730,2,"",M,NaN,,,0,NaN,,,M,404.906,2,"",403.396,2,"",NaN,,,NaN,,
2024-10-25T00:12:27.000Z,4.773,2,"",M,60.995,2,"",M,6.000,2,"",N,12.319,2,"",M,32.015,2,"",M,12.720,2,"",M,1016.300,2,"",M,417.081,2,"",M,NaN,,,0,NaN,,,M,405.456,2,"",403.944,2,"",NaN,,,NaN,,
2024-10-25T00:14:19.000Z,4.766,2,"",M,60.993,2,"",M,6.000,2,"",N,12.339,2,"",M,32.013,2,"",M,12.730,2,"",M,1016.380,2,"",M,417.451,2,"",M,NaN,,,0,NaN,,,M,406.012,2,"",404.498,2,"",NaN,,,NaN,,
2024-10-25T00:16:11.000Z,4.759,2,"",M,60.991,2,"",M,6.000,2,"",N,12.387,2,"",M,32.097,2,"",M,12.740,2,"",M,1016.610,2,"",M,417.502,2,"",M,NaN,,,0,NaN,,,M,406.811,2,"",405.293,2,"",NaN,,,NaN,,
2024-10-25T00:18:03.000Z,4.753,2,"",M,60.988,2,"",M,6.000,2,"",N,12.464,2,"",M,32.249,2,"",M,12.780,2,"",M,1016.290,2,"",M,417.692,2,"",M,NaN,,,0,NaN,,,M,407.486,2,"",405.967,2,"",NaN,,,NaN,,
2024-10-25T00:19:56.000Z,4.747,2,"",M,60.986,2,"",M,6.000,2,"",N,12.511,2,"",M,32.308,2,"",M,12.850,2,"",M,1016.070,2,"",M,417.092,2,"",M,NaN,,,0,NaN,,,M,406.396,2,"",404.883,2,"",NaN,,,NaN,,
2024-10-25T00:21:48.000Z,4.740,2,"",M,60.983,2,"",M,6.000,2,"",N,12.528,2,"",M,32.345,2,"",M,12.900,2,"",M,1016.150,2,"",M,416.833,2,"",M,NaN,,,0,NaN,,,M,405.593,2,"",404.084,2,"",NaN,,,NaN,,
2024-10-25T00:23:40.000Z,4.734,2,"",M,60.981,2,"",M,6.000,2,"",N,12.548,2,"",M,32.358,2,"",M,12.920,2,"",M,1016.120,2,"",M,415.842,2,"",M,NaN,,,0,NaN,,,M,404.596,2,"",403.091,2,"",NaN,,,NaN,,
2024-10-25T00:25:32.000Z,4.728,2,"",M,60.978,2,"",M,6.000,2,"",N,12.614,2,"",M,32.426,2,"",M,12.940,2,"",M,1016.040,2,"",M,415.332,2,"",M,NaN,,,0,NaN,,,M,404.848,2,"",403.343,2,"",NaN,,,NaN,,
2024-10-25T00:27:25.000Z,4.722,2,"",M,60.976,2,"",M,6.000,2,"",N,12.689,2,"",M,32.505,2,"",M,13.010,2,"",M,1016.080,2,"",M,414.602,2,"",M,NaN,,,0,NaN,,,M,404.218,2,"",402.716,2,"",NaN,,,NaN,,
2024-10-25T00:29:17.000Z,4.716,2,"",M,60.974,2,"",M,6.000,2,"",N,12.688,2,"",M,32.524,2,"",M,13.080,2,"",M,1016.080,2,"",M,412.671,2,"",M,NaN,,,0,NaN,,,M,401.106,2,"",399.617,2,"",NaN,,,NaN,,
2024-10-25T00:31:09.000Z,4.710,2,"",M,60.972,2,"",M,6.000,2,"",N,12.685,2,"",M,32.536,2,"",M,13.090,2,"",M,1015.680,2,"",M,411.020,2,"",M,NaN,,,0,NaN,,,M,399.104,2,"",397.623,2,"",NaN,,,NaN,,
2024-10-25T00:33:01.000Z,4.704,2,"",M,60.969,2,"",M,6.000,2,"",N,12.688,2,"",M,32.544,2,"",M,13.080,2,"",M,1015.820,2,"",M,409.590,2,"",M,NaN,,,0,NaN,,,M,398.001,2,"",396.524,2,"",NaN,,,NaN,,
2024-10-25T00:34:53.000Z,4.699,2,"",M,60.967,2,"",M,6.000,2,"",N,12.691,2,"",M,32.544,2,"",M,13.080,2,"",M,1015.990,2,"",M,409.780,2,"",M,NaN,,,0,NaN,,,M,398.305,2,"",396.827,2,"",NaN,,,NaN,,
2024-10-25T00:36:46.000Z,4.693,2,"",M,60.965,2,"",M,6.000,2,"",N,12.694,2,"",M,32.547,2,"",M,13.080,2,"",M,1015.990,2,"",M,409.420,2,"",M,NaN,,,0,NaN,,,M,398.001,2,"",396.524,2,"",NaN,,,NaN,,
2024-10-25T00:38:38.000Z,4.689,2,"",M,60.962,2,"",M,6.000,2,"",N,12.693,2,"",M,32.553,2,"",M,13.090,2,"",M,1016.200,2,"",M,409.211,2,"",M,NaN,,,0,NaN,,,M,397.701,2,"",396.225,2,"",NaN,,,NaN,,
2024-10-25T00:40:30.000Z,4.686,2,"",M,60.959,2,"",M,6.000,2,"",N,12.696,2,"",M,32.556,2,"",M,13.090,2,"",M,1015.920,2,"",M,409.581,2,"",M,NaN,,,0,NaN,,,M,398.000,2,"",396.523,2,"",NaN,,,NaN,,
2024-10-25T00:42:22.000Z,4.683,2,"",M,60.955,2,"",M,6.000,2,"",N,12.695,2,"",M,32.559,2,"",M,13.100,2,"",M,1015.920,2,"",M,409.802,2,"",M,NaN,,,0,NaN,,,M,398.015,2,"",396.538,2,"",NaN,,,NaN,,
2024-10-25T00:44:15.000Z,4.680,2,"",M,60.952,2,"",M,6.000,2,"",N,12.698,2,"",M,32.553,2,"",M,13.090,2,"",M,1016.260,2,"",M,409.802,2,"",M,NaN,,,0,NaN,,,M,398.386,2,"",396.907,2,"",NaN,,,NaN,,
2024-10-25T00:46:07.000Z,4.678,2,"",M,60.949,2,"",M,6.000,2,"",N,12.705,2,"",M,32.552,2,"",M,13.100,2,"",M,1016.040,2,"",M,410.143,2,"",M,NaN,,,0,NaN,,,M,398.566,2,"",397.087,2,"",NaN,,,NaN,,
2024-10-25T00:47:59.000Z,4.675,2,"",M,60.945,2,"",M,6.000,2,"",N,12.724,2,"",M,32.551,2,"",M,13.100,2,"",M,1016.050,2,"",M,410.073,2,"",M,NaN,,,0,NaN,,,M,398.824,2,"",397.344,2,"",NaN,,,NaN,,
2024-10-25T00:49:51.000Z,4.672,2,"",M,60.942,2,"",M,6.000,2,"",N,12.721,2,"",M,32.558,2,"",M,13.110,2,"",M,1015.890,2,"",M,410.384,2,"",M,NaN,,,0,NaN,,,M,398.841,2,"",397.361,2,"",NaN,,,NaN,,
2024-10-25T00:51:44.000Z,4.669,2,"",M,60.938,2,"",M,6.000,2,"",N,12.742,2,"",M,32.531,2,"",M,13.110,2,"",M,1016.310,2,"",M,410.094,2,"",M,NaN,,,0,NaN,,,M,399.080,2,"",397.599,2,"",NaN,,,NaN,,
2024-10-25T00:53:57.000Z,4.666,2,"",M,60.935,2,"",M,6.000,2,"",N,12.750,2,"",M,32.518,2,"",M,13.140,2,"",M,1015.720,2,"",M,409.845,2,"",M,NaN,,,0,NaN,,,M,398.221,2,"",396.744,2,"",NaN,,,NaN,,
2024-10-25T00:55:49.000Z,4.663,2,"",M,60.932,2,"",M,6.000,2,"",N,12.756,2,"",M,32.510,2,"",M,13.150,2,"",M,1016.300,2,"",M,409.895,2,"",M,NaN,,,0,NaN,,,M,398.435,2,"",396.957,2,"",NaN,,,NaN,,
2024-10-25T00:57:41.000Z,4.661,2,"",M,60.929,2,"",M,6.000,2,"",N,12.759,2,"",M,32.503,2,"",M,13.150,2,"",M,1016.110,2,"",M,409.725,2,"",M,NaN,,,0,NaN,,,M,398.237,2,"",396.760,2,"",NaN,,,NaN,,
2024-10-25T00:59:34.000Z,4.659,2,"",M,60.927,2,"",M,6.000,2,"",N,12.759,2,"",M,32.494,2,"",M,13.160,2,"",M,1016.310,2,"",M,409.866,2,"",M,NaN,,,0,NaN,,,M,398.290,2,"",396.812,2,"",NaN,,,NaN,,
2024-10-25T01:01:26.000Z,4.656,2,"",M,60.924,2,"",M,6.000,2,"",N,12.758,2,"",M,32.487,2,"",M,13.150,2,"",M,1015.550,2,"",M,409.756,2,"",M,NaN,,,0,NaN,,,M,398.032,2,"",396.556,2,"",NaN,,,NaN,,
2024-10-25T01:03:18.000Z,4.653,2,"",M,60.920,2,"",M,6.000,2,"",N,12.757,2,"",M,32.482,2,"",M,13.150,2,"",M,1015.510,2,"",M,409.246,2,"",M,NaN,,,0,NaN,,,M,397.506,2,"",396.033,2,"",NaN,,,NaN,,
2024-10-25T01:05:10.000Z,4.650,2,"",M,60.918,2,"",M,6.000,2,"",N,12.754,2,"",M,32.478,2,"",M,13.150,2,"",M,1015.830,2,"",M,409.297,2,"",M,NaN,,,0,NaN,,,M,397.630,2,"",396.156,2,"",NaN,,,NaN,,
2024-10-25T01:07:03.000Z,4.647,2,"",M,60.915,2,"",M,6.000,2,"",N,12.751,2,"",M,32.480,2,"",M,13.150,2,"",M,1015.970,2,"",M,409.097,2,"",M,NaN,,,0,NaN,,,M,397.442,2,"",395.968,2,"",NaN,,,NaN,,
2024-10-25T01:08:55.000Z,4.644,2,"",M,60.912,2,"",M,6.000,2,"",N,12.747,2,"",M,32.488,2,"",M,13.150,2,"",M,1015.490,2,"",M,408.807,2,"",M,NaN,,,0,NaN,,,M,396.896,2,"",395.425,2,"",NaN,,,NaN,,
2024-10-25T01:10:47.000Z,4.641,2,"",M,60.909,2,"",M,6.000,2,"",N,12.726,2,"",M,32.510,2,"",M,13.150,2,"",M,1015.720,2,"",M,409.318,2,"",M,NaN,,,0,NaN,,,M,397.138,2,"",395.665,2,"",NaN,,,NaN,,
2024-10-25T01:12:39.000Z,4.637,2,"",M,60.906,2,"",M,6.000,2,"",N,12.735,2,"",M,32.494,2,"",M,13.130,2,"",M,1015.120,2,"",M,409.599,2,"",M,NaN,,,0,NaN,,,M,397.665,2,"",396.191,2,"",NaN,,,NaN,,
2024-10-25T01:14:32.000Z,4.630,2,"",M,60.904,2,"",M,6.000,2,"",N,12.752,2,"",M,32.497,2,"",M,13.130,2,"",M,1015.960,2,"",M,409.559,2,"",M,NaN,,,0,NaN,,,M,398.244,2,"",396.767,2,"",NaN,,,NaN,,
2024-10-25T01:16:23.000Z,4.622,2,"",M,60.904,2,"",M,6.000,2,"",N,12.762,2,"",M,32.453,2,"",M,13.140,2,"",M,1015.290,2,"",M,409.840,2,"",M,NaN,,,0,NaN,,,M,398.245,2,"",396.769,2,"",NaN,,,NaN,,
2024-10-25T01:18:15.000Z,4.613,2,"",M,60.904,2,"",M,6.000,2,"",N,12.767,2,"",M,32.445,2,"",M,13.150,2,"",M,1015.920,2,"",M,409.440,2,"",M,NaN,,,0,NaN,,,M,398.013,2,"",396.537,2,"",NaN,,,NaN,,
2024-10-25T01:20:08.000Z,4.604,2,"",M,60.903,2,"",M,6.000,2,"",N,12.769,2,"",M,32.440,2,"",M,13.160,2,"",M,1015.660,2,"",M,409.400,2,"",M,NaN,,,0,NaN,,,M,397.745,2,"",396.271,2,"",NaN,,,NaN,,
2024-10-25T01:24:38.000Z,4.583,2,"",M,60.903,2,"",M,6.000,2,"",N,NaN,,,M,NaN,,,M,NaN,,,M,NaN,,,M,NaN,,,0,NaN,,,0,NaN,,,M,NaN,,,NaN,,,NaN,,,NaN,,
2024-10-25T01:26:27.000Z,4.575,2,"",M,60.903,2,"",M,6.000,2,"",N,NaN,,,M,NaN,,,M,NaN,,,M,NaN,,,M,NaN,,,0,NaN,,,0,NaN,,,M,NaN,,,NaN,,,NaN,,,NaN,,
2024-10-25T01:28:17.000Z,4.567,2,"",M,60.903,2,"",M,6.000,2,"",N,NaN,,,M,NaN,,,M,NaN,,,M,NaN,,,M,NaN,,,0,NaN,,,0,NaN,,,M,NaN,,,NaN,,,NaN,,,NaN,,
2024-10-25T01:32:46.000Z,4.547,2,"",M,60.902,2,"",M,6.000,2,"",N,NaN,,,M,NaN,,,M,NaN,,,M,NaN,,,M,NaN,,,0,NaN,,,0,NaN,,,M,NaN,,,NaN,,,NaN,,,NaN,,
2024-10-25T01:34:36.000Z,4.539,2,"",M,60.903,2,"",M,6.000,2,"",N,NaN,,,M,NaN,,,M,NaN,,,M,NaN,,,M,NaN,,,0,NaN,,,0,NaN,,,M,NaN,,,NaN,,,NaN,,,NaN,,
2024-10-25T01:36:26.000Z,4.530,2,"",M,60.905,2,"",M,6.000,2,"",N,NaN,,,M,NaN,,,M,NaN,,,M,NaN,,,M,NaN,,,0,NaN,,,0,NaN,,,M,NaN,,,NaN,,,NaN,,,NaN,,
2024-10-25T01:40:56.000Z,4.509,2,"",M,60.909,2,"",M,6.000,2,"",N,NaN,,,M,NaN,,,M,NaN,,,M,NaN,,,M,NaN,,,0,NaN,,,0,NaN,,,M,NaN,,,NaN,,,NaN,,,NaN,,
2024-10-25T01:42:45.000Z,4.500,2,"",M,60.911,2,"",M,6.000,2,"",N,NaN,,,M,NaN,,,M,NaN,,,M,NaN,,,M,NaN,,,0,NaN,,,0,NaN,,,M,NaN,,,NaN,,,NaN,,,NaN,,
2024-10-25T01:44:35.000Z,4.492,2,"",M,60.913,2,"",M,6.000,2,"",N,NaN,,,M,NaN,,,M,NaN,,,M,NaN,,,M,NaN,,,0,NaN,,,0,NaN,,,M,NaN,,,NaN,,,NaN,,,NaN,,
2024-10-25T01:49:05.000Z,4.470,2,"",M,60.917,2,"",M,6.000,2,"",N,12.802,2,"",M,32.419,2,"",M,NaN,,,M,NaN,,,M,NaN,,,0,428.353,2,"",M,1016.100,2,"",M,NaN,,,NaN,,,424.449,2,"",422.864,2,""
2024-10-25T01:50:54.000Z,4.462,2,"",M,60.919,2,"",M,6.000,2,"",N,12.808,2,"",M,32.417,2,"",M,NaN,,,M,NaN,,,M,NaN,,,0,428.113,2,"",M,1015.900,2,"",M,NaN,,,NaN,,,424.124,2,"",422.540,2,""
2024-10-25T01:52:44.000Z,4.453,2,"",M,60.920,2,"",M,6.000,2,"",N,12.809,2,"",M,32.418,2,"",M,NaN,,,M,NaN,,,M,NaN,,,0,428.202,2,"",M,1016.000,2,"",M,NaN,,,NaN,,,424.255,2,"",422.671,2,""
2024-10-25T01:54:55.000Z,4.442,2,"",M,60.923,2,"",M,6.000,2,"",N,12.811,2,"",M,32.419,2,"",M,NaN,,,M,NaN,,,M,NaN,,,0,428.252,2,"",M,1016.100,2,"",M,NaN,,,NaN,,,424.346,2,"",422.761,2,""
2024-10-25T01:56:45.000Z,4.433,2,"",M,60.925,2,"",M,6.000,2,"",N,12.817,2,"",M,32.426,2,"",M,NaN,,,M,NaN,,,M,NaN,,,0,428.232,2,"",M,1016.000,2,"",M,NaN,,,NaN,,,424.281,2,"",422.697,2,""
2024-10-25T02:01:55.000Z,4.407,2,"",M,60.930,2,"",M,6.000,2,"",N,12.821,2,"",M,32.439,2,"",M,13.210,2,"",M,1015.910,2,"",M,408.559,2,"",M,NaN,,,0,NaN,,,M,397.033,2,"",395.562,2,"",NaN,,,NaN,,
2024-10-25T02:03:48.000Z,4.397,2,"",M,60.932,2,"",M,6.000,2,"",N,12.824,2,"",M,32.450,2,"",M,13.210,2,"",M,1015.440,2,"",M,408.779,2,"",M,NaN,,,0,NaN,,,M,397.109,2,"",395.638,2,"",NaN,,,NaN,,
2024-10-25T02:05:40.000Z,4.388,2,"",M,60.934,2,"",M,6.000,2,"",N,12.820,2,"",M,32.469,2,"",M,13.220,2,"",M,1015.540,2,"",M,408.699,2,"",M,NaN,,,0,NaN,,,M,396.835,2,"",395.365,2,"",NaN,,,NaN,,
2024-10-25T02:07:32.000Z,4.378,2,"",M,60.936,2,"",M,6.000,2,"",N,12.834,2,"",M,32.499,2,"",M,13.220,2,"",M,1015.520,2,"",M,409.279,2,"",M,NaN,,,0,NaN,,,M,397.624,2,"",396.151,2,"",NaN,,,NaN,,
2024-10-25T02:09:24.000Z,4.368,2,"",M,60.938,2,"",M,6.000,2,"",N,12.843,2,"",M,32.611,2,"",M,13.230,2,"",M,1015.640,2,"",M,409.549,2,"",M,NaN,,,0,NaN,,,M,397.923,2,"",396.450,2,"",NaN,,,NaN,,
2024-10-25T02:11:16.000Z,4.359,2,"",M,60.940,2,"",M,6.000,2,"",N,12.854,2,"",M,32.773,2,"",M,13.230,2,"",M,1015.860,2,"",M,410.809,2,"",M,NaN,,,0,NaN,,,M,399.410,2,"",397.930,2,"",NaN,,,NaN,,
2024-10-25T02:13:09.000Z,4.348,2,"",M,60.942,2,"",M,6.000,2,"",N,12.855,2,"",M,32.850,2,"",M,13.240,2,"",M,1015.900,2,"",M,411.579,2,"",M,NaN,,,0,NaN,,,M,400.030,2,"",398.549,2,"",NaN,,,NaN,,
2024-10-25T02:15:01.000Z,4.338,2,"",M,60.944,2,"",M,6.000,2,"",N,12.860,2,"",M,32.873,2,"",M,13.240,2,"",M,1015.500,2,"",M,411.699,2,"",M,NaN,,,0,NaN,,,M,400.067,2,"",398.585,2,"",NaN,,,NaN,,
2024-10-25T02:16:53.000Z,4.327,2,"",M,60.946,2,"",M,6.000,2,"",N,12.882,2,"",M,32.899,2,"",M,13.250,2,"",M,1015.760,2,"",M,411.949,2,"",M,NaN,,,0,NaN,,,M,400.610,2,"",399.126,2,"",NaN,,,NaN,,
2024-10-25T02:18:45.000Z,4.317,2,"",M,60.948,2,"",M,6.000,2,"",N,12.861,2,"",M,32.898,2,"",M,13.260,2,"",M,1015.200,2,"",M,411.959,2,"",M,NaN,,,0,NaN,,,M,399.863,2,"",398.383,2,"",NaN,,,NaN,,
2024-10-25T02:20:38.000Z,4.307,2,"",M,60.950,2,"",M,6.000,2,"",N,12.850,2,"",M,32.906,2,"",M,13.260,2,"",M,1015.500,2,"",M,412.899,2,"",M,NaN,,,0,NaN,,,M,400.707,2,"",399.224,2,"",NaN,,,NaN,,
2024-10-25T02:22:30.000Z,4.296,2,"",M,60.952,2,"",M,6.000,2,"",N,12.588,2,"",M,32.899,2,"",M,13.250,2,"",M,1015.650,2,"",M,413.149,2,"",M,NaN,,,0,NaN,,,M,396.774,2,"",395.305,2,"",NaN,,,NaN,,
2024-10-25T02:24:22.000Z,4.286,2,"",M,60.954,2,"",M,6.000,2,"",N,12.593,2,"",M,32.840,2,"",M,13.010,2,"",M,1015.240,2,"",M,412.408,2,"",M,NaN,,,0,NaN,,,M,400.110,2,"",398.625,2,"",NaN,,,NaN,,
2024-10-25T02:26:14.000Z,4.276,2,"",M,60.955,2,"",M,6.000,2,"",N,12.662,2,"",M,32.825,2,"",M,13.000,2,"",M,1015.060,2,"",M,410.817,2,"",M,NaN,,,0,NaN,,,M,399.840,2,"",398.356,2,"",NaN,,,NaN,,
2024-10-25T02:28:07.000Z,4.266,2,"",M,60.957,2,"",M,6.000,2,"",N,12.750,2,"",M,32.836,2,"",M,13.050,2,"",M,1015.630,2,"",M,409.156,2,"",M,NaN,,,0,NaN,,,M,399.064,2,"",397.582,2,"",NaN,,,NaN,,
2024-10-25T02:29:59.000Z,4.257,2,"",M,60.959,2,"",M,6.000,2,"",N,12.782,2,"",M,32.815,2,"",M,13.130,2,"",M,1015.640,2,"",M,409.495,2,"",M,NaN,,,0,NaN,,,M,398.554,2,"",397.076,2,"",NaN,,,NaN,,
2024-10-25T02:31:51.000Z,4.247,2,"",M,60.960,2,"",M,6.000,2,"",N,12.818,2,"",M,32.825,2,"",M,13.170,2,"",M,1015.585,2,"",M,410.496,2,"",M,NaN,,,0,NaN,,,M,399.436,2,"",397.956,2,"",NaN,,,NaN,,
2024-10-25T02:33:43.000Z,4.236,2,"",M,60.962,2,"",M,6.000,2,"",N,12.868,2,"",M,32.871,2,"",M,13.210,2,"",M,1015.220,2,"",M,411.566,2,"",M,NaN,,,0,NaN,,,M,400.476,2,"",398.993,2,"",NaN,,,NaN,,
2024-10-25T02:35:36.000Z,4.227,2,"",M,60.964,2,"",M,6.000,2,"",N,12.863,2,"",M,32.831,2,"",M,13.260,2,"",M,1015.180,2,"",M,412.667,2,"",M,NaN,,,0,NaN,,,M,400.574,2,"",399.092,2,"",NaN,,,NaN,,
2024-10-25T02:37:28.000Z,4.217,2,"",M,60.965,2,"",M,6.000,2,"",N,12.823,2,"",M,32.842,2,"",M,13.260,2,"",M,1015.380,2,"",M,413.917,2,"",M,NaN,,,0,NaN,,,M,401.202,2,"",399.717,2,"",NaN,,,NaN,,
2024-10-25T02:39:20.000Z,4.207,2,"",M,60.967,2,"",M,6.000,2,"",N,12.733,2,"",M,32.859,2,"",M,13.220,2,"",M,1015.290,2,"",M,413.767,2,"",M,NaN,,,0,NaN,,,M,400.185,2,"",398.704,2,"",NaN,,,NaN,,
2024-10-25T02:41:12.000Z,4.197,2,"",M,60.969,2,"",M,6.000,2,"",N,12.626,2,"",M,33.005,2,"",M,13.140,2,"",M,1015.130,2,"",M,413.686,2,"",M,NaN,,,0,NaN,,,M,399.607,2,"",398.126,2,"",NaN,,,NaN,,
2024-10-25T02:43:04.000Z,4.187,2,"",M,60.971,2,"",M,6.000,2,"",N,12.521,2,"",M,33.137,2,"",M,13.060,2,"",M,1015.290,2,"",M,413.956,2,"",M,NaN,,,0,NaN,,,M,399.554,2,"",398.071,2,"",NaN,,,NaN,,
2024-10-25T02:44:57.000Z,4.178,2,"",M,60.973,2,"",M,6.000,2,"",N,12.557,2,"",M,33.195,2,"",M,12.940,2,"",M,1015.070,2,"",M,412.815,2,"",M,NaN,,,0,NaN,,,M,401.041,2,"",399.551,2,"",NaN,,,NaN,,
2024-10-25T02:46:49.000Z,4.168,2,"",M,60.975,2,"",M,6.000,2,"",N,12.586,2,"",M,33.282,2,"",M,12.960,2,"",M,1014.620,2,"",M,410.954,2,"",M,NaN,,,0,NaN,,,M,399.195,2,"",397.713,2,"",NaN,,,NaN,,
2024-10-25T02:48:41.000Z,4.157,2,"",M,60.978,2,"",M,6.000,2,"",N,12.564,2,"",M,33.333,2,"",M,12.990,2,"",M,1014.770,2,"",M,411.484,2,"",M,NaN,,,0,NaN,,,M,398.886,2,"",397.406,2,"",NaN,,,NaN,,
2024-10-25T02:50:33.000Z,4.147,2,"",M,60.980,2,"",M,6.000,2,"",N,12.395,2,"",M,33.401,2,"",M,12.980,2,"",M,1014.830,2,"",M,412.474,2,"",M,NaN,,,0,NaN,,,M,397.198,2,"",395.723,2,"",NaN,,,NaN,,
2024-10-25T02:52:26.000Z,4.138,2,"",M,60.982,2,"",M,6.000,2,"",N,12.188,2,"",M,33.491,2,"",M,12.840,2,"",M,1014.880,2,"",M,412.964,2,"",M,NaN,,,0,NaN,,,M,396.615,2,"",395.140,2,"",NaN,,,NaN,,
2024-10-25T02:54:39.000Z,4.125,2,"",M,60.985,2,"",M,6.000,2,"",N,11.789,2,"",M,34.042,2,"",M,12.570,2,"",M,1014.790,2,"",M,408.771,2,"",M,NaN,,,0,NaN,,,M,390.515,2,"",389.058,2,"",NaN,,,NaN,,
2024-10-25T02:56:31.000Z,4.115,2,"",M,60.987,2,"",M,6.000,2,"",N,11.373,2,"",M,34.437,2,"",M,12.230,2,"",M,1014.500,2,"",M,406.209,2,"",M,NaN,,,0,NaN,,,M,386.836,2,"",385.386,2,"",NaN,,,NaN,,
2024-10-25T02:58:23.000Z,4.105,2,"",M,60.989,2,"",M,6.000,2,"",N,11.267,2,"",M,34.495,2,"",M,11.840,2,"",M,1014.790,2,"",M,403.367,2,"",M,NaN,,,0,NaN,,,M,389.018,2,"",387.553,2,"",NaN,,,NaN,,
2024-10-25T03:00:16.000Z,4.095,2,"",M,60.990,2,"",M,6.000,2,"",N,11.226,2,"",M,34.596,2,"",M,11.740,2,"",M,1014.840,2,"",M,398.904,2,"",M,NaN,,,0,NaN,,,M,385.728,2,"",384.273,2,"",NaN,,,NaN,,
2024-10-25T03:02:08.000Z,4.085,2,"",M,60.992,2,"",M,6.000,2,"",N,11.180,2,"",M,34.657,2,"",M,11.690,2,"",M,1015.020,2,"",M,396.692,2,"",M,NaN,,,0,NaN,,,M,383.742,2,"",382.293,2,"",NaN,,,NaN,,
2024-10-25T03:04:00.000Z,4.075,2,"",M,60.993,2,"",M,6.000,2,"",N,11.287,2,"",M,34.631,2,"",M,11.640,2,"",M,1014.980,2,"",M,395.551,2,"",M,NaN,,,0,NaN,,,M,385.182,2,"",383.728,2,"",NaN,,,NaN,,
2024-10-25T03:05:52.000Z,4.065,2,"",M,60.994,2,"",M,6.000,2,"",N,11.361,2,"",M,34.568,2,"",M,11.720,2,"",M,1014.640,2,"",M,396.221,2,"",M,NaN,,,0,NaN,,,M,385.589,2,"",384.134,2,"",NaN,,,NaN,,
2024-10-25T03:07:44.000Z,4.055,2,"",M,60.995,2,"",M,6.000,2,"",N,11.472,2,"",M,34.227,2,"",M,11.770,2,"",M,1014.840,2,"",M,396.781,2,"",M,NaN,,,0,NaN,,,M,387.181,2,"",385.721,2,"",NaN,,,NaN,,
2024-10-25T03:09:36.000Z,4.046,2,"",M,60.997,2,"",M,6.000,2,"",N,11.471,2,"",M,34.174,2,"",M,11.880,2,"",M,1015.180,2,"",M,395.720,2,"",M,NaN,,,0,NaN,,,M,384.437,2,"",382.989,2,"",NaN,,,NaN,,
2024-10-25T03:11:28.000Z,4.036,2,"",M,60.999,2,"",M,6.000,2,"",N,11.474,2,"",M,34.161,2,"",M,11.890,2,"",M,1014.920,2,"",M,394.619,2,"",M,NaN,,,0,NaN,,,M,383.144,2,"",381.702,2,"",NaN,,,NaN,,
2024-10-25T03:13:21.000Z,4.027,2,"",M,61.000,2,"",M,6.000,2,"",N,11.467,2,"",M,34.208,2,"",M,11.900,2,"",M,1014.890,2,"",M,393.849,2,"",M,NaN,,,0,NaN,,,M,382.113,2,"",380.674,2,"",NaN,,,NaN,,
2024-10-25T03:15:13.000Z,4.018,2,"",M,61.002,2,"",M,6.000,2,"",N,11.456,2,"",M,34.210,2,"",M,11.890,2,"",M,1014.480,2,"",M,393.588,2,"",M,NaN,,,0,NaN,,,M,381.690,2,"",380.253,2,"",NaN,,,NaN,,
2024-10-25T03:17:05.000Z,4.008,2,"",M,61.004,2,"",M,6.000,2,"",N,11.447,2,"",M,34.266,2,"",M,11.880,2,"",M,1014.560,2,"",M,393.658,2,"",M,NaN,,,0,NaN,,,M,381.814,2,"",380.377,2,"",NaN,,,NaN,,
2024-10-25T03:18:57.000Z,3.998,2,"",M,61.005,2,"",M,6.000,2,"",N,11.453,2,"",M,34.257,2,"",M,11.880,2,"",M,1014.660,2,"",M,394.208,2,"",M,NaN,,,0,NaN,,,M,382.483,2,"",381.043,2,"",NaN,,,NaN,,
2024-10-25T03:20:50.000Z,3.988,2,"",M,61.006,2,"",M,6.000,2,"",N,11.439,2,"",M,34.258,2,"",M,11.880,2,"",M,1014.610,2,"",M,394.708,2,"",M,NaN,,,0,NaN,,,M,382.724,2,"",381.283,2,"",NaN,,,NaN,,
2024-10-25T03:22:42.000Z,3.978,2,"",M,61.008,2,"",M,6.000,2,"",N,11.384,2,"",M,34.301,2,"",M,11.860,2,"",M,1014.905,2,"",M,395.158,2,"",M,NaN,,,0,NaN,,,M,382.708,2,"",381.267,2,"",NaN,,,NaN,,
2024-10-25T03:24:34.000Z,3.969,2,"",M,61.009,2,"",M,6.000,2,"",N,11.361,2,"",M,34.348,2,"",M,11.810,2,"",M,1015.190,2,"",M,396.018,2,"",M,NaN,,,0,NaN,,,M,384.099,2,"",382.651,2,"",NaN,,,NaN,,
2024-10-25T03:26:26.000Z,3.959,2,"",M,61.010,2,"",M,6.000,2,"",N,11.311,2,"",M,34.423,2,"",M,11.790,2,"",M,1014.650,2,"",M,396.198,2,"",M,NaN,,,0,NaN,,,M,383.584,2,"",382.139,2,"",NaN,,,NaN,,
2024-10-25T03:28:18.000Z,3.949,2,"",M,61.011,2,"",M,6.000,2,"",N,11.285,2,"",M,34.493,2,"",M,11.740,2,"",M,1014.260,2,"",M,395.697,2,"",M,NaN,,,0,NaN,,,M,383.362,2,"",381.917,2,"",NaN,,,NaN,,
2024-10-25T03:30:11.000Z,3.939,2,"",M,61.012,2,"",M,6.000,2,"",N,11.287,2,"",M,34.495,2,"",M,11.710,2,"",M,1014.470,2,"",M,395.417,2,"",M,NaN,,,0,NaN,,,M,383.697,2,"",382.250,2,"",NaN,,,NaN,,
2024-10-25T03:32:03.000Z,3.929,2,"",M,61.013,2,"",M,6.000,2,"",N,11.300,2,"",M,34.489,2,"",M,11.720,2,"",M,1014.410,2,"",M,395.557,2,"",M,NaN,,,0,NaN,,,M,383.854,2,"",382.407,2,"",NaN,,,NaN,,
2024-10-25T03:33:55.000Z,3.919,2,"",M,61.015,2,"",M,6.000,2,"",N,11.309,2,"",M,34.471,2,"",M,11.730,2,"",M,1014.500,2,"",M,395.827,2,"",M,NaN,,,0,NaN,,,M,384.132,2,"",382.683,2,"",NaN,,,NaN,,
2024-10-25T03:35:47.000Z,3.910,2,"",M,61.017,2,"",M,6.000,2,"",N,11.311,2,"",M,34.463,2,"",M,11.740,2,"",M,1015.090,2,"",M,395.816,2,"",M,NaN,,,0,NaN,,,M,384.219,2,"",382.770,2,"",NaN,,,NaN,,
2024-10-25T03:37:40.000Z,3.901,2,"",M,61.020,2,"",M,6.000,2,"",N,11.314,2,"",M,34.461,2,"",M,11.740,2,"",M,1014.810,2,"",M,396.196,2,"",M,NaN,,,0,NaN,,,M,384.529,2,"",383.078,2,"",NaN,,,NaN,,
2024-10-25T03:39:32.000Z,3.892,2,"",M,61.023,2,"",M,6.000,2,"",N,11.316,2,"",M,34.460,2,"",M,11.740,2,"",M,1014.750,2,"",M,396.116,2,"",M,NaN,,,0,NaN,,,M,384.458,2,"",383.008,2,"",NaN,,,NaN,,
2024-10-25T03:41:24.000Z,3.884,2,"",M,61.026,2,"",M,6.000,2,"",N,11.317,2,"",M,34.457,2,"",M,11.740,2,"",M,1014.660,2,"",M,396.226,2,"",M,NaN,,,0,NaN,,,M,384.556,2,"",383.106,2,"",NaN,,,NaN,,
2024-10-25T03:43:16.000Z,3.875,2,"",M,61.029,2,"",M,6.000,2,"",N,11.317,2,"",M,34.457,2,"",M,11.740,2,"",M,1015.070,2,"",M,395.665,2,"",M,NaN,,,0,NaN,,,M,384.161,2,"",382.712,2,"",NaN,,,NaN,,
2024-10-25T03:45:09.000Z,3.867,2,"",M,61.033,2,"",M,6.000,2,"",N,11.317,2,"",M,34.457,2,"",M,11.750,2,"",M,1014.570,2,"",M,395.985,2,"",M,NaN,,,0,NaN,,,M,384.111,2,"",382.663,2,"",NaN,,,NaN,,
2024-10-25T03:47:01.000Z,3.858,2,"",M,61.036,2,"",M,6.000,2,"",N,11.316,2,"",M,34.454,2,"",M,11.750,2,"",M,1014.180,2,"",M,396.175,2,"",M,NaN,,,0,NaN,,,M,384.133,2,"",382.686,2,"",NaN,,,NaN,,
2024-10-25T03:48:53.000Z,3.850,2,"",M,61.039,2,"",M,6.000,2,"",N,11.317,2,"",M,34.464,2,"",M,11.740,2,"",M,1014.590,2,"",M,396.004,2,"",M,NaN,,,0,NaN,,,M,384.304,2,"",382.854,2,"",NaN,,,NaN,,
2024-10-25T03:50:45.000Z,3.841,2,"",M,61.042,2,"",M,6.000,2,"",N,11.313,2,"",M,34.465,2,"",M,11.740,2,"",M,1014.540,2,"",M,396.184,2,"",M,NaN,,,0,NaN,,,M,384.391,2,"",382.941,2,"",NaN,,,NaN,,
2024-10-25T03:52:37.000Z,3.833,2,"",M,61.046,2,"",M,6.000,2,"",N,11.307,2,"",M,34.473,2,"",M,11.740,2,"",M,1014.490,2,"",M,395.874,2,"",M,NaN,,,0,NaN,,,M,383.980,2,"",382.533,2,"",NaN,,,NaN,,
2024-10-25T03:54:51.000Z,3.823,2,"",M,61.050,2,"",M,6.000,2,"",N,11.274,2,"",M,34.503,2,"",M,11.730,2,"",M,1014.630,2,"",M,395.653,2,"",M,NaN,,,0,NaN,,,M,383.453,2,"",382.006,2,"",NaN,,,NaN,,
2024-10-25T03:56:43.000Z,3.814,2,"",M,61.053,2,"",M,6.000,2,"",N,11.150,2,"",M,34.679,2,"",M,11.700,2,"",M,1014.410,2,"",M,395.773,2,"",M,NaN,,,0,NaN,,,M,381.967,2,"",380.526,2,"",NaN,,,NaN,,
2024-10-25T03:58:35.000Z,3.806,2,"",M,61.056,2,"",M,6.000,2,"",N,11.131,2,"",M,34.710,2,"",M,11.600,2,"",M,1014.740,2,"",M,395.542,2,"",M,NaN,,,0,NaN,,,M,383.213,2,"",381.765,2,"",NaN,,,NaN,,
2024-10-25T04:00:27.000Z,3.798,2,"",M,61.060,2,"",M,6.000,2,"",N,11.100,2,"",M,34.737,2,"",M,11.570,2,"",M,1014.570,2,"",M,394.261,2,"",M,NaN,,,0,NaN,,,M,381.913,2,"",380.470,2,"",NaN,,,NaN,,
2024-10-25T04:02:20.000Z,3.789,2,"",M,61.063,2,"",M,6.000,2,"",N,11.068,2,"",M,34.769,2,"",M,11.540,2,"",M,1014.680,2,"",M,393.200,2,"",M,NaN,,,0,NaN,,,M,380.898,2,"",379.457,2,"",NaN,,,NaN,,
2024-10-25T04:04:12.000Z,3.781,2,"",M,61.066,2,"",M,6.000,2,"",N,10.918,2,"",M,34.810,2,"",M,11.500,2,"",M,1014.590,2,"",M,392.059,2,"",M,NaN,,,0,NaN,,,M,378.012,2,"",376.582,2,"",NaN,,,NaN,,
2024-10-25T04:06:04.000Z,3.772,2,"",M,61.069,2,"",M,6.000,2,"",N,10.843,2,"",M,34.935,2,"",M,11.390,2,"",M,1014.320,2,"",M,391.588,2,"",M,NaN,,,0,NaN,,,M,378.049,2,"",376.618,2,"",NaN,,,NaN,,
2024-10-25T04:07:56.000Z,3.762,2,"",M,61.071,2,"",M,6.000,2,"",N,10.803,2,"",M,34.931,2,"",M,11.280,2,"",M,1014.360,2,"",M,389.887,2,"",M,NaN,,,0,NaN,,,M,377.569,2,"",376.137,2,"",NaN,,,NaN,,
2024-10-25T04:09:49.000Z,3.753,2,"",M,61.074,2,"",M,6.000,2,"",N,10.786,2,"",M,34.933,2,"",M,11.250,2,"",M,1014.140,2,"",M,388.746,2,"",M,NaN,,,0,NaN,,,M,376.611,2,"",375.182,2,"",NaN,,,NaN,,
2024-10-25T04:11:41.000Z,3.744,2,"",M,61.076,2,"",M,6.000,2,"",N,10.770,2,"",M,34.942,2,"",M,11.230,2,"",M,1014.050,2,"",M,387.024,2,"",M,NaN,,,0,NaN,,,M,374.979,2,"",373.556,2,"",NaN,,,NaN,,
2024-10-25T04:13:33.000Z,3.734,2,"",M,61.078,2,"",M,6.000,2,"",N,10.765,2,"",M,34.956,2,"",M,11.210,2,"",M,1014.300,2,"",M,385.693,2,"",M,NaN,,,0,NaN,,,M,374.022,2,"",372.602,2,"",NaN,,,NaN,,
2024-10-25T04:15:25.000Z,3.725,2,"",M,61.080,2,"",M,6.000,2,"",N,10.761,2,"",M,34.971,2,"",M,11.200,2,"",M,1013.850,2,"",M,385.573,2,"",M,NaN,,,0,NaN,,,M,373.831,2,"",372.412,2,"",NaN,,,NaN,,
2024-10-25T04:17:18.000Z,3.716,2,"",M,61.082,2,"",M,6.000,2,"",N,10.748,2,"",M,34.969,2,"",M,11.200,2,"",M,1014.470,2,"",M,385.753,2,"",M,NaN,,,0,NaN,,,M,374.031,2,"",372.611,2,"",NaN,,,NaN,,
2024-10-25T04:19:10.000Z,3.707,2,"",M,61.084,2,"",M,6.000,2,"",N,10.749,2,"",M,34.980,2,"",M,11.190,2,"",M,1014.500,2,"",M,386.283,2,"",M,NaN,,,0,NaN,,,M,374.738,2,"",373.315,2,"",NaN,,,NaN,,
2024-10-25T04:21:02.000Z,3.698,2,"",M,61.086,2,"",M,6.000,2,"",N,10.773,2,"",M,35.001,2,"",M,11.180,2,"",M,1014.200,2,"",M,387.053,2,"",M,NaN,,,0,NaN,,,M,375.914,2,"",374.487,2,"",NaN,,,NaN,,
2024-10-25T04:22:54.000Z,3.688,2,"",M,61.087,2,"",M,6.000,2,"",N,10.791,2,"",M,35.009,2,"",M,11.210,2,"",M,1014.260,2,"",M,387.143,2,"",M,NaN,,,0,NaN,,,M,375.831,2,"",374.404,2,"",NaN,,,NaN,,
2024-10-25T04:24:47.000Z,3.679,2,"",M,61.089,2,"",M,6.000,2,"",N,10.791,2,"",M,35.009,2,"",M,11.230,2,"",M,1014.200,2,"",M,387.182,2,"",M,NaN,,,0,NaN,,,M,375.509,2,"",374.085,2,"",NaN,,,NaN,,
2024-10-25T04:26:39.000Z,3.669,2,"",M,61.091,2,"",M,6.000,2,"",N,10.789,2,"",M,35.005,2,"",M,11.220,2,"",M,1014.020,2,"",M,387.222,2,"",M,NaN,,,0,NaN,,,M,375.621,2,"",374.195,2,"",NaN,,,NaN,,
2024-10-25T04:28:31.000Z,3.660,2,"",M,61.092,2,"",M,6.000,2,"",N,10.789,2,"",M,35.003,2,"",M,11.220,2,"",M,1013.750,2,"",M,386.911,2,"",M,NaN,,,0,NaN,,,M,375.212,2,"",373.789,2,"",NaN,,,NaN,,
2024-10-25T04:30:23.000Z,3.650,2,"",M,61.094,2,"",M,6.000,2,"",N,10.788,2,"",M,35.000,2,"",M,11.220,2,"",M,1013.870,2,"",M,386.771,2,"",M,NaN,,,0,NaN,,,M,375.102,2,"",373.679,2,"",NaN,,,NaN,,
2024-10-25T04:32:15.000Z,3.640,2,"",M,61.096,2,"",M,6.000,2,"",N,10.786,2,"",M,34.996,2,"",M,11.220,2,"",M,1014.020,2,"",M,386.721,2,"",M,NaN,,,0,NaN,,,M,375.086,2,"",373.663,2,"",NaN,,,NaN,,
2024-10-25T04:34:08.000Z,3.631,2,"",M,61.098,2,"",M,6.000,2,"",N,10.785,2,"",M,34.993,2,"",M,11.230,2,"",M,1014.260,2,"",M,386.580,2,"",M,NaN,,,0,NaN,,,M,374.856,2,"",373.434,2,"",NaN,,,NaN,,
2024-10-25T04:36:00.000Z,3.621,2,"",M,61.099,2,"",M,6.000,2,"",N,10.784,2,"",M,34.988,2,"",M,11.220,2,"",M,1014.035,2,"",M,386.620,2,"",M,NaN,,,0,NaN,,,M,374.952,2,"",373.529,2,"",NaN,,,NaN,,
2024-10-25T04:37:52.000Z,3.611,2,"",M,61.101,2,"",M,6.000,2,"",N,10.783,2,"",M,34.985,2,"",M,11.220,2,"",M,1014.120,2,"",M,386.410,2,"",M,NaN,,,0,NaN,,,M,374.765,2,"",373.343,2,"",NaN,,,NaN,,
2024-10-25T04:39:44.000Z,3.602,2,"",M,61.103,2,"",M,6.000,2,"",N,10.781,2,"",M,34.985,2,"",M,11.210,2,"",M,1013.580,2,"",M,386.439,2,"",M,NaN,,,0,NaN,,,M,374.734,2,"",373.313,2,"",NaN,,,NaN,,
2024-10-25T04:41:36.000Z,3.591,2,"",M,61.104,2,"",M,6.000,2,"",N,10.780,2,"",M,34.984,2,"",M,11.210,2,"",M,1013.630,2,"",M,386.139,2,"",M,NaN,,,0,NaN,,,M,374.440,2,"",373.020,2,"",NaN,,,NaN,,
2024-10-25T04:43:29.000Z,3.582,2,"",M,61.106,2,"",M,6.000,2,"",N,10.780,2,"",M,34.984,2,"",M,11.210,2,"",M,1013.850,2,"",M,385.948,2,"",M,NaN,,,0,NaN,,,M,374.340,2,"",372.920,2,"",NaN,,,NaN,,
2024-10-25T04:45:21.000Z,3.572,2,"",M,61.107,2,"",M,6.000,2,"",N,10.780,2,"",M,34.984,2,"",M,11.220,2,"",M,1013.390,2,"",M,386.268,2,"",M,NaN,,,0,NaN,,,M,374.319,2,"",372.900,2,"",NaN,,,NaN,,
2024-10-25T04:47:13.000Z,3.562,2,"",M,61.109,2,"",M,6.000,2,"",N,10.784,2,"",M,34.994,2,"",M,11.220,2,"",M,1013.880,2,"",M,386.528,2,"",M,NaN,,,0,NaN,,,M,374.810,2,"",373.388,2,"",NaN,,,NaN,,
2024-10-25T04:49:05.000Z,3.553,2,"",M,61.111,2,"",M,6.000,2,"",N,10.765,2,"",M,35.014,2,"",M,11.210,2,"",M,1013.870,2,"",M,386.868,2,"",M,NaN,,,0,NaN,,,M,374.993,2,"",373.571,2,"",NaN,,,NaN,,
2024-10-25T04:50:58.000Z,3.543,2,"",M,61.112,2,"",M,6.000,2,"",N,10.752,2,"",M,35.019,2,"",M,11.200,2,"",M,1013.780,2,"",M,387.398,2,"",M,NaN,,,0,NaN,,,M,375.440,2,"",374.016,2,"",NaN,,,NaN,,
2024-10-25T04:52:50.000Z,3.533,2,"",M,61.114,2,"",M,6.000,2,"",N,10.730,2,"",M,35.037,2,"",M,11.180,2,"",M,1013.820,2,"",M,388.378,2,"",M,NaN,,,0,NaN,,,M,376.368,2,"",374.939,2,"",NaN,,,NaN,,
2024-10-25T04:55:03.000Z,3.522,2,"",M,61.115,2,"",M,6.000,2,"",N,10.714,2,"",M,35.052,2,"",M,11.170,2,"",M,1013.860,2,"",M,389.109,2,"",M,NaN,,,0,NaN,,,M,377.002,2,"",375.571,2,"",NaN,,,NaN,,
2024-10-25T04:56:56.000Z,3.513,2,"",M,61.117,2,"",M,6.000,2,"",N,10.713,2,"",M,35.051,2,"",M,11.150,2,"",M,1013.860,2,"",M,389.679,2,"",M,NaN,,,0,NaN,,,M,377.858,2,"",376.424,2,"",NaN,,,NaN,,
2024-10-25T04:58:48.000Z,3.503,2,"",M,61.119,2,"",M,6.000,2,"",N,10.712,2,"",M,35.051,2,"",M,11.150,2,"",M,1013.680,2,"",M,389.869,2,"",M,NaN,,,0,NaN,,,M,377.959,2,"",376.524,2,"",NaN,,,NaN,,
2024-10-25T05:00:40.000Z,3.493,2,"",M,61.120,2,"",M,6.000,2,"",N,10.710,2,"",M,35.053,2,"",M,11.150,2,"",M,1013.500,2,"",M,389.918,2,"",M,NaN,,,0,NaN,,,M,377.918,2,"",376.484,2,"",NaN,,,NaN,,
2024-10-25T05:02:33.000Z,3.483,2,"",M,61.122,2,"",M,6.000,2,"",N,10.706,2,"",M,35.055,2,"",M,11.140,2,"",M,1013.800,2,"",M,389.998,2,"",M,NaN,,,0,NaN,,,M,378.201,2,"",376.765,2,"",NaN,,,NaN,,
2024-10-25T05:04:24.000Z,3.473,2,"",M,61.123,2,"",M,6.000,2,"",N,10.692,2,"",M,35.050,2,"",M,11.130,2,"",M,1013.740,2,"",M,390.018,2,"",M,NaN,,,0,NaN,,,M,378.140,2,"",376.704,2,"",NaN,,,NaN,,
2024-10-25T05:06:17.000Z,3.463,2,"",M,61.125,2,"",M,6.000,2,"",N,10.685,2,"",M,35.043,2,"",M,11.130,2,"",M,1013.684,2,"",M,390.108,2,"",M,NaN,,,0,NaN,,,M,378.087,2,"",376.651,2,"",NaN,,,NaN,,
2024-10-25T05:08:09.000Z,3.453,2,"",M,61.127,2,"",M,6.000,2,"",N,10.678,2,"",M,35.044,2,"",M,11.120,2,"",M,1013.450,2,"",M,390.427,2,"",M,NaN,,,0,NaN,,,M,378.365,2,"",376.928,2,"",NaN,,,NaN,,
2024-10-25T05:12:39.000Z,3.430,2,"",M,61.130,2,"",M,6.000,2,"",N,NaN,,,M,NaN,,,M,NaN,,,M,NaN,,,M,NaN,,,0,NaN,,,0,NaN,,,M,NaN,,,NaN,,,NaN,,,NaN,,
2024-10-25T05:14:28.000Z,3.421,2,"",M,61.132,2,"",M,6.000,2,"",N,NaN,,,M,NaN,,,M,NaN,,,M,NaN,,,M,NaN,,,0,NaN,,,0,NaN,,,M,NaN,,,NaN,,,NaN,,,NaN,,
2024-10-25T05:16:18.000Z,3.411,2,"",M,61.133,2,"",M,6.000,2,"",N,NaN,,,M,NaN,,,M,NaN,,,M,NaN,,,M,NaN,,,0,NaN,,,0,NaN,,,M,NaN,,,NaN,,,NaN,,,NaN,,
2024-10-25T05:20:48.000Z,3.388,2,"",M,61.137,2,"",M,6.000,2,"",N,NaN,,,M,NaN,,,M,NaN,,,M,NaN,,,M,NaN,,,0,NaN,,,0,NaN,,,M,NaN,,,NaN,,,NaN,,,NaN,,
2024-10-25T05:22:37.000Z,3.379,2,"",M,61.139,2,"",M,6.000,2,"",N,NaN,,,M,NaN,,,M,NaN,,,M,NaN,,,M,NaN,,,0,NaN,,,0,NaN,,,M,NaN,,,NaN,,,NaN,,,NaN,,
2024-10-25T05:24:27.000Z,3.369,2,"",M,61.140,2,"",M,6.000,2,"",N,NaN,,,M,NaN,,,M,NaN,,,M,NaN,,,M,NaN,,,0,NaN,,,0,NaN,,,M,NaN,,,NaN,,,NaN,,,NaN,,
2024-10-25T05:28:57.000Z,3.346,2,"",M,61.144,2,"",M,6.000,2,"",N,NaN,,,M,NaN,,,M,NaN,,,M,NaN,,,M,NaN,,,0,NaN,,,0,NaN,,,M,NaN,,,NaN,,,NaN,,,NaN,,
2024-10-25T05:30:47.000Z,3.337,2,"",M,61.145,2,"",M,6.000,2,"",N,NaN,,,M,NaN,,,M,NaN,,,M,NaN,,,M,NaN,,,0,NaN,,,0,NaN,,,M,NaN,,,NaN,,,NaN,,,NaN,,
2024-10-25T05:32:36.000Z,3.327,2,"",M,61.147,2,"",M,6.000,2,"",N,NaN,,,M,NaN,,,M,NaN,,,M,NaN,,,M,NaN,,,0,NaN,,,0,NaN,,,M,NaN,,,NaN,,,NaN,,,NaN,,
2024-10-25T05:37:06.000Z,3.304,2,"",M,61.151,2,"",M,6.000,2,"",N,10.663,2,"",M,35.060,2,"",M,NaN,,,M,NaN,,,M,NaN,,,0,431.286,2,"",M,1012.800,2,"",M,NaN,,,NaN,,,426.777,2,"",425.144,2,""
2024-10-25T05:38:56.000Z,3.294,2,"",M,61.152,2,"",M,6.000,2,"",N,10.663,2,"",M,35.065,2,"",M,NaN,,,M,NaN,,,M,NaN,,,0,430.977,2,"",M,1013.000,2,"",M,NaN,,,NaN,,,426.557,2,"",424.924,2,""
2024-10-25T05:40:46.000Z,3.284,2,"",M,61.154,2,"",M,6.000,2,"",N,10.666,2,"",M,35.068,2,"",M,NaN,,,M,NaN,,,M,NaN,,,0,431.188,2,"",M,1013.100,2,"",M,NaN,,,NaN,,,426.808,2,"",425.174,2,""
2024-10-25T05:42:35.000Z,3.274,2,"",M,61.156,2,"",M,6.000,2,"",N,10.667,2,"",M,35.069,2,"",M,NaN,,,M,NaN,,,M,NaN,,,0,431.120,2,"",M,1013.000,2,"",M,NaN,,,NaN,,,426.697,2,"",425.064,2,""
2024-10-25T05:44:25.000Z,3.264,2,"",M,61.158,2,"",M,6.000,2,"",N,10.666,2,"",M,35.067,2,"",M,NaN,,,M,NaN,,,M,NaN,,,0,431.031,2,"",M,1013.100,2,"",M,NaN,,,NaN,,,426.652,2,"",425.019,2,""
2024-10-25T05:49:35.000Z,3.237,2,"",M,61.162,2,"",M,6.000,2,"",N,10.651,2,"",M,35.063,2,"",M,11.100,2,"",M,1013.490,2,"",M,393.884,2,"",M,NaN,,,0,NaN,,,M,381.633,2,"",380.184,2,"",NaN,,,NaN,,
2024-10-25T05:51:28.000Z,3.227,2,"",M,61.164,2,"",M,6.000,2,"",N,10.617,2,"",M,35.097,2,"",M,11.100,2,"",M,1013.190,2,"",M,394.546,2,"",M,NaN,,,0,NaN,,,M,381.604,2,"",380.155,2,"",NaN,,,NaN,,
2024-10-25T05:53:20.000Z,3.217,2,"",M,61.166,2,"",M,6.000,2,"",N,10.570,2,"",M,35.156,2,"",M,11.060,2,"",M,1013.360,2,"",M,396.829,2,"",M,NaN,,,0,NaN,,,M,383.781,2,"",382.323,2,"",NaN,,,NaN,,
2024-10-25T05:55:33.000Z,3.205,2,"",M,61.168,2,"",M,6.000,2,"",N,10.578,2,"",M,35.165,2,"",M,11.010,2,"",M,1013.370,2,"",M,398.852,2,"",M,NaN,,,0,NaN,,,M,386.697,2,"",385.227,2,"",NaN,,,NaN,,
2024-10-25T05:57:26.000Z,3.195,2,"",M,61.170,2,"",M,6.000,2,"",N,10.532,2,"",M,35.180,2,"",M,11.010,2,"",M,1013.300,2,"",M,399.423,2,"",M,NaN,,,0,NaN,,,M,386.470,2,"",385.001,2,"",NaN,,,NaN,,
2024-10-25T05:59:18.000Z,3.186,2,"",M,61.172,2,"",M,6.000,2,"",N,10.492,2,"",M,35.184,2,"",M,10.980,2,"",M,1013.180,2,"",M,400.385,2,"",M,NaN,,,0,NaN,,,M,387.210,2,"",385.738,2,"",NaN,,,NaN,,
2024-10-25T06:01:10.000Z,3.176,2,"",M,61.173,2,"",M,6.000,2,"",N,10.449,2,"",M,35.191,2,"",M,10.930,2,"",M,1013.450,2,"",M,401.688,2,"",M,NaN,,,0,NaN,,,M,388.705,2,"",387.225,2,"",NaN,,,NaN,,
2024-10-25T06:03:02.000Z,3.166,2,"",M,61.175,2,"",M,6.000,2,"",N,10.440,2,"",M,35.209,2,"",M,10.900,2,"",M,1013.090,2,"",M,402.299,2,"",M,NaN,,,0,NaN,,,M,389.501,2,"",388.018,2,"",NaN,,,NaN,,
2024-10-25T06:04:55.000Z,3.156,2,"",M,61.176,2,"",M,6.000,2,"",N,10.447,2,"",M,35.222,2,"",M,10.890,2,"",M,1013.240,2,"",M,404.382,2,"",M,NaN,,,0,NaN,,,M,391.863,2,"",390.371,2,"",NaN,,,NaN,,
2024-10-25T06:06:47.000Z,3.146,2,"",M,61.178,2,"",M,6.000,2,"",N,10.449,2,"",M,35.227,2,"",M,10.890,2,"",M,1013.460,2,"",M,405.785,2,"",M,NaN,,,0,NaN,,,M,393.356,2,"",391.858,2,"",NaN,,,NaN,,
2024-10-25T06:08:39.000Z,3.136,2,"",M,61.180,2,"",M,6.000,2,"",N,10.473,2,"",M,35.236,2,"",M,10.890,2,"",M,1013.160,2,"",M,406.787,2,"",M,NaN,,,0,NaN,,,M,394.609,2,"",393.106,2,"",NaN,,,NaN,,
2024-10-25T06:10:31.000Z,3.126,2,"",M,61.181,2,"",M,6.000,2,"",N,10.464,2,"",M,35.233,2,"",M,10.910,2,"",M,1012.980,2,"",M,407.829,2,"",M,NaN,,,0,NaN,,,M,395.045,2,"",393.542,2,"",NaN,,,NaN,,
2024-10-25T06:12:23.000Z,3.116,2,"",M,61.183,2,"",M,6.000,2,"",N,10.447,2,"",M,35.226,2,"",M,10.900,2,"",M,1013.051,2,"",M,408.441,2,"",M,NaN,,,0,NaN,,,M,395.549,2,"",394.043,2,"",NaN,,,NaN,,
2024-10-25T06:14:16.000Z,3.107,2,"",M,61.185,2,"",M,6.000,2,"",N,10.471,2,"",M,35.226,2,"",M,10.880,2,"",M,1012.850,2,"",M,407.941,2,"",M,NaN,,,0,NaN,,,M,395.733,2,"",394.227,2,"",NaN,,,NaN,,
2024-10-25T06:16:08.000Z,3.097,2,"",M,61.187,2,"",M,6.000,2,"",N,10.496,2,"",M,35.242,2,"",M,10.900,2,"",M,1013.060,2,"",M,408.113,2,"",M,NaN,,,0,NaN,,,M,396.059,2,"",394.551,2,"",NaN,,,NaN,,
2024-10-25T06:18:00.000Z,3.087,2,"",M,61.188,2,"",M,6.000,2,"",N,10.504,2,"",M,35.244,2,"",M,10.930,2,"",M,1013.150,2,"",M,408.274,2,"",M,NaN,,,0,NaN,,,M,395.870,2,"",394.364,2,"",NaN,,,NaN,,
2024-10-25T06:19:52.000Z,3.077,2,"",M,61.190,2,"",M,6.000,2,"",N,10.512,2,"",M,35.245,2,"",M,10.940,2,"",M,1013.110,2,"",M,408.456,2,"",M,NaN,,,0,NaN,,,M,395.991,2,"",394.485,2,"",NaN,,,NaN,,
2024-10-25T06:21:45.000Z,3.068,2,"",M,61.191,2,"",M,6.000,2,"",N,10.512,2,"",M,35.247,2,"",M,10.940,2,"",M,1012.840,2,"",M,408.437,2,"",M,NaN,,,0,NaN,,,M,395.882,2,"",394.376,2,"",NaN,,,NaN,,
2024-10-25T06:23:37.000Z,3.058,2,"",M,61.193,2,"",M,6.000,2,"",N,10.492,2,"",M,35.249,2,"",M,10.940,2,"",M,1013.050,2,"",M,408.518,2,"",M,NaN,,,0,NaN,,,M,395.703,2,"",394.198,2,"",NaN,,,NaN,,
2024-10-25T06:25:29.000Z,3.048,2,"",M,61.195,2,"",M,6.000,2,"",N,10.473,2,"",M,35.252,2,"",M,10.940,2,"",M,1012.900,2,"",M,408.459,2,"",M,NaN,,,0,NaN,,,M,395.265,2,"",393.762,2,"",NaN,,,NaN,,
2024-10-25T06:27:21.000Z,3.039,2,"",M,61.197,2,"",M,6.000,2,"",N,10.481,2,"",M,35.253,2,"",M,10.910,2,"",M,1013.230,2,"",M,409.862,2,"",M,NaN,,,0,NaN,,,M,397.410,2,"",395.897,2,"",NaN,,,NaN,,
2024-10-25T06:29:13.000Z,3.030,2,"",M,61.199,2,"",M,6.000,2,"",N,10.490,2,"",M,35.252,2,"",M,10.920,2,"",M,1013.080,2,"",M,410.614,2,"",M,NaN,,,0,NaN,,,M,398.052,2,"",396.537,2,"",NaN,,,NaN,,
2024-10-25T06:31:06.000Z,3.021,2,"",M,61.202,2,"",M,6.000,2,"",N,10.485,2,"",M,35.252,2,"",M,10.920,2,"",M,1013.140,2,"",M,410.595,2,"",M,NaN,,,0,NaN,,,M,397.966,2,"",396.452,2,"",NaN,,,NaN,,
2024-10-25T06:32:57.000Z,3.013,2,"",M,61.205,2,"",M,6.000,2,"",N,10.458,2,"",M,35.250,2,"",M,10.920,2,"",M,1012.956,2,"",M,410.976,2,"",M,NaN,,,0,NaN,,,M,397.808,2,"",396.295,2,"",NaN,,,NaN,,
2024-10-25T06:34:49.000Z,3.003,2,"",M,61.207,2,"",M,6.000,2,"",N,10.462,2,"",M,35.247,2,"",M,10.890,2,"",M,1013.010,2,"",M,410.978,2,"",M,NaN,,,0,NaN,,,M,398.424,2,"",396.907,2,"",NaN,,,NaN,,
2024-10-25T06:36:42.000Z,2.994,2,"",M,61.210,2,"",M,6.000,2,"",N,10.472,2,"",M,35.249,2,"",M,10.900,2,"",M,1013.200,2,"",M,410.869,2,"",M,NaN,,,0,NaN,,,M,398.391,2,"",396.874,2,"",NaN,,,NaN,,
2024-10-25T06:38:34.000Z,2.985,2,"",M,61.212,2,"",M,6.000,2,"",N,10.473,2,"",M,35.248,2,"",M,10.910,2,"",M,1012.830,2,"",M,410.770,2,"",M,NaN,,,0,NaN,,,M,397.993,2,"",396.479,2,"",NaN,,,NaN,,
2024-10-25T06:40:26.000Z,2.976,2,"",M,61.215,2,"",M,6.000,2,"",N,10.470,2,"",M,35.245,2,"",M,10.910,2,"",M,1013.180,2,"",M,411.081,2,"",M,NaN,,,0,NaN,,,M,398.376,2,"",396.859,2,"",NaN,,,NaN,,
2024-10-25T06:42:18.000Z,2.967,2,"",M,61.218,2,"",M,6.000,2,"",N,10.463,2,"",M,35.243,2,"",M,10.900,2,"",M,1012.880,2,"",M,411.103,2,"",M,NaN,,,0,NaN,,,M,398.333,2,"",396.817,2,"",NaN,,,NaN,,
2024-10-25T06:44:11.000Z,2.958,2,"",M,61.220,2,"",M,6.000,2,"",N,10.455,2,"",M,35.241,2,"",M,10.900,2,"",M,1012.830,2,"",M,411.234,2,"",M,NaN,,,0,NaN,,,M,398.313,2,"",396.797,2,"",NaN,,,NaN,,
2024-10-25T06:46:03.000Z,2.949,2,"",M,61.223,2,"",M,6.000,2,"",N,10.451,2,"",M,35.238,2,"",M,10.890,2,"",M,1013.250,2,"",M,410.995,2,"",M,NaN,,,0,NaN,,,M,398.357,2,"",396.840,2,"",NaN,,,NaN,,
2024-10-25T06:47:55.000Z,2.940,2,"",M,61.225,2,"",M,6.000,2,"",N,10.462,2,"",M,35.242,2,"",M,10.890,2,"",M,1013.060,2,"",M,411.216,2,"",M,NaN,,,0,NaN,,,M,398.671,2,"",397.153,2,"",NaN,,,NaN,,
2024-10-25T06:49:47.000Z,2.931,2,"",M,61.228,2,"",M,6.000,2,"",N,10.461,2,"",M,35.243,2,"",M,10.900,2,"",M,1013.260,2,"",M,411.388,2,"",M,NaN,,,0,NaN,,,M,398.733,2,"",397.215,2,"",NaN,,,NaN,,
2024-10-25T06:51:40.000Z,2.922,2,"",M,61.231,2,"",M,6.000,2,"",N,10.449,2,"",M,35.243,2,"",M,10.900,2,"",M,1012.770,2,"",M,411.369,2,"",M,NaN,,,0,NaN,,,M,398.322,2,"",396.806,2,"",NaN,,,NaN,,
2024-10-25T06:53:32.000Z,2.913,2,"",M,61.233,2,"",M,6.000,2,"",N,10.417,2,"",M,35.228,2,"",M,10.890,2,"",M,1012.890,2,"",M,411.651,2,"",M,NaN,,,0,NaN,,,M,398.271,2,"",396.755,2,"",NaN,,,NaN,,
2024-10-25T06:55:46.000Z,2.902,2,"",M,61.236,2,"",M,6.000,2,"",N,10.445,2,"",M,35.232,2,"",M,10.850,2,"",M,1013.280,2,"",M,411.982,2,"",M,NaN,,,0,NaN,,,M,399.913,2,"",398.390,2,"",NaN,,,NaN,,
2024-10-25T06:57:37.000Z,2.893,2,"",M,61.239,2,"",M,6.000,2,"",N,10.461,2,"",M,35.243,2,"",M,10.870,2,"",M,1012.930,2,"",M,412.504,2,"",M,NaN,,,0,NaN,,,M,400.204,2,"",398.680,2,"",NaN,,,NaN,,
2024-10-25T06:59:30.000Z,2.884,2,"",M,61.242,2,"",M,6.000,2,"",N,10.456,2,"",M,35.245,2,"",M,10.900,2,"",M,1013.090,2,"",M,412.375,2,"",M,NaN,,,0,NaN,,,M,399.530,2,"",398.009,2,"",NaN,,,NaN,,
2024-10-25T07:01:22.000Z,2.875,2,"",M,61.244,2,"",M,6.000,2,"",N,10.449,2,"",M,35.242,2,"",M,10.900,2,"",M,1012.970,2,"",M,412.156,2,"",M,NaN,,,0,NaN,,,M,399.165,2,"",397.646,2,"",NaN,,,NaN,,
2024-10-25T07:03:14.000Z,2.866,2,"",M,61.247,2,"",M,6.000,2,"",N,10.440,2,"",M,35.239,2,"",M,10.890,2,"",M,1013.110,2,"",M,411.697,2,"",M,NaN,,,0,NaN,,,M,398.786,2,"",397.268,2,"",NaN,,,NaN,,
2024-10-25T07:05:06.000Z,2.857,2,"",M,61.250,2,"",M,6.000,2,"",N,10.435,2,"",M,35.237,2,"",M,10.870,2,"",M,1012.810,2,"",M,411.618,2,"",M,NaN,,,0,NaN,,,M,398.857,2,"",397.338,2,"",NaN,,,NaN,,
2024-10-25T07:06:59.000Z,2.848,2,"",M,61.252,2,"",M,6.000,2,"",N,10.431,2,"",M,35.236,2,"",M,10.870,2,"",M,1012.950,2,"",M,412.090,2,"",M,NaN,,,0,NaN,,,M,399.290,2,"",397.770,2,"",NaN,,,NaN,,
2024-10-25T07:08:51.000Z,2.839,2,"",M,61.255,2,"",M,6.000,2,"",N,10.427,2,"",M,35.236,2,"",M,10.870,2,"",M,1012.870,2,"",M,412.371,2,"",M,NaN,,,0,NaN,,,M,399.472,2,"",397.952,2,"",NaN,,,NaN,,
2024-10-25T07:10:43.000Z,2.830,2,"",M,61.257,2,"",M,6.000,2,"",N,10.426,2,"",M,35.236,2,"",M,10.870,2,"",M,1013.050,2,"",M,412.893,2,"",M,NaN,,,0,NaN,,,M,400.032,2,"",398.508,2,"",NaN,,,NaN,,
2024-10-25T07:12:35.000Z,2.821,2,"",M,61.260,2,"",M,6.000,2,"",N,10.419,2,"",M,35.235,2,"",M,10.860,2,"",M,1013.275,2,"",M,412.954,2,"",M,NaN,,,0,NaN,,,M,400.229,2,"",398.704,2,"",NaN,,,NaN,,
2024-10-25T07:14:27.000Z,2.812,2,"",M,61.263,2,"",M,6.000,2,"",N,10.422,2,"",M,35.231,2,"",M,10.850,2,"",M,1013.280,2,"",M,413.296,2,"",M,NaN,,,0,NaN,,,M,400.797,2,"",399.270,2,"",NaN,,,NaN,,
2024-10-25T07:16:20.000Z,2.803,2,"",M,61.265,2,"",M,6.000,2,"",N,10.426,2,"",M,35.226,2,"",M,10.850,2,"",M,1013.770,2,"",M,412.416,2,"",M,NaN,,,0,NaN,,,M,400.203,2,"",398.677,2,"",NaN,,,NaN,,
2024-10-25T07:18:12.000Z,2.795,2,"",M,61.268,2,"",M,6.000,2,"",N,10.431,2,"",M,35.227,2,"",M,10.860,2,"",M,1013.170,2,"",M,411.136,2,"",M,NaN,,,0,NaN,,,M,398.635,2,"",397.117,2,"",NaN,,,NaN,,
2024-10-25T07:20:04.000Z,2.786,2,"",M,61.270,2,"",M,6.000,2,"",N,10.443,2,"",M,35.237,2,"",M,10.860,2,"",M,1012.810,2,"",M,410.607,2,"",M,NaN,,,0,NaN,,,M,398.186,2,"",396.670,2,"",NaN,,,NaN,,
2024-10-25T07:21:56.000Z,2.777,2,"",M,61.273,2,"",M,6.000,2,"",N,10.443,2,"",M,35.237,2,"",M,10.880,2,"",M,1013.070,2,"",M,410.988,2,"",M,NaN,,,0,NaN,,,M,398.313,2,"",396.797,2,"",NaN,,,NaN,,
2024-10-25T07:23:48.000Z,2.769,2,"",M,61.276,2,"",M,6.000,2,"",N,10.443,2,"",M,35.237,2,"",M,10.890,2,"",M,1013.090,2,"",M,411.680,2,"",M,NaN,,,0,NaN,,,M,398.819,2,"",397.301,2,"",NaN,,,NaN,,
2024-10-25T07:25:40.000Z,2.760,2,"",M,61.279,2,"",M,6.000,2,"",N,10.442,2,"",M,35.238,2,"",M,10.880,2,"",M,1012.960,2,"",M,411.411,2,"",M,NaN,,,0,NaN,,,M,398.665,2,"",397.147,2,"",NaN,,,NaN,,
2024-10-25T07:27:33.000Z,2.752,2,"",M,61.281,2,"",M,6.000,2,"",N,10.443,2,"",M,35.238,2,"",M,10.880,2,"",M,1013.140,2,"",M,411.623,2,"",M,NaN,,,0,NaN,,,M,398.959,2,"",397.440,2,"",NaN,,,NaN,,
2024-10-25T07:29:25.000Z,2.743,2,"",M,61.283,2,"",M,6.000,2,"",N,10.444,2,"",M,35.238,2,"",M,10.880,2,"",M,1013.070,2,"",M,411.744,2,"",M,NaN,,,0,NaN,,,M,399.065,2,"",397.546,2,"",NaN,,,NaN,,
2024-10-25T07:31:16.000Z,2.733,2,"",M,61.285,2,"",M,6.000,2,"",N,10.444,2,"",M,35.237,2,"",M,10.880,2,"",M,1013.170,2,"",M,411.445,2,"",M,NaN,,,0,NaN,,,M,398.812,2,"",397.293,2,"",NaN,,,NaN,,
2024-10-25T07:33:09.000Z,2.724,2,"",M,61.287,2,"",M,6.000,2,"",N,10.445,2,"",M,35.239,2,"",M,10.880,2,"",M,1013.070,2,"",M,411.256,2,"",M,NaN,,,0,NaN,,,M,398.603,2,"",397.086,2,"",NaN,,,NaN,,
2024-10-25T07:35:01.000Z,2.715,2,"",M,61.289,2,"",M,6.000,2,"",N,10.445,2,"",M,35.239,2,"",M,10.890,2,"",M,1012.950,2,"",M,411.217,2,"",M,NaN,,,0,NaN,,,M,398.352,2,"",396.835,2,"",NaN,,,NaN,,
2024-10-25T07:36:53.000Z,2.705,2,"",M,61.291,2,"",M,6.000,2,"",N,10.446,2,"",M,35.240,2,"",M,10.890,2,"",M,1013.530,2,"",M,411.609,2,"",M,NaN,,,0,NaN,,,M,398.969,2,"",397.449,2,"",NaN,,,NaN,,
2024-10-25T07:38:45.000Z,2.696,2,"",M,61.293,2,"",M,6.000,2,"",N,10.443,2,"",M,35.239,2,"",M,10.880,2,"",M,1013.070,2,"",M,411.200,2,"",M,NaN,,,0,NaN,,,M,398.517,2,"",397.000,2,"",NaN,,,NaN,,
2024-10-25T07:40:37.000Z,2.687,2,"",M,61.295,2,"",M,6.000,2,"",N,10.445,2,"",M,35.239,2,"",M,10.880,2,"",M,1013.020,2,"",M,411.231,2,"",M,NaN,,,0,NaN,,,M,398.561,2,"",397.044,2,"",NaN,,,NaN,,
2024-10-25T07:42:30.000Z,2.678,2,"",M,61.297,2,"",M,6.000,2,"",N,10.449,2,"",M,35.239,2,"",M,10.880,2,"",M,1012.880,2,"",M,411.232,2,"",M,NaN,,,0,NaN,,,M,398.568,2,"",397.051,2,"",NaN,,,NaN,,
2024-10-25T07:44:22.000Z,2.669,2,"",M,61.300,2,"",M,6.000,2,"",N,10.450,2,"",M,35.241,2,"",M,10.880,2,"",M,1012.930,2,"",M,411.123,2,"",M,NaN,,,0,NaN,,,M,398.494,2,"",396.977,2,"",NaN,,,NaN,,
2024-10-25T07:46:14.000Z,2.660,2,"",M,61.302,2,"",M,6.000,2,"",N,10.452,2,"",M,35.242,2,"",M,10.880,2,"",M,1013.300,2,"",M,411.225,2,"",M,NaN,,,0,NaN,,,M,398.778,2,"",397.259,2,"",NaN,,,NaN,,
2024-10-25T07:48:07.000Z,2.650,2,"",M,61.304,2,"",M,6.000,2,"",N,10.463,2,"",M,35.246,2,"",M,10.900,2,"",M,1013.510,2,"",M,411.166,2,"",M,NaN,,,0,NaN,,,M,398.643,2,"",397.125,2,"",NaN,,,NaN,,
2024-10-25T07:49:59.000Z,2.641,2,"",M,61.306,2,"",M,6.000,2,"",N,10.459,2,"",M,35.250,2,"",M,10.900,2,"",M,1013.560,2,"",M,411.387,2,"",M,NaN,,,0,NaN,,,M,398.820,2,"",397.302,2,"",NaN,,,NaN,,
2024-10-25T07:51:51.000Z,2.632,2,"",M,61.308,2,"",M,6.000,2,"",N,10.468,2,"",M,35.251,2,"",M,10.900,2,"",M,1013.320,2,"",M,411.889,2,"",M,NaN,,,0,NaN,,,M,399.355,2,"",397.835,2,"",NaN,,,NaN,,
2024-10-25T07:53:43.000Z,2.624,2,"",M,61.310,2,"",M,6.000,2,"",N,10.469,2,"",M,35.248,2,"",M,10.900,2,"",M,1013.340,2,"",M,412.381,2,"",M,NaN,,,0,NaN,,,M,399.867,2,"",398.345,2,"",NaN,,,NaN,,
2024-10-25T07:55:57.000Z,2.615,2,"",M,61.313,2,"",M,6.000,2,"",N,10.490,2,"",M,35.252,2,"",M,10.900,2,"",M,1013.670,2,"",M,412.573,2,"",M,NaN,,,0,NaN,,,M,400.528,2,"",399.003,2,"",NaN,,,NaN,,
2024-10-25T07:57:49.000Z,2.607,2,"",M,61.314,2,"",M,6.000,2,"",N,10.495,2,"",M,35.249,2,"",M,10.920,2,"",M,1013.680,2,"",M,412.974,2,"",M,NaN,,,0,NaN,,,M,400.674,2,"",399.149,2,"",NaN,,,NaN,,
2024-10-25T07:59:41.000Z,2.598,2,"",M,61.316,2,"",M,6.000,2,"",N,10.497,2,"",M,35.243,2,"",M,10.930,2,"",M,1013.890,2,"",M,412.996,2,"",M,NaN,,,0,NaN,,,M,400.632,2,"",399.107,2,"",NaN,,,NaN,,
2024-10-25T08:01:33.000Z,2.590,2,"",M,61.319,2,"",M,6.000,2,"",N,10.496,2,"",M,35.249,2,"",M,10.940,2,"",M,1013.350,2,"",M,413.037,2,"",M,NaN,,,0,NaN,,,M,400.272,2,"",398.748,2,"",NaN,,,NaN,,
2024-10-25T08:03:25.000Z,2.581,2,"",M,61.321,2,"",M,6.000,2,"",N,10.498,2,"",M,35.246,2,"",M,10.940,2,"",M,1013.520,2,"",M,413.228,2,"",M,NaN,,,0,NaN,,,M,400.549,2,"",399.025,2,"",NaN,,,NaN,,
2024-10-25T08:05:18.000Z,2.572,2,"",M,61.324,2,"",M,6.000,2,"",N,10.496,2,"",M,35.241,2,"",M,10.930,2,"",M,1013.510,2,"",M,413.370,2,"",M,NaN,,,0,NaN,,,M,400.826,2,"",399.300,2,"",NaN,,,NaN,,
2024-10-25T08:07:10.000Z,2.564,2,"",M,61.326,2,"",M,6.000,2,"",N,10.500,2,"",M,35.242,2,"",M,10.930,2,"",M,1013.535,2,"",M,413.401,2,"",M,NaN,,,0,NaN,,,M,400.926,2,"",399.400,2,"",NaN,,,NaN,,
2024-10-25T08:09:02.000Z,2.555,2,"",M,61.328,2,"",M,6.000,2,"",N,10.500,2,"",M,35.241,2,"",M,10.930,2,"",M,1013.660,2,"",M,413.322,2,"",M,NaN,,,0,NaN,,,M,400.914,2,"",399.388,2,"",NaN,,,NaN,,
2024-10-25T08:10:54.000Z,2.546,2,"",M,61.331,2,"",M,6.000,2,"",N,10.500,2,"",M,35.237,2,"",M,10.930,2,"",M,1013.810,2,"",M,412.863,2,"",M,NaN,,,0,NaN,,,M,400.526,2,"",399.001,2,"",NaN,,,NaN,,
2024-10-25T08:12:47.000Z,2.537,2,"",M,61.333,2,"",M,6.000,2,"",N,10.498,2,"",M,35.230,2,"",M,10.930,2,"",M,1014.000,2,"",M,412.353,2,"",M,NaN,,,0,NaN,,,M,400.073,2,"",398.549,2,"",NaN,,,NaN,,
2024-10-25T08:14:39.000Z,2.528,2,"",M,61.336,2,"",M,6.000,2,"",N,10.502,2,"",M,35.235,2,"",M,10.940,2,"",M,1013.780,2,"",M,411.864,2,"",M,NaN,,,0,NaN,,,M,399.410,2,"",397.890,2,"",NaN,,,NaN,,
2024-10-25T08:16:31.000Z,2.520,2,"",M,61.338,2,"",M,6.000,2,"",N,10.503,2,"",M,35.236,2,"",M,10.940,2,"",M,1013.920,2,"",M,412.156,2,"",M,NaN,,,0,NaN,,,M,399.760,2,"",398.238,2,"",NaN,,,NaN,,
2024-10-25T08:18:23.000Z,2.511,2,"",M,61.340,2,"",M,6.000,2,"",N,10.506,2,"",M,35.239,2,"",M,10.940,2,"",M,1013.930,2,"",M,411.846,2,"",M,NaN,,,0,NaN,,,M,399.511,2,"",397.990,2,"",NaN,,,NaN,,
2024-10-25T08:20:15.000Z,2.502,2,"",M,61.342,2,"",M,6.000,2,"",N,10.508,2,"",M,35.240,2,"",M,10.940,2,"",M,1013.730,2,"",M,411.808,2,"",M,NaN,,,0,NaN,,,M,399.428,2,"",397.907,2,"",NaN,,,NaN,,
2024-10-25T08:22:08.000Z,2.493,2,"",M,61.344,2,"",M,6.000,2,"",N,10.509,2,"",M,35.239,2,"",M,10.940,2,"",M,1013.590,2,"",M,412.069,2,"",M,NaN,,,0,NaN,,,M,399.645,2,"",398.124,2,"",NaN,,,NaN,,
2024-10-25T08:24:00.000Z,2.485,2,"",M,61.347,2,"",M,6.000,2,"",N,10.512,2,"",M,35.238,2,"",M,10.940,2,"",M,1013.480,2,"",M,411.970,2,"",M,NaN,,,0,NaN,,,M,399.558,2,"",398.037,2,"",NaN,,,NaN,,
2024-10-25T08:25:52.000Z,2.476,2,"",M,61.349,2,"",M,6.000,2,"",N,10.513,2,"",M,35.238,2,"",M,10.940,2,"",M,1013.460,2,"",M,411.120,2,"",M,NaN,,,0,NaN,,,M,398.746,2,"",397.229,2,"",NaN,,,NaN,,
2024-10-25T08:27:44.000Z,2.467,2,"",M,61.351,2,"",M,6.000,2,"",N,10.517,2,"",M,35.244,2,"",M,10.950,2,"",M,1013.870,2,"",M,411.212,2,"",M,NaN,,,0,NaN,,,M,398.890,2,"",397.372,2,"",NaN,,,NaN,,
2024-10-25T08:29:37.000Z,2.458,2,"",M,61.354,2,"",M,6.000,2,"",N,10.523,2,"",M,35.247,2,"",M,10.960,2,"",M,1014.250,2,"",M,411.373,2,"",M,NaN,,,0,NaN,,,M,399.120,2,"",397.601,2,"",NaN,,,NaN,,
2024-10-25T08:31:29.000Z,2.449,2,"",M,61.356,2,"",M,6.000,2,"",N,10.528,2,"",M,35.247,2,"",M,10.960,2,"",M,1013.640,2,"",M,411.054,2,"",M,NaN,,,0,NaN,,,M,398.657,2,"",397.140,2,"",NaN,,,NaN,,
2024-10-25T08:33:21.000Z,2.440,2,"",M,61.358,2,"",M,6.000,2,"",N,10.532,2,"",M,35.248,2,"",M,10.960,2,"",M,1014.100,2,"",M,410.905,2,"",M,NaN,,,0,NaN,,,M,398.755,2,"",397.237,2,"",NaN,,,NaN,,
2024-10-25T08:35:13.000Z,2.431,2,"",M,61.361,2,"",M,6.000,2,"",N,10.535,2,"",M,35.249,2,"",M,10.960,2,"",M,1013.700,2,"",M,410.776,2,"",M,NaN,,,0,NaN,,,M,398.524,2,"",397.007,2,"",NaN,,,NaN,,
2024-10-25T08:37:05.000Z,2.422,2,"",M,61.363,2,"",M,6.000,2,"",N,10.536,2,"",M,35.250,2,"",M,10.960,2,"",M,1013.800,2,"",M,410.517,2,"",M,NaN,,,0,NaN,,,M,398.331,2,"",396.815,2,"",NaN,,,NaN,,
2024-10-25T08:38:58.000Z,2.413,2,"",M,61.365,2,"",M,6.000,2,"",N,10.536,2,"",M,35.249,2,"",M,10.970,2,"",M,1013.870,2,"",M,410.388,2,"",M,NaN,,,0,NaN,,,M,398.066,2,"",396.551,2,"",NaN,,,NaN,,
2024-10-25T08:40:50.000Z,2.404,2,"",M,61.368,2,"",M,6.000,2,"",N,10.537,2,"",M,35.249,2,"",M,10.980,2,"",M,1014.060,2,"",M,410.329,2,"",M,NaN,,,0,NaN,,,M,397.931,2,"",396.417,2,"",NaN,,,NaN,,
2024-10-25T08:42:42.000Z,2.395,2,"",M,61.370,2,"",M,6.000,2,"",N,10.535,2,"",M,35.250,2,"",M,10.980,2,"",M,1013.490,2,"",M,410.761,2,"",M,NaN,,,0,NaN,,,M,398.088,2,"",396.573,2,"",NaN,,,NaN,,
2024-10-25T08:44:34.000Z,2.385,2,"",M,61.373,2,"",M,6.000,2,"",N,10.536,2,"",M,35.249,2,"",M,10.970,2,"",M,1013.950,2,"",M,410.242,2,"",M,NaN,,,0,NaN,,,M,397.960,2,"",396.445,2,"",NaN,,,NaN,,
2024-10-25T08:46:27.000Z,2.376,2,"",M,61.375,2,"",M,6.000,2,"",N,10.536,2,"",M,35.247,2,"",M,10.970,2,"",M,1014.210,2,"",M,410.263,2,"",M,NaN,,,0,NaN,,,M,398.082,2,"",396.566,2,"",NaN,,,NaN,,
2024-10-25T08:48:19.000Z,2.367,2,"",M,61.377,2,"",M,6.000,2,"",N,10.539,2,"",M,35.246,2,"",M,10.970,2,"",M,1013.720,2,"",M,410.134,2,"",M,NaN,,,0,NaN,,,M,397.803,2,"",396.289,2,"",NaN,,,NaN,,
2024-10-25T08:50:11.000Z,2.358,2,"",M,61.380,2,"",M,6.000,2,"",N,10.538,2,"",M,35.246,2,"",M,10.970,2,"",M,1013.840,2,"",M,409.835,2,"",M,NaN,,,0,NaN,,,M,397.549,2,"",396.036,2,"",NaN,,,NaN,,
2024-10-25T08:52:03.000Z,2.349,2,"",M,61.382,2,"",M,6.000,2,"",N,10.550,2,"",M,35.246,2,"",M,10.970,2,"",M,1014.090,2,"",M,409.676,2,"",M,NaN,,,0,NaN,,,M,397.697,2,"",396.183,2,"",NaN,,,NaN,,
2024-10-25T08:53:56.000Z,2.340,2,"",M,61.385,2,"",M,6.000,2,"",N,10.558,2,"",M,35.247,2,"",M,10.980,2,"",M,1014.290,2,"",M,409.817,2,"",M,NaN,,,0,NaN,,,M,397.883,2,"",396.369,2,"",NaN,,,NaN,,
2024-10-25T08:56:09.000Z,2.331,2,"",M,61.389,2,"",M,6.000,2,"",N,10.567,2,"",M,35.249,2,"",M,10.990,2,"",M,1014.230,2,"",M,409.929,2,"",M,NaN,,,0,NaN,,,M,397.932,2,"",396.417,2,"",NaN,,,NaN,,
2024-10-25T09:00:39.000Z,2.313,2,"",M,61.397,2,"",M,6.000,2,"",N,NaN,,,M,NaN,,,M,NaN,,,M,NaN,,,M,NaN,,,0,NaN,,,0,NaN,,,M,NaN,,,NaN,,,NaN,,,NaN,,
2024-10-25T09:02:29.000Z,2.306,2,"",M,61.400,2,"",M,6.000,2,"",N,NaN,,,M,NaN,,,M,NaN,,,M,NaN,,,M,NaN,,,0,NaN,,,0,NaN,,,M,NaN,,,NaN,,,NaN,,,NaN,,
2024-10-25T09:04:18.000Z,2.298,2,"",M,61.404,2,"",M,6.000,2,"",N,NaN,,,M,NaN,,,M,NaN,,,M,NaN,,,M,NaN,,,0,NaN,,,0,NaN,,,M,NaN,,,NaN,,,NaN,,,NaN,,
2024-10-25T09:08:48.000Z,2.280,2,"",M,61.412,2,"",M,6.000,2,"",N,NaN,,,M,NaN,,,M,NaN,,,M,NaN,,,M,NaN,,,0,NaN,,,0,NaN,,,M,NaN,,,NaN,,,NaN,,,NaN,,
2024-10-25T09:10:37.000Z,2.272,2,"",M,61.416,2,"",M,6.000,2,"",N,NaN,,,M,NaN,,,M,NaN,,,M,NaN,,,M,NaN,,,0,NaN,,,0,NaN,,,M,NaN,,,NaN,,,NaN,,,NaN,,
2024-10-25T09:12:27.000Z,2.265,2,"",M,61.419,2,"",M,6.000,2,"",N,NaN,,,M,NaN,,,M,NaN,,,M,NaN,,,M,NaN,,,0,NaN,,,0,NaN,,,M,NaN,,,NaN,,,NaN,,,NaN,,
2024-10-25T09:16:57.000Z,2.245,2,"",M,61.426,2,"",M,6.000,2,"",N,NaN,,,M,NaN,,,M,NaN,,,M,NaN,,,M,NaN,,,0,NaN,,,0,NaN,,,M,NaN,,,NaN,,,NaN,,,NaN,,
2024-10-25T09:18:47.000Z,2.235,2,"",M,61.426,2,"",M,6.000,2,"",N,NaN,,,M,NaN,,,M,NaN,,,M,NaN,,,M,NaN,,,0,NaN,,,0,NaN,,,M,NaN,,,NaN,,,NaN,,,NaN,,
2024-10-25T09:20:36.000Z,2.225,2,"",M,61.426,2,"",M,6.000,2,"",N,NaN,,,M,NaN,,,M,NaN,,,M,NaN,,,M,NaN,,,0,NaN,,,0,NaN,,,M,NaN,,,NaN,,,NaN,,,NaN,,
2024-10-25T09:25:46.000Z,2.215,2,"",M,61.421,2,"",M,6.000,2,"",N,NaN,,,M,NaN,,,M,NaN,,,M,NaN,,,M,NaN,,,0,NaN,,,0,NaN,,,M,NaN,,,NaN,,,NaN,,,NaN,,
2024-10-25T09:30:19.000Z,2.220,2,"",M,61.412,2,"",M,6.000,2,"",N,NaN,,,M,NaN,,,M,NaN,,,M,NaN,,,M,NaN,,,0,NaN,,,0,NaN,,,M,NaN,,,NaN,,,NaN,,,NaN,,
2024-10-25T09:34:49.000Z,2.224,2,"",M,61.403,2,"",M,6.000,2,"",N,NaN,,,M,NaN,,,M,NaN,,,M,NaN,,,M,NaN,,,0,NaN,,,0,NaN,,,M,NaN,,,NaN,,,NaN,,,NaN,,
2024-10-25T09:36:40.000Z,2.226,2,"",M,61.399,2,"",M,6.000,2,"",N,NaN,,,M,NaN,,,M,NaN,,,M,NaN,,,M,NaN,,,0,NaN,,,0,NaN,,,M,NaN,,,NaN,,,NaN,,,NaN,,
2024-10-25T09:38:29.000Z,2.228,2,"",M,61.394,2,"",M,6.000,2,"",N,NaN,,,M,NaN,,,M,NaN,,,M,NaN,,,M,NaN,,,0,NaN,,,0,NaN,,,M,NaN,,,NaN,,,NaN,,,NaN,,
2024-10-25T09:42:59.000Z,2.233,2,"",M,61.385,2,"",M,6.000,2,"",N,NaN,,,M,NaN,,,M,NaN,,,M,NaN,,,M,NaN,,,0,NaN,,,0,NaN,,,M,NaN,,,NaN,,,NaN,,,NaN,,
2024-10-25T09:44:48.000Z,2.235,2,"",M,61.381,2,"",M,6.000,2,"",N,NaN,,,M,NaN,,,M,NaN,,,M,NaN,,,M,NaN,,,0,NaN,,,0,NaN,,,M,NaN,,,NaN,,,NaN,,,NaN,,
2024-10-25T09:46:38.000Z,2.236,2,"",M,61.377,2,"",M,6.000,2,"",N,NaN,,,M,NaN,,,M,NaN,,,M,NaN,,,M,NaN,,,0,NaN,,,0,NaN,,,M,NaN,,,NaN,,,NaN,,,NaN,,
2024-10-25T09:51:08.000Z,2.241,2,"",M,61.367,2,"",M,6.000,2,"",N,NaN,,,M,NaN,,,M,NaN,,,M,NaN,,,M,NaN,,,0,NaN,,,0,NaN,,,M,NaN,,,NaN,,,NaN,,,NaN,,
2024-10-25T09:52:57.000Z,2.243,2,"",M,61.363,2,"",M,6.000,2,"",N,NaN,,,M,NaN,,,M,NaN,,,M,NaN,,,M,NaN,,,0,NaN,,,0,NaN,,,M,NaN,,,NaN,,,NaN,,,NaN,,
2024-10-25T09:54:47.000Z,2.244,2,"",M,61.360,2,"",M,6.000,2,"",N,NaN,,,M,NaN,,,M,NaN,,,M,NaN,,,M,NaN,,,0,NaN,,,0,NaN,,,M,NaN,,,NaN,,,NaN,,,NaN,,
2024-10-25T09:59:17.000Z,2.249,2,"",M,61.351,2,"",M,6.000,2,"",N,10.525,2,"",M,35.248,2,"",M,NaN,,,M,NaN,,,M,NaN,,,0,423.987,2,"",M,1013.729,2,"",I,NaN,,,NaN,,,419.994,2,"",418.383,2,""
2024-10-25T10:01:07.000Z,2.252,2,"",M,61.347,2,"",M,6.000,2,"",N,10.523,2,"",M,35.245,2,"",M,NaN,,,M,NaN,,,M,NaN,,,0,423.538,2,"",M,1013.700,2,"",M,NaN,,,NaN,,,419.538,2,"",417.928,2,""
2024-10-25T10:02:56.000Z,2.254,2,"",M,61.343,2,"",M,6.000,2,"",N,10.522,2,"",M,35.248,2,"",M,NaN,,,M,NaN,,,M,NaN,,,0,423.619,2,"",M,1013.800,2,"",M,NaN,,,NaN,,,419.660,2,"",418.050,2,""
2024-10-25T10:04:46.000Z,2.256,2,"",M,61.339,2,"",M,6.000,2,"",N,10.524,2,"",M,35.247,2,"",M,NaN,,,M,NaN,,,M,NaN,,,0,424.160,2,"",M,1013.900,2,"",M,NaN,,,NaN,,,420.237,2,"",418.624,2,""
2024-10-25T10:06:36.000Z,2.258,2,"",M,61.335,2,"",M,6.000,2,"",N,10.521,2,"",M,35.249,2,"",M,NaN,,,M,NaN,,,M,NaN,,,0,423.881,2,"",M,1013.800,2,"",M,NaN,,,NaN,,,419.919,2,"",418.308,2,""
2024-10-25T10:11:46.000Z,2.264,2,"",M,61.323,2,"",M,6.000,2,"",N,10.534,2,"",M,35.249,2,"",M,10.970,2,"",M,1014.330,2,"",M,408.457,2,"",M,NaN,,,0,NaN,,,M,396.333,2,"",394.824,2,"",NaN,,,NaN,,
2024-10-25T10:13:39.000Z,2.266,2,"",M,61.319,2,"",M,6.000,2,"",N,10.532,2,"",M,35.249,2,"",M,10.970,2,"",M,1014.580,2,"",M,408.808,2,"",M,NaN,,,0,NaN,,,M,396.751,2,"",395.240,2,"",NaN,,,NaN,,
2024-10-25T10:15:31.000Z,2.268,2,"",M,61.315,2,"",M,6.000,2,"",N,10.542,2,"",M,35.249,2,"",M,10.960,2,"",M,1014.810,2,"",M,408.849,2,"",M,NaN,,,0,NaN,,,M,397.210,2,"",395.696,2,"",NaN,,,NaN,,
2024-10-25T10:17:23.000Z,2.270,2,"",M,61.311,2,"",M,6.000,2,"",N,10.537,2,"",M,35.248,2,"",M,10.970,2,"",M,1014.490,2,"",M,408.910,2,"",M,NaN,,,0,NaN,,,M,396.896,2,"",395.385,2,"",NaN,,,NaN,,
2024-10-25T10:19:15.000Z,2.272,2,"",M,61.306,2,"",M,6.000,2,"",N,10.538,2,"",M,35.247,2,"",M,10.970,2,"",M,1014.825,2,"",M,408.511,2,"",M,NaN,,,0,NaN,,,M,396.648,2,"",395.137,2,"",NaN,,,NaN,,
2024-10-25T10:21:08.000Z,2.275,2,"",M,61.302,2,"",M,6.000,2,"",N,10.535,2,"",M,35.248,2,"",M,10.960,2,"",M,1014.390,2,"",M,408.292,2,"",M,NaN,,,0,NaN,,,M,396.392,2,"",394.882,2,"",NaN,,,NaN,,
2024-10-25T10:23:00.000Z,2.277,2,"",M,61.298,2,"",M,6.000,2,"",N,10.535,2,"",M,35.249,2,"",M,10.970,2,"",M,1014.540,2,"",M,407.973,2,"",M,NaN,,,0,NaN,,,M,395.965,2,"",394.457,2,"",NaN,,,NaN,,
2024-10-25T10:25:13.000Z,2.279,2,"",M,61.293,2,"",M,6.000,2,"",N,10.532,2,"",M,35.248,2,"",M,10.970,2,"",M,1015.040,2,"",M,408.064,2,"",M,NaN,,,0,NaN,,,M,396.203,2,"",394.694,2,"",NaN,,,NaN,,
2024-10-25T10:27:05.000Z,2.281,2,"",M,61.289,2,"",M,6.000,2,"",N,10.526,2,"",M,35.248,2,"",M,10.970,2,"",M,1015.050,2,"",M,408.395,2,"",M,NaN,,,0,NaN,,,M,396.437,2,"",394.926,2,"",NaN,,,NaN,,
2024-10-25T10:28:58.000Z,2.284,2,"",M,61.285,2,"",M,6.000,2,"",N,10.530,2,"",M,35.250,2,"",M,10.960,2,"",M,1014.910,2,"",M,408.406,2,"",M,NaN,,,0,NaN,,,M,396.620,2,"",395.109,2,"",NaN,,,NaN,,
2024-10-25T10:30:50.000Z,2.286,2,"",M,61.281,2,"",M,6.000,2,"",N,10.523,2,"",M,35.249,2,"",M,10.960,2,"",M,1014.540,2,"",M,409.166,2,"",M,NaN,,,0,NaN,,,M,397.098,2,"",395.586,2,"",NaN,,,NaN,,
2024-10-25T10:32:42.000Z,2.288,2,"",M,61.276,2,"",M,6.000,2,"",N,10.522,2,"",M,35.248,2,"",M,10.950,2,"",M,1014.665,2,"",M,410.097,2,"",M,NaN,,,0,NaN,,,M,398.205,2,"",396.687,2,"",NaN,,,NaN,,
2024-10-25T10:34:34.000Z,2.291,2,"",M,61.272,2,"",M,6.000,2,"",N,10.511,2,"",M,35.249,2,"",M,10.950,2,"",M,1014.540,2,"",M,410.198,2,"",M,NaN,,,0,NaN,,,M,398.066,2,"",396.549,2,"",NaN,,,NaN,,
2024-10-25T10:36:27.000Z,2.293,2,"",M,61.268,2,"",M,6.000,2,"",N,10.500,2,"",M,35.246,2,"",M,10.940,2,"",M,1014.890,2,"",M,410.058,2,"",M,NaN,,,0,NaN,,,M,398.054,2,"",396.537,2,"",NaN,,,NaN,,
2024-10-25T10:38:19.000Z,2.295,2,"",M,61.264,2,"",M,6.000,2,"",N,10.482,2,"",M,35.240,2,"",M,10.940,2,"",M,1014.840,2,"",M,410.359,2,"",M,NaN,,,0,NaN,,,M,398.020,2,"",396.503,2,"",NaN,,,NaN,,
2024-10-25T10:40:11.000Z,2.297,2,"",M,61.260,2,"",M,6.000,2,"",N,10.456,2,"",M,35.237,2,"",M,10.920,2,"",M,1015.270,2,"",M,410.360,2,"",M,NaN,,,0,NaN,,,M,398.099,2,"",396.580,2,"",NaN,,,NaN,,
2024-10-25T10:42:03.000Z,2.299,2,"",M,61.255,2,"",M,6.000,2,"",N,10.439,2,"",M,35.231,2,"",M,10.900,2,"",M,1014.930,2,"",M,409.771,2,"",M,NaN,,,0,NaN,,,M,397.464,2,"",395.948,2,"",NaN,,,NaN,,
2024-10-25T10:43:55.000Z,2.301,2,"",M,61.251,2,"",M,6.000,2,"",N,10.433,2,"",M,35.226,2,"",M,10.880,2,"",M,1014.780,2,"",M,409.662,2,"",M,NaN,,,0,NaN,,,M,397.533,2,"",396.017,2,"",NaN,,,NaN,,
2024-10-25T10:45:48.000Z,2.303,2,"",M,61.247,2,"",M,6.000,2,"",N,10.429,2,"",M,35.228,2,"",M,10.870,2,"",M,1014.650,2,"",M,409.553,2,"",M,NaN,,,0,NaN,,,M,397.487,2,"",395.971,2,"",NaN,,,NaN,,
2024-10-25T10:47:40.000Z,2.305,2,"",M,61.243,2,"",M,6.000,2,"",N,10.427,2,"",M,35.228,2,"",M,10.860,2,"",M,1015.060,2,"",M,409.644,2,"",M,NaN,,,0,NaN,,,M,397.864,2,"",396.346,2,"",NaN,,,NaN,,
2024-10-25T10:49:32.000Z,2.306,2,"",M,61.239,2,"",M,6.000,2,"",N,10.419,2,"",M,35.224,2,"",M,10.860,2,"",M,1015.070,2,"",M,409.425,2,"",M,NaN,,,0,NaN,,,M,397.529,2,"",396.012,2,"",NaN,,,NaN,,
2024-10-25T10:51:24.000Z,2.305,2,"",M,61.237,2,"",M,6.000,2,"",N,10.415,2,"",M,35.221,2,"",M,10.850,2,"",M,1014.810,2,"",M,409.486,2,"",M,NaN,,,0,NaN,,,M,397.590,2,"",396.074,2,"",NaN,,,NaN,,
2024-10-25T10:53:17.000Z,2.307,2,"",M,61.238,2,"",M,6.000,2,"",N,10.415,2,"",M,35.216,2,"",M,10.850,2,"",M,1014.810,2,"",M,409.327,2,"",M,NaN,,,0,NaN,,,M,397.423,2,"",395.907,2,"",NaN,,,NaN,,
2024-10-25T10:55:09.000Z,2.306,2,"",M,61.240,2,"",M,6.000,2,"",N,10.422,2,"",M,35.226,2,"",M,10.850,2,"",M,1015.110,2,"",M,408.688,2,"",M,NaN,,,0,NaN,,,M,397.040,2,"",395.525,2,"",NaN,,,NaN,,
2024-10-25T10:57:01.000Z,2.306,2,"",M,61.243,2,"",M,6.000,2,"",N,10.428,2,"",M,35.231,2,"",M,10.860,2,"",M,1014.820,2,"",M,408.759,2,"",M,NaN,,,0,NaN,,,M,396.929,2,"",395.415,2,"",NaN,,,NaN,,
2024-10-25T10:58:53.000Z,2.305,2,"",M,61.245,2,"",M,6.000,2,"",N,10.434,2,"",M,35.233,2,"",M,10.860,2,"",M,1014.880,2,"",M,409.099,2,"",M,NaN,,,0,NaN,,,M,397.378,2,"",395.862,2,"",NaN,,,NaN,,
2024-10-25T11:00:45.000Z,2.303,2,"",M,61.247,2,"",M,6.000,2,"",N,10.431,2,"",M,35.232,2,"",M,10.870,2,"",M,1014.890,2,"",M,409.260,2,"",M,NaN,,,0,NaN,,,M,397.324,2,"",395.809,2,"",NaN,,,NaN,,
2024-10-25T11:02:38.000Z,2.302,2,"",M,61.249,2,"",M,6.000,2,"",N,10.431,2,"",M,35.229,2,"",M,10.860,2,"",M,1014.880,2,"",M,409.601,2,"",M,NaN,,,0,NaN,,,M,397.821,2,"",396.304,2,"",NaN,,,NaN,,
2024-10-25T11:04:30.000Z,2.301,2,"",M,61.250,2,"",M,6.000,2,"",N,10.434,2,"",M,35.229,2,"",M,10.860,2,"",M,1014.890,2,"",M,409.162,2,"",M,NaN,,,0,NaN,,,M,397.450,2,"",395.934,2,"",NaN,,,NaN,,
2024-10-25T11:06:22.000Z,2.300,2,"",M,61.252,2,"",M,6.000,2,"",N,10.434,2,"",M,35.225,2,"",M,10.860,2,"",M,1014.870,2,"",M,409.423,2,"",M,NaN,,,0,NaN,,,M,397.691,2,"",396.173,2,"",NaN,,,NaN,,
2024-10-25T11:08:14.000Z,2.299,2,"",M,61.254,2,"",M,6.000,2,"",N,10.448,2,"",M,35.225,2,"",M,10.870,2,"",M,1014.930,2,"",M,409.304,2,"",M,NaN,,,0,NaN,,,M,397.669,2,"",396.152,2,"",NaN,,,NaN,,
2024-10-25T11:10:07.000Z,2.298,2,"",M,61.256,2,"",M,6.000,2,"",N,10.466,2,"",M,35.224,2,"",M,10.880,2,"",M,1015.290,2,"",M,408.935,2,"",M,NaN,,,0,NaN,,,M,397.577,2,"",396.060,2,"",NaN,,,NaN,,
2024-10-25T11:11:59.000Z,2.297,2,"",M,61.258,2,"",M,6.000,2,"",N,10.485,2,"",M,35.231,2,"",M,10.900,2,"",M,1014.940,2,"",M,408.906,2,"",M,NaN,,,0,NaN,,,M,397.397,2,"",395.882,2,"",NaN,,,NaN,,
2024-10-25T11:13:51.000Z,2.296,2,"",M,61.260,2,"",M,6.000,2,"",N,10.493,2,"",M,35.241,2,"",M,10.910,2,"",M,1014.970,2,"",M,408.826,2,"",M,NaN,,,0,NaN,,,M,397.284,2,"",395.769,2,"",NaN,,,NaN,,
2024-10-25T11:15:43.000Z,2.296,2,"",M,61.262,2,"",M,6.000,2,"",N,10.502,2,"",M,35.242,2,"",M,10.920,2,"",M,1014.920,2,"",M,409.277,2,"",M,NaN,,,0,NaN,,,M,397.687,2,"",396.171,2,"",NaN,,,NaN,,
2024-10-25T11:17:35.000Z,2.295,2,"",M,61.264,2,"",M,6.000,2,"",N,10.507,2,"",M,35.245,2,"",M,10.930,2,"",M,1014.770,2,"",M,409.188,2,"",M,NaN,,,0,NaN,,,M,397.451,2,"",395.936,2,"",NaN,,,NaN,,
2024-10-25T11:19:28.000Z,2.294,2,"",M,61.265,2,"",M,6.000,2,"",N,10.514,2,"",M,35.245,2,"",M,10.930,2,"",M,1014.790,2,"",M,409.569,2,"",M,NaN,,,0,NaN,,,M,397.957,2,"",396.441,2,"",NaN,,,NaN,,
2024-10-25T11:21:20.000Z,2.293,2,"",M,61.267,2,"",M,6.000,2,"",N,10.513,2,"",M,35.243,2,"",M,10.940,2,"",M,1014.750,2,"",M,409.570,2,"",M,NaN,,,0,NaN,,,M,397.746,2,"",396.230,2,"",NaN,,,NaN,,
2024-10-25T11:23:12.000Z,2.292,2,"",M,61.268,2,"",M,6.000,2,"",N,10.518,2,"",M,35.247,2,"",M,10.950,2,"",M,1014.730,2,"",M,409.900,2,"",M,NaN,,,0,NaN,,,M,397.973,2,"",396.456,2,"",NaN,,,NaN,,
2024-10-25T11:25:26.000Z,2.291,2,"",M,61.270,2,"",M,6.000,2,"",N,10.521,2,"",M,35.248,2,"",M,10.950,2,"",M,1014.880,2,"",M,410.041,2,"",M,NaN,,,0,NaN,,,M,398.213,2,"",396.696,2,"",NaN,,,NaN,,
2024-10-25T11:27:18.000Z,2.290,2,"",M,61.271,2,"",M,6.000,2,"",N,10.525,2,"",M,35.250,2,"",M,10.950,2,"",M,1014.860,2,"",M,410.092,2,"",M,NaN,,,0,NaN,,,M,398.321,2,"",396.803,2,"",NaN,,,NaN,,
2024-10-25T11:29:10.000Z,2.289,2,"",M,61.273,2,"",M,6.000,2,"",N,10.531,2,"",M,35.251,2,"",M,10.950,2,"",M,1014.790,2,"",M,410.143,2,"",M,NaN,,,0,NaN,,,M,398.447,2,"",396.928,2,"",NaN,,,NaN,,
2024-10-25T11:31:02.000Z,2.288,2,"",M,61.274,2,"",M,6.000,2,"",N,10.527,2,"",M,35.248,2,"",M,10.960,2,"",M,1014.760,2,"",M,410.074,2,"",M,NaN,,,0,NaN,,,M,398.128,2,"",396.611,2,"",NaN,,,NaN,,
2024-10-25T11:32:54.000Z,2.288,2,"",M,61.276,2,"",M,6.000,2,"",N,10.529,2,"",M,35.250,2,"",M,10.950,2,"",M,1014.810,2,"",M,409.865,2,"",M,NaN,,,0,NaN,,,M,398.158,2,"",396.641,2,"",NaN,,,NaN,,
2024-10-25T11:34:47.000Z,2.287,2,"",M,61.277,2,"",M,6.000,2,"",N,10.530,2,"",M,35.251,2,"",M,10.960,2,"",M,1014.760,2,"",M,410.006,2,"",M,NaN,,,0,NaN,,,M,398.118,2,"",396.602,2,"",NaN,,,NaN,,
2024-10-25T11:36:39.000Z,2.286,2,"",M,61.279,2,"",M,6.000,2,"",N,10.532,2,"",M,35.251,2,"",M,10.960,2,"",M,1014.890,2,"",M,409.897,2,"",M,NaN,,,0,NaN,,,M,398.091,2,"",396.574,2,"",NaN,,,NaN,,
2024-10-25T11:38:31.000Z,2.285,2,"",M,61.280,2,"",M,6.000,2,"",N,10.536,2,"",M,35.250,2,"",M,10.970,2,"",M,1014.920,2,"",M,409.937,2,"",M,NaN,,,0,NaN,,,M,398.036,2,"",396.519,2,"",NaN,,,NaN,,
2024-10-25T11:40:23.000Z,2.284,2,"",M,61.281,2,"",M,6.000,2,"",N,10.535,2,"",M,35.251,2,"",M,10.970,2,"",M,1014.970,2,"",M,409.818,2,"",M,NaN,,,0,NaN,,,M,397.938,2,"",396.422,2,"",NaN,,,NaN,,
2024-10-25T11:42:16.000Z,2.283,2,"",M,61.283,2,"",M,6.000,2,"",N,10.535,2,"",M,35.249,2,"",M,10.970,2,"",M,1014.650,2,"",M,409.509,2,"",M,NaN,,,0,NaN,,,M,397.506,2,"",395.992,2,"",NaN,,,NaN,,
2024-10-25T11:44:08.000Z,2.282,2,"",M,61.284,2,"",M,6.000,2,"",N,10.536,2,"",M,35.250,2,"",M,10.970,2,"",M,1015.090,2,"",M,409.200,2,"",M,NaN,,,0,NaN,,,M,397.403,2,"",395.889,2,"",NaN,,,NaN,,
2024-10-25T11:46:00.000Z,2.282,2,"",M,61.286,2,"",M,6.000,2,"",N,10.537,2,"",M,35.247,2,"",M,10.970,2,"",M,1014.760,2,"",M,409.101,2,"",M,NaN,,,0,NaN,,,M,397.183,2,"",395.670,2,"",NaN,,,NaN,,
2024-10-25T11:47:53.000Z,2.281,2,"",M,61.287,2,"",M,6.000,2,"",N,10.538,2,"",M,35.248,2,"",M,10.960,2,"",M,1014.770,2,"",M,408.443,2,"",M,NaN,,,0,NaN,,,M,396.743,2,"",395.232,2,"",NaN,,,NaN,,
2024-10-25T11:49:45.000Z,2.280,2,"",M,61.288,2,"",M,6.000,2,"",N,10.541,2,"",M,35.249,2,"",M,10.970,2,"",M,1014.680,2,"",M,407.994,2,"",M,NaN,,,0,NaN,,,M,396.147,2,"",394.638,2,"",NaN,,,NaN,,
2024-10-25T11:51:37.000Z,2.280,2,"",M,61.290,2,"",M,6.000,2,"",N,10.540,2,"",M,35.248,2,"",M,10.980,2,"",M,1014.750,2,"",M,408.075,2,"",M,NaN,,,0,NaN,,,M,396.062,2,"",394.554,2,"",NaN,,,NaN,,
2024-10-25T11:53:29.000Z,2.279,2,"",M,61.291,2,"",M,6.000,2,"",N,10.541,2,"",M,35.249,2,"",M,10.980,2,"",M,1014.910,2,"",M,407.756,2,"",M,NaN,,,0,NaN,,,M,395.828,2,"",394.320,2,"",NaN,,,NaN,,
2024-10-25T11:55:21.000Z,2.279,2,"",M,61.293,2,"",M,6.000,2,"",N,10.541,2,"",M,35.249,2,"",M,10.970,2,"",M,1014.650,2,"",M,408.096,2,"",M,NaN,,,0,NaN,,,M,396.239,2,"",394.729,2,"",NaN,,,NaN,,
2024-10-25T11:57:14.000Z,2.278,2,"",M,61.294,2,"",M,6.000,2,"",N,10.542,2,"",M,35.246,2,"",M,10.970,2,"",M,1014.380,2,"",M,407.677,2,"",M,NaN,,,0,NaN,,,M,395.730,2,"",394.223,2,"",NaN,,,NaN,,
2024-10-25T11:59:06.000Z,2.278,2,"",M,61.296,2,"",M,6.000,2,"",N,10.543,2,"",M,35.248,2,"",M,10.970,2,"",M,1014.570,2,"",M,407.548,2,"",M,NaN,,,0,NaN,,,M,395.709,2,"",394.202,2,"",NaN,,,NaN,,
2024-10-25T12:00:58.000Z,2.277,2,"",M,61.297,2,"",M,6.000,2,"",N,10.542,2,"",M,35.247,2,"",M,10.970,2,"",M,1014.750,2,"",M,407.379,2,"",M,NaN,,,0,NaN,,,M,395.595,2,"",394.088,2,"",NaN,,,NaN,,
2024-10-25T12:02:50.000Z,2.276,2,"",M,61.299,2,"",M,6.000,2,"",N,10.543,2,"",M,35.248,2,"",M,10.970,2,"",M,1015.050,2,"",M,407.620,2,"",M,NaN,,,0,NaN,,,M,395.964,2,"",394.455,2,"",NaN,,,NaN,,
2024-10-25T12:04:42.000Z,2.276,2,"",M,61.300,2,"",M,6.000,2,"",N,10.545,2,"",M,35.249,2,"",M,10.970,2,"",M,1015.090,2,"",M,407.581,2,"",M,NaN,,,0,NaN,,,M,395.971,2,"",394.462,2,"",NaN,,,NaN,,
2024-10-25T12:06:35.000Z,2.275,2,"",M,61.302,2,"",M,6.000,2,"",N,10.549,2,"",M,35.249,2,"",M,10.980,2,"",M,1015.060,2,"",M,407.442,2,"",M,NaN,,,0,NaN,,,M,395.715,2,"",394.207,2,"",NaN,,,NaN,,
2024-10-25T12:08:27.000Z,2.274,2,"",M,61.303,2,"",M,6.000,2,"",N,10.548,2,"",M,35.249,2,"",M,10.980,2,"",M,1015.150,2,"",M,407.713,2,"",M,NaN,,,0,NaN,,,M,396.012,2,"",394.503,2,"",NaN,,,NaN,,
2024-10-25T12:10:19.000Z,2.273,2,"",M,61.305,2,"",M,6.000,2,"",N,10.547,2,"",M,35.250,2,"",M,10.980,2,"",M,1015.100,2,"",M,407.734,2,"",M,NaN,,,0,NaN,,,M,395.997,2,"",394.488,2,"",NaN,,,NaN,,
2024-10-25T12:12:11.000Z,2.272,2,"",M,61.306,2,"",M,6.000,2,"",N,10.549,2,"",M,35.252,2,"",M,10.980,2,"",M,1014.870,2,"",M,407.744,2,"",M,NaN,,,0,NaN,,,M,395.941,2,"",394.433,2,"",NaN,,,NaN,,
2024-10-25T12:14:04.000Z,2.271,2,"",M,61.308,2,"",M,6.000,2,"",N,10.546,2,"",M,35.249,2,"",M,10.980,2,"",M,1015.030,2,"",M,408.215,2,"",M,NaN,,,0,NaN,,,M,396.409,2,"",394.899,2,"",NaN,,,NaN,,
2024-10-25T12:15:56.000Z,2.271,2,"",M,61.310,2,"",M,6.000,2,"",N,10.543,2,"",M,35.250,2,"",M,10.980,2,"",M,1015.010,2,"",M,408.236,2,"",M,NaN,,,0,NaN,,,M,396.372,2,"",394.862,2,"",NaN,,,NaN,,
2024-10-25T12:17:48.000Z,2.270,2,"",M,61.311,2,"",M,6.000,2,"",N,10.544,2,"",M,35.247,2,"",M,10.970,2,"",M,1014.530,2,"",M,408.157,2,"",M,NaN,,,0,NaN,,,M,396.291,2,"",394.782,2,"",NaN,,,NaN,,
2024-10-25T12:19:40.000Z,2.269,2,"",M,61.312,2,"",M,6.000,2,"",N,10.543,2,"",M,35.249,2,"",M,10.980,2,"",M,1014.900,2,"",M,408.058,2,"",M,NaN,,,0,NaN,,,M,396.152,2,"",394.643,2,"",NaN,,,NaN,,
2024-10-25T12:21:33.000Z,2.269,2,"",M,61.314,2,"",M,6.000,2,"",N,10.541,2,"",M,35.248,2,"",M,10.980,2,"",M,1014.500,2,"",M,408.708,2,"",M,NaN,,,0,NaN,,,M,396.590,2,"",395.080,2,"",NaN,,,NaN,,
2024-10-25T12:23:25.000Z,2.268,2,"",M,61.315,2,"",M,6.000,2,"",N,10.541,2,"",M,35.249,2,"",M,10.980,2,"",M,1015.050,2,"",M,408.639,2,"",M,NaN,,,0,NaN,,,M,396.754,2,"",395.243,2,"",NaN,,,NaN,,
2024-10-25T12:25:38.000Z,2.267,2,"",M,61.317,2,"",M,6.000,2,"",N,10.535,2,"",M,35.248,2,"",M,10.970,2,"",M,1015.080,2,"",M,408.650,2,"",M,NaN,,,0,NaN,,,M,396.842,2,"",395.330,2,"",NaN,,,NaN,,
2024-10-25T12:27:30.000Z,2.266,2,"",M,61.319,2,"",M,6.000,2,"",N,10.531,2,"",M,35.246,2,"",M,10.970,2,"",M,1015.150,2,"",M,408.501,2,"",M,NaN,,,0,NaN,,,M,396.654,2,"",395.143,2,"",NaN,,,NaN,,
2024-10-25T12:29:23.000Z,2.265,2,"",M,61.320,2,"",M,6.000,2,"",N,10.532,2,"",M,35.248,2,"",M,10.960,2,"",M,1015.190,2,"",M,408.342,2,"",M,NaN,,,0,NaN,,,M,396.702,2,"",395.190,2,"",NaN,,,NaN,,
2024-10-25T12:31:15.000Z,2.264,2,"",M,61.322,2,"",M,6.000,2,"",N,10.532,2,"",M,35.245,2,"",M,10.960,2,"",M,1014.780,2,"",M,408.143,2,"",M,NaN,,,0,NaN,,,M,396.357,2,"",394.847,2,"",NaN,,,NaN,,
2024-10-25T12:33:07.000Z,2.263,2,"",M,61.323,2,"",M,6.000,2,"",N,10.532,2,"",M,35.249,2,"",M,10.970,2,"",M,1014.710,2,"",M,407.984,2,"",M,NaN,,,0,NaN,,,M,396.006,2,"",394.497,2,"",NaN,,,NaN,,
2024-10-25T12:34:59.000Z,2.262,2,"",M,61.325,2,"",M,6.000,2,"",N,10.532,2,"",M,35.247,2,"",M,10.970,2,"",M,1014.920,2,"",M,407.885,2,"",M,NaN,,,0,NaN,,,M,395.976,2,"",394.468,2,"",NaN,,,NaN,,
2024-10-25T12:36:51.000Z,2.261,2,"",M,61.326,2,"",M,6.000,2,"",N,10.531,2,"",M,35.246,2,"",M,10.960,2,"",M,1014.600,2,"",M,407.996,2,"",M,NaN,,,0,NaN,,,M,396.126,2,"",394.617,2,"",NaN,,,NaN,,
2024-10-25T12:38:44.000Z,2.261,2,"",M,61.328,2,"",M,6.000,2,"",N,10.534,2,"",M,35.247,2,"",M,10.960,2,"",M,1014.980,2,"",M,407.677,2,"",M,NaN,,,0,NaN,,,M,396.018,2,"",394.509,2,"",NaN,,,NaN,,
2024-10-25T12:40:36.000Z,2.260,2,"",M,61.329,2,"",M,6.000,2,"",N,10.533,2,"",M,35.247,2,"",M,10.970,2,"",M,1014.700,2,"",M,407.598,2,"",M,NaN,,,0,NaN,,,M,395.641,2,"",394.133,2,"",NaN,,,NaN,,
2024-10-25T12:42:28.000Z,2.259,2,"",M,61.331,2,"",M,6.000,2,"",N,10.534,2,"",M,35.247,2,"",M,10.970,2,"",M,1015.040,2,"",M,407.539,2,"",M,NaN,,,0,NaN,,,M,395.732,2,"",394.224,2,"",NaN,,,NaN,,
2024-10-25T12:44:20.000Z,2.258,2,"",M,61.333,2,"",M,6.000,2,"",N,10.535,2,"",M,35.248,2,"",M,10.970,2,"",M,1015.180,2,"",M,407.410,2,"",M,NaN,,,0,NaN,,,M,395.679,2,"",394.172,2,"",NaN,,,NaN,,
2024-10-25T12:46:13.000Z,2.257,2,"",M,61.334,2,"",M,6.000,2,"",N,10.530,2,"",M,35.247,2,"",M,10.970,2,"",M,1015.030,2,"",M,407.700,2,"",M,NaN,,,0,NaN,,,M,395.814,2,"",394.306,2,"",NaN,,,NaN,,
2024-10-25T12:48:05.000Z,2.256,2,"",M,61.336,2,"",M,6.000,2,"",N,10.532,2,"",M,35.247,2,"",M,10.960,2,"",M,1014.980,2,"",M,407.721,2,"",M,NaN,,,0,NaN,,,M,396.018,2,"",394.508,2,"",NaN,,,NaN,,
2024-10-25T12:49:57.000Z,2.256,2,"",M,61.338,2,"",M,6.000,2,"",N,10.533,2,"",M,35.250,2,"",M,10.960,2,"",M,1014.970,2,"",M,407.702,2,"",M,NaN,,,0,NaN,,,M,396.019,2,"",394.510,2,"",NaN,,,NaN,,
2024-10-25T12:51:49.000Z,2.255,2,"",M,61.339,2,"",M,6.000,2,"",N,10.532,2,"",M,35.250,2,"",M,10.960,2,"",M,1014.940,2,"",M,407.343,2,"",M,NaN,,,0,NaN,,,M,395.629,2,"",394.122,2,"",NaN,,,NaN,,
2024-10-25T12:53:42.000Z,2.254,2,"",M,61.341,2,"",M,6.000,2,"",N,10.534,2,"",M,35.251,2,"",M,10.970,2,"",M,1014.950,2,"",M,407.474,2,"",M,NaN,,,0,NaN,,,M,395.629,2,"",394.122,2,"",NaN,,,NaN,,
2024-10-25T12:55:34.000Z,2.253,2,"",M,61.342,2,"",M,6.000,2,"",N,10.532,2,"",M,35.249,2,"",M,10.970,2,"",M,1014.970,2,"",M,407.735,2,"",M,NaN,,,0,NaN,,,M,395.855,2,"",394.347,2,"",NaN,,,NaN,,
2024-10-25T12:57:26.000Z,2.252,2,"",M,61.344,2,"",M,6.000,2,"",N,10.530,2,"",M,35.248,2,"",M,10.960,2,"",M,1014.820,2,"",M,407.946,2,"",M,NaN,,,0,NaN,,,M,396.145,2,"",394.635,2,"",NaN,,,NaN,,
2024-10-25T12:59:18.000Z,2.252,2,"",M,61.345,2,"",M,6.000,2,"",N,10.533,2,"",M,35.249,2,"",M,10.960,2,"",M,1014.870,2,"",M,407.697,2,"",M,NaN,,,0,NaN,,,M,395.966,2,"",394.458,2,"",NaN,,,NaN,,
2024-10-25T13:01:10.000Z,2.251,2,"",M,61.347,2,"",M,6.000,2,"",N,10.535,2,"",M,35.249,2,"",M,10.960,2,"",M,1015.180,2,"",M,407.658,2,"",M,NaN,,,0,NaN,,,M,396.088,2,"",394.578,2,"",NaN,,,NaN,,
2024-10-25T13:03:03.000Z,2.250,2,"",M,61.348,2,"",M,6.000,2,"",N,10.537,2,"",M,35.251,2,"",M,10.960,2,"",M,1014.700,2,"",M,407.748,2,"",M,NaN,,,0,NaN,,,M,396.013,2,"",394.504,2,"",NaN,,,NaN,,
2024-10-25T13:04:55.000Z,2.249,2,"",M,61.350,2,"",M,6.000,2,"",N,10.537,2,"",M,35.251,2,"",M,10.970,2,"",M,1015.190,2,"",M,407.639,2,"",M,NaN,,,0,NaN,,,M,395.943,2,"",394.434,2,"",NaN,,,NaN,,
2024-10-25T13:06:47.000Z,2.249,2,"",M,61.351,2,"",M,6.000,2,"",N,10.540,2,"",M,35.251,2,"",M,10.970,2,"",M,1014.830,2,"",M,408.080,2,"",M,NaN,,,0,NaN,,,M,396.273,2,"",394.764,2,"",NaN,,,NaN,,
2024-10-25T13:08:39.000Z,2.248,2,"",M,61.352,2,"",M,6.000,2,"",N,10.540,2,"",M,35.252,2,"",M,10.970,2,"",M,1014.930,2,"",M,407.771,2,"",M,NaN,,,0,NaN,,,M,396.020,2,"",394.511,2,"",NaN,,,NaN,,
2024-10-25T13:10:32.000Z,2.248,2,"",M,61.353,2,"",M,6.000,2,"",N,10.541,2,"",M,35.252,2,"",M,10.970,2,"",M,1014.980,2,"",M,407.912,2,"",M,NaN,,,0,NaN,,,M,396.184,2,"",394.674,2,"",NaN,,,NaN,,
2024-10-25T13:12:24.000Z,2.247,2,"",M,61.354,2,"",M,6.000,2,"",N,10.541,2,"",M,35.253,2,"",M,10.970,2,"",M,1015.070,2,"",M,407.933,2,"",M,NaN,,,0,NaN,,,M,396.236,2,"",394.726,2,"",NaN,,,NaN,,
2024-10-25T13:14:16.000Z,2.246,2,"",M,61.356,2,"",M,6.000,2,"",N,10.544,2,"",M,35.253,2,"",M,10.970,2,"",M,1014.940,2,"",M,408.043,2,"",M,NaN,,,0,NaN,,,M,396.342,2,"",394.832,2,"",NaN,,,NaN,,
2024-10-25T13:16:08.000Z,2.245,2,"",M,61.357,2,"",M,6.000,2,"",N,10.544,2,"",M,35.251,2,"",M,10.980,2,"",M,1014.810,2,"",M,408.264,2,"",M,NaN,,,0,NaN,,,M,396.343,2,"",394.833,2,"",NaN,,,NaN,,
2024-10-25T13:18:01.000Z,2.244,2,"",M,61.359,2,"",M,6.000,2,"",N,10.549,2,"",M,35.253,2,"",M,10.980,2,"",M,1014.780,2,"",M,408.195,2,"",M,NaN,,,0,NaN,,,M,396.348,2,"",394.838,2,"",NaN,,,NaN,,
2024-10-25T13:22:30.000Z,2.242,2,"",M,61.363,2,"",M,6.000,2,"",N,NaN,,,M,NaN,,,M,NaN,,,M,NaN,,,M,NaN,,,0,NaN,,,0,NaN,,,M,NaN,,,NaN,,,NaN,,,NaN,,
2024-10-25T13:24:20.000Z,2.241,2,"",M,61.364,2,"",M,6.000,2,"",N,NaN,,,M,NaN,,,M,NaN,,,M,NaN,,,M,NaN,,,0,NaN,,,0,NaN,,,M,NaN,,,NaN,,,NaN,,,NaN,,
2024-10-25T13:26:30.000Z,2.240,2,"",M,61.366,2,"",M,6.000,2,"",N,NaN,,,M,NaN,,,M,NaN,,,M,NaN,,,M,NaN,,,0,NaN,,,0,NaN,,,M,NaN,,,NaN,,,NaN,,,NaN,,
2024-10-25T13:31:01.000Z,2.238,2,"",M,61.370,2,"",M,6.000,2,"",N,NaN,,,M,NaN,,,M,NaN,,,M,NaN,,,M,NaN,,,0,NaN,,,0,NaN,,,M,NaN,,,NaN,,,NaN,,,NaN,,
2024-10-25T13:32:50.000Z,2.237,2,"",M,61.371,2,"",M,6.000,2,"",N,NaN,,,M,NaN,,,M,NaN,,,M,NaN,,,M,NaN,,,0,NaN,,,0,NaN,,,M,NaN,,,NaN,,,NaN,,,NaN,,
2024-10-25T13:34:40.000Z,2.237,2,"",M,61.373,2,"",M,6.000,2,"",N,NaN,,,M,NaN,,,M,NaN,,,M,NaN,,,M,NaN,,,0,NaN,,,0,NaN,,,M,NaN,,,NaN,,,NaN,,,NaN,,
2024-10-25T13:39:10.000Z,2.235,2,"",M,61.377,2,"",M,6.000,2,"",N,NaN,,,M,NaN,,,M,NaN,,,M,NaN,,,M,NaN,,,0,NaN,,,0,NaN,,,M,NaN,,,NaN,,,NaN,,,NaN,,
2024-10-25T13:40:59.000Z,2.235,2,"",M,61.378,2,"",M,6.000,2,"",N,NaN,,,M,NaN,,,M,NaN,,,M,NaN,,,M,NaN,,,0,NaN,,,0,NaN,,,M,NaN,,,NaN,,,NaN,,,NaN,,
2024-10-25T13:42:49.000Z,2.234,2,"",M,61.380,2,"",M,6.000,2,"",N,NaN,,,M,NaN,,,M,NaN,,,M,NaN,,,M,NaN,,,0,NaN,,,0,NaN,,,M,NaN,,,NaN,,,NaN,,,NaN,,
2024-10-25T13:47:19.000Z,2.233,2,"",M,61.383,2,"",M,6.000,2,"",N,10.548,2,"",M,35.255,2,"",M,NaN,,,M,NaN,,,M,NaN,,,0,422.764,2,"",M,1014.400,2,"",M,NaN,,,NaN,,,419.055,2,"",417.447,2,""
2024-10-25T13:49:09.000Z,2.233,2,"",M,61.385,2,"",M,6.000,2,"",N,10.549,2,"",M,35.255,2,"",M,NaN,,,M,NaN,,,M,NaN,,,0,422.326,2,"",M,1014.200,2,"",M,NaN,,,NaN,,,418.537,2,"",416.931,2,""
2024-10-25T13:50:58.000Z,2.232,2,"",M,61.386,2,"",M,6.000,2,"",N,10.556,2,"",M,35.255,2,"",M,NaN,,,M,NaN,,,M,NaN,,,0,422.368,2,"",M,1014.300,2,"",M,NaN,,,NaN,,,418.618,2,"",417.011,2,""
2024-10-25T13:52:48.000Z,2.231,2,"",M,61.388,2,"",M,6.000,2,"",N,10.561,2,"",M,35.254,2,"",M,NaN,,,M,NaN,,,M,NaN,,,0,422.440,2,"",M,1014.300,2,"",M,NaN,,,NaN,,,418.687,2,"",417.080,2,""
2024-10-25T13:54:38.000Z,2.231,2,"",M,61.389,2,"",M,6.000,2,"",N,10.569,2,"",M,35.254,2,"",M,NaN,,,M,NaN,,,M,NaN,,,0,422.402,2,"",M,1014.300,2,"",M,NaN,,,NaN,,,418.646,2,"",417.040,2,""
2024-10-25T13:59:48.000Z,2.231,2,"",M,61.391,2,"",M,6.000,2,"",N,10.573,2,"",M,35.253,2,"",M,11.000,2,"",M,1014.590,2,"",M,407.936,2,"",M,NaN,,,0,NaN,,,M,396.076,2,"",394.568,2,"",NaN,,,NaN,,
2024-10-25T14:01:41.000Z,2.231,2,"",M,61.392,2,"",M,6.000,2,"",N,10.573,2,"",M,35.254,2,"",M,11.000,2,"",M,1015.070,2,"",M,407.628,2,"",M,NaN,,,0,NaN,,,M,395.971,2,"",394.463,2,"",NaN,,,NaN,,
2024-10-25T14:03:33.000Z,2.232,2,"",M,61.392,2,"",M,6.000,2,"",N,10.576,2,"",M,35.254,2,"",M,11.000,2,"",M,1014.910,2,"",M,407.809,2,"",M,NaN,,,0,NaN,,,M,396.123,2,"",394.615,2,"",NaN,,,NaN,,
2024-10-25T14:05:25.000Z,2.232,2,"",M,61.393,2,"",M,6.000,2,"",N,10.576,2,"",M,35.256,2,"",M,11.010,2,"",M,1014.780,2,"",M,407.891,2,"",M,NaN,,,0,NaN,,,M,395.983,2,"",394.475,2,"",NaN,,,NaN,,
2024-10-25T14:07:17.000Z,2.232,2,"",M,61.394,2,"",M,6.000,2,"",N,10.578,2,"",M,35.254,2,"",M,11.010,2,"",M,1015.010,2,"",M,408.082,2,"",M,NaN,,,0,NaN,,,M,396.299,2,"",394.790,2,"",NaN,,,NaN,,
2024-10-25T14:09:10.000Z,2.233,2,"",M,61.395,2,"",M,6.000,2,"",N,10.578,2,"",M,35.254,2,"",M,11.010,2,"",M,1015.180,2,"",M,407.754,2,"",M,NaN,,,0,NaN,,,M,396.055,2,"",394.546,2,"",NaN,,,NaN,,
2024-10-25T14:11:02.000Z,2.233,2,"",M,61.396,2,"",M,6.000,2,"",N,10.584,2,"",M,35.253,2,"",M,11.010,2,"",M,1015.030,2,"",M,407.926,2,"",M,NaN,,,0,NaN,,,M,396.260,2,"",394.751,2,"",NaN,,,NaN,,
2024-10-25T14:12:54.000Z,2.234,2,"",M,61.397,2,"",M,6.000,2,"",N,10.588,2,"",M,35.253,2,"",M,11.010,2,"",M,1014.860,2,"",M,407.518,2,"",M,NaN,,,0,NaN,,,M,395.864,2,"",394.357,2,"",NaN,,,NaN,,
2024-10-25T14:14:46.000Z,2.234,2,"",M,61.398,2,"",M,6.000,2,"",N,10.592,2,"",M,35.254,2,"",M,11.010,2,"",M,1014.960,2,"",M,407.619,2,"",M,NaN,,,0,NaN,,,M,396.060,2,"",394.552,2,"",NaN,,,NaN,,
2024-10-25T14:16:39.000Z,2.234,2,"",M,61.400,2,"",M,6.000,2,"",N,10.596,2,"",M,35.254,2,"",M,11.020,2,"",M,1014.730,2,"",M,407.061,2,"",M,NaN,,,0,NaN,,,M,395.329,2,"",393.824,2,"",NaN,,,NaN,,
2024-10-25T14:18:31.000Z,2.234,2,"",M,61.402,2,"",M,6.000,2,"",N,10.604,2,"",M,35.254,2,"",M,11.020,2,"",M,1014.760,2,"",M,407.103,2,"",M,NaN,,,0,NaN,,,M,395.506,2,"",394.000,2,"",NaN,,,NaN,,
2024-10-25T14:20:23.000Z,2.232,2,"",M,61.403,2,"",M,6.000,2,"",N,10.603,2,"",M,35.256,2,"",M,11.040,2,"",M,1014.730,2,"",M,407.065,2,"",M,NaN,,,0,NaN,,,M,395.110,2,"",393.606,2,"",NaN,,,NaN,,
2024-10-25T14:22:15.000Z,2.231,2,"",M,61.402,2,"",M,6.000,2,"",N,10.596,2,"",M,35.253,2,"",M,11.040,2,"",M,1014.590,2,"",M,407.206,2,"",M,NaN,,,0,NaN,,,M,395.066,2,"",393.563,2,"",NaN,,,NaN,,
2024-10-25T14:24:07.000Z,2.229,2,"",M,61.399,2,"",M,6.000,2,"",N,10.587,2,"",M,35.254,2,"",M,10.980,2,"",M,1014.790,2,"",M,407.378,2,"",M,NaN,,,0,NaN,,,M,396.186,2,"",394.677,2,"",NaN,,,NaN,,
2024-10-25T14:26:21.000Z,2.225,2,"",M,61.394,2,"",M,6.000,2,"",N,10.574,2,"",M,35.253,2,"",M,11.010,2,"",M,1014.800,2,"",M,407.120,2,"",M,NaN,,,0,NaN,,,M,395.207,2,"",393.702,2,"",NaN,,,NaN,,
2024-10-25T14:28:13.000Z,2.222,2,"",M,61.389,2,"",M,6.000,2,"",N,10.567,2,"",M,35.253,2,"",M,11.000,2,"",M,1014.590,2,"",M,407.251,2,"",M,NaN,,,0,NaN,,,M,395.306,2,"",393.801,2,"",NaN,,,NaN,,
2024-10-25T14:30:05.000Z,2.219,2,"",M,61.385,2,"",M,6.000,2,"",N,10.554,2,"",M,35.254,2,"",M,10.990,2,"",M,1015.030,2,"",M,407.423,2,"",M,NaN,,,0,NaN,,,M,395.612,2,"",394.105,2,"",NaN,,,NaN,,
2024-10-25T14:31:57.000Z,2.216,2,"",M,61.380,2,"",M,6.000,2,"",N,10.551,2,"",M,35.255,2,"",M,10.980,2,"",M,1015.025,2,"",M,407.495,2,"",M,NaN,,,0,NaN,,,M,395.799,2,"",394.291,2,"",NaN,,,NaN,,
2024-10-25T14:33:50.000Z,2.212,2,"",M,61.375,2,"",M,6.000,2,"",N,10.547,2,"",M,35.255,2,"",M,10.990,2,"",M,1014.950,2,"",M,407.936,2,"",M,NaN,,,0,NaN,,,M,395.953,2,"",394.445,2,"",NaN,,,NaN,,
2024-10-25T14:35:42.000Z,2.210,2,"",M,61.370,2,"",M,6.000,2,"",N,10.547,2,"",M,35.257,2,"",M,10.980,2,"",M,1014.990,2,"",M,407.808,2,"",M,NaN,,,0,NaN,,,M,396.011,2,"",394.503,2,"",NaN,,,NaN,,
2024-10-25T14:37:34.000Z,2.209,2,"",M,61.365,2,"",M,6.000,2,"",N,10.555,2,"",M,35.256,2,"",M,10.980,2,"",M,1014.690,2,"",M,407.809,2,"",M,NaN,,,0,NaN,,,M,396.042,2,"",394.533,2,"",NaN,,,NaN,,
2024-10-25T14:39:27.000Z,2.208,2,"",M,61.360,2,"",M,6.000,2,"",N,10.558,2,"",M,35.259,2,"",M,10.980,2,"",M,1014.680,2,"",M,408.081,2,"",M,NaN,,,0,NaN,,,M,396.351,2,"",394.842,2,"",NaN,,,NaN,,
2024-10-25T14:41:19.000Z,2.209,2,"",M,61.355,2,"",M,6.000,2,"",N,10.543,2,"",M,35.258,2,"",M,10.980,2,"",M,1014.950,2,"",M,408.152,2,"",M,NaN,,,0,NaN,,,M,396.263,2,"",394.754,2,"",NaN,,,NaN,,
2024-10-25T14:43:11.000Z,2.210,2,"",M,61.351,2,"",M,6.000,2,"",N,10.540,2,"",M,35.257,2,"",M,10.970,2,"",M,1014.800,2,"",M,408.544,2,"",M,NaN,,,0,NaN,,,M,396.711,2,"",395.200,2,"",NaN,,,NaN,,
2024-10-25T14:45:03.000Z,2.212,2,"",M,61.346,2,"",M,6.000,2,"",N,10.541,2,"",M,35.256,2,"",M,10.970,2,"",M,1014.620,2,"",M,408.605,2,"",M,NaN,,,0,NaN,,,M,396.717,2,"",395.206,2,"",NaN,,,NaN,,
2024-10-25T14:46:55.000Z,2.213,2,"",M,61.340,2,"",M,6.000,2,"",N,10.539,2,"",M,35.256,2,"",M,10.930,2,"",M,1014.630,2,"",M,408.257,2,"",M,NaN,,,0,NaN,,,M,397.030,2,"",395.517,2,"",NaN,,,NaN,,
2024-10-25T14:48:48.000Z,2.214,2,"",M,61.336,2,"",M,6.000,2,"",N,10.536,2,"",M,35.255,2,"",M,10.970,2,"",M,1014.916,2,"",M,408.409,2,"",M,NaN,,,0,NaN,,,M,396.558,2,"",395.047,2,"",NaN,,,NaN,,
2024-10-25T14:50:40.000Z,2.216,2,"",M,61.331,2,"",M,6.000,2,"",N,10.538,2,"",M,35.255,2,"",M,10.970,2,"",M,1014.720,2,"",M,408.620,2,"",M,NaN,,,0,NaN,,,M,396.718,2,"",395.207,2,"",NaN,,,NaN,,
2024-10-25T14:52:32.000Z,2.219,2,"",M,61.326,2,"",M,6.000,2,"",N,10.537,2,"",M,35.255,2,"",M,10.970,2,"",M,1014.430,2,"",M,408.332,2,"",M,NaN,,,0,NaN,,,M,396.314,2,"",394.805,2,"",NaN,,,NaN,,
2024-10-25T14:54:24.000Z,2.224,2,"",M,61.322,2,"",M,6.000,2,"",N,10.533,2,"",M,35.253,2,"",M,10.970,2,"",M,1014.610,2,"",M,408.094,2,"",M,NaN,,,0,NaN,,,M,396.088,2,"",394.580,2,"",NaN,,,NaN,,
2024-10-25T14:56:16.000Z,2.228,2,"",M,61.318,2,"",M,6.000,2,"",N,10.531,2,"",M,35.252,2,"",M,10.960,2,"",M,1014.540,2,"",M,407.926,2,"",M,NaN,,,0,NaN,,,M,396.026,2,"",394.517,2,"",NaN,,,NaN,,
2024-10-25T14:58:09.000Z,2.231,2,"",M,61.314,2,"",M,6.000,2,"",N,10.529,2,"",M,35.251,2,"",M,10.960,2,"",M,1014.545,2,"",M,407.897,2,"",M,NaN,,,0,NaN,,,M,395.964,2,"",394.456,2,"",NaN,,,NaN,,
2024-10-25T15:00:01.000Z,2.234,2,"",M,61.312,2,"",M,6.000,2,"",N,10.529,2,"",M,35.250,2,"",M,10.960,2,"",M,1014.990,2,"",M,407.219,2,"",M,NaN,,,0,NaN,,,M,395.479,2,"",393.972,2,"",NaN,,,NaN,,
2024-10-25T15:01:53.000Z,2.235,2,"",M,61.311,2,"",M,6.000,2,"",N,10.533,2,"",M,35.249,2,"",M,10.960,2,"",M,1014.790,2,"",M,407.411,2,"",M,NaN,,,0,NaN,,,M,395.652,2,"",394.145,2,"",NaN,,,NaN,,
2024-10-25T15:03:45.000Z,2.236,2,"",M,61.310,2,"",M,6.000,2,"",N,10.529,2,"",M,35.249,2,"",M,10.970,2,"",M,1014.870,2,"",M,406.973,2,"",M,NaN,,,0,NaN,,,M,395.034,2,"",393.529,2,"",NaN,,,NaN,,
2024-10-25T15:05:38.000Z,2.240,2,"",M,61.310,2,"",M,6.000,2,"",N,10.529,2,"",M,35.249,2,"",M,10.960,2,"",M,1014.880,2,"",M,407.064,2,"",M,NaN,,,0,NaN,,,M,395.291,2,"",393.785,2,"",NaN,,,NaN,,
2024-10-25T15:07:30.000Z,2.244,2,"",M,61.310,2,"",M,6.000,2,"",N,10.527,2,"",M,35.247,2,"",M,10.960,2,"",M,1014.670,2,"",M,407.286,2,"",M,NaN,,,0,NaN,,,M,395.385,2,"",393.879,2,"",NaN,,,NaN,,
2024-10-25T15:09:22.000Z,2.247,2,"",M,61.310,2,"",M,6.000,2,"",N,10.527,2,"",M,35.248,2,"",M,10.920,2,"",M,1014.830,2,"",M,406.848,2,"",M,NaN,,,0,NaN,,,M,395.709,2,"",394.201,2,"",NaN,,,NaN,,
2024-10-25T15:11:14.000Z,2.250,2,"",M,61.310,2,"",M,6.000,2,"",N,10.531,2,"",M,35.249,2,"",M,10.960,2,"",M,1014.960,2,"",M,406.619,2,"",M,NaN,,,0,NaN,,,M,394.921,2,"",393.416,2,"",NaN,,,NaN,,
2024-10-25T15:13:06.000Z,2.253,2,"",M,61.311,2,"",M,6.000,2,"",N,10.528,2,"",M,35.250,2,"",M,10.960,2,"",M,1014.950,2,"",M,406.931,2,"",M,NaN,,,0,NaN,,,M,395.168,2,"",393.662,2,"",NaN,,,NaN,,
2024-10-25T15:14:59.000Z,2.256,2,"",M,61.311,2,"",M,6.000,2,"",N,10.534,2,"",M,35.249,2,"",M,10.960,2,"",M,1014.875,2,"",M,407.002,2,"",M,NaN,,,0,NaN,,,M,395.313,2,"",393.807,2,"",NaN,,,NaN,,
2024-10-25T15:16:51.000Z,2.256,2,"",M,61.311,2,"",M,6.000,2,"",N,10.535,2,"",M,35.248,2,"",M,10.960,2,"",M,1014.730,2,"",M,407.014,2,"",M,NaN,,,0,NaN,,,M,395.285,2,"",393.780,2,"",NaN,,,NaN,,
2024-10-25T15:18:43.000Z,2.256,2,"",M,61.311,2,"",M,6.000,2,"",N,10.546,2,"",M,35.249,2,"",M,10.960,2,"",M,1014.540,2,"",M,406.996,2,"",M,NaN,,,0,NaN,,,M,395.381,2,"",393.875,2,"",NaN,,,NaN,,
2024-10-25T15:20:35.000Z,2.256,2,"",M,61.311,2,"",M,6.000,2,"",N,10.538,2,"",M,35.249,2,"",M,10.970,2,"",M,1014.640,2,"",M,406.957,2,"",M,NaN,,,0,NaN,,,M,395.077,2,"",393.572,2,"",NaN,,,NaN,,
2024-10-25T15:22:28.000Z,2.256,2,"",M,61.311,2,"",M,6.000,2,"",N,10.532,2,"",M,35.249,2,"",M,10.970,2,"",M,1014.710,2,"",M,406.799,2,"",M,NaN,,,0,NaN,,,M,394.842,2,"",393.338,2,"",NaN,,,NaN,,
2024-10-25T15:24:20.000Z,2.256,2,"",M,61.311,2,"",M,6.000,2,"",N,10.527,2,"",M,35.250,2,"",M,10.970,2,"",M,1014.736,2,"",M,407.291,2,"",M,NaN,,,0,NaN,,,M,395.253,2,"",393.747,2,"",NaN,,,NaN,,
2024-10-25T15:26:33.000Z,2.256,2,"",M,61.311,2,"",M,6.000,2,"",N,10.529,2,"",M,35.250,2,"",M,10.960,2,"",M,1014.970,2,"",M,406.993,2,"",M,NaN,,,0,NaN,,,M,395.263,2,"",393.757,2,"",NaN,,,NaN,,
2024-10-25T15:28:26.000Z,2.256,2,"",M,61.311,2,"",M,6.000,2,"",N,10.519,2,"",M,35.250,2,"",M,10.960,2,"",M,1014.870,2,"",M,407.164,2,"",M,NaN,,,0,NaN,,,M,395.214,2,"",393.709,2,"",NaN,,,NaN,,
2024-10-25T15:30:18.000Z,2.256,2,"",M,61.311,2,"",M,6.000,2,"",N,10.524,2,"",M,35.249,2,"",M,10.950,2,"",M,1014.840,2,"",M,406.716,2,"",M,NaN,,,0,NaN,,,M,395.018,2,"",393.513,2,"",NaN,,,NaN,,
2024-10-25T15:32:10.000Z,2.256,2,"",M,61.311,2,"",M,6.000,2,"",N,10.521,2,"",M,35.249,2,"",M,10.950,2,"",M,1014.890,2,"",M,406.618,2,"",M,NaN,,,0,NaN,,,M,394.892,2,"",393.387,2,"",NaN,,,NaN,,
2024-10-25T15:34:02.000Z,2.256,2,"",M,61.311,2,"",M,6.000,2,"",N,10.516,2,"",M,35.249,2,"",M,10.950,2,"",M,1014.720,2,"",M,406.679,2,"",M,NaN,,,0,NaN,,,M,394.804,2,"",393.300,2,"",NaN,,,NaN,,
2024-10-25T15:35:54.000Z,2.256,2,"",M,61.311,2,"",M,6.000,2,"",N,10.522,2,"",M,35.249,2,"",M,10.950,2,"",M,1014.760,2,"",M,406.741,2,"",M,NaN,,,0,NaN,,,M,394.991,2,"",393.486,2,"",NaN,,,NaN,,
2024-10-25T15:37:47.000Z,2.256,2,"",M,61.311,2,"",M,6.000,2,"",N,10.522,2,"",M,35.248,2,"",M,10.960,2,"",M,1014.529,2,"",M,406.912,2,"",M,NaN,,,0,NaN,,,M,394.887,2,"",393.383,2,"",NaN,,,NaN,,
2024-10-25T15:39:39.000Z,2.256,2,"",M,61.311,2,"",M,6.000,2,"",N,10.522,2,"",M,35.249,2,"",M,10.960,2,"",M,1014.490,2,"",M,406.954,2,"",M,NaN,,,0,NaN,,,M,394.920,2,"",393.416,2,"",NaN,,,NaN,,
2024-10-25T15:41:31.000Z,2.256,2,"",M,61.311,2,"",M,6.000,2,"",N,10.524,2,"",M,35.249,2,"",M,10.950,2,"",M,1014.460,2,"",M,407.106,2,"",M,NaN,,,0,NaN,,,M,395.249,2,"",393.744,2,"",NaN,,,NaN,,
2024-10-25T15:43:23.000Z,2.256,2,"",M,61.311,2,"",M,6.000,2,"",N,10.522,2,"",M,35.250,2,"",M,10.950,2,"",M,1014.650,2,"",M,406.937,2,"",M,NaN,,,0,NaN,,,M,395.133,2,"",393.627,2,"",NaN,,,NaN,,
2024-10-25T15:45:16.000Z,2.256,2,"",M,61.311,2,"",M,6.000,2,"",N,10.524,2,"",M,35.248,2,"",M,10.950,2,"",M,1014.690,2,"",M,406.959,2,"",M,NaN,,,0,NaN,,,M,395.194,2,"",393.688,2,"",NaN,,,NaN,,
2024-10-25T15:47:08.000Z,2.256,2,"",M,61.311,2,"",M,6.000,2,"",N,10.524,2,"",M,35.250,2,"",M,10.950,2,"",M,1014.370,2,"",M,406.901,2,"",M,NaN,,,0,NaN,,,M,395.012,2,"",393.508,2,"",NaN,,,NaN,,
2024-10-25T15:49:00.000Z,2.256,2,"",M,61.311,2,"",M,6.000,2,"",N,10.517,2,"",M,35.250,2,"",M,10.950,2,"",M,1014.530,2,"",M,407.042,2,"",M,NaN,,,0,NaN,,,M,395.108,2,"",393.603,2,"",NaN,,,NaN,,
2024-10-25T15:50:52.000Z,2.256,2,"",M,61.311,2,"",M,6.000,2,"",N,10.520,2,"",M,35.249,2,"",M,10.950,2,"",M,1014.570,2,"",M,407.344,2,"",M,NaN,,,0,NaN,,,M,395.453,2,"",393.947,2,"",NaN,,,NaN,,
2024-10-25T15:52:44.000Z,2.256,2,"",M,61.311,2,"",M,6.000,2,"",N,10.514,2,"",M,35.250,2,"",M,10.950,2,"",M,1014.760,2,"",M,407.125,2,"",M,NaN,,,0,NaN,,,M,395.220,2,"",393.714,2,"",NaN,,,NaN,,
2024-10-25T15:54:37.000Z,2.256,2,"",M,61.311,2,"",M,6.000,2,"",N,10.522,2,"",M,35.251,2,"",M,10.950,2,"",M,1014.500,2,"",M,407.197,2,"",M,NaN,,,0,NaN,,,M,395.318,2,"",393.812,2,"",NaN,,,NaN,,
2024-10-25T15:56:29.000Z,2.256,2,"",M,61.311,2,"",M,6.000,2,"",N,10.514,2,"",M,35.250,2,"",M,10.950,2,"",M,1014.670,2,"",M,406.829,2,"",M,NaN,,,0,NaN,,,M,394.898,2,"",393.394,2,"",NaN,,,NaN,,
2024-10-25T15:58:21.000Z,2.256,2,"",M,61.311,2,"",M,6.000,2,"",N,10.516,2,"",M,35.251,2,"",M,10.940,2,"",M,1014.530,2,"",M,406.880,2,"",M,NaN,,,0,NaN,,,M,395.106,2,"",393.601,2,"",NaN,,,NaN,,
2024-10-25T16:00:13.000Z,2.256,2,"",M,61.311,2,"",M,6.000,2,"",N,10.512,2,"",M,35.250,2,"",M,10.950,2,"",M,1014.730,2,"",M,406.802,2,"",M,NaN,,,0,NaN,,,M,394.864,2,"",393.359,2,"",NaN,,,NaN,,
2024-10-25T16:02:06.000Z,2.256,2,"",M,61.311,2,"",M,6.000,2,"",N,10.517,2,"",M,35.251,2,"",M,10.950,2,"",M,1014.600,2,"",M,406.884,2,"",M,NaN,,,0,NaN,,,M,394.971,2,"",393.466,2,"",NaN,,,NaN,,
2024-10-25T16:03:58.000Z,2.256,2,"",M,61.311,2,"",M,6.000,2,"",N,10.518,2,"",M,35.250,2,"",M,10.950,2,"",M,1014.550,2,"",M,406.825,2,"",M,NaN,,,0,NaN,,,M,394.910,2,"",393.405,2,"",NaN,,,NaN,,
2024-10-25T16:05:50.000Z,2.256,2,"",M,61.311,2,"",M,6.000,2,"",N,10.521,2,"",M,35.251,2,"",M,10.950,2,"",M,1014.320,2,"",M,407.237,2,"",M,NaN,,,0,NaN,,,M,395.270,2,"",393.765,2,"",NaN,,,NaN,,
2024-10-25T16:07:42.000Z,2.256,2,"",M,61.311,2,"",M,6.000,2,"",N,10.513,2,"",M,35.250,2,"",M,10.950,2,"",M,1014.390,2,"",M,407.029,2,"",M,NaN,,,0,NaN,,,M,394.975,2,"",393.471,2,"",NaN,,,NaN,,
2024-10-25T16:09:35.000Z,2.256,2,"",M,61.311,2,"",M,6.000,2,"",N,10.515,2,"",M,35.250,2,"",M,10.940,2,"",M,1014.410,2,"",M,406.790,2,"",M,NaN,,,0,NaN,,,M,394.952,2,"",393.447,2,"",NaN,,,NaN,,
2024-10-25T16:11:27.000Z,2.256,2,"",M,61.311,2,"",M,6.000,2,"",N,10.525,2,"",M,35.250,2,"",M,10.940,2,"",M,1014.605,2,"",M,406.572,2,"",M,NaN,,,0,NaN,,,M,394.973,2,"",393.468,2,"",NaN,,,NaN,,
2024-10-25T16:13:19.000Z,2.256,2,"",M,61.311,2,"",M,6.000,2,"",N,10.524,2,"",M,35.251,2,"",M,10.960,2,"",M,1014.760,2,"",M,406.744,2,"",M,NaN,,,0,NaN,,,M,394.855,2,"",393.350,2,"",NaN,,,NaN,,
2024-10-25T16:15:11.000Z,2.256,2,"",M,61.311,2,"",M,6.000,2,"",N,10.523,2,"",M,35.250,2,"",M,10.950,2,"",M,1014.600,2,"",M,407.175,2,"",M,NaN,,,0,NaN,,,M,395.363,2,"",393.857,2,"",NaN,,,NaN,,
2024-10-25T16:17:04.000Z,2.256,2,"",M,61.311,2,"",M,6.000,2,"",N,10.521,2,"",M,35.251,2,"",M,10.950,2,"",M,1014.450,2,"",M,406.977,2,"",M,NaN,,,0,NaN,,,M,395.081,2,"",393.576,2,"",NaN,,,NaN,,
2024-10-25T16:18:56.000Z,2.256,2,"",M,61.311,2,"",M,6.000,2,"",N,10.520,2,"",M,35.251,2,"",M,10.950,2,"",M,1014.550,2,"",M,406.908,2,"",M,NaN,,,0,NaN,,,M,395.024,2,"",393.519,2,"",NaN,,,NaN,,
2024-10-25T16:20:48.000Z,2.256,2,"",M,61.311,2,"",M,6.000,2,"",N,10.525,2,"",M,35.251,2,"",M,10.950,2,"",M,1014.660,2,"",M,407.160,2,"",M,NaN,,,0,NaN,,,M,395.398,2,"",393.891,2,"",NaN,,,NaN,,
2024-10-25T16:22:40.000Z,2.256,2,"",M,61.311,2,"",M,6.000,2,"",N,10.522,2,"",M,35.251,2,"",M,10.960,2,"",M,1014.640,2,"",M,407.162,2,"",M,NaN,,,0,NaN,,,M,395.175,2,"",393.670,2,"",NaN,,,NaN,,
2024-10-25T16:24:32.000Z,2.256,2,"",M,61.311,2,"",M,6.000,2,"",N,10.522,2,"",M,35.252,2,"",M,10.950,2,"",M,1014.700,2,"",M,407.293,2,"",M,NaN,,,0,NaN,,,M,395.498,2,"",393.991,2,"",NaN,,,NaN,,
2024-10-25T16:26:46.000Z,2.256,2,"",M,61.311,2,"",M,6.000,2,"",N,10.527,2,"",M,35.252,2,"",M,10.950,2,"",M,1014.870,2,"",M,407.015,2,"",M,NaN,,,0,NaN,,,M,395.375,2,"",393.868,2,"",NaN,,,NaN,,
2024-10-25T16:28:38.000Z,2.256,2,"",M,61.311,2,"",M,6.000,2,"",N,10.527,2,"",M,35.252,2,"",M,10.950,2,"",M,1014.920,2,"",M,407.167,2,"",M,NaN,,,0,NaN,,,M,395.547,2,"",394.039,2,"",NaN,,,NaN,,
2024-10-25T16:30:30.000Z,2.256,2,"",M,61.311,2,"",M,6.000,2,"",N,10.528,2,"",M,35.252,2,"",M,10.950,2,"",M,1014.830,2,"",M,407.169,2,"",M,NaN,,,0,NaN,,,M,395.529,2,"",394.021,2,"",NaN,,,NaN,,
2024-10-25T16:32:22.000Z,2.256,2,"",M,61.311,2,"",M,6.000,2,"",N,10.534,2,"",M,35.252,2,"",M,10.960,2,"",M,1014.760,2,"",M,407.290,2,"",M,NaN,,,0,NaN,,,M,395.556,2,"",394.049,2,"",NaN,,,NaN,,
2024-10-25T16:34:15.000Z,2.257,2,"",M,61.311,2,"",M,6.000,2,"",N,10.533,2,"",M,35.253,2,"",M,10.960,2,"",M,1014.950,2,"",M,407.262,2,"",M,NaN,,,0,NaN,,,M,395.578,2,"",394.071,2,"",NaN,,,NaN,,
2024-10-25T16:36:07.000Z,2.257,2,"",M,61.311,2,"",M,6.000,2,"",N,10.534,2,"",M,35.253,2,"",M,10.960,2,"",M,1014.790,2,"",M,407.353,2,"",M,NaN,,,0,NaN,,,M,395.615,2,"",394.108,2,"",NaN,,,NaN,,
2024-10-25T16:37:59.000Z,2.258,2,"",M,61.311,2,"",M,6.000,2,"",N,10.531,2,"",M,35.253,2,"",M,10.960,2,"",M,1014.220,2,"",M,407.355,2,"",M,NaN,,,0,NaN,,,M,395.351,2,"",393.846,2,"",NaN,,,NaN,,
2024-10-25T16:39:51.000Z,2.259,2,"",M,61.312,2,"",M,6.000,2,"",N,10.526,2,"",M,35.252,2,"",M,10.960,2,"",M,1014.730,2,"",M,407.197,2,"",M,NaN,,,0,NaN,,,M,395.314,2,"",393.808,2,"",NaN,,,NaN,,
2024-10-25T16:41:44.000Z,2.259,2,"",M,61.313,2,"",M,6.000,2,"",N,10.528,2,"",M,35.252,2,"",M,10.960,2,"",M,1014.680,2,"",M,407.468,2,"",M,NaN,,,0,NaN,,,M,395.591,2,"",394.084,2,"",NaN,,,NaN,,
2024-10-25T16:43:36.000Z,2.260,2,"",M,61.313,2,"",M,6.000,2,"",N,10.526,2,"",M,35.254,2,"",M,10.960,2,"",M,1014.340,2,"",M,407.570,2,"",M,NaN,,,0,NaN,,,M,395.525,2,"",394.019,2,"",NaN,,,NaN,,
2024-10-25T16:45:28.000Z,2.262,2,"",M,61.314,2,"",M,6.000,2,"",N,10.525,2,"",M,35.253,2,"",M,10.960,2,"",M,1014.490,2,"",M,407.712,2,"",M,NaN,,,0,NaN,,,M,395.702,2,"",394.195,2,"",NaN,,,NaN,,
2024-10-25T16:47:20.000Z,2.263,2,"",M,61.314,2,"",M,6.000,2,"",N,10.533,2,"",M,35.252,2,"",M,10.950,2,"",M,1014.850,2,"",M,407.873,2,"",M,NaN,,,0,NaN,,,M,396.307,2,"",394.796,2,"",NaN,,,NaN,,
2024-10-25T16:49:12.000Z,2.263,2,"",M,61.314,2,"",M,6.000,2,"",N,10.534,2,"",M,35.253,2,"",M,10.960,2,"",M,1014.950,2,"",M,407.665,2,"",M,NaN,,,0,NaN,,,M,395.979,2,"",394.470,2,"",NaN,,,NaN,,
2024-10-25T16:51:05.000Z,2.263,2,"",M,61.314,2,"",M,6.000,2,"",N,10.532,2,"",M,35.253,2,"",M,10.960,2,"",M,1014.860,2,"",M,407.757,2,"",M,NaN,,,0,NaN,,,M,396.010,2,"",394.501,2,"",NaN,,,NaN,,
2024-10-25T16:52:57.000Z,2.263,2,"",M,61.314,2,"",M,6.000,2,"",N,10.530,2,"",M,35.252,2,"",M,10.960,2,"",M,1015.020,2,"",M,407.578,2,"",M,NaN,,,0,NaN,,,M,395.860,2,"",394.351,2,"",NaN,,,NaN,,
2024-10-25T16:54:49.000Z,2.263,2,"",M,61.314,2,"",M,6.000,2,"",N,10.533,2,"",M,35.253,2,"",M,10.970,2,"",M,1015.025,2,"",M,407.820,2,"",M,NaN,,,0,NaN,,,M,395.972,2,"",394.463,2,"",NaN,,,NaN,,
2024-10-25T16:56:41.000Z,2.263,2,"",M,61.314,2,"",M,6.000,2,"",N,10.530,2,"",M,35.253,2,"",M,10.960,2,"",M,1015.050,2,"",M,407.731,2,"",M,NaN,,,0,NaN,,,M,396.021,2,"",394.512,2,"",NaN,,,NaN,,
2024-10-25T16:58:33.000Z,2.263,2,"",M,61.314,2,"",M,6.000,2,"",N,10.525,2,"",M,35.253,2,"",M,10.960,2,"",M,1014.650,2,"",M,407.803,2,"",M,NaN,,,0,NaN,,,M,395.847,2,"",394.339,2,"",NaN,,,NaN,,
2024-10-25T17:00:25.000Z,2.264,2,"",M,61.316,2,"",M,6.000,2,"",N,10.531,2,"",M,35.253,2,"",M,10.950,2,"",M,1014.490,2,"",M,407.595,2,"",M,NaN,,,0,NaN,,,M,395.862,2,"",394.354,2,"",NaN,,,NaN,,
2024-10-25T17:02:17.000Z,2.264,2,"",M,61.319,2,"",M,6.000,2,"",N,10.534,2,"",M,35.255,2,"",M,10.960,2,"",M,1014.730,2,"",M,407.866,2,"",M,NaN,,,0,NaN,,,M,396.101,2,"",394.592,2,"",NaN,,,NaN,,
2024-10-25T17:04:09.000Z,2.263,2,"",M,61.322,2,"",M,6.000,2,"",N,10.534,2,"",M,35.255,2,"",M,10.960,2,"",M,1014.910,2,"",M,407.598,2,"",M,NaN,,,0,NaN,,,M,395.898,2,"",394.389,2,"",NaN,,,NaN,,
2024-10-25T17:06:01.000Z,2.263,2,"",M,61.326,2,"",M,6.000,2,"",N,10.537,2,"",M,35.254,2,"",M,10.970,2,"",M,1014.870,2,"",M,407.860,2,"",M,NaN,,,0,NaN,,,M,396.024,2,"",394.516,2,"",NaN,,,NaN,,
2024-10-25T17:10:31.000Z,2.262,2,"",M,61.330,2,"",M,6.000,2,"",N,NaN,,,M,NaN,,,M,NaN,,,M,NaN,,,M,NaN,,,0,NaN,,,0,NaN,,,M,NaN,,,NaN,,,NaN,,,NaN,,
2024-10-25T17:12:21.000Z,2.260,2,"",M,61.330,2,"",M,6.000,2,"",N,NaN,,,M,NaN,,,M,NaN,,,M,NaN,,,M,NaN,,,0,NaN,,,0,NaN,,,M,NaN,,,NaN,,,NaN,,,NaN,,
2024-10-25T17:14:11.000Z,2.260,2,"",M,61.329,2,"",M,6.000,2,"",N,NaN,,,M,NaN,,,M,NaN,,,M,NaN,,,M,NaN,,,0,NaN,,,0,NaN,,,M,NaN,,,NaN,,,NaN,,,NaN,,
2024-10-25T17:18:40.000Z,2.260,2,"",M,61.330,2,"",M,6.000,2,"",N,NaN,,,M,NaN,,,M,NaN,,,M,NaN,,,M,NaN,,,0,NaN,,,0,NaN,,,M,NaN,,,NaN,,,NaN,,,NaN,,
2024-10-25T17:20:30.000Z,2.260,2,"",M,61.330,2,"",M,6.000,2,"",N,NaN,,,M,NaN,,,M,NaN,,,M,NaN,,,M,NaN,,,0,NaN,,,0,NaN,,,M,NaN,,,NaN,,,NaN,,,NaN,,
2024-10-25T17:22:20.000Z,2.260,2,"",M,61.330,2,"",M,6.000,2,"",N,NaN,,,M,NaN,,,M,NaN,,,M,NaN,,,M,NaN,,,0,NaN,,,0,NaN,,,M,NaN,,,NaN,,,NaN,,,NaN,,
2024-10-25T17:26:49.000Z,2.260,2,"",M,61.330,2,"",M,6.000,2,"",N,NaN,,,M,NaN,,,M,NaN,,,M,NaN,,,M,NaN,,,0,NaN,,,0,NaN,,,M,NaN,,,NaN,,,NaN,,,NaN,,
2024-10-25T17:29:00.000Z,2.260,2,"",M,61.330,2,"",M,6.000,2,"",N,NaN,,,M,NaN,,,M,NaN,,,M,NaN,,,M,NaN,,,0,NaN,,,0,NaN,,,M,NaN,,,NaN,,,NaN,,,NaN,,
2024-10-25T17:30:50.000Z,2.260,2,"",M,61.330,2,"",M,6.000,2,"",N,NaN,,,M,NaN,,,M,NaN,,,M,NaN,,,M,NaN,,,0,NaN,,,0,NaN,,,M,NaN,,,NaN,,,NaN,,,NaN,,
2024-10-25T17:35:20.000Z,2.260,2,"",M,61.329,2,"",M,6.000,2,"",N,10.536,2,"",M,35.257,2,"",M,NaN,,,M,NaN,,,M,NaN,,,0,422.212,2,"",M,1014.400,2,"",M,NaN,,,NaN,,,418.511,2,"",416.905,2,""
2024-10-25T17:37:10.000Z,2.260,2,"",M,61.329,2,"",M,6.000,2,"",N,10.539,2,"",M,35.257,2,"",M,NaN,,,M,NaN,,,M,NaN,,,0,422.190,2,"",M,1014.300,2,"",M,NaN,,,NaN,,,418.447,2,"",416.841,2,""
2024-10-25T17:38:59.000Z,2.260,2,"",M,61.329,2,"",M,6.000,2,"",N,10.537,2,"",M,35.257,2,"",M,NaN,,,M,NaN,,,M,NaN,,,0,422.338,2,"",M,1014.400,2,"",M,NaN,,,NaN,,,418.637,2,"",417.030,2,""
2024-10-25T17:40:49.000Z,2.260,2,"",M,61.330,2,"",M,6.000,2,"",N,10.535,2,"",M,35.258,2,"",M,NaN,,,M,NaN,,,M,NaN,,,0,422.097,2,"",M,1014.400,2,"",M,NaN,,,NaN,,,418.398,2,"",416.792,2,""
2024-10-25T17:42:39.000Z,2.260,2,"",M,61.330,2,"",M,6.000,2,"",N,10.535,2,"",M,35.258,2,"",M,NaN,,,M,NaN,,,M,NaN,,,0,422.105,2,"",M,1014.400,2,"",M,NaN,,,NaN,,,418.406,2,"",416.800,2,""
2024-10-25T17:47:49.000Z,2.260,2,"",M,61.330,2,"",M,6.000,2,"",N,10.541,2,"",M,35.258,2,"",M,10.970,2,"",M,1014.610,2,"",M,409.649,2,"",M,NaN,,,0,NaN,,,M,397.727,2,"",396.212,2,"",NaN,,,NaN,,
2024-10-25T17:49:42.000Z,2.260,2,"",M,61.330,2,"",M,6.000,2,"",N,10.537,2,"",M,35.258,2,"",M,10.970,2,"",M,1014.320,2,"",M,409.708,2,"",M,NaN,,,0,NaN,,,M,397.601,2,"",396.087,2,"",NaN,,,NaN,,
2024-10-25T17:51:34.000Z,2.260,2,"",M,61.329,2,"",M,6.000,2,"",N,10.540,2,"",M,35.259,2,"",M,10.960,2,"",M,1014.390,2,"",M,409.736,2,"",M,NaN,,,0,NaN,,,M,397.876,2,"",396.361,2,"",NaN,,,NaN,,
2024-10-25T17:53:26.000Z,2.260,2,"",M,61.330,2,"",M,6.000,2,"",N,10.542,2,"",M,35.258,2,"",M,10.970,2,"",M,1014.530,2,"",M,409.845,2,"",M,NaN,,,0,NaN,,,M,397.908,2,"",396.393,2,"",NaN,,,NaN,,
2024-10-25T17:55:18.000Z,2.260,2,"",M,61.330,2,"",M,6.000,2,"",N,10.542,2,"",M,35.259,2,"",M,10.970,2,"",M,1014.460,2,"",M,409.633,2,"",M,NaN,,,0,NaN,,,M,397.660,2,"",396.146,2,"",NaN,,,NaN,,
2024-10-25T17:57:10.000Z,2.260,2,"",M,61.330,2,"",M,6.000,2,"",N,10.542,2,"",M,35.258,2,"",M,10.970,2,"",M,1014.640,2,"",M,409.841,2,"",M,NaN,,,0,NaN,,,M,397.941,2,"",396.425,2,"",NaN,,,NaN,,
2024-10-25T17:59:03.000Z,2.260,2,"",M,61.329,2,"",M,6.000,2,"",N,10.541,2,"",M,35.259,2,"",M,10.970,2,"",M,1014.700,2,"",M,409.680,2,"",M,NaN,,,0,NaN,,,M,397.786,2,"",396.270,2,"",NaN,,,NaN,,
2024-10-25T18:00:55.000Z,2.260,2,"",M,61.330,2,"",M,6.000,2,"",N,10.542,2,"",M,35.258,2,"",M,10.970,2,"",M,1014.670,2,"",M,409.698,2,"",M,NaN,,,0,NaN,,,M,397.819,2,"",396.304,2,"",NaN,,,NaN,,
2024-10-25T18:02:47.000Z,2.260,2,"",M,61.330,2,"",M,6.000,2,"",N,10.546,2,"",M,35.259,2,"",M,10.970,2,"",M,1014.880,2,"",M,409.666,2,"",M,NaN,,,0,NaN,,,M,397.937,2,"",396.421,2,"",NaN,,,NaN,,
2024-10-25T18:04:39.000Z,2.260,2,"",M,61.330,2,"",M,6.000,2,"",N,10.546,2,"",M,35.258,2,"",M,10.970,2,"",M,1014.780,2,"",M,409.565,2,"",M,NaN,,,0,NaN,,,M,397.795,2,"",396.280,2,"",NaN,,,NaN,,
2024-10-25T18:06:31.000Z,2.260,2,"",M,61.330,2,"",M,6.000,2,"",N,10.540,2,"",M,35.258,2,"",M,10.980,2,"",M,1014.530,2,"",M,409.703,2,"",M,NaN,,,0,NaN,,,M,397.556,2,"",396.043,2,"",NaN,,,NaN,,
2024-10-25T18:08:22.000Z,2.260,2,"",M,61.330,2,"",M,6.000,2,"",N,10.542,2,"",M,35.258,2,"",M,10.970,2,"",M,1014.620,2,"",M,409.632,2,"",M,NaN,,,0,NaN,,,M,397.729,2,"",396.214,2,"",NaN,,,NaN,,
2024-10-25T18:10:15.000Z,2.260,2,"",M,61.330,2,"",M,6.000,2,"",N,10.534,2,"",M,35.259,2,"",M,10.970,2,"",M,1014.750,2,"",M,409.810,2,"",M,NaN,,,0,NaN,,,M,397.819,2,"",396.304,2,"",NaN,,,NaN,,
2024-10-25T18:12:07.000Z,2.260,2,"",M,61.330,2,"",M,6.000,2,"",N,10.539,2,"",M,35.257,2,"",M,10.960,2,"",M,1014.410,2,"",M,409.388,2,"",M,NaN,,,0,NaN,,,M,397.537,2,"",396.023,2,"",NaN,,,NaN,,
2024-10-25T18:13:59.000Z,2.260,2,"",M,61.330,2,"",M,6.000,2,"",N,10.548,2,"",M,35.258,2,"",M,10.970,2,"",M,1014.810,2,"",M,409.447,2,"",M,NaN,,,0,NaN,,,M,397.719,2,"",396.203,2,"",NaN,,,NaN,,
2024-10-25T18:15:51.000Z,2.260,2,"",M,61.330,2,"",M,6.000,2,"",N,10.549,2,"",M,35.258,2,"",M,10.980,2,"",M,1014.910,2,"",M,409.235,2,"",M,NaN,,,0,NaN,,,M,397.414,2,"",395.900,2,"",NaN,,,NaN,,
2024-10-25T18:17:44.000Z,2.260,2,"",M,61.330,2,"",M,6.000,2,"",N,10.552,2,"",M,35.259,2,"",M,10.980,2,"",M,1014.930,2,"",M,409.104,2,"",M,NaN,,,0,NaN,,,M,397.340,2,"",395.826,2,"",NaN,,,NaN,,
2024-10-25T18:19:36.000Z,2.260,2,"",M,61.330,2,"",M,6.000,2,"",N,10.544,2,"",M,35.259,2,"",M,10.980,2,"",M,1014.920,2,"",M,409.072,2,"",M,NaN,,,0,NaN,,,M,397.168,2,"",395.655,2,"",NaN,,,NaN,,
2024-10-25T18:21:28.000Z,2.260,2,"",M,61.329,2,"",M,6.000,2,"",N,10.552,2,"",M,35.259,2,"",M,10.970,2,"",M,1014.660,2,"",M,408.790,2,"",M,NaN,,,0,NaN,,,M,397.090,2,"",395.578,2,"",NaN,,,NaN,,
2024-10-25T18:23:20.000Z,2.260,2,"",M,61.330,2,"",M,6.000,2,"",N,10.556,2,"",M,35.259,2,"",M,10.980,2,"",M,1014.810,2,"",M,408.739,2,"",M,NaN,,,0,NaN,,,M,396.995,2,"",395.483,2,"",NaN,,,NaN,,
2024-10-25T18:25:13.000Z,2.260,2,"",M,61.330,2,"",M,6.000,2,"",N,10.558,2,"",M,35.259,2,"",M,10.980,2,"",M,1014.820,2,"",M,408.887,2,"",M,NaN,,,0,NaN,,,M,397.191,2,"",395.678,2,"",NaN,,,NaN,,
2024-10-25T18:27:26.000Z,2.260,2,"",M,61.330,2,"",M,6.000,2,"",N,10.555,2,"",M,35.258,2,"",M,10.990,2,"",M,1014.830,2,"",M,408.735,2,"",M,NaN,,,0,NaN,,,M,396.811,2,"",395.300,2,"",NaN,,,NaN,,
2024-10-25T18:29:18.000Z,2.260,2,"",M,61.329,2,"",M,6.000,2,"",N,10.554,2,"",M,35.258,2,"",M,10.980,2,"",M,1014.560,2,"",M,408.654,2,"",M,NaN,,,0,NaN,,,M,396.786,2,"",395.275,2,"",NaN,,,NaN,,
2024-10-25T18:31:10.000Z,2.259,2,"",M,61.329,2,"",M,6.000,2,"",N,10.550,2,"",M,35.258,2,"",M,10.980,2,"",M,1014.800,2,"",M,408.822,2,"",M,NaN,,,0,NaN,,,M,396.977,2,"",395.465,2,"",NaN,,,NaN,,
2024-10-25T18:33:03.000Z,2.255,2,"",M,61.327,2,"",M,6.000,2,"",N,10.541,2,"",M,35.259,2,"",M,10.970,2,"",M,1014.750,2,"",M,409.060,2,"",M,NaN,,,0,NaN,,,M,397.216,2,"",395.703,2,"",NaN,,,NaN,,
2024-10-25T18:34:55.000Z,2.248,2,"",M,61.324,2,"",M,6.000,2,"",N,10.531,2,"",M,35.258,2,"",M,10.970,2,"",M,1014.820,2,"",M,408.679,2,"",M,NaN,,,0,NaN,,,M,396.706,2,"",395.195,2,"",NaN,,,NaN,,
2024-10-25T18:36:47.000Z,2.241,2,"",M,61.321,2,"",M,6.000,2,"",N,10.536,2,"",M,35.259,2,"",M,10.960,2,"",M,1014.830,2,"",M,408.887,2,"",M,NaN,,,0,NaN,,,M,397.153,2,"",395.640,2,"",NaN,,,NaN,,
2024-10-25T18:38:39.000Z,2.233,2,"",M,61.317,2,"",M,6.000,2,"",N,10.536,2,"",M,35.259,2,"",M,10.960,2,"",M,1014.830,2,"",M,409.266,2,"",M,NaN,,,0,NaN,,,M,397.528,2,"",396.014,2,"",NaN,,,NaN,,
2024-10-25T18:40:32.000Z,2.225,2,"",M,61.314,2,"",M,6.000,2,"",N,10.534,2,"",M,35.259,2,"",M,10.960,2,"",M,1015.000,2,"",M,409.284,2,"",M,NaN,,,0,NaN,,,M,397.585,2,"",396.070,2,"",NaN,,,NaN,,
2024-10-25T18:42:24.000Z,2.217,2,"",M,61.310,2,"",M,6.000,2,"",N,10.529,2,"",M,35.257,2,"",M,10.960,2,"",M,1015.005,2,"",M,409.182,2,"",M,NaN,,,0,NaN,,,M,397.400,2,"",395.885,2,"",NaN,,,NaN,,
2024-10-25T18:44:16.000Z,2.209,2,"",M,61.306,2,"",M,6.000,2,"",N,10.527,2,"",M,35.255,2,"",M,10.950,2,"",M,1014.630,2,"",M,409.131,2,"",M,NaN,,,0,NaN,,,M,397.343,2,"",395.829,2,"",NaN,,,NaN,,
2024-10-25T18:46:08.000Z,2.201,2,"",M,61.303,2,"",M,6.000,2,"",N,10.518,2,"",M,35.256,2,"",M,10.950,2,"",M,1014.800,2,"",M,408.589,2,"",M,NaN,,,0,NaN,,,M,396.725,2,"",395.213,2,"",NaN,,,NaN,,
2024-10-25T18:48:00.000Z,2.193,2,"",M,61.299,2,"",M,6.000,2,"",N,10.508,2,"",M,35.253,2,"",M,10.950,2,"",M,1014.340,2,"",M,408.498,2,"",M,NaN,,,0,NaN,,,M,396.285,2,"",394.776,2,"",NaN,,,NaN,,
2024-10-25T18:49:53.000Z,2.185,2,"",M,61.295,2,"",M,6.000,2,"",N,10.491,2,"",M,35.252,2,"",M,10.940,2,"",M,1014.850,2,"",M,408.176,2,"",M,NaN,,,0,NaN,,,M,396.064,2,"",394.554,2,"",NaN,,,NaN,,
2024-10-25T18:51:45.000Z,2.177,2,"",M,61.292,2,"",M,6.000,2,"",N,10.342,2,"",M,35.215,2,"",M,10.920,2,"",M,1014.720,2,"",M,408.334,2,"",M,NaN,,,0,NaN,,,M,394.022,2,"",392.521,2,"",NaN,,,NaN,,
2024-10-25T18:53:37.000Z,2.169,2,"",M,61.288,2,"",M,6.000,2,"",N,10.298,2,"",M,35.201,2,"",M,10.780,2,"",M,1014.370,2,"",M,408.033,2,"",M,NaN,,,0,NaN,,,M,395.239,2,"",393.730,2,"",NaN,,,NaN,,
2024-10-25T18:55:29.000Z,2.161,2,"",M,61.284,2,"",M,6.000,2,"",N,10.316,2,"",M,35.202,2,"",M,10.730,2,"",M,1014.800,2,"",M,406.331,2,"",M,NaN,,,0,NaN,,,M,394.914,2,"",393.405,2,"",NaN,,,NaN,,
2024-10-25T18:57:22.000Z,2.153,2,"",M,61.281,2,"",M,6.000,2,"",N,10.376,2,"",M,35.216,2,"",M,10.750,2,"",M,1015.100,2,"",M,404.930,2,"",M,NaN,,,0,NaN,,,M,394.329,2,"",392.823,2,"",NaN,,,NaN,,
2024-10-25T18:59:14.000Z,2.145,2,"",M,61.277,2,"",M,6.000,2,"",N,10.420,2,"",M,35.227,2,"",M,10.800,2,"",M,1014.840,2,"",M,404.998,2,"",M,NaN,,,0,NaN,,,M,394.181,2,"",392.676,2,"",NaN,,,NaN,,
2024-10-25T19:01:06.000Z,2.136,2,"",M,61.273,2,"",M,6.000,2,"",N,10.416,2,"",M,35.221,2,"",M,10.840,2,"",M,1014.790,2,"",M,406.537,2,"",M,NaN,,,0,NaN,,,M,394.895,2,"",393.388,2,"",NaN,,,NaN,,
2024-10-25T19:02:58.000Z,2.128,2,"",M,61.270,2,"",M,6.000,2,"",N,10.376,2,"",M,35.213,2,"",M,10.830,2,"",M,1014.840,2,"",M,407.165,2,"",M,NaN,,,0,NaN,,,M,395.033,2,"",393.526,2,"",NaN,,,NaN,,
2024-10-25T19:04:50.000Z,2.120,2,"",M,61.267,2,"",M,6.000,2,"",N,10.293,2,"",M,35.191,2,"",M,10.790,2,"",M,1014.720,2,"",M,406.113,2,"",M,NaN,,,0,NaN,,,M,393.266,2,"",391.765,2,"",NaN,,,NaN,,
2024-10-25T19:06:43.000Z,2.115,2,"",M,61.264,2,"",M,6.000,2,"",N,10.294,2,"",M,35.180,2,"",M,10.730,2,"",M,1015.080,2,"",M,404.922,2,"",M,NaN,,,0,NaN,,,M,393.287,2,"",391.784,2,"",NaN,,,NaN,,
2024-10-25T19:08:35.000Z,2.112,2,"",M,61.263,2,"",M,6.000,2,"",N,10.154,2,"",M,35.168,2,"",M,10.710,2,"",M,1014.670,2,"",M,402.800,2,"",M,NaN,,,0,NaN,,,M,389.082,2,"",387.595,2,"",NaN,,,NaN,,
2024-10-25T19:10:27.000Z,2.111,2,"",M,61.263,2,"",M,6.000,2,"",N,10.085,2,"",M,35.138,2,"",M,10.610,2,"",M,1014.650,2,"",M,401.979,2,"",M,NaN,,,0,NaN,,,M,388.823,2,"",387.335,2,"",NaN,,,NaN,,
2024-10-25T19:12:19.000Z,2.110,2,"",M,61.262,2,"",M,6.000,2,"",N,10.113,2,"",M,35.140,2,"",M,10.530,2,"",M,1014.730,2,"",M,399.427,2,"",M,NaN,,,0,NaN,,,M,388.194,2,"",386.707,2,"",NaN,,,NaN,,
2024-10-25T19:14:12.000Z,2.111,2,"",M,61.262,2,"",M,6.000,2,"",N,10.124,2,"",M,35.140,2,"",M,10.550,2,"",M,1014.610,2,"",M,397.116,2,"",M,NaN,,,0,NaN,,,M,385.734,2,"",384.257,2,"",NaN,,,NaN,,
2024-10-25T19:16:04.000Z,2.111,2,"",M,61.262,2,"",M,6.000,2,"",N,10.116,2,"",M,35.144,2,"",M,10.550,2,"",M,1014.760,2,"",M,396.804,2,"",M,NaN,,,0,NaN,,,M,385.363,2,"",383.887,2,"",NaN,,,NaN,,
2024-10-25T19:17:56.000Z,2.111,2,"",M,61.262,2,"",M,6.000,2,"",N,10.129,2,"",M,35.143,2,"",M,10.560,2,"",M,1014.590,2,"",M,396.503,2,"",M,NaN,,,0,NaN,,,M,385.054,2,"",383.579,2,"",NaN,,,NaN,,
2024-10-25T19:19:48.000Z,2.111,2,"",M,61.262,2,"",M,6.000,2,"",N,10.113,2,"",M,35.143,2,"",M,10.570,2,"",M,1014.750,2,"",M,396.681,2,"",M,NaN,,,0,NaN,,,M,384.867,2,"",383.393,2,"",NaN,,,NaN,,
2024-10-25T19:21:41.000Z,2.111,2,"",M,61.261,2,"",M,6.000,2,"",N,10.131,2,"",M,35.143,2,"",M,10.550,2,"",M,1014.810,2,"",M,396.740,2,"",M,NaN,,,0,NaN,,,M,385.574,2,"",384.097,2,"",NaN,,,NaN,,
2024-10-25T19:23:33.000Z,2.111,2,"",M,61.261,2,"",M,6.000,2,"",N,10.116,2,"",M,35.144,2,"",M,10.560,2,"",M,1014.780,2,"",M,396.818,2,"",M,NaN,,,0,NaN,,,M,385.226,2,"",383.750,2,"",NaN,,,NaN,,
2024-10-25T19:25:25.000Z,2.111,2,"",M,61.261,2,"",M,6.000,2,"",N,10.108,2,"",M,35.139,2,"",M,10.550,2,"",M,1014.820,2,"",M,396.467,2,"",M,NaN,,,0,NaN,,,M,384.924,2,"",383.449,2,"",NaN,,,NaN,,
2024-10-25T19:27:38.000Z,2.111,2,"",M,61.261,2,"",M,6.000,2,"",N,10.095,2,"",M,35.136,2,"",M,10.540,2,"",M,1014.640,2,"",M,396.225,2,"",M,NaN,,,0,NaN,,,M,384.589,2,"",383.116,2,"",NaN,,,NaN,,
2024-10-25T19:29:31.000Z,2.112,2,"",M,61.261,2,"",M,6.000,2,"",N,10.089,2,"",M,35.136,2,"",M,10.540,2,"",M,1014.500,2,"",M,396.123,2,"",M,NaN,,,0,NaN,,,M,384.325,2,"",382.853,2,"",NaN,,,NaN,,
2024-10-25T19:31:23.000Z,2.112,2,"",M,61.261,2,"",M,6.000,2,"",N,10.070,2,"",M,35.129,2,"",M,10.530,2,"",M,1014.700,2,"",M,396.132,2,"",M,NaN,,,0,NaN,,,M,384.280,2,"",382.808,2,"",NaN,,,NaN,,
2024-10-25T19:33:15.000Z,2.112,2,"",M,61.261,2,"",M,6.000,2,"",N,10.068,2,"",M,35.127,2,"",M,10.510,2,"",M,1014.580,2,"",M,395.690,2,"",M,NaN,,,0,NaN,,,M,384.098,2,"",382.626,2,"",NaN,,,NaN,,
2024-10-25T19:35:07.000Z,2.112,2,"",M,61.261,2,"",M,6.000,2,"",N,10.060,2,"",M,35.127,2,"",M,10.500,2,"",M,1014.690,2,"",M,394.849,2,"",M,NaN,,,0,NaN,,,M,383.366,2,"",381.897,2,"",NaN,,,NaN,,
2024-10-25T19:37:00.000Z,2.112,2,"",M,61.261,2,"",M,6.000,2,"",N,10.060,2,"",M,35.126,2,"",M,10.490,2,"",M,1014.820,2,"",M,394.437,2,"",M,NaN,,,0,NaN,,,M,383.176,2,"",381.707,2,"",NaN,,,NaN,,
2024-10-25T19:38:52.000Z,2.112,2,"",M,61.261,2,"",M,6.000,2,"",N,10.061,2,"",I,35.125,2,"",I,10.500,2,"",M,1014.740,2,"",M,394.086,2,"",M,NaN,,,0,NaN,,,M,382.650,2,"",381.184,2,"",NaN,,,NaN,,
2024-10-25T19:40:44.000Z,2.112,2,"",M,61.261,2,"",M,6.000,2,"",N,10.062,2,"",M,35.124,2,"",M,10.500,2,"",M,1014.990,2,"",M,393.954,2,"",M,NaN,,,0,NaN,,,M,382.629,2,"",381.163,2,"",NaN,,,NaN,,
2024-10-25T19:42:36.000Z,2.113,2,"",M,61.261,2,"",M,6.000,2,"",N,10.057,2,"",M,35.123,2,"",M,10.500,2,"",M,1014.500,2,"",M,394.263,2,"",M,NaN,,,0,NaN,,,M,382.667,2,"",381.201,2,"",NaN,,,NaN,,
2024-10-25T19:44:28.000Z,2.113,2,"",M,61.261,2,"",M,6.000,2,"",N,10.045,2,"",M,35.121,2,"",M,10.490,2,"",M,1014.930,2,"",M,394.191,2,"",M,NaN,,,0,NaN,,,M,382.730,2,"",381.263,2,"",NaN,,,NaN,,
2024-10-25T19:46:21.000Z,2.113,2,"",M,61.260,2,"",M,6.000,2,"",N,10.047,2,"",M,35.120,2,"",M,10.480,2,"",M,1015.110,2,"",M,394.000,2,"",M,NaN,,,0,NaN,,,M,382.815,2,"",381.347,2,"",NaN,,,NaN,,
2024-10-25T19:48:13.000Z,2.113,2,"",M,61.260,2,"",M,6.000,2,"",N,10.045,2,"",M,35.121,2,"",M,10.480,2,"",M,1014.720,2,"",M,393.528,2,"",M,NaN,,,0,NaN,,,M,382.175,2,"",380.710,2,"",NaN,,,NaN,,
2024-10-25T19:50:05.000Z,2.114,2,"",M,61.260,2,"",M,6.000,2,"",N,10.038,2,"",M,35.120,2,"",M,10.470,2,"",M,1014.620,2,"",M,393.147,2,"",M,NaN,,,0,NaN,,,M,381.826,2,"",380.363,2,"",NaN,,,NaN,,
2024-10-25T19:51:57.000Z,2.114,2,"",M,61.260,2,"",M,6.000,2,"",N,10.030,2,"",M,35.117,2,"",M,10.480,2,"",M,1014.740,2,"",M,393.265,2,"",M,NaN,,,0,NaN,,,M,381.682,2,"",380.219,2,"",NaN,,,NaN,,
2024-10-25T19:53:50.000Z,2.114,2,"",M,61.260,2,"",M,6.000,2,"",N,10.027,2,"",M,35.118,2,"",M,10.470,2,"",M,1014.890,2,"",M,393.633,2,"",M,NaN,,,0,NaN,,,M,382.217,2,"",380.751,2,"",NaN,,,NaN,,
2024-10-25T19:55:42.000Z,2.114,2,"",M,61.260,2,"",M,6.000,2,"",N,10.019,2,"",M,35.116,2,"",M,10.470,2,"",M,1014.500,2,"",M,393.232,2,"",M,NaN,,,0,NaN,,,M,381.551,2,"",380.088,2,"",NaN,,,NaN,,
2024-10-25T19:57:34.000Z,2.114,2,"",M,61.260,2,"",M,6.000,2,"",N,10.020,2,"",M,35.115,2,"",M,10.460,2,"",M,1014.710,2,"",M,393.050,2,"",M,NaN,,,0,NaN,,,M,381.635,2,"",380.172,2,"",NaN,,,NaN,,
2024-10-25T19:59:26.000Z,2.114,2,"",M,61.260,2,"",M,6.000,2,"",N,10.014,2,"",M,35.114,2,"",M,10.450,2,"",M,1014.690,2,"",M,393.219,2,"",M,NaN,,,0,NaN,,,M,381.864,2,"",380.400,2,"",NaN,,,NaN,,
2024-10-25T20:01:19.000Z,2.114,2,"",M,61.260,2,"",M,6.000,2,"",N,10.013,2,"",M,35.113,2,"",M,10.450,2,"",M,1014.570,2,"",M,392.837,2,"",M,NaN,,,0,NaN,,,M,381.429,2,"",379.966,2,"",NaN,,,NaN,,
2024-10-25T20:03:11.000Z,2.114,2,"",M,61.260,2,"",M,6.000,2,"",N,10.007,2,"",M,35.113,2,"",M,10.460,2,"",M,1014.630,2,"",M,392.556,2,"",M,NaN,,,0,NaN,,,M,380.910,2,"",379.450,2,"",NaN,,,NaN,,
2024-10-25T20:05:03.000Z,2.114,2,"",M,61.260,2,"",M,6.000,2,"",N,10.014,2,"",M,35.112,2,"",M,10.450,2,"",M,1014.450,2,"",M,392.584,2,"",M,NaN,,,0,NaN,,,M,381.148,2,"",379.687,2,"",NaN,,,NaN,,
2024-10-25T20:06:55.000Z,2.115,2,"",M,61.260,2,"",M,6.000,2,"",N,10.009,2,"",M,35.112,2,"",M,10.450,2,"",M,1014.380,2,"",M,392.533,2,"",M,NaN,,,0,NaN,,,M,381.000,2,"",379.540,2,"",NaN,,,NaN,,
2024-10-25T20:08:47.000Z,2.115,2,"",M,61.260,2,"",M,6.000,2,"",N,10.011,2,"",M,35.112,2,"",M,10.450,2,"",M,1014.620,2,"",M,392.581,2,"",M,NaN,,,0,NaN,,,M,381.163,2,"",379.702,2,"",NaN,,,NaN,,
2024-10-25T20:10:40.000Z,2.115,2,"",M,61.260,2,"",M,6.000,2,"",N,10.012,2,"",M,35.111,2,"",M,10.440,2,"",M,1014.830,2,"",M,392.360,2,"",M,NaN,,,0,NaN,,,M,381.215,2,"",379.753,2,"",NaN,,,NaN,,
2024-10-25T20:12:32.000Z,2.115,2,"",M,61.260,2,"",M,6.000,2,"",N,10.033,2,"",M,35.112,2,"",M,10.440,2,"",M,1014.750,2,"",M,392.398,2,"",M,NaN,,,0,NaN,,,M,381.546,2,"",380.083,2,"",NaN,,,NaN,,
2024-10-25T20:14:24.000Z,2.116,2,"",M,61.260,2,"",M,6.000,2,"",N,10.020,2,"",M,35.113,2,"",M,10.470,2,"",M,1014.640,2,"",M,392.037,2,"",M,NaN,,,0,NaN,,,M,380.461,2,"",379.003,2,"",NaN,,,NaN,,
2024-10-25T20:16:16.000Z,2.117,2,"",M,61.260,2,"",M,6.000,2,"",N,10.020,2,"",M,35.114,2,"",M,10.460,2,"",M,1014.620,2,"",M,392.245,2,"",M,NaN,,,0,NaN,,,M,380.824,2,"",379.364,2,"",NaN,,,NaN,,
2024-10-25T20:18:09.000Z,2.117,2,"",M,61.260,2,"",M,6.000,2,"",N,10.027,2,"",M,35.116,2,"",M,10.450,2,"",M,1014.440,2,"",M,392.673,2,"",M,NaN,,,0,NaN,,,M,381.442,2,"",379.980,2,"",NaN,,,NaN,,
2024-10-25T20:20:01.000Z,2.118,2,"",M,61.261,2,"",M,6.000,2,"",N,10.033,2,"",M,35.116,2,"",M,10.460,2,"",M,1014.430,2,"",M,392.612,2,"",M,NaN,,,0,NaN,,,M,381.309,2,"",379.848,2,"",NaN,,,NaN,,
2024-10-25T20:21:53.000Z,2.118,2,"",M,61.261,2,"",M,6.000,2,"",N,10.028,2,"",M,35.115,2,"",M,10.460,2,"",M,1014.300,2,"",M,392.800,2,"",M,NaN,,,0,NaN,,,M,381.368,2,"",379.907,2,"",NaN,,,NaN,,
2024-10-25T20:23:45.000Z,2.119,2,"",M,61.261,2,"",M,6.000,2,"",N,10.031,2,"",M,35.117,2,"",M,10.470,2,"",M,1014.360,2,"",M,392.979,2,"",M,NaN,,,0,NaN,,,M,381.440,2,"",379.978,2,"",NaN,,,NaN,,
2024-10-25T20:25:37.000Z,2.119,2,"",M,61.261,2,"",M,6.000,2,"",N,10.030,2,"",M,35.117,2,"",M,10.470,2,"",M,1014.590,2,"",M,393.387,2,"",M,NaN,,,0,NaN,,,M,381.907,2,"",380.443,2,"",NaN,,,NaN,,
2024-10-25T20:27:51.000Z,2.120,2,"",M,61.261,2,"",M,6.000,2,"",N,10.034,2,"",M,35.118,2,"",M,10.470,2,"",M,1014.510,2,"",M,393.495,2,"",M,NaN,,,0,NaN,,,M,382.045,2,"",380.580,2,"",NaN,,,NaN,,
2024-10-25T20:29:43.000Z,2.120,2,"",M,61.261,2,"",M,6.000,2,"",N,10.028,2,"",M,35.119,2,"",M,10.470,2,"",M,1014.270,2,"",M,393.314,2,"",M,NaN,,,0,NaN,,,M,381.689,2,"",380.226,2,"",NaN,,,NaN,,
2024-10-25T20:31:35.000Z,2.121,2,"",M,61.261,2,"",M,6.000,2,"",N,10.024,2,"",M,35.115,2,"",M,10.460,2,"",M,1014.750,2,"",M,393.172,2,"",M,NaN,,,0,NaN,,,M,381.835,2,"",380.371,2,"",NaN,,,NaN,,
2024-10-25T20:33:26.000Z,2.122,2,"",M,61.261,2,"",M,6.000,2,"",N,10.022,2,"",M,35.116,2,"",M,10.460,2,"",M,1014.340,2,"",M,393.061,2,"",M,NaN,,,0,NaN,,,M,381.537,2,"",380.075,2,"",NaN,,,NaN,,
2024-10-25T20:35:19.000Z,2.122,2,"",M,61.262,2,"",M,6.000,2,"",N,10.035,2,"",M,35.116,2,"",M,10.470,2,"",M,1014.400,2,"",M,393.209,2,"",M,NaN,,,0,NaN,,,M,381.745,2,"",380.282,2,"",NaN,,,NaN,,
2024-10-25T20:37:11.000Z,2.123,2,"",M,61.262,2,"",M,6.000,2,"",N,10.133,2,"",M,35.141,2,"",M,10.470,2,"",M,1014.530,2,"",M,392.888,2,"",M,NaN,,,0,NaN,,,M,383.063,2,"",381.594,2,"",NaN,,,NaN,,
2024-10-25T20:39:03.000Z,2.126,2,"",M,61.262,2,"",M,6.000,2,"",N,10.238,2,"",M,35.172,2,"",M,10.560,2,"",M,1014.350,2,"",M,393.906,2,"",M,NaN,,,0,NaN,,,M,384.215,2,"",382.744,2,"",NaN,,,NaN,,
2024-10-25T20:40:55.000Z,2.132,2,"",M,61.265,2,"",M,6.000,2,"",N,10.304,2,"",M,35.189,2,"",M,10.650,2,"",M,1014.300,2,"",M,396.914,2,"",M,NaN,,,0,NaN,,,M,386.704,2,"",385.225,2,"",NaN,,,NaN,,
2024-10-25T20:42:47.000Z,2.139,2,"",M,61.269,2,"",M,6.000,2,"",N,10.343,2,"",M,35.203,2,"",M,10.710,2,"",M,1014.430,2,"",M,399.751,2,"",M,NaN,,,0,NaN,,,M,389.149,2,"",387.662,2,"",NaN,,,NaN,,
2024-10-25T20:44:40.000Z,2.146,2,"",M,61.274,2,"",M,6.000,2,"",N,10.399,2,"",M,35.214,2,"",M,10.760,2,"",M,1014.750,2,"",M,401.859,2,"",M,NaN,,,0,NaN,,,M,391.413,2,"",389.918,2,"",NaN,,,NaN,,
2024-10-25T20:46:32.000Z,2.154,2,"",M,61.278,2,"",M,6.000,2,"",N,10.345,2,"",M,35.225,2,"",M,10.810,2,"",M,1014.780,2,"",M,403.677,2,"",M,NaN,,,0,NaN,,,M,391.459,2,"",389.964,2,"",NaN,,,NaN,,
2024-10-25T20:48:24.000Z,2.161,2,"",M,61.282,2,"",M,6.000,2,"",N,10.304,2,"",M,35.203,2,"",M,10.780,2,"",M,1014.660,2,"",M,405.485,2,"",M,NaN,,,0,NaN,,,M,392.977,2,"",391.477,2,"",NaN,,,NaN,,
2024-10-25T20:50:16.000Z,2.168,2,"",M,61.286,2,"",M,6.000,2,"",N,10.332,2,"",M,35.199,2,"",M,10.740,2,"",M,1014.800,2,"",M,405.904,2,"",M,NaN,,,0,NaN,,,M,394.587,2,"",393.080,2,"",NaN,,,NaN,,
2024-10-25T20:52:09.000Z,2.176,2,"",M,61.291,2,"",M,6.000,2,"",N,10.502,2,"",M,35.224,2,"",M,10.750,2,"",M,1014.510,2,"",M,404.742,2,"",M,NaN,,,0,NaN,,,M,396.017,2,"",394.504,2,"",NaN,,,NaN,,
2024-10-25T20:54:01.000Z,2.183,2,"",M,61.295,2,"",M,6.000,2,"",N,10.516,2,"",M,35.254,2,"",M,10.890,2,"",M,1014.300,2,"",M,404.991,2,"",M,NaN,,,0,NaN,,,M,394.016,2,"",392.515,2,"",NaN,,,NaN,,
2024-10-25T20:58:30.000Z,2.203,2,"",M,61.304,2,"",M,6.000,2,"",N,NaN,,,M,NaN,,,M,NaN,,,M,NaN,,,M,NaN,,,0,NaN,,,0,NaN,,,M,NaN,,,NaN,,,NaN,,,NaN,,
2024-10-25T21:00:20.000Z,2.212,2,"",M,61.307,2,"",M,6.000,2,"",N,NaN,,,M,NaN,,,M,NaN,,,M,NaN,,,M,NaN,,,0,NaN,,,0,NaN,,,M,NaN,,,NaN,,,NaN,,,NaN,,
2024-10-25T21:02:10.000Z,2.220,2,"",M,61.311,2,"",M,6.000,2,"",N,NaN,,,M,NaN,,,M,NaN,,,M,NaN,,,M,NaN,,,0,NaN,,,0,NaN,,,M,NaN,,,NaN,,,NaN,,,NaN,,
2024-10-25T21:06:40.000Z,2.240,2,"",M,61.320,2,"",M,6.000,2,"",N,NaN,,,M,NaN,,,M,NaN,,,M,NaN,,,M,NaN,,,0,NaN,,,0,NaN,,,M,NaN,,,NaN,,,NaN,,,NaN,,
2024-10-25T21:08:29.000Z,2.248,2,"",M,61.324,2,"",M,6.000,2,"",N,NaN,,,M,NaN,,,M,NaN,,,M,NaN,,,M,NaN,,,0,NaN,,,0,NaN,,,M,NaN,,,NaN,,,NaN,,,NaN,,
2024-10-25T21:10:19.000Z,2.256,2,"",M,61.327,2,"",M,6.000,2,"",N,NaN,,,M,NaN,,,M,NaN,,,M,NaN,,,M,NaN,,,0,NaN,,,0,NaN,,,M,NaN,,,NaN,,,NaN,,,NaN,,
2024-10-25T21:14:49.000Z,2.276,2,"",M,61.336,2,"",M,6.000,2,"",N,NaN,,,M,NaN,,,M,NaN,,,M,NaN,,,M,NaN,,,0,NaN,,,0,NaN,,,M,NaN,,,NaN,,,NaN,,,NaN,,
2024-10-25T21:16:38.000Z,2.284,2,"",M,61.340,2,"",M,6.000,2,"",N,NaN,,,M,NaN,,,M,NaN,,,M,NaN,,,M,NaN,,,0,NaN,,,0,NaN,,,M,NaN,,,NaN,,,NaN,,,NaN,,
2024-10-25T21:18:28.000Z,2.292,2,"",M,61.344,2,"",M,6.000,2,"",N,NaN,,,M,NaN,,,M,NaN,,,M,NaN,,,M,NaN,,,0,NaN,,,0,NaN,,,M,NaN,,,NaN,,,NaN,,,NaN,,
2024-10-25T21:22:58.000Z,2.305,2,"",M,61.350,2,"",M,6.000,2,"",N,10.558,2,"",M,35.257,2,"",M,NaN,,,M,NaN,,,M,NaN,,,0,422.757,2,"",M,1014.100,2,"",M,NaN,,,NaN,,,418.919,2,"",417.312,2,""
2024-10-25T21:24:48.000Z,2.306,2,"",M,61.350,2,"",M,6.000,2,"",N,10.569,2,"",M,35.257,2,"",M,NaN,,,M,NaN,,,M,NaN,,,0,422.458,2,"",M,1014.100,2,"",M,NaN,,,NaN,,,418.619,2,"",417.013,2,""
2024-10-25T21:26:37.000Z,2.306,2,"",M,61.350,2,"",M,6.000,2,"",N,10.569,2,"",M,35.257,2,"",M,NaN,,,M,NaN,,,M,NaN,,,0,422.408,2,"",M,1014.100,2,"",M,NaN,,,NaN,,,418.570,2,"",416.964,2,""
2024-10-25T21:28:48.000Z,2.306,2,"",M,61.350,2,"",M,6.000,2,"",N,10.573,2,"",M,35.257,2,"",M,NaN,,,M,NaN,,,M,NaN,,,0,422.429,2,"",M,1014.100,2,"",M,NaN,,,NaN,,,418.589,2,"",416.983,2,""
2024-10-25T21:30:38.000Z,2.306,2,"",M,61.350,2,"",M,6.000,2,"",N,10.570,2,"",M,35.256,2,"",M,NaN,,,M,NaN,,,M,NaN,,,0,424.219,2,"",M,1014.000,2,"",M,NaN,,,NaN,,,420.321,2,"",418.709,2,""
2024-10-25T21:35:48.000Z,2.306,2,"",M,61.350,2,"",M,6.000,2,"",N,10.571,2,"",M,35.257,2,"",M,10.990,2,"",M,1014.700,2,"",M,408.155,2,"",M,NaN,,,0,NaN,,,M,396.476,2,"",394.966,2,"",NaN,,,NaN,,
2024-10-25T21:37:41.000Z,2.306,2,"",M,61.350,2,"",M,6.000,2,"",N,10.572,2,"",M,35.257,2,"",M,10.990,2,"",M,1014.400,2,"",M,408.076,2,"",M,NaN,,,0,NaN,,,M,396.294,2,"",394.785,2,"",NaN,,,NaN,,
2024-10-25T21:39:33.000Z,2.306,2,"",M,61.350,2,"",M,6.000,2,"",N,10.573,2,"",M,35.256,2,"",M,10.990,2,"",M,1014.095,2,"",M,408.066,2,"",M,NaN,,,0,NaN,,,M,396.187,2,"",394.679,2,"",NaN,,,NaN,,
2024-10-25T21:41:25.000Z,2.307,2,"",M,61.350,2,"",M,6.000,2,"",N,10.592,2,"",M,35.257,2,"",M,11.000,2,"",M,1014.180,2,"",M,408.147,2,"",M,NaN,,,0,NaN,,,M,396.434,2,"",394.925,2,"",NaN,,,NaN,,
2024-10-25T21:43:18.000Z,2.307,2,"",M,61.350,2,"",M,6.000,2,"",N,10.581,2,"",M,35.256,2,"",M,11.020,2,"",M,1014.970,2,"",M,408.197,2,"",M,NaN,,,0,NaN,,,M,396.268,2,"",394.760,2,"",NaN,,,NaN,,
2024-10-25T21:45:10.000Z,2.308,2,"",M,61.350,2,"",M,6.000,2,"",N,10.586,2,"",M,35.256,2,"",M,11.010,2,"",M,1014.650,2,"",M,408.348,2,"",M,NaN,,,0,NaN,,,M,396.545,2,"",395.035,2,"",NaN,,,NaN,,
2024-10-25T21:47:02.000Z,2.308,2,"",M,61.350,2,"",M,6.000,2,"",N,10.578,2,"",M,35.257,2,"",M,11.010,2,"",M,1014.540,2,"",M,408.388,2,"",M,NaN,,,0,NaN,,,M,396.401,2,"",394.892,2,"",NaN,,,NaN,,
2024-10-25T21:48:54.000Z,2.309,2,"",M,61.350,2,"",M,6.000,2,"",N,10.572,2,"",M,35.257,2,"",M,11.000,2,"",M,1014.520,2,"",M,407.949,2,"",M,NaN,,,0,NaN,,,M,396.044,2,"",394.536,2,"",NaN,,,NaN,,
2024-10-25T21:50:47.000Z,2.309,2,"",M,61.350,2,"",M,6.000,2,"",N,10.579,2,"",M,35.257,2,"",M,11.000,2,"",M,1014.040,2,"",M,407.889,2,"",M,NaN,,,0,NaN,,,M,395.907,2,"",394.401,2,"",NaN,,,NaN,,
2024-10-25T21:52:39.000Z,2.310,2,"",M,61.350,2,"",M,6.000,2,"",N,10.579,2,"",M,35.257,2,"",M,11.010,2,"",M,1013.940,2,"",M,407.920,2,"",M,NaN,,,0,NaN,,,M,395.735,2,"",394.229,2,"",NaN,,,NaN,,
2024-10-25T21:54:31.000Z,2.310,2,"",M,61.350,2,"",M,6.000,2,"",N,10.580,2,"",M,35.257,2,"",M,11.010,2,"",M,1014.300,2,"",M,408.010,2,"",M,NaN,,,0,NaN,,,M,395.981,2,"",394.474,2,"",NaN,,,NaN,,
2024-10-25T21:56:23.000Z,2.311,2,"",M,61.350,2,"",M,6.000,2,"",N,10.578,2,"",M,35.258,2,"",M,11.000,2,"",M,1014.550,2,"",M,407.921,2,"",M,NaN,,,0,NaN,,,M,396.127,2,"",394.619,2,"",NaN,,,NaN,,
2024-10-25T21:58:15.000Z,2.312,2,"",M,61.351,2,"",M,6.000,2,"",N,10.582,2,"",M,35.257,2,"",M,11.000,2,"",M,1014.150,2,"",M,407.851,2,"",M,NaN,,,0,NaN,,,M,395.969,2,"",394.462,2,"",NaN,,,NaN,,
2024-10-25T22:00:08.000Z,2.312,2,"",M,61.351,2,"",M,6.000,2,"",N,10.586,2,"",M,35.256,2,"",M,11.000,2,"",M,1014.350,2,"",M,407.312,2,"",M,NaN,,,0,NaN,,,M,395.595,2,"",394.089,2,"",NaN,,,NaN,,
2024-10-25T22:02:00.000Z,2.313,2,"",M,61.351,2,"",M,6.000,2,"",N,10.607,2,"",M,35.257,2,"",M,11.010,2,"",M,1014.320,2,"",M,407.682,2,"",M,NaN,,,0,NaN,,,M,396.130,2,"",394.623,2,"",NaN,,,NaN,,
2024-10-25T22:03:52.000Z,2.314,2,"",M,61.351,2,"",M,6.000,2,"",N,10.604,2,"",I,35.257,2,"",I,11.020,2,"",M,1014.360,2,"",M,407.973,2,"",M,NaN,,,0,NaN,,,M,396.199,2,"",394.691,2,"",NaN,,,NaN,,
2024-10-25T22:05:44.000Z,2.314,2,"",M,61.351,2,"",M,6.000,2,"",N,10.600,2,"",M,35.257,2,"",M,11.020,2,"",M,1014.100,2,"",M,407.554,2,"",M,NaN,,,0,NaN,,,M,395.631,2,"",394.126,2,"",NaN,,,NaN,,
2024-10-25T22:07:37.000Z,2.315,2,"",M,61.351,2,"",M,6.000,2,"",N,10.608,2,"",M,35.258,2,"",M,11.020,2,"",M,1014.200,2,"",M,407.824,2,"",M,NaN,,,0,NaN,,,M,396.067,2,"",394.560,2,"",NaN,,,NaN,,
2024-10-25T22:09:29.000Z,2.315,2,"",M,61.352,2,"",M,6.000,2,"",N,10.624,2,"",M,35.258,2,"",M,11.030,2,"",M,1014.360,2,"",M,407.805,2,"",M,NaN,,,0,NaN,,,M,396.208,2,"",394.701,2,"",NaN,,,NaN,,
2024-10-25T22:11:21.000Z,2.316,2,"",M,61.352,2,"",M,6.000,2,"",N,10.629,2,"",M,35.257,2,"",M,11.040,2,"",M,1014.380,2,"",M,407.805,2,"",M,NaN,,,0,NaN,,,M,396.119,2,"",394.612,2,"",NaN,,,NaN,,
2024-10-25T22:13:13.000Z,2.317,2,"",M,61.352,2,"",M,6.000,2,"",N,10.623,2,"",M,35.259,2,"",M,11.060,2,"",M,1014.260,2,"",M,408.295,2,"",M,NaN,,,0,NaN,,,M,396.111,2,"",394.605,2,"",NaN,,,NaN,,
2024-10-25T22:15:05.000Z,2.317,2,"",M,61.352,2,"",M,6.000,2,"",N,10.630,2,"",M,35.257,2,"",M,11.060,2,"",M,1013.900,2,"",M,408.796,2,"",M,NaN,,,0,NaN,,,M,396.566,2,"",395.058,2,"",NaN,,,NaN,,
2024-10-25T22:16:58.000Z,2.317,2,"",M,61.352,2,"",M,6.000,2,"",N,10.634,2,"",M,35.259,2,"",M,11.060,2,"",M,1014.040,2,"",M,408.796,2,"",M,NaN,,,0,NaN,,,M,396.690,2,"",395.182,2,"",NaN,,,NaN,,
2024-10-25T22:18:50.000Z,2.318,2,"",M,61.353,2,"",M,6.000,2,"",N,10.633,2,"",M,35.259,2,"",M,11.060,2,"",M,1014.340,2,"",M,409.087,2,"",M,NaN,,,0,NaN,,,M,397.071,2,"",395.561,2,"",NaN,,,NaN,,
2024-10-25T22:20:42.000Z,2.319,2,"",M,61.353,2,"",M,6.000,2,"",N,10.637,2,"",M,35.260,2,"",M,11.050,2,"",M,1013.970,2,"",M,409.137,2,"",M,NaN,,,0,NaN,,,M,397.217,2,"",395.706,2,"",NaN,,,NaN,,
2024-10-25T22:22:34.000Z,2.319,2,"",M,61.353,2,"",M,6.000,2,"",N,10.641,2,"",M,35.259,2,"",M,11.060,2,"",M,1014.140,2,"",M,409.208,2,"",M,NaN,,,0,NaN,,,M,397.243,2,"",395.732,2,"",NaN,,,NaN,,
2024-10-25T22:24:27.000Z,2.320,2,"",M,61.353,2,"",M,6.000,2,"",N,10.637,2,"",M,35.260,2,"",M,11.070,2,"",M,1014.240,2,"",M,409.478,2,"",M,NaN,,,0,NaN,,,M,397.303,2,"",395.793,2,"",NaN,,,NaN,,
2024-10-25T22:26:19.000Z,2.321,2,"",M,61.353,2,"",M,6.000,2,"",N,10.628,2,"",M,35.261,2,"",M,11.070,2,"",M,1013.710,2,"",M,409.599,2,"",M,NaN,,,0,NaN,,,M,397.067,2,"",395.558,2,"",NaN,,,NaN,,
2024-10-25T22:28:32.000Z,2.321,2,"",M,61.354,2,"",M,6.000,2,"",N,10.628,2,"",M,35.261,2,"",M,11.050,2,"",M,1014.000,2,"",M,409.719,2,"",M,NaN,,,0,NaN,,,M,397.636,2,"",396.124,2,"",NaN,,,NaN,,
2024-10-25T22:30:25.000Z,2.322,2,"",M,61.354,2,"",M,6.000,2,"",N,10.625,2,"",M,35.260,2,"",M,11.050,2,"",M,1014.410,2,"",M,409.660,2,"",M,NaN,,,0,NaN,,,M,397.697,2,"",396.184,2,"",NaN,,,NaN,,
2024-10-25T22:32:17.000Z,2.323,2,"",M,61.354,2,"",M,6.000,2,"",N,10.625,2,"",M,35.261,2,"",M,11.050,2,"",M,1013.890,2,"",M,409.750,2,"",M,NaN,,,0,NaN,,,M,397.576,2,"",396.064,2,"",NaN,,,NaN,,
2024-10-25T22:34:09.000Z,2.324,2,"",M,61.354,2,"",M,6.000,2,"",N,10.625,2,"",M,35.260,2,"",M,11.050,2,"",M,1014.140,2,"",M,409.801,2,"",M,NaN,,,0,NaN,,,M,397.718,2,"",396.206,2,"",NaN,,,NaN,,
2024-10-25T22:36:01.000Z,2.325,2,"",M,61.355,2,"",M,6.000,2,"",N,10.626,2,"",M,35.260,2,"",M,11.050,2,"",M,1014.060,2,"",M,409.702,2,"",M,NaN,,,0,NaN,,,M,397.608,2,"",396.096,2,"",NaN,,,NaN,,
2024-10-25T22:37:53.000Z,2.325,2,"",M,61.355,2,"",M,6.000,2,"",N,10.626,2,"",M,35.262,2,"",M,11.050,2,"",M,1014.020,2,"",M,409.532,2,"",M,NaN,,,0,NaN,,,M,397.443,2,"",395.931,2,"",NaN,,,NaN,,
2024-10-25T22:39:46.000Z,2.326,2,"",M,61.355,2,"",M,6.000,2,"",N,10.631,2,"",M,35.262,2,"",M,11.050,2,"",M,1014.020,2,"",M,409.663,2,"",M,NaN,,,0,NaN,,,M,397.647,2,"",396.135,2,"",NaN,,,NaN,,
2024-10-25T22:41:38.000Z,2.327,2,"",M,61.355,2,"",M,6.000,2,"",N,10.634,2,"",M,35.261,2,"",M,11.050,2,"",M,1013.650,2,"",M,409.813,2,"",M,NaN,,,0,NaN,,,M,397.687,2,"",396.176,2,"",NaN,,,NaN,,
2024-10-25T22:43:30.000Z,2.328,2,"",M,61.355,2,"",M,6.000,2,"",N,10.632,2,"",M,35.261,2,"",M,11.050,2,"",M,1014.550,2,"",M,410.054,2,"",M,NaN,,,0,NaN,,,M,398.252,2,"",396.737,2,"",NaN,,,NaN,,
2024-10-25T22:45:22.000Z,2.329,2,"",M,61.356,2,"",M,6.000,2,"",N,10.626,2,"",M,35.262,2,"",M,11.060,2,"",M,1014.320,2,"",M,410.294,2,"",M,NaN,,,0,NaN,,,M,398.128,2,"",396.614,2,"",NaN,,,NaN,,
2024-10-25T22:47:15.000Z,2.329,2,"",M,61.356,2,"",M,6.000,2,"",N,10.642,2,"",M,35.262,2,"",M,11.060,2,"",M,1014.220,2,"",M,410.165,2,"",M,NaN,,,0,NaN,,,M,398.232,2,"",396.718,2,"",NaN,,,NaN,,
2024-10-25T22:49:07.000Z,2.330,2,"",M,61.356,2,"",M,6.000,2,"",N,10.634,2,"",M,35.262,2,"",M,11.060,2,"",M,1014.100,2,"",M,410.215,2,"",M,NaN,,,0,NaN,,,M,398.084,2,"",396.570,2,"",NaN,,,NaN,,
2024-10-25T22:50:59.000Z,2.331,2,"",M,61.356,2,"",M,6.000,2,"",N,10.637,2,"",M,35.263,2,"",M,11.060,2,"",M,1014.110,2,"",M,410.306,2,"",M,NaN,,,0,NaN,,,M,398.236,2,"",396.722,2,"",NaN,,,NaN,,
2024-10-25T22:52:51.000Z,2.332,2,"",M,61.357,2,"",M,6.000,2,"",N,10.637,2,"",M,35.262,2,"",M,11.060,2,"",M,1014.140,2,"",M,410.586,2,"",M,NaN,,,0,NaN,,,M,398.524,2,"",397.008,2,"",NaN,,,NaN,,
2024-10-25T22:54:43.000Z,2.333,2,"",M,61.357,2,"",M,6.000,2,"",N,10.638,2,"",M,35.263,2,"",M,11.060,2,"",M,1014.190,2,"",M,410.527,2,"",M,NaN,,,0,NaN,,,M,398.493,2,"",396.978,2,"",NaN,,,NaN,,
2024-10-25T22:56:36.000Z,2.333,2,"",M,61.357,2,"",M,6.000,2,"",N,10.640,2,"",M,35.262,2,"",M,11.070,2,"",M,1014.330,2,"",M,410.827,2,"",M,NaN,,,0,NaN,,,M,398.701,2,"",397.185,2,"",NaN,,,NaN,,
2024-10-25T22:58:28.000Z,2.334,2,"",M,61.358,2,"",M,6.000,2,"",N,10.637,2,"",M,35.263,2,"",M,11.070,2,"",M,1014.280,2,"",M,411.208,2,"",M,NaN,,,0,NaN,,,M,399.013,2,"",397.496,2,"",NaN,,,NaN,,
2024-10-25T23:00:20.000Z,2.335,2,"",M,61.358,2,"",M,6.000,2,"",N,10.637,2,"",M,35.263,2,"",M,11.060,2,"",M,1013.920,2,"",M,410.728,2,"",M,NaN,,,0,NaN,,,M,398.565,2,"",397.049,2,"",NaN,,,NaN,,
2024-10-25T23:02:12.000Z,2.339,2,"",M,61.359,2,"",M,6.000,2,"",N,10.646,2,"",M,35.262,2,"",M,11.060,2,"",M,1013.790,2,"",M,410.789,2,"",M,NaN,,,0,NaN,,,M,398.727,2,"",397.211,2,"",NaN,,,NaN,,
2024-10-25T23:04:05.000Z,2.345,2,"",M,61.362,2,"",M,6.000,2,"",N,10.647,2,"",M,35.262,2,"",M,11.070,2,"",M,1013.850,2,"",M,410.559,2,"",M,NaN,,,0,NaN,,,M,398.373,2,"",396.859,2,"",NaN,,,NaN,,
2024-10-25T23:05:57.000Z,2.353,2,"",M,61.367,2,"",M,6.000,2,"",N,10.649,2,"",M,35.263,2,"",M,11.070,2,"",M,1014.370,2,"",M,410.740,2,"",M,NaN,,,0,NaN,,,M,398.796,2,"",397.280,2,"",NaN,,,NaN,,
2024-10-25T23:07:50.000Z,2.360,2,"",M,61.371,2,"",M,6.000,2,"",N,10.652,2,"",M,35.263,2,"",M,11.080,2,"",M,1014.370,2,"",M,410.750,2,"",M,NaN,,,0,NaN,,,M,398.672,2,"",397.156,2,"",NaN,,,NaN,,
2024-10-25T23:09:41.000Z,2.368,2,"",M,61.375,2,"",M,6.000,2,"",N,10.651,2,"",M,35.264,2,"",M,11.080,2,"",M,1014.400,2,"",M,410.921,2,"",M,NaN,,,0,NaN,,,M,398.846,2,"",397.330,2,"",NaN,,,NaN,,
2024-10-25T23:11:33.000Z,2.375,2,"",M,61.380,2,"",M,6.000,2,"",N,10.646,2,"",M,35.264,2,"",M,11.070,2,"",M,1014.020,2,"",M,411.061,2,"",M,NaN,,,0,NaN,,,M,398.918,2,"",397.402,2,"",NaN,,,NaN,,
2024-10-25T23:13:25.000Z,2.383,2,"",M,61.384,2,"",M,6.000,2,"",N,10.641,2,"",M,35.263,2,"",M,11.070,2,"",M,1014.260,2,"",M,411.242,2,"",M,NaN,,,0,NaN,,,M,399.091,2,"",397.574,2,"",NaN,,,NaN,,
2024-10-25T23:15:17.000Z,2.391,2,"",M,61.389,2,"",M,6.000,2,"",N,10.634,2,"",M,35.262,2,"",M,11.060,2,"",M,1014.310,2,"",M,411.692,2,"",M,NaN,,,0,NaN,,,M,399.603,2,"",398.083,2,"",NaN,,,NaN,,
2024-10-25T23:17:10.000Z,2.398,2,"",M,61.393,2,"",M,6.000,2,"",N,10.624,2,"",M,35.261,2,"",M,11.060,2,"",M,1013.990,2,"",M,411.243,2,"",M,NaN,,,0,NaN,,,M,398.874,2,"",397.358,2,"",NaN,,,NaN,,
2024-10-25T23:19:02.000Z,2.406,2,"",M,61.397,2,"",M,6.000,2,"",N,10.616,2,"",M,35.261,2,"",M,11.060,2,"",M,1013.970,2,"",M,411.243,2,"",M,NaN,,,0,NaN,,,M,398.740,2,"",397.224,2,"",NaN,,,NaN,,
2024-10-25T23:20:54.000Z,2.414,2,"",M,61.402,2,"",M,6.000,2,"",N,10.601,2,"",M,35.260,2,"",M,11.040,2,"",M,1014.020,2,"",M,410.814,2,"",M,NaN,,,0,NaN,,,M,398.426,2,"",396.911,2,"",NaN,,,NaN,,
2024-10-25T23:22:46.000Z,2.422,2,"",M,61.406,2,"",M,6.000,2,"",N,10.584,2,"",M,35.260,2,"",M,11.020,2,"",M,1014.130,2,"",M,410.735,2,"",M,NaN,,,0,NaN,,,M,398.452,2,"",396.937,2,"",NaN,,,NaN,,
2024-10-25T23:24:38.000Z,2.429,2,"",M,61.411,2,"",M,6.000,2,"",N,10.575,2,"",M,35.259,2,"",M,11.010,2,"",M,1013.910,2,"",M,410.505,2,"",M,NaN,,,0,NaN,,,M,398.163,2,"",396.648,2,"",NaN,,,NaN,,
2024-10-25T23:26:31.000Z,2.436,2,"",M,61.414,2,"",M,6.000,2,"",N,10.572,2,"",M,35.260,2,"",M,11.000,2,"",M,1013.400,2,"",M,410.276,2,"",M,NaN,,,0,NaN,,,M,397.863,2,"",396.350,2,"",NaN,,,NaN,,
2024-10-25T23:28:44.000Z,2.435,2,"",M,61.416,2,"",M,6.000,2,"",N,10.563,2,"",M,35.259,2,"",M,11.010,2,"",M,1013.710,2,"",M,410.696,2,"",M,NaN,,,0,NaN,,,M,398.075,2,"",396.561,2,"",NaN,,,NaN,,
2024-10-25T23:30:36.000Z,2.435,2,"",M,61.416,2,"",M,6.000,2,"",N,10.564,2,"",M,35.259,2,"",M,11.000,2,"",M,1013.840,2,"",M,410.687,2,"",M,NaN,,,0,NaN,,,M,398.297,2,"",396.782,2,"",NaN,,,NaN,,
2024-10-25T23:32:29.000Z,2.436,2,"",M,61.416,2,"",M,6.000,2,"",N,10.572,2,"",M,35.258,2,"",M,10.990,2,"",M,1013.670,2,"",M,410.677,2,"",M,NaN,,,0,NaN,,,M,398.531,2,"",397.015,2,"",NaN,,,NaN,,
2024-10-25T23:34:21.000Z,2.437,2,"",M,61.416,2,"",M,6.000,2,"",N,10.562,2,"",M,35.258,2,"",M,11.000,2,"",M,1013.940,2,"",M,410.878,2,"",M,NaN,,,0,NaN,,,M,398.486,2,"",396.970,2,"",NaN,,,NaN,,
2024-10-25T23:36:13.000Z,2.437,2,"",M,61.416,2,"",M,6.000,2,"",N,10.562,2,"",M,35.258,2,"",M,10.990,2,"",M,1013.880,2,"",M,410.778,2,"",M,NaN,,,0,NaN,,,M,398.541,2,"",397.025,2,"",NaN,,,NaN,,
2024-10-25T23:38:05.000Z,2.438,2,"",M,61.417,2,"",M,6.000,2,"",N,10.563,2,"",M,35.258,2,"",M,10.980,2,"",M,1013.940,2,"",M,410.289,2,"",M,NaN,,,0,NaN,,,M,398.284,2,"",396.769,2,"",NaN,,,NaN,,
2024-10-25T23:39:57.000Z,2.439,2,"",M,61.417,2,"",M,6.000,2,"",N,10.562,2,"",M,35.257,2,"",M,10.990,2,"",M,1013.740,2,"",M,410.429,2,"",M,NaN,,,0,NaN,,,M,398.150,2,"",396.636,2,"",NaN,,,NaN,,
2024-10-25T23:41:49.000Z,2.440,2,"",M,61.417,2,"",M,6.000,2,"",N,10.563,2,"",M,35.258,2,"",M,10.990,2,"",M,1014.270,2,"",M,410.620,2,"",M,NaN,,,0,NaN,,,M,398.557,2,"",397.040,2,"",NaN,,,NaN,,
2024-10-25T23:43:41.000Z,2.441,2,"",M,61.417,2,"",M,6.000,2,"",N,10.562,2,"",M,35.258,2,"",M,10.990,2,"",M,1014.150,2,"",M,410.620,2,"",M,NaN,,,0,NaN,,,M,398.497,2,"",396.980,2,"",NaN,,,NaN,,
2024-10-25T23:45:34.000Z,2.442,2,"",M,61.417,2,"",M,6.000,2,"",N,10.563,2,"",M,35.258,2,"",M,10.990,2,"",M,1013.730,2,"",M,410.641,2,"",M,NaN,,,0,NaN,,,M,398.365,2,"",396.850,2,"",NaN,,,NaN,,
2024-10-25T23:47:26.000Z,2.443,2,"",M,61.418,2,"",M,6.000,2,"",N,10.562,2,"",M,35.258,2,"",M,10.990,2,"",M,1013.820,2,"",M,410.592,2,"",M,NaN,,,0,NaN,,,M,398.340,2,"",396.825,2,"",NaN,,,NaN,,
2024-10-25T23:49:18.000Z,2.443,2,"",M,61.418,2,"",M,6.000,2,"",N,10.563,2,"",M,35.258,2,"",M,10.980,2,"",M,1013.970,2,"",M,410.702,2,"",M,NaN,,,0,NaN,,,M,398.683,2,"",397.166,2,"",NaN,,,NaN,,
2024-10-25T23:51:11.000Z,2.444,2,"",M,61.418,2,"",M,6.000,2,"",N,10.560,2,"",M,35.258,2,"",M,10.990,2,"",M,1013.400,2,"",M,410.603,2,"",M,NaN,,,0,NaN,,,M,398.149,2,"",396.635,2,"",NaN,,,NaN,,
2024-10-25T23:53:02.000Z,2.445,2,"",M,61.419,2,"",M,6.000,2,"",N,10.557,2,"",M,35.258,2,"",M,10.990,2,"",M,1013.580,2,"",M,410.383,2,"",M,NaN,,,0,NaN,,,M,397.953,2,"",396.439,2,"",NaN,,,NaN,,
2024-10-25T23:54:55.000Z,2.446,2,"",M,61.419,2,"",M,6.000,2,"",N,10.560,2,"",M,35.258,2,"",M,10.980,2,"",M,1013.720,2,"",M,410.574,2,"",M,NaN,,,0,NaN,,,M,398.426,2,"",396.910,2,"",NaN,,,NaN,,
2024-10-25T23:56:47.000Z,2.447,2,"",M,61.419,2,"",M,6.000,2,"",N,10.561,2,"",M,35.257,2,"",M,10.980,2,"",M,1013.820,2,"",M,410.304,2,"",M,NaN,,,0,NaN,,,M,398.212,2,"",396.697,2,"",NaN,,,NaN,,
2024-10-25T23:58:39.000Z,2.448,2,"",M,61.420,2,"",M,6.000,2,"",N,10.561,2,"",M,35.257,2,"",M,10.980,2,"",M,1013.360,2,"",M,410.485,2,"",M,NaN,,,0,NaN,,,M,398.197,2,"",396.682,2,"",NaN,,,NaN,,
2024-10-26T00:00:31.000Z,2.448,2,"",M,61.420,2,"",M,6.000,2,"",N,10.560,2,"",M,35.258,2,"",M,10.980,2,"",M,1013.660,2,"",M,410.195,2,"",M,NaN,,,0,NaN,,,M,398.030,2,"",396.515,2,"",NaN,,,NaN,,
2024-10-26T00:02:24.000Z,2.449,2,"",M,61.420,2,"",M,6.000,2,"",N,10.567,2,"",M,35.258,2,"",M,10.990,2,"",M,1013.990,2,"",M,410.446,2,"",M,NaN,,,0,NaN,,,M,398.347,2,"",396.831,2,"",NaN,,,NaN,,
2024-10-26T00:04:16.000Z,2.449,2,"",M,61.420,2,"",M,6.000,2,"",N,10.570,2,"",M,35.258,2,"",M,11.000,2,"",M,1013.450,2,"",M,410.636,2,"",M,NaN,,,0,NaN,,,M,398.196,2,"",396.682,2,"",NaN,,,NaN,,
2024-10-26T00:06:08.000Z,2.450,2,"",M,61.420,2,"",M,6.000,2,"",N,10.564,2,"",M,35.258,2,"",M,10.990,2,"",M,1014.020,2,"",M,410.947,2,"",M,NaN,,,0,NaN,,,M,398.800,2,"",397.283,2,"",NaN,,,NaN,,
2024-10-26T00:08:00.000Z,2.450,2,"",M,61.420,2,"",M,6.000,2,"",N,10.568,2,"",M,35.258,2,"",M,10.990,2,"",M,1013.620,2,"",M,410.557,2,"",M,NaN,,,0,NaN,,,M,398.328,2,"",396.813,2,"",NaN,,,NaN,,
2024-10-26T00:09:52.000Z,2.451,2,"",M,61.420,2,"",M,6.000,2,"",N,10.568,2,"",M,35.257,2,"",M,10.990,2,"",M,1013.570,2,"",M,410.508,2,"",M,NaN,,,0,NaN,,,M,398.260,2,"",396.745,2,"",NaN,,,NaN,,
2024-10-26T00:11:45.000Z,2.452,2,"",M,61.420,2,"",M,6.000,2,"",N,10.563,2,"",M,35.258,2,"",M,10.990,2,"",M,1012.950,2,"",M,410.588,2,"",M,NaN,,,0,NaN,,,M,398.005,2,"",396.492,2,"",NaN,,,NaN,,
2024-10-26T00:13:37.000Z,2.452,2,"",M,61.420,2,"",M,6.000,2,"",N,10.562,2,"",M,35.257,2,"",M,10.990,2,"",M,1014.100,2,"",M,410.679,2,"",M,NaN,,,0,NaN,,,M,398.531,2,"",397.014,2,"",NaN,,,NaN,,
2024-10-26T00:15:29.000Z,2.453,2,"",M,61.420,2,"",M,6.000,2,"",N,10.560,2,"",M,35.258,2,"",M,10.990,2,"",M,1013.720,2,"",M,410.649,2,"",M,NaN,,,0,NaN,,,M,398.318,2,"",396.803,2,"",NaN,,,NaN,,
2024-10-26T00:17:21.000Z,2.454,2,"",M,61.420,2,"",M,6.000,2,"",N,10.560,2,"",M,35.258,2,"",M,10.990,2,"",M,1013.930,2,"",M,410.640,2,"",M,NaN,,,0,NaN,,,M,398.401,2,"",396.885,2,"",NaN,,,NaN,,
2024-10-26T00:19:14.000Z,2.454,2,"",M,61.420,2,"",M,6.000,2,"",N,10.566,2,"",M,35.258,2,"",M,10.980,2,"",M,1013.640,2,"",M,410.720,2,"",M,NaN,,,0,NaN,,,M,398.622,2,"",397.105,2,"",NaN,,,NaN,,
2024-10-26T00:21:06.000Z,2.455,2,"",M,61.421,2,"",M,6.000,2,"",N,10.563,2,"",M,35.258,2,"",M,10.980,2,"",M,1013.660,2,"",M,410.501,2,"",M,NaN,,,0,NaN,,,M,398.381,2,"",396.865,2,"",NaN,,,NaN,,
2024-10-26T00:22:58.000Z,2.456,2,"",M,61.421,2,"",M,6.000,2,"",N,10.571,2,"",M,35.258,2,"",M,10.980,2,"",M,1013.600,2,"",M,410.672,2,"",M,NaN,,,0,NaN,,,M,398.656,2,"",397.140,2,"",NaN,,,NaN,,
2024-10-26T00:24:50.000Z,2.459,2,"",M,61.421,2,"",M,6.000,2,"",N,10.572,2,"",M,35.258,2,"",M,10.990,2,"",M,1013.400,2,"",M,410.472,2,"",M,NaN,,,0,NaN,,,M,398.228,2,"",396.713,2,"",NaN,,,NaN,,
2024-10-26T00:26:43.000Z,2.463,2,"",M,61.420,2,"",M,6.000,2,"",N,10.570,2,"",M,35.258,2,"",M,11.000,2,"",M,1013.150,2,"",M,410.813,2,"",M,NaN,,,0,NaN,,,M,398.241,2,"",396.727,2,"",NaN,,,NaN,,
2024-10-26T00:28:56.000Z,2.471,2,"",M,61.417,2,"",M,6.000,2,"",N,10.557,2,"",M,35.257,2,"",M,10.990,2,"",M,1013.430,2,"",M,410.603,2,"",M,NaN,,,0,NaN,,,M,398.102,2,"",396.588,2,"",NaN,,,NaN,,
2024-10-26T00:30:48.000Z,2.481,2,"",M,61.414,2,"",M,6.000,2,"",N,10.521,2,"",M,35.247,2,"",M,10.980,2,"",M,1013.080,2,"",M,410.884,2,"",M,NaN,,,0,NaN,,,M,397.814,2,"",396.301,2,"",NaN,,,NaN,,
2024-10-26T00:32:40.000Z,2.490,2,"",M,61.411,2,"",M,6.000,2,"",N,10.484,2,"",M,35.233,2,"",M,10.950,2,"",M,1013.480,2,"",M,410.674,2,"",M,NaN,,,0,NaN,,,M,397.659,2,"",396.145,2,"",NaN,,,NaN,,
2024-10-26T00:34:33.000Z,2.500,2,"",M,61.408,2,"",M,6.000,2,"",N,10.458,2,"",M,35.220,2,"",M,10.910,2,"",M,1013.430,2,"",M,410.805,2,"",M,NaN,,,0,NaN,,,M,398.005,2,"",396.490,2,"",NaN,,,NaN,,
2024-10-26T00:36:25.000Z,2.510,2,"",M,61.405,2,"",M,6.000,2,"",N,10.446,2,"",M,35.214,2,"",M,10.900,2,"",M,1013.500,2,"",M,411.275,2,"",M,NaN,,,0,NaN,,,M,398.464,2,"",396.946,2,"",NaN,,,NaN,,
2024-10-26T00:38:17.000Z,2.520,2,"",M,61.402,2,"",M,6.000,2,"",N,10.437,2,"",M,35.207,2,"",M,10.880,2,"",M,1013.650,2,"",M,411.376,2,"",M,NaN,,,0,NaN,,,M,398.812,2,"",397.293,2,"",NaN,,,NaN,,
2024-10-26T00:40:09.000Z,2.530,2,"",M,61.399,2,"",M,6.000,2,"",N,10.434,2,"",M,35.203,2,"",M,10.870,2,"",M,1013.080,2,"",M,410.986,2,"",M,NaN,,,0,NaN,,,M,398.333,2,"",396.816,2,"",NaN,,,NaN,,
2024-10-26T00:42:02.000Z,2.539,2,"",M,61.396,2,"",M,6.000,2,"",N,10.431,2,"",M,35.201,2,"",M,10.860,2,"",M,1013.490,2,"",M,410.697,2,"",M,NaN,,,0,NaN,,,M,398.342,2,"",396.825,2,"",NaN,,,NaN,,
2024-10-26T00:46:31.000Z,2.563,2,"",M,61.389,2,"",M,6.000,2,"",N,NaN,,,M,NaN,,,M,NaN,,,M,NaN,,,M,NaN,,,0,NaN,,,0,NaN,,,M,NaN,,,NaN,,,NaN,,,NaN,,
2024-10-26T00:48:21.000Z,2.572,2,"",M,61.386,2,"",M,6.000,2,"",N,NaN,,,M,NaN,,,M,NaN,,,M,NaN,,,M,NaN,,,0,NaN,,,0,NaN,,,M,NaN,,,NaN,,,NaN,,,NaN,,
2024-10-26T00:50:11.000Z,2.582,2,"",M,61.383,2,"",M,6.000,2,"",N,NaN,,,M,NaN,,,M,NaN,,,M,NaN,,,M,NaN,,,0,NaN,,,0,NaN,,,M,NaN,,,NaN,,,NaN,,,NaN,,
2024-10-26T00:54:40.000Z,2.605,2,"",M,61.376,2,"",M,6.000,2,"",N,NaN,,,M,NaN,,,M,NaN,,,M,NaN,,,M,NaN,,,0,NaN,,,0,NaN,,,M,NaN,,,NaN,,,NaN,,,NaN,,
2024-10-26T00:56:30.000Z,2.614,2,"",M,61.373,2,"",M,6.000,2,"",N,NaN,,,M,NaN,,,M,NaN,,,M,NaN,,,M,NaN,,,0,NaN,,,0,NaN,,,M,NaN,,,NaN,,,NaN,,,NaN,,
2024-10-26T00:58:20.000Z,2.623,2,"",M,61.370,2,"",M,6.000,2,"",N,NaN,,,M,NaN,,,M,NaN,,,M,NaN,,,M,NaN,,,0,NaN,,,0,NaN,,,M,NaN,,,NaN,,,NaN,,,NaN,,
2024-10-26T01:02:50.000Z,2.646,2,"",M,61.362,2,"",M,6.000,2,"",N,NaN,,,M,NaN,,,M,NaN,,,M,NaN,,,M,NaN,,,0,NaN,,,0,NaN,,,M,NaN,,,NaN,,,NaN,,,NaN,,
2024-10-26T01:04:39.000Z,2.655,2,"",M,61.359,2,"",M,6.000,2,"",N,NaN,,,M,NaN,,,M,NaN,,,M,NaN,,,M,NaN,,,0,NaN,,,0,NaN,,,M,NaN,,,NaN,,,NaN,,,NaN,,
2024-10-26T01:06:29.000Z,2.664,2,"",M,61.356,2,"",M,6.000,2,"",N,NaN,,,M,NaN,,,M,NaN,,,M,NaN,,,M,NaN,,,0,NaN,,,0,NaN,,,M,NaN,,,NaN,,,NaN,,,NaN,,
2024-10-26T01:10:59.000Z,2.687,2,"",M,61.348,2,"",M,6.000,2,"",N,10.579,2,"",M,35.030,2,"",M,NaN,,,M,NaN,,,M,NaN,,,0,424.019,2,"",M,1012.200,2,"",M,NaN,,,NaN,,,419.365,2,"",417.759,2,""
2024-10-26T01:12:48.000Z,2.696,2,"",M,61.345,2,"",M,6.000,2,"",N,10.555,2,"",M,35.039,2,"",M,NaN,,,M,NaN,,,M,NaN,,,0,423.689,2,"",M,1012.200,2,"",M,NaN,,,NaN,,,419.047,2,"",417.442,2,""
2024-10-26T01:14:38.000Z,2.705,2,"",M,61.342,2,"",M,6.000,2,"",N,10.537,2,"",M,35.046,2,"",M,NaN,,,M,NaN,,,M,NaN,,,0,423.629,2,"",M,1012.200,2,"",M,NaN,,,NaN,,,418.994,2,"",417.389,2,""
2024-10-26T01:16:28.000Z,2.714,2,"",M,61.339,2,"",M,6.000,2,"",N,10.537,2,"",M,35.050,2,"",M,NaN,,,M,NaN,,,M,NaN,,,0,423.669,2,"",M,1012.100,2,"",M,NaN,,,NaN,,,418.991,2,"",417.386,2,""
2024-10-26T01:18:18.000Z,2.723,2,"",M,61.336,2,"",M,6.000,2,"",N,10.546,2,"",M,35.047,2,"",M,NaN,,,M,NaN,,,M,NaN,,,0,423.989,2,"",M,1012.100,2,"",M,NaN,,,NaN,,,419.304,2,"",417.698,2,""
2024-10-26T01:23:28.000Z,2.748,2,"",M,61.327,2,"",M,6.000,2,"",N,10.579,2,"",M,35.039,2,"",M,10.990,2,"",M,1013.140,2,"",M,391.892,2,"",M,NaN,,,0,NaN,,,M,380.213,2,"",378.768,2,"",NaN,,,NaN,,
2024-10-26T01:25:20.000Z,2.757,2,"",M,61.324,2,"",M,6.000,2,"",N,10.585,2,"",M,35.038,2,"",M,11.000,2,"",M,1013.100,2,"",M,392.102,2,"",M,NaN,,,0,NaN,,,M,380.338,2,"",378.892,2,"",NaN,,,NaN,,
2024-10-26T01:27:13.000Z,2.767,2,"",M,61.321,2,"",M,6.000,2,"",N,10.592,2,"",M,35.036,2,"",M,11.010,2,"",M,1012.943,2,"",M,391.672,2,"",M,NaN,,,0,NaN,,,M,379.795,2,"",378.351,2,"",NaN,,,NaN,,
2024-10-26T01:29:26.000Z,2.778,2,"",M,61.317,2,"",M,6.000,2,"",N,10.597,2,"",M,35.035,2,"",M,11.010,2,"",M,1012.750,2,"",M,391.202,2,"",M,NaN,,,0,NaN,,,M,379.345,2,"",377.904,2,"",NaN,,,NaN,,
2024-10-26T01:31:18.000Z,2.787,2,"",M,61.314,2,"",M,6.000,2,"",N,10.598,2,"",M,35.034,2,"",M,11.020,2,"",M,1012.350,2,"",M,391.272,2,"",M,NaN,,,0,NaN,,,M,379.124,2,"",377.684,2,"",NaN,,,NaN,,
2024-10-26T01:33:10.000Z,2.796,2,"",M,61.311,2,"",M,6.000,2,"",N,10.598,2,"",M,35.034,2,"",M,11.030,2,"",M,1012.830,2,"",M,391.042,2,"",M,NaN,,,0,NaN,,,M,378.910,2,"",377.471,2,"",NaN,,,NaN,,
2024-10-26T01:35:03.000Z,2.805,2,"",M,61.307,2,"",M,6.000,2,"",N,10.597,2,"",M,35.034,2,"",M,11.030,2,"",M,1012.940,2,"",M,391.312,2,"",M,NaN,,,0,NaN,,,M,379.200,2,"",377.760,2,"",NaN,,,NaN,,
2024-10-26T01:36:55.000Z,2.815,2,"",M,61.304,2,"",M,6.000,2,"",N,10.593,2,"",M,35.034,2,"",M,11.020,2,"",M,1012.970,2,"",M,391.452,2,"",M,NaN,,,0,NaN,,,M,379.444,2,"",378.002,2,"",NaN,,,NaN,,
2024-10-26T01:38:47.000Z,2.824,2,"",M,61.301,2,"",M,6.000,2,"",N,10.588,2,"",M,35.036,2,"",M,11.020,2,"",M,1012.480,2,"",M,391.392,2,"",M,NaN,,,0,NaN,,,M,379.119,2,"",377.679,2,"",NaN,,,NaN,,
2024-10-26T01:40:39.000Z,2.833,2,"",M,61.298,2,"",M,6.000,2,"",N,10.579,2,"",M,35.037,2,"",M,11.010,2,"",M,1012.351,2,"",M,391.462,2,"",M,NaN,,,0,NaN,,,M,379.168,2,"",377.728,2,"",NaN,,,NaN,,
2024-10-26T01:42:32.000Z,2.842,2,"",M,61.294,2,"",M,6.000,2,"",N,10.573,2,"",M,35.039,2,"",M,11.000,2,"",M,1012.220,2,"",M,391.782,2,"",M,NaN,,,0,NaN,,,M,379.486,2,"",378.045,2,"",NaN,,,NaN,,
2024-10-26T01:44:24.000Z,2.851,2,"",M,61.291,2,"",M,6.000,2,"",N,10.565,2,"",M,35.041,2,"",M,11.010,2,"",M,1012.500,2,"",M,391.662,2,"",M,NaN,,,0,NaN,,,M,379.184,2,"",377.744,2,"",NaN,,,NaN,,
2024-10-26T01:46:16.000Z,2.860,2,"",M,61.288,2,"",M,6.000,2,"",N,10.551,2,"",M,35.045,2,"",M,11.000,2,"",M,1012.310,2,"",M,391.782,2,"",M,NaN,,,0,NaN,,,M,379.173,2,"",377.732,2,"",NaN,,,NaN,,
2024-10-26T01:48:08.000Z,2.870,2,"",M,61.285,2,"",M,6.000,2,"",N,10.507,2,"",M,35.064,2,"",M,10.980,2,"",M,1012.530,2,"",M,391.922,2,"",M,NaN,,,0,NaN,,,M,379.020,2,"",377.580,2,"",NaN,,,NaN,,
2024-10-26T01:50:00.000Z,2.879,2,"",M,61.282,2,"",M,6.000,2,"",N,10.461,2,"",M,35.089,2,"",M,10.940,2,"",M,1012.290,2,"",M,392.352,2,"",M,NaN,,,0,NaN,,,M,379.257,2,"",377.816,2,"",NaN,,,NaN,,
2024-10-26T01:51:53.000Z,2.889,2,"",M,61.279,2,"",M,6.000,2,"",N,10.425,2,"",M,35.114,2,"",M,10.890,2,"",M,1012.120,2,"",M,394.082,2,"",M,NaN,,,0,NaN,,,M,381.110,2,"",379.661,2,"",NaN,,,NaN,,
2024-10-26T01:53:45.000Z,2.899,2,"",M,61.276,2,"",M,6.000,2,"",N,10.415,2,"",M,35.126,2,"",M,10.860,2,"",M,1012.190,2,"",M,396.961,2,"",M,NaN,,,0,NaN,,,M,384.247,2,"",382.785,2,"",NaN,,,NaN,,
2024-10-26T01:55:37.000Z,2.909,2,"",M,61.273,2,"",M,6.000,2,"",N,10.435,2,"",M,35.129,2,"",M,10.850,2,"",M,1012.190,2,"",M,399.471,2,"",M,NaN,,,0,NaN,,,M,387.181,2,"",385.708,2,"",NaN,,,NaN,,
2024-10-26T01:57:29.000Z,2.919,2,"",M,61.270,2,"",M,6.000,2,"",N,10.452,2,"",M,35.131,2,"",M,10.870,2,"",M,1012.310,2,"",M,401.301,2,"",M,NaN,,,0,NaN,,,M,388.934,2,"",387.455,2,"",NaN,,,NaN,,
2024-10-26T01:59:22.000Z,2.929,2,"",M,61.266,2,"",M,6.000,2,"",N,10.452,2,"",M,35.130,2,"",M,10.880,2,"",M,1012.390,2,"",M,401.850,2,"",M,NaN,,,0,NaN,,,M,389.338,2,"",387.856,2,"",NaN,,,NaN,,
2024-10-26T02:01:14.000Z,2.938,2,"",M,61.263,2,"",M,6.000,2,"",N,10.440,2,"",M,35.130,2,"",M,10.880,2,"",M,1012.680,2,"",M,401.520,2,"",M,NaN,,,0,NaN,,,M,388.933,2,"",387.453,2,"",NaN,,,NaN,,
2024-10-26T02:03:06.000Z,2.948,2,"",M,61.260,2,"",M,6.000,2,"",N,10.415,2,"",M,35.134,2,"",M,10.870,2,"",M,1012.710,2,"",M,401.390,2,"",M,NaN,,,0,NaN,,,M,388.579,2,"",387.100,2,"",NaN,,,NaN,,
2024-10-26T02:04:58.000Z,2.958,2,"",M,61.257,2,"",M,6.000,2,"",N,10.397,2,"",M,35.167,2,"",M,10.850,2,"",M,1012.240,2,"",M,401.110,2,"",M,NaN,,,0,NaN,,,M,388.154,2,"",386.677,2,"",NaN,,,NaN,,
2024-10-26T02:06:51.000Z,2.968,2,"",M,61.254,2,"",M,6.000,2,"",N,10.390,2,"",M,35.187,2,"",M,10.820,2,"",M,1012.350,2,"",M,402.810,2,"",M,NaN,,,0,NaN,,,M,390.237,2,"",388.751,2,"",NaN,,,NaN,,
2024-10-26T02:08:43.000Z,2.978,2,"",M,61.251,2,"",M,6.000,2,"",N,10.383,2,"",M,35.200,2,"",M,10.830,2,"",M,1012.400,2,"",M,405.330,2,"",M,NaN,,,0,NaN,,,M,392.404,2,"",390.910,2,"",NaN,,,NaN,,
2024-10-26T02:10:35.000Z,2.988,2,"",M,61.247,2,"",M,6.000,2,"",N,10.377,2,"",M,35.204,2,"",M,10.820,2,"",M,1012.470,2,"",M,408.539,2,"",M,NaN,,,0,NaN,,,M,395.621,2,"",394.114,2,"",NaN,,,NaN,,
2024-10-26T02:12:27.000Z,2.998,2,"",M,61.244,2,"",M,6.000,2,"",N,10.373,2,"",M,35.205,2,"",M,10.810,2,"",M,1012.660,2,"",M,410.658,2,"",M,NaN,,,0,NaN,,,M,397.843,2,"",396.328,2,"",NaN,,,NaN,,
2024-10-26T02:14:19.000Z,3.008,2,"",M,61.241,2,"",M,6.000,2,"",N,10.378,2,"",M,35.208,2,"",M,10.800,2,"",M,1012.260,2,"",M,411.718,2,"",M,NaN,,,0,NaN,,,M,398.970,2,"",397.450,2,"",NaN,,,NaN,,
2024-10-26T02:16:12.000Z,3.018,2,"",M,61.238,2,"",M,6.000,2,"",N,10.390,2,"",M,35.215,2,"",M,10.810,2,"",M,1012.340,2,"",M,412.088,2,"",M,NaN,,,0,NaN,,,M,399.395,2,"",397.874,2,"",NaN,,,NaN,,
2024-10-26T02:18:04.000Z,3.028,2,"",M,61.234,2,"",M,6.000,2,"",N,10.392,2,"",M,35.213,2,"",M,10.820,2,"",M,1011.980,2,"",M,412.128,2,"",M,NaN,,,0,NaN,,,M,399.155,2,"",397.636,2,"",NaN,,,NaN,,
2024-10-26T02:19:56.000Z,3.037,2,"",M,61.231,2,"",M,6.000,2,"",N,10.385,2,"",M,35.197,2,"",M,10.820,2,"",M,1011.920,2,"",M,411.298,2,"",M,NaN,,,0,NaN,,,M,398.205,2,"",396.690,2,"",NaN,,,NaN,,
2024-10-26T02:21:48.000Z,3.047,2,"",M,61.228,2,"",M,6.000,2,"",N,10.374,2,"",M,35.180,2,"",M,10.820,2,"",M,1011.820,2,"",M,410.678,2,"",M,NaN,,,0,NaN,,,M,397.385,2,"",395.873,2,"",NaN,,,NaN,,
2024-10-26T02:23:41.000Z,3.056,2,"",M,61.225,2,"",M,6.000,2,"",N,10.370,2,"",M,35.174,2,"",M,10.810,2,"",M,1012.151,2,"",M,409.108,2,"",M,NaN,,,0,NaN,,,M,396.099,2,"",394.591,2,"",NaN,,,NaN,,
2024-10-26T02:25:33.000Z,3.066,2,"",M,61.222,2,"",M,6.000,2,"",N,10.386,2,"",M,35.190,2,"",M,10.800,2,"",M,1012.160,2,"",M,407.978,2,"",M,NaN,,,0,NaN,,,M,395.439,2,"",393.933,2,"",NaN,,,NaN,,
2024-10-26T02:27:25.000Z,3.075,2,"",M,61.219,2,"",M,6.000,2,"",N,10.403,2,"",M,35.204,2,"",M,10.810,2,"",M,1012.270,2,"",M,407.499,2,"",M,NaN,,,0,NaN,,,M,395.129,2,"",393.625,2,"",NaN,,,NaN,,
2024-10-26T02:29:39.000Z,3.087,2,"",M,61.215,2,"",M,6.000,2,"",N,10.410,2,"",M,35.216,2,"",M,10.830,2,"",M,1012.040,2,"",M,408.548,2,"",M,NaN,,,0,NaN,,,M,395.841,2,"",394.335,2,"",NaN,,,NaN,,
2024-10-26T02:31:31.000Z,3.096,2,"",M,61.212,2,"",M,6.000,2,"",N,10.402,2,"",M,35.214,2,"",M,10.840,2,"",M,1011.880,2,"",M,409.938,2,"",M,NaN,,,0,NaN,,,M,396.815,2,"",395.305,2,"",NaN,,,NaN,,
2024-10-26T02:33:23.000Z,3.106,2,"",M,61.208,2,"",M,6.000,2,"",N,10.395,2,"",M,35.211,2,"",M,10.840,2,"",M,1011.910,2,"",M,410.678,2,"",M,NaN,,,0,NaN,,,M,397.424,2,"",395.912,2,"",NaN,,,NaN,,
2024-10-26T02:35:15.000Z,3.116,2,"",M,61.205,2,"",M,6.000,2,"",N,10.396,2,"",M,35.210,2,"",M,10.830,2,"",M,1012.130,2,"",M,411.117,2,"",M,NaN,,,0,NaN,,,M,398.132,2,"",396.616,2,"",NaN,,,NaN,,
2024-10-26T02:37:07.000Z,3.125,2,"",M,61.202,2,"",M,6.000,2,"",N,10.405,2,"",M,35.214,2,"",M,10.830,2,"",M,1012.155,2,"",M,410.717,2,"",M,NaN,,,0,NaN,,,M,397.904,2,"",396.389,2,"",NaN,,,NaN,,
2024-10-26T02:39:00.000Z,3.135,2,"",M,61.199,2,"",M,6.000,2,"",N,10.422,2,"",M,35.224,2,"",M,10.830,2,"",M,1012.120,2,"",M,410.637,2,"",M,NaN,,,0,NaN,,,M,398.097,2,"",396.582,2,"",NaN,,,NaN,,
2024-10-26T02:40:52.000Z,3.145,2,"",M,61.196,2,"",M,6.000,2,"",N,10.428,2,"",M,35.230,2,"",M,10.840,2,"",M,1011.940,2,"",M,410.437,2,"",M,NaN,,,0,NaN,,,M,397.757,2,"",396.244,2,"",NaN,,,NaN,,
2024-10-26T02:42:44.000Z,3.154,2,"",M,61.193,2,"",M,6.000,2,"",N,10.422,2,"",M,35.228,2,"",M,10.850,2,"",M,1012.230,2,"",M,410.467,2,"",M,NaN,,,0,NaN,,,M,397.623,2,"",396.109,2,"",NaN,,,NaN,,
2024-10-26T02:44:36.000Z,3.164,2,"",M,61.190,2,"",M,6.000,2,"",N,10.416,2,"",M,35.224,2,"",M,10.860,2,"",M,1012.060,2,"",M,410.597,2,"",M,NaN,,,0,NaN,,,M,397.410,2,"",395.898,2,"",NaN,,,NaN,,
2024-10-26T02:46:29.000Z,3.174,2,"",M,61.187,2,"",M,6.000,2,"",N,10.418,2,"",M,35.224,2,"",M,10.850,2,"",M,1012.720,2,"",M,410.467,2,"",M,NaN,,,0,NaN,,,M,397.762,2,"",396.247,2,"",NaN,,,NaN,,
2024-10-26T02:48:21.000Z,3.183,2,"",M,61.184,2,"",M,6.000,2,"",N,10.422,2,"",M,35.225,2,"",M,10.850,2,"",M,1012.760,2,"",M,410.147,2,"",M,NaN,,,0,NaN,,,M,397.535,2,"",396.021,2,"",NaN,,,NaN,,
2024-10-26T02:50:13.000Z,3.193,2,"",M,61.181,2,"",M,6.000,2,"",N,10.427,2,"",M,35.226,2,"",M,10.850,2,"",M,1012.390,2,"",M,410.047,2,"",M,NaN,,,0,NaN,,,M,397.366,2,"",395.854,2,"",NaN,,,NaN,,
2024-10-26T02:52:05.000Z,3.203,2,"",M,61.178,2,"",M,6.000,2,"",N,10.439,2,"",M,35.229,2,"",M,10.850,2,"",M,1012.230,2,"",M,409.167,2,"",M,NaN,,,0,NaN,,,M,396.662,2,"",395.152,2,"",NaN,,,NaN,,
2024-10-26T02:53:57.000Z,3.212,2,"",M,61.175,2,"",M,6.000,2,"",N,10.454,2,"",M,35.233,2,"",M,10.860,2,"",M,1012.540,2,"",M,409.137,2,"",M,NaN,,,0,NaN,,,M,396.825,2,"",395.315,2,"",NaN,,,NaN,,
2024-10-26T02:55:50.000Z,3.222,2,"",M,61.172,2,"",M,6.000,2,"",N,10.470,2,"",M,35.238,2,"",M,10.880,2,"",M,1011.740,2,"",M,409.147,2,"",M,NaN,,,0,NaN,,,M,396.442,2,"",394.934,2,"",NaN,,,NaN,,
2024-10-26T02:57:42.000Z,3.232,2,"",M,61.168,2,"",M,6.000,2,"",N,10.474,2,"",M,35.242,2,"",M,10.900,2,"",M,1012.170,2,"",M,409.187,2,"",M,NaN,,,0,NaN,,,M,396.389,2,"",394.882,2,"",NaN,,,NaN,,
2024-10-26T02:59:34.000Z,3.242,2,"",M,61.166,2,"",M,6.000,2,"",N,10.462,2,"",M,35.236,2,"",M,10.910,2,"",M,1012.110,2,"",M,409.467,2,"",M,NaN,,,0,NaN,,,M,396.262,2,"",394.755,2,"",NaN,,,NaN,,
2024-10-26T03:01:26.000Z,3.252,2,"",M,61.163,2,"",M,6.000,2,"",N,10.487,2,"",M,35.199,2,"",M,10.890,2,"",M,1012.120,2,"",M,409.887,2,"",M,NaN,,,0,NaN,,,M,397.434,2,"",395.922,2,"",NaN,,,NaN,,
2024-10-26T03:03:19.000Z,3.261,2,"",M,61.160,2,"",M,6.000,2,"",N,10.547,2,"",M,35.143,2,"",M,10.910,2,"",M,1011.910,2,"",M,409.297,2,"",M,NaN,,,0,NaN,,,M,397.446,2,"",395.935,2,"",NaN,,,NaN,,
2024-10-26T03:05:11.000Z,3.271,2,"",M,61.157,2,"",M,6.000,2,"",N,10.590,2,"",M,35.096,2,"",M,10.960,2,"",M,1011.850,2,"",M,406.448,2,"",M,NaN,,,0,NaN,,,M,394.515,2,"",393.017,2,"",NaN,,,NaN,,
2024-10-26T03:07:03.000Z,3.281,2,"",M,61.154,2,"",M,6.000,2,"",N,10.622,2,"",M,35.062,2,"",M,11.010,2,"",M,1012.260,2,"",M,402.089,2,"",M,NaN,,,0,NaN,,,M,390.138,2,"",388.656,2,"",NaN,,,NaN,,
2024-10-26T03:08:56.000Z,3.291,2,"",M,61.152,2,"",M,6.000,2,"",N,10.639,2,"",M,35.052,2,"",M,11.050,2,"",M,1012.460,2,"",M,397.830,2,"",M,NaN,,,0,NaN,,,M,385.695,2,"",384.231,2,"",NaN,,,NaN,,
2024-10-26T03:10:48.000Z,3.300,2,"",M,61.149,2,"",M,6.000,2,"",N,10.648,2,"",M,35.048,2,"",M,11.060,2,"",M,1012.240,2,"",M,394.831,2,"",M,NaN,,,0,NaN,,,M,382.677,2,"",381.225,2,"",NaN,,,NaN,,
2024-10-26T03:12:40.000Z,3.310,2,"",M,61.146,2,"",M,6.000,2,"",N,10.648,2,"",M,35.051,2,"",M,11.070,2,"",M,1012.170,2,"",M,393.101,2,"",M,NaN,,,0,NaN,,,M,380.807,2,"",379.362,2,"",NaN,,,NaN,,
2024-10-26T03:14:32.000Z,3.320,2,"",M,61.143,2,"",M,6.000,2,"",N,10.642,2,"",M,35.057,2,"",M,11.070,2,"",M,1012.090,2,"",M,392.022,2,"",M,NaN,,,0,NaN,,,M,379.638,2,"",378.198,2,"",NaN,,,NaN,,
2024-10-26T03:16:24.000Z,3.329,2,"",M,61.140,2,"",M,6.000,2,"",N,10.634,2,"",M,35.068,2,"",M,11.060,2,"",M,1011.890,2,"",M,391.792,2,"",M,NaN,,,0,NaN,,,M,379.380,2,"",377.941,2,"",NaN,,,NaN,,
2024-10-26T03:18:16.000Z,3.339,2,"",M,61.137,2,"",M,6.000,2,"",N,10.619,2,"",M,35.084,2,"",M,11.060,2,"",M,1011.860,2,"",M,391.742,2,"",M,NaN,,,0,NaN,,,M,379.067,2,"",377.629,2,"",NaN,,,NaN,,
2024-10-26T03:20:09.000Z,3.349,2,"",M,61.134,2,"",M,6.000,2,"",N,10.611,2,"",M,35.097,2,"",M,11.050,2,"",M,1011.829,2,"",M,392.111,2,"",M,NaN,,,0,NaN,,,M,379.449,2,"",378.009,2,"",NaN,,,NaN,,
2024-10-26T03:22:01.000Z,3.358,2,"",M,61.131,2,"",M,6.000,2,"",N,10.602,2,"",M,35.110,2,"",M,11.040,2,"",M,1011.640,2,"",M,392.561,2,"",M,NaN,,,0,NaN,,,M,379.841,2,"",378.400,2,"",NaN,,,NaN,,
2024-10-26T03:23:53.000Z,3.368,2,"",M,61.128,2,"",M,6.000,2,"",N,10.597,2,"",M,35.113,2,"",M,11.030,2,"",M,1012.280,2,"",M,393.391,2,"",M,NaN,,,0,NaN,,,M,380.972,2,"",379.526,2,"",NaN,,,NaN,,
2024-10-26T03:25:46.000Z,3.377,2,"",M,61.126,2,"",M,6.000,2,"",N,10.594,2,"",M,35.110,2,"",M,11.020,2,"",M,1012.320,2,"",M,393.901,2,"",M,NaN,,,0,NaN,,,M,381.590,2,"",380.141,2,"",NaN,,,NaN,,
2024-10-26T03:27:38.000Z,3.387,2,"",M,61.123,2,"",M,6.000,2,"",N,10.588,2,"",M,35.106,2,"",M,11.020,2,"",M,1012.110,2,"",M,393.611,2,"",M,NaN,,,0,NaN,,,M,381.134,2,"",379.687,2,"",NaN,,,NaN,,
2024-10-26T03:29:51.000Z,3.397,2,"",M,61.119,2,"",M,6.000,2,"",N,10.582,2,"",M,35.104,2,"",M,11.020,2,"",M,1012.250,2,"",M,393.861,2,"",M,NaN,,,0,NaN,,,M,381.340,2,"",379.892,2,"",NaN,,,NaN,,
2024-10-26T03:31:43.000Z,3.407,2,"",M,61.116,2,"",M,6.000,2,"",N,10.580,2,"",M,35.105,2,"",M,11.010,2,"",M,1011.880,2,"",M,394.061,2,"",M,NaN,,,0,NaN,,,M,381.525,2,"",380.077,2,"",NaN,,,NaN,,
2024-10-26T03:33:35.000Z,3.416,2,"",M,61.113,2,"",M,6.000,2,"",N,10.595,2,"",M,35.101,2,"",M,11.010,2,"",M,1012.005,2,"",M,394.151,2,"",M,NaN,,,0,NaN,,,M,381.893,2,"",380.443,2,"",NaN,,,NaN,,
2024-10-26T03:35:28.000Z,3.426,2,"",M,61.110,2,"",M,6.000,2,"",N,10.612,2,"",M,35.087,2,"",M,11.010,2,"",M,1011.930,2,"",M,394.271,2,"",M,NaN,,,0,NaN,,,M,382.258,2,"",380.807,2,"",NaN,,,NaN,,
2024-10-26T03:37:20.000Z,3.435,2,"",M,61.107,2,"",M,6.000,2,"",N,10.639,2,"",M,35.080,2,"",M,11.030,2,"",M,1012.220,2,"",M,393.601,2,"",M,NaN,,,0,NaN,,,M,381.827,2,"",380.377,2,"",NaN,,,NaN,,
2024-10-26T03:39:12.000Z,3.444,2,"",M,61.104,2,"",M,6.000,2,"",N,10.658,2,"",M,35.086,2,"",M,11.070,2,"",M,1012.250,2,"",M,393.241,2,"",M,NaN,,,0,NaN,,,M,381.144,2,"",379.698,2,"",NaN,,,NaN,,
2024-10-26T03:41:04.000Z,3.454,2,"",M,61.101,2,"",M,6.000,2,"",N,10.654,2,"",M,35.101,2,"",M,11.080,2,"",M,1012.510,2,"",M,393.221,2,"",M,NaN,,,0,NaN,,,M,380.983,2,"",379.537,2,"",NaN,,,NaN,,
2024-10-26T03:42:57.000Z,3.463,2,"",M,61.098,2,"",M,6.000,2,"",N,10.643,2,"",M,35.116,2,"",M,11.080,2,"",M,1012.170,2,"",M,393.371,2,"",M,NaN,,,0,NaN,,,M,380.819,2,"",379.374,2,"",NaN,,,NaN,,
2024-10-26T03:44:49.000Z,3.473,2,"",M,61.095,2,"",M,6.000,2,"",N,10.639,2,"",M,35.122,2,"",M,11.070,2,"",M,1012.040,2,"",M,394.131,2,"",M,NaN,,,0,NaN,,,M,381.612,2,"",380.164,2,"",NaN,,,NaN,,
2024-10-26T03:46:41.000Z,3.482,2,"",M,61.092,2,"",M,6.000,2,"",N,10.639,2,"",M,35.124,2,"",M,11.060,2,"",M,1012.050,2,"",M,395.060,2,"",M,NaN,,,0,NaN,,,M,382.674,2,"",381.222,2,"",NaN,,,NaN,,
2024-10-26T03:48:33.000Z,3.492,2,"",M,61.089,2,"",M,6.000,2,"",N,10.642,2,"",M,35.115,2,"",M,11.060,2,"",M,1012.160,2,"",M,395.370,2,"",M,NaN,,,0,NaN,,,M,383.064,2,"",381.610,2,"",NaN,,,NaN,,
2024-10-26T03:50:26.000Z,3.502,2,"",M,61.086,2,"",M,6.000,2,"",N,10.650,2,"",M,35.097,2,"",M,11.070,2,"",M,1011.940,2,"",M,395.470,2,"",M,NaN,,,0,NaN,,,M,383.056,2,"",381.603,2,"",NaN,,,NaN,,
2024-10-26T03:52:18.000Z,3.511,2,"",M,61.084,2,"",M,6.000,2,"",N,10.645,2,"",M,35.091,2,"",M,11.080,2,"",M,1011.850,2,"",M,395.050,2,"",M,NaN,,,0,NaN,,,M,382.358,2,"",380.908,2,"",NaN,,,NaN,,
2024-10-26T03:54:10.000Z,3.521,2,"",M,61.081,2,"",M,6.000,2,"",N,10.664,2,"",M,35.090,2,"",M,11.070,2,"",M,1012.280,2,"",M,394.220,2,"",M,NaN,,,0,NaN,,,M,382.202,2,"",380.752,2,"",NaN,,,NaN,,
2024-10-26T03:56:02.000Z,3.531,2,"",M,61.078,2,"",M,6.000,2,"",N,10.688,2,"",M,35.084,2,"",M,11.090,2,"",M,1011.950,2,"",M,393.861,2,"",M,NaN,,,0,NaN,,,M,381.780,2,"",380.332,2,"",NaN,,,NaN,,
2024-10-26T03:57:54.000Z,3.541,2,"",M,61.075,2,"",M,6.000,2,"",N,10.705,2,"",M,35.081,2,"",M,11.110,2,"",M,1011.930,2,"",M,393.291,2,"",M,NaN,,,0,NaN,,,M,381.156,2,"",379.711,2,"",NaN,,,NaN,,
2024-10-26T03:59:47.000Z,3.551,2,"",M,61.073,2,"",M,6.000,2,"",N,10.707,2,"",M,35.080,2,"",M,11.120,2,"",M,1012.110,2,"",M,392.631,2,"",M,NaN,,,0,NaN,,,M,380.455,2,"",379.012,2,"",NaN,,,NaN,,
2024-10-26T04:01:39.000Z,3.561,2,"",M,61.070,2,"",M,6.000,2,"",N,10.707,2,"",M,35.080,2,"",M,11.140,2,"",M,1012.190,2,"",M,392.231,2,"",M,NaN,,,0,NaN,,,M,379.777,2,"",378.337,2,"",NaN,,,NaN,,
2024-10-26T04:03:31.000Z,3.570,2,"",M,61.067,2,"",M,6.000,2,"",N,10.719,2,"",M,35.072,2,"",M,11.140,2,"",M,1012.440,2,"",M,391.401,2,"",M,NaN,,,0,NaN,,,M,379.259,2,"",377.821,2,"",NaN,,,NaN,,
2024-10-26T04:05:23.000Z,3.580,2,"",M,61.064,2,"",M,6.000,2,"",N,10.757,2,"",M,35.055,2,"",M,11.140,2,"",M,1011.980,2,"",M,391.491,2,"",M,NaN,,,0,NaN,,,M,379.777,2,"",378.337,2,"",NaN,,,NaN,,
2024-10-26T04:07:16.000Z,3.590,2,"",M,61.061,2,"",M,6.000,2,"",N,10.793,2,"",M,35.043,2,"",M,11.170,2,"",M,1011.810,2,"",M,391.181,2,"",M,NaN,,,0,NaN,,,M,379.507,2,"",378.069,2,"",NaN,,,NaN,,
2024-10-26T04:09:08.000Z,3.599,2,"",M,61.059,2,"",M,6.000,2,"",N,10.840,2,"",M,35.001,2,"",M,11.210,2,"",M,1011.620,2,"",M,391.191,2,"",M,NaN,,,0,NaN,,,M,379.535,2,"",378.098,2,"",NaN,,,NaN,,
2024-10-26T04:11:00.000Z,3.609,2,"",M,61.056,2,"",M,6.000,2,"",N,10.906,2,"",M,34.936,2,"",M,11.250,2,"",M,1011.830,2,"",M,390.332,2,"",M,NaN,,,0,NaN,,,M,379.194,2,"",377.759,2,"",NaN,,,NaN,,
2024-10-26T04:12:52.000Z,3.618,2,"",M,61.053,2,"",M,6.000,2,"",N,10.977,2,"",M,34.824,2,"",M,11.320,2,"",M,1011.890,2,"",M,390.442,2,"",M,NaN,,,0,NaN,,,M,379.307,2,"",377.873,2,"",NaN,,,NaN,,
2024-10-26T04:14:44.000Z,3.628,2,"",M,61.051,2,"",M,6.000,2,"",N,11.072,2,"",M,34.706,2,"",M,11.390,2,"",M,1011.910,2,"",M,390.502,2,"",M,NaN,,,0,NaN,,,M,379.746,2,"",378.311,2,"",NaN,,,NaN,,
2024-10-26T04:16:37.000Z,3.637,2,"",M,61.048,2,"",M,6.000,2,"",N,11.137,2,"",M,34.611,2,"",M,11.470,2,"",M,1011.976,2,"",M,391.581,2,"",M,NaN,,,0,NaN,,,M,380.557,2,"",379.121,2,"",NaN,,,NaN,,
2024-10-26T04:18:29.000Z,3.647,2,"",M,61.045,2,"",M,6.000,2,"",N,11.190,2,"",M,34.549,2,"",M,11.540,2,"",M,1012.090,2,"",M,392.321,2,"",M,NaN,,,0,NaN,,,M,381.026,2,"",379.589,2,"",NaN,,,NaN,,
2024-10-26T04:20:21.000Z,3.656,2,"",M,61.043,2,"",M,6.000,2,"",N,11.210,2,"",M,34.526,2,"",M,11.590,2,"",M,1011.660,2,"",M,393.560,2,"",M,NaN,,,0,NaN,,,M,381.557,2,"",380.120,2,"",NaN,,,NaN,,
2024-10-26T04:22:13.000Z,3.666,2,"",M,61.040,2,"",M,6.000,2,"",N,11.220,2,"",M,34.525,2,"",M,11.610,2,"",M,1011.520,2,"",M,394.350,2,"",M,NaN,,,0,NaN,,,M,382.106,2,"",380.667,2,"",NaN,,,NaN,,
2024-10-26T04:24:06.000Z,3.675,2,"",M,61.037,2,"",M,6.000,2,"",N,11.235,2,"",M,34.516,2,"",M,11.630,2,"",M,1011.960,2,"",M,394.850,2,"",M,NaN,,,0,NaN,,,M,382.676,2,"",381.235,2,"",NaN,,,NaN,,
2024-10-26T04:25:57.000Z,3.684,2,"",M,61.034,2,"",M,6.000,2,"",N,11.247,2,"",M,34.503,2,"",M,11.650,2,"",M,1011.910,2,"",M,395.240,2,"",M,NaN,,,0,NaN,,,M,382.891,2,"",381.450,2,"",NaN,,,NaN,,
2024-10-26T04:27:49.000Z,3.694,2,"",M,61.031,2,"",M,6.000,2,"",N,11.256,2,"",M,34.493,2,"",M,11.660,2,"",M,1011.970,2,"",M,395.829,2,"",M,NaN,,,0,NaN,,,M,383.471,2,"",382.027,2,"",NaN,,,NaN,,
2024-10-26T04:30:03.000Z,3.705,2,"",M,61.028,2,"",M,6.000,2,"",N,11.266,2,"",M,34.481,2,"",M,11.670,2,"",M,1011.830,2,"",M,396.699,2,"",M,NaN,,,0,NaN,,,M,384.253,2,"",382.807,2,"",NaN,,,NaN,,
2024-10-26T04:34:33.000Z,3.728,2,"",M,61.021,2,"",M,6.000,2,"",N,NaN,,,M,NaN,,,M,NaN,,,M,NaN,,,M,NaN,,,0,NaN,,,0,NaN,,,M,NaN,,,NaN,,,NaN,,,NaN,,
2024-10-26T04:36:22.000Z,3.737,2,"",M,61.018,2,"",M,6.000,2,"",N,NaN,,,M,NaN,,,M,NaN,,,M,NaN,,,M,NaN,,,0,NaN,,,0,NaN,,,M,NaN,,,NaN,,,NaN,,,NaN,,
2024-10-26T04:38:12.000Z,3.747,2,"",M,61.015,2,"",M,6.000,2,"",N,NaN,,,M,NaN,,,M,NaN,,,M,NaN,,,M,NaN,,,0,NaN,,,0,NaN,,,M,NaN,,,NaN,,,NaN,,,NaN,,
2024-10-26T04:42:42.000Z,3.770,2,"",M,61.009,2,"",M,6.000,2,"",N,NaN,,,M,NaN,,,M,NaN,,,M,NaN,,,M,NaN,,,0,NaN,,,0,NaN,,,M,NaN,,,NaN,,,NaN,,,NaN,,
2024-10-26T04:44:31.000Z,3.779,2,"",M,61.006,2,"",M,6.000,2,"",N,NaN,,,M,NaN,,,M,NaN,,,M,NaN,,,M,NaN,,,0,NaN,,,0,NaN,,,M,NaN,,,NaN,,,NaN,,,NaN,,
2024-10-26T04:46:21.000Z,3.788,2,"",M,61.004,2,"",M,6.000,2,"",N,NaN,,,M,NaN,,,M,NaN,,,M,NaN,,,M,NaN,,,0,NaN,,,0,NaN,,,M,NaN,,,NaN,,,NaN,,,NaN,,
2024-10-26T04:50:51.000Z,3.811,2,"",M,60.997,2,"",M,6.000,2,"",N,NaN,,,M,NaN,,,M,NaN,,,M,NaN,,,M,NaN,,,0,NaN,,,0,NaN,,,M,NaN,,,NaN,,,NaN,,,NaN,,
2024-10-26T04:52:41.000Z,3.820,2,"",M,60.995,2,"",M,6.000,2,"",N,NaN,,,M,NaN,,,M,NaN,,,M,NaN,,,M,NaN,,,0,NaN,,,0,NaN,,,M,NaN,,,NaN,,,NaN,,,NaN,,
2024-10-26T04:54:30.000Z,3.829,2,"",M,60.992,2,"",M,6.000,2,"",N,NaN,,,M,NaN,,,M,NaN,,,M,NaN,,,M,NaN,,,0,NaN,,,0,NaN,,,M,NaN,,,NaN,,,NaN,,,NaN,,
2024-10-26T04:59:40.000Z,3.855,2,"",M,60.985,2,"",M,6.000,2,"",N,NaN,,,M,NaN,,,M,NaN,,,M,NaN,,,M,NaN,,,0,NaN,,,0,NaN,,,M,NaN,,,NaN,,,NaN,,,NaN,,
2024-10-26T05:04:13.000Z,3.878,2,"",M,60.979,2,"",M,6.000,2,"",N,NaN,,,M,NaN,,,M,NaN,,,M,NaN,,,M,NaN,,,0,NaN,,,0,NaN,,,M,NaN,,,NaN,,,NaN,,,NaN,,
2024-10-26T05:08:43.000Z,3.902,2,"",M,60.973,2,"",M,6.000,2,"",N,NaN,,,M,NaN,,,M,NaN,,,M,NaN,,,M,NaN,,,0,NaN,,,0,NaN,,,M,NaN,,,NaN,,,NaN,,,NaN,,
2024-10-26T05:10:33.000Z,3.912,2,"",M,60.971,2,"",M,6.000,2,"",N,NaN,,,M,NaN,,,M,NaN,,,M,NaN,,,M,NaN,,,0,NaN,,,0,NaN,,,M,NaN,,,NaN,,,NaN,,,NaN,,
2024-10-26T05:12:23.000Z,3.921,2,"",M,60.969,2,"",M,6.000,2,"",N,NaN,,,M,NaN,,,M,NaN,,,M,NaN,,,M,NaN,,,0,NaN,,,0,NaN,,,M,NaN,,,NaN,,,NaN,,,NaN,,
2024-10-26T05:16:53.000Z,3.943,2,"",M,60.965,2,"",M,6.000,2,"",N,NaN,,,M,NaN,,,M,NaN,,,M,NaN,,,M,NaN,,,0,NaN,,,0,NaN,,,M,NaN,,,NaN,,,NaN,,,NaN,,
2024-10-26T05:18:42.000Z,3.952,2,"",M,60.963,2,"",M,6.000,2,"",N,NaN,,,M,NaN,,,M,NaN,,,M,NaN,,,M,NaN,,,0,NaN,,,0,NaN,,,M,NaN,,,NaN,,,NaN,,,NaN,,
2024-10-26T05:20:32.000Z,3.961,2,"",M,60.961,2,"",M,6.000,2,"",N,NaN,,,M,NaN,,,M,NaN,,,M,NaN,,,M,NaN,,,0,NaN,,,0,NaN,,,M,NaN,,,NaN,,,NaN,,,NaN,,
2024-10-26T05:25:02.000Z,3.981,2,"",M,60.956,2,"",M,6.000,2,"",N,NaN,,,M,NaN,,,M,NaN,,,M,NaN,,,M,NaN,,,0,NaN,,,0,NaN,,,M,NaN,,,NaN,,,NaN,,,NaN,,
2024-10-26T05:26:51.000Z,3.990,2,"",M,60.953,2,"",M,6.000,2,"",N,NaN,,,M,NaN,,,M,NaN,,,M,NaN,,,M,NaN,,,0,NaN,,,0,NaN,,,M,NaN,,,NaN,,,NaN,,,NaN,,
2024-10-26T05:28:41.000Z,3.998,2,"",M,60.951,2,"",M,6.000,2,"",N,NaN,,,M,NaN,,,M,NaN,,,M,NaN,,,M,NaN,,,0,NaN,,,0,NaN,,,M,NaN,,,NaN,,,NaN,,,NaN,,
2024-10-26T05:33:11.000Z,4.018,2,"",M,60.945,2,"",M,6.000,2,"",N,12.854,2,"",M,33.244,2,"",M,NaN,,,M,NaN,,,M,NaN,,,0,432.028,2,"",M,1010.300,2,"",M,NaN,,,NaN,,,425.593,2,"",424.014,2,""
2024-10-26T05:35:01.000Z,4.026,2,"",M,60.943,2,"",M,6.000,2,"",N,12.887,2,"",M,33.266,2,"",M,NaN,,,M,NaN,,,M,NaN,,,0,432.026,2,"",M,1010.400,2,"",M,NaN,,,NaN,,,425.621,2,"",424.042,2,""
2024-10-26T05:36:50.000Z,4.034,2,"",M,60.940,2,"",M,6.000,2,"",N,12.912,2,"",M,33.285,2,"",M,NaN,,,M,NaN,,,M,NaN,,,0,432.014,2,"",M,1010.500,2,"",M,NaN,,,NaN,,,425.642,2,"",424.063,2,""
2024-10-26T05:38:40.000Z,4.042,2,"",M,60.938,2,"",M,6.000,2,"",N,12.940,2,"",M,33.296,2,"",M,NaN,,,M,NaN,,,M,NaN,,,0,432.052,2,"",M,1010.400,2,"",M,NaN,,,NaN,,,425.625,2,"",424.047,2,""
2024-10-26T05:40:30.000Z,4.051,2,"",M,60.936,2,"",M,6.000,2,"",N,12.955,2,"",M,33.305,2,"",M,NaN,,,M,NaN,,,M,NaN,,,0,431.801,2,"",M,1010.400,2,"",M,NaN,,,NaN,,,425.371,2,"",423.794,2,""
2024-10-26T05:45:40.000Z,4.072,2,"",M,60.929,2,"",M,6.000,2,"",N,12.893,2,"",M,33.318,2,"",M,13.330,2,"",M,1011.600,2,"",M,418.795,2,"",M,NaN,,,0,NaN,,,M,404.367,2,"",402.877,2,"",NaN,,,NaN,,
2024-10-26T05:47:32.000Z,4.080,2,"",M,60.926,2,"",M,6.000,2,"",N,12.834,2,"",M,33.303,2,"",M,13.280,2,"",M,1012.280,2,"",M,418.922,2,"",M,NaN,,,0,NaN,,,M,404.626,2,"",403.133,2,"",NaN,,,NaN,,
2024-10-26T05:49:25.000Z,4.088,2,"",M,60.924,2,"",M,6.000,2,"",N,12.824,2,"",M,33.278,2,"",M,13.230,2,"",M,1011.520,2,"",M,418.741,2,"",M,NaN,,,0,NaN,,,M,404.854,2,"",403.360,2,"",NaN,,,NaN,,
2024-10-26T05:51:17.000Z,4.096,2,"",M,60.922,2,"",M,6.000,2,"",N,12.836,2,"",M,33.254,2,"",M,13.210,2,"",M,1011.530,2,"",M,418.229,2,"",M,NaN,,,0,NaN,,,M,404.921,2,"",403.427,2,"",NaN,,,NaN,,
2024-10-26T05:53:10.000Z,4.104,2,"",M,60.919,2,"",M,6.000,2,"",N,12.846,2,"",M,33.221,2,"",M,13.210,2,"",M,1011.620,2,"",M,417.737,2,"",M,NaN,,,0,NaN,,,M,404.639,2,"",403.145,2,"",NaN,,,NaN,,
2024-10-26T05:55:01.000Z,4.112,2,"",M,60.917,2,"",M,6.000,2,"",N,12.848,2,"",M,33.203,2,"",M,13.230,2,"",M,1011.710,2,"",M,417.346,2,"",M,NaN,,,0,NaN,,,M,403.987,2,"",402.496,2,"",NaN,,,NaN,,
2024-10-26T05:56:54.000Z,4.120,2,"",M,60.915,2,"",M,6.000,2,"",N,12.880,4,"No water flow",M,33.201,4,"No water flow",M,13.230,2,"",M,1011.840,2,"",M,417.124,2,"",M,NaN,,,0,NaN,,,M,404.370,4,"Salinity No water flow;Water Temperature No water flow",402.878,4,"Salinity No water flow;Water Temperature No water flow",NaN,,,NaN,,
2024-10-26T05:59:07.000Z,4.128,2,"",M,60.912,2,"",M,6.000,2,"",N,NaN,,,0,NaN,,,0,13.270,2,"",M,1011.520,2,"",M,417.030,2,"",M,NaN,,,0,NaN,,,M,NaN,,,NaN,,,NaN,,,NaN,,
2024-10-26T06:01:00.000Z,4.136,2,"",M,60.909,2,"",M,6.000,2,"",N,NaN,,,0,NaN,,,0,13.320,2,"",M,1011.510,2,"",M,417.337,2,"",M,NaN,,,0,NaN,,,M,NaN,,,NaN,,,NaN,,,NaN,,
2024-10-26T06:02:52.000Z,4.143,2,"",M,60.907,2,"",M,6.000,2,"",N,NaN,,,0,NaN,,,0,13.380,2,"",M,1011.070,2,"",M,418.025,2,"",M,NaN,,,0,NaN,,,M,NaN,,,NaN,,,NaN,,,NaN,,
2024-10-26T06:04:44.000Z,4.150,2,"",M,60.904,2,"",M,6.000,2,"",N,NaN,,,0,NaN,,,0,13.430,2,"",M,1011.590,2,"",M,418.603,2,"",M,NaN,,,0,NaN,,,M,NaN,,,NaN,,,NaN,,,NaN,,
2024-10-26T06:06:36.000Z,4.157,2,"",M,60.902,2,"",M,6.000,2,"",N,NaN,,,0,NaN,,,0,13.460,2,"",M,1011.380,2,"",M,419.500,2,"",M,NaN,,,0,NaN,,,M,NaN,,,NaN,,,NaN,,,NaN,,
2024-10-26T06:08:28.000Z,4.164,2,"",M,60.900,2,"",M,6.000,2,"",N,NaN,,,0,NaN,,,0,13.480,2,"",M,1011.640,2,"",M,419.888,2,"",M,NaN,,,0,NaN,,,M,NaN,,,NaN,,,NaN,,,NaN,,
2024-10-26T06:10:20.000Z,4.171,2,"",M,60.897,2,"",M,6.000,2,"",N,NaN,,,0,NaN,,,0,13.470,2,"",M,1011.675,2,"",M,419.736,2,"",M,NaN,,,0,NaN,,,M,NaN,,,NaN,,,NaN,,,NaN,,
2024-10-26T06:12:13.000Z,4.178,2,"",M,60.895,2,"",M,6.000,2,"",N,NaN,,,0,NaN,,,0,13.550,4,"No water flow",M,1010.470,2,"",M,420.923,4,"No water flow",M,NaN,,,0,NaN,,,M,NaN,,,NaN,,,NaN,,,NaN,,
2024-10-26T06:20:46.000Z,4.208,2,"",M,60.883,2,"",M,6.000,2,"",N,NaN,,,M,NaN,,,M,NaN,,,M,NaN,,,M,NaN,,,0,NaN,,,0,NaN,,,M,NaN,,,NaN,,,NaN,,,NaN,,
2024-10-26T06:27:42.000Z,4.233,2,"",M,60.874,2,"",M,6.000,2,"",N,NaN,,,M,NaN,,,M,NaN,,,M,NaN,,,M,NaN,,,0,NaN,,,0,NaN,,,M,NaN,,,NaN,,,NaN,,,NaN,,
2024-10-26T06:32:12.000Z,4.250,2,"",M,60.869,2,"",M,6.000,2,"",N,NaN,,,M,NaN,,,M,NaN,,,M,NaN,,,M,NaN,,,0,NaN,,,0,NaN,,,M,NaN,,,NaN,,,NaN,,,NaN,,
2024-10-26T06:36:42.000Z,4.266,2,"",M,60.864,2,"",M,6.000,2,"",N,NaN,,,M,NaN,,,M,NaN,,,M,NaN,,,M,NaN,,,0,NaN,,,0,NaN,,,M,NaN,,,NaN,,,NaN,,,NaN,,
