Date/Time,Longitude,Longitude QC Flag,Longitude QC Comment,Longitude Type,Latitude,Latitude QC Flag,Latitude QC Comment,Latitude Type,Depth [m],Depth [m] QC Flag,Depth [m] QC Comment,Depth [m] Type,Temp [degC],Temp [degC] QC Flag,Temp [degC] QC Comment,Temp [degC] Type,P_sal [psu],P_sal [psu] QC Flag,P_sal [psu] QC Comment,P_sal [psu] Type,Temperature of Equilibration [degC],Temperature of Equilibration [degC] QC Flag,Temperature of Equilibration [degC] QC Comment,Temperature of Equilibration [degC] Type,Equilibrator Pressure,Equilibrator Pressure QC Flag,Equilibrator Pressure QC Comment,Equilibrator Pressure Type,xCO2 In Water - Calibrated In Dry Air [umol mol-1],xCO2 In Water - Calibrated In Dry Air [umol mol-1] QC Flag,xCO2 In Water - Calibrated In Dry Air [umol mol-1] QC Comment,xCO2 In Water - Calibrated In Dry Air [umol mol-1] Type,xCO2 in atmosphere [umol mol-1],xCO2 in atmosphere [umol mol-1] QC Flag,xCO2 in atmosphere [umol mol-1] QC Comment,xCO2 in atmosphere [umol mol-1] Type,Atmospheric Pressure [hPa],Atmospheric Pressure [hPa] QC Flag,Atmospheric Pressure [hPa] QC Comment,Atmospheric Pressure [hPa] Type,pCO2 [uatm],pCO2 [uatm] QC Flag,pCO2 [uatm] QC Comment,fCO2 [uatm],fCO2 [uatm] QC Flag,fCO2 [uatm] QC Comment,pCO2 in atmosphere [uatm],pCO2 in atmosphere [uatm] QC Flag,pCO2 in atmosphere [uatm] QC Comment,fCO2 in atmosphere [uatm],fCO2 in atmosphere [uatm] QC Flag,fCO2 in atmosphere [uatm] QC Comment
2024-11-11T10:38:13.000Z,4.907,2,"",M,60.112,2,"",M,6.000,2,"",N,NaN,,,M,NaN,,,M,NaN,,,M,NaN,,,M,NaN,,,0,NaN,,,0,NaN,,,M,NaN,,,NaN,,,NaN,,,NaN,,
2024-11-11T10:43:07.000Z,4.884,2,"",M,60.104,2,"",M,6.000,2,"",N,NaN,,,M,NaN,,,M,NaN,,,M,NaN,,,M,NaN,,,0,NaN,,,0,NaN,,,M,NaN,,,NaN,,,NaN,,,NaN,,
2024-11-11T10:47:37.000Z,4.861,2,"",M,60.098,2,"",M,6.000,2,"",N,NaN,,,M,NaN,,,M,NaN,,,M,NaN,,,M,NaN,,,0,NaN,,,0,NaN,,,M,NaN,,,NaN,,,NaN,,,NaN,,
2024-11-11T10:49:26.000Z,4.851,2,"",M,60.095,2,"",M,6.000,2,"",N,NaN,,,M,NaN,,,M,NaN,,,M,NaN,,,M,NaN,,,0,NaN,,,0,NaN,,,M,NaN,,,NaN,,,NaN,,,NaN,,
2024-11-11T10:51:16.000Z,4.841,2,"",M,60.093,2,"",M,6.000,2,"",N,NaN,,,M,NaN,,,M,NaN,,,M,NaN,,,M,NaN,,,0,NaN,,,0,NaN,,,M,NaN,,,NaN,,,NaN,,,NaN,,
2024-11-11T10:55:46.000Z,4.817,2,"",M,60.087,2,"",M,6.000,2,"",N,NaN,,,M,NaN,,,M,NaN,,,M,NaN,,,M,NaN,,,0,NaN,,,0,NaN,,,M,NaN,,,NaN,,,NaN,,,NaN,,
2024-11-11T10:57:35.000Z,4.808,2,"",M,60.085,2,"",M,6.000,2,"",N,NaN,,,M,NaN,,,M,NaN,,,M,NaN,,,M,NaN,,,0,NaN,,,0,NaN,,,M,NaN,,,NaN,,,NaN,,,NaN,,
2024-11-11T10:59:25.000Z,4.798,2,"",M,60.082,2,"",M,6.000,2,"",N,NaN,,,M,NaN,,,M,NaN,,,M,NaN,,,M,NaN,,,0,NaN,,,0,NaN,,,M,NaN,,,NaN,,,NaN,,,NaN,,
2024-11-11T11:03:55.000Z,4.774,2,"",M,60.077,2,"",M,6.000,2,"",N,NaN,,,M,NaN,,,M,NaN,,,M,NaN,,,M,NaN,,,0,NaN,,,0,NaN,,,M,NaN,,,NaN,,,NaN,,,NaN,,
2024-11-11T11:05:45.000Z,4.765,2,"",M,60.075,2,"",M,6.000,2,"",N,NaN,,,M,NaN,,,M,NaN,,,M,NaN,,,M,NaN,,,0,NaN,,,0,NaN,,,M,NaN,,,NaN,,,NaN,,,NaN,,
2024-11-11T11:07:34.000Z,4.755,2,"",M,60.072,2,"",M,6.000,2,"",N,NaN,,,M,NaN,,,M,NaN,,,M,NaN,,,M,NaN,,,0,NaN,,,0,NaN,,,M,NaN,,,NaN,,,NaN,,,NaN,,
2024-11-11T11:12:04.000Z,4.731,2,"",M,60.066,2,"",M,6.000,2,"",N,11.579,2,"",M,31.433,2,"",M,NaN,,,M,NaN,,,M,NaN,,,0,430.658,2,"",M,1026.600,2,"",M,NaN,,,NaN,,,431.686,2,"",430.032,2,""
2024-11-11T11:13:54.000Z,4.722,2,"",M,60.064,2,"",M,6.000,2,"",N,11.565,2,"",M,31.498,2,"",M,NaN,,,M,NaN,,,M,NaN,,,0,430.386,2,"",M,1026.600,2,"",M,NaN,,,NaN,,,431.419,2,"",429.765,2,""
2024-11-11T11:15:44.000Z,4.713,2,"",M,60.062,2,"",M,6.000,2,"",N,11.561,2,"",M,31.489,2,"",M,NaN,,,M,NaN,,,M,NaN,,,0,430.394,2,"",M,1026.600,2,"",M,NaN,,,NaN,,,431.428,2,"",429.774,2,""
2024-11-11T11:17:33.000Z,4.704,2,"",M,60.060,2,"",M,6.000,2,"",N,11.563,2,"",M,31.460,2,"",M,NaN,,,M,NaN,,,M,NaN,,,0,429.892,2,"",M,1026.700,2,"",M,NaN,,,NaN,,,430.966,2,"",429.314,2,""
2024-11-11T11:19:23.000Z,4.694,2,"",M,60.057,2,"",M,6.000,2,"",N,11.560,2,"",M,31.454,2,"",M,NaN,,,M,NaN,,,M,NaN,,,0,428.450,2,"",M,1026.800,2,"",M,NaN,,,NaN,,,429.565,2,"",427.917,2,""
2024-11-11T11:24:33.000Z,4.669,2,"",M,60.051,2,"",M,6.000,2,"",N,11.715,2,"",M,31.382,2,"",M,12.030,2,"",M,1026.720,2,"",M,416.665,2,"",M,NaN,,,0,NaN,,,M,411.020,2,"",409.457,2,"",NaN,,,NaN,,
2024-11-11T11:26:26.000Z,4.659,2,"",M,60.049,2,"",M,6.000,2,"",N,11.592,2,"",M,31.285,2,"",M,12.050,2,"",M,1026.710,2,"",M,417.223,2,"",M,NaN,,,0,NaN,,,M,409.066,2,"",407.511,2,"",NaN,,,NaN,,
2024-11-11T11:28:18.000Z,4.650,2,"",M,60.047,2,"",M,6.000,2,"",N,11.593,2,"",M,31.313,2,"",M,11.940,2,"",M,1026.470,2,"",M,415.631,2,"",M,NaN,,,0,NaN,,,M,409.376,2,"",407.818,2,"",NaN,,,NaN,,
2024-11-11T11:30:10.000Z,4.641,2,"",M,60.044,2,"",M,6.000,2,"",N,11.519,2,"",M,31.411,2,"",M,11.940,2,"",M,1026.660,2,"",M,414.129,2,"",M,NaN,,,0,NaN,,,M,406.695,2,"",405.147,2,"",NaN,,,NaN,,
2024-11-11T11:32:02.000Z,4.631,2,"",M,60.042,2,"",M,6.000,2,"",N,11.498,2,"",M,31.446,2,"",M,11.880,2,"",M,1027.040,2,"",M,412.937,2,"",M,NaN,,,0,NaN,,,M,406.364,2,"",404.816,2,"",NaN,,,NaN,,
2024-11-11T11:33:55.000Z,4.622,2,"",M,60.040,2,"",M,6.000,2,"",N,11.492,2,"",M,31.452,2,"",M,11.860,2,"",M,1027.080,2,"",M,412.955,2,"",M,NaN,,,0,NaN,,,M,406.655,2,"",405.105,2,"",NaN,,,NaN,,
2024-11-11T11:35:47.000Z,4.612,2,"",M,60.038,2,"",M,6.000,2,"",N,11.494,2,"",M,31.452,2,"",M,11.840,2,"",M,1027.150,2,"",M,414.563,2,"",M,NaN,,,0,NaN,,,M,408.644,2,"",407.085,2,"",NaN,,,NaN,,
2024-11-11T11:38:00.000Z,4.601,2,"",M,60.035,2,"",M,6.000,2,"",N,11.496,2,"",M,31.440,2,"",M,11.840,2,"",M,1027.470,2,"",M,414.670,2,"",M,NaN,,,0,NaN,,,M,408.919,2,"",407.360,2,"",NaN,,,NaN,,
2024-11-11T11:39:53.000Z,4.592,2,"",M,60.032,2,"",M,6.000,2,"",N,11.496,2,"",M,31.429,2,"",M,11.840,2,"",M,1027.360,2,"",M,414.858,2,"",M,NaN,,,0,NaN,,,M,409.054,2,"",407.494,2,"",NaN,,,NaN,,
2024-11-11T11:41:45.000Z,4.583,2,"",M,60.030,2,"",M,6.000,2,"",N,11.494,2,"",M,31.414,2,"",M,11.850,2,"",M,1027.440,2,"",M,414.856,2,"",M,NaN,,,0,NaN,,,M,408.874,2,"",407.314,2,"",NaN,,,NaN,,
2024-11-11T11:43:37.000Z,4.573,2,"",M,60.028,2,"",M,6.000,2,"",N,11.495,2,"",M,31.404,2,"",M,11.850,2,"",M,1027.490,2,"",M,414.664,2,"",M,NaN,,,0,NaN,,,M,408.723,2,"",407.164,2,"",NaN,,,NaN,,
2024-11-11T11:45:29.000Z,4.564,2,"",M,60.026,2,"",M,6.000,2,"",N,11.499,2,"",M,31.390,2,"",M,11.840,2,"",M,1027.610,2,"",M,414.382,2,"",M,NaN,,,0,NaN,,,M,408.739,2,"",407.179,2,"",NaN,,,NaN,,
2024-11-11T11:47:21.000Z,4.554,2,"",M,60.024,2,"",M,6.000,2,"",N,11.512,2,"",M,31.386,2,"",M,11.840,2,"",M,1027.620,2,"",M,414.180,2,"",M,NaN,,,0,NaN,,,M,408.764,2,"",407.205,2,"",NaN,,,NaN,,
2024-11-11T11:49:14.000Z,4.544,2,"",M,60.022,2,"",M,6.000,2,"",N,11.528,2,"",M,31.398,2,"",M,11.860,2,"",M,1027.760,2,"",M,413.848,2,"",M,NaN,,,0,NaN,,,M,408.425,2,"",406.867,2,"",NaN,,,NaN,,
2024-11-11T11:51:06.000Z,4.535,2,"",M,60.020,2,"",M,6.000,2,"",N,11.541,2,"",M,31.437,2,"",M,11.880,2,"",M,1028.060,2,"",M,413.715,2,"",M,NaN,,,0,NaN,,,M,408.294,2,"",406.736,2,"",NaN,,,NaN,,
2024-11-11T11:52:58.000Z,4.525,2,"",M,60.017,2,"",M,6.000,2,"",N,11.560,2,"",M,31.484,2,"",M,11.890,2,"",M,1028.150,2,"",M,414.193,2,"",M,NaN,,,0,NaN,,,M,408.938,2,"",407.378,2,"",NaN,,,NaN,,
2024-11-11T11:54:50.000Z,4.516,2,"",M,60.015,2,"",M,6.000,2,"",N,11.550,2,"",M,31.539,2,"",M,11.900,2,"",M,1028.410,2,"",M,414.451,2,"",M,NaN,,,0,NaN,,,M,408.962,2,"",407.402,2,"",NaN,,,NaN,,
2024-11-11T11:56:43.000Z,4.506,2,"",M,60.013,2,"",M,6.000,2,"",N,11.519,2,"",M,31.568,2,"",M,11.900,2,"",M,1028.540,2,"",M,414.429,2,"",M,NaN,,,0,NaN,,,M,408.452,2,"",406.893,2,"",NaN,,,NaN,,
2024-11-11T11:58:35.000Z,4.497,2,"",M,60.011,2,"",M,6.000,2,"",N,11.501,2,"",M,31.581,2,"",M,11.870,2,"",M,1028.610,2,"",M,413.947,2,"",M,NaN,,,0,NaN,,,M,408.222,2,"",406.664,2,"",NaN,,,NaN,,
2024-11-11T12:00:27.000Z,4.487,2,"",M,60.009,2,"",M,6.000,2,"",N,11.498,2,"",M,31.587,2,"",M,11.860,2,"",M,1028.680,2,"",M,415.315,2,"",M,NaN,,,0,NaN,,,M,409.726,2,"",408.162,2,"",NaN,,,NaN,,
2024-11-11T12:02:19.000Z,4.477,2,"",M,60.007,2,"",M,6.000,2,"",N,11.494,2,"",M,31.591,2,"",M,11.860,2,"",M,1028.600,2,"",M,416.332,2,"",M,NaN,,,0,NaN,,,M,410.624,2,"",409.057,2,"",NaN,,,NaN,,
2024-11-11T12:04:11.000Z,4.468,2,"",M,60.005,2,"",M,6.000,2,"",N,11.490,2,"",M,31.591,2,"",M,11.850,2,"",M,1028.530,2,"",M,417.200,2,"",M,NaN,,,0,NaN,,,M,411.569,2,"",409.998,2,"",NaN,,,NaN,,
2024-11-11T12:06:04.000Z,4.458,2,"",M,60.003,2,"",M,6.000,2,"",N,11.488,2,"",M,31.597,2,"",M,11.840,2,"",M,1028.640,2,"",M,417.578,2,"",M,NaN,,,0,NaN,,,M,412.123,2,"",410.550,2,"",NaN,,,NaN,,
2024-11-11T12:07:56.000Z,4.449,2,"",M,60.001,2,"",M,6.000,2,"",N,11.481,2,"",M,31.596,2,"",M,11.840,2,"",M,1028.600,2,"",M,417.376,2,"",M,NaN,,,0,NaN,,,M,411.789,2,"",410.217,2,"",NaN,,,NaN,,
2024-11-11T12:09:48.000Z,4.439,2,"",M,59.998,2,"",M,6.000,2,"",N,11.475,2,"",M,31.590,2,"",M,11.830,2,"",M,1028.400,2,"",M,417.714,2,"",M,NaN,,,0,NaN,,,M,412.112,2,"",410.538,2,"",NaN,,,NaN,,
2024-11-11T12:11:40.000Z,4.430,2,"",M,59.996,2,"",M,6.000,2,"",N,11.492,2,"",M,31.578,2,"",M,11.830,2,"",M,1028.230,2,"",M,418.152,2,"",M,NaN,,,0,NaN,,,M,412.772,2,"",411.197,2,"",NaN,,,NaN,,
2024-11-11T12:13:33.000Z,4.420,2,"",M,59.994,2,"",M,6.000,2,"",N,11.513,2,"",M,31.547,2,"",M,11.850,2,"",M,1028.220,2,"",M,418.289,2,"",M,NaN,,,0,NaN,,,M,412.919,2,"",411.344,2,"",NaN,,,NaN,,
2024-11-11T12:15:25.000Z,4.411,2,"",M,59.992,2,"",M,6.000,2,"",N,11.515,2,"",M,31.516,2,"",M,11.860,2,"",M,1028.560,2,"",M,417.507,2,"",M,NaN,,,0,NaN,,,M,412.142,2,"",410.569,2,"",NaN,,,NaN,,
2024-11-11T12:17:17.000Z,4.401,2,"",M,59.990,2,"",M,6.000,2,"",N,11.510,2,"",M,31.486,2,"",M,11.860,2,"",M,1028.740,2,"",M,415.635,2,"",M,NaN,,,0,NaN,,,M,410.270,2,"",408.703,2,"",NaN,,,NaN,,
2024-11-11T12:19:09.000Z,4.391,2,"",M,59.988,2,"",M,6.000,2,"",N,11.501,2,"",M,31.448,2,"",M,11.850,2,"",M,1028.640,2,"",M,413.583,2,"",M,NaN,,,0,NaN,,,M,408.223,2,"",406.665,2,"",NaN,,,NaN,,
2024-11-11T12:21:02.000Z,4.382,2,"",M,59.986,2,"",M,6.000,2,"",N,11.492,2,"",M,31.388,2,"",M,11.850,2,"",M,1028.570,2,"",M,411.412,2,"",M,NaN,,,0,NaN,,,M,405.901,2,"",404.351,2,"",NaN,,,NaN,,
2024-11-11T12:22:54.000Z,4.373,2,"",M,59.983,2,"",M,6.000,2,"",N,11.495,2,"",M,31.361,2,"",M,11.850,2,"",M,1028.560,2,"",M,409.470,2,"",M,NaN,,,0,NaN,,,M,404.041,2,"",402.499,2,"",NaN,,,NaN,,
2024-11-11T12:24:46.000Z,4.363,2,"",M,59.981,2,"",M,6.000,2,"",N,11.499,2,"",M,31.355,2,"",M,11.850,2,"",M,1028.540,2,"",M,407.628,2,"",M,NaN,,,0,NaN,,,M,402.276,2,"",400.740,2,"",NaN,,,NaN,,
2024-11-11T12:26:39.000Z,4.353,2,"",M,59.979,2,"",M,6.000,2,"",N,11.503,2,"",M,31.354,2,"",M,11.850,2,"",M,1028.490,2,"",M,406.676,2,"",M,NaN,,,0,NaN,,,M,401.388,2,"",399.856,2,"",NaN,,,NaN,,
2024-11-11T12:28:31.000Z,4.344,2,"",M,59.977,2,"",M,6.000,2,"",N,11.509,2,"",M,31.364,2,"",M,11.920,2,"",M,1028.890,2,"",M,406.744,2,"",M,NaN,,,0,NaN,,,M,400.500,2,"",398.972,2,"",NaN,,,NaN,,
2024-11-11T12:30:23.000Z,4.334,2,"",M,59.975,2,"",M,6.000,2,"",N,11.508,2,"",M,31.366,2,"",M,11.930,2,"",M,1028.780,2,"",M,406.841,2,"",M,NaN,,,0,NaN,,,M,400.360,2,"",398.833,2,"",NaN,,,NaN,,
2024-11-11T12:32:15.000Z,4.325,2,"",M,59.973,2,"",M,6.000,2,"",N,11.507,2,"",M,31.371,2,"",M,11.940,2,"",M,1028.710,2,"",M,407.509,2,"",M,NaN,,,0,NaN,,,M,400.806,2,"",399.278,2,"",NaN,,,NaN,,
2024-11-11T12:34:07.000Z,4.315,2,"",M,59.971,2,"",M,6.000,2,"",N,11.513,2,"",M,31.387,2,"",M,11.940,2,"",M,1028.680,2,"",M,407.817,2,"",M,NaN,,,0,NaN,,,M,401.199,2,"",399.669,2,"",NaN,,,NaN,,
2024-11-11T12:35:59.000Z,4.305,2,"",M,59.969,2,"",M,6.000,2,"",N,11.528,2,"",M,31.414,2,"",M,11.940,2,"",M,1028.850,2,"",M,407.895,2,"",M,NaN,,,0,NaN,,,M,401.592,2,"",400.060,2,"",NaN,,,NaN,,
2024-11-11T12:38:13.000Z,4.294,2,"",M,59.967,2,"",M,6.000,2,"",N,11.538,2,"",M,31.444,2,"",M,11.950,2,"",M,1028.470,2,"",M,408.642,2,"",M,NaN,,,0,NaN,,,M,402.172,2,"",400.639,2,"",NaN,,,NaN,,
2024-11-11T12:40:05.000Z,4.284,2,"",M,59.965,2,"",M,6.000,2,"",N,11.549,2,"",M,31.469,2,"",M,11.960,2,"",M,1028.440,2,"",M,408.860,2,"",M,NaN,,,0,NaN,,,M,402.382,2,"",400.849,2,"",NaN,,,NaN,,
2024-11-11T12:41:57.000Z,4.274,2,"",M,59.962,2,"",M,6.000,2,"",N,11.557,2,"",M,31.481,2,"",M,11.970,2,"",M,1028.400,2,"",M,409.528,2,"",M,NaN,,,0,NaN,,,M,403.001,2,"",401.465,2,"",NaN,,,NaN,,
2024-11-11T12:43:49.000Z,4.265,2,"",M,59.961,2,"",M,6.000,2,"",N,11.556,2,"",M,31.484,2,"",M,11.990,2,"",M,1028.780,2,"",M,409.366,2,"",M,NaN,,,0,NaN,,,M,402.617,2,"",401.082,2,"",NaN,,,NaN,,
2024-11-11T12:45:42.000Z,4.255,2,"",M,59.959,2,"",M,6.000,2,"",N,11.547,2,"",M,31.489,2,"",M,11.980,2,"",M,1028.960,2,"",M,408.844,2,"",M,NaN,,,0,NaN,,,M,402.196,2,"",400.663,2,"",NaN,,,NaN,,
2024-11-11T12:47:34.000Z,4.245,2,"",M,59.956,2,"",M,6.000,2,"",N,11.538,2,"",M,31.499,2,"",M,11.970,2,"",M,1028.790,2,"",M,407.702,2,"",M,NaN,,,0,NaN,,,M,401.021,2,"",399.492,2,"",NaN,,,NaN,,
2024-11-11T12:49:26.000Z,4.235,2,"",M,59.955,2,"",M,6.000,2,"",N,11.533,2,"",M,31.513,2,"",M,11.960,2,"",M,1028.800,2,"",M,407.290,2,"",M,NaN,,,0,NaN,,,M,400.720,2,"",399.192,2,"",NaN,,,NaN,,
2024-11-11T12:51:18.000Z,4.225,2,"",M,59.953,2,"",M,6.000,2,"",N,11.532,2,"",M,31.536,2,"",M,11.950,2,"",M,1029.060,2,"",M,406.218,2,"",M,NaN,,,0,NaN,,,M,399.919,2,"",398.394,2,"",NaN,,,NaN,,
2024-11-11T12:53:11.000Z,4.215,2,"",M,59.950,2,"",M,6.000,2,"",N,11.533,2,"",M,31.572,2,"",M,11.960,2,"",M,1028.710,2,"",M,405.966,2,"",M,NaN,,,0,NaN,,,M,399.377,2,"",397.854,2,"",NaN,,,NaN,,
2024-11-11T12:55:03.000Z,4.205,2,"",M,59.948,2,"",M,6.000,2,"",N,11.536,2,"",M,31.611,2,"",M,11.970,2,"",M,1028.870,2,"",M,406.133,2,"",M,NaN,,,0,NaN,,,M,399.487,2,"",397.964,2,"",NaN,,,NaN,,
2024-11-11T12:56:55.000Z,4.196,2,"",M,59.946,2,"",M,6.000,2,"",N,11.541,2,"",M,31.671,2,"",M,11.960,2,"",M,1028.950,2,"",M,406.281,2,"",M,NaN,,,0,NaN,,,M,399.915,2,"",398.390,2,"",NaN,,,NaN,,
2024-11-11T12:58:47.000Z,4.187,2,"",M,59.943,2,"",M,6.000,2,"",N,11.536,2,"",M,31.734,2,"",M,11.960,2,"",M,1028.990,2,"",M,405.999,2,"",M,NaN,,,0,NaN,,,M,399.575,2,"",398.051,2,"",NaN,,,NaN,,
2024-11-11T13:00:40.000Z,4.180,2,"",M,59.941,2,"",M,6.000,2,"",N,11.530,2,"",M,31.802,2,"",M,11.960,2,"",M,1028.850,2,"",M,405.387,2,"",M,NaN,,,0,NaN,,,M,398.808,2,"",397.287,2,"",NaN,,,NaN,,
2024-11-11T13:02:32.000Z,4.176,2,"",M,59.940,2,"",M,6.000,2,"",N,11.531,2,"",M,31.851,2,"",M,11.960,2,"",M,1029.210,2,"",M,404.615,2,"",M,NaN,,,0,NaN,,,M,398.215,2,"",396.696,2,"",NaN,,,NaN,,
2024-11-11T13:04:23.000Z,4.173,2,"",M,59.941,2,"",M,6.000,2,"",N,11.540,2,"",M,31.859,2,"",M,11.970,2,"",M,1028.970,2,"",M,403.983,2,"",M,NaN,,,0,NaN,,,M,397.468,2,"",395.953,2,"",NaN,,,NaN,,
2024-11-11T13:06:16.000Z,4.171,2,"",M,59.942,2,"",M,6.000,2,"",N,11.545,2,"",M,31.862,2,"",M,11.970,2,"",M,1029.120,2,"",M,403.681,2,"",M,NaN,,,0,NaN,,,M,397.325,2,"",395.810,2,"",NaN,,,NaN,,
2024-11-11T13:08:08.000Z,4.170,2,"",M,59.944,2,"",M,6.000,2,"",N,11.552,2,"",M,31.839,2,"",M,11.970,2,"",M,1029.120,2,"",M,403.929,2,"",M,NaN,,,0,NaN,,,M,397.677,2,"",396.161,2,"",NaN,,,NaN,,
2024-11-11T13:10:00.000Z,4.169,2,"",M,59.945,2,"",M,6.000,2,"",N,11.557,2,"",M,31.828,2,"",M,11.970,2,"",M,1028.960,2,"",M,404.397,2,"",M,NaN,,,0,NaN,,,M,398.173,2,"",396.655,2,"",NaN,,,NaN,,
2024-11-11T13:11:52.000Z,4.168,2,"",M,59.947,2,"",M,6.000,2,"",N,11.559,2,"",M,31.806,2,"",M,11.980,2,"",M,1029.110,2,"",M,404.715,2,"",M,NaN,,,0,NaN,,,M,398.403,2,"",396.884,2,"",NaN,,,NaN,,
2024-11-11T13:13:45.000Z,4.167,2,"",M,59.948,2,"",M,6.000,2,"",N,11.555,2,"",M,31.773,2,"",M,11.990,2,"",M,1029.220,2,"",M,404.912,2,"",M,NaN,,,0,NaN,,,M,398.403,2,"",396.883,2,"",NaN,,,NaN,,
2024-11-11T13:15:37.000Z,4.166,2,"",M,59.949,2,"",M,6.000,2,"",N,11.553,2,"",M,31.751,2,"",M,11.990,2,"",M,1030.070,2,"",M,405.290,2,"",M,NaN,,,0,NaN,,,M,399.076,2,"",397.553,2,"",NaN,,,NaN,,
2024-11-11T13:17:29.000Z,4.165,2,"",M,59.950,2,"",M,6.000,2,"",N,11.550,2,"",M,31.739,2,"",M,11.980,2,"",M,1029.780,2,"",M,405.268,2,"",M,NaN,,,0,NaN,,,M,399.055,2,"",397.533,2,"",NaN,,,NaN,,
2024-11-11T13:19:21.000Z,4.165,2,"",M,59.952,2,"",M,6.000,2,"",N,11.548,2,"",M,31.720,2,"",M,11.980,2,"",M,1029.720,2,"",M,405.166,2,"",M,NaN,,,0,NaN,,,M,398.889,2,"",397.367,2,"",NaN,,,NaN,,
2024-11-11T13:21:13.000Z,4.164,2,"",M,59.953,2,"",M,6.000,2,"",N,11.543,2,"",M,31.710,2,"",M,11.970,2,"",M,1029.800,2,"",M,405.034,2,"",M,NaN,,,0,NaN,,,M,398.892,2,"",397.370,2,"",NaN,,,NaN,,
2024-11-11T13:23:06.000Z,4.164,2,"",M,59.954,2,"",M,6.000,2,"",N,11.544,2,"",M,31.704,2,"",M,11.970,2,"",M,1029.830,2,"",M,405.132,2,"",M,NaN,,,0,NaN,,,M,399.017,2,"",397.495,2,"",NaN,,,NaN,,
2024-11-11T13:24:58.000Z,4.163,2,"",M,59.955,2,"",M,6.000,2,"",N,11.541,2,"",M,31.704,2,"",M,11.970,2,"",M,1029.660,2,"",M,404.710,2,"",M,NaN,,,0,NaN,,,M,398.483,2,"",396.962,2,"",NaN,,,NaN,,
2024-11-11T13:26:50.000Z,4.163,2,"",M,59.956,2,"",M,6.000,2,"",N,11.542,2,"",M,31.697,2,"",M,11.970,2,"",M,1029.680,2,"",M,404.658,2,"",M,NaN,,,0,NaN,,,M,398.454,2,"",396.933,2,"",NaN,,,NaN,,
2024-11-11T13:28:42.000Z,4.162,2,"",M,59.957,2,"",M,6.000,2,"",N,11.542,2,"",M,31.700,2,"",M,11.970,2,"",M,1029.690,2,"",M,404.685,2,"",M,NaN,,,0,NaN,,,M,398.477,2,"",396.956,2,"",NaN,,,NaN,,
2024-11-11T13:30:35.000Z,4.162,2,"",M,59.958,2,"",M,6.000,2,"",N,11.539,2,"",M,31.696,2,"",M,11.970,2,"",M,1029.760,2,"",M,404.603,2,"",M,NaN,,,0,NaN,,,M,398.370,2,"",396.850,2,"",NaN,,,NaN,,
2024-11-11T13:32:27.000Z,4.161,2,"",M,59.959,2,"",M,6.000,2,"",N,11.536,2,"",M,31.691,2,"",M,11.960,2,"",M,1029.770,2,"",M,404.071,2,"",M,NaN,,,0,NaN,,,M,397.980,2,"",396.461,2,"",NaN,,,NaN,,
2024-11-11T13:34:19.000Z,4.160,2,"",M,59.960,2,"",M,6.000,2,"",N,11.535,2,"",M,31.687,2,"",M,11.960,2,"",M,1029.780,2,"",M,404.129,2,"",M,NaN,,,0,NaN,,,M,398.020,2,"",396.501,2,"",NaN,,,NaN,,
2024-11-11T13:36:11.000Z,4.160,2,"",M,59.962,2,"",M,6.000,2,"",N,11.530,2,"",M,31.680,2,"",M,11.970,2,"",M,1030.060,2,"",M,404.267,2,"",M,NaN,,,0,NaN,,,M,398.020,2,"",396.500,2,"",NaN,,,NaN,,
2024-11-11T13:38:25.000Z,4.159,2,"",M,59.963,2,"",M,6.000,2,"",N,11.530,2,"",M,31.676,2,"",M,11.960,2,"",M,1029.770,2,"",M,404.014,2,"",M,NaN,,,0,NaN,,,M,397.820,2,"",396.301,2,"",NaN,,,NaN,,
2024-11-11T13:40:17.000Z,4.159,2,"",M,59.964,2,"",M,6.000,2,"",N,11.530,2,"",M,31.674,2,"",M,11.950,2,"",M,1030.060,2,"",M,403.912,2,"",M,NaN,,,0,NaN,,,M,398.014,2,"",396.495,2,"",NaN,,,NaN,,
2024-11-11T13:42:09.000Z,4.158,2,"",M,59.965,2,"",M,6.000,2,"",N,11.530,2,"",M,31.673,2,"",M,11.950,2,"",M,1029.780,2,"",M,403.950,2,"",M,NaN,,,0,NaN,,,M,397.942,2,"",396.423,2,"",NaN,,,NaN,,
2024-11-11T13:44:01.000Z,4.158,2,"",M,59.966,2,"",M,6.000,2,"",N,11.529,2,"",M,31.671,2,"",M,11.960,2,"",M,1029.730,2,"",M,403.848,2,"",M,NaN,,,0,NaN,,,M,397.628,2,"",396.111,2,"",NaN,,,NaN,,
2024-11-11T13:45:53.000Z,4.157,2,"",M,59.967,2,"",M,6.000,2,"",N,11.529,2,"",M,31.671,2,"",M,11.970,2,"",M,1029.730,2,"",M,404.096,2,"",M,NaN,,,0,NaN,,,M,397.705,2,"",396.187,2,"",NaN,,,NaN,,
2024-11-11T13:47:45.000Z,4.157,2,"",M,59.968,2,"",M,6.000,2,"",N,11.523,2,"",M,31.669,2,"",M,11.960,2,"",M,1029.930,2,"",M,404.224,2,"",M,NaN,,,0,NaN,,,M,397.978,2,"",396.459,2,"",NaN,,,NaN,,
2024-11-11T13:49:37.000Z,4.156,2,"",M,59.969,2,"",M,6.000,2,"",N,11.520,2,"",M,31.661,2,"",M,11.950,2,"",M,1029.790,2,"",M,404.292,2,"",M,NaN,,,0,NaN,,,M,398.112,2,"",396.592,2,"",NaN,,,NaN,,
2024-11-11T13:51:30.000Z,4.156,2,"",M,59.971,2,"",M,6.000,2,"",N,11.519,2,"",M,31.659,2,"",M,11.950,2,"",M,1029.620,2,"",M,404.419,2,"",M,NaN,,,0,NaN,,,M,398.142,2,"",396.623,2,"",NaN,,,NaN,,
2024-11-11T13:53:22.000Z,4.156,2,"",M,59.971,2,"",M,6.000,2,"",N,11.517,2,"",M,31.662,2,"",M,11.940,2,"",M,1029.410,2,"",M,405.077,2,"",M,NaN,,,0,NaN,,,M,398.853,2,"",397.331,2,"",NaN,,,NaN,,
2024-11-11T13:55:14.000Z,4.157,2,"",M,59.972,2,"",M,6.000,2,"",N,11.520,2,"",M,31.664,2,"",M,11.940,2,"",M,1029.850,2,"",M,405.065,2,"",M,NaN,,,0,NaN,,,M,399.068,2,"",397.544,2,"",NaN,,,NaN,,
2024-11-11T13:57:06.000Z,4.159,2,"",M,59.972,2,"",M,6.000,2,"",N,11.522,2,"",M,31.664,2,"",M,11.960,2,"",M,1029.780,2,"",M,405.193,2,"",M,NaN,,,0,NaN,,,M,398.854,2,"",397.331,2,"",NaN,,,NaN,,
2024-11-11T13:58:59.000Z,4.160,2,"",M,59.971,2,"",M,6.000,2,"",N,11.525,2,"",M,31.667,2,"",M,11.950,2,"",M,1029.680,2,"",M,405.301,2,"",M,NaN,,,0,NaN,,,M,399.136,2,"",397.613,2,"",NaN,,,NaN,,
2024-11-11T14:00:51.000Z,4.160,2,"",M,59.971,2,"",M,6.000,2,"",N,11.526,2,"",M,31.671,2,"",M,11.950,2,"",M,1030.030,2,"",M,405.379,2,"",M,NaN,,,0,NaN,,,M,399.379,2,"",397.854,2,"",NaN,,,NaN,,
2024-11-11T14:02:42.000Z,4.160,2,"",M,59.970,2,"",M,6.000,2,"",N,11.528,2,"",M,31.673,2,"",M,11.950,2,"",M,1029.990,2,"",M,404.737,2,"",M,NaN,,,0,NaN,,,M,398.766,2,"",397.243,2,"",NaN,,,NaN,,
2024-11-11T14:04:35.000Z,4.161,2,"",M,59.969,2,"",M,6.000,2,"",N,11.530,2,"",M,31.677,2,"",M,11.950,2,"",M,1029.860,2,"",M,404.405,2,"",M,NaN,,,0,NaN,,,M,398.406,2,"",396.885,2,"",NaN,,,NaN,,
2024-11-11T14:06:27.000Z,4.161,2,"",M,59.968,2,"",M,6.000,2,"",N,11.531,2,"",M,31.677,2,"",M,11.950,2,"",M,1029.620,2,"",M,404.153,2,"",M,NaN,,,0,NaN,,,M,398.086,2,"",396.567,2,"",NaN,,,NaN,,
2024-11-11T14:08:19.000Z,4.162,2,"",M,59.968,2,"",M,6.000,2,"",N,11.534,2,"",M,31.685,2,"",M,11.970,2,"",M,1030.090,2,"",M,403.790,2,"",M,NaN,,,0,NaN,,,M,397.630,2,"",396.112,2,"",NaN,,,NaN,,
2024-11-11T14:10:11.000Z,4.163,2,"",M,59.967,2,"",M,6.000,2,"",N,11.536,2,"",M,31.690,2,"",M,11.970,2,"",M,1029.970,2,"",M,403.858,2,"",M,NaN,,,0,NaN,,,M,397.677,2,"",396.160,2,"",NaN,,,NaN,,
2024-11-11T14:12:04.000Z,4.163,2,"",M,59.966,2,"",M,6.000,2,"",N,11.537,2,"",M,31.703,2,"",M,11.970,2,"",M,1029.900,2,"",M,403.826,2,"",M,NaN,,,0,NaN,,,M,397.628,2,"",396.111,2,"",NaN,,,NaN,,
2024-11-11T14:13:56.000Z,4.164,2,"",M,59.965,2,"",M,6.000,2,"",N,11.541,2,"",M,31.707,2,"",M,11.960,2,"",M,1030.110,2,"",M,403.714,2,"",M,NaN,,,0,NaN,,,M,397.845,2,"",396.326,2,"",NaN,,,NaN,,
2024-11-11T14:15:48.000Z,4.164,2,"",M,59.964,2,"",M,6.000,2,"",N,11.546,2,"",M,31.719,2,"",M,11.960,2,"",M,1029.860,2,"",M,403.562,2,"",M,NaN,,,0,NaN,,,M,397.682,2,"",396.164,2,"",NaN,,,NaN,,
2024-11-11T14:17:40.000Z,4.165,2,"",M,59.963,2,"",M,6.000,2,"",N,11.550,2,"",M,31.731,2,"",M,11.970,2,"",M,1030.210,2,"",M,403.960,2,"",M,NaN,,,0,NaN,,,M,398.102,2,"",396.582,2,"",NaN,,,NaN,,
2024-11-11T14:19:32.000Z,4.165,2,"",M,59.962,2,"",M,6.000,2,"",N,11.555,2,"",M,31.748,2,"",M,11.980,2,"",M,1030.160,2,"",M,403.778,2,"",M,NaN,,,0,NaN,,,M,397.813,2,"",396.295,2,"",NaN,,,NaN,,
2024-11-11T14:21:25.000Z,4.165,2,"",M,59.961,2,"",M,6.000,2,"",N,11.555,2,"",M,31.775,2,"",M,11.990,2,"",M,1029.860,2,"",M,404.346,2,"",M,NaN,,,0,NaN,,,M,398.091,2,"",396.572,2,"",NaN,,,NaN,,
2024-11-11T14:23:17.000Z,4.166,2,"",M,59.960,2,"",M,6.000,2,"",N,11.550,2,"",M,31.795,2,"",M,11.990,2,"",M,1029.950,2,"",M,404.613,2,"",M,NaN,,,0,NaN,,,M,398.303,2,"",396.783,2,"",NaN,,,NaN,,
2024-11-11T14:25:09.000Z,4.166,2,"",M,59.959,2,"",M,6.000,2,"",N,11.542,2,"",M,31.817,2,"",M,11.980,2,"",M,1029.880,2,"",M,404.261,2,"",M,NaN,,,0,NaN,,,M,397.968,2,"",396.449,2,"",NaN,,,NaN,,
2024-11-11T14:27:01.000Z,4.166,2,"",M,59.958,2,"",M,6.000,2,"",N,11.522,2,"",M,31.839,2,"",M,11.970,2,"",M,1029.850,2,"",M,403.839,2,"",M,NaN,,,0,NaN,,,M,397.384,2,"",395.867,2,"",NaN,,,NaN,,
2024-11-11T14:28:54.000Z,4.167,2,"",M,59.957,2,"",M,6.000,2,"",N,11.511,2,"",M,31.866,2,"",M,11.950,2,"",M,1030.040,2,"",M,403.497,2,"",M,NaN,,,0,NaN,,,M,397.274,2,"",395.758,2,"",NaN,,,NaN,,
2024-11-11T14:30:46.000Z,4.167,2,"",M,59.956,2,"",M,6.000,2,"",N,11.491,2,"",M,31.877,2,"",M,11.940,2,"",M,1030.170,2,"",M,402.585,2,"",M,NaN,,,0,NaN,,,M,396.267,2,"",394.753,2,"",NaN,,,NaN,,
2024-11-11T14:35:15.000Z,4.168,2,"",M,59.954,2,"",M,6.000,2,"",N,NaN,,,M,NaN,,,M,NaN,,,M,NaN,,,M,NaN,,,0,NaN,,,0,NaN,,,M,NaN,,,NaN,,,NaN,,,NaN,,
2024-11-11T14:37:05.000Z,4.169,2,"",M,59.953,2,"",M,6.000,2,"",N,NaN,,,M,NaN,,,M,NaN,,,M,NaN,,,M,NaN,,,0,NaN,,,0,NaN,,,M,NaN,,,NaN,,,NaN,,,NaN,,
2024-11-11T14:39:16.000Z,4.169,2,"",M,59.952,2,"",M,6.000,2,"",N,NaN,,,M,NaN,,,M,NaN,,,M,NaN,,,M,NaN,,,0,NaN,,,0,NaN,,,M,NaN,,,NaN,,,NaN,,,NaN,,
2024-11-11T14:43:46.000Z,4.171,2,"",M,59.950,2,"",M,6.000,2,"",N,NaN,,,M,NaN,,,M,NaN,,,M,NaN,,,M,NaN,,,0,NaN,,,0,NaN,,,M,NaN,,,NaN,,,NaN,,,NaN,,
2024-11-11T14:45:36.000Z,4.171,2,"",M,59.950,2,"",M,6.000,2,"",N,NaN,,,M,NaN,,,M,NaN,,,M,NaN,,,M,NaN,,,0,NaN,,,0,NaN,,,M,NaN,,,NaN,,,NaN,,,NaN,,
2024-11-11T14:47:25.000Z,4.172,2,"",M,59.949,2,"",M,6.000,2,"",N,NaN,,,M,NaN,,,M,NaN,,,M,NaN,,,M,NaN,,,0,NaN,,,0,NaN,,,M,NaN,,,NaN,,,NaN,,,NaN,,
2024-11-11T14:51:55.000Z,4.174,2,"",M,59.947,2,"",M,6.000,2,"",N,NaN,,,M,NaN,,,M,NaN,,,M,NaN,,,M,NaN,,,0,NaN,,,0,NaN,,,M,NaN,,,NaN,,,NaN,,,NaN,,
2024-11-11T14:53:45.000Z,4.174,2,"",M,59.946,2,"",M,6.000,2,"",N,NaN,,,M,NaN,,,M,NaN,,,M,NaN,,,M,NaN,,,0,NaN,,,0,NaN,,,M,NaN,,,NaN,,,NaN,,,NaN,,
2024-11-11T14:55:35.000Z,4.175,2,"",M,59.946,2,"",M,6.000,2,"",N,NaN,,,M,NaN,,,M,NaN,,,M,NaN,,,M,NaN,,,0,NaN,,,0,NaN,,,M,NaN,,,NaN,,,NaN,,,NaN,,
2024-11-11T15:00:04.000Z,4.175,2,"",M,59.945,2,"",M,6.000,2,"",N,11.491,2,"",M,31.901,2,"",M,NaN,,,M,NaN,,,M,NaN,,,0,426.272,2,"",M,1029.400,2,"",M,NaN,,,NaN,,,428.504,2,"",426.855,2,""
2024-11-11T15:01:54.000Z,4.175,2,"",M,59.945,2,"",M,6.000,2,"",N,11.493,2,"",M,31.898,2,"",M,NaN,,,M,NaN,,,M,NaN,,,0,426.313,2,"",M,1029.500,2,"",M,NaN,,,NaN,,,428.587,2,"",426.937,2,""
2024-11-11T15:03:44.000Z,4.176,2,"",M,59.945,2,"",M,6.000,2,"",N,11.501,2,"",M,31.896,2,"",M,NaN,,,M,NaN,,,M,NaN,,,0,426.024,2,"",M,1029.500,2,"",M,NaN,,,NaN,,,428.293,2,"",426.645,2,""
2024-11-11T15:05:34.000Z,4.176,2,"",M,59.945,2,"",M,6.000,2,"",N,11.509,2,"",M,31.895,2,"",M,NaN,,,M,NaN,,,M,NaN,,,0,426.054,2,"",M,1029.600,2,"",M,NaN,,,NaN,,,428.363,2,"",426.715,2,""
2024-11-11T15:07:23.000Z,4.177,2,"",M,59.945,2,"",M,6.000,2,"",N,11.516,2,"",M,31.896,2,"",M,NaN,,,M,NaN,,,M,NaN,,,0,425.975,2,"",M,1029.700,2,"",M,NaN,,,NaN,,,428.323,2,"",426.675,2,""
2024-11-11T15:12:33.000Z,4.179,2,"",M,59.946,2,"",M,6.000,2,"",N,11.533,2,"",M,31.896,2,"",M,11.950,2,"",M,1030.450,2,"",M,401.500,2,"",M,NaN,,,0,NaN,,,M,395.840,2,"",394.328,2,"",NaN,,,NaN,,
2024-11-11T15:14:26.000Z,4.179,2,"",M,59.946,2,"",M,6.000,2,"",N,11.541,2,"",M,31.899,2,"",M,11.960,2,"",M,1030.390,2,"",M,401.631,2,"",M,NaN,,,0,NaN,,,M,395.898,2,"",394.386,2,"",NaN,,,NaN,,
2024-11-11T15:16:18.000Z,4.180,2,"",M,59.946,2,"",M,6.000,2,"",N,11.546,2,"",M,31.898,2,"",M,11.960,2,"",M,1030.530,2,"",M,401.552,2,"",M,NaN,,,0,NaN,,,M,395.956,2,"",394.443,2,"",NaN,,,NaN,,
2024-11-11T15:18:10.000Z,4.181,2,"",M,59.946,2,"",M,6.000,2,"",N,11.547,2,"",M,31.899,2,"",M,11.980,2,"",M,1030.380,2,"",M,401.423,2,"",M,NaN,,,0,NaN,,,M,395.444,2,"",393.935,2,"",NaN,,,NaN,,
2024-11-11T15:20:03.000Z,4.181,2,"",M,59.946,2,"",M,6.000,2,"",N,11.550,2,"",M,31.900,2,"",M,11.980,2,"",M,1030.410,2,"",M,401.723,2,"",M,NaN,,,0,NaN,,,M,395.810,2,"",394.299,2,"",NaN,,,NaN,,
2024-11-11T15:21:55.000Z,4.182,2,"",M,59.946,2,"",M,6.000,2,"",N,11.553,2,"",M,31.899,2,"",M,11.980,2,"",M,1030.570,2,"",M,402.104,2,"",M,NaN,,,0,NaN,,,M,396.295,2,"",394.782,2,"",NaN,,,NaN,,
2024-11-11T15:23:47.000Z,4.183,2,"",M,59.946,2,"",M,6.000,2,"",N,11.547,2,"",M,31.896,2,"",M,11.980,2,"",M,1030.530,2,"",M,401.855,2,"",M,NaN,,,0,NaN,,,M,395.943,2,"",394.431,2,"",NaN,,,NaN,,
2024-11-11T15:25:39.000Z,4.183,2,"",M,59.946,2,"",M,6.000,2,"",N,11.555,2,"",M,31.894,2,"",M,11.970,2,"",M,1030.540,2,"",M,401.846,2,"",M,NaN,,,0,NaN,,,M,396.232,2,"",394.719,2,"",NaN,,,NaN,,
2024-11-11T15:27:32.000Z,4.184,2,"",M,59.946,2,"",M,6.000,2,"",N,11.562,2,"",M,31.895,2,"",M,11.980,2,"",M,1030.710,2,"",M,401.737,2,"",M,NaN,,,0,NaN,,,M,396.145,2,"",394.632,2,"",NaN,,,NaN,,
2024-11-11T15:29:24.000Z,4.185,2,"",M,59.946,2,"",M,6.000,2,"",N,11.566,2,"",M,31.896,2,"",M,11.990,2,"",M,1030.560,2,"",M,401.737,2,"",M,NaN,,,0,NaN,,,M,395.974,2,"",394.462,2,"",NaN,,,NaN,,
2024-11-11T15:31:16.000Z,4.185,2,"",M,59.946,2,"",M,6.000,2,"",N,11.565,2,"",M,31.897,2,"",M,12.000,2,"",M,1030.600,2,"",M,401.788,2,"",M,NaN,,,0,NaN,,,M,395.853,2,"",394.342,2,"",NaN,,,NaN,,
2024-11-11T15:33:08.000Z,4.185,2,"",M,59.946,2,"",M,6.000,2,"",N,11.564,2,"",M,31.898,2,"",M,11.990,2,"",M,1030.700,2,"",M,401.989,2,"",M,NaN,,,0,NaN,,,M,396.240,2,"",394.727,2,"",NaN,,,NaN,,
2024-11-11T15:35:01.000Z,4.184,2,"",M,59.946,2,"",M,6.000,2,"",N,11.567,2,"",M,31.900,2,"",M,11.990,2,"",M,1030.660,2,"",M,401.740,2,"",M,NaN,,,0,NaN,,,M,396.032,2,"",394.520,2,"",NaN,,,NaN,,
2024-11-11T15:36:53.000Z,4.183,2,"",M,59.947,2,"",M,6.000,2,"",N,11.565,2,"",M,31.899,2,"",M,11.990,2,"",M,1030.530,2,"",M,402.261,2,"",M,NaN,,,0,NaN,,,M,396.472,2,"",394.958,2,"",NaN,,,NaN,,
2024-11-11T15:39:06.000Z,4.181,2,"",M,59.949,2,"",M,6.000,2,"",N,11.562,2,"",M,31.901,2,"",M,11.990,2,"",M,1030.840,2,"",M,401.952,2,"",M,NaN,,,0,NaN,,,M,396.224,2,"",394.711,2,"",NaN,,,NaN,,
2024-11-11T15:40:58.000Z,4.179,2,"",M,59.950,2,"",M,6.000,2,"",N,11.564,2,"",M,31.902,2,"",M,12.000,2,"",M,1031.000,2,"",M,401.912,2,"",M,NaN,,,0,NaN,,,M,396.125,2,"",394.612,2,"",NaN,,,NaN,,
2024-11-11T15:42:51.000Z,4.178,2,"",M,59.950,2,"",M,6.000,2,"",N,11.554,2,"",M,31.900,2,"",M,12.000,2,"",M,1030.710,2,"",M,402.103,2,"",M,NaN,,,0,NaN,,,M,396.021,2,"",394.509,2,"",NaN,,,NaN,,
2024-11-11T15:44:43.000Z,4.177,2,"",M,59.951,2,"",M,6.000,2,"",N,11.549,2,"",M,31.895,2,"",M,11.980,2,"",M,1031.360,2,"",M,401.994,2,"",M,NaN,,,0,NaN,,,M,396.422,2,"",394.907,2,"",NaN,,,NaN,,
2024-11-11T15:46:35.000Z,4.177,2,"",M,59.950,2,"",M,6.000,2,"",N,11.547,2,"",M,31.894,2,"",M,11.970,2,"",M,1030.920,2,"",M,401.815,2,"",M,NaN,,,0,NaN,,,M,396.224,2,"",394.710,2,"",NaN,,,NaN,,
2024-11-11T15:48:27.000Z,4.177,2,"",M,59.950,2,"",M,6.000,2,"",N,11.553,2,"",M,31.902,2,"",M,11.970,2,"",M,1031.010,2,"",M,402.046,2,"",M,NaN,,,0,NaN,,,M,396.585,2,"",395.070,2,"",NaN,,,NaN,,
2024-11-11T15:50:19.000Z,4.176,2,"",M,59.950,2,"",M,6.000,2,"",N,11.560,2,"",M,31.904,2,"",M,11.980,2,"",M,1030.720,2,"",M,401.917,2,"",M,NaN,,,0,NaN,,,M,396.285,2,"",394.772,2,"",NaN,,,NaN,,
2024-11-11T15:52:12.000Z,4.176,2,"",M,59.949,2,"",M,6.000,2,"",N,11.563,2,"",M,31.902,2,"",M,11.990,2,"",M,1031.000,2,"",M,401.887,2,"",M,NaN,,,0,NaN,,,M,396.241,2,"",394.728,2,"",NaN,,,NaN,,
2024-11-11T15:54:04.000Z,4.177,2,"",M,59.946,2,"",M,6.000,2,"",N,11.562,2,"",M,31.901,2,"",M,11.990,2,"",M,1030.920,2,"",M,402.508,2,"",M,NaN,,,0,NaN,,,M,396.815,2,"",395.299,2,"",NaN,,,NaN,,
2024-11-11T15:55:56.000Z,4.178,2,"",M,59.943,2,"",M,6.000,2,"",N,11.571,2,"",M,31.900,2,"",M,11.990,2,"",M,1031.100,2,"",M,402.269,2,"",M,NaN,,,0,NaN,,,M,396.791,2,"",395.275,2,"",NaN,,,NaN,,
2024-11-11T15:57:48.000Z,4.179,2,"",M,59.941,2,"",M,6.000,2,"",N,11.580,2,"",M,31.902,2,"",M,11.990,2,"",M,1031.250,2,"",M,402.160,2,"",M,NaN,,,0,NaN,,,M,396.902,2,"",395.386,2,"",NaN,,,NaN,,
2024-11-11T15:59:41.000Z,4.180,2,"",M,59.938,2,"",M,6.000,2,"",N,11.586,2,"",M,31.905,2,"",M,12.000,2,"",M,1031.130,2,"",M,402.061,2,"",M,NaN,,,0,NaN,,,M,396.679,2,"",395.164,2,"",NaN,,,NaN,,
2024-11-11T16:01:33.000Z,4.181,2,"",M,59.935,2,"",M,6.000,2,"",N,11.602,2,"",M,31.924,2,"",M,12.010,2,"",M,1031.100,2,"",M,402.151,2,"",M,NaN,,,0,NaN,,,M,396.860,2,"",395.344,2,"",NaN,,,NaN,,
2024-11-11T16:03:25.000Z,4.182,2,"",M,59.933,2,"",M,6.000,2,"",N,11.615,2,"",M,31.950,2,"",M,12.030,2,"",M,1031.030,2,"",M,402.252,2,"",M,NaN,,,0,NaN,,,M,396.806,2,"",395.291,2,"",NaN,,,NaN,,
2024-11-11T16:05:17.000Z,4.183,2,"",M,59.932,2,"",M,6.000,2,"",N,11.629,2,"",M,31.972,2,"",M,12.040,2,"",M,1030.960,2,"",M,402.523,2,"",M,NaN,,,0,NaN,,,M,397.112,2,"",395.596,2,"",NaN,,,NaN,,
2024-11-11T16:07:09.000Z,4.184,2,"",M,59.930,2,"",M,6.000,2,"",N,11.645,2,"",M,32.000,2,"",M,12.050,2,"",M,1030.910,2,"",M,402.584,2,"",M,NaN,,,0,NaN,,,M,397.245,2,"",395.729,2,"",NaN,,,NaN,,
2024-11-11T16:09:02.000Z,4.185,2,"",M,59.928,2,"",M,6.000,2,"",N,11.673,2,"",M,32.036,2,"",M,12.070,2,"",M,1031.140,2,"",M,402.655,2,"",M,NaN,,,0,NaN,,,M,397.530,2,"",396.012,2,"",NaN,,,NaN,,
2024-11-11T16:10:54.000Z,4.186,2,"",M,59.926,2,"",M,6.000,2,"",N,11.679,2,"",M,32.055,2,"",M,12.090,2,"",M,1030.990,2,"",M,402.615,2,"",M,NaN,,,0,NaN,,,M,397.190,2,"",395.674,2,"",NaN,,,NaN,,
2024-11-11T16:12:46.000Z,4.187,2,"",M,59.924,2,"",M,6.000,2,"",N,11.664,2,"",M,32.059,2,"",M,12.100,2,"",M,1030.890,2,"",M,402.666,2,"",M,NaN,,,0,NaN,,,M,396.786,2,"",395.273,2,"",NaN,,,NaN,,
2024-11-11T16:14:38.000Z,4.187,2,"",M,59.921,2,"",M,6.000,2,"",N,11.599,2,"",M,31.984,2,"",M,12.090,2,"",M,1031.390,2,"",M,402.497,2,"",M,NaN,,,0,NaN,,,M,395.892,2,"",394.381,2,"",NaN,,,NaN,,
2024-11-11T16:16:31.000Z,4.188,2,"",M,59.919,2,"",M,6.000,2,"",N,11.564,2,"",M,31.890,2,"",M,12.040,2,"",M,1031.300,2,"",M,402.178,2,"",M,NaN,,,0,NaN,,,M,395.807,2,"",394.296,2,"",NaN,,,NaN,,
2024-11-11T16:18:23.000Z,4.188,2,"",M,59.917,2,"",M,6.000,2,"",N,11.540,2,"",M,31.854,2,"",M,12.000,2,"",M,1031.130,2,"",M,401.589,2,"",M,NaN,,,0,NaN,,,M,395.452,2,"",393.942,2,"",NaN,,,NaN,,
2024-11-11T16:20:15.000Z,4.189,2,"",M,59.916,2,"",M,6.000,2,"",N,11.533,2,"",M,31.785,2,"",M,11.970,2,"",M,1031.430,2,"",M,400.989,2,"",M,NaN,,,0,NaN,,,M,395.371,2,"",393.860,2,"",NaN,,,NaN,,
2024-11-11T16:22:07.000Z,4.190,2,"",M,59.914,2,"",M,6.000,2,"",N,11.520,2,"",M,31.744,2,"",M,11.960,2,"",M,1031.820,2,"",M,400.620,2,"",M,NaN,,,0,NaN,,,M,395.108,2,"",393.597,2,"",NaN,,,NaN,,
2024-11-11T16:23:59.000Z,4.191,2,"",M,59.913,2,"",M,6.000,2,"",N,11.513,2,"",M,31.700,2,"",M,11.940,2,"",M,1031.760,2,"",M,400.701,2,"",M,NaN,,,0,NaN,,,M,395.387,2,"",393.875,2,"",NaN,,,NaN,,
2024-11-11T16:25:51.000Z,4.191,2,"",M,59.911,2,"",M,6.000,2,"",N,11.499,2,"",M,31.670,2,"",M,11.940,2,"",M,1031.820,2,"",M,400.482,2,"",M,NaN,,,0,NaN,,,M,394.964,2,"",393.453,2,"",NaN,,,NaN,,
2024-11-11T16:27:43.000Z,4.192,2,"",M,59.909,2,"",M,6.000,2,"",N,11.484,2,"",M,31.637,2,"",M,11.940,2,"",M,1031.670,2,"",M,400.763,2,"",M,NaN,,,0,NaN,,,M,394.932,2,"",393.422,2,"",NaN,,,NaN,,
2024-11-11T16:29:36.000Z,4.193,2,"",M,59.908,2,"",M,6.000,2,"",N,11.473,2,"",M,31.592,2,"",M,11.920,2,"",M,1031.810,2,"",M,400.673,2,"",M,NaN,,,0,NaN,,,M,395.050,2,"",393.539,2,"",NaN,,,NaN,,
2024-11-11T16:31:28.000Z,4.194,2,"",M,59.906,2,"",M,6.000,2,"",N,11.462,2,"",M,31.561,2,"",M,11.900,2,"",M,1031.760,2,"",M,400.554,2,"",M,NaN,,,0,NaN,,,M,395.077,2,"",393.565,2,"",NaN,,,NaN,,
2024-11-11T16:33:20.000Z,4.195,2,"",M,59.905,2,"",M,6.000,2,"",N,11.487,2,"",M,31.518,2,"",M,11.890,2,"",M,1031.590,2,"",M,400.365,2,"",M,NaN,,,0,NaN,,,M,395.413,2,"",393.900,2,"",NaN,,,NaN,,
2024-11-11T16:35:12.000Z,4.196,2,"",M,59.903,2,"",M,6.000,2,"",N,11.505,2,"",M,31.457,2,"",M,11.900,2,"",M,1031.520,2,"",M,400.396,2,"",M,NaN,,,0,NaN,,,M,395.551,2,"",394.037,2,"",NaN,,,NaN,,
2024-11-11T16:37:04.000Z,4.198,2,"",M,59.901,2,"",M,6.000,2,"",N,11.508,2,"",M,31.366,2,"",M,11.920,2,"",M,1031.370,2,"",M,400.867,2,"",M,NaN,,,0,NaN,,,M,395.661,2,"",394.148,2,"",NaN,,,NaN,,
2024-11-11T16:39:18.000Z,4.199,2,"",M,59.900,2,"",M,6.000,2,"",N,11.503,2,"",M,31.308,2,"",M,11.940,2,"",M,1032.000,2,"",M,401.698,2,"",M,NaN,,,0,NaN,,,M,396.294,2,"",394.778,2,"",NaN,,,NaN,,
2024-11-11T16:41:10.000Z,4.200,2,"",M,59.898,2,"",M,6.000,2,"",N,11.493,2,"",M,31.250,2,"",M,11.940,2,"",M,1032.140,2,"",M,401.929,2,"",M,NaN,,,0,NaN,,,M,396.415,2,"",394.898,2,"",NaN,,,NaN,,
2024-11-11T16:43:02.000Z,4.201,2,"",M,59.896,2,"",M,6.000,2,"",N,11.491,2,"",M,31.239,2,"",M,11.920,2,"",M,1032.020,2,"",M,401.799,2,"",M,NaN,,,0,NaN,,,M,396.548,2,"",395.031,2,"",NaN,,,NaN,,
2024-11-11T16:44:55.000Z,4.202,2,"",M,59.895,2,"",M,6.000,2,"",N,11.484,2,"",M,31.203,2,"",M,11.920,2,"",M,1032.120,2,"",M,401.670,2,"",M,NaN,,,0,NaN,,,M,396.348,2,"",394.831,2,"",NaN,,,NaN,,
2024-11-11T16:46:47.000Z,4.203,2,"",M,59.893,2,"",M,6.000,2,"",N,11.485,2,"",M,31.181,2,"",M,11.910,2,"",M,1032.060,2,"",M,401.671,2,"",M,NaN,,,0,NaN,,,M,396.502,2,"",394.985,2,"",NaN,,,NaN,,
2024-11-11T16:48:39.000Z,4.204,2,"",M,59.892,2,"",M,6.000,2,"",N,11.482,2,"",M,31.174,2,"",M,11.910,2,"",M,1031.920,2,"",M,401.142,2,"",M,NaN,,,0,NaN,,,M,395.872,2,"",394.357,2,"",NaN,,,NaN,,
2024-11-11T16:50:31.000Z,4.205,2,"",M,59.890,2,"",M,6.000,2,"",N,11.483,2,"",M,31.159,2,"",M,11.920,2,"",M,1032.170,2,"",M,401.462,2,"",M,NaN,,,0,NaN,,,M,396.134,2,"",394.618,2,"",NaN,,,NaN,,
2024-11-11T16:52:23.000Z,4.207,2,"",M,59.888,2,"",M,6.000,2,"",N,11.484,2,"",M,31.156,2,"",M,11.920,2,"",M,1032.170,2,"",M,401.793,2,"",M,NaN,,,0,NaN,,,M,396.475,2,"",394.958,2,"",NaN,,,NaN,,
2024-11-11T16:54:16.000Z,4.207,2,"",M,59.887,2,"",M,6.000,2,"",N,11.488,2,"",M,31.154,2,"",M,11.910,2,"",M,1031.730,2,"",M,402.014,2,"",M,NaN,,,0,NaN,,,M,396.760,2,"",395.242,2,"",NaN,,,NaN,,
2024-11-11T16:56:08.000Z,4.208,2,"",M,59.886,2,"",M,6.000,2,"",N,11.491,2,"",M,31.154,2,"",M,11.910,2,"",M,1031.855,2,"",M,402.035,2,"",M,NaN,,,0,NaN,,,M,396.881,2,"",395.363,2,"",NaN,,,NaN,,
2024-11-11T16:58:00.000Z,4.208,2,"",M,59.885,2,"",M,6.000,2,"",N,11.491,2,"",M,31.156,2,"",M,11.910,2,"",M,1032.190,2,"",M,402.446,2,"",M,NaN,,,0,NaN,,,M,397.422,2,"",395.901,2,"",NaN,,,NaN,,
2024-11-11T16:59:52.000Z,4.209,2,"",M,59.885,2,"",M,6.000,2,"",N,11.493,2,"",M,31.155,2,"",M,11.910,2,"",M,1032.180,2,"",M,402.677,2,"",M,NaN,,,0,NaN,,,M,397.689,2,"",396.167,2,"",NaN,,,NaN,,
2024-11-11T17:01:44.000Z,4.210,2,"",M,59.883,2,"",M,6.000,2,"",N,11.494,2,"",M,31.156,2,"",M,11.920,2,"",M,1031.770,2,"",M,402.658,2,"",M,NaN,,,0,NaN,,,M,397.344,2,"",395.824,2,"",NaN,,,NaN,,
2024-11-11T17:03:36.000Z,4.210,2,"",M,59.883,2,"",M,6.000,2,"",N,11.494,2,"",M,31.157,2,"",M,11.930,2,"",M,1032.210,2,"",M,402.948,2,"",M,NaN,,,0,NaN,,,M,397.642,2,"",396.120,2,"",NaN,,,NaN,,
2024-11-11T17:05:29.000Z,4.211,2,"",M,59.882,2,"",M,6.000,2,"",N,11.496,2,"",M,31.156,2,"",M,11.930,2,"",M,1032.010,2,"",M,403.469,2,"",M,NaN,,,0,NaN,,,M,398.099,2,"",396.576,2,"",NaN,,,NaN,,
2024-11-11T17:07:21.000Z,4.212,2,"",M,59.880,2,"",M,6.000,2,"",N,11.497,2,"",M,31.158,2,"",M,11.920,2,"",M,1031.950,2,"",M,403.100,2,"",M,NaN,,,0,NaN,,,M,397.906,2,"",396.383,2,"",NaN,,,NaN,,
2024-11-11T17:09:13.000Z,4.213,2,"",M,59.879,2,"",M,6.000,2,"",N,11.499,2,"",M,31.161,2,"",M,11.920,2,"",M,1032.280,2,"",M,403.221,2,"",M,NaN,,,0,NaN,,,M,398.188,2,"",396.664,2,"",NaN,,,NaN,,
2024-11-11T17:11:05.000Z,4.214,2,"",M,59.877,2,"",M,6.000,2,"",N,11.502,2,"",M,31.165,2,"",M,11.920,2,"",M,1031.760,2,"",M,403.642,2,"",M,NaN,,,0,NaN,,,M,398.446,2,"",396.922,2,"",NaN,,,NaN,,
2024-11-11T17:12:57.000Z,4.215,2,"",M,59.876,2,"",M,6.000,2,"",N,11.507,2,"",M,31.176,2,"",M,11.930,2,"",M,1031.960,2,"",M,403.322,2,"",M,NaN,,,0,NaN,,,M,398.127,2,"",396.603,2,"",NaN,,,NaN,,
2024-11-11T17:14:50.000Z,4.218,2,"",M,59.876,2,"",M,6.000,2,"",N,11.509,2,"",M,31.184,2,"",M,11.940,2,"",M,1031.990,2,"",M,403.833,2,"",M,NaN,,,0,NaN,,,M,398.498,2,"",396.973,2,"",NaN,,,NaN,,
2024-11-11T17:16:42.000Z,4.225,2,"",M,59.877,2,"",M,6.000,2,"",N,11.516,2,"",M,31.184,2,"",M,11.940,2,"",M,1032.270,2,"",M,404.214,2,"",M,NaN,,,0,NaN,,,M,399.098,2,"",397.570,2,"",NaN,,,NaN,,
2024-11-11T17:18:34.000Z,4.232,2,"",M,59.880,2,"",M,6.000,2,"",N,11.523,2,"",M,31.204,2,"",M,11.940,2,"",M,1032.180,2,"",M,404.475,2,"",M,NaN,,,0,NaN,,,M,399.450,2,"",397.921,2,"",NaN,,,NaN,,
2024-11-11T17:20:26.000Z,4.234,2,"",M,59.884,2,"",M,6.000,2,"",N,11.520,2,"",M,31.226,2,"",M,11.950,2,"",M,1032.250,2,"",M,404.606,2,"",M,NaN,,,0,NaN,,,M,399.378,2,"",397.850,2,"",NaN,,,NaN,,
2024-11-11T17:22:19.000Z,4.234,2,"",M,59.888,2,"",M,6.000,2,"",N,11.506,2,"",M,31.234,2,"",M,11.940,2,"",M,1032.040,2,"",M,405.017,2,"",M,NaN,,,0,NaN,,,M,399.642,2,"",398.113,2,"",NaN,,,NaN,,
2024-11-11T17:24:11.000Z,4.234,2,"",M,59.893,2,"",M,6.000,2,"",N,11.508,2,"",M,31.227,2,"",M,11.930,2,"",M,1031.880,2,"",M,405.368,2,"",M,NaN,,,0,NaN,,,M,400.134,2,"",398.603,2,"",NaN,,,NaN,,
2024-11-11T17:26:03.000Z,4.233,2,"",M,59.897,2,"",M,6.000,2,"",N,11.509,2,"",M,31.220,2,"",M,11.940,2,"",M,1032.260,2,"",M,405.199,2,"",M,NaN,,,0,NaN,,,M,399.950,2,"",398.419,2,"",NaN,,,NaN,,
2024-11-11T17:27:56.000Z,4.230,2,"",M,59.901,2,"",M,6.000,2,"",N,11.512,2,"",M,31.211,2,"",M,11.940,2,"",M,1032.010,2,"",M,405.099,2,"",M,NaN,,,0,NaN,,,M,399.806,2,"",398.276,2,"",NaN,,,NaN,,
2024-11-11T17:29:47.000Z,4.228,2,"",M,59.906,2,"",M,6.000,2,"",N,11.517,2,"",M,31.195,2,"",M,11.940,2,"",M,1031.700,2,"",M,405.500,2,"",M,NaN,,,0,NaN,,,M,400.161,2,"",398.631,2,"",NaN,,,NaN,,
2024-11-11T17:31:40.000Z,4.226,2,"",M,59.910,2,"",M,6.000,2,"",N,11.523,2,"",M,31.178,2,"",M,11.940,2,"",M,1032.000,2,"",M,404.961,2,"",M,NaN,,,0,NaN,,,M,399.860,2,"",398.331,2,"",NaN,,,NaN,,
2024-11-11T17:33:32.000Z,4.224,2,"",M,59.914,2,"",M,6.000,2,"",N,11.530,2,"",M,31.161,2,"",M,11.940,2,"",M,1031.855,2,"",M,404.882,2,"",M,NaN,,,0,NaN,,,M,399.834,2,"",398.304,2,"",NaN,,,NaN,,
2024-11-11T17:35:24.000Z,4.222,2,"",M,59.919,2,"",M,6.000,2,"",N,11.532,2,"",M,31.147,2,"",M,11.950,2,"",M,1031.990,2,"",M,404.833,2,"",M,NaN,,,0,NaN,,,M,399.709,2,"",398.180,2,"",NaN,,,NaN,,
2024-11-11T17:37:16.000Z,4.220,2,"",M,59.923,2,"",M,6.000,2,"",N,11.532,2,"",M,31.134,2,"",M,11.960,2,"",M,1031.990,2,"",M,404.663,2,"",M,NaN,,,0,NaN,,,M,399.361,2,"",397.833,2,"",NaN,,,NaN,,
2024-11-11T17:39:30.000Z,4.217,2,"",M,59.928,2,"",M,6.000,2,"",N,11.519,2,"",I,31.119,2,"",I,11.960,2,"",M,1032.230,2,"",M,404.944,2,"",M,NaN,,,0,NaN,,,M,399.516,2,"",397.987,2,"",NaN,,,NaN,,
2024-11-11T17:41:22.000Z,4.215,2,"",M,59.933,2,"",M,6.000,2,"",N,11.508,2,"",M,31.107,2,"",M,11.950,2,"",M,1032.430,2,"",M,404.655,2,"",M,NaN,,,0,NaN,,,M,399.300,2,"",397.772,2,"",NaN,,,NaN,,
2024-11-11T17:43:14.000Z,4.213,2,"",M,59.937,2,"",M,6.000,2,"",N,11.508,2,"",M,31.109,2,"",M,11.940,2,"",M,1032.500,2,"",M,404.296,2,"",M,NaN,,,0,NaN,,,M,399.141,2,"",397.613,2,"",NaN,,,NaN,,
2024-11-11T17:45:07.000Z,4.211,2,"",M,59.942,2,"",M,6.000,2,"",N,11.501,2,"",M,31.133,2,"",M,11.930,2,"",M,1032.380,2,"",M,403.857,2,"",M,NaN,,,0,NaN,,,M,398.717,2,"",397.191,2,"",NaN,,,NaN,,
2024-11-11T17:46:59.000Z,4.210,2,"",M,59.945,2,"",M,6.000,2,"",N,11.497,2,"",M,31.174,2,"",M,11.930,2,"",M,1032.590,2,"",M,403.427,2,"",M,NaN,,,0,NaN,,,M,398.311,2,"",396.786,2,"",NaN,,,NaN,,
2024-11-11T17:48:51.000Z,4.209,2,"",M,59.947,2,"",M,6.000,2,"",N,11.469,2,"",M,31.266,2,"",M,11.920,2,"",M,1032.570,2,"",M,403.188,2,"",M,NaN,,,0,NaN,,,M,397.769,2,"",396.246,2,"",NaN,,,NaN,,
2024-11-11T17:50:43.000Z,4.208,2,"",M,59.949,2,"",M,6.000,2,"",N,11.450,2,"",M,31.318,2,"",M,11.910,2,"",M,1032.610,2,"",M,403.229,2,"",M,NaN,,,0,NaN,,,M,397.666,2,"",396.143,2,"",NaN,,,NaN,,
2024-11-11T17:52:35.000Z,4.209,2,"",M,59.949,2,"",M,6.000,2,"",N,11.441,2,"",M,31.342,2,"",M,11.890,2,"",M,1032.400,2,"",M,403.490,2,"",M,NaN,,,0,NaN,,,M,398.033,2,"",396.509,2,"",NaN,,,NaN,,
2024-11-11T17:54:28.000Z,4.210,2,"",M,59.950,2,"",M,6.000,2,"",N,11.451,2,"",M,31.338,2,"",M,11.870,2,"",M,1032.480,2,"",M,403.191,2,"",M,NaN,,,0,NaN,,,M,398.280,2,"",396.754,2,"",NaN,,,NaN,,
2024-11-11T17:56:20.000Z,4.210,2,"",M,59.950,2,"",M,6.000,2,"",N,11.453,2,"",M,31.324,2,"",M,11.880,2,"",M,1032.120,2,"",M,402.961,2,"",M,NaN,,,0,NaN,,,M,397.788,2,"",396.265,2,"",NaN,,,NaN,,
2024-11-11T17:58:12.000Z,4.211,2,"",M,59.950,2,"",M,6.000,2,"",N,11.460,2,"",M,31.288,2,"",M,11.880,2,"",M,1032.420,2,"",M,403.002,2,"",M,NaN,,,0,NaN,,,M,398.055,2,"",396.531,2,"",NaN,,,NaN,,
2024-11-11T18:00:04.000Z,4.212,2,"",M,59.950,2,"",M,6.000,2,"",N,11.474,2,"",M,31.258,2,"",M,11.880,2,"",M,1032.210,2,"",M,403.173,2,"",M,NaN,,,0,NaN,,,M,398.381,2,"",396.855,2,"",NaN,,,NaN,,
2024-11-11T18:01:57.000Z,4.213,2,"",M,59.950,2,"",M,6.000,2,"",N,11.481,2,"",M,31.246,2,"",M,11.910,2,"",M,1032.360,2,"",M,403.404,2,"",M,NaN,,,0,NaN,,,M,398.274,2,"",396.749,2,"",NaN,,,NaN,,
2024-11-11T18:03:49.000Z,4.214,2,"",M,59.950,2,"",M,6.000,2,"",N,11.480,2,"",M,31.228,2,"",M,11.910,2,"",M,1032.355,2,"",M,403.385,2,"",M,NaN,,,0,NaN,,,M,398.238,2,"",396.713,2,"",NaN,,,NaN,,
2024-11-11T18:05:41.000Z,4.215,2,"",M,59.950,2,"",M,6.000,2,"",N,11.481,2,"",M,31.197,2,"",M,11.910,2,"",M,1032.290,2,"",M,403.425,2,"",M,NaN,,,0,NaN,,,M,398.269,2,"",396.744,2,"",NaN,,,NaN,,
2024-11-11T18:07:33.000Z,4.215,2,"",M,59.950,2,"",M,6.000,2,"",N,11.483,2,"",M,31.174,2,"",M,11.900,2,"",M,1032.110,2,"",M,403.256,2,"",M,NaN,,,0,NaN,,,M,398.238,2,"",396.713,2,"",NaN,,,NaN,,
2024-11-11T18:09:25.000Z,4.216,2,"",M,59.950,2,"",M,6.000,2,"",N,11.484,2,"",M,31.161,2,"",M,11.900,2,"",M,1032.220,2,"",M,403.177,2,"",M,NaN,,,0,NaN,,,M,398.204,2,"",396.680,2,"",NaN,,,NaN,,
2024-11-11T18:11:18.000Z,4.216,2,"",M,59.950,2,"",M,6.000,2,"",N,11.486,2,"",M,31.149,2,"",M,11.910,2,"",M,1032.280,2,"",M,402.968,2,"",M,NaN,,,0,NaN,,,M,397.890,2,"",396.366,2,"",NaN,,,NaN,,
2024-11-11T18:13:10.000Z,4.217,2,"",M,59.950,2,"",M,6.000,2,"",N,11.489,2,"",M,31.138,2,"",M,11.910,2,"",M,1032.090,2,"",M,402.979,2,"",M,NaN,,,0,NaN,,,M,397.872,2,"",396.349,2,"",NaN,,,NaN,,
2024-11-11T18:15:02.000Z,4.218,2,"",M,59.950,2,"",M,6.000,2,"",N,11.487,2,"",M,31.128,2,"",M,11.910,2,"",M,1032.520,2,"",M,402.699,2,"",M,NaN,,,0,NaN,,,M,397.732,2,"",396.209,2,"",NaN,,,NaN,,
2024-11-11T18:16:54.000Z,4.219,2,"",M,59.949,2,"",M,6.000,2,"",N,11.491,2,"",M,31.120,2,"",M,11.910,2,"",M,1032.390,2,"",M,402.800,2,"",M,NaN,,,0,NaN,,,M,397.849,2,"",396.326,2,"",NaN,,,NaN,,
2024-11-11T18:18:47.000Z,4.219,2,"",M,59.949,2,"",M,6.000,2,"",N,11.493,2,"",M,31.116,2,"",M,11.910,2,"",M,1032.790,2,"",M,402.941,2,"",M,NaN,,,0,NaN,,,M,398.180,2,"",396.655,2,"",NaN,,,NaN,,
2024-11-11T18:23:16.000Z,4.221,2,"",M,59.949,2,"",M,6.000,2,"",N,NaN,,,M,NaN,,,M,NaN,,,M,NaN,,,M,NaN,,,0,NaN,,,0,NaN,,,M,NaN,,,NaN,,,NaN,,,NaN,,
2024-11-11T18:25:06.000Z,4.222,2,"",M,59.949,2,"",M,6.000,2,"",N,NaN,,,M,NaN,,,M,NaN,,,M,NaN,,,M,NaN,,,0,NaN,,,0,NaN,,,M,NaN,,,NaN,,,NaN,,,NaN,,
2024-11-11T18:26:56.000Z,4.223,2,"",M,59.948,2,"",M,6.000,2,"",N,NaN,,,M,NaN,,,M,NaN,,,M,NaN,,,M,NaN,,,0,NaN,,,0,NaN,,,M,NaN,,,NaN,,,NaN,,,NaN,,
2024-11-11T18:31:25.000Z,4.224,2,"",M,59.948,2,"",M,6.000,2,"",N,NaN,,,M,NaN,,,M,NaN,,,M,NaN,,,M,NaN,,,0,NaN,,,0,NaN,,,M,NaN,,,NaN,,,NaN,,,NaN,,
2024-11-11T18:33:15.000Z,4.225,2,"",M,59.948,2,"",M,6.000,2,"",N,NaN,,,M,NaN,,,M,NaN,,,M,NaN,,,M,NaN,,,0,NaN,,,0,NaN,,,M,NaN,,,NaN,,,NaN,,,NaN,,
2024-11-11T18:35:05.000Z,4.226,2,"",M,59.948,2,"",M,6.000,2,"",N,NaN,,,M,NaN,,,M,NaN,,,M,NaN,,,M,NaN,,,0,NaN,,,0,NaN,,,M,NaN,,,NaN,,,NaN,,,NaN,,
2024-11-11T18:39:35.000Z,4.227,2,"",M,59.948,2,"",M,6.000,2,"",N,NaN,,,M,NaN,,,M,NaN,,,M,NaN,,,M,NaN,,,0,NaN,,,0,NaN,,,M,NaN,,,NaN,,,NaN,,,NaN,,
2024-11-11T18:41:45.000Z,4.228,2,"",M,59.948,2,"",M,6.000,2,"",N,NaN,,,M,NaN,,,M,NaN,,,M,NaN,,,M,NaN,,,0,NaN,,,0,NaN,,,M,NaN,,,NaN,,,NaN,,,NaN,,
2024-11-11T18:43:35.000Z,4.229,2,"",M,59.948,2,"",M,6.000,2,"",N,NaN,,,M,NaN,,,M,NaN,,,M,NaN,,,M,NaN,,,0,NaN,,,0,NaN,,,M,NaN,,,NaN,,,NaN,,,NaN,,
2024-11-11T18:48:05.000Z,4.230,2,"",M,59.947,2,"",M,6.000,2,"",N,11.524,2,"",M,31.134,2,"",M,NaN,,,M,NaN,,,M,NaN,,,0,425.053,2,"",M,1032.600,2,"",M,NaN,,,NaN,,,428.610,2,"",426.956,2,""
2024-11-11T18:49:55.000Z,4.231,2,"",M,59.947,2,"",M,6.000,2,"",N,11.524,2,"",M,31.140,2,"",M,NaN,,,M,NaN,,,M,NaN,,,0,424.984,2,"",M,1032.600,2,"",M,NaN,,,NaN,,,428.540,2,"",426.887,2,""
2024-11-11T18:51:45.000Z,4.231,2,"",M,59.947,2,"",M,6.000,2,"",N,11.524,2,"",M,31.144,2,"",M,NaN,,,M,NaN,,,M,NaN,,,0,425.285,2,"",M,1032.600,2,"",M,NaN,,,NaN,,,428.844,2,"",427.190,2,""
2024-11-11T18:53:34.000Z,4.232,2,"",M,59.947,2,"",M,6.000,2,"",N,11.520,2,"",M,31.153,2,"",M,NaN,,,M,NaN,,,M,NaN,,,0,424.986,2,"",M,1032.700,2,"",M,NaN,,,NaN,,,428.586,2,"",426.933,2,""
2024-11-11T18:55:24.000Z,4.233,2,"",M,59.947,2,"",M,6.000,2,"",N,11.517,2,"",M,31.157,2,"",M,NaN,,,M,NaN,,,M,NaN,,,0,425.207,2,"",M,1032.500,2,"",M,NaN,,,NaN,,,428.726,2,"",427.072,2,""
2024-11-11T19:00:34.000Z,4.225,2,"",M,59.949,2,"",M,6.000,2,"",N,11.529,2,"",M,31.159,2,"",M,11.950,2,"",M,1032.830,2,"",M,404.413,2,"",M,NaN,,,0,NaN,,,M,399.566,2,"",398.036,2,"",NaN,,,NaN,,
2024-11-11T19:02:27.000Z,4.220,2,"",M,59.949,2,"",M,6.000,2,"",N,11.529,2,"",M,31.140,2,"",M,11.950,2,"",M,1032.780,2,"",M,404.234,2,"",M,NaN,,,0,NaN,,,M,399.367,2,"",397.838,2,"",NaN,,,NaN,,
2024-11-11T19:04:19.000Z,4.214,2,"",M,59.948,2,"",M,6.000,2,"",N,11.522,2,"",M,31.127,2,"",M,11.950,2,"",M,1033.000,2,"",M,404.075,2,"",M,NaN,,,0,NaN,,,M,399.184,2,"",397.656,2,"",NaN,,,NaN,,
2024-11-11T19:06:11.000Z,4.211,2,"",M,59.946,2,"",M,6.000,2,"",N,11.500,2,"",M,31.118,2,"",M,11.960,2,"",M,1032.840,2,"",M,403.806,2,"",M,NaN,,,0,NaN,,,M,398.319,2,"",396.794,2,"",NaN,,,NaN,,
2024-11-11T19:08:03.000Z,4.209,2,"",M,59.945,2,"",M,6.000,2,"",N,11.496,2,"",M,31.117,2,"",M,11.940,2,"",M,1032.770,2,"",M,404.047,2,"",M,NaN,,,0,NaN,,,M,398.792,2,"",397.265,2,"",NaN,,,NaN,,
2024-11-11T19:09:56.000Z,4.207,2,"",M,59.945,2,"",M,6.000,2,"",N,11.489,2,"",M,31.115,2,"",M,11.920,2,"",M,1032.930,2,"",M,403.888,2,"",M,NaN,,,0,NaN,,,M,398.934,2,"",397.406,2,"",NaN,,,NaN,,
2024-11-11T19:11:48.000Z,4.206,2,"",M,59.945,2,"",M,6.000,2,"",N,11.487,2,"",M,31.114,2,"",M,11.920,2,"",M,1032.490,2,"",M,403.468,2,"",M,NaN,,,0,NaN,,,M,398.311,2,"",396.786,2,"",NaN,,,NaN,,
2024-11-11T19:13:40.000Z,4.207,2,"",M,59.946,2,"",M,6.000,2,"",N,11.493,2,"",M,31.114,2,"",M,11.910,2,"",M,1032.820,2,"",M,403.389,2,"",M,NaN,,,0,NaN,,,M,398.639,2,"",397.112,2,"",NaN,,,NaN,,
2024-11-11T19:15:32.000Z,4.208,2,"",M,59.944,2,"",M,6.000,2,"",N,11.497,2,"",M,31.133,2,"",M,11.910,2,"",M,1033.170,2,"",M,403.280,2,"",M,NaN,,,0,NaN,,,M,398.736,2,"",397.208,2,"",NaN,,,NaN,,
2024-11-11T19:17:24.000Z,4.210,2,"",M,59.941,2,"",M,6.000,2,"",N,11.501,2,"",M,31.129,2,"",M,11.930,2,"",M,1033.190,2,"",M,402.841,2,"",M,NaN,,,0,NaN,,,M,398.021,2,"",396.496,2,"",NaN,,,NaN,,
2024-11-11T19:19:17.000Z,4.211,2,"",M,59.938,2,"",M,6.000,2,"",N,11.509,2,"",M,31.129,2,"",M,11.930,2,"",M,1033.055,2,"",M,403.022,2,"",M,NaN,,,0,NaN,,,M,398.295,2,"",396.770,2,"",NaN,,,NaN,,
2024-11-11T19:21:09.000Z,4.212,2,"",M,59.936,2,"",M,6.000,2,"",N,11.517,2,"",M,31.133,2,"",M,11.930,2,"",M,1032.940,2,"",M,403.274,2,"",M,NaN,,,0,NaN,,,M,398.621,2,"",397.094,2,"",NaN,,,NaN,,
2024-11-11T19:23:01.000Z,4.213,2,"",M,59.934,2,"",M,6.000,2,"",N,11.521,2,"",M,31.149,2,"",M,11.940,2,"",M,1032.840,2,"",M,403.195,2,"",M,NaN,,,0,NaN,,,M,398.406,2,"",396.880,2,"",NaN,,,NaN,,
2024-11-11T19:24:53.000Z,4.214,2,"",M,59.932,2,"",M,6.000,2,"",N,11.522,2,"",M,31.166,2,"",M,11.940,2,"",M,1033.300,2,"",M,403.646,2,"",M,NaN,,,0,NaN,,,M,399.055,2,"",397.527,2,"",NaN,,,NaN,,
2024-11-11T19:26:46.000Z,4.216,2,"",M,59.929,2,"",M,6.000,2,"",N,11.520,2,"",M,31.185,2,"",M,11.950,2,"",M,1032.940,2,"",M,403.867,2,"",M,NaN,,,0,NaN,,,M,398.917,2,"",397.389,2,"",NaN,,,NaN,,
2024-11-11T19:28:38.000Z,4.217,2,"",M,59.927,2,"",M,6.000,2,"",N,11.505,2,"",M,31.208,2,"",M,11.960,2,"",M,1032.780,2,"",M,404.238,2,"",M,NaN,,,0,NaN,,,M,398.806,2,"",397.279,2,"",NaN,,,NaN,,
2024-11-11T19:30:30.000Z,4.219,2,"",M,59.925,2,"",M,6.000,2,"",N,11.486,2,"",M,31.242,2,"",M,11.940,2,"",M,1033.260,2,"",M,404.559,2,"",M,NaN,,,0,NaN,,,M,399.329,2,"",397.799,2,"",NaN,,,NaN,,
2024-11-11T19:32:22.000Z,4.220,2,"",M,59.923,2,"",M,6.000,2,"",N,11.473,2,"",M,31.259,2,"",M,11.920,2,"",M,1033.100,2,"",M,404.220,2,"",M,NaN,,,0,NaN,,,M,399.057,2,"",397.528,2,"",NaN,,,NaN,,
2024-11-11T19:34:15.000Z,4.220,2,"",M,59.922,2,"",M,6.000,2,"",N,11.465,2,"",M,31.257,2,"",M,11.900,2,"",M,1033.100,2,"",M,404.551,2,"",M,NaN,,,0,NaN,,,M,399.599,2,"",398.068,2,"",NaN,,,NaN,,
2024-11-11T19:36:07.000Z,4.221,2,"",M,59.920,2,"",M,6.000,2,"",N,11.456,2,"",M,31.256,2,"",M,11.890,2,"",M,1033.185,2,"",M,404.282,2,"",M,NaN,,,0,NaN,,,M,399.379,2,"",397.849,2,"",NaN,,,NaN,,
2024-11-11T19:37:59.000Z,4.222,2,"",M,59.919,2,"",M,6.000,2,"",N,11.450,2,"",M,31.255,2,"",M,11.890,2,"",M,1033.070,2,"",M,404.003,2,"",M,NaN,,,0,NaN,,,M,398.960,2,"",397.431,2,"",NaN,,,NaN,,
2024-11-11T19:40:12.000Z,4.223,2,"",M,59.917,2,"",M,6.000,2,"",N,11.449,2,"",M,31.259,2,"",M,11.890,2,"",M,1033.410,2,"",M,404.014,2,"",M,NaN,,,0,NaN,,,M,399.082,2,"",397.552,2,"",NaN,,,NaN,,
2024-11-11T19:42:05.000Z,4.223,2,"",M,59.915,2,"",M,6.000,2,"",N,11.444,2,"",M,31.260,2,"",M,11.880,2,"",M,1033.740,2,"",M,404.035,2,"",M,NaN,,,0,NaN,,,M,399.330,2,"",397.798,2,"",NaN,,,NaN,,
2024-11-11T19:43:57.000Z,4.224,2,"",M,59.914,2,"",M,6.000,2,"",N,11.442,2,"",M,31.265,2,"",M,11.880,2,"",M,1033.820,2,"",M,404.176,2,"",M,NaN,,,0,NaN,,,M,399.455,2,"",397.923,2,"",NaN,,,NaN,,
2024-11-11T19:45:49.000Z,4.225,2,"",M,59.912,2,"",M,6.000,2,"",N,11.444,2,"",M,31.267,2,"",M,11.870,2,"",M,1033.780,2,"",M,404.177,2,"",M,NaN,,,0,NaN,,,M,399.645,2,"",398.112,2,"",NaN,,,NaN,,
2024-11-11T19:47:41.000Z,4.226,2,"",M,59.910,2,"",M,6.000,2,"",N,11.442,2,"",M,31.269,2,"",M,11.870,2,"",M,1034.070,2,"",M,403.698,2,"",M,NaN,,,0,NaN,,,M,399.266,2,"",397.734,2,"",NaN,,,NaN,,
2024-11-11T19:49:34.000Z,4.226,2,"",M,59.909,2,"",M,6.000,2,"",N,11.444,2,"",M,31.274,2,"",M,11.870,2,"",M,1034.120,2,"",M,403.629,2,"",M,NaN,,,0,NaN,,,M,399.235,2,"",397.703,2,"",NaN,,,NaN,,
2024-11-11T19:51:26.000Z,4.227,2,"",M,59.907,2,"",M,6.000,2,"",N,11.443,2,"",M,31.278,2,"",M,11.880,2,"",M,1034.160,2,"",M,403.850,2,"",M,NaN,,,0,NaN,,,M,399.296,2,"",397.764,2,"",NaN,,,NaN,,
2024-11-11T19:53:18.000Z,4.228,2,"",M,59.905,2,"",M,6.000,2,"",N,11.442,2,"",M,31.281,2,"",M,11.880,2,"",M,1034.000,2,"",M,403.921,2,"",M,NaN,,,0,NaN,,,M,399.276,2,"",397.744,2,"",NaN,,,NaN,,
2024-11-11T19:55:10.000Z,4.228,2,"",M,59.904,2,"",M,6.000,2,"",N,11.444,2,"",I,31.284,2,"",I,11.870,2,"",M,1033.890,2,"",M,404.302,2,"",M,NaN,,,0,NaN,,,M,399.816,2,"",398.282,2,"",NaN,,,NaN,,
2024-11-11T19:57:03.000Z,4.229,2,"",M,59.902,2,"",M,6.000,2,"",N,11.446,2,"",M,31.288,2,"",M,11.870,2,"",M,1034.280,2,"",M,404.163,2,"",M,NaN,,,0,NaN,,,M,399.865,2,"",398.331,2,"",NaN,,,NaN,,
2024-11-11T19:58:55.000Z,4.230,2,"",M,59.901,2,"",M,6.000,2,"",N,11.446,2,"",M,31.292,2,"",M,11.870,2,"",M,1034.050,2,"",M,404.064,2,"",M,NaN,,,0,NaN,,,M,399.684,2,"",398.150,2,"",NaN,,,NaN,,
2024-11-11T20:00:47.000Z,4.231,2,"",M,59.899,2,"",M,6.000,2,"",N,11.443,2,"",M,31.296,2,"",M,11.870,2,"",M,1034.490,2,"",M,404.075,2,"",M,NaN,,,0,NaN,,,M,399.819,2,"",398.284,2,"",NaN,,,NaN,,
2024-11-11T20:02:40.000Z,4.232,2,"",M,59.898,2,"",M,6.000,2,"",N,11.443,2,"",M,31.300,2,"",M,11.880,2,"",M,1034.010,2,"",M,403.976,2,"",M,NaN,,,0,NaN,,,M,399.352,2,"",397.820,2,"",NaN,,,NaN,,
2024-11-11T20:04:31.000Z,4.233,2,"",M,59.896,2,"",M,6.000,2,"",N,11.438,2,"",M,31.302,2,"",M,11.880,2,"",M,1034.210,2,"",M,404.248,2,"",M,NaN,,,0,NaN,,,M,399.617,2,"",398.084,2,"",NaN,,,NaN,,
2024-11-11T20:06:24.000Z,4.234,2,"",M,59.895,2,"",M,6.000,2,"",N,11.440,2,"",M,31.304,2,"",M,11.870,2,"",M,1034.125,2,"",M,404.239,2,"",M,NaN,,,0,NaN,,,M,399.774,2,"",398.240,2,"",NaN,,,NaN,,
2024-11-11T20:08:16.000Z,4.234,2,"",M,59.894,2,"",M,6.000,2,"",N,11.441,2,"",M,31.307,2,"",M,11.870,2,"",M,1033.970,2,"",M,404.250,2,"",M,NaN,,,0,NaN,,,M,399.749,2,"",398.216,2,"",NaN,,,NaN,,
2024-11-11T20:10:08.000Z,4.234,2,"",M,59.893,2,"",M,6.000,2,"",N,11.443,2,"",M,31.309,2,"",M,11.870,2,"",M,1034.100,2,"",M,404.221,2,"",M,NaN,,,0,NaN,,,M,399.808,2,"",398.274,2,"",NaN,,,NaN,,
2024-11-11T20:12:00.000Z,4.235,2,"",M,59.892,2,"",M,6.000,2,"",N,11.442,2,"",M,31.311,2,"",M,11.870,2,"",M,1033.870,2,"",M,404.322,2,"",M,NaN,,,0,NaN,,,M,399.795,2,"",398.261,2,"",NaN,,,NaN,,
2024-11-11T20:13:53.000Z,4.235,2,"",M,59.891,2,"",M,6.000,2,"",N,11.442,2,"",M,31.312,2,"",M,11.870,2,"",M,1034.090,2,"",M,404.213,2,"",M,NaN,,,0,NaN,,,M,399.783,2,"",398.249,2,"",NaN,,,NaN,,
2024-11-11T20:15:45.000Z,4.236,2,"",M,59.890,2,"",M,6.000,2,"",N,11.444,2,"",M,31.314,2,"",M,11.880,2,"",M,1034.170,2,"",M,404.584,2,"",M,NaN,,,0,NaN,,,M,400.030,2,"",398.495,2,"",NaN,,,NaN,,
2024-11-11T20:17:37.000Z,4.236,2,"",M,59.889,2,"",M,6.000,2,"",N,11.449,2,"",M,31.316,2,"",M,11.880,2,"",M,1034.130,2,"",M,404.465,2,"",M,NaN,,,0,NaN,,,M,399.981,2,"",398.447,2,"",NaN,,,NaN,,
2024-11-11T20:19:29.000Z,4.237,2,"",M,59.887,2,"",M,6.000,2,"",N,11.451,2,"",M,31.318,2,"",M,11.880,2,"",M,1034.540,2,"",M,404.696,2,"",M,NaN,,,0,NaN,,,M,400.405,2,"",398.868,2,"",NaN,,,NaN,,
2024-11-11T20:21:21.000Z,4.238,2,"",M,59.886,2,"",M,6.000,2,"",N,11.455,2,"",M,31.323,2,"",M,11.880,2,"",M,1034.250,2,"",M,404.507,2,"",M,NaN,,,0,NaN,,,M,400.169,2,"",398.633,2,"",NaN,,,NaN,,
2024-11-11T20:23:14.000Z,4.239,2,"",M,59.883,2,"",M,6.000,2,"",N,11.458,2,"",M,31.330,2,"",M,11.880,2,"",M,1034.180,2,"",M,404.298,2,"",M,NaN,,,0,NaN,,,M,399.992,2,"",398.457,2,"",NaN,,,NaN,,
2024-11-11T20:25:06.000Z,4.243,2,"",M,59.883,2,"",M,6.000,2,"",N,11.460,2,"",M,31.340,2,"",M,11.880,2,"",M,1034.070,2,"",M,404.659,2,"",M,NaN,,,0,NaN,,,M,400.342,2,"",398.806,2,"",NaN,,,NaN,,
2024-11-11T20:26:58.000Z,4.248,2,"",M,59.886,2,"",M,6.000,2,"",N,11.463,2,"",M,31.355,2,"",M,11.890,2,"",M,1034.090,2,"",M,404.810,2,"",M,NaN,,,0,NaN,,,M,400.374,2,"",398.839,2,"",NaN,,,NaN,,
2024-11-11T20:28:50.000Z,4.252,2,"",M,59.889,2,"",M,6.000,2,"",N,11.468,2,"",M,31.395,2,"",M,11.900,2,"",M,1034.200,2,"",M,405.081,2,"",M,NaN,,,0,NaN,,,M,400.600,2,"",399.063,2,"",NaN,,,NaN,,
2024-11-11T20:30:43.000Z,4.251,2,"",M,59.893,2,"",M,6.000,2,"",N,11.472,2,"",M,31.424,2,"",M,11.900,2,"",M,1034.100,2,"",M,405.542,2,"",M,NaN,,,0,NaN,,,M,401.085,2,"",399.547,2,"",NaN,,,NaN,,
2024-11-11T20:32:35.000Z,4.249,2,"",M,59.897,2,"",M,6.000,2,"",N,11.475,2,"",M,31.427,2,"",M,11.900,2,"",M,1034.275,2,"",M,405.654,2,"",M,NaN,,,0,NaN,,,M,401.321,2,"",399.781,2,"",NaN,,,NaN,,
2024-11-11T20:34:27.000Z,4.248,2,"",M,59.902,2,"",M,6.000,2,"",N,11.480,2,"",M,31.422,2,"",M,11.900,2,"",M,1034.710,2,"",M,405.755,2,"",M,NaN,,,0,NaN,,,M,401.664,2,"",400.123,2,"",NaN,,,NaN,,
2024-11-11T20:36:19.000Z,4.246,2,"",M,59.906,2,"",M,6.000,2,"",N,11.484,2,"",M,31.415,2,"",M,11.900,2,"",M,1034.290,2,"",M,405.716,2,"",M,NaN,,,0,NaN,,,M,401.538,2,"",399.997,2,"",NaN,,,NaN,,
2024-11-11T20:38:11.000Z,4.244,2,"",M,59.910,2,"",M,6.000,2,"",N,11.494,2,"",M,31.403,2,"",M,11.910,2,"",M,1034.200,2,"",M,405.837,2,"",M,NaN,,,0,NaN,,,M,401.609,2,"",400.068,2,"",NaN,,,NaN,,
2024-11-11T20:40:24.000Z,4.242,2,"",M,59.916,2,"",M,6.000,2,"",N,11.496,2,"",M,31.399,2,"",M,11.930,2,"",M,1034.166,2,"",M,406.038,2,"",M,NaN,,,0,NaN,,,M,401.483,2,"",399.944,2,"",NaN,,,NaN,,
2024-11-11T20:42:17.000Z,4.240,2,"",M,59.920,2,"",M,6.000,2,"",N,11.490,2,"",M,31.388,2,"",M,11.930,2,"",M,1033.950,2,"",M,406.119,2,"",M,NaN,,,0,NaN,,,M,401.375,2,"",399.836,2,"",NaN,,,NaN,,
2024-11-11T20:44:09.000Z,4.239,2,"",M,59.925,2,"",M,6.000,2,"",N,11.487,2,"",M,31.375,2,"",M,11.920,2,"",M,1034.320,2,"",M,406.160,2,"",M,NaN,,,0,NaN,,,M,401.691,2,"",400.150,2,"",NaN,,,NaN,,
2024-11-11T20:46:01.000Z,4.238,2,"",M,59.930,2,"",M,6.000,2,"",N,11.487,2,"",M,31.357,2,"",M,11.910,2,"",M,1034.440,2,"",M,406.001,2,"",M,NaN,,,0,NaN,,,M,401.752,2,"",400.211,2,"",NaN,,,NaN,,
2024-11-11T20:47:53.000Z,4.238,2,"",M,59.935,2,"",M,6.000,2,"",N,11.487,2,"",M,31.335,2,"",M,11.910,2,"",M,1034.250,2,"",M,405.792,2,"",M,NaN,,,0,NaN,,,M,401.473,2,"",399.933,2,"",NaN,,,NaN,,
2024-11-11T20:49:45.000Z,4.236,2,"",M,59.939,2,"",M,6.000,2,"",N,11.486,2,"",M,31.318,2,"",M,11.920,2,"",M,1034.185,2,"",M,405.603,2,"",M,NaN,,,0,NaN,,,M,401.072,2,"",399.534,2,"",NaN,,,NaN,,
2024-11-11T20:51:38.000Z,4.233,2,"",M,59.944,2,"",M,6.000,2,"",N,11.463,2,"",M,31.290,2,"",M,11.920,2,"",M,1034.250,2,"",M,405.624,2,"",M,NaN,,,0,NaN,,,M,400.725,2,"",399.188,2,"",NaN,,,NaN,,
2024-11-11T20:53:30.000Z,4.230,2,"",M,59.946,2,"",M,6.000,2,"",N,11.448,2,"",M,31.247,2,"",M,11.900,2,"",M,1033.910,2,"",M,405.415,2,"",M,NaN,,,0,NaN,,,M,400.482,2,"",398.946,2,"",NaN,,,NaN,,
2024-11-11T20:55:22.000Z,4.228,2,"",M,59.947,2,"",M,6.000,2,"",N,11.447,2,"",M,31.238,2,"",M,11.880,2,"",M,1034.150,2,"",M,405.056,2,"",M,NaN,,,0,NaN,,,M,400.540,2,"",399.003,2,"",NaN,,,NaN,,
2024-11-11T20:57:14.000Z,4.226,2,"",M,59.947,2,"",M,6.000,2,"",N,11.447,2,"",M,31.228,2,"",M,11.870,2,"",M,1034.290,2,"",M,404.326,2,"",M,NaN,,,0,NaN,,,M,400.045,2,"",398.510,2,"",NaN,,,NaN,,
2024-11-11T20:59:07.000Z,4.225,2,"",M,59.947,2,"",M,6.000,2,"",N,11.444,2,"",M,31.224,2,"",M,11.870,2,"",M,1034.340,2,"",M,403.917,2,"",M,NaN,,,0,NaN,,,M,399.618,2,"",398.084,2,"",NaN,,,NaN,,
2024-11-11T21:00:59.000Z,4.224,2,"",M,59.947,2,"",M,6.000,2,"",N,11.444,2,"",M,31.223,2,"",M,11.870,2,"",M,1034.500,2,"",M,404.038,2,"",M,NaN,,,0,NaN,,,M,399.788,2,"",398.254,2,"",NaN,,,NaN,,
2024-11-11T21:02:51.000Z,4.224,2,"",M,59.947,2,"",M,6.000,2,"",N,11.443,2,"",M,31.224,2,"",M,11.880,2,"",M,1034.530,2,"",M,403.529,2,"",M,NaN,,,0,NaN,,,M,399.114,2,"",397.583,2,"",NaN,,,NaN,,
2024-11-11T21:04:43.000Z,4.224,2,"",M,59.946,2,"",M,6.000,2,"",N,11.445,2,"",M,31.228,2,"",M,11.880,2,"",M,1034.520,2,"",M,403.740,2,"",M,NaN,,,0,NaN,,,M,399.356,2,"",397.823,2,"",NaN,,,NaN,,
2024-11-11T21:06:35.000Z,4.224,2,"",M,59.946,2,"",M,6.000,2,"",N,11.445,2,"",M,31.229,2,"",M,11.870,2,"",M,1034.415,2,"",M,403.911,2,"",M,NaN,,,0,NaN,,,M,399.647,2,"",398.113,2,"",NaN,,,NaN,,
2024-11-11T21:08:28.000Z,4.224,2,"",M,59.946,2,"",M,6.000,2,"",N,11.445,2,"",M,31.232,2,"",M,11.870,2,"",M,1034.390,2,"",M,403.672,2,"",M,NaN,,,0,NaN,,,M,399.410,2,"",397.877,2,"",NaN,,,NaN,,
2024-11-11T21:10:20.000Z,4.224,2,"",M,59.945,2,"",M,6.000,2,"",N,11.443,2,"",M,31.234,2,"",M,11.870,2,"",M,1034.480,2,"",M,403.583,2,"",M,NaN,,,0,NaN,,,M,399.328,2,"",397.796,2,"",NaN,,,NaN,,
2024-11-11T21:12:12.000Z,4.224,2,"",M,59.945,2,"",M,6.000,2,"",N,11.441,2,"",M,31.236,2,"",M,11.870,2,"",M,1034.680,2,"",M,403.624,2,"",M,NaN,,,0,NaN,,,M,399.413,2,"",397.879,2,"",NaN,,,NaN,,
2024-11-11T21:14:04.000Z,4.225,2,"",M,59.945,2,"",M,6.000,2,"",N,11.441,2,"",M,31.238,2,"",M,11.880,2,"",M,1034.850,2,"",M,403.675,2,"",M,NaN,,,0,NaN,,,M,399.358,2,"",397.825,2,"",NaN,,,NaN,,
2024-11-11T21:15:57.000Z,4.225,2,"",M,59.945,2,"",M,6.000,2,"",N,11.439,2,"",M,31.238,2,"",M,11.870,2,"",M,1034.550,2,"",M,403.916,2,"",M,NaN,,,0,NaN,,,M,399.617,2,"",398.083,2,"",NaN,,,NaN,,
2024-11-11T21:17:49.000Z,4.225,2,"",M,59.944,2,"",M,6.000,2,"",N,11.440,2,"",M,31.240,2,"",M,11.870,2,"",M,1034.710,2,"",M,403.927,2,"",M,NaN,,,0,NaN,,,M,399.706,2,"",398.171,2,"",NaN,,,NaN,,
2024-11-11T21:19:41.000Z,4.225,2,"",M,59.944,2,"",M,6.000,2,"",N,11.442,2,"",M,31.241,2,"",M,11.870,2,"",M,1034.810,2,"",M,403.848,2,"",M,NaN,,,0,NaN,,,M,399.688,2,"",398.154,2,"",NaN,,,NaN,,
2024-11-11T21:21:33.000Z,4.225,2,"",M,59.944,2,"",M,6.000,2,"",N,11.442,2,"",M,31.244,2,"",M,11.870,2,"",M,1034.560,2,"",M,403.529,2,"",M,NaN,,,0,NaN,,,M,399.282,2,"",397.749,2,"",NaN,,,NaN,,
2024-11-11T21:23:26.000Z,4.225,2,"",M,59.943,2,"",M,6.000,2,"",N,11.441,2,"",M,31.248,2,"",M,11.870,2,"",M,1034.465,2,"",M,403.760,2,"",M,NaN,,,0,NaN,,,M,399.463,2,"",397.930,2,"",NaN,,,NaN,,
2024-11-11T21:25:18.000Z,4.225,2,"",M,59.943,2,"",M,6.000,2,"",N,11.445,2,"",M,31.252,2,"",M,11.880,2,"",M,1034.500,2,"",M,403.461,2,"",M,NaN,,,0,NaN,,,M,399.062,2,"",397.531,2,"",NaN,,,NaN,,
2024-11-11T21:27:10.000Z,4.225,2,"",M,59.942,2,"",M,6.000,2,"",N,11.440,2,"",M,31.256,2,"",M,11.880,2,"",M,1034.650,2,"",M,403.672,2,"",M,NaN,,,0,NaN,,,M,399.259,2,"",397.727,2,"",NaN,,,NaN,,
2024-11-11T21:29:02.000Z,4.223,2,"",M,59.943,2,"",M,6.000,2,"",N,11.443,2,"",M,31.252,2,"",M,11.870,2,"",M,1034.580,2,"",M,403.733,2,"",M,NaN,,,0,NaN,,,M,399.512,2,"",397.979,2,"",NaN,,,NaN,,
2024-11-11T21:30:55.000Z,4.226,2,"",M,59.946,2,"",M,6.000,2,"",N,11.447,2,"",M,31.253,2,"",M,11.870,2,"",M,1034.800,2,"",M,404.285,2,"",M,NaN,,,0,NaN,,,M,400.209,2,"",398.672,2,"",NaN,,,NaN,,
2024-11-11T21:32:47.000Z,4.228,2,"",M,59.945,2,"",M,6.000,2,"",N,11.447,2,"",M,31.259,2,"",M,11.870,2,"",M,1034.840,2,"",M,403.846,2,"",M,NaN,,,0,NaN,,,M,399.790,2,"",398.255,2,"",NaN,,,NaN,,
2024-11-11T21:34:39.000Z,4.230,2,"",M,59.942,2,"",M,6.000,2,"",N,11.456,2,"",M,31.262,2,"",M,11.870,2,"",M,1034.760,2,"",M,403.456,2,"",M,NaN,,,0,NaN,,,M,399.524,2,"",397.990,2,"",NaN,,,NaN,,
2024-11-11T21:36:31.000Z,4.230,2,"",M,59.940,2,"",M,6.000,2,"",N,11.472,2,"",M,31.282,2,"",M,11.890,2,"",M,1034.810,2,"",M,403.718,2,"",M,NaN,,,0,NaN,,,M,399.728,2,"",398.194,2,"",NaN,,,NaN,,
2024-11-11T21:38:23.000Z,4.231,2,"",M,59.938,2,"",M,6.000,2,"",N,11.480,2,"",M,31.301,2,"",M,11.900,2,"",M,1034.670,2,"",M,403.789,2,"",M,NaN,,,0,NaN,,,M,399.713,2,"",398.179,2,"",NaN,,,NaN,,
2024-11-11T21:40:37.000Z,4.232,2,"",M,59.935,2,"",M,6.000,2,"",N,11.482,2,"",M,31.314,2,"",M,11.910,2,"",M,1034.900,2,"",M,404.570,2,"",M,NaN,,,0,NaN,,,M,400.438,2,"",398.901,2,"",NaN,,,NaN,,
2024-11-11T21:42:29.000Z,4.233,2,"",M,59.933,2,"",M,6.000,2,"",N,11.482,2,"",M,31.333,2,"",M,11.910,2,"",M,1034.820,2,"",M,404.651,2,"",M,NaN,,,0,NaN,,,M,400.482,2,"",398.945,2,"",NaN,,,NaN,,
2024-11-11T21:44:21.000Z,4.234,2,"",M,59.931,2,"",M,6.000,2,"",N,11.476,2,"",M,31.349,2,"",M,11.910,2,"",M,1034.930,2,"",M,404.922,2,"",M,NaN,,,0,NaN,,,M,400.696,2,"",399.158,2,"",NaN,,,NaN,,
2024-11-11T21:46:13.000Z,4.236,2,"",M,59.928,2,"",M,6.000,2,"",N,11.470,2,"",M,31.365,2,"",M,11.900,2,"",M,1034.770,2,"",M,405.344,2,"",M,NaN,,,0,NaN,,,M,401.112,2,"",399.572,2,"",NaN,,,NaN,,
2024-11-11T21:48:06.000Z,4.237,2,"",M,59.926,2,"",M,6.000,2,"",N,11.461,2,"",M,31.367,2,"",M,11.910,2,"",M,1034.750,2,"",M,405.205,2,"",M,NaN,,,0,NaN,,,M,400.648,2,"",399.111,2,"",NaN,,,NaN,,
2024-11-11T21:49:58.000Z,4.237,2,"",M,59.925,2,"",M,6.000,2,"",N,11.464,2,"",M,31.377,2,"",M,11.900,2,"",M,1034.510,2,"",M,405.686,2,"",M,NaN,,,0,NaN,,,M,401.254,2,"",399.715,2,"",NaN,,,NaN,,
2024-11-11T21:51:50.000Z,4.238,2,"",M,59.924,2,"",M,6.000,2,"",N,11.464,2,"",M,31.392,2,"",M,11.890,2,"",M,1034.600,2,"",M,405.357,2,"",M,NaN,,,0,NaN,,,M,401.142,2,"",399.603,2,"",NaN,,,NaN,,
2024-11-11T21:53:42.000Z,4.239,2,"",M,59.922,2,"",M,6.000,2,"",N,11.460,2,"",M,31.403,2,"",M,11.890,2,"",M,1034.615,2,"",M,404.998,2,"",M,NaN,,,0,NaN,,,M,400.713,2,"",399.175,2,"",NaN,,,NaN,,
2024-11-11T21:55:35.000Z,4.240,2,"",M,59.920,2,"",M,6.000,2,"",N,11.458,2,"",M,31.421,2,"",M,11.820,2,"",M,1034.700,2,"",M,405.579,2,"",M,NaN,,,0,NaN,,,M,402.511,2,"",400.964,2,"",NaN,,,NaN,,
2024-11-11T21:57:26.000Z,4.241,2,"",M,59.919,2,"",M,6.000,2,"",N,11.455,2,"",M,31.437,2,"",M,11.860,2,"",M,1034.540,2,"",M,404.800,2,"",M,NaN,,,0,NaN,,,M,400.932,2,"",399.393,2,"",NaN,,,NaN,,
2024-11-11T21:59:18.000Z,4.241,2,"",M,59.917,2,"",M,6.000,2,"",N,11.449,2,"",M,31.454,2,"",M,11.890,2,"",M,1034.370,2,"",M,405.141,2,"",M,NaN,,,0,NaN,,,M,400.570,2,"",399.033,2,"",NaN,,,NaN,,
2024-11-11T22:01:11.000Z,4.242,2,"",M,59.916,2,"",M,6.000,2,"",N,11.437,2,"",M,31.462,2,"",M,11.880,2,"",M,1034.480,2,"",M,405.752,2,"",M,NaN,,,0,NaN,,,M,401.201,2,"",399.661,2,"",NaN,,,NaN,,
2024-11-11T22:03:03.000Z,4.242,2,"",M,59.914,2,"",M,6.000,2,"",N,11.431,2,"",M,31.466,2,"",M,11.870,2,"",M,1034.490,2,"",M,405.663,2,"",M,NaN,,,0,NaN,,,M,401.179,2,"",399.640,2,"",NaN,,,NaN,,
2024-11-11T22:04:55.000Z,4.243,2,"",M,59.913,2,"",M,6.000,2,"",N,11.428,2,"",M,31.460,2,"",M,11.860,2,"",M,1034.380,2,"",M,405.154,2,"",M,NaN,,,0,NaN,,,M,400.752,2,"",399.214,2,"",NaN,,,NaN,,
2024-11-11T22:06:47.000Z,4.243,2,"",M,59.911,2,"",M,6.000,2,"",N,11.436,2,"",M,31.455,2,"",M,11.850,2,"",M,1034.370,2,"",M,405.105,2,"",M,NaN,,,0,NaN,,,M,401.020,2,"",399.480,2,"",NaN,,,NaN,,
2024-11-11T22:11:17.000Z,4.245,2,"",M,59.907,2,"",M,6.000,2,"",N,NaN,,,M,NaN,,,M,NaN,,,M,NaN,,,M,NaN,,,0,NaN,,,0,NaN,,,M,NaN,,,NaN,,,NaN,,,NaN,,
2024-11-11T22:13:07.000Z,4.245,2,"",M,59.906,2,"",M,6.000,2,"",N,NaN,,,M,NaN,,,M,NaN,,,M,NaN,,,M,NaN,,,0,NaN,,,0,NaN,,,M,NaN,,,NaN,,,NaN,,,NaN,,
2024-11-11T22:14:56.000Z,4.245,2,"",M,59.904,2,"",M,6.000,2,"",N,NaN,,,M,NaN,,,M,NaN,,,M,NaN,,,M,NaN,,,0,NaN,,,0,NaN,,,M,NaN,,,NaN,,,NaN,,,NaN,,
2024-11-11T22:19:26.000Z,4.247,2,"",M,59.900,2,"",M,6.000,2,"",N,NaN,,,M,NaN,,,M,NaN,,,M,NaN,,,M,NaN,,,0,NaN,,,0,NaN,,,M,NaN,,,NaN,,,NaN,,,NaN,,
2024-11-11T22:21:16.000Z,4.247,2,"",M,59.898,2,"",M,6.000,2,"",N,NaN,,,M,NaN,,,M,NaN,,,M,NaN,,,M,NaN,,,0,NaN,,,0,NaN,,,M,NaN,,,NaN,,,NaN,,,NaN,,
2024-11-11T22:23:06.000Z,4.248,2,"",M,59.897,2,"",M,6.000,2,"",N,NaN,,,M,NaN,,,M,NaN,,,M,NaN,,,M,NaN,,,0,NaN,,,0,NaN,,,M,NaN,,,NaN,,,NaN,,,NaN,,
2024-11-11T22:27:35.000Z,4.248,2,"",M,59.895,2,"",M,6.000,2,"",N,NaN,,,M,NaN,,,M,NaN,,,M,NaN,,,M,NaN,,,0,NaN,,,0,NaN,,,M,NaN,,,NaN,,,NaN,,,NaN,,
2024-11-11T22:29:25.000Z,4.248,2,"",M,59.894,2,"",M,6.000,2,"",N,NaN,,,M,NaN,,,M,NaN,,,M,NaN,,,M,NaN,,,0,NaN,,,0,NaN,,,M,NaN,,,NaN,,,NaN,,,NaN,,
2024-11-11T22:31:15.000Z,4.248,2,"",M,59.893,2,"",M,6.000,2,"",N,NaN,,,M,NaN,,,M,NaN,,,M,NaN,,,M,NaN,,,0,NaN,,,0,NaN,,,M,NaN,,,NaN,,,NaN,,,NaN,,
2024-11-11T22:35:45.000Z,4.248,2,"",M,59.890,2,"",M,6.000,2,"",N,11.443,2,"",M,31.486,2,"",M,NaN,,,M,NaN,,,M,NaN,,,0,425.112,2,"",M,1034.100,2,"",M,NaN,,,NaN,,,429.332,2,"",427.671,2,""
2024-11-11T22:37:34.000Z,4.248,2,"",M,59.888,2,"",M,6.000,2,"",N,11.442,2,"",M,31.490,2,"",M,NaN,,,M,NaN,,,M,NaN,,,0,425.021,2,"",M,1034.100,2,"",M,NaN,,,NaN,,,429.240,2,"",427.580,2,""
2024-11-11T22:39:24.000Z,4.249,2,"",M,59.886,2,"",M,6.000,2,"",N,11.440,2,"",M,31.492,2,"",M,NaN,,,M,NaN,,,M,NaN,,,0,425.049,2,"",M,1034.200,2,"",M,NaN,,,NaN,,,429.311,2,"",427.651,2,""
2024-11-11T22:41:34.000Z,4.256,2,"",M,59.886,2,"",M,6.000,2,"",N,11.433,2,"",M,31.496,2,"",M,NaN,,,M,NaN,,,M,NaN,,,0,425.048,2,"",M,1034.300,2,"",M,NaN,,,NaN,,,429.354,2,"",427.693,2,""
2024-11-11T22:43:25.000Z,4.265,2,"",M,59.888,2,"",M,6.000,2,"",N,11.419,2,"",M,31.504,2,"",M,NaN,,,M,NaN,,,M,NaN,,,0,424.986,2,"",M,1034.400,2,"",M,NaN,,,NaN,,,429.339,2,"",427.678,2,""
2024-11-11T22:48:35.000Z,4.266,2,"",M,59.900,2,"",M,6.000,2,"",N,11.348,2,"",M,31.397,2,"",M,11.780,2,"",M,1033.980,2,"",M,404.341,2,"",M,NaN,,,0,NaN,,,M,399.828,2,"",398.292,2,"",NaN,,,NaN,,
2024-11-11T22:50:27.000Z,4.264,2,"",M,59.904,2,"",M,6.000,2,"",N,11.348,2,"",M,31.390,2,"",M,11.780,2,"",M,1034.430,2,"",M,404.239,2,"",M,NaN,,,0,NaN,,,M,399.890,2,"",398.354,2,"",NaN,,,NaN,,
2024-11-11T22:52:20.000Z,4.262,2,"",M,59.910,2,"",M,6.000,2,"",N,11.375,2,"",M,31.415,2,"",M,11.780,2,"",M,1034.400,2,"",M,404.008,2,"",M,NaN,,,0,NaN,,,M,400.118,2,"",398.580,2,"",NaN,,,NaN,,
2024-11-11T22:54:12.000Z,4.260,2,"",M,59.915,2,"",M,6.000,2,"",N,11.395,2,"",M,31.451,2,"",M,11.800,2,"",M,1034.275,2,"",M,404.556,2,"",M,NaN,,,0,NaN,,,M,400.594,2,"",399.055,2,"",NaN,,,NaN,,
2024-11-11T22:56:04.000Z,4.258,2,"",M,59.920,2,"",M,6.000,2,"",N,11.399,2,"",M,31.461,2,"",M,11.820,2,"",M,1034.650,2,"",M,404.825,2,"",M,NaN,,,0,NaN,,,M,400.736,2,"",399.197,2,"",NaN,,,NaN,,
2024-11-11T22:57:56.000Z,4.257,2,"",M,59.925,2,"",M,6.000,2,"",N,11.413,2,"",M,31.486,2,"",M,11.820,2,"",M,1034.390,2,"",M,405.104,2,"",M,NaN,,,0,NaN,,,M,401.152,2,"",399.611,2,"",NaN,,,NaN,,
2024-11-11T22:59:49.000Z,4.255,2,"",M,59.930,2,"",M,6.000,2,"",N,11.435,2,"",M,31.498,2,"",M,11.840,2,"",M,1034.320,2,"",M,405.272,2,"",M,NaN,,,0,NaN,,,M,401.307,2,"",399.766,2,"",NaN,,,NaN,,
2024-11-11T23:01:41.000Z,4.253,2,"",M,59.935,2,"",M,6.000,2,"",N,11.460,2,"",M,31.476,2,"",M,11.860,2,"",M,1034.410,2,"",M,405.591,2,"",M,NaN,,,0,NaN,,,M,401.743,2,"",400.201,2,"",NaN,,,NaN,,
2024-11-11T23:03:33.000Z,4.251,2,"",M,59.940,2,"",M,6.000,2,"",N,11.487,2,"",M,31.459,2,"",M,11.880,2,"",M,1034.510,2,"",M,405.539,2,"",M,NaN,,,0,NaN,,,M,401.838,2,"",400.295,2,"",NaN,,,NaN,,
2024-11-11T23:05:25.000Z,4.250,2,"",M,59.945,2,"",M,6.000,2,"",N,11.487,2,"",M,31.444,2,"",M,11.900,2,"",M,1034.420,2,"",M,406.108,2,"",M,NaN,,,0,NaN,,,M,402.030,2,"",400.487,2,"",NaN,,,NaN,,
2024-11-11T23:07:17.000Z,4.248,2,"",M,59.947,2,"",M,6.000,2,"",N,11.476,2,"",M,31.441,2,"",M,11.910,2,"",M,1034.540,2,"",M,406.657,2,"",M,NaN,,,0,NaN,,,M,402.256,2,"",400.713,2,"",NaN,,,NaN,,
2024-11-11T23:09:10.000Z,4.248,2,"",M,59.949,2,"",M,6.000,2,"",N,11.459,2,"",I,31.440,2,"",I,11.900,2,"",M,1034.690,2,"",M,406.996,2,"",M,NaN,,,0,NaN,,,M,402.541,2,"",400.996,2,"",NaN,,,NaN,,
2024-11-11T23:11:02.000Z,4.247,2,"",M,59.950,2,"",M,6.000,2,"",N,11.443,2,"",M,31.440,2,"",M,11.890,2,"",M,1034.680,2,"",M,406.434,2,"",M,NaN,,,0,NaN,,,M,401.874,2,"",400.332,2,"",NaN,,,NaN,,
2024-11-11T23:12:54.000Z,4.247,2,"",M,59.951,2,"",M,6.000,2,"",N,11.437,2,"",M,31.438,2,"",M,11.880,2,"",M,1034.510,2,"",M,405.882,2,"",M,NaN,,,0,NaN,,,M,401.327,2,"",399.787,2,"",NaN,,,NaN,,
2024-11-11T23:14:46.000Z,4.247,2,"",M,59.951,2,"",M,6.000,2,"",N,11.434,2,"",M,31.438,2,"",M,11.860,2,"",M,1034.610,2,"",M,405.381,2,"",M,NaN,,,0,NaN,,,M,401.165,2,"",399.625,2,"",NaN,,,NaN,,
2024-11-11T23:16:39.000Z,4.248,2,"",M,59.952,2,"",M,6.000,2,"",N,11.438,2,"",M,31.437,2,"",M,11.860,2,"",M,1034.660,2,"",M,405.259,2,"",M,NaN,,,0,NaN,,,M,401.137,2,"",399.597,2,"",NaN,,,NaN,,
2024-11-11T23:18:31.000Z,4.248,2,"",M,59.952,2,"",M,6.000,2,"",N,11.443,2,"",M,31.436,2,"",M,11.860,2,"",M,1034.550,2,"",M,405.137,2,"",M,NaN,,,0,NaN,,,M,401.054,2,"",399.515,2,"",NaN,,,NaN,,
2024-11-11T23:20:23.000Z,4.249,2,"",M,59.952,2,"",M,6.000,2,"",N,11.451,2,"",M,31.434,2,"",M,11.870,2,"",M,1034.740,2,"",M,405.206,2,"",M,NaN,,,0,NaN,,,M,401.164,2,"",399.624,2,"",NaN,,,NaN,,
2024-11-11T23:22:15.000Z,4.250,2,"",M,59.952,2,"",M,6.000,2,"",N,11.458,2,"",M,31.432,2,"",M,11.880,2,"",M,1034.460,2,"",M,405.325,2,"",M,NaN,,,0,NaN,,,M,401.111,2,"",399.572,2,"",NaN,,,NaN,,
2024-11-11T23:24:08.000Z,4.250,2,"",M,59.952,2,"",M,6.000,2,"",N,11.463,2,"",M,31.432,2,"",M,11.880,2,"",M,1034.840,2,"",M,406.063,2,"",M,NaN,,,0,NaN,,,M,402.080,2,"",400.536,2,"",NaN,,,NaN,,
2024-11-11T23:26:00.000Z,4.250,2,"",M,59.953,2,"",M,6.000,2,"",N,11.464,2,"",M,31.432,2,"",M,11.890,2,"",M,1034.580,2,"",M,405.902,2,"",M,NaN,,,0,NaN,,,M,401.668,2,"",400.126,2,"",NaN,,,NaN,,
2024-11-11T23:27:52.000Z,4.250,2,"",M,59.953,2,"",M,6.000,2,"",N,11.466,2,"",M,31.433,2,"",M,11.880,2,"",M,1034.840,2,"",M,405.950,2,"",M,NaN,,,0,NaN,,,M,402.016,2,"",400.473,2,"",NaN,,,NaN,,
2024-11-11T23:29:45.000Z,4.249,2,"",M,59.953,2,"",M,6.000,2,"",N,11.472,2,"",M,31.433,2,"",M,11.890,2,"",M,1034.530,2,"",M,405.989,2,"",M,NaN,,,0,NaN,,,M,401.876,2,"",400.333,2,"",NaN,,,NaN,,
2024-11-11T23:31:36.000Z,4.248,2,"",M,59.952,2,"",M,6.000,2,"",N,11.470,2,"",M,31.435,2,"",M,11.900,2,"",M,1034.790,2,"",M,405.977,2,"",M,NaN,,,0,NaN,,,M,401.758,2,"",400.216,2,"",NaN,,,NaN,,
2024-11-11T23:33:29.000Z,4.247,2,"",M,59.952,2,"",M,6.000,2,"",N,11.472,2,"",M,31.436,2,"",M,11.900,2,"",M,1034.610,2,"",M,406.376,2,"",M,NaN,,,0,NaN,,,M,402.114,2,"",400.571,2,"",NaN,,,NaN,,
2024-11-11T23:35:21.000Z,4.247,2,"",M,59.951,2,"",M,6.000,2,"",N,11.475,2,"",M,31.435,2,"",M,11.900,2,"",M,1034.870,2,"",M,405.744,2,"",M,NaN,,,0,NaN,,,M,401.634,2,"",400.092,2,"",NaN,,,NaN,,
2024-11-11T23:37:13.000Z,4.247,2,"",M,59.950,2,"",M,6.000,2,"",N,11.476,2,"",M,31.435,2,"",M,11.890,2,"",M,1034.860,2,"",M,406.143,2,"",M,NaN,,,0,NaN,,,M,402.227,2,"",400.683,2,"",NaN,,,NaN,,
2024-11-11T23:39:05.000Z,4.247,2,"",M,59.947,2,"",M,6.000,2,"",N,11.483,2,"",M,31.436,2,"",M,11.900,2,"",M,1034.970,2,"",M,406.302,2,"",M,NaN,,,0,NaN,,,M,402.361,2,"",400.817,2,"",NaN,,,NaN,,
2024-11-11T23:41:19.000Z,4.249,2,"",M,59.943,2,"",M,6.000,2,"",N,11.492,2,"",M,31.440,2,"",M,11.910,2,"",M,1035.000,2,"",M,406.110,2,"",M,NaN,,,0,NaN,,,M,402.167,2,"",400.623,2,"",NaN,,,NaN,,
2024-11-11T23:43:11.000Z,4.250,2,"",M,59.940,2,"",M,6.000,2,"",N,11.475,2,"",M,31.452,2,"",M,11.920,2,"",M,1035.400,2,"",M,406.258,2,"",M,NaN,,,0,NaN,,,M,402.008,2,"",400.465,2,"",NaN,,,NaN,,
2024-11-11T23:45:03.000Z,4.250,2,"",M,59.939,2,"",M,6.000,2,"",N,11.455,2,"",M,31.465,2,"",M,11.900,2,"",M,1035.370,2,"",M,406.547,2,"",M,NaN,,,0,NaN,,,M,402.282,2,"",400.737,2,"",NaN,,,NaN,,
2024-11-11T23:46:56.000Z,4.251,2,"",M,59.937,2,"",M,6.000,2,"",N,11.443,2,"",M,31.471,2,"",M,11.880,2,"",M,1035.140,2,"",M,406.596,2,"",M,NaN,,,0,NaN,,,M,402.381,2,"",400.836,2,"",NaN,,,NaN,,
2024-11-11T23:48:48.000Z,4.252,2,"",M,59.935,2,"",M,6.000,2,"",N,11.426,2,"",M,31.478,2,"",M,11.870,2,"",M,1035.160,2,"",M,406.494,2,"",M,NaN,,,0,NaN,,,M,402.178,2,"",400.634,2,"",NaN,,,NaN,,
2024-11-11T23:50:40.000Z,4.253,2,"",M,59.932,2,"",M,6.000,2,"",N,11.413,2,"",M,31.467,2,"",M,11.850,2,"",M,1035.120,2,"",M,405.742,2,"",M,NaN,,,0,NaN,,,M,401.552,2,"",400.009,2,"",NaN,,,NaN,,
2024-11-11T23:52:32.000Z,4.254,2,"",M,59.930,2,"",M,6.000,2,"",N,11.405,2,"",M,31.459,2,"",M,11.840,2,"",M,1034.830,2,"",M,405.961,2,"",M,NaN,,,0,NaN,,,M,401.688,2,"",400.145,2,"",NaN,,,NaN,,
2024-11-11T23:54:24.000Z,4.255,2,"",M,59.928,2,"",M,6.000,2,"",N,11.384,2,"",M,31.436,2,"",M,11.840,2,"",M,1035.230,2,"",M,405.819,2,"",M,NaN,,,0,NaN,,,M,401.346,2,"",399.804,2,"",NaN,,,NaN,,
2024-11-11T23:56:17.000Z,4.255,2,"",M,59.926,2,"",M,6.000,2,"",N,11.344,2,"",M,31.368,2,"",M,11.820,2,"",M,1035.320,2,"",M,405.688,2,"",M,NaN,,,0,NaN,,,M,400.916,2,"",399.375,2,"",NaN,,,NaN,,
2024-11-11T23:58:09.000Z,4.256,2,"",M,59.925,2,"",M,6.000,2,"",N,11.330,2,"",M,31.331,2,"",M,11.780,2,"",M,1035.180,2,"",M,405.156,2,"",M,NaN,,,0,NaN,,,M,400.802,2,"",399.261,2,"",NaN,,,NaN,,
2024-11-12T00:00:01.000Z,4.256,2,"",M,59.923,2,"",M,6.000,2,"",N,11.313,2,"",M,31.288,2,"",M,11.760,2,"",M,1035.210,2,"",M,404.714,2,"",M,NaN,,,0,NaN,,,M,400.427,2,"",398.886,2,"",NaN,,,NaN,,
2024-11-12T00:01:53.000Z,4.257,2,"",M,59.922,2,"",M,6.000,2,"",N,11.309,2,"",M,31.253,2,"",M,11.740,2,"",M,1035.230,2,"",M,404.523,2,"",M,NaN,,,0,NaN,,,M,400.529,2,"",398.988,2,"",NaN,,,NaN,,
2024-11-12T00:03:45.000Z,4.257,2,"",M,59.920,2,"",M,6.000,2,"",N,11.304,2,"",M,31.233,2,"",M,11.740,2,"",M,1035.250,2,"",M,403.971,2,"",M,NaN,,,0,NaN,,,M,399.899,2,"",398.361,2,"",NaN,,,NaN,,
2024-11-12T00:05:38.000Z,4.258,2,"",M,59.918,2,"",M,6.000,2,"",N,11.303,2,"",M,31.210,2,"",M,11.740,2,"",M,1035.290,2,"",M,403.909,2,"",M,NaN,,,0,NaN,,,M,399.838,2,"",398.300,2,"",NaN,,,NaN,,
2024-11-12T00:07:30.000Z,4.258,2,"",M,59.917,2,"",M,6.000,2,"",N,11.304,2,"",M,31.192,2,"",M,11.740,2,"",M,1035.320,2,"",M,403.768,2,"",M,NaN,,,0,NaN,,,M,399.721,2,"",398.183,2,"",NaN,,,NaN,,
2024-11-12T00:09:22.000Z,4.259,2,"",M,59.915,2,"",M,6.000,2,"",N,11.302,2,"",M,31.189,2,"",M,11.730,2,"",M,1035.150,2,"",M,403.776,2,"",M,NaN,,,0,NaN,,,M,399.799,2,"",398.261,2,"",NaN,,,NaN,,
2024-11-12T00:11:14.000Z,4.259,2,"",M,59.914,2,"",M,6.000,2,"",N,11.302,2,"",M,31.181,2,"",M,11.730,2,"",M,1034.850,2,"",M,403.285,2,"",M,NaN,,,0,NaN,,,M,399.200,2,"",397.664,2,"",NaN,,,NaN,,
2024-11-12T00:13:07.000Z,4.260,2,"",M,59.912,2,"",M,6.000,2,"",N,11.304,2,"",M,31.177,2,"",M,11.730,2,"",M,1035.220,2,"",M,403.423,2,"",M,NaN,,,0,NaN,,,M,399.514,2,"",397.976,2,"",NaN,,,NaN,,
2024-11-12T00:14:59.000Z,4.261,2,"",M,59.910,2,"",M,6.000,2,"",N,11.302,2,"",M,31.176,2,"",M,11.730,2,"",M,1035.030,2,"",M,403.342,2,"",M,NaN,,,0,NaN,,,M,399.326,2,"",397.790,2,"",NaN,,,NaN,,
2024-11-12T00:16:51.000Z,4.261,2,"",M,59.909,2,"",M,6.000,2,"",N,11.300,2,"",M,31.174,2,"",M,11.740,2,"",M,1035.460,2,"",M,403.330,2,"",M,NaN,,,0,NaN,,,M,399.281,2,"",397.744,2,"",NaN,,,NaN,,
2024-11-12T00:18:43.000Z,4.262,2,"",M,59.907,2,"",M,6.000,2,"",N,11.301,2,"",M,31.171,2,"",M,11.740,2,"",M,1035.430,2,"",M,403.509,2,"",M,NaN,,,0,NaN,,,M,399.467,2,"",397.929,2,"",NaN,,,NaN,,
2024-11-12T00:20:36.000Z,4.263,2,"",M,59.906,2,"",M,6.000,2,"",N,11.301,2,"",M,31.172,2,"",M,11.730,2,"",M,1035.370,2,"",M,403.097,2,"",M,NaN,,,0,NaN,,,M,399.205,2,"",397.669,2,"",NaN,,,NaN,,
2024-11-12T00:22:28.000Z,4.263,2,"",M,59.904,2,"",M,6.000,2,"",N,11.302,2,"",M,31.174,2,"",M,11.730,2,"",M,1035.200,2,"",M,402.926,2,"",M,NaN,,,0,NaN,,,M,398.991,2,"",397.456,2,"",NaN,,,NaN,,
2024-11-12T00:24:20.000Z,4.264,2,"",M,59.903,2,"",M,6.000,2,"",N,11.304,2,"",M,31.182,2,"",M,11.730,2,"",M,1035.210,2,"",M,402.874,2,"",M,NaN,,,0,NaN,,,M,398.966,2,"",397.431,2,"",NaN,,,NaN,,
2024-11-12T00:26:12.000Z,4.265,2,"",M,59.901,2,"",M,6.000,2,"",N,11.305,2,"",M,31.191,2,"",M,11.730,2,"",M,1035.250,2,"",M,402.853,2,"",M,NaN,,,0,NaN,,,M,398.979,2,"",397.443,2,"",NaN,,,NaN,,
2024-11-12T00:28:05.000Z,4.266,2,"",M,59.900,2,"",M,6.000,2,"",N,11.305,2,"",M,31.201,2,"",M,11.740,2,"",M,1035.360,2,"",M,402.691,2,"",M,NaN,,,0,NaN,,,M,398.699,2,"",397.165,2,"",NaN,,,NaN,,
2024-11-12T00:29:57.000Z,4.266,2,"",M,59.898,2,"",M,6.000,2,"",N,11.303,2,"",M,31.211,2,"",M,11.740,2,"",M,1035.390,2,"",M,402.470,2,"",M,NaN,,,0,NaN,,,M,398.448,2,"",396.915,2,"",NaN,,,NaN,,
2024-11-12T00:31:49.000Z,4.267,2,"",M,59.897,2,"",M,6.000,2,"",N,11.303,2,"",M,31.224,2,"",M,11.740,2,"",M,1035.440,2,"",M,402.758,2,"",M,NaN,,,0,NaN,,,M,398.750,2,"",397.215,2,"",NaN,,,NaN,,
2024-11-12T00:33:41.000Z,4.267,2,"",M,59.896,2,"",M,6.000,2,"",N,11.306,2,"",M,31.235,2,"",M,11.730,2,"",M,1035.260,2,"",M,402.807,2,"",M,NaN,,,0,NaN,,,M,398.955,2,"",397.420,2,"",NaN,,,NaN,,
2024-11-12T00:35:33.000Z,4.267,2,"",M,59.895,2,"",M,6.000,2,"",N,11.306,2,"",M,31.241,2,"",M,11.730,2,"",M,1035.250,2,"",M,402.885,2,"",M,NaN,,,0,NaN,,,M,399.035,2,"",397.500,2,"",NaN,,,NaN,,
2024-11-12T00:37:26.000Z,4.266,2,"",M,59.895,2,"",M,6.000,2,"",N,11.308,2,"",M,31.243,2,"",M,11.730,2,"",M,1035.440,2,"",M,402.664,2,"",M,NaN,,,0,NaN,,,M,398.927,2,"",397.391,2,"",NaN,,,NaN,,
2024-11-12T00:39:18.000Z,4.266,2,"",M,59.893,2,"",M,6.000,2,"",N,11.309,2,"",M,31.249,2,"",M,11.740,2,"",M,1035.160,2,"",M,402.802,2,"",M,NaN,,,0,NaN,,,M,398.786,2,"",397.252,2,"",NaN,,,NaN,,
2024-11-12T00:41:31.000Z,4.266,2,"",M,59.892,2,"",M,6.000,2,"",N,11.309,2,"",M,31.255,2,"",M,11.750,2,"",M,1035.330,2,"",M,402.721,2,"",M,NaN,,,0,NaN,,,M,398.599,2,"",397.065,2,"",NaN,,,NaN,,
2024-11-12T00:43:23.000Z,4.266,2,"",M,59.891,2,"",M,6.000,2,"",N,11.308,2,"",M,31.259,2,"",M,11.740,2,"",M,1035.520,2,"",M,402.839,2,"",M,NaN,,,0,NaN,,,M,398.945,2,"",397.410,2,"",NaN,,,NaN,,
2024-11-12T00:45:16.000Z,4.266,2,"",M,59.889,2,"",M,6.000,2,"",N,11.309,2,"",M,31.265,2,"",M,11.740,2,"",M,1035.690,2,"",M,402.367,2,"",M,NaN,,,0,NaN,,,M,398.572,2,"",397.038,2,"",NaN,,,NaN,,
2024-11-12T00:47:08.000Z,4.267,2,"",M,59.887,2,"",M,6.000,2,"",N,11.311,2,"",M,31.271,2,"",M,11.730,2,"",M,1035.370,2,"",M,402.766,2,"",M,NaN,,,0,NaN,,,M,399.051,2,"",397.515,2,"",NaN,,,NaN,,
2024-11-12T00:49:00.000Z,4.274,2,"",M,59.887,2,"",M,6.000,2,"",N,11.311,2,"",M,31.288,2,"",M,11.730,2,"",M,1035.450,2,"",M,402.435,2,"",M,NaN,,,0,NaN,,,M,398.741,2,"",397.206,2,"",NaN,,,NaN,,
2024-11-12T00:50:52.000Z,4.284,2,"",M,59.889,2,"",M,6.000,2,"",N,11.318,2,"",M,31.308,2,"",M,11.740,2,"",M,1035.170,2,"",M,402.753,2,"",M,NaN,,,0,NaN,,,M,398.907,2,"",397.372,2,"",NaN,,,NaN,,
2024-11-12T00:52:45.000Z,4.285,2,"",M,59.893,2,"",M,6.000,2,"",N,11.324,2,"",M,31.354,2,"",M,11.750,2,"",M,1035.280,2,"",M,402.822,2,"",M,NaN,,,0,NaN,,,M,398.946,2,"",397.411,2,"",NaN,,,NaN,,
2024-11-12T00:54:37.000Z,4.283,2,"",M,59.898,2,"",M,6.000,2,"",N,11.325,2,"",M,31.387,2,"",M,11.760,2,"",M,1035.170,2,"",M,403.030,2,"",M,NaN,,,0,NaN,,,M,398.940,2,"",397.405,2,"",NaN,,,NaN,,
2024-11-12T00:56:29.000Z,4.281,2,"",M,59.903,2,"",M,6.000,2,"",N,11.311,2,"",M,31.379,2,"",M,11.750,2,"",M,1034.890,2,"",M,402.619,2,"",M,NaN,,,0,NaN,,,M,398.361,2,"",396.829,2,"",NaN,,,NaN,,
2024-11-12T00:58:21.000Z,4.279,2,"",M,59.908,2,"",M,6.000,2,"",N,11.300,2,"",M,31.322,2,"",M,11.740,2,"",M,1034.930,2,"",M,402.577,2,"",M,NaN,,,0,NaN,,,M,398.334,2,"",396.802,2,"",NaN,,,NaN,,
2024-11-12T01:00:14.000Z,4.277,2,"",M,59.913,2,"",M,6.000,2,"",N,11.289,2,"",M,31.274,2,"",M,11.730,2,"",M,1034.980,2,"",M,402.886,2,"",M,NaN,,,0,NaN,,,M,398.642,2,"",397.108,2,"",NaN,,,NaN,,
2024-11-12T01:02:06.000Z,4.275,2,"",M,59.919,2,"",M,6.000,2,"",N,11.287,2,"",M,31.242,2,"",M,11.720,2,"",M,1035.300,2,"",M,403.745,2,"",M,NaN,,,0,NaN,,,M,399.755,2,"",398.216,2,"",NaN,,,NaN,,
2024-11-12T01:03:58.000Z,4.273,2,"",M,59.924,2,"",M,6.000,2,"",N,11.283,2,"",M,31.217,2,"",M,11.730,2,"",M,1034.785,2,"",M,404.714,2,"",M,NaN,,,0,NaN,,,M,400.270,2,"",398.730,2,"",NaN,,,NaN,,
2024-11-12T01:05:50.000Z,4.271,2,"",M,59.929,2,"",M,6.000,2,"",N,11.277,2,"",M,31.186,2,"",M,11.720,2,"",M,1034.820,2,"",M,405.443,2,"",M,NaN,,,0,NaN,,,M,401.076,2,"",399.533,2,"",NaN,,,NaN,,
2024-11-12T01:07:43.000Z,4.269,2,"",M,59.934,2,"",M,6.000,2,"",N,11.275,2,"",M,31.163,2,"",M,11.710,2,"",M,1035.040,2,"",M,405.761,2,"",M,NaN,,,0,NaN,,,M,401.617,2,"",400.072,2,"",NaN,,,NaN,,
2024-11-12T01:09:35.000Z,4.267,2,"",M,59.939,2,"",M,6.000,2,"",N,11.280,2,"",M,31.127,2,"",M,11.700,2,"",M,1035.140,2,"",M,405.029,2,"",M,NaN,,,0,NaN,,,M,401.197,2,"",399.652,2,"",NaN,,,NaN,,
2024-11-12T01:11:27.000Z,4.266,2,"",M,59.943,2,"",M,6.000,2,"",N,11.289,2,"",M,31.103,2,"",M,11.700,2,"",M,1035.300,2,"",M,403.667,2,"",M,NaN,,,0,NaN,,,M,400.055,2,"",398.515,2,"",NaN,,,NaN,,
2024-11-12T01:13:19.000Z,4.265,2,"",M,59.946,2,"",M,6.000,2,"",N,11.293,2,"",M,31.089,2,"",M,11.710,2,"",M,1035.350,2,"",M,402.835,2,"",M,NaN,,,0,NaN,,,M,399.146,2,"",397.610,2,"",NaN,,,NaN,,
2024-11-12T01:15:11.000Z,4.264,2,"",M,59.947,2,"",M,6.000,2,"",N,11.292,2,"",M,31.091,2,"",M,11.730,2,"",M,1035.070,2,"",M,402.584,2,"",M,NaN,,,0,NaN,,,M,398.429,2,"",396.896,2,"",NaN,,,NaN,,
2024-11-12T01:17:04.000Z,4.263,2,"",M,59.948,2,"",M,6.000,2,"",N,11.291,2,"",M,31.091,2,"",M,11.730,2,"",M,1035.410,2,"",M,402.843,2,"",M,NaN,,,0,NaN,,,M,398.805,2,"",397.270,2,"",NaN,,,NaN,,
2024-11-12T01:18:56.000Z,4.263,2,"",M,59.948,2,"",M,6.000,2,"",N,11.292,2,"",M,31.090,2,"",M,11.720,2,"",M,1035.390,2,"",M,402.921,2,"",M,NaN,,,0,NaN,,,M,399.053,2,"",397.517,2,"",NaN,,,NaN,,
2024-11-12T01:20:48.000Z,4.264,2,"",M,59.949,2,"",M,6.000,2,"",N,11.291,2,"",M,31.091,2,"",M,11.720,2,"",M,1035.375,2,"",M,402.790,2,"",M,NaN,,,0,NaN,,,M,398.900,2,"",397.365,2,"",NaN,,,NaN,,
2024-11-12T01:22:40.000Z,4.264,2,"",M,59.949,2,"",M,6.000,2,"",N,11.291,2,"",M,31.087,2,"",M,11.720,2,"",M,1035.010,2,"",M,402.658,2,"",M,NaN,,,0,NaN,,,M,398.635,2,"",397.102,2,"",NaN,,,NaN,,
2024-11-12T01:24:33.000Z,4.264,2,"",M,59.949,2,"",M,6.000,2,"",N,11.290,2,"",M,31.085,2,"",M,11.720,2,"",M,1035.410,2,"",M,402.897,2,"",M,NaN,,,0,NaN,,,M,399.004,2,"",397.468,2,"",NaN,,,NaN,,
2024-11-12T01:26:25.000Z,4.264,2,"",M,59.949,2,"",M,6.000,2,"",N,11.291,2,"",M,31.083,2,"",M,11.720,2,"",M,1035.520,2,"",M,402.405,2,"",M,NaN,,,0,NaN,,,M,398.574,2,"",397.040,2,"",NaN,,,NaN,,
2024-11-12T01:28:17.000Z,4.264,2,"",M,59.949,2,"",M,6.000,2,"",N,11.287,2,"",M,31.079,2,"",M,11.730,2,"",M,1035.190,2,"",M,402.574,2,"",M,NaN,,,0,NaN,,,M,398.376,2,"",396.843,2,"",NaN,,,NaN,,
2024-11-12T01:30:09.000Z,4.264,2,"",M,59.949,2,"",M,6.000,2,"",N,11.288,2,"",M,31.077,2,"",M,11.720,2,"",M,1035.270,2,"",M,402.502,2,"",M,NaN,,,0,NaN,,,M,398.531,2,"",396.998,2,"",NaN,,,NaN,,
2024-11-12T01:32:01.000Z,4.265,2,"",M,59.949,2,"",M,6.000,2,"",N,11.285,2,"",M,31.075,2,"",M,11.720,2,"",M,1035.170,2,"",M,402.741,2,"",M,NaN,,,0,NaN,,,M,398.682,2,"",397.148,2,"",NaN,,,NaN,,
2024-11-12T01:33:54.000Z,4.265,2,"",M,59.949,2,"",M,6.000,2,"",N,11.283,2,"",M,31.075,2,"",M,11.710,2,"",M,1035.200,2,"",M,402.459,2,"",M,NaN,,,0,NaN,,,M,398.542,2,"",397.008,2,"",NaN,,,NaN,,
2024-11-12T01:35:46.000Z,4.265,2,"",M,59.949,2,"",M,6.000,2,"",N,11.279,2,"",M,31.074,2,"",M,11.710,2,"",M,1035.220,2,"",M,402.177,2,"",M,NaN,,,0,NaN,,,M,398.202,2,"",396.670,2,"",NaN,,,NaN,,
2024-11-12T01:37:38.000Z,4.265,2,"",M,59.949,2,"",M,6.000,2,"",N,11.276,2,"",M,31.075,2,"",M,11.710,2,"",M,1035.210,2,"",M,401.926,2,"",M,NaN,,,0,NaN,,,M,397.912,2,"",396.380,2,"",NaN,,,NaN,,
2024-11-12T01:39:30.000Z,4.265,2,"",M,59.949,2,"",M,6.000,2,"",N,11.277,2,"",M,31.075,2,"",M,11.710,2,"",M,1035.450,2,"",M,402.225,2,"",M,NaN,,,0,NaN,,,M,398.315,2,"",396.782,2,"",NaN,,,NaN,,
2024-11-12T01:41:44.000Z,4.265,2,"",M,59.949,2,"",M,6.000,2,"",N,11.274,2,"",M,31.076,2,"",M,11.710,2,"",M,1035.850,2,"",M,402.253,2,"",M,NaN,,,0,NaN,,,M,398.441,2,"",396.907,2,"",NaN,,,NaN,,
2024-11-12T01:43:36.000Z,4.265,2,"",M,59.949,2,"",M,6.000,2,"",N,11.272,2,"",M,31.077,2,"",M,11.700,2,"",M,1035.840,2,"",M,402.191,2,"",M,NaN,,,0,NaN,,,M,398.515,2,"",396.980,2,"",NaN,,,NaN,,
2024-11-12T01:45:28.000Z,4.266,2,"",M,59.949,2,"",M,6.000,2,"",N,11.276,2,"",M,31.077,2,"",M,11.700,2,"",M,1035.700,2,"",M,401.690,2,"",M,NaN,,,0,NaN,,,M,398.039,2,"",396.506,2,"",NaN,,,NaN,,
2024-11-12T01:47:21.000Z,4.266,2,"",M,59.947,2,"",M,6.000,2,"",N,11.275,2,"",M,31.078,2,"",M,11.700,2,"",M,1035.810,2,"",M,401.548,2,"",M,NaN,,,0,NaN,,,M,397.918,2,"",396.386,2,"",NaN,,,NaN,,
2024-11-12T01:49:13.000Z,4.266,2,"",M,59.945,2,"",M,6.000,2,"",N,11.267,2,"",M,31.086,2,"",M,11.700,2,"",M,1035.750,2,"",M,401.697,2,"",M,NaN,,,0,NaN,,,M,397.912,2,"",396.379,2,"",NaN,,,NaN,,
2024-11-12T01:51:05.000Z,4.266,2,"",M,59.943,2,"",M,6.000,2,"",N,11.267,2,"",M,31.099,2,"",M,11.710,2,"",M,1035.845,2,"",M,401.685,2,"",M,NaN,,,0,NaN,,,M,397.756,2,"",396.224,2,"",NaN,,,NaN,,
2024-11-12T01:52:57.000Z,4.266,2,"",M,59.941,2,"",M,6.000,2,"",N,11.265,2,"",M,31.108,2,"",M,11.700,2,"",M,1035.810,2,"",M,402.184,2,"",M,NaN,,,0,NaN,,,M,398.388,2,"",396.853,2,"",NaN,,,NaN,,
2024-11-12T01:54:49.000Z,4.267,2,"",M,59.939,2,"",M,6.000,2,"",N,11.264,2,"",M,31.115,2,"",M,11.700,2,"",M,1035.580,2,"",M,403.043,2,"",M,NaN,,,0,NaN,,,M,399.127,2,"",397.590,2,"",NaN,,,NaN,,
2024-11-12T01:59:19.000Z,4.269,2,"",M,59.934,2,"",M,6.000,2,"",N,NaN,,,M,NaN,,,M,NaN,,,M,NaN,,,M,NaN,,,0,NaN,,,0,NaN,,,M,NaN,,,NaN,,,NaN,,,NaN,,
2024-11-12T02:01:09.000Z,4.270,2,"",M,59.932,2,"",M,6.000,2,"",N,NaN,,,M,NaN,,,M,NaN,,,M,NaN,,,M,NaN,,,0,NaN,,,0,NaN,,,M,NaN,,,NaN,,,NaN,,,NaN,,
2024-11-12T02:02:58.000Z,4.271,2,"",M,59.931,2,"",M,6.000,2,"",N,NaN,,,M,NaN,,,M,NaN,,,M,NaN,,,M,NaN,,,0,NaN,,,0,NaN,,,M,NaN,,,NaN,,,NaN,,,NaN,,
2024-11-12T02:07:29.000Z,4.271,2,"",M,59.927,2,"",M,6.000,2,"",N,NaN,,,M,NaN,,,M,NaN,,,M,NaN,,,M,NaN,,,0,NaN,,,0,NaN,,,M,NaN,,,NaN,,,NaN,,,NaN,,
2024-11-12T02:09:18.000Z,4.272,2,"",M,59.925,2,"",M,6.000,2,"",N,NaN,,,M,NaN,,,M,NaN,,,M,NaN,,,M,NaN,,,0,NaN,,,0,NaN,,,M,NaN,,,NaN,,,NaN,,,NaN,,
2024-11-12T02:11:08.000Z,4.272,2,"",M,59.924,2,"",M,6.000,2,"",N,NaN,,,M,NaN,,,M,NaN,,,M,NaN,,,M,NaN,,,0,NaN,,,0,NaN,,,M,NaN,,,NaN,,,NaN,,,NaN,,
2024-11-12T02:15:37.000Z,4.274,2,"",M,59.920,2,"",M,6.000,2,"",N,NaN,,,M,NaN,,,M,NaN,,,M,NaN,,,M,NaN,,,0,NaN,,,0,NaN,,,M,NaN,,,NaN,,,NaN,,,NaN,,
2024-11-12T02:17:27.000Z,4.275,2,"",M,59.918,2,"",M,6.000,2,"",N,NaN,,,M,NaN,,,M,NaN,,,M,NaN,,,M,NaN,,,0,NaN,,,0,NaN,,,M,NaN,,,NaN,,,NaN,,,NaN,,
2024-11-12T02:19:17.000Z,4.276,2,"",M,59.917,2,"",M,6.000,2,"",N,NaN,,,M,NaN,,,M,NaN,,,M,NaN,,,M,NaN,,,0,NaN,,,0,NaN,,,M,NaN,,,NaN,,,NaN,,,NaN,,
2024-11-12T02:23:47.000Z,4.277,2,"",M,59.913,2,"",M,6.000,2,"",N,11.294,2,"",M,31.385,2,"",M,NaN,,,M,NaN,,,M,NaN,,,0,424.820,2,"",M,1035.400,2,"",M,NaN,,,NaN,,,429.638,2,"",427.971,2,""
2024-11-12T02:25:36.000Z,4.278,2,"",M,59.911,2,"",M,6.000,2,"",N,11.299,2,"",M,31.396,2,"",M,NaN,,,M,NaN,,,M,NaN,,,0,424.590,2,"",M,1035.400,2,"",M,NaN,,,NaN,,,429.403,2,"",427.737,2,""
2024-11-12T02:27:26.000Z,4.278,2,"",M,59.910,2,"",M,6.000,2,"",N,11.302,2,"",M,31.404,2,"",M,NaN,,,M,NaN,,,M,NaN,,,0,424.599,2,"",M,1035.400,2,"",M,NaN,,,NaN,,,429.412,2,"",427.746,2,""
2024-11-12T02:29:16.000Z,4.279,2,"",M,59.908,2,"",M,6.000,2,"",N,11.306,2,"",M,31.411,2,"",M,NaN,,,M,NaN,,,M,NaN,,,0,424.599,2,"",M,1035.400,2,"",M,NaN,,,NaN,,,429.411,2,"",427.745,2,""
2024-11-12T02:31:06.000Z,4.279,2,"",M,59.907,2,"",M,6.000,2,"",N,11.307,2,"",M,31.413,2,"",M,NaN,,,M,NaN,,,M,NaN,,,0,424.539,2,"",M,NaN,,,0,NaN,,,NaN,,,NaN,,,NaN,,
2024-11-12T02:36:16.000Z,4.281,2,"",M,59.903,2,"",M,6.000,2,"",N,11.315,2,"",M,31.424,2,"",M,11.740,2,"",M,1035.690,2,"",M,402.810,2,"",M,NaN,,,0,NaN,,,M,399.105,2,"",397.569,2,"",NaN,,,NaN,,
2024-11-12T02:38:08.000Z,4.281,2,"",M,59.901,2,"",M,6.000,2,"",N,11.315,2,"",M,31.432,2,"",M,11.750,2,"",M,1035.890,2,"",M,403.060,2,"",M,NaN,,,0,NaN,,,M,399.259,2,"",397.722,2,"",NaN,,,NaN,,
2024-11-12T02:40:01.000Z,4.281,2,"",M,59.901,2,"",M,6.000,2,"",N,11.312,2,"",M,31.435,2,"",M,11.750,2,"",M,1035.770,2,"",M,403.300,2,"",M,NaN,,,0,NaN,,,M,399.398,2,"",397.861,2,"",NaN,,,NaN,,
2024-11-12T02:42:14.000Z,4.281,2,"",M,59.900,2,"",M,6.000,2,"",N,11.311,2,"",M,31.439,2,"",M,11.740,2,"",M,1036.200,2,"",M,403.120,2,"",M,NaN,,,0,NaN,,,M,399.544,2,"",398.005,2,"",NaN,,,NaN,,
2024-11-12T02:44:06.000Z,4.281,2,"",M,59.899,2,"",M,6.000,2,"",N,11.315,2,"",M,31.444,2,"",M,11.740,2,"",M,1036.380,2,"",M,403.210,2,"",M,NaN,,,0,NaN,,,M,399.775,2,"",398.235,2,"",NaN,,,NaN,,
2024-11-12T02:45:58.000Z,4.282,2,"",M,59.898,2,"",M,6.000,2,"",N,11.317,2,"",M,31.445,2,"",M,11.740,2,"",M,1036.470,2,"",M,402.570,2,"",M,NaN,,,0,NaN,,,M,399.209,2,"",397.671,2,"",NaN,,,NaN,,
2024-11-12T02:47:50.000Z,4.282,2,"",M,59.897,2,"",M,6.000,2,"",N,11.316,2,"",M,31.454,2,"",M,11.760,2,"",M,1036.660,2,"",M,402.609,2,"",M,NaN,,,0,NaN,,,M,398.955,2,"",397.419,2,"",NaN,,,NaN,,
2024-11-12T02:49:43.000Z,4.282,2,"",M,59.896,2,"",M,6.000,2,"",N,11.325,2,"",M,31.464,2,"",M,11.750,2,"",M,1036.584,2,"",M,402.349,2,"",M,NaN,,,0,NaN,,,M,398.994,2,"",397.457,2,"",NaN,,,NaN,,
2024-11-12T02:51:35.000Z,4.283,2,"",M,59.894,2,"",M,6.000,2,"",N,11.325,2,"",M,31.462,2,"",M,11.760,2,"",M,1036.330,2,"",M,401.889,2,"",M,NaN,,,0,NaN,,,M,398.276,2,"",396.743,2,"",NaN,,,NaN,,
2024-11-12T02:53:27.000Z,4.288,2,"",M,59.892,2,"",M,6.000,2,"",N,11.329,2,"",M,31.460,2,"",M,11.760,2,"",M,1036.310,2,"",M,401.779,2,"",M,NaN,,,0,NaN,,,M,398.221,2,"",396.688,2,"",NaN,,,NaN,,
2024-11-12T02:55:20.000Z,4.297,2,"",M,59.892,2,"",M,6.000,2,"",N,11.338,2,"",M,31.449,2,"",M,11.760,2,"",M,1036.380,2,"",M,401.769,2,"",M,NaN,,,0,NaN,,,M,398.384,2,"",396.850,2,"",NaN,,,NaN,,
2024-11-12T02:57:12.000Z,4.301,2,"",M,59.895,2,"",M,6.000,2,"",N,11.347,2,"",M,31.444,2,"",M,11.760,2,"",M,1036.270,2,"",M,401.769,2,"",M,NaN,,,0,NaN,,,M,398.494,2,"",396.960,2,"",NaN,,,NaN,,
2024-11-12T02:59:04.000Z,4.300,2,"",M,59.900,2,"",M,6.000,2,"",N,11.338,2,"",M,31.464,2,"",M,11.780,2,"",M,1036.510,2,"",M,402.269,2,"",M,NaN,,,0,NaN,,,M,398.598,2,"",397.063,2,"",NaN,,,NaN,,
2024-11-12T03:00:56.000Z,4.298,2,"",M,59.905,2,"",M,6.000,2,"",N,11.334,2,"",M,31.491,2,"",M,11.780,2,"",M,1036.280,2,"",M,402.519,2,"",M,NaN,,,0,NaN,,,M,398.678,2,"",397.144,2,"",NaN,,,NaN,,
2024-11-12T03:02:48.000Z,4.296,2,"",M,59.910,2,"",M,6.000,2,"",N,11.341,2,"",M,31.500,2,"",M,11.770,2,"",M,1036.170,2,"",M,402.319,2,"",M,NaN,,,0,NaN,,,M,398.724,2,"",397.189,2,"",NaN,,,NaN,,
2024-11-12T03:04:41.000Z,4.294,2,"",M,59.916,2,"",M,6.000,2,"",N,11.357,2,"",M,31.528,2,"",M,11.770,2,"",M,1036.280,2,"",M,402.319,2,"",M,NaN,,,0,NaN,,,M,399.040,2,"",397.503,2,"",NaN,,,NaN,,
2024-11-12T03:06:33.000Z,4.292,2,"",M,59.921,2,"",M,6.000,2,"",N,11.353,2,"",M,31.583,2,"",M,11.780,2,"",M,1036.170,2,"",M,402.409,2,"",M,NaN,,,0,NaN,,,M,398.853,2,"",397.318,2,"",NaN,,,NaN,,
2024-11-12T03:08:25.000Z,4.290,2,"",M,59.926,2,"",M,6.000,2,"",N,11.332,2,"",M,31.588,2,"",M,11.780,2,"",M,1036.060,2,"",M,403.079,2,"",M,NaN,,,0,NaN,,,M,399.116,2,"",397.580,2,"",NaN,,,NaN,,
2024-11-12T03:10:17.000Z,4.288,2,"",M,59.931,2,"",M,6.000,2,"",N,11.342,2,"",M,31.545,2,"",M,11.770,2,"",M,1036.550,2,"",M,402.999,2,"",M,NaN,,,0,NaN,,,M,399.568,2,"",398.029,2,"",NaN,,,NaN,,
2024-11-12T03:12:09.000Z,4.286,2,"",M,59.936,2,"",M,6.000,2,"",N,11.353,2,"",M,31.523,2,"",M,11.780,2,"",M,1036.350,2,"",M,403.209,2,"",M,NaN,,,0,NaN,,,M,399.710,2,"",398.172,2,"",NaN,,,NaN,,
2024-11-12T03:14:01.000Z,4.284,2,"",M,59.941,2,"",M,6.000,2,"",N,11.359,2,"",M,31.517,2,"",M,11.790,2,"",M,1036.040,2,"",M,403.509,2,"",M,NaN,,,0,NaN,,,M,399.815,2,"",398.276,2,"",NaN,,,NaN,,
2024-11-12T03:15:53.000Z,4.282,2,"",M,59.945,2,"",M,6.000,2,"",N,11.344,2,"",M,31.503,2,"",M,11.790,2,"",M,1036.350,2,"",M,403.709,2,"",M,NaN,,,0,NaN,,,M,399.893,2,"",398.354,2,"",NaN,,,NaN,,
2024-11-12T03:17:46.000Z,4.281,2,"",M,59.948,2,"",M,6.000,2,"",N,11.313,2,"",M,31.451,2,"",M,11.700,2,"",M,1036.640,2,"",M,403.509,2,"",M,NaN,,,0,NaN,,,M,400.839,2,"",399.294,2,"",NaN,,,NaN,,
2024-11-12T03:19:38.000Z,4.280,2,"",M,59.949,2,"",M,6.000,2,"",N,11.288,2,"",M,31.407,2,"",M,11.670,2,"",M,1036.470,2,"",M,402.508,2,"",M,NaN,,,0,NaN,,,M,399.868,2,"",398.326,2,"",NaN,,,NaN,,
2024-11-12T03:21:30.000Z,4.279,2,"",M,59.950,2,"",M,6.000,2,"",N,11.270,2,"",M,31.388,2,"",M,11.650,2,"",M,1036.450,2,"",M,401.588,2,"",M,NaN,,,0,NaN,,,M,398.991,2,"",397.452,2,"",NaN,,,NaN,,
2024-11-12T03:23:22.000Z,4.279,2,"",M,59.950,2,"",M,6.000,2,"",N,11.268,2,"",M,31.371,2,"",M,11.710,2,"",M,1036.530,2,"",M,401.217,2,"",M,NaN,,,0,NaN,,,M,397.588,2,"",396.056,2,"",NaN,,,NaN,,
2024-11-12T03:25:15.000Z,4.279,2,"",M,59.950,2,"",M,6.000,2,"",N,11.271,2,"",M,31.373,2,"",M,11.710,2,"",M,1036.650,2,"",M,402.118,2,"",M,NaN,,,0,NaN,,,M,398.572,2,"",397.036,2,"",NaN,,,NaN,,
2024-11-12T03:27:07.000Z,4.279,2,"",M,59.951,2,"",M,6.000,2,"",N,11.275,2,"",M,31.376,2,"",M,11.700,2,"",M,1036.380,2,"",M,402.368,2,"",M,NaN,,,0,NaN,,,M,398.950,2,"",397.413,2,"",NaN,,,NaN,,
2024-11-12T03:28:59.000Z,4.279,2,"",M,59.951,2,"",M,6.000,2,"",N,11.276,2,"",M,31.385,2,"",M,11.700,2,"",M,1036.280,2,"",M,402.368,2,"",M,NaN,,,0,NaN,,,M,398.930,2,"",397.392,2,"",NaN,,,NaN,,
2024-11-12T03:30:51.000Z,4.279,2,"",M,59.951,2,"",M,6.000,2,"",N,11.282,2,"",M,31.399,2,"",M,11.700,2,"",M,1036.150,2,"",M,402.147,2,"",M,NaN,,,0,NaN,,,M,398.765,2,"",397.229,2,"",NaN,,,NaN,,
2024-11-12T03:32:43.000Z,4.279,2,"",M,59.951,2,"",M,6.000,2,"",N,11.292,2,"",M,31.411,2,"",M,11.710,2,"",M,1036.200,2,"",M,402.187,2,"",M,NaN,,,0,NaN,,,M,398.828,2,"",397.291,2,"",NaN,,,NaN,,
2024-11-12T03:34:36.000Z,4.279,2,"",M,59.950,2,"",M,6.000,2,"",N,11.302,2,"",M,31.424,2,"",M,11.730,2,"",M,1036.160,2,"",M,401.947,2,"",M,NaN,,,0,NaN,,,M,398.388,2,"",396.853,2,"",NaN,,,NaN,,
2024-11-12T03:36:28.000Z,4.279,2,"",M,59.950,2,"",M,6.000,2,"",N,11.307,2,"",M,31.432,2,"",M,11.740,2,"",M,1036.525,2,"",M,401.967,2,"",M,NaN,,,0,NaN,,,M,398.471,2,"",396.936,2,"",NaN,,,NaN,,
2024-11-12T03:38:20.000Z,4.279,2,"",M,59.950,2,"",M,6.000,2,"",N,11.307,2,"",M,31.438,2,"",M,11.740,2,"",M,1036.410,2,"",M,402.097,2,"",M,NaN,,,0,NaN,,,M,398.543,2,"",397.008,2,"",NaN,,,NaN,,
2024-11-12T03:40:12.000Z,4.279,2,"",M,59.950,2,"",M,6.000,2,"",N,11.301,2,"",M,31.441,2,"",M,11.740,2,"",M,1036.470,2,"",M,401.937,2,"",M,NaN,,,0,NaN,,,M,398.311,2,"",396.777,2,"",NaN,,,NaN,,
2024-11-12T03:42:26.000Z,4.279,2,"",M,59.950,2,"",M,6.000,2,"",N,11.303,2,"",M,31.441,2,"",M,11.730,2,"",M,1036.240,2,"",M,401.777,2,"",M,NaN,,,0,NaN,,,M,398.274,2,"",396.739,2,"",NaN,,,NaN,,
2024-11-12T03:44:18.000Z,4.279,2,"",M,59.950,2,"",M,6.000,2,"",N,11.304,2,"",M,31.442,2,"",M,11.740,2,"",M,1036.330,2,"",M,401.797,2,"",M,NaN,,,0,NaN,,,M,398.177,2,"",396.644,2,"",NaN,,,NaN,,
2024-11-12T03:46:10.000Z,4.279,2,"",M,59.951,2,"",M,6.000,2,"",N,11.310,2,"",M,31.447,2,"",M,11.740,2,"",M,1036.350,2,"",M,401.787,2,"",M,NaN,,,0,NaN,,,M,398.261,2,"",396.727,2,"",NaN,,,NaN,,
2024-11-12T03:48:02.000Z,4.279,2,"",M,59.951,2,"",M,6.000,2,"",N,11.320,2,"",M,31.457,2,"",M,11.740,2,"",M,1036.350,2,"",M,402.277,2,"",M,NaN,,,0,NaN,,,M,398.931,2,"",397.394,2,"",NaN,,,NaN,,
2024-11-12T03:49:55.000Z,4.279,2,"",M,59.951,2,"",M,6.000,2,"",N,11.329,2,"",M,31.468,2,"",M,11.750,2,"",M,1036.270,2,"",M,402.077,2,"",M,NaN,,,0,NaN,,,M,398.670,2,"",397.135,2,"",NaN,,,NaN,,
2024-11-12T03:51:47.000Z,4.279,2,"",M,59.951,2,"",M,6.000,2,"",N,11.347,2,"",M,31.479,2,"",M,11.760,2,"",M,1036.270,2,"",M,402.187,2,"",M,NaN,,,0,NaN,,,M,398.920,2,"",397.383,2,"",NaN,,,NaN,,
2024-11-12T03:53:39.000Z,4.279,2,"",M,59.951,2,"",M,6.000,2,"",N,11.354,2,"",M,31.488,2,"",M,11.770,2,"",M,1036.290,2,"",M,402.287,2,"",M,NaN,,,0,NaN,,,M,398.958,2,"",397.422,2,"",NaN,,,NaN,,
2024-11-12T03:55:31.000Z,4.279,2,"",M,59.951,2,"",M,6.000,2,"",N,11.354,2,"",M,31.492,2,"",M,11.780,2,"",M,1036.360,2,"",M,402.887,2,"",M,NaN,,,0,NaN,,,M,399.414,2,"",397.876,2,"",NaN,,,NaN,,
2024-11-12T03:57:24.000Z,4.279,2,"",M,59.951,2,"",M,6.000,2,"",N,11.354,2,"",M,31.494,2,"",M,11.790,2,"",M,1036.270,2,"",M,403.277,2,"",M,NaN,,,0,NaN,,,M,399.589,2,"",398.051,2,"",NaN,,,NaN,,
2024-11-12T03:59:16.000Z,4.279,2,"",M,59.951,2,"",M,6.000,2,"",N,11.356,2,"",M,31.494,2,"",M,11.790,2,"",M,1036.020,2,"",M,403.647,2,"",M,NaN,,,0,NaN,,,M,399.894,2,"",398.355,2,"",NaN,,,NaN,,
2024-11-12T04:01:08.000Z,4.279,2,"",M,59.951,2,"",M,6.000,2,"",N,11.354,2,"",M,31.496,2,"",M,11.790,2,"",M,1036.110,2,"",M,403.647,2,"",M,NaN,,,0,NaN,,,M,399.907,2,"",398.368,2,"",NaN,,,NaN,,
2024-11-12T04:03:00.000Z,4.279,2,"",M,59.951,2,"",M,6.000,2,"",N,11.355,2,"",M,31.497,2,"",M,11.780,2,"",M,1036.110,2,"",M,403.577,2,"",M,NaN,,,0,NaN,,,M,400.016,2,"",398.477,2,"",NaN,,,NaN,,
2024-11-12T04:04:52.000Z,4.279,2,"",M,59.951,2,"",M,6.000,2,"",N,11.356,2,"",M,31.497,2,"",M,11.780,2,"",M,1036.200,2,"",M,403.547,2,"",M,NaN,,,0,NaN,,,M,400.036,2,"",398.496,2,"",NaN,,,NaN,,
2024-11-12T04:06:45.000Z,4.279,2,"",M,59.952,2,"",M,6.000,2,"",N,11.353,2,"",M,31.497,2,"",M,11.790,2,"",M,1036.230,2,"",M,403.697,2,"",M,NaN,,,0,NaN,,,M,399.979,2,"",398.439,2,"",NaN,,,NaN,,
2024-11-12T04:08:37.000Z,4.280,2,"",M,59.952,2,"",M,6.000,2,"",N,11.353,2,"",M,31.498,2,"",M,11.790,2,"",M,1036.410,2,"",M,403.817,2,"",M,NaN,,,0,NaN,,,M,400.160,2,"",398.620,2,"",NaN,,,NaN,,
2024-11-12T04:10:29.000Z,4.280,2,"",M,59.952,2,"",M,6.000,2,"",N,11.349,2,"",M,31.499,2,"",M,11.790,2,"",M,1036.360,2,"",M,403.586,2,"",M,NaN,,,0,NaN,,,M,399.858,2,"",398.319,2,"",NaN,,,NaN,,
2024-11-12T04:12:22.000Z,4.280,2,"",M,59.952,2,"",M,6.000,2,"",N,11.350,2,"",M,31.500,2,"",M,11.780,2,"",M,1036.150,2,"",M,404.027,2,"",M,NaN,,,0,NaN,,,M,400.393,2,"",398.852,2,"",NaN,,,NaN,,
2024-11-12T04:14:14.000Z,4.280,2,"",M,59.952,2,"",M,6.000,2,"",N,11.350,2,"",M,31.500,2,"",M,11.780,2,"",M,1036.240,2,"",M,403.676,2,"",M,NaN,,,0,NaN,,,M,400.091,2,"",398.551,2,"",NaN,,,NaN,,
2024-11-12T04:16:06.000Z,4.280,2,"",M,59.952,2,"",M,6.000,2,"",N,11.347,2,"",M,31.502,2,"",M,11.780,2,"",M,1036.225,2,"",M,403.846,2,"",M,NaN,,,0,NaN,,,M,400.194,2,"",398.653,2,"",NaN,,,NaN,,
2024-11-12T04:17:58.000Z,4.280,2,"",M,59.952,2,"",M,6.000,2,"",N,11.349,2,"",M,31.502,2,"",M,11.780,2,"",M,1036.110,2,"",M,404.036,2,"",M,NaN,,,0,NaN,,,M,400.371,2,"",398.830,2,"",NaN,,,NaN,,
2024-11-12T04:19:50.000Z,4.280,2,"",M,59.953,2,"",M,6.000,2,"",N,11.346,2,"",M,31.503,2,"",M,11.790,2,"",M,1035.990,2,"",M,404.026,2,"",M,NaN,,,0,NaN,,,M,400.086,2,"",398.547,2,"",NaN,,,NaN,,
2024-11-12T04:21:42.000Z,4.280,2,"",M,59.953,2,"",M,6.000,2,"",N,11.351,2,"",M,31.503,2,"",M,11.780,2,"",M,1036.030,2,"",M,404.196,2,"",M,NaN,,,0,NaN,,,M,400.528,2,"",398.987,2,"",NaN,,,NaN,,
2024-11-12T04:23:35.000Z,4.280,2,"",M,59.953,2,"",M,6.000,2,"",N,11.363,2,"",M,31.507,2,"",M,11.780,2,"",M,1035.660,2,"",M,404.046,2,"",M,NaN,,,0,NaN,,,M,400.437,2,"",398.897,2,"",NaN,,,NaN,,
2024-11-12T04:25:27.000Z,4.281,2,"",M,59.953,2,"",M,6.000,2,"",N,11.363,2,"",M,31.507,2,"",M,11.790,2,"",M,1036.270,2,"",M,403.996,2,"",M,NaN,,,0,NaN,,,M,400.464,2,"",398.923,2,"",NaN,,,NaN,,
2024-11-12T04:27:19.000Z,4.281,2,"",M,59.953,2,"",M,6.000,2,"",N,11.360,2,"",M,31.506,2,"",M,11.790,2,"",M,1036.250,2,"",M,404.366,2,"",M,NaN,,,0,NaN,,,M,400.773,2,"",399.230,2,"",NaN,,,NaN,,
2024-11-12T04:29:11.000Z,4.281,2,"",M,59.953,2,"",M,6.000,2,"",N,11.361,2,"",M,31.506,2,"",M,11.790,2,"",M,1036.050,2,"",M,404.146,2,"",M,NaN,,,0,NaN,,,M,400.482,2,"",398.941,2,"",NaN,,,NaN,,
2024-11-12T04:31:04.000Z,4.281,2,"",M,59.953,2,"",M,6.000,2,"",N,11.359,2,"",M,31.506,2,"",M,11.800,2,"",M,1036.400,2,"",M,404.446,2,"",M,NaN,,,0,NaN,,,M,400.716,2,"",399.173,2,"",NaN,,,NaN,,
2024-11-12T04:32:56.000Z,4.281,2,"",M,59.953,2,"",M,6.000,2,"",N,11.360,2,"",M,31.503,2,"",M,11.800,2,"",M,1036.140,2,"",M,404.566,2,"",M,NaN,,,0,NaN,,,M,400.758,2,"",399.216,2,"",NaN,,,NaN,,
2024-11-12T04:34:48.000Z,4.281,2,"",M,59.954,2,"",M,6.000,2,"",N,11.363,2,"",M,31.501,2,"",M,11.790,2,"",M,1036.200,2,"",M,404.296,2,"",M,NaN,,,0,NaN,,,M,400.722,2,"",399.180,2,"",NaN,,,NaN,,
2024-11-12T04:36:40.000Z,4.281,2,"",M,59.954,2,"",M,6.000,2,"",N,11.363,2,"",M,31.502,2,"",M,11.790,2,"",M,1036.100,2,"",M,404.536,2,"",M,NaN,,,0,NaN,,,M,400.934,2,"",399.391,2,"",NaN,,,NaN,,
2024-11-12T04:38:33.000Z,4.282,2,"",M,59.954,2,"",M,6.000,2,"",N,11.363,2,"",M,31.501,2,"",M,11.790,2,"",M,1036.170,2,"",M,404.576,2,"",M,NaN,,,0,NaN,,,M,400.990,2,"",399.446,2,"",NaN,,,NaN,,
2024-11-12T04:40:25.000Z,4.282,2,"",M,59.954,2,"",M,6.000,2,"",N,11.365,2,"",M,31.501,2,"",M,11.790,2,"",M,1036.440,2,"",M,404.446,2,"",M,NaN,,,0,NaN,,,M,401.005,2,"",399.461,2,"",NaN,,,NaN,,
2024-11-12T04:42:38.000Z,4.282,2,"",M,59.954,2,"",M,6.000,2,"",N,11.366,2,"",M,31.501,2,"",M,11.810,2,"",M,1036.420,2,"",M,404.145,2,"",M,NaN,,,0,NaN,,,M,400.369,2,"",398.828,2,"",NaN,,,NaN,,
2024-11-12T04:44:30.000Z,4.282,2,"",M,59.954,2,"",M,6.000,2,"",N,11.365,2,"",M,31.501,2,"",M,11.800,2,"",M,1036.540,2,"",M,404.856,2,"",M,NaN,,,0,NaN,,,M,401.280,2,"",399.735,2,"",NaN,,,NaN,,
2024-11-12T04:46:23.000Z,4.282,2,"",M,59.954,2,"",M,6.000,2,"",N,11.368,2,"",M,31.500,2,"",M,11.800,2,"",M,1036.750,2,"",M,404.696,2,"",M,NaN,,,0,NaN,,,M,401.260,2,"",399.715,2,"",NaN,,,NaN,,
2024-11-12T04:48:15.000Z,4.282,2,"",M,59.954,2,"",M,6.000,2,"",N,11.366,2,"",M,31.500,2,"",M,11.800,2,"",M,1036.510,2,"",M,404.615,2,"",M,NaN,,,0,NaN,,,M,401.050,2,"",399.506,2,"",NaN,,,NaN,,
2024-11-12T04:50:07.000Z,4.282,2,"",M,59.955,2,"",M,6.000,2,"",N,11.369,2,"",M,31.501,2,"",M,11.790,2,"",M,1036.370,2,"",M,404.475,2,"",M,NaN,,,0,NaN,,,M,401.076,2,"",399.532,2,"",NaN,,,NaN,,
2024-11-12T04:51:59.000Z,4.282,2,"",M,59.955,2,"",M,6.000,2,"",N,11.371,2,"",M,31.500,2,"",M,11.800,2,"",M,1036.410,2,"",M,404.565,2,"",M,NaN,,,0,NaN,,,M,401.039,2,"",399.496,2,"",NaN,,,NaN,,
2024-11-12T04:53:52.000Z,4.282,2,"",M,59.955,2,"",M,6.000,2,"",N,11.372,2,"",M,31.501,2,"",M,11.810,2,"",M,1036.600,2,"",M,404.525,2,"",M,NaN,,,0,NaN,,,M,400.919,2,"",399.376,2,"",NaN,,,NaN,,
2024-11-12T04:55:44.000Z,4.282,2,"",M,59.955,2,"",M,6.000,2,"",N,11.373,2,"",M,31.501,2,"",M,11.810,2,"",M,1036.790,2,"",M,404.565,2,"",M,NaN,,,0,NaN,,,M,401.054,2,"",399.510,2,"",NaN,,,NaN,,
2024-11-12T04:57:36.000Z,4.282,2,"",M,59.955,2,"",M,6.000,2,"",N,11.372,2,"",M,31.500,2,"",M,11.810,2,"",M,1036.700,2,"",M,404.755,2,"",M,NaN,,,0,NaN,,,M,401.184,2,"",399.639,2,"",NaN,,,NaN,,
2024-11-12T04:59:28.000Z,4.283,2,"",M,59.955,2,"",M,6.000,2,"",N,11.378,2,"",M,31.500,2,"",M,11.800,2,"",M,1036.340,2,"",M,404.665,2,"",M,NaN,,,0,NaN,,,M,401.226,2,"",399.682,2,"",NaN,,,NaN,,
2024-11-12T05:01:21.000Z,4.282,2,"",M,59.952,2,"",M,6.000,2,"",N,11.377,2,"",M,31.499,2,"",M,11.810,2,"",M,1036.720,2,"",M,404.385,2,"",M,NaN,,,0,NaN,,,M,400.905,2,"",399.362,2,"",NaN,,,NaN,,
2024-11-12T05:03:13.000Z,4.282,2,"",M,59.950,2,"",M,6.000,2,"",N,11.373,2,"",M,31.499,2,"",M,11.800,2,"",M,1036.410,2,"",M,404.035,2,"",M,NaN,,,0,NaN,,,M,400.551,2,"",399.010,2,"",NaN,,,NaN,,
2024-11-12T05:05:05.000Z,4.283,2,"",M,59.947,2,"",M,6.000,2,"",N,11.366,2,"",M,31.496,2,"",M,11.810,2,"",M,1036.420,2,"",M,403.934,2,"",M,NaN,,,0,NaN,,,M,400.163,2,"",398.623,2,"",NaN,,,NaN,,
2024-11-12T05:06:57.000Z,4.283,2,"",M,59.944,2,"",M,6.000,2,"",N,11.350,2,"",M,31.499,2,"",M,11.770,2,"",M,1036.790,2,"",M,403.674,2,"",M,NaN,,,0,NaN,,,M,400.469,2,"",398.927,2,"",NaN,,,NaN,,
2024-11-12T05:08:49.000Z,4.284,2,"",M,59.942,2,"",M,6.000,2,"",N,11.342,2,"",M,31.503,2,"",M,11.790,2,"",M,1036.680,2,"",M,403.754,2,"",M,NaN,,,0,NaN,,,M,400.026,2,"",398.485,2,"",NaN,,,NaN,,
2024-11-12T05:10:42.000Z,4.284,2,"",M,59.940,2,"",M,6.000,2,"",N,11.336,2,"",M,31.506,2,"",M,11.770,2,"",M,1036.710,2,"",M,403.524,2,"",M,NaN,,,0,NaN,,,M,400.051,2,"",398.510,2,"",NaN,,,NaN,,
2024-11-12T05:12:34.000Z,4.285,2,"",M,59.938,2,"",M,6.000,2,"",N,11.327,2,"",M,31.510,2,"",M,11.770,2,"",M,1036.960,2,"",M,403.564,2,"",M,NaN,,,0,NaN,,,M,400.034,2,"",398.493,2,"",NaN,,,NaN,,
2024-11-12T05:14:26.000Z,4.286,2,"",M,59.936,2,"",M,6.000,2,"",N,11.324,2,"",M,31.519,2,"",M,11.760,2,"",M,1036.740,2,"",M,403.654,2,"",M,NaN,,,0,NaN,,,M,400.168,2,"",398.627,2,"",NaN,,,NaN,,
2024-11-12T05:16:18.000Z,4.287,2,"",M,59.934,2,"",M,6.000,2,"",N,11.322,2,"",M,31.527,2,"",M,11.750,2,"",M,1036.800,2,"",M,403.434,2,"",M,NaN,,,0,NaN,,,M,400.104,2,"",398.563,2,"",NaN,,,NaN,,
2024-11-12T05:18:11.000Z,4.288,2,"",M,59.931,2,"",M,6.000,2,"",N,11.323,2,"",M,31.528,2,"",M,11.760,2,"",M,1036.580,2,"",M,403.954,2,"",M,NaN,,,0,NaN,,,M,400.378,2,"",398.836,2,"",NaN,,,NaN,,
2024-11-12T05:20:03.000Z,4.289,2,"",M,59.929,2,"",M,6.000,2,"",N,11.322,2,"",M,31.533,2,"",M,11.760,2,"",M,1037.080,2,"",M,404.054,2,"",M,NaN,,,0,NaN,,,M,400.667,2,"",399.123,2,"",NaN,,,NaN,,
2024-11-12T05:21:55.000Z,4.290,2,"",M,59.927,2,"",M,6.000,2,"",N,11.334,2,"",M,31.552,2,"",M,11.760,2,"",M,1037.070,2,"",M,403.754,2,"",M,NaN,,,0,NaN,,,M,400.567,2,"",399.023,2,"",NaN,,,NaN,,
2024-11-12T05:23:47.000Z,4.290,2,"",M,59.926,2,"",M,6.000,2,"",N,11.338,2,"",M,31.552,2,"",M,11.770,2,"",M,1036.830,2,"",M,403.173,2,"",M,NaN,,,0,NaN,,,M,399.786,2,"",398.246,2,"",NaN,,,NaN,,
2024-11-12T05:25:40.000Z,4.291,2,"",M,59.924,2,"",M,6.000,2,"",N,11.337,2,"",M,31.545,2,"",M,11.770,2,"",M,1036.900,2,"",M,403.113,2,"",M,NaN,,,0,NaN,,,M,399.733,2,"",398.193,2,"",NaN,,,NaN,,
2024-11-12T05:27:32.000Z,4.292,2,"",M,59.923,2,"",M,6.000,2,"",N,11.328,2,"",M,31.526,2,"",M,11.760,2,"",M,1036.850,2,"",M,402.823,2,"",M,NaN,,,0,NaN,,,M,399.451,2,"",397.912,2,"",NaN,,,NaN,,
2024-11-12T05:29:24.000Z,4.293,2,"",M,59.921,2,"",M,6.000,2,"",N,11.325,2,"",M,31.521,2,"",M,11.760,2,"",M,1036.780,2,"",M,402.833,2,"",M,NaN,,,0,NaN,,,M,399.382,2,"",397.844,2,"",NaN,,,NaN,,
2024-11-12T05:31:16.000Z,4.293,2,"",M,59.920,2,"",M,6.000,2,"",N,11.320,2,"",M,31.517,2,"",M,11.770,2,"",M,1037.070,2,"",M,402.613,2,"",M,NaN,,,0,NaN,,,M,399.013,2,"",397.476,2,"",NaN,,,NaN,,
2024-11-12T05:33:08.000Z,4.294,2,"",M,59.918,2,"",M,6.000,2,"",N,11.322,2,"",M,31.507,2,"",M,11.760,2,"",M,1036.870,2,"",M,402.462,2,"",M,NaN,,,0,NaN,,,M,398.997,2,"",397.459,2,"",NaN,,,NaN,,
2024-11-12T05:35:01.000Z,4.294,2,"",M,59.916,2,"",M,6.000,2,"",N,11.328,2,"",M,31.491,2,"",M,11.760,2,"",M,1036.920,2,"",M,402.342,2,"",M,NaN,,,0,NaN,,,M,398.992,2,"",397.454,2,"",NaN,,,NaN,,
2024-11-12T05:36:53.000Z,4.295,2,"",M,59.915,2,"",M,6.000,2,"",N,11.333,2,"",M,31.474,2,"",M,11.760,2,"",M,1036.760,2,"",M,401.902,2,"",M,NaN,,,0,NaN,,,M,398.591,2,"",397.056,2,"",NaN,,,NaN,,
2024-11-12T05:38:45.000Z,4.295,2,"",M,59.913,2,"",M,6.000,2,"",N,11.333,2,"",M,31.459,2,"",M,11.760,2,"",M,1036.775,2,"",M,402.082,2,"",M,NaN,,,0,NaN,,,M,398.773,2,"",397.236,2,"",NaN,,,NaN,,
2024-11-12T05:40:37.000Z,4.296,2,"",M,59.912,2,"",M,6.000,2,"",N,11.330,2,"",M,31.457,2,"",M,11.760,2,"",M,1036.670,2,"",M,402.372,2,"",M,NaN,,,0,NaN,,,M,398.968,2,"",397.432,2,"",NaN,,,NaN,,
2024-11-12T05:42:51.000Z,4.296,2,"",M,59.910,2,"",M,6.000,2,"",N,11.339,2,"",M,31.459,2,"",M,11.770,2,"",M,1037.130,2,"",M,402.382,2,"",M,NaN,,,0,NaN,,,M,399.134,2,"",397.596,2,"",NaN,,,NaN,,
2024-11-12T05:47:20.000Z,4.298,2,"",M,59.906,2,"",M,6.000,2,"",N,NaN,,,M,NaN,,,M,NaN,,,M,NaN,,,M,NaN,,,0,NaN,,,0,NaN,,,M,NaN,,,NaN,,,NaN,,,NaN,,
2024-11-12T05:49:10.000Z,4.298,2,"",M,59.905,2,"",M,6.000,2,"",N,NaN,,,M,NaN,,,M,NaN,,,M,NaN,,,M,NaN,,,0,NaN,,,0,NaN,,,M,NaN,,,NaN,,,NaN,,,NaN,,
2024-11-12T05:51:00.000Z,4.299,2,"",M,59.903,2,"",M,6.000,2,"",N,NaN,,,M,NaN,,,M,NaN,,,M,NaN,,,M,NaN,,,0,NaN,,,0,NaN,,,M,NaN,,,NaN,,,NaN,,,NaN,,
2024-11-12T05:55:30.000Z,4.301,2,"",M,59.900,2,"",M,6.000,2,"",N,NaN,,,M,NaN,,,M,NaN,,,M,NaN,,,M,NaN,,,0,NaN,,,0,NaN,,,M,NaN,,,NaN,,,NaN,,,NaN,,
2024-11-12T05:57:19.000Z,4.301,2,"",M,59.898,2,"",M,6.000,2,"",N,NaN,,,M,NaN,,,M,NaN,,,M,NaN,,,M,NaN,,,0,NaN,,,0,NaN,,,M,NaN,,,NaN,,,NaN,,,NaN,,
2024-11-12T05:59:09.000Z,4.302,2,"",M,59.897,2,"",M,6.000,2,"",N,NaN,,,M,NaN,,,M,NaN,,,M,NaN,,,M,NaN,,,0,NaN,,,0,NaN,,,M,NaN,,,NaN,,,NaN,,,NaN,,
2024-11-12T06:03:39.000Z,4.303,2,"",M,59.894,2,"",M,6.000,2,"",N,NaN,,,M,NaN,,,M,NaN,,,M,NaN,,,M,NaN,,,0,NaN,,,0,NaN,,,M,NaN,,,NaN,,,NaN,,,NaN,,
2024-11-12T06:05:28.000Z,4.304,2,"",M,59.894,2,"",M,6.000,2,"",N,NaN,,,M,NaN,,,M,NaN,,,M,NaN,,,M,NaN,,,0,NaN,,,0,NaN,,,M,NaN,,,NaN,,,NaN,,,NaN,,
2024-11-12T06:07:18.000Z,4.304,2,"",M,59.893,2,"",M,6.000,2,"",N,NaN,,,M,NaN,,,M,NaN,,,M,NaN,,,M,NaN,,,0,NaN,,,0,NaN,,,M,NaN,,,NaN,,,NaN,,,NaN,,
2024-11-12T06:12:28.000Z,4.306,2,"",M,59.891,2,"",M,6.000,2,"",N,NaN,,,M,NaN,,,M,NaN,,,M,NaN,,,M,NaN,,,0,NaN,,,0,NaN,,,M,NaN,,,NaN,,,NaN,,,NaN,,
2024-11-12T06:17:02.000Z,4.309,2,"",M,59.888,2,"",M,6.000,2,"",N,NaN,,,M,NaN,,,M,NaN,,,M,NaN,,,M,NaN,,,0,NaN,,,0,NaN,,,M,NaN,,,NaN,,,NaN,,,NaN,,
2024-11-12T06:21:33.000Z,4.312,2,"",M,59.889,2,"",M,6.000,2,"",N,NaN,,,M,NaN,,,M,NaN,,,M,NaN,,,M,NaN,,,0,NaN,,,0,NaN,,,M,NaN,,,NaN,,,NaN,,,NaN,,
2024-11-12T06:23:22.000Z,4.314,2,"",M,59.891,2,"",M,6.000,2,"",N,NaN,,,M,NaN,,,M,NaN,,,M,NaN,,,M,NaN,,,0,NaN,,,0,NaN,,,M,NaN,,,NaN,,,NaN,,,NaN,,
2024-11-12T06:25:12.000Z,4.317,2,"",M,59.894,2,"",M,6.000,2,"",N,NaN,,,M,NaN,,,M,NaN,,,M,NaN,,,M,NaN,,,0,NaN,,,0,NaN,,,M,NaN,,,NaN,,,NaN,,,NaN,,
2024-11-12T06:29:42.000Z,4.315,2,"",M,59.905,2,"",M,6.000,2,"",N,NaN,,,M,NaN,,,M,NaN,,,M,NaN,,,M,NaN,,,0,NaN,,,0,NaN,,,M,NaN,,,NaN,,,NaN,,,NaN,,
2024-11-12T06:31:32.000Z,4.313,2,"",M,59.910,2,"",M,6.000,2,"",N,NaN,,,M,NaN,,,M,NaN,,,M,NaN,,,M,NaN,,,0,NaN,,,0,NaN,,,M,NaN,,,NaN,,,NaN,,,NaN,,
2024-11-12T06:33:21.000Z,4.312,2,"",M,59.914,2,"",M,6.000,2,"",N,NaN,,,M,NaN,,,M,NaN,,,M,NaN,,,M,NaN,,,0,NaN,,,0,NaN,,,M,NaN,,,NaN,,,NaN,,,NaN,,
2024-11-12T06:37:51.000Z,4.308,2,"",M,59.925,2,"",M,6.000,2,"",N,NaN,,,M,NaN,,,M,NaN,,,M,NaN,,,M,NaN,,,0,NaN,,,0,NaN,,,M,NaN,,,NaN,,,NaN,,,NaN,,
2024-11-12T06:39:41.000Z,4.306,2,"",M,59.930,2,"",M,6.000,2,"",N,NaN,,,M,NaN,,,M,NaN,,,M,NaN,,,M,NaN,,,0,NaN,,,0,NaN,,,M,NaN,,,NaN,,,NaN,,,NaN,,
2024-11-12T06:41:31.000Z,4.304,2,"",M,59.934,2,"",M,6.000,2,"",N,NaN,,,M,NaN,,,M,NaN,,,M,NaN,,,M,NaN,,,0,NaN,,,0,NaN,,,M,NaN,,,NaN,,,NaN,,,NaN,,
2024-11-12T06:46:00.000Z,4.300,2,"",M,59.944,2,"",M,6.000,2,"",N,11.314,2,"",M,31.522,2,"",M,NaN,,,M,NaN,,,M,NaN,,,0,424.919,2,"",M,1036.100,2,"",M,NaN,,,NaN,,,430.025,2,"",428.356,2,""
2024-11-12T06:47:50.000Z,4.299,2,"",M,59.947,2,"",M,6.000,2,"",N,11.319,2,"",M,31.523,2,"",M,NaN,,,M,NaN,,,M,NaN,,,0,425.108,2,"",M,1036.200,2,"",M,NaN,,,NaN,,,430.257,2,"",428.587,2,""
2024-11-12T06:49:40.000Z,4.299,2,"",M,59.948,2,"",M,6.000,2,"",N,11.333,2,"",M,31.518,2,"",M,NaN,,,M,NaN,,,M,NaN,,,0,424.958,2,"",M,1036.100,2,"",M,NaN,,,NaN,,,430.058,2,"",428.389,2,""
2024-11-12T06:51:30.000Z,4.298,2,"",M,59.949,2,"",M,6.000,2,"",N,11.337,2,"",M,31.518,2,"",M,NaN,,,M,NaN,,,M,NaN,,,0,424.747,2,"",M,1036.100,2,"",M,NaN,,,NaN,,,429.843,2,"",428.175,2,""
2024-11-12T06:53:19.000Z,4.299,2,"",M,59.950,2,"",M,6.000,2,"",N,11.340,2,"",M,31.518,2,"",M,NaN,,,M,NaN,,,M,NaN,,,0,424.887,2,"",M,1036.200,2,"",M,NaN,,,NaN,,,430.025,2,"",428.357,2,""
2024-11-12T06:58:29.000Z,4.300,2,"",M,59.948,2,"",M,6.000,2,"",N,11.331,2,"",M,31.518,2,"",M,11.770,2,"",M,1037.470,2,"",M,403.011,2,"",M,NaN,,,0,NaN,,,M,399.751,2,"",398.210,2,"",NaN,,,NaN,,
2024-11-12T07:00:22.000Z,4.300,2,"",M,59.947,2,"",M,6.000,2,"",N,11.318,2,"",M,31.520,2,"",M,11.770,2,"",M,1037.390,2,"",M,402.440,2,"",M,NaN,,,0,NaN,,,M,398.947,2,"",397.409,2,"",NaN,,,NaN,,
2024-11-12T07:02:14.000Z,4.299,2,"",M,59.947,2,"",M,6.000,2,"",N,11.316,2,"",M,31.526,2,"",M,11.760,2,"",M,1037.250,2,"",M,402.190,2,"",M,NaN,,,0,NaN,,,M,398.777,2,"",397.240,2,"",NaN,,,NaN,,
2024-11-12T07:04:06.000Z,4.299,2,"",M,59.946,2,"",M,6.000,2,"",N,11.308,2,"",M,31.533,2,"",M,11.750,2,"",M,1037.400,2,"",M,402.239,2,"",M,NaN,,,0,NaN,,,M,398.921,2,"",397.383,2,"",NaN,,,NaN,,
2024-11-12T07:05:59.000Z,4.299,2,"",M,59.946,2,"",M,6.000,2,"",N,11.310,2,"",M,31.535,2,"",M,11.740,2,"",M,1037.410,2,"",M,401.858,2,"",M,NaN,,,0,NaN,,,M,398.751,2,"",397.214,2,"",NaN,,,NaN,,
2024-11-12T07:07:51.000Z,4.299,2,"",M,59.946,2,"",M,6.000,2,"",N,11.309,2,"",M,31.537,2,"",M,11.750,2,"",M,1037.460,2,"",M,402.128,2,"",M,NaN,,,0,NaN,,,M,398.846,2,"",397.308,2,"",NaN,,,NaN,,
2024-11-12T07:09:43.000Z,4.299,2,"",M,59.946,2,"",M,6.000,2,"",N,11.316,2,"",M,31.539,2,"",M,11.750,2,"",M,1037.240,2,"",M,402.078,2,"",M,NaN,,,0,NaN,,,M,398.825,2,"",397.287,2,"",NaN,,,NaN,,
2024-11-12T07:11:56.000Z,4.299,2,"",M,59.946,2,"",M,6.000,2,"",N,11.314,2,"",M,31.537,2,"",M,11.750,2,"",M,1037.620,2,"",M,402.267,2,"",M,NaN,,,0,NaN,,,M,399.128,2,"",397.589,2,"",NaN,,,NaN,,
2024-11-12T07:13:49.000Z,4.300,2,"",M,59.946,2,"",M,6.000,2,"",N,11.316,2,"",M,31.537,2,"",M,11.750,2,"",M,1037.670,2,"",M,402.207,2,"",M,NaN,,,0,NaN,,,M,399.130,2,"",397.591,2,"",NaN,,,NaN,,
2024-11-12T07:15:41.000Z,4.300,2,"",M,59.946,2,"",M,6.000,2,"",N,11.315,2,"",M,31.536,2,"",M,11.750,2,"",M,1037.720,2,"",M,401.936,2,"",M,NaN,,,0,NaN,,,M,398.865,2,"",397.327,2,"",NaN,,,NaN,,
2024-11-12T07:17:33.000Z,4.300,2,"",M,59.946,2,"",M,6.000,2,"",N,11.312,2,"",M,31.536,2,"",M,11.740,2,"",M,1037.360,2,"",M,401.796,2,"",M,NaN,,,0,NaN,,,M,398.709,2,"",397.172,2,"",NaN,,,NaN,,
2024-11-12T07:19:25.000Z,4.298,2,"",M,59.946,2,"",M,6.000,2,"",N,11.314,2,"",M,31.535,2,"",M,11.750,2,"",M,1037.380,2,"",M,401.865,2,"",M,NaN,,,0,NaN,,,M,398.638,2,"",397.102,2,"",NaN,,,NaN,,
2024-11-12T07:21:18.000Z,4.298,2,"",M,59.946,2,"",M,6.000,2,"",N,11.315,2,"",M,31.538,2,"",M,11.750,2,"",M,1037.500,2,"",M,402.195,2,"",M,NaN,,,0,NaN,,,M,399.036,2,"",397.498,2,"",NaN,,,NaN,,
2024-11-12T07:23:10.000Z,4.299,2,"",M,59.947,2,"",M,6.000,2,"",N,11.320,2,"",M,31.539,2,"",M,11.750,2,"",M,1037.580,2,"",M,402.185,2,"",M,NaN,,,0,NaN,,,M,399.145,2,"",397.606,2,"",NaN,,,NaN,,
2024-11-12T07:25:02.000Z,4.300,2,"",M,59.946,2,"",M,6.000,2,"",N,11.323,2,"",M,31.542,2,"",M,11.750,2,"",M,1037.450,2,"",M,402.134,2,"",M,NaN,,,0,NaN,,,M,399.082,2,"",397.544,2,"",NaN,,,NaN,,
2024-11-12T07:26:54.000Z,4.300,2,"",M,59.946,2,"",M,6.000,2,"",N,11.314,2,"",M,31.535,2,"",M,11.760,2,"",M,1037.640,2,"",M,402.354,2,"",M,NaN,,,0,NaN,,,M,399.049,2,"",397.510,2,"",NaN,,,NaN,,
2024-11-12T07:28:47.000Z,4.300,2,"",M,59.945,2,"",M,6.000,2,"",N,11.309,2,"",M,31.533,2,"",M,11.740,2,"",M,1037.360,2,"",M,401.893,2,"",M,NaN,,,0,NaN,,,M,398.758,2,"",397.220,2,"",NaN,,,NaN,,
2024-11-12T07:30:39.000Z,4.300,2,"",M,59.945,2,"",M,6.000,2,"",N,11.311,2,"",M,31.532,2,"",M,11.750,2,"",M,1037.330,2,"",M,401.852,2,"",M,NaN,,,0,NaN,,,M,398.553,2,"",397.016,2,"",NaN,,,NaN,,
2024-11-12T07:32:31.000Z,4.299,2,"",M,59.945,2,"",M,6.000,2,"",N,11.311,2,"",M,31.532,2,"",M,11.750,2,"",M,1037.400,2,"",M,401.682,2,"",M,NaN,,,0,NaN,,,M,398.419,2,"",396.883,2,"",NaN,,,NaN,,
2024-11-12T07:34:23.000Z,4.300,2,"",M,59.945,2,"",M,6.000,2,"",N,11.308,2,"",M,31.533,2,"",M,11.750,2,"",M,1037.370,2,"",M,402.262,2,"",M,NaN,,,0,NaN,,,M,398.935,2,"",397.397,2,"",NaN,,,NaN,,
2024-11-12T07:36:15.000Z,4.300,2,"",M,59.945,2,"",M,6.000,2,"",N,11.309,2,"",M,31.532,2,"",M,11.740,2,"",M,1037.370,2,"",M,402.081,2,"",M,NaN,,,0,NaN,,,M,398.939,2,"",397.401,2,"",NaN,,,NaN,,
2024-11-12T07:38:08.000Z,4.300,2,"",M,59.945,2,"",M,6.000,2,"",N,11.307,2,"",M,31.532,2,"",M,11.740,2,"",M,1037.180,2,"",M,401.921,2,"",M,NaN,,,0,NaN,,,M,398.672,2,"",397.135,2,"",NaN,,,NaN,,
2024-11-12T07:40:00.000Z,4.299,2,"",M,59.945,2,"",M,6.000,2,"",N,11.313,2,"",M,31.530,2,"",M,11.740,2,"",M,1037.250,2,"",M,401.950,2,"",M,NaN,,,0,NaN,,,M,398.835,2,"",397.297,2,"",NaN,,,NaN,,
2024-11-12T07:41:52.000Z,4.298,2,"",M,59.945,2,"",M,6.000,2,"",N,11.309,2,"",M,31.532,2,"",M,11.750,2,"",M,1037.070,2,"",M,401.890,2,"",M,NaN,,,0,NaN,,,M,398.464,2,"",396.928,2,"",NaN,,,NaN,,
2024-11-12T07:43:44.000Z,4.299,2,"",M,59.946,2,"",M,6.000,2,"",N,11.313,2,"",M,31.532,2,"",M,11.750,2,"",M,1037.230,2,"",M,402.090,2,"",M,NaN,,,0,NaN,,,M,398.791,2,"",397.254,2,"",NaN,,,NaN,,
2024-11-12T07:45:37.000Z,4.301,2,"",M,59.945,2,"",M,6.000,2,"",N,11.310,2,"",M,31.531,2,"",M,11.750,2,"",M,1037.560,2,"",M,402.309,2,"",M,NaN,,,0,NaN,,,M,399.086,2,"",397.547,2,"",NaN,,,NaN,,
2024-11-12T07:47:29.000Z,4.301,2,"",M,59.943,2,"",M,6.000,2,"",N,11.314,2,"",M,31.523,2,"",M,11.750,2,"",M,1037.500,2,"",M,402.279,2,"",M,NaN,,,0,NaN,,,M,399.092,2,"",397.554,2,"",NaN,,,NaN,,
2024-11-12T07:49:21.000Z,4.302,2,"",M,59.941,2,"",M,6.000,2,"",N,11.310,2,"",M,31.499,2,"",M,11.750,2,"",M,1037.450,2,"",M,402.018,2,"",M,NaN,,,0,NaN,,,M,398.751,2,"",397.214,2,"",NaN,,,NaN,,
2024-11-12T07:51:13.000Z,4.303,2,"",M,59.938,2,"",M,6.000,2,"",N,11.318,2,"",M,31.481,2,"",M,11.740,2,"",M,1037.420,2,"",M,401.958,2,"",M,NaN,,,0,NaN,,,M,398.990,2,"",397.451,2,"",NaN,,,NaN,,
2024-11-12T07:53:05.000Z,4.303,2,"",M,59.936,2,"",M,6.000,2,"",N,11.327,2,"",M,31.464,2,"",M,11.750,2,"",M,1037.320,2,"",M,401.647,2,"",M,NaN,,,0,NaN,,,M,398.623,2,"",397.086,2,"",NaN,,,NaN,,
2024-11-12T07:54:58.000Z,4.304,2,"",M,59.934,2,"",M,6.000,2,"",N,11.329,2,"",M,31.458,2,"",M,11.770,2,"",M,1037.310,2,"",M,402.037,2,"",M,NaN,,,0,NaN,,,M,398.696,2,"",397.160,2,"",NaN,,,NaN,,
2024-11-12T07:56:50.000Z,4.305,2,"",M,59.932,2,"",M,6.000,2,"",N,11.328,2,"",M,31.458,2,"",M,11.760,2,"",M,1037.310,2,"",M,402.126,2,"",M,NaN,,,0,NaN,,,M,398.937,2,"",397.400,2,"",NaN,,,NaN,,
2024-11-12T07:58:42.000Z,4.306,2,"",M,59.930,2,"",M,6.000,2,"",N,11.324,2,"",M,31.458,2,"",M,11.760,2,"",M,1037.220,2,"",M,402.246,2,"",M,NaN,,,0,NaN,,,M,398.961,2,"",397.423,2,"",NaN,,,NaN,,
2024-11-12T08:00:34.000Z,4.307,2,"",M,59.928,2,"",M,6.000,2,"",N,11.328,2,"",M,31.462,2,"",M,11.760,2,"",M,1037.550,2,"",M,402.296,2,"",M,NaN,,,0,NaN,,,M,399.197,2,"",397.658,2,"",NaN,,,NaN,,
2024-11-12T08:02:27.000Z,4.308,2,"",M,59.926,2,"",M,6.000,2,"",N,11.347,2,"",M,31.479,2,"",M,11.760,2,"",M,1037.500,2,"",M,402.305,2,"",M,NaN,,,0,NaN,,,M,399.512,2,"",397.972,2,"",NaN,,,NaN,,
2024-11-12T08:04:19.000Z,4.308,2,"",M,59.925,2,"",M,6.000,2,"",N,11.361,2,"",M,31.486,2,"",M,11.770,2,"",M,1037.380,2,"",M,402.445,2,"",M,NaN,,,0,NaN,,,M,399.661,2,"",398.121,2,"",NaN,,,NaN,,
2024-11-12T08:06:11.000Z,4.309,2,"",M,59.923,2,"",M,6.000,2,"",N,11.368,2,"",M,31.488,2,"",M,11.800,2,"",M,1037.520,2,"",M,403.085,2,"",M,NaN,,,0,NaN,,,M,399.961,2,"",398.420,2,"",NaN,,,NaN,,
2024-11-12T08:08:03.000Z,4.309,2,"",M,59.922,2,"",M,6.000,2,"",N,11.375,2,"",M,31.490,2,"",M,11.810,2,"",M,1037.360,2,"",M,403.595,2,"",M,NaN,,,0,NaN,,,M,400.340,2,"",398.798,2,"",NaN,,,NaN,,
2024-11-12T08:09:56.000Z,4.310,2,"",M,59.920,2,"",M,6.000,2,"",N,11.377,2,"",M,31.490,2,"",M,11.810,2,"",M,1037.380,2,"",M,403.955,2,"",M,NaN,,,0,NaN,,,M,400.738,2,"",399.195,2,"",NaN,,,NaN,,
2024-11-12T08:12:09.000Z,4.311,2,"",M,59.918,2,"",M,6.000,2,"",N,11.381,2,"",M,31.483,2,"",M,11.810,2,"",M,1037.230,2,"",M,403.815,2,"",M,NaN,,,0,NaN,,,M,400.620,2,"",399.077,2,"",NaN,,,NaN,,
2024-11-12T08:14:01.000Z,4.311,2,"",M,59.917,2,"",M,6.000,2,"",N,11.382,2,"",M,31.465,2,"",M,11.810,2,"",M,1037.290,2,"",M,403.814,2,"",M,NaN,,,0,NaN,,,M,400.651,2,"",399.107,2,"",NaN,,,NaN,,
2024-11-12T08:15:53.000Z,4.311,2,"",M,59.915,2,"",M,6.000,2,"",N,11.389,2,"",M,31.451,2,"",M,11.810,2,"",M,1037.490,2,"",M,403.904,2,"",M,NaN,,,0,NaN,,,M,400.938,2,"",399.394,2,"",NaN,,,NaN,,
2024-11-12T08:17:46.000Z,4.312,2,"",M,59.913,2,"",M,6.000,2,"",N,11.396,2,"",M,31.434,2,"",M,11.820,2,"",M,1037.380,2,"",M,404.224,2,"",M,NaN,,,0,NaN,,,M,401.169,2,"",399.624,2,"",NaN,,,NaN,,
2024-11-12T08:19:38.000Z,4.313,2,"",M,59.912,2,"",M,6.000,2,"",N,11.402,2,"",M,31.425,2,"",M,11.840,2,"",M,1037.530,2,"",M,404.043,2,"",M,NaN,,,0,NaN,,,M,400.789,2,"",399.246,2,"",NaN,,,NaN,,
2024-11-12T08:21:30.000Z,4.313,2,"",M,59.910,2,"",M,6.000,2,"",N,11.400,2,"",M,31.419,2,"",M,11.840,2,"",M,1037.410,2,"",M,404.373,2,"",M,NaN,,,0,NaN,,,M,401.044,2,"",399.500,2,"",NaN,,,NaN,,
2024-11-12T08:23:22.000Z,4.314,2,"",M,59.909,2,"",M,6.000,2,"",N,11.393,2,"",M,31.418,2,"",M,11.830,2,"",M,1037.100,2,"",M,404.443,2,"",M,NaN,,,0,NaN,,,M,401.052,2,"",399.507,2,"",NaN,,,NaN,,
2024-11-12T08:25:15.000Z,4.314,2,"",M,59.907,2,"",M,6.000,2,"",N,11.383,2,"",M,31.420,2,"",M,11.820,2,"",M,1037.210,2,"",M,404.302,2,"",M,NaN,,,0,NaN,,,M,400.950,2,"",399.406,2,"",NaN,,,NaN,,
2024-11-12T08:27:07.000Z,4.315,2,"",M,59.906,2,"",M,6.000,2,"",N,11.371,2,"",M,31.422,2,"",M,11.810,2,"",M,1037.000,2,"",M,404.131,2,"",M,NaN,,,0,NaN,,,M,400.666,2,"",399.123,2,"",NaN,,,NaN,,
2024-11-12T08:28:59.000Z,4.315,2,"",M,59.904,2,"",M,6.000,2,"",N,11.366,2,"",M,31.425,2,"",M,11.800,2,"",M,1036.920,2,"",M,403.831,2,"",M,NaN,,,0,NaN,,,M,400.431,2,"",398.889,2,"",NaN,,,NaN,,
2024-11-12T08:30:51.000Z,4.316,2,"",M,59.903,2,"",M,6.000,2,"",N,11.361,2,"",M,31.429,2,"",M,11.810,2,"",M,1037.220,2,"",M,404.321,2,"",M,NaN,,,0,NaN,,,M,400.765,2,"",399.222,2,"",NaN,,,NaN,,
2024-11-12T08:32:43.000Z,4.316,2,"",M,59.901,2,"",M,6.000,2,"",N,11.360,2,"",M,31.437,2,"",M,11.800,2,"",M,1037.130,2,"",M,404.050,2,"",M,NaN,,,0,NaN,,,M,400.621,2,"",399.078,2,"",NaN,,,NaN,,
2024-11-12T08:34:36.000Z,4.317,2,"",M,59.899,2,"",M,6.000,2,"",N,11.361,2,"",M,31.442,2,"",M,11.800,2,"",M,1037.010,2,"",M,403.929,2,"",M,NaN,,,0,NaN,,,M,400.483,2,"",398.941,2,"",NaN,,,NaN,,
2024-11-12T08:36:28.000Z,4.317,2,"",M,59.898,2,"",M,6.000,2,"",N,11.365,2,"",M,31.447,2,"",M,11.790,2,"",M,1037.020,2,"",M,403.508,2,"",M,NaN,,,0,NaN,,,M,400.307,2,"",398.765,2,"",NaN,,,NaN,,
2024-11-12T08:38:20.000Z,4.317,2,"",M,59.897,2,"",M,6.000,2,"",N,11.370,2,"",M,31.446,2,"",M,11.800,2,"",M,1036.830,2,"",M,403.118,2,"",M,NaN,,,0,NaN,,,M,399.754,2,"",398.215,2,"",NaN,,,NaN,,
2024-11-12T08:40:12.000Z,4.318,2,"",M,59.896,2,"",M,6.000,2,"",N,11.373,2,"",M,31.445,2,"",M,11.800,2,"",M,1036.880,2,"",M,402.426,2,"",M,NaN,,,0,NaN,,,M,399.135,2,"",397.598,2,"",NaN,,,NaN,,
2024-11-12T08:42:05.000Z,4.318,2,"",M,59.896,2,"",M,6.000,2,"",N,11.382,2,"",M,31.443,2,"",M,11.810,2,"",M,1036.860,2,"",M,401.685,2,"",M,NaN,,,0,NaN,,,M,398.374,2,"",396.840,2,"",NaN,,,NaN,,
2024-11-12T08:43:57.000Z,4.318,2,"",M,59.895,2,"",M,6.000,2,"",N,11.388,2,"",M,31.444,2,"",M,11.820,2,"",M,1037.090,2,"",M,401.785,2,"",M,NaN,,,0,NaN,,,M,398.492,2,"",396.957,2,"",NaN,,,NaN,,
2024-11-12T08:45:49.000Z,4.319,2,"",M,59.894,2,"",M,6.000,2,"",N,11.388,2,"",M,31.441,2,"",M,11.830,2,"",M,1037.060,2,"",M,401.364,2,"",M,NaN,,,0,NaN,,,M,397.896,2,"",396.364,2,"",NaN,,,NaN,,
2024-11-12T08:47:41.000Z,4.319,2,"",M,59.893,2,"",M,6.000,2,"",N,11.388,2,"",M,31.438,2,"",M,11.820,2,"",M,1037.020,2,"",M,400.923,2,"",M,NaN,,,0,NaN,,,M,397.607,2,"",396.076,2,"",NaN,,,NaN,,
2024-11-12T08:49:34.000Z,4.319,2,"",M,59.891,2,"",M,6.000,2,"",N,11.389,2,"",M,31.431,2,"",M,11.820,2,"",M,1037.040,2,"",M,401.003,2,"",M,NaN,,,0,NaN,,,M,397.713,2,"",396.181,2,"",NaN,,,NaN,,
2024-11-12T08:51:25.000Z,4.321,2,"",M,59.889,2,"",M,6.000,2,"",N,11.388,2,"",M,31.423,2,"",M,11.820,2,"",M,1036.740,2,"",M,400.922,2,"",M,NaN,,,0,NaN,,,M,397.494,2,"",395.964,2,"",NaN,,,NaN,,
2024-11-12T08:53:17.000Z,4.319,2,"",M,59.888,2,"",M,6.000,2,"",N,11.387,2,"",M,31.402,2,"",M,11.820,2,"",M,1036.920,2,"",M,400.611,2,"",M,NaN,,,0,NaN,,,M,397.241,2,"",395.711,2,"",NaN,,,NaN,,
2024-11-12T08:55:10.000Z,4.313,2,"",M,59.890,2,"",M,6.000,2,"",N,11.389,2,"",M,31.404,2,"",M,11.830,2,"",M,1037.000,2,"",M,400.390,2,"",M,NaN,,,0,NaN,,,M,396.927,2,"",395.399,2,"",NaN,,,NaN,,
2024-11-12T08:57:02.000Z,4.305,2,"",M,59.893,2,"",M,6.000,2,"",N,11.387,2,"",M,31.413,2,"",M,11.830,2,"",M,1037.050,2,"",M,400.180,2,"",M,NaN,,,0,NaN,,,M,396.701,2,"",395.174,2,"",NaN,,,NaN,,
2024-11-12T08:58:54.000Z,4.297,2,"",M,59.896,2,"",M,6.000,2,"",N,11.376,2,"",M,31.442,2,"",M,11.820,2,"",M,1037.140,2,"",M,400.009,2,"",M,NaN,,,0,NaN,,,M,396.551,2,"",395.024,2,"",NaN,,,NaN,,
2024-11-12T09:00:46.000Z,4.288,2,"",M,59.899,2,"",M,6.000,2,"",N,11.363,2,"",M,31.450,2,"",M,11.810,2,"",M,1036.930,2,"",M,400.169,2,"",M,NaN,,,0,NaN,,,M,396.575,2,"",395.048,2,"",NaN,,,NaN,,
2024-11-12T09:02:39.000Z,4.279,2,"",M,59.903,2,"",M,6.000,2,"",N,11.388,2,"",M,31.421,2,"",M,11.800,2,"",M,1036.860,2,"",M,400.909,2,"",M,NaN,,,0,NaN,,,M,397.872,2,"",396.340,2,"",NaN,,,NaN,,
2024-11-12T09:04:31.000Z,4.271,2,"",M,59.906,2,"",M,6.000,2,"",N,11.399,2,"",M,31.422,2,"",M,11.810,2,"",M,1037.100,2,"",M,401.880,2,"",M,NaN,,,0,NaN,,,M,398.940,2,"",397.404,2,"",NaN,,,NaN,,
2024-11-12T09:06:23.000Z,4.262,2,"",M,59.909,2,"",M,6.000,2,"",N,11.375,2,"",M,31.476,2,"",M,11.840,2,"",M,1036.850,2,"",M,403.011,2,"",M,NaN,,,0,NaN,,,M,399.059,2,"",397.523,2,"",NaN,,,NaN,,
2024-11-12T09:08:15.000Z,4.253,2,"",M,59.912,2,"",M,6.000,2,"",N,11.356,2,"",M,31.481,2,"",M,11.820,2,"",M,1036.740,2,"",M,403.771,2,"",M,NaN,,,0,NaN,,,M,399.782,2,"",398.243,2,"",NaN,,,NaN,,
2024-11-12T09:10:07.000Z,4.244,2,"",M,59.916,2,"",M,6.000,2,"",N,11.319,2,"",M,31.467,2,"",M,11.800,2,"",M,1037.070,2,"",M,403.861,2,"",M,NaN,,,0,NaN,,,M,399.723,2,"",398.183,2,"",NaN,,,NaN,,
2024-11-12T09:12:21.000Z,4.234,2,"",M,59.919,2,"",M,6.000,2,"",N,11.301,2,"",M,31.416,2,"",M,11.750,2,"",M,1037.300,2,"",M,403.119,2,"",M,NaN,,,0,NaN,,,M,399.633,2,"",398.093,2,"",NaN,,,NaN,,
2024-11-12T09:14:13.000Z,4.226,2,"",M,59.922,2,"",M,6.000,2,"",N,11.280,2,"",M,31.407,2,"",M,11.740,2,"",M,1037.520,2,"",M,402.628,2,"",M,NaN,,,0,NaN,,,M,399.058,2,"",397.519,2,"",NaN,,,NaN,,
2024-11-12T09:16:05.000Z,4.217,2,"",M,59.926,2,"",M,6.000,2,"",N,11.263,2,"",M,31.379,2,"",M,11.720,2,"",M,1037.660,2,"",M,402.328,2,"",M,NaN,,,0,NaN,,,M,398.864,2,"",397.325,2,"",NaN,,,NaN,,
2024-11-12T09:17:57.000Z,4.208,2,"",M,59.929,2,"",M,6.000,2,"",N,11.259,2,"",M,31.337,2,"",M,11.700,2,"",M,1037.930,2,"",M,402.227,2,"",M,NaN,,,0,NaN,,,M,399.154,2,"",397.614,2,"",NaN,,,NaN,,
2024-11-12T09:19:50.000Z,4.199,2,"",M,59.932,2,"",M,6.000,2,"",N,11.261,2,"",M,31.308,2,"",M,11.710,2,"",M,1037.790,2,"",M,402.817,2,"",M,NaN,,,0,NaN,,,M,399.533,2,"",397.991,2,"",NaN,,,NaN,,
2024-11-12T09:21:42.000Z,4.191,2,"",M,59.935,2,"",M,6.000,2,"",N,11.255,2,"",M,31.290,2,"",M,11.700,2,"",M,1037.490,2,"",M,403.718,2,"",M,NaN,,,0,NaN,,,M,400.389,2,"",398.844,2,"",NaN,,,NaN,,
2024-11-12T09:23:34.000Z,4.184,2,"",M,59.938,2,"",M,6.000,2,"",N,11.248,2,"",M,31.265,2,"",M,11.690,2,"",M,1037.790,2,"",M,404.198,2,"",M,NaN,,,0,NaN,,,M,401.043,2,"",399.495,2,"",NaN,,,NaN,,
2024-11-12T09:25:26.000Z,4.184,2,"",M,59.939,2,"",M,6.000,2,"",N,11.243,2,"",M,31.251,2,"",M,11.680,2,"",M,1037.810,2,"",M,404.528,2,"",M,NaN,,,0,NaN,,,M,401.466,2,"",399.917,2,"",NaN,,,NaN,,
2024-11-12T09:27:19.000Z,4.186,2,"",M,59.940,2,"",M,6.000,2,"",N,11.244,2,"",M,31.254,2,"",M,11.680,2,"",M,1037.640,2,"",M,404.447,2,"",M,NaN,,,0,NaN,,,M,401.332,2,"",399.783,2,"",NaN,,,NaN,,
2024-11-12T09:29:11.000Z,4.188,2,"",M,59.939,2,"",M,6.000,2,"",N,11.244,2,"",M,31.264,2,"",M,11.680,2,"",M,1037.430,2,"",M,404.737,2,"",M,NaN,,,0,NaN,,,M,401.528,2,"",399.979,2,"",NaN,,,NaN,,
2024-11-12T09:31:03.000Z,4.189,2,"",M,59.938,2,"",M,6.000,2,"",N,11.242,2,"",M,31.271,2,"",M,11.690,2,"",M,1037.560,2,"",M,404.877,2,"",M,NaN,,,0,NaN,,,M,401.516,2,"",399.967,2,"",NaN,,,NaN,,
2024-11-12T09:32:55.000Z,4.188,2,"",M,59.937,2,"",M,6.000,2,"",N,11.240,2,"",M,31.268,2,"",M,11.680,2,"",M,1037.520,2,"",M,404.766,2,"",M,NaN,,,0,NaN,,,M,401.529,2,"",399.979,2,"",NaN,,,NaN,,
2024-11-12T09:34:47.000Z,4.187,2,"",M,59.937,2,"",M,6.000,2,"",N,11.244,2,"",M,31.265,2,"",M,11.600,2,"",M,1037.590,2,"",M,404.285,2,"",M,NaN,,,0,NaN,,,M,402.542,2,"",400.986,2,"",NaN,,,NaN,,
2024-11-12T09:36:40.000Z,4.186,2,"",M,59.937,2,"",M,6.000,2,"",N,11.240,2,"",M,31.260,2,"",M,11.680,2,"",M,1037.380,2,"",M,403.945,2,"",M,NaN,,,0,NaN,,,M,400.666,2,"",399.120,2,"",NaN,,,NaN,,
2024-11-12T09:38:32.000Z,4.186,2,"",M,59.937,2,"",M,6.000,2,"",N,11.247,2,"",M,31.260,2,"",M,11.670,2,"",M,1037.210,2,"",M,404.485,2,"",M,NaN,,,0,NaN,,,M,401.428,2,"",399.879,2,"",NaN,,,NaN,,
2024-11-12T09:40:24.000Z,4.186,2,"",M,59.936,2,"",M,6.000,2,"",N,11.250,2,"",M,31.265,2,"",M,11.680,2,"",M,1037.310,2,"",M,404.685,2,"",M,NaN,,,0,NaN,,,M,401.537,2,"",399.988,2,"",NaN,,,NaN,,
2024-11-12T09:42:16.000Z,4.186,2,"",M,59.936,2,"",M,6.000,2,"",N,11.252,2,"",M,31.267,2,"",M,11.690,2,"",M,1037.430,2,"",M,405.024,2,"",M,NaN,,,0,NaN,,,M,401.775,2,"",400.225,2,"",NaN,,,NaN,,
2024-11-12T09:44:09.000Z,4.186,2,"",M,59.936,2,"",M,6.000,2,"",N,11.265,2,"",M,31.291,2,"",M,11.690,2,"",M,1037.280,2,"",M,404.814,2,"",M,NaN,,,0,NaN,,,M,401.737,2,"",400.188,2,"",NaN,,,NaN,,
2024-11-12T09:46:01.000Z,4.186,2,"",M,59.936,2,"",M,6.000,2,"",N,11.282,2,"",M,31.297,2,"",M,11.700,2,"",M,1037.320,2,"",M,404.793,2,"",M,NaN,,,0,NaN,,,M,401.849,2,"",400.299,2,"",NaN,,,NaN,,
2024-11-12T09:47:53.000Z,4.187,2,"",M,59.936,2,"",M,6.000,2,"",N,11.271,2,"",M,31.296,2,"",M,11.720,2,"",M,1037.430,2,"",M,404.773,2,"",M,NaN,,,0,NaN,,,M,401.342,2,"",399.794,2,"",NaN,,,NaN,,
2024-11-12T09:49:45.000Z,4.187,2,"",M,59.937,2,"",M,6.000,2,"",N,11.265,2,"",M,31.295,2,"",M,11.700,2,"",M,1037.480,2,"",M,404.862,2,"",M,NaN,,,0,NaN,,,M,401.689,2,"",400.139,2,"",NaN,,,NaN,,
2024-11-12T09:51:38.000Z,4.187,2,"",M,59.938,2,"",M,6.000,2,"",N,11.249,2,"",M,31.291,2,"",M,11.690,2,"",M,1037.350,2,"",M,404.411,2,"",M,NaN,,,0,NaN,,,M,401.098,2,"",399.550,2,"",NaN,,,NaN,,
2024-11-12T09:53:30.000Z,4.186,2,"",M,59.939,2,"",M,6.000,2,"",N,11.244,2,"",M,31.296,2,"",M,11.690,2,"",M,1037.220,2,"",M,404.111,2,"",M,NaN,,,0,NaN,,,M,400.659,2,"",399.114,2,"",NaN,,,NaN,,
2024-11-12T09:55:22.000Z,4.186,2,"",M,59.939,2,"",M,6.000,2,"",N,11.242,2,"",M,31.301,2,"",M,11.690,2,"",M,1037.280,2,"",M,404.250,2,"",M,NaN,,,0,NaN,,,M,400.786,2,"",399.240,2,"",NaN,,,NaN,,
2024-11-12T09:57:14.000Z,4.186,2,"",M,59.940,2,"",M,6.000,2,"",N,11.241,2,"",M,31.307,2,"",M,11.680,2,"",M,1037.560,2,"",M,403.960,2,"",M,NaN,,,0,NaN,,,M,400.764,2,"",399.217,2,"",NaN,,,NaN,,
2024-11-12T09:59:06.000Z,4.186,2,"",M,59.940,2,"",M,6.000,2,"",N,11.241,2,"",M,31.310,2,"",M,11.670,2,"",M,1037.410,2,"",M,403.669,2,"",M,NaN,,,0,NaN,,,M,400.590,2,"",399.044,2,"",NaN,,,NaN,,
2024-11-12T10:00:59.000Z,4.186,2,"",M,59.940,2,"",M,6.000,2,"",N,11.241,2,"",M,31.313,2,"",M,11.670,2,"",M,1037.570,2,"",M,403.458,2,"",M,NaN,,,0,NaN,,,M,400.442,2,"",398.896,2,"",NaN,,,NaN,,
2024-11-12T10:02:51.000Z,4.186,2,"",M,59.940,2,"",M,6.000,2,"",N,11.239,2,"",M,31.315,2,"",M,11.670,2,"",M,1037.530,2,"",M,403.408,2,"",M,NaN,,,0,NaN,,,M,400.345,2,"",398.800,2,"",NaN,,,NaN,,
2024-11-12T10:04:43.000Z,4.186,2,"",M,59.940,2,"",M,6.000,2,"",N,11.243,2,"",M,31.319,2,"",M,11.680,2,"",M,1037.540,2,"",M,403.157,2,"",M,NaN,,,0,NaN,,,M,399.999,2,"",398.455,2,"",NaN,,,NaN,,
2024-11-12T10:09:13.000Z,4.187,2,"",M,59.940,2,"",M,6.000,2,"",N,NaN,,,M,NaN,,,M,NaN,,,M,NaN,,,M,NaN,,,0,NaN,,,0,NaN,,,M,NaN,,,NaN,,,NaN,,,NaN,,
2024-11-12T10:11:02.000Z,4.184,2,"",M,59.940,2,"",M,6.000,2,"",N,NaN,,,M,NaN,,,M,NaN,,,M,NaN,,,M,NaN,,,0,NaN,,,0,NaN,,,M,NaN,,,NaN,,,NaN,,,NaN,,
2024-11-12T10:13:13.000Z,4.183,2,"",M,59.938,2,"",M,6.000,2,"",N,NaN,,,M,NaN,,,M,NaN,,,M,NaN,,,M,NaN,,,0,NaN,,,0,NaN,,,M,NaN,,,NaN,,,NaN,,,NaN,,
2024-11-12T10:17:43.000Z,4.184,2,"",M,59.931,2,"",M,6.000,2,"",N,NaN,,,M,NaN,,,M,NaN,,,M,NaN,,,M,NaN,,,0,NaN,,,0,NaN,,,M,NaN,,,NaN,,,NaN,,,NaN,,
2024-11-12T10:19:33.000Z,4.184,2,"",M,59.928,2,"",M,6.000,2,"",N,NaN,,,M,NaN,,,M,NaN,,,M,NaN,,,M,NaN,,,0,NaN,,,0,NaN,,,M,NaN,,,NaN,,,NaN,,,NaN,,
2024-11-12T10:21:23.000Z,4.185,2,"",M,59.926,2,"",M,6.000,2,"",N,NaN,,,M,NaN,,,M,NaN,,,M,NaN,,,M,NaN,,,0,NaN,,,0,NaN,,,M,NaN,,,NaN,,,NaN,,,NaN,,
2024-11-12T10:25:53.000Z,4.187,2,"",M,59.920,2,"",M,6.000,2,"",N,NaN,,,M,NaN,,,M,NaN,,,M,NaN,,,M,NaN,,,0,NaN,,,0,NaN,,,M,NaN,,,NaN,,,NaN,,,NaN,,
2024-11-12T10:27:42.000Z,4.188,2,"",M,59.919,2,"",M,6.000,2,"",N,NaN,,,M,NaN,,,M,NaN,,,M,NaN,,,M,NaN,,,0,NaN,,,0,NaN,,,M,NaN,,,NaN,,,NaN,,,NaN,,
2024-11-12T10:29:32.000Z,4.189,2,"",M,59.917,2,"",M,6.000,2,"",N,NaN,,,M,NaN,,,M,NaN,,,M,NaN,,,M,NaN,,,0,NaN,,,0,NaN,,,M,NaN,,,NaN,,,NaN,,,NaN,,
2024-11-12T10:34:02.000Z,4.191,2,"",M,59.913,2,"",M,6.000,2,"",N,11.261,2,"",M,31.329,2,"",M,NaN,,,M,NaN,,,M,NaN,,,0,426.124,2,"",M,1036.400,2,"",M,NaN,,,NaN,,,431.390,2,"",429.714,2,""
2024-11-12T10:35:51.000Z,4.192,2,"",M,59.912,2,"",M,6.000,2,"",N,11.261,2,"",M,31.337,2,"",M,NaN,,,M,NaN,,,M,NaN,,,0,425.684,2,"",M,1036.300,2,"",M,NaN,,,NaN,,,430.902,2,"",429.228,2,""
2024-11-12T10:37:41.000Z,4.193,2,"",M,59.910,2,"",M,6.000,2,"",N,11.261,2,"",M,31.342,2,"",M,NaN,,,M,NaN,,,M,NaN,,,0,425.714,2,"",M,1036.400,2,"",M,NaN,,,NaN,,,430.975,2,"",429.301,2,""
2024-11-12T10:39:31.000Z,4.193,2,"",M,59.908,2,"",M,6.000,2,"",N,11.259,2,"",M,31.358,2,"",M,NaN,,,M,NaN,,,M,NaN,,,0,425.955,2,"",M,1036.400,2,"",M,NaN,,,NaN,,,431.220,2,"",429.544,2,""
2024-11-12T10:41:21.000Z,4.194,2,"",M,59.907,2,"",M,6.000,2,"",N,11.262,2,"",M,31.377,2,"",M,NaN,,,M,NaN,,,M,NaN,,,0,425.905,2,"",M,1036.300,2,"",M,NaN,,,NaN,,,431.126,2,"",429.451,2,""
2024-11-12T10:46:31.000Z,4.197,2,"",M,59.903,2,"",M,6.000,2,"",N,11.306,2,"",M,31.445,2,"",M,11.660,2,"",M,1037.370,2,"",M,400.547,2,"",M,NaN,,,0,NaN,,,M,398.735,2,"",397.196,2,"",NaN,,,NaN,,
2024-11-12T10:48:23.000Z,4.198,2,"",M,59.901,2,"",M,6.000,2,"",N,11.321,2,"",M,31.453,2,"",M,11.690,2,"",M,1037.200,2,"",M,400.468,2,"",M,NaN,,,0,NaN,,,M,398.337,2,"",396.801,2,"",NaN,,,NaN,,
2024-11-12T10:50:16.000Z,4.199,2,"",M,59.899,2,"",M,6.000,2,"",N,11.329,2,"",M,31.468,2,"",M,11.700,2,"",M,1037.160,2,"",M,400.799,2,"",M,NaN,,,0,NaN,,,M,398.611,2,"",397.074,2,"",NaN,,,NaN,,
2024-11-12T10:52:08.000Z,4.200,2,"",M,59.898,2,"",M,6.000,2,"",N,11.335,2,"",M,31.473,2,"",M,11.710,2,"",M,1037.210,2,"",M,400.969,2,"",M,NaN,,,0,NaN,,,M,398.730,2,"",397.193,2,"",NaN,,,NaN,,
2024-11-12T10:54:00.000Z,4.201,2,"",M,59.896,2,"",M,6.000,2,"",N,11.346,2,"",M,31.481,2,"",M,11.710,2,"",M,1037.320,2,"",M,401.070,2,"",M,NaN,,,0,NaN,,,M,399.057,2,"",397.518,2,"",NaN,,,NaN,,
2024-11-12T10:55:52.000Z,4.202,2,"",M,59.895,2,"",M,6.000,2,"",N,11.361,2,"",M,31.486,2,"",M,11.720,2,"",M,1037.435,2,"",M,401.040,2,"",M,NaN,,,0,NaN,,,M,399.157,2,"",397.617,2,"",NaN,,,NaN,,
2024-11-12T10:57:44.000Z,4.204,2,"",M,59.893,2,"",M,6.000,2,"",N,11.384,2,"",M,31.485,2,"",M,11.730,2,"",M,1037.420,2,"",M,401.561,2,"",M,NaN,,,0,NaN,,,M,399.891,2,"",398.348,2,"",NaN,,,NaN,,
2024-11-12T10:59:37.000Z,4.205,2,"",M,59.892,2,"",M,6.000,2,"",N,11.410,2,"",M,31.476,2,"",M,11.760,2,"",M,1037.280,2,"",M,401.612,2,"",M,NaN,,,0,NaN,,,M,399.800,2,"",398.259,2,"",NaN,,,NaN,,
2024-11-12T11:01:29.000Z,4.206,2,"",M,59.890,2,"",M,6.000,2,"",N,11.413,2,"",M,31.467,2,"",M,11.790,2,"",M,1037.160,2,"",M,402.093,2,"",M,NaN,,,0,NaN,,,M,399.763,2,"",398.223,2,"",NaN,,,NaN,,
2024-11-12T11:03:22.000Z,4.207,2,"",M,59.889,2,"",M,6.000,2,"",N,11.406,2,"",M,31.450,2,"",M,11.790,2,"",M,1037.110,2,"",M,402.734,2,"",M,NaN,,,0,NaN,,,M,400.266,2,"",398.724,2,"",NaN,,,NaN,,
2024-11-12T11:05:13.000Z,4.207,2,"",M,59.888,2,"",M,6.000,2,"",N,11.404,2,"",M,31.430,2,"",M,11.780,2,"",M,1037.050,2,"",M,402.685,2,"",M,NaN,,,0,NaN,,,M,400.327,2,"",398.785,2,"",NaN,,,NaN,,
2024-11-12T11:07:06.000Z,4.208,2,"",M,59.888,2,"",M,6.000,2,"",N,11.411,2,"",M,31.426,2,"",M,11.780,2,"",M,1036.880,2,"",M,402.485,2,"",M,NaN,,,0,NaN,,,M,400.178,2,"",398.637,2,"",NaN,,,NaN,,
2024-11-12T11:08:58.000Z,4.209,2,"",M,59.887,2,"",M,6.000,2,"",N,11.414,2,"",M,31.416,2,"",M,11.790,2,"",M,1036.860,2,"",M,402.415,2,"",M,NaN,,,0,NaN,,,M,399.976,2,"",398.436,2,"",NaN,,,NaN,,
2024-11-12T11:10:50.000Z,4.210,2,"",M,59.886,2,"",M,6.000,2,"",N,11.404,2,"",M,31.414,2,"",M,11.800,2,"",M,1036.990,2,"",M,401.995,2,"",M,NaN,,,0,NaN,,,M,399.277,2,"",397.739,2,"",NaN,,,NaN,,
2024-11-12T11:13:03.000Z,4.211,2,"",M,59.885,2,"",M,6.000,2,"",N,11.399,2,"",M,31.404,2,"",M,11.790,2,"",M,1036.920,2,"",M,402.006,2,"",M,NaN,,,0,NaN,,,M,399.342,2,"",397.804,2,"",NaN,,,NaN,,
2024-11-12T11:14:56.000Z,4.212,2,"",M,59.884,2,"",M,6.000,2,"",N,11.390,2,"",M,31.404,2,"",M,11.770,2,"",M,1037.010,2,"",M,402.167,2,"",M,NaN,,,0,NaN,,,M,399.730,2,"",398.190,2,"",NaN,,,NaN,,
2024-11-12T11:16:48.000Z,4.215,2,"",M,59.882,2,"",M,6.000,2,"",N,11.387,2,"",M,31.405,2,"",M,11.770,2,"",M,1037.060,2,"",M,401.907,2,"",M,NaN,,,0,NaN,,,M,399.452,2,"",397.913,2,"",NaN,,,NaN,,
2024-11-12T11:18:40.000Z,4.218,2,"",M,59.884,2,"",M,6.000,2,"",N,11.379,2,"",M,31.409,2,"",M,11.770,2,"",M,1037.170,2,"",M,401.827,2,"",M,NaN,,,0,NaN,,,M,399.275,2,"",397.737,2,"",NaN,,,NaN,,
2024-11-12T11:20:32.000Z,4.217,2,"",M,59.888,2,"",M,6.000,2,"",N,11.379,2,"",M,31.407,2,"",M,11.770,2,"",M,1037.180,2,"",M,401.988,2,"",M,NaN,,,0,NaN,,,M,399.442,2,"",397.902,2,"",NaN,,,NaN,,
2024-11-12T11:22:25.000Z,4.216,2,"",M,59.894,2,"",M,6.000,2,"",N,11.399,2,"",M,31.396,2,"",M,11.760,2,"",M,1036.860,2,"",M,402.028,2,"",M,NaN,,,0,NaN,,,M,399.861,2,"",398.320,2,"",NaN,,,NaN,,
2024-11-12T11:24:17.000Z,4.214,2,"",M,59.899,2,"",M,6.000,2,"",N,11.415,2,"",M,31.439,2,"",M,11.770,2,"",M,1036.820,2,"",M,402.099,2,"",M,NaN,,,0,NaN,,,M,400.024,2,"",398.483,2,"",NaN,,,NaN,,
2024-11-12T11:26:09.000Z,4.211,2,"",M,59.904,2,"",M,6.000,2,"",N,11.381,2,"",M,31.482,2,"",M,11.790,2,"",M,1036.915,2,"",M,402.230,2,"",M,NaN,,,0,NaN,,,M,399.267,2,"",397.729,2,"",NaN,,,NaN,,
2024-11-12T11:28:01.000Z,4.209,2,"",M,59.909,2,"",M,6.000,2,"",N,11.338,2,"",M,31.481,2,"",M,11.760,2,"",M,1036.780,2,"",M,402.580,2,"",M,NaN,,,0,NaN,,,M,399.353,2,"",397.814,2,"",NaN,,,NaN,,
2024-11-12T11:29:54.000Z,4.206,2,"",M,59.915,2,"",M,6.000,2,"",N,11.294,2,"",M,31.441,2,"",M,11.730,2,"",M,1037.210,2,"",M,402.361,2,"",M,NaN,,,0,NaN,,,M,399.076,2,"",397.538,2,"",NaN,,,NaN,,
2024-11-12T11:31:46.000Z,4.204,2,"",M,59.920,2,"",M,6.000,2,"",N,11.284,2,"",M,31.389,2,"",M,11.690,2,"",M,1036.590,2,"",M,401.500,2,"",M,NaN,,,0,NaN,,,M,398.495,2,"",396.959,2,"",NaN,,,NaN,,
2024-11-12T11:33:38.000Z,4.202,2,"",M,59.925,2,"",M,6.000,2,"",N,11.264,2,"",M,31.359,2,"",M,11.670,2,"",M,1036.840,2,"",M,400.920,2,"",M,NaN,,,0,NaN,,,M,398.022,2,"",396.487,2,"",NaN,,,NaN,,
2024-11-12T11:35:30.000Z,4.199,2,"",M,59.930,2,"",M,6.000,2,"",N,11.259,2,"",M,31.327,2,"",M,11.650,2,"",M,1036.560,2,"",M,400.941,2,"",M,NaN,,,0,NaN,,,M,398.199,2,"",396.663,2,"",NaN,,,NaN,,
2024-11-12T11:37:23.000Z,4.197,2,"",M,59.936,2,"",M,6.000,2,"",N,11.272,2,"",M,31.395,2,"",M,11.640,2,"",M,1036.890,2,"",M,401.472,2,"",M,NaN,,,0,NaN,,,M,399.243,2,"",397.702,2,"",NaN,,,NaN,,
2024-11-12T11:39:15.000Z,4.195,2,"",M,59.940,2,"",M,6.000,2,"",N,11.298,2,"",M,31.486,2,"",M,11.650,2,"",M,1036.860,2,"",M,401.392,2,"",M,NaN,,,0,NaN,,,M,399.423,2,"",397.882,2,"",NaN,,,NaN,,
2024-11-12T11:41:07.000Z,4.193,2,"",M,59.942,2,"",M,6.000,2,"",N,11.312,2,"",M,31.503,2,"",M,11.680,2,"",M,1036.740,2,"",M,401.392,2,"",M,NaN,,,0,NaN,,,M,399.091,2,"",397.552,2,"",NaN,,,NaN,,
2024-11-12T11:42:59.000Z,4.192,2,"",M,59.944,2,"",M,6.000,2,"",N,11.314,2,"",M,31.503,2,"",M,11.700,2,"",M,1036.730,2,"",M,401.603,2,"",M,NaN,,,0,NaN,,,M,398.993,2,"",397.455,2,"",NaN,,,NaN,,
2024-11-12T11:44:51.000Z,4.192,2,"",M,59.944,2,"",M,6.000,2,"",N,11.318,2,"",M,31.504,2,"",M,11.700,2,"",M,1036.720,2,"",M,401.784,2,"",M,NaN,,,0,NaN,,,M,399.237,2,"",397.698,2,"",NaN,,,NaN,,
2024-11-12T11:46:44.000Z,4.191,2,"",M,59.945,2,"",M,6.000,2,"",N,11.318,2,"",M,31.504,2,"",M,11.700,2,"",M,1036.650,2,"",M,401.965,2,"",M,NaN,,,0,NaN,,,M,399.384,2,"",397.845,2,"",NaN,,,NaN,,
2024-11-12T11:48:36.000Z,4.191,2,"",M,59.946,2,"",M,6.000,2,"",N,11.319,2,"",M,31.504,2,"",M,11.700,2,"",M,1036.500,2,"",M,402.045,2,"",M,NaN,,,0,NaN,,,M,399.418,2,"",397.879,2,"",NaN,,,NaN,,
2024-11-12T11:50:28.000Z,4.191,2,"",M,59.946,2,"",M,6.000,2,"",N,11.321,2,"",M,31.504,2,"",M,11.700,2,"",M,1036.330,2,"",M,402.086,2,"",M,NaN,,,0,NaN,,,M,399.432,2,"",397.893,2,"",NaN,,,NaN,,
2024-11-12T11:52:20.000Z,4.190,2,"",M,59.946,2,"",M,6.000,2,"",N,11.322,2,"",M,31.504,2,"",M,11.700,2,"",M,1036.410,2,"",M,402.236,2,"",M,NaN,,,0,NaN,,,M,399.629,2,"",398.088,2,"",NaN,,,NaN,,
2024-11-12T11:54:13.000Z,4.190,2,"",M,59.946,2,"",M,6.000,2,"",N,11.322,2,"",M,31.504,2,"",M,11.710,2,"",M,1036.350,2,"",M,402.367,2,"",M,NaN,,,0,NaN,,,M,399.571,2,"",398.031,2,"",NaN,,,NaN,,
2024-11-12T11:56:05.000Z,4.190,2,"",M,59.946,2,"",M,6.000,2,"",N,11.322,2,"",M,31.503,2,"",M,11.710,2,"",M,1036.630,2,"",M,402.377,2,"",M,NaN,,,0,NaN,,,M,399.681,2,"",398.141,2,"",NaN,,,NaN,,
2024-11-12T11:57:57.000Z,4.190,2,"",M,59.946,2,"",M,6.000,2,"",N,11.323,2,"",M,31.506,2,"",M,11.710,2,"",M,1036.690,2,"",M,402.258,2,"",M,NaN,,,0,NaN,,,M,399.605,2,"",398.065,2,"",NaN,,,NaN,,
2024-11-12T11:59:49.000Z,4.191,2,"",M,59.946,2,"",M,6.000,2,"",N,11.323,2,"",M,31.505,2,"",M,11.700,2,"",M,1036.440,2,"",M,402.018,2,"",M,NaN,,,0,NaN,,,M,399.438,2,"",397.899,2,"",NaN,,,NaN,,
2024-11-12T12:01:41.000Z,4.191,2,"",M,59.945,2,"",M,6.000,2,"",N,11.323,2,"",M,31.505,2,"",M,11.700,2,"",M,1036.640,2,"",M,401.888,2,"",M,NaN,,,0,NaN,,,M,399.385,2,"",397.846,2,"",NaN,,,NaN,,
2024-11-12T12:03:34.000Z,4.191,2,"",M,59.945,2,"",M,6.000,2,"",N,11.322,2,"",M,31.505,2,"",M,11.700,2,"",M,1036.510,2,"",M,402.089,2,"",M,NaN,,,0,NaN,,,M,399.527,2,"",397.988,2,"",NaN,,,NaN,,
2024-11-12T12:05:26.000Z,4.191,2,"",M,59.945,2,"",M,6.000,2,"",N,11.322,2,"",M,31.506,2,"",M,11.710,2,"",M,1036.630,2,"",M,401.909,2,"",M,NaN,,,0,NaN,,,M,399.217,2,"",397.679,2,"",NaN,,,NaN,,
2024-11-12T12:07:18.000Z,4.191,2,"",M,59.945,2,"",M,6.000,2,"",N,11.325,2,"",M,31.505,2,"",M,11.710,2,"",M,1036.520,2,"",M,402.250,2,"",M,NaN,,,0,NaN,,,M,399.558,2,"",398.018,2,"",NaN,,,NaN,,
2024-11-12T12:09:10.000Z,4.191,2,"",M,59.945,2,"",M,6.000,2,"",N,11.323,2,"",M,31.505,2,"",M,11.710,2,"",M,1036.350,2,"",M,401.900,2,"",M,NaN,,,0,NaN,,,M,399.112,2,"",397.574,2,"",NaN,,,NaN,,
2024-11-12T12:11:02.000Z,4.192,2,"",M,59.945,2,"",M,6.000,2,"",N,11.322,2,"",M,31.506,2,"",M,11.700,2,"",M,1036.400,2,"",M,402.071,2,"",M,NaN,,,0,NaN,,,M,399.467,2,"",397.927,2,"",NaN,,,NaN,,
2024-11-12T12:13:16.000Z,4.192,2,"",M,59.944,2,"",M,6.000,2,"",N,11.322,2,"",M,31.507,2,"",M,11.700,2,"",M,1036.640,2,"",M,401.991,2,"",M,NaN,,,0,NaN,,,M,399.476,2,"",397.936,2,"",NaN,,,NaN,,
2024-11-12T12:15:08.000Z,4.192,2,"",M,59.944,2,"",M,6.000,2,"",N,11.321,2,"",M,31.506,2,"",M,11.700,2,"",M,1036.810,2,"",M,401.722,2,"",M,NaN,,,0,NaN,,,M,399.253,2,"",397.713,2,"",NaN,,,NaN,,
2024-11-12T12:17:00.000Z,4.192,2,"",M,59.944,2,"",M,6.000,2,"",N,11.318,2,"",M,31.508,2,"",M,11.700,2,"",M,1036.710,2,"",M,401.732,2,"",M,NaN,,,0,NaN,,,M,399.175,2,"",397.636,2,"",NaN,,,NaN,,
2024-11-12T12:18:53.000Z,4.192,2,"",M,59.944,2,"",M,6.000,2,"",N,11.316,2,"",M,31.507,2,"",M,11.710,2,"",M,1036.660,2,"",M,401.883,2,"",M,NaN,,,0,NaN,,,M,399.103,2,"",397.564,2,"",NaN,,,NaN,,
2024-11-12T12:20:45.000Z,4.193,2,"",M,59.944,2,"",M,6.000,2,"",N,11.315,2,"",M,31.507,2,"",M,11.700,2,"",M,1036.620,2,"",M,401.923,2,"",M,NaN,,,0,NaN,,,M,399.275,2,"",397.736,2,"",NaN,,,NaN,,
2024-11-12T12:22:37.000Z,4.193,2,"",M,59.944,2,"",M,6.000,2,"",N,11.318,2,"",M,31.508,2,"",M,11.700,2,"",M,1036.480,2,"",M,402.064,2,"",M,NaN,,,0,NaN,,,M,399.421,2,"",397.882,2,"",NaN,,,NaN,,
2024-11-12T12:24:29.000Z,4.193,2,"",M,59.944,2,"",M,6.000,2,"",N,11.315,2,"",M,31.509,2,"",M,11.700,2,"",M,1036.470,2,"",M,401.754,2,"",M,NaN,,,0,NaN,,,M,399.060,2,"",397.522,2,"",NaN,,,NaN,,
2024-11-12T12:26:21.000Z,4.194,2,"",M,59.944,2,"",M,6.000,2,"",N,11.314,2,"",M,31.509,2,"",M,11.690,2,"",M,1036.500,2,"",M,401.624,2,"",M,NaN,,,0,NaN,,,M,399.096,2,"",397.558,2,"",NaN,,,NaN,,
2024-11-12T12:28:14.000Z,4.194,2,"",M,59.944,2,"",M,6.000,2,"",N,11.313,2,"",M,31.510,2,"",M,11.690,2,"",M,1036.550,2,"",M,401.535,2,"",M,NaN,,,0,NaN,,,M,399.004,2,"",397.466,2,"",NaN,,,NaN,,
2024-11-12T12:30:06.000Z,4.194,2,"",M,59.944,2,"",M,6.000,2,"",N,11.313,2,"",M,31.509,2,"",M,11.700,2,"",M,1036.670,2,"",M,401.816,2,"",M,NaN,,,0,NaN,,,M,399.168,2,"",397.629,2,"",NaN,,,NaN,,
2024-11-12T12:31:58.000Z,4.194,2,"",M,59.944,2,"",M,6.000,2,"",N,11.315,2,"",M,31.510,2,"",M,11.700,2,"",M,1036.370,2,"",M,401.866,2,"",M,NaN,,,0,NaN,,,M,399.131,2,"",397.593,2,"",NaN,,,NaN,,
2024-11-12T12:33:50.000Z,4.195,2,"",M,59.942,2,"",M,6.000,2,"",N,11.321,2,"",M,31.509,2,"",M,11.700,2,"",M,1036.430,2,"",M,401.817,2,"",M,NaN,,,0,NaN,,,M,399.200,2,"",397.662,2,"",NaN,,,NaN,,
2024-11-12T12:35:43.000Z,4.196,2,"",M,59.939,2,"",M,6.000,2,"",N,11.313,2,"",M,31.512,2,"",M,11.700,2,"",M,1036.340,2,"",M,401.667,2,"",M,NaN,,,0,NaN,,,M,398.891,2,"",397.354,2,"",NaN,,,NaN,,
2024-11-12T12:37:35.000Z,4.196,2,"",M,59.937,2,"",M,6.000,2,"",N,11.309,2,"",M,31.516,2,"",M,11.690,2,"",M,1036.670,2,"",M,401.367,2,"",M,NaN,,,0,NaN,,,M,398.811,2,"",397.274,2,"",NaN,,,NaN,,
2024-11-12T12:39:27.000Z,4.197,2,"",M,59.935,2,"",M,6.000,2,"",N,11.304,2,"",M,31.520,2,"",M,11.690,2,"",M,1036.570,2,"",M,401.247,2,"",M,NaN,,,0,NaN,,,M,398.574,2,"",397.037,2,"",NaN,,,NaN,,
2024-11-12T12:41:19.000Z,4.198,2,"",M,59.933,2,"",M,6.000,2,"",N,11.291,2,"",M,31.500,2,"",M,11.680,2,"",M,1036.490,2,"",M,401.348,2,"",M,NaN,,,0,NaN,,,M,398.603,2,"",397.067,2,"",NaN,,,NaN,,
2024-11-12T12:43:12.000Z,4.199,2,"",M,59.931,2,"",M,6.000,2,"",N,11.277,2,"",M,31.444,2,"",M,11.680,2,"",M,1036.280,2,"",M,401.068,2,"",M,NaN,,,0,NaN,,,M,397.999,2,"",396.464,2,"",NaN,,,NaN,,
2024-11-12T12:45:04.000Z,4.200,2,"",M,59.929,2,"",M,6.000,2,"",N,11.269,2,"",M,31.387,2,"",M,11.660,2,"",M,1036.460,2,"",M,400.828,2,"",M,NaN,,,0,NaN,,,M,398.050,2,"",396.515,2,"",NaN,,,NaN,,
2024-11-12T12:46:56.000Z,4.201,2,"",M,59.927,2,"",M,6.000,2,"",N,11.268,2,"",M,31.363,2,"",M,11.660,2,"",M,1036.360,2,"",M,401.019,2,"",M,NaN,,,0,NaN,,,M,398.178,2,"",396.643,2,"",NaN,,,NaN,,
2024-11-12T12:48:48.000Z,4.202,2,"",M,59.925,2,"",M,6.000,2,"",N,11.262,2,"",M,31.347,2,"",M,11.650,2,"",M,1036.410,2,"",M,401.000,2,"",M,NaN,,,0,NaN,,,M,398.247,2,"",396.712,2,"",NaN,,,NaN,,
2024-11-12T12:50:40.000Z,4.202,2,"",M,59.924,2,"",M,6.000,2,"",N,11.254,2,"",M,31.348,2,"",M,11.640,2,"",M,1036.300,2,"",M,401.401,2,"",M,NaN,,,0,NaN,,,M,398.637,2,"",397.099,2,"",NaN,,,NaN,,
2024-11-12T12:52:33.000Z,4.203,2,"",M,59.922,2,"",M,6.000,2,"",N,11.261,2,"",M,31.355,2,"",M,11.640,2,"",M,1036.140,2,"",M,401.081,2,"",M,NaN,,,0,NaN,,,M,398.382,2,"",396.846,2,"",NaN,,,NaN,,
2024-11-12T12:54:25.000Z,4.204,2,"",M,59.921,2,"",M,6.000,2,"",N,11.270,2,"",M,31.365,2,"",M,11.650,2,"",M,1036.510,2,"",M,400.981,2,"",M,NaN,,,0,NaN,,,M,398.403,2,"",396.867,2,"",NaN,,,NaN,,
2024-11-12T12:56:17.000Z,4.204,2,"",M,59.919,2,"",M,6.000,2,"",N,11.275,2,"",M,31.371,2,"",M,11.660,2,"",M,1036.520,2,"",M,400.881,2,"",M,NaN,,,0,NaN,,,M,398.219,2,"",396.684,2,"",NaN,,,NaN,,
2024-11-12T12:58:09.000Z,4.205,2,"",M,59.917,2,"",M,6.000,2,"",N,11.274,2,"",M,31.379,2,"",M,11.660,2,"",M,1036.520,2,"",M,400.832,2,"",M,NaN,,,0,NaN,,,M,398.158,2,"",396.622,2,"",NaN,,,NaN,,
2024-11-12T13:00:02.000Z,4.205,2,"",M,59.916,2,"",M,6.000,2,"",N,11.277,2,"",M,31.400,2,"",M,11.660,2,"",M,1036.540,2,"",M,400.422,2,"",M,NaN,,,0,NaN,,,M,397.801,2,"",396.267,2,"",NaN,,,NaN,,
2024-11-12T13:01:54.000Z,4.206,2,"",M,59.914,2,"",M,6.000,2,"",N,11.285,2,"",M,31.418,2,"",M,11.650,2,"",M,1036.210,2,"",M,400.212,2,"",M,NaN,,,0,NaN,,,M,397.774,2,"",396.240,2,"",NaN,,,NaN,,
2024-11-12T13:03:46.000Z,4.207,2,"",M,59.913,2,"",M,6.000,2,"",N,11.304,2,"",M,31.430,2,"",M,11.660,2,"",M,1036.400,2,"",M,399.782,2,"",M,NaN,,,0,NaN,,,M,397.563,2,"",396.030,2,"",NaN,,,NaN,,
2024-11-12T13:05:38.000Z,4.208,2,"",M,59.911,2,"",M,6.000,2,"",N,11.317,2,"",M,31.444,2,"",M,11.690,2,"",M,1036.200,2,"",M,399.623,2,"",M,NaN,,,0,NaN,,,M,397.032,2,"",395.502,2,"",NaN,,,NaN,,
2024-11-12T13:07:31.000Z,4.208,2,"",M,59.910,2,"",M,6.000,2,"",N,11.329,2,"",M,31.467,2,"",M,11.700,2,"",M,1036.140,2,"",M,399.893,2,"",M,NaN,,,0,NaN,,,M,397.318,2,"",395.787,2,"",NaN,,,NaN,,
2024-11-12T13:09:23.000Z,4.209,2,"",M,59.908,2,"",M,6.000,2,"",N,11.337,2,"",M,31.475,2,"",M,11.710,2,"",M,1036.560,2,"",M,400.374,2,"",M,NaN,,,0,NaN,,,M,397.913,2,"",396.379,2,"",NaN,,,NaN,,
2024-11-12T13:11:15.000Z,4.210,2,"",M,59.907,2,"",M,6.000,2,"",N,11.356,2,"",M,31.481,2,"",M,11.720,2,"",M,1036.470,2,"",M,400.505,2,"",M,NaN,,,0,NaN,,,M,398.155,2,"",396.621,2,"",NaN,,,NaN,,
2024-11-12T13:13:28.000Z,4.211,2,"",M,59.905,2,"",M,6.000,2,"",N,11.383,2,"",M,31.474,2,"",M,11.740,2,"",M,1036.380,2,"",M,400.546,2,"",M,NaN,,,0,NaN,,,M,398.277,2,"",396.743,2,"",NaN,,,NaN,,
2024-11-12T13:15:21.000Z,4.212,2,"",M,59.903,2,"",M,6.000,2,"",N,11.398,2,"",M,31.456,2,"",M,11.760,2,"",M,1036.230,2,"",M,401.207,2,"",M,NaN,,,0,NaN,,,M,398.780,2,"",397.245,2,"",NaN,,,NaN,,
2024-11-12T13:17:13.000Z,4.213,2,"",M,59.901,2,"",M,6.000,2,"",N,11.403,2,"",M,31.437,2,"",M,11.780,2,"",M,1036.400,2,"",M,401.618,2,"",M,NaN,,,0,NaN,,,M,399.003,2,"",397.467,2,"",NaN,,,NaN,,
2024-11-12T13:19:05.000Z,4.213,2,"",M,59.900,2,"",M,6.000,2,"",N,11.402,2,"",M,31.426,2,"",M,11.790,2,"",M,1036.530,2,"",M,402.199,2,"",M,NaN,,,0,NaN,,,M,399.445,2,"",397.907,2,"",NaN,,,NaN,,
2024-11-12T13:20:57.000Z,4.214,2,"",M,59.899,2,"",M,6.000,2,"",N,11.394,2,"",M,31.412,2,"",M,11.780,2,"",M,1036.505,2,"",M,402.149,2,"",M,NaN,,,0,NaN,,,M,399.422,2,"",397.884,2,"",NaN,,,NaN,,
2024-11-12T13:22:50.000Z,4.214,2,"",M,59.898,2,"",M,6.000,2,"",N,11.385,2,"",M,31.404,2,"",M,11.780,2,"",M,1036.410,2,"",M,401.809,2,"",M,NaN,,,0,NaN,,,M,398.891,2,"",397.355,2,"",NaN,,,NaN,,
2024-11-12T13:24:42.000Z,4.215,2,"",M,59.898,2,"",M,6.000,2,"",N,11.384,2,"",M,31.405,2,"",M,11.770,2,"",M,1036.470,2,"",M,401.550,2,"",M,NaN,,,0,NaN,,,M,398.805,2,"",397.269,2,"",NaN,,,NaN,,
2024-11-12T13:26:34.000Z,4.215,2,"",M,59.897,2,"",M,6.000,2,"",N,11.383,2,"",M,31.408,2,"",M,11.760,2,"",M,1036.310,2,"",M,401.350,2,"",M,NaN,,,0,NaN,,,M,398.700,2,"",397.164,2,"",NaN,,,NaN,,
2024-11-12T13:28:26.000Z,4.216,2,"",M,59.896,2,"",M,6.000,2,"",N,11.378,2,"",M,31.411,2,"",M,11.760,2,"",M,1036.470,2,"",M,401.450,2,"",M,NaN,,,0,NaN,,,M,398.779,2,"",397.243,2,"",NaN,,,NaN,,
2024-11-12T13:30:19.000Z,4.217,2,"",M,59.895,2,"",M,6.000,2,"",N,11.369,2,"",M,31.417,2,"",M,11.770,2,"",M,1036.510,2,"",M,401.361,2,"",M,NaN,,,0,NaN,,,M,398.394,2,"",396.859,2,"",NaN,,,NaN,,
2024-11-12T13:32:11.000Z,4.218,2,"",M,59.894,2,"",M,6.000,2,"",N,11.364,2,"",M,31.427,2,"",M,11.760,2,"",M,1036.420,2,"",M,401.161,2,"",M,NaN,,,0,NaN,,,M,398.242,2,"",396.708,2,"",NaN,,,NaN,,
2024-11-12T13:34:03.000Z,4.219,2,"",M,59.893,2,"",M,6.000,2,"",N,11.361,2,"",M,31.434,2,"",M,11.740,2,"",M,1036.310,2,"",M,401.122,2,"",M,NaN,,,0,NaN,,,M,398.448,2,"",396.914,2,"",NaN,,,NaN,,
2024-11-12T13:35:56.000Z,4.221,2,"",M,59.891,2,"",M,6.000,2,"",N,11.354,2,"",M,31.447,2,"",M,11.740,2,"",M,1036.190,2,"",M,400.641,2,"",M,NaN,,,0,NaN,,,M,397.808,2,"",396.276,2,"",NaN,,,NaN,,
2024-11-12T13:37:47.000Z,4.226,2,"",M,59.892,2,"",M,6.000,2,"",N,11.352,2,"",M,31.470,2,"",M,11.730,2,"",M,1036.400,2,"",M,400.272,2,"",M,NaN,,,0,NaN,,,M,397.668,2,"",396.136,2,"",NaN,,,NaN,,
2024-11-12T13:39:40.000Z,4.226,2,"",M,59.896,2,"",M,6.000,2,"",N,11.348,2,"",I,31.473,2,"",I,11.730,2,"",M,1036.060,2,"",M,399.772,2,"",M,NaN,,,0,NaN,,,M,396.973,2,"",395.444,2,"",NaN,,,NaN,,
2024-11-12T13:41:32.000Z,4.224,2,"",M,59.901,2,"",M,6.000,2,"",N,11.344,2,"",M,31.476,2,"",M,11.740,2,"",M,1036.130,2,"",M,399.302,2,"",M,NaN,,,0,NaN,,,M,396.296,2,"",394.770,2,"",NaN,,,NaN,,
2024-11-12T13:43:24.000Z,4.223,2,"",M,59.907,2,"",M,6.000,2,"",N,11.364,2,"",M,31.434,2,"",M,11.730,2,"",M,1036.290,2,"",M,399.252,2,"",M,NaN,,,0,NaN,,,M,396.809,2,"",395.281,2,"",NaN,,,NaN,,
2024-11-12T13:45:16.000Z,4.221,2,"",M,59.913,2,"",M,6.000,2,"",N,11.391,2,"",M,31.407,2,"",M,11.740,2,"",M,1035.990,2,"",M,399.523,2,"",M,NaN,,,0,NaN,,,M,397.244,2,"",395.714,2,"",NaN,,,NaN,,
2024-11-12T13:47:09.000Z,4.219,2,"",M,59.918,2,"",M,6.000,2,"",N,11.420,2,"",M,31.422,2,"",M,11.770,2,"",M,1036.080,2,"",M,400.544,2,"",M,NaN,,,0,NaN,,,M,398.269,2,"",396.736,2,"",NaN,,,NaN,,
2024-11-12T13:49:01.000Z,4.218,2,"",M,59.924,2,"",M,6.000,2,"",N,11.384,2,"",M,31.477,2,"",M,11.790,2,"",M,1036.050,2,"",M,401.145,2,"",M,NaN,,,0,NaN,,,M,397.896,2,"",396.365,2,"",NaN,,,NaN,,
2024-11-12T13:50:53.000Z,4.216,2,"",M,59.929,2,"",M,6.000,2,"",N,11.330,2,"",M,31.475,2,"",M,11.770,2,"",M,1036.070,2,"",M,401.907,2,"",M,NaN,,,0,NaN,,,M,398.094,2,"",396.562,2,"",NaN,,,NaN,,
2024-11-12T13:52:45.000Z,4.214,2,"",M,59.933,2,"",M,6.000,2,"",N,11.305,2,"",M,31.431,2,"",M,11.720,2,"",M,1036.220,2,"",M,401.497,2,"",M,NaN,,,0,NaN,,,M,398.185,2,"",396.651,2,"",NaN,,,NaN,,
2024-11-12T13:57:15.000Z,4.212,2,"",M,59.940,2,"",M,6.000,2,"",N,NaN,,,M,NaN,,,M,NaN,,,M,NaN,,,M,NaN,,,0,NaN,,,0,NaN,,,M,NaN,,,NaN,,,NaN,,,NaN,,
2024-11-12T13:59:05.000Z,4.211,2,"",M,59.942,2,"",M,6.000,2,"",N,NaN,,,M,NaN,,,M,NaN,,,M,NaN,,,M,NaN,,,0,NaN,,,0,NaN,,,M,NaN,,,NaN,,,NaN,,,NaN,,
2024-11-12T14:00:54.000Z,4.210,2,"",M,59.944,2,"",M,6.000,2,"",N,NaN,,,M,NaN,,,M,NaN,,,M,NaN,,,M,NaN,,,0,NaN,,,0,NaN,,,M,NaN,,,NaN,,,NaN,,,NaN,,
2024-11-12T14:05:24.000Z,4.209,2,"",M,59.946,2,"",M,6.000,2,"",N,NaN,,,M,NaN,,,M,NaN,,,M,NaN,,,M,NaN,,,0,NaN,,,0,NaN,,,M,NaN,,,NaN,,,NaN,,,NaN,,
2024-11-12T14:07:14.000Z,4.210,2,"",M,59.947,2,"",M,6.000,2,"",N,NaN,,,M,NaN,,,M,NaN,,,M,NaN,,,M,NaN,,,0,NaN,,,0,NaN,,,M,NaN,,,NaN,,,NaN,,,NaN,,
2024-11-12T14:09:04.000Z,4.210,2,"",M,59.947,2,"",M,6.000,2,"",N,NaN,,,M,NaN,,,M,NaN,,,M,NaN,,,M,NaN,,,0,NaN,,,0,NaN,,,M,NaN,,,NaN,,,NaN,,,NaN,,
2024-11-12T14:13:33.000Z,4.211,2,"",M,59.948,2,"",M,6.000,2,"",N,NaN,,,M,NaN,,,M,NaN,,,M,NaN,,,M,NaN,,,0,NaN,,,0,NaN,,,M,NaN,,,NaN,,,NaN,,,NaN,,
2024-11-12T14:15:44.000Z,4.211,2,"",M,59.949,2,"",M,6.000,2,"",N,NaN,,,M,NaN,,,M,NaN,,,M,NaN,,,M,NaN,,,0,NaN,,,0,NaN,,,M,NaN,,,NaN,,,NaN,,,NaN,,
2024-11-12T14:17:34.000Z,4.212,2,"",M,59.949,2,"",M,6.000,2,"",N,NaN,,,M,NaN,,,M,NaN,,,M,NaN,,,M,NaN,,,0,NaN,,,0,NaN,,,M,NaN,,,NaN,,,NaN,,,NaN,,
2024-11-12T14:22:04.000Z,4.213,2,"",M,59.950,2,"",M,6.000,2,"",N,11.284,2,"",M,31.392,2,"",M,NaN,,,M,NaN,,,M,NaN,,,0,425.834,2,"",M,1035.000,2,"",M,NaN,,,NaN,,,430.499,2,"",428.829,2,""
2024-11-12T14:23:53.000Z,4.213,2,"",M,59.950,2,"",M,6.000,2,"",N,11.289,2,"",M,31.392,2,"",M,NaN,,,M,NaN,,,M,NaN,,,0,425.503,2,"",M,1035.000,2,"",M,NaN,,,NaN,,,430.162,2,"",428.493,2,""
2024-11-12T14:25:43.000Z,4.214,2,"",M,59.951,2,"",M,6.000,2,"",N,11.290,2,"",M,31.392,2,"",M,NaN,,,M,NaN,,,M,NaN,,,0,425.391,2,"",M,1035.000,2,"",M,NaN,,,NaN,,,430.049,2,"",428.381,2,""
2024-11-12T14:27:33.000Z,4.214,2,"",M,59.952,2,"",M,6.000,2,"",N,11.291,2,"",M,31.393,2,"",M,NaN,,,M,NaN,,,M,NaN,,,0,425.770,2,"",M,1035.000,2,"",M,NaN,,,NaN,,,430.432,2,"",428.762,2,""
2024-11-12T14:29:23.000Z,4.214,2,"",M,59.952,2,"",M,6.000,2,"",N,11.291,2,"",M,31.392,2,"",M,NaN,,,M,NaN,,,M,NaN,,,0,425.429,2,"",M,1035.000,2,"",M,NaN,,,NaN,,,430.086,2,"",428.418,2,""
2024-11-12T14:34:33.000Z,4.214,2,"",M,59.952,2,"",M,6.000,2,"",N,11.297,2,"",M,31.398,2,"",M,11.680,2,"",M,1035.850,2,"",M,401.062,2,"",M,NaN,,,0,NaN,,,M,398.174,2,"",396.640,2,"",NaN,,,NaN,,
2024-11-12T14:36:25.000Z,4.213,2,"",M,59.951,2,"",M,6.000,2,"",N,11.292,2,"",M,31.392,2,"",M,11.680,2,"",M,1035.790,2,"",M,400.841,2,"",M,NaN,,,0,NaN,,,M,397.839,2,"",396.306,2,"",NaN,,,NaN,,
2024-11-12T14:38:18.000Z,4.213,2,"",M,59.950,2,"",M,6.000,2,"",N,11.285,2,"",M,31.386,2,"",M,11.680,2,"",M,1035.860,2,"",M,400.910,2,"",M,NaN,,,0,NaN,,,M,397.810,2,"",396.278,2,"",NaN,,,NaN,,
2024-11-12T14:40:10.000Z,4.212,2,"",M,59.949,2,"",M,6.000,2,"",N,11.280,2,"",M,31.378,2,"",M,11.660,2,"",M,1035.740,2,"",M,400.748,2,"",M,NaN,,,0,NaN,,,M,397.874,2,"",396.341,2,"",NaN,,,NaN,,
2024-11-12T14:42:02.000Z,4.212,2,"",M,59.948,2,"",M,6.000,2,"",N,11.279,2,"",M,31.369,2,"",M,11.660,2,"",M,1035.750,2,"",M,400.757,2,"",M,NaN,,,0,NaN,,,M,397.858,2,"",396.325,2,"",NaN,,,NaN,,
2024-11-12T14:43:54.000Z,4.212,2,"",M,59.946,2,"",M,6.000,2,"",N,11.280,2,"",M,31.369,2,"",M,11.660,2,"",M,1035.570,2,"",M,400.646,2,"",M,NaN,,,0,NaN,,,M,397.698,2,"",396.166,2,"",NaN,,,NaN,,
2024-11-12T14:45:47.000Z,4.213,2,"",M,59.942,2,"",M,6.000,2,"",N,11.267,2,"",M,31.367,2,"",M,11.670,2,"",M,1035.800,2,"",M,400.745,2,"",M,NaN,,,0,NaN,,,M,397.503,2,"",395.971,2,"",NaN,,,NaN,,
2024-11-12T14:47:39.000Z,4.214,2,"",M,59.939,2,"",M,6.000,2,"",N,11.275,2,"",M,31.379,2,"",M,11.660,2,"",M,1035.710,2,"",M,400.914,2,"",M,NaN,,,0,NaN,,,M,397.930,2,"",396.397,2,"",NaN,,,NaN,,
2024-11-12T14:49:31.000Z,4.214,2,"",M,59.938,2,"",M,6.000,2,"",N,11.283,2,"",M,31.398,2,"",M,11.660,2,"",M,1035.590,2,"",M,400.742,2,"",M,NaN,,,0,NaN,,,M,397.848,2,"",396.315,2,"",NaN,,,NaN,,
2024-11-12T14:51:23.000Z,4.215,2,"",M,59.936,2,"",M,6.000,2,"",N,11.287,2,"",M,31.410,2,"",M,11.660,2,"",M,1035.620,2,"",M,400.120,2,"",M,NaN,,,0,NaN,,,M,397.322,2,"",395.791,2,"",NaN,,,NaN,,
2024-11-12T14:53:15.000Z,4.216,2,"",M,59.934,2,"",M,6.000,2,"",N,11.305,2,"",M,31.432,2,"",M,11.670,2,"",M,1035.900,2,"",M,399.989,2,"",M,NaN,,,0,NaN,,,M,397.433,2,"",395.902,2,"",NaN,,,NaN,,
2024-11-12T14:55:08.000Z,4.216,2,"",M,59.931,2,"",M,6.000,2,"",N,11.327,2,"",M,31.459,2,"",M,11.680,2,"",M,1036.010,2,"",M,399.708,2,"",M,NaN,,,0,NaN,,,M,397.385,2,"",395.854,2,"",NaN,,,NaN,,
2024-11-12T14:57:00.000Z,4.217,2,"",M,59.930,2,"",M,6.000,2,"",N,11.359,2,"",M,31.475,2,"",M,11.710,2,"",M,1035.900,2,"",M,399.807,2,"",M,NaN,,,0,NaN,,,M,397.461,2,"",395.930,2,"",NaN,,,NaN,,
2024-11-12T14:58:52.000Z,4.218,2,"",M,59.928,2,"",M,6.000,2,"",N,11.400,2,"",M,31.477,2,"",M,11.740,2,"",M,1035.930,2,"",M,400.346,2,"",M,NaN,,,0,NaN,,,M,398.187,2,"",396.654,2,"",NaN,,,NaN,,
2024-11-12T15:00:44.000Z,4.219,2,"",M,59.926,2,"",M,6.000,2,"",N,11.407,2,"",M,31.471,2,"",M,11.780,2,"",M,1035.800,2,"",M,400.975,2,"",M,NaN,,,0,NaN,,,M,398.190,2,"",396.658,2,"",NaN,,,NaN,,
2024-11-12T15:02:37.000Z,4.220,2,"",M,59.925,2,"",M,6.000,2,"",N,11.408,2,"",M,31.461,2,"",M,11.780,2,"",M,1035.750,2,"",M,401.985,2,"",M,NaN,,,0,NaN,,,M,399.202,2,"",397.666,2,"",NaN,,,NaN,,
2024-11-12T15:04:29.000Z,4.220,2,"",M,59.923,2,"",M,6.000,2,"",N,11.409,2,"",M,31.441,2,"",M,11.780,2,"",M,1035.710,2,"",M,402.074,2,"",M,NaN,,,0,NaN,,,M,399.287,2,"",397.751,2,"",NaN,,,NaN,,
2024-11-12T15:06:21.000Z,4.221,2,"",M,59.922,2,"",M,6.000,2,"",N,11.401,2,"",M,31.419,2,"",M,11.790,2,"",M,1035.690,2,"",M,402.162,2,"",M,NaN,,,0,NaN,,,M,399.057,2,"",397.522,2,"",NaN,,,NaN,,
2024-11-12T15:08:13.000Z,4.222,2,"",M,59.920,2,"",M,6.000,2,"",N,11.396,2,"",M,31.410,2,"",M,11.780,2,"",M,1035.870,2,"",M,402.051,2,"",M,NaN,,,0,NaN,,,M,399.105,2,"",397.569,2,"",NaN,,,NaN,,
2024-11-12T15:10:06.000Z,4.222,2,"",M,59.918,2,"",M,6.000,2,"",N,11.386,2,"",M,31.409,2,"",M,11.780,2,"",M,1035.955,2,"",M,401.820,2,"",M,NaN,,,0,NaN,,,M,398.733,2,"",397.199,2,"",NaN,,,NaN,,
2024-11-12T15:11:58.000Z,4.223,2,"",M,59.917,2,"",M,6.000,2,"",N,11.368,2,"",M,31.413,2,"",M,11.780,2,"",M,1035.960,2,"",M,401.708,2,"",M,NaN,,,0,NaN,,,M,398.330,2,"",396.797,2,"",NaN,,,NaN,,
2024-11-12T15:14:11.000Z,4.224,2,"",M,59.915,2,"",M,6.000,2,"",N,11.360,2,"",M,31.420,2,"",M,11.750,2,"",M,1035.890,2,"",M,401.086,2,"",M,NaN,,,0,NaN,,,M,398.058,2,"",396.525,2,"",NaN,,,NaN,,
2024-11-12T15:16:03.000Z,4.225,2,"",M,59.913,2,"",M,6.000,2,"",N,11.351,2,"",M,31.438,2,"",M,11.750,2,"",M,1035.690,2,"",M,401.065,2,"",M,NaN,,,0,NaN,,,M,397.813,2,"",396.282,2,"",NaN,,,NaN,,
2024-11-12T15:17:55.000Z,4.225,2,"",M,59.912,2,"",M,6.000,2,"",N,11.347,2,"",M,31.450,2,"",M,11.730,2,"",M,1035.605,2,"",M,400.383,2,"",M,NaN,,,0,NaN,,,M,397.381,2,"",395.851,2,"",NaN,,,NaN,,
2024-11-12T15:19:47.000Z,4.226,2,"",M,59.910,2,"",M,6.000,2,"",N,11.356,2,"",M,31.470,2,"",M,11.730,2,"",M,1035.560,2,"",M,400.242,2,"",M,NaN,,,0,NaN,,,M,397.375,2,"",395.846,2,"",NaN,,,NaN,,
2024-11-12T15:21:39.000Z,4.227,2,"",M,59.909,2,"",M,6.000,2,"",N,11.372,2,"",M,31.495,2,"",M,11.730,2,"",M,1035.980,2,"",M,399.771,2,"",M,NaN,,,0,NaN,,,M,397.332,2,"",395.802,2,"",NaN,,,NaN,,
2024-11-12T15:23:31.000Z,4.227,2,"",M,59.907,2,"",M,6.000,2,"",N,11.376,2,"",M,31.504,2,"",M,11.760,2,"",M,1035.980,2,"",M,399.309,2,"",M,NaN,,,0,NaN,,,M,396.436,2,"",394.910,2,"",NaN,,,NaN,,
2024-11-12T15:25:23.000Z,4.228,2,"",M,59.906,2,"",M,6.000,2,"",N,11.372,2,"",M,31.505,2,"",M,11.760,2,"",M,1035.810,2,"",M,398.767,2,"",M,NaN,,,0,NaN,,,M,395.765,2,"",394.242,2,"",NaN,,,NaN,,
2024-11-12T15:27:16.000Z,4.229,2,"",M,59.904,2,"",M,6.000,2,"",N,11.357,2,"",M,31.491,2,"",M,11.750,2,"",M,1035.810,2,"",M,398.656,2,"",M,NaN,,,0,NaN,,,M,395.565,2,"",394.042,2,"",NaN,,,NaN,,
2024-11-12T15:29:08.000Z,4.229,2,"",M,59.903,2,"",M,6.000,2,"",N,11.352,2,"",M,31.477,2,"",M,11.740,2,"",M,1035.850,2,"",M,397.964,2,"",M,NaN,,,0,NaN,,,M,394.992,2,"",393.471,2,"",NaN,,,NaN,,
2024-11-12T15:31:00.000Z,4.230,2,"",M,59.901,2,"",M,6.000,2,"",N,11.350,2,"",M,31.464,2,"",M,11.730,2,"",M,1035.960,2,"",M,397.132,2,"",M,NaN,,,0,NaN,,,M,394.349,2,"",392.830,2,"",NaN,,,NaN,,
2024-11-12T15:32:52.000Z,4.231,2,"",M,59.900,2,"",M,6.000,2,"",N,11.347,2,"",M,31.444,2,"",M,11.730,2,"",M,1035.920,2,"",M,396.541,2,"",M,NaN,,,0,NaN,,,M,393.682,2,"",392.166,2,"",NaN,,,NaN,,
2024-11-12T15:34:44.000Z,4.231,2,"",M,59.899,2,"",M,6.000,2,"",N,11.341,2,"",M,31.423,2,"",M,11.740,2,"",M,1035.890,2,"",M,396.069,2,"",M,NaN,,,0,NaN,,,M,392.931,2,"",391.419,2,"",NaN,,,NaN,,
2024-11-12T15:36:37.000Z,4.232,2,"",M,59.898,2,"",M,6.000,2,"",N,11.341,2,"",M,31.410,2,"",M,11.730,2,"",M,1035.870,2,"",M,395.798,2,"",M,NaN,,,0,NaN,,,M,392.830,2,"",391.317,2,"",NaN,,,NaN,,
2024-11-12T15:38:29.000Z,4.232,2,"",M,59.898,2,"",M,6.000,2,"",N,11.340,2,"",M,31.406,2,"",M,11.730,2,"",M,1035.930,2,"",M,395.827,2,"",M,NaN,,,0,NaN,,,M,392.871,2,"",391.358,2,"",NaN,,,NaN,,
2024-11-12T15:40:21.000Z,4.233,2,"",M,59.897,2,"",M,6.000,2,"",N,11.340,2,"",M,31.399,2,"",M,11.720,2,"",M,1036.030,2,"",M,395.635,2,"",M,NaN,,,0,NaN,,,M,392.886,2,"",391.373,2,"",NaN,,,NaN,,
2024-11-12T15:42:13.000Z,4.234,2,"",M,59.896,2,"",M,6.000,2,"",N,11.333,2,"",M,31.392,2,"",M,11.720,2,"",M,1035.960,2,"",M,395.264,2,"",M,NaN,,,0,NaN,,,M,392.376,2,"",390.865,2,"",NaN,,,NaN,,
2024-11-12T15:44:05.000Z,4.234,2,"",M,59.895,2,"",M,6.000,2,"",N,11.330,2,"",M,31.386,2,"",M,11.710,2,"",M,1035.860,2,"",M,395.493,2,"",M,NaN,,,0,NaN,,,M,392.685,2,"",391.173,2,"",NaN,,,NaN,,
2024-11-12T15:45:57.000Z,4.235,2,"",M,59.895,2,"",M,6.000,2,"",N,11.323,2,"",M,31.376,2,"",M,11.720,2,"",M,1035.780,2,"",M,395.161,2,"",M,NaN,,,0,NaN,,,M,392.041,2,"",390.531,2,"",NaN,,,NaN,,
2024-11-12T15:47:49.000Z,4.237,2,"",M,59.894,2,"",M,6.000,2,"",N,11.323,2,"",M,31.368,2,"",M,11.720,2,"",M,1035.690,2,"",M,395.210,2,"",M,NaN,,,0,NaN,,,M,392.044,2,"",390.535,2,"",NaN,,,NaN,,
2024-11-12T15:49:42.000Z,4.238,2,"",M,59.893,2,"",M,6.000,2,"",N,11.316,2,"",M,31.361,2,"",M,11.710,2,"",M,1035.630,2,"",M,395.089,2,"",M,NaN,,,0,NaN,,,M,391.967,2,"",390.457,2,"",NaN,,,NaN,,
2024-11-12T15:51:34.000Z,4.240,2,"",M,59.893,2,"",M,6.000,2,"",N,11.315,2,"",M,31.353,2,"",M,11.700,2,"",M,1035.680,2,"",M,395.308,2,"",M,NaN,,,0,NaN,,,M,392.343,2,"",390.832,2,"",NaN,,,NaN,,
2024-11-12T15:53:26.000Z,4.240,2,"",M,59.894,2,"",M,6.000,2,"",N,11.317,2,"",M,31.350,2,"",M,11.700,2,"",M,1035.550,2,"",M,394.947,2,"",M,NaN,,,0,NaN,,,M,391.974,2,"",390.465,2,"",NaN,,,NaN,,
2024-11-12T15:55:18.000Z,4.239,2,"",M,59.897,2,"",M,6.000,2,"",N,11.318,2,"",M,31.350,2,"",M,11.690,2,"",M,1035.620,2,"",M,395.246,2,"",M,NaN,,,0,NaN,,,M,392.476,2,"",390.965,2,"",NaN,,,NaN,,
2024-11-12T15:57:10.000Z,4.238,2,"",M,59.902,2,"",M,6.000,2,"",N,11.316,2,"",M,31.348,2,"",M,11.690,2,"",M,1035.490,2,"",M,394.774,2,"",M,NaN,,,0,NaN,,,M,391.925,2,"",390.415,2,"",NaN,,,NaN,,
2024-11-12T15:59:03.000Z,4.237,2,"",M,59.906,2,"",M,6.000,2,"",N,11.320,2,"",M,31.349,2,"",M,11.700,2,"",M,1035.310,2,"",M,394.993,2,"",M,NaN,,,0,NaN,,,M,391.978,2,"",390.469,2,"",NaN,,,NaN,,
2024-11-12T16:00:55.000Z,4.236,2,"",M,59.911,2,"",M,6.000,2,"",N,11.333,2,"",M,31.365,2,"",M,11.710,2,"",M,1035.300,2,"",M,395.082,2,"",M,NaN,,,0,NaN,,,M,392.114,2,"",390.604,2,"",NaN,,,NaN,,
2024-11-12T16:02:47.000Z,4.235,2,"",M,59.917,2,"",M,6.000,2,"",N,11.341,2,"",M,31.392,2,"",M,11.720,2,"",M,1035.750,2,"",M,395.411,2,"",M,NaN,,,0,NaN,,,M,392.564,2,"",391.052,2,"",NaN,,,NaN,,
2024-11-12T16:04:39.000Z,4.234,2,"",M,59.922,2,"",M,6.000,2,"",N,11.346,2,"",M,31.433,2,"",M,11.720,2,"",M,1035.530,2,"",M,395.770,2,"",M,NaN,,,0,NaN,,,M,392.927,2,"",391.414,2,"",NaN,,,NaN,,
2024-11-12T16:06:32.000Z,4.232,2,"",M,59.927,2,"",M,6.000,2,"",N,11.363,2,"",M,31.474,2,"",M,11.730,2,"",M,1035.520,2,"",M,395.829,2,"",M,NaN,,,0,NaN,,,M,393.097,2,"",391.584,2,"",NaN,,,NaN,,
2024-11-12T16:08:23.000Z,4.231,2,"",M,59.932,2,"",M,6.000,2,"",N,11.347,2,"",M,31.474,2,"",M,11.740,2,"",M,1035.440,2,"",M,396.248,2,"",M,NaN,,,0,NaN,,,M,393.043,2,"",391.530,2,"",NaN,,,NaN,,
2024-11-12T16:10:15.000Z,4.230,2,"",M,59.938,2,"",M,6.000,2,"",N,11.352,2,"",M,31.438,2,"",M,11.730,2,"",M,1035.580,2,"",M,396.867,2,"",M,NaN,,,0,NaN,,,M,393.961,2,"",392.445,2,"",NaN,,,NaN,,
2024-11-12T16:12:08.000Z,4.229,2,"",M,59.942,2,"",M,6.000,2,"",N,11.369,2,"",M,31.416,2,"",M,11.740,2,"",M,1035.630,2,"",M,398.067,2,"",M,NaN,,,0,NaN,,,M,395.280,2,"",393.759,2,"",NaN,,,NaN,,
2024-11-12T16:14:21.000Z,4.228,2,"",M,59.946,2,"",M,6.000,2,"",N,11.398,2,"",M,31.427,2,"",M,11.760,2,"",M,1035.620,2,"",M,399.666,2,"",M,NaN,,,0,NaN,,,M,397.024,2,"",395.496,2,"",NaN,,,NaN,,
2024-11-12T16:16:13.000Z,4.227,2,"",M,59.948,2,"",M,6.000,2,"",N,11.403,2,"",M,31.445,2,"",M,11.780,2,"",M,1035.490,2,"",M,400.686,2,"",M,NaN,,,0,NaN,,,M,397.713,2,"",396.183,2,"",NaN,,,NaN,,
2024-11-12T16:18:06.000Z,4.227,2,"",M,59.949,2,"",M,6.000,2,"",N,11.403,2,"",M,31.458,2,"",M,11.780,2,"",M,1035.480,2,"",M,401.895,2,"",M,NaN,,,0,NaN,,,M,398.922,2,"",397.387,2,"",NaN,,,NaN,,
2024-11-12T16:19:58.000Z,4.227,2,"",M,59.950,2,"",M,6.000,2,"",N,11.400,2,"",M,31.464,2,"",M,11.780,2,"",M,1035.380,2,"",M,401.874,2,"",M,NaN,,,0,NaN,,,M,398.808,2,"",397.274,2,"",NaN,,,NaN,,
2024-11-12T16:21:50.000Z,4.228,2,"",M,59.950,2,"",M,6.000,2,"",N,11.399,2,"",M,31.467,2,"",M,11.780,2,"",M,1035.810,2,"",M,402.043,2,"",M,NaN,,,0,NaN,,,M,399.122,2,"",397.586,2,"",NaN,,,NaN,,
2024-11-12T16:23:42.000Z,4.228,2,"",M,59.951,2,"",M,6.000,2,"",N,11.397,2,"",M,31.468,2,"",M,11.780,2,"",M,1035.785,2,"",M,402.042,2,"",M,NaN,,,0,NaN,,,M,399.086,2,"",397.551,2,"",NaN,,,NaN,,
2024-11-12T16:25:34.000Z,4.228,2,"",M,59.951,2,"",M,6.000,2,"",N,11.398,2,"",M,31.470,2,"",M,11.790,2,"",M,1035.760,2,"",M,402.240,2,"",M,NaN,,,0,NaN,,,M,399.108,2,"",397.573,2,"",NaN,,,NaN,,
2024-11-12T16:27:27.000Z,4.229,2,"",M,59.952,2,"",M,6.000,2,"",N,11.400,2,"",M,31.470,2,"",M,11.790,2,"",M,1035.560,2,"",M,402.299,2,"",M,NaN,,,0,NaN,,,M,399.117,2,"",397.582,2,"",NaN,,,NaN,,
2024-11-12T16:29:19.000Z,4.229,2,"",M,59.952,2,"",M,6.000,2,"",N,11.400,2,"",M,31.466,2,"",M,11.780,2,"",M,1035.670,2,"",M,402.448,2,"",M,NaN,,,0,NaN,,,M,399.492,2,"",397.955,2,"",NaN,,,NaN,,
2024-11-12T16:31:11.000Z,4.230,2,"",M,59.952,2,"",M,6.000,2,"",N,11.409,2,"",M,31.458,2,"",M,11.780,2,"",M,1035.340,2,"",M,402.357,2,"",M,NaN,,,0,NaN,,,M,399.414,2,"",397.878,2,"",NaN,,,NaN,,
2024-11-12T16:33:03.000Z,4.230,2,"",M,59.953,2,"",M,6.000,2,"",N,11.410,2,"",M,31.451,2,"",M,11.780,2,"",M,1035.290,2,"",M,402.356,2,"",M,NaN,,,0,NaN,,,M,399.424,2,"",397.888,2,"",NaN,,,NaN,,
2024-11-12T16:34:56.000Z,4.231,2,"",M,59.953,2,"",M,6.000,2,"",N,11.413,2,"",M,31.451,2,"",M,11.790,2,"",M,1035.540,2,"",M,402.494,2,"",M,NaN,,,0,NaN,,,M,399.536,2,"",397.999,2,"",NaN,,,NaN,,
2024-11-12T16:36:48.000Z,4.231,2,"",M,59.953,2,"",M,6.000,2,"",N,11.410,2,"",M,31.447,2,"",M,11.790,2,"",M,1035.650,2,"",M,402.463,2,"",M,NaN,,,0,NaN,,,M,399.496,2,"",397.959,2,"",NaN,,,NaN,,
2024-11-12T16:38:40.000Z,4.232,2,"",M,59.954,2,"",M,6.000,2,"",N,11.414,2,"",M,31.446,2,"",M,11.800,2,"",M,1035.490,2,"",M,402.822,2,"",M,NaN,,,0,NaN,,,M,399.683,2,"",398.146,2,"",NaN,,,NaN,,
2024-11-12T16:40:32.000Z,4.232,2,"",M,59.954,2,"",M,6.000,2,"",N,11.414,2,"",M,31.446,2,"",M,11.810,2,"",M,1035.500,2,"",M,402.981,2,"",M,NaN,,,0,NaN,,,M,399.674,2,"",398.137,2,"",NaN,,,NaN,,
2024-11-12T16:42:25.000Z,4.232,2,"",M,59.955,2,"",M,6.000,2,"",N,11.416,2,"",M,31.447,2,"",M,11.800,2,"",M,1035.520,2,"",M,403.120,2,"",M,NaN,,,0,NaN,,,M,400.018,2,"",398.480,2,"",NaN,,,NaN,,
2024-11-12T16:44:17.000Z,4.231,2,"",M,59.955,2,"",M,6.000,2,"",N,11.414,2,"",M,31.448,2,"",M,11.800,2,"",M,1035.510,2,"",M,403.429,2,"",M,NaN,,,0,NaN,,,M,400.283,2,"",398.743,2,"",NaN,,,NaN,,
2024-11-12T16:46:09.000Z,4.230,2,"",M,59.955,2,"",M,6.000,2,"",N,11.417,2,"",M,31.463,2,"",M,11.800,2,"",M,1035.280,2,"",M,402.967,2,"",M,NaN,,,0,NaN,,,M,399.797,2,"",398.259,2,"",NaN,,,NaN,,
2024-11-12T16:48:01.000Z,4.229,2,"",M,59.955,2,"",M,6.000,2,"",N,11.413,2,"",M,31.457,2,"",M,11.800,2,"",M,1035.320,2,"",M,403.026,2,"",M,NaN,,,0,NaN,,,M,399.795,2,"",398.258,2,"",NaN,,,NaN,,
2024-11-12T16:49:53.000Z,4.229,2,"",M,59.954,2,"",M,6.000,2,"",N,11.415,2,"",M,31.456,2,"",M,11.790,2,"",M,1035.340,2,"",M,402.725,2,"",M,NaN,,,0,NaN,,,M,399.714,2,"",398.177,2,"",NaN,,,NaN,,
2024-11-12T16:51:46.000Z,4.229,2,"",M,59.953,2,"",M,6.000,2,"",N,11.416,2,"",M,31.455,2,"",M,11.800,2,"",M,1035.220,2,"",M,402.904,2,"",M,NaN,,,0,NaN,,,M,399.687,2,"",398.151,2,"",NaN,,,NaN,,
2024-11-12T16:53:38.000Z,4.229,2,"",M,59.952,2,"",M,6.000,2,"",N,11.414,2,"",M,31.453,2,"",M,11.810,2,"",M,1035.180,2,"",M,403.072,2,"",M,NaN,,,0,NaN,,,M,399.640,2,"",398.104,2,"",NaN,,,NaN,,
2024-11-12T16:55:30.000Z,4.229,2,"",M,59.951,2,"",M,6.000,2,"",N,11.405,2,"",M,31.447,2,"",M,11.800,2,"",M,1035.070,2,"",M,403.141,2,"",M,NaN,,,0,NaN,,,M,399.685,2,"",398.149,2,"",NaN,,,NaN,,
2024-11-12T16:57:22.000Z,4.230,2,"",M,59.950,2,"",M,6.000,2,"",N,11.401,2,"",M,31.442,2,"",M,11.790,2,"",M,1035.130,2,"",M,403.040,2,"",M,NaN,,,0,NaN,,,M,399.703,2,"",398.167,2,"",NaN,,,NaN,,
2024-11-12T16:59:15.000Z,4.230,2,"",M,59.950,2,"",M,6.000,2,"",N,11.391,2,"",M,31.436,2,"",M,11.780,2,"",M,1035.020,2,"",M,402.709,2,"",M,NaN,,,0,NaN,,,M,399.339,2,"",397.804,2,"",NaN,,,NaN,,
2024-11-12T17:01:07.000Z,4.230,2,"",M,59.949,2,"",M,6.000,2,"",N,11.387,2,"",M,31.428,2,"",M,11.770,2,"",M,1035.050,2,"",M,402.937,2,"",M,NaN,,,0,NaN,,,M,399.686,2,"",398.149,2,"",NaN,,,NaN,,
2024-11-12T17:02:59.000Z,4.230,2,"",M,59.949,2,"",M,6.000,2,"",N,11.386,2,"",M,31.427,2,"",M,11.770,2,"",M,1035.090,2,"",M,402.316,2,"",M,NaN,,,0,NaN,,,M,399.074,2,"",397.539,2,"",NaN,,,NaN,,
2024-11-12T17:04:51.000Z,4.230,2,"",M,59.948,2,"",M,6.000,2,"",N,11.380,2,"",M,31.423,2,"",M,11.770,2,"",M,1035.000,2,"",M,402.035,2,"",M,NaN,,,0,NaN,,,M,398.659,2,"",397.126,2,"",NaN,,,NaN,,
2024-11-12T17:06:44.000Z,4.230,2,"",M,59.948,2,"",M,6.000,2,"",N,11.382,2,"",M,31.422,2,"",M,11.770,2,"",M,1035.315,2,"",M,402.283,2,"",M,NaN,,,0,NaN,,,M,399.057,2,"",397.522,2,"",NaN,,,NaN,,
2024-11-12T17:08:36.000Z,4.231,2,"",M,59.948,2,"",M,6.000,2,"",N,11.379,2,"",M,31.420,2,"",M,11.770,2,"",M,1035.320,2,"",M,401.992,2,"",M,NaN,,,0,NaN,,,M,398.722,2,"",397.189,2,"",NaN,,,NaN,,
2024-11-12T17:10:28.000Z,4.231,2,"",M,59.948,2,"",M,6.000,2,"",N,11.373,2,"",M,31.417,2,"",M,11.760,2,"",M,1035.180,2,"",M,401.921,2,"",M,NaN,,,0,NaN,,,M,398.663,2,"",397.130,2,"",NaN,,,NaN,,
2024-11-12T17:12:21.000Z,4.231,2,"",M,59.948,2,"",M,6.000,2,"",N,11.373,2,"",M,31.417,2,"",M,11.760,2,"",M,1035.270,2,"",M,401.709,2,"",M,NaN,,,0,NaN,,,M,398.482,2,"",396.949,2,"",NaN,,,NaN,,
2024-11-12T17:14:34.000Z,4.232,2,"",M,59.948,2,"",M,6.000,2,"",N,11.369,2,"",M,31.415,2,"",M,11.750,2,"",M,1035.270,2,"",M,401.478,2,"",M,NaN,,,0,NaN,,,M,398.364,2,"",396.831,2,"",NaN,,,NaN,,
2024-11-12T17:16:26.000Z,4.232,2,"",M,59.947,2,"",M,6.000,2,"",N,11.367,2,"",M,31.416,2,"",M,11.750,2,"",M,1035.240,2,"",M,401.467,2,"",M,NaN,,,0,NaN,,,M,398.309,2,"",396.777,2,"",NaN,,,NaN,,
2024-11-12T17:18:18.000Z,4.232,2,"",M,59.947,2,"",M,6.000,2,"",N,11.365,2,"",M,31.416,2,"",M,11.760,2,"",M,1035.510,2,"",M,401.615,2,"",M,NaN,,,0,NaN,,,M,398.349,2,"",396.817,2,"",NaN,,,NaN,,
2024-11-12T17:20:10.000Z,4.232,2,"",M,59.947,2,"",M,6.000,2,"",N,11.368,2,"",M,31.415,2,"",M,11.760,2,"",M,1035.320,2,"",M,401.524,2,"",M,NaN,,,0,NaN,,,M,398.248,2,"",396.716,2,"",NaN,,,NaN,,
2024-11-12T17:22:02.000Z,4.231,2,"",M,59.946,2,"",M,6.000,2,"",N,11.373,2,"",M,31.417,2,"",M,11.760,2,"",M,1035.140,2,"",M,401.603,2,"",M,NaN,,,0,NaN,,,M,398.331,2,"",396.798,2,"",NaN,,,NaN,,
2024-11-12T17:23:55.000Z,4.232,2,"",M,59.943,2,"",M,6.000,2,"",N,11.370,2,"",M,31.417,2,"",M,11.750,2,"",M,1035.280,2,"",M,401.592,2,"",M,NaN,,,0,NaN,,,M,398.497,2,"",396.964,2,"",NaN,,,NaN,,
2024-11-12T17:25:47.000Z,4.232,2,"",M,59.941,2,"",M,6.000,2,"",N,11.357,2,"",M,31.422,2,"",M,11.750,2,"",M,1035.110,2,"",M,401.170,2,"",M,NaN,,,0,NaN,,,M,397.791,2,"",396.261,2,"",NaN,,,NaN,,
2024-11-12T17:27:39.000Z,4.233,2,"",M,59.939,2,"",M,6.000,2,"",N,11.348,2,"",M,31.430,2,"",M,11.730,2,"",M,1035.120,2,"",M,401.039,2,"",M,NaN,,,0,NaN,,,M,397.866,2,"",396.335,2,"",NaN,,,NaN,,
2024-11-12T17:29:31.000Z,4.233,2,"",M,59.937,2,"",M,6.000,2,"",N,11.350,2,"",M,31.447,2,"",M,11.730,2,"",M,1034.940,2,"",M,400.868,2,"",M,NaN,,,0,NaN,,,M,397.658,2,"",396.128,2,"",NaN,,,NaN,,
2024-11-12T17:31:24.000Z,4.234,2,"",M,59.934,2,"",M,6.000,2,"",N,11.361,2,"",M,31.468,2,"",M,11.740,2,"",M,1035.190,2,"",M,400.677,2,"",M,NaN,,,0,NaN,,,M,397.566,2,"",396.037,2,"",NaN,,,NaN,,
2024-11-12T17:33:16.000Z,4.235,2,"",M,59.932,2,"",M,6.000,2,"",N,11.361,2,"",M,31.474,2,"",M,11.750,2,"",M,1035.320,2,"",M,399.945,2,"",M,NaN,,,0,NaN,,,M,396.724,2,"",395.197,2,"",NaN,,,NaN,,
2024-11-12T17:35:08.000Z,4.236,2,"",M,59.930,2,"",M,6.000,2,"",N,11.354,2,"",M,31.468,2,"",M,11.740,2,"",M,1035.360,2,"",M,399.514,2,"",M,NaN,,,0,NaN,,,M,396.375,2,"",394.850,2,"",NaN,,,NaN,,
2024-11-12T17:37:00.000Z,4.237,2,"",M,59.928,2,"",M,6.000,2,"",N,11.348,2,"",M,31.451,2,"",M,11.740,2,"",M,1035.200,2,"",M,398.302,2,"",M,NaN,,,0,NaN,,,M,395.011,2,"",393.491,2,"",NaN,,,NaN,,
2024-11-12T17:38:53.000Z,4.238,2,"",M,59.926,2,"",M,6.000,2,"",N,11.344,2,"",M,31.432,2,"",M,11.730,2,"",M,1035.130,2,"",M,397.881,2,"",M,NaN,,,0,NaN,,,M,394.660,2,"",393.142,2,"",NaN,,,NaN,,
2024-11-12T17:40:45.000Z,4.238,2,"",M,59.924,2,"",M,6.000,2,"",N,11.342,2,"",M,31.415,2,"",M,11.730,2,"",M,1035.210,2,"",M,396.849,2,"",M,NaN,,,0,NaN,,,M,393.639,2,"",392.124,2,"",NaN,,,NaN,,
2024-11-12T17:45:14.000Z,4.240,2,"",M,59.921,2,"",M,6.000,2,"",N,NaN,,,M,NaN,,,M,NaN,,,M,NaN,,,M,NaN,,,0,NaN,,,0,NaN,,,M,NaN,,,NaN,,,NaN,,,NaN,,
2024-11-12T17:47:04.000Z,4.240,2,"",M,59.919,2,"",M,6.000,2,"",N,NaN,,,M,NaN,,,M,NaN,,,M,NaN,,,M,NaN,,,0,NaN,,,0,NaN,,,M,NaN,,,NaN,,,NaN,,,NaN,,
2024-11-12T17:48:54.000Z,4.241,2,"",M,59.918,2,"",M,6.000,2,"",N,NaN,,,M,NaN,,,M,NaN,,,M,NaN,,,M,NaN,,,0,NaN,,,0,NaN,,,M,NaN,,,NaN,,,NaN,,,NaN,,
2024-11-12T17:53:24.000Z,4.242,2,"",M,59.914,2,"",M,6.000,2,"",N,NaN,,,M,NaN,,,M,NaN,,,M,NaN,,,M,NaN,,,0,NaN,,,0,NaN,,,M,NaN,,,NaN,,,NaN,,,NaN,,
2024-11-12T17:55:13.000Z,4.243,2,"",M,59.912,2,"",M,6.000,2,"",N,NaN,,,M,NaN,,,M,NaN,,,M,NaN,,,M,NaN,,,0,NaN,,,0,NaN,,,M,NaN,,,NaN,,,NaN,,,NaN,,
2024-11-12T17:57:03.000Z,4.243,2,"",M,59.911,2,"",M,6.000,2,"",N,NaN,,,M,NaN,,,M,NaN,,,M,NaN,,,M,NaN,,,0,NaN,,,0,NaN,,,M,NaN,,,NaN,,,NaN,,,NaN,,
2024-11-12T18:01:33.000Z,4.245,2,"",M,59.907,2,"",M,6.000,2,"",N,NaN,,,M,NaN,,,M,NaN,,,M,NaN,,,M,NaN,,,0,NaN,,,0,NaN,,,M,NaN,,,NaN,,,NaN,,,NaN,,
2024-11-12T18:03:22.000Z,4.245,2,"",M,59.906,2,"",M,6.000,2,"",N,NaN,,,M,NaN,,,M,NaN,,,M,NaN,,,M,NaN,,,0,NaN,,,0,NaN,,,M,NaN,,,NaN,,,NaN,,,NaN,,
2024-11-12T18:05:12.000Z,4.246,2,"",M,59.904,2,"",M,6.000,2,"",N,NaN,,,M,NaN,,,M,NaN,,,M,NaN,,,M,NaN,,,0,NaN,,,0,NaN,,,M,NaN,,,NaN,,,NaN,,,NaN,,
2024-11-12T18:09:42.000Z,4.247,2,"",M,59.901,2,"",M,6.000,2,"",N,11.334,2,"",M,31.372,2,"",M,NaN,,,M,NaN,,,M,NaN,,,0,426.146,2,"",M,1033.900,2,"",M,NaN,,,NaN,,,430.332,2,"",428.665,2,""
2024-11-12T18:11:32.000Z,4.248,2,"",M,59.899,2,"",M,6.000,2,"",N,11.339,2,"",M,31.379,2,"",M,NaN,,,M,NaN,,,M,NaN,,,0,425.993,2,"",M,1034.000,2,"",M,NaN,,,NaN,,,430.218,2,"",428.552,2,""
2024-11-12T18:13:21.000Z,4.248,2,"",M,59.898,2,"",M,6.000,2,"",N,11.346,2,"",M,31.388,2,"",M,NaN,,,M,NaN,,,M,NaN,,,0,426.160,2,"",M,1033.900,2,"",M,NaN,,,NaN,,,430.342,2,"",428.676,2,""
2024-11-12T18:15:32.000Z,4.249,2,"",M,59.896,2,"",M,6.000,2,"",N,11.356,2,"",M,31.401,2,"",M,NaN,,,M,NaN,,,M,NaN,,,0,425.867,2,"",M,1033.900,2,"",M,NaN,,,NaN,,,430.042,2,"",428.377,2,""
2024-11-12T18:17:22.000Z,4.250,2,"",M,59.895,2,"",M,6.000,2,"",N,11.367,2,"",M,31.414,2,"",M,NaN,,,M,NaN,,,M,NaN,,,0,425.934,2,"",M,1033.900,2,"",M,NaN,,,NaN,,,430.105,2,"",428.441,2,""
2024-11-12T18:22:33.000Z,4.252,2,"",M,59.893,2,"",M,6.000,2,"",N,11.390,2,"",M,31.446,2,"",M,11.770,2,"",M,1034.970,2,"",M,396.660,2,"",M,NaN,,,0,NaN,,,M,393.474,2,"",391.961,2,"",NaN,,,NaN,,
2024-11-12T18:24:25.000Z,4.253,2,"",M,59.892,2,"",M,6.000,2,"",N,11.403,2,"",M,31.456,2,"",M,11.770,2,"",M,1035.050,2,"",M,396.637,2,"",M,NaN,,,0,NaN,,,M,393.703,2,"",392.189,2,"",NaN,,,NaN,,
2024-11-12T18:26:17.000Z,4.253,2,"",M,59.892,2,"",M,6.000,2,"",N,11.410,2,"",M,31.456,2,"",M,11.780,2,"",M,1034.940,2,"",M,396.824,2,"",M,NaN,,,0,NaN,,,M,393.799,2,"",392.285,2,"",NaN,,,NaN,,
2024-11-12T18:28:09.000Z,4.254,2,"",M,59.891,2,"",M,6.000,2,"",N,11.415,2,"",M,31.456,2,"",M,11.790,2,"",M,1034.990,2,"",M,397.001,2,"",M,NaN,,,0,NaN,,,M,393.892,2,"",392.377,2,"",NaN,,,NaN,,
2024-11-12T18:30:02.000Z,4.256,2,"",M,59.890,2,"",M,6.000,2,"",N,11.415,2,"",M,31.453,2,"",M,11.790,2,"",M,1034.910,2,"",M,396.799,2,"",M,NaN,,,0,NaN,,,M,393.668,2,"",392.154,2,"",NaN,,,NaN,,
2024-11-12T18:31:54.000Z,4.258,2,"",M,59.889,2,"",M,6.000,2,"",N,11.406,2,"",M,31.445,2,"",M,11.790,2,"",M,1034.990,2,"",M,396.856,2,"",M,NaN,,,0,NaN,,,M,393.606,2,"",392.093,2,"",NaN,,,NaN,,
2024-11-12T18:33:46.000Z,4.259,2,"",M,59.888,2,"",M,6.000,2,"",N,11.379,2,"",M,31.425,2,"",M,11.790,2,"",M,1035.250,2,"",M,397.113,2,"",M,NaN,,,0,NaN,,,M,393.503,2,"",391.990,2,"",NaN,,,NaN,,
2024-11-12T18:35:38.000Z,4.260,2,"",M,59.888,2,"",M,6.000,2,"",N,11.356,2,"",M,31.395,2,"",M,11.770,2,"",M,1035.220,2,"",M,396.540,2,"",M,NaN,,,0,NaN,,,M,392.896,2,"",391.384,2,"",NaN,,,NaN,,
2024-11-12T18:37:30.000Z,4.261,2,"",M,59.889,2,"",M,6.000,2,"",N,11.361,2,"",M,31.383,2,"",M,11.750,2,"",M,1035.200,2,"",M,396.708,2,"",M,NaN,,,0,NaN,,,M,393.470,2,"",391.956,2,"",NaN,,,NaN,,
2024-11-12T18:39:23.000Z,4.261,2,"",M,59.891,2,"",M,6.000,2,"",N,11.380,2,"",M,31.404,2,"",M,11.740,2,"",M,1035.070,2,"",M,396.365,2,"",M,NaN,,,0,NaN,,,M,393.561,2,"",392.047,2,"",NaN,,,NaN,,
2024-11-12T18:41:15.000Z,4.260,2,"",M,59.895,2,"",M,6.000,2,"",N,11.406,2,"",M,31.422,2,"",M,11.760,2,"",M,1034.980,2,"",M,396.162,2,"",M,NaN,,,0,NaN,,,M,393.424,2,"",391.911,2,"",NaN,,,NaN,,
2024-11-12T18:43:07.000Z,4.259,2,"",M,59.900,2,"",M,6.000,2,"",N,11.390,2,"",M,31.448,2,"",M,11.780,2,"",M,1034.970,2,"",M,396.099,2,"",M,NaN,,,0,NaN,,,M,392.747,2,"",391.237,2,"",NaN,,,NaN,,
2024-11-12T18:44:59.000Z,4.258,2,"",M,59.905,2,"",M,6.000,2,"",N,11.362,2,"",M,31.421,2,"",M,11.780,2,"",M,1034.850,2,"",M,396.657,2,"",M,NaN,,,0,NaN,,,M,392.797,2,"",391.287,2,"",NaN,,,NaN,,
2024-11-12T18:46:52.000Z,4.256,2,"",M,59.911,2,"",M,6.000,2,"",N,11.341,2,"",M,31.388,2,"",M,11.750,2,"",M,1034.900,2,"",M,397.054,2,"",M,NaN,,,0,NaN,,,M,393.368,2,"",391.855,2,"",NaN,,,NaN,,
2024-11-12T18:48:44.000Z,4.255,2,"",M,59.916,2,"",M,6.000,2,"",N,11.330,2,"",M,31.370,2,"",M,11.730,2,"",M,1035.100,2,"",M,396.741,2,"",M,NaN,,,0,NaN,,,M,393.280,2,"",391.767,2,"",NaN,,,NaN,,
2024-11-12T18:50:36.000Z,4.254,2,"",M,59.921,2,"",M,6.000,2,"",N,11.321,2,"",M,31.355,2,"",M,11.720,2,"",M,1035.090,2,"",M,396.418,2,"",M,NaN,,,0,NaN,,,M,392.989,2,"",391.476,2,"",NaN,,,NaN,,
2024-11-12T18:52:28.000Z,4.252,2,"",M,59.926,2,"",M,6.000,2,"",N,11.316,2,"",M,31.338,2,"",M,11.700,2,"",M,1035.140,2,"",M,396.316,2,"",M,NaN,,,0,NaN,,,M,393.155,2,"",391.642,2,"",NaN,,,NaN,,
2024-11-12T18:54:21.000Z,4.251,2,"",M,59.931,2,"",M,6.000,2,"",N,11.317,2,"",M,31.333,2,"",M,11.700,2,"",M,1035.190,2,"",M,396.013,2,"",M,NaN,,,0,NaN,,,M,392.900,2,"",391.387,2,"",NaN,,,NaN,,
2024-11-12T18:56:13.000Z,4.250,2,"",M,59.937,2,"",M,6.000,2,"",N,11.323,2,"",M,31.340,2,"",M,11.710,2,"",M,1035.000,2,"",M,395.810,2,"",M,NaN,,,0,NaN,,,M,392.547,2,"",391.036,2,"",NaN,,,NaN,,
2024-11-12T18:58:05.000Z,4.248,2,"",M,59.941,2,"",M,6.000,2,"",N,11.333,2,"",M,31.353,2,"",M,11.710,2,"",M,1035.040,2,"",M,395.707,2,"",M,NaN,,,0,NaN,,,M,392.625,2,"",391.114,2,"",NaN,,,NaN,,
2024-11-12T18:59:57.000Z,4.247,2,"",M,59.944,2,"",M,6.000,2,"",N,11.343,2,"",M,31.370,2,"",M,11.720,2,"",M,1034.990,2,"",M,395.434,2,"",M,NaN,,,0,NaN,,,M,392.335,2,"",390.826,2,"",NaN,,,NaN,,
2024-11-12T19:01:49.000Z,4.247,2,"",M,59.946,2,"",M,6.000,2,"",N,11.348,2,"",M,31.386,2,"",M,11.720,2,"",M,1034.880,2,"",M,395.972,2,"",M,NaN,,,0,NaN,,,M,392.907,2,"",391.395,2,"",NaN,,,NaN,,
2024-11-12T19:03:42.000Z,4.247,2,"",M,59.947,2,"",M,6.000,2,"",N,11.353,2,"",M,31.402,2,"",M,11.730,2,"",M,1034.930,2,"",M,396.409,2,"",M,NaN,,,0,NaN,,,M,393.269,2,"",391.756,2,"",NaN,,,NaN,,
2024-11-12T19:05:34.000Z,4.247,2,"",M,59.949,2,"",M,6.000,2,"",N,11.353,2,"",M,31.411,2,"",M,11.740,2,"",M,1034.820,2,"",M,396.746,2,"",M,NaN,,,0,NaN,,,M,393.406,2,"",391.893,2,"",NaN,,,NaN,,
2024-11-12T19:07:26.000Z,4.247,2,"",M,59.950,2,"",M,6.000,2,"",N,11.354,2,"",M,31.417,2,"",M,11.740,2,"",M,1035.140,2,"",M,397.144,2,"",M,NaN,,,0,NaN,,,M,393.937,2,"",392.421,2,"",NaN,,,NaN,,
2024-11-12T19:09:18.000Z,4.247,2,"",M,59.951,2,"",M,6.000,2,"",N,11.357,2,"",M,31.421,2,"",M,11.740,2,"",M,1035.060,2,"",M,397.161,2,"",M,NaN,,,0,NaN,,,M,393.968,2,"",392.452,2,"",NaN,,,NaN,,
2024-11-12T19:11:11.000Z,4.247,2,"",M,59.952,2,"",M,6.000,2,"",N,11.360,2,"",M,31.426,2,"",M,11.740,2,"",M,1035.020,2,"",M,397.358,2,"",M,NaN,,,0,NaN,,,M,394.198,2,"",392.682,2,"",NaN,,,NaN,,
2024-11-12T19:13:03.000Z,4.249,2,"",M,59.952,2,"",M,6.000,2,"",N,11.358,2,"",M,31.422,2,"",M,11.740,2,"",M,1034.910,2,"",M,397.585,2,"",M,NaN,,,0,NaN,,,M,394.345,2,"",392.829,2,"",NaN,,,NaN,,
2024-11-12T19:15:16.000Z,4.248,2,"",M,59.950,2,"",M,6.000,2,"",N,11.362,2,"",M,31.419,2,"",M,11.740,2,"",M,1035.070,2,"",M,397.482,2,"",M,NaN,,,0,NaN,,,M,394.369,2,"",392.852,2,"",NaN,,,NaN,,
2024-11-12T19:17:08.000Z,4.248,2,"",M,59.947,2,"",M,6.000,2,"",N,11.358,2,"",M,31.417,2,"",M,11.750,2,"",M,1035.080,2,"",M,397.379,2,"",M,NaN,,,0,NaN,,,M,394.043,2,"",392.528,2,"",NaN,,,NaN,,
2024-11-12T19:19:01.000Z,4.248,2,"",M,59.945,2,"",M,6.000,2,"",N,11.357,2,"",M,31.410,2,"",M,11.750,2,"",M,1034.920,2,"",M,397.527,2,"",M,NaN,,,0,NaN,,,M,394.104,2,"",392.588,2,"",NaN,,,NaN,,
2024-11-12T19:20:53.000Z,4.248,2,"",M,59.944,2,"",M,6.000,2,"",N,11.351,2,"",M,31.402,2,"",M,11.740,2,"",M,1034.920,2,"",M,397.664,2,"",M,NaN,,,0,NaN,,,M,394.315,2,"",392.798,2,"",NaN,,,NaN,,
2024-11-12T19:22:45.000Z,4.248,2,"",M,59.943,2,"",M,6.000,2,"",N,11.348,2,"",M,31.397,2,"",M,11.730,2,"",M,1034.800,2,"",M,397.201,2,"",M,NaN,,,0,NaN,,,M,393.928,2,"",392.412,2,"",NaN,,,NaN,,
2024-11-12T19:24:37.000Z,4.248,2,"",M,59.942,2,"",M,6.000,2,"",N,11.347,2,"",M,31.395,2,"",M,11.730,2,"",M,1034.640,2,"",M,397.258,2,"",M,NaN,,,0,NaN,,,M,393.910,2,"",392.395,2,"",NaN,,,NaN,,
2024-11-12T19:26:30.000Z,4.248,2,"",M,59.941,2,"",M,6.000,2,"",N,11.347,2,"",I,31.393,2,"",I,11.730,2,"",M,1034.790,2,"",M,396.996,2,"",M,NaN,,,0,NaN,,,M,393.707,2,"",392.192,2,"",NaN,,,NaN,,
2024-11-12T19:28:22.000Z,4.247,2,"",M,59.941,2,"",M,6.000,2,"",N,11.347,2,"",M,31.391,2,"",M,11.730,2,"",M,1034.880,2,"",M,397.093,2,"",M,NaN,,,0,NaN,,,M,393.837,2,"",392.322,2,"",NaN,,,NaN,,
2024-11-12T19:30:14.000Z,4.247,2,"",M,59.941,2,"",M,6.000,2,"",N,11.344,2,"",M,31.391,2,"",M,11.740,2,"",M,1034.720,2,"",M,397.030,2,"",M,NaN,,,0,NaN,,,M,393.493,2,"",391.980,2,"",NaN,,,NaN,,
2024-11-12T19:32:06.000Z,4.247,2,"",M,59.941,2,"",M,6.000,2,"",N,11.344,2,"",M,31.395,2,"",M,11.730,2,"",M,1034.500,2,"",M,397.067,2,"",M,NaN,,,0,NaN,,,M,393.616,2,"",392.103,2,"",NaN,,,NaN,,
2024-11-12T19:33:59.000Z,4.248,2,"",M,59.943,2,"",M,6.000,2,"",N,11.350,2,"",M,31.394,2,"",M,11.730,2,"",M,1034.400,2,"",M,396.975,2,"",M,NaN,,,0,NaN,,,M,393.581,2,"",392.068,2,"",NaN,,,NaN,,
2024-11-12T19:35:51.000Z,4.249,2,"",M,59.944,2,"",M,6.000,2,"",N,11.350,2,"",M,31.395,2,"",M,11.730,2,"",M,1034.230,2,"",M,396.862,2,"",M,NaN,,,0,NaN,,,M,393.397,2,"",391.885,2,"",NaN,,,NaN,,
2024-11-12T19:37:43.000Z,4.250,2,"",M,59.943,2,"",M,6.000,2,"",N,11.354,2,"",M,31.393,2,"",M,11.730,2,"",M,1034.570,2,"",M,396.939,2,"",M,NaN,,,0,NaN,,,M,393.674,2,"",392.161,2,"",NaN,,,NaN,,
2024-11-12T19:39:35.000Z,4.251,2,"",M,59.940,2,"",M,6.000,2,"",N,11.348,2,"",M,31.387,2,"",M,11.730,2,"",M,1034.600,2,"",M,397.006,2,"",M,NaN,,,0,NaN,,,M,393.663,2,"",392.149,2,"",NaN,,,NaN,,
2024-11-12T19:41:27.000Z,4.252,2,"",M,59.938,2,"",M,6.000,2,"",N,11.339,2,"",M,31.371,2,"",M,11.740,2,"",M,1034.600,2,"",M,397.074,2,"",M,NaN,,,0,NaN,,,M,393.407,2,"",391.894,2,"",NaN,,,NaN,,
2024-11-12T19:43:20.000Z,4.253,2,"",M,59.935,2,"",M,6.000,2,"",N,11.335,2,"",I,31.365,2,"",I,11.730,2,"",M,1034.530,2,"",M,396.891,2,"",M,NaN,,,0,NaN,,,M,393.293,2,"",391.781,2,"",NaN,,,NaN,,
2024-11-12T19:45:12.000Z,4.253,2,"",M,59.933,2,"",M,6.000,2,"",N,11.330,2,"",M,31.358,2,"",M,11.720,2,"",M,1034.560,2,"",M,396.698,2,"",M,NaN,,,0,NaN,,,M,393.209,2,"",391.696,2,"",NaN,,,NaN,,
2024-11-12T19:47:05.000Z,4.254,2,"",M,59.931,2,"",M,6.000,2,"",N,11.325,2,"",M,31.350,2,"",M,11.720,2,"",M,1034.465,2,"",M,396.405,2,"",M,NaN,,,0,NaN,,,M,392.805,2,"",391.294,2,"",NaN,,,NaN,,
2024-11-12T19:48:56.000Z,4.255,2,"",M,59.929,2,"",M,6.000,2,"",N,11.322,2,"",M,31.345,2,"",M,11.710,2,"",M,1034.460,2,"",M,395.933,2,"",M,NaN,,,0,NaN,,,M,392.449,2,"",390.940,2,"",NaN,,,NaN,,
2024-11-12T19:50:49.000Z,4.256,2,"",M,59.927,2,"",M,6.000,2,"",N,11.317,2,"",M,31.338,2,"",M,11.700,2,"",M,1034.480,2,"",M,395.620,2,"",M,NaN,,,0,NaN,,,M,392.229,2,"",390.720,2,"",NaN,,,NaN,,
2024-11-12T19:52:41.000Z,4.256,2,"",M,59.925,2,"",M,6.000,2,"",N,11.310,2,"",M,31.333,2,"",M,11.700,2,"",M,1034.380,2,"",M,395.927,2,"",M,NaN,,,0,NaN,,,M,392.376,2,"",390.867,2,"",NaN,,,NaN,,
2024-11-12T19:54:33.000Z,4.257,2,"",M,59.923,2,"",M,6.000,2,"",N,11.311,2,"",M,31.329,2,"",M,11.700,2,"",M,1034.460,2,"",M,395.584,2,"",M,NaN,,,0,NaN,,,M,392.096,2,"",390.588,2,"",NaN,,,NaN,,
2024-11-12T19:56:25.000Z,4.258,2,"",M,59.922,2,"",M,6.000,2,"",N,11.313,2,"",M,31.329,2,"",M,11.700,2,"",M,1034.240,2,"",M,395.912,2,"",M,NaN,,,0,NaN,,,M,392.353,2,"",390.844,2,"",NaN,,,NaN,,
2024-11-12T19:58:17.000Z,4.258,2,"",M,59.920,2,"",M,6.000,2,"",N,11.312,2,"",M,31.329,2,"",M,11.700,2,"",M,1034.340,2,"",M,396.009,2,"",M,NaN,,,0,NaN,,,M,392.484,2,"",390.974,2,"",NaN,,,NaN,,
2024-11-12T20:00:10.000Z,4.259,2,"",M,59.919,2,"",M,6.000,2,"",N,11.310,2,"",M,31.333,2,"",M,11.700,2,"",M,1034.350,2,"",M,395.886,2,"",M,NaN,,,0,NaN,,,M,392.330,2,"",390.821,2,"",NaN,,,NaN,,
2024-11-12T20:02:02.000Z,4.259,2,"",M,59.917,2,"",M,6.000,2,"",N,11.311,2,"",M,31.336,2,"",M,11.690,2,"",M,1034.210,2,"",M,395.873,2,"",M,NaN,,,0,NaN,,,M,392.449,2,"",390.939,2,"",NaN,,,NaN,,
2024-11-12T20:03:54.000Z,4.260,2,"",M,59.915,2,"",M,6.000,2,"",N,11.311,2,"",M,31.339,2,"",M,11.690,2,"",M,1034.170,2,"",M,395.841,2,"",M,NaN,,,0,NaN,,,M,392.398,2,"",390.889,2,"",NaN,,,NaN,,
2024-11-12T20:05:46.000Z,4.261,2,"",M,59.914,2,"",M,6.000,2,"",N,11.312,2,"",M,31.343,2,"",M,11.690,2,"",M,1034.520,2,"",M,395.708,2,"",M,NaN,,,0,NaN,,,M,392.423,2,"",390.913,2,"",NaN,,,NaN,,
2024-11-12T20:07:39.000Z,4.261,2,"",M,59.912,2,"",M,6.000,2,"",N,11.315,2,"",M,31.347,2,"",M,11.700,2,"",M,1034.430,2,"",M,395.775,2,"",M,NaN,,,0,NaN,,,M,392.327,2,"",390.818,2,"",NaN,,,NaN,,
2024-11-12T20:09:31.000Z,4.262,2,"",M,59.911,2,"",M,6.000,2,"",N,11.315,2,"",M,31.353,2,"",M,11.700,2,"",M,1034.450,2,"",M,396.052,2,"",M,NaN,,,0,NaN,,,M,392.608,2,"",391.098,2,"",NaN,,,NaN,,
2024-11-12T20:11:23.000Z,4.263,2,"",M,59.909,2,"",M,6.000,2,"",N,11.316,2,"",M,31.356,2,"",M,11.700,2,"",M,1034.400,2,"",M,395.820,2,"",M,NaN,,,0,NaN,,,M,392.373,2,"",390.864,2,"",NaN,,,NaN,,
2024-11-12T20:13:15.000Z,4.263,2,"",M,59.907,2,"",M,6.000,2,"",N,11.318,2,"",M,31.358,2,"",M,11.700,2,"",M,1034.255,2,"",M,395.967,2,"",M,NaN,,,0,NaN,,,M,392.505,2,"",390.995,2,"",NaN,,,NaN,,
2024-11-12T20:15:29.000Z,4.264,2,"",M,59.906,2,"",M,6.000,2,"",N,11.321,2,"",M,31.364,2,"",M,11.700,2,"",M,1034.430,2,"",M,395.974,2,"",M,NaN,,,0,NaN,,,M,392.625,2,"",391.115,2,"",NaN,,,NaN,,
2024-11-12T20:17:21.000Z,4.264,2,"",M,59.904,2,"",M,6.000,2,"",N,11.327,2,"",M,31.370,2,"",M,11.700,2,"",M,1034.710,2,"",M,396.021,2,"",M,NaN,,,0,NaN,,,M,392.879,2,"",391.367,2,"",NaN,,,NaN,,
2024-11-12T20:19:13.000Z,4.265,2,"",M,59.902,2,"",M,6.000,2,"",N,11.332,2,"",M,31.376,2,"",M,11.720,2,"",M,1034.640,2,"",M,396.298,2,"",M,NaN,,,0,NaN,,,M,392.874,2,"",391.362,2,"",NaN,,,NaN,,
2024-11-12T20:21:06.000Z,4.266,2,"",M,59.901,2,"",M,6.000,2,"",N,11.338,2,"",M,31.386,2,"",M,11.720,2,"",M,1034.680,2,"",M,396.175,2,"",M,NaN,,,0,NaN,,,M,392.861,2,"",391.350,2,"",NaN,,,NaN,,
2024-11-12T20:22:58.000Z,4.266,2,"",M,59.899,2,"",M,6.000,2,"",N,11.341,2,"",M,31.394,2,"",M,11.720,2,"",M,1034.490,2,"",M,396.682,2,"",M,NaN,,,0,NaN,,,M,393.352,2,"",391.839,2,"",NaN,,,NaN,,
2024-11-12T20:24:50.000Z,4.267,2,"",M,59.898,2,"",M,6.000,2,"",N,11.346,2,"",M,31.397,2,"",M,11.720,2,"",M,1034.390,2,"",M,396.670,2,"",M,NaN,,,0,NaN,,,M,393.379,2,"",391.866,2,"",NaN,,,NaN,,
2024-11-12T20:26:42.000Z,4.267,2,"",M,59.896,2,"",M,6.000,2,"",N,11.355,2,"",M,31.412,2,"",M,11.730,2,"",M,1034.395,2,"",M,396.447,2,"",M,NaN,,,0,NaN,,,M,393.140,2,"",391.628,2,"",NaN,,,NaN,,
2024-11-12T20:28:34.000Z,4.268,2,"",M,59.895,2,"",M,6.000,2,"",N,11.385,2,"",M,31.435,2,"",M,11.730,2,"",M,1034.390,2,"",M,396.614,2,"",M,NaN,,,0,NaN,,,M,393.812,2,"",392.298,2,"",NaN,,,NaN,,
2024-11-12T20:30:26.000Z,4.268,2,"",M,59.895,2,"",M,6.000,2,"",N,11.390,2,"",M,31.443,2,"",M,11.770,2,"",M,1034.310,2,"",M,396.512,2,"",M,NaN,,,0,NaN,,,M,393.069,2,"",391.559,2,"",NaN,,,NaN,,
2024-11-12T20:32:19.000Z,4.269,2,"",M,59.894,2,"",M,6.000,2,"",N,11.390,2,"",M,31.441,2,"",M,11.780,2,"",M,1034.550,2,"",M,397.239,2,"",M,NaN,,,0,NaN,,,M,393.717,2,"",392.204,2,"",NaN,,,NaN,,
2024-11-12T20:34:11.000Z,4.269,2,"",M,59.893,2,"",M,6.000,2,"",N,11.387,2,"",M,31.437,2,"",M,11.770,2,"",M,1034.560,2,"",M,397.076,2,"",M,NaN,,,0,NaN,,,M,393.679,2,"",392.166,2,"",NaN,,,NaN,,
2024-11-12T20:36:03.000Z,4.270,2,"",M,59.892,2,"",M,6.000,2,"",N,11.378,2,"",M,31.422,2,"",M,11.770,2,"",M,1034.460,2,"",M,397.193,2,"",M,NaN,,,0,NaN,,,M,393.612,2,"",392.100,2,"",NaN,,,NaN,,
2024-11-12T20:37:56.000Z,4.271,2,"",M,59.891,2,"",M,6.000,2,"",N,11.356,2,"",M,31.408,2,"",M,11.750,2,"",M,1034.500,2,"",M,397.060,2,"",M,NaN,,,0,NaN,,,M,393.474,2,"",391.961,2,"",NaN,,,NaN,,
2024-11-12T20:39:48.000Z,4.273,2,"",M,59.889,2,"",M,6.000,2,"",N,11.344,2,"",M,31.387,2,"",M,11.740,2,"",M,1034.390,2,"",M,396.938,2,"",M,NaN,,,0,NaN,,,M,393.267,2,"",391.755,2,"",NaN,,,NaN,,
2024-11-12T20:41:40.000Z,4.276,2,"",M,59.888,2,"",M,6.000,2,"",N,11.329,2,"",M,31.369,2,"",M,11.730,2,"",M,1034.130,2,"",M,396.515,2,"",M,NaN,,,0,NaN,,,M,392.674,2,"",391.164,2,"",NaN,,,NaN,,
2024-11-12T20:43:32.000Z,4.276,2,"",M,59.886,2,"",M,6.000,2,"",N,11.316,2,"",M,31.343,2,"",M,11.730,2,"",M,1034.310,2,"",M,396.622,2,"",M,NaN,,,0,NaN,,,M,392.630,2,"",391.121,2,"",NaN,,,NaN,,
2024-11-12T20:45:24.000Z,4.273,2,"",M,59.888,2,"",M,6.000,2,"",N,11.320,2,"",M,31.347,2,"",M,11.710,2,"",M,1034.250,2,"",M,396.520,2,"",M,NaN,,,0,NaN,,,M,392.912,2,"",391.401,2,"",NaN,,,NaN,,
2024-11-12T20:47:17.000Z,4.268,2,"",M,59.891,2,"",M,6.000,2,"",N,11.313,2,"",M,31.341,2,"",M,11.700,2,"",M,1034.110,2,"",M,396.377,2,"",M,NaN,,,0,NaN,,,M,392.770,2,"",391.260,2,"",NaN,,,NaN,,
2024-11-12T20:49:09.000Z,4.263,2,"",M,59.895,2,"",M,6.000,2,"",N,11.318,2,"",M,31.344,2,"",M,11.700,2,"",M,1034.120,2,"",M,396.424,2,"",M,NaN,,,0,NaN,,,M,392.909,2,"",391.399,2,"",NaN,,,NaN,,
2024-11-12T20:51:01.000Z,4.256,2,"",M,59.900,2,"",M,6.000,2,"",N,11.348,2,"",M,31.384,2,"",M,11.700,2,"",M,1033.860,2,"",M,395.891,2,"",M,NaN,,,0,NaN,,,M,392.770,2,"",391.260,2,"",NaN,,,NaN,,
2024-11-12T20:52:53.000Z,4.250,2,"",M,59.904,2,"",M,6.000,2,"",N,11.353,2,"",M,31.415,2,"",M,11.720,2,"",M,1033.940,2,"",M,396.548,2,"",M,NaN,,,0,NaN,,,M,393.200,2,"",391.689,2,"",NaN,,,NaN,,
2024-11-12T20:54:45.000Z,4.243,2,"",M,59.908,2,"",M,6.000,2,"",N,11.345,2,"",M,31.405,2,"",M,11.740,2,"",M,1033.940,2,"",M,396.706,2,"",M,NaN,,,0,NaN,,,M,392.888,2,"",391.378,2,"",NaN,,,NaN,,
2024-11-12T20:56:38.000Z,4.236,2,"",M,59.913,2,"",M,6.000,2,"",N,11.330,2,"",M,31.388,2,"",M,11.730,2,"",M,1034.090,2,"",M,397.143,2,"",M,NaN,,,0,NaN,,,M,393.290,2,"",391.778,2,"",NaN,,,NaN,,
2024-11-12T20:58:30.000Z,4.229,2,"",M,59.917,2,"",M,6.000,2,"",N,11.309,2,"",M,31.369,2,"",M,11.720,2,"",M,1034.030,2,"",M,397.370,2,"",M,NaN,,,0,NaN,,,M,393.323,2,"",391.811,2,"",NaN,,,NaN,,
2024-11-12T21:00:22.000Z,4.223,2,"",M,59.921,2,"",M,6.000,2,"",N,11.311,2,"",M,31.372,2,"",M,11.690,2,"",M,1033.790,2,"",M,397.117,2,"",M,NaN,,,0,NaN,,,M,393.525,2,"",392.012,2,"",NaN,,,NaN,,
2024-11-12T21:02:14.000Z,4.216,2,"",M,59.926,2,"",M,6.000,2,"",N,11.325,2,"",M,31.412,2,"",M,11.690,2,"",M,1034.050,2,"",M,396.695,2,"",M,NaN,,,0,NaN,,,M,393.432,2,"",391.919,2,"",NaN,,,NaN,,
2024-11-12T21:04:07.000Z,4.210,2,"",M,59.931,2,"",M,6.000,2,"",N,11.347,2,"",M,31.502,2,"",M,11.700,2,"",M,1033.860,2,"",M,396.392,2,"",M,NaN,,,0,NaN,,,M,393.257,2,"",391.746,2,"",NaN,,,NaN,,
2024-11-12T21:05:59.000Z,4.205,2,"",M,59.935,2,"",M,6.000,2,"",N,11.325,2,"",M,31.503,2,"",M,11.730,2,"",M,1033.690,2,"",M,397.009,2,"",M,NaN,,,0,NaN,,,M,392.935,2,"",391.425,2,"",NaN,,,NaN,,
2024-11-12T21:07:51.000Z,4.200,2,"",M,59.940,2,"",M,6.000,2,"",N,11.332,2,"",M,31.441,2,"",M,11.710,2,"",M,1033.590,2,"",M,398.086,2,"",M,NaN,,,0,NaN,,,M,394.412,2,"",392.896,2,"",NaN,,,NaN,,
2024-11-12T21:09:43.000Z,4.196,2,"",M,59.944,2,"",M,6.000,2,"",N,11.364,2,"",M,31.418,2,"",M,11.710,2,"",M,1033.800,2,"",M,399.153,2,"",M,NaN,,,0,NaN,,,M,396.078,2,"",394.556,2,"",NaN,,,NaN,,
2024-11-12T21:11:36.000Z,4.194,2,"",M,59.944,2,"",M,6.000,2,"",N,11.373,2,"",M,31.433,2,"",M,11.740,2,"",M,1033.590,2,"",M,400.520,2,"",M,NaN,,,0,NaN,,,M,396.997,2,"",395.472,2,"",NaN,,,NaN,,
2024-11-12T21:13:28.000Z,4.194,2,"",M,59.943,2,"",M,6.000,2,"",N,11.376,2,"",M,31.433,2,"",M,11.750,2,"",M,1033.840,2,"",M,401.517,2,"",M,NaN,,,0,NaN,,,M,397.962,2,"",396.433,2,"",NaN,,,NaN,,
2024-11-12T21:15:41.000Z,4.194,2,"",M,59.943,2,"",M,6.000,2,"",N,11.378,2,"",M,31.431,2,"",M,11.760,2,"",M,1033.860,2,"",M,402.283,2,"",M,NaN,,,0,NaN,,,M,398.588,2,"",397.057,2,"",NaN,,,NaN,,
2024-11-12T21:17:33.000Z,4.196,2,"",M,59.942,2,"",M,6.000,2,"",N,11.379,2,"",M,31.429,2,"",M,11.760,2,"",M,1033.830,2,"",M,402.460,2,"",M,NaN,,,0,NaN,,,M,398.770,2,"",397.238,2,"",NaN,,,NaN,,
2024-11-12T21:19:26.000Z,4.197,2,"",M,59.939,2,"",M,6.000,2,"",N,11.380,2,"",M,31.428,2,"",M,11.760,2,"",M,1033.680,2,"",M,402.557,2,"",M,NaN,,,0,NaN,,,M,398.828,2,"",397.296,2,"",NaN,,,NaN,,
2024-11-12T21:21:18.000Z,4.197,2,"",M,59.937,2,"",M,6.000,2,"",N,11.365,2,"",M,31.416,2,"",M,11.760,2,"",M,1033.760,2,"",M,402.574,2,"",M,NaN,,,0,NaN,,,M,398.621,2,"",397.090,2,"",NaN,,,NaN,,
2024-11-12T21:23:10.000Z,4.198,2,"",M,59.934,2,"",M,6.000,2,"",N,11.354,2,"",M,31.412,2,"",M,11.750,2,"",M,0.540,4,"Out of range",M,402.152,2,"",M,NaN,,,0,NaN,,,M,-5.077,4,"Equilibrator Pressure Out of range",-5.077,4,"Equilibrator Pressure Out of range",NaN,,,NaN,,
2024-11-12T21:37:59.000Z,4.205,2,"",M,59.919,2,"",M,6.000,2,"",N,NaN,,,M,NaN,,,M,NaN,,,M,NaN,,,M,NaN,,,0,NaN,,,0,NaN,,,M,NaN,,,NaN,,,NaN,,,NaN,,
2024-11-12T21:42:33.000Z,4.206,2,"",M,59.915,2,"",M,6.000,2,"",N,NaN,,,M,NaN,,,M,NaN,,,M,NaN,,,M,NaN,,,0,NaN,,,0,NaN,,,M,NaN,,,NaN,,,NaN,,,NaN,,
2024-11-12T21:47:03.000Z,4.208,2,"",M,59.911,2,"",M,6.000,2,"",N,NaN,,,M,NaN,,,M,NaN,,,M,NaN,,,M,NaN,,,0,NaN,,,0,NaN,,,M,NaN,,,NaN,,,NaN,,,NaN,,
2024-11-12T21:48:53.000Z,4.209,2,"",M,59.910,2,"",M,6.000,2,"",N,NaN,,,M,NaN,,,M,NaN,,,M,NaN,,,M,NaN,,,0,NaN,,,0,NaN,,,M,NaN,,,NaN,,,NaN,,,NaN,,
2024-11-12T21:50:42.000Z,4.209,2,"",M,59.908,2,"",M,6.000,2,"",N,NaN,,,M,NaN,,,M,NaN,,,M,NaN,,,M,NaN,,,0,NaN,,,0,NaN,,,M,NaN,,,NaN,,,NaN,,,NaN,,
2024-11-12T21:55:13.000Z,4.211,2,"",M,59.904,2,"",M,6.000,2,"",N,NaN,,,M,NaN,,,M,NaN,,,M,NaN,,,M,NaN,,,0,NaN,,,0,NaN,,,M,NaN,,,NaN,,,NaN,,,NaN,,
2024-11-12T21:57:02.000Z,4.212,2,"",M,59.903,2,"",M,6.000,2,"",N,NaN,,,M,NaN,,,M,NaN,,,M,NaN,,,M,NaN,,,0,NaN,,,0,NaN,,,M,NaN,,,NaN,,,NaN,,,NaN,,
2024-11-12T21:58:51.000Z,4.213,2,"",M,59.901,2,"",M,6.000,2,"",N,NaN,,,M,NaN,,,M,NaN,,,M,NaN,,,M,NaN,,,0,NaN,,,0,NaN,,,M,NaN,,,NaN,,,NaN,,,NaN,,
2024-11-12T22:03:21.000Z,4.215,2,"",M,59.897,2,"",M,6.000,2,"",N,NaN,,,M,NaN,,,M,NaN,,,M,NaN,,,M,NaN,,,0,NaN,,,0,NaN,,,M,NaN,,,NaN,,,NaN,,,NaN,,
2024-11-12T22:05:11.000Z,4.216,2,"",M,59.896,2,"",M,6.000,2,"",N,NaN,,,M,NaN,,,M,NaN,,,M,NaN,,,M,NaN,,,0,NaN,,,0,NaN,,,M,NaN,,,NaN,,,NaN,,,NaN,,
2024-11-12T22:07:01.000Z,4.216,2,"",M,59.895,2,"",M,6.000,2,"",N,NaN,,,M,NaN,,,M,NaN,,,M,NaN,,,M,NaN,,,0,NaN,,,0,NaN,,,M,NaN,,,NaN,,,NaN,,,NaN,,
2024-11-12T22:11:31.000Z,4.218,2,"",M,59.893,2,"",M,6.000,2,"",N,11.327,2,"",M,31.391,2,"",M,NaN,,,M,NaN,,,M,NaN,,,0,426.144,2,"",M,1031.900,2,"",M,NaN,,,NaN,,,429.489,2,"",427.829,2,""
2024-11-12T22:13:20.000Z,4.218,2,"",M,59.892,2,"",M,6.000,2,"",N,11.326,2,"",M,31.385,2,"",M,NaN,,,M,NaN,,,M,NaN,,,0,425.944,2,"",M,1031.800,2,"",M,NaN,,,NaN,,,429.246,2,"",427.587,2,""
2024-11-12T22:15:10.000Z,4.219,2,"",M,59.892,2,"",M,6.000,2,"",N,11.329,2,"",I,31.383,2,"",I,NaN,,,M,NaN,,,M,NaN,,,0,426.045,2,"",M,1031.700,2,"",M,NaN,,,NaN,,,429.304,2,"",427.646,2,""
2024-11-12T22:17:00.000Z,4.220,2,"",M,59.890,2,"",M,6.000,2,"",N,11.332,2,"",M,31.380,2,"",M,NaN,,,M,NaN,,,M,NaN,,,0,426.196,2,"",M,1031.800,2,"",M,NaN,,,NaN,,,429.497,2,"",427.838,2,""
2024-11-12T22:18:50.000Z,4.221,2,"",M,59.889,2,"",M,6.000,2,"",N,11.328,2,"",M,31.374,2,"",M,NaN,,,M,NaN,,,M,NaN,,,0,426.187,2,"",M,1031.600,2,"",M,NaN,,,NaN,,,429.405,2,"",427.746,2,""
2024-11-12T22:24:00.000Z,4.228,2,"",M,59.889,2,"",M,6.000,2,"",N,11.289,2,"",M,31.331,2,"",M,11.690,2,"",M,1032.790,2,"",M,397.620,2,"",M,NaN,,,0,NaN,,,M,393.261,2,"",391.751,2,"",NaN,,,NaN,,
2024-11-12T22:25:52.000Z,4.228,2,"",M,59.894,2,"",M,6.000,2,"",N,11.300,2,"",M,31.332,2,"",M,11.670,2,"",M,1032.620,2,"",M,397.340,2,"",M,NaN,,,0,NaN,,,M,393.450,2,"",391.939,2,"",NaN,,,NaN,,
2024-11-12T22:27:44.000Z,4.229,2,"",M,59.899,2,"",M,6.000,2,"",N,11.329,2,"",M,31.360,2,"",M,11.680,2,"",M,1032.560,2,"",M,396.950,2,"",M,NaN,,,0,NaN,,,M,393.355,2,"",391.844,2,"",NaN,,,NaN,,
2024-11-12T22:29:37.000Z,4.229,2,"",M,59.905,2,"",M,6.000,2,"",N,11.341,2,"",M,31.400,2,"",M,11.710,2,"",M,1032.500,2,"",M,397.091,2,"",M,NaN,,,0,NaN,,,M,393.149,2,"",391.640,2,"",NaN,,,NaN,,
2024-11-12T22:31:29.000Z,4.229,2,"",M,59.910,2,"",M,6.000,2,"",N,11.331,2,"",M,31.393,2,"",M,11.730,2,"",M,1032.380,2,"",M,397.813,2,"",M,NaN,,,0,NaN,,,M,393.318,2,"",391.809,2,"",NaN,,,NaN,,
2024-11-12T22:33:21.000Z,4.230,2,"",M,59.916,2,"",M,6.000,2,"",N,11.308,2,"",M,31.375,2,"",M,11.720,2,"",M,1032.360,2,"",M,398.305,2,"",M,NaN,,,0,NaN,,,M,393.581,2,"",392.070,2,"",NaN,,,NaN,,
2024-11-12T22:35:14.000Z,4.230,2,"",M,59.921,2,"",M,6.000,2,"",N,11.299,2,"",M,31.368,2,"",M,11.690,2,"",M,1032.350,2,"",M,397.915,2,"",M,NaN,,,0,NaN,,,M,393.561,2,"",392.050,2,"",NaN,,,NaN,,
2024-11-12T22:37:27.000Z,4.231,2,"",M,59.928,2,"",M,6.000,2,"",N,11.314,2,"",M,31.383,2,"",M,11.680,2,"",M,1032.160,2,"",M,397.515,2,"",M,NaN,,,0,NaN,,,M,393.501,2,"",391.991,2,"",NaN,,,NaN,,
2024-11-12T22:39:19.000Z,4.231,2,"",M,59.933,2,"",M,6.000,2,"",N,11.325,2,"",M,31.413,2,"",M,11.690,2,"",M,1032.400,2,"",M,397.386,2,"",M,NaN,,,0,NaN,,,M,393.479,2,"",391.968,2,"",NaN,,,NaN,,
2024-11-12T22:41:11.000Z,4.232,2,"",M,59.938,2,"",M,6.000,2,"",N,11.326,2,"",M,31.438,2,"",M,11.710,2,"",M,1032.440,2,"",M,397.507,2,"",M,NaN,,,0,NaN,,,M,393.300,2,"",391.790,2,"",NaN,,,NaN,,
2024-11-12T22:43:04.000Z,4.232,2,"",M,59.943,2,"",M,6.000,2,"",N,11.329,2,"",M,31.447,2,"",M,11.710,2,"",M,1032.360,2,"",M,397.778,2,"",M,NaN,,,0,NaN,,,M,393.580,2,"",392.070,2,"",NaN,,,NaN,,
2024-11-12T22:44:56.000Z,4.232,2,"",M,59.945,2,"",M,6.000,2,"",N,11.338,2,"",M,31.452,2,"",M,11.710,2,"",M,1032.440,2,"",M,397.628,2,"",M,NaN,,,0,NaN,,,M,393.614,2,"",392.103,2,"",NaN,,,NaN,,
2024-11-12T22:46:48.000Z,4.231,2,"",M,59.946,2,"",M,6.000,2,"",N,11.338,2,"",M,31.459,2,"",M,11.720,2,"",M,1032.280,2,"",M,398.220,2,"",M,NaN,,,0,NaN,,,M,393.966,2,"",392.454,2,"",NaN,,,NaN,,
2024-11-12T22:48:40.000Z,4.229,2,"",M,59.946,2,"",M,6.000,2,"",N,11.342,2,"",M,31.467,2,"",M,11.720,2,"",M,1032.290,2,"",M,398.391,2,"",M,NaN,,,0,NaN,,,M,394.212,2,"",392.699,2,"",NaN,,,NaN,,
2024-11-12T22:50:32.000Z,4.228,2,"",M,59.947,2,"",M,6.000,2,"",N,11.341,2,"",M,31.472,2,"",M,11.720,2,"",M,1032.390,2,"",M,398.452,2,"",M,NaN,,,0,NaN,,,M,394.288,2,"",392.775,2,"",NaN,,,NaN,,
2024-11-12T22:52:25.000Z,4.228,2,"",M,59.945,2,"",M,6.000,2,"",N,11.344,2,"",M,31.470,2,"",M,11.730,2,"",M,1032.150,2,"",M,398.733,2,"",M,NaN,,,0,NaN,,,M,394.358,2,"",392.845,2,"",NaN,,,NaN,,
2024-11-12T22:54:17.000Z,4.229,2,"",M,59.943,2,"",M,6.000,2,"",N,11.344,2,"",M,31.468,2,"",M,11.740,2,"",M,1032.130,2,"",M,398.904,2,"",M,NaN,,,0,NaN,,,M,394.344,2,"",392.831,2,"",NaN,,,NaN,,
2024-11-12T22:56:09.000Z,4.230,2,"",M,59.941,2,"",M,6.000,2,"",N,11.338,2,"",M,31.466,2,"",M,11.730,2,"",M,1032.140,2,"",M,398.845,2,"",M,NaN,,,0,NaN,,,M,394.354,2,"",392.841,2,"",NaN,,,NaN,,
2024-11-12T22:58:01.000Z,4.231,2,"",M,59.938,2,"",M,6.000,2,"",N,11.338,2,"",M,31.463,2,"",M,11.720,2,"",M,1032.040,2,"",M,398.825,2,"",M,NaN,,,0,NaN,,,M,394.477,2,"",392.963,2,"",NaN,,,NaN,,
2024-11-12T22:59:53.000Z,4.232,2,"",M,59.936,2,"",M,6.000,2,"",N,11.335,2,"",M,31.451,2,"",M,11.720,2,"",M,1031.940,2,"",M,398.716,2,"",M,NaN,,,0,NaN,,,M,394.276,2,"",392.763,2,"",NaN,,,NaN,,
2024-11-12T23:01:46.000Z,4.234,2,"",M,59.934,2,"",M,6.000,2,"",N,11.333,2,"",M,31.443,2,"",M,11.720,2,"",M,1032.090,2,"",M,398.506,2,"",M,NaN,,,0,NaN,,,M,394.099,2,"",392.587,2,"",NaN,,,NaN,,
2024-11-12T23:03:38.000Z,4.235,2,"",M,59.932,2,"",M,6.000,2,"",N,11.332,2,"",M,31.424,2,"",M,11.720,2,"",M,1032.040,2,"",M,398.347,2,"",M,NaN,,,0,NaN,,,M,393.896,2,"",392.385,2,"",NaN,,,NaN,,
2024-11-12T23:05:30.000Z,4.236,2,"",M,59.930,2,"",M,6.000,2,"",N,11.329,2,"",M,31.411,2,"",M,11.720,2,"",M,1032.310,2,"",M,397.997,2,"",M,NaN,,,0,NaN,,,M,393.602,2,"",392.091,2,"",NaN,,,NaN,,
2024-11-12T23:07:22.000Z,4.237,2,"",M,59.928,2,"",M,6.000,2,"",N,11.321,2,"",M,31.398,2,"",M,11.710,2,"",M,1032.360,2,"",M,398.148,2,"",M,NaN,,,0,NaN,,,M,393.809,2,"",392.297,2,"",NaN,,,NaN,,
2024-11-12T23:09:15.000Z,4.237,2,"",M,59.926,2,"",M,6.000,2,"",N,11.315,2,"",M,31.382,2,"",M,11.710,2,"",M,1032.300,2,"",M,397.978,2,"",M,NaN,,,0,NaN,,,M,393.518,2,"",392.007,2,"",NaN,,,NaN,,
2024-11-12T23:11:07.000Z,4.238,2,"",M,59.925,2,"",M,6.000,2,"",N,11.314,2,"",M,31.376,2,"",M,11.700,2,"",M,1032.300,2,"",M,397.618,2,"",M,NaN,,,0,NaN,,,M,393.315,2,"",391.806,2,"",NaN,,,NaN,,
2024-11-12T23:12:59.000Z,4.239,2,"",M,59.923,2,"",M,6.000,2,"",N,11.309,2,"",M,31.369,2,"",M,11.690,2,"",M,1032.320,2,"",M,397.429,2,"",M,NaN,,,0,NaN,,,M,393.232,2,"",391.723,2,"",NaN,,,NaN,,
2024-11-12T23:14:51.000Z,4.239,2,"",M,59.921,2,"",M,6.000,2,"",N,11.307,2,"",M,31.359,2,"",M,11.700,2,"",M,1032.170,2,"",M,397.109,2,"",M,NaN,,,0,NaN,,,M,392.655,2,"",391.148,2,"",NaN,,,NaN,,
2024-11-12T23:16:43.000Z,4.240,2,"",M,59.920,2,"",M,6.000,2,"",N,11.301,2,"",M,31.353,2,"",M,11.700,2,"",M,1031.980,2,"",M,397.350,2,"",M,NaN,,,0,NaN,,,M,392.719,2,"",391.212,2,"",NaN,,,NaN,,
2024-11-12T23:18:36.000Z,4.241,2,"",M,59.918,2,"",M,6.000,2,"",N,11.300,2,"",M,31.347,2,"",M,11.690,2,"",M,1032.060,2,"",M,397.341,2,"",M,NaN,,,0,NaN,,,M,392.889,2,"",391.381,2,"",NaN,,,NaN,,
2024-11-12T23:20:28.000Z,4.241,2,"",M,59.917,2,"",M,6.000,2,"",N,11.298,2,"",M,31.344,2,"",M,11.680,2,"",M,1032.330,2,"",M,396.941,2,"",M,NaN,,,0,NaN,,,M,392.743,2,"",391.235,2,"",NaN,,,NaN,,
2024-11-12T23:22:20.000Z,4.242,2,"",M,59.915,2,"",M,6.000,2,"",N,11.298,2,"",M,31.341,2,"",M,11.680,2,"",M,1032.395,2,"",M,396.942,2,"",M,NaN,,,0,NaN,,,M,392.759,2,"",391.251,2,"",NaN,,,NaN,,
2024-11-12T23:24:12.000Z,4.243,2,"",M,59.913,2,"",M,6.000,2,"",N,11.295,2,"",M,31.341,2,"",M,11.680,2,"",M,1032.420,2,"",M,396.822,2,"",M,NaN,,,0,NaN,,,M,392.606,2,"",391.099,2,"",NaN,,,NaN,,
2024-11-12T23:26:05.000Z,4.244,2,"",M,59.912,2,"",M,6.000,2,"",N,11.296,2,"",M,31.340,2,"",M,11.690,2,"",M,1032.270,2,"",M,396.823,2,"",M,NaN,,,0,NaN,,,M,392.400,2,"",390.894,2,"",NaN,,,NaN,,
2024-11-12T23:27:57.000Z,4.244,2,"",M,59.910,2,"",M,6.000,2,"",N,11.294,2,"",M,31.343,2,"",M,11.690,2,"",M,1032.190,2,"",M,396.934,2,"",M,NaN,,,0,NaN,,,M,392.443,2,"",390.937,2,"",NaN,,,NaN,,
2024-11-12T23:29:49.000Z,4.245,2,"",M,59.909,2,"",M,6.000,2,"",N,11.297,2,"",M,31.346,2,"",M,11.680,2,"",M,1032.040,2,"",M,397.265,2,"",M,NaN,,,0,NaN,,,M,392.925,2,"",391.417,2,"",NaN,,,NaN,,
2024-11-12T23:31:41.000Z,4.245,2,"",M,59.907,2,"",M,6.000,2,"",N,11.299,2,"",M,31.348,2,"",M,11.680,2,"",M,1032.020,2,"",M,397.126,2,"",M,NaN,,,0,NaN,,,M,392.813,2,"",391.305,2,"",NaN,,,NaN,,
2024-11-12T23:33:34.000Z,4.246,2,"",M,59.906,2,"",M,6.000,2,"",N,11.301,2,"",M,31.353,2,"",M,11.680,2,"",M,1032.000,2,"",M,397.417,2,"",M,NaN,,,0,NaN,,,M,393.129,2,"",391.620,2,"",NaN,,,NaN,,
2024-11-12T23:35:26.000Z,4.246,2,"",M,59.904,2,"",M,6.000,2,"",N,11.304,2,"",M,31.358,2,"",M,11.680,2,"",M,1032.340,2,"",M,397.137,2,"",M,NaN,,,0,NaN,,,M,393.025,2,"",391.516,2,"",NaN,,,NaN,,
2024-11-12T23:37:39.000Z,4.247,2,"",M,59.902,2,"",M,6.000,2,"",N,11.307,2,"",M,31.363,2,"",M,11.690,2,"",M,1032.040,2,"",M,397.148,2,"",M,NaN,,,0,NaN,,,M,392.813,2,"",391.305,2,"",NaN,,,NaN,,
2024-11-12T23:39:31.000Z,4.247,2,"",M,59.901,2,"",M,6.000,2,"",N,11.313,2,"",M,31.368,2,"",M,11.700,2,"",M,1032.080,2,"",M,397.579,2,"",M,NaN,,,0,NaN,,,M,393.179,2,"",391.670,2,"",NaN,,,NaN,,
2024-11-12T23:41:24.000Z,4.248,2,"",M,59.899,2,"",M,6.000,2,"",N,11.319,2,"",M,31.382,2,"",M,11.690,2,"",M,1031.970,2,"",M,397.520,2,"",M,NaN,,,0,NaN,,,M,393.348,2,"",391.838,2,"",NaN,,,NaN,,
2024-11-12T23:43:16.000Z,4.248,2,"",M,59.899,2,"",M,6.000,2,"",N,11.320,2,"",M,31.383,2,"",M,11.700,2,"",M,1032.040,2,"",M,397.721,2,"",M,NaN,,,0,NaN,,,M,393.427,2,"",391.917,2,"",NaN,,,NaN,,
2024-11-12T23:45:08.000Z,4.249,2,"",M,59.898,2,"",M,6.000,2,"",N,11.323,2,"",M,31.384,2,"",M,11.700,2,"",M,1032.310,2,"",M,397.812,2,"",M,NaN,,,0,NaN,,,M,393.666,2,"",392.154,2,"",NaN,,,NaN,,
2024-11-12T23:47:00.000Z,4.250,2,"",M,59.897,2,"",M,6.000,2,"",N,11.325,2,"",M,31.384,2,"",M,11.700,2,"",M,1032.460,2,"",M,397.763,2,"",M,NaN,,,0,NaN,,,M,393.707,2,"",392.195,2,"",NaN,,,NaN,,
2024-11-12T23:48:53.000Z,4.250,2,"",M,59.897,2,"",M,6.000,2,"",N,11.327,2,"",M,31.385,2,"",M,11.710,2,"",M,1032.510,2,"",M,397.323,2,"",M,NaN,,,0,NaN,,,M,393.160,2,"",391.651,2,"",NaN,,,NaN,,
2024-11-12T23:50:45.000Z,4.251,2,"",M,59.896,2,"",M,6.000,2,"",N,11.330,2,"",M,31.388,2,"",M,11.710,2,"",M,1032.600,2,"",M,397.373,2,"",M,NaN,,,0,NaN,,,M,393.297,2,"",391.787,2,"",NaN,,,NaN,,
2024-11-12T23:52:37.000Z,4.253,2,"",M,59.894,2,"",M,6.000,2,"",N,11.333,2,"",M,31.392,2,"",M,11.710,2,"",M,1032.620,2,"",M,397.655,2,"",M,NaN,,,0,NaN,,,M,393.626,2,"",392.114,2,"",NaN,,,NaN,,
2024-11-12T23:54:29.000Z,4.255,2,"",M,59.893,2,"",M,6.000,2,"",N,11.335,2,"",M,31.393,2,"",M,11.710,2,"",M,1032.430,2,"",M,397.856,2,"",M,NaN,,,0,NaN,,,M,393.786,2,"",392.275,2,"",NaN,,,NaN,,
2024-11-12T23:56:21.000Z,4.259,2,"",M,59.892,2,"",M,6.000,2,"",N,11.338,2,"",M,31.397,2,"",M,11.710,2,"",M,1032.640,2,"",M,397.746,2,"",M,NaN,,,0,NaN,,,M,393.810,2,"",392.298,2,"",NaN,,,NaN,,
2024-11-12T23:58:14.000Z,4.262,2,"",M,59.895,2,"",M,6.000,2,"",N,11.334,2,"",M,31.399,2,"",M,11.720,2,"",M,1032.510,2,"",M,397.717,2,"",M,NaN,,,0,NaN,,,M,393.487,2,"",391.977,2,"",NaN,,,NaN,,
2024-11-13T00:00:06.000Z,4.262,2,"",M,59.901,2,"",M,6.000,2,"",N,11.333,2,"",M,31.388,2,"",M,11.720,2,"",M,1032.570,2,"",M,397.708,2,"",M,NaN,,,0,NaN,,,M,393.495,2,"",391.985,2,"",NaN,,,NaN,,
2024-11-13T00:01:58.000Z,4.262,2,"",M,59.906,2,"",M,6.000,2,"",N,11.332,2,"",M,31.373,2,"",M,11.720,2,"",M,1032.460,2,"",M,397.949,2,"",M,NaN,,,0,NaN,,,M,393.665,2,"",392.154,2,"",NaN,,,NaN,,
2024-11-13T00:03:50.000Z,4.262,2,"",M,59.912,2,"",M,6.000,2,"",N,11.331,2,"",M,31.359,2,"",M,11.710,2,"",M,1032.510,2,"",M,397.809,2,"",M,NaN,,,0,NaN,,,M,393.707,2,"",392.196,2,"",NaN,,,NaN,,
2024-11-13T00:05:43.000Z,4.262,2,"",M,59.918,2,"",M,6.000,2,"",N,11.333,2,"",M,31.349,2,"",M,11.710,2,"",M,1032.620,2,"",M,397.880,2,"",M,NaN,,,0,NaN,,,M,393.842,2,"",392.330,2,"",NaN,,,NaN,,
2024-11-13T00:07:35.000Z,4.262,2,"",M,59.923,2,"",M,6.000,2,"",N,11.335,2,"",M,31.337,2,"",M,11.710,2,"",M,1032.390,2,"",M,397.670,2,"",M,NaN,,,0,NaN,,,M,393.585,2,"",392.074,2,"",NaN,,,NaN,,
2024-11-13T00:09:27.000Z,4.262,2,"",M,59.929,2,"",M,6.000,2,"",N,11.342,2,"",M,31.326,2,"",M,11.730,2,"",M,1032.450,2,"",M,398.112,2,"",M,NaN,,,0,NaN,,,M,393.827,2,"",392.316,2,"",NaN,,,NaN,,
2024-11-13T00:11:19.000Z,4.263,2,"",M,59.934,2,"",M,6.000,2,"",N,11.350,2,"",M,31.320,2,"",M,11.730,2,"",M,1032.420,2,"",M,398.123,2,"",M,NaN,,,0,NaN,,,M,393.962,2,"",392.450,2,"",NaN,,,NaN,,
2024-11-13T00:13:12.000Z,4.263,2,"",M,59.940,2,"",M,6.000,2,"",N,11.320,2,"",M,31.313,2,"",M,11.730,2,"",M,1032.400,2,"",M,398.253,2,"",M,NaN,,,0,NaN,,,M,393.571,2,"",392.061,2,"",NaN,,,NaN,,
2024-11-13T00:15:04.000Z,4.263,2,"",M,59.944,2,"",M,6.000,2,"",N,11.156,2,"",M,31.154,2,"",M,11.710,2,"",M,1032.380,2,"",M,398.244,2,"",M,NaN,,,0,NaN,,,M,391.178,2,"",389.677,2,"",NaN,,,NaN,,
2024-11-13T00:16:56.000Z,4.262,2,"",M,59.947,2,"",M,6.000,2,"",N,11.086,2,"",M,31.005,2,"",M,11.560,2,"",M,1032.370,2,"",M,398.846,2,"",M,NaN,,,0,NaN,,,M,393.138,2,"",391.626,2,"",NaN,,,NaN,,
2024-11-13T00:18:48.000Z,4.262,2,"",M,59.948,2,"",M,6.000,2,"",N,11.066,2,"",M,30.961,2,"",M,11.480,2,"",M,1032.245,2,"",M,399.357,2,"",M,NaN,,,0,NaN,,,M,394.620,2,"",393.101,2,"",NaN,,,NaN,,
2024-11-13T00:20:40.000Z,4.262,2,"",M,59.949,2,"",M,6.000,2,"",N,11.051,2,"",M,30.942,2,"",M,11.470,2,"",M,1032.220,2,"",M,399.779,2,"",M,NaN,,,0,NaN,,,M,394.948,2,"",393.428,2,"",NaN,,,NaN,,
2024-11-13T00:22:33.000Z,4.262,2,"",M,59.950,2,"",M,6.000,2,"",N,11.047,2,"",M,30.923,2,"",M,11.450,2,"",M,1032.030,2,"",M,399.970,2,"",M,NaN,,,0,NaN,,,M,395.339,2,"",393.817,2,"",NaN,,,NaN,,
2024-11-13T00:24:25.000Z,4.263,2,"",M,59.950,2,"",M,6.000,2,"",N,11.053,2,"",M,30.907,2,"",M,11.440,2,"",M,1031.880,2,"",M,400.191,2,"",M,NaN,,,0,NaN,,,M,395.770,2,"",394.247,2,"",NaN,,,NaN,,
2024-11-13T00:26:17.000Z,4.264,2,"",M,59.948,2,"",M,6.000,2,"",N,11.035,2,"",M,30.890,2,"",M,11.440,2,"",M,1031.600,2,"",M,400.111,2,"",M,NaN,,,0,NaN,,,M,395.285,2,"",393.764,2,"",NaN,,,NaN,,
2024-11-13T00:28:09.000Z,4.265,2,"",M,59.946,2,"",M,6.000,2,"",N,11.019,2,"",M,30.876,2,"",M,11.420,2,"",M,1031.720,2,"",M,400.362,2,"",M,NaN,,,0,NaN,,,M,395.657,2,"",394.133,2,"",NaN,,,NaN,,
2024-11-13T00:30:02.000Z,4.265,2,"",M,59.944,2,"",M,6.000,2,"",N,11.025,2,"",M,30.885,2,"",M,11.410,2,"",M,1031.890,2,"",M,400.263,2,"",M,NaN,,,0,NaN,,,M,395.894,2,"",394.370,2,"",NaN,,,NaN,,
2024-11-13T00:31:54.000Z,4.266,2,"",M,59.942,2,"",M,6.000,2,"",N,11.024,2,"",M,30.899,2,"",M,11.410,2,"",M,1031.930,2,"",M,400.184,2,"",M,NaN,,,0,NaN,,,M,395.804,2,"",394.280,2,"",NaN,,,NaN,,
2024-11-13T00:33:46.000Z,4.267,2,"",M,59.940,2,"",M,6.000,2,"",N,11.027,2,"",M,30.905,2,"",M,11.420,2,"",M,1032.170,2,"",M,399.824,2,"",M,NaN,,,0,NaN,,,M,395.421,2,"",393.898,2,"",NaN,,,NaN,,
2024-11-13T00:35:38.000Z,4.268,2,"",M,59.938,2,"",M,6.000,2,"",N,11.027,2,"",M,30.913,2,"",M,11.420,2,"",M,1032.120,2,"",M,399.895,2,"",M,NaN,,,0,NaN,,,M,395.478,2,"",393.955,2,"",NaN,,,NaN,,
2024-11-13T00:37:52.000Z,4.269,2,"",M,59.935,2,"",M,6.000,2,"",N,11.032,2,"",M,30.929,2,"",M,11.410,2,"",M,1032.220,2,"",M,400.016,2,"",M,NaN,,,0,NaN,,,M,395.896,2,"",394.371,2,"",NaN,,,NaN,,
2024-11-13T00:39:44.000Z,4.270,2,"",M,59.933,2,"",M,6.000,2,"",N,11.040,2,"",M,30.947,2,"",M,11.420,2,"",M,1032.160,2,"",M,399.856,2,"",M,NaN,,,0,NaN,,,M,395.668,2,"",394.143,2,"",NaN,,,NaN,,
2024-11-13T00:41:37.000Z,4.270,2,"",M,59.932,2,"",M,6.000,2,"",N,11.047,2,"",M,30.964,2,"",M,11.420,2,"",M,1032.120,2,"",M,400.358,2,"",M,NaN,,,0,NaN,,,M,396.277,2,"",394.750,2,"",NaN,,,NaN,,
2024-11-13T00:43:28.000Z,4.271,2,"",M,59.930,2,"",M,6.000,2,"",N,11.054,2,"",M,30.980,2,"",M,11.440,2,"",M,1032.110,2,"",M,399.928,2,"",M,NaN,,,0,NaN,,,M,395.623,2,"",394.100,2,"",NaN,,,NaN,,
2024-11-13T00:45:20.000Z,4.271,2,"",M,59.929,2,"",M,6.000,2,"",N,11.076,2,"",M,31.005,2,"",M,11.450,2,"",M,1032.030,2,"",M,400.059,2,"",M,NaN,,,0,NaN,,,M,395.911,2,"",394.386,2,"",NaN,,,NaN,,
2024-11-13T00:47:12.000Z,4.272,2,"",M,59.927,2,"",M,6.000,2,"",N,11.090,2,"",M,31.029,2,"",M,11.460,2,"",M,1031.960,2,"",M,400.019,2,"",M,NaN,,,0,NaN,,,M,395.918,2,"",394.394,2,"",NaN,,,NaN,,
2024-11-13T00:49:04.000Z,4.272,2,"",M,59.925,2,"",M,6.000,2,"",N,11.161,2,"",M,31.072,2,"",M,11.470,2,"",M,1031.800,2,"",M,400.060,2,"",M,NaN,,,0,NaN,,,M,396.903,2,"",395.376,2,"",NaN,,,NaN,,
2024-11-13T00:50:57.000Z,4.273,2,"",M,59.924,2,"",M,6.000,2,"",N,11.203,2,"",M,31.145,2,"",M,11.520,2,"",M,1031.770,2,"",M,399.951,2,"",M,NaN,,,0,NaN,,,M,396.645,2,"",395.119,2,"",NaN,,,NaN,,
2024-11-13T00:52:49.000Z,4.274,2,"",M,59.922,2,"",M,6.000,2,"",N,11.265,2,"",M,31.225,2,"",M,11.570,2,"",M,1032.140,2,"",M,399.401,2,"",M,NaN,,,0,NaN,,,M,396.416,2,"",394.892,2,"",NaN,,,NaN,,
2024-11-13T00:54:41.000Z,4.274,2,"",M,59.921,2,"",M,6.000,2,"",N,11.291,2,"",M,31.268,2,"",M,11.650,2,"",M,1032.120,2,"",M,399.391,2,"",M,NaN,,,0,NaN,,,M,395.474,2,"",393.955,2,"",NaN,,,NaN,,
2024-11-13T00:56:33.000Z,4.275,2,"",M,59.919,2,"",M,6.000,2,"",N,11.306,2,"",M,31.286,2,"",M,11.680,2,"",M,1032.000,2,"",M,399.362,2,"",M,NaN,,,0,NaN,,,M,395.136,2,"",393.619,2,"",NaN,,,NaN,,
2024-11-13T00:58:26.000Z,4.276,2,"",M,59.918,2,"",M,6.000,2,"",N,11.325,2,"",M,31.309,2,"",M,11.690,2,"",M,1032.060,2,"",M,399.182,2,"",M,NaN,,,0,NaN,,,M,395.131,2,"",393.614,2,"",NaN,,,NaN,,
2024-11-13T01:00:18.000Z,4.276,2,"",M,59.916,2,"",M,6.000,2,"",N,11.330,2,"",M,31.331,2,"",M,11.700,2,"",M,1032.100,2,"",M,399.113,2,"",M,NaN,,,0,NaN,,,M,394.993,2,"",393.477,2,"",NaN,,,NaN,,
2024-11-13T01:02:10.000Z,4.277,2,"",M,59.914,2,"",M,6.000,2,"",N,11.333,2,"",M,31.332,2,"",M,11.710,2,"",M,1032.010,2,"",M,398.633,2,"",M,NaN,,,0,NaN,,,M,394.360,2,"",392.847,2,"",NaN,,,NaN,,
2024-11-13T01:04:02.000Z,4.277,2,"",M,59.913,2,"",M,6.000,2,"",N,11.339,2,"",M,31.345,2,"",M,11.710,2,"",M,1032.050,2,"",M,398.524,2,"",M,NaN,,,0,NaN,,,M,394.368,2,"",392.855,2,"",NaN,,,NaN,,
2024-11-13T01:05:54.000Z,4.278,2,"",M,59.911,2,"",M,6.000,2,"",N,11.340,2,"",M,31.354,2,"",M,11.720,2,"",M,1032.000,2,"",M,398.524,2,"",M,NaN,,,0,NaN,,,M,394.197,2,"",392.684,2,"",NaN,,,NaN,,
2024-11-13T01:07:47.000Z,4.278,2,"",M,59.910,2,"",M,6.000,2,"",N,11.333,2,"",M,31.361,2,"",M,11.730,2,"",M,1032.040,2,"",M,398.635,2,"",M,NaN,,,0,NaN,,,M,394.034,2,"",392.523,2,"",NaN,,,NaN,,
2024-11-13T01:09:39.000Z,4.279,2,"",M,59.908,2,"",M,6.000,2,"",N,11.327,2,"",M,31.363,2,"",M,11.720,2,"",M,1032.000,2,"",M,398.786,2,"",M,NaN,,,0,NaN,,,M,394.235,2,"",392.722,2,"",NaN,,,NaN,,
2024-11-13T01:11:31.000Z,4.280,2,"",M,59.907,2,"",M,6.000,2,"",N,11.315,2,"",M,31.366,2,"",M,11.710,2,"",M,1031.880,2,"",M,398.907,2,"",M,NaN,,,0,NaN,,,M,394.277,2,"",392.764,2,"",NaN,,,NaN,,
2024-11-13T01:13:23.000Z,4.280,2,"",M,59.905,2,"",M,6.000,2,"",N,11.310,2,"",M,31.369,2,"",M,11.700,2,"",M,1031.780,2,"",M,398.918,2,"",M,NaN,,,0,NaN,,,M,394.330,2,"",392.817,2,"",NaN,,,NaN,,
2024-11-13T01:15:16.000Z,4.281,2,"",M,59.905,2,"",M,6.000,2,"",N,11.308,2,"",M,31.371,2,"",M,11.690,2,"",M,1031.650,2,"",M,399.249,2,"",M,NaN,,,0,NaN,,,M,394.749,2,"",393.235,2,"",NaN,,,NaN,,
2024-11-13T01:17:08.000Z,4.282,2,"",M,59.904,2,"",M,6.000,2,"",N,11.304,2,"",M,31.371,2,"",M,11.690,2,"",M,1031.670,2,"",M,399.240,2,"",M,NaN,,,0,NaN,,,M,394.690,2,"",393.176,2,"",NaN,,,NaN,,
2024-11-13T01:19:00.000Z,4.282,2,"",M,59.904,2,"",M,6.000,2,"",N,11.306,2,"",M,31.371,2,"",M,11.700,2,"",M,1031.950,2,"",M,399.280,2,"",M,NaN,,,0,NaN,,,M,394.689,2,"",393.175,2,"",NaN,,,NaN,,
2024-11-13T01:20:52.000Z,4.283,2,"",M,59.903,2,"",M,6.000,2,"",N,11.304,2,"",M,31.370,2,"",M,11.690,2,"",M,1031.870,2,"",M,399.602,2,"",M,NaN,,,0,NaN,,,M,395.111,2,"",393.595,2,"",NaN,,,NaN,,
2024-11-13T01:22:45.000Z,4.284,2,"",M,59.902,2,"",M,6.000,2,"",N,11.307,2,"",M,31.370,2,"",M,11.690,2,"",M,1031.740,2,"",M,399.392,2,"",M,NaN,,,0,NaN,,,M,394.919,2,"",393.404,2,"",NaN,,,NaN,,
2024-11-13T01:24:37.000Z,4.286,2,"",M,59.901,2,"",M,6.000,2,"",N,11.310,2,"",M,31.373,2,"",M,11.690,2,"",M,1031.710,2,"",M,399.343,2,"",M,NaN,,,0,NaN,,,M,394.896,2,"",393.381,2,"",NaN,,,NaN,,
2024-11-13T01:26:29.000Z,4.288,2,"",M,59.900,2,"",M,6.000,2,"",N,11.309,2,"",M,31.373,2,"",M,11.690,2,"",M,1031.480,2,"",M,399.564,2,"",M,NaN,,,0,NaN,,,M,395.019,2,"",393.504,2,"",NaN,,,NaN,,
2024-11-13T01:28:21.000Z,4.289,2,"",M,59.898,2,"",M,6.000,2,"",N,11.306,2,"",M,31.374,2,"",M,11.690,2,"",M,1031.490,2,"",M,399.444,2,"",M,NaN,,,0,NaN,,,M,394.853,2,"",393.338,2,"",NaN,,,NaN,,
2024-11-13T01:30:13.000Z,4.283,2,"",M,59.898,2,"",M,6.000,2,"",N,11.317,2,"",M,31.382,2,"",M,11.700,2,"",M,1031.530,2,"",M,399.675,2,"",M,NaN,,,0,NaN,,,M,395.108,2,"",393.592,2,"",NaN,,,NaN,,
2024-11-13T01:34:43.000Z,4.274,2,"",M,59.911,2,"",M,6.000,2,"",N,NaN,,,M,NaN,,,M,NaN,,,M,NaN,,,M,NaN,,,0,NaN,,,0,NaN,,,M,NaN,,,NaN,,,NaN,,,NaN,,
2024-11-13T01:36:33.000Z,4.271,2,"",M,59.916,2,"",M,6.000,2,"",N,NaN,,,M,NaN,,,M,NaN,,,M,NaN,,,M,NaN,,,0,NaN,,,0,NaN,,,M,NaN,,,NaN,,,NaN,,,NaN,,
2024-11-13T01:38:43.000Z,4.267,2,"",M,59.922,2,"",M,6.000,2,"",N,NaN,,,M,NaN,,,M,NaN,,,M,NaN,,,M,NaN,,,0,NaN,,,0,NaN,,,M,NaN,,,NaN,,,NaN,,,NaN,,
2024-11-13T01:43:14.000Z,4.258,2,"",M,59.934,2,"",M,6.000,2,"",N,NaN,,,M,NaN,,,M,NaN,,,M,NaN,,,M,NaN,,,0,NaN,,,0,NaN,,,M,NaN,,,NaN,,,NaN,,,NaN,,
2024-11-13T01:45:03.000Z,4.254,2,"",M,59.939,2,"",M,6.000,2,"",N,NaN,,,M,NaN,,,M,NaN,,,M,NaN,,,M,NaN,,,0,NaN,,,0,NaN,,,M,NaN,,,NaN,,,NaN,,,NaN,,
2024-11-13T01:46:53.000Z,4.252,2,"",M,59.942,2,"",M,6.000,2,"",N,NaN,,,M,NaN,,,M,NaN,,,M,NaN,,,M,NaN,,,0,NaN,,,0,NaN,,,M,NaN,,,NaN,,,NaN,,,NaN,,
2024-11-13T01:51:23.000Z,4.250,2,"",M,59.945,2,"",M,6.000,2,"",N,NaN,,,M,NaN,,,M,NaN,,,M,NaN,,,M,NaN,,,0,NaN,,,0,NaN,,,M,NaN,,,NaN,,,NaN,,,NaN,,
2024-11-13T01:53:12.000Z,4.249,2,"",M,59.946,2,"",M,6.000,2,"",N,NaN,,,M,NaN,,,M,NaN,,,M,NaN,,,M,NaN,,,0,NaN,,,0,NaN,,,M,NaN,,,NaN,,,NaN,,,NaN,,
2024-11-13T01:55:02.000Z,4.250,2,"",M,59.947,2,"",M,6.000,2,"",N,NaN,,,M,NaN,,,M,NaN,,,M,NaN,,,M,NaN,,,0,NaN,,,0,NaN,,,M,NaN,,,NaN,,,NaN,,,NaN,,
2024-11-13T01:59:32.000Z,4.250,2,"",M,59.948,2,"",M,6.000,2,"",N,11.178,2,"",M,31.147,2,"",M,NaN,,,M,NaN,,,M,NaN,,,0,426.859,2,"",M,1029.900,2,"",M,NaN,,,NaN,,,429.420,2,"",427.760,2,""
2024-11-13T02:01:22.000Z,4.250,2,"",M,59.949,2,"",M,6.000,2,"",N,11.175,2,"",M,31.142,2,"",M,NaN,,,M,NaN,,,M,NaN,,,0,426.710,2,"",M,1029.700,2,"",M,NaN,,,NaN,,,429.186,2,"",427.528,2,""
2024-11-13T02:03:11.000Z,4.249,2,"",M,59.949,2,"",M,6.000,2,"",N,11.195,2,"",M,31.152,2,"",M,NaN,,,M,NaN,,,M,NaN,,,0,426.681,2,"",M,1029.400,2,"",M,NaN,,,NaN,,,429.023,2,"",427.366,2,""
2024-11-13T02:05:01.000Z,4.249,2,"",M,59.946,2,"",M,6.000,2,"",N,11.225,2,"",M,31.175,2,"",M,NaN,,,M,NaN,,,M,NaN,,,0,426.362,2,"",M,1029.400,2,"",M,NaN,,,NaN,,,428.691,2,"",427.036,2,""
2024-11-13T02:06:51.000Z,4.250,2,"",M,59.943,2,"",M,6.000,2,"",N,11.285,2,"",M,31.234,2,"",M,NaN,,,M,NaN,,,M,NaN,,,0,426.273,2,"",M,1029.500,2,"",M,NaN,,,NaN,,,428.622,2,"",426.968,2,""
2024-11-13T02:12:01.000Z,4.252,2,"",M,59.937,2,"",M,6.000,2,"",N,11.336,2,"",M,31.310,2,"",M,11.720,2,"",M,1030.670,2,"",M,399.808,2,"",M,NaN,,,0,NaN,,,M,394.876,2,"",393.363,2,"",NaN,,,NaN,,
2024-11-13T02:13:53.000Z,4.253,2,"",M,59.935,2,"",M,6.000,2,"",N,11.337,2,"",M,31.314,2,"",M,11.720,2,"",M,1030.610,2,"",M,399.949,2,"",M,NaN,,,0,NaN,,,M,395.017,2,"",393.504,2,"",NaN,,,NaN,,
2024-11-13T02:15:46.000Z,4.253,2,"",M,59.933,2,"",M,6.000,2,"",N,11.338,2,"",M,31.318,2,"",M,11.720,2,"",M,1030.570,2,"",M,399.720,2,"",M,NaN,,,0,NaN,,,M,394.790,2,"",393.277,2,"",NaN,,,NaN,,
2024-11-13T02:17:38.000Z,4.254,2,"",M,59.931,2,"",M,6.000,2,"",N,11.336,2,"",M,31.320,2,"",M,11.720,2,"",M,1030.500,2,"",M,399.320,2,"",M,NaN,,,0,NaN,,,M,394.338,2,"",392.827,2,"",NaN,,,NaN,,
2024-11-13T02:19:30.000Z,4.255,2,"",M,59.929,2,"",M,6.000,2,"",N,11.336,2,"",M,31.326,2,"",M,11.720,2,"",M,1030.430,2,"",M,399.241,2,"",M,NaN,,,0,NaN,,,M,394.222,2,"",392.712,2,"",NaN,,,NaN,,
2024-11-13T02:21:22.000Z,4.255,2,"",M,59.928,2,"",M,6.000,2,"",N,11.336,2,"",M,31.329,2,"",M,11.720,2,"",M,1030.365,2,"",M,399.142,2,"",M,NaN,,,0,NaN,,,M,394.102,2,"",392.592,2,"",NaN,,,NaN,,
2024-11-13T02:23:15.000Z,4.256,2,"",M,59.926,2,"",M,6.000,2,"",N,11.337,2,"",M,31.331,2,"",M,11.720,2,"",M,1030.450,2,"",M,398.993,2,"",M,NaN,,,0,NaN,,,M,394.001,2,"",392.492,2,"",NaN,,,NaN,,
2024-11-13T02:25:07.000Z,4.256,2,"",M,59.925,2,"",M,6.000,2,"",N,11.337,2,"",M,31.333,2,"",M,11.730,2,"",M,1030.860,2,"",M,399.204,2,"",M,NaN,,,0,NaN,,,M,394.205,2,"",392.694,2,"",NaN,,,NaN,,
2024-11-13T02:26:59.000Z,4.257,2,"",M,59.923,2,"",M,6.000,2,"",N,11.338,2,"",M,31.337,2,"",M,11.720,2,"",M,1030.600,2,"",M,399.326,2,"",M,NaN,,,0,NaN,,,M,394.402,2,"",392.891,2,"",NaN,,,NaN,,
2024-11-13T02:28:51.000Z,4.257,2,"",M,59.922,2,"",M,6.000,2,"",N,11.338,2,"",M,31.341,2,"",M,11.720,2,"",M,1030.480,2,"",M,399.147,2,"",M,NaN,,,0,NaN,,,M,394.182,2,"",392.672,2,"",NaN,,,NaN,,
2024-11-13T02:30:44.000Z,4.258,2,"",M,59.920,2,"",M,6.000,2,"",N,11.339,2,"",M,31.349,2,"",M,11.720,2,"",M,1030.500,2,"",M,399.438,2,"",M,NaN,,,0,NaN,,,M,394.496,2,"",392.984,2,"",NaN,,,NaN,,
2024-11-13T02:32:36.000Z,4.259,2,"",M,59.919,2,"",M,6.000,2,"",N,11.340,2,"",M,31.355,2,"",M,11.720,2,"",M,1030.530,2,"",M,399.089,2,"",M,NaN,,,0,NaN,,,M,394.176,2,"",392.665,2,"",NaN,,,NaN,,
2024-11-13T02:34:28.000Z,4.260,2,"",M,59.917,2,"",M,6.000,2,"",N,11.343,2,"",M,31.359,2,"",M,11.720,2,"",M,1030.450,2,"",M,399.000,2,"",M,NaN,,,0,NaN,,,M,394.108,2,"",392.598,2,"",NaN,,,NaN,,
2024-11-13T02:36:20.000Z,4.260,2,"",M,59.915,2,"",M,6.000,2,"",N,11.345,2,"",M,31.369,2,"",M,11.740,2,"",M,1030.475,2,"",M,399.321,2,"",M,NaN,,,0,NaN,,,M,394.140,2,"",392.631,2,"",NaN,,,NaN,,
2024-11-13T02:38:34.000Z,4.261,2,"",M,59.913,2,"",M,6.000,2,"",N,11.348,2,"",M,31.373,2,"",M,11.730,2,"",M,1030.420,2,"",M,399.433,2,"",M,NaN,,,0,NaN,,,M,394.435,2,"",392.925,2,"",NaN,,,NaN,,
2024-11-13T02:40:26.000Z,4.261,2,"",M,59.912,2,"",M,6.000,2,"",N,11.349,2,"",M,31.377,2,"",M,11.730,2,"",M,1030.060,2,"",M,399.895,2,"",M,NaN,,,0,NaN,,,M,394.772,2,"",393.260,2,"",NaN,,,NaN,,
2024-11-13T02:42:18.000Z,4.262,2,"",M,59.910,2,"",M,6.000,2,"",N,11.347,2,"",M,31.382,2,"",M,11.730,2,"",M,1030.080,2,"",M,399.916,2,"",M,NaN,,,0,NaN,,,M,394.778,2,"",393.267,2,"",NaN,,,NaN,,
2024-11-13T02:44:10.000Z,4.262,2,"",M,59.909,2,"",M,6.000,2,"",N,11.349,2,"",M,31.385,2,"",M,11.730,2,"",M,1030.340,2,"",M,400.027,2,"",M,NaN,,,0,NaN,,,M,395.013,2,"",393.500,2,"",NaN,,,NaN,,
2024-11-13T02:46:03.000Z,4.263,2,"",M,59.907,2,"",M,6.000,2,"",N,11.351,2,"",M,31.391,2,"",M,11.730,2,"",M,1030.400,2,"",M,399.908,2,"",M,NaN,,,0,NaN,,,M,394.949,2,"",393.437,2,"",NaN,,,NaN,,
2024-11-13T02:47:55.000Z,4.263,2,"",M,59.906,2,"",M,6.000,2,"",N,11.352,2,"",M,31.397,2,"",M,11.740,2,"",M,1030.420,2,"",M,399.789,2,"",M,NaN,,,0,NaN,,,M,394.693,2,"",393.181,2,"",NaN,,,NaN,,
2024-11-13T02:49:47.000Z,4.264,2,"",M,59.904,2,"",M,6.000,2,"",N,11.354,2,"",M,31.403,2,"",M,11.740,2,"",M,1030.330,2,"",M,399.970,2,"",M,NaN,,,0,NaN,,,M,394.863,2,"",393.351,2,"",NaN,,,NaN,,
2024-11-13T02:51:40.000Z,4.264,2,"",M,59.902,2,"",M,6.000,2,"",N,11.356,2,"",M,31.408,2,"",M,11.740,2,"",M,1030.150,2,"",M,400.252,2,"",M,NaN,,,0,NaN,,,M,395.102,2,"",393.589,2,"",NaN,,,NaN,,
2024-11-13T02:53:31.000Z,4.265,2,"",M,59.901,2,"",M,6.000,2,"",N,11.357,2,"",M,31.417,2,"",M,11.740,2,"",M,1030.120,2,"",M,399.993,2,"",M,NaN,,,0,NaN,,,M,394.861,2,"",393.349,2,"",NaN,,,NaN,,
2024-11-13T02:55:24.000Z,4.266,2,"",M,59.900,2,"",M,6.000,2,"",N,11.357,2,"",M,31.427,2,"",M,11.740,2,"",M,1029.820,2,"",M,400.214,2,"",M,NaN,,,0,NaN,,,M,394.960,2,"",393.448,2,"",NaN,,,NaN,,
2024-11-13T02:57:16.000Z,4.267,2,"",M,59.899,2,"",M,6.000,2,"",N,11.351,2,"",M,31.423,2,"",M,11.740,2,"",M,1029.870,2,"",M,400.055,2,"",M,NaN,,,0,NaN,,,M,394.731,2,"",393.220,2,"",NaN,,,NaN,,
2024-11-13T02:59:08.000Z,4.268,2,"",M,59.898,2,"",M,6.000,2,"",N,11.348,2,"",M,31.418,2,"",M,11.740,2,"",M,1029.810,2,"",M,400.086,2,"",M,NaN,,,0,NaN,,,M,394.684,2,"",393.173,2,"",NaN,,,NaN,,
2024-11-13T03:01:00.000Z,4.268,2,"",M,59.898,2,"",M,6.000,2,"",N,11.349,2,"",M,31.417,2,"",M,11.740,2,"",M,1030.080,2,"",M,400.127,2,"",M,NaN,,,0,NaN,,,M,394.840,2,"",393.328,2,"",NaN,,,NaN,,
2024-11-13T03:02:52.000Z,4.270,2,"",M,59.897,2,"",M,6.000,2,"",N,11.345,2,"",M,31.415,2,"",M,11.740,2,"",M,1030.190,2,"",M,399.898,2,"",M,NaN,,,0,NaN,,,M,394.599,2,"",393.089,2,"",NaN,,,NaN,,
2024-11-13T03:04:44.000Z,4.271,2,"",M,59.897,2,"",M,6.000,2,"",N,11.343,2,"",M,31.409,2,"",M,11.730,2,"",M,1030.050,2,"",M,399.939,2,"",M,NaN,,,0,NaN,,,M,394.713,2,"",393.202,2,"",NaN,,,NaN,,
2024-11-13T03:06:36.000Z,4.272,2,"",M,59.896,2,"",M,6.000,2,"",N,11.341,2,"",M,31.406,2,"",M,11.730,2,"",M,1029.820,2,"",M,399.790,2,"",M,NaN,,,0,NaN,,,M,394.442,2,"",392.932,2,"",NaN,,,NaN,,
2024-11-13T03:08:29.000Z,4.274,2,"",M,59.895,2,"",M,6.000,2,"",N,11.339,2,"",M,31.401,2,"",M,11.720,2,"",M,1029.720,2,"",M,399.781,2,"",M,NaN,,,0,NaN,,,M,394.541,2,"",393.031,2,"",NaN,,,NaN,,
2024-11-13T03:10:21.000Z,4.276,2,"",M,59.894,2,"",M,6.000,2,"",N,11.339,2,"",M,31.398,2,"",M,11.730,2,"",M,1029.930,2,"",M,399.893,2,"",M,NaN,,,0,NaN,,,M,394.560,2,"",393.049,2,"",NaN,,,NaN,,
2024-11-13T03:12:13.000Z,4.278,2,"",M,59.895,2,"",M,6.000,2,"",N,11.339,2,"",M,31.398,2,"",M,11.730,2,"",M,1029.680,2,"",M,399.964,2,"",M,NaN,,,0,NaN,,,M,394.529,2,"",393.019,2,"",NaN,,,NaN,,
2024-11-13T03:14:05.000Z,4.278,2,"",M,59.897,2,"",M,6.000,2,"",N,11.341,2,"",M,31.400,2,"",M,11.720,2,"",M,1029.430,2,"",M,399.915,2,"",M,NaN,,,0,NaN,,,M,394.592,2,"",393.082,2,"",NaN,,,NaN,,
2024-11-13T03:15:58.000Z,4.279,2,"",M,59.901,2,"",M,6.000,2,"",N,11.353,2,"",M,31.416,2,"",M,11.720,2,"",M,1029.780,2,"",M,399.656,2,"",M,NaN,,,0,NaN,,,M,394.662,2,"",393.151,2,"",NaN,,,NaN,,
2024-11-13T03:17:50.000Z,4.279,2,"",M,59.906,2,"",M,6.000,2,"",N,11.362,2,"",M,31.426,2,"",M,11.730,2,"",M,1029.810,2,"",M,399.607,2,"",M,NaN,,,0,NaN,,,M,394.615,2,"",393.104,2,"",NaN,,,NaN,,
2024-11-13T03:19:42.000Z,4.280,2,"",M,59.911,2,"",M,6.000,2,"",N,11.361,2,"",M,31.421,2,"",M,11.750,2,"",M,1030.050,2,"",M,400.018,2,"",M,NaN,,,0,NaN,,,M,394.750,2,"",393.239,2,"",NaN,,,NaN,,
2024-11-13T03:21:34.000Z,4.280,2,"",M,59.916,2,"",M,6.000,2,"",N,11.334,2,"",M,31.403,2,"",M,11.750,2,"",M,1029.830,2,"",M,400.340,2,"",M,NaN,,,0,NaN,,,M,394.539,2,"",393.029,2,"",NaN,,,NaN,,
2024-11-13T03:23:26.000Z,4.281,2,"",M,59.921,2,"",M,6.000,2,"",N,11.325,2,"",M,31.385,2,"",M,11.720,2,"",M,1029.750,2,"",M,400.712,2,"",M,NaN,,,0,NaN,,,M,395.237,2,"",393.724,2,"",NaN,,,NaN,,
2024-11-13T03:25:19.000Z,4.281,2,"",M,59.926,2,"",M,6.000,2,"",N,11.317,2,"",M,31.374,2,"",M,11.710,2,"",M,1029.640,2,"",M,400.883,2,"",M,NaN,,,0,NaN,,,M,395.397,2,"",393.883,2,"",NaN,,,NaN,,
2024-11-13T03:27:11.000Z,4.281,2,"",M,59.931,2,"",M,6.000,2,"",N,11.325,2,"",M,31.363,2,"",M,11.700,2,"",M,1029.630,2,"",M,401.055,2,"",M,NaN,,,0,NaN,,,M,395.862,2,"",394.346,2,"",NaN,,,NaN,,
2024-11-13T03:29:03.000Z,4.281,2,"",M,59.936,2,"",M,6.000,2,"",N,11.324,2,"",M,31.358,2,"",M,11.710,2,"",M,1029.490,2,"",M,401.066,2,"",M,NaN,,,0,NaN,,,M,395.630,2,"",394.116,2,"",NaN,,,NaN,,
2024-11-13T03:30:55.000Z,4.281,2,"",M,59.941,2,"",M,6.000,2,"",N,11.248,2,"",M,31.309,2,"",M,11.720,2,"",M,1029.470,2,"",M,400.977,2,"",M,NaN,,,0,NaN,,,M,394.089,2,"",392.581,2,"",NaN,,,NaN,,
2024-11-13T03:32:48.000Z,4.282,2,"",M,59.945,2,"",M,6.000,2,"",N,11.201,2,"",M,31.223,2,"",M,11.650,2,"",M,1029.550,2,"",M,401.028,2,"",M,NaN,,,0,NaN,,,M,394.589,2,"",393.077,2,"",NaN,,,NaN,,
2024-11-13T03:34:40.000Z,4.282,2,"",M,59.947,2,"",M,6.000,2,"",N,11.190,2,"",M,31.182,2,"",M,11.600,2,"",M,1029.350,2,"",M,401.480,2,"",M,NaN,,,0,NaN,,,M,395.618,2,"",394.101,2,"",NaN,,,NaN,,
2024-11-13T03:36:32.000Z,4.282,2,"",M,59.948,2,"",M,6.000,2,"",N,11.201,2,"",M,31.183,2,"",M,11.570,2,"",M,1029.320,2,"",M,401.792,2,"",M,NaN,,,0,NaN,,,M,396.610,2,"",395.089,2,"",NaN,,,NaN,,
2024-11-13T03:38:46.000Z,4.282,2,"",M,59.949,2,"",M,6.000,2,"",N,11.212,2,"",M,31.190,2,"",M,11.580,2,"",M,1029.600,2,"",M,401.522,2,"",M,NaN,,,0,NaN,,,M,396.479,2,"",394.959,2,"",NaN,,,NaN,,
2024-11-13T03:40:38.000Z,4.282,2,"",M,59.950,2,"",M,6.000,2,"",N,11.203,2,"",M,31.183,2,"",M,11.600,2,"",M,1029.515,2,"",M,401.664,2,"",M,NaN,,,0,NaN,,,M,396.086,2,"",394.568,2,"",NaN,,,NaN,,
2024-11-13T03:42:30.000Z,4.283,2,"",M,59.950,2,"",M,6.000,2,"",N,11.206,2,"",M,31.179,2,"",M,11.590,2,"",M,1029.460,2,"",M,401.655,2,"",M,NaN,,,0,NaN,,,M,396.284,2,"",394.765,2,"",NaN,,,NaN,,
2024-11-13T03:44:22.000Z,4.284,2,"",M,59.951,2,"",M,6.000,2,"",N,11.194,2,"",M,31.170,2,"",M,11.600,2,"",M,1029.590,2,"",M,401.866,2,"",M,NaN,,,0,NaN,,,M,396.169,2,"",394.650,2,"",NaN,,,NaN,,
2024-11-13T03:46:14.000Z,4.285,2,"",M,59.951,2,"",M,6.000,2,"",N,11.194,2,"",M,31.164,2,"",M,11.580,2,"",M,1029.580,2,"",M,401.878,2,"",M,NaN,,,0,NaN,,,M,396.512,2,"",394.992,2,"",NaN,,,NaN,,
2024-11-13T03:48:07.000Z,4.286,2,"",M,59.951,2,"",M,6.000,2,"",N,11.196,2,"",M,31.167,2,"",M,11.580,2,"",M,1029.450,2,"",M,401.789,2,"",M,NaN,,,0,NaN,,,M,396.401,2,"",394.881,2,"",NaN,,,NaN,,
2024-11-13T03:49:59.000Z,4.287,2,"",M,59.951,2,"",M,6.000,2,"",N,11.192,2,"",M,31.164,2,"",M,11.580,2,"",M,1029.330,2,"",M,401.840,2,"",M,NaN,,,0,NaN,,,M,396.344,2,"",394.825,2,"",NaN,,,NaN,,
2024-11-13T03:51:51.000Z,4.289,2,"",M,59.952,2,"",M,6.000,2,"",N,11.194,2,"",M,31.160,2,"",M,11.580,2,"",M,1029.090,2,"",M,401.951,2,"",M,NaN,,,0,NaN,,,M,396.392,2,"",394.872,2,"",NaN,,,NaN,,
2024-11-13T03:53:43.000Z,4.290,2,"",M,59.952,2,"",M,6.000,2,"",N,11.183,2,"",M,31.156,2,"",M,11.580,2,"",M,1028.980,2,"",M,402.092,2,"",M,NaN,,,0,NaN,,,M,396.301,2,"",394.783,2,"",NaN,,,NaN,,
2024-11-13T03:55:36.000Z,4.291,2,"",M,59.952,2,"",M,6.000,2,"",N,11.187,2,"",M,31.151,2,"",M,11.570,2,"",M,1028.940,2,"",M,402.114,2,"",M,NaN,,,0,NaN,,,M,396.556,2,"",395.036,2,"",NaN,,,NaN,,
2024-11-13T03:57:28.000Z,4.292,2,"",M,59.953,2,"",M,6.000,2,"",N,11.181,2,"",M,31.144,2,"",M,11.570,2,"",M,1028.940,2,"",M,402.465,2,"",M,NaN,,,0,NaN,,,M,396.791,2,"",395.270,2,"",NaN,,,NaN,,
2024-11-13T03:59:20.000Z,4.293,2,"",M,59.953,2,"",M,6.000,2,"",N,11.180,2,"",M,31.146,2,"",M,11.560,2,"",M,1029.140,2,"",M,401.996,2,"",M,NaN,,,0,NaN,,,M,396.573,2,"",395.053,2,"",NaN,,,NaN,,
2024-11-13T04:01:12.000Z,4.293,2,"",M,59.954,2,"",M,6.000,2,"",N,11.187,2,"",M,31.146,2,"",M,11.570,2,"",M,1029.120,2,"",M,402.137,2,"",M,NaN,,,0,NaN,,,M,396.645,2,"",395.124,2,"",NaN,,,NaN,,
2024-11-13T04:03:04.000Z,4.293,2,"",M,59.954,2,"",M,6.000,2,"",N,11.199,2,"",M,31.150,2,"",M,11.580,2,"",M,1029.080,2,"",M,402.519,2,"",M,NaN,,,0,NaN,,,M,397.039,2,"",395.517,2,"",NaN,,,NaN,,
2024-11-13T04:04:57.000Z,4.292,2,"",M,59.954,2,"",M,6.000,2,"",N,11.206,2,"",M,31.156,2,"",M,11.580,2,"",M,1028.950,2,"",M,402.650,2,"",M,NaN,,,0,NaN,,,M,397.226,2,"",395.703,2,"",NaN,,,NaN,,
2024-11-13T04:06:49.000Z,4.291,2,"",M,59.954,2,"",M,6.000,2,"",N,11.244,2,"",M,31.174,2,"",M,11.590,2,"",M,1028.990,2,"",M,402.411,2,"",M,NaN,,,0,NaN,,,M,397.478,2,"",395.955,2,"",NaN,,,NaN,,
2024-11-13T04:08:42.000Z,4.289,2,"",M,59.953,2,"",M,6.000,2,"",N,11.251,2,"",M,31.248,2,"",M,11.620,2,"",M,1028.990,2,"",M,402.522,2,"",M,NaN,,,0,NaN,,,M,397.195,2,"",395.674,2,"",NaN,,,NaN,,
2024-11-13T04:10:33.000Z,4.288,2,"",M,59.953,2,"",M,6.000,2,"",N,11.246,2,"",M,31.202,2,"",M,11.640,2,"",M,1028.640,2,"",M,402.463,2,"",M,NaN,,,0,NaN,,,M,396.565,2,"",395.047,2,"",NaN,,,NaN,,
2024-11-13T04:12:26.000Z,4.286,2,"",M,59.953,2,"",M,6.000,2,"",N,11.223,2,"",M,31.205,2,"",M,11.630,2,"",M,1028.590,2,"",M,402.374,2,"",M,NaN,,,0,NaN,,,M,396.245,2,"",394.728,2,"",NaN,,,NaN,,
2024-11-13T04:14:18.000Z,4.285,2,"",M,59.952,2,"",M,6.000,2,"",N,11.216,2,"",M,31.194,2,"",M,11.620,2,"",M,1028.390,2,"",M,402.245,2,"",M,NaN,,,0,NaN,,,M,396.088,2,"",394.572,2,"",NaN,,,NaN,,
2024-11-13T04:16:10.000Z,4.284,2,"",M,59.952,2,"",M,6.000,2,"",N,11.202,2,"",M,31.188,2,"",M,11.600,2,"",M,1028.900,2,"",M,402.497,2,"",M,NaN,,,0,NaN,,,M,396.656,2,"",395.136,2,"",NaN,,,NaN,,
2024-11-13T04:18:02.000Z,4.284,2,"",M,59.952,2,"",M,6.000,2,"",N,11.201,2,"",M,31.182,2,"",M,11.590,2,"",M,1028.810,2,"",M,402.057,2,"",M,NaN,,,0,NaN,,,M,396.332,2,"",394.814,2,"",NaN,,,NaN,,
2024-11-13T04:19:54.000Z,4.284,2,"",M,59.952,2,"",M,6.000,2,"",N,11.207,2,"",M,31.188,2,"",M,11.580,2,"",M,1028.810,2,"",M,402.028,2,"",M,NaN,,,0,NaN,,,M,396.575,2,"",395.056,2,"",NaN,,,NaN,,
2024-11-13T04:21:47.000Z,4.282,2,"",M,59.951,2,"",M,6.000,2,"",N,11.209,2,"",M,31.189,2,"",M,11.590,2,"",M,1028.430,2,"",M,401.909,2,"",M,NaN,,,0,NaN,,,M,396.178,2,"",394.661,2,"",NaN,,,NaN,,
2024-11-13T04:23:39.000Z,4.283,2,"",M,59.948,2,"",M,6.000,2,"",N,11.208,2,"",M,31.191,2,"",M,11.600,2,"",M,1028.425,2,"",M,401.970,2,"",M,NaN,,,0,NaN,,,M,396.050,2,"",394.534,2,"",NaN,,,NaN,,
2024-11-13T04:25:31.000Z,4.283,2,"",M,59.945,2,"",M,6.000,2,"",N,11.216,2,"",M,31.204,2,"",M,11.600,2,"",M,1028.400,2,"",M,402.012,2,"",M,NaN,,,0,NaN,,,M,396.218,2,"",394.701,2,"",NaN,,,NaN,,
2024-11-13T04:27:23.000Z,4.284,2,"",M,59.942,2,"",M,6.000,2,"",N,11.251,2,"",M,31.245,2,"",M,11.600,2,"",M,1028.360,2,"",M,402.353,2,"",M,NaN,,,0,NaN,,,M,397.122,2,"",395.601,2,"",NaN,,,NaN,,
2024-11-13T04:29:16.000Z,4.285,2,"",M,59.940,2,"",M,6.000,2,"",N,11.300,2,"",M,31.304,2,"",M,11.620,2,"",M,1028.410,2,"",M,402.144,2,"",M,NaN,,,0,NaN,,,M,397.406,2,"",395.885,2,"",NaN,,,NaN,,
2024-11-13T04:31:08.000Z,4.286,2,"",M,59.938,2,"",M,6.000,2,"",N,11.309,2,"",M,31.325,2,"",M,11.680,2,"",M,1028.540,2,"",M,401.825,2,"",M,NaN,,,0,NaN,,,M,396.275,2,"",394.759,2,"",NaN,,,NaN,,
2024-11-13T04:33:00.000Z,4.287,2,"",M,59.936,2,"",M,6.000,2,"",N,11.317,2,"",I,31.335,2,"",I,11.690,2,"",M,1028.690,2,"",M,401.565,2,"",M,NaN,,,0,NaN,,,M,396.034,2,"",394.519,2,"",NaN,,,NaN,,
2024-11-13T04:34:52.000Z,4.287,2,"",M,59.934,2,"",M,6.000,2,"",N,11.324,2,"",M,31.345,2,"",M,11.700,2,"",M,1028.520,2,"",M,401.617,2,"",M,NaN,,,0,NaN,,,M,395.974,2,"",394.460,2,"",NaN,,,NaN,,
2024-11-13T04:36:45.000Z,4.288,2,"",M,59.931,2,"",M,6.000,2,"",N,11.328,2,"",M,31.352,2,"",M,11.700,2,"",M,1028.480,2,"",M,401.788,2,"",M,NaN,,,0,NaN,,,M,396.188,2,"",394.673,2,"",NaN,,,NaN,,
2024-11-13T04:38:58.000Z,4.289,2,"",M,59.929,2,"",M,6.000,2,"",N,11.333,2,"",M,31.358,2,"",M,11.710,2,"",M,1028.510,2,"",M,401.619,2,"",M,NaN,,,0,NaN,,,M,395.944,2,"",394.430,2,"",NaN,,,NaN,,
2024-11-13T04:40:50.000Z,4.290,2,"",M,59.927,2,"",M,6.000,2,"",N,11.334,2,"",M,31.365,2,"",M,11.710,2,"",M,1028.390,2,"",M,401.510,2,"",M,NaN,,,0,NaN,,,M,395.808,2,"",394.295,2,"",NaN,,,NaN,,
2024-11-13T04:42:42.000Z,4.291,2,"",M,59.925,2,"",M,6.000,2,"",N,11.328,2,"",M,31.370,2,"",M,11.720,2,"",M,1028.440,2,"",M,401.872,2,"",M,NaN,,,0,NaN,,,M,395.911,2,"",394.397,2,"",NaN,,,NaN,,
2024-11-13T04:44:35.000Z,4.291,2,"",M,59.924,2,"",M,6.000,2,"",N,11.326,2,"",M,31.370,2,"",M,11.720,2,"",M,1028.350,2,"",M,401.953,2,"",M,NaN,,,0,NaN,,,M,395.919,2,"",394.405,2,"",NaN,,,NaN,,
2024-11-13T04:46:27.000Z,4.292,2,"",M,59.923,2,"",M,6.000,2,"",N,11.321,2,"",M,31.369,2,"",M,11.710,2,"",M,1028.490,2,"",M,402.435,2,"",M,NaN,,,0,NaN,,,M,396.542,2,"",395.026,2,"",NaN,,,NaN,,
2024-11-13T04:48:19.000Z,4.293,2,"",M,59.922,2,"",M,6.000,2,"",N,11.323,2,"",M,31.375,2,"",M,11.700,2,"",M,1028.310,2,"",M,402.286,2,"",M,NaN,,,0,NaN,,,M,396.523,2,"",395.007,2,"",NaN,,,NaN,,
2024-11-13T04:50:11.000Z,4.293,2,"",M,59.920,2,"",M,6.000,2,"",N,11.322,2,"",M,31.378,2,"",M,11.700,2,"",M,1028.260,2,"",M,402.367,2,"",M,NaN,,,0,NaN,,,M,396.567,2,"",395.050,2,"",NaN,,,NaN,,
2024-11-13T04:52:04.000Z,4.294,2,"",M,59.919,2,"",M,6.000,2,"",N,11.320,2,"",M,31.383,2,"",M,11.700,2,"",M,1028.400,2,"",M,402.318,2,"",M,NaN,,,0,NaN,,,M,396.546,2,"",395.029,2,"",NaN,,,NaN,,
2024-11-13T04:53:56.000Z,4.294,2,"",M,59.917,2,"",M,6.000,2,"",N,11.325,2,"",M,31.390,2,"",M,11.710,2,"",M,1028.080,2,"",M,402.139,2,"",M,NaN,,,0,NaN,,,M,396.154,2,"",394.640,2,"",NaN,,,NaN,,
2024-11-13T04:55:48.000Z,4.295,2,"",M,59.916,2,"",M,6.000,2,"",N,11.328,2,"",M,31.395,2,"",M,11.720,2,"",M,1028.140,2,"",M,402.250,2,"",M,NaN,,,0,NaN,,,M,396.163,2,"",394.649,2,"",NaN,,,NaN,,
2024-11-13T04:57:40.000Z,4.295,2,"",M,59.914,2,"",M,6.000,2,"",N,11.336,2,"",M,31.402,2,"",M,11.710,2,"",M,1028.170,2,"",M,402.502,2,"",M,NaN,,,0,NaN,,,M,396.729,2,"",395.213,2,"",NaN,,,NaN,,
2024-11-13T04:59:33.000Z,4.296,2,"",M,59.913,2,"",M,6.000,2,"",N,11.348,2,"",M,31.409,2,"",M,11.720,2,"",M,1028.230,2,"",M,402.343,2,"",M,NaN,,,0,NaN,,,M,396.629,2,"",395.113,2,"",NaN,,,NaN,,
2024-11-13T05:01:25.000Z,4.296,2,"",M,59.911,2,"",M,6.000,2,"",N,11.355,2,"",M,31.413,2,"",M,11.730,2,"",M,1028.310,2,"",M,401.893,2,"",M,NaN,,,0,NaN,,,M,396.166,2,"",394.652,2,"",NaN,,,NaN,,
2024-11-13T05:03:17.000Z,4.297,2,"",M,59.910,2,"",M,6.000,2,"",N,11.363,2,"",M,31.423,2,"",M,11.730,2,"",M,1028.130,2,"",M,402.065,2,"",M,NaN,,,0,NaN,,,M,396.392,2,"",394.877,2,"",NaN,,,NaN,,
2024-11-13T05:05:09.000Z,4.298,2,"",M,59.908,2,"",M,6.000,2,"",N,11.371,2,"",M,31.430,2,"",M,11.750,2,"",M,1028.040,2,"",M,401.775,2,"",M,NaN,,,0,NaN,,,M,395.871,2,"",394.358,2,"",NaN,,,NaN,,
2024-11-13T05:07:01.000Z,4.298,2,"",M,59.907,2,"",M,6.000,2,"",N,11.378,2,"",M,31.433,2,"",M,11.750,2,"",M,1028.450,2,"",M,401.816,2,"",M,NaN,,,0,NaN,,,M,396.190,2,"",394.676,2,"",NaN,,,NaN,,
2024-11-13T05:08:54.000Z,4.299,2,"",M,59.905,2,"",M,6.000,2,"",N,11.376,2,"",M,31.434,2,"",M,11.760,2,"",M,1028.540,2,"",M,401.587,2,"",M,NaN,,,0,NaN,,,M,395.795,2,"",394.282,2,"",NaN,,,NaN,,
2024-11-13T05:10:46.000Z,4.299,2,"",M,59.904,2,"",M,6.000,2,"",N,11.373,2,"",M,31.427,2,"",M,11.760,2,"",M,1028.260,2,"",M,401.408,2,"",M,NaN,,,0,NaN,,,M,395.450,2,"",393.939,2,"",NaN,,,NaN,,
2024-11-13T05:12:38.000Z,4.300,2,"",M,59.902,2,"",M,6.000,2,"",N,11.370,2,"",M,31.419,2,"",M,11.750,2,"",M,1028.430,2,"",M,401.359,2,"",M,NaN,,,0,NaN,,,M,395.596,2,"",394.084,2,"",NaN,,,NaN,,
2024-11-13T05:14:30.000Z,4.300,2,"",M,59.901,2,"",M,6.000,2,"",N,11.360,2,"",M,31.404,2,"",M,11.750,2,"",M,1028.110,2,"",M,401.029,2,"",M,NaN,,,0,NaN,,,M,394.983,2,"",393.474,2,"",NaN,,,NaN,,
2024-11-13T05:16:23.000Z,4.301,2,"",M,59.899,2,"",M,6.000,2,"",N,11.357,2,"",M,31.390,2,"",M,11.750,2,"",M,1028.030,2,"",M,401.071,2,"",M,NaN,,,0,NaN,,,M,394.942,2,"",393.433,2,"",NaN,,,NaN,,
2024-11-13T05:18:15.000Z,4.301,2,"",M,59.898,2,"",M,6.000,2,"",N,11.352,2,"",M,31.381,2,"",M,11.740,2,"",M,1028.310,2,"",M,400.921,2,"",M,NaN,,,0,NaN,,,M,394.989,2,"",393.480,2,"",NaN,,,NaN,,
2024-11-13T05:22:44.000Z,4.303,2,"",M,59.895,2,"",M,6.000,2,"",N,NaN,,,M,NaN,,,M,NaN,,,M,NaN,,,M,NaN,,,0,NaN,,,0,NaN,,,M,NaN,,,NaN,,,NaN,,,NaN,,
2024-11-13T05:24:34.000Z,4.304,2,"",M,59.895,2,"",M,6.000,2,"",N,NaN,,,M,NaN,,,M,NaN,,,M,NaN,,,M,NaN,,,0,NaN,,,0,NaN,,,M,NaN,,,NaN,,,NaN,,,NaN,,
2024-11-13T05:26:24.000Z,4.305,2,"",M,59.894,2,"",M,6.000,2,"",N,NaN,,,M,NaN,,,M,NaN,,,M,NaN,,,M,NaN,,,0,NaN,,,0,NaN,,,M,NaN,,,NaN,,,NaN,,,NaN,,
2024-11-13T05:30:54.000Z,4.307,2,"",M,59.892,2,"",M,6.000,2,"",N,NaN,,,M,NaN,,,M,NaN,,,M,NaN,,,M,NaN,,,0,NaN,,,0,NaN,,,M,NaN,,,NaN,,,NaN,,,NaN,,
2024-11-13T05:32:44.000Z,4.308,2,"",M,59.891,2,"",M,6.000,2,"",N,NaN,,,M,NaN,,,M,NaN,,,M,NaN,,,M,NaN,,,0,NaN,,,0,NaN,,,M,NaN,,,NaN,,,NaN,,,NaN,,
2024-11-13T05:34:33.000Z,4.310,2,"",M,59.890,2,"",M,6.000,2,"",N,NaN,,,M,NaN,,,M,NaN,,,M,NaN,,,M,NaN,,,0,NaN,,,0,NaN,,,M,NaN,,,NaN,,,NaN,,,NaN,,
2024-11-13T05:39:03.000Z,4.313,2,"",M,59.888,2,"",M,6.000,2,"",N,NaN,,,M,NaN,,,M,NaN,,,M,NaN,,,M,NaN,,,0,NaN,,,0,NaN,,,M,NaN,,,NaN,,,NaN,,,NaN,,
2024-11-13T05:41:13.000Z,4.312,2,"",M,59.887,2,"",M,6.000,2,"",N,NaN,,,M,NaN,,,M,NaN,,,M,NaN,,,M,NaN,,,0,NaN,,,0,NaN,,,M,NaN,,,NaN,,,NaN,,,NaN,,
2024-11-13T05:43:04.000Z,4.310,2,"",M,59.888,2,"",M,6.000,2,"",N,NaN,,,M,NaN,,,M,NaN,,,M,NaN,,,M,NaN,,,0,NaN,,,0,NaN,,,M,NaN,,,NaN,,,NaN,,,NaN,,
2024-11-13T05:47:33.000Z,4.295,2,"",M,59.894,2,"",M,6.000,2,"",N,11.331,2,"",M,31.343,2,"",M,NaN,,,M,NaN,,,M,NaN,,,0,426.035,2,"",M,1026.800,2,"",M,NaN,,,NaN,,,427.228,2,"",425.585,2,""
2024-11-13T05:49:23.000Z,4.287,2,"",M,59.897,2,"",M,6.000,2,"",N,11.319,2,"",M,31.331,2,"",M,NaN,,,M,NaN,,,M,NaN,,,0,425.563,2,"",M,1026.800,2,"",M,NaN,,,NaN,,,426.759,2,"",425.117,2,""
2024-11-13T05:51:13.000Z,4.280,2,"",M,59.900,2,"",M,6.000,2,"",N,11.317,2,"",M,31.325,2,"",M,NaN,,,M,NaN,,,M,NaN,,,0,425.942,2,"",M,1026.800,2,"",M,NaN,,,NaN,,,427.140,2,"",425.497,2,""
2024-11-13T05:53:02.000Z,4.273,2,"",M,59.903,2,"",M,6.000,2,"",N,11.312,2,"",M,31.336,2,"",M,NaN,,,M,NaN,,,M,NaN,,,0,425.970,2,"",M,1026.800,2,"",M,NaN,,,NaN,,,427.170,2,"",425.527,2,""
2024-11-13T05:54:52.000Z,4.266,2,"",M,59.906,2,"",M,6.000,2,"",N,11.320,2,"",M,31.350,2,"",M,NaN,,,M,NaN,,,M,NaN,,,0,425.958,2,"",M,1026.800,2,"",M,NaN,,,NaN,,,427.155,2,"",425.512,2,""
2024-11-13T06:00:02.000Z,4.246,2,"",M,59.914,2,"",M,6.000,2,"",N,11.352,2,"",M,31.382,2,"",M,11.720,2,"",M,1027.540,2,"",M,400.627,2,"",M,NaN,,,0,NaN,,,M,394.743,2,"",393.235,2,"",NaN,,,NaN,,
2024-11-13T06:01:55.000Z,4.239,2,"",M,59.916,2,"",M,6.000,2,"",N,11.362,2,"",M,31.391,2,"",M,11.730,2,"",M,1027.760,2,"",M,400.866,2,"",M,NaN,,,0,NaN,,,M,395.060,2,"",393.551,2,"",NaN,,,NaN,,
2024-11-13T06:03:47.000Z,4.233,2,"",M,59.919,2,"",M,6.000,2,"",N,11.351,2,"",M,31.388,2,"",M,11.740,2,"",M,1027.520,2,"",M,401.125,2,"",M,NaN,,,0,NaN,,,M,394.871,2,"",393.363,2,"",NaN,,,NaN,,
2024-11-13T06:05:39.000Z,4.228,2,"",M,59.921,2,"",M,6.000,2,"",N,11.348,2,"",M,31.390,2,"",M,11.730,2,"",M,1027.590,2,"",M,400.752,2,"",M,NaN,,,0,NaN,,,M,394.648,2,"",393.140,2,"",NaN,,,NaN,,
2024-11-13T06:07:31.000Z,4.222,2,"",M,59.924,2,"",M,6.000,2,"",N,11.340,2,"",M,31.390,2,"",M,11.740,2,"",M,1027.410,2,"",M,400.891,2,"",M,NaN,,,0,NaN,,,M,394.413,2,"",392.907,2,"",NaN,,,NaN,,
2024-11-13T06:09:24.000Z,4.217,2,"",M,59.926,2,"",M,6.000,2,"",N,11.341,2,"",M,31.392,2,"",M,11.730,2,"",M,1027.560,2,"",M,401.010,2,"",M,NaN,,,0,NaN,,,M,394.761,2,"",393.253,2,"",NaN,,,NaN,,
2024-11-13T06:11:16.000Z,4.211,2,"",M,59.928,2,"",M,6.000,2,"",N,11.338,2,"",M,31.392,2,"",M,11.730,2,"",M,1027.670,2,"",M,400.838,2,"",M,NaN,,,0,NaN,,,M,394.596,2,"",393.088,2,"",NaN,,,NaN,,
2024-11-13T06:13:07.000Z,4.206,2,"",M,59.931,2,"",M,6.000,2,"",N,11.341,2,"",M,31.395,2,"",M,11.720,2,"",M,1028.010,2,"",M,400.876,2,"",M,NaN,,,0,NaN,,,M,394.976,2,"",393.466,2,"",NaN,,,NaN,,
2024-11-13T06:15:00.000Z,4.201,2,"",M,59.933,2,"",M,6.000,2,"",N,11.345,2,"",M,31.399,2,"",M,11.720,2,"",M,1027.920,2,"",M,400.985,2,"",M,NaN,,,0,NaN,,,M,395.115,2,"",393.605,2,"",NaN,,,NaN,,
2024-11-13T06:16:52.000Z,4.195,2,"",M,59.935,2,"",M,6.000,2,"",N,11.351,2,"",M,31.405,2,"",M,11.720,2,"",M,1027.950,2,"",M,400.793,2,"",M,NaN,,,0,NaN,,,M,395.049,2,"",393.539,2,"",NaN,,,NaN,,
2024-11-13T06:18:45.000Z,4.191,2,"",M,59.937,2,"",M,6.000,2,"",N,11.360,2,"",M,31.409,2,"",M,11.730,2,"",M,1028.020,2,"",M,400.621,2,"",M,NaN,,,0,NaN,,,M,394.882,2,"",393.373,2,"",NaN,,,NaN,,
2024-11-13T06:20:36.000Z,4.187,2,"",M,59.939,2,"",M,6.000,2,"",N,11.368,2,"",M,31.424,2,"",M,11.740,2,"",M,1027.979,2,"",M,400.950,2,"",M,NaN,,,0,NaN,,,M,395.152,2,"",393.642,2,"",NaN,,,NaN,,
2024-11-13T06:22:29.000Z,4.186,2,"",M,59.940,2,"",M,6.000,2,"",N,11.375,2,"",M,31.436,2,"",M,11.750,2,"",M,1028.160,2,"",M,401.169,2,"",M,NaN,,,0,NaN,,,M,395.380,2,"",393.870,2,"",NaN,,,NaN,,
2024-11-13T06:24:21.000Z,4.186,2,"",M,59.940,2,"",M,6.000,2,"",N,11.381,2,"",M,31.444,2,"",M,11.750,2,"",M,1027.910,2,"",M,401.328,2,"",M,NaN,,,0,NaN,,,M,395.539,2,"",394.028,2,"",NaN,,,NaN,,
2024-11-13T06:26:13.000Z,4.186,2,"",M,59.940,2,"",M,6.000,2,"",N,11.382,2,"",M,31.448,2,"",M,11.760,2,"",M,1027.810,2,"",M,401.517,2,"",M,NaN,,,0,NaN,,,M,395.543,2,"",394.032,2,"",NaN,,,NaN,,
2024-11-13T06:28:05.000Z,4.187,2,"",M,59.940,2,"",M,6.000,2,"",N,11.383,2,"",M,31.450,2,"",M,11.760,2,"",M,1027.750,2,"",M,401.475,2,"",M,NaN,,,0,NaN,,,M,395.495,2,"",393.985,2,"",NaN,,,NaN,,
2024-11-13T06:29:57.000Z,4.189,2,"",M,59.940,2,"",M,6.000,2,"",N,11.384,2,"",M,31.452,2,"",M,11.770,2,"",M,1027.880,2,"",M,401.824,2,"",M,NaN,,,0,NaN,,,M,395.729,2,"",394.218,2,"",NaN,,,NaN,,
2024-11-13T06:31:50.000Z,4.190,2,"",M,59.940,2,"",M,6.000,2,"",N,11.385,2,"",M,31.451,2,"",M,11.770,2,"",M,1027.720,2,"",M,401.913,2,"",M,NaN,,,0,NaN,,,M,395.771,2,"",394.259,2,"",NaN,,,NaN,,
2024-11-13T06:33:42.000Z,4.191,2,"",M,59.940,2,"",M,6.000,2,"",N,11.398,2,"",M,31.460,2,"",M,11.770,2,"",M,1027.740,2,"",M,401.961,2,"",M,NaN,,,0,NaN,,,M,396.042,2,"",394.530,2,"",NaN,,,NaN,,
2024-11-13T06:35:34.000Z,4.192,2,"",M,59.940,2,"",M,6.000,2,"",N,11.386,2,"",M,31.453,2,"",M,11.770,2,"",M,1027.750,2,"",M,402.110,2,"",M,NaN,,,0,NaN,,,M,396.003,2,"",394.491,2,"",NaN,,,NaN,,
2024-11-13T06:37:26.000Z,4.194,2,"",M,59.940,2,"",M,6.000,2,"",N,11.381,2,"",M,31.446,2,"",M,11.770,2,"",M,1027.720,2,"",M,401.948,2,"",M,NaN,,,0,NaN,,,M,395.739,2,"",394.227,2,"",NaN,,,NaN,,
2024-11-13T06:39:40.000Z,4.195,2,"",M,59.940,2,"",M,6.000,2,"",N,11.378,2,"",M,31.444,2,"",M,11.760,2,"",M,1027.830,2,"",M,401.756,2,"",M,NaN,,,0,NaN,,,M,395.713,2,"",394.202,2,"",NaN,,,NaN,,
2024-11-13T06:41:32.000Z,4.196,2,"",M,59.939,2,"",M,6.000,2,"",N,11.381,2,"",M,31.444,2,"",M,11.770,2,"",M,1027.740,2,"",M,401.964,2,"",M,NaN,,,0,NaN,,,M,395.759,2,"",394.248,2,"",NaN,,,NaN,,
2024-11-13T06:43:24.000Z,4.197,2,"",M,59.939,2,"",M,6.000,2,"",N,11.380,2,"",M,31.443,2,"",M,11.760,2,"",M,1027.820,2,"",M,401.973,2,"",M,NaN,,,0,NaN,,,M,395.956,2,"",394.444,2,"",NaN,,,NaN,,
2024-11-13T06:45:16.000Z,4.199,2,"",M,59.939,2,"",M,6.000,2,"",N,11.379,2,"",M,31.442,2,"",M,11.760,2,"",M,1027.880,2,"",M,401.791,2,"",M,NaN,,,0,NaN,,,M,395.793,2,"",394.281,2,"",NaN,,,NaN,,
2024-11-13T06:47:08.000Z,4.200,2,"",M,59.939,2,"",M,6.000,2,"",N,11.379,2,"",M,31.440,2,"",M,11.760,2,"",M,1027.970,2,"",M,401.810,2,"",M,NaN,,,0,NaN,,,M,395.847,2,"",394.335,2,"",NaN,,,NaN,,
2024-11-13T06:49:01.000Z,4.201,2,"",M,59.938,2,"",M,6.000,2,"",N,11.380,2,"",M,31.439,2,"",M,11.760,2,"",M,1027.880,2,"",M,401.578,2,"",M,NaN,,,0,NaN,,,M,395.588,2,"",394.077,2,"",NaN,,,NaN,,
2024-11-13T06:50:53.000Z,4.202,2,"",M,59.938,2,"",M,6.000,2,"",N,11.380,2,"",M,31.442,2,"",M,11.770,2,"",M,1027.950,2,"",M,401.626,2,"",M,NaN,,,0,NaN,,,M,395.505,2,"",393.995,2,"",NaN,,,NaN,,
2024-11-13T06:52:45.000Z,4.203,2,"",M,59.938,2,"",M,6.000,2,"",N,11.378,2,"",M,31.439,2,"",M,11.760,2,"",M,1028.050,2,"",M,401.564,2,"",M,NaN,,,0,NaN,,,M,395.620,2,"",394.109,2,"",NaN,,,NaN,,
2024-11-13T06:54:37.000Z,4.204,2,"",M,59.937,2,"",M,6.000,2,"",N,11.377,2,"",M,31.439,2,"",M,11.760,2,"",M,1027.820,2,"",M,401.653,2,"",M,NaN,,,0,NaN,,,M,395.594,2,"",394.083,2,"",NaN,,,NaN,,
2024-11-13T06:56:29.000Z,4.205,2,"",M,59.937,2,"",M,6.000,2,"",N,11.375,2,"",M,31.436,2,"",M,11.760,2,"",M,1027.990,2,"",M,401.842,2,"",M,NaN,,,0,NaN,,,M,395.817,2,"",394.305,2,"",NaN,,,NaN,,
2024-11-13T06:58:21.000Z,4.207,2,"",M,59.937,2,"",M,6.000,2,"",N,11.376,2,"",M,31.436,2,"",M,11.750,2,"",M,1027.870,2,"",M,401.820,2,"",M,NaN,,,0,NaN,,,M,395.931,2,"",394.419,2,"",NaN,,,NaN,,
2024-11-13T07:00:14.000Z,4.208,2,"",M,59.936,2,"",M,6.000,2,"",N,11.376,2,"",M,31.434,2,"",M,11.760,2,"",M,1027.840,2,"",M,401.799,2,"",M,NaN,,,0,NaN,,,M,395.726,2,"",394.215,2,"",NaN,,,NaN,,
2024-11-13T07:02:06.000Z,4.209,2,"",M,59.936,2,"",M,6.000,2,"",N,11.379,2,"",M,31.435,2,"",M,11.760,2,"",M,1027.880,2,"",M,401.537,2,"",M,NaN,,,0,NaN,,,M,395.541,2,"",394.030,2,"",NaN,,,NaN,,
2024-11-13T07:03:58.000Z,4.210,2,"",M,59.936,2,"",M,6.000,2,"",N,11.377,2,"",M,31.434,2,"",M,11.760,2,"",M,1027.900,2,"",M,401.655,2,"",M,NaN,,,0,NaN,,,M,395.633,2,"",394.122,2,"",NaN,,,NaN,,
2024-11-13T07:05:50.000Z,4.211,2,"",M,59.935,2,"",M,6.000,2,"",N,11.375,2,"",M,31.432,2,"",M,11.760,2,"",M,1027.810,2,"",M,401.694,2,"",M,NaN,,,0,NaN,,,M,395.589,2,"",394.078,2,"",NaN,,,NaN,,
2024-11-13T07:07:42.000Z,4.212,2,"",M,59.935,2,"",M,6.000,2,"",N,11.379,2,"",M,31.435,2,"",M,11.760,2,"",M,1027.770,2,"",M,401.572,2,"",M,NaN,,,0,NaN,,,M,395.526,2,"",394.015,2,"",NaN,,,NaN,,
2024-11-13T07:09:35.000Z,4.213,2,"",M,59.935,2,"",M,6.000,2,"",N,11.378,2,"",M,31.435,2,"",M,11.760,2,"",M,1027.800,2,"",M,401.650,2,"",M,NaN,,,0,NaN,,,M,395.607,2,"",394.096,2,"",NaN,,,NaN,,
2024-11-13T07:11:27.000Z,4.215,2,"",M,59.934,2,"",M,6.000,2,"",N,11.375,2,"",M,31.435,2,"",M,11.760,2,"",M,1027.730,2,"",M,401.889,2,"",M,NaN,,,0,NaN,,,M,395.758,2,"",394.246,2,"",NaN,,,NaN,,
2024-11-13T07:13:19.000Z,4.216,2,"",M,59.934,2,"",M,6.000,2,"",N,11.376,2,"",M,31.433,2,"",M,11.760,2,"",M,1027.890,2,"",M,402.098,2,"",M,NaN,,,0,NaN,,,M,396.043,2,"",394.530,2,"",NaN,,,NaN,,
2024-11-13T07:15:11.000Z,4.217,2,"",M,59.934,2,"",M,6.000,2,"",N,11.372,2,"",M,31.431,2,"",M,11.750,2,"",M,1028.050,2,"",M,401.666,2,"",M,NaN,,,0,NaN,,,M,395.775,2,"",394.263,2,"",NaN,,,NaN,,
2024-11-13T07:17:03.000Z,4.218,2,"",M,59.933,2,"",M,6.000,2,"",N,11.372,2,"",M,31.430,2,"",M,11.750,2,"",M,1027.980,2,"",M,401.584,2,"",M,NaN,,,0,NaN,,,M,395.669,2,"",394.158,2,"",NaN,,,NaN,,
2024-11-13T07:18:56.000Z,4.219,2,"",M,59.933,2,"",M,6.000,2,"",N,11.369,2,"",M,31.430,2,"",M,11.750,2,"",M,1027.820,2,"",M,401.522,2,"",M,NaN,,,0,NaN,,,M,395.497,2,"",393.986,2,"",NaN,,,NaN,,
2024-11-13T07:20:48.000Z,4.220,2,"",M,59.933,2,"",M,6.000,2,"",N,11.369,2,"",M,31.428,2,"",M,11.750,2,"",M,1027.820,2,"",M,401.721,2,"",M,NaN,,,0,NaN,,,M,395.694,2,"",394.182,2,"",NaN,,,NaN,,
2024-11-13T07:22:40.000Z,4.221,2,"",M,59.933,2,"",M,6.000,2,"",N,11.364,2,"",M,31.426,2,"",M,11.750,2,"",M,1027.680,2,"",M,401.900,2,"",M,NaN,,,0,NaN,,,M,395.739,2,"",394.228,2,"",NaN,,,NaN,,
2024-11-13T07:24:32.000Z,4.221,2,"",M,59.932,2,"",M,6.000,2,"",N,11.367,2,"",M,31.429,2,"",M,11.740,2,"",M,1027.830,2,"",M,401.538,2,"",M,NaN,,,0,NaN,,,M,395.664,2,"",394.153,2,"",NaN,,,NaN,,
2024-11-13T07:26:25.000Z,4.222,2,"",M,59.932,2,"",M,6.000,2,"",N,11.366,2,"",M,31.427,2,"",M,11.740,2,"",M,1027.780,2,"",M,401.696,2,"",M,NaN,,,0,NaN,,,M,395.777,2,"",394.265,2,"",NaN,,,NaN,,
2024-11-13T07:28:17.000Z,4.223,2,"",M,59.932,2,"",M,6.000,2,"",N,11.365,2,"",M,31.426,2,"",M,11.750,2,"",M,1027.875,2,"",M,401.484,2,"",M,NaN,,,0,NaN,,,M,395.422,2,"",393.912,2,"",NaN,,,NaN,,
2024-11-13T07:30:09.000Z,4.224,2,"",M,59.931,2,"",M,6.000,2,"",N,11.361,2,"",M,31.423,2,"",M,11.750,2,"",M,1027.990,2,"",M,401.463,2,"",M,NaN,,,0,NaN,,,M,395.377,2,"",393.866,2,"",NaN,,,NaN,,
2024-11-13T07:32:01.000Z,4.226,2,"",M,59.931,2,"",M,6.000,2,"",N,11.366,2,"",M,31.424,2,"",M,11.740,2,"",M,1027.820,2,"",M,401.321,2,"",M,NaN,,,0,NaN,,,M,395.426,2,"",393.916,2,"",NaN,,,NaN,,
2024-11-13T07:33:53.000Z,4.226,2,"",M,59.932,2,"",M,6.000,2,"",N,11.368,2,"",M,31.430,2,"",M,11.740,2,"",M,1027.780,2,"",M,401.420,2,"",M,NaN,,,0,NaN,,,M,395.543,2,"",394.032,2,"",NaN,,,NaN,,
2024-11-13T07:35:46.000Z,4.224,2,"",M,59.932,2,"",M,6.000,2,"",N,11.369,2,"",M,31.431,2,"",M,11.750,2,"",M,1027.770,2,"",M,401.679,2,"",M,NaN,,,0,NaN,,,M,395.641,2,"",394.130,2,"",NaN,,,NaN,,
2024-11-13T07:37:38.000Z,4.221,2,"",M,59.932,2,"",M,6.000,2,"",N,11.377,2,"",M,31.432,2,"",M,11.740,2,"",M,1027.750,2,"",M,401.427,2,"",M,NaN,,,0,NaN,,,M,395.677,2,"",394.166,2,"",NaN,,,NaN,,
2024-11-13T07:39:51.000Z,4.218,2,"",M,59.932,2,"",M,6.000,2,"",N,11.376,2,"",M,31.435,2,"",M,11.770,2,"",M,1028.050,2,"",M,401.685,2,"",M,NaN,,,0,NaN,,,M,395.525,2,"",394.015,2,"",NaN,,,NaN,,
2024-11-13T07:41:44.000Z,4.215,2,"",M,59.933,2,"",M,6.000,2,"",N,11.370,2,"",M,31.430,2,"",M,11.760,2,"",M,1028.010,2,"",M,402.014,2,"",M,NaN,,,0,NaN,,,M,395.908,2,"",394.396,2,"",NaN,,,NaN,,
2024-11-13T07:43:36.000Z,4.213,2,"",M,59.933,2,"",M,6.000,2,"",N,11.371,2,"",M,31.428,2,"",M,11.750,2,"",M,1028.070,2,"",M,401.712,2,"",M,NaN,,,0,NaN,,,M,395.815,2,"",394.303,2,"",NaN,,,NaN,,
2024-11-13T07:45:28.000Z,4.210,2,"",M,59.934,2,"",M,6.000,2,"",N,11.374,2,"",M,31.430,2,"",M,11.750,2,"",M,1027.950,2,"",M,401.730,2,"",M,NaN,,,0,NaN,,,M,395.836,2,"",394.324,2,"",NaN,,,NaN,,
2024-11-13T07:47:20.000Z,4.208,2,"",M,59.934,2,"",M,6.000,2,"",N,11.373,2,"",M,31.432,2,"",M,11.750,2,"",M,1027.970,2,"",M,401.669,2,"",M,NaN,,,0,NaN,,,M,395.767,2,"",394.255,2,"",NaN,,,NaN,,
2024-11-13T07:49:13.000Z,4.205,2,"",M,59.934,2,"",M,6.000,2,"",N,11.368,2,"",M,31.429,2,"",M,11.760,2,"",M,1027.840,2,"",M,401.607,2,"",M,NaN,,,0,NaN,,,M,395.405,2,"",393.895,2,"",NaN,,,NaN,,
2024-11-13T07:51:05.000Z,4.203,2,"",M,59.934,2,"",M,6.000,2,"",N,11.364,2,"",M,31.424,2,"",M,11.760,2,"",M,1027.810,2,"",M,401.936,2,"",M,NaN,,,0,NaN,,,M,395.646,2,"",394.135,2,"",NaN,,,NaN,,
2024-11-13T07:52:57.000Z,4.201,2,"",M,59.935,2,"",M,6.000,2,"",N,11.363,2,"",M,31.423,2,"",M,11.750,2,"",M,1027.800,2,"",M,401.464,2,"",M,NaN,,,0,NaN,,,M,395.338,2,"",393.828,2,"",NaN,,,NaN,,
2024-11-13T07:54:49.000Z,4.198,2,"",M,59.935,2,"",M,6.000,2,"",N,11.363,2,"",M,31.422,2,"",M,11.740,2,"",M,1027.920,2,"",M,401.452,2,"",M,NaN,,,0,NaN,,,M,395.538,2,"",394.027,2,"",NaN,,,NaN,,
2024-11-13T07:56:41.000Z,4.196,2,"",M,59.935,2,"",M,6.000,2,"",N,11.364,2,"",M,31.422,2,"",M,11.740,2,"",M,1027.960,2,"",M,401.240,2,"",M,NaN,,,0,NaN,,,M,395.367,2,"",393.857,2,"",NaN,,,NaN,,
2024-11-13T07:58:34.000Z,4.194,2,"",M,59.935,2,"",M,6.000,2,"",N,11.360,2,"",M,31.422,2,"",M,11.740,2,"",M,1027.840,2,"",M,401.099,2,"",M,NaN,,,0,NaN,,,M,395.112,2,"",393.602,2,"",NaN,,,NaN,,
2024-11-13T08:00:26.000Z,4.192,2,"",M,59.936,2,"",M,6.000,2,"",N,11.358,2,"",M,31.421,2,"",M,11.750,2,"",M,1027.800,2,"",M,401.317,2,"",M,NaN,,,0,NaN,,,M,395.114,2,"",393.605,2,"",NaN,,,NaN,,
2024-11-13T08:02:18.000Z,4.190,2,"",M,59.936,2,"",M,6.000,2,"",N,11.360,2,"",M,31.423,2,"",M,11.740,2,"",M,1027.960,2,"",M,401.496,2,"",M,NaN,,,0,NaN,,,M,395.549,2,"",394.038,2,"",NaN,,,NaN,,
2024-11-13T08:04:10.000Z,4.189,2,"",M,59.936,2,"",M,6.000,2,"",N,11.357,2,"",M,31.422,2,"",M,11.740,2,"",M,1027.820,2,"",M,401.354,2,"",M,NaN,,,0,NaN,,,M,395.314,2,"",393.804,2,"",NaN,,,NaN,,
2024-11-13T08:06:03.000Z,4.188,2,"",M,59.935,2,"",M,6.000,2,"",N,11.357,2,"",M,31.421,2,"",M,11.740,2,"",M,1027.750,2,"",M,401.413,2,"",M,NaN,,,0,NaN,,,M,395.333,2,"",393.823,2,"",NaN,,,NaN,,
2024-11-13T08:07:55.000Z,4.187,2,"",M,59.935,2,"",M,6.000,2,"",N,11.352,2,"",M,31.421,2,"",M,11.730,2,"",M,1027.760,2,"",M,401.441,2,"",M,NaN,,,0,NaN,,,M,395.456,2,"",393.945,2,"",NaN,,,NaN,,
2024-11-13T08:09:47.000Z,4.186,2,"",M,59.935,2,"",M,6.000,2,"",N,11.351,2,"",M,31.419,2,"",M,11.740,2,"",M,1027.930,2,"",M,401.349,2,"",M,NaN,,,0,NaN,,,M,395.241,2,"",393.731,2,"",NaN,,,NaN,,
2024-11-13T08:11:39.000Z,4.184,2,"",M,59.935,2,"",M,6.000,2,"",N,11.350,2,"",M,31.417,2,"",M,11.740,2,"",M,1028.030,2,"",M,401.228,2,"",M,NaN,,,0,NaN,,,M,395.139,2,"",393.629,2,"",NaN,,,NaN,,
2024-11-13T08:13:31.000Z,4.183,2,"",M,59.935,2,"",M,6.000,2,"",N,11.350,2,"",M,31.417,2,"",M,11.730,2,"",M,1027.770,2,"",M,401.226,2,"",M,NaN,,,0,NaN,,,M,395.216,2,"",393.706,2,"",NaN,,,NaN,,
2024-11-13T08:15:24.000Z,4.183,2,"",M,59.936,2,"",M,6.000,2,"",N,11.354,2,"",M,31.420,2,"",M,11.730,2,"",M,1027.770,2,"",M,400.924,2,"",M,NaN,,,0,NaN,,,M,394.983,2,"",393.474,2,"",NaN,,,NaN,,
2024-11-13T08:17:16.000Z,4.182,2,"",M,59.937,2,"",M,6.000,2,"",N,11.358,2,"",M,31.423,2,"",M,11.730,2,"",M,1027.660,2,"",M,401.293,2,"",M,NaN,,,0,NaN,,,M,395.366,2,"",393.856,2,"",NaN,,,NaN,,
2024-11-13T08:19:08.000Z,4.181,2,"",M,59.937,2,"",M,6.000,2,"",N,11.361,2,"",M,31.428,2,"",M,11.740,2,"",M,1027.840,2,"",M,401.472,2,"",M,NaN,,,0,NaN,,,M,395.504,2,"",393.994,2,"",NaN,,,NaN,,
2024-11-13T08:21:00.000Z,4.181,2,"",M,59.938,2,"",M,6.000,2,"",N,11.374,2,"",M,31.440,2,"",M,11.750,2,"",M,1027.850,2,"",M,401.400,2,"",M,NaN,,,0,NaN,,,M,395.481,2,"",393.970,2,"",NaN,,,NaN,,
2024-11-13T08:22:53.000Z,4.180,2,"",M,59.938,2,"",M,6.000,2,"",N,11.384,2,"",M,31.450,2,"",M,11.750,2,"",M,1027.760,2,"",M,401.469,2,"",M,NaN,,,0,NaN,,,M,395.670,2,"",394.159,2,"",NaN,,,NaN,,
2024-11-13T08:24:45.000Z,4.179,2,"",M,59.939,2,"",M,6.000,2,"",N,11.376,2,"",M,31.456,2,"",M,11.760,2,"",M,1027.690,2,"",M,401.747,2,"",M,NaN,,,0,NaN,,,M,395.627,2,"",394.116,2,"",NaN,,,NaN,,
2024-11-13T08:26:38.000Z,4.178,2,"",M,59.940,2,"",M,6.000,2,"",N,11.377,2,"",M,31.460,2,"",M,11.750,2,"",M,1027.430,2,"",M,401.786,2,"",M,NaN,,,0,NaN,,,M,395.739,2,"",394.228,2,"",NaN,,,NaN,,
2024-11-13T08:28:29.000Z,4.178,2,"",M,59.940,2,"",M,6.000,2,"",N,11.381,2,"",M,31.462,2,"",M,11.760,2,"",M,1027.550,2,"",M,402.035,2,"",M,NaN,,,0,NaN,,,M,395.934,2,"",394.422,2,"",NaN,,,NaN,,
2024-11-13T08:30:21.000Z,4.177,2,"",M,59.941,2,"",M,6.000,2,"",N,11.387,2,"",M,31.468,2,"",M,11.770,2,"",M,1027.690,2,"",M,401.703,2,"",M,NaN,,,0,NaN,,,M,395.587,2,"",394.077,2,"",NaN,,,NaN,,
2024-11-13T08:32:14.000Z,4.176,2,"",M,59.941,2,"",M,6.000,2,"",N,11.395,2,"",M,31.475,2,"",M,11.770,2,"",M,1027.660,2,"",M,401.721,2,"",M,NaN,,,0,NaN,,,M,395.737,2,"",394.226,2,"",NaN,,,NaN,,
2024-11-13T08:34:06.000Z,4.175,2,"",M,59.942,2,"",M,6.000,2,"",N,11.408,2,"",M,31.483,2,"",M,11.770,2,"",M,1027.780,2,"",M,401.830,2,"",M,NaN,,,0,NaN,,,M,396.101,2,"",394.588,2,"",NaN,,,NaN,,
2024-11-13T08:35:58.000Z,4.175,2,"",M,59.942,2,"",M,6.000,2,"",N,11.420,2,"",M,31.493,2,"",M,11.780,2,"",M,1027.840,2,"",M,401.578,2,"",M,NaN,,,0,NaN,,,M,395.911,2,"",394.399,2,"",NaN,,,NaN,,
2024-11-13T08:37:50.000Z,4.175,2,"",M,59.942,2,"",M,6.000,2,"",N,11.425,2,"",M,31.499,2,"",M,11.790,2,"",M,1027.720,2,"",M,401.817,2,"",M,NaN,,,0,NaN,,,M,396.011,2,"",394.500,2,"",NaN,,,NaN,,
2024-11-13T08:40:04.000Z,4.176,2,"",M,59.942,2,"",M,6.000,2,"",N,11.426,2,"",M,31.500,2,"",M,11.810,2,"",M,1027.810,2,"",M,401.865,2,"",M,NaN,,,0,NaN,,,M,395.772,2,"",394.261,2,"",NaN,,,NaN,,
2024-11-13T08:41:56.000Z,4.178,2,"",M,59.942,2,"",M,6.000,2,"",N,11.429,2,"",M,31.501,2,"",M,11.810,2,"",M,1027.910,2,"",M,402.144,2,"",M,NaN,,,0,NaN,,,M,396.121,2,"",394.608,2,"",NaN,,,NaN,,
2024-11-13T08:43:48.000Z,4.179,2,"",M,59.941,2,"",M,6.000,2,"",N,11.424,2,"",M,31.500,2,"",M,11.810,2,"",M,1027.740,2,"",M,402.292,2,"",M,NaN,,,0,NaN,,,M,396.117,2,"",394.605,2,"",NaN,,,NaN,,
2024-11-13T08:45:40.000Z,4.180,2,"",M,59.941,2,"",M,6.000,2,"",N,11.423,2,"",M,31.498,2,"",M,11.800,2,"",M,1027.880,2,"",M,402.291,2,"",M,NaN,,,0,NaN,,,M,396.336,2,"",394.823,2,"",NaN,,,NaN,,
2024-11-13T08:47:33.000Z,4.181,2,"",M,59.941,2,"",M,6.000,2,"",N,11.423,2,"",M,31.496,2,"",M,11.800,2,"",M,1027.770,2,"",M,402.169,2,"",M,NaN,,,0,NaN,,,M,396.170,2,"",394.657,2,"",NaN,,,NaN,,
2024-11-13T08:49:25.000Z,4.182,2,"",M,59.940,2,"",M,6.000,2,"",N,11.420,2,"",M,31.494,2,"",M,11.810,2,"",M,1027.540,2,"",M,402.167,2,"",M,NaN,,,0,NaN,,,M,395.853,2,"",394.343,2,"",NaN,,,NaN,,
2024-11-13T08:51:17.000Z,4.183,2,"",M,59.940,2,"",M,6.000,2,"",N,11.418,2,"",M,31.492,2,"",M,11.810,2,"",M,1027.650,2,"",M,402.386,2,"",M,NaN,,,0,NaN,,,M,396.089,2,"",394.578,2,"",NaN,,,NaN,,
2024-11-13T08:53:09.000Z,4.184,2,"",M,59.940,2,"",M,6.000,2,"",N,11.414,2,"",M,31.492,2,"",M,11.800,2,"",M,1027.760,2,"",M,402.515,2,"",M,NaN,,,0,NaN,,,M,396.348,2,"",394.835,2,"",NaN,,,NaN,,
2024-11-13T08:55:02.000Z,4.185,2,"",M,59.939,2,"",M,6.000,2,"",N,11.413,2,"",M,31.489,2,"",M,11.790,2,"",M,1027.680,2,"",M,402.533,2,"",M,NaN,,,0,NaN,,,M,396.494,2,"",394.981,2,"",NaN,,,NaN,,
2024-11-13T08:56:54.000Z,4.185,2,"",M,59.939,2,"",M,6.000,2,"",N,11.413,2,"",M,31.489,2,"",M,11.790,2,"",M,1027.460,2,"",M,402.131,2,"",M,NaN,,,0,NaN,,,M,396.006,2,"",394.495,2,"",NaN,,,NaN,,
2024-11-13T08:58:46.000Z,4.186,2,"",M,59.938,2,"",M,6.000,2,"",N,11.402,2,"",M,31.486,2,"",M,11.790,2,"",M,1027.510,2,"",M,402.119,2,"",M,NaN,,,0,NaN,,,M,395.833,2,"",394.322,2,"",NaN,,,NaN,,
2024-11-13T09:00:38.000Z,4.187,2,"",M,59.938,2,"",M,6.000,2,"",N,11.402,2,"",M,31.485,2,"",M,11.780,2,"",M,1027.570,2,"",M,402.158,2,"",M,NaN,,,0,NaN,,,M,396.078,2,"",394.566,2,"",NaN,,,NaN,,
2024-11-13T09:02:31.000Z,4.188,2,"",M,59.938,2,"",M,6.000,2,"",N,11.406,2,"",M,31.485,2,"",M,11.790,2,"",M,1027.640,2,"",M,401.866,2,"",M,NaN,,,0,NaN,,,M,395.705,2,"",394.194,2,"",NaN,,,NaN,,
2024-11-13T09:04:23.000Z,4.189,2,"",M,59.938,2,"",M,6.000,2,"",N,11.406,2,"",M,31.486,2,"",M,11.790,2,"",M,1027.450,2,"",M,402.075,2,"",M,NaN,,,0,NaN,,,M,395.841,2,"",394.330,2,"",NaN,,,NaN,,
2024-11-13T09:06:15.000Z,4.188,2,"",M,59.938,2,"",M,6.000,2,"",N,11.408,2,"",M,31.486,2,"",M,11.790,2,"",M,1027.330,2,"",M,402.333,2,"",M,NaN,,,0,NaN,,,M,396.074,2,"",394.563,2,"",NaN,,,NaN,,
2024-11-13T09:10:45.000Z,4.182,2,"",M,59.936,2,"",M,6.000,2,"",N,NaN,,,M,NaN,,,M,NaN,,,M,NaN,,,M,NaN,,,0,NaN,,,0,NaN,,,M,NaN,,,NaN,,,NaN,,,NaN,,
2024-11-13T09:12:34.000Z,4.180,2,"",M,59.936,2,"",M,6.000,2,"",N,NaN,,,M,NaN,,,M,NaN,,,M,NaN,,,M,NaN,,,0,NaN,,,0,NaN,,,M,NaN,,,NaN,,,NaN,,,NaN,,
2024-11-13T09:14:24.000Z,4.178,2,"",M,59.938,2,"",M,6.000,2,"",N,NaN,,,M,NaN,,,M,NaN,,,M,NaN,,,M,NaN,,,0,NaN,,,0,NaN,,,M,NaN,,,NaN,,,NaN,,,NaN,,
2024-11-13T09:18:54.000Z,4.175,2,"",M,59.941,2,"",M,6.000,2,"",N,NaN,,,M,NaN,,,M,NaN,,,M,NaN,,,M,NaN,,,0,NaN,,,0,NaN,,,M,NaN,,,NaN,,,NaN,,,NaN,,
2024-11-13T09:20:44.000Z,4.174,2,"",M,59.942,2,"",M,6.000,2,"",N,NaN,,,M,NaN,,,M,NaN,,,M,NaN,,,M,NaN,,,0,NaN,,,0,NaN,,,M,NaN,,,NaN,,,NaN,,,NaN,,
2024-11-13T09:22:33.000Z,4.173,2,"",M,59.943,2,"",M,6.000,2,"",N,NaN,,,M,NaN,,,M,NaN,,,M,NaN,,,M,NaN,,,0,NaN,,,0,NaN,,,M,NaN,,,NaN,,,NaN,,,NaN,,
2024-11-13T09:27:03.000Z,4.172,2,"",M,59.944,2,"",M,6.000,2,"",N,NaN,,,M,NaN,,,M,NaN,,,M,NaN,,,M,NaN,,,0,NaN,,,0,NaN,,,M,NaN,,,NaN,,,NaN,,,NaN,,
2024-11-13T09:28:53.000Z,4.171,2,"",M,59.945,2,"",M,6.000,2,"",N,NaN,,,M,NaN,,,M,NaN,,,M,NaN,,,M,NaN,,,0,NaN,,,0,NaN,,,M,NaN,,,NaN,,,NaN,,,NaN,,
2024-11-13T09:30:43.000Z,4.171,2,"",M,59.945,2,"",M,6.000,2,"",N,NaN,,,M,NaN,,,M,NaN,,,M,NaN,,,M,NaN,,,0,NaN,,,0,NaN,,,M,NaN,,,NaN,,,NaN,,,NaN,,
2024-11-13T09:35:12.000Z,4.171,2,"",M,59.946,2,"",M,6.000,2,"",N,11.350,2,"",M,31.544,2,"",M,NaN,,,M,NaN,,,M,NaN,,,0,425.175,2,"",M,1026.800,2,"",M,NaN,,,NaN,,,426.359,2,"",424.720,2,""
2024-11-13T09:37:02.000Z,4.171,2,"",M,59.946,2,"",M,6.000,2,"",N,11.349,2,"",M,31.543,2,"",M,NaN,,,M,NaN,,,M,NaN,,,0,425.445,2,"",M,1026.900,2,"",M,NaN,,,NaN,,,426.673,2,"",425.032,2,""
2024-11-13T09:38:52.000Z,4.172,2,"",M,59.946,2,"",M,6.000,2,"",N,11.349,2,"",M,31.544,2,"",M,NaN,,,M,NaN,,,M,NaN,,,0,425.124,2,"",M,1027.100,2,"",M,NaN,,,NaN,,,426.435,2,"",424.795,2,""
2024-11-13T09:41:02.000Z,4.173,2,"",M,59.945,2,"",M,6.000,2,"",N,11.351,2,"",M,31.542,2,"",M,NaN,,,M,NaN,,,M,NaN,,,0,425.134,2,"",M,1027.300,2,"",M,NaN,,,NaN,,,426.528,2,"",424.887,2,""
2024-11-13T09:42:53.000Z,4.174,2,"",M,59.945,2,"",M,6.000,2,"",N,11.350,2,"",M,31.542,2,"",M,NaN,,,M,NaN,,,M,NaN,,,0,425.093,2,"",M,1027.200,2,"",M,NaN,,,NaN,,,426.446,2,"",424.805,2,""
2024-11-13T09:48:03.000Z,4.176,2,"",M,59.944,2,"",M,6.000,2,"",N,11.349,2,"",M,31.543,2,"",M,11.740,2,"",M,1027.670,2,"",M,402.954,2,"",M,NaN,,,0,NaN,,,M,396.682,2,"",395.167,2,"",NaN,,,NaN,,
2024-11-13T09:49:55.000Z,4.177,2,"",M,59.944,2,"",M,6.000,2,"",N,11.354,2,"",M,31.543,2,"",M,11.730,2,"",M,1027.640,2,"",M,402.863,2,"",M,NaN,,,0,NaN,,,M,396.841,2,"",395.326,2,"",NaN,,,NaN,,
2024-11-13T09:51:47.000Z,4.178,2,"",M,59.943,2,"",M,6.000,2,"",N,11.350,2,"",M,31.547,2,"",M,11.730,2,"",M,1027.605,2,"",M,402.872,2,"",M,NaN,,,0,NaN,,,M,396.766,2,"",395.251,2,"",NaN,,,NaN,,
2024-11-13T09:53:40.000Z,4.179,2,"",M,59.943,2,"",M,6.000,2,"",N,11.350,2,"",I,31.548,2,"",I,11.730,2,"",M,1027.530,2,"",M,403.212,2,"",M,NaN,,,0,NaN,,,M,397.082,2,"",395.565,2,"",NaN,,,NaN,,
2024-11-13T09:55:32.000Z,4.179,2,"",M,59.942,2,"",M,6.000,2,"",N,11.351,2,"",M,31.550,2,"",M,11.730,2,"",M,1027.410,2,"",M,403.012,2,"",M,NaN,,,0,NaN,,,M,396.848,2,"",395.332,2,"",NaN,,,NaN,,
2024-11-13T09:57:24.000Z,4.180,2,"",M,59.942,2,"",M,6.000,2,"",N,11.358,2,"",M,31.555,2,"",M,11.730,2,"",M,1027.480,2,"",M,402.670,2,"",M,NaN,,,0,NaN,,,M,396.665,2,"",395.150,2,"",NaN,,,NaN,,
2024-11-13T09:59:16.000Z,4.181,2,"",M,59.941,2,"",M,6.000,2,"",N,11.362,2,"",M,31.560,2,"",M,11.740,2,"",M,1027.650,2,"",M,402.780,2,"",M,NaN,,,0,NaN,,,M,396.726,2,"",395.210,2,"",NaN,,,NaN,,
2024-11-13T10:01:08.000Z,4.181,2,"",M,59.941,2,"",M,6.000,2,"",N,11.369,2,"",M,31.566,2,"",M,11.740,2,"",M,1027.490,2,"",M,402.930,2,"",M,NaN,,,0,NaN,,,M,396.928,2,"",395.412,2,"",NaN,,,NaN,,
2024-11-13T10:03:01.000Z,4.182,2,"",M,59.940,2,"",M,6.000,2,"",N,11.371,2,"",M,31.569,2,"",M,11.750,2,"",M,1027.360,2,"",M,402.569,2,"",M,NaN,,,0,NaN,,,M,396.394,2,"",394.881,2,"",NaN,,,NaN,,
2024-11-13T10:04:53.000Z,4.183,2,"",M,59.940,2,"",M,6.000,2,"",N,11.382,2,"",M,31.574,2,"",M,11.750,2,"",M,1027.220,2,"",M,402.648,2,"",M,NaN,,,0,NaN,,,M,396.602,2,"",395.088,2,"",NaN,,,NaN,,
2024-11-13T10:06:45.000Z,4.184,2,"",M,59.940,2,"",M,6.000,2,"",N,11.434,2,"",M,31.595,2,"",M,11.760,2,"",M,1027.250,2,"",M,402.628,2,"",M,NaN,,,0,NaN,,,M,397.286,2,"",395.769,2,"",NaN,,,NaN,,
2024-11-13T10:08:37.000Z,4.184,2,"",M,59.940,2,"",M,6.000,2,"",N,11.445,2,"",M,31.597,2,"",M,11.800,2,"",M,1027.350,2,"",M,402.437,2,"",M,NaN,,,0,NaN,,,M,396.639,2,"",395.125,2,"",NaN,,,NaN,,
2024-11-13T10:10:30.000Z,4.184,2,"",M,59.940,2,"",M,6.000,2,"",N,11.451,2,"",M,31.600,2,"",M,11.830,2,"",M,1027.310,2,"",M,402.767,2,"",M,NaN,,,0,NaN,,,M,396.527,2,"",395.015,2,"",NaN,,,NaN,,
2024-11-13T10:12:22.000Z,4.184,2,"",M,59.940,2,"",M,6.000,2,"",N,11.453,2,"",M,31.603,2,"",M,11.830,2,"",M,1027.410,2,"",M,402.796,2,"",M,NaN,,,0,NaN,,,M,396.639,2,"",395.126,2,"",NaN,,,NaN,,
2024-11-13T10:14:14.000Z,4.184,2,"",M,59.939,2,"",M,6.000,2,"",N,11.457,2,"",M,31.601,2,"",M,11.830,2,"",M,1027.160,2,"",M,402.786,2,"",M,NaN,,,0,NaN,,,M,396.590,2,"",395.078,2,"",NaN,,,NaN,,
2024-11-13T10:16:06.000Z,4.185,2,"",M,59.939,2,"",M,6.000,2,"",N,11.461,2,"",M,31.604,2,"",M,11.830,2,"",M,1027.190,2,"",M,402.845,2,"",M,NaN,,,0,NaN,,,M,396.740,2,"",395.227,2,"",NaN,,,NaN,,
2024-11-13T10:17:59.000Z,4.185,2,"",M,59.938,2,"",M,6.000,2,"",N,11.453,2,"",M,31.584,2,"",M,11.840,2,"",M,1027.150,2,"",M,402.885,2,"",M,NaN,,,0,NaN,,,M,396.454,2,"",394.943,2,"",NaN,,,NaN,,
2024-11-13T10:19:51.000Z,4.186,2,"",M,59.938,2,"",M,6.000,2,"",N,11.449,2,"",M,31.572,2,"",M,11.830,2,"",M,1027.090,2,"",M,402.934,2,"",M,NaN,,,0,NaN,,,M,396.572,2,"",395.060,2,"",NaN,,,NaN,,
2024-11-13T10:21:43.000Z,4.186,2,"",M,59.937,2,"",M,6.000,2,"",N,11.445,2,"",M,31.564,2,"",M,11.830,2,"",M,1027.170,2,"",M,403.144,2,"",M,NaN,,,0,NaN,,,M,396.749,2,"",395.236,2,"",NaN,,,NaN,,
2024-11-13T10:23:35.000Z,4.186,2,"",M,59.937,2,"",M,6.000,2,"",N,11.441,2,"",M,31.559,2,"",M,11.830,2,"",M,1027.070,2,"",M,402.943,2,"",M,NaN,,,0,NaN,,,M,396.438,2,"",394.927,2,"",NaN,,,NaN,,
2024-11-13T10:25:27.000Z,4.187,2,"",M,59.936,2,"",M,6.000,2,"",N,11.440,2,"",M,31.554,2,"",M,11.820,2,"",M,1027.030,2,"",M,402.912,2,"",M,NaN,,,0,NaN,,,M,396.551,2,"",395.038,2,"",NaN,,,NaN,,
2024-11-13T10:27:20.000Z,4.187,2,"",M,59.936,2,"",M,6.000,2,"",N,11.437,2,"",M,31.549,2,"",M,11.810,2,"",M,1027.130,2,"",M,402.902,2,"",M,NaN,,,0,NaN,,,M,396.705,2,"",395.192,2,"",NaN,,,NaN,,
2024-11-13T10:29:12.000Z,4.187,2,"",M,59.935,2,"",M,6.000,2,"",N,11.435,2,"",M,31.544,2,"",M,11.810,2,"",M,1027.040,2,"",M,402.400,2,"",M,NaN,,,0,NaN,,,M,396.149,2,"",394.638,2,"",NaN,,,NaN,,
2024-11-13T10:31:04.000Z,4.188,2,"",M,59.935,2,"",M,6.000,2,"",N,11.432,2,"",M,31.541,2,"",M,11.810,2,"",M,1027.070,2,"",M,402.790,2,"",M,NaN,,,0,NaN,,,M,396.480,2,"",394.968,2,"",NaN,,,NaN,,
2024-11-13T10:32:56.000Z,4.188,2,"",M,59.934,2,"",M,6.000,2,"",N,11.431,2,"",M,31.537,2,"",M,11.810,2,"",M,1027.180,2,"",M,402.760,2,"",M,NaN,,,0,NaN,,,M,396.479,2,"",394.966,2,"",NaN,,,NaN,,
2024-11-13T10:34:49.000Z,4.189,2,"",M,59.934,2,"",M,6.000,2,"",N,11.432,2,"",M,31.535,2,"",M,11.810,2,"",M,1027.020,2,"",M,402.699,2,"",M,NaN,,,0,NaN,,,M,396.371,2,"",394.859,2,"",NaN,,,NaN,,
2024-11-13T10:36:41.000Z,4.189,2,"",M,59.933,2,"",M,6.000,2,"",N,11.430,2,"",M,31.533,2,"",M,11.810,2,"",M,1027.270,2,"",M,402.659,2,"",M,NaN,,,0,NaN,,,M,396.394,2,"",394.882,2,"",NaN,,,NaN,,
2024-11-13T10:38:33.000Z,4.189,2,"",M,59.933,2,"",M,6.000,2,"",N,11.431,2,"",M,31.531,2,"",M,11.810,2,"",M,1027.270,2,"",M,402.358,2,"",M,NaN,,,0,NaN,,,M,396.121,2,"",394.609,2,"",NaN,,,NaN,,
2024-11-13T10:40:47.000Z,4.190,2,"",M,59.932,2,"",M,6.000,2,"",N,11.430,2,"",M,31.529,2,"",M,11.810,2,"",M,1026.770,2,"",M,402.547,2,"",M,NaN,,,0,NaN,,,M,396.098,2,"",394.588,2,"",NaN,,,NaN,,
2024-11-13T10:42:39.000Z,4.190,2,"",M,59.932,2,"",M,6.000,2,"",N,11.431,2,"",M,31.527,2,"",M,11.820,2,"",M,1026.970,2,"",M,402.246,2,"",M,NaN,,,0,NaN,,,M,395.729,2,"",394.220,2,"",NaN,,,NaN,,
2024-11-13T10:44:31.000Z,4.191,2,"",M,59.931,2,"",M,6.000,2,"",N,11.430,2,"",M,31.526,2,"",M,11.810,2,"",M,1027.020,2,"",M,402.656,2,"",M,NaN,,,0,NaN,,,M,396.307,2,"",394.795,2,"",NaN,,,NaN,,
2024-11-13T10:46:23.000Z,4.191,2,"",M,59.931,2,"",M,6.000,2,"",N,11.427,2,"",M,31.526,2,"",M,11.810,2,"",M,1026.840,2,"",M,402.626,2,"",M,NaN,,,0,NaN,,,M,396.145,2,"",394.634,2,"",NaN,,,NaN,,
2024-11-13T10:48:15.000Z,4.192,2,"",M,59.930,2,"",M,6.000,2,"",N,11.426,2,"",M,31.525,2,"",M,11.800,2,"",M,1026.980,2,"",M,402.535,2,"",M,NaN,,,0,NaN,,,M,396.264,2,"",394.753,2,"",NaN,,,NaN,,
2024-11-13T10:50:08.000Z,4.192,2,"",M,59.930,2,"",M,6.000,2,"",N,11.424,2,"",M,31.524,2,"",M,11.800,2,"",M,1027.140,2,"",M,402.414,2,"",M,NaN,,,0,NaN,,,M,396.181,2,"",394.670,2,"",NaN,,,NaN,,
2024-11-13T10:52:00.000Z,4.192,2,"",M,59.929,2,"",M,6.000,2,"",N,11.425,2,"",M,31.523,2,"",M,11.800,2,"",M,1027.030,2,"",M,402.003,2,"",M,NaN,,,0,NaN,,,M,395.753,2,"",394.244,2,"",NaN,,,NaN,,
2024-11-13T10:53:52.000Z,4.193,2,"",M,59.929,2,"",M,6.000,2,"",N,11.422,2,"",M,31.522,2,"",M,11.810,2,"",M,1027.250,2,"",M,402.373,2,"",M,NaN,,,0,NaN,,,M,395.974,2,"",394.464,2,"",NaN,,,NaN,,
2024-11-13T10:55:44.000Z,4.194,2,"",M,59.928,2,"",M,6.000,2,"",N,11.419,2,"",M,31.522,2,"",M,11.800,2,"",M,1027.190,2,"",M,402.112,2,"",M,NaN,,,0,NaN,,,M,395.820,2,"",394.310,2,"",NaN,,,NaN,,
2024-11-13T10:57:37.000Z,4.194,2,"",M,59.928,2,"",M,6.000,2,"",N,11.419,2,"",M,31.521,2,"",M,11.800,2,"",M,1026.880,2,"",M,402.202,2,"",M,NaN,,,0,NaN,,,M,395.786,2,"",394.277,2,"",NaN,,,NaN,,
2024-11-13T10:59:29.000Z,4.195,2,"",M,59.927,2,"",M,6.000,2,"",N,11.419,2,"",M,31.523,2,"",M,11.790,2,"",M,1026.810,2,"",M,401.901,2,"",M,NaN,,,0,NaN,,,M,395.631,2,"",394.122,2,"",NaN,,,NaN,,
2024-11-13T11:01:21.000Z,4.195,2,"",M,59.927,2,"",M,6.000,2,"",N,11.421,2,"",M,31.523,2,"",M,11.790,2,"",M,1026.640,2,"",M,401.910,2,"",M,NaN,,,0,NaN,,,M,395.604,2,"",394.095,2,"",NaN,,,NaN,,
2024-11-13T11:03:13.000Z,4.196,2,"",M,59.926,2,"",M,6.000,2,"",N,11.418,2,"",M,31.525,2,"",M,11.810,2,"",M,1027.210,2,"",M,402.060,2,"",M,NaN,,,0,NaN,,,M,395.581,2,"",394.072,2,"",NaN,,,NaN,,
2024-11-13T11:05:05.000Z,4.197,2,"",M,59.926,2,"",M,6.000,2,"",N,11.418,2,"",M,31.524,2,"",M,11.800,2,"",M,1026.910,2,"",M,402.019,2,"",M,NaN,,,0,NaN,,,M,395.605,2,"",394.096,2,"",NaN,,,NaN,,
2024-11-13T11:06:58.000Z,4.196,2,"",M,59.925,2,"",M,6.000,2,"",N,11.415,2,"",M,31.525,2,"",M,11.800,2,"",M,1026.990,2,"",M,402.109,2,"",M,NaN,,,0,NaN,,,M,395.679,2,"",394.170,2,"",NaN,,,NaN,,
2024-11-13T11:08:50.000Z,4.194,2,"",M,59.925,2,"",M,6.000,2,"",N,11.414,2,"",M,31.520,2,"",M,11.790,2,"",M,1027.460,2,"",M,401.848,2,"",M,NaN,,,0,NaN,,,M,395.751,2,"",394.241,2,"",NaN,,,NaN,,
2024-11-13T11:10:42.000Z,4.191,2,"",M,59.926,2,"",M,6.000,2,"",N,11.419,2,"",M,31.518,2,"",M,11.790,2,"",M,1027.280,2,"",M,401.617,2,"",M,NaN,,,0,NaN,,,M,395.532,2,"",394.023,2,"",NaN,,,NaN,,
2024-11-13T11:12:34.000Z,4.191,2,"",M,59.927,2,"",M,6.000,2,"",N,11.421,2,"",M,31.528,2,"",M,11.840,2,"",M,1027.310,2,"",M,401.676,2,"",M,NaN,,,0,NaN,,,M,394.796,2,"",393.291,2,"",NaN,,,NaN,,
2024-11-13T11:14:27.000Z,4.189,2,"",M,59.928,2,"",M,6.000,2,"",N,11.427,2,"",M,31.533,2,"",M,11.860,2,"",M,1027.400,2,"",M,402.186,2,"",M,NaN,,,0,NaN,,,M,395.091,2,"",393.585,2,"",NaN,,,NaN,,
2024-11-13T11:16:19.000Z,4.189,2,"",M,59.929,2,"",M,6.000,2,"",N,11.435,2,"",M,31.544,2,"",M,11.870,2,"",M,1027.050,2,"",M,402.857,2,"",M,NaN,,,0,NaN,,,M,395.576,2,"",394.068,2,"",NaN,,,NaN,,
2024-11-13T11:18:11.000Z,4.187,2,"",M,59.931,2,"",M,6.000,2,"",N,11.445,2,"",M,31.564,2,"",M,11.870,2,"",M,1026.940,2,"",M,402.967,2,"",M,NaN,,,0,NaN,,,M,395.793,2,"",394.285,2,"",NaN,,,NaN,,
2024-11-13T11:20:03.000Z,4.184,2,"",M,59.934,2,"",M,6.000,2,"",N,11.455,2,"",M,31.581,2,"",M,11.880,2,"",M,1027.120,2,"",M,403.327,2,"",M,NaN,,,0,NaN,,,M,396.220,2,"",394.710,2,"",NaN,,,NaN,,
2024-11-13T11:21:55.000Z,4.182,2,"",M,59.937,2,"",M,6.000,2,"",N,11.417,2,"",M,31.599,2,"",M,11.890,2,"",M,1026.900,2,"",M,403.246,2,"",M,NaN,,,0,NaN,,,M,395.252,2,"",393.746,2,"",NaN,,,NaN,,
2024-11-13T11:23:48.000Z,4.179,2,"",M,59.938,2,"",M,6.000,2,"",N,11.395,2,"",M,31.575,2,"",M,11.860,2,"",M,1026.770,2,"",M,403.335,2,"",M,NaN,,,0,NaN,,,M,395.429,2,"",393.922,2,"",NaN,,,NaN,,
2024-11-13T11:25:40.000Z,4.180,2,"",M,59.935,2,"",M,6.000,2,"",N,11.399,2,"",M,31.573,2,"",M,11.830,2,"",M,1027.070,2,"",M,403.245,2,"",M,NaN,,,0,NaN,,,M,396.032,2,"",394.522,2,"",NaN,,,NaN,,
2024-11-13T11:27:32.000Z,4.181,2,"",M,59.932,2,"",M,6.000,2,"",N,11.415,2,"",M,31.579,2,"",M,11.840,2,"",M,1027.250,2,"",M,403.314,2,"",M,NaN,,,0,NaN,,,M,396.270,2,"",394.759,2,"",NaN,,,NaN,,
2024-11-13T11:29:24.000Z,4.182,2,"",M,59.929,2,"",M,6.000,2,"",N,11.441,2,"",M,31.590,2,"",M,11.850,2,"",M,1026.900,2,"",M,403.544,2,"",M,NaN,,,0,NaN,,,M,396.632,2,"",395.120,2,"",NaN,,,NaN,,
2024-11-13T11:31:17.000Z,4.183,2,"",M,59.927,2,"",M,6.000,2,"",N,11.439,2,"",M,31.583,2,"",M,11.870,2,"",M,1026.890,2,"",M,403.764,2,"",M,NaN,,,0,NaN,,,M,396.467,2,"",394.957,2,"",NaN,,,NaN,,
2024-11-13T11:33:09.000Z,4.184,2,"",M,59.925,2,"",M,6.000,2,"",N,11.437,2,"",M,31.560,2,"",M,11.870,2,"",M,1026.850,2,"",M,403.152,2,"",M,NaN,,,0,NaN,,,M,395.821,2,"",394.313,2,"",NaN,,,NaN,,
2024-11-13T11:35:01.000Z,4.185,2,"",M,59.923,2,"",M,6.000,2,"",N,11.431,2,"",M,31.549,2,"",M,11.870,2,"",M,1026.810,2,"",M,403.302,2,"",M,NaN,,,0,NaN,,,M,395.848,2,"",394.340,2,"",NaN,,,NaN,,
2024-11-13T11:36:53.000Z,4.186,2,"",M,59.921,2,"",M,6.000,2,"",N,11.428,2,"",M,31.536,2,"",M,11.860,2,"",M,1026.960,2,"",M,403.111,2,"",M,NaN,,,0,NaN,,,M,395.835,2,"",394.326,2,"",NaN,,,NaN,,
2024-11-13T11:38:46.000Z,4.187,2,"",M,59.919,2,"",M,6.000,2,"",N,11.423,2,"",M,31.527,2,"",M,11.870,2,"",M,1026.844,2,"",M,402.940,2,"",M,NaN,,,0,NaN,,,M,395.368,2,"",393.862,2,"",NaN,,,NaN,,
2024-11-13T11:40:59.000Z,4.188,2,"",M,59.917,2,"",M,6.000,2,"",N,11.418,2,"",M,31.520,2,"",M,11.870,2,"",M,1027.220,2,"",M,402.890,2,"",M,NaN,,,0,NaN,,,M,395.379,2,"",393.872,2,"",NaN,,,NaN,,
2024-11-13T11:42:51.000Z,4.189,2,"",M,59.915,2,"",M,6.000,2,"",N,11.416,2,"",M,31.514,2,"",M,11.860,2,"",M,1027.270,2,"",M,402.759,2,"",M,NaN,,,0,NaN,,,M,395.407,2,"",393.899,2,"",NaN,,,NaN,,
2024-11-13T11:44:43.000Z,4.190,2,"",M,59.914,2,"",M,6.000,2,"",N,11.414,2,"",M,31.511,2,"",M,11.850,2,"",M,1027.260,2,"",M,402.718,2,"",M,NaN,,,0,NaN,,,M,395.507,2,"",393.999,2,"",NaN,,,NaN,,
2024-11-13T11:46:36.000Z,4.191,2,"",M,59.912,2,"",M,6.000,2,"",N,11.413,2,"",M,31.509,2,"",M,11.850,2,"",M,1027.200,2,"",M,402.587,2,"",M,NaN,,,0,NaN,,,M,395.333,2,"",393.826,2,"",NaN,,,NaN,,
2024-11-13T11:48:28.000Z,4.192,2,"",M,59.910,2,"",M,6.000,2,"",N,11.410,2,"",M,31.505,2,"",M,11.850,2,"",M,1027.040,2,"",M,402.416,2,"",M,NaN,,,0,NaN,,,M,395.048,2,"",393.542,2,"",NaN,,,NaN,,
2024-11-13T11:50:20.000Z,4.193,2,"",M,59.909,2,"",M,6.000,2,"",N,11.407,2,"",M,31.504,2,"",M,11.840,2,"",M,1027.130,2,"",M,402.416,2,"",M,NaN,,,0,NaN,,,M,395.218,2,"",393.711,2,"",NaN,,,NaN,,
2024-11-13T11:52:13.000Z,4.194,2,"",M,59.907,2,"",M,6.000,2,"",N,11.405,2,"",M,31.505,2,"",M,11.850,2,"",M,1027.225,2,"",M,402.546,2,"",M,NaN,,,0,NaN,,,M,395.179,2,"",393.673,2,"",NaN,,,NaN,,
2024-11-13T11:54:05.000Z,4.195,2,"",M,59.906,2,"",M,6.000,2,"",N,11.404,2,"",M,31.504,2,"",M,11.850,2,"",M,1027.210,2,"",M,402.074,2,"",M,NaN,,,0,NaN,,,M,394.682,2,"",393.177,2,"",NaN,,,NaN,,
2024-11-13T11:55:57.000Z,4.196,2,"",M,59.904,2,"",M,6.000,2,"",N,11.400,2,"",M,31.499,2,"",M,11.840,2,"",M,1026.960,2,"",M,402.374,2,"",M,NaN,,,0,NaN,,,M,394.990,2,"",393.485,2,"",NaN,,,NaN,,
2024-11-13T11:57:49.000Z,4.196,2,"",M,59.903,2,"",M,6.000,2,"",N,11.395,2,"",M,31.495,2,"",M,11.830,2,"",M,1026.900,2,"",M,402.654,2,"",M,NaN,,,0,NaN,,,M,395.323,2,"",393.816,2,"",NaN,,,NaN,,
2024-11-13T11:59:41.000Z,4.196,2,"",M,59.902,2,"",M,6.000,2,"",N,11.392,2,"",M,31.491,2,"",M,11.830,2,"",M,1026.770,2,"",M,402.093,2,"",M,NaN,,,0,NaN,,,M,394.665,2,"",393.161,2,"",NaN,,,NaN,,
2024-11-13T12:01:34.000Z,4.196,2,"",M,59.901,2,"",M,6.000,2,"",N,11.384,2,"",M,31.490,2,"",M,11.820,2,"",M,1026.750,2,"",M,401.942,2,"",M,NaN,,,0,NaN,,,M,394.552,2,"",393.048,2,"",NaN,,,NaN,,
2024-11-13T12:03:26.000Z,4.196,2,"",M,59.900,2,"",M,6.000,2,"",N,11.381,2,"",M,31.485,2,"",M,11.820,2,"",M,1026.680,2,"",M,402.131,2,"",M,NaN,,,0,NaN,,,M,394.655,2,"",393.151,2,"",NaN,,,NaN,,
2024-11-13T12:05:18.000Z,4.196,2,"",M,59.899,2,"",M,6.000,2,"",N,11.381,2,"",M,31.481,2,"",M,11.820,2,"",M,1026.840,2,"",M,401.860,2,"",M,NaN,,,0,NaN,,,M,394.454,2,"",392.951,2,"",NaN,,,NaN,,
2024-11-13T12:07:10.000Z,4.196,2,"",M,59.898,2,"",M,6.000,2,"",N,11.379,2,"",M,31.479,2,"",M,11.820,2,"",M,1026.920,2,"",M,402.110,2,"",M,NaN,,,0,NaN,,,M,394.709,2,"",393.204,2,"",NaN,,,NaN,,
2024-11-13T12:09:02.000Z,4.195,2,"",M,59.897,2,"",M,6.000,2,"",N,11.381,2,"",M,31.476,2,"",M,11.810,2,"",M,1026.810,2,"",M,402.150,2,"",M,NaN,,,0,NaN,,,M,394.904,2,"",393.398,2,"",NaN,,,NaN,,
2024-11-13T12:10:54.000Z,4.195,2,"",M,59.895,2,"",M,6.000,2,"",N,11.379,2,"",M,31.473,2,"",M,11.810,2,"",M,1026.750,2,"",M,401.869,2,"",M,NaN,,,0,NaN,,,M,394.564,2,"",393.060,2,"",NaN,,,NaN,,
2024-11-13T12:12:46.000Z,4.195,2,"",M,59.892,2,"",M,6.000,2,"",N,11.380,2,"",M,31.472,2,"",M,11.810,2,"",M,1026.870,2,"",M,401.648,2,"",M,NaN,,,0,NaN,,,M,394.412,2,"",392.908,2,"",NaN,,,NaN,,
2024-11-13T12:14:38.000Z,4.196,2,"",M,59.890,2,"",M,6.000,2,"",N,11.382,2,"",M,31.471,2,"",M,11.820,2,"",M,1026.960,2,"",M,401.828,2,"",M,NaN,,,0,NaN,,,M,394.489,2,"",392.984,2,"",NaN,,,NaN,,
2024-11-13T12:16:31.000Z,4.200,2,"",M,59.890,2,"",M,6.000,2,"",N,11.378,2,"",M,31.468,2,"",M,11.820,2,"",M,1026.350,2,"",M,401.787,2,"",M,NaN,,,0,NaN,,,M,394.141,2,"",392.639,2,"",NaN,,,NaN,,
2024-11-13T12:18:23.000Z,4.199,2,"",M,59.894,2,"",M,6.000,2,"",N,11.365,2,"",M,31.456,2,"",M,11.810,2,"",M,1026.480,2,"",M,401.947,2,"",M,NaN,,,0,NaN,,,M,394.301,2,"",392.798,2,"",NaN,,,NaN,,
2024-11-13T12:20:15.000Z,4.198,2,"",M,59.899,2,"",M,6.000,2,"",N,11.359,2,"",M,31.448,2,"",M,11.800,2,"",M,1027.030,2,"",M,401.726,2,"",M,NaN,,,0,NaN,,,M,394.375,2,"",392.871,2,"",NaN,,,NaN,,
2024-11-13T12:22:07.000Z,4.197,2,"",M,59.903,2,"",M,6.000,2,"",N,11.353,2,"",M,31.447,2,"",M,11.790,2,"",M,1026.830,2,"",M,401.635,2,"",M,NaN,,,0,NaN,,,M,394.277,2,"",392.773,2,"",NaN,,,NaN,,
2024-11-13T12:24:00.000Z,4.196,2,"",M,59.908,2,"",M,6.000,2,"",N,11.359,2,"",M,31.456,2,"",M,11.790,2,"",M,1026.660,2,"",M,401.634,2,"",M,NaN,,,0,NaN,,,M,394.319,2,"",392.815,2,"",NaN,,,NaN,,
2024-11-13T12:25:52.000Z,4.196,2,"",M,59.913,2,"",M,6.000,2,"",N,11.373,2,"",M,31.474,2,"",M,11.800,2,"",M,1027.360,2,"",M,401.804,2,"",M,NaN,,,0,NaN,,,M,394.806,2,"",393.300,2,"",NaN,,,NaN,,
2024-11-13T12:27:44.000Z,4.195,2,"",M,59.917,2,"",M,6.000,2,"",N,11.395,2,"",M,31.509,2,"",M,11.810,2,"",M,1026.920,2,"",M,401.793,2,"",M,NaN,,,0,NaN,,,M,394.825,2,"",393.319,2,"",NaN,,,NaN,,
2024-11-13T12:29:36.000Z,4.194,2,"",M,59.922,2,"",M,6.000,2,"",N,11.413,2,"",M,31.530,2,"",M,11.820,2,"",M,1026.650,2,"",M,401.673,2,"",M,NaN,,,0,NaN,,,M,394.737,2,"",393.232,2,"",NaN,,,NaN,,
2024-11-13T12:31:28.000Z,4.194,2,"",M,59.927,2,"",M,6.000,2,"",N,11.435,2,"",M,31.565,2,"",M,11.840,2,"",M,1026.900,2,"",M,401.943,2,"",M,NaN,,,0,NaN,,,M,395.117,2,"",393.610,2,"",NaN,,,NaN,,
2024-11-13T12:33:21.000Z,4.194,2,"",M,59.931,2,"",M,6.000,2,"",N,11.418,2,"",M,31.582,2,"",M,11.860,2,"",M,1026.470,2,"",M,402.032,2,"",M,NaN,,,0,NaN,,,M,394.413,2,"",392.911,2,"",NaN,,,NaN,,
2024-11-13T12:35:13.000Z,4.193,2,"",M,59.936,2,"",M,6.000,2,"",N,11.378,2,"",M,31.564,2,"",M,11.860,2,"",M,1026.840,2,"",M,402.543,2,"",M,NaN,,,0,NaN,,,M,394.404,2,"",392.901,2,"",NaN,,,NaN,,
2024-11-13T12:37:05.000Z,4.193,2,"",M,59.940,2,"",M,6.000,2,"",N,11.350,2,"",M,31.531,2,"",M,11.830,2,"",M,1026.580,2,"",M,402.792,2,"",M,NaN,,,0,NaN,,,M,394.581,2,"",393.077,2,"",NaN,,,NaN,,
2024-11-13T12:38:57.000Z,4.192,2,"",M,59.943,2,"",M,6.000,2,"",N,11.221,2,"",M,31.314,2,"",M,11.800,2,"",M,1026.660,2,"",M,402.932,2,"",M,NaN,,,0,NaN,,,M,393.108,2,"",391.609,2,"",NaN,,,NaN,,
2024-11-13T12:41:11.000Z,4.189,2,"",M,59.943,2,"",M,6.000,2,"",N,11.202,2,"",M,31.190,2,"",M,11.680,2,"",M,1026.580,2,"",M,401.970,2,"",M,NaN,,,0,NaN,,,M,393.859,2,"",392.355,2,"",NaN,,,NaN,,
2024-11-13T12:43:03.000Z,4.188,2,"",M,59.942,2,"",M,6.000,2,"",N,11.294,2,"",M,31.358,2,"",M,11.650,2,"",M,1026.750,2,"",M,401.148,2,"",M,NaN,,,0,NaN,,,M,395.172,2,"",393.662,2,"",NaN,,,NaN,,
2024-11-13T12:44:55.000Z,4.187,2,"",M,59.942,2,"",M,6.000,2,"",N,11.335,2,"",M,31.441,2,"",M,11.720,2,"",M,1026.860,2,"",M,400.766,2,"",M,NaN,,,0,NaN,,,M,394.321,2,"",392.816,2,"",NaN,,,NaN,,
2024-11-13T12:46:48.000Z,4.186,2,"",M,59.941,2,"",M,6.000,2,"",N,11.351,2,"",M,31.491,2,"",M,11.770,2,"",M,1026.690,2,"",M,400.886,2,"",M,NaN,,,0,NaN,,,M,393.799,2,"",392.297,2,"",NaN,,,NaN,,
2024-11-13T12:48:40.000Z,4.185,2,"",M,59.941,2,"",M,6.000,2,"",N,11.360,2,"",M,31.509,2,"",M,11.790,2,"",M,1026.610,2,"",M,402.208,2,"",M,NaN,,,0,NaN,,,M,394.872,2,"",393.366,2,"",NaN,,,NaN,,
2024-11-13T12:50:32.000Z,4.184,2,"",M,59.940,2,"",M,6.000,2,"",N,11.366,2,"",M,31.521,2,"",M,11.800,2,"",M,1026.500,2,"",M,402.889,2,"",M,NaN,,,0,NaN,,,M,395.422,2,"",393.914,2,"",NaN,,,NaN,,
2024-11-13T12:52:24.000Z,4.184,2,"",M,59.941,2,"",M,6.000,2,"",N,11.369,2,"",M,31.530,2,"",M,11.800,2,"",M,1026.660,2,"",M,403.359,2,"",M,NaN,,,0,NaN,,,M,395.994,2,"",394.484,2,"",NaN,,,NaN,,
2024-11-13T12:54:16.000Z,4.184,2,"",M,59.941,2,"",M,6.000,2,"",N,11.371,2,"",M,31.527,2,"",M,11.800,2,"",M,1026.550,2,"",M,403.639,2,"",M,NaN,,,0,NaN,,,M,396.273,2,"",394.762,2,"",NaN,,,NaN,,
2024-11-13T12:58:46.000Z,4.188,2,"",M,59.941,2,"",M,6.000,2,"",N,NaN,,,M,NaN,,,M,NaN,,,M,NaN,,,M,NaN,,,0,NaN,,,0,NaN,,,M,NaN,,,NaN,,,NaN,,,NaN,,
2024-11-13T13:00:36.000Z,4.190,2,"",M,59.942,2,"",M,6.000,2,"",N,NaN,,,M,NaN,,,M,NaN,,,M,NaN,,,M,NaN,,,0,NaN,,,0,NaN,,,M,NaN,,,NaN,,,NaN,,,NaN,,
2024-11-13T13:02:25.000Z,4.190,2,"",M,59.942,2,"",M,6.000,2,"",N,NaN,,,M,NaN,,,M,NaN,,,M,NaN,,,M,NaN,,,0,NaN,,,0,NaN,,,M,NaN,,,NaN,,,NaN,,,NaN,,
2024-11-13T13:06:55.000Z,4.191,2,"",M,59.942,2,"",M,6.000,2,"",N,NaN,,,M,NaN,,,M,NaN,,,M,NaN,,,M,NaN,,,0,NaN,,,0,NaN,,,M,NaN,,,NaN,,,NaN,,,NaN,,
2024-11-13T13:08:45.000Z,4.191,2,"",M,59.942,2,"",M,6.000,2,"",N,NaN,,,M,NaN,,,M,NaN,,,M,NaN,,,M,NaN,,,0,NaN,,,0,NaN,,,M,NaN,,,NaN,,,NaN,,,NaN,,
2024-11-13T13:10:35.000Z,4.192,2,"",M,59.942,2,"",M,6.000,2,"",N,NaN,,,M,NaN,,,M,NaN,,,M,NaN,,,M,NaN,,,0,NaN,,,0,NaN,,,M,NaN,,,NaN,,,NaN,,,NaN,,
2024-11-13T13:15:05.000Z,4.192,2,"",M,59.942,2,"",M,6.000,2,"",N,NaN,,,M,NaN,,,M,NaN,,,M,NaN,,,M,NaN,,,0,NaN,,,0,NaN,,,M,NaN,,,NaN,,,NaN,,,NaN,,
2024-11-13T13:16:54.000Z,4.192,2,"",M,59.942,2,"",M,6.000,2,"",N,NaN,,,M,NaN,,,M,NaN,,,M,NaN,,,M,NaN,,,0,NaN,,,0,NaN,,,M,NaN,,,NaN,,,NaN,,,NaN,,
2024-11-13T13:18:44.000Z,4.192,2,"",M,59.941,2,"",M,6.000,2,"",N,NaN,,,M,NaN,,,M,NaN,,,M,NaN,,,M,NaN,,,0,NaN,,,0,NaN,,,M,NaN,,,NaN,,,NaN,,,NaN,,
2024-11-13T13:23:14.000Z,4.195,2,"",M,59.944,2,"",M,6.000,2,"",N,10.963,2,"",M,30.603,2,"",M,NaN,,,M,NaN,,,M,NaN,,,0,425.664,2,"",M,1025.700,2,"",M,NaN,,,NaN,,,426.526,2,"",424.879,2,""
2024-11-13T13:25:03.000Z,4.194,2,"",M,59.944,2,"",M,6.000,2,"",N,10.967,2,"",M,30.618,2,"",M,NaN,,,M,NaN,,,M,NaN,,,0,425.605,2,"",M,1025.700,2,"",M,NaN,,,NaN,,,426.465,2,"",424.819,2,""
2024-11-13T13:26:53.000Z,4.193,2,"",M,59.944,2,"",M,6.000,2,"",N,10.974,2,"",M,30.662,2,"",M,NaN,,,M,NaN,,,M,NaN,,,0,425.816,2,"",M,1025.700,2,"",M,NaN,,,NaN,,,426.674,2,"",425.028,2,""
2024-11-13T13:28:43.000Z,4.192,2,"",M,59.943,2,"",M,6.000,2,"",N,10.967,2,"",M,30.625,2,"",M,NaN,,,M,NaN,,,M,NaN,,,0,425.767,2,"",M,1025.600,2,"",M,NaN,,,NaN,,,426.586,2,"",424.939,2,""
2024-11-13T13:30:33.000Z,4.192,2,"",M,59.943,2,"",M,6.000,2,"",N,10.968,2,"",M,30.632,2,"",M,NaN,,,M,NaN,,,M,NaN,,,0,425.778,2,"",M,1025.700,2,"",M,NaN,,,NaN,,,426.639,2,"",424.992,2,""
2024-11-13T13:35:43.000Z,4.191,2,"",M,59.942,2,"",M,6.000,2,"",N,10.970,2,"",M,30.633,2,"",M,11.420,2,"",M,1026.050,2,"",M,402.397,2,"",M,NaN,,,0,NaN,,,M,394.638,2,"",393.126,2,"",NaN,,,NaN,,
2024-11-13T13:37:35.000Z,4.192,2,"",M,59.941,2,"",M,6.000,2,"",N,10.979,2,"",M,30.636,2,"",M,11.410,2,"",M,1026.110,2,"",M,402.458,2,"",M,NaN,,,0,NaN,,,M,395.040,2,"",393.527,2,"",NaN,,,NaN,,
2024-11-13T13:39:27.000Z,4.192,2,"",M,59.941,2,"",M,6.000,2,"",N,10.985,2,"",M,30.675,2,"",M,11.420,2,"",M,1026.170,2,"",M,402.258,2,"",M,NaN,,,0,NaN,,,M,394.797,2,"",393.285,2,"",NaN,,,NaN,,
2024-11-13T13:41:41.000Z,4.192,2,"",M,59.941,2,"",M,6.000,2,"",N,10.980,2,"",M,30.666,2,"",M,11.420,2,"",M,1026.280,2,"",M,402.280,2,"",M,NaN,,,0,NaN,,,M,394.765,2,"",393.253,2,"",NaN,,,NaN,,
2024-11-13T13:43:33.000Z,4.192,2,"",M,59.941,2,"",M,6.000,2,"",N,10.986,2,"",M,30.672,2,"",M,11.420,2,"",M,1026.390,2,"",M,401.650,2,"",M,NaN,,,0,NaN,,,M,394.297,2,"",392.787,2,"",NaN,,,NaN,,
2024-11-13T13:45:25.000Z,4.193,2,"",M,59.941,2,"",M,6.000,2,"",N,10.983,2,"",M,30.668,2,"",M,11.440,2,"",M,1026.370,2,"",M,401.891,2,"",M,NaN,,,0,NaN,,,M,394.141,2,"",392.631,2,"",NaN,,,NaN,,
2024-11-13T13:47:18.000Z,4.193,2,"",M,59.940,2,"",M,6.000,2,"",N,10.979,2,"",M,30.662,2,"",M,11.430,2,"",M,1026.570,2,"",M,401.902,2,"",M,NaN,,,0,NaN,,,M,394.324,2,"",392.813,2,"",NaN,,,NaN,,
2024-11-13T13:49:10.000Z,4.194,2,"",M,59.939,2,"",M,6.000,2,"",N,10.994,2,"",M,30.689,2,"",M,11.430,2,"",M,1026.630,2,"",M,402.033,2,"",M,NaN,,,0,NaN,,,M,394.736,2,"",393.224,2,"",NaN,,,NaN,,
2024-11-13T13:51:02.000Z,4.196,2,"",M,59.936,2,"",M,6.000,2,"",N,10.987,2,"",M,30.663,2,"",M,11.440,2,"",M,1026.640,2,"",M,401.814,2,"",M,NaN,,,0,NaN,,,M,394.231,2,"",392.721,2,"",NaN,,,NaN,,
2024-11-13T13:52:54.000Z,4.197,2,"",M,59.934,2,"",M,6.000,2,"",N,10.987,2,"",M,30.656,2,"",M,11.430,2,"",M,1026.610,2,"",M,402.035,2,"",M,NaN,,,0,NaN,,,M,394.604,2,"",393.092,2,"",NaN,,,NaN,,
2024-11-13T13:54:47.000Z,4.198,2,"",M,59.932,2,"",M,6.000,2,"",N,10.991,2,"",M,30.682,2,"",M,11.430,2,"",M,1026.640,2,"",M,402.096,2,"",M,NaN,,,0,NaN,,,M,394.747,2,"",393.235,2,"",NaN,,,NaN,,
2024-11-13T13:56:39.000Z,4.199,2,"",M,59.930,2,"",M,6.000,2,"",N,11.006,2,"",M,30.694,2,"",M,11.430,2,"",M,1026.580,2,"",M,401.657,2,"",M,NaN,,,0,NaN,,,M,394.541,2,"",393.030,2,"",NaN,,,NaN,,
2024-11-13T13:58:31.000Z,4.200,2,"",M,59.928,2,"",M,6.000,2,"",N,11.034,2,"",M,30.752,2,"",M,11.450,2,"",M,1026.600,2,"",M,401.688,2,"",M,NaN,,,0,NaN,,,M,394.712,2,"",393.200,2,"",NaN,,,NaN,,
2024-11-13T14:00:23.000Z,4.201,2,"",M,59.926,2,"",M,6.000,2,"",N,11.098,2,"",M,30.898,2,"",M,11.480,2,"",M,1026.670,2,"",M,401.508,2,"",M,NaN,,,0,NaN,,,M,395.109,2,"",393.596,2,"",NaN,,,NaN,,
2024-11-13T14:02:16.000Z,4.202,2,"",M,59.924,2,"",M,6.000,2,"",N,11.173,2,"",M,30.991,2,"",M,11.530,2,"",M,1026.640,2,"",M,401.469,2,"",M,NaN,,,0,NaN,,,M,395.458,2,"",393.945,2,"",NaN,,,NaN,,
2024-11-13T14:04:08.000Z,4.203,2,"",M,59.922,2,"",M,6.000,2,"",N,11.236,2,"",M,31.168,2,"",M,11.600,2,"",M,1026.580,2,"",M,401.070,2,"",M,NaN,,,0,NaN,,,M,394.910,2,"",393.401,2,"",NaN,,,NaN,,
2024-11-13T14:06:00.000Z,4.204,2,"",M,59.920,2,"",M,6.000,2,"",N,11.281,2,"",M,31.270,2,"",M,11.660,2,"",M,1026.530,2,"",M,400.920,2,"",M,NaN,,,0,NaN,,,M,394.472,2,"",392.965,2,"",NaN,,,NaN,,
2024-11-13T14:07:52.000Z,4.204,2,"",M,59.919,2,"",M,6.000,2,"",N,11.295,2,"",M,31.306,2,"",M,11.700,2,"",M,1026.430,2,"",M,400.731,2,"",M,NaN,,,0,NaN,,,M,393.801,2,"",392.298,2,"",NaN,,,NaN,,
2024-11-13T14:09:44.000Z,4.205,2,"",M,59.917,2,"",M,6.000,2,"",N,11.305,2,"",M,31.339,2,"",M,11.720,2,"",M,1026.400,2,"",M,400.832,2,"",M,NaN,,,0,NaN,,,M,393.714,2,"",392.212,2,"",NaN,,,NaN,,
2024-11-13T14:11:37.000Z,4.206,2,"",M,59.916,2,"",M,6.000,2,"",N,11.314,2,"",M,31.351,2,"",M,11.750,2,"",M,1026.180,2,"",M,400.893,2,"",M,NaN,,,0,NaN,,,M,393.327,2,"",391.827,2,"",NaN,,,NaN,,
2024-11-13T14:13:29.000Z,4.207,2,"",M,59.914,2,"",M,6.000,2,"",N,11.322,2,"",M,31.364,2,"",M,11.760,2,"",M,1026.310,2,"",M,401.305,2,"",M,NaN,,,0,NaN,,,M,393.741,2,"",392.239,2,"",NaN,,,NaN,,
2024-11-13T14:15:21.000Z,4.207,2,"",M,59.913,2,"",M,6.000,2,"",N,11.325,2,"",M,31.373,2,"",M,11.760,2,"",M,1026.220,2,"",M,401.476,2,"",M,NaN,,,0,NaN,,,M,393.931,2,"",392.429,2,"",NaN,,,NaN,,
2024-11-13T14:17:13.000Z,4.208,2,"",M,59.911,2,"",M,6.000,2,"",N,11.329,2,"",M,31.385,2,"",M,11.760,2,"",M,1026.140,2,"",M,401.538,2,"",M,NaN,,,0,NaN,,,M,394.031,2,"",392.529,2,"",NaN,,,NaN,,
2024-11-13T14:19:05.000Z,4.209,2,"",M,59.909,2,"",M,6.000,2,"",N,11.329,2,"",M,31.391,2,"",M,11.760,2,"",M,1026.030,2,"",M,401.859,2,"",M,NaN,,,0,NaN,,,M,394.293,2,"",392.790,2,"",NaN,,,NaN,,
2024-11-13T14:20:58.000Z,4.210,2,"",M,59.908,2,"",M,6.000,2,"",N,11.332,2,"",M,31.398,2,"",M,11.760,2,"",M,1025.940,2,"",M,401.640,2,"",M,NaN,,,0,NaN,,,M,394.090,2,"",392.588,2,"",NaN,,,NaN,,
2024-11-13T14:22:50.000Z,4.210,2,"",M,59.906,2,"",M,6.000,2,"",N,11.337,2,"",M,31.400,2,"",M,11.770,2,"",M,1025.930,2,"",M,401.991,2,"",M,NaN,,,0,NaN,,,M,394.355,2,"",392.852,2,"",NaN,,,NaN,,
2024-11-13T14:24:42.000Z,4.210,2,"",M,59.905,2,"",M,6.000,2,"",N,11.337,2,"",M,31.402,2,"",M,11.780,2,"",M,1025.790,2,"",M,402.503,2,"",M,NaN,,,0,NaN,,,M,394.630,2,"",393.126,2,"",NaN,,,NaN,,
2024-11-13T14:26:34.000Z,4.210,2,"",M,59.905,2,"",M,6.000,2,"",N,11.334,2,"",M,31.403,2,"",M,11.780,2,"",M,1026.200,2,"",M,403.055,2,"",M,NaN,,,0,NaN,,,M,395.287,2,"",393.780,2,"",NaN,,,NaN,,
2024-11-13T14:28:27.000Z,4.210,2,"",M,59.904,2,"",M,6.000,2,"",N,11.333,2,"",M,31.401,2,"",M,11.770,2,"",M,1025.890,2,"",M,403.407,2,"",M,NaN,,,0,NaN,,,M,395.659,2,"",394.151,2,"",NaN,,,NaN,,
2024-11-13T14:30:19.000Z,4.210,2,"",M,59.903,2,"",M,6.000,2,"",N,11.329,2,"",M,31.400,2,"",M,11.770,2,"",M,1026.040,2,"",M,403.158,2,"",M,NaN,,,0,NaN,,,M,395.405,2,"",393.898,2,"",NaN,,,NaN,,
2024-11-13T14:32:11.000Z,4.210,2,"",M,59.902,2,"",M,6.000,2,"",N,11.322,2,"",M,31.398,2,"",M,11.760,2,"",M,1026.310,2,"",M,403.129,2,"",M,NaN,,,0,NaN,,,M,395.536,2,"",394.027,2,"",NaN,,,NaN,,
2024-11-13T14:34:03.000Z,4.209,2,"",M,59.901,2,"",M,6.000,2,"",N,11.319,2,"",M,31.395,2,"",M,11.760,2,"",M,1025.770,2,"",M,402.999,2,"",M,NaN,,,0,NaN,,,M,395.147,2,"",393.641,2,"",NaN,,,NaN,,
2024-11-13T14:35:56.000Z,4.209,2,"",M,59.899,2,"",M,6.000,2,"",N,11.315,2,"",M,31.391,2,"",M,11.760,2,"",M,1025.720,2,"",M,403.060,2,"",M,NaN,,,0,NaN,,,M,395.115,2,"",393.609,2,"",NaN,,,NaN,,
2024-11-13T14:37:48.000Z,4.208,2,"",M,59.897,2,"",M,6.000,2,"",N,11.309,2,"",M,31.391,2,"",M,11.760,2,"",M,1025.600,2,"",M,403.242,2,"",M,NaN,,,0,NaN,,,M,395.152,2,"",393.646,2,"",NaN,,,NaN,,
2024-11-13T14:39:40.000Z,4.210,2,"",M,59.895,2,"",M,6.000,2,"",N,11.312,2,"",M,31.390,2,"",M,11.750,2,"",M,1025.640,2,"",M,403.143,2,"",M,NaN,,,0,NaN,,,M,395.294,2,"",393.787,2,"",NaN,,,NaN,,
2024-11-13T14:41:53.000Z,4.213,2,"",M,59.899,2,"",M,6.000,2,"",N,11.313,2,"",M,31.388,2,"",M,11.750,2,"",M,1025.550,2,"",M,402.994,2,"",M,NaN,,,0,NaN,,,M,395.117,2,"",393.612,2,"",NaN,,,NaN,,
2024-11-13T14:43:46.000Z,4.212,2,"",M,59.904,2,"",M,6.000,2,"",N,11.313,2,"",M,31.382,2,"",M,11.750,2,"",M,1025.820,2,"",M,403.005,2,"",M,NaN,,,0,NaN,,,M,395.237,2,"",393.730,2,"",NaN,,,NaN,,
2024-11-13T14:45:38.000Z,4.212,2,"",M,59.909,2,"",M,6.000,2,"",N,11.323,2,"",M,31.383,2,"",M,11.740,2,"",M,1025.400,2,"",M,402.655,2,"",M,NaN,,,0,NaN,,,M,395.080,2,"",393.574,2,"",NaN,,,NaN,,
2024-11-13T14:47:30.000Z,4.211,2,"",M,59.914,2,"",M,6.000,2,"",N,11.269,2,"",M,31.393,2,"",M,11.770,2,"",M,1025.440,2,"",M,402.796,2,"",M,NaN,,,0,NaN,,,M,393.810,2,"",392.310,2,"",NaN,,,NaN,,
2024-11-13T14:49:22.000Z,4.211,2,"",M,59.919,2,"",M,6.000,2,"",N,11.044,2,"",M,30.941,2,"",M,11.740,2,"",M,1025.580,2,"",M,402.807,2,"",M,NaN,,,0,NaN,,,M,390.660,2,"",389.171,2,"",NaN,,,NaN,,
2024-11-13T14:51:14.000Z,4.210,2,"",M,59.924,2,"",M,6.000,2,"",N,10.980,2,"",M,30.707,2,"",M,11.520,2,"",M,1025.690,2,"",M,402.798,2,"",M,NaN,,,0,NaN,,,M,393.356,2,"",391.852,2,"",NaN,,,NaN,,
2024-11-13T14:53:07.000Z,4.210,2,"",M,59.929,2,"",M,6.000,2,"",N,10.976,2,"",M,30.651,2,"",M,11.440,2,"",M,1025.490,2,"",M,402.559,2,"",M,NaN,,,0,NaN,,,M,394.324,2,"",392.815,2,"",NaN,,,NaN,,
2024-11-13T14:54:59.000Z,4.210,2,"",M,59.934,2,"",M,6.000,2,"",N,10.980,2,"",M,30.640,2,"",M,11.420,2,"",M,1025.240,2,"",M,402.179,2,"",M,NaN,,,0,NaN,,,M,394.263,2,"",392.755,2,"",NaN,,,NaN,,
2024-11-13T14:56:51.000Z,4.209,2,"",M,59.940,2,"",M,6.000,2,"",N,10.981,2,"",M,30.621,2,"",M,11.420,2,"",M,1025.390,2,"",M,402.020,2,"",M,NaN,,,0,NaN,,,M,394.186,2,"",392.678,2,"",NaN,,,NaN,,
2024-11-13T14:58:43.000Z,4.209,2,"",M,59.943,2,"",M,6.000,2,"",N,10.979,2,"",M,30.566,2,"",M,11.430,2,"",M,1025.530,2,"",M,402.472,2,"",M,NaN,,,0,NaN,,,M,394.479,2,"",392.970,2,"",NaN,,,NaN,,
2024-11-13T15:00:36.000Z,4.209,2,"",M,59.944,2,"",M,6.000,2,"",N,10.976,2,"",M,30.550,2,"",M,11.430,2,"",M,1025.500,2,"",M,403.114,2,"",M,NaN,,,0,NaN,,,M,395.049,2,"",393.537,2,"",NaN,,,NaN,,
2024-11-13T15:02:28.000Z,4.208,2,"",M,59.946,2,"",M,6.000,2,"",N,10.974,2,"",M,30.538,2,"",M,11.420,2,"",M,1025.480,2,"",M,403.365,2,"",M,NaN,,,0,NaN,,,M,395.430,2,"",393.917,2,"",NaN,,,NaN,,
2024-11-13T15:04:20.000Z,4.208,2,"",M,59.946,2,"",M,6.000,2,"",N,10.976,2,"",M,30.531,2,"",M,11.420,2,"",M,1025.620,2,"",M,403.707,2,"",M,NaN,,,0,NaN,,,M,395.848,2,"",394.333,2,"",NaN,,,NaN,,
2024-11-13T15:06:12.000Z,4.209,2,"",M,59.947,2,"",M,6.000,2,"",N,10.975,2,"",M,30.524,2,"",M,11.420,2,"",M,1025.630,2,"",M,403.778,2,"",M,NaN,,,0,NaN,,,M,395.909,2,"",394.394,2,"",NaN,,,NaN,,
2024-11-13T15:08:04.000Z,4.210,2,"",M,59.947,2,"",M,6.000,2,"",N,10.976,2,"",M,30.519,2,"",M,11.420,2,"",M,1025.460,2,"",M,403.979,2,"",M,NaN,,,0,NaN,,,M,396.047,2,"",394.531,2,"",NaN,,,NaN,,
2024-11-13T15:09:56.000Z,4.210,2,"",M,59.947,2,"",M,6.000,2,"",N,10.977,2,"",M,30.521,2,"",M,11.420,2,"",M,1025.270,2,"",M,403.770,2,"",M,NaN,,,0,NaN,,,M,395.797,2,"",394.283,2,"",NaN,,,NaN,,
2024-11-13T15:11:48.000Z,4.211,2,"",M,59.947,2,"",M,6.000,2,"",N,10.977,2,"",M,30.525,2,"",M,11.420,2,"",M,1025.360,2,"",M,403.921,2,"",M,NaN,,,0,NaN,,,M,395.968,2,"",394.453,2,"",NaN,,,NaN,,
2024-11-13T15:13:41.000Z,4.212,2,"",M,59.947,2,"",M,6.000,2,"",N,10.976,2,"",M,30.526,2,"",M,11.420,2,"",M,1025.254,2,"",M,404.113,2,"",M,NaN,,,0,NaN,,,M,396.100,2,"",394.584,2,"",NaN,,,NaN,,
2024-11-13T15:15:33.000Z,4.212,2,"",M,59.947,2,"",M,6.000,2,"",N,10.979,2,"",M,30.528,2,"",M,11.410,2,"",M,1025.070,2,"",M,404.074,2,"",M,NaN,,,0,NaN,,,M,396.214,2,"",394.698,2,"",NaN,,,NaN,,
2024-11-13T15:17:25.000Z,4.213,2,"",M,59.947,2,"",M,6.000,2,"",N,10.982,2,"",M,30.539,2,"",M,11.410,2,"",M,1025.260,2,"",M,404.015,2,"",M,NaN,,,0,NaN,,,M,396.283,2,"",394.766,2,"",NaN,,,NaN,,
2024-11-13T15:19:17.000Z,4.213,2,"",M,59.947,2,"",M,6.000,2,"",N,10.983,2,"",M,30.546,2,"",M,11.430,2,"",M,1025.220,2,"",M,404.096,2,"",M,NaN,,,0,NaN,,,M,396.013,2,"",394.498,2,"",NaN,,,NaN,,
2024-11-13T15:21:10.000Z,4.214,2,"",M,59.947,2,"",M,6.000,2,"",N,10.980,2,"",I,30.548,2,"",I,11.430,2,"",M,1025.210,2,"",M,403.886,2,"",M,NaN,,,0,NaN,,,M,395.757,2,"",394.243,2,"",NaN,,,NaN,,
2024-11-13T15:23:02.000Z,4.215,2,"",M,59.947,2,"",M,6.000,2,"",N,10.977,2,"",M,30.550,2,"",M,11.420,2,"",M,1025.380,2,"",M,403.837,2,"",M,NaN,,,0,NaN,,,M,395.900,2,"",394.385,2,"",NaN,,,NaN,,
2024-11-13T15:24:54.000Z,4.215,2,"",M,59.948,2,"",M,6.000,2,"",N,10.979,2,"",M,30.547,2,"",M,11.340,2,"",M,1025.030,2,"",M,403.608,2,"",M,NaN,,,0,NaN,,,M,396.942,2,"",395.422,2,"",NaN,,,NaN,,
2024-11-13T15:26:46.000Z,4.214,2,"",M,59.947,2,"",M,6.000,2,"",N,11.001,2,"",M,30.576,2,"",M,11.360,2,"",M,1025.100,2,"",M,403.208,2,"",M,NaN,,,0,NaN,,,M,396.604,2,"",395.085,2,"",NaN,,,NaN,,
2024-11-13T15:28:38.000Z,4.213,2,"",M,59.946,2,"",M,6.000,2,"",N,10.999,2,"",M,30.585,2,"",M,11.380,2,"",M,1025.050,2,"",M,402.979,2,"",M,NaN,,,0,NaN,,,M,395.983,2,"",394.467,2,"",NaN,,,NaN,,
2024-11-13T15:30:31.000Z,4.213,2,"",M,59.944,2,"",M,6.000,2,"",N,10.989,2,"",M,30.569,2,"",M,11.390,2,"",M,1025.055,2,"",M,403.210,2,"",M,NaN,,,0,NaN,,,M,395.870,2,"",394.355,2,"",NaN,,,NaN,,
2024-11-13T15:32:23.000Z,4.213,2,"",M,59.942,2,"",M,6.000,2,"",N,10.983,2,"",M,30.565,2,"",M,11.380,2,"",M,1025.060,2,"",M,403.161,2,"",M,NaN,,,0,NaN,,,M,395.889,2,"",394.374,2,"",NaN,,,NaN,,
2024-11-13T15:34:15.000Z,4.214,2,"",M,59.940,2,"",M,6.000,2,"",N,10.977,2,"",M,30.565,2,"",M,11.370,2,"",M,1025.020,2,"",M,403.042,2,"",M,NaN,,,0,NaN,,,M,395.833,2,"",394.318,2,"",NaN,,,NaN,,
2024-11-13T15:36:07.000Z,4.214,2,"",M,59.938,2,"",M,6.000,2,"",N,10.971,2,"",M,30.579,2,"",M,11.330,2,"",M,1024.970,2,"",M,403.133,2,"",M,NaN,,,0,NaN,,,M,396.492,2,"",394.973,2,"",NaN,,,NaN,,
2024-11-13T15:38:00.000Z,4.215,2,"",M,59.936,2,"",M,6.000,2,"",N,10.968,2,"",M,30.605,2,"",M,11.320,2,"",M,1024.690,2,"",M,402.794,2,"",M,NaN,,,0,NaN,,,M,396.159,2,"",394.642,2,"",NaN,,,NaN,,
2024-11-13T15:39:52.000Z,4.215,2,"",M,59.933,2,"",M,6.000,2,"",N,10.969,2,"",M,30.626,2,"",M,11.330,2,"",M,1024.692,2,"",M,402.484,2,"",M,NaN,,,0,NaN,,,M,395.700,2,"",394.185,2,"",NaN,,,NaN,,
2024-11-13T15:42:05.000Z,4.216,2,"",M,59.931,2,"",M,6.000,2,"",N,10.965,2,"",M,30.646,2,"",M,11.320,2,"",M,1024.880,2,"",M,402.135,2,"",M,NaN,,,0,NaN,,,M,395.530,2,"",394.016,2,"",NaN,,,NaN,,
2024-11-13T15:43:57.000Z,4.217,2,"",M,59.928,2,"",M,6.000,2,"",N,10.957,2,"",M,30.650,2,"",M,11.310,2,"",M,1025.064,2,"",M,401.705,2,"",M,NaN,,,0,NaN,,,M,395.217,2,"",393.703,2,"",NaN,,,NaN,,
2024-11-13T15:45:50.000Z,4.218,2,"",M,59.926,2,"",M,6.000,2,"",N,10.951,2,"",M,30.664,2,"",M,11.300,2,"",M,1025.310,2,"",M,401.375,2,"",M,NaN,,,0,NaN,,,M,395.064,2,"",393.550,2,"",NaN,,,NaN,,
2024-11-13T15:47:42.000Z,4.219,2,"",M,59.925,2,"",M,6.000,2,"",N,10.952,2,"",M,30.687,2,"",M,11.300,2,"",M,1025.180,2,"",M,401.176,2,"",M,NaN,,,0,NaN,,,M,394.834,2,"",393.321,2,"",NaN,,,NaN,,
2024-11-13T15:49:34.000Z,4.219,2,"",M,59.924,2,"",M,6.000,2,"",N,10.957,2,"",M,30.709,2,"",M,11.300,2,"",M,1025.320,2,"",M,401.167,2,"",M,NaN,,,0,NaN,,,M,394.960,2,"",393.447,2,"",NaN,,,NaN,,
2024-11-13T15:51:26.000Z,4.220,2,"",M,59.922,2,"",M,6.000,2,"",N,10.959,2,"",M,30.719,2,"",M,11.310,2,"",M,1025.280,2,"",M,400.637,2,"",M,NaN,,,0,NaN,,,M,394.299,2,"",392.788,2,"",NaN,,,NaN,,
2024-11-13T15:53:19.000Z,4.220,2,"",M,59.921,2,"",M,6.000,2,"",N,10.964,2,"",M,30.743,2,"",M,11.390,2,"",M,1025.230,2,"",M,400.758,2,"",M,NaN,,,0,NaN,,,M,393.109,2,"",391.604,2,"",NaN,,,NaN,,
2024-11-13T15:55:10.000Z,4.221,2,"",M,59.919,2,"",M,6.000,2,"",N,10.963,2,"",M,30.761,2,"",M,11.390,2,"",M,1025.290,2,"",M,401.270,2,"",M,NaN,,,0,NaN,,,M,393.617,2,"",392.110,2,"",NaN,,,NaN,,
2024-11-13T15:57:02.000Z,4.222,2,"",M,59.918,2,"",M,6.000,2,"",N,10.963,2,"",M,30.772,2,"",M,11.390,2,"",M,1025.500,2,"",M,401.451,2,"",M,NaN,,,0,NaN,,,M,393.888,2,"",392.380,2,"",NaN,,,NaN,,
2024-11-13T15:58:55.000Z,4.223,2,"",M,59.916,2,"",M,6.000,2,"",N,10.971,2,"",M,30.794,2,"",M,11.390,2,"",M,1025.610,2,"",M,401.172,2,"",M,NaN,,,0,NaN,,,M,393.781,2,"",392.273,2,"",NaN,,,NaN,,
2024-11-13T16:00:47.000Z,4.223,2,"",M,59.915,2,"",M,6.000,2,"",N,10.982,2,"",M,30.823,2,"",M,11.390,2,"",M,1025.640,2,"",M,401.233,2,"",M,NaN,,,0,NaN,,,M,394.039,2,"",392.531,2,"",NaN,,,NaN,,
2024-11-13T16:02:39.000Z,4.224,2,"",M,59.913,2,"",M,6.000,2,"",N,10.980,2,"",M,30.839,2,"",M,11.400,2,"",M,1025.380,2,"",M,400.974,2,"",M,NaN,,,0,NaN,,,M,393.480,2,"",391.973,2,"",NaN,,,NaN,,
2024-11-13T16:04:31.000Z,4.225,2,"",M,59.912,2,"",M,6.000,2,"",N,10.997,2,"",M,30.883,2,"",M,11.410,2,"",M,1025.450,2,"",M,400.714,2,"",M,NaN,,,0,NaN,,,M,393.360,2,"",391.854,2,"",NaN,,,NaN,,
2024-11-13T16:06:24.000Z,4.226,2,"",M,59.910,2,"",M,6.000,2,"",N,11.003,2,"",M,30.909,2,"",M,11.430,2,"",M,1025.510,2,"",M,400.635,2,"",M,NaN,,,0,NaN,,,M,393.069,2,"",391.565,2,"",NaN,,,NaN,,
2024-11-13T16:08:16.000Z,4.226,2,"",M,59.909,2,"",M,6.000,2,"",N,11.002,2,"",M,30.918,2,"",M,11.430,2,"",M,1025.290,2,"",M,401.217,2,"",M,NaN,,,0,NaN,,,M,393.549,2,"",392.043,2,"",NaN,,,NaN,,
2024-11-13T16:10:08.000Z,4.227,2,"",M,59.908,2,"",M,6.000,2,"",N,11.006,2,"",M,30.927,2,"",M,11.430,2,"",M,1025.410,2,"",M,400.807,2,"",M,NaN,,,0,NaN,,,M,393.255,2,"",391.750,2,"",NaN,,,NaN,,
2024-11-13T16:12:00.000Z,4.227,2,"",M,59.907,2,"",M,6.000,2,"",N,11.023,2,"",M,30.950,2,"",M,11.430,2,"",M,1025.090,2,"",M,400.558,2,"",M,NaN,,,0,NaN,,,M,393.164,2,"",391.660,2,"",NaN,,,NaN,,
2024-11-13T16:13:52.000Z,4.228,2,"",M,59.907,2,"",M,6.000,2,"",N,11.026,2,"",M,30.971,2,"",M,11.440,2,"",M,1025.230,2,"",M,400.629,2,"",M,NaN,,,0,NaN,,,M,393.166,2,"",391.662,2,"",NaN,,,NaN,,
2024-11-13T16:15:45.000Z,4.228,2,"",M,59.906,2,"",M,6.000,2,"",N,11.034,2,"",M,30.993,2,"",M,11.450,2,"",M,1025.160,2,"",M,400.640,2,"",M,NaN,,,0,NaN,,,M,393.124,2,"",391.621,2,"",NaN,,,NaN,,
2024-11-13T16:17:37.000Z,4.228,2,"",M,59.905,2,"",M,6.000,2,"",N,11.036,2,"",M,30.999,2,"",M,11.470,2,"",M,1025.230,2,"",M,401.142,2,"",M,NaN,,,0,NaN,,,M,393.325,2,"",391.821,2,"",NaN,,,NaN,,
2024-11-13T16:19:30.000Z,4.228,2,"",M,59.904,2,"",M,6.000,2,"",N,11.039,2,"",M,31.004,2,"",M,11.470,2,"",M,1025.010,2,"",M,400.903,2,"",M,NaN,,,0,NaN,,,M,393.068,2,"",391.566,2,"",NaN,,,NaN,,
2024-11-13T16:21:21.000Z,4.229,2,"",M,59.903,2,"",M,6.000,2,"",N,11.049,2,"",M,31.019,2,"",M,11.470,2,"",M,1025.159,2,"",M,400.894,2,"",M,NaN,,,0,NaN,,,M,393.281,2,"",391.777,2,"",NaN,,,NaN,,
2024-11-13T16:23:14.000Z,4.229,2,"",M,59.901,2,"",M,6.000,2,"",N,11.058,2,"",M,31.038,2,"",M,11.480,2,"",M,1025.280,2,"",M,401.015,2,"",M,NaN,,,0,NaN,,,M,393.430,2,"",391.926,2,"",NaN,,,NaN,,
2024-11-13T16:25:06.000Z,4.229,2,"",M,59.900,2,"",M,6.000,2,"",N,11.064,2,"",M,31.052,2,"",M,11.490,2,"",M,1024.930,2,"",M,401.096,2,"",M,NaN,,,0,NaN,,,M,393.301,2,"",391.798,2,"",NaN,,,NaN,,
2024-11-13T16:26:58.000Z,4.228,2,"",M,59.899,2,"",M,6.000,2,"",N,11.075,2,"",M,31.071,2,"",M,11.500,2,"",M,1024.640,2,"",M,401.538,2,"",M,NaN,,,0,NaN,,,M,393.633,2,"",392.130,2,"",NaN,,,NaN,,
2024-11-13T16:28:50.000Z,4.227,2,"",M,59.901,2,"",M,6.000,2,"",N,11.078,2,"",M,31.082,2,"",M,11.510,2,"",M,1024.780,2,"",M,401.218,2,"",M,NaN,,,0,NaN,,,M,393.250,2,"",391.748,2,"",NaN,,,NaN,,
2024-11-13T16:30:43.000Z,4.227,2,"",M,59.905,2,"",M,6.000,2,"",N,11.081,2,"",M,31.092,2,"",M,11.520,2,"",M,1025.050,2,"",M,401.410,2,"",M,NaN,,,0,NaN,,,M,393.423,2,"",391.920,2,"",NaN,,,NaN,,
2024-11-13T16:32:35.000Z,4.226,2,"",M,59.910,2,"",M,6.000,2,"",N,11.055,2,"",M,31.065,2,"",M,11.530,2,"",M,1025.190,2,"",M,401.100,2,"",M,NaN,,,0,NaN,,,M,392.580,2,"",391.080,2,"",NaN,,,NaN,,
2024-11-13T16:34:27.000Z,4.224,2,"",M,59.913,2,"",M,6.000,2,"",N,10.985,2,"",M,30.933,2,"",M,11.500,2,"",M,1024.890,2,"",M,401.682,2,"",M,NaN,,,0,NaN,,,M,392.378,2,"",390.878,2,"",NaN,,,NaN,,
2024-11-13T16:36:19.000Z,4.224,2,"",M,59.915,2,"",M,6.000,2,"",N,10.969,2,"",M,30.853,2,"",M,11.430,2,"",M,1024.840,2,"",M,401.914,2,"",M,NaN,,,0,NaN,,,M,393.503,2,"",391.998,2,"",NaN,,,NaN,,
2024-11-13T16:38:12.000Z,4.223,2,"",M,59.916,2,"",M,6.000,2,"",N,10.999,2,"",M,30.900,2,"",M,11.410,2,"",M,1024.520,2,"",M,401.764,2,"",M,NaN,,,0,NaN,,,M,394.061,2,"",392.554,2,"",NaN,,,NaN,,
2024-11-13T16:40:04.000Z,4.223,2,"",M,59.916,2,"",M,6.000,2,"",N,11.076,2,"",M,30.983,2,"",M,11.440,2,"",M,1025.000,2,"",M,401.505,2,"",M,NaN,,,0,NaN,,,M,394.769,2,"",393.260,2,"",NaN,,,NaN,,
2024-11-13T16:42:17.000Z,4.223,2,"",M,59.916,2,"",M,6.000,2,"",N,10.999,2,"",M,30.950,2,"",M,11.510,2,"",M,1025.160,2,"",M,401.696,2,"",M,NaN,,,0,NaN,,,M,392.553,2,"",391.053,2,"",NaN,,,NaN,,
2024-11-13T16:46:47.000Z,4.223,2,"",M,59.916,2,"",M,6.000,2,"",N,NaN,,,M,NaN,,,M,NaN,,,M,NaN,,,M,NaN,,,0,NaN,,,0,NaN,,,M,NaN,,,NaN,,,NaN,,,NaN,,
2024-11-13T16:48:36.000Z,4.223,2,"",M,59.916,2,"",M,6.000,2,"",N,NaN,,,M,NaN,,,M,NaN,,,M,NaN,,,M,NaN,,,0,NaN,,,0,NaN,,,M,NaN,,,NaN,,,NaN,,,NaN,,
2024-11-13T16:50:26.000Z,4.223,2,"",M,59.916,2,"",M,6.000,2,"",N,NaN,,,M,NaN,,,M,NaN,,,M,NaN,,,M,NaN,,,0,NaN,,,0,NaN,,,M,NaN,,,NaN,,,NaN,,,NaN,,
2024-11-13T16:54:56.000Z,4.223,2,"",M,59.916,2,"",M,6.000,2,"",N,NaN,,,M,NaN,,,M,NaN,,,M,NaN,,,M,NaN,,,0,NaN,,,0,NaN,,,M,NaN,,,NaN,,,NaN,,,NaN,,
2024-11-13T16:56:46.000Z,4.223,2,"",M,59.916,2,"",M,6.000,2,"",N,NaN,,,M,NaN,,,M,NaN,,,M,NaN,,,M,NaN,,,0,NaN,,,0,NaN,,,M,NaN,,,NaN,,,NaN,,,NaN,,
2024-11-13T16:58:35.000Z,4.223,2,"",M,59.916,2,"",M,6.000,2,"",N,NaN,,,M,NaN,,,M,NaN,,,M,NaN,,,M,NaN,,,0,NaN,,,0,NaN,,,M,NaN,,,NaN,,,NaN,,,NaN,,
2024-11-13T17:05:31.000Z,4.223,2,"",M,59.916,2,"",M,6.000,2,"",N,NaN,,,M,NaN,,,M,NaN,,,M,NaN,,,M,NaN,,,0,NaN,,,0,NaN,,,M,NaN,,,NaN,,,NaN,,,NaN,,
2024-11-13T17:10:01.000Z,4.223,2,"",M,59.916,2,"",M,6.000,2,"",N,NaN,,,M,NaN,,,M,NaN,,,M,NaN,,,M,NaN,,,0,NaN,,,0,NaN,,,M,NaN,,,NaN,,,NaN,,,NaN,,
2024-11-13T17:14:31.000Z,4.223,2,"",M,59.916,2,"",M,6.000,2,"",N,NaN,,,M,NaN,,,M,NaN,,,M,NaN,,,M,NaN,,,0,NaN,,,0,NaN,,,M,NaN,,,NaN,,,NaN,,,NaN,,
