Date/Time,Longitude,Longitude QC Flag,Longitude QC Comment,Longitude Type,Latitude,Latitude QC Flag,Latitude QC Comment,Latitude Type,Depth [m],Depth [m] QC Flag,Depth [m] QC Comment,Depth [m] Type,Temp [degC],Temp [degC] QC Flag,Temp [degC] QC Comment,Temp [degC] Type,P_sal [psu],P_sal [psu] QC Flag,P_sal [psu] QC Comment,P_sal [psu] Type,Temperature of Equilibration [degC],Temperature of Equilibration [degC] QC Flag,Temperature of Equilibration [degC] QC Comment,Temperature of Equilibration [degC] Type,Equilibrator Pressure,Equilibrator Pressure QC Flag,Equilibrator Pressure QC Comment,Equilibrator Pressure Type,xCO2 In Water - Calibrated In Dry Air [umol mol-1],xCO2 In Water - Calibrated In Dry Air [umol mol-1] QC Flag,xCO2 In Water - Calibrated In Dry Air [umol mol-1] QC Comment,xCO2 In Water - Calibrated In Dry Air [umol mol-1] Type,xCO₂ atm,xCO₂ atm QC Flag,xCO₂ atm QC Comment,xCO₂ atm Type,Atmospheric Pressure [hPa],Atmospheric Pressure [hPa] QC Flag,Atmospheric Pressure [hPa] QC Comment,Atmospheric Pressure [hPa] Type,pCO2 [uatm],pCO2 [uatm] QC Flag,pCO2 [uatm] QC Comment,fCO2 [uatm],fCO2 [uatm] QC Flag,fCO2 [uatm] QC Comment,xCO2 in atmosphere [umol mol-1],xCO2 in atmosphere [umol mol-1] QC Flag,xCO2 in atmosphere [umol mol-1] QC Comment,pCO2 in atmosphere [uatm],pCO2 in atmosphere [uatm] QC Flag,pCO2 in atmosphere [uatm] QC Comment,fCO2 in atmosphere [uatm],fCO2 in atmosphere [uatm] QC Flag,fCO2 in atmosphere [uatm] QC Comment
2023-08-03T14:43:11.000Z,5.173,2,"",M,60.342,2,"",M,6.000,2,"",N,NaN,,,M,NaN,,,M,NaN,,,M,NaN,,,M,NaN,,,0,NaN,,,0,NaN,,,M,NaN,,,NaN,,,NaN,,,NaN,,,NaN,,
2023-08-03T14:48:05.000Z,5.195,2,"",M,60.332,2,"",M,6.000,2,"",N,NaN,,,M,NaN,,,M,NaN,,,M,NaN,,,M,NaN,,,0,NaN,,,0,NaN,,,M,NaN,,,NaN,,,NaN,,,NaN,,,NaN,,
2023-08-03T14:52:35.000Z,5.196,2,"",M,60.319,2,"",M,6.000,2,"",N,NaN,,,M,NaN,,,M,NaN,,,M,NaN,,,M,NaN,,,0,NaN,,,0,NaN,,,M,NaN,,,NaN,,,NaN,,,NaN,,,NaN,,
2023-08-03T14:54:24.000Z,5.196,2,"",M,60.313,2,"",M,6.000,2,"",N,NaN,,,M,NaN,,,M,NaN,,,M,NaN,,,M,NaN,,,0,NaN,,,0,NaN,,,M,NaN,,,NaN,,,NaN,,,NaN,,,NaN,,
2023-08-03T14:56:14.000Z,5.195,2,"",M,60.308,2,"",M,6.000,2,"",N,NaN,,,M,NaN,,,M,NaN,,,M,NaN,,,M,NaN,,,0,NaN,,,0,NaN,,,M,NaN,,,NaN,,,NaN,,,NaN,,,NaN,,
2023-08-03T15:00:44.000Z,5.193,2,"",M,60.295,2,"",M,6.000,2,"",N,NaN,,,M,NaN,,,M,NaN,,,M,NaN,,,M,NaN,,,0,NaN,,,0,NaN,,,M,NaN,,,NaN,,,NaN,,,NaN,,,NaN,,
2023-08-03T15:02:34.000Z,5.193,2,"",M,60.289,2,"",M,6.000,2,"",N,NaN,,,M,NaN,,,M,NaN,,,M,NaN,,,M,NaN,,,0,NaN,,,0,NaN,,,M,NaN,,,NaN,,,NaN,,,NaN,,,NaN,,
2023-08-03T15:04:23.000Z,5.189,2,"",M,60.284,2,"",M,6.000,2,"",N,NaN,,,M,NaN,,,M,NaN,,,M,NaN,,,M,NaN,,,0,NaN,,,0,NaN,,,M,NaN,,,NaN,,,NaN,,,NaN,,,NaN,,
2023-08-03T15:08:53.000Z,5.171,2,"",M,60.275,2,"",M,6.000,2,"",N,NaN,,,M,NaN,,,M,NaN,,,M,NaN,,,M,NaN,,,0,NaN,,,0,NaN,,,M,NaN,,,NaN,,,NaN,,,NaN,,,NaN,,
2023-08-03T15:10:43.000Z,5.164,2,"",M,60.271,2,"",M,6.000,2,"",N,NaN,,,M,NaN,,,M,NaN,,,M,NaN,,,M,NaN,,,0,NaN,,,0,NaN,,,M,NaN,,,NaN,,,NaN,,,NaN,,,NaN,,
2023-08-03T15:12:32.000Z,5.160,2,"",M,60.266,2,"",M,6.000,2,"",N,NaN,,,M,NaN,,,M,NaN,,,M,NaN,,,M,NaN,,,0,NaN,,,0,NaN,,,M,NaN,,,NaN,,,NaN,,,NaN,,,NaN,,
2023-08-03T15:17:02.000Z,5.154,2,"",M,60.253,2,"",M,6.000,2,"",N,NaN,,,0,NaN,,,0,NaN,,,M,NaN,,,M,NaN,,,0,408.098,2,"",M,996.800,2,"",M,NaN,,,NaN,,,408.098,4,"Intake Temperature NaN",NaN,,,NaN,,
2023-08-03T15:18:52.000Z,5.154,2,"",M,60.247,2,"",M,6.000,2,"",N,NaN,,,0,NaN,,,0,NaN,,,M,NaN,,,M,NaN,,,0,408.287,2,"",M,996.800,2,"",M,NaN,,,NaN,,,408.287,4,"Intake Temperature NaN",NaN,,,NaN,,
2023-08-03T15:20:42.000Z,5.155,2,"",M,60.241,2,"",M,6.000,2,"",N,NaN,,,0,NaN,,,0,NaN,,,M,NaN,,,M,NaN,,,0,408.667,2,"",M,996.900,2,"",M,NaN,,,NaN,,,408.667,4,"Intake Temperature NaN",NaN,,,NaN,,
2023-08-03T15:22:31.000Z,5.159,2,"",M,60.235,2,"",M,6.000,2,"",N,NaN,,,0,NaN,,,0,NaN,,,M,NaN,,,M,NaN,,,0,407.649,2,"",M,996.900,2,"",M,NaN,,,NaN,,,407.649,4,"Intake Temperature NaN",NaN,,,NaN,,
2023-08-03T15:24:21.000Z,5.163,2,"",M,60.230,2,"",M,6.000,2,"",N,NaN,,,0,NaN,,,0,NaN,,,M,NaN,,,M,NaN,,,0,407.828,2,"",M,996.900,2,"",M,NaN,,,NaN,,,407.828,4,"Intake Temperature NaN",NaN,,,NaN,,
2023-08-03T15:29:30.000Z,5.178,2,"",M,60.215,2,"",M,6.000,2,"",N,NaN,,,0,NaN,,,0,17.690,2,"",M,998.480,2,"",M,389.571,2,"",M,NaN,,,0,NaN,,,M,NaN,,,NaN,,,NaN,,,NaN,,,NaN,,
2023-08-03T15:31:22.000Z,5.184,2,"",M,60.210,2,"",M,6.000,2,"",N,NaN,,,0,NaN,,,0,17.690,2,"",M,998.480,2,"",M,389.202,2,"",M,NaN,,,0,NaN,,,M,NaN,,,NaN,,,NaN,,,NaN,,,NaN,,
2023-08-03T15:33:14.000Z,5.191,2,"",M,60.206,2,"",M,6.000,2,"",N,NaN,,,0,NaN,,,0,17.680,2,"",M,998.500,2,"",M,386.966,2,"",M,NaN,,,0,NaN,,,M,NaN,,,NaN,,,NaN,,,NaN,,,NaN,,
2023-08-03T15:35:06.000Z,5.197,2,"",M,60.201,2,"",M,6.000,2,"",N,NaN,,,0,NaN,,,0,17.650,2,"",M,998.510,2,"",M,385.998,2,"",M,NaN,,,0,NaN,,,M,NaN,,,NaN,,,NaN,,,NaN,,,NaN,,
2023-08-03T15:36:58.000Z,5.204,2,"",M,60.196,2,"",M,6.000,2,"",N,NaN,,,0,NaN,,,0,17.590,2,"",M,998.495,2,"",M,385.359,2,"",M,NaN,,,0,NaN,,,M,NaN,,,NaN,,,NaN,,,NaN,,,NaN,,
2023-08-03T15:38:49.000Z,5.210,2,"",M,60.191,2,"",M,6.000,2,"",N,NaN,,,0,NaN,,,0,17.540,2,"",M,998.520,2,"",M,385.389,2,"",M,NaN,,,0,NaN,,,M,NaN,,,NaN,,,NaN,,,NaN,,,NaN,,
2023-08-03T15:40:41.000Z,5.217,2,"",M,60.187,2,"",M,6.000,2,"",N,NaN,,,0,NaN,,,0,17.530,2,"",M,998.530,2,"",M,384.960,2,"",M,NaN,,,0,NaN,,,M,NaN,,,NaN,,,NaN,,,NaN,,,NaN,,
2023-08-03T15:42:55.000Z,5.225,2,"",M,60.181,2,"",M,6.000,2,"",N,NaN,,,0,NaN,,,0,17.640,2,"",M,998.530,2,"",M,383.403,2,"",M,NaN,,,0,NaN,,,M,NaN,,,NaN,,,NaN,,,NaN,,,NaN,,
2023-08-03T15:44:46.000Z,5.231,2,"",M,60.176,2,"",M,6.000,2,"",N,NaN,,,0,NaN,,,0,17.750,2,"",M,998.530,2,"",M,381.676,2,"",M,NaN,,,0,NaN,,,M,NaN,,,NaN,,,NaN,,,NaN,,,NaN,,
2023-08-03T15:46:38.000Z,5.238,2,"",M,60.172,2,"",M,6.000,2,"",N,NaN,,,0,NaN,,,0,17.860,2,"",M,998.560,2,"",M,379.849,2,"",M,NaN,,,0,NaN,,,M,NaN,,,NaN,,,NaN,,,NaN,,,NaN,,
2023-08-03T15:48:30.000Z,5.245,2,"",M,60.167,2,"",M,6.000,2,"",N,NaN,,,0,NaN,,,0,18.010,2,"",M,998.580,2,"",M,378.581,2,"",M,NaN,,,0,NaN,,,M,NaN,,,NaN,,,NaN,,,NaN,,,NaN,,
2023-08-03T15:50:22.000Z,5.252,2,"",M,60.163,2,"",M,6.000,2,"",N,NaN,,,0,NaN,,,0,18.100,2,"",M,998.630,2,"",M,378.252,2,"",M,NaN,,,0,NaN,,,M,NaN,,,NaN,,,NaN,,,NaN,,,NaN,,
2023-08-03T15:52:14.000Z,5.258,2,"",M,60.158,2,"",M,6.000,2,"",N,NaN,,,0,NaN,,,0,18.140,2,"",M,998.660,2,"",M,378.472,2,"",M,NaN,,,0,NaN,,,M,NaN,,,NaN,,,NaN,,,NaN,,,NaN,,
2023-08-03T15:54:06.000Z,5.263,2,"",M,60.153,2,"",M,6.000,2,"",N,NaN,,,0,NaN,,,0,18.170,2,"",M,998.710,2,"",M,377.733,2,"",M,NaN,,,0,NaN,,,M,NaN,,,NaN,,,NaN,,,NaN,,,NaN,,
2023-08-03T15:55:58.000Z,5.268,2,"",M,60.148,2,"",M,6.000,2,"",N,NaN,,,0,NaN,,,0,18.230,2,"",M,998.630,2,"",M,377.034,2,"",M,NaN,,,0,NaN,,,M,NaN,,,NaN,,,NaN,,,NaN,,,NaN,,
2023-08-03T15:57:50.000Z,5.273,2,"",M,60.143,2,"",M,6.000,2,"",N,NaN,,,0,NaN,,,0,18.230,2,"",M,998.650,2,"",M,375.777,2,"",M,NaN,,,0,NaN,,,M,NaN,,,NaN,,,NaN,,,NaN,,,NaN,,
2023-08-03T15:59:42.000Z,5.278,2,"",M,60.138,2,"",M,6.000,2,"",N,NaN,,,0,NaN,,,0,18.210,2,"",M,998.650,2,"",M,374.339,2,"",M,NaN,,,0,NaN,,,M,NaN,,,NaN,,,NaN,,,NaN,,,NaN,,
2023-08-03T16:01:33.000Z,5.282,2,"",M,60.133,2,"",M,6.000,2,"",N,NaN,,,0,NaN,,,0,18.170,2,"",M,998.660,2,"",M,372.353,2,"",M,NaN,,,0,NaN,,,M,NaN,,,NaN,,,NaN,,,NaN,,,NaN,,
2023-08-03T16:03:25.000Z,5.287,2,"",M,60.128,2,"",M,6.000,2,"",N,NaN,,,0,NaN,,,0,18.140,2,"",M,998.740,2,"",M,372.064,2,"",M,NaN,,,0,NaN,,,M,NaN,,,NaN,,,NaN,,,NaN,,,NaN,,
2023-08-03T16:05:17.000Z,5.291,2,"",M,60.123,2,"",M,6.000,2,"",N,NaN,,,0,NaN,,,0,18.150,2,"",M,998.820,2,"",M,372.153,2,"",M,NaN,,,0,NaN,,,M,NaN,,,NaN,,,NaN,,,NaN,,,NaN,,
2023-08-03T16:07:09.000Z,5.295,2,"",M,60.118,2,"",M,6.000,2,"",N,NaN,,,0,NaN,,,0,18.230,2,"",M,998.740,2,"",M,372.393,2,"",M,NaN,,,0,NaN,,,M,NaN,,,NaN,,,NaN,,,NaN,,,NaN,,
2023-08-03T16:09:01.000Z,5.300,2,"",M,60.112,2,"",M,6.000,2,"",N,NaN,,,0,NaN,,,0,18.270,2,"",M,998.770,2,"",M,371.964,2,"",M,NaN,,,0,NaN,,,M,NaN,,,NaN,,,NaN,,,NaN,,,NaN,,
2023-08-03T16:10:53.000Z,5.303,2,"",M,60.107,2,"",M,6.000,2,"",N,NaN,,,0,NaN,,,0,18.340,2,"",M,998.740,2,"",M,370.676,2,"",M,NaN,,,0,NaN,,,M,NaN,,,NaN,,,NaN,,,NaN,,,NaN,,
2023-08-03T16:12:45.000Z,5.306,2,"",M,60.101,2,"",M,6.000,2,"",N,NaN,,,0,NaN,,,0,18.380,2,"",M,998.790,2,"",M,369.768,2,"",M,NaN,,,0,NaN,,,M,NaN,,,NaN,,,NaN,,,NaN,,,NaN,,
2023-08-03T16:14:37.000Z,5.309,2,"",M,60.096,2,"",M,6.000,2,"",N,NaN,,,0,NaN,,,0,18.360,2,"",M,998.740,2,"",M,368.770,2,"",M,NaN,,,0,NaN,,,M,NaN,,,NaN,,,NaN,,,NaN,,,NaN,,
2023-08-03T16:16:29.000Z,5.311,2,"",M,60.090,2,"",M,6.000,2,"",N,NaN,,,0,NaN,,,0,18.380,2,"",M,998.740,2,"",M,367.901,2,"",M,NaN,,,0,NaN,,,M,NaN,,,NaN,,,NaN,,,NaN,,,NaN,,
2023-08-03T16:18:20.000Z,5.313,2,"",M,60.084,2,"",M,6.000,2,"",N,NaN,,,0,NaN,,,0,18.370,2,"",M,998.790,2,"",M,367.323,2,"",M,NaN,,,0,NaN,,,M,NaN,,,NaN,,,NaN,,,NaN,,,NaN,,
2023-08-03T16:20:12.000Z,5.316,2,"",M,60.078,2,"",M,6.000,2,"",N,17.984,2,"",M,28.684,2,"",M,18.360,2,"",M,998.770,2,"",M,366.814,2,"",M,NaN,,,0,NaN,,,M,348.464,2,"",347.274,2,"",NaN,,,NaN,,,NaN,,
2023-08-03T16:22:04.000Z,5.317,2,"",M,60.073,2,"",M,6.000,2,"",N,17.984,2,"",M,28.684,2,"",M,18.420,2,"",M,998.840,2,"",M,365.905,2,"",M,NaN,,,0,NaN,,,M,346.717,2,"",345.534,2,"",NaN,,,NaN,,,NaN,,
2023-08-03T16:23:56.000Z,5.318,2,"",M,60.067,2,"",M,6.000,2,"",N,17.984,2,"",M,28.684,2,"",M,18.450,2,"",M,998.840,2,"",M,364.777,2,"",M,NaN,,,0,NaN,,,M,345.196,2,"",344.019,2,"",NaN,,,NaN,,,NaN,,
2023-08-03T16:25:48.000Z,5.319,2,"",M,60.062,2,"",M,6.000,2,"",N,17.953,2,"",M,28.735,2,"",M,18.440,2,"",M,998.890,2,"",M,364.628,2,"",M,NaN,,,0,NaN,,,M,344.769,2,"",343.593,2,"",NaN,,,NaN,,,NaN,,
2023-08-03T16:27:40.000Z,5.320,2,"",M,60.056,2,"",M,6.000,2,"",N,17.939,2,"",M,28.758,2,"",M,18.400,2,"",M,998.870,2,"",M,365.586,2,"",M,NaN,,,0,NaN,,,M,346.068,2,"",344.887,2,"",NaN,,,NaN,,,NaN,,
2023-08-03T16:29:32.000Z,5.321,2,"",M,60.051,2,"",M,6.000,2,"",N,17.923,2,"",M,28.772,2,"",M,18.390,2,"",M,998.810,2,"",M,366.734,2,"",M,NaN,,,0,NaN,,,M,347.056,2,"",345.872,2,"",NaN,,,NaN,,,NaN,,
2023-08-03T16:31:24.000Z,5.322,2,"",M,60.045,2,"",M,6.000,2,"",N,17.873,2,"",M,28.793,2,"",M,18.370,2,"",M,998.900,2,"",M,367.612,2,"",M,NaN,,,0,NaN,,,M,347.478,2,"",346.292,2,"",NaN,,,NaN,,,NaN,,
2023-08-03T16:33:16.000Z,5.323,2,"",M,60.040,2,"",M,6.000,2,"",N,17.739,2,"",M,28.918,2,"",M,18.340,2,"",M,998.860,2,"",M,368.641,2,"",M,NaN,,,0,NaN,,,M,346.927,2,"",345.742,2,"",NaN,,,NaN,,,NaN,,
2023-08-03T16:35:08.000Z,5.323,2,"",M,60.034,2,"",M,6.000,2,"",N,17.702,2,"",M,29.008,2,"",M,18.220,2,"",M,998.860,2,"",M,369.419,2,"",M,NaN,,,0,NaN,,,M,348.942,2,"",347.749,2,"",NaN,,,NaN,,,NaN,,
2023-08-03T16:37:00.000Z,5.323,2,"",M,60.029,2,"",M,6.000,2,"",N,17.682,2,"",M,29.029,2,"",M,18.160,2,"",M,998.830,2,"",M,370.208,2,"",M,NaN,,,0,NaN,,,M,350.298,2,"",349.099,2,"",NaN,,,NaN,,,NaN,,
2023-08-03T16:38:52.000Z,5.324,2,"",M,60.023,2,"",M,6.000,2,"",N,17.653,2,"",M,29.089,2,"",M,18.140,2,"",M,998.910,2,"",M,370.867,2,"",M,NaN,,,0,NaN,,,M,350.827,2,"",349.626,2,"",NaN,,,NaN,,,NaN,,
2023-08-03T16:40:43.000Z,5.325,2,"",M,60.017,2,"",M,6.000,2,"",N,17.675,2,"",M,29.092,2,"",M,18.110,2,"",M,998.860,2,"",M,371.626,2,"",M,NaN,,,0,NaN,,,M,352.306,2,"",351.100,2,"",NaN,,,NaN,,,NaN,,
2023-08-03T16:42:57.000Z,5.329,2,"",M,60.011,2,"",M,6.000,2,"",N,17.587,2,"",M,29.112,2,"",M,18.120,2,"",M,998.870,2,"",M,372.115,2,"",M,NaN,,,0,NaN,,,M,351.320,2,"",350.117,2,"",NaN,,,NaN,,,NaN,,
2023-08-03T16:44:48.000Z,5.332,2,"",M,60.006,2,"",M,6.000,2,"",N,17.413,2,"",M,29.241,2,"",M,18.080,2,"",M,998.830,2,"",M,372.614,2,"",M,NaN,,,0,NaN,,,M,349.801,2,"",348.602,2,"",NaN,,,NaN,,,NaN,,
2023-08-03T16:46:40.000Z,5.336,2,"",M,60.001,2,"",M,6.000,2,"",N,17.307,2,"",M,29.346,2,"",M,17.920,2,"",M,998.800,2,"",M,373.123,2,"",M,NaN,,,0,NaN,,,M,351.136,2,"",349.931,2,"",NaN,,,NaN,,,NaN,,
2023-08-03T16:48:32.000Z,5.341,2,"",M,59.996,2,"",M,6.000,2,"",N,17.185,2,"",M,29.357,2,"",M,17.800,2,"",M,998.790,2,"",M,373.742,2,"",M,NaN,,,0,NaN,,,M,351.747,2,"",350.538,2,"",NaN,,,NaN,,,NaN,,
2023-08-03T16:50:24.000Z,5.347,2,"",M,59.991,2,"",M,6.000,2,"",N,17.082,2,"",M,29.308,2,"",M,17.690,2,"",M,998.780,2,"",M,373.413,2,"",M,NaN,,,0,NaN,,,M,351.580,2,"",350.370,2,"",NaN,,,NaN,,,NaN,,
2023-08-03T16:52:17.000Z,5.354,2,"",M,59.987,2,"",M,6.000,2,"",N,17.050,2,"",M,29.238,2,"",M,17.580,2,"",M,998.810,2,"",M,372.025,2,"",M,NaN,,,0,NaN,,,M,351.494,2,"",350.282,2,"",NaN,,,NaN,,,NaN,,
2023-08-03T16:54:08.000Z,5.360,2,"",M,59.982,2,"",M,6.000,2,"",N,16.999,2,"",M,29.247,2,"",M,17.540,2,"",M,998.810,2,"",M,369.260,2,"",M,NaN,,,0,NaN,,,M,348.739,2,"",347.536,2,"",NaN,,,NaN,,,NaN,,
2023-08-03T16:56:00.000Z,5.368,2,"",M,59.978,2,"",M,6.000,2,"",N,16.955,2,"",M,29.228,2,"",M,17.480,2,"",M,998.810,2,"",M,366.825,2,"",M,NaN,,,0,NaN,,,M,346.698,2,"",345.502,2,"",NaN,,,NaN,,,NaN,,
2023-08-03T16:57:52.000Z,5.376,2,"",M,59.975,2,"",M,6.000,2,"",N,16.796,2,"",M,29.278,2,"",M,17.450,2,"",M,998.840,2,"",M,365.397,2,"",M,NaN,,,0,NaN,,,M,343.495,2,"",342.309,2,"",NaN,,,NaN,,,NaN,,
2023-08-03T16:59:44.000Z,5.384,2,"",M,59.971,2,"",M,6.000,2,"",N,16.932,2,"",M,29.175,2,"",M,17.300,2,"",M,998.875,2,"",M,364.499,2,"",M,NaN,,,0,NaN,,,M,346.901,2,"",345.701,2,"",NaN,,,NaN,,,NaN,,
2023-08-03T17:01:36.000Z,5.393,2,"",M,59.968,2,"",M,6.000,2,"",N,17.110,2,"",M,28.918,2,"",M,17.360,2,"",M,998.880,2,"",M,363.611,2,"",M,NaN,,,0,NaN,,,M,347.761,2,"",346.558,2,"",NaN,,,NaN,,,NaN,,
2023-08-03T17:03:28.000Z,5.401,2,"",M,59.964,2,"",M,6.000,2,"",N,17.167,2,"",M,28.630,2,"",M,17.520,2,"",M,998.950,2,"",M,361.754,2,"",M,NaN,,,0,NaN,,,M,344.430,2,"",343.242,2,"",NaN,,,NaN,,,NaN,,
2023-08-03T17:05:20.000Z,5.410,2,"",M,59.961,2,"",M,6.000,2,"",N,17.250,2,"",M,28.430,2,"",M,17.620,2,"",M,998.930,2,"",M,359.408,2,"",M,NaN,,,0,NaN,,,M,341.906,2,"",340.728,2,"",NaN,,,NaN,,,NaN,,
2023-08-03T17:07:12.000Z,5.418,2,"",M,59.958,2,"",M,6.000,2,"",N,17.384,2,"",M,28.166,2,"",M,17.690,2,"",M,998.960,2,"",M,356.633,2,"",M,NaN,,,0,NaN,,,M,340.155,2,"",338.984,2,"",NaN,,,NaN,,,NaN,,
2023-08-03T17:09:04.000Z,5.426,2,"",M,59.954,2,"",M,6.000,2,"",N,17.489,2,"",M,27.895,2,"",M,17.810,2,"",M,998.980,2,"",M,353.978,2,"",M,NaN,,,0,NaN,,,M,337.368,2,"",336.208,2,"",NaN,,,NaN,,,NaN,,
2023-08-03T17:10:56.000Z,5.435,2,"",M,59.951,2,"",M,6.000,2,"",N,17.614,2,"",M,27.799,2,"",M,17.920,2,"",M,998.990,2,"",M,351.383,2,"",M,NaN,,,0,NaN,,,M,335.063,2,"",333.912,2,"",NaN,,,NaN,,,NaN,,
2023-08-03T17:12:48.000Z,5.443,2,"",M,59.947,2,"",M,6.000,2,"",N,17.648,2,"",M,27.690,2,"",M,18.030,2,"",M,998.970,2,"",M,349.516,2,"",M,NaN,,,0,NaN,,,M,332.162,2,"",331.024,2,"",NaN,,,NaN,,,NaN,,
2023-08-03T17:14:39.000Z,5.451,2,"",M,59.944,2,"",M,6.000,2,"",N,17.682,2,"",M,27.677,2,"",M,18.090,2,"",M,999.050,2,"",M,347.949,2,"",M,NaN,,,0,NaN,,,M,330.305,2,"",329.173,2,"",NaN,,,NaN,,,NaN,,
2023-08-03T17:16:31.000Z,5.459,2,"",M,59.940,2,"",M,6.000,2,"",N,17.712,2,"",M,27.653,2,"",M,18.120,2,"",M,999.080,2,"",M,347.240,2,"",M,NaN,,,0,NaN,,,M,329.630,2,"",328.501,2,"",NaN,,,NaN,,,NaN,,
2023-08-03T17:18:23.000Z,5.466,2,"",M,59.936,2,"",M,6.000,2,"",N,17.756,2,"",M,27.565,2,"",M,18.150,2,"",M,999.110,2,"",M,346.841,2,"",M,NaN,,,0,NaN,,,M,329.450,2,"",328.322,2,"",NaN,,,NaN,,,NaN,,
2023-08-03T17:20:15.000Z,5.474,2,"",M,59.932,2,"",M,6.000,2,"",N,17.783,2,"",M,27.482,2,"",M,18.190,2,"",M,999.040,2,"",M,346.512,2,"",M,NaN,,,0,NaN,,,M,328.916,2,"",327.790,2,"",NaN,,,NaN,,,NaN,,
2023-08-03T17:22:07.000Z,5.481,2,"",M,59.929,2,"",M,6.000,2,"",N,17.795,2,"",M,27.395,2,"",M,18.220,2,"",M,999.150,2,"",M,345.434,2,"",M,NaN,,,0,NaN,,,M,327.662,2,"",326.541,2,"",NaN,,,NaN,,,NaN,,
2023-08-03T17:23:59.000Z,5.489,2,"",M,59.925,2,"",M,6.000,2,"",N,17.816,2,"",M,27.336,2,"",M,18.240,2,"",M,999.110,2,"",M,344.266,2,"",M,NaN,,,0,NaN,,,M,326.540,2,"",325.423,2,"",NaN,,,NaN,,,NaN,,
2023-08-03T17:25:51.000Z,5.495,2,"",M,59.920,2,"",M,6.000,2,"",N,17.845,2,"",M,27.278,2,"",M,18.260,2,"",M,999.110,2,"",M,342.778,2,"",M,NaN,,,0,NaN,,,M,325.247,2,"",324.135,2,"",NaN,,,NaN,,,NaN,,
2023-08-03T17:27:43.000Z,5.502,2,"",M,59.916,2,"",M,6.000,2,"",N,17.856,2,"",M,27.187,2,"",M,18.280,2,"",M,999.130,2,"",M,342.000,2,"",M,NaN,,,0,NaN,,,M,324.382,2,"",323.273,2,"",NaN,,,NaN,,,NaN,,
2023-08-03T17:29:35.000Z,5.508,2,"",M,59.912,2,"",M,6.000,2,"",N,17.869,2,"",M,27.089,2,"",M,18.300,2,"",M,999.160,2,"",M,341.151,2,"",M,NaN,,,0,NaN,,,M,323.485,2,"",322.380,2,"",NaN,,,NaN,,,NaN,,
2023-08-03T17:31:27.000Z,5.512,2,"",M,59.907,2,"",M,6.000,2,"",N,17.868,2,"",M,26.969,2,"",M,18.320,2,"",M,999.110,2,"",M,340.013,2,"",M,NaN,,,0,NaN,,,M,322.100,2,"",320.999,2,"",NaN,,,NaN,,,NaN,,
2023-08-10T07:04:23.000Z,5.875,2,"",M,57.370,2,"",M,6.000,2,"",N,NaN,,,0,NaN,,,0,14.680,2,"",M,1016.610,2,"",M,1014.033,4,"Standard deviation is too large",M,NaN,,,0,NaN,,,M,NaN,,,NaN,,,NaN,,,NaN,,,NaN,,
2023-08-11T00:03:46.000Z,5.465,2,"",M,56.936,2,"",M,6.000,2,"",N,NaN,,,M,NaN,,,M,NaN,,,M,NaN,,,M,NaN,,,0,NaN,,,0,NaN,,,M,NaN,,,NaN,,,NaN,,,NaN,,,NaN,,
2023-08-11T00:05:35.000Z,5.472,2,"",M,56.938,2,"",M,6.000,2,"",N,NaN,,,M,NaN,,,M,NaN,,,M,NaN,,,M,NaN,,,0,NaN,,,0,NaN,,,M,NaN,,,NaN,,,NaN,,,NaN,,,NaN,,
2023-08-11T00:10:05.000Z,5.490,2,"",M,56.942,2,"",M,6.000,2,"",N,NaN,,,M,NaN,,,M,NaN,,,M,NaN,,,M,NaN,,,0,NaN,,,0,NaN,,,M,NaN,,,NaN,,,NaN,,,NaN,,,NaN,,
2023-08-11T00:11:55.000Z,5.497,2,"",M,56.944,2,"",M,6.000,2,"",N,NaN,,,M,NaN,,,M,NaN,,,M,NaN,,,M,NaN,,,0,NaN,,,0,NaN,,,M,NaN,,,NaN,,,NaN,,,NaN,,,NaN,,
2023-08-11T00:13:44.000Z,5.505,2,"",M,56.946,2,"",M,6.000,2,"",N,NaN,,,M,NaN,,,M,NaN,,,M,NaN,,,M,NaN,,,0,NaN,,,0,NaN,,,M,NaN,,,NaN,,,NaN,,,NaN,,,NaN,,
2023-08-11T00:18:14.000Z,5.522,2,"",M,56.950,2,"",M,6.000,2,"",N,15.233,2,"",M,33.055,2,"",M,NaN,,,M,NaN,,,M,NaN,,,0,410.330,2,"",M,1017.100,2,"",M,NaN,,,NaN,,,410.330,2,"",405.986,2,"",404.514,2,""
2023-08-11T00:20:04.000Z,5.529,2,"",M,56.952,2,"",M,6.000,2,"",N,15.240,2,"",M,33.029,2,"",M,NaN,,,M,NaN,,,M,NaN,,,0,409.979,2,"",M,1017.200,2,"",M,NaN,,,NaN,,,409.979,2,"",405.677,2,"",404.206,2,""
2023-08-11T00:21:53.000Z,5.537,2,"",M,56.954,2,"",M,6.000,2,"",N,15.248,2,"",M,33.003,2,"",M,NaN,,,M,NaN,,,M,NaN,,,0,410.090,2,"",M,1017.100,2,"",M,NaN,,,NaN,,,410.090,2,"",405.741,2,"",404.271,2,""
2023-08-11T00:23:43.000Z,5.544,2,"",M,56.956,2,"",M,6.000,2,"",N,15.256,2,"",M,32.974,2,"",M,NaN,,,M,NaN,,,M,NaN,,,0,410.100,2,"",M,1017.200,2,"",M,NaN,,,NaN,,,410.100,2,"",405.789,2,"",404.318,2,""
2023-08-11T00:25:32.000Z,5.551,2,"",M,56.958,2,"",M,6.000,2,"",N,15.261,2,"",M,32.954,2,"",M,NaN,,,M,NaN,,,M,NaN,,,0,410.050,2,"",M,1017.100,2,"",M,NaN,,,NaN,,,410.050,2,"",405.696,2,"",404.226,2,""
2023-08-11T00:30:43.000Z,5.571,2,"",M,56.963,2,"",M,6.000,2,"",N,15.270,2,"",M,32.898,2,"",M,15.650,2,"",M,1017.280,2,"",M,368.282,2,"",M,NaN,,,0,NaN,,,M,357.604,2,"",356.318,2,"",NaN,,,NaN,,,NaN,,
2023-08-11T00:32:34.000Z,5.578,2,"",M,56.965,2,"",M,6.000,2,"",N,15.270,2,"",M,32.882,2,"",M,15.660,2,"",M,1017.320,2,"",M,368.112,2,"",M,NaN,,,0,NaN,,,M,357.311,2,"",356.026,2,"",NaN,,,NaN,,,NaN,,
2023-08-11T00:34:26.000Z,5.585,2,"",M,56.967,2,"",M,6.000,2,"",N,15.270,2,"",M,32.870,2,"",M,15.660,2,"",M,1017.180,2,"",M,367.932,2,"",M,NaN,,,0,NaN,,,M,357.077,2,"",355.792,2,"",NaN,,,NaN,,,NaN,,
2023-08-11T00:36:18.000Z,5.592,2,"",M,56.969,2,"",M,6.000,2,"",N,15.271,2,"",M,32.857,2,"",M,15.660,2,"",M,1017.310,2,"",M,367.912,2,"",M,NaN,,,0,NaN,,,M,357.118,2,"",355.833,2,"",NaN,,,NaN,,,NaN,,
2023-08-11T00:38:09.000Z,5.599,2,"",M,56.971,2,"",M,6.000,2,"",N,15.272,2,"",M,32.847,2,"",M,15.660,2,"",M,1017.430,2,"",M,367.812,2,"",M,NaN,,,0,NaN,,,M,357.085,2,"",355.801,2,"",NaN,,,NaN,,,NaN,,
2023-08-11T00:40:01.000Z,5.607,2,"",M,56.973,2,"",M,6.000,2,"",N,15.273,2,"",M,32.835,2,"",M,15.660,2,"",M,1017.400,2,"",M,367.542,2,"",M,NaN,,,0,NaN,,,M,356.825,2,"",355.542,2,"",NaN,,,NaN,,,NaN,,
2023-08-11T00:41:53.000Z,5.614,2,"",M,56.975,2,"",M,6.000,2,"",N,15.274,2,"",M,32.825,2,"",M,15.660,2,"",M,1017.240,2,"",M,367.832,2,"",M,NaN,,,0,NaN,,,M,357.063,2,"",355.779,2,"",NaN,,,NaN,,,NaN,,
2023-08-11T00:44:06.000Z,5.622,2,"",M,56.977,2,"",M,6.000,2,"",N,15.282,2,"",M,32.809,2,"",M,15.660,2,"",M,1017.530,2,"",M,367.612,2,"",M,NaN,,,0,NaN,,,M,357.075,2,"",355.791,2,"",NaN,,,NaN,,,NaN,,
2023-08-11T00:45:58.000Z,5.630,2,"",M,56.979,2,"",M,6.000,2,"",N,15.294,2,"",M,32.792,2,"",M,15.670,2,"",M,1017.600,2,"",M,367.712,2,"",M,NaN,,,0,NaN,,,M,357.217,2,"",355.932,2,"",NaN,,,NaN,,,NaN,,
2023-08-11T00:47:49.000Z,5.637,2,"",M,56.981,2,"",M,6.000,2,"",N,15.301,2,"",M,32.776,2,"",M,15.680,2,"",M,1017.630,2,"",M,367.432,2,"",M,NaN,,,0,NaN,,,M,356.920,2,"",355.636,2,"",NaN,,,NaN,,,NaN,,
2023-08-11T00:49:41.000Z,5.644,2,"",M,56.983,2,"",M,6.000,2,"",N,15.308,2,"",M,32.766,2,"",M,15.690,2,"",M,1017.440,2,"",M,367.502,2,"",M,NaN,,,0,NaN,,,M,356.861,2,"",355.578,2,"",NaN,,,NaN,,,NaN,,
2023-08-11T00:51:33.000Z,5.652,2,"",M,56.985,2,"",M,6.000,2,"",N,15.311,2,"",M,32.754,2,"",M,15.690,2,"",M,1017.530,2,"",M,367.382,2,"",M,NaN,,,0,NaN,,,M,356.828,2,"",355.545,2,"",NaN,,,NaN,,,NaN,,
2023-08-11T00:53:24.000Z,5.659,2,"",M,56.987,2,"",M,6.000,2,"",N,15.312,2,"",M,32.743,2,"",M,15.700,2,"",M,1017.340,2,"",M,367.443,2,"",M,NaN,,,0,NaN,,,M,356.669,2,"",355.387,2,"",NaN,,,NaN,,,NaN,,
2023-08-11T00:55:16.000Z,5.666,2,"",M,56.989,2,"",M,6.000,2,"",N,15.315,2,"",M,32.736,2,"",M,15.700,2,"",M,1017.400,2,"",M,367.433,2,"",M,NaN,,,0,NaN,,,M,356.738,2,"",355.456,2,"",NaN,,,NaN,,,NaN,,
2023-08-11T00:57:08.000Z,5.674,2,"",M,56.991,2,"",M,6.000,2,"",N,15.315,2,"",M,32.727,2,"",M,15.700,2,"",M,1017.380,2,"",M,367.243,2,"",M,NaN,,,0,NaN,,,M,356.540,2,"",355.258,2,"",NaN,,,NaN,,,NaN,,
2023-08-11T00:59:00.000Z,5.681,2,"",M,56.993,2,"",M,6.000,2,"",N,15.314,2,"",M,32.711,2,"",M,15.700,2,"",M,1017.390,2,"",M,367.293,2,"",M,NaN,,,0,NaN,,,M,356.572,2,"",355.290,2,"",NaN,,,NaN,,,NaN,,
2023-08-11T01:00:52.000Z,5.689,2,"",M,56.995,2,"",M,6.000,2,"",N,15.312,2,"",M,32.690,2,"",M,15.700,2,"",M,1017.590,2,"",M,367.303,2,"",M,NaN,,,0,NaN,,,M,356.627,2,"",355.345,2,"",NaN,,,NaN,,,NaN,,
2023-08-11T01:02:44.000Z,5.696,2,"",M,56.997,2,"",M,6.000,2,"",N,15.311,2,"",M,32.673,2,"",M,15.700,2,"",M,1017.520,2,"",M,367.293,2,"",M,NaN,,,0,NaN,,,M,356.577,2,"",355.295,2,"",NaN,,,NaN,,,NaN,,
2023-08-11T01:04:35.000Z,5.704,2,"",M,56.999,2,"",M,6.000,2,"",N,15.305,2,"",M,32.652,2,"",M,15.700,2,"",M,1017.440,2,"",M,366.813,2,"",M,NaN,,,0,NaN,,,M,355.991,2,"",354.711,2,"",NaN,,,NaN,,,NaN,,
2023-08-11T01:06:27.000Z,5.711,2,"",M,57.001,2,"",M,6.000,2,"",N,15.297,2,"",M,32.625,2,"",M,15.690,2,"",M,1017.330,2,"",M,366.783,2,"",M,NaN,,,0,NaN,,,M,355.953,2,"",354.674,2,"",NaN,,,NaN,,,NaN,,
2023-08-11T01:08:19.000Z,5.719,2,"",M,57.002,2,"",M,6.000,2,"",N,15.286,2,"",M,32.601,2,"",M,15.690,2,"",M,1017.230,2,"",M,366.493,2,"",M,NaN,,,0,NaN,,,M,355.483,2,"",354.205,2,"",NaN,,,NaN,,,NaN,,
2023-08-11T01:10:11.000Z,5.726,2,"",M,57.004,2,"",M,6.000,2,"",N,15.274,2,"",M,32.569,2,"",M,15.680,2,"",M,1017.380,2,"",M,366.043,2,"",M,NaN,,,0,NaN,,,M,355.061,2,"",353.784,2,"",NaN,,,NaN,,,NaN,,
2023-08-11T01:12:03.000Z,5.734,2,"",M,57.006,2,"",M,6.000,2,"",N,15.260,2,"",M,32.534,2,"",M,15.660,2,"",M,1017.300,2,"",M,365.633,2,"",M,NaN,,,0,NaN,,,M,354.738,2,"",353.462,2,"",NaN,,,NaN,,,NaN,,
2023-08-11T01:13:54.000Z,5.742,2,"",M,57.008,2,"",M,6.000,2,"",N,15.251,2,"",M,32.503,2,"",M,15.650,2,"",M,1017.120,2,"",M,365.113,2,"",M,NaN,,,0,NaN,,,M,354.194,2,"",352.920,2,"",NaN,,,NaN,,,NaN,,
2023-08-11T01:15:46.000Z,5.749,2,"",M,57.010,2,"",M,6.000,2,"",N,15.243,2,"",M,32.481,2,"",M,15.640,2,"",M,1017.180,2,"",M,364.463,2,"",M,NaN,,,0,NaN,,,M,353.613,2,"",352.341,2,"",NaN,,,NaN,,,NaN,,
2023-08-11T01:17:38.000Z,5.757,2,"",M,57.012,2,"",M,6.000,2,"",N,15.239,2,"",M,32.455,2,"",M,15.630,2,"",M,1017.190,2,"",M,363.943,2,"",M,NaN,,,0,NaN,,,M,353.203,2,"",351.932,2,"",NaN,,,NaN,,,NaN,,
2023-08-11T01:19:30.000Z,5.764,2,"",M,57.013,2,"",M,6.000,2,"",N,15.229,2,"",M,32.437,2,"",M,15.630,2,"",M,1017.370,2,"",M,363.703,2,"",M,NaN,,,0,NaN,,,M,352.886,2,"",351.616,2,"",NaN,,,NaN,,,NaN,,
2023-08-11T01:21:21.000Z,5.772,2,"",M,57.015,2,"",M,6.000,2,"",N,15.221,2,"",M,32.421,2,"",M,15.620,2,"",M,1017.070,2,"",M,363.423,2,"",M,NaN,,,0,NaN,,,M,352.543,2,"",351.275,2,"",NaN,,,NaN,,,NaN,,
2023-08-11T01:23:13.000Z,5.779,2,"",M,57.017,2,"",M,6.000,2,"",N,15.205,2,"",M,32.410,2,"",M,15.610,2,"",M,1017.280,2,"",M,363.203,2,"",M,NaN,,,0,NaN,,,M,352.327,2,"",351.059,2,"",NaN,,,NaN,,,NaN,,
2023-08-11T01:25:05.000Z,5.787,2,"",M,57.019,2,"",M,6.000,2,"",N,15.197,2,"",M,32.401,2,"",M,15.600,2,"",M,1017.200,2,"",M,362.733,2,"",M,NaN,,,0,NaN,,,M,351.865,2,"",350.598,2,"",NaN,,,NaN,,,NaN,,
2023-08-11T01:26:57.000Z,5.795,2,"",M,57.020,2,"",M,6.000,2,"",N,15.180,2,"",M,32.393,2,"",M,15.590,2,"",M,1017.270,2,"",M,362.493,2,"",M,NaN,,,0,NaN,,,M,351.556,2,"",350.291,2,"",NaN,,,NaN,,,NaN,,
2023-08-11T01:28:48.000Z,5.803,2,"",M,57.022,2,"",M,6.000,2,"",N,15.167,2,"",M,32.389,2,"",M,15.570,2,"",M,1017.120,2,"",M,362.052,2,"",M,NaN,,,0,NaN,,,M,351.186,2,"",349.922,2,"",NaN,,,NaN,,,NaN,,
2023-08-11T01:30:40.000Z,5.810,2,"",M,57.024,2,"",M,6.000,2,"",N,15.151,2,"",M,32.384,2,"",M,15.560,2,"",M,1017.050,2,"",M,361.712,2,"",M,NaN,,,0,NaN,,,M,350.757,2,"",349.494,2,"",NaN,,,NaN,,,NaN,,
2023-08-11T01:32:32.000Z,5.818,2,"",M,57.026,2,"",M,6.000,2,"",N,15.129,2,"",M,32.381,2,"",M,15.550,2,"",M,1016.940,2,"",M,361.552,2,"",M,NaN,,,0,NaN,,,M,350.384,2,"",349.123,2,"",NaN,,,NaN,,,NaN,,
2023-08-11T01:34:24.000Z,5.826,2,"",M,57.028,2,"",M,6.000,2,"",N,15.104,2,"",M,32.380,2,"",M,15.520,2,"",M,1017.140,2,"",M,361.092,2,"",M,NaN,,,0,NaN,,,M,350.089,2,"",348.828,2,"",NaN,,,NaN,,,NaN,,
2023-08-11T01:36:15.000Z,5.834,2,"",M,57.030,2,"",M,6.000,2,"",N,15.072,2,"",M,32.380,2,"",M,15.500,2,"",M,1017.130,2,"",M,360.802,2,"",M,NaN,,,0,NaN,,,M,349.638,2,"",348.378,2,"",NaN,,,NaN,,,NaN,,
2023-08-11T01:38:07.000Z,5.841,2,"",M,57.032,2,"",M,6.000,2,"",N,15.036,2,"",M,32.383,2,"",M,15.470,2,"",M,1016.760,2,"",M,360.712,2,"",M,NaN,,,0,NaN,,,M,349.351,2,"",348.092,2,"",NaN,,,NaN,,,NaN,,
2023-08-11T01:39:59.000Z,5.849,2,"",M,57.033,2,"",M,6.000,2,"",N,14.999,2,"",M,32.386,2,"",M,15.440,2,"",M,1016.840,2,"",M,360.182,2,"",M,NaN,,,0,NaN,,,M,348.777,2,"",347.520,2,"",NaN,,,NaN,,,NaN,,
2023-08-11T01:41:51.000Z,5.856,2,"",M,57.036,2,"",M,6.000,2,"",N,14.974,2,"",M,32.400,2,"",M,15.400,2,"",M,1016.910,2,"",M,359.872,2,"",M,NaN,,,0,NaN,,,M,348.733,2,"",347.475,2,"",NaN,,,NaN,,,NaN,,
2023-08-11T01:44:04.000Z,5.866,2,"",M,57.038,2,"",M,6.000,2,"",N,14.934,2,"",M,32.446,2,"",M,15.370,2,"",M,1017.220,2,"",M,359.732,2,"",M,NaN,,,0,NaN,,,M,348.568,2,"",347.310,2,"",NaN,,,NaN,,,NaN,,
2023-08-11T01:45:55.000Z,5.873,2,"",M,57.040,2,"",M,6.000,2,"",N,14.917,2,"",M,32.489,2,"",M,15.340,2,"",M,1016.990,2,"",M,359.012,2,"",M,NaN,,,0,NaN,,,M,347.990,2,"",346.733,2,"",NaN,,,NaN,,,NaN,,
2023-08-11T01:47:47.000Z,5.881,2,"",M,57.042,2,"",M,6.000,2,"",N,14.909,2,"",M,32.522,2,"",M,15.310,2,"",M,1017.150,2,"",M,358.702,2,"",M,NaN,,,0,NaN,,,M,348.083,2,"",346.826,2,"",NaN,,,NaN,,,NaN,,
2023-08-11T01:49:39.000Z,5.888,2,"",M,57.044,2,"",M,6.000,2,"",N,14.911,2,"",M,32.511,2,"",M,15.310,2,"",M,1017.210,2,"",M,358.762,2,"",M,NaN,,,0,NaN,,,M,348.187,2,"",346.929,2,"",NaN,,,NaN,,,NaN,,
2023-08-11T01:51:31.000Z,5.896,2,"",M,57.046,2,"",M,6.000,2,"",N,14.945,2,"",M,32.494,2,"",M,15.310,2,"",M,1017.140,2,"",M,358.782,2,"",M,NaN,,,0,NaN,,,M,348.686,2,"",347.427,2,"",NaN,,,NaN,,,NaN,,
2023-08-11T01:53:23.000Z,5.903,2,"",M,57.048,2,"",M,6.000,2,"",N,14.966,2,"",M,32.480,2,"",M,15.330,2,"",M,1017.290,2,"",M,358.653,2,"",M,NaN,,,0,NaN,,,M,348.618,2,"",347.359,2,"",NaN,,,NaN,,,NaN,,
2023-08-11T01:55:14.000Z,5.911,2,"",M,57.051,2,"",M,6.000,2,"",N,14.981,2,"",M,32.468,2,"",M,15.350,2,"",M,1017.260,2,"",M,358.593,2,"",M,NaN,,,0,NaN,,,M,348.470,2,"",347.212,2,"",NaN,,,NaN,,,NaN,,
2023-08-11T01:57:06.000Z,5.918,2,"",M,57.053,2,"",M,6.000,2,"",N,14.988,2,"",M,32.465,2,"",M,15.370,2,"",M,1017.240,2,"",M,358.683,2,"",M,NaN,,,0,NaN,,,M,348.352,2,"",347.094,2,"",NaN,,,NaN,,,NaN,,
2023-08-11T01:58:58.000Z,5.926,2,"",M,57.055,2,"",M,6.000,2,"",N,14.984,2,"",M,32.460,2,"",M,15.380,2,"",M,1017.420,2,"",M,358.653,2,"",M,NaN,,,0,NaN,,,M,348.183,2,"",346.926,2,"",NaN,,,NaN,,,NaN,,
2023-08-11T02:00:50.000Z,5.934,2,"",M,57.057,2,"",M,6.000,2,"",N,14.978,2,"",M,32.443,2,"",M,15.380,2,"",M,1017.390,2,"",M,358.803,2,"",M,NaN,,,0,NaN,,,M,348.226,2,"",346.969,2,"",NaN,,,NaN,,,NaN,,
2023-08-11T02:02:41.000Z,5.941,2,"",M,57.059,2,"",M,6.000,2,"",N,14.971,2,"",M,32.429,2,"",M,15.370,2,"",M,1016.970,2,"",M,359.143,2,"",M,NaN,,,0,NaN,,,M,348.457,2,"",347.199,2,"",NaN,,,NaN,,,NaN,,
2023-08-11T02:04:33.000Z,5.950,2,"",M,57.061,2,"",M,6.000,2,"",N,14.968,2,"",M,32.417,2,"",M,15.370,2,"",M,1017.210,2,"",M,358.693,2,"",M,NaN,,,0,NaN,,,M,348.060,2,"",346.803,2,"",NaN,,,NaN,,,NaN,,
2023-08-11T02:06:25.000Z,5.958,2,"",M,57.063,2,"",M,6.000,2,"",N,14.956,2,"",M,32.405,2,"",M,15.360,2,"",M,1017.160,2,"",M,358.773,2,"",M,NaN,,,0,NaN,,,M,348.086,2,"",346.830,2,"",NaN,,,NaN,,,NaN,,
2023-08-11T02:08:18.000Z,5.966,2,"",M,57.065,2,"",M,6.000,2,"",N,14.939,2,"",M,32.408,2,"",M,15.350,2,"",M,1017.230,2,"",M,358.643,2,"",M,NaN,,,0,NaN,,,M,347.893,2,"",346.637,2,"",NaN,,,NaN,,,NaN,,
2023-08-11T02:10:09.000Z,5.974,2,"",M,57.067,2,"",M,6.000,2,"",N,14.910,2,"",M,32.449,2,"",M,15.340,2,"",M,1017.140,2,"",M,358.443,2,"",M,NaN,,,0,NaN,,,M,347.392,2,"",346.138,2,"",NaN,,,NaN,,,NaN,,
2023-08-11T02:12:01.000Z,5.982,2,"",M,57.069,2,"",M,6.000,2,"",N,14.880,2,"",M,32.525,2,"",M,15.310,2,"",M,1017.180,2,"",M,358.474,2,"",M,NaN,,,0,NaN,,,M,347.446,2,"",346.191,2,"",NaN,,,NaN,,,NaN,,
2023-08-11T02:13:53.000Z,5.991,2,"",M,57.071,2,"",M,6.000,2,"",N,14.857,2,"",M,32.580,2,"",M,15.280,2,"",M,1017.210,2,"",M,358.604,2,"",M,NaN,,,0,NaN,,,M,347.692,2,"",346.435,2,"",NaN,,,NaN,,,NaN,,
2023-08-11T02:15:45.000Z,5.999,2,"",M,57.073,2,"",M,6.000,2,"",N,14.833,2,"",M,32.608,2,"",M,15.260,2,"",M,1016.970,2,"",M,359.124,2,"",M,NaN,,,0,NaN,,,M,348.074,2,"",346.816,2,"",NaN,,,NaN,,,NaN,,
2023-08-11T02:17:37.000Z,6.008,2,"",M,57.075,2,"",M,6.000,2,"",N,14.816,2,"",M,32.632,2,"",M,15.240,2,"",M,1016.820,2,"",M,359.885,2,"",M,NaN,,,0,NaN,,,M,348.810,2,"",347.550,2,"",NaN,,,NaN,,,NaN,,
2023-08-11T02:19:28.000Z,6.016,2,"",M,57.077,2,"",M,6.000,2,"",N,14.805,2,"",M,32.646,2,"",M,15.220,2,"",M,1016.860,2,"",M,359.895,2,"",M,NaN,,,0,NaN,,,M,348.961,2,"",347.699,2,"",NaN,,,NaN,,,NaN,,
2023-08-11T02:21:20.000Z,6.024,2,"",M,57.079,2,"",M,6.000,2,"",N,14.805,2,"",M,32.657,2,"",M,15.200,2,"",M,1016.910,2,"",M,359.835,2,"",M,NaN,,,0,NaN,,,M,349.229,2,"",347.966,2,"",NaN,,,NaN,,,NaN,,
2023-08-11T02:23:12.000Z,6.032,2,"",M,57.081,2,"",M,6.000,2,"",N,14.810,2,"",M,32.664,2,"",M,15.200,2,"",M,1016.760,2,"",M,360.085,2,"",M,NaN,,,0,NaN,,,M,349.489,2,"",348.225,2,"",NaN,,,NaN,,,NaN,,
2023-08-11T02:25:04.000Z,6.040,2,"",M,57.082,2,"",M,6.000,2,"",N,14.818,2,"",M,32.681,2,"",M,15.200,2,"",M,1016.880,2,"",M,360.145,2,"",M,NaN,,,0,NaN,,,M,349.714,2,"",348.449,2,"",NaN,,,NaN,,,NaN,,
2023-08-11T02:26:56.000Z,6.043,2,"",M,57.079,2,"",M,6.000,2,"",N,14.832,2,"",M,32.688,2,"",M,15.210,2,"",M,1017.120,2,"",M,359.935,2,"",M,NaN,,,0,NaN,,,M,349.650,2,"",348.386,2,"",NaN,,,NaN,,,NaN,,
2023-08-11T02:28:48.000Z,6.046,2,"",M,57.075,2,"",M,6.000,2,"",N,14.850,2,"",M,32.663,2,"",M,15.230,2,"",M,1017.000,2,"",M,359.615,2,"",M,NaN,,,0,NaN,,,M,349.263,2,"",348.000,2,"",NaN,,,NaN,,,NaN,,
2023-08-11T02:30:40.000Z,6.049,2,"",M,57.071,2,"",M,6.000,2,"",N,14.863,2,"",M,32.624,2,"",M,15.240,2,"",M,1016.900,2,"",M,359.305,2,"",M,NaN,,,0,NaN,,,M,348.963,2,"",347.702,2,"",NaN,,,NaN,,,NaN,,
2023-08-11T02:32:32.000Z,6.053,2,"",M,57.066,2,"",M,6.000,2,"",N,14.887,2,"",M,32.565,2,"",M,15.260,2,"",M,1016.990,2,"",M,358.985,2,"",M,NaN,,,0,NaN,,,M,348.729,2,"",347.469,2,"",NaN,,,NaN,,,NaN,,
2023-08-11T02:34:24.000Z,6.057,2,"",M,57.062,2,"",M,6.000,2,"",N,14.921,2,"",M,32.508,2,"",M,15.280,2,"",M,1016.910,2,"",M,358.875,2,"",M,NaN,,,0,NaN,,,M,348.800,2,"",347.539,2,"",NaN,,,NaN,,,NaN,,
2023-08-11T02:36:16.000Z,6.061,2,"",M,57.058,2,"",M,6.000,2,"",N,14.964,2,"",M,32.470,2,"",M,15.300,2,"",M,1016.720,2,"",M,358.285,2,"",M,NaN,,,0,NaN,,,M,348.489,2,"",347.231,2,"",NaN,,,NaN,,,NaN,,
2023-08-11T02:38:09.000Z,6.065,2,"",M,57.054,2,"",M,6.000,2,"",N,14.993,2,"",M,32.439,2,"",M,15.350,2,"",M,1016.890,2,"",M,358.055,2,"",M,NaN,,,0,NaN,,,M,347.994,2,"",346.738,2,"",NaN,,,NaN,,,NaN,,
2023-08-11T02:40:00.000Z,6.068,2,"",M,57.050,2,"",M,6.000,2,"",N,15.009,2,"",M,32.426,2,"",M,15.380,2,"",M,1016.870,2,"",M,358.055,2,"",M,NaN,,,0,NaN,,,M,347.766,2,"",346.511,2,"",NaN,,,NaN,,,NaN,,
2023-08-11T02:41:52.000Z,6.063,2,"",M,57.049,2,"",M,6.000,2,"",N,14.990,2,"",M,32.422,2,"",M,15.400,2,"",M,1016.840,2,"",M,358.716,2,"",M,NaN,,,0,NaN,,,M,347.828,2,"",346.573,2,"",NaN,,,NaN,,,NaN,,
2023-08-11T02:44:05.000Z,6.056,2,"",M,57.047,2,"",M,6.000,2,"",N,14.962,2,"",M,32.422,2,"",M,15.380,2,"",M,1017.140,2,"",M,358.736,2,"",M,NaN,,,0,NaN,,,M,347.836,2,"",346.581,2,"",NaN,,,NaN,,,NaN,,
2023-08-11T02:45:57.000Z,6.049,2,"",M,57.045,2,"",M,6.000,2,"",N,14.940,2,"",M,32.425,2,"",M,15.360,2,"",M,1017.180,2,"",M,358.786,2,"",M,NaN,,,0,NaN,,,M,347.875,2,"",346.619,2,"",NaN,,,NaN,,,NaN,,
2023-08-11T02:47:48.000Z,6.042,2,"",M,57.044,2,"",M,6.000,2,"",N,14.935,2,"",M,32.420,2,"",M,15.330,2,"",M,1016.890,2,"",M,358.376,2,"",M,NaN,,,0,NaN,,,M,347.753,2,"",346.498,2,"",NaN,,,NaN,,,NaN,,
2023-08-11T02:49:40.000Z,6.035,2,"",M,57.042,2,"",M,6.000,2,"",N,14.944,2,"",M,32.410,2,"",M,15.330,2,"",M,1017.060,2,"",M,358.076,2,"",M,NaN,,,0,NaN,,,M,347.653,2,"",346.398,2,"",NaN,,,NaN,,,NaN,,
2023-08-11T02:51:32.000Z,6.028,2,"",M,57.040,2,"",M,6.000,2,"",N,14.955,2,"",M,32.398,2,"",M,15.340,2,"",M,1017.000,2,"",M,358.146,2,"",M,NaN,,,0,NaN,,,M,347.710,2,"",346.455,2,"",NaN,,,NaN,,,NaN,,
2023-08-11T02:53:24.000Z,6.021,2,"",M,57.038,2,"",M,6.000,2,"",N,14.969,2,"",M,32.388,2,"",M,15.350,2,"",M,1016.880,2,"",M,358.076,2,"",M,NaN,,,0,NaN,,,M,347.655,2,"",346.400,2,"",NaN,,,NaN,,,NaN,,
2023-08-11T02:55:15.000Z,6.013,2,"",M,57.036,2,"",M,6.000,2,"",N,14.988,2,"",M,32.382,2,"",M,15.360,2,"",M,1016.920,2,"",M,358.186,2,"",M,NaN,,,0,NaN,,,M,347.904,2,"",346.648,2,"",NaN,,,NaN,,,NaN,,
2023-08-11T02:57:07.000Z,6.006,2,"",M,57.034,2,"",M,6.000,2,"",N,15.005,2,"",M,32.377,2,"",M,15.370,2,"",M,1016.950,2,"",M,358.226,2,"",M,NaN,,,0,NaN,,,M,348.061,2,"",346.805,2,"",NaN,,,NaN,,,NaN,,
2023-08-11T02:58:59.000Z,5.999,2,"",M,57.032,2,"",M,6.000,2,"",N,15.031,2,"",M,32.375,2,"",M,15.390,2,"",M,1016.920,2,"",M,358.427,2,"",M,NaN,,,0,NaN,,,M,348.322,2,"",347.065,2,"",NaN,,,NaN,,,NaN,,
2023-08-11T03:00:51.000Z,5.992,2,"",M,57.031,2,"",M,6.000,2,"",N,15.053,2,"",M,32.375,2,"",M,15.420,2,"",M,1016.780,2,"",M,358.947,2,"",M,NaN,,,0,NaN,,,M,348.647,2,"",347.390,2,"",NaN,,,NaN,,,NaN,,
2023-08-11T03:02:43.000Z,5.985,2,"",M,57.029,2,"",M,6.000,2,"",N,15.079,2,"",M,32.375,2,"",M,15.440,2,"",M,1016.890,2,"",M,358.957,2,"",M,NaN,,,0,NaN,,,M,348.772,2,"",347.515,2,"",NaN,,,NaN,,,NaN,,
2023-08-11T03:04:34.000Z,5.978,2,"",M,57.027,2,"",M,6.000,2,"",N,15.100,2,"",M,32.377,2,"",M,15.460,2,"",M,1016.770,2,"",M,359.107,2,"",M,NaN,,,0,NaN,,,M,348.886,2,"",347.628,2,"",NaN,,,NaN,,,NaN,,
2023-08-11T03:06:26.000Z,5.971,2,"",M,57.026,2,"",M,6.000,2,"",N,15.121,2,"",M,32.380,2,"",M,15.480,2,"",M,1016.730,2,"",M,359.508,2,"",M,NaN,,,0,NaN,,,M,349.275,2,"",348.016,2,"",NaN,,,NaN,,,NaN,,
2023-08-11T03:08:18.000Z,5.965,2,"",M,57.024,2,"",M,6.000,2,"",N,15.144,2,"",M,32.385,2,"",M,15.500,2,"",M,1016.880,2,"",M,359.818,2,"",M,NaN,,,0,NaN,,,M,349.656,2,"",348.397,2,"",NaN,,,NaN,,,NaN,,
2023-08-11T03:10:09.000Z,5.958,2,"",M,57.023,2,"",M,6.000,2,"",N,15.160,2,"",M,32.393,2,"",M,15.520,2,"",M,1016.790,2,"",M,360.328,2,"",M,NaN,,,0,NaN,,,M,350.057,2,"",348.796,2,"",NaN,,,NaN,,,NaN,,
2023-08-11T03:12:01.000Z,5.951,2,"",M,57.021,2,"",M,6.000,2,"",N,15.173,2,"",M,32.401,2,"",M,15.540,2,"",M,1016.570,2,"",M,360.298,2,"",M,NaN,,,0,NaN,,,M,349.846,2,"",348.587,2,"",NaN,,,NaN,,,NaN,,
2023-08-11T03:13:53.000Z,5.944,2,"",M,57.020,2,"",M,6.000,2,"",N,15.186,2,"",M,32.409,2,"",M,15.560,2,"",M,1016.690,2,"",M,360.659,2,"",M,NaN,,,0,NaN,,,M,350.119,2,"",348.859,2,"",NaN,,,NaN,,,NaN,,
2023-08-11T03:15:45.000Z,5.937,2,"",M,57.018,2,"",M,6.000,2,"",N,15.196,2,"",M,32.423,2,"",M,15.570,2,"",M,1016.640,2,"",M,360.729,2,"",M,NaN,,,0,NaN,,,M,350.171,2,"",348.911,2,"",NaN,,,NaN,,,NaN,,
2023-08-11T03:17:37.000Z,5.930,2,"",M,57.017,2,"",M,6.000,2,"",N,15.204,2,"",M,32.432,2,"",M,15.580,2,"",M,1016.610,2,"",M,361.119,2,"",M,NaN,,,0,NaN,,,M,350.509,2,"",349.248,2,"",NaN,,,NaN,,,NaN,,
2023-08-11T03:19:30.000Z,5.922,2,"",M,57.015,2,"",M,6.000,2,"",N,15.216,2,"",M,32.442,2,"",M,15.590,2,"",M,1016.660,2,"",M,361.549,2,"",M,NaN,,,0,NaN,,,M,350.959,2,"",349.697,2,"",NaN,,,NaN,,,NaN,,
2023-08-11T03:21:21.000Z,5.914,2,"",M,57.013,2,"",M,6.000,2,"",N,15.226,2,"",M,32.453,2,"",M,15.600,2,"",M,1016.650,2,"",M,361.800,2,"",M,NaN,,,0,NaN,,,M,351.199,2,"",349.936,2,"",NaN,,,NaN,,,NaN,,
2023-08-11T03:23:13.000Z,5.906,2,"",M,57.011,2,"",M,6.000,2,"",N,15.237,2,"",M,32.465,2,"",M,15.610,2,"",M,1016.550,2,"",M,362.270,2,"",M,NaN,,,0,NaN,,,M,351.641,2,"",350.376,2,"",NaN,,,NaN,,,NaN,,
2023-08-11T03:25:05.000Z,5.898,2,"",M,57.009,2,"",M,6.000,2,"",N,15.241,2,"",M,32.474,2,"",M,15.620,2,"",M,1016.540,2,"",M,362.990,2,"",M,NaN,,,0,NaN,,,M,352.243,2,"",350.977,2,"",NaN,,,NaN,,,NaN,,
2023-08-11T03:26:57.000Z,5.889,2,"",M,57.007,2,"",M,6.000,2,"",N,15.248,2,"",M,32.486,2,"",M,15.630,2,"",M,1016.820,2,"",M,363.351,2,"",M,NaN,,,0,NaN,,,M,352.637,2,"",351.369,2,"",NaN,,,NaN,,,NaN,,
2023-08-11T03:28:50.000Z,5.880,2,"",M,57.004,2,"",M,6.000,2,"",N,15.257,2,"",M,32.499,2,"",M,15.630,2,"",M,1016.460,2,"",M,363.861,2,"",M,NaN,,,0,NaN,,,M,353.139,2,"",351.869,2,"",NaN,,,NaN,,,NaN,,
2023-08-11T03:30:42.000Z,5.872,2,"",M,57.002,2,"",M,6.000,2,"",N,15.262,2,"",M,32.508,2,"",M,15.640,2,"",M,1016.280,2,"",M,364.211,2,"",M,NaN,,,0,NaN,,,M,353.332,2,"",352.062,2,"",NaN,,,NaN,,,NaN,,
2023-08-11T03:32:33.000Z,5.863,2,"",M,57.000,2,"",M,6.000,2,"",N,15.265,2,"",M,32.516,2,"",M,15.650,2,"",M,1016.390,2,"",M,364.542,2,"",M,NaN,,,0,NaN,,,M,353.587,2,"",352.316,2,"",NaN,,,NaN,,,NaN,,
2023-08-11T03:34:25.000Z,5.854,2,"",M,56.998,2,"",M,6.000,2,"",N,15.268,2,"",M,32.527,2,"",M,15.650,2,"",M,1016.450,2,"",M,364.962,2,"",M,NaN,,,0,NaN,,,M,354.058,2,"",352.785,2,"",NaN,,,NaN,,,NaN,,
2023-08-11T03:36:17.000Z,5.846,2,"",M,56.996,2,"",M,6.000,2,"",N,15.273,2,"",M,32.540,2,"",M,15.650,2,"",M,1016.310,2,"",M,365.762,2,"",M,NaN,,,0,NaN,,,M,354.856,2,"",353.581,2,"",NaN,,,NaN,,,NaN,,
2023-08-11T03:40:46.000Z,5.824,2,"",M,56.991,2,"",M,6.000,2,"",N,NaN,,,M,NaN,,,M,NaN,,,M,NaN,,,M,NaN,,,0,NaN,,,0,NaN,,,M,NaN,,,NaN,,,NaN,,,NaN,,,NaN,,
2023-08-11T03:42:36.000Z,5.816,2,"",M,56.989,2,"",M,6.000,2,"",N,NaN,,,M,NaN,,,M,NaN,,,M,NaN,,,M,NaN,,,0,NaN,,,0,NaN,,,M,NaN,,,NaN,,,NaN,,,NaN,,,NaN,,
2023-08-11T03:44:46.000Z,5.806,2,"",M,56.986,2,"",M,6.000,2,"",N,NaN,,,M,NaN,,,M,NaN,,,M,NaN,,,M,NaN,,,0,NaN,,,0,NaN,,,M,NaN,,,NaN,,,NaN,,,NaN,,,NaN,,
2023-08-11T03:49:16.000Z,5.784,2,"",M,56.981,2,"",M,6.000,2,"",N,NaN,,,M,NaN,,,M,NaN,,,M,NaN,,,M,NaN,,,0,NaN,,,0,NaN,,,M,NaN,,,NaN,,,NaN,,,NaN,,,NaN,,
2023-08-11T03:51:06.000Z,5.776,2,"",M,56.979,2,"",M,6.000,2,"",N,NaN,,,M,NaN,,,M,NaN,,,M,NaN,,,M,NaN,,,0,NaN,,,0,NaN,,,M,NaN,,,NaN,,,NaN,,,NaN,,,NaN,,
2023-08-11T03:52:56.000Z,5.767,2,"",M,56.977,2,"",M,6.000,2,"",N,NaN,,,M,NaN,,,M,NaN,,,M,NaN,,,M,NaN,,,0,NaN,,,0,NaN,,,M,NaN,,,NaN,,,NaN,,,NaN,,,NaN,,
2023-08-11T03:57:25.000Z,5.745,2,"",M,56.971,2,"",M,6.000,2,"",N,NaN,,,M,NaN,,,M,NaN,,,M,NaN,,,M,NaN,,,0,NaN,,,0,NaN,,,M,NaN,,,NaN,,,NaN,,,NaN,,,NaN,,
2023-08-11T03:59:15.000Z,5.737,2,"",M,56.969,2,"",M,6.000,2,"",N,NaN,,,M,NaN,,,M,NaN,,,M,NaN,,,M,NaN,,,0,NaN,,,0,NaN,,,M,NaN,,,NaN,,,NaN,,,NaN,,,NaN,,
2023-08-11T04:01:04.000Z,5.728,2,"",M,56.967,2,"",M,6.000,2,"",N,NaN,,,M,NaN,,,M,NaN,,,M,NaN,,,M,NaN,,,0,NaN,,,0,NaN,,,M,NaN,,,NaN,,,NaN,,,NaN,,,NaN,,
2023-08-11T04:05:34.000Z,5.707,2,"",M,56.961,2,"",M,6.000,2,"",N,15.290,2,"",M,32.686,2,"",M,NaN,,,M,NaN,,,M,NaN,,,0,409.935,2,"",M,1016.000,2,"",M,NaN,,,NaN,,,409.935,2,"",405.123,2,"",403.657,2,""
2023-08-11T04:07:24.000Z,5.698,2,"",M,56.959,2,"",M,6.000,2,"",N,15.284,2,"",M,32.704,2,"",M,NaN,,,M,NaN,,,M,NaN,,,0,409.954,2,"",M,1016.000,2,"",M,NaN,,,NaN,,,409.954,2,"",405.144,2,"",403.678,2,""
2023-08-11T04:09:13.000Z,5.689,2,"",M,56.957,2,"",M,6.000,2,"",N,15.270,2,"",M,32.729,2,"",M,NaN,,,M,NaN,,,M,NaN,,,0,409.883,2,"",M,1015.900,2,"",M,NaN,,,NaN,,,409.883,2,"",405.039,2,"",403.574,2,""
2023-08-11T04:11:03.000Z,5.681,2,"",M,56.955,2,"",M,6.000,2,"",N,15.258,2,"",M,32.765,2,"",M,NaN,,,M,NaN,,,M,NaN,,,0,410.112,2,"",M,1015.900,2,"",M,NaN,,,NaN,,,410.112,2,"",405.271,2,"",403.804,2,""
2023-08-11T04:12:52.000Z,5.672,2,"",M,56.953,2,"",M,6.000,2,"",N,15.252,2,"",M,32.806,2,"",M,NaN,,,M,NaN,,,M,NaN,,,0,409.860,2,"",M,1015.800,2,"",M,NaN,,,NaN,,,409.860,2,"",404.985,2,"",403.519,2,""
2023-08-11T04:18:03.000Z,5.647,2,"",M,56.947,2,"",M,6.000,2,"",N,15.223,2,"",M,32.926,2,"",M,15.620,2,"",M,1016.060,2,"",M,367.860,2,"",M,NaN,,,0,NaN,,,M,356.517,2,"",355.236,2,"",NaN,,,NaN,,,NaN,,
2023-08-11T04:19:54.000Z,5.639,2,"",M,56.945,2,"",M,6.000,2,"",N,15.211,2,"",M,32.983,2,"",M,15.610,2,"",M,1015.620,2,"",M,367.789,2,"",M,NaN,,,0,NaN,,,M,356.275,2,"",354.995,2,"",NaN,,,NaN,,,NaN,,
2023-08-11T04:21:46.000Z,5.630,2,"",M,56.943,2,"",M,6.000,2,"",N,15.189,2,"",M,33.075,2,"",M,15.600,2,"",M,1015.960,2,"",M,368.398,2,"",M,NaN,,,0,NaN,,,M,356.806,2,"",355.523,2,"",NaN,,,NaN,,,NaN,,
2023-08-11T04:23:38.000Z,5.621,2,"",M,56.940,2,"",M,6.000,2,"",N,15.170,2,"",M,33.171,2,"",M,15.580,2,"",M,1015.900,2,"",M,368.767,2,"",M,NaN,,,0,NaN,,,M,357.157,2,"",355.873,2,"",NaN,,,NaN,,,NaN,,
2023-08-11T04:25:29.000Z,5.612,2,"",M,56.938,2,"",M,6.000,2,"",N,15.139,2,"",M,33.276,2,"",M,15.560,2,"",M,1015.800,2,"",M,369.827,2,"",M,NaN,,,0,NaN,,,M,357.991,2,"",356.703,2,"",NaN,,,NaN,,,NaN,,
2023-08-11T04:27:21.000Z,5.604,2,"",M,56.936,2,"",M,6.000,2,"",N,15.086,2,"",M,33.409,2,"",M,15.540,2,"",M,1015.610,2,"",M,370.566,2,"",M,NaN,,,0,NaN,,,M,358.151,2,"",356.863,2,"",NaN,,,NaN,,,NaN,,
2023-08-11T04:29:13.000Z,5.595,2,"",M,56.934,2,"",M,6.000,2,"",N,15.055,2,"",M,33.522,2,"",M,15.490,2,"",M,1015.410,2,"",M,371.716,2,"",M,NaN,,,0,NaN,,,M,359.493,2,"",358.200,2,"",NaN,,,NaN,,,NaN,,
2023-08-11T04:31:05.000Z,5.586,2,"",M,56.932,2,"",M,6.000,2,"",N,15.024,2,"",M,33.578,2,"",M,15.460,2,"",M,1015.440,2,"",M,372.835,2,"",M,NaN,,,0,NaN,,,M,360.593,2,"",359.295,2,"",NaN,,,NaN,,,NaN,,
2023-08-11T04:32:57.000Z,5.578,2,"",M,56.930,2,"",M,6.000,2,"",N,14.991,2,"",M,33.640,2,"",M,15.430,2,"",M,1015.570,2,"",M,373.574,2,"",M,NaN,,,0,NaN,,,M,361.321,2,"",360.020,2,"",NaN,,,NaN,,,NaN,,
2023-08-11T04:34:49.000Z,5.569,2,"",M,56.928,2,"",M,6.000,2,"",N,14.971,2,"",M,33.691,2,"",M,15.390,2,"",M,1015.430,2,"",M,373.733,2,"",M,NaN,,,0,NaN,,,M,361.748,2,"",360.444,2,"",NaN,,,NaN,,,NaN,,
2023-08-11T04:36:40.000Z,5.560,2,"",M,56.926,2,"",M,6.000,2,"",N,14.961,2,"",M,33.736,2,"",M,15.370,2,"",M,1015.690,2,"",M,374.062,2,"",M,NaN,,,0,NaN,,,M,362.321,2,"",361.015,2,"",NaN,,,NaN,,,NaN,,
2023-08-11T04:38:32.000Z,5.552,2,"",M,56.924,2,"",M,6.000,2,"",N,14.962,2,"",M,33.759,2,"",M,15.360,2,"",M,1015.610,2,"",M,374.382,2,"",M,NaN,,,0,NaN,,,M,362.764,2,"",361.457,2,"",NaN,,,NaN,,,NaN,,
2023-08-11T04:40:24.000Z,5.543,2,"",M,56.922,2,"",M,6.000,2,"",N,14.960,2,"",M,33.792,2,"",M,15.360,2,"",M,1015.270,2,"",M,374.831,2,"",M,NaN,,,0,NaN,,,M,363.051,2,"",361.743,2,"",NaN,,,NaN,,,NaN,,
2023-08-11T04:42:15.000Z,5.534,2,"",M,56.919,2,"",M,6.000,2,"",N,14.963,2,"",M,33.813,2,"",M,15.360,2,"",M,1015.520,2,"",M,374.850,2,"",M,NaN,,,0,NaN,,,M,363.212,2,"",361.903,2,"",NaN,,,NaN,,,NaN,,
2023-08-11T04:44:28.000Z,5.524,2,"",M,56.916,2,"",M,6.000,2,"",N,15.009,2,"",M,33.777,2,"",M,15.360,2,"",M,1016.020,2,"",M,375.669,2,"",M,NaN,,,0,NaN,,,M,364.885,2,"",363.570,2,"",NaN,,,NaN,,,NaN,,
2023-08-11T04:46:20.000Z,5.515,2,"",M,56.914,2,"",M,6.000,2,"",N,15.051,2,"",M,33.688,2,"",M,15.390,2,"",M,1015.920,2,"",M,375.798,2,"",M,NaN,,,0,NaN,,,M,365.155,2,"",363.839,2,"",NaN,,,NaN,,,NaN,,
2023-08-11T04:48:12.000Z,5.506,2,"",M,56.912,2,"",M,6.000,2,"",N,15.087,2,"",M,33.565,2,"",M,15.440,2,"",M,1016.100,2,"",M,375.707,2,"",M,NaN,,,0,NaN,,,M,364.887,2,"",363.573,2,"",NaN,,,NaN,,,NaN,,
2023-08-11T04:50:04.000Z,5.497,2,"",M,56.909,2,"",M,6.000,2,"",N,15.110,2,"",M,33.496,2,"",M,15.470,2,"",M,1016.170,2,"",M,374.735,2,"",M,NaN,,,0,NaN,,,M,363.860,2,"",362.550,2,"",NaN,,,NaN,,,NaN,,
2023-08-11T04:51:55.000Z,5.488,2,"",M,56.907,2,"",M,6.000,2,"",N,15.132,2,"",M,33.425,2,"",M,15.490,2,"",M,1015.840,2,"",M,373.954,2,"",M,NaN,,,0,NaN,,,M,363.004,2,"",361.698,2,"",NaN,,,NaN,,,NaN,,
2023-08-11T04:53:47.000Z,5.479,2,"",M,56.905,2,"",M,6.000,2,"",N,15.143,2,"",M,33.366,2,"",M,15.520,2,"",M,1016.020,2,"",M,373.223,2,"",M,NaN,,,0,NaN,,,M,362.050,2,"",360.748,2,"",NaN,,,NaN,,,NaN,,
2023-08-11T04:55:39.000Z,5.470,2,"",M,56.902,2,"",M,6.000,2,"",N,15.158,2,"",M,33.338,2,"",M,15.530,2,"",M,1016.090,2,"",M,372.642,2,"",M,NaN,,,0,NaN,,,M,361.592,2,"",360.291,2,"",NaN,,,NaN,,,NaN,,
2023-08-11T04:57:31.000Z,5.461,2,"",M,56.900,2,"",M,6.000,2,"",N,15.169,2,"",M,33.310,2,"",M,15.550,2,"",M,1015.700,2,"",M,372.131,2,"",M,NaN,,,0,NaN,,,M,360.805,2,"",359.507,2,"",NaN,,,NaN,,,NaN,,
2023-08-11T04:59:22.000Z,5.452,2,"",M,56.898,2,"",M,6.000,2,"",N,15.182,2,"",M,33.290,2,"",M,15.560,2,"",M,1016.140,2,"",M,371.729,2,"",M,NaN,,,0,NaN,,,M,360.612,2,"",359.315,2,"",NaN,,,NaN,,,NaN,,
2023-08-11T05:01:14.000Z,5.443,2,"",M,56.896,2,"",M,6.000,2,"",N,15.187,2,"",M,33.269,2,"",M,15.570,2,"",M,1016.180,2,"",M,371.408,2,"",M,NaN,,,0,NaN,,,M,360.231,2,"",358.935,2,"",NaN,,,NaN,,,NaN,,
2023-08-11T05:03:06.000Z,5.434,2,"",M,56.894,2,"",M,6.000,2,"",N,15.182,2,"",M,33.278,2,"",M,15.570,2,"",M,1016.450,2,"",M,371.337,2,"",M,NaN,,,0,NaN,,,M,360.196,2,"",358.900,2,"",NaN,,,NaN,,,NaN,,
2023-08-11T05:04:58.000Z,5.425,2,"",M,56.892,2,"",M,6.000,2,"",N,15.182,2,"",M,33.297,2,"",M,15.570,2,"",M,1016.515,2,"",M,371.256,2,"",M,NaN,,,0,NaN,,,M,360.133,2,"",358.837,2,"",NaN,,,NaN,,,NaN,,
2023-08-11T05:06:49.000Z,5.416,2,"",M,56.890,2,"",M,6.000,2,"",N,15.170,2,"",M,33.331,2,"",M,15.570,2,"",M,1016.480,2,"",M,371.375,2,"",M,NaN,,,0,NaN,,,M,360.050,2,"",358.755,2,"",NaN,,,NaN,,,NaN,,
2023-08-11T05:08:41.000Z,5.407,2,"",M,56.888,2,"",M,6.000,2,"",N,15.155,2,"",M,33.369,2,"",M,15.560,2,"",M,1016.440,2,"",M,371.664,2,"",M,NaN,,,0,NaN,,,M,360.255,2,"",358.958,2,"",NaN,,,NaN,,,NaN,,
2023-08-11T05:10:33.000Z,5.398,2,"",M,56.886,2,"",M,6.000,2,"",N,15.151,2,"",M,33.417,2,"",M,15.550,2,"",M,1016.370,2,"",M,371.983,2,"",M,NaN,,,0,NaN,,,M,360.630,2,"",359.333,2,"",NaN,,,NaN,,,NaN,,
2023-08-11T05:12:24.000Z,5.389,2,"",M,56.883,2,"",M,6.000,2,"",N,15.147,2,"",M,33.462,2,"",M,15.540,2,"",M,1016.550,2,"",M,372.283,2,"",M,NaN,,,0,NaN,,,M,361.082,2,"",359.782,2,"",NaN,,,NaN,,,NaN,,
2023-08-11T05:14:16.000Z,5.381,2,"",M,56.881,2,"",M,6.000,2,"",N,15.146,2,"",M,33.505,2,"",M,15.540,2,"",M,1016.520,2,"",M,372.452,2,"",M,NaN,,,0,NaN,,,M,361.211,2,"",359.911,2,"",NaN,,,NaN,,,NaN,,
2023-08-11T05:16:08.000Z,5.372,2,"",M,56.879,2,"",M,6.000,2,"",N,15.143,2,"",M,33.546,2,"",M,15.540,2,"",M,1016.440,2,"",M,373.071,2,"",M,NaN,,,0,NaN,,,M,361.735,2,"",360.433,2,"",NaN,,,NaN,,,NaN,,
2023-08-11T05:18:00.000Z,5.363,2,"",M,56.877,2,"",M,6.000,2,"",N,15.131,2,"",M,33.588,2,"",M,15.540,2,"",M,1016.340,2,"",M,373.200,2,"",M,NaN,,,0,NaN,,,M,361.654,2,"",360.353,2,"",NaN,,,NaN,,,NaN,,
2023-08-11T05:19:52.000Z,5.354,2,"",M,56.874,2,"",M,6.000,2,"",N,15.112,2,"",M,33.646,2,"",M,15.530,2,"",M,1016.330,2,"",M,374.259,2,"",M,NaN,,,0,NaN,,,M,362.540,2,"",361.235,2,"",NaN,,,NaN,,,NaN,,
2023-08-11T05:21:43.000Z,5.345,2,"",M,56.872,2,"",M,6.000,2,"",N,15.095,2,"",M,33.680,2,"",M,15.510,2,"",M,1016.256,2,"",M,374.408,2,"",M,NaN,,,0,NaN,,,M,362.708,2,"",361.403,2,"",NaN,,,NaN,,,NaN,,
2023-08-11T05:23:35.000Z,5.337,2,"",M,56.870,2,"",M,6.000,2,"",N,15.076,2,"",M,33.720,2,"",M,15.490,2,"",M,1016.120,2,"",M,374.467,2,"",M,NaN,,,0,NaN,,,M,362.743,2,"",361.437,2,"",NaN,,,NaN,,,NaN,,
2023-08-11T05:25:27.000Z,5.328,2,"",M,56.868,2,"",M,6.000,2,"",N,15.052,2,"",M,33.752,2,"",M,15.470,2,"",M,1016.220,2,"",M,375.006,2,"",M,NaN,,,0,NaN,,,M,363.248,2,"",361.939,2,"",NaN,,,NaN,,,NaN,,
2023-08-11T05:27:19.000Z,5.319,2,"",M,56.865,2,"",M,6.000,2,"",N,15.033,2,"",M,33.788,2,"",M,15.450,2,"",M,1016.320,2,"",M,375.085,2,"",M,NaN,,,0,NaN,,,M,363.384,2,"",362.075,2,"",NaN,,,NaN,,,NaN,,
2023-08-11T05:29:11.000Z,5.310,2,"",M,56.863,2,"",M,6.000,2,"",N,15.019,2,"",M,33.819,2,"",M,15.430,2,"",M,1016.120,2,"",M,374.914,2,"",M,NaN,,,0,NaN,,,M,363.247,2,"",361.939,2,"",NaN,,,NaN,,,NaN,,
2023-08-11T05:31:02.000Z,5.301,2,"",M,56.861,2,"",M,6.000,2,"",N,15.000,2,"",M,33.874,2,"",M,15.420,2,"",M,1016.150,2,"",M,375.323,2,"",M,NaN,,,0,NaN,,,M,363.522,2,"",362.212,2,"",NaN,,,NaN,,,NaN,,
2023-08-11T05:32:54.000Z,5.292,2,"",M,56.859,2,"",M,6.000,2,"",N,14.967,2,"",M,33.936,2,"",M,15.400,2,"",M,1016.100,2,"",M,375.562,2,"",M,NaN,,,0,NaN,,,M,363.534,2,"",362.224,2,"",NaN,,,NaN,,,NaN,,
2023-08-11T05:34:46.000Z,5.284,2,"",M,56.856,2,"",M,6.000,2,"",N,14.917,2,"",M,34.028,2,"",M,15.380,2,"",M,1015.940,2,"",M,376.041,2,"",M,NaN,,,0,NaN,,,M,363.487,2,"",362.177,2,"",NaN,,,NaN,,,NaN,,
2023-08-11T05:36:38.000Z,5.275,2,"",M,56.854,2,"",M,6.000,2,"",N,14.895,2,"",M,34.088,2,"",M,15.330,2,"",M,1015.900,2,"",M,376.140,2,"",M,NaN,,,0,NaN,,,M,364.030,2,"",362.717,2,"",NaN,,,NaN,,,NaN,,
2023-08-11T05:38:30.000Z,5.266,2,"",M,56.852,2,"",M,6.000,2,"",N,14.867,2,"",M,34.174,2,"",M,15.300,2,"",M,1015.720,2,"",M,376.369,2,"",M,NaN,,,0,NaN,,,M,364.228,2,"",362.914,2,"",NaN,,,NaN,,,NaN,,
2023-08-11T05:40:21.000Z,5.258,2,"",M,56.850,2,"",M,6.000,2,"",N,14.828,2,"",M,34.224,2,"",M,15.270,2,"",M,1015.640,2,"",M,377.289,2,"",M,NaN,,,0,NaN,,,M,364.952,2,"",363.635,2,"",NaN,,,NaN,,,NaN,,
2023-08-11T05:42:13.000Z,5.249,2,"",M,56.847,2,"",M,6.000,2,"",N,14.763,2,"",M,34.270,2,"",M,15.240,2,"",M,1015.770,2,"",M,377.098,2,"",M,NaN,,,0,NaN,,,M,364.290,2,"",362.975,2,"",NaN,,,NaN,,,NaN,,
2023-08-11T05:44:26.000Z,5.238,2,"",M,56.847,2,"",M,6.000,2,"",N,14.673,2,"",M,34.283,2,"",M,15.170,2,"",M,1016.090,2,"",M,377.536,2,"",M,NaN,,,0,NaN,,,M,364.558,2,"",363.240,2,"",NaN,,,NaN,,,NaN,,
2023-08-11T05:46:18.000Z,5.229,2,"",M,56.847,2,"",M,6.000,2,"",N,14.606,2,"",M,34.288,2,"",M,15.100,2,"",M,1015.890,2,"",M,377.655,2,"",M,NaN,,,0,NaN,,,M,364.662,2,"",363.343,2,"",NaN,,,NaN,,,NaN,,
2023-08-11T05:48:10.000Z,5.219,2,"",M,56.847,2,"",M,6.000,2,"",N,14.594,2,"",M,34.288,2,"",M,15.030,2,"",M,1015.920,2,"",M,377.544,2,"",M,NaN,,,0,NaN,,,M,365.499,2,"",364.176,2,"",NaN,,,NaN,,,NaN,,
2023-08-11T05:50:01.000Z,5.210,2,"",M,56.847,2,"",M,6.000,2,"",N,14.589,2,"",M,34.277,2,"",M,15.010,2,"",M,1015.960,2,"",M,377.273,2,"",M,NaN,,,0,NaN,,,M,365.487,2,"",364.163,2,"",NaN,,,NaN,,,NaN,,
2023-08-11T05:51:53.000Z,5.200,2,"",M,56.847,2,"",M,6.000,2,"",N,14.595,2,"",M,34.257,2,"",M,15.000,2,"",M,1015.930,2,"",M,377.052,2,"",M,NaN,,,0,NaN,,,M,365.516,2,"",364.192,2,"",NaN,,,NaN,,,NaN,,
2023-08-11T05:53:45.000Z,5.191,2,"",M,56.847,2,"",M,6.000,2,"",N,14.608,2,"",M,34.245,2,"",M,15.000,2,"",M,1015.940,2,"",M,376.881,2,"",M,NaN,,,0,NaN,,,M,365.543,2,"",364.219,2,"",NaN,,,NaN,,,NaN,,
2023-08-11T05:55:37.000Z,5.182,2,"",M,56.846,2,"",M,6.000,2,"",N,14.611,2,"",M,34.243,2,"",M,15.010,2,"",M,1015.830,2,"",M,376.330,2,"",M,NaN,,,0,NaN,,,M,364.860,2,"",363.539,2,"",NaN,,,NaN,,,NaN,,
2023-08-11T05:57:28.000Z,5.172,2,"",M,56.846,2,"",M,6.000,2,"",N,14.609,2,"",M,34.256,2,"",M,15.020,2,"",M,1015.560,2,"",M,376.079,2,"",M,NaN,,,0,NaN,,,M,364.331,2,"",363.012,2,"",NaN,,,NaN,,,NaN,,
2023-08-11T05:59:21.000Z,5.163,2,"",M,56.846,2,"",M,6.000,2,"",N,14.599,2,"",I,34.284,2,"",I,15.010,2,"",M,1015.790,2,"",M,376.148,2,"",M,NaN,,,0,NaN,,,M,364.486,2,"",363.166,2,"",NaN,,,NaN,,,NaN,,
2023-08-11T06:01:13.000Z,5.153,2,"",M,56.846,2,"",M,6.000,2,"",N,14.589,2,"",M,34.311,2,"",M,15.010,2,"",M,1016.010,2,"",M,376.497,2,"",M,NaN,,,0,NaN,,,M,364.752,2,"",363.431,2,"",NaN,,,NaN,,,NaN,,
2023-08-11T06:03:05.000Z,5.143,2,"",M,56.846,2,"",M,6.000,2,"",N,14.607,2,"",M,34.327,2,"",M,15.000,2,"",M,1015.760,2,"",M,376.636,2,"",M,NaN,,,0,NaN,,,M,365.235,2,"",363.912,2,"",NaN,,,NaN,,,NaN,,
2023-08-11T06:04:57.000Z,5.133,2,"",M,56.845,2,"",M,6.000,2,"",N,14.661,2,"",M,34.320,2,"",M,15.000,2,"",M,1015.950,2,"",M,377.685,2,"",M,NaN,,,0,NaN,,,M,367.155,2,"",365.825,2,"",NaN,,,NaN,,,NaN,,
2023-08-11T06:06:49.000Z,5.123,2,"",M,56.845,2,"",M,6.000,2,"",N,14.710,2,"",M,34.305,2,"",M,15.050,2,"",M,1015.850,2,"",M,377.654,2,"",M,NaN,,,0,NaN,,,M,367.058,2,"",365.729,2,"",NaN,,,NaN,,,NaN,,
2023-08-11T06:08:41.000Z,5.114,2,"",M,56.845,2,"",M,6.000,2,"",N,14.771,2,"",M,34.291,2,"",M,15.100,2,"",M,1015.700,2,"",M,377.423,2,"",M,NaN,,,0,NaN,,,M,366.921,2,"",365.594,2,"",NaN,,,NaN,,,NaN,,
2023-08-11T06:10:34.000Z,5.104,2,"",M,56.845,2,"",M,6.000,2,"",N,14.815,2,"",M,34.273,2,"",M,15.160,2,"",M,1015.670,2,"",M,376.362,2,"",M,NaN,,,0,NaN,,,M,365.605,2,"",364.284,2,"",NaN,,,NaN,,,NaN,,
2023-08-11T06:12:25.000Z,5.094,2,"",M,56.845,2,"",M,6.000,2,"",N,14.843,2,"",M,34.250,2,"",M,15.200,2,"",M,1015.760,2,"",M,375.241,2,"",M,NaN,,,0,NaN,,,M,364.351,2,"",363.035,2,"",NaN,,,NaN,,,NaN,,
2023-08-11T06:14:17.000Z,5.084,2,"",M,56.845,2,"",M,6.000,2,"",N,14.858,2,"",M,34.235,2,"",M,15.230,2,"",M,1015.770,2,"",M,374.330,2,"",M,NaN,,,0,NaN,,,M,363.236,2,"",361.924,2,"",NaN,,,NaN,,,NaN,,
2023-08-11T06:16:09.000Z,5.074,2,"",M,56.845,2,"",M,6.000,2,"",N,14.858,2,"",M,34.229,2,"",M,15.250,2,"",M,1015.880,2,"",M,373.298,2,"",M,NaN,,,0,NaN,,,M,361.962,2,"",360.655,2,"",NaN,,,NaN,,,NaN,,
2023-08-11T06:18:01.000Z,5.069,2,"",M,56.845,2,"",M,6.000,2,"",N,14.852,2,"",M,34.228,2,"",M,15.250,2,"",M,1015.580,2,"",M,371.997,2,"",M,NaN,,,0,NaN,,,M,360.493,2,"",359.192,2,"",NaN,,,NaN,,,NaN,,
2023-08-11T06:19:54.000Z,5.066,2,"",M,56.845,2,"",M,6.000,2,"",N,14.852,2,"",M,34.223,2,"",M,15.250,2,"",M,1015.690,2,"",M,370.886,2,"",M,NaN,,,0,NaN,,,M,359.455,2,"",358.157,2,"",NaN,,,NaN,,,NaN,,
2023-08-11T06:21:46.000Z,5.065,2,"",M,56.845,2,"",M,6.000,2,"",N,14.787,2,"",M,34.247,2,"",M,15.260,2,"",M,1015.820,2,"",M,369.375,2,"",M,NaN,,,0,NaN,,,M,356.900,2,"",355.612,2,"",NaN,,,NaN,,,NaN,,
2023-08-11T06:23:37.000Z,5.066,2,"",M,56.845,2,"",M,6.000,2,"",N,14.829,2,"",M,34.241,2,"",M,15.190,2,"",M,1015.590,2,"",M,367.804,2,"",M,NaN,,,0,NaN,,,M,357.023,2,"",355.733,2,"",NaN,,,NaN,,,NaN,,
2023-08-11T06:25:29.000Z,5.066,2,"",M,56.845,2,"",M,6.000,2,"",N,14.867,2,"",M,34.223,2,"",M,15.220,2,"",M,1015.960,2,"",M,366.233,2,"",M,NaN,,,0,NaN,,,M,355.736,2,"",354.451,2,"",NaN,,,NaN,,,NaN,,
2023-08-11T06:27:21.000Z,5.066,2,"",M,56.845,2,"",M,6.000,2,"",N,14.875,2,"",M,34.219,2,"",M,15.260,2,"",M,1015.640,2,"",M,366.082,2,"",M,NaN,,,0,NaN,,,M,354.980,2,"",353.699,2,"",NaN,,,NaN,,,NaN,,
2023-08-11T06:29:14.000Z,5.066,2,"",M,56.845,2,"",M,6.000,2,"",N,14.881,2,"",M,34.221,2,"",M,15.270,2,"",M,1015.720,2,"",M,367.061,2,"",M,NaN,,,0,NaN,,,M,355.884,2,"",354.600,2,"",NaN,,,NaN,,,NaN,,
2023-08-11T06:31:06.000Z,5.066,2,"",M,56.845,2,"",M,6.000,2,"",N,14.844,2,"",M,34.224,2,"",M,15.280,2,"",M,1015.710,2,"",M,367.620,2,"",M,NaN,,,0,NaN,,,M,355.719,2,"",354.435,2,"",NaN,,,NaN,,,NaN,,
2023-08-11T06:32:58.000Z,5.066,2,"",M,56.845,2,"",M,6.000,2,"",N,14.770,2,"",M,34.247,2,"",M,15.260,2,"",M,1015.690,2,"",M,367.809,2,"",M,NaN,,,0,NaN,,,M,355.087,2,"",353.805,2,"",NaN,,,NaN,,,NaN,,
2023-08-11T06:34:49.000Z,5.066,2,"",M,56.845,2,"",M,6.000,2,"",N,14.731,2,"",M,34.264,2,"",M,15.180,2,"",M,1015.730,2,"",M,367.388,2,"",M,NaN,,,0,NaN,,,M,355.340,2,"",354.056,2,"",NaN,,,NaN,,,NaN,,
2023-08-11T06:36:42.000Z,5.066,2,"",M,56.845,2,"",M,6.000,2,"",N,14.776,2,"",M,34.254,2,"",M,15.140,2,"",M,1015.620,2,"",M,365.307,2,"",M,NaN,,,0,NaN,,,M,354.576,2,"",353.295,2,"",NaN,,,NaN,,,NaN,,
2023-08-11T06:38:34.000Z,5.066,2,"",M,56.845,2,"",M,6.000,2,"",N,14.794,2,"",M,34.245,2,"",M,15.170,2,"",M,1015.670,2,"",M,364.125,2,"",M,NaN,,,0,NaN,,,M,353.257,2,"",351.980,2,"",NaN,,,NaN,,,NaN,,
2023-08-11T06:40:26.000Z,5.066,2,"",M,56.845,2,"",M,6.000,2,"",N,14.820,2,"",M,34.238,2,"",M,15.190,2,"",M,1015.510,2,"",M,363.944,2,"",M,NaN,,,0,NaN,,,M,353.104,2,"",351.829,2,"",NaN,,,NaN,,,NaN,,
2023-08-11T06:42:18.000Z,5.066,2,"",M,56.845,2,"",M,6.000,2,"",N,14.851,2,"",M,34.230,2,"",M,15.220,2,"",M,1015.600,2,"",M,364.284,2,"",M,NaN,,,0,NaN,,,M,353.467,2,"",352.191,2,"",NaN,,,NaN,,,NaN,,
2023-08-11T06:44:30.000Z,5.066,2,"",M,56.845,2,"",M,6.000,2,"",N,14.853,2,"",M,34.225,2,"",M,15.250,2,"",M,1015.690,2,"",M,365.392,2,"",M,NaN,,,0,NaN,,,M,354.144,2,"",352.866,2,"",NaN,,,NaN,,,NaN,,
2023-08-11T06:46:22.000Z,5.068,2,"",M,56.843,2,"",M,6.000,2,"",N,14.836,2,"",M,34.230,2,"",M,15.250,2,"",M,1015.830,2,"",M,366.352,2,"",M,NaN,,,0,NaN,,,M,354.873,2,"",353.592,2,"",NaN,,,NaN,,,NaN,,
2023-08-11T06:48:14.000Z,5.070,2,"",M,56.841,2,"",M,6.000,2,"",N,14.832,2,"",M,34.234,2,"",M,15.240,2,"",M,1016.120,2,"",M,366.021,2,"",M,NaN,,,0,NaN,,,M,354.744,2,"",353.463,2,"",NaN,,,NaN,,,NaN,,
2023-08-11T06:50:06.000Z,5.073,2,"",M,56.839,2,"",M,6.000,2,"",N,14.833,2,"",M,34.236,2,"",M,15.230,2,"",M,1016.040,2,"",M,366.050,2,"",M,NaN,,,0,NaN,,,M,354.916,2,"",353.634,2,"",NaN,,,NaN,,,NaN,,
2023-08-11T06:51:57.000Z,5.075,2,"",M,56.837,2,"",M,6.000,2,"",N,14.840,2,"",M,34.235,2,"",M,15.230,2,"",M,1015.830,2,"",M,365.549,2,"",M,NaN,,,0,NaN,,,M,354.464,2,"",353.184,2,"",NaN,,,NaN,,,NaN,,
2023-08-11T06:53:49.000Z,5.078,2,"",M,56.834,2,"",M,6.000,2,"",N,14.849,2,"",M,34.234,2,"",M,15.240,2,"",M,1016.140,2,"",M,365.878,2,"",M,NaN,,,0,NaN,,,M,354.870,2,"",353.589,2,"",NaN,,,NaN,,,NaN,,
2023-08-11T06:55:41.000Z,5.081,2,"",M,56.832,2,"",M,6.000,2,"",N,14.859,2,"",M,34.234,2,"",M,15.240,2,"",M,1015.960,2,"",M,366.027,2,"",M,NaN,,,0,NaN,,,M,355.101,2,"",353.819,2,"",NaN,,,NaN,,,NaN,,
2023-08-11T06:57:33.000Z,5.083,2,"",M,56.830,2,"",M,6.000,2,"",N,14.865,2,"",M,34.239,2,"",M,15.250,2,"",M,1015.760,2,"",M,366.656,2,"",M,NaN,,,0,NaN,,,M,355.571,2,"",354.287,2,"",NaN,,,NaN,,,NaN,,
2023-08-11T06:59:25.000Z,5.086,2,"",M,56.828,2,"",M,6.000,2,"",N,14.869,2,"",M,34.244,2,"",M,15.260,2,"",M,1015.780,2,"",M,367.335,2,"",M,NaN,,,0,NaN,,,M,356.150,2,"",354.864,2,"",NaN,,,NaN,,,NaN,,
2023-08-11T07:01:16.000Z,5.088,2,"",M,56.826,2,"",M,6.000,2,"",N,14.873,2,"",M,34.248,2,"",M,15.270,2,"",M,1015.770,2,"",M,367.924,2,"",M,NaN,,,0,NaN,,,M,356.614,2,"",355.327,2,"",NaN,,,NaN,,,NaN,,
2023-08-11T07:03:08.000Z,5.089,2,"",M,56.824,2,"",M,6.000,2,"",N,14.872,2,"",M,34.256,2,"",M,15.270,2,"",M,1015.620,2,"",M,369.123,2,"",M,NaN,,,0,NaN,,,M,357.722,2,"",356.431,2,"",NaN,,,NaN,,,NaN,,
2023-08-11T07:05:00.000Z,5.090,2,"",M,56.823,2,"",M,6.000,2,"",N,14.859,2,"",M,34.267,2,"",M,15.270,2,"",M,1015.970,2,"",M,369.832,2,"",M,NaN,,,0,NaN,,,M,358.330,2,"",357.037,2,"",NaN,,,NaN,,,NaN,,
2023-08-11T07:06:52.000Z,5.091,2,"",M,56.823,2,"",M,6.000,2,"",N,14.857,2,"",M,34.276,2,"",M,15.260,2,"",M,1015.500,2,"",M,370.511,2,"",M,NaN,,,0,NaN,,,M,358.951,2,"",357.656,2,"",NaN,,,NaN,,,NaN,,
2023-08-11T07:08:43.000Z,5.091,2,"",M,56.823,2,"",M,6.000,2,"",N,14.857,2,"",M,34.280,2,"",M,15.260,2,"",M,1015.900,2,"",M,371.480,2,"",M,NaN,,,0,NaN,,,M,360.026,2,"",358.727,2,"",NaN,,,NaN,,,NaN,,
2023-08-11T07:10:35.000Z,5.091,2,"",M,56.823,2,"",M,6.000,2,"",N,14.856,2,"",M,34.284,2,"",M,15.260,2,"",M,1015.670,2,"",M,372.039,2,"",M,NaN,,,0,NaN,,,M,360.468,2,"",359.167,2,"",NaN,,,NaN,,,NaN,,
2023-08-11T07:12:27.000Z,5.091,2,"",M,56.823,2,"",M,6.000,2,"",N,14.854,2,"",M,34.284,2,"",M,15.250,2,"",M,1015.610,2,"",M,372.958,2,"",M,NaN,,,0,NaN,,,M,361.459,2,"",360.154,2,"",NaN,,,NaN,,,NaN,,
2023-08-11T07:14:19.000Z,5.090,2,"",M,56.824,2,"",M,6.000,2,"",N,14.853,2,"",M,34.283,2,"",M,15.250,2,"",M,1015.480,2,"",M,372.967,2,"",M,NaN,,,0,NaN,,,M,361.418,2,"",360.114,2,"",NaN,,,NaN,,,NaN,,
2023-08-11T07:16:10.000Z,5.089,2,"",M,56.825,2,"",M,6.000,2,"",N,14.852,2,"",M,34.282,2,"",M,15.250,2,"",M,1015.680,2,"",M,372.986,2,"",M,NaN,,,0,NaN,,,M,361.496,2,"",360.191,2,"",NaN,,,NaN,,,NaN,,
2023-08-11T07:18:02.000Z,5.087,2,"",M,56.826,2,"",M,6.000,2,"",N,14.861,2,"",I,34.279,2,"",I,15.250,2,"",M,1015.670,2,"",M,372.975,2,"",M,NaN,,,0,NaN,,,M,361.606,2,"",360.301,2,"",NaN,,,NaN,,,NaN,,
2023-08-11T07:19:54.000Z,5.085,2,"",M,56.827,2,"",M,6.000,2,"",N,14.869,2,"",M,34.277,2,"",M,15.260,2,"",M,1015.660,2,"",M,373.114,2,"",M,NaN,,,0,NaN,,,M,361.705,2,"",360.400,2,"",NaN,,,NaN,,,NaN,,
2023-08-11T07:21:45.000Z,5.084,2,"",M,56.829,2,"",M,6.000,2,"",N,14.875,2,"",M,34.273,2,"",M,15.260,2,"",M,1015.670,2,"",M,372.963,2,"",M,NaN,,,0,NaN,,,M,361.660,2,"",360.355,2,"",NaN,,,NaN,,,NaN,,
2023-08-11T07:23:37.000Z,5.082,2,"",M,56.830,2,"",M,6.000,2,"",N,14.884,2,"",M,34.269,2,"",M,15.270,2,"",M,1015.696,2,"",M,372.642,2,"",M,NaN,,,0,NaN,,,M,361.331,2,"",360.027,2,"",NaN,,,NaN,,,NaN,,
2023-08-11T07:28:07.000Z,5.078,2,"",M,56.834,2,"",M,6.000,2,"",N,NaN,,,M,NaN,,,M,NaN,,,M,NaN,,,M,NaN,,,0,NaN,,,0,NaN,,,M,NaN,,,NaN,,,NaN,,,NaN,,,NaN,,
2023-08-11T07:29:57.000Z,5.077,2,"",M,56.835,2,"",M,6.000,2,"",N,NaN,,,M,NaN,,,M,NaN,,,M,NaN,,,M,NaN,,,0,NaN,,,0,NaN,,,M,NaN,,,NaN,,,NaN,,,NaN,,,NaN,,
2023-08-11T07:31:46.000Z,5.075,2,"",M,56.836,2,"",M,6.000,2,"",N,NaN,,,M,NaN,,,M,NaN,,,M,NaN,,,M,NaN,,,0,NaN,,,0,NaN,,,M,NaN,,,NaN,,,NaN,,,NaN,,,NaN,,
2023-08-11T07:36:15.000Z,5.072,2,"",M,56.839,2,"",M,6.000,2,"",N,NaN,,,M,NaN,,,M,NaN,,,M,NaN,,,M,NaN,,,0,NaN,,,0,NaN,,,M,NaN,,,NaN,,,NaN,,,NaN,,,NaN,,
2023-08-11T07:38:05.000Z,5.071,2,"",M,56.840,2,"",M,6.000,2,"",N,NaN,,,M,NaN,,,M,NaN,,,M,NaN,,,M,NaN,,,0,NaN,,,0,NaN,,,M,NaN,,,NaN,,,NaN,,,NaN,,,NaN,,
2023-08-11T07:39:55.000Z,5.070,2,"",M,56.842,2,"",M,6.000,2,"",N,NaN,,,M,NaN,,,M,NaN,,,M,NaN,,,M,NaN,,,0,NaN,,,0,NaN,,,M,NaN,,,NaN,,,NaN,,,NaN,,,NaN,,
2023-08-11T07:44:24.000Z,5.066,2,"",M,56.845,2,"",M,6.000,2,"",N,NaN,,,M,NaN,,,M,NaN,,,M,NaN,,,M,NaN,,,0,NaN,,,0,NaN,,,M,NaN,,,NaN,,,NaN,,,NaN,,,NaN,,
2023-08-11T07:46:35.000Z,5.064,2,"",M,56.846,2,"",M,6.000,2,"",N,NaN,,,M,NaN,,,M,NaN,,,M,NaN,,,M,NaN,,,0,NaN,,,0,NaN,,,M,NaN,,,NaN,,,NaN,,,NaN,,,NaN,,
2023-08-11T07:48:25.000Z,5.063,2,"",M,56.848,2,"",M,6.000,2,"",N,NaN,,,M,NaN,,,M,NaN,,,M,NaN,,,M,NaN,,,0,NaN,,,0,NaN,,,M,NaN,,,NaN,,,NaN,,,NaN,,,NaN,,
2023-08-11T07:52:54.000Z,5.059,2,"",M,56.851,2,"",M,6.000,2,"",N,14.959,2,"",M,34.187,2,"",M,NaN,,,M,NaN,,,M,NaN,,,0,412.189,2,"",M,1015.200,2,"",M,NaN,,,NaN,,,412.189,2,"",407.177,2,"",405.698,2,""
2023-08-11T07:54:44.000Z,5.058,2,"",M,56.852,2,"",M,6.000,2,"",N,14.975,2,"",M,34.188,2,"",M,NaN,,,M,NaN,,,M,NaN,,,0,411.699,2,"",M,1015.200,2,"",M,NaN,,,NaN,,,411.699,2,"",406.685,2,"",405.209,2,""
2023-08-11T07:56:34.000Z,5.057,2,"",M,56.853,2,"",M,6.000,2,"",N,14.988,2,"",M,34.184,2,"",M,NaN,,,M,NaN,,,M,NaN,,,0,411.688,2,"",M,1015.200,2,"",M,NaN,,,NaN,,,411.688,2,"",406.669,2,"",405.194,2,""
2023-08-11T07:58:23.000Z,5.055,2,"",M,56.854,2,"",M,6.000,2,"",N,14.993,2,"",M,34.183,2,"",M,NaN,,,M,NaN,,,M,NaN,,,0,411.798,2,"",M,1015.300,2,"",M,NaN,,,NaN,,,411.798,2,"",406.816,2,"",405.340,2,""
2023-08-11T08:00:12.000Z,5.054,2,"",M,56.855,2,"",M,6.000,2,"",N,15.001,2,"",M,34.186,2,"",M,NaN,,,M,NaN,,,M,NaN,,,0,411.547,2,"",M,1015.300,2,"",M,NaN,,,NaN,,,411.547,2,"",406.565,2,"",405.090,2,""
2023-08-11T08:05:23.000Z,5.049,2,"",M,56.857,2,"",M,6.000,2,"",N,15.041,2,"",M,34.200,2,"",M,15.410,2,"",M,1015.730,2,"",M,366.730,2,"",M,NaN,,,0,NaN,,,M,355.821,2,"",354.539,2,"",NaN,,,NaN,,,NaN,,
2023-08-11T08:07:14.000Z,5.047,2,"",M,56.857,2,"",M,6.000,2,"",N,15.046,2,"",M,34.200,2,"",M,15.430,2,"",M,1015.780,2,"",M,366.629,2,"",M,NaN,,,0,NaN,,,M,355.495,2,"",354.215,2,"",NaN,,,NaN,,,NaN,,
2023-08-11T08:09:06.000Z,5.045,2,"",M,56.856,2,"",M,6.000,2,"",N,15.058,2,"",M,34.206,2,"",M,15.440,2,"",M,1015.740,2,"",M,366.399,2,"",M,NaN,,,0,NaN,,,M,355.289,2,"",354.010,2,"",NaN,,,NaN,,,NaN,,
2023-08-11T08:10:58.000Z,5.045,2,"",M,56.855,2,"",M,6.000,2,"",N,15.061,2,"",M,34.207,2,"",M,15.450,2,"",M,1015.740,2,"",M,366.289,2,"",M,NaN,,,0,NaN,,,M,355.077,2,"",353.798,2,"",NaN,,,NaN,,,NaN,,
2023-08-11T08:12:50.000Z,5.046,2,"",M,56.854,2,"",M,6.000,2,"",N,15.059,2,"",M,34.208,2,"",M,15.450,2,"",M,1015.610,2,"",M,366.058,2,"",M,NaN,,,0,NaN,,,M,354.770,2,"",353.492,2,"",NaN,,,NaN,,,NaN,,
2023-08-11T08:14:41.000Z,5.048,2,"",M,56.853,2,"",M,6.000,2,"",N,15.058,2,"",M,34.207,2,"",M,15.450,2,"",M,1015.710,2,"",M,366.178,2,"",M,NaN,,,0,NaN,,,M,354.909,2,"",353.631,2,"",NaN,,,NaN,,,NaN,,
2023-08-11T08:16:33.000Z,5.050,2,"",M,56.852,2,"",M,6.000,2,"",N,15.054,2,"",M,34.204,2,"",M,15.450,2,"",M,1015.640,2,"",M,366.028,2,"",M,NaN,,,0,NaN,,,M,354.682,2,"",353.405,2,"",NaN,,,NaN,,,NaN,,
2023-08-11T08:18:25.000Z,5.052,2,"",M,56.851,2,"",M,6.000,2,"",N,15.054,2,"",M,34.203,2,"",M,15.440,2,"",M,1015.540,2,"",M,366.167,2,"",M,NaN,,,0,NaN,,,M,354.931,2,"",353.653,2,"",NaN,,,NaN,,,NaN,,
2023-08-11T08:20:17.000Z,5.053,2,"",M,56.850,2,"",M,6.000,2,"",N,15.049,2,"",M,34.197,2,"",M,15.440,2,"",M,1015.470,2,"",M,366.147,2,"",M,NaN,,,0,NaN,,,M,354.814,2,"",353.537,2,"",NaN,,,NaN,,,NaN,,
2023-08-11T08:22:08.000Z,5.055,2,"",M,56.849,2,"",M,6.000,2,"",N,15.040,2,"",M,34.194,2,"",M,15.440,2,"",M,1015.540,2,"",M,366.397,2,"",M,NaN,,,0,NaN,,,M,354.952,2,"",353.674,2,"",NaN,,,NaN,,,NaN,,
2023-08-11T08:24:00.000Z,5.056,2,"",M,56.847,2,"",M,6.000,2,"",N,15.032,2,"",M,34.194,2,"",M,15.440,2,"",M,1015.540,2,"",M,366.536,2,"",M,NaN,,,0,NaN,,,M,354.964,2,"",353.686,2,"",NaN,,,NaN,,,NaN,,
2023-08-11T08:25:52.000Z,5.057,2,"",M,56.846,2,"",M,6.000,2,"",N,15.027,2,"",M,34.189,2,"",M,15.430,2,"",M,1015.560,2,"",M,366.236,2,"",M,NaN,,,0,NaN,,,M,354.758,2,"",353.480,2,"",NaN,,,NaN,,,NaN,,
2023-08-11T08:27:44.000Z,5.059,2,"",M,56.845,2,"",M,6.000,2,"",N,15.018,2,"",M,34.186,2,"",M,15.420,2,"",M,1015.490,2,"",M,366.376,2,"",M,NaN,,,0,NaN,,,M,354.892,2,"",353.614,2,"",NaN,,,NaN,,,NaN,,
2023-08-11T08:29:35.000Z,5.060,2,"",M,56.844,2,"",M,6.000,2,"",N,15.012,2,"",M,34.186,2,"",M,15.410,2,"",M,1015.710,2,"",M,366.585,2,"",M,NaN,,,0,NaN,,,M,355.240,2,"",353.960,2,"",NaN,,,NaN,,,NaN,,
2023-08-11T08:31:27.000Z,5.062,2,"",M,56.843,2,"",M,6.000,2,"",N,15.006,2,"",M,34.187,2,"",M,15.400,2,"",M,1015.460,2,"",M,366.305,2,"",M,NaN,,,0,NaN,,,M,354.932,2,"",353.653,2,"",NaN,,,NaN,,,NaN,,
2023-08-11T08:33:19.000Z,5.063,2,"",M,56.841,2,"",M,6.000,2,"",N,14.997,2,"",M,34.189,2,"",M,15.400,2,"",M,1015.340,2,"",M,366.515,2,"",M,NaN,,,0,NaN,,,M,354.964,2,"",353.686,2,"",NaN,,,NaN,,,NaN,,
2023-08-11T08:35:11.000Z,5.066,2,"",M,56.841,2,"",M,6.000,2,"",N,14.987,2,"",M,34.191,2,"",M,15.390,2,"",M,1015.380,2,"",M,366.834,2,"",M,NaN,,,0,NaN,,,M,355.290,2,"",354.011,2,"",NaN,,,NaN,,,NaN,,
2023-08-11T08:37:02.000Z,5.068,2,"",M,56.841,2,"",M,6.000,2,"",N,14.977,2,"",M,34.197,2,"",M,15.390,2,"",M,1015.360,2,"",M,367.284,2,"",M,NaN,,,0,NaN,,,M,355.569,2,"",354.288,2,"",NaN,,,NaN,,,NaN,,
2023-08-11T08:38:55.000Z,5.071,2,"",M,56.841,2,"",M,6.000,2,"",N,14.978,2,"",M,34.196,2,"",M,15.370,2,"",M,1015.460,2,"",M,367.493,2,"",M,NaN,,,0,NaN,,,M,356.130,2,"",354.847,2,"",NaN,,,NaN,,,NaN,,
2023-08-11T08:40:47.000Z,5.073,2,"",M,56.842,2,"",M,6.000,2,"",N,14.977,2,"",M,34.197,2,"",M,15.370,2,"",M,1015.580,2,"",M,367.843,2,"",M,NaN,,,0,NaN,,,M,356.490,2,"",355.206,2,"",NaN,,,NaN,,,NaN,,
2023-08-11T08:42:39.000Z,5.073,2,"",M,56.844,2,"",M,6.000,2,"",N,14.974,2,"",M,34.196,2,"",M,15.370,2,"",M,1015.580,2,"",M,368.053,2,"",M,NaN,,,0,NaN,,,M,356.656,2,"",355.371,2,"",NaN,,,NaN,,,NaN,,
2023-08-11T08:44:52.000Z,5.072,2,"",M,56.845,2,"",M,6.000,2,"",N,14.973,2,"",M,34.196,2,"",M,15.370,2,"",M,1015.710,2,"",M,368.672,2,"",M,NaN,,,0,NaN,,,M,357.280,2,"",355.992,2,"",NaN,,,NaN,,,NaN,,
2023-08-11T08:46:44.000Z,5.070,2,"",M,56.847,2,"",M,6.000,2,"",N,14.968,2,"",M,34.188,2,"",M,15.370,2,"",M,1015.670,2,"",M,368.942,2,"",M,NaN,,,0,NaN,,,M,357.456,2,"",356.168,2,"",NaN,,,NaN,,,NaN,,
2023-08-11T08:48:36.000Z,5.069,2,"",M,56.848,2,"",M,6.000,2,"",N,14.974,2,"",M,34.184,2,"",M,15.360,2,"",M,1015.770,2,"",M,368.852,2,"",M,NaN,,,0,NaN,,,M,357.656,2,"",356.366,2,"",NaN,,,NaN,,,NaN,,
2023-08-11T08:50:27.000Z,5.067,2,"",M,56.849,2,"",M,6.000,2,"",N,14.980,2,"",M,34.182,2,"",M,15.370,2,"",M,1015.800,2,"",M,368.671,2,"",M,NaN,,,0,NaN,,,M,357.417,2,"",356.129,2,"",NaN,,,NaN,,,NaN,,
2023-08-11T08:52:19.000Z,5.066,2,"",M,56.851,2,"",M,6.000,2,"",N,14.984,2,"",M,34.170,2,"",M,15.370,2,"",M,1015.670,2,"",M,368.441,2,"",M,NaN,,,0,NaN,,,M,357.216,2,"",355.928,2,"",NaN,,,NaN,,,NaN,,
2023-08-11T08:54:11.000Z,5.064,2,"",M,56.852,2,"",M,6.000,2,"",N,14.990,2,"",M,34.167,2,"",M,15.380,2,"",M,1015.660,2,"",M,368.171,2,"",M,NaN,,,0,NaN,,,M,356.887,2,"",355.600,2,"",NaN,,,NaN,,,NaN,,
2023-08-11T08:56:03.000Z,5.063,2,"",M,56.853,2,"",M,6.000,2,"",N,15.001,2,"",M,34.163,2,"",M,15.390,2,"",M,1015.700,2,"",M,367.880,2,"",M,NaN,,,0,NaN,,,M,356.629,2,"",355.344,2,"",NaN,,,NaN,,,NaN,,
2023-08-11T08:57:54.000Z,5.061,2,"",M,56.855,2,"",M,6.000,2,"",N,15.016,2,"",M,34.162,2,"",M,15.400,2,"",M,1015.720,2,"",M,367.830,2,"",M,NaN,,,0,NaN,,,M,356.660,2,"",355.375,2,"",NaN,,,NaN,,,NaN,,
2023-08-11T08:59:46.000Z,5.060,2,"",M,56.856,2,"",M,6.000,2,"",N,15.032,2,"",M,34.160,2,"",M,15.410,2,"",M,1015.660,2,"",M,367.490,2,"",M,NaN,,,0,NaN,,,M,356.399,2,"",355.116,2,"",NaN,,,NaN,,,NaN,,
2023-08-11T09:01:38.000Z,5.058,2,"",M,56.857,2,"",M,6.000,2,"",N,15.044,2,"",M,34.163,2,"",M,15.420,2,"",M,1015.520,2,"",M,367.229,2,"",M,NaN,,,0,NaN,,,M,356.118,2,"",354.836,2,"",NaN,,,NaN,,,NaN,,
2023-08-11T09:03:30.000Z,5.056,2,"",M,56.858,2,"",M,6.000,2,"",N,15.066,2,"",M,34.165,2,"",M,15.430,2,"",M,1015.570,2,"",M,367.009,2,"",M,NaN,,,0,NaN,,,M,356.098,2,"",354.815,2,"",NaN,,,NaN,,,NaN,,
2023-08-11T09:05:21.000Z,5.054,2,"",M,56.858,2,"",M,6.000,2,"",N,15.077,2,"",M,34.168,2,"",M,15.450,2,"",M,1015.460,2,"",M,367.379,2,"",M,NaN,,,0,NaN,,,M,356.266,2,"",354.983,2,"",NaN,,,NaN,,,NaN,,
2023-08-11T09:07:13.000Z,5.051,2,"",M,56.858,2,"",M,6.000,2,"",N,15.073,2,"",M,34.169,2,"",M,15.470,2,"",M,1015.570,2,"",M,367.138,2,"",M,NaN,,,0,NaN,,,M,355.712,2,"",354.432,2,"",NaN,,,NaN,,,NaN,,
2023-08-11T09:09:05.000Z,5.049,2,"",M,56.858,2,"",M,6.000,2,"",N,15.075,2,"",M,34.170,2,"",M,15.470,2,"",M,1015.650,2,"",M,367.108,2,"",M,NaN,,,0,NaN,,,M,355.735,2,"",354.454,2,"",NaN,,,NaN,,,NaN,,
2023-08-11T09:10:57.000Z,5.046,2,"",M,56.857,2,"",M,6.000,2,"",N,15.080,2,"",M,34.174,2,"",M,15.460,2,"",M,1015.540,2,"",M,367.028,2,"",M,NaN,,,0,NaN,,,M,355.857,2,"",354.576,2,"",NaN,,,NaN,,,NaN,,
2023-08-11T09:12:49.000Z,5.045,2,"",M,56.856,2,"",M,6.000,2,"",N,15.087,2,"",M,34.176,2,"",M,15.470,2,"",M,1015.330,2,"",M,366.918,2,"",M,NaN,,,0,NaN,,,M,355.627,2,"",354.347,2,"",NaN,,,NaN,,,NaN,,
2023-08-11T09:14:41.000Z,5.044,2,"",M,56.855,2,"",M,6.000,2,"",N,15.085,2,"",M,34.178,2,"",M,15.480,2,"",M,1015.400,2,"",M,367.107,2,"",M,NaN,,,0,NaN,,,M,355.653,2,"",354.373,2,"",NaN,,,NaN,,,NaN,,
2023-08-11T09:16:32.000Z,5.043,2,"",M,56.854,2,"",M,6.000,2,"",N,15.086,2,"",M,34.184,2,"",M,15.480,2,"",M,1015.300,2,"",M,367.127,2,"",M,NaN,,,0,NaN,,,M,355.642,2,"",354.363,2,"",NaN,,,NaN,,,NaN,,
2023-08-11T09:18:24.000Z,5.043,2,"",M,56.852,2,"",M,6.000,2,"",N,15.088,2,"",M,34.184,2,"",M,15.480,2,"",M,1015.320,2,"",M,367.136,2,"",M,NaN,,,0,NaN,,,M,355.688,2,"",354.408,2,"",NaN,,,NaN,,,NaN,,
2023-08-11T09:20:16.000Z,5.043,2,"",M,56.851,2,"",M,6.000,2,"",N,15.089,2,"",M,34.183,2,"",M,15.480,2,"",M,1015.440,2,"",M,366.726,2,"",M,NaN,,,0,NaN,,,M,355.345,2,"",354.066,2,"",NaN,,,NaN,,,NaN,,
2023-08-11T09:22:08.000Z,5.043,2,"",M,56.849,2,"",M,6.000,2,"",N,15.089,2,"",M,34.184,2,"",M,15.480,2,"",M,1015.350,2,"",M,366.666,2,"",M,NaN,,,0,NaN,,,M,355.262,2,"",353.983,2,"",NaN,,,NaN,,,NaN,,
2023-08-11T09:23:59.000Z,5.044,2,"",M,56.848,2,"",M,6.000,2,"",N,15.088,2,"",M,34.183,2,"",M,15.480,2,"",M,1015.310,2,"",M,366.706,2,"",M,NaN,,,0,NaN,,,M,355.272,2,"",353.994,2,"",NaN,,,NaN,,,NaN,,
2023-08-11T09:25:51.000Z,5.045,2,"",M,56.846,2,"",M,6.000,2,"",N,15.087,2,"",M,34.182,2,"",M,15.480,2,"",M,1015.160,2,"",M,367.225,2,"",M,NaN,,,0,NaN,,,M,355.708,2,"",354.428,2,"",NaN,,,NaN,,,NaN,,
2023-08-11T09:27:43.000Z,5.048,2,"",M,56.845,2,"",M,6.000,2,"",N,15.086,2,"",M,34.181,2,"",M,15.480,2,"",M,1015.170,2,"",M,367.055,2,"",M,NaN,,,0,NaN,,,M,355.534,2,"",354.255,2,"",NaN,,,NaN,,,NaN,,
2023-08-11T09:29:34.000Z,5.050,2,"",M,56.844,2,"",M,6.000,2,"",N,15.080,2,"",M,34.180,2,"",M,15.480,2,"",M,1015.240,2,"",M,366.965,2,"",M,NaN,,,0,NaN,,,M,355.382,2,"",354.103,2,"",NaN,,,NaN,,,NaN,,
2023-08-11T09:31:26.000Z,5.052,2,"",M,56.843,2,"",M,6.000,2,"",N,15.077,2,"",M,34.179,2,"",M,15.470,2,"",M,1015.120,2,"",M,367.354,2,"",M,NaN,,,0,NaN,,,M,355.821,2,"",354.541,2,"",NaN,,,NaN,,,NaN,,
2023-08-11T09:33:18.000Z,5.054,2,"",M,56.843,2,"",M,6.000,2,"",N,15.068,2,"",M,34.178,2,"",M,15.470,2,"",M,1015.350,2,"",M,367.224,2,"",M,NaN,,,0,NaN,,,M,355.632,2,"",354.352,2,"",NaN,,,NaN,,,NaN,,
2023-08-11T09:35:10.000Z,5.057,2,"",M,56.843,2,"",M,6.000,2,"",N,15.062,2,"",M,34.178,2,"",M,15.460,2,"",M,1015.430,2,"",M,367.124,2,"",M,NaN,,,0,NaN,,,M,355.634,2,"",354.354,2,"",NaN,,,NaN,,,NaN,,
2023-08-11T09:37:02.000Z,5.060,2,"",M,56.843,2,"",M,6.000,2,"",N,15.056,2,"",M,34.179,2,"",M,15.460,2,"",M,1015.320,2,"",M,367.663,2,"",M,NaN,,,0,NaN,,,M,356.029,2,"",354.748,2,"",NaN,,,NaN,,,NaN,,
2023-08-11T09:38:53.000Z,5.063,2,"",M,56.843,2,"",M,6.000,2,"",N,15.043,2,"",M,34.181,2,"",M,15.450,2,"",M,1015.380,2,"",M,367.863,2,"",M,NaN,,,0,NaN,,,M,356.197,2,"",354.915,2,"",NaN,,,NaN,,,NaN,,
2023-08-11T09:40:45.000Z,5.065,2,"",M,56.843,2,"",M,6.000,2,"",N,15.036,2,"",M,34.183,2,"",M,15.440,2,"",M,1015.465,2,"",M,367.652,2,"",M,NaN,,,0,NaN,,,M,356.077,2,"",354.795,2,"",NaN,,,NaN,,,NaN,,
2023-08-11T09:42:37.000Z,5.068,2,"",M,56.844,2,"",M,6.000,2,"",N,15.036,2,"",M,34.185,2,"",M,15.430,2,"",M,1015.540,2,"",M,368.092,2,"",M,NaN,,,0,NaN,,,M,356.686,2,"",355.401,2,"",NaN,,,NaN,,,NaN,,
2023-08-11T09:44:49.000Z,5.070,2,"",M,56.845,2,"",M,6.000,2,"",N,15.029,2,"",M,34.183,2,"",M,15.430,2,"",M,1015.660,2,"",M,368.761,2,"",M,NaN,,,0,NaN,,,M,357.265,2,"",355.979,2,"",NaN,,,NaN,,,NaN,,
2023-08-11T09:46:41.000Z,5.072,2,"",M,56.847,2,"",M,6.000,2,"",N,15.030,2,"",M,34.183,2,"",M,15.430,2,"",M,1015.770,2,"",M,368.861,2,"",M,NaN,,,0,NaN,,,M,357.414,2,"",356.127,2,"",NaN,,,NaN,,,NaN,,
2023-08-11T09:48:33.000Z,5.073,2,"",M,56.848,2,"",M,6.000,2,"",N,15.029,2,"",M,34.180,2,"",M,15.420,2,"",M,1015.590,2,"",M,369.081,2,"",M,NaN,,,0,NaN,,,M,357.714,2,"",356.426,2,"",NaN,,,NaN,,,NaN,,
2023-08-11T09:50:25.000Z,5.074,2,"",M,56.849,2,"",M,6.000,2,"",N,15.027,2,"",M,34.179,2,"",M,15.430,2,"",M,1015.545,2,"",M,369.510,2,"",M,NaN,,,0,NaN,,,M,357.921,2,"",356.632,2,"",NaN,,,NaN,,,NaN,,
2023-08-11T09:52:16.000Z,5.075,2,"",M,56.851,2,"",M,6.000,2,"",N,15.026,2,"",M,34.179,2,"",M,15.420,2,"",M,1015.530,2,"",M,369.620,2,"",M,NaN,,,0,NaN,,,M,358.162,2,"",356.872,2,"",NaN,,,NaN,,,NaN,,
2023-08-11T09:54:08.000Z,5.074,2,"",M,56.853,2,"",M,6.000,2,"",N,15.021,2,"",M,34.179,2,"",M,15.420,2,"",M,1015.340,2,"",M,369.470,2,"",M,NaN,,,0,NaN,,,M,357.881,2,"",356.592,2,"",NaN,,,NaN,,,NaN,,
2023-08-11T09:56:00.000Z,5.074,2,"",M,56.854,2,"",M,6.000,2,"",N,15.030,2,"",M,34.172,2,"",M,15.410,2,"",M,1015.400,2,"",M,369.739,2,"",M,NaN,,,0,NaN,,,M,358.455,2,"",357.164,2,"",NaN,,,NaN,,,NaN,,
2023-08-11T09:57:52.000Z,5.072,2,"",M,56.856,2,"",M,6.000,2,"",N,15.025,2,"",M,34.168,2,"",M,15.430,2,"",M,1015.240,2,"",M,369.409,2,"",M,NaN,,,0,NaN,,,M,357.687,2,"",356.399,2,"",NaN,,,NaN,,,NaN,,
2023-08-11T09:59:43.000Z,5.071,2,"",M,56.857,2,"",M,6.000,2,"",N,15.045,2,"",M,34.162,2,"",M,15.420,2,"",M,1015.400,2,"",M,369.229,2,"",M,NaN,,,0,NaN,,,M,358.033,2,"",356.744,2,"",NaN,,,NaN,,,NaN,,
2023-08-11T10:01:35.000Z,5.068,2,"",M,56.859,2,"",M,6.000,2,"",N,15.055,2,"",M,34.154,2,"",M,15.430,2,"",M,1015.370,2,"",M,368.639,2,"",M,NaN,,,0,NaN,,,M,357.433,2,"",356.146,2,"",NaN,,,NaN,,,NaN,,
2023-08-11T10:03:27.000Z,5.066,2,"",M,56.859,2,"",M,6.000,2,"",N,15.054,2,"",M,34.154,2,"",M,15.440,2,"",M,1015.340,2,"",M,368.558,2,"",M,NaN,,,0,NaN,,,M,357.176,2,"",355.890,2,"",NaN,,,NaN,,,NaN,,
2023-08-11T10:05:19.000Z,5.063,2,"",M,56.860,2,"",M,6.000,2,"",N,15.059,2,"",M,34.152,2,"",M,15.440,2,"",M,1015.370,2,"",M,368.138,2,"",M,NaN,,,0,NaN,,,M,356.861,2,"",355.577,2,"",NaN,,,NaN,,,NaN,,
2023-08-11T10:07:10.000Z,5.059,2,"",M,56.860,2,"",M,6.000,2,"",N,15.067,2,"",M,34.150,2,"",M,15.450,2,"",M,1015.160,2,"",M,367.958,2,"",M,NaN,,,0,NaN,,,M,356.577,2,"",355.294,2,"",NaN,,,NaN,,,NaN,,
2023-08-11T10:09:02.000Z,5.056,2,"",M,56.860,2,"",M,6.000,2,"",N,15.086,2,"",M,34.153,2,"",M,15.460,2,"",M,1015.135,2,"",M,367.837,2,"",M,NaN,,,0,NaN,,,M,356.583,2,"",355.300,2,"",NaN,,,NaN,,,NaN,,
2023-08-11T10:10:54.000Z,5.054,2,"",M,56.860,2,"",M,6.000,2,"",N,15.099,2,"",M,34.154,2,"",M,15.470,2,"",M,1015.140,2,"",M,367.617,2,"",M,NaN,,,0,NaN,,,M,356.409,2,"",355.127,2,"",NaN,,,NaN,,,NaN,,
2023-08-11T10:12:45.000Z,5.051,2,"",M,56.859,2,"",M,6.000,2,"",N,15.103,2,"",M,34.154,2,"",M,15.490,2,"",M,1015.180,2,"",M,367.637,2,"",M,NaN,,,0,NaN,,,M,356.200,2,"",354.919,2,"",NaN,,,NaN,,,NaN,,
2023-08-11T10:14:37.000Z,5.049,2,"",M,56.859,2,"",M,6.000,2,"",N,15.115,2,"",M,34.155,2,"",M,15.490,2,"",M,1015.060,2,"",M,367.486,2,"",M,NaN,,,0,NaN,,,M,356.183,2,"",354.902,2,"",NaN,,,NaN,,,NaN,,
2023-08-11T10:16:29.000Z,5.047,2,"",M,56.858,2,"",M,6.000,2,"",N,15.121,2,"",M,34.157,2,"",M,15.500,2,"",M,1015.095,2,"",M,367.646,2,"",M,NaN,,,0,NaN,,,M,356.291,2,"",355.009,2,"",NaN,,,NaN,,,NaN,,
2023-08-11T10:18:20.000Z,5.045,2,"",M,56.857,2,"",M,6.000,2,"",N,15.128,2,"",M,34.158,2,"",M,15.510,2,"",M,1015.150,2,"",M,367.356,2,"",M,NaN,,,0,NaN,,,M,355.975,2,"",354.695,2,"",NaN,,,NaN,,,NaN,,
2023-08-11T10:20:12.000Z,5.044,2,"",M,56.856,2,"",M,6.000,2,"",N,15.137,2,"",M,34.165,2,"",M,15.520,2,"",M,1014.950,2,"",M,367.385,2,"",M,NaN,,,0,NaN,,,M,355.913,2,"",354.634,2,"",NaN,,,NaN,,,NaN,,
2023-08-11T10:22:04.000Z,5.045,2,"",M,56.854,2,"",M,6.000,2,"",N,15.130,2,"",M,34.163,2,"",M,15.530,2,"",M,1015.040,2,"",M,367.375,2,"",M,NaN,,,0,NaN,,,M,355.676,2,"",354.398,2,"",NaN,,,NaN,,,NaN,,
2023-08-11T10:23:56.000Z,5.045,2,"",M,56.853,2,"",M,6.000,2,"",N,15.129,2,"",M,34.162,2,"",M,15.520,2,"",M,1015.030,2,"",M,367.145,2,"",M,NaN,,,0,NaN,,,M,355.594,2,"",354.315,2,"",NaN,,,NaN,,,NaN,,
2023-08-11T10:25:48.000Z,5.046,2,"",M,56.852,2,"",M,6.000,2,"",N,15.127,2,"",M,34.163,2,"",M,15.520,2,"",M,1015.020,2,"",M,367.274,2,"",M,NaN,,,0,NaN,,,M,355.681,2,"",354.402,2,"",NaN,,,NaN,,,NaN,,
2023-08-11T10:27:39.000Z,5.046,2,"",M,56.850,2,"",M,6.000,2,"",N,15.118,2,"",M,34.163,2,"",M,15.520,2,"",M,1014.980,2,"",M,367.374,2,"",M,NaN,,,0,NaN,,,M,355.633,2,"",354.354,2,"",NaN,,,NaN,,,NaN,,
2023-08-11T10:29:31.000Z,5.046,2,"",M,56.849,2,"",M,6.000,2,"",N,15.108,2,"",M,34.162,2,"",M,15.510,2,"",M,1014.940,2,"",M,367.334,2,"",M,NaN,,,0,NaN,,,M,355.580,2,"",354.302,2,"",NaN,,,NaN,,,NaN,,
2023-08-11T10:31:23.000Z,5.046,2,"",M,56.848,2,"",M,6.000,2,"",N,15.099,2,"",M,34.162,2,"",M,15.500,2,"",M,1015.000,2,"",M,367.413,2,"",M,NaN,,,0,NaN,,,M,355.706,2,"",354.427,2,"",NaN,,,NaN,,,NaN,,
2023-08-11T10:33:15.000Z,5.047,2,"",M,56.847,2,"",M,6.000,2,"",N,15.082,2,"",M,34.163,2,"",M,15.490,2,"",M,1014.760,2,"",M,367.463,2,"",M,NaN,,,0,NaN,,,M,355.568,2,"",354.289,2,"",NaN,,,NaN,,,NaN,,
2023-08-11T10:35:06.000Z,5.049,2,"",M,56.847,2,"",M,6.000,2,"",N,15.081,2,"",M,34.161,2,"",M,15.480,2,"",M,1014.720,2,"",M,367.653,2,"",M,NaN,,,0,NaN,,,M,355.871,2,"",354.591,2,"",NaN,,,NaN,,,NaN,,
2023-08-11T10:36:58.000Z,5.052,2,"",M,56.847,2,"",M,6.000,2,"",N,15.072,2,"",M,34.162,2,"",M,15.480,2,"",M,1014.510,2,"",M,367.582,2,"",M,NaN,,,0,NaN,,,M,355.594,2,"",354.315,2,"",NaN,,,NaN,,,NaN,,
2023-08-11T10:38:50.000Z,5.054,2,"",M,56.848,2,"",M,6.000,2,"",N,15.064,2,"",M,34.170,2,"",M,15.470,2,"",M,1014.860,2,"",M,367.532,2,"",M,NaN,,,0,NaN,,,M,355.701,2,"",354.422,2,"",NaN,,,NaN,,,NaN,,
2023-08-11T10:40:42.000Z,5.055,2,"",M,56.849,2,"",M,6.000,2,"",N,15.041,2,"",M,34.169,2,"",M,15.450,2,"",M,1014.920,2,"",M,367.932,2,"",M,NaN,,,0,NaN,,,M,356.068,2,"",354.787,2,"",NaN,,,NaN,,,NaN,,
2023-08-11T10:42:33.000Z,5.055,2,"",M,56.849,2,"",M,6.000,2,"",N,14.981,2,"",M,34.177,2,"",M,15.440,2,"",M,1014.860,2,"",M,367.801,2,"",M,NaN,,,0,NaN,,,M,355.182,2,"",353.904,2,"",NaN,,,NaN,,,NaN,,
2023-08-11T10:44:46.000Z,5.055,2,"",M,56.849,2,"",M,6.000,2,"",N,14.981,2,"",M,34.190,2,"",M,15.380,2,"",M,1014.990,2,"",M,367.081,2,"",M,NaN,,,0,NaN,,,M,355.459,2,"",354.179,2,"",NaN,,,NaN,,,NaN,,
2023-08-11T10:46:38.000Z,5.056,2,"",M,56.849,2,"",M,6.000,2,"",N,15.004,2,"",M,34.183,2,"",M,15.370,2,"",M,1014.840,2,"",M,366.311,2,"",M,NaN,,,0,NaN,,,M,355.157,2,"",353.878,2,"",NaN,,,NaN,,,NaN,,
2023-08-11T10:48:30.000Z,5.056,2,"",M,56.849,2,"",M,6.000,2,"",N,15.012,2,"",M,34.183,2,"",M,15.400,2,"",M,1014.880,2,"",M,366.061,2,"",M,NaN,,,0,NaN,,,M,354.583,2,"",353.307,2,"",NaN,,,NaN,,,NaN,,
2023-08-11T10:50:21.000Z,5.056,2,"",M,56.849,2,"",M,6.000,2,"",N,15.012,2,"",M,34.181,2,"",M,15.410,2,"",M,1014.830,2,"",M,366.460,2,"",M,NaN,,,0,NaN,,,M,354.797,2,"",353.520,2,"",NaN,,,NaN,,,NaN,,
2023-08-11T10:52:13.000Z,5.056,2,"",M,56.849,2,"",M,6.000,2,"",N,15.019,2,"",M,34.179,2,"",M,15.410,2,"",M,1014.870,2,"",M,366.920,2,"",M,NaN,,,0,NaN,,,M,355.361,2,"",354.081,2,"",NaN,,,NaN,,,NaN,,
2023-08-11T10:54:05.000Z,5.056,2,"",M,56.849,2,"",M,6.000,2,"",N,15.034,2,"",M,34.177,2,"",M,15.410,2,"",M,1014.880,2,"",M,367.209,2,"",M,NaN,,,0,NaN,,,M,355.874,2,"",354.593,2,"",NaN,,,NaN,,,NaN,,
2023-08-11T10:55:57.000Z,5.056,2,"",M,56.849,2,"",M,6.000,2,"",N,15.026,2,"",M,34.180,2,"",M,15.420,2,"",M,1014.830,2,"",M,367.029,2,"",M,NaN,,,0,NaN,,,M,355.408,2,"",354.129,2,"",NaN,,,NaN,,,NaN,,
2023-08-11T10:57:48.000Z,5.057,2,"",M,56.849,2,"",M,6.000,2,"",N,15.025,2,"",M,34.177,2,"",M,15.410,2,"",M,1014.690,2,"",M,367.369,2,"",M,NaN,,,0,NaN,,,M,355.826,2,"",354.545,2,"",NaN,,,NaN,,,NaN,,
2023-08-11T10:59:40.000Z,5.057,2,"",M,56.849,2,"",M,6.000,2,"",N,15.030,2,"",M,34.180,2,"",M,15.420,2,"",M,1014.750,2,"",M,367.498,2,"",M,NaN,,,0,NaN,,,M,355.892,2,"",354.611,2,"",NaN,,,NaN,,,NaN,,
2023-08-11T11:01:32.000Z,5.057,2,"",M,56.849,2,"",M,6.000,2,"",N,15.033,2,"",M,34.182,2,"",M,15.420,2,"",M,1014.860,2,"",M,367.438,2,"",M,NaN,,,0,NaN,,,M,355.920,2,"",354.639,2,"",NaN,,,NaN,,,NaN,,
2023-08-11T11:03:23.000Z,5.057,2,"",M,56.849,2,"",M,6.000,2,"",N,15.029,2,"",M,34.184,2,"",M,15.430,2,"",M,1014.760,2,"",M,367.788,2,"",M,NaN,,,0,NaN,,,M,356.011,2,"",354.730,2,"",NaN,,,NaN,,,NaN,,
2023-08-11T11:05:15.000Z,5.057,2,"",M,56.849,2,"",M,6.000,2,"",N,15.000,2,"",M,34.186,2,"",M,15.430,2,"",M,1014.820,2,"",M,368.047,2,"",M,NaN,,,0,NaN,,,M,355.844,2,"",354.564,2,"",NaN,,,NaN,,,NaN,,
2023-08-11T11:07:07.000Z,5.057,2,"",M,56.849,2,"",M,6.000,2,"",N,14.983,2,"",M,34.190,2,"",M,15.400,2,"",M,1014.730,2,"",M,368.217,2,"",M,NaN,,,0,NaN,,,M,356.184,2,"",354.902,2,"",NaN,,,NaN,,,NaN,,
2023-08-11T11:08:59.000Z,5.057,2,"",M,56.849,2,"",M,6.000,2,"",N,15.002,2,"",M,34.189,2,"",M,15.380,2,"",M,1014.680,2,"",M,367.877,2,"",M,NaN,,,0,NaN,,,M,356.433,2,"",355.149,2,"",NaN,,,NaN,,,NaN,,
2023-08-11T11:10:50.000Z,5.057,2,"",M,56.849,2,"",M,6.000,2,"",N,15.012,2,"",M,34.187,2,"",M,15.390,2,"",M,1014.680,2,"",M,367.206,2,"",M,NaN,,,0,NaN,,,M,355.780,2,"",354.499,2,"",NaN,,,NaN,,,NaN,,
2023-08-11T11:15:20.000Z,5.056,2,"",M,56.850,2,"",M,6.000,2,"",N,NaN,,,M,NaN,,,M,NaN,,,M,NaN,,,M,NaN,,,0,NaN,,,0,NaN,,,M,NaN,,,NaN,,,NaN,,,NaN,,,NaN,,
2023-08-11T11:17:10.000Z,5.056,2,"",M,56.850,2,"",M,6.000,2,"",N,NaN,,,M,NaN,,,M,NaN,,,M,NaN,,,M,NaN,,,0,NaN,,,0,NaN,,,M,NaN,,,NaN,,,NaN,,,NaN,,,NaN,,
2023-08-11T11:18:59.000Z,5.056,2,"",M,56.850,2,"",M,6.000,2,"",N,NaN,,,M,NaN,,,M,NaN,,,M,NaN,,,M,NaN,,,0,NaN,,,0,NaN,,,M,NaN,,,NaN,,,NaN,,,NaN,,,NaN,,
2023-08-11T11:23:29.000Z,5.055,2,"",M,56.850,2,"",M,6.000,2,"",N,NaN,,,M,NaN,,,M,NaN,,,M,NaN,,,M,NaN,,,0,NaN,,,0,NaN,,,M,NaN,,,NaN,,,NaN,,,NaN,,,NaN,,
2023-08-11T11:25:19.000Z,5.055,2,"",M,56.850,2,"",M,6.000,2,"",N,NaN,,,M,NaN,,,M,NaN,,,M,NaN,,,M,NaN,,,0,NaN,,,0,NaN,,,M,NaN,,,NaN,,,NaN,,,NaN,,,NaN,,
2023-08-11T11:27:08.000Z,5.055,2,"",M,56.850,2,"",M,6.000,2,"",N,NaN,,,M,NaN,,,M,NaN,,,M,NaN,,,M,NaN,,,0,NaN,,,0,NaN,,,M,NaN,,,NaN,,,NaN,,,NaN,,,NaN,,
2023-08-11T11:31:38.000Z,5.054,2,"",M,56.851,2,"",M,6.000,2,"",N,NaN,,,M,NaN,,,M,NaN,,,M,NaN,,,M,NaN,,,0,NaN,,,0,NaN,,,M,NaN,,,NaN,,,NaN,,,NaN,,,NaN,,
2023-08-11T11:33:28.000Z,5.054,2,"",M,56.851,2,"",M,6.000,2,"",N,NaN,,,M,NaN,,,M,NaN,,,M,NaN,,,M,NaN,,,0,NaN,,,0,NaN,,,M,NaN,,,NaN,,,NaN,,,NaN,,,NaN,,
2023-08-11T11:35:17.000Z,5.053,2,"",M,56.851,2,"",M,6.000,2,"",N,NaN,,,M,NaN,,,M,NaN,,,M,NaN,,,M,NaN,,,0,NaN,,,0,NaN,,,M,NaN,,,NaN,,,NaN,,,NaN,,,NaN,,
2023-08-11T11:39:46.000Z,5.053,2,"",M,56.852,2,"",M,6.000,2,"",N,15.046,2,"",M,34.173,2,"",M,NaN,,,M,NaN,,,M,NaN,,,0,414.903,2,"",M,1013.800,2,"",M,NaN,,,NaN,,,414.903,2,"",409.245,2,"",407.763,2,""
2023-08-11T11:41:36.000Z,5.053,2,"",M,56.852,2,"",M,6.000,2,"",N,15.055,2,"",M,34.170,2,"",M,NaN,,,M,NaN,,,M,NaN,,,0,415.113,2,"",M,1013.800,2,"",M,NaN,,,NaN,,,415.113,2,"",409.447,2,"",407.965,2,""
2023-08-11T11:43:26.000Z,5.053,2,"",M,56.852,2,"",M,6.000,2,"",N,15.063,2,"",M,34.165,2,"",M,NaN,,,M,NaN,,,M,NaN,,,0,416.052,2,"",M,1013.700,2,"",M,NaN,,,NaN,,,416.052,2,"",410.328,2,"",408.843,2,""
2023-08-11T11:45:36.000Z,5.052,2,"",M,56.852,2,"",M,6.000,2,"",N,15.058,2,"",M,34.164,2,"",M,NaN,,,M,NaN,,,M,NaN,,,0,415.081,2,"",M,1013.800,2,"",M,NaN,,,NaN,,,415.081,2,"",409.414,2,"",407.932,2,""
2023-08-11T11:47:26.000Z,5.052,2,"",M,56.852,2,"",M,6.000,2,"",N,15.061,2,"",M,34.165,2,"",M,NaN,,,M,NaN,,,M,NaN,,,0,414.970,2,"",M,1013.800,2,"",M,NaN,,,NaN,,,414.970,2,"",409.304,2,"",407.822,2,""
2023-08-11T11:52:36.000Z,5.053,2,"",M,56.851,2,"",M,6.000,2,"",N,15.064,2,"",M,34.165,2,"",M,15.470,2,"",M,1014.300,2,"",M,368.145,2,"",M,NaN,,,0,NaN,,,M,356.099,2,"",354.819,2,"",NaN,,,NaN,,,NaN,,
2023-08-11T11:54:28.000Z,5.055,2,"",M,56.849,2,"",M,6.000,2,"",N,15.065,2,"",M,34.167,2,"",M,15.460,2,"",M,1014.350,2,"",M,368.204,2,"",M,NaN,,,0,NaN,,,M,356.342,2,"",355.061,2,"",NaN,,,NaN,,,NaN,,
2023-08-11T11:56:20.000Z,5.058,2,"",M,56.847,2,"",M,6.000,2,"",N,15.071,2,"",M,34.168,2,"",M,15.460,2,"",M,1014.230,2,"",M,367.854,2,"",M,NaN,,,0,NaN,,,M,356.043,2,"",354.763,2,"",NaN,,,NaN,,,NaN,,
2023-08-11T11:58:11.000Z,5.062,2,"",M,56.846,2,"",M,6.000,2,"",N,15.071,2,"",M,34.171,2,"",M,15.460,2,"",M,1014.354,2,"",M,368.073,2,"",M,NaN,,,0,NaN,,,M,356.300,2,"",355.019,2,"",NaN,,,NaN,,,NaN,,
2023-08-11T12:00:03.000Z,5.063,2,"",M,56.848,2,"",M,6.000,2,"",N,15.082,2,"",M,34.184,2,"",M,15.470,2,"",M,1014.500,2,"",M,368.182,2,"",M,NaN,,,0,NaN,,,M,356.477,2,"",355.195,2,"",NaN,,,NaN,,,NaN,,
2023-08-11T12:01:55.000Z,5.063,2,"",M,56.848,2,"",M,6.000,2,"",N,15.097,2,"",M,34.205,2,"",M,15.470,2,"",M,1014.460,2,"",M,368.902,2,"",M,NaN,,,0,NaN,,,M,357.380,2,"",356.095,2,"",NaN,,,NaN,,,NaN,,
2023-08-11T12:03:46.000Z,5.062,2,"",M,56.848,2,"",M,6.000,2,"",N,14.983,2,"",M,34.217,2,"",M,15.490,2,"",M,1014.350,2,"",M,370.360,2,"",M,NaN,,,0,NaN,,,M,356.715,2,"",355.433,2,"",NaN,,,NaN,,,NaN,,
2023-08-11T12:05:38.000Z,5.062,2,"",M,56.848,2,"",M,6.000,2,"",N,14.819,2,"",M,34.240,2,"",M,15.410,2,"",M,1014.140,2,"",M,371.669,2,"",M,NaN,,,0,NaN,,,M,356.676,2,"",355.393,2,"",NaN,,,NaN,,,NaN,,
2023-08-11T12:07:30.000Z,5.063,2,"",M,56.849,2,"",M,6.000,2,"",N,14.991,2,"",M,34.230,2,"",M,15.250,2,"",M,1014.230,2,"",M,371.179,2,"",M,NaN,,,0,NaN,,,M,361.340,2,"",360.037,2,"",NaN,,,NaN,,,NaN,,
2023-08-11T12:09:22.000Z,5.063,2,"",M,56.849,2,"",M,6.000,2,"",N,15.020,2,"",M,34.221,2,"",M,15.360,2,"",M,1014.235,2,"",M,370.109,2,"",M,NaN,,,0,NaN,,,M,359.014,2,"",357.722,2,"",NaN,,,NaN,,,NaN,,
2023-08-11T12:11:14.000Z,5.063,2,"",M,56.849,2,"",M,6.000,2,"",N,15.046,2,"",M,34.216,2,"",M,15.410,2,"",M,1014.280,2,"",M,371.098,2,"",M,NaN,,,0,NaN,,,M,359.604,2,"",358.310,2,"",NaN,,,NaN,,,NaN,,
2023-08-11T12:13:05.000Z,5.063,2,"",M,56.849,2,"",M,6.000,2,"",N,15.048,2,"",M,34.215,2,"",M,15.430,2,"",M,1014.080,2,"",M,371.707,2,"",M,NaN,,,0,NaN,,,M,359.845,2,"",358.551,2,"",NaN,,,NaN,,,NaN,,
2023-08-11T12:14:57.000Z,5.063,2,"",M,56.849,2,"",M,6.000,2,"",N,15.052,2,"",M,34.211,2,"",M,15.440,2,"",M,1014.150,2,"",M,372.236,2,"",M,NaN,,,0,NaN,,,M,360.284,2,"",358.989,2,"",NaN,,,NaN,,,NaN,,
2023-08-11T12:16:49.000Z,5.063,2,"",M,56.849,2,"",M,6.000,2,"",N,15.062,2,"",M,34.210,2,"",M,15.440,2,"",M,1014.380,2,"",M,372.555,2,"",M,NaN,,,0,NaN,,,M,360.823,2,"",359.525,2,"",NaN,,,NaN,,,NaN,,
2023-08-11T12:18:41.000Z,5.063,2,"",M,56.849,2,"",M,6.000,2,"",N,15.076,2,"",M,34.210,2,"",M,15.450,2,"",M,1014.210,2,"",M,372.635,2,"",M,NaN,,,0,NaN,,,M,360.902,2,"",359.604,2,"",NaN,,,NaN,,,NaN,,
2023-08-11T12:20:32.000Z,5.063,2,"",M,56.849,2,"",M,6.000,2,"",N,15.076,2,"",M,34.208,2,"",M,15.470,2,"",M,1014.170,2,"",M,372.464,2,"",M,NaN,,,0,NaN,,,M,360.411,2,"",359.115,2,"",NaN,,,NaN,,,NaN,,
2023-08-11T12:22:24.000Z,5.063,2,"",M,56.849,2,"",M,6.000,2,"",N,15.074,2,"",M,34.207,2,"",M,15.470,2,"",M,1014.240,2,"",M,372.743,2,"",M,NaN,,,0,NaN,,,M,360.673,2,"",359.376,2,"",NaN,,,NaN,,,NaN,,
2023-08-11T12:24:16.000Z,5.063,2,"",M,56.849,2,"",M,6.000,2,"",N,15.068,2,"",M,34.205,2,"",M,15.470,2,"",M,1014.240,2,"",M,372.823,2,"",M,NaN,,,0,NaN,,,M,360.662,2,"",359.366,2,"",NaN,,,NaN,,,NaN,,
2023-08-11T12:26:08.000Z,5.063,2,"",M,56.849,2,"",M,6.000,2,"",N,15.084,2,"",M,34.206,2,"",M,15.460,2,"",M,1014.320,2,"",M,372.582,2,"",M,NaN,,,0,NaN,,,M,360.862,2,"",359.565,2,"",NaN,,,NaN,,,NaN,,
2023-08-11T12:27:59.000Z,5.063,2,"",M,56.849,2,"",M,6.000,2,"",N,15.090,2,"",M,34.210,2,"",M,15.470,2,"",M,1014.190,2,"",M,372.921,2,"",M,NaN,,,0,NaN,,,M,361.070,2,"",359.772,2,"",NaN,,,NaN,,,NaN,,
2023-08-11T12:29:51.000Z,5.063,2,"",M,56.849,2,"",M,6.000,2,"",N,15.082,2,"",M,34.208,2,"",M,15.480,2,"",M,1014.170,2,"",M,372.981,2,"",M,NaN,,,0,NaN,,,M,360.842,2,"",359.545,2,"",NaN,,,NaN,,,NaN,,
2023-08-11T12:31:43.000Z,5.063,2,"",M,56.849,2,"",M,6.000,2,"",N,15.075,2,"",M,34.204,2,"",M,15.480,2,"",M,1014.160,2,"",M,373.140,2,"",M,NaN,,,0,NaN,,,M,360.884,2,"",359.587,2,"",NaN,,,NaN,,,NaN,,
2023-08-11T12:33:35.000Z,5.063,2,"",M,56.849,2,"",M,6.000,2,"",N,15.066,2,"",M,34.203,2,"",M,15.470,2,"",M,1014.160,2,"",M,373.199,2,"",M,NaN,,,0,NaN,,,M,360.965,2,"",359.667,2,"",NaN,,,NaN,,,NaN,,
2023-08-11T12:35:26.000Z,5.063,2,"",M,56.849,2,"",M,6.000,2,"",N,15.066,2,"",M,34.201,2,"",M,15.460,2,"",M,1014.120,2,"",M,373.129,2,"",M,NaN,,,0,NaN,,,M,361.033,2,"",359.735,2,"",NaN,,,NaN,,,NaN,,
2023-08-11T12:37:18.000Z,5.064,2,"",M,56.849,2,"",M,6.000,2,"",N,15.077,2,"",M,34.202,2,"",M,15.460,2,"",M,1014.170,2,"",M,372.399,2,"",M,NaN,,,0,NaN,,,M,360.512,2,"",359.216,2,"",NaN,,,NaN,,,NaN,,
2023-08-11T12:39:10.000Z,5.064,2,"",M,56.849,2,"",M,6.000,2,"",N,15.082,2,"",M,34.204,2,"",M,15.470,2,"",M,1014.100,2,"",M,372.428,2,"",M,NaN,,,0,NaN,,,M,360.448,2,"",359.153,2,"",NaN,,,NaN,,,NaN,,
2023-08-11T12:41:01.000Z,5.064,2,"",M,56.849,2,"",M,6.000,2,"",N,15.090,2,"",M,34.206,2,"",M,15.480,2,"",M,1014.130,2,"",M,372.657,2,"",M,NaN,,,0,NaN,,,M,360.642,2,"",359.346,2,"",NaN,,,NaN,,,NaN,,
2023-08-11T12:42:53.000Z,5.064,2,"",M,56.849,2,"",M,6.000,2,"",N,15.102,2,"",M,34.209,2,"",M,15.480,2,"",M,1014.070,2,"",M,372.797,2,"",M,NaN,,,0,NaN,,,M,360.936,2,"",359.639,2,"",NaN,,,NaN,,,NaN,,
2023-08-11T12:44:45.000Z,5.064,2,"",M,56.849,2,"",M,6.000,2,"",N,15.099,2,"",M,34.216,2,"",M,15.500,2,"",M,1014.120,2,"",M,373.316,2,"",M,NaN,,,0,NaN,,,M,361.090,2,"",359.793,2,"",NaN,,,NaN,,,NaN,,
2023-08-11T12:46:58.000Z,5.063,2,"",M,56.849,2,"",M,6.000,2,"",N,15.111,2,"",M,34.215,2,"",M,15.490,2,"",M,1014.190,2,"",M,373.645,2,"",M,NaN,,,0,NaN,,,M,361.780,2,"",360.480,2,"",NaN,,,NaN,,,NaN,,
2023-08-11T12:48:49.000Z,5.063,2,"",M,56.849,2,"",M,6.000,2,"",N,15.107,2,"",M,34.218,2,"",M,15.500,2,"",M,1014.350,2,"",M,374.064,2,"",M,NaN,,,0,NaN,,,M,362.032,2,"",360.731,2,"",NaN,,,NaN,,,NaN,,
2023-08-11T12:50:41.000Z,5.063,2,"",M,56.850,2,"",M,6.000,2,"",N,15.119,2,"",M,34.219,2,"",M,15.500,2,"",M,1014.310,2,"",M,374.073,2,"",M,NaN,,,0,NaN,,,M,362.199,2,"",360.898,2,"",NaN,,,NaN,,,NaN,,
2023-08-11T12:52:33.000Z,5.063,2,"",M,56.850,2,"",M,6.000,2,"",N,15.120,2,"",M,34.221,2,"",M,15.510,2,"",M,1014.230,2,"",M,374.093,2,"",M,NaN,,,0,NaN,,,M,362.048,2,"",360.748,2,"",NaN,,,NaN,,,NaN,,
2023-08-11T12:54:25.000Z,5.062,2,"",M,56.850,2,"",M,6.000,2,"",N,15.117,2,"",M,34.221,2,"",M,15.510,2,"",M,1014.340,2,"",M,374.392,2,"",M,NaN,,,0,NaN,,,M,362.344,2,"",361.042,2,"",NaN,,,NaN,,,NaN,,
2023-08-11T12:56:17.000Z,5.062,2,"",M,56.850,2,"",M,6.000,2,"",N,15.124,2,"",M,34.220,2,"",M,15.510,2,"",M,1014.240,2,"",M,374.621,2,"",M,NaN,,,0,NaN,,,M,362.625,2,"",361.322,2,"",NaN,,,NaN,,,NaN,,
2023-08-11T12:58:09.000Z,5.062,2,"",M,56.851,2,"",M,6.000,2,"",N,15.131,2,"",M,34.220,2,"",M,15.520,2,"",M,1014.350,2,"",M,374.761,2,"",M,NaN,,,0,NaN,,,M,362.760,2,"",361.457,2,"",NaN,,,NaN,,,NaN,,
2023-08-11T13:00:00.000Z,5.061,2,"",M,56.851,2,"",M,6.000,2,"",N,15.132,2,"",M,34.218,2,"",M,15.520,2,"",M,1014.300,2,"",M,374.510,2,"",M,NaN,,,0,NaN,,,M,362.516,2,"",361.214,2,"",NaN,,,NaN,,,NaN,,
2023-08-11T13:01:52.000Z,5.061,2,"",M,56.851,2,"",M,6.000,2,"",N,15.132,2,"",M,34.218,2,"",M,15.530,2,"",M,1014.070,2,"",M,374.809,2,"",M,NaN,,,0,NaN,,,M,362.558,2,"",361.256,2,"",NaN,,,NaN,,,NaN,,
2023-08-11T13:03:44.000Z,5.061,2,"",M,56.852,2,"",M,6.000,2,"",N,15.134,2,"",M,34.217,2,"",M,15.530,2,"",M,1014.100,2,"",M,374.919,2,"",M,NaN,,,0,NaN,,,M,362.699,2,"",361.397,2,"",NaN,,,NaN,,,NaN,,
2023-08-11T13:05:35.000Z,5.061,2,"",M,56.852,2,"",M,6.000,2,"",N,15.038,2,"",M,34.219,2,"",M,15.530,2,"",M,1014.210,2,"",M,375.188,2,"",M,NaN,,,0,NaN,,,M,361.533,2,"",360.234,2,"",NaN,,,NaN,,,NaN,,
2023-08-11T13:07:27.000Z,5.060,2,"",M,56.852,2,"",M,6.000,2,"",N,15.041,2,"",M,34.230,2,"",M,15.460,2,"",M,1014.110,2,"",M,374.917,2,"",M,NaN,,,0,NaN,,,M,362.387,2,"",361.085,2,"",NaN,,,NaN,,,NaN,,
2023-08-11T13:09:19.000Z,5.060,2,"",M,56.852,2,"",M,6.000,2,"",N,14.940,2,"",M,34.243,2,"",M,15.430,2,"",M,1014.170,2,"",M,374.457,2,"",M,NaN,,,0,NaN,,,M,360.883,2,"",359.585,2,"",NaN,,,NaN,,,NaN,,
2023-08-11T13:11:11.000Z,5.060,2,"",M,56.852,2,"",M,6.000,2,"",N,14.825,2,"",M,34.258,2,"",M,15.350,2,"",M,1014.150,2,"",M,373.417,2,"",M,NaN,,,0,NaN,,,M,359.372,2,"",358.079,2,"",NaN,,,NaN,,,NaN,,
2023-08-11T13:13:02.000Z,5.060,2,"",M,56.852,2,"",M,6.000,2,"",N,14.910,2,"",M,34.265,2,"",M,15.260,2,"",M,1014.010,2,"",M,372.297,2,"",M,NaN,,,0,NaN,,,M,360.952,2,"",359.652,2,"",NaN,,,NaN,,,NaN,,
2023-08-11T13:14:54.000Z,5.060,2,"",M,56.852,2,"",M,6.000,2,"",N,14.985,2,"",M,34.252,2,"",M,15.280,2,"",M,1014.140,2,"",M,371.267,2,"",M,NaN,,,0,NaN,,,M,360.827,2,"",359.527,2,"",NaN,,,NaN,,,NaN,,
2023-08-11T13:16:46.000Z,5.060,2,"",M,56.852,2,"",M,6.000,2,"",N,15.046,2,"",M,34.238,2,"",M,15.350,2,"",M,1014.040,2,"",M,371.456,2,"",M,NaN,,,0,NaN,,,M,360.813,2,"",359.515,2,"",NaN,,,NaN,,,NaN,,
2023-08-11T13:18:38.000Z,5.060,2,"",M,56.852,2,"",M,6.000,2,"",N,15.068,2,"",M,34.238,2,"",M,15.430,2,"",M,1013.980,2,"",M,372.155,2,"",M,NaN,,,0,NaN,,,M,360.550,2,"",359.254,2,"",NaN,,,NaN,,,NaN,,
2023-08-11T13:20:29.000Z,5.060,2,"",M,56.852,2,"",M,6.000,2,"",N,15.087,2,"",M,34.237,2,"",M,15.460,2,"",M,1014.000,2,"",M,373.344,2,"",M,NaN,,,0,NaN,,,M,361.521,2,"",360.222,2,"",NaN,,,NaN,,,NaN,,
2023-08-11T13:22:21.000Z,5.060,2,"",M,56.852,2,"",M,6.000,2,"",N,15.082,2,"",M,34.239,2,"",M,15.480,2,"",M,1013.920,2,"",M,373.963,2,"",M,NaN,,,0,NaN,,,M,361.710,2,"",360.410,2,"",NaN,,,NaN,,,NaN,,
2023-08-11T13:24:13.000Z,5.060,2,"",M,56.852,2,"",M,6.000,2,"",N,15.095,2,"",M,34.239,2,"",M,15.480,2,"",M,1013.990,2,"",M,374.412,2,"",M,NaN,,,0,NaN,,,M,362.370,2,"",361.068,2,"",NaN,,,NaN,,,NaN,,
2023-08-11T13:26:04.000Z,5.060,2,"",M,56.852,2,"",M,6.000,2,"",N,15.098,2,"",M,34.241,2,"",M,15.490,2,"",M,1014.030,2,"",M,374.611,2,"",M,NaN,,,0,NaN,,,M,362.462,2,"",361.160,2,"",NaN,,,NaN,,,NaN,,
2023-08-11T13:27:56.000Z,5.060,2,"",M,56.852,2,"",M,6.000,2,"",N,15.105,2,"",M,34.243,2,"",M,15.490,2,"",M,1013.930,2,"",M,375.001,2,"",M,NaN,,,0,NaN,,,M,362.910,2,"",361.606,2,"",NaN,,,NaN,,,NaN,,
2023-08-11T13:29:48.000Z,5.060,2,"",M,56.852,2,"",M,6.000,2,"",N,15.113,2,"",M,34.246,2,"",M,15.500,2,"",M,1013.970,2,"",M,375.200,2,"",M,NaN,,,0,NaN,,,M,363.075,2,"",361.771,2,"",NaN,,,NaN,,,NaN,,
2023-08-11T13:31:40.000Z,5.060,2,"",M,56.852,2,"",M,6.000,2,"",N,15.112,2,"",M,34.248,2,"",M,15.510,2,"",M,1013.940,2,"",M,375.419,2,"",M,NaN,,,0,NaN,,,M,363.103,2,"",361.799,2,"",NaN,,,NaN,,,NaN,,
2023-08-11T13:33:32.000Z,5.060,2,"",M,56.852,2,"",M,6.000,2,"",N,15.094,2,"",M,34.249,2,"",M,15.510,2,"",M,1013.900,2,"",M,375.618,2,"",M,NaN,,,0,NaN,,,M,363.015,2,"",361.711,2,"",NaN,,,NaN,,,NaN,,
2023-08-11T13:35:23.000Z,5.060,2,"",M,56.852,2,"",M,6.000,2,"",N,15.087,2,"",M,34.248,2,"",M,15.490,2,"",M,1013.750,2,"",M,375.778,2,"",M,NaN,,,0,NaN,,,M,363.319,2,"",362.014,2,"",NaN,,,NaN,,,NaN,,
2023-08-11T13:37:15.000Z,5.060,2,"",M,56.852,2,"",M,6.000,2,"",N,15.082,2,"",M,34.248,2,"",M,15.490,2,"",M,1013.730,2,"",M,375.717,2,"",M,NaN,,,0,NaN,,,M,363.173,2,"",361.869,2,"",NaN,,,NaN,,,NaN,,
2023-08-11T13:39:07.000Z,5.060,2,"",M,56.852,2,"",M,6.000,2,"",N,15.086,2,"",M,34.248,2,"",M,15.480,2,"",M,1013.760,2,"",M,375.447,2,"",M,NaN,,,0,NaN,,,M,363.142,2,"",361.838,2,"",NaN,,,NaN,,,NaN,,
2023-08-11T13:40:58.000Z,5.060,2,"",M,56.852,2,"",M,6.000,2,"",N,15.079,2,"",M,34.249,2,"",M,15.480,2,"",M,1013.840,2,"",M,375.436,2,"",M,NaN,,,0,NaN,,,M,363.059,2,"",361.755,2,"",NaN,,,NaN,,,NaN,,
2023-08-11T13:42:50.000Z,5.060,2,"",M,56.852,2,"",M,6.000,2,"",N,15.075,2,"",M,34.249,2,"",M,15.480,2,"",M,1013.700,2,"",M,375.715,2,"",M,NaN,,,0,NaN,,,M,363.216,2,"",361.911,2,"",NaN,,,NaN,,,NaN,,
2023-08-11T13:44:42.000Z,5.060,2,"",M,56.852,2,"",M,6.000,2,"",N,15.077,2,"",M,34.252,2,"",M,15.470,2,"",M,1013.580,2,"",M,375.695,2,"",M,NaN,,,0,NaN,,,M,363.333,2,"",362.028,2,"",NaN,,,NaN,,,NaN,,
2023-08-11T13:46:55.000Z,5.060,2,"",M,56.852,2,"",M,6.000,2,"",N,15.079,2,"",M,34.256,2,"",M,15.470,2,"",M,1013.610,2,"",M,375.704,2,"",M,NaN,,,0,NaN,,,M,363.389,2,"",362.084,2,"",NaN,,,NaN,,,NaN,,
2023-08-11T13:48:47.000Z,5.060,2,"",M,56.852,2,"",M,6.000,2,"",N,15.076,2,"",M,34.260,2,"",M,15.480,2,"",M,1013.460,2,"",M,375.913,2,"",M,NaN,,,0,NaN,,,M,363.334,2,"",362.029,2,"",NaN,,,NaN,,,NaN,,
2023-08-11T13:50:38.000Z,5.060,2,"",M,56.852,2,"",M,6.000,2,"",N,15.070,2,"",M,34.261,2,"",M,15.470,2,"",M,1013.415,2,"",M,376.232,2,"",M,NaN,,,0,NaN,,,M,363.694,2,"",362.388,2,"",NaN,,,NaN,,,NaN,,
2023-08-11T13:52:30.000Z,5.060,2,"",M,56.852,2,"",M,6.000,2,"",N,15.071,2,"",M,34.263,2,"",M,15.470,2,"",M,1013.440,2,"",M,376.451,2,"",M,NaN,,,0,NaN,,,M,363.928,2,"",362.621,2,"",NaN,,,NaN,,,NaN,,
2023-08-11T13:54:22.000Z,5.060,2,"",M,56.852,2,"",M,6.000,2,"",N,15.065,2,"",M,34.264,2,"",M,15.470,2,"",M,1013.370,2,"",M,376.731,2,"",M,NaN,,,0,NaN,,,M,364.076,2,"",362.769,2,"",NaN,,,NaN,,,NaN,,
2023-08-11T13:56:14.000Z,5.060,2,"",M,56.852,2,"",M,6.000,2,"",N,15.058,2,"",M,34.266,2,"",M,15.470,2,"",M,1013.405,2,"",M,376.590,2,"",M,NaN,,,0,NaN,,,M,363.852,2,"",362.545,2,"",NaN,,,NaN,,,NaN,,
2023-08-11T13:58:05.000Z,5.060,2,"",M,56.852,2,"",M,6.000,2,"",N,15.057,2,"",M,34.264,2,"",M,15.460,2,"",M,1013.430,2,"",M,376.769,2,"",M,NaN,,,0,NaN,,,M,364.172,2,"",362.863,2,"",NaN,,,NaN,,,NaN,,
2023-08-11T13:59:57.000Z,5.060,2,"",M,56.852,2,"",M,6.000,2,"",N,15.051,2,"",M,34.266,2,"",M,15.460,2,"",M,1013.620,2,"",M,377.019,2,"",M,NaN,,,0,NaN,,,M,364.385,2,"",363.076,2,"",NaN,,,NaN,,,NaN,,
2023-08-11T14:01:49.000Z,5.060,2,"",M,56.852,2,"",M,6.000,2,"",N,15.043,2,"",M,34.265,2,"",M,15.450,2,"",M,1013.480,2,"",M,376.948,2,"",M,NaN,,,0,NaN,,,M,364.303,2,"",362.995,2,"",NaN,,,NaN,,,NaN,,
2023-08-11T14:03:41.000Z,5.060,2,"",M,56.852,2,"",M,6.000,2,"",N,15.036,2,"",M,34.265,2,"",M,15.440,2,"",M,1013.520,2,"",M,376.748,2,"",M,NaN,,,0,NaN,,,M,364.177,2,"",362.869,2,"",NaN,,,NaN,,,NaN,,
2023-08-11T14:05:33.000Z,5.060,2,"",M,56.852,2,"",M,6.000,2,"",N,15.031,2,"",M,34.265,2,"",M,15.440,2,"",M,1013.520,2,"",M,376.697,2,"",M,NaN,,,0,NaN,,,M,364.042,2,"",362.734,2,"",NaN,,,NaN,,,NaN,,
2023-08-11T14:07:24.000Z,5.060,2,"",M,56.852,2,"",M,6.000,2,"",N,15.025,2,"",M,34.265,2,"",M,15.430,2,"",M,1013.360,2,"",M,376.846,2,"",M,NaN,,,0,NaN,,,M,364.200,2,"",362.891,2,"",NaN,,,NaN,,,NaN,,
2023-08-11T14:09:16.000Z,5.060,2,"",M,56.852,2,"",M,6.000,2,"",N,15.022,2,"",M,34.266,2,"",M,15.430,2,"",M,1013.470,2,"",M,376.776,2,"",M,NaN,,,0,NaN,,,M,364.122,2,"",362.813,2,"",NaN,,,NaN,,,NaN,,
2023-08-11T14:11:08.000Z,5.060,2,"",M,56.852,2,"",M,6.000,2,"",N,15.017,2,"",M,34.265,2,"",M,15.420,2,"",M,1013.410,2,"",M,376.675,2,"",M,NaN,,,0,NaN,,,M,364.086,2,"",362.777,2,"",NaN,,,NaN,,,NaN,,
2023-08-11T14:12:59.000Z,5.062,2,"",M,56.851,2,"",M,6.000,2,"",N,15.028,2,"",M,34.265,2,"",M,15.420,2,"",M,1013.340,2,"",M,376.614,2,"",M,NaN,,,0,NaN,,,M,364.179,2,"",362.870,2,"",NaN,,,NaN,,,NaN,,
2023-08-11T14:14:51.000Z,5.067,2,"",M,56.849,2,"",M,6.000,2,"",N,15.029,2,"",M,34.263,2,"",M,15.430,2,"",M,1013.190,2,"",M,376.484,2,"",M,NaN,,,0,NaN,,,M,363.854,2,"",362.546,2,"",NaN,,,NaN,,,NaN,,
2023-08-11T14:16:43.000Z,5.074,2,"",M,56.848,2,"",M,6.000,2,"",N,14.992,2,"",M,34.269,2,"",M,15.430,2,"",M,1013.350,2,"",M,376.583,2,"",M,NaN,,,0,NaN,,,M,363.438,2,"",362.132,2,"",NaN,,,NaN,,,NaN,,
2023-08-11T14:18:35.000Z,5.081,2,"",M,56.846,2,"",M,6.000,2,"",N,14.971,2,"",M,34.274,2,"",M,15.400,2,"",M,1013.350,2,"",M,376.313,2,"",M,NaN,,,0,NaN,,,M,363.330,2,"",362.024,2,"",NaN,,,NaN,,,NaN,,
2023-08-11T14:20:27.000Z,5.088,2,"",M,56.845,2,"",M,6.000,2,"",N,14.972,2,"",M,34.259,2,"",M,15.380,2,"",M,1013.280,2,"",M,376.112,2,"",M,NaN,,,0,NaN,,,M,363.443,2,"",362.136,2,"",NaN,,,NaN,,,NaN,,
2023-08-11T14:22:18.000Z,5.096,2,"",M,56.843,2,"",M,6.000,2,"",N,14.978,2,"",M,34.242,2,"",M,15.370,2,"",M,1013.570,2,"",M,376.871,2,"",M,NaN,,,0,NaN,,,M,364.524,2,"",363.213,2,"",NaN,,,NaN,,,NaN,,
2023-08-11T14:24:10.000Z,5.103,2,"",M,56.841,2,"",M,6.000,2,"",N,14.976,2,"",M,34.224,2,"",M,15.380,2,"",M,1013.560,2,"",M,377.400,2,"",M,NaN,,,0,NaN,,,M,364.841,2,"",363.529,2,"",NaN,,,NaN,,,NaN,,
2023-08-11T14:26:02.000Z,5.110,2,"",M,56.839,2,"",M,6.000,2,"",N,14.977,2,"",M,34.215,2,"",M,15.380,2,"",M,1013.550,2,"",M,378.009,2,"",M,NaN,,,0,NaN,,,M,365.443,2,"",364.128,2,"",NaN,,,NaN,,,NaN,,
2023-08-11T14:27:53.000Z,5.117,2,"",M,56.838,2,"",M,6.000,2,"",N,14.981,2,"",M,34.215,2,"",M,15.380,2,"",M,1013.630,2,"",M,378.059,2,"",M,NaN,,,0,NaN,,,M,365.590,2,"",364.275,2,"",NaN,,,NaN,,,NaN,,
2023-08-11T14:29:45.000Z,5.124,2,"",M,56.836,2,"",M,6.000,2,"",N,14.988,2,"",M,34.209,2,"",M,15.380,2,"",M,1013.460,2,"",M,377.988,2,"",M,NaN,,,0,NaN,,,M,365.557,2,"",364.243,2,"",NaN,,,NaN,,,NaN,,
2023-08-11T14:31:37.000Z,5.131,2,"",M,56.834,2,"",M,6.000,2,"",N,14.993,2,"",M,34.209,2,"",M,15.390,2,"",M,1013.510,2,"",M,378.337,2,"",M,NaN,,,0,NaN,,,M,365.838,2,"",364.523,2,"",NaN,,,NaN,,,NaN,,
2023-08-11T14:33:29.000Z,5.138,2,"",M,56.833,2,"",M,6.000,2,"",N,14.997,2,"",M,34.206,2,"",M,15.390,2,"",M,1013.390,2,"",M,378.926,2,"",M,NaN,,,0,NaN,,,M,366.426,2,"",365.108,2,"",NaN,,,NaN,,,NaN,,
2023-08-11T14:35:20.000Z,5.145,2,"",M,56.831,2,"",M,6.000,2,"",N,14.999,2,"",M,34.204,2,"",M,15.400,2,"",M,1013.320,2,"",M,379.575,2,"",M,NaN,,,0,NaN,,,M,366.898,2,"",365.579,2,"",NaN,,,NaN,,,NaN,,
2023-08-11T14:37:12.000Z,5.152,2,"",M,56.829,2,"",M,6.000,2,"",N,15.002,2,"",M,34.201,2,"",M,15.400,2,"",M,1013.180,2,"",M,379.864,2,"",M,NaN,,,0,NaN,,,M,367.167,2,"",365.847,2,"",NaN,,,NaN,,,NaN,,
2023-08-11T14:39:04.000Z,5.159,2,"",M,56.827,2,"",M,6.000,2,"",N,15.000,2,"",M,34.200,2,"",M,15.400,2,"",M,1013.370,2,"",M,380.053,2,"",M,NaN,,,0,NaN,,,M,367.392,2,"",366.072,2,"",NaN,,,NaN,,,NaN,,
2023-08-11T14:40:56.000Z,5.167,2,"",M,56.826,2,"",M,6.000,2,"",N,14.995,2,"",M,34.199,2,"",M,15.400,2,"",M,1013.270,2,"",M,380.053,2,"",M,NaN,,,0,NaN,,,M,367.284,2,"",365.964,2,"",NaN,,,NaN,,,NaN,,
2023-08-11T14:42:47.000Z,5.174,2,"",M,56.825,2,"",M,6.000,2,"",N,14.998,2,"",M,34.198,2,"",M,15.400,2,"",M,1013.230,2,"",M,379.852,2,"",M,NaN,,,0,NaN,,,M,367.111,2,"",365.791,2,"",NaN,,,NaN,,,NaN,,
2023-08-11T14:44:39.000Z,5.181,2,"",M,56.823,2,"",M,6.000,2,"",N,15.011,2,"",M,34.199,2,"",M,15.400,2,"",M,1013.210,2,"",M,379.422,2,"",M,NaN,,,0,NaN,,,M,366.894,2,"",365.575,2,"",NaN,,,NaN,,,NaN,,
2023-08-11T14:46:52.000Z,5.191,2,"",M,56.822,2,"",M,6.000,2,"",N,15.024,2,"",M,34.199,2,"",M,15.410,2,"",M,1013.080,2,"",M,379.221,2,"",M,NaN,,,0,NaN,,,M,366.696,2,"",365.378,2,"",NaN,,,NaN,,,NaN,,
2023-08-11T14:48:44.000Z,5.198,2,"",M,56.820,2,"",M,6.000,2,"",N,15.032,2,"",M,34.200,2,"",M,15.420,2,"",M,1013.160,2,"",M,378.891,2,"",M,NaN,,,0,NaN,,,M,366.370,2,"",365.054,2,"",NaN,,,NaN,,,NaN,,
2023-08-11T14:50:36.000Z,5.205,2,"",M,56.819,2,"",M,6.000,2,"",N,15.035,2,"",M,34.203,2,"",M,15.430,2,"",M,1013.210,2,"",M,378.810,2,"",M,NaN,,,0,NaN,,,M,366.195,2,"",364.880,2,"",NaN,,,NaN,,,NaN,,
2023-08-11T14:52:27.000Z,5.213,2,"",M,56.817,2,"",M,6.000,2,"",N,15.026,2,"",M,34.204,2,"",M,15.430,2,"",M,1012.970,2,"",M,378.490,2,"",M,NaN,,,0,NaN,,,M,365.669,2,"",364.355,2,"",NaN,,,NaN,,,NaN,,
2023-08-11T14:54:19.000Z,5.221,2,"",M,56.816,2,"",M,6.000,2,"",N,15.004,2,"",M,34.201,2,"",M,15.430,2,"",M,1013.140,2,"",M,378.239,2,"",M,NaN,,,0,NaN,,,M,365.149,2,"",363.838,2,"",NaN,,,NaN,,,NaN,,
2023-08-11T14:56:11.000Z,5.228,2,"",M,56.815,2,"",M,6.000,2,"",N,14.983,2,"",M,34.197,2,"",M,15.410,2,"",M,1013.150,2,"",M,378.169,2,"",M,NaN,,,0,NaN,,,M,365.063,2,"",363.751,2,"",NaN,,,NaN,,,NaN,,
2023-08-11T14:58:02.000Z,5.236,2,"",M,56.813,2,"",M,6.000,2,"",N,14.959,2,"",M,34.195,2,"",M,15.390,2,"",M,1013.129,2,"",M,377.639,2,"",M,NaN,,,0,NaN,,,M,364.499,2,"",363.189,2,"",NaN,,,NaN,,,NaN,,
2023-08-11T15:02:32.000Z,5.254,2,"",M,56.810,2,"",M,6.000,2,"",N,NaN,,,M,NaN,,,M,NaN,,,M,NaN,,,M,NaN,,,0,NaN,,,0,NaN,,,M,NaN,,,NaN,,,NaN,,,NaN,,,NaN,,
2023-08-11T15:04:22.000Z,5.257,2,"",M,56.806,2,"",M,6.000,2,"",N,NaN,,,M,NaN,,,M,NaN,,,M,NaN,,,M,NaN,,,0,NaN,,,0,NaN,,,M,NaN,,,NaN,,,NaN,,,NaN,,,NaN,,
2023-08-11T15:06:11.000Z,5.259,2,"",M,56.803,2,"",M,6.000,2,"",N,NaN,,,M,NaN,,,M,NaN,,,M,NaN,,,M,NaN,,,0,NaN,,,0,NaN,,,M,NaN,,,NaN,,,NaN,,,NaN,,,NaN,,
2023-08-11T15:10:41.000Z,5.264,2,"",M,56.793,2,"",M,6.000,2,"",N,NaN,,,M,NaN,,,M,NaN,,,M,NaN,,,M,NaN,,,0,NaN,,,0,NaN,,,M,NaN,,,NaN,,,NaN,,,NaN,,,NaN,,
2023-08-11T15:12:31.000Z,5.266,2,"",M,56.789,2,"",M,6.000,2,"",N,NaN,,,M,NaN,,,M,NaN,,,M,NaN,,,M,NaN,,,0,NaN,,,0,NaN,,,M,NaN,,,NaN,,,NaN,,,NaN,,,NaN,,
2023-08-11T15:14:20.000Z,5.268,2,"",M,56.785,2,"",M,6.000,2,"",N,NaN,,,M,NaN,,,M,NaN,,,M,NaN,,,M,NaN,,,0,NaN,,,0,NaN,,,M,NaN,,,NaN,,,NaN,,,NaN,,,NaN,,
2023-08-11T15:18:50.000Z,5.268,2,"",M,56.784,2,"",M,6.000,2,"",N,NaN,,,M,NaN,,,M,NaN,,,M,NaN,,,M,NaN,,,0,NaN,,,0,NaN,,,M,NaN,,,NaN,,,NaN,,,NaN,,,NaN,,
2023-08-11T15:20:40.000Z,5.266,2,"",M,56.786,2,"",M,6.000,2,"",N,NaN,,,M,NaN,,,M,NaN,,,M,NaN,,,M,NaN,,,0,NaN,,,0,NaN,,,M,NaN,,,NaN,,,NaN,,,NaN,,,NaN,,
2023-08-11T15:22:29.000Z,5.266,2,"",M,56.789,2,"",M,6.000,2,"",N,NaN,,,M,NaN,,,M,NaN,,,M,NaN,,,M,NaN,,,0,NaN,,,0,NaN,,,M,NaN,,,NaN,,,NaN,,,NaN,,,NaN,,
2023-08-11T15:26:58.000Z,5.262,2,"",M,56.795,2,"",M,6.000,2,"",N,14.954,2,"",M,34.303,2,"",M,NaN,,,M,NaN,,,M,NaN,,,0,424.446,4,"Changes too quickly",M,1012.500,2,"",M,NaN,,,NaN,,,424.446,4,"xCO₂ (with standards) Changes too quickly",418.154,4,"xCO₂ (with standards) Changes too quickly",416.640,4,"xCO₂ (with standards) Changes too quickly"
2023-08-11T15:28:48.000Z,5.261,2,"",M,56.798,2,"",M,6.000,2,"",N,14.943,2,"",M,34.300,2,"",M,NaN,,,M,NaN,,,M,NaN,,,0,651.410,4,"Changes too quickly",M,1012.500,2,"",M,NaN,,,NaN,,,651.410,4,"xCO₂ (with standards) Changes too quickly",641.760,4,"xCO₂ (with standards) Changes too quickly",639.436,4,"xCO₂ (with standards) Changes too quickly"
2023-08-11T15:30:38.000Z,5.260,2,"",M,56.800,2,"",M,6.000,2,"",N,14.939,2,"",M,34.299,2,"",M,NaN,,,M,NaN,,,M,NaN,,,0,471.860,4,"Changes too quickly",M,1012.500,2,"",M,NaN,,,NaN,,,471.860,4,"xCO₂ (with standards) Changes too quickly",464.873,4,"xCO₂ (with standards) Changes too quickly",463.189,4,"xCO₂ (with standards) Changes too quickly"
2023-08-11T15:32:27.000Z,5.258,2,"",M,56.803,2,"",M,6.000,2,"",N,14.944,2,"",M,34.301,2,"",M,NaN,,,M,NaN,,,M,NaN,,,0,814.039,4,"Standard deviation is too large",M,1012.500,2,"",M,NaN,,,NaN,,,814.039,4,"xCO₂ (with standards) Standard deviation is too large",801.979,4,"xCO₂ (with standards) Standard deviation is too large",799.074,4,"xCO₂ (with standards) Standard deviation is too large"
2023-08-11T15:34:16.000Z,5.257,2,"",M,56.806,2,"",M,6.000,2,"",N,14.948,2,"",M,34.303,2,"",M,NaN,,,M,NaN,,,M,NaN,,,0,794.092,4,"Standard deviation is too large",M,1012.500,2,"",M,NaN,,,NaN,,,794.092,4,"xCO₂ (with standards) Standard deviation is too large",782.325,4,"xCO₂ (with standards) Standard deviation is too large",779.491,4,"xCO₂ (with standards) Standard deviation is too large"
2023-08-11T15:39:27.000Z,5.252,2,"",M,56.812,2,"",M,6.000,2,"",N,14.906,2,"",M,34.303,2,"",M,15.330,2,"",M,1013.150,2,"",M,380.635,2,"",M,NaN,,,0,NaN,,,M,367.535,2,"",366.213,2,"",NaN,,,NaN,,,NaN,,
2023-08-11T15:41:19.000Z,5.247,2,"",M,56.812,2,"",M,6.000,2,"",N,14.919,2,"",M,34.302,2,"",M,15.310,2,"",M,1013.090,2,"",M,380.075,2,"",M,NaN,,,0,NaN,,,M,367.494,2,"",366.171,2,"",NaN,,,NaN,,,NaN,,
2023-08-11T15:43:10.000Z,5.242,2,"",M,56.812,2,"",M,6.000,2,"",N,14.937,2,"",M,34.299,2,"",M,15.320,2,"",M,1013.040,2,"",M,380.104,2,"",M,NaN,,,0,NaN,,,M,367.622,2,"",366.299,2,"",NaN,,,NaN,,,NaN,,
2023-08-11T15:45:02.000Z,5.237,2,"",M,56.813,2,"",M,6.000,2,"",N,14.940,2,"",M,34.287,2,"",M,15.340,2,"",M,1013.180,2,"",M,379.914,2,"",M,NaN,,,0,NaN,,,M,367.215,2,"",365.895,2,"",NaN,,,NaN,,,NaN,,
2023-08-11T15:47:15.000Z,5.240,2,"",M,56.815,2,"",M,6.000,2,"",N,14.935,2,"",M,34.267,2,"",M,15.350,2,"",M,1013.020,2,"",M,380.553,2,"",M,NaN,,,0,NaN,,,M,367.532,2,"",366.210,2,"",NaN,,,NaN,,,NaN,,
2023-08-11T15:49:07.000Z,5.246,2,"",M,56.816,2,"",M,6.000,2,"",N,14.929,2,"",M,34.257,2,"",M,15.340,2,"",M,1013.100,2,"",M,381.042,2,"",M,NaN,,,0,NaN,,,M,368.106,2,"",366.782,2,"",NaN,,,NaN,,,NaN,,
2023-08-11T15:50:58.000Z,5.254,2,"",M,56.816,2,"",M,6.000,2,"",N,14.937,2,"",M,34.245,2,"",M,15.340,2,"",M,1013.150,2,"",M,381.092,2,"",M,NaN,,,0,NaN,,,M,368.289,2,"",366.964,2,"",NaN,,,NaN,,,NaN,,
2023-08-11T15:52:50.000Z,5.263,2,"",M,56.816,2,"",M,6.000,2,"",N,14.961,2,"",M,34.254,2,"",M,15.340,2,"",M,1013.060,2,"",M,380.771,2,"",M,NaN,,,0,NaN,,,M,368.328,2,"",367.003,2,"",NaN,,,NaN,,,NaN,,
2023-08-11T15:54:42.000Z,5.271,2,"",M,56.817,2,"",M,6.000,2,"",N,14.959,2,"",M,34.268,2,"",M,15.360,2,"",M,1013.140,2,"",M,380.931,2,"",M,NaN,,,0,NaN,,,M,368.165,2,"",366.841,2,"",NaN,,,NaN,,,NaN,,
2023-08-11T15:56:34.000Z,5.279,2,"",M,56.817,2,"",M,6.000,2,"",N,14.954,2,"",M,34.264,2,"",M,15.360,2,"",M,1013.210,2,"",M,381.220,2,"",M,NaN,,,0,NaN,,,M,368.390,2,"",367.065,2,"",NaN,,,NaN,,,NaN,,
2023-08-11T15:58:25.000Z,5.288,2,"",M,56.818,2,"",M,6.000,2,"",N,14.965,2,"",M,34.258,2,"",M,15.360,2,"",M,1012.950,2,"",M,381.270,2,"",M,NaN,,,0,NaN,,,M,368.516,2,"",367.191,2,"",NaN,,,NaN,,,NaN,,
2023-08-11T16:00:17.000Z,5.296,2,"",M,56.818,2,"",M,6.000,2,"",N,14.990,2,"",M,34.260,2,"",M,15.370,2,"",M,1013.250,2,"",M,381.269,2,"",M,NaN,,,0,NaN,,,M,368.847,2,"",367.521,2,"",NaN,,,NaN,,,NaN,,
2023-08-11T16:02:09.000Z,5.304,2,"",M,56.818,2,"",M,6.000,2,"",N,15.026,2,"",M,34.275,2,"",M,15.390,2,"",M,1013.150,2,"",M,381.458,2,"",M,NaN,,,0,NaN,,,M,369.233,2,"",367.906,2,"",NaN,,,NaN,,,NaN,,
2023-08-11T16:04:01.000Z,5.312,2,"",M,56.819,2,"",M,6.000,2,"",N,15.028,2,"",M,34.295,2,"",M,15.420,2,"",M,1013.060,2,"",M,381.208,2,"",M,NaN,,,0,NaN,,,M,368.511,2,"",367.187,2,"",NaN,,,NaN,,,NaN,,
2023-08-11T16:05:52.000Z,5.320,2,"",M,56.819,2,"",M,6.000,2,"",N,14.987,2,"",M,34.307,2,"",M,15.430,2,"",M,1012.990,2,"",M,380.608,2,"",M,NaN,,,0,NaN,,,M,367.117,2,"",365.798,2,"",NaN,,,NaN,,,NaN,,
2023-08-11T16:07:44.000Z,5.328,2,"",M,56.820,2,"",M,6.000,2,"",N,14.953,2,"",M,34.314,2,"",M,15.400,2,"",M,1012.980,2,"",M,380.738,2,"",M,NaN,,,0,NaN,,,M,367.177,2,"",365.857,2,"",NaN,,,NaN,,,NaN,,
2023-08-11T16:09:36.000Z,5.336,2,"",M,56.820,2,"",M,6.000,2,"",N,14.891,2,"",M,34.319,2,"",M,15.370,2,"",M,1013.050,2,"",M,380.767,2,"",M,NaN,,,0,NaN,,,M,366.745,2,"",365.426,2,"",NaN,,,NaN,,,NaN,,
2023-08-11T16:11:28.000Z,5.343,2,"",M,56.821,2,"",M,6.000,2,"",N,14.874,2,"",M,34.324,2,"",M,15.320,2,"",M,1013.180,2,"",M,380.777,2,"",M,NaN,,,0,NaN,,,M,367.340,2,"",366.019,2,"",NaN,,,NaN,,,NaN,,
2023-08-11T16:13:19.000Z,5.351,2,"",M,56.821,2,"",M,6.000,2,"",N,14.846,2,"",M,34.328,2,"",M,15.280,2,"",M,1012.900,2,"",M,380.726,2,"",M,NaN,,,0,NaN,,,M,367.393,2,"",366.070,2,"",NaN,,,NaN,,,NaN,,
2023-08-11T16:15:11.000Z,5.359,2,"",M,56.822,2,"",M,6.000,2,"",N,14.820,2,"",M,34.321,2,"",M,15.260,2,"",M,1012.990,2,"",M,380.346,2,"",M,NaN,,,0,NaN,,,M,366.972,2,"",365.651,2,"",NaN,,,NaN,,,NaN,,
2023-08-11T16:17:03.000Z,5.367,2,"",M,56.822,2,"",M,6.000,2,"",N,14.794,2,"",M,34.309,2,"",M,15.230,2,"",M,1012.940,2,"",M,379.886,2,"",M,NaN,,,0,NaN,,,M,366.579,2,"",365.259,2,"",NaN,,,NaN,,,NaN,,
2023-08-11T16:18:55.000Z,5.375,2,"",M,56.822,2,"",M,6.000,2,"",N,14.802,2,"",M,34.300,2,"",M,15.210,2,"",M,1013.060,2,"",M,379.945,2,"",M,NaN,,,0,NaN,,,M,367.129,2,"",365.806,2,"",NaN,,,NaN,,,NaN,,
2023-08-11T16:20:47.000Z,5.383,2,"",M,56.823,2,"",M,6.000,2,"",N,14.815,2,"",M,34.298,2,"",M,15.210,2,"",M,1012.980,2,"",M,380.085,2,"",M,NaN,,,0,NaN,,,M,367.435,2,"",366.111,2,"",NaN,,,NaN,,,NaN,,
2023-08-11T16:22:39.000Z,5.391,2,"",M,56.823,2,"",M,6.000,2,"",N,14.840,2,"",M,34.298,2,"",M,15.220,2,"",M,1012.960,2,"",M,380.004,2,"",M,NaN,,,0,NaN,,,M,367.579,2,"",366.255,2,"",NaN,,,NaN,,,NaN,,
2023-08-11T16:24:30.000Z,5.399,2,"",M,56.824,2,"",M,6.000,2,"",N,14.897,2,"",M,34.311,2,"",M,15.240,2,"",M,1012.990,2,"",M,379.734,2,"",M,NaN,,,0,NaN,,,M,367.890,2,"",366.566,2,"",NaN,,,NaN,,,NaN,,
2023-08-11T16:26:22.000Z,5.407,2,"",M,56.824,2,"",M,6.000,2,"",N,14.964,2,"",M,34.339,2,"",M,15.290,2,"",M,1012.900,2,"",M,379.754,2,"",M,NaN,,,0,NaN,,,M,368.131,2,"",366.806,2,"",NaN,,,NaN,,,NaN,,
2023-08-11T16:28:14.000Z,5.415,2,"",M,56.824,2,"",M,6.000,2,"",N,15.022,2,"",M,34.367,2,"",M,15.350,2,"",M,1012.890,2,"",M,379.803,2,"",M,NaN,,,0,NaN,,,M,368.109,2,"",366.785,2,"",NaN,,,NaN,,,NaN,,
2023-08-11T16:30:05.000Z,5.423,2,"",M,56.825,2,"",M,6.000,2,"",N,15.045,2,"",M,34.380,2,"",M,15.410,2,"",M,1012.940,2,"",M,379.463,2,"",M,NaN,,,0,NaN,,,M,367.210,2,"",365.890,2,"",NaN,,,NaN,,,NaN,,
2023-08-11T16:31:57.000Z,5.431,2,"",M,56.825,2,"",M,6.000,2,"",N,15.068,2,"",M,34.384,2,"",M,15.440,2,"",M,1012.880,2,"",M,378.743,2,"",M,NaN,,,0,NaN,,,M,366.362,2,"",365.047,2,"",NaN,,,NaN,,,NaN,,
2023-08-11T16:33:49.000Z,5.439,2,"",M,56.825,2,"",M,6.000,2,"",N,15.093,2,"",M,34.384,2,"",M,15.460,2,"",M,1013.000,2,"",M,378.433,2,"",M,NaN,,,0,NaN,,,M,366.174,2,"",364.859,2,"",NaN,,,NaN,,,NaN,,
2023-08-11T16:35:41.000Z,5.447,2,"",M,56.826,2,"",M,6.000,2,"",N,15.114,2,"",M,34.385,2,"",M,15.490,2,"",M,1013.120,2,"",M,378.113,2,"",M,NaN,,,0,NaN,,,M,365.767,2,"",364.454,2,"",NaN,,,NaN,,,NaN,,
2023-08-11T16:37:32.000Z,5.455,2,"",M,56.826,2,"",M,6.000,2,"",N,15.138,2,"",M,34.383,2,"",M,15.510,2,"",M,1012.970,2,"",M,377.832,2,"",M,NaN,,,0,NaN,,,M,365.487,2,"",364.176,2,"",NaN,,,NaN,,,NaN,,
2023-08-11T16:39:24.000Z,5.463,2,"",M,56.826,2,"",M,6.000,2,"",N,15.157,2,"",M,34.379,2,"",M,15.530,2,"",M,1012.960,2,"",M,377.632,2,"",M,NaN,,,0,NaN,,,M,365.266,2,"",363.956,2,"",NaN,,,NaN,,,NaN,,
2023-08-11T16:41:16.000Z,5.472,2,"",M,56.827,2,"",M,6.000,2,"",N,15.173,2,"",M,34.367,2,"",M,15.550,2,"",M,1012.900,2,"",M,377.552,2,"",M,NaN,,,0,NaN,,,M,365.094,2,"",363.785,2,"",NaN,,,NaN,,,NaN,,
2023-08-11T16:43:08.000Z,5.479,2,"",M,56.827,2,"",M,6.000,2,"",N,15.184,2,"",M,34.359,2,"",M,15.570,2,"",M,1012.850,2,"",M,377.491,2,"",M,NaN,,,0,NaN,,,M,364.872,2,"",363.564,2,"",NaN,,,NaN,,,NaN,,
2023-08-11T16:45:00.000Z,5.488,2,"",M,56.827,2,"",M,6.000,2,"",N,15.189,2,"",M,34.350,2,"",M,15.580,2,"",M,1013.000,2,"",M,377.781,2,"",M,NaN,,,0,NaN,,,M,365.127,2,"",363.818,2,"",NaN,,,NaN,,,NaN,,
2023-08-11T16:47:12.000Z,5.497,2,"",M,56.828,2,"",M,6.000,2,"",N,15.195,2,"",M,34.342,2,"",M,15.590,2,"",M,1012.890,2,"",M,377.830,2,"",M,NaN,,,0,NaN,,,M,365.068,2,"",363.760,2,"",NaN,,,NaN,,,NaN,,
2023-08-11T16:49:04.000Z,5.505,2,"",M,56.828,2,"",M,6.000,2,"",N,15.195,2,"",M,34.334,2,"",M,15.590,2,"",M,1013.090,2,"",M,377.550,2,"",M,NaN,,,0,NaN,,,M,364.867,2,"",363.558,2,"",NaN,,,NaN,,,NaN,,
2023-08-11T16:50:56.000Z,5.513,2,"",M,56.828,2,"",M,6.000,2,"",N,15.190,2,"",M,34.323,2,"",M,15.590,2,"",M,1013.160,2,"",M,377.559,2,"",M,NaN,,,0,NaN,,,M,364.830,2,"",363.522,2,"",NaN,,,NaN,,,NaN,,
2023-08-11T16:52:48.000Z,5.521,2,"",M,56.829,2,"",M,6.000,2,"",N,15.182,2,"",M,34.312,2,"",M,15.590,2,"",M,1012.960,2,"",M,377.499,2,"",M,NaN,,,0,NaN,,,M,364.576,2,"",363.269,2,"",NaN,,,NaN,,,NaN,,
2023-08-11T16:54:40.000Z,5.529,2,"",M,56.829,2,"",M,6.000,2,"",N,15.188,2,"",M,34.295,2,"",M,15.580,2,"",M,1013.210,2,"",M,377.189,2,"",M,NaN,,,0,NaN,,,M,364.609,2,"",363.302,2,"",NaN,,,NaN,,,NaN,,
2023-08-11T16:56:31.000Z,5.537,2,"",M,56.830,2,"",M,6.000,2,"",N,15.197,2,"",M,34.277,2,"",M,15.590,2,"",M,1012.960,2,"",M,377.178,2,"",M,NaN,,,0,NaN,,,M,364.503,2,"",363.196,2,"",NaN,,,NaN,,,NaN,,
2023-08-11T16:58:23.000Z,5.545,2,"",M,56.830,2,"",M,6.000,2,"",N,15.204,2,"",M,34.257,2,"",M,15.590,2,"",M,1012.850,2,"",M,377.368,2,"",M,NaN,,,0,NaN,,,M,364.750,2,"",363.442,2,"",NaN,,,NaN,,,NaN,,
2023-08-11T17:00:15.000Z,5.552,2,"",M,56.831,2,"",M,6.000,2,"",N,15.211,2,"",M,34.236,2,"",M,15.600,2,"",M,1013.140,2,"",M,377.527,2,"",M,NaN,,,0,NaN,,,M,364.963,2,"",363.655,2,"",NaN,,,NaN,,,NaN,,
2023-08-11T17:02:07.000Z,5.560,2,"",M,56.831,2,"",M,6.000,2,"",N,15.215,2,"",M,34.199,2,"",M,15.610,2,"",M,1013.000,2,"",M,378.066,2,"",M,NaN,,,0,NaN,,,M,365.322,2,"",364.013,2,"",NaN,,,NaN,,,NaN,,
2023-08-11T17:03:58.000Z,5.568,2,"",M,56.831,2,"",M,6.000,2,"",N,15.208,2,"",M,34.144,2,"",M,15.610,2,"",M,1013.015,2,"",M,378.335,2,"",M,NaN,,,0,NaN,,,M,365.485,2,"",364.176,2,"",NaN,,,NaN,,,NaN,,
2023-08-11T17:05:50.000Z,5.576,2,"",M,56.832,2,"",M,6.000,2,"",N,15.217,2,"",M,34.075,2,"",M,15.610,2,"",M,1013.000,2,"",M,378.065,2,"",M,NaN,,,0,NaN,,,M,365.355,2,"",364.045,2,"",NaN,,,NaN,,,NaN,,
2023-08-11T17:07:42.000Z,5.584,2,"",M,56.832,2,"",M,6.000,2,"",N,15.243,2,"",M,34.001,2,"",M,15.610,2,"",M,1013.160,2,"",M,377.925,2,"",M,NaN,,,0,NaN,,,M,365.682,2,"",364.371,2,"",NaN,,,NaN,,,NaN,,
2023-08-11T17:09:34.000Z,5.591,2,"",M,56.833,2,"",M,6.000,2,"",N,15.255,2,"",M,33.947,2,"",M,15.640,2,"",M,1013.090,2,"",M,377.605,2,"",M,NaN,,,0,NaN,,,M,365.058,2,"",363.750,2,"",NaN,,,NaN,,,NaN,,
2023-08-11T17:11:26.000Z,5.599,2,"",M,56.833,2,"",M,6.000,2,"",N,15.263,2,"",M,33.900,2,"",M,15.650,2,"",M,1013.060,2,"",M,377.654,2,"",M,NaN,,,0,NaN,,,M,365.056,2,"",363.749,2,"",NaN,,,NaN,,,NaN,,
2023-08-11T17:13:17.000Z,5.607,2,"",M,56.834,2,"",M,6.000,2,"",N,15.271,2,"",M,33.869,2,"",M,15.660,2,"",M,1013.100,2,"",M,377.294,2,"",M,NaN,,,0,NaN,,,M,364.687,2,"",363.380,2,"",NaN,,,NaN,,,NaN,,
2023-08-11T17:15:09.000Z,5.615,2,"",M,56.834,2,"",M,6.000,2,"",N,15.254,2,"",M,33.858,2,"",M,15.660,2,"",M,1013.160,2,"",M,377.124,2,"",M,NaN,,,0,NaN,,,M,364.286,2,"",362.981,2,"",NaN,,,NaN,,,NaN,,
2023-08-11T17:17:01.000Z,5.622,2,"",M,56.834,2,"",M,6.000,2,"",N,15.210,2,"",M,33.902,2,"",M,15.660,2,"",M,1013.150,2,"",M,377.253,2,"",M,NaN,,,0,NaN,,,M,363.732,2,"",362.429,2,"",NaN,,,NaN,,,NaN,,
2023-08-11T17:18:53.000Z,5.630,2,"",M,56.834,2,"",M,6.000,2,"",N,15.173,2,"",M,33.935,2,"",M,15.620,2,"",M,1013.080,2,"",M,378.062,2,"",M,NaN,,,0,NaN,,,M,364.541,2,"",363.234,2,"",NaN,,,NaN,,,NaN,,
2023-08-11T17:20:45.000Z,5.637,2,"",M,56.835,2,"",M,6.000,2,"",N,15.156,2,"",M,33.940,2,"",M,15.580,2,"",M,1013.120,2,"",M,378.501,2,"",M,NaN,,,0,NaN,,,M,365.350,2,"",364.040,2,"",NaN,,,NaN,,,NaN,,
2023-08-11T17:22:36.000Z,5.644,2,"",M,56.835,2,"",M,6.000,2,"",N,15.149,2,"",M,33.938,2,"",M,15.560,2,"",M,1013.080,2,"",M,378.581,2,"",M,NaN,,,0,NaN,,,M,365.628,2,"",364.317,2,"",NaN,,,NaN,,,NaN,,
2023-08-11T17:24:28.000Z,5.652,2,"",M,56.835,2,"",M,6.000,2,"",N,15.152,2,"",M,33.924,2,"",M,15.550,2,"",M,1012.970,2,"",M,378.350,2,"",M,NaN,,,0,NaN,,,M,365.570,2,"",364.259,2,"",NaN,,,NaN,,,NaN,,
2023-08-11T17:26:20.000Z,5.659,2,"",M,56.836,2,"",M,6.000,2,"",N,15.157,2,"",M,33.899,2,"",M,15.550,2,"",M,1012.990,2,"",M,377.830,2,"",M,NaN,,,0,NaN,,,M,365.146,2,"",363.836,2,"",NaN,,,NaN,,,NaN,,
2023-08-11T17:28:11.000Z,5.666,2,"",M,56.835,2,"",M,6.000,2,"",N,15.154,2,"",M,33.862,2,"",M,15.560,2,"",M,1012.890,2,"",M,377.510,2,"",M,NaN,,,0,NaN,,,M,364.602,2,"",363.294,2,"",NaN,,,NaN,,,NaN,,
2023-08-11T17:30:03.000Z,5.671,2,"",M,56.833,2,"",M,6.000,2,"",N,15.156,2,"",M,33.836,2,"",M,15.560,2,"",M,1013.020,2,"",M,376.980,2,"",M,NaN,,,0,NaN,,,M,364.169,2,"",362.863,2,"",NaN,,,NaN,,,NaN,,
2023-08-11T17:31:55.000Z,5.677,2,"",M,56.830,2,"",M,6.000,2,"",N,15.153,2,"",M,33.821,2,"",M,15.560,2,"",M,1013.020,2,"",M,376.550,2,"",M,NaN,,,0,NaN,,,M,363.699,2,"",362.395,2,"",NaN,,,NaN,,,NaN,,
2023-08-11T17:33:47.000Z,5.682,2,"",M,56.827,2,"",M,6.000,2,"",N,15.143,2,"",M,33.814,2,"",M,15.550,2,"",M,1013.020,2,"",M,375.790,2,"",M,NaN,,,0,NaN,,,M,362.979,2,"",361.678,2,"",NaN,,,NaN,,,NaN,,
2023-08-11T17:35:38.000Z,5.688,2,"",M,56.825,2,"",M,6.000,2,"",N,15.131,2,"",M,33.820,2,"",M,15.550,2,"",M,1013.030,2,"",M,375.550,2,"",M,NaN,,,0,NaN,,,M,362.565,2,"",361.265,2,"",NaN,,,NaN,,,NaN,,
2023-08-11T17:37:30.000Z,5.693,2,"",M,56.822,2,"",M,6.000,2,"",N,15.122,2,"",M,33.834,2,"",M,15.530,2,"",M,1012.970,2,"",M,375.170,2,"",M,NaN,,,0,NaN,,,M,362.358,2,"",361.058,2,"",NaN,,,NaN,,,NaN,,
2023-08-11T17:39:22.000Z,5.699,2,"",M,56.819,2,"",M,6.000,2,"",N,15.120,2,"",M,33.855,2,"",M,15.530,2,"",M,1013.010,2,"",M,374.890,2,"",M,NaN,,,0,NaN,,,M,362.059,2,"",360.760,2,"",NaN,,,NaN,,,NaN,,
2023-08-11T17:41:14.000Z,5.705,2,"",M,56.818,2,"",M,6.000,2,"",N,15.111,2,"",M,33.876,2,"",M,15.520,2,"",M,1013.180,2,"",M,374.909,2,"",M,NaN,,,0,NaN,,,M,362.171,2,"",360.871,2,"",NaN,,,NaN,,,NaN,,
2023-08-11T17:43:05.000Z,5.707,2,"",M,56.821,2,"",M,6.000,2,"",N,15.108,2,"",M,33.893,2,"",M,15.510,2,"",M,1013.210,2,"",M,374.889,2,"",M,NaN,,,0,NaN,,,M,362.262,2,"",360.962,2,"",NaN,,,NaN,,,NaN,,
2023-08-11T17:44:57.000Z,5.707,2,"",M,56.825,2,"",M,6.000,2,"",N,15.111,2,"",M,33.894,2,"",M,15.510,2,"",M,1013.200,2,"",M,375.208,2,"",M,NaN,,,0,NaN,,,M,362.616,2,"",361.315,2,"",NaN,,,NaN,,,NaN,,
2023-08-11T17:47:10.000Z,5.708,2,"",M,56.830,2,"",M,6.000,2,"",N,15.138,2,"",M,33.843,2,"",M,15.510,2,"",M,1013.310,2,"",M,375.307,2,"",M,NaN,,,0,NaN,,,M,363.162,2,"",361.859,2,"",NaN,,,NaN,,,NaN,,
2023-08-11T17:49:02.000Z,5.710,2,"",M,56.834,2,"",M,6.000,2,"",N,15.189,2,"",M,33.744,2,"",M,15.530,2,"",M,1013.270,2,"",M,375.437,2,"",M,NaN,,,0,NaN,,,M,363.752,2,"",362.447,2,"",NaN,,,NaN,,,NaN,,
2023-08-11T17:50:54.000Z,5.711,2,"",M,56.838,2,"",M,6.000,2,"",N,15.222,2,"",M,33.652,2,"",M,15.580,2,"",M,1013.250,2,"",M,375.206,2,"",M,NaN,,,0,NaN,,,M,363.232,2,"",361.930,2,"",NaN,,,NaN,,,NaN,,
2023-08-11T17:52:45.000Z,5.713,2,"",M,56.842,2,"",M,6.000,2,"",N,15.250,2,"",M,33.566,2,"",M,15.610,2,"",M,1013.170,2,"",M,374.876,2,"",M,NaN,,,0,NaN,,,M,362.841,2,"",361.540,2,"",NaN,,,NaN,,,NaN,,
2023-08-11T17:54:37.000Z,5.715,2,"",M,56.846,2,"",M,6.000,2,"",N,15.270,2,"",M,33.497,2,"",M,15.640,2,"",M,1013.170,2,"",M,374.796,2,"",M,NaN,,,0,NaN,,,M,362.605,2,"",361.306,2,"",NaN,,,NaN,,,NaN,,
2023-08-11T17:56:29.000Z,5.716,2,"",M,56.851,2,"",M,6.000,2,"",N,15.288,2,"",M,33.424,2,"",M,15.660,2,"",M,1013.100,2,"",M,374.676,2,"",M,NaN,,,0,NaN,,,M,362.417,2,"",361.119,2,"",NaN,,,NaN,,,NaN,,
2023-08-11T17:58:21.000Z,5.718,2,"",M,56.855,2,"",M,6.000,2,"",N,15.296,2,"",M,33.369,2,"",M,15.680,2,"",M,1013.170,2,"",M,374.196,2,"",M,NaN,,,0,NaN,,,M,361.785,2,"",360.489,2,"",NaN,,,NaN,,,NaN,,
2023-08-11T18:00:13.000Z,5.720,2,"",M,56.859,2,"",M,6.000,2,"",N,15.301,2,"",M,33.340,2,"",M,15.690,2,"",M,1013.090,2,"",M,373.955,2,"",M,NaN,,,0,NaN,,,M,361.438,2,"",360.144,2,"",NaN,,,NaN,,,NaN,,
2023-08-11T18:02:04.000Z,5.721,2,"",M,56.863,2,"",M,6.000,2,"",N,15.305,2,"",M,33.315,2,"",M,15.690,2,"",M,1013.080,2,"",M,373.735,2,"",M,NaN,,,0,NaN,,,M,361.291,2,"",359.998,2,"",NaN,,,NaN,,,NaN,,
2023-08-11T18:03:56.000Z,5.723,2,"",M,56.867,2,"",M,6.000,2,"",N,15.315,2,"",M,33.300,2,"",M,15.700,2,"",M,1013.280,2,"",M,373.505,2,"",M,NaN,,,0,NaN,,,M,361.133,2,"",359.839,2,"",NaN,,,NaN,,,NaN,,
2023-08-11T18:05:48.000Z,5.725,2,"",M,56.872,2,"",M,6.000,2,"",N,15.332,2,"",M,33.290,2,"",M,15.710,2,"",M,1013.230,2,"",M,373.514,2,"",M,NaN,,,0,NaN,,,M,361.232,2,"",359.938,2,"",NaN,,,NaN,,,NaN,,
2023-08-11T18:07:40.000Z,5.727,2,"",M,56.876,2,"",M,6.000,2,"",N,15.355,2,"",M,33.285,2,"",M,15.720,2,"",M,1013.210,2,"",M,373.464,2,"",M,NaN,,,0,NaN,,,M,361.374,2,"",360.080,2,"",NaN,,,NaN,,,NaN,,
2023-08-11T18:09:31.000Z,5.728,2,"",M,56.880,2,"",M,6.000,2,"",N,15.377,2,"",M,33.287,2,"",M,15.750,2,"",M,1013.080,2,"",M,373.743,2,"",M,NaN,,,0,NaN,,,M,361.457,2,"",360.164,2,"",NaN,,,NaN,,,NaN,,
2023-08-11T18:11:23.000Z,5.730,2,"",M,56.885,2,"",M,6.000,2,"",N,15.398,2,"",M,33.299,2,"",M,15.770,2,"",M,1013.140,2,"",M,374.232,2,"",M,NaN,,,0,NaN,,,M,361.951,2,"",360.656,2,"",NaN,,,NaN,,,NaN,,
2023-08-11T18:13:15.000Z,5.732,2,"",M,56.889,2,"",M,6.000,2,"",N,15.402,2,"",M,33.321,2,"",M,15.790,2,"",M,1013.280,2,"",M,374.502,2,"",M,NaN,,,0,NaN,,,M,362.012,2,"",360.717,2,"",NaN,,,NaN,,,NaN,,
2023-08-11T18:15:07.000Z,5.733,2,"",M,56.893,2,"",M,6.000,2,"",N,15.400,2,"",M,33.350,2,"",M,15.790,2,"",M,1013.080,2,"",M,375.211,2,"",M,NaN,,,0,NaN,,,M,362.604,2,"",361.308,2,"",NaN,,,NaN,,,NaN,,
2023-08-11T18:16:59.000Z,5.735,2,"",M,56.897,2,"",M,6.000,2,"",N,15.394,2,"",M,33.383,2,"",M,15.790,2,"",M,1013.140,2,"",M,375.570,2,"",M,NaN,,,0,NaN,,,M,362.879,2,"",361.581,2,"",NaN,,,NaN,,,NaN,,
2023-08-11T18:18:50.000Z,5.737,2,"",M,56.901,2,"",M,6.000,2,"",N,15.382,2,"",M,33.409,2,"",M,15.790,2,"",M,1013.100,2,"",M,375.849,2,"",M,NaN,,,0,NaN,,,M,362.946,2,"",361.649,2,"",NaN,,,NaN,,,NaN,,
2023-08-11T18:20:42.000Z,5.739,2,"",M,56.906,2,"",M,6.000,2,"",N,15.370,2,"",M,33.423,2,"",M,15.780,2,"",M,1013.060,2,"",M,376.238,2,"",M,NaN,,,0,NaN,,,M,363.280,2,"",361.981,2,"",NaN,,,NaN,,,NaN,,
2023-08-11T18:22:34.000Z,5.740,2,"",M,56.910,2,"",M,6.000,2,"",N,15.336,2,"",M,33.426,2,"",M,15.770,2,"",M,1013.070,2,"",M,376.468,2,"",M,NaN,,,0,NaN,,,M,363.135,2,"",361.836,2,"",NaN,,,NaN,,,NaN,,
2023-08-11T18:24:25.000Z,5.742,2,"",M,56.914,2,"",M,6.000,2,"",N,15.293,2,"",M,33.405,2,"",M,15.740,2,"",M,1013.130,2,"",M,376.357,2,"",M,NaN,,,0,NaN,,,M,362.870,2,"",361.571,2,"",NaN,,,NaN,,,NaN,,
2023-08-11T18:26:17.000Z,5.744,2,"",M,56.919,2,"",M,6.000,2,"",N,15.283,2,"",M,33.373,2,"",M,15.700,2,"",M,1013.200,2,"",M,375.617,2,"",M,NaN,,,0,NaN,,,M,362.666,2,"",361.367,2,"",NaN,,,NaN,,,NaN,,
2023-08-11T18:28:09.000Z,5.744,2,"",M,56.922,2,"",M,6.000,2,"",N,15.274,2,"",M,33.342,2,"",M,15.680,2,"",M,1013.000,2,"",M,374.968,2,"",M,NaN,,,0,NaN,,,M,362.138,2,"",360.841,2,"",NaN,,,NaN,,,NaN,,
2023-08-11T18:30:01.000Z,5.737,2,"",M,56.923,2,"",M,6.000,2,"",N,15.265,2,"",M,33.312,2,"",M,15.670,2,"",M,1012.860,2,"",M,374.318,2,"",M,NaN,,,0,NaN,,,M,361.483,2,"",360.189,2,"",NaN,,,NaN,,,NaN,,
2023-08-11T18:31:52.000Z,5.731,2,"",M,56.923,2,"",M,6.000,2,"",N,15.264,2,"",M,33.288,2,"",M,15.660,2,"",M,1012.970,2,"",M,373.618,2,"",M,NaN,,,0,NaN,,,M,360.975,2,"",359.682,2,"",NaN,,,NaN,,,NaN,,
2023-08-11T18:33:44.000Z,5.723,2,"",M,56.923,2,"",M,6.000,2,"",N,15.261,2,"",M,33.270,2,"",M,15.660,2,"",M,1012.930,2,"",M,373.098,2,"",M,NaN,,,0,NaN,,,M,360.418,2,"",359.127,2,"",NaN,,,NaN,,,NaN,,
2023-08-11T18:35:36.000Z,5.716,2,"",M,56.924,2,"",M,6.000,2,"",N,15.247,2,"",M,33.264,2,"",M,15.660,2,"",M,1012.860,2,"",M,372.608,2,"",M,NaN,,,0,NaN,,,M,359.710,2,"",358.422,2,"",NaN,,,NaN,,,NaN,,
2023-08-11T18:37:28.000Z,5.708,2,"",M,56.924,2,"",M,6.000,2,"",N,15.228,2,"",M,33.265,2,"",M,15.650,2,"",M,1013.020,2,"",M,372.208,2,"",M,NaN,,,0,NaN,,,M,359.247,2,"",357.960,2,"",NaN,,,NaN,,,NaN,,
2023-08-11T18:39:19.000Z,5.701,2,"",M,56.924,2,"",M,6.000,2,"",N,15.227,2,"",M,33.275,2,"",M,15.630,2,"",M,1012.960,2,"",M,371.828,2,"",M,NaN,,,0,NaN,,,M,359.158,2,"",357.872,2,"",NaN,,,NaN,,,NaN,,
2023-08-11T18:41:11.000Z,5.694,2,"",M,56.924,2,"",M,6.000,2,"",N,15.226,2,"",M,33.286,2,"",M,15.630,2,"",M,1012.820,2,"",M,371.348,2,"",M,NaN,,,0,NaN,,,M,358.617,2,"",357.332,2,"",NaN,,,NaN,,,NaN,,
2023-08-11T18:43:03.000Z,5.687,2,"",M,56.923,2,"",M,6.000,2,"",N,15.225,2,"",M,33.300,2,"",M,15.620,2,"",M,1012.870,2,"",M,371.267,2,"",M,NaN,,,0,NaN,,,M,358.707,2,"",357.422,2,"",NaN,,,NaN,,,NaN,,
2023-08-11T18:44:55.000Z,5.680,2,"",M,56.921,2,"",M,6.000,2,"",N,15.229,2,"",M,33.317,2,"",M,15.620,2,"",M,1012.790,2,"",M,371.387,2,"",M,NaN,,,0,NaN,,,M,358.854,2,"",357.568,2,"",NaN,,,NaN,,,NaN,,
2023-08-11T18:49:45.000Z,5.662,2,"",M,56.917,2,"",M,6.000,2,"",N,NaN,,,M,NaN,,,M,NaN,,,M,NaN,,,M,NaN,,,0,NaN,,,0,NaN,,,M,NaN,,,NaN,,,NaN,,,NaN,,,NaN,,
2023-08-11T18:51:34.000Z,5.656,2,"",M,56.916,2,"",M,6.000,2,"",N,NaN,,,M,NaN,,,M,NaN,,,M,NaN,,,M,NaN,,,0,NaN,,,0,NaN,,,M,NaN,,,NaN,,,NaN,,,NaN,,,NaN,,
2023-08-11T18:53:23.000Z,5.649,2,"",M,56.914,2,"",M,6.000,2,"",N,NaN,,,M,NaN,,,M,NaN,,,M,NaN,,,M,NaN,,,0,NaN,,,0,NaN,,,M,NaN,,,NaN,,,NaN,,,NaN,,,NaN,,
2023-08-11T18:57:53.000Z,5.633,2,"",M,56.911,2,"",M,6.000,2,"",N,NaN,,,M,NaN,,,M,NaN,,,M,NaN,,,M,NaN,,,0,NaN,,,0,NaN,,,M,NaN,,,NaN,,,NaN,,,NaN,,,NaN,,
2023-08-11T18:59:43.000Z,5.626,2,"",M,56.910,2,"",M,6.000,2,"",N,NaN,,,M,NaN,,,M,NaN,,,M,NaN,,,M,NaN,,,0,NaN,,,0,NaN,,,M,NaN,,,NaN,,,NaN,,,NaN,,,NaN,,
2023-08-11T19:01:32.000Z,5.619,2,"",M,56.908,2,"",M,6.000,2,"",N,NaN,,,M,NaN,,,M,NaN,,,M,NaN,,,M,NaN,,,0,NaN,,,0,NaN,,,M,NaN,,,NaN,,,NaN,,,NaN,,,NaN,,
2023-08-11T19:06:01.000Z,5.603,2,"",M,56.904,2,"",M,6.000,2,"",N,NaN,,,M,NaN,,,M,NaN,,,M,NaN,,,M,NaN,,,0,NaN,,,0,NaN,,,M,NaN,,,NaN,,,NaN,,,NaN,,,NaN,,
2023-08-11T19:07:51.000Z,5.596,2,"",M,56.903,2,"",M,6.000,2,"",N,NaN,,,M,NaN,,,M,NaN,,,M,NaN,,,M,NaN,,,0,NaN,,,0,NaN,,,M,NaN,,,NaN,,,NaN,,,NaN,,,NaN,,
2023-08-11T19:09:41.000Z,5.590,2,"",M,56.901,2,"",M,6.000,2,"",N,NaN,,,M,NaN,,,M,NaN,,,M,NaN,,,M,NaN,,,0,NaN,,,0,NaN,,,M,NaN,,,NaN,,,NaN,,,NaN,,,NaN,,
2023-08-11T19:14:50.000Z,5.571,2,"",M,56.897,2,"",M,6.000,2,"",N,NaN,,,M,NaN,,,M,NaN,,,M,NaN,,,M,NaN,,,0,NaN,,,0,NaN,,,M,NaN,,,NaN,,,NaN,,,NaN,,,NaN,,
2023-08-11T19:19:24.000Z,5.554,2,"",M,56.894,2,"",M,6.000,2,"",N,NaN,,,M,NaN,,,M,NaN,,,M,NaN,,,M,NaN,,,0,NaN,,,0,NaN,,,M,NaN,,,NaN,,,NaN,,,NaN,,,NaN,,
2023-08-11T19:23:54.000Z,5.539,2,"",M,56.894,2,"",M,6.000,2,"",N,NaN,,,M,NaN,,,M,NaN,,,M,NaN,,,M,NaN,,,0,NaN,,,0,NaN,,,M,NaN,,,NaN,,,NaN,,,NaN,,,NaN,,
2023-08-11T19:25:44.000Z,5.536,2,"",M,56.897,2,"",M,6.000,2,"",N,NaN,,,M,NaN,,,M,NaN,,,M,NaN,,,M,NaN,,,0,NaN,,,0,NaN,,,M,NaN,,,NaN,,,NaN,,,NaN,,,NaN,,
2023-08-11T19:27:33.000Z,5.532,2,"",M,56.901,2,"",M,6.000,2,"",N,NaN,,,M,NaN,,,M,NaN,,,M,NaN,,,M,NaN,,,0,NaN,,,0,NaN,,,M,NaN,,,NaN,,,NaN,,,NaN,,,NaN,,
2023-08-11T19:32:03.000Z,5.522,2,"",M,56.909,2,"",M,6.000,2,"",N,NaN,,,M,NaN,,,M,NaN,,,M,NaN,,,M,NaN,,,0,NaN,,,0,NaN,,,M,NaN,,,NaN,,,NaN,,,NaN,,,NaN,,
2023-08-11T19:33:53.000Z,5.518,2,"",M,56.913,2,"",M,6.000,2,"",N,NaN,,,M,NaN,,,M,NaN,,,M,NaN,,,M,NaN,,,0,NaN,,,0,NaN,,,M,NaN,,,NaN,,,NaN,,,NaN,,,NaN,,
2023-08-11T19:35:42.000Z,5.514,2,"",M,56.916,2,"",M,6.000,2,"",N,NaN,,,M,NaN,,,M,NaN,,,M,NaN,,,M,NaN,,,0,NaN,,,0,NaN,,,M,NaN,,,NaN,,,NaN,,,NaN,,,NaN,,
2023-08-11T19:40:12.000Z,5.505,2,"",M,56.925,2,"",M,6.000,2,"",N,NaN,,,M,NaN,,,M,NaN,,,M,NaN,,,M,NaN,,,0,NaN,,,0,NaN,,,M,NaN,,,NaN,,,NaN,,,NaN,,,NaN,,
2023-08-11T19:42:02.000Z,5.501,2,"",M,56.929,2,"",M,6.000,2,"",N,NaN,,,M,NaN,,,M,NaN,,,M,NaN,,,M,NaN,,,0,NaN,,,0,NaN,,,M,NaN,,,NaN,,,NaN,,,NaN,,,NaN,,
2023-08-11T19:43:51.000Z,5.497,2,"",M,56.932,2,"",M,6.000,2,"",N,NaN,,,M,NaN,,,M,NaN,,,M,NaN,,,M,NaN,,,0,NaN,,,0,NaN,,,M,NaN,,,NaN,,,NaN,,,NaN,,,NaN,,
2023-08-11T19:48:21.000Z,5.487,2,"",M,56.941,2,"",M,6.000,2,"",N,15.223,2,"",M,33.774,2,"",M,NaN,,,M,NaN,,,M,NaN,,,0,426.504,2,"",M,1012.700,2,"",M,NaN,,,NaN,,,426.504,2,"",420.140,2,"",418.624,2,""
2023-08-11T19:50:11.000Z,5.484,2,"",M,56.945,2,"",M,6.000,2,"",N,15.211,2,"",M,33.745,2,"",M,NaN,,,M,NaN,,,M,NaN,,,0,425.955,2,"",M,1012.800,2,"",M,NaN,,,NaN,,,425.955,2,"",419.647,2,"",418.132,2,""
2023-08-11T19:52:00.000Z,5.479,2,"",M,56.948,2,"",M,6.000,2,"",N,15.197,2,"",M,33.721,2,"",M,NaN,,,M,NaN,,,M,NaN,,,0,425.876,2,"",M,1012.700,2,"",M,NaN,,,NaN,,,425.876,2,"",419.533,2,"",418.018,2,""
2023-08-11T19:53:49.000Z,5.483,2,"",M,56.951,2,"",M,6.000,2,"",N,15.188,2,"",M,33.704,2,"",M,NaN,,,M,NaN,,,M,NaN,,,0,426.027,2,"",M,1012.600,2,"",M,NaN,,,NaN,,,426.027,2,"",419.644,2,"",418.129,2,""
2023-08-11T19:55:39.000Z,5.490,2,"",M,56.952,2,"",M,6.000,2,"",N,15.178,2,"",M,33.695,2,"",M,NaN,,,M,NaN,,,M,NaN,,,0,425.848,2,"",M,1012.600,2,"",M,NaN,,,NaN,,,425.848,2,"",419.472,2,"",417.957,2,""
2023-08-11T20:00:48.000Z,5.509,2,"",M,56.956,2,"",M,6.000,2,"",N,15.194,2,"",M,33.651,2,"",M,15.580,2,"",M,1013.040,2,"",M,375.327,2,"",M,NaN,,,0,NaN,,,M,362.840,2,"",361.539,2,"",NaN,,,NaN,,,NaN,,
2023-08-11T20:02:40.000Z,5.516,2,"",M,56.958,2,"",M,6.000,2,"",N,15.216,2,"",M,33.637,2,"",M,15.590,2,"",M,1013.140,2,"",M,375.018,2,"",M,NaN,,,0,NaN,,,M,362.763,2,"",361.462,2,"",NaN,,,NaN,,,NaN,,
2023-08-11T20:04:32.000Z,5.524,2,"",M,56.960,2,"",M,6.000,2,"",N,15.230,2,"",M,33.606,2,"",M,15.610,2,"",M,1013.140,2,"",M,375.079,2,"",M,NaN,,,0,NaN,,,M,362.723,2,"",361.423,2,"",NaN,,,NaN,,,NaN,,
2023-08-11T20:06:23.000Z,5.530,2,"",M,56.962,2,"",M,6.000,2,"",N,15.254,2,"",M,33.569,2,"",M,15.620,2,"",M,1013.190,2,"",M,375.000,2,"",M,NaN,,,0,NaN,,,M,362.873,2,"",361.572,2,"",NaN,,,NaN,,,NaN,,
2023-08-11T20:08:15.000Z,5.537,2,"",M,56.964,2,"",M,6.000,2,"",N,15.279,2,"",M,33.541,2,"",M,15.650,2,"",M,1013.170,2,"",M,375.201,2,"",M,NaN,,,0,NaN,,,M,362.970,2,"",361.669,2,"",NaN,,,NaN,,,NaN,,
2023-08-11T20:10:07.000Z,5.545,2,"",M,56.966,2,"",M,6.000,2,"",N,15.303,2,"",M,33.481,2,"",M,15.670,2,"",M,1013.250,2,"",M,375.012,2,"",M,NaN,,,0,NaN,,,M,362.877,2,"",361.577,2,"",NaN,,,NaN,,,NaN,,
2023-08-11T20:11:59.000Z,5.552,2,"",M,56.968,2,"",M,6.000,2,"",N,15.310,2,"",M,33.373,2,"",M,15.690,2,"",M,1013.350,2,"",M,375.264,2,"",M,NaN,,,0,NaN,,,M,362.941,2,"",361.642,2,"",NaN,,,NaN,,,NaN,,
2023-08-11T20:14:12.000Z,5.560,2,"",M,56.970,2,"",M,6.000,2,"",N,15.320,2,"",M,33.277,2,"",M,15.700,2,"",M,1013.300,2,"",M,374.875,2,"",M,NaN,,,0,NaN,,,M,362.546,2,"",361.248,2,"",NaN,,,NaN,,,NaN,,
2023-08-11T20:16:03.000Z,5.567,2,"",M,56.971,2,"",M,6.000,2,"",N,15.343,2,"",M,33.206,2,"",M,15.710,2,"",M,1013.380,2,"",M,373.715,2,"",M,NaN,,,0,NaN,,,M,361.646,2,"",360.351,2,"",NaN,,,NaN,,,NaN,,
2023-08-11T20:17:55.000Z,5.574,2,"",M,56.973,2,"",M,6.000,2,"",N,15.361,2,"",M,33.140,2,"",M,15.730,2,"",M,1013.400,2,"",M,372.806,2,"",M,NaN,,,0,NaN,,,M,360.742,2,"",359.450,2,"",NaN,,,NaN,,,NaN,,
2023-08-11T20:19:47.000Z,5.581,2,"",M,56.975,2,"",M,6.000,2,"",N,15.380,2,"",M,33.069,2,"",M,15.750,2,"",M,1013.360,2,"",M,371.807,2,"",M,NaN,,,0,NaN,,,M,359.729,2,"",358.442,2,"",NaN,,,NaN,,,NaN,,
2023-08-11T20:21:39.000Z,5.588,2,"",M,56.977,2,"",M,6.000,2,"",N,15.388,2,"",M,33.025,2,"",M,15.770,2,"",M,1013.350,2,"",M,371.188,2,"",M,NaN,,,0,NaN,,,M,358.934,2,"",357.649,2,"",NaN,,,NaN,,,NaN,,
2023-08-11T20:23:30.000Z,5.595,2,"",M,56.979,2,"",M,6.000,2,"",N,15.404,2,"",M,32.974,2,"",M,15.780,2,"",M,1013.360,2,"",M,371.169,2,"",M,NaN,,,0,NaN,,,M,359.010,2,"",357.726,2,"",NaN,,,NaN,,,NaN,,
2023-08-11T20:25:22.000Z,5.602,2,"",M,56.980,2,"",M,6.000,2,"",N,15.405,2,"",M,32.936,2,"",M,15.800,2,"",M,1013.390,2,"",M,370.740,2,"",M,NaN,,,0,NaN,,,M,358.316,2,"",357.034,2,"",NaN,,,NaN,,,NaN,,
2023-08-11T20:27:14.000Z,5.609,2,"",M,56.982,2,"",M,6.000,2,"",N,15.406,2,"",M,32.897,2,"",M,15.800,2,"",M,1013.390,2,"",M,370.371,2,"",M,NaN,,,0,NaN,,,M,357.972,2,"",356.692,2,"",NaN,,,NaN,,,NaN,,
2023-08-11T20:29:06.000Z,5.617,2,"",M,56.984,2,"",M,6.000,2,"",N,15.404,2,"",M,32.862,2,"",M,15.800,2,"",M,1013.290,2,"",M,369.932,2,"",M,NaN,,,0,NaN,,,M,357.470,2,"",356.191,2,"",NaN,,,NaN,,,NaN,,
2023-08-11T20:30:57.000Z,5.623,2,"",M,56.986,2,"",M,6.000,2,"",N,15.390,2,"",M,32.829,2,"",M,15.800,2,"",M,1013.350,2,"",M,369.592,2,"",M,NaN,,,0,NaN,,,M,356.959,2,"",355.682,2,"",NaN,,,NaN,,,NaN,,
2023-08-11T20:32:49.000Z,5.631,2,"",M,56.987,2,"",M,6.000,2,"",N,15.367,2,"",M,32.791,2,"",M,15.790,2,"",M,1013.410,2,"",M,369.193,2,"",M,NaN,,,0,NaN,,,M,356.399,2,"",355.124,2,"",NaN,,,NaN,,,NaN,,
2023-08-11T20:34:41.000Z,5.638,2,"",M,56.989,2,"",M,6.000,2,"",N,15.352,2,"",M,32.757,2,"",M,15.770,2,"",M,1013.370,2,"",M,369.114,2,"",M,NaN,,,0,NaN,,,M,356.400,2,"",355.125,2,"",NaN,,,NaN,,,NaN,,
2023-08-11T20:36:33.000Z,5.644,2,"",M,56.991,2,"",M,6.000,2,"",N,15.353,2,"",M,32.721,2,"",M,15.750,2,"",M,1013.310,2,"",M,368.555,2,"",M,NaN,,,0,NaN,,,M,356.156,2,"",354.881,2,"",NaN,,,NaN,,,NaN,,
2023-08-11T20:38:25.000Z,5.651,2,"",M,56.993,2,"",M,6.000,2,"",N,15.369,2,"",M,32.689,2,"",M,15.750,2,"",M,1013.390,2,"",M,368.096,2,"",M,NaN,,,0,NaN,,,M,355.987,2,"",354.713,2,"",NaN,,,NaN,,,NaN,,
2023-08-11T20:40:16.000Z,5.658,2,"",M,56.995,2,"",M,6.000,2,"",N,15.388,2,"",M,32.675,2,"",M,15.760,2,"",M,1013.410,2,"",M,367.517,2,"",M,NaN,,,0,NaN,,,M,355.569,2,"",354.297,2,"",NaN,,,NaN,,,NaN,,
2023-08-11T20:42:08.000Z,5.665,2,"",M,56.997,2,"",M,6.000,2,"",N,15.405,2,"",M,32.650,2,"",M,15.780,2,"",M,1013.370,2,"",M,367.628,2,"",M,NaN,,,0,NaN,,,M,355.597,2,"",354.325,2,"",NaN,,,NaN,,,NaN,,
2023-08-11T20:44:00.000Z,5.671,2,"",M,56.999,2,"",M,6.000,2,"",N,15.421,2,"",M,32.636,2,"",M,15.800,2,"",M,1013.370,2,"",M,367.599,2,"",M,NaN,,,0,NaN,,,M,355.503,2,"",354.231,2,"",NaN,,,NaN,,,NaN,,
2023-08-11T20:45:52.000Z,5.675,2,"",M,57.002,2,"",M,6.000,2,"",N,15.436,2,"",M,32.619,2,"",M,15.810,2,"",M,1013.330,2,"",M,368.041,2,"",M,NaN,,,0,NaN,,,M,355.985,2,"",354.712,2,"",NaN,,,NaN,,,NaN,,
2023-08-11T20:47:44.000Z,5.679,2,"",M,57.006,2,"",M,6.000,2,"",N,15.435,2,"",M,32.603,2,"",M,15.830,2,"",M,1013.250,2,"",M,368.132,2,"",M,NaN,,,0,NaN,,,M,355.720,2,"",354.448,2,"",NaN,,,NaN,,,NaN,,
2023-08-11T20:49:35.000Z,5.683,2,"",M,57.009,2,"",M,6.000,2,"",N,15.402,2,"",M,32.579,2,"",M,15.830,2,"",M,1013.345,2,"",M,368.373,2,"",M,NaN,,,0,NaN,,,M,355.492,2,"",354.221,2,"",NaN,,,NaN,,,NaN,,
2023-08-11T20:51:27.000Z,5.689,2,"",M,57.011,2,"",M,6.000,2,"",N,15.372,2,"",M,32.551,2,"",M,15.800,2,"",M,1013.350,2,"",M,368.384,2,"",M,NaN,,,0,NaN,,,M,355.522,2,"",354.251,2,"",NaN,,,NaN,,,NaN,,
2023-08-11T20:53:19.000Z,5.696,2,"",M,57.013,2,"",M,6.000,2,"",N,15.356,2,"",M,32.524,2,"",M,15.770,2,"",M,1013.300,2,"",M,367.755,2,"",M,NaN,,,0,NaN,,,M,355.121,2,"",353.850,2,"",NaN,,,NaN,,,NaN,,
2023-08-11T20:55:10.000Z,5.703,2,"",M,57.014,2,"",M,6.000,2,"",N,15.341,2,"",M,32.507,2,"",M,15.760,2,"",M,1013.290,2,"",M,366.766,2,"",M,NaN,,,0,NaN,,,M,354.087,2,"",352.820,2,"",NaN,,,NaN,,,NaN,,
2023-08-11T20:57:02.000Z,5.710,2,"",M,57.016,2,"",M,6.000,2,"",N,15.324,2,"",M,32.479,2,"",M,15.740,2,"",M,1013.250,2,"",M,366.187,2,"",M,NaN,,,0,NaN,,,M,353.573,2,"",352.308,2,"",NaN,,,NaN,,,NaN,,
2023-08-11T20:58:54.000Z,5.718,2,"",M,57.018,2,"",M,6.000,2,"",N,15.317,2,"",M,32.462,2,"",M,15.730,2,"",M,1013.270,2,"",M,365.828,2,"",M,NaN,,,0,NaN,,,M,353.273,2,"",352.008,2,"",NaN,,,NaN,,,NaN,,
2023-08-11T21:00:46.000Z,5.725,2,"",M,57.019,2,"",M,6.000,2,"",N,15.316,2,"",M,32.446,2,"",M,15.720,2,"",M,1013.290,2,"",M,365.339,2,"",M,NaN,,,0,NaN,,,M,352.948,2,"",351.685,2,"",NaN,,,NaN,,,NaN,,
2023-08-11T21:02:38.000Z,5.732,2,"",M,57.021,2,"",M,6.000,2,"",N,15.314,2,"",M,32.435,2,"",M,15.710,2,"",M,1013.330,2,"",M,364.719,2,"",M,NaN,,,0,NaN,,,M,352.487,2,"",351.225,2,"",NaN,,,NaN,,,NaN,,
2023-08-11T21:04:29.000Z,5.739,2,"",M,57.020,2,"",M,6.000,2,"",N,15.317,2,"",M,32.428,2,"",M,15.710,2,"",M,1013.230,2,"",M,364.140,2,"",M,NaN,,,0,NaN,,,M,351.939,2,"",350.679,2,"",NaN,,,NaN,,,NaN,,
2023-08-11T21:06:21.000Z,5.739,2,"",M,57.017,2,"",M,6.000,2,"",N,15.318,2,"",M,32.426,2,"",M,15.710,2,"",M,1013.090,2,"",M,364.131,2,"",M,NaN,,,0,NaN,,,M,351.896,2,"",350.637,2,"",NaN,,,NaN,,,NaN,,
2023-08-11T21:08:13.000Z,5.739,2,"",M,57.013,2,"",M,6.000,2,"",N,15.308,2,"",M,32.426,2,"",M,15.710,2,"",M,1013.100,2,"",M,364.062,2,"",M,NaN,,,0,NaN,,,M,351.689,2,"",350.430,2,"",NaN,,,NaN,,,NaN,,
2023-08-11T21:10:06.000Z,5.740,2,"",M,57.009,2,"",M,6.000,2,"",N,15.317,2,"",M,32.441,2,"",M,15.710,2,"",M,1013.060,2,"",M,363.703,2,"",M,NaN,,,0,NaN,,,M,351.455,2,"",350.197,2,"",NaN,,,NaN,,,NaN,,
2023-08-11T21:11:58.000Z,5.741,2,"",M,57.005,2,"",M,6.000,2,"",N,15.340,2,"",M,32.464,2,"",M,15.710,2,"",M,1013.190,2,"",M,364.035,2,"",M,NaN,,,0,NaN,,,M,352.161,2,"",350.900,2,"",NaN,,,NaN,,,NaN,,
2023-08-11T21:14:11.000Z,5.742,2,"",M,57.000,2,"",M,6.000,2,"",N,15.356,2,"",M,32.509,2,"",M,15.730,2,"",M,1013.080,2,"",M,364.326,2,"",M,NaN,,,0,NaN,,,M,352.343,2,"",351.082,2,"",NaN,,,NaN,,,NaN,,
2023-08-11T21:16:03.000Z,5.742,2,"",M,56.995,2,"",M,6.000,2,"",N,15.370,2,"",M,32.533,2,"",M,15.750,2,"",M,1013.160,2,"",M,364.938,2,"",M,NaN,,,0,NaN,,,M,352.858,2,"",351.596,2,"",NaN,,,NaN,,,NaN,,
2023-08-11T21:17:54.000Z,5.743,2,"",M,56.991,2,"",M,6.000,2,"",N,15.393,2,"",M,32.561,2,"",M,15.760,2,"",M,1013.120,2,"",M,365.289,2,"",M,NaN,,,0,NaN,,,M,353.377,2,"",352.113,2,"",NaN,,,NaN,,,NaN,,
2023-08-11T21:19:46.000Z,5.744,2,"",M,56.987,2,"",M,6.000,2,"",N,15.416,2,"",M,32.585,2,"",M,15.780,2,"",M,1013.100,2,"",M,365.850,2,"",M,NaN,,,0,NaN,,,M,353.946,2,"",352.680,2,"",NaN,,,NaN,,,NaN,,
2023-08-11T21:21:38.000Z,5.744,2,"",M,56.983,2,"",M,6.000,2,"",N,15.426,2,"",M,32.611,2,"",M,15.810,2,"",M,1013.160,2,"",M,366.261,2,"",M,NaN,,,0,NaN,,,M,354.061,2,"",352.795,2,"",NaN,,,NaN,,,NaN,,
2023-08-11T21:23:30.000Z,5.745,2,"",M,56.978,2,"",M,6.000,2,"",N,15.436,2,"",M,32.644,2,"",M,15.820,2,"",M,1013.100,2,"",M,366.313,2,"",M,NaN,,,0,NaN,,,M,354.086,2,"",352.821,2,"",NaN,,,NaN,,,NaN,,
2023-08-11T21:25:21.000Z,5.746,2,"",M,56.974,2,"",M,6.000,2,"",N,15.440,2,"",M,32.684,2,"",M,15.830,2,"",M,1013.200,2,"",M,366.834,2,"",M,NaN,,,0,NaN,,,M,354.530,2,"",353.263,2,"",NaN,,,NaN,,,NaN,,
2023-08-11T21:27:13.000Z,5.746,2,"",M,56.970,2,"",M,6.000,2,"",N,15.427,2,"",M,32.762,2,"",M,15.830,2,"",M,1013.160,2,"",M,367.895,2,"",M,NaN,,,0,NaN,,,M,355.346,2,"",354.075,2,"",NaN,,,NaN,,,NaN,,
2023-08-11T21:29:05.000Z,5.747,2,"",M,56.966,2,"",M,6.000,2,"",N,15.397,2,"",M,32.833,2,"",M,15.820,2,"",M,1013.190,2,"",M,368.497,2,"",M,NaN,,,0,NaN,,,M,355.637,2,"",354.365,2,"",NaN,,,NaN,,,NaN,,
2023-08-11T21:30:57.000Z,5.748,2,"",M,56.962,2,"",M,6.000,2,"",N,15.372,2,"",M,32.891,2,"",M,15.800,2,"",M,1013.160,2,"",M,369.538,2,"",M,NaN,,,0,NaN,,,M,356.565,2,"",355.290,2,"",NaN,,,NaN,,,NaN,,
2023-08-11T21:32:48.000Z,5.748,2,"",M,56.958,2,"",M,6.000,2,"",N,15.358,2,"",M,32.940,2,"",M,15.770,2,"",M,1013.200,2,"",M,370.560,2,"",M,NaN,,,0,NaN,,,M,357.828,2,"",356.548,2,"",NaN,,,NaN,,,NaN,,
2023-08-11T21:34:40.000Z,5.749,2,"",M,56.953,2,"",M,6.000,2,"",N,15.353,2,"",M,32.985,2,"",M,15.760,2,"",M,1013.210,2,"",M,370.451,2,"",M,NaN,,,0,NaN,,,M,357.804,2,"",356.524,2,"",NaN,,,NaN,,,NaN,,
2023-08-11T21:36:32.000Z,5.750,2,"",M,56.949,2,"",M,6.000,2,"",N,15.352,2,"",M,33.002,2,"",M,15.750,2,"",M,1013.310,2,"",M,370.852,2,"",M,NaN,,,0,NaN,,,M,358.363,2,"",357.081,2,"",NaN,,,NaN,,,NaN,,
2023-08-11T21:38:24.000Z,5.750,2,"",M,56.945,2,"",M,6.000,2,"",N,15.345,2,"",M,33.024,2,"",M,15.750,2,"",M,1013.160,2,"",M,371.303,2,"",M,NaN,,,0,NaN,,,M,358.641,2,"",357.357,2,"",NaN,,,NaN,,,NaN,,
2023-08-11T21:40:17.000Z,5.751,2,"",M,56.941,2,"",M,6.000,2,"",N,15.332,2,"",M,33.034,2,"",M,15.740,2,"",M,1013.180,2,"",M,371.544,2,"",M,NaN,,,0,NaN,,,M,358.842,2,"",357.558,2,"",NaN,,,NaN,,,NaN,,
2023-08-11T21:42:09.000Z,5.752,2,"",M,56.936,2,"",M,6.000,2,"",N,15.326,2,"",M,33.040,2,"",M,15.730,2,"",M,1013.200,2,"",M,371.676,2,"",M,NaN,,,0,NaN,,,M,359.036,2,"",357.751,2,"",NaN,,,NaN,,,NaN,,
2023-08-11T21:44:00.000Z,5.752,2,"",M,56.932,2,"",M,6.000,2,"",N,15.304,2,"",M,33.051,2,"",M,15.720,2,"",M,1013.180,2,"",M,371.747,2,"",M,NaN,,,0,NaN,,,M,358.915,2,"",357.630,2,"",NaN,,,NaN,,,NaN,,
2023-08-11T21:45:52.000Z,5.753,2,"",M,56.928,2,"",M,6.000,2,"",N,15.274,2,"",M,33.056,2,"",M,15.700,2,"",M,1013.250,2,"",M,371.518,2,"",M,NaN,,,0,NaN,,,M,358.586,2,"",357.302,2,"",NaN,,,NaN,,,NaN,,
2023-08-11T21:47:44.000Z,5.754,2,"",M,56.924,2,"",M,6.000,2,"",N,15.264,2,"",M,33.065,2,"",M,15.680,2,"",M,1013.240,2,"",M,371.239,2,"",M,NaN,,,0,NaN,,,M,358.463,2,"",357.179,2,"",NaN,,,NaN,,,NaN,,
2023-08-11T21:49:36.000Z,5.755,2,"",M,56.919,2,"",M,6.000,2,"",N,15.253,2,"",M,33.070,2,"",M,15.660,2,"",M,1013.240,2,"",M,371.010,2,"",M,NaN,,,0,NaN,,,M,358.392,2,"",357.108,2,"",NaN,,,NaN,,,NaN,,
2023-08-11T21:51:27.000Z,5.755,2,"",M,56.915,2,"",M,6.000,2,"",N,15.254,2,"",M,33.077,2,"",M,15.650,2,"",M,1013.260,2,"",M,370.661,2,"",M,NaN,,,0,NaN,,,M,358.239,2,"",356.955,2,"",NaN,,,NaN,,,NaN,,
2023-08-11T21:53:19.000Z,5.756,2,"",M,56.911,2,"",M,6.000,2,"",N,15.249,2,"",M,33.085,2,"",M,15.650,2,"",M,1013.270,2,"",M,370.642,2,"",M,NaN,,,0,NaN,,,M,358.139,2,"",356.856,2,"",NaN,,,NaN,,,NaN,,
2023-08-11T21:55:11.000Z,5.756,2,"",M,56.907,2,"",M,6.000,2,"",N,15.243,2,"",M,33.094,2,"",M,15.650,2,"",M,1013.230,2,"",M,370.343,2,"",M,NaN,,,0,NaN,,,M,357.753,2,"",356.471,2,"",NaN,,,NaN,,,NaN,,
2023-08-11T21:57:03.000Z,5.753,2,"",M,56.904,2,"",M,6.000,2,"",N,15.237,2,"",M,33.110,2,"",M,15.640,2,"",M,1013.320,2,"",M,370.224,2,"",M,NaN,,,0,NaN,,,M,357.731,2,"",356.449,2,"",NaN,,,NaN,,,NaN,,
2023-08-11T21:58:55.000Z,5.747,2,"",M,56.905,2,"",M,6.000,2,"",N,15.230,2,"",M,33.117,2,"",M,15.640,2,"",M,1013.280,2,"",M,370.325,2,"",M,NaN,,,0,NaN,,,M,357.702,2,"",356.420,2,"",NaN,,,NaN,,,NaN,,
2023-08-11T22:00:46.000Z,5.742,2,"",M,56.906,2,"",M,6.000,2,"",N,15.216,2,"",M,33.138,2,"",M,15.630,2,"",M,1013.230,2,"",M,370.446,2,"",M,NaN,,,0,NaN,,,M,357.751,2,"",356.469,2,"",NaN,,,NaN,,,NaN,,
2023-08-11T22:02:38.000Z,5.736,2,"",M,56.907,2,"",M,6.000,2,"",N,15.206,2,"",M,33.155,2,"",M,15.620,2,"",M,1013.240,2,"",M,370.377,2,"",M,NaN,,,0,NaN,,,M,357.683,2,"",356.401,2,"",NaN,,,NaN,,,NaN,,
2023-08-11T22:04:30.000Z,5.731,2,"",M,56.907,2,"",M,6.000,2,"",N,15.194,2,"",M,33.166,2,"",M,15.610,2,"",M,1013.350,2,"",M,370.519,2,"",M,NaN,,,0,NaN,,,M,357.837,2,"",356.554,2,"",NaN,,,NaN,,,NaN,,
2023-08-11T22:06:22.000Z,5.726,2,"",M,56.908,2,"",M,6.000,2,"",N,15.183,2,"",M,33.179,2,"",M,15.600,2,"",M,1013.470,2,"",M,370.540,2,"",M,NaN,,,0,NaN,,,M,357.898,2,"",356.614,2,"",NaN,,,NaN,,,NaN,,
2023-08-11T22:08:13.000Z,5.720,2,"",M,56.909,2,"",M,6.000,2,"",N,15.171,2,"",M,33.195,2,"",M,15.580,2,"",M,1013.350,2,"",M,370.211,2,"",M,NaN,,,0,NaN,,,M,357.660,2,"",356.377,2,"",NaN,,,NaN,,,NaN,,
2023-08-11T22:10:05.000Z,5.715,2,"",M,56.910,2,"",M,6.000,2,"",N,15.161,2,"",M,33.208,2,"",M,15.570,2,"",M,1013.270,2,"",M,370.212,2,"",M,NaN,,,0,NaN,,,M,357.640,2,"",356.358,2,"",NaN,,,NaN,,,NaN,,
2023-08-11T22:11:57.000Z,5.710,2,"",M,56.911,2,"",M,6.000,2,"",N,15.153,2,"",M,33.225,2,"",M,15.560,2,"",M,1013.230,2,"",M,370.113,2,"",M,NaN,,,0,NaN,,,M,357.567,2,"",356.285,2,"",NaN,,,NaN,,,NaN,,
2023-08-11T22:14:10.000Z,5.703,2,"",M,56.912,2,"",M,6.000,2,"",N,15.146,2,"",M,33.240,2,"",M,15.550,2,"",M,1013.540,2,"",M,370.044,2,"",M,NaN,,,0,NaN,,,M,357.658,2,"",356.375,2,"",NaN,,,NaN,,,NaN,,
2023-08-11T22:16:02.000Z,5.698,2,"",M,56.913,2,"",M,6.000,2,"",N,15.144,2,"",M,33.252,2,"",M,15.550,2,"",M,1013.530,2,"",M,370.205,2,"",M,NaN,,,0,NaN,,,M,357.781,2,"",356.498,2,"",NaN,,,NaN,,,NaN,,
2023-08-11T22:17:53.000Z,5.693,2,"",M,56.913,2,"",M,6.000,2,"",N,15.144,2,"",M,33.267,2,"",M,15.550,2,"",M,1013.570,2,"",M,369.896,2,"",M,NaN,,,0,NaN,,,M,357.498,2,"",356.215,2,"",NaN,,,NaN,,,NaN,,
2023-08-11T22:19:45.000Z,5.688,2,"",M,56.914,2,"",M,6.000,2,"",N,15.142,2,"",M,33.279,2,"",M,15.540,2,"",M,1013.580,2,"",M,370.037,2,"",M,NaN,,,0,NaN,,,M,357.755,2,"",356.471,2,"",NaN,,,NaN,,,NaN,,
2023-08-11T22:21:37.000Z,5.682,2,"",M,56.915,2,"",M,6.000,2,"",N,15.133,2,"",M,33.291,2,"",M,15.540,2,"",M,1013.570,2,"",M,370.169,2,"",M,NaN,,,0,NaN,,,M,357.746,2,"",356.462,2,"",NaN,,,NaN,,,NaN,,
2023-08-11T22:23:29.000Z,5.677,2,"",M,56.916,2,"",M,6.000,2,"",N,15.124,2,"",M,33.302,2,"",M,15.530,2,"",M,1013.520,2,"",M,370.260,2,"",M,NaN,,,0,NaN,,,M,357.842,2,"",356.558,2,"",NaN,,,NaN,,,NaN,,
2023-08-11T22:25:20.000Z,5.672,2,"",M,56.917,2,"",M,6.000,2,"",N,15.117,2,"",M,33.319,2,"",M,15.530,2,"",M,1013.450,2,"",M,370.121,2,"",M,NaN,,,0,NaN,,,M,357.577,2,"",356.294,2,"",NaN,,,NaN,,,NaN,,
2023-08-11T22:27:12.000Z,5.667,2,"",M,56.917,2,"",M,6.000,2,"",N,15.115,2,"",M,33.335,2,"",M,15.520,2,"",M,1013.410,2,"",M,370.492,2,"",M,NaN,,,0,NaN,,,M,358.033,2,"",356.747,2,"",NaN,,,NaN,,,NaN,,
2023-08-11T22:29:04.000Z,5.661,2,"",M,56.916,2,"",M,6.000,2,"",N,15.117,2,"",M,33.353,2,"",M,15.520,2,"",M,1013.450,2,"",M,370.503,2,"",M,NaN,,,0,NaN,,,M,358.088,2,"",356.803,2,"",NaN,,,NaN,,,NaN,,
2023-08-11T22:30:56.000Z,5.656,2,"",M,56.916,2,"",M,6.000,2,"",N,15.119,2,"",M,33.368,2,"",M,15.520,2,"",M,1013.390,2,"",M,370.474,2,"",M,NaN,,,0,NaN,,,M,358.082,2,"",356.797,2,"",NaN,,,NaN,,,NaN,,
2023-08-11T22:32:47.000Z,5.651,2,"",M,56.915,2,"",M,6.000,2,"",N,15.118,2,"",M,33.383,2,"",M,15.520,2,"",M,1013.330,2,"",M,370.705,2,"",M,NaN,,,0,NaN,,,M,358.268,2,"",356.982,2,"",NaN,,,NaN,,,NaN,,
2023-08-11T22:34:39.000Z,5.646,2,"",M,56.914,2,"",M,6.000,2,"",N,15.111,2,"",M,33.398,2,"",M,15.520,2,"",M,1013.330,2,"",M,371.047,2,"",M,NaN,,,0,NaN,,,M,358.480,2,"",357.193,2,"",NaN,,,NaN,,,NaN,,
2023-08-11T22:36:31.000Z,5.641,2,"",M,56.913,2,"",M,6.000,2,"",N,15.088,2,"",M,33.415,2,"",M,15.510,2,"",M,1013.430,2,"",M,371.448,2,"",M,NaN,,,0,NaN,,,M,358.718,2,"",357.431,2,"",NaN,,,NaN,,,NaN,,
2023-08-11T22:38:23.000Z,5.636,2,"",M,56.912,2,"",M,6.000,2,"",N,15.078,2,"",M,33.432,2,"",M,15.490,2,"",M,1013.450,2,"",M,371.229,2,"",M,NaN,,,0,NaN,,,M,358.674,2,"",357.386,2,"",NaN,,,NaN,,,NaN,,
2023-08-11T22:40:14.000Z,5.631,2,"",M,56.913,2,"",M,6.000,2,"",N,15.077,2,"",M,33.456,2,"",M,15.480,2,"",M,1013.390,2,"",M,371.390,2,"",M,NaN,,,0,NaN,,,M,358.952,2,"",357.663,2,"",NaN,,,NaN,,,NaN,,
2023-08-11T22:42:06.000Z,5.626,2,"",M,56.914,2,"",M,6.000,2,"",N,15.089,2,"",M,33.475,2,"",M,15.480,2,"",M,1013.470,2,"",M,371.351,2,"",M,NaN,,,0,NaN,,,M,359.121,2,"",357.831,2,"",NaN,,,NaN,,,NaN,,
2023-08-11T22:43:58.000Z,5.620,2,"",M,56.915,2,"",M,6.000,2,"",N,15.106,2,"",M,33.500,2,"",M,15.490,2,"",M,1013.420,2,"",M,371.422,2,"",M,NaN,,,0,NaN,,,M,359.267,2,"",357.977,2,"",NaN,,,NaN,,,NaN,,
2023-08-11T22:45:50.000Z,5.615,2,"",M,56.916,2,"",M,6.000,2,"",N,15.120,2,"",M,33.521,2,"",M,15.500,2,"",M,1013.350,2,"",M,371.724,2,"",M,NaN,,,0,NaN,,,M,359.593,2,"",358.302,2,"",NaN,,,NaN,,,NaN,,
2023-08-11T22:47:41.000Z,5.611,2,"",M,56.917,2,"",M,6.000,2,"",N,15.133,2,"",M,33.540,2,"",M,15.520,2,"",M,1013.400,2,"",M,372.485,2,"",M,NaN,,,0,NaN,,,M,360.242,2,"",358.949,2,"",NaN,,,NaN,,,NaN,,
2023-08-11T22:49:33.000Z,5.606,2,"",M,56.919,2,"",M,6.000,2,"",N,15.146,2,"",M,33.555,2,"",M,15.530,2,"",M,1013.425,2,"",M,372.806,2,"",M,NaN,,,0,NaN,,,M,360.598,2,"",359.304,2,"",NaN,,,NaN,,,NaN,,
2023-08-11T22:51:25.000Z,5.601,2,"",M,56.921,2,"",M,6.000,2,"",N,15.155,2,"",M,33.572,2,"",M,15.540,2,"",M,1013.430,2,"",M,373.297,2,"",M,NaN,,,0,NaN,,,M,361.057,2,"",359.761,2,"",NaN,,,NaN,,,NaN,,
2023-08-11T22:53:17.000Z,5.597,2,"",M,56.922,2,"",M,6.000,2,"",N,15.165,2,"",M,33.586,2,"",M,15.550,2,"",M,1013.420,2,"",M,373.679,2,"",M,NaN,,,0,NaN,,,M,361.409,2,"",360.112,2,"",NaN,,,NaN,,,NaN,,
2023-08-11T22:55:08.000Z,5.592,2,"",M,56.924,2,"",M,6.000,2,"",N,15.170,2,"",M,33.597,2,"",M,15.560,2,"",M,1013.380,2,"",M,374.320,2,"",M,NaN,,,0,NaN,,,M,361.934,2,"",360.636,2,"",NaN,,,NaN,,,NaN,,
2023-08-11T22:57:00.000Z,5.588,2,"",M,56.925,2,"",M,6.000,2,"",N,15.174,2,"",M,33.608,2,"",M,15.560,2,"",M,1013.400,2,"",M,374.281,2,"",M,NaN,,,0,NaN,,,M,361.966,2,"",360.668,2,"",NaN,,,NaN,,,NaN,,
2023-08-11T22:58:52.000Z,5.583,2,"",M,56.927,2,"",M,6.000,2,"",N,15.180,2,"",M,33.622,2,"",M,15.570,2,"",M,1013.290,2,"",M,374.912,2,"",M,NaN,,,0,NaN,,,M,362.475,2,"",361.174,2,"",NaN,,,NaN,,,NaN,,
2023-08-11T23:00:44.000Z,5.579,2,"",M,56.929,2,"",M,6.000,2,"",N,15.185,2,"",M,33.632,2,"",M,15.570,2,"",M,1013.240,2,"",M,375.173,2,"",M,NaN,,,0,NaN,,,M,362.787,2,"",361.486,2,"",NaN,,,NaN,,,NaN,,
2023-08-11T23:02:36.000Z,5.574,2,"",M,56.931,2,"",M,6.000,2,"",N,15.191,2,"",M,33.644,2,"",M,15.580,2,"",M,1013.370,2,"",M,375.134,2,"",M,NaN,,,0,NaN,,,M,362.730,2,"",361.429,2,"",NaN,,,NaN,,,NaN,,
2023-08-11T23:04:27.000Z,5.570,2,"",M,56.933,2,"",M,6.000,2,"",N,15.192,2,"",M,33.655,2,"",M,15.590,2,"",M,1013.290,2,"",M,375.556,2,"",M,NaN,,,0,NaN,,,M,362.964,2,"",361.662,2,"",NaN,,,NaN,,,NaN,,
2023-08-11T23:06:19.000Z,5.565,2,"",M,56.934,2,"",M,6.000,2,"",N,15.180,2,"",M,33.665,2,"",M,15.590,2,"",M,1013.300,2,"",M,375.887,2,"",M,NaN,,,0,NaN,,,M,363.113,2,"",361.811,2,"",NaN,,,NaN,,,NaN,,
2023-08-11T23:10:48.000Z,5.554,2,"",M,56.939,2,"",M,6.000,2,"",N,NaN,,,M,NaN,,,M,NaN,,,M,NaN,,,M,NaN,,,0,NaN,,,0,NaN,,,M,NaN,,,NaN,,,NaN,,,NaN,,,NaN,,
2023-08-11T23:12:38.000Z,5.549,2,"",M,56.940,2,"",M,6.000,2,"",N,NaN,,,M,NaN,,,M,NaN,,,M,NaN,,,M,NaN,,,0,NaN,,,0,NaN,,,M,NaN,,,NaN,,,NaN,,,NaN,,,NaN,,
2023-08-11T23:14:49.000Z,5.544,2,"",M,56.943,2,"",M,6.000,2,"",N,NaN,,,M,NaN,,,M,NaN,,,M,NaN,,,M,NaN,,,0,NaN,,,0,NaN,,,M,NaN,,,NaN,,,NaN,,,NaN,,,NaN,,
2023-08-11T23:19:18.000Z,5.533,2,"",M,56.947,2,"",M,6.000,2,"",N,NaN,,,M,NaN,,,M,NaN,,,M,NaN,,,M,NaN,,,0,NaN,,,0,NaN,,,M,NaN,,,NaN,,,NaN,,,NaN,,,NaN,,
2023-08-11T23:21:08.000Z,5.528,2,"",M,56.949,2,"",M,6.000,2,"",N,NaN,,,M,NaN,,,M,NaN,,,M,NaN,,,M,NaN,,,0,NaN,,,0,NaN,,,M,NaN,,,NaN,,,NaN,,,NaN,,,NaN,,
2023-08-11T23:22:58.000Z,5.524,2,"",M,56.950,2,"",M,6.000,2,"",N,NaN,,,M,NaN,,,M,NaN,,,M,NaN,,,M,NaN,,,0,NaN,,,0,NaN,,,M,NaN,,,NaN,,,NaN,,,NaN,,,NaN,,
2023-08-11T23:27:27.000Z,5.513,2,"",M,56.955,2,"",M,6.000,2,"",N,NaN,,,M,NaN,,,M,NaN,,,M,NaN,,,M,NaN,,,0,NaN,,,0,NaN,,,M,NaN,,,NaN,,,NaN,,,NaN,,,NaN,,
2023-08-11T23:29:17.000Z,5.509,2,"",M,56.956,2,"",M,6.000,2,"",N,NaN,,,M,NaN,,,M,NaN,,,M,NaN,,,M,NaN,,,0,NaN,,,0,NaN,,,M,NaN,,,NaN,,,NaN,,,NaN,,,NaN,,
2023-08-11T23:31:07.000Z,5.504,2,"",M,56.958,2,"",M,6.000,2,"",N,NaN,,,M,NaN,,,M,NaN,,,M,NaN,,,M,NaN,,,0,NaN,,,0,NaN,,,M,NaN,,,NaN,,,NaN,,,NaN,,,NaN,,
2023-08-11T23:35:36.000Z,5.498,2,"",M,56.960,2,"",M,6.000,2,"",N,15.283,2,"",M,33.230,2,"",M,NaN,,,M,NaN,,,M,NaN,,,0,419.473,2,"",M,1012.800,2,"",M,NaN,,,NaN,,,419.473,2,"",413.226,2,"",411.735,2,""
2023-08-11T23:37:26.000Z,5.503,2,"",M,56.962,2,"",M,6.000,2,"",N,15.283,2,"",M,33.219,2,"",M,NaN,,,M,NaN,,,M,NaN,,,0,419.701,2,"",M,1012.800,2,"",M,NaN,,,NaN,,,419.701,2,"",413.450,2,"",411.959,2,""
2023-08-11T23:39:16.000Z,5.509,2,"",M,56.961,2,"",M,6.000,2,"",N,15.282,2,"",M,33.187,2,"",M,NaN,,,M,NaN,,,M,NaN,,,0,419.809,2,"",M,1012.800,2,"",M,NaN,,,NaN,,,419.809,2,"",413.557,2,"",412.066,2,""
2023-08-11T23:41:05.000Z,5.509,2,"",M,56.959,2,"",M,6.000,2,"",N,15.278,2,"",M,33.147,2,"",M,NaN,,,M,NaN,,,M,NaN,,,0,419.707,2,"",M,1012.600,2,"",M,NaN,,,NaN,,,419.707,2,"",413.376,2,"",411.885,2,""
2023-08-11T23:42:54.000Z,5.509,2,"",M,56.958,2,"",M,6.000,2,"",N,15.274,2,"",M,33.120,2,"",M,NaN,,,M,NaN,,,M,NaN,,,0,420.536,2,"",M,1012.600,2,"",M,NaN,,,NaN,,,420.536,2,"",414.193,2,"",412.700,2,""
2023-08-11T23:48:04.000Z,5.509,2,"",M,56.956,2,"",M,6.000,2,"",N,15.271,2,"",M,33.102,2,"",M,15.670,2,"",M,1013.130,2,"",M,371.070,2,"",M,NaN,,,0,NaN,,,M,358.521,2,"",357.236,2,"",NaN,,,NaN,,,NaN,,
2023-08-11T23:49:55.000Z,5.509,2,"",M,56.956,2,"",M,6.000,2,"",N,15.272,2,"",M,33.101,2,"",M,15.670,2,"",M,1013.070,2,"",M,370.698,2,"",M,NaN,,,0,NaN,,,M,358.155,2,"",356.872,2,"",NaN,,,NaN,,,NaN,,
2023-08-11T23:51:47.000Z,5.509,2,"",M,56.956,2,"",M,6.000,2,"",N,15.278,2,"",M,33.098,2,"",M,15.670,2,"",M,1013.010,2,"",M,370.657,2,"",M,NaN,,,0,NaN,,,M,358.196,2,"",356.913,2,"",NaN,,,NaN,,,NaN,,
2023-08-11T23:53:40.000Z,5.509,2,"",M,56.956,2,"",M,6.000,2,"",N,15.282,2,"",M,33.094,2,"",M,15.670,2,"",M,1013.100,2,"",M,370.685,2,"",M,NaN,,,0,NaN,,,M,358.318,2,"",357.034,2,"",NaN,,,NaN,,,NaN,,
2023-08-11T23:55:32.000Z,5.509,2,"",M,56.956,2,"",M,6.000,2,"",N,15.291,2,"",M,33.094,2,"",M,15.680,2,"",M,1013.080,2,"",M,370.703,2,"",M,NaN,,,0,NaN,,,M,358.301,2,"",357.018,2,"",NaN,,,NaN,,,NaN,,
2023-08-11T23:57:23.000Z,5.509,2,"",M,56.956,2,"",M,6.000,2,"",N,15.298,2,"",M,33.092,2,"",M,15.680,2,"",M,1012.940,2,"",M,370.532,2,"",M,NaN,,,0,NaN,,,M,358.186,2,"",356.904,2,"",NaN,,,NaN,,,NaN,,
2023-08-11T23:59:15.000Z,5.508,2,"",M,56.956,2,"",M,6.000,2,"",N,15.293,2,"",M,33.092,2,"",M,15.690,2,"",M,1012.980,2,"",M,370.640,2,"",M,NaN,,,0,NaN,,,M,358.083,2,"",356.801,2,"",NaN,,,NaN,,,NaN,,
2023-08-12T00:01:08.000Z,5.505,2,"",M,56.956,2,"",M,6.000,2,"",N,15.292,2,"",M,33.094,2,"",M,15.690,2,"",M,1012.950,2,"",M,370.738,2,"",M,NaN,,,0,NaN,,,M,358.152,2,"",356.870,2,"",NaN,,,NaN,,,NaN,,
2023-08-12T00:03:00.000Z,5.498,2,"",M,56.956,2,"",M,6.000,2,"",N,15.290,2,"",M,33.097,2,"",M,15.690,2,"",M,1013.000,2,"",M,370.506,2,"",M,NaN,,,0,NaN,,,M,357.912,2,"",356.631,2,"",NaN,,,NaN,,,NaN,,
2023-08-12T00:04:52.000Z,5.491,2,"",M,56.956,2,"",M,6.000,2,"",N,15.290,2,"",I,33.114,2,"",I,15.690,2,"",M,1012.910,2,"",M,370.755,2,"",M,NaN,,,0,NaN,,,M,358.119,2,"",356.837,2,"",NaN,,,NaN,,,NaN,,
2023-08-12T00:06:44.000Z,5.484,2,"",M,56.956,2,"",M,6.000,2,"",N,15.290,2,"",M,33.130,2,"",M,15.680,2,"",M,1012.960,2,"",M,370.783,2,"",M,NaN,,,0,NaN,,,M,358.320,2,"",357.037,2,"",NaN,,,NaN,,,NaN,,
2023-08-12T00:08:36.000Z,5.476,2,"",M,56.957,2,"",M,6.000,2,"",N,15.301,2,"",M,33.185,2,"",M,15.680,2,"",M,1012.980,2,"",M,370.641,2,"",M,NaN,,,0,NaN,,,M,358.362,2,"",357.079,2,"",NaN,,,NaN,,,NaN,,
2023-08-12T00:10:27.000Z,5.469,2,"",M,56.957,2,"",M,6.000,2,"",N,15.305,2,"",M,33.257,2,"",M,15.690,2,"",M,1013.050,2,"",M,371.400,2,"",M,NaN,,,0,NaN,,,M,359.015,2,"",357.730,2,"",NaN,,,NaN,,,NaN,,
2023-08-12T00:12:19.000Z,5.461,2,"",M,56.957,2,"",M,6.000,2,"",N,15.297,2,"",M,33.312,2,"",M,15.700,2,"",M,1013.090,2,"",M,372.148,2,"",M,NaN,,,0,NaN,,,M,359.488,2,"",358.201,2,"",NaN,,,NaN,,,NaN,,
2023-08-12T00:14:32.000Z,5.452,2,"",M,56.958,2,"",M,6.000,2,"",N,15.280,2,"",M,33.374,2,"",M,15.690,2,"",M,1013.222,2,"",M,373.597,2,"",M,NaN,,,0,NaN,,,M,360.821,2,"",359.529,2,"",NaN,,,NaN,,,NaN,,
2023-08-12T00:16:24.000Z,5.444,2,"",M,56.958,2,"",M,6.000,2,"",N,15.267,2,"",M,33.426,2,"",M,15.680,2,"",M,1013.210,2,"",M,374.205,2,"",M,NaN,,,0,NaN,,,M,361.366,2,"",360.071,2,"",NaN,,,NaN,,,NaN,,
2023-08-12T00:18:15.000Z,5.437,2,"",M,56.958,2,"",M,6.000,2,"",N,15.244,2,"",M,33.466,2,"",M,15.660,2,"",M,1013.050,2,"",M,374.943,2,"",M,NaN,,,0,NaN,,,M,361.979,2,"",360.683,2,"",NaN,,,NaN,,,NaN,,
2023-08-12T00:20:07.000Z,5.429,2,"",M,56.959,2,"",M,6.000,2,"",N,15.199,2,"",M,33.500,2,"",M,15.650,2,"",M,1013.135,2,"",M,375.332,2,"",M,NaN,,,0,NaN,,,M,361.855,2,"",360.559,2,"",NaN,,,NaN,,,NaN,,
2023-08-12T00:21:59.000Z,5.421,2,"",M,56.959,2,"",M,6.000,2,"",N,15.161,2,"",M,33.549,2,"",M,15.610,2,"",M,1013.150,2,"",M,375.430,2,"",M,NaN,,,0,NaN,,,M,362.003,2,"",360.705,2,"",NaN,,,NaN,,,NaN,,
2023-08-12T00:23:51.000Z,5.414,2,"",M,56.959,2,"",M,6.000,2,"",N,15.111,2,"",M,33.597,2,"",M,15.570,2,"",M,1013.100,2,"",M,375.078,2,"",M,NaN,,,0,NaN,,,M,361.513,2,"",360.217,2,"",NaN,,,NaN,,,NaN,,
2023-08-12T00:25:43.000Z,5.406,2,"",M,56.959,2,"",M,6.000,2,"",N,15.100,2,"",M,33.624,2,"",M,15.520,2,"",M,1013.170,2,"",M,374.827,2,"",M,NaN,,,0,NaN,,,M,361.912,2,"",360.613,2,"",NaN,,,NaN,,,NaN,,
2023-08-12T00:27:34.000Z,5.399,2,"",M,56.959,2,"",M,6.000,2,"",N,15.107,2,"",M,33.632,2,"",M,15.500,2,"",M,1012.980,2,"",M,374.555,2,"",M,NaN,,,0,NaN,,,M,362.000,2,"",360.701,2,"",NaN,,,NaN,,,NaN,,
2023-08-12T00:29:26.000Z,5.391,2,"",M,56.959,2,"",M,6.000,2,"",N,15.132,2,"",M,33.627,2,"",M,15.510,2,"",M,1012.950,2,"",M,374.483,2,"",M,NaN,,,0,NaN,,,M,362.144,2,"",360.845,2,"",NaN,,,NaN,,,NaN,,
2023-08-12T00:31:18.000Z,5.383,2,"",M,56.959,2,"",M,6.000,2,"",N,15.164,2,"",M,33.578,2,"",M,15.530,2,"",M,1013.050,2,"",M,374.622,2,"",M,NaN,,,0,NaN,,,M,362.492,2,"",361.191,2,"",NaN,,,NaN,,,NaN,,
2023-08-12T00:33:09.000Z,5.375,2,"",M,56.959,2,"",M,6.000,2,"",N,15.204,2,"",M,33.488,2,"",M,15.560,2,"",M,1013.010,2,"",M,374.430,2,"",M,NaN,,,0,NaN,,,M,362.433,2,"",361.133,2,"",NaN,,,NaN,,,NaN,,
2023-08-12T00:35:01.000Z,5.367,2,"",M,56.959,2,"",M,6.000,2,"",N,15.226,2,"",M,33.402,2,"",M,15.590,2,"",M,1012.940,2,"",M,374.678,2,"",M,NaN,,,0,NaN,,,M,362.507,2,"",361.207,2,"",NaN,,,NaN,,,NaN,,
2023-08-12T00:36:53.000Z,5.360,2,"",M,56.959,2,"",M,6.000,2,"",N,15.240,2,"",M,33.332,2,"",M,15.620,2,"",M,1012.870,2,"",M,374.116,2,"",M,NaN,,,0,NaN,,,M,361.689,2,"",360.393,2,"",NaN,,,NaN,,,NaN,,
2023-08-12T00:38:45.000Z,5.352,2,"",M,56.959,2,"",M,6.000,2,"",N,15.247,2,"",M,33.250,2,"",M,15.630,2,"",M,1012.900,2,"",M,374.245,2,"",M,NaN,,,0,NaN,,,M,361.773,2,"",360.477,2,"",NaN,,,NaN,,,NaN,,
2023-08-12T00:40:36.000Z,5.344,2,"",M,56.959,2,"",M,6.000,2,"",N,15.266,2,"",M,33.182,2,"",M,15.640,2,"",M,1012.800,2,"",M,373.023,2,"",M,NaN,,,0,NaN,,,M,360.681,2,"",359.389,2,"",NaN,,,NaN,,,NaN,,
2023-08-12T00:42:29.000Z,5.336,2,"",M,56.959,2,"",M,6.000,2,"",N,15.291,2,"",M,33.122,2,"",M,15.650,2,"",M,1012.870,2,"",M,372.561,2,"",M,NaN,,,0,NaN,,,M,360.497,2,"",359.206,2,"",NaN,,,NaN,,,NaN,,
2023-08-12T00:44:21.000Z,5.328,2,"",M,56.959,2,"",M,6.000,2,"",N,15.310,2,"",M,33.074,2,"",M,15.680,2,"",M,1012.850,2,"",M,371.759,2,"",M,NaN,,,0,NaN,,,M,359.531,2,"",358.244,2,"",NaN,,,NaN,,,NaN,,
2023-08-12T00:46:13.000Z,5.320,2,"",M,56.959,2,"",M,6.000,2,"",N,15.314,2,"",M,33.029,2,"",M,15.700,2,"",M,1012.840,2,"",M,371.428,2,"",M,NaN,,,0,NaN,,,M,358.951,2,"",357.667,2,"",NaN,,,NaN,,,NaN,,
2023-08-12T00:48:05.000Z,5.312,2,"",M,56.959,2,"",M,6.000,2,"",N,15.310,2,"",M,32.971,2,"",M,15.710,2,"",M,1012.810,2,"",M,370.966,2,"",M,NaN,,,0,NaN,,,M,358.283,2,"",357.000,2,"",NaN,,,NaN,,,NaN,,
2023-08-12T00:49:57.000Z,5.304,2,"",M,56.959,2,"",M,6.000,2,"",N,15.310,2,"",M,32.950,2,"",M,15.700,2,"",M,1012.820,2,"",M,370.644,2,"",M,NaN,,,0,NaN,,,M,358.121,2,"",356.839,2,"",NaN,,,NaN,,,NaN,,
2023-08-12T00:51:49.000Z,5.297,2,"",M,56.959,2,"",M,6.000,2,"",N,15.315,2,"",M,32.930,2,"",M,15.700,2,"",M,1012.770,2,"",M,370.483,2,"",M,NaN,,,0,NaN,,,M,358.029,2,"",356.747,2,"",NaN,,,NaN,,,NaN,,
2023-08-12T00:53:40.000Z,5.289,2,"",M,56.959,2,"",M,6.000,2,"",N,15.311,2,"",M,32.924,2,"",M,15.710,2,"",M,1012.790,2,"",M,369.891,2,"",M,NaN,,,0,NaN,,,M,357.246,2,"",355.968,2,"",NaN,,,NaN,,,NaN,,
2023-08-12T00:55:32.000Z,5.281,2,"",M,56.959,2,"",M,6.000,2,"",N,15.315,2,"",M,32.935,2,"",M,15.700,2,"",M,1012.780,2,"",M,370.039,2,"",M,NaN,,,0,NaN,,,M,357.598,2,"",356.318,2,"",NaN,,,NaN,,,NaN,,
2023-08-12T00:57:24.000Z,5.274,2,"",M,56.959,2,"",M,6.000,2,"",N,15.334,2,"",M,32.962,2,"",M,15.710,2,"",M,1012.880,2,"",M,369.958,2,"",M,NaN,,,0,NaN,,,M,357.688,2,"",356.407,2,"",NaN,,,NaN,,,NaN,,
2023-08-12T00:59:16.000Z,5.266,2,"",M,56.959,2,"",M,6.000,2,"",N,15.366,2,"",M,32.991,2,"",M,15.720,2,"",M,1012.740,2,"",M,369.966,2,"",M,NaN,,,0,NaN,,,M,357.981,2,"",356.700,2,"",NaN,,,NaN,,,NaN,,
2023-08-12T01:01:07.000Z,5.259,2,"",M,56.959,2,"",M,6.000,2,"",N,15.393,2,"",M,33.016,2,"",M,15.750,2,"",M,1012.640,2,"",M,370.454,2,"",M,NaN,,,0,NaN,,,M,358.366,2,"",357.085,2,"",NaN,,,NaN,,,NaN,,
2023-08-12T01:02:59.000Z,5.251,2,"",M,56.959,2,"",M,6.000,2,"",N,15.410,2,"",M,33.037,2,"",M,15.780,2,"",M,1012.640,2,"",M,371.163,2,"",M,NaN,,,0,NaN,,,M,358.831,2,"",357.548,2,"",NaN,,,NaN,,,NaN,,
2023-08-12T01:04:51.000Z,5.244,2,"",M,56.959,2,"",M,6.000,2,"",N,15.420,2,"",M,33.049,2,"",M,15.800,2,"",M,1012.650,2,"",M,371.901,2,"",M,NaN,,,0,NaN,,,M,359.387,2,"",358.103,2,"",NaN,,,NaN,,,NaN,,
2023-08-12T01:06:43.000Z,5.236,2,"",M,56.959,2,"",M,6.000,2,"",N,15.432,2,"",M,33.059,2,"",M,15.810,2,"",M,1012.670,2,"",M,372.319,2,"",M,NaN,,,0,NaN,,,M,359.824,2,"",358.538,2,"",NaN,,,NaN,,,NaN,,
2023-08-12T01:08:34.000Z,5.229,2,"",M,56.959,2,"",M,6.000,2,"",N,15.424,2,"",M,33.065,2,"",M,15.820,2,"",M,1012.710,2,"",M,372.808,2,"",M,NaN,,,0,NaN,,,M,360.037,2,"",358.750,2,"",NaN,,,NaN,,,NaN,,
2023-08-12T01:10:26.000Z,5.221,2,"",M,56.959,2,"",M,6.000,2,"",N,15.409,2,"",M,33.071,2,"",M,15.820,2,"",M,1012.640,2,"",M,372.966,2,"",M,NaN,,,0,NaN,,,M,359.939,2,"",358.653,2,"",NaN,,,NaN,,,NaN,,
2023-08-12T01:12:18.000Z,5.213,2,"",M,56.959,2,"",M,6.000,2,"",N,15.384,2,"",M,33.079,2,"",M,15.800,2,"",M,1012.600,2,"",M,373.254,2,"",M,NaN,,,0,NaN,,,M,360.130,2,"",358.843,2,"",NaN,,,NaN,,,NaN,,
2023-08-12T01:14:31.000Z,5.204,2,"",M,56.959,2,"",M,6.000,2,"",N,15.345,2,"",M,33.092,2,"",M,15.780,2,"",M,1012.760,2,"",M,372.822,2,"",M,NaN,,,0,NaN,,,M,359.497,2,"",358.212,2,"",NaN,,,NaN,,,NaN,,
2023-08-12T01:16:22.000Z,5.197,2,"",M,56.959,2,"",M,6.000,2,"",N,15.319,2,"",M,33.100,2,"",M,15.750,2,"",M,1012.800,2,"",M,372.711,2,"",M,NaN,,,0,NaN,,,M,359.473,2,"",358.188,2,"",NaN,,,NaN,,,NaN,,
2023-08-12T01:18:14.000Z,5.189,2,"",M,56.959,2,"",M,6.000,2,"",N,15.289,2,"",M,33.106,2,"",M,15.720,2,"",M,1012.850,2,"",M,371.959,2,"",M,NaN,,,0,NaN,,,M,358.778,2,"",357.494,2,"",NaN,,,NaN,,,NaN,,
2023-08-12T01:20:06.000Z,5.181,2,"",M,56.959,2,"",M,6.000,2,"",N,15.264,2,"",M,33.110,2,"",M,15.690,2,"",M,1012.760,2,"",M,371.327,2,"",M,NaN,,,0,NaN,,,M,358.222,2,"",356.940,2,"",NaN,,,NaN,,,NaN,,
2023-08-12T01:21:58.000Z,5.174,2,"",M,56.959,2,"",M,6.000,2,"",N,15.246,2,"",M,33.111,2,"",M,15.670,2,"",M,1012.860,2,"",M,370.756,2,"",M,NaN,,,0,NaN,,,M,357.751,2,"",356.470,2,"",NaN,,,NaN,,,NaN,,
2023-08-12T01:23:50.000Z,5.166,2,"",M,56.959,2,"",M,6.000,2,"",N,15.234,2,"",M,33.114,2,"",M,15.650,2,"",M,1012.890,2,"",M,370.614,2,"",M,NaN,,,0,NaN,,,M,357.752,2,"",356.471,2,"",NaN,,,NaN,,,NaN,,
2023-08-12T01:25:41.000Z,5.158,2,"",M,56.959,2,"",M,6.000,2,"",N,15.209,2,"",M,33.118,2,"",M,15.640,2,"",M,1012.870,2,"",M,370.072,2,"",M,NaN,,,0,NaN,,,M,357.004,2,"",355.725,2,"",NaN,,,NaN,,,NaN,,
2023-08-12T01:27:33.000Z,5.151,2,"",M,56.959,2,"",M,6.000,2,"",N,15.197,2,"",M,33.125,2,"",M,15.610,2,"",M,1012.790,2,"",M,369.471,2,"",M,NaN,,,0,NaN,,,M,356.676,2,"",355.398,2,"",NaN,,,NaN,,,NaN,,
2023-08-12T01:29:25.000Z,5.143,2,"",M,56.959,2,"",M,6.000,2,"",N,15.178,2,"",M,33.132,2,"",M,15.600,2,"",M,1012.800,2,"",M,369.229,2,"",M,NaN,,,0,NaN,,,M,356.317,2,"",355.041,2,"",NaN,,,NaN,,,NaN,,
2023-08-12T01:31:17.000Z,5.135,2,"",M,56.959,2,"",M,6.000,2,"",N,15.164,2,"",M,33.145,2,"",M,15.580,2,"",M,1012.780,2,"",M,368.897,2,"",M,NaN,,,0,NaN,,,M,356.077,2,"",354.801,2,"",NaN,,,NaN,,,NaN,,
2023-08-12T01:33:08.000Z,5.128,2,"",M,56.959,2,"",M,6.000,2,"",N,15.163,2,"",M,33.171,2,"",M,15.570,2,"",M,1012.700,2,"",M,368.696,2,"",M,NaN,,,0,NaN,,,M,356.001,2,"",354.725,2,"",NaN,,,NaN,,,NaN,,
2023-08-12T01:35:00.000Z,5.120,2,"",M,56.959,2,"",M,6.000,2,"",N,15.175,2,"",M,33.209,2,"",M,15.560,2,"",M,1012.520,2,"",M,368.464,2,"",M,NaN,,,0,NaN,,,M,356.049,2,"",354.772,2,"",NaN,,,NaN,,,NaN,,
2023-08-12T01:36:52.000Z,5.112,2,"",M,56.958,2,"",M,6.000,2,"",N,15.191,2,"",M,33.271,2,"",M,15.570,2,"",M,1012.580,2,"",M,368.892,2,"",M,NaN,,,0,NaN,,,M,356.564,2,"",355.286,2,"",NaN,,,NaN,,,NaN,,
2023-08-12T01:38:44.000Z,5.104,2,"",M,56.958,2,"",M,6.000,2,"",N,15.214,2,"",M,33.366,2,"",M,15.580,2,"",M,1012.590,2,"",M,369.431,2,"",M,NaN,,,0,NaN,,,M,357.281,2,"",356.001,2,"",NaN,,,NaN,,,NaN,,
2023-08-12T01:40:35.000Z,5.097,2,"",M,56.958,2,"",M,6.000,2,"",N,15.239,2,"",M,33.484,2,"",M,15.600,2,"",M,1012.660,2,"",M,370.829,2,"",M,NaN,,,0,NaN,,,M,358.730,2,"",357.444,2,"",NaN,,,NaN,,,NaN,,
2023-08-12T01:42:27.000Z,5.089,2,"",M,56.957,2,"",M,6.000,2,"",N,15.272,2,"",M,33.543,2,"",M,15.630,2,"",M,1012.620,2,"",M,372.107,2,"",M,NaN,,,0,NaN,,,M,359.982,2,"",358.693,2,"",NaN,,,NaN,,,NaN,,
2023-08-12T01:44:19.000Z,5.082,2,"",M,56.957,2,"",M,6.000,2,"",N,15.289,2,"",M,33.585,2,"",M,15.660,2,"",M,1012.610,2,"",M,373.505,2,"",M,NaN,,,0,NaN,,,M,361.121,2,"",359.828,2,"",NaN,,,NaN,,,NaN,,
2023-08-12T01:46:10.000Z,5.074,2,"",M,56.956,2,"",M,6.000,2,"",N,15.299,2,"",M,33.627,2,"",M,15.680,2,"",M,1012.590,2,"",M,374.704,2,"",M,NaN,,,0,NaN,,,M,362.114,2,"",360.818,2,"",NaN,,,NaN,,,NaN,,
2023-08-12T01:48:02.000Z,5.066,2,"",M,56.956,2,"",M,6.000,2,"",N,15.291,2,"",M,33.652,2,"",M,15.690,2,"",M,1012.600,2,"",M,375.292,2,"",M,NaN,,,0,NaN,,,M,362.400,2,"",361.103,2,"",NaN,,,NaN,,,NaN,,
2023-08-12T01:49:54.000Z,5.059,2,"",M,56.955,2,"",M,6.000,2,"",N,15.282,2,"",M,33.654,2,"",M,15.690,2,"",M,1012.640,2,"",M,376.470,2,"",M,NaN,,,0,NaN,,,M,363.419,2,"",362.118,2,"",NaN,,,NaN,,,NaN,,
2023-08-12T01:51:46.000Z,5.051,2,"",M,56.955,2,"",M,6.000,2,"",N,15.270,2,"",M,33.612,2,"",M,15.680,2,"",M,1012.440,2,"",M,376.839,2,"",M,NaN,,,0,NaN,,,M,363.683,2,"",362.381,2,"",NaN,,,NaN,,,NaN,,
2023-08-12T01:53:38.000Z,5.043,2,"",M,56.954,2,"",M,6.000,2,"",N,15.278,2,"",M,33.567,2,"",M,15.670,2,"",M,1012.340,2,"",M,376.557,2,"",M,NaN,,,0,NaN,,,M,363.648,2,"",362.347,2,"",NaN,,,NaN,,,NaN,,
2023-08-12T01:55:29.000Z,5.036,2,"",M,56.953,2,"",M,6.000,2,"",N,15.280,2,"",M,33.546,2,"",M,15.670,2,"",M,1012.410,2,"",M,376.115,2,"",M,NaN,,,0,NaN,,,M,363.282,2,"",361.982,2,"",NaN,,,NaN,,,NaN,,
2023-08-12T01:57:21.000Z,5.028,2,"",M,56.953,2,"",M,6.000,2,"",N,15.265,2,"",M,33.528,2,"",M,15.680,2,"",M,1012.310,2,"",M,375.664,2,"",M,NaN,,,0,NaN,,,M,362.411,2,"",361.114,2,"",NaN,,,NaN,,,NaN,,
2023-08-12T01:59:13.000Z,5.022,2,"",M,56.955,2,"",M,6.000,2,"",N,15.246,2,"",M,33.529,2,"",M,15.660,2,"",M,1012.420,2,"",M,375.132,2,"",M,NaN,,,0,NaN,,,M,361.968,2,"",360.673,2,"",NaN,,,NaN,,,NaN,,
2023-08-12T02:01:05.000Z,5.017,2,"",M,56.958,2,"",M,6.000,2,"",N,15.230,2,"",M,33.538,2,"",M,15.650,2,"",M,1012.300,2,"",M,374.140,2,"",M,NaN,,,0,NaN,,,M,360.878,2,"",359.586,2,"",NaN,,,NaN,,,NaN,,
2023-08-12T02:02:57.000Z,5.012,2,"",M,56.961,2,"",M,6.000,2,"",N,15.225,2,"",M,33.554,2,"",M,15.630,2,"",M,1012.190,2,"",M,373.009,2,"",M,NaN,,,0,NaN,,,M,359.985,2,"",358.696,2,"",NaN,,,NaN,,,NaN,,
2023-08-12T02:04:48.000Z,5.007,2,"",M,56.964,2,"",M,6.000,2,"",N,15.229,2,"",M,33.584,2,"",M,15.620,2,"",M,1012.260,2,"",M,371.897,2,"",M,NaN,,,0,NaN,,,M,359.161,2,"",357.875,2,"",NaN,,,NaN,,,NaN,,
2023-08-12T02:06:40.000Z,5.002,2,"",M,56.967,2,"",M,6.000,2,"",N,15.252,2,"",M,33.625,2,"",M,15.620,2,"",M,1012.350,2,"",M,371.185,2,"",M,NaN,,,0,NaN,,,M,358.852,2,"",357.567,2,"",NaN,,,NaN,,,NaN,,
2023-08-12T02:08:32.000Z,4.997,2,"",M,56.970,2,"",M,6.000,2,"",N,15.272,2,"",M,33.669,2,"",M,15.640,2,"",M,1012.260,2,"",M,370.584,2,"",M,NaN,,,0,NaN,,,M,358.230,2,"",356.948,2,"",NaN,,,NaN,,,NaN,,
2023-08-12T02:10:23.000Z,4.992,2,"",M,56.973,2,"",M,6.000,2,"",N,15.288,2,"",M,33.700,2,"",M,15.660,2,"",M,1012.140,2,"",M,370.402,2,"",M,NaN,,,0,NaN,,,M,357.941,2,"",356.660,2,"",NaN,,,NaN,,,NaN,,
2023-08-12T02:12:15.000Z,4.987,2,"",M,56.976,2,"",M,6.000,2,"",N,15.296,2,"",M,33.730,2,"",M,15.680,2,"",M,1012.380,2,"",M,370.160,2,"",M,NaN,,,0,NaN,,,M,357.599,2,"",356.319,2,"",NaN,,,NaN,,,NaN,,
2023-08-12T02:14:28.000Z,4.981,2,"",M,56.980,2,"",M,6.000,2,"",N,15.296,2,"",M,33.764,2,"",M,15.690,2,"",M,1012.280,2,"",M,370.408,2,"",M,NaN,,,0,NaN,,,M,357.659,2,"",356.379,2,"",NaN,,,NaN,,,NaN,,
2023-08-12T02:16:20.000Z,4.976,2,"",M,56.983,2,"",M,6.000,2,"",N,15.287,2,"",M,33.790,2,"",M,15.690,2,"",M,1012.410,2,"",M,370.277,2,"",M,NaN,,,0,NaN,,,M,357.441,2,"",356.162,2,"",NaN,,,NaN,,,NaN,,
2023-08-12T02:18:11.000Z,4.970,2,"",M,56.986,2,"",M,6.000,2,"",N,15.272,2,"",M,33.809,2,"",M,15.690,2,"",M,1012.280,2,"",M,370.135,2,"",M,NaN,,,0,NaN,,,M,357.019,2,"",355.742,2,"",NaN,,,NaN,,,NaN,,
2023-08-12T02:20:03.000Z,4.965,2,"",M,56.989,2,"",M,6.000,2,"",N,15.247,2,"",M,33.823,2,"",M,15.670,2,"",M,1012.410,2,"",M,369.613,2,"",M,NaN,,,0,NaN,,,M,356.499,2,"",355.223,2,"",NaN,,,NaN,,,NaN,,
2023-08-12T02:21:55.000Z,4.960,2,"",M,56.991,2,"",M,6.000,2,"",N,15.217,2,"",M,33.841,2,"",M,15.650,2,"",M,1012.240,2,"",M,369.402,2,"",M,NaN,,,0,NaN,,,M,356.090,2,"",354.816,2,"",NaN,,,NaN,,,NaN,,
2023-08-12T02:23:47.000Z,4.954,2,"",M,56.994,2,"",M,6.000,2,"",N,15.191,2,"",M,33.858,2,"",M,15.620,2,"",M,1012.260,2,"",M,369.200,2,"",M,NaN,,,0,NaN,,,M,355.981,2,"",354.706,2,"",NaN,,,NaN,,,NaN,,
2023-08-12T02:25:38.000Z,4.948,2,"",M,56.996,2,"",M,6.000,2,"",N,15.163,2,"",M,33.873,2,"",M,15.600,2,"",M,1012.180,2,"",M,368.599,2,"",M,NaN,,,0,NaN,,,M,355.251,2,"",353.978,2,"",NaN,,,NaN,,,NaN,,
2023-08-12T02:27:30.000Z,4.942,2,"",M,56.999,2,"",M,6.000,2,"",N,15.141,2,"",M,33.886,2,"",M,15.570,2,"",M,1012.290,2,"",M,368.307,2,"",M,NaN,,,0,NaN,,,M,355.146,2,"",353.874,2,"",NaN,,,NaN,,,NaN,,
2023-08-12T02:29:22.000Z,4.936,2,"",M,57.002,2,"",M,6.000,2,"",N,15.118,2,"",I,33.898,2,"",I,15.550,2,"",M,1012.170,2,"",M,367.715,2,"",M,NaN,,,0,NaN,,,M,354.503,2,"",353.232,2,"",NaN,,,NaN,,,NaN,,
2023-08-12T02:31:14.000Z,4.930,2,"",M,57.004,2,"",M,6.000,2,"",N,15.096,2,"",M,33.909,2,"",M,15.520,2,"",M,1012.360,2,"",M,367.244,2,"",M,NaN,,,0,NaN,,,M,354.239,2,"",352.969,2,"",NaN,,,NaN,,,NaN,,
2023-08-12T02:33:06.000Z,4.924,2,"",M,57.006,2,"",M,6.000,2,"",N,15.078,2,"",M,33.917,2,"",M,15.500,2,"",M,1012.350,2,"",M,366.842,2,"",M,NaN,,,0,NaN,,,M,353.888,2,"",352.619,2,"",NaN,,,NaN,,,NaN,,
2023-08-12T02:34:57.000Z,4.918,2,"",M,57.009,2,"",M,6.000,2,"",N,15.063,2,"",M,33.925,2,"",M,15.480,2,"",M,1012.230,2,"",M,366.870,2,"",M,NaN,,,0,NaN,,,M,353.960,2,"",352.691,2,"",NaN,,,NaN,,,NaN,,
2023-08-12T02:36:49.000Z,4.912,2,"",M,57.011,2,"",M,6.000,2,"",N,15.048,2,"",M,33.931,2,"",M,15.470,2,"",M,1012.200,2,"",M,366.899,2,"",M,NaN,,,0,NaN,,,M,353.903,2,"",352.634,2,"",NaN,,,NaN,,,NaN,,
2023-08-12T02:38:41.000Z,4.906,2,"",M,57.014,2,"",M,6.000,2,"",N,15.039,2,"",M,33.938,2,"",M,15.450,2,"",M,1012.210,2,"",M,366.717,2,"",M,NaN,,,0,NaN,,,M,353.906,2,"",352.636,2,"",NaN,,,NaN,,,NaN,,
2023-08-12T02:40:33.000Z,4.900,2,"",M,57.016,2,"",M,6.000,2,"",N,15.029,2,"",M,33.946,2,"",M,15.440,2,"",M,1012.180,2,"",M,366.595,2,"",M,NaN,,,0,NaN,,,M,353.781,2,"",352.511,2,"",NaN,,,NaN,,,NaN,,
2023-08-12T02:42:24.000Z,4.894,2,"",M,57.019,2,"",M,6.000,2,"",N,15.030,2,"",M,33.955,2,"",M,15.430,2,"",M,1012.190,2,"",M,366.984,2,"",M,NaN,,,0,NaN,,,M,354.325,2,"",353.053,2,"",NaN,,,NaN,,,NaN,,
2023-08-12T02:44:16.000Z,4.888,2,"",M,57.021,2,"",M,6.000,2,"",N,15.046,2,"",M,33.964,2,"",M,15.430,2,"",M,1012.120,2,"",M,366.792,2,"",M,NaN,,,0,NaN,,,M,354.354,2,"",353.082,2,"",NaN,,,NaN,,,NaN,,
2023-08-12T02:46:08.000Z,4.882,2,"",M,57.023,2,"",M,6.000,2,"",N,15.066,2,"",M,33.957,2,"",M,15.440,2,"",M,1012.110,2,"",M,367.060,2,"",M,NaN,,,0,NaN,,,M,354.755,2,"",353.482,2,"",NaN,,,NaN,,,NaN,,
2023-08-12T02:48:00.000Z,4.880,2,"",M,57.027,2,"",M,6.000,2,"",N,15.081,2,"",M,33.929,2,"",M,15.460,2,"",M,1012.030,2,"",M,367.309,2,"",M,NaN,,,0,NaN,,,M,354.891,2,"",353.618,2,"",NaN,,,NaN,,,NaN,,
2023-08-12T02:49:52.000Z,4.885,2,"",M,57.029,2,"",M,6.000,2,"",N,15.090,2,"",M,33.901,2,"",M,15.480,2,"",M,1012.060,2,"",M,368.087,2,"",M,NaN,,,0,NaN,,,M,355.476,2,"",354.201,2,"",NaN,,,NaN,,,NaN,,
2023-08-12T02:51:45.000Z,4.890,2,"",M,57.032,2,"",M,6.000,2,"",N,15.097,2,"",M,33.886,2,"",M,15.490,2,"",M,1012.120,2,"",M,368.875,2,"",M,NaN,,,0,NaN,,,M,356.215,2,"",354.938,2,"",NaN,,,NaN,,,NaN,,
2023-08-12T02:53:36.000Z,4.895,2,"",M,57.035,2,"",M,6.000,2,"",N,15.104,2,"",M,33.879,2,"",M,15.490,2,"",M,1012.080,2,"",M,369.713,2,"",M,NaN,,,0,NaN,,,M,357.104,2,"",355.824,2,"",NaN,,,NaN,,,NaN,,
2023-08-12T02:58:06.000Z,4.908,2,"",M,57.043,2,"",M,6.000,2,"",N,NaN,,,M,NaN,,,M,NaN,,,M,NaN,,,M,NaN,,,0,NaN,,,0,NaN,,,M,NaN,,,NaN,,,NaN,,,NaN,,,NaN,,
2023-08-12T02:59:56.000Z,4.913,2,"",M,57.046,2,"",M,6.000,2,"",N,NaN,,,M,NaN,,,M,NaN,,,M,NaN,,,M,NaN,,,0,NaN,,,0,NaN,,,M,NaN,,,NaN,,,NaN,,,NaN,,,NaN,,
2023-08-12T03:01:45.000Z,4.918,2,"",M,57.049,2,"",M,6.000,2,"",N,NaN,,,M,NaN,,,M,NaN,,,M,NaN,,,M,NaN,,,0,NaN,,,0,NaN,,,M,NaN,,,NaN,,,NaN,,,NaN,,,NaN,,
2023-08-12T03:06:15.000Z,4.930,2,"",M,57.057,2,"",M,6.000,2,"",N,NaN,,,M,NaN,,,M,NaN,,,M,NaN,,,M,NaN,,,0,NaN,,,0,NaN,,,M,NaN,,,NaN,,,NaN,,,NaN,,,NaN,,
2023-08-12T03:08:05.000Z,4.935,2,"",M,57.060,2,"",M,6.000,2,"",N,NaN,,,M,NaN,,,M,NaN,,,M,NaN,,,M,NaN,,,0,NaN,,,0,NaN,,,M,NaN,,,NaN,,,NaN,,,NaN,,,NaN,,
2023-08-12T03:09:54.000Z,4.940,2,"",M,57.063,2,"",M,6.000,2,"",N,NaN,,,M,NaN,,,M,NaN,,,M,NaN,,,M,NaN,,,0,NaN,,,0,NaN,,,M,NaN,,,NaN,,,NaN,,,NaN,,,NaN,,
2023-08-12T03:14:23.000Z,4.952,2,"",M,57.071,2,"",M,6.000,2,"",N,NaN,,,M,NaN,,,M,NaN,,,M,NaN,,,M,NaN,,,0,NaN,,,0,NaN,,,M,NaN,,,NaN,,,NaN,,,NaN,,,NaN,,
2023-08-12T03:16:34.000Z,4.957,2,"",M,57.075,2,"",M,6.000,2,"",N,NaN,,,M,NaN,,,M,NaN,,,M,NaN,,,M,NaN,,,0,NaN,,,0,NaN,,,M,NaN,,,NaN,,,NaN,,,NaN,,,NaN,,
2023-08-12T03:18:24.000Z,4.962,2,"",M,57.078,2,"",M,6.000,2,"",N,NaN,,,M,NaN,,,M,NaN,,,M,NaN,,,M,NaN,,,0,NaN,,,0,NaN,,,M,NaN,,,NaN,,,NaN,,,NaN,,,NaN,,
2023-08-12T03:22:53.000Z,4.973,2,"",M,57.086,2,"",M,6.000,2,"",N,15.143,2,"",M,34.276,2,"",M,NaN,,,M,NaN,,,M,NaN,,,0,418.777,2,"",M,1011.400,2,"",M,NaN,,,NaN,,,418.777,2,"",412.028,2,"",410.542,2,""
2023-08-12T03:24:43.000Z,4.975,2,"",M,57.089,2,"",M,6.000,2,"",N,15.109,2,"",M,34.239,2,"",M,NaN,,,M,NaN,,,M,NaN,,,0,418.709,2,"",M,1011.400,2,"",M,NaN,,,NaN,,,418.709,2,"",411.977,2,"",410.490,2,""
2023-08-12T03:26:33.000Z,4.973,2,"",M,57.093,2,"",M,6.000,2,"",N,15.079,2,"",M,34.187,2,"",M,NaN,,,M,NaN,,,M,NaN,,,0,418.941,2,"",M,1011.400,2,"",M,NaN,,,NaN,,,418.941,2,"",412.218,2,"",410.730,2,""
2023-08-12T03:28:22.000Z,4.971,2,"",M,57.097,2,"",M,6.000,2,"",N,15.054,2,"",I,34.156,2,"",I,NaN,,,M,NaN,,,M,NaN,,,0,418.873,2,"",M,1011.400,2,"",M,NaN,,,NaN,,,418.873,2,"",412.163,2,"",410.674,2,""
2023-08-12T03:30:11.000Z,4.970,2,"",M,57.101,2,"",M,6.000,2,"",N,15.029,2,"",M,34.125,2,"",M,NaN,,,M,NaN,,,M,NaN,,,0,418.545,2,"",M,1011.400,2,"",M,NaN,,,NaN,,,418.545,2,"",411.851,2,"",410.363,2,""
2023-08-12T03:35:21.000Z,4.965,2,"",M,57.112,2,"",M,6.000,2,"",N,15.128,2,"",M,34.116,2,"",M,15.480,2,"",M,1011.780,2,"",M,370.689,2,"",M,NaN,,,0,NaN,,,M,358.462,2,"",357.177,2,"",NaN,,,NaN,,,NaN,,
2023-08-12T03:37:12.000Z,4.965,2,"",M,57.116,2,"",M,6.000,2,"",N,15.141,2,"",M,34.118,2,"",M,15.520,2,"",M,1011.800,2,"",M,371.460,2,"",M,NaN,,,0,NaN,,,M,358.799,2,"",357.513,2,"",NaN,,,NaN,,,NaN,,
2023-08-12T03:39:04.000Z,4.964,2,"",M,57.120,2,"",M,6.000,2,"",N,15.135,2,"",M,34.111,2,"",M,15.540,2,"",M,1011.815,2,"",M,372.012,2,"",M,NaN,,,0,NaN,,,M,358.929,2,"",357.643,2,"",NaN,,,NaN,,,NaN,,
2023-08-12T03:40:55.000Z,4.964,2,"",M,57.125,2,"",M,6.000,2,"",N,15.119,2,"",M,34.093,2,"",M,15.530,2,"",M,1011.700,2,"",M,372.804,2,"",M,NaN,,,0,NaN,,,M,359.562,2,"",358.274,2,"",NaN,,,NaN,,,NaN,,
2023-08-12T03:42:47.000Z,4.963,2,"",M,57.129,2,"",M,6.000,2,"",N,15.108,2,"",M,34.065,2,"",M,15.520,2,"",M,1011.620,2,"",M,373.056,2,"",M,NaN,,,0,NaN,,,M,359.759,2,"",358.470,2,"",NaN,,,NaN,,,NaN,,
2023-08-12T03:44:39.000Z,4.963,2,"",M,57.133,2,"",M,6.000,2,"",N,15.105,2,"",M,34.050,2,"",M,15.510,2,"",M,1011.655,2,"",M,372.458,2,"",M,NaN,,,0,NaN,,,M,359.312,2,"",358.025,2,"",NaN,,,NaN,,,NaN,,
2023-08-12T03:46:31.000Z,4.962,2,"",M,57.137,2,"",M,6.000,2,"",N,15.111,2,"",M,34.030,2,"",M,15.510,2,"",M,1011.650,2,"",M,372.220,2,"",M,NaN,,,0,NaN,,,M,359.171,2,"",357.884,2,"",NaN,,,NaN,,,NaN,,
2023-08-12T03:48:23.000Z,4.961,2,"",M,57.141,2,"",M,6.000,2,"",N,15.103,2,"",M,34.010,2,"",M,15.510,2,"",M,1011.520,2,"",M,371.632,2,"",M,NaN,,,0,NaN,,,M,358.440,2,"",357.156,2,"",NaN,,,NaN,,,NaN,,
2023-08-12T03:50:14.000Z,4.961,2,"",M,57.145,2,"",M,6.000,2,"",N,15.095,2,"",M,33.998,2,"",M,15.500,2,"",M,1011.575,2,"",M,371.504,2,"",M,NaN,,,0,NaN,,,M,358.367,2,"",357.083,2,"",NaN,,,NaN,,,NaN,,
2023-08-12T03:52:06.000Z,4.961,2,"",M,57.150,2,"",M,6.000,2,"",N,15.095,2,"",M,33.984,2,"",M,15.500,2,"",M,1011.550,2,"",M,371.066,2,"",M,NaN,,,0,NaN,,,M,357.941,2,"",356.658,2,"",NaN,,,NaN,,,NaN,,
2023-08-12T03:53:58.000Z,4.961,2,"",M,57.154,2,"",M,6.000,2,"",N,15.108,2,"",M,33.981,2,"",M,15.490,2,"",M,1011.670,2,"",M,370.518,2,"",M,NaN,,,0,NaN,,,M,357.805,2,"",356.523,2,"",NaN,,,NaN,,,NaN,,
2023-08-12T03:55:50.000Z,4.960,2,"",M,57.158,2,"",M,6.000,2,"",N,15.127,2,"",M,33.979,2,"",M,15.500,2,"",M,1011.590,2,"",M,370.220,2,"",M,NaN,,,0,NaN,,,M,357.617,2,"",356.335,2,"",NaN,,,NaN,,,NaN,,
2023-08-12T03:57:41.000Z,4.960,2,"",M,57.162,2,"",M,6.000,2,"",N,15.139,2,"",M,33.979,2,"",M,15.520,2,"",M,1011.565,2,"",M,370.602,2,"",M,NaN,,,0,NaN,,,M,357.850,2,"",356.568,2,"",NaN,,,NaN,,,NaN,,
2023-08-12T03:59:33.000Z,4.960,2,"",M,57.167,2,"",M,6.000,2,"",N,15.157,2,"",M,33.980,2,"",M,15.530,2,"",M,1011.520,2,"",M,371.014,2,"",M,NaN,,,0,NaN,,,M,358.351,2,"",357.067,2,"",NaN,,,NaN,,,NaN,,
2023-08-12T04:01:25.000Z,4.959,2,"",M,57.171,2,"",M,6.000,2,"",N,15.172,2,"",M,33.975,2,"",M,15.550,2,"",M,1011.510,2,"",M,371.376,2,"",M,NaN,,,0,NaN,,,M,358.612,2,"",357.328,2,"",NaN,,,NaN,,,NaN,,
2023-08-12T04:03:16.000Z,4.959,2,"",M,57.175,2,"",M,6.000,2,"",N,15.171,2,"",M,33.954,2,"",M,15.560,2,"",M,1011.540,2,"",M,371.918,2,"",M,NaN,,,0,NaN,,,M,358.972,2,"",357.687,2,"",NaN,,,NaN,,,NaN,,
2023-08-12T04:05:08.000Z,4.958,2,"",M,57.179,2,"",M,6.000,2,"",N,15.173,2,"",M,33.921,2,"",M,15.570,2,"",M,1011.570,2,"",M,372.589,2,"",M,NaN,,,0,NaN,,,M,359.501,2,"",358.214,2,"",NaN,,,NaN,,,NaN,,
2023-08-12T04:07:00.000Z,4.958,2,"",M,57.183,2,"",M,6.000,2,"",N,15.179,2,"",M,33.908,2,"",M,15.570,2,"",M,1011.470,2,"",M,373.021,2,"",M,NaN,,,0,NaN,,,M,359.973,2,"",358.684,2,"",NaN,,,NaN,,,NaN,,
2023-08-12T04:08:52.000Z,4.957,2,"",M,57.188,2,"",M,6.000,2,"",N,15.180,2,"",M,33.877,2,"",M,15.570,2,"",M,1011.590,2,"",M,373.323,2,"",M,NaN,,,0,NaN,,,M,360.333,2,"",359.042,2,"",NaN,,,NaN,,,NaN,,
2023-08-12T04:10:43.000Z,4.957,2,"",M,57.192,2,"",M,6.000,2,"",N,15.184,2,"",M,33.855,2,"",M,15.580,2,"",M,1011.440,2,"",M,373.475,2,"",M,NaN,,,0,NaN,,,M,360.318,2,"",359.029,2,"",NaN,,,NaN,,,NaN,,
2023-08-12T04:12:35.000Z,4.956,2,"",M,57.196,2,"",M,6.000,2,"",N,15.162,2,"",M,33.824,2,"",M,15.580,2,"",M,1011.530,2,"",M,373.867,2,"",M,NaN,,,0,NaN,,,M,360.404,2,"",359.114,2,"",NaN,,,NaN,,,NaN,,
2023-08-12T04:14:48.000Z,4.955,2,"",M,57.201,2,"",M,6.000,2,"",N,15.124,2,"",M,33.768,2,"",M,15.560,2,"",M,1011.660,2,"",M,374.149,2,"",M,NaN,,,0,NaN,,,M,360.444,2,"",359.153,2,"",NaN,,,NaN,,,NaN,,
2023-08-12T04:16:40.000Z,4.954,2,"",M,57.205,2,"",M,6.000,2,"",N,15.109,2,"",M,33.709,2,"",M,15.530,2,"",M,1011.610,2,"",M,374.461,2,"",M,NaN,,,0,NaN,,,M,360.972,2,"",359.678,2,"",NaN,,,NaN,,,NaN,,
2023-08-12T04:18:31.000Z,4.948,2,"",M,57.207,2,"",M,6.000,2,"",N,15.057,2,"",M,33.660,2,"",M,15.510,2,"",M,1011.540,2,"",M,374.793,2,"",M,NaN,,,0,NaN,,,M,360.781,2,"",359.488,2,"",NaN,,,NaN,,,NaN,,
2023-08-12T04:20:23.000Z,4.942,2,"",M,57.209,2,"",M,6.000,2,"",N,15.043,2,"",M,33.619,2,"",M,15.470,2,"",M,1011.400,2,"",M,374.835,2,"",M,NaN,,,0,NaN,,,M,361.188,2,"",359.893,2,"",NaN,,,NaN,,,NaN,,
2023-08-12T04:22:15.000Z,4.936,2,"",M,57.212,2,"",M,6.000,2,"",N,15.037,2,"",M,33.569,2,"",M,15.450,2,"",M,1011.440,2,"",M,374.857,2,"",M,NaN,,,0,NaN,,,M,361.447,2,"",360.151,2,"",NaN,,,NaN,,,NaN,,
2023-08-12T04:24:07.000Z,4.929,2,"",M,57.214,2,"",M,6.000,2,"",N,15.045,2,"",M,33.461,2,"",M,15.440,2,"",M,1011.480,2,"",M,374.829,2,"",M,NaN,,,0,NaN,,,M,361.713,2,"",360.415,2,"",NaN,,,NaN,,,NaN,,
2023-08-12T04:25:58.000Z,4.923,2,"",M,57.217,2,"",M,6.000,2,"",N,15.050,2,"",M,33.371,2,"",M,15.440,2,"",M,1011.440,2,"",M,374.841,2,"",M,NaN,,,0,NaN,,,M,361.784,2,"",360.487,2,"",NaN,,,NaN,,,NaN,,
2023-08-12T04:27:50.000Z,4.916,2,"",M,57.219,2,"",M,6.000,2,"",N,15.053,2,"",M,33.266,2,"",M,15.450,2,"",M,1011.310,2,"",M,373.963,2,"",M,NaN,,,0,NaN,,,M,360.782,2,"",359.488,2,"",NaN,,,NaN,,,NaN,,
2023-08-12T04:29:42.000Z,4.910,2,"",M,57.222,2,"",M,6.000,2,"",N,15.061,2,"",M,33.206,2,"",M,15.450,2,"",M,1011.430,2,"",M,372.955,2,"",M,NaN,,,0,NaN,,,M,359.971,2,"",358.680,2,"",NaN,,,NaN,,,NaN,,
2023-08-12T04:31:34.000Z,4.904,2,"",M,57.224,2,"",M,6.000,2,"",N,15.075,2,"",M,33.154,2,"",M,15.460,2,"",M,1011.270,2,"",M,371.967,2,"",M,NaN,,,0,NaN,,,M,359.024,2,"",357.737,2,"",NaN,,,NaN,,,NaN,,
2023-08-12T04:33:25.000Z,4.897,2,"",M,57.227,2,"",M,6.000,2,"",N,15.093,2,"",M,33.121,2,"",M,15.470,2,"",M,1011.340,2,"",M,371.129,2,"",M,NaN,,,0,NaN,,,M,358.354,2,"",357.069,2,"",NaN,,,NaN,,,NaN,,
2023-08-12T04:35:17.000Z,4.891,2,"",M,57.229,2,"",M,6.000,2,"",N,15.107,2,"",M,33.089,2,"",M,15.490,2,"",M,1011.290,2,"",M,370.431,2,"",M,NaN,,,0,NaN,,,M,357.559,2,"",356.277,2,"",NaN,,,NaN,,,NaN,,
2023-08-12T04:37:09.000Z,4.885,2,"",M,57.232,2,"",M,6.000,2,"",N,15.120,2,"",M,33.074,2,"",M,15.500,2,"",M,1011.360,2,"",M,370.173,2,"",M,NaN,,,0,NaN,,,M,357.386,2,"",356.105,2,"",NaN,,,NaN,,,NaN,,
2023-08-12T04:39:01.000Z,4.878,2,"",M,57.234,2,"",M,6.000,2,"",N,15.133,2,"",M,33.061,2,"",M,15.520,2,"",M,1011.220,2,"",M,369.695,2,"",M,NaN,,,0,NaN,,,M,356.760,2,"",355.482,2,"",NaN,,,NaN,,,NaN,,
2023-08-12T04:40:53.000Z,4.872,2,"",M,57.237,2,"",M,6.000,2,"",N,15.145,2,"",M,33.051,2,"",M,15.530,2,"",M,1011.280,2,"",M,370.117,2,"",M,NaN,,,0,NaN,,,M,357.214,2,"",355.934,2,"",NaN,,,NaN,,,NaN,,
2023-08-12T04:42:45.000Z,4.865,2,"",M,57.239,2,"",M,6.000,2,"",N,15.156,2,"",M,33.046,2,"",M,15.540,2,"",M,1011.280,2,"",M,370.009,2,"",M,NaN,,,0,NaN,,,M,357.116,2,"",355.837,2,"",NaN,,,NaN,,,NaN,,
2023-08-12T04:44:37.000Z,4.858,2,"",M,57.242,2,"",M,6.000,2,"",N,15.167,2,"",M,33.043,2,"",M,15.550,2,"",M,1011.220,2,"",M,370.151,2,"",M,NaN,,,0,NaN,,,M,357.243,2,"",355.964,2,"",NaN,,,NaN,,,NaN,,
2023-08-12T04:46:29.000Z,4.852,2,"",M,57.244,2,"",M,6.000,2,"",N,15.172,2,"",M,33.041,2,"",M,15.560,2,"",M,1011.210,2,"",M,370.253,2,"",M,NaN,,,0,NaN,,,M,357.256,2,"",355.977,2,"",NaN,,,NaN,,,NaN,,
2023-08-12T04:48:21.000Z,4.846,2,"",M,57.247,2,"",M,6.000,2,"",N,15.173,2,"",M,33.040,2,"",M,15.570,2,"",M,1011.140,2,"",M,370.405,2,"",M,NaN,,,0,NaN,,,M,357.232,2,"",355.954,2,"",NaN,,,NaN,,,NaN,,
2023-08-12T04:50:12.000Z,4.839,2,"",M,57.249,2,"",M,6.000,2,"",N,15.164,2,"",M,33.038,2,"",M,15.570,2,"",M,1011.240,2,"",M,370.377,2,"",M,NaN,,,0,NaN,,,M,357.109,2,"",355.831,2,"",NaN,,,NaN,,,NaN,,
2023-08-12T04:52:04.000Z,4.832,2,"",M,57.252,2,"",M,6.000,2,"",N,15.152,2,"",M,33.033,2,"",M,15.560,2,"",M,1011.090,2,"",M,370.389,2,"",M,NaN,,,0,NaN,,,M,357.041,2,"",355.763,2,"",NaN,,,NaN,,,NaN,,
2023-08-12T04:53:56.000Z,4.826,2,"",M,57.255,2,"",M,6.000,2,"",N,15.142,2,"",M,33.028,2,"",M,15.550,2,"",M,1011.140,2,"",M,370.571,2,"",M,NaN,,,0,NaN,,,M,357.244,2,"",355.965,2,"",NaN,,,NaN,,,NaN,,
2023-08-12T04:55:47.000Z,4.819,2,"",M,57.257,2,"",M,6.000,2,"",N,15.136,2,"",M,33.022,2,"",M,15.540,2,"",M,1011.110,2,"",M,370.213,2,"",M,NaN,,,0,NaN,,,M,356.947,2,"",355.669,2,"",NaN,,,NaN,,,NaN,,
2023-08-12T04:57:39.000Z,4.813,2,"",M,57.260,2,"",M,6.000,2,"",N,15.126,2,"",M,33.018,2,"",M,15.530,2,"",M,1011.090,2,"",M,369.705,2,"",M,NaN,,,0,NaN,,,M,356.454,2,"",355.177,2,"",NaN,,,NaN,,,NaN,,
2023-08-12T04:59:31.000Z,4.806,2,"",M,57.262,2,"",M,6.000,2,"",N,15.118,2,"",M,33.016,2,"",M,15.530,2,"",M,1010.900,2,"",M,369.617,2,"",M,NaN,,,0,NaN,,,M,356.175,2,"",354.900,2,"",NaN,,,NaN,,,NaN,,
2023-08-12T05:01:23.000Z,4.806,2,"",M,57.265,2,"",M,6.000,2,"",N,15.111,2,"",M,33.017,2,"",M,15.520,2,"",M,1011.020,2,"",M,369.599,2,"",M,NaN,,,0,NaN,,,M,356.256,2,"",354.980,2,"",NaN,,,NaN,,,NaN,,
2023-08-12T05:03:14.000Z,4.811,2,"",M,57.267,2,"",M,6.000,2,"",N,15.106,2,"",M,33.016,2,"",M,15.510,2,"",M,1010.930,2,"",M,369.481,2,"",M,NaN,,,0,NaN,,,M,356.191,2,"",354.916,2,"",NaN,,,NaN,,,NaN,,
2023-08-12T05:05:06.000Z,4.817,2,"",M,57.270,2,"",M,6.000,2,"",N,15.111,2,"",M,33.012,2,"",M,15.510,2,"",M,1010.950,2,"",M,369.142,2,"",M,NaN,,,0,NaN,,,M,355.941,2,"",354.666,2,"",NaN,,,NaN,,,NaN,,
2023-08-12T05:06:58.000Z,4.822,2,"",M,57.272,2,"",M,6.000,2,"",N,15.121,2,"",M,33.003,2,"",M,15.510,2,"",M,1010.910,2,"",M,368.944,2,"",M,NaN,,,0,NaN,,,M,355.887,2,"",354.612,2,"",NaN,,,NaN,,,NaN,,
2023-08-12T05:08:50.000Z,4.828,2,"",M,57.275,2,"",M,6.000,2,"",N,15.130,2,"",M,32.999,2,"",M,15.520,2,"",M,1010.810,2,"",M,369.106,2,"",M,NaN,,,0,NaN,,,M,355.996,2,"",354.722,2,"",NaN,,,NaN,,,NaN,,
2023-08-12T05:10:42.000Z,4.834,2,"",M,57.277,2,"",M,6.000,2,"",N,15.135,2,"",M,32.998,2,"",M,15.530,2,"",M,1010.860,2,"",M,369.298,2,"",M,NaN,,,0,NaN,,,M,356.119,2,"",354.844,2,"",NaN,,,NaN,,,NaN,,
2023-08-12T05:12:33.000Z,4.840,2,"",M,57.279,2,"",M,6.000,2,"",N,15.133,2,"",M,32.999,2,"",M,15.530,2,"",M,1010.850,2,"",M,369.900,2,"",M,NaN,,,0,NaN,,,M,356.666,2,"",355.389,2,"",NaN,,,NaN,,,NaN,,
2023-08-12T05:14:46.000Z,4.847,2,"",M,57.282,2,"",M,6.000,2,"",N,15.127,2,"",M,33.001,2,"",M,15.530,2,"",M,1011.030,2,"",M,370.702,2,"",M,NaN,,,0,NaN,,,M,357.409,2,"",356.129,2,"",NaN,,,NaN,,,NaN,,
2023-08-12T05:16:38.000Z,4.853,2,"",M,57.285,2,"",M,6.000,2,"",N,15.118,2,"",M,33.006,2,"",M,15.530,2,"",M,1010.920,2,"",M,371.064,2,"",M,NaN,,,0,NaN,,,M,357.584,2,"",356.304,2,"",NaN,,,NaN,,,NaN,,
2023-08-12T05:18:30.000Z,4.859,2,"",M,57.287,2,"",M,6.000,2,"",N,15.112,2,"",M,33.013,2,"",M,15.520,2,"",M,1010.920,2,"",M,371.476,2,"",M,NaN,,,0,NaN,,,M,358.049,2,"",356.767,2,"",NaN,,,NaN,,,NaN,,
2023-08-12T05:20:22.000Z,4.865,2,"",M,57.290,2,"",M,6.000,2,"",N,15.108,2,"",M,33.021,2,"",M,15.510,2,"",M,1010.920,2,"",M,371.508,2,"",M,NaN,,,0,NaN,,,M,358.165,2,"",356.882,2,"",NaN,,,NaN,,,NaN,,
2023-08-12T05:22:13.000Z,4.870,2,"",M,57.292,2,"",M,6.000,2,"",N,15.104,2,"",M,33.032,2,"",M,15.510,2,"",M,1011.000,2,"",M,372.040,2,"",M,NaN,,,0,NaN,,,M,358.648,2,"",357.364,2,"",NaN,,,NaN,,,NaN,,
2023-08-12T05:24:06.000Z,4.876,2,"",M,57.295,2,"",M,6.000,2,"",N,15.104,2,"",M,33.045,2,"",M,15.510,2,"",M,1010.940,2,"",M,371.912,2,"",M,NaN,,,0,NaN,,,M,358.503,2,"",357.219,2,"",NaN,,,NaN,,,NaN,,
2023-08-12T05:25:58.000Z,4.882,2,"",M,57.297,2,"",M,6.000,2,"",N,15.102,2,"",M,33.056,2,"",M,15.500,2,"",M,1010.970,2,"",M,372.404,2,"",M,NaN,,,0,NaN,,,M,359.116,2,"",357.830,2,"",NaN,,,NaN,,,NaN,,
2023-08-12T05:27:50.000Z,4.888,2,"",M,57.300,2,"",M,6.000,2,"",N,15.104,2,"",M,33.076,2,"",M,15.500,2,"",M,1010.980,2,"",M,372.506,2,"",M,NaN,,,0,NaN,,,M,359.250,2,"",357.963,2,"",NaN,,,NaN,,,NaN,,
2023-08-12T05:29:42.000Z,4.894,2,"",M,57.303,2,"",M,6.000,2,"",N,15.108,2,"",M,33.094,2,"",M,15.500,2,"",M,1010.850,2,"",M,372.778,2,"",M,NaN,,,0,NaN,,,M,359.527,2,"",358.239,2,"",NaN,,,NaN,,,NaN,,
2023-08-12T05:31:34.000Z,4.900,2,"",M,57.305,2,"",M,6.000,2,"",N,15.113,2,"",M,33.108,2,"",M,15.500,2,"",M,1010.920,2,"",M,373.350,2,"",M,NaN,,,0,NaN,,,M,360.183,2,"",358.893,2,"",NaN,,,NaN,,,NaN,,
2023-08-12T05:33:26.000Z,4.906,2,"",M,57.308,2,"",M,6.000,2,"",N,15.122,2,"",M,33.128,2,"",M,15.510,2,"",M,1010.890,2,"",M,373.622,2,"",M,NaN,,,0,NaN,,,M,360.407,2,"",359.116,2,"",NaN,,,NaN,,,NaN,,
2023-08-12T05:35:18.000Z,4.912,2,"",M,57.310,2,"",M,6.000,2,"",N,15.134,2,"",M,33.147,2,"",M,15.520,2,"",M,1010.930,2,"",M,373.734,2,"",M,NaN,,,0,NaN,,,M,360.554,2,"",359.263,2,"",NaN,,,NaN,,,NaN,,
2023-08-12T05:37:10.000Z,4.918,2,"",M,57.313,2,"",M,6.000,2,"",N,15.145,2,"",M,33.166,2,"",M,15.530,2,"",M,1010.960,2,"",M,374.136,2,"",M,NaN,,,0,NaN,,,M,360.968,2,"",359.675,2,"",NaN,,,NaN,,,NaN,,
2023-08-12T05:39:02.000Z,4.924,2,"",M,57.315,2,"",M,6.000,2,"",N,15.154,2,"",M,33.182,2,"",M,15.540,2,"",M,1010.900,2,"",M,374.207,2,"",M,NaN,,,0,NaN,,,M,360.994,2,"",359.702,2,"",NaN,,,NaN,,,NaN,,
2023-08-12T05:40:53.000Z,4.930,2,"",M,57.318,2,"",M,6.000,2,"",N,15.153,2,"",M,33.198,2,"",M,15.550,2,"",M,1010.890,2,"",M,374.439,2,"",M,NaN,,,0,NaN,,,M,361.048,2,"",359.756,2,"",NaN,,,NaN,,,NaN,,
2023-08-12T05:42:45.000Z,4.936,2,"",M,57.318,2,"",M,6.000,2,"",N,15.142,2,"",M,33.217,2,"",M,15.550,2,"",M,1010.890,2,"",M,374.661,2,"",M,NaN,,,0,NaN,,,M,361.088,2,"",359.796,2,"",NaN,,,NaN,,,NaN,,
2023-08-12T05:44:37.000Z,4.942,2,"",M,57.317,2,"",M,6.000,2,"",N,15.084,2,"",M,33.219,2,"",M,15.540,2,"",M,1010.730,2,"",M,374.683,2,"",M,NaN,,,0,NaN,,,M,360.332,2,"",359.042,2,"",NaN,,,NaN,,,NaN,,
2023-08-12T05:46:29.000Z,4.947,2,"",M,57.315,2,"",M,6.000,2,"",N,14.996,2,"",M,33.202,2,"",M,15.500,2,"",M,1010.750,2,"",M,374.895,2,"",M,NaN,,,0,NaN,,,M,359.819,2,"",358.530,2,"",NaN,,,NaN,,,NaN,,
2023-08-12T05:48:20.000Z,4.953,2,"",M,57.313,2,"",M,6.000,2,"",N,14.922,2,"",M,33.187,2,"",M,15.410,2,"",M,1010.710,2,"",M,374.277,2,"",M,NaN,,,0,NaN,,,M,359.494,2,"",358.206,2,"",NaN,,,NaN,,,NaN,,
2023-08-12T05:50:12.000Z,4.959,2,"",M,57.311,2,"",M,6.000,2,"",N,14.904,2,"",M,33.176,2,"",M,15.340,2,"",M,1010.690,2,"",M,373.379,2,"",M,NaN,,,0,NaN,,,M,359.444,2,"",358.154,2,"",NaN,,,NaN,,,NaN,,
2023-08-12T05:52:04.000Z,4.965,2,"",M,57.309,2,"",M,6.000,2,"",N,14.920,2,"",I,33.177,2,"",I,15.320,2,"",M,1010.650,2,"",M,372.321,2,"",M,NaN,,,0,NaN,,,M,358.967,2,"",357.679,2,"",NaN,,,NaN,,,NaN,,
2023-08-12T05:53:56.000Z,4.971,2,"",M,57.307,2,"",M,6.000,2,"",N,14.936,2,"",M,33.179,2,"",M,15.310,2,"",M,1010.750,2,"",M,371.423,2,"",M,NaN,,,0,NaN,,,M,358.538,2,"",357.251,2,"",NaN,,,NaN,,,NaN,,
2023-08-12T05:55:49.000Z,4.977,2,"",M,57.305,2,"",M,6.000,2,"",N,14.945,2,"",M,33.172,2,"",M,15.340,2,"",M,1010.670,2,"",M,371.235,2,"",M,NaN,,,0,NaN,,,M,357.999,2,"",356.714,2,"",NaN,,,NaN,,,NaN,,
2023-08-12T05:57:41.000Z,4.983,2,"",M,57.303,2,"",M,6.000,2,"",N,14.954,2,"",M,33.156,2,"",M,15.350,2,"",M,1010.730,2,"",M,370.997,2,"",M,NaN,,,0,NaN,,,M,357.764,2,"",356.480,2,"",NaN,,,NaN,,,NaN,,
2023-08-12T05:59:32.000Z,4.989,2,"",M,57.302,2,"",M,6.000,2,"",N,14.970,2,"",M,33.129,2,"",M,15.350,2,"",M,1010.720,2,"",M,370.859,2,"",M,NaN,,,0,NaN,,,M,357.868,2,"",356.584,2,"",NaN,,,NaN,,,NaN,,
2023-08-12T06:01:24.000Z,4.994,2,"",M,57.300,2,"",M,6.000,2,"",N,14.993,2,"",M,33.106,2,"",M,15.370,2,"",M,1010.660,2,"",M,370.891,2,"",M,NaN,,,0,NaN,,,M,357.914,2,"",356.631,2,"",NaN,,,NaN,,,NaN,,
2023-08-12T06:03:16.000Z,5.000,2,"",M,57.298,2,"",M,6.000,2,"",N,15.028,2,"",M,33.079,2,"",M,15.390,2,"",M,1010.720,2,"",M,370.843,2,"",M,NaN,,,0,NaN,,,M,358.110,2,"",356.826,2,"",NaN,,,NaN,,,NaN,,
2023-08-12T06:05:08.000Z,5.006,2,"",M,57.296,2,"",M,6.000,2,"",N,15.038,2,"",M,33.067,2,"",M,15.420,2,"",M,1010.640,2,"",M,370.865,2,"",M,NaN,,,0,NaN,,,M,357.794,2,"",356.511,2,"",NaN,,,NaN,,,NaN,,
2023-08-12T06:07:00.000Z,5.012,2,"",M,57.294,2,"",M,6.000,2,"",N,15.040,2,"",M,33.091,2,"",M,15.440,2,"",M,1010.750,2,"",M,370.667,2,"",M,NaN,,,0,NaN,,,M,357.354,2,"",356.073,2,"",NaN,,,NaN,,,NaN,,
2023-08-12T06:08:51.000Z,5.017,2,"",M,57.292,2,"",M,6.000,2,"",N,15.045,2,"",M,33.162,2,"",M,15.440,2,"",M,1010.740,2,"",M,370.619,2,"",M,NaN,,,0,NaN,,,M,357.385,2,"",356.104,2,"",NaN,,,NaN,,,NaN,,
2023-08-12T06:10:43.000Z,5.022,2,"",M,57.290,2,"",M,6.000,2,"",N,15.051,2,"",M,33.209,2,"",M,15.440,2,"",M,1010.810,2,"",M,370.821,2,"",M,NaN,,,0,NaN,,,M,357.701,2,"",356.419,2,"",NaN,,,NaN,,,NaN,,
2023-08-12T06:12:35.000Z,5.028,2,"",M,57.288,2,"",M,6.000,2,"",N,15.052,2,"",M,33.236,2,"",M,15.450,2,"",M,1010.760,2,"",M,371.033,2,"",M,NaN,,,0,NaN,,,M,357.745,2,"",356.464,2,"",NaN,,,NaN,,,NaN,,
2023-08-12T06:14:48.000Z,5.034,2,"",M,57.286,2,"",M,6.000,2,"",N,15.055,2,"",M,33.228,2,"",M,15.450,2,"",M,1011.020,2,"",M,371.395,2,"",M,NaN,,,0,NaN,,,M,358.230,2,"",356.946,2,"",NaN,,,NaN,,,NaN,,
2023-08-12T06:16:39.000Z,5.040,2,"",M,57.284,2,"",M,6.000,2,"",N,15.058,2,"",M,33.221,2,"",M,15.450,2,"",M,1011.030,2,"",M,371.497,2,"",M,NaN,,,0,NaN,,,M,358.384,2,"",357.099,2,"",NaN,,,NaN,,,NaN,,
2023-08-12T06:18:31.000Z,5.045,2,"",M,57.282,2,"",M,6.000,2,"",N,15.073,2,"",M,33.210,2,"",M,15.460,2,"",M,1011.020,2,"",M,371.339,2,"",M,NaN,,,0,NaN,,,M,358.298,2,"",357.014,2,"",NaN,,,NaN,,,NaN,,
2023-08-12T06:20:23.000Z,5.051,2,"",M,57.280,2,"",M,6.000,2,"",N,15.092,2,"",M,33.194,2,"",M,15.470,2,"",M,1010.930,2,"",M,371.301,2,"",M,NaN,,,0,NaN,,,M,358.350,2,"",357.067,2,"",NaN,,,NaN,,,NaN,,
2023-08-12T06:22:15.000Z,5.056,2,"",M,57.278,2,"",M,6.000,2,"",N,15.108,2,"",M,33.172,2,"",M,15.490,2,"",M,1010.920,2,"",M,371.273,2,"",M,NaN,,,0,NaN,,,M,358.262,2,"",356.978,2,"",NaN,,,NaN,,,NaN,,
2023-08-12T06:24:06.000Z,5.062,2,"",M,57.276,2,"",M,6.000,2,"",N,15.111,2,"",M,33.152,2,"",M,15.500,2,"",M,1011.070,2,"",M,371.625,2,"",M,NaN,,,0,NaN,,,M,358.540,2,"",357.256,2,"",NaN,,,NaN,,,NaN,,
2023-08-12T06:25:58.000Z,5.067,2,"",M,57.274,2,"",M,6.000,2,"",N,15.092,2,"",M,33.119,2,"",M,15.510,2,"",M,1010.990,2,"",M,371.637,2,"",M,NaN,,,0,NaN,,,M,358.080,2,"",356.798,2,"",NaN,,,NaN,,,NaN,,
2023-08-12T06:27:50.000Z,5.073,2,"",M,57.272,2,"",M,6.000,2,"",N,15.097,2,"",M,33.056,2,"",M,15.500,2,"",M,1011.040,2,"",M,371.439,2,"",M,NaN,,,0,NaN,,,M,358.132,2,"",356.849,2,"",NaN,,,NaN,,,NaN,,
2023-08-12T06:29:41.000Z,5.078,2,"",M,57.270,2,"",M,6.000,2,"",N,15.102,2,"",M,33.007,2,"",M,15.500,2,"",M,1011.030,2,"",M,370.901,2,"",M,NaN,,,0,NaN,,,M,357.685,2,"",356.404,2,"",NaN,,,NaN,,,NaN,,
2023-08-12T06:31:33.000Z,5.084,2,"",M,57.269,2,"",M,6.000,2,"",N,15.101,2,"",M,32.945,2,"",M,15.500,2,"",M,1010.940,2,"",M,370.813,2,"",M,NaN,,,0,NaN,,,M,357.557,2,"",356.276,2,"",NaN,,,NaN,,,NaN,,
2023-08-12T06:33:25.000Z,5.089,2,"",M,57.267,2,"",M,6.000,2,"",N,15.087,2,"",M,32.900,2,"",M,15.500,2,"",M,1011.040,2,"",M,370.845,2,"",M,NaN,,,0,NaN,,,M,357.419,2,"",356.139,2,"",NaN,,,NaN,,,NaN,,
2023-08-12T06:35:17.000Z,5.095,2,"",M,57.265,2,"",M,6.000,2,"",N,15.078,2,"",M,32.894,2,"",M,15.490,2,"",M,1011.010,2,"",M,371.366,2,"",M,NaN,,,0,NaN,,,M,357.926,2,"",356.644,2,"",NaN,,,NaN,,,NaN,,
2023-08-12T06:37:10.000Z,5.101,2,"",M,57.263,2,"",M,6.000,2,"",N,15.098,2,"",M,32.911,2,"",M,15.480,2,"",M,1010.920,2,"",M,371.518,2,"",M,NaN,,,0,NaN,,,M,358.492,2,"",357.208,2,"",NaN,,,NaN,,,NaN,,
2023-08-12T06:39:02.000Z,5.106,2,"",M,57.261,2,"",M,6.000,2,"",N,15.113,2,"",M,32.948,2,"",M,15.490,2,"",M,1011.220,2,"",M,371.690,2,"",M,NaN,,,0,NaN,,,M,358.843,2,"",357.557,2,"",NaN,,,NaN,,,NaN,,
2023-08-12T06:40:54.000Z,5.112,2,"",M,57.259,2,"",M,6.000,2,"",N,15.125,2,"",M,32.975,2,"",M,15.510,2,"",M,1011.000,2,"",M,372.132,2,"",M,NaN,,,0,NaN,,,M,359.058,2,"",357.772,2,"",NaN,,,NaN,,,NaN,,
2023-08-12T06:45:23.000Z,5.125,2,"",M,57.255,2,"",M,6.000,2,"",N,NaN,,,M,NaN,,,M,NaN,,,M,NaN,,,M,NaN,,,0,NaN,,,0,NaN,,,M,NaN,,,NaN,,,NaN,,,NaN,,,NaN,,
2023-08-12T06:47:13.000Z,5.130,2,"",M,57.253,2,"",M,6.000,2,"",N,NaN,,,M,NaN,,,M,NaN,,,M,NaN,,,M,NaN,,,0,NaN,,,0,NaN,,,M,NaN,,,NaN,,,NaN,,,NaN,,,NaN,,
2023-08-12T06:49:03.000Z,5.136,2,"",M,57.251,2,"",M,6.000,2,"",N,NaN,,,M,NaN,,,M,NaN,,,M,NaN,,,M,NaN,,,0,NaN,,,0,NaN,,,M,NaN,,,NaN,,,NaN,,,NaN,,,NaN,,
2023-08-12T06:53:32.000Z,5.150,2,"",M,57.246,2,"",M,6.000,2,"",N,NaN,,,M,NaN,,,M,NaN,,,M,NaN,,,M,NaN,,,0,NaN,,,0,NaN,,,M,NaN,,,NaN,,,NaN,,,NaN,,,NaN,,
2023-08-12T06:55:22.000Z,5.156,2,"",M,57.247,2,"",M,6.000,2,"",N,NaN,,,M,NaN,,,M,NaN,,,M,NaN,,,M,NaN,,,0,NaN,,,0,NaN,,,M,NaN,,,NaN,,,NaN,,,NaN,,,NaN,,
2023-08-12T06:57:11.000Z,5.163,2,"",M,57.248,2,"",M,6.000,2,"",N,NaN,,,M,NaN,,,M,NaN,,,M,NaN,,,M,NaN,,,0,NaN,,,0,NaN,,,M,NaN,,,NaN,,,NaN,,,NaN,,,NaN,,
2023-08-12T07:01:41.000Z,5.180,2,"",M,57.250,2,"",M,6.000,2,"",N,NaN,,,M,NaN,,,M,NaN,,,M,NaN,,,M,NaN,,,0,NaN,,,0,NaN,,,M,NaN,,,NaN,,,NaN,,,NaN,,,NaN,,
2023-08-12T07:03:31.000Z,5.187,2,"",M,57.251,2,"",M,6.000,2,"",N,NaN,,,M,NaN,,,M,NaN,,,M,NaN,,,M,NaN,,,0,NaN,,,0,NaN,,,M,NaN,,,NaN,,,NaN,,,NaN,,,NaN,,
2023-08-12T07:05:20.000Z,5.194,2,"",M,57.252,2,"",M,6.000,2,"",N,NaN,,,M,NaN,,,M,NaN,,,M,NaN,,,M,NaN,,,0,NaN,,,0,NaN,,,M,NaN,,,NaN,,,NaN,,,NaN,,,NaN,,
2023-08-12T07:09:49.000Z,5.212,2,"",M,57.254,2,"",M,6.000,2,"",N,15.136,2,"",M,32.947,2,"",M,NaN,,,M,NaN,,,M,NaN,,,0,420.882,2,"",M,1010.400,2,"",M,NaN,,,NaN,,,420.882,2,"",413.681,2,"",412.190,2,""
2023-08-12T07:11:40.000Z,5.219,2,"",M,57.255,2,"",M,6.000,2,"",N,15.124,2,"",M,32.954,2,"",M,NaN,,,M,NaN,,,M,NaN,,,0,420.669,2,"",M,1010.300,2,"",M,NaN,,,NaN,,,420.669,2,"",413.435,2,"",411.945,2,""
2023-08-12T07:13:29.000Z,5.227,2,"",M,57.256,2,"",M,6.000,2,"",N,15.120,2,"",M,32.963,2,"",M,NaN,,,M,NaN,,,M,NaN,,,0,420.676,2,"",M,1010.300,2,"",M,NaN,,,NaN,,,420.676,2,"",413.444,2,"",411.953,2,""
2023-08-12T07:15:39.000Z,5.235,2,"",M,57.257,2,"",M,6.000,2,"",N,15.121,2,"",M,32.981,2,"",M,NaN,,,M,NaN,,,M,NaN,,,0,420.533,2,"",M,1010.300,2,"",M,NaN,,,NaN,,,420.533,2,"",413.303,2,"",411.813,2,""
2023-08-12T07:17:29.000Z,5.243,2,"",M,57.258,2,"",M,6.000,2,"",N,15.111,2,"",M,33.007,2,"",M,NaN,,,M,NaN,,,M,NaN,,,0,420.820,2,"",M,1010.300,2,"",M,NaN,,,NaN,,,420.820,2,"",413.589,2,"",412.098,2,""
2023-08-12T07:22:39.000Z,5.263,2,"",M,57.261,2,"",M,6.000,2,"",N,15.172,2,"",M,33.065,2,"",M,15.550,2,"",M,1011.110,2,"",M,373.578,2,"",M,NaN,,,0,NaN,,,M,360.592,2,"",359.301,2,"",NaN,,,NaN,,,NaN,,
2023-08-12T07:24:31.000Z,5.271,2,"",M,57.263,2,"",M,6.000,2,"",N,15.169,2,"",M,33.033,2,"",M,15.570,2,"",M,1011.020,2,"",M,373.815,2,"",M,NaN,,,0,NaN,,,M,360.416,2,"",359.126,2,"",NaN,,,NaN,,,NaN,,
2023-08-12T07:26:23.000Z,5.278,2,"",M,57.264,2,"",M,6.000,2,"",N,15.149,2,"",M,32.987,2,"",M,15.570,2,"",M,1011.060,2,"",M,373.782,2,"",M,NaN,,,0,NaN,,,M,360.101,2,"",358.813,2,"",NaN,,,NaN,,,NaN,,
2023-08-12T07:28:14.000Z,5.285,2,"",M,57.265,2,"",M,6.000,2,"",N,15.136,2,"",M,32.942,2,"",M,15.550,2,"",M,1011.130,2,"",M,373.820,2,"",M,NaN,,,0,NaN,,,M,360.284,2,"",358.995,2,"",NaN,,,NaN,,,NaN,,
2023-08-12T07:30:06.000Z,5.293,2,"",M,57.266,2,"",M,6.000,2,"",N,15.121,2,"",M,32.902,2,"",M,15.540,2,"",M,1011.010,2,"",M,373.567,2,"",M,NaN,,,0,NaN,,,M,359.914,2,"",358.626,2,"",NaN,,,NaN,,,NaN,,
2023-08-12T07:31:58.000Z,5.300,2,"",M,57.267,2,"",M,6.000,2,"",N,15.112,2,"",M,32.870,2,"",M,15.520,2,"",M,1010.950,2,"",M,373.314,2,"",M,NaN,,,0,NaN,,,M,359.824,2,"",358.536,2,"",NaN,,,NaN,,,NaN,,
2023-08-12T07:33:50.000Z,5.308,2,"",M,57.268,2,"",M,6.000,2,"",N,15.106,2,"",M,32.832,2,"",M,15.510,2,"",M,1010.970,2,"",M,373.161,2,"",M,NaN,,,0,NaN,,,M,359.754,2,"",358.466,2,"",NaN,,,NaN,,,NaN,,
2023-08-12T07:35:41.000Z,5.316,2,"",M,57.269,2,"",M,6.000,2,"",N,15.099,2,"",M,32.805,2,"",M,15.510,2,"",M,1010.950,2,"",M,372.799,2,"",M,NaN,,,0,NaN,,,M,359.297,2,"",358.010,2,"",NaN,,,NaN,,,NaN,,
2023-08-12T07:37:33.000Z,5.323,2,"",M,57.270,2,"",M,6.000,2,"",N,15.085,2,"",M,32.768,2,"",M,15.500,2,"",M,1010.940,2,"",M,372.706,2,"",M,NaN,,,0,NaN,,,M,359.143,2,"",357.857,2,"",NaN,,,NaN,,,NaN,,
2023-08-12T07:39:25.000Z,5.331,2,"",M,57.271,2,"",M,6.000,2,"",N,15.051,2,"",M,32.724,2,"",M,15.490,2,"",M,1010.950,2,"",M,372.084,2,"",M,NaN,,,0,NaN,,,M,358.190,2,"",356.907,2,"",NaN,,,NaN,,,NaN,,
2023-08-12T07:41:17.000Z,5.339,2,"",M,57.272,2,"",M,6.000,2,"",N,15.036,2,"",M,32.686,2,"",M,15.460,2,"",M,1010.910,2,"",M,371.331,2,"",M,NaN,,,0,NaN,,,M,357.688,2,"",356.406,2,"",NaN,,,NaN,,,NaN,,
2023-08-12T07:43:08.000Z,5.346,2,"",M,57.273,2,"",M,6.000,2,"",N,15.032,2,"",M,32.647,2,"",M,15.440,2,"",M,1010.910,2,"",M,369.369,2,"",M,NaN,,,0,NaN,,,M,356.039,2,"",354.763,2,"",NaN,,,NaN,,,NaN,,
2023-08-12T07:45:00.000Z,5.354,2,"",M,57.274,2,"",M,6.000,2,"",N,15.030,2,"",M,32.619,2,"",M,15.440,2,"",M,1010.820,2,"",M,367.287,2,"",M,NaN,,,0,NaN,,,M,353.975,2,"",352.706,2,"",NaN,,,NaN,,,NaN,,
2023-08-12T07:46:52.000Z,5.361,2,"",M,57.275,2,"",M,6.000,2,"",N,15.032,2,"",M,32.601,2,"",M,15.430,2,"",M,1010.910,2,"",M,365.734,2,"",M,NaN,,,0,NaN,,,M,352.691,2,"",351.427,2,"",NaN,,,NaN,,,NaN,,
2023-08-12T07:48:43.000Z,5.369,2,"",M,57.276,2,"",M,6.000,2,"",N,15.043,2,"",M,32.577,2,"",M,15.440,2,"",M,1010.710,2,"",M,364.602,2,"",M,NaN,,,0,NaN,,,M,351.547,2,"",350.287,2,"",NaN,,,NaN,,,NaN,,
2023-08-12T07:50:35.000Z,5.377,2,"",M,57.277,2,"",M,6.000,2,"",N,15.061,2,"",M,32.567,2,"",M,15.440,2,"",M,1011.020,2,"",M,363.709,2,"",M,NaN,,,0,NaN,,,M,351.055,2,"",349.797,2,"",NaN,,,NaN,,,NaN,,
2023-08-12T07:52:27.000Z,5.384,2,"",M,57.279,2,"",M,6.000,2,"",N,15.077,2,"",M,32.564,2,"",M,15.460,2,"",M,1010.950,2,"",M,363.147,2,"",M,NaN,,,0,NaN,,,M,350.424,2,"",349.169,2,"",NaN,,,NaN,,,NaN,,
2023-08-12T07:54:19.000Z,5.391,2,"",M,57.281,2,"",M,6.000,2,"",N,15.095,2,"",M,32.560,2,"",M,15.480,2,"",M,1010.870,2,"",M,363.214,2,"",M,NaN,,,0,NaN,,,M,350.418,2,"",349.163,2,"",NaN,,,NaN,,,NaN,,
2023-08-12T07:56:10.000Z,5.399,2,"",M,57.281,2,"",M,6.000,2,"",N,15.118,2,"",M,32.562,2,"",M,15.490,2,"",M,1010.895,2,"",M,363.711,2,"",M,NaN,,,0,NaN,,,M,351.095,2,"",349.838,2,"",NaN,,,NaN,,,NaN,,
2023-08-12T07:58:02.000Z,5.407,2,"",M,57.282,2,"",M,6.000,2,"",N,15.145,2,"",M,32.569,2,"",M,15.510,2,"",M,1010.920,2,"",M,364.599,2,"",M,NaN,,,0,NaN,,,M,352.057,2,"",350.796,2,"",NaN,,,NaN,,,NaN,,
2023-08-12T07:59:54.000Z,5.415,2,"",M,57.283,2,"",M,6.000,2,"",N,15.169,2,"",M,32.582,2,"",M,15.540,2,"",M,1011.040,2,"",M,365.946,2,"",M,NaN,,,0,NaN,,,M,353.305,2,"",352.041,2,"",NaN,,,NaN,,,NaN,,
2023-08-12T08:01:46.000Z,5.419,2,"",M,57.281,2,"",M,6.000,2,"",N,15.191,2,"",M,32.594,2,"",M,15.560,2,"",M,1010.990,2,"",M,367.442,2,"",M,NaN,,,0,NaN,,,M,354.753,2,"",353.483,2,"",NaN,,,NaN,,,NaN,,
2023-08-12T08:03:38.000Z,5.422,2,"",M,57.278,2,"",M,6.000,2,"",N,15.203,2,"",M,32.601,2,"",M,15.580,2,"",M,1010.970,2,"",M,368.370,2,"",M,NaN,,,0,NaN,,,M,355.517,2,"",354.245,2,"",NaN,,,NaN,,,NaN,,
2023-08-12T08:05:29.000Z,5.425,2,"",M,57.274,2,"",M,6.000,2,"",N,15.223,2,"",M,32.608,2,"",M,15.600,2,"",M,1011.020,2,"",M,369.676,2,"",M,NaN,,,0,NaN,,,M,356.786,2,"",355.510,2,"",NaN,,,NaN,,,NaN,,
2023-08-12T08:07:21.000Z,5.428,2,"",M,57.271,2,"",M,6.000,2,"",N,15.231,2,"",M,32.612,2,"",M,15.610,2,"",M,1010.965,2,"",M,370.344,2,"",M,NaN,,,0,NaN,,,M,357.379,2,"",356.100,2,"",NaN,,,NaN,,,NaN,,
2023-08-12T08:09:13.000Z,5.431,2,"",M,57.267,2,"",M,6.000,2,"",N,15.235,2,"",M,32.609,2,"",M,15.620,2,"",M,1010.940,2,"",M,371.211,2,"",M,NaN,,,0,NaN,,,M,358.100,2,"",356.819,2,"",NaN,,,NaN,,,NaN,,
2023-08-12T08:11:05.000Z,5.435,2,"",M,57.264,2,"",M,6.000,2,"",N,15.234,2,"",M,32.605,2,"",M,15.630,2,"",M,1010.930,2,"",M,371.768,2,"",M,NaN,,,0,NaN,,,M,358.469,2,"",357.187,2,"",NaN,,,NaN,,,NaN,,
2023-08-12T08:12:56.000Z,5.438,2,"",M,57.260,2,"",M,6.000,2,"",N,15.231,2,"",M,32.601,2,"",M,15.630,2,"",M,1010.820,2,"",M,372.275,2,"",M,NaN,,,0,NaN,,,M,358.864,2,"",357.581,2,"",NaN,,,NaN,,,NaN,,
2023-08-12T08:14:48.000Z,5.441,2,"",M,57.257,2,"",M,6.000,2,"",N,15.227,2,"",M,32.597,2,"",M,15.630,2,"",M,1010.930,2,"",M,372.252,2,"",M,NaN,,,0,NaN,,,M,358.828,2,"",357.545,2,"",NaN,,,NaN,,,NaN,,
2023-08-12T08:17:01.000Z,5.445,2,"",M,57.252,2,"",M,6.000,2,"",N,15.224,2,"",M,32.592,2,"",M,15.620,2,"",M,1011.150,2,"",M,372.049,2,"",M,NaN,,,0,NaN,,,M,358.824,2,"",357.541,2,"",NaN,,,NaN,,,NaN,,
2023-08-12T08:18:53.000Z,5.448,2,"",M,57.249,2,"",M,6.000,2,"",N,15.223,2,"",M,32.588,2,"",M,15.620,2,"",M,1011.060,2,"",M,371.976,2,"",M,NaN,,,0,NaN,,,M,358.703,2,"",357.420,2,"",NaN,,,NaN,,,NaN,,
2023-08-12T08:20:44.000Z,5.451,2,"",M,57.245,2,"",M,6.000,2,"",N,15.227,2,"",M,32.589,2,"",M,15.620,2,"",M,1011.010,2,"",M,371.644,2,"",M,NaN,,,0,NaN,,,M,358.428,2,"",357.146,2,"",NaN,,,NaN,,,NaN,,
2023-08-12T08:22:36.000Z,5.455,2,"",M,57.242,2,"",M,6.000,2,"",N,15.234,2,"",M,32.593,2,"",M,15.620,2,"",M,1011.040,2,"",M,371.961,2,"",M,NaN,,,0,NaN,,,M,358.847,2,"",357.564,2,"",NaN,,,NaN,,,NaN,,
2023-08-12T08:24:28.000Z,5.458,2,"",M,57.239,2,"",M,6.000,2,"",N,15.236,2,"",M,32.597,2,"",M,15.630,2,"",M,1010.980,2,"",M,371.898,2,"",M,NaN,,,0,NaN,,,M,358.636,2,"",357.353,2,"",NaN,,,NaN,,,NaN,,
2023-08-12T08:26:19.000Z,5.461,2,"",M,57.235,2,"",M,6.000,2,"",N,15.217,2,"",M,32.600,2,"",M,15.630,2,"",M,1010.950,2,"",M,372.106,2,"",M,NaN,,,0,NaN,,,M,358.537,2,"",357.255,2,"",NaN,,,NaN,,,NaN,,
2023-08-12T08:28:11.000Z,5.465,2,"",M,57.231,2,"",M,6.000,2,"",N,15.182,2,"",M,32.594,2,"",M,15.620,2,"",M,1011.020,2,"",M,372.463,2,"",M,NaN,,,0,NaN,,,M,358.540,2,"",357.258,2,"",NaN,,,NaN,,,NaN,,
2023-08-12T08:30:03.000Z,5.468,2,"",M,57.228,2,"",M,6.000,2,"",N,15.151,2,"",M,32.584,2,"",M,15.590,2,"",M,1010.850,2,"",M,372.000,2,"",M,NaN,,,0,NaN,,,M,358.024,2,"",356.743,2,"",NaN,,,NaN,,,NaN,,
2023-08-12T08:31:55.000Z,5.465,2,"",M,57.225,2,"",M,6.000,2,"",N,15.129,2,"",M,32.580,2,"",M,15.560,2,"",M,1011.100,2,"",M,371.828,2,"",M,NaN,,,0,NaN,,,M,358.077,2,"",356.795,2,"",NaN,,,NaN,,,NaN,,
2023-08-12T08:33:47.000Z,5.459,2,"",M,57.225,2,"",M,6.000,2,"",N,15.109,2,"",M,32.578,2,"",M,15.530,2,"",M,1010.920,2,"",M,371.035,2,"",M,NaN,,,0,NaN,,,M,357.426,2,"",356.146,2,"",NaN,,,NaN,,,NaN,,
2023-08-12T08:35:38.000Z,5.452,2,"",M,57.224,2,"",M,6.000,2,"",N,15.124,2,"",M,32.579,2,"",M,15.520,2,"",M,1010.830,2,"",M,370.873,2,"",M,NaN,,,0,NaN,,,M,357.606,2,"",356.326,2,"",NaN,,,NaN,,,NaN,,
2023-08-12T08:37:30.000Z,5.445,2,"",M,57.223,2,"",M,6.000,2,"",N,15.140,2,"",M,32.584,2,"",M,15.520,2,"",M,1010.820,2,"",M,370.320,2,"",M,NaN,,,0,NaN,,,M,357.314,2,"",356.034,2,"",NaN,,,NaN,,,NaN,,
2023-08-12T08:39:22.000Z,5.437,2,"",M,57.222,2,"",M,6.000,2,"",N,15.153,2,"",M,32.587,2,"",M,15.540,2,"",M,1010.850,2,"",M,370.457,2,"",M,NaN,,,0,NaN,,,M,357.346,2,"",356.067,2,"",NaN,,,NaN,,,NaN,,
2023-08-12T08:41:14.000Z,5.430,2,"",M,57.221,2,"",M,6.000,2,"",N,15.167,2,"",M,32.590,2,"",M,15.550,2,"",M,1010.820,2,"",M,370.605,2,"",M,NaN,,,0,NaN,,,M,357.529,2,"",356.249,2,"",NaN,,,NaN,,,NaN,,
2023-08-12T08:43:05.000Z,5.423,2,"",M,57.220,2,"",M,6.000,2,"",N,15.179,2,"",M,32.590,2,"",M,15.560,2,"",M,1010.920,2,"",M,370.972,2,"",M,NaN,,,0,NaN,,,M,357.949,2,"",356.668,2,"",NaN,,,NaN,,,NaN,,
2023-08-12T08:44:57.000Z,5.416,2,"",M,57.219,2,"",M,6.000,2,"",N,15.180,2,"",M,32.588,2,"",M,15.570,2,"",M,1010.890,2,"",M,371.309,2,"",M,NaN,,,0,NaN,,,M,358.132,2,"",356.850,2,"",NaN,,,NaN,,,NaN,,
2023-08-12T08:46:49.000Z,5.408,2,"",M,57.218,2,"",M,6.000,2,"",N,15.182,2,"",M,32.584,2,"",M,15.580,2,"",M,1010.900,2,"",M,371.366,2,"",M,NaN,,,0,NaN,,,M,358.060,2,"",356.779,2,"",NaN,,,NaN,,,NaN,,
2023-08-12T08:48:41.000Z,5.401,2,"",M,57.217,2,"",M,6.000,2,"",N,15.178,2,"",M,32.576,2,"",M,15.580,2,"",M,1010.950,2,"",M,371.184,2,"",M,NaN,,,0,NaN,,,M,357.839,2,"",356.558,2,"",NaN,,,NaN,,,NaN,,
2023-08-12T08:50:34.000Z,5.394,2,"",M,57.216,2,"",M,6.000,2,"",N,15.172,2,"",M,32.572,2,"",M,15.580,2,"",M,1010.810,2,"",M,370.791,2,"",M,NaN,,,0,NaN,,,M,357.328,2,"",356.049,2,"",NaN,,,NaN,,,NaN,,
2023-08-12T08:52:25.000Z,5.386,2,"",M,57.215,2,"",M,6.000,2,"",N,15.164,2,"",M,32.567,2,"",M,15.570,2,"",M,1010.830,2,"",M,370.448,2,"",M,NaN,,,0,NaN,,,M,357.033,2,"",355.756,2,"",NaN,,,NaN,,,NaN,,
2023-08-12T08:54:17.000Z,5.379,2,"",M,57.214,2,"",M,6.000,2,"",N,15.156,2,"",M,32.561,2,"",M,15.560,2,"",M,1010.780,2,"",M,369.956,2,"",M,NaN,,,0,NaN,,,M,356.576,2,"",355.300,2,"",NaN,,,NaN,,,NaN,,
2023-08-12T08:56:09.000Z,5.373,2,"",M,57.212,2,"",M,6.000,2,"",N,15.147,2,"",M,32.557,2,"",M,15.560,2,"",M,1010.750,2,"",M,369.494,2,"",M,NaN,,,0,NaN,,,M,355.987,2,"",354.713,2,"",NaN,,,NaN,,,NaN,,
2023-08-12T08:58:01.000Z,5.366,2,"",M,57.210,2,"",M,6.000,2,"",N,15.138,2,"",M,32.550,2,"",M,15.550,2,"",M,1010.710,2,"",M,369.181,2,"",M,NaN,,,0,NaN,,,M,355.688,2,"",354.415,2,"",NaN,,,NaN,,,NaN,,
2023-08-12T08:59:52.000Z,5.360,2,"",M,57.208,2,"",M,6.000,2,"",N,15.122,2,"",M,32.544,2,"",M,15.540,2,"",M,1010.730,2,"",M,369.118,2,"",M,NaN,,,0,NaN,,,M,355.552,2,"",354.279,2,"",NaN,,,NaN,,,NaN,,
2023-08-12T09:01:44.000Z,5.353,2,"",M,57.206,2,"",M,6.000,2,"",N,15.109,2,"",M,32.541,2,"",M,15.530,2,"",M,1010.720,2,"",M,368.806,2,"",M,NaN,,,0,NaN,,,M,355.197,2,"",353.925,2,"",NaN,,,NaN,,,NaN,,
2023-08-12T09:03:36.000Z,5.347,2,"",M,57.204,2,"",M,6.000,2,"",N,15.093,2,"",M,32.540,2,"",M,15.510,2,"",M,1010.670,2,"",M,368.683,2,"",M,NaN,,,0,NaN,,,M,355.137,2,"",353.865,2,"",NaN,,,NaN,,,NaN,,
2023-08-12T09:05:28.000Z,5.341,2,"",M,57.202,2,"",M,6.000,2,"",N,15.098,2,"",M,32.557,2,"",M,15.500,2,"",M,1010.720,2,"",M,368.151,2,"",M,NaN,,,0,NaN,,,M,354.861,2,"",353.591,2,"",NaN,,,NaN,,,NaN,,
2023-08-12T09:07:19.000Z,5.334,2,"",M,57.200,2,"",M,6.000,2,"",N,15.099,2,"",M,32.598,2,"",M,15.500,2,"",M,1010.710,2,"",M,367.828,2,"",M,NaN,,,0,NaN,,,M,354.571,2,"",353.302,2,"",NaN,,,NaN,,,NaN,,
2023-08-12T09:09:12.000Z,5.328,2,"",M,57.198,2,"",M,6.000,2,"",N,15.094,2,"",M,32.641,2,"",M,15.500,2,"",M,1010.760,2,"",M,368.225,2,"",M,NaN,,,0,NaN,,,M,354.889,2,"",353.618,2,"",NaN,,,NaN,,,NaN,,
2023-08-12T09:11:03.000Z,5.322,2,"",M,57.196,2,"",M,6.000,2,"",N,15.124,2,"",M,32.734,2,"",M,15.500,2,"",M,1010.890,2,"",M,368.802,2,"",M,NaN,,,0,NaN,,,M,355.943,2,"",354.668,2,"",NaN,,,NaN,,,NaN,,
2023-08-12T09:12:55.000Z,5.315,2,"",M,57.194,2,"",M,6.000,2,"",N,15.134,2,"",M,32.829,2,"",M,15.520,2,"",M,1010.920,2,"",M,369.100,2,"",M,NaN,,,0,NaN,,,M,356.091,2,"",354.816,2,"",NaN,,,NaN,,,NaN,,
2023-08-12T09:14:46.000Z,5.309,2,"",M,57.192,2,"",M,6.000,2,"",N,15.135,2,"",M,32.903,2,"",M,15.530,2,"",M,1010.870,2,"",M,369.866,2,"",M,NaN,,,0,NaN,,,M,356.665,2,"",355.388,2,"",NaN,,,NaN,,,NaN,,
2023-08-12T09:16:59.000Z,5.301,2,"",M,57.190,2,"",M,6.000,2,"",N,15.131,2,"",M,32.922,2,"",M,15.530,2,"",M,1011.170,2,"",M,370.133,2,"",M,NaN,,,0,NaN,,,M,356.969,2,"",355.690,2,"",NaN,,,NaN,,,NaN,,
2023-08-12T09:18:51.000Z,5.295,2,"",M,57.188,2,"",M,6.000,2,"",N,15.127,2,"",M,32.936,2,"",M,15.530,2,"",M,1011.150,2,"",M,370.090,2,"",M,NaN,,,0,NaN,,,M,356.865,2,"",355.587,2,"",NaN,,,NaN,,,NaN,,
2023-08-12T09:20:43.000Z,5.289,2,"",M,57.186,2,"",M,6.000,2,"",N,15.122,2,"",M,32.942,2,"",M,15.530,2,"",M,1011.160,2,"",M,370.238,2,"",M,NaN,,,0,NaN,,,M,356.938,2,"",355.660,2,"",NaN,,,NaN,,,NaN,,
2023-08-12T09:22:35.000Z,5.282,2,"",M,57.184,2,"",M,6.000,2,"",N,15.114,2,"",M,32.946,2,"",M,15.520,2,"",M,1011.000,2,"",M,370.145,2,"",M,NaN,,,0,NaN,,,M,356.824,2,"",355.547,2,"",NaN,,,NaN,,,NaN,,
2023-08-12T09:24:27.000Z,5.276,2,"",M,57.182,2,"",M,6.000,2,"",N,15.107,2,"",M,32.948,2,"",M,15.520,2,"",M,1011.050,2,"",M,370.432,2,"",M,NaN,,,0,NaN,,,M,357.018,2,"",355.740,2,"",NaN,,,NaN,,,NaN,,
2023-08-12T09:26:18.000Z,5.270,2,"",M,57.180,2,"",M,6.000,2,"",N,15.108,2,"",M,32.955,2,"",M,15.510,2,"",M,1011.190,2,"",M,370.180,2,"",M,NaN,,,0,NaN,,,M,356.981,2,"",355.702,2,"",NaN,,,NaN,,,NaN,,
2023-08-12T09:28:10.000Z,5.263,2,"",M,57.178,2,"",M,6.000,2,"",N,15.116,2,"",M,32.977,2,"",M,15.510,2,"",M,1011.040,2,"",M,370.017,2,"",M,NaN,,,0,NaN,,,M,356.905,2,"",355.627,2,"",NaN,,,NaN,,,NaN,,
2023-08-12T09:30:02.000Z,5.257,2,"",M,57.176,2,"",M,6.000,2,"",N,15.129,2,"",M,32.999,2,"",M,15.520,2,"",M,1010.970,2,"",M,370.054,2,"",M,NaN,,,0,NaN,,,M,356.953,2,"",355.675,2,"",NaN,,,NaN,,,NaN,,
2023-08-12T09:31:54.000Z,5.250,2,"",M,57.174,2,"",M,6.000,2,"",N,15.140,2,"",M,33.027,2,"",M,15.530,2,"",M,1010.870,2,"",M,370.192,2,"",M,NaN,,,0,NaN,,,M,357.052,2,"",355.774,2,"",NaN,,,NaN,,,NaN,,
2023-08-12T09:33:45.000Z,5.244,2,"",M,57.172,2,"",M,6.000,2,"",N,15.143,2,"",M,33.053,2,"",M,15.540,2,"",M,1010.960,2,"",M,369.909,2,"",M,NaN,,,0,NaN,,,M,356.701,2,"",355.424,2,"",NaN,,,NaN,,,NaN,,
2023-08-12T09:35:37.000Z,5.238,2,"",M,57.169,2,"",M,6.000,2,"",N,15.149,2,"",M,33.077,2,"",M,15.540,2,"",M,1010.890,2,"",M,370.206,2,"",M,NaN,,,0,NaN,,,M,357.054,2,"",355.776,2,"",NaN,,,NaN,,,NaN,,
2023-08-12T09:37:29.000Z,5.231,2,"",M,57.168,2,"",M,6.000,2,"",N,15.162,2,"",M,33.102,2,"",M,15.550,2,"",M,1010.940,2,"",M,370.164,2,"",M,NaN,,,0,NaN,,,M,357.084,2,"",355.806,2,"",NaN,,,NaN,,,NaN,,
2023-08-12T09:39:21.000Z,5.224,2,"",M,57.166,2,"",M,6.000,2,"",N,15.169,2,"",M,33.122,2,"",M,15.560,2,"",M,1010.850,2,"",M,370.241,2,"",M,NaN,,,0,NaN,,,M,357.075,2,"",355.797,2,"",NaN,,,NaN,,,NaN,,
2023-08-12T09:41:12.000Z,5.218,2,"",M,57.164,2,"",M,6.000,2,"",N,15.164,2,"",M,33.142,2,"",M,15.570,2,"",M,1010.980,2,"",M,370.278,2,"",M,NaN,,,0,NaN,,,M,356.929,2,"",355.652,2,"",NaN,,,NaN,,,NaN,,
2023-08-12T09:43:04.000Z,5.211,2,"",M,57.162,2,"",M,6.000,2,"",N,15.146,2,"",M,33.158,2,"",M,15.560,2,"",M,1011.000,2,"",M,370.745,2,"",M,NaN,,,0,NaN,,,M,357.271,2,"",355.992,2,"",NaN,,,NaN,,,NaN,,
2023-08-12T09:44:56.000Z,5.205,2,"",M,57.160,2,"",M,6.000,2,"",N,15.127,2,"",M,33.175,2,"",M,15.550,2,"",M,1010.910,2,"",M,370.553,2,"",M,NaN,,,0,NaN,,,M,356.912,2,"",355.635,2,"",NaN,,,NaN,,,NaN,,
2023-08-12T09:46:48.000Z,5.199,2,"",M,57.158,2,"",M,6.000,2,"",N,15.146,2,"",M,33.211,2,"",M,15.530,2,"",M,1010.860,2,"",M,370.520,2,"",M,NaN,,,0,NaN,,,M,357.456,2,"",356.176,2,"",NaN,,,NaN,,,NaN,,
2023-08-12T09:48:39.000Z,5.192,2,"",M,57.156,2,"",M,6.000,2,"",N,15.183,2,"",M,33.244,2,"",M,15.540,2,"",M,1010.880,2,"",M,370.367,2,"",M,NaN,,,0,NaN,,,M,357.725,2,"",356.444,2,"",NaN,,,NaN,,,NaN,,
2023-08-12T09:50:31.000Z,5.186,2,"",M,57.154,2,"",M,6.000,2,"",N,15.201,2,"",M,33.258,2,"",M,15.580,2,"",M,1010.830,2,"",M,370.514,2,"",M,NaN,,,0,NaN,,,M,357.504,2,"",356.225,2,"",NaN,,,NaN,,,NaN,,
2023-08-12T09:52:23.000Z,5.179,2,"",M,57.152,2,"",M,6.000,2,"",N,15.209,2,"",M,33.265,2,"",M,15.600,2,"",M,1010.790,2,"",M,370.892,2,"",M,NaN,,,0,NaN,,,M,357.659,2,"",356.380,2,"",NaN,,,NaN,,,NaN,,
2023-08-12T09:54:15.000Z,5.173,2,"",M,57.150,2,"",M,6.000,2,"",N,15.206,2,"",M,33.264,2,"",M,15.610,2,"",M,1010.910,2,"",M,371.169,2,"",M,NaN,,,0,NaN,,,M,357.778,2,"",356.498,2,"",NaN,,,NaN,,,NaN,,
2023-08-12T09:56:07.000Z,5.167,2,"",M,57.148,2,"",M,6.000,2,"",N,15.213,2,"",M,33.268,2,"",M,15.600,2,"",M,1010.780,2,"",M,371.446,2,"",M,NaN,,,0,NaN,,,M,358.248,2,"",356.967,2,"",NaN,,,NaN,,,NaN,,
2023-08-12T09:57:58.000Z,5.160,2,"",M,57.146,2,"",M,6.000,2,"",N,15.244,2,"",M,33.279,2,"",M,15.610,2,"",M,1010.830,2,"",M,371.183,2,"",M,NaN,,,0,NaN,,,M,358.338,2,"",357.056,2,"",NaN,,,NaN,,,NaN,,
2023-08-12T09:59:50.000Z,5.154,2,"",M,57.144,2,"",M,6.000,2,"",N,15.270,2,"",M,33.283,2,"",M,15.640,2,"",M,1010.690,2,"",M,371.450,2,"",M,NaN,,,0,NaN,,,M,358.470,2,"",357.189,2,"",NaN,,,NaN,,,NaN,,
2023-08-12T10:01:42.000Z,5.148,2,"",M,57.142,2,"",M,6.000,2,"",N,15.299,2,"",M,33.283,2,"",M,15.660,2,"",M,1010.710,2,"",M,371.727,2,"",M,NaN,,,0,NaN,,,M,358.864,2,"",357.581,2,"",NaN,,,NaN,,,NaN,,
2023-08-12T10:03:34.000Z,5.141,2,"",M,57.140,2,"",M,6.000,2,"",N,15.313,2,"",M,33.283,2,"",M,15.690,2,"",M,1010.570,2,"",M,371.795,2,"",M,NaN,,,0,NaN,,,M,358.626,2,"",357.345,2,"",NaN,,,NaN,,,NaN,,
2023-08-12T10:05:25.000Z,5.134,2,"",M,57.138,2,"",M,6.000,2,"",N,15.312,2,"",M,33.283,2,"",M,15.700,2,"",M,1010.590,2,"",M,372.052,2,"",M,NaN,,,0,NaN,,,M,358.707,2,"",357.426,2,"",NaN,,,NaN,,,NaN,,
2023-08-12T10:07:17.000Z,5.127,2,"",M,57.136,2,"",M,6.000,2,"",N,15.306,2,"",M,33.282,2,"",M,15.710,2,"",M,1010.550,2,"",M,372.259,2,"",M,NaN,,,0,NaN,,,M,358.658,2,"",357.377,2,"",NaN,,,NaN,,,NaN,,
2023-08-12T10:09:09.000Z,5.120,2,"",M,57.133,2,"",M,6.000,2,"",N,15.299,2,"",M,33.279,2,"",M,15.700,2,"",M,1010.500,2,"",M,372.106,2,"",M,NaN,,,0,NaN,,,M,358.536,2,"",357.256,2,"",NaN,,,NaN,,,NaN,,
2023-08-12T10:11:01.000Z,5.113,2,"",M,57.131,2,"",M,6.000,2,"",N,15.295,2,"",M,33.279,2,"",M,15.700,2,"",M,1010.440,2,"",M,371.964,2,"",M,NaN,,,0,NaN,,,M,358.321,2,"",357.041,2,"",NaN,,,NaN,,,NaN,,
2023-08-12T10:12:52.000Z,5.106,2,"",M,57.129,2,"",M,6.000,2,"",N,15.290,2,"",M,33.271,2,"",M,15.690,2,"",M,1010.510,2,"",M,371.721,2,"",M,NaN,,,0,NaN,,,M,358.189,2,"",356.910,2,"",NaN,,,NaN,,,NaN,,
2023-08-12T10:14:44.000Z,5.098,2,"",M,57.127,2,"",M,6.000,2,"",N,15.286,2,"",M,33.265,2,"",M,15.690,2,"",M,1010.500,2,"",M,371.609,2,"",M,NaN,,,0,NaN,,,M,358.018,2,"",356.739,2,"",NaN,,,NaN,,,NaN,,
2023-08-12T10:16:57.000Z,5.090,2,"",M,57.124,2,"",M,6.000,2,"",N,15.289,2,"",M,33.264,2,"",M,15.680,2,"",M,1010.600,2,"",M,371.276,2,"",M,NaN,,,0,NaN,,,M,357.934,2,"",356.655,2,"",NaN,,,NaN,,,NaN,,
2023-08-12T10:18:49.000Z,5.082,2,"",M,57.122,2,"",M,6.000,2,"",N,15.294,2,"",M,33.277,2,"",M,15.690,2,"",M,1010.620,2,"",M,371.343,2,"",M,NaN,,,0,NaN,,,M,357.926,2,"",356.647,2,"",NaN,,,NaN,,,NaN,,
2023-08-12T10:20:41.000Z,5.075,2,"",M,57.119,2,"",M,6.000,2,"",N,15.312,2,"",M,33.343,2,"",M,15.690,2,"",M,1010.610,2,"",M,371.270,2,"",M,NaN,,,0,NaN,,,M,358.120,2,"",356.841,2,"",NaN,,,NaN,,,NaN,,
2023-08-12T10:22:32.000Z,5.067,2,"",M,57.117,2,"",M,6.000,2,"",N,15.365,2,"",M,33.416,2,"",M,15.710,2,"",M,1010.570,2,"",M,371.407,2,"",M,NaN,,,0,NaN,,,M,358.740,2,"",357.459,2,"",NaN,,,NaN,,,NaN,,
2023-08-12T10:24:24.000Z,5.060,2,"",M,57.114,2,"",M,6.000,2,"",N,15.411,2,"",M,33.454,2,"",M,15.750,2,"",M,1010.610,2,"",M,371.904,2,"",M,NaN,,,0,NaN,,,M,359.305,2,"",358.022,2,"",NaN,,,NaN,,,NaN,,
2023-08-12T10:26:16.000Z,5.052,2,"",M,57.112,2,"",M,6.000,2,"",N,15.433,2,"",M,33.494,2,"",M,15.790,2,"",M,1010.685,2,"",M,372.761,2,"",M,NaN,,,0,NaN,,,M,359.864,2,"",358.580,2,"",NaN,,,NaN,,,NaN,,
2023-08-12T10:28:08.000Z,5.045,2,"",M,57.110,2,"",M,6.000,2,"",N,15.437,2,"",M,33.510,2,"",M,15.820,2,"",M,1010.680,2,"",M,373.468,2,"",M,NaN,,,0,NaN,,,M,360.132,2,"",358.848,2,"",NaN,,,NaN,,,NaN,,
2023-08-12T10:32:37.000Z,5.027,2,"",M,57.104,2,"",M,6.000,2,"",N,NaN,,,M,NaN,,,M,NaN,,,M,NaN,,,M,NaN,,,0,NaN,,,0,NaN,,,M,NaN,,,NaN,,,NaN,,,NaN,,,NaN,,
2023-08-12T10:34:27.000Z,5.019,2,"",M,57.102,2,"",M,6.000,2,"",N,NaN,,,M,NaN,,,M,NaN,,,M,NaN,,,M,NaN,,,0,NaN,,,0,NaN,,,M,NaN,,,NaN,,,NaN,,,NaN,,,NaN,,
2023-08-12T10:36:16.000Z,5.012,2,"",M,57.099,2,"",M,6.000,2,"",N,NaN,,,M,NaN,,,M,NaN,,,M,NaN,,,M,NaN,,,0,NaN,,,0,NaN,,,M,NaN,,,NaN,,,NaN,,,NaN,,,NaN,,
2023-08-12T10:40:46.000Z,4.994,2,"",M,57.094,2,"",M,6.000,2,"",N,NaN,,,M,NaN,,,M,NaN,,,M,NaN,,,M,NaN,,,0,NaN,,,0,NaN,,,M,NaN,,,NaN,,,NaN,,,NaN,,,NaN,,
2023-08-12T10:42:36.000Z,4.987,2,"",M,57.092,2,"",M,6.000,2,"",N,NaN,,,M,NaN,,,M,NaN,,,M,NaN,,,M,NaN,,,0,NaN,,,0,NaN,,,M,NaN,,,NaN,,,NaN,,,NaN,,,NaN,,
2023-08-12T10:44:25.000Z,4.979,2,"",M,57.089,2,"",M,6.000,2,"",N,NaN,,,M,NaN,,,M,NaN,,,M,NaN,,,M,NaN,,,0,NaN,,,0,NaN,,,M,NaN,,,NaN,,,NaN,,,NaN,,,NaN,,
2023-08-12T10:48:55.000Z,4.961,2,"",M,57.084,2,"",M,6.000,2,"",N,NaN,,,M,NaN,,,M,NaN,,,M,NaN,,,M,NaN,,,0,NaN,,,0,NaN,,,M,NaN,,,NaN,,,NaN,,,NaN,,,NaN,,
2023-08-12T10:50:45.000Z,4.954,2,"",M,57.081,2,"",M,6.000,2,"",N,NaN,,,M,NaN,,,M,NaN,,,M,NaN,,,M,NaN,,,0,NaN,,,0,NaN,,,M,NaN,,,NaN,,,NaN,,,NaN,,,NaN,,
2023-08-12T10:52:34.000Z,4.947,2,"",M,57.079,2,"",M,6.000,2,"",N,NaN,,,M,NaN,,,M,NaN,,,M,NaN,,,M,NaN,,,0,NaN,,,0,NaN,,,M,NaN,,,NaN,,,NaN,,,NaN,,,NaN,,
2023-08-12T10:57:05.000Z,4.930,2,"",M,57.074,2,"",M,6.000,2,"",N,15.294,2,"",M,34.089,2,"",M,NaN,,,M,NaN,,,M,NaN,,,0,415.452,2,"",M,1009.900,2,"",M,NaN,,,NaN,,,415.452,2,"",408.072,2,"",406.604,2,""
2023-08-12T10:58:55.000Z,4.923,2,"",M,57.071,2,"",M,6.000,2,"",N,15.306,2,"",M,34.076,2,"",M,NaN,,,M,NaN,,,M,NaN,,,0,415.384,2,"",M,1009.900,2,"",M,NaN,,,NaN,,,415.384,2,"",407.999,2,"",406.532,2,""
2023-08-12T11:00:44.000Z,4.916,2,"",M,57.069,2,"",M,6.000,2,"",N,15.308,2,"",M,34.052,2,"",M,NaN,,,M,NaN,,,M,NaN,,,0,415.755,2,"",M,1009.900,2,"",M,NaN,,,NaN,,,415.755,2,"",408.363,2,"",406.894,2,""
2023-08-12T11:02:34.000Z,4.909,2,"",M,57.067,2,"",M,6.000,2,"",N,15.306,2,"",M,34.027,2,"",M,NaN,,,M,NaN,,,M,NaN,,,0,415.527,2,"",M,1010.000,2,"",M,NaN,,,NaN,,,415.527,2,"",408.180,2,"",406.712,2,""
2023-08-12T11:04:23.000Z,4.902,2,"",M,57.065,2,"",M,6.000,2,"",N,15.300,2,"",M,34.000,2,"",M,NaN,,,M,NaN,,,M,NaN,,,0,415.468,2,"",M,1010.200,2,"",M,NaN,,,NaN,,,415.468,2,"",408.208,2,"",406.740,2,""
2023-08-12T11:09:32.000Z,4.882,2,"",M,57.059,2,"",M,6.000,2,"",N,15.285,2,"",M,33.925,2,"",M,15.690,2,"",M,1010.540,2,"",M,375.094,2,"",M,NaN,,,0,NaN,,,M,361.380,2,"",360.089,2,"",NaN,,,NaN,,,NaN,,
2023-08-12T11:11:24.000Z,4.875,2,"",M,57.056,2,"",M,6.000,2,"",N,15.284,2,"",M,33.899,2,"",M,15.680,2,"",M,1010.510,2,"",M,374.965,2,"",M,NaN,,,0,NaN,,,M,361.384,2,"",360.093,2,"",NaN,,,NaN,,,NaN,,
2023-08-12T11:13:15.000Z,4.868,2,"",M,57.054,2,"",M,6.000,2,"",N,15.276,2,"",M,33.879,2,"",M,15.680,2,"",M,1010.560,2,"",M,375.586,2,"",M,NaN,,,0,NaN,,,M,361.868,2,"",360.576,2,"",NaN,,,NaN,,,NaN,,
2023-08-12T11:15:07.000Z,4.861,2,"",M,57.052,2,"",M,6.000,2,"",N,15.272,2,"",M,33.870,2,"",M,15.680,2,"",M,1010.560,2,"",M,375.637,2,"",M,NaN,,,0,NaN,,,M,361.870,2,"",360.577,2,"",NaN,,,NaN,,,NaN,,
2023-08-12T11:17:20.000Z,4.852,2,"",M,57.050,2,"",M,6.000,2,"",N,15.268,2,"",M,33.851,2,"",M,15.670,2,"",M,1010.590,2,"",M,375.988,2,"",M,NaN,,,0,NaN,,,M,362.316,2,"",361.021,2,"",NaN,,,NaN,,,NaN,,
2023-08-12T11:19:12.000Z,4.845,2,"",M,57.047,2,"",M,6.000,2,"",N,15.274,2,"",M,33.837,2,"",M,15.670,2,"",M,1010.550,2,"",M,376.150,2,"",M,NaN,,,0,NaN,,,M,362.536,2,"",361.241,2,"",NaN,,,NaN,,,NaN,,
2023-08-12T11:21:03.000Z,4.838,2,"",M,57.045,2,"",M,6.000,2,"",N,15.284,2,"",M,33.825,2,"",M,15.670,2,"",M,1010.510,2,"",M,375.981,2,"",M,NaN,,,0,NaN,,,M,362.514,2,"",361.219,2,"",NaN,,,NaN,,,NaN,,
2023-08-12T11:22:55.000Z,4.831,2,"",M,57.043,2,"",M,6.000,2,"",N,15.291,2,"",M,33.808,2,"",M,15.680,2,"",M,1010.520,2,"",M,376.192,2,"",M,NaN,,,0,NaN,,,M,362.679,2,"",361.383,2,"",NaN,,,NaN,,,NaN,,
2023-08-12T11:24:47.000Z,4.824,2,"",M,57.041,2,"",M,6.000,2,"",N,15.299,2,"",M,33.798,2,"",M,15.690,2,"",M,1010.450,2,"",M,376.133,2,"",M,NaN,,,0,NaN,,,M,362.550,2,"",361.256,2,"",NaN,,,NaN,,,NaN,,
2023-08-12T11:26:39.000Z,4.817,2,"",M,57.038,2,"",M,6.000,2,"",N,15.302,2,"",M,33.788,2,"",M,15.700,2,"",M,1010.440,2,"",M,376.454,2,"",M,NaN,,,0,NaN,,,M,362.745,2,"",361.450,2,"",NaN,,,NaN,,,NaN,,
2023-08-12T11:28:31.000Z,4.810,2,"",M,57.036,2,"",M,6.000,2,"",N,15.300,2,"",M,33.780,2,"",M,15.700,2,"",M,1010.440,2,"",M,376.646,2,"",M,NaN,,,0,NaN,,,M,362.902,2,"",361.607,2,"",NaN,,,NaN,,,NaN,,
2023-08-12T11:30:22.000Z,4.803,2,"",M,57.034,2,"",M,6.000,2,"",N,15.289,2,"",M,33.773,2,"",M,15.700,2,"",M,1010.540,2,"",M,376.877,2,"",M,NaN,,,0,NaN,,,M,362.988,2,"",361.692,2,"",NaN,,,NaN,,,NaN,,
2023-08-12T11:32:14.000Z,4.796,2,"",M,57.032,2,"",M,6.000,2,"",N,15.273,2,"",M,33.764,2,"",M,15.690,2,"",M,1010.480,2,"",M,376.828,2,"",M,NaN,,,0,NaN,,,M,362.835,2,"",361.539,2,"",NaN,,,NaN,,,NaN,,
2023-08-12T11:34:06.000Z,4.789,2,"",M,57.029,2,"",M,6.000,2,"",N,15.254,2,"",M,33.760,2,"",M,15.680,2,"",M,1010.390,2,"",M,376.649,2,"",M,NaN,,,0,NaN,,,M,362.501,2,"",361.206,2,"",NaN,,,NaN,,,NaN,,
2023-08-12T11:35:57.000Z,4.782,2,"",M,57.027,2,"",M,6.000,2,"",N,15.237,2,"",M,33.760,2,"",M,15.660,2,"",M,1010.380,2,"",M,376.191,2,"",M,NaN,,,0,NaN,,,M,362.113,2,"",360.819,2,"",NaN,,,NaN,,,NaN,,
2023-08-12T11:37:49.000Z,4.775,2,"",M,57.025,2,"",M,6.000,2,"",N,15.226,2,"",M,33.761,2,"",M,15.640,2,"",M,1010.290,2,"",M,375.882,2,"",M,NaN,,,0,NaN,,,M,361.924,2,"",360.631,2,"",NaN,,,NaN,,,NaN,,
2023-08-12T11:39:41.000Z,4.767,2,"",M,57.023,2,"",M,6.000,2,"",N,15.206,2,"",M,33.762,2,"",M,15.620,2,"",M,1010.340,2,"",M,375.724,2,"",M,NaN,,,0,NaN,,,M,361.800,2,"",360.507,2,"",NaN,,,NaN,,,NaN,,
2023-08-12T11:41:33.000Z,4.760,2,"",M,57.020,2,"",M,6.000,2,"",N,15.202,2,"",M,33.761,2,"",M,15.610,2,"",M,1010.390,2,"",M,375.815,2,"",M,NaN,,,0,NaN,,,M,362.005,2,"",360.711,2,"",NaN,,,NaN,,,NaN,,
2023-08-12T11:43:25.000Z,4.753,2,"",M,57.018,2,"",M,6.000,2,"",N,15.198,2,"",M,33.757,2,"",M,15.600,2,"",M,1010.410,2,"",M,375.497,2,"",M,NaN,,,0,NaN,,,M,361.803,2,"",360.510,2,"",NaN,,,NaN,,,NaN,,
2023-08-12T11:45:16.000Z,4.746,2,"",M,57.016,2,"",M,6.000,2,"",N,15.194,2,"",M,33.757,2,"",M,15.600,2,"",M,1010.460,2,"",M,375.218,2,"",M,NaN,,,0,NaN,,,M,361.492,2,"",360.200,2,"",NaN,,,NaN,,,NaN,,
2023-08-12T11:47:08.000Z,4.738,2,"",M,57.013,2,"",M,6.000,2,"",N,15.183,2,"",M,33.764,2,"",M,15.600,2,"",M,1010.380,2,"",M,374.979,2,"",M,NaN,,,0,NaN,,,M,361.065,2,"",359.774,2,"",NaN,,,NaN,,,NaN,,
2023-08-12T11:49:00.000Z,4.731,2,"",M,57.011,2,"",M,6.000,2,"",N,15.171,2,"",M,33.782,2,"",M,15.590,2,"",M,1010.370,2,"",M,375.121,2,"",M,NaN,,,0,NaN,,,M,361.167,2,"",359.875,2,"",NaN,,,NaN,,,NaN,,
2023-08-12T11:50:52.000Z,4.723,2,"",M,57.008,2,"",M,6.000,2,"",N,15.155,2,"",M,33.817,2,"",M,15.580,2,"",M,1010.390,2,"",M,374.972,2,"",M,NaN,,,0,NaN,,,M,360.949,2,"",359.658,2,"",NaN,,,NaN,,,NaN,,
2023-08-12T11:52:43.000Z,4.716,2,"",M,57.006,2,"",M,6.000,2,"",N,15.142,2,"",M,33.834,2,"",M,15.560,2,"",M,1010.430,2,"",M,375.163,2,"",M,NaN,,,0,NaN,,,M,361.252,2,"",359.959,2,"",NaN,,,NaN,,,NaN,,
2023-08-12T11:54:35.000Z,4.708,2,"",M,57.004,2,"",M,6.000,2,"",N,15.140,2,"",M,33.841,2,"",M,15.550,2,"",M,1010.490,2,"",M,374.945,2,"",M,NaN,,,0,NaN,,,M,361.187,2,"",359.895,2,"",NaN,,,NaN,,,NaN,,
2023-08-12T11:56:27.000Z,4.701,2,"",M,57.001,2,"",M,6.000,2,"",N,15.111,2,"",M,33.861,2,"",M,15.540,2,"",M,1010.470,2,"",M,374.686,2,"",M,NaN,,,0,NaN,,,M,360.657,2,"",359.366,2,"",NaN,,,NaN,,,NaN,,
2023-08-12T11:58:19.000Z,4.693,2,"",M,56.999,2,"",M,6.000,2,"",N,15.115,2,"",M,33.876,2,"",M,15.520,2,"",M,1010.390,2,"",M,374.248,2,"",M,NaN,,,0,NaN,,,M,360.574,2,"",359.283,2,"",NaN,,,NaN,,,NaN,,
2023-08-12T12:00:10.000Z,4.686,2,"",M,56.997,2,"",M,6.000,2,"",N,15.142,2,"",M,33.857,2,"",M,15.520,2,"",M,1010.390,2,"",M,374.029,2,"",M,NaN,,,0,NaN,,,M,360.776,2,"",359.485,2,"",NaN,,,NaN,,,NaN,,
2023-08-12T12:02:02.000Z,4.678,2,"",M,56.994,2,"",M,6.000,2,"",N,15.140,2,"",M,33.839,2,"",M,15.540,2,"",M,1010.360,2,"",M,374.210,2,"",M,NaN,,,0,NaN,,,M,360.601,2,"",359.310,2,"",NaN,,,NaN,,,NaN,,
2023-08-12T12:03:54.000Z,4.671,2,"",M,56.992,2,"",M,6.000,2,"",N,15.103,2,"",M,33.835,2,"",M,15.540,2,"",M,1010.340,2,"",M,374.181,2,"",M,NaN,,,0,NaN,,,M,359.999,2,"",358.711,2,"",NaN,,,NaN,,,NaN,,
2023-08-12T12:05:46.000Z,4.664,2,"",M,56.990,2,"",M,6.000,2,"",N,15.081,2,"",M,33.826,2,"",M,15.510,2,"",M,1010.380,2,"",M,374.023,2,"",M,NaN,,,0,NaN,,,M,359.985,2,"",358.696,2,"",NaN,,,NaN,,,NaN,,
2023-08-12T12:07:38.000Z,4.656,2,"",M,56.987,2,"",M,6.000,2,"",N,15.069,2,"",M,33.812,2,"",M,15.490,2,"",M,1010.400,2,"",M,373.944,2,"",M,NaN,,,0,NaN,,,M,360.052,2,"",358.763,2,"",NaN,,,NaN,,,NaN,,
2023-08-12T12:09:29.000Z,4.649,2,"",M,56.985,2,"",M,6.000,2,"",N,15.070,2,"",M,33.800,2,"",M,15.480,2,"",M,1010.380,2,"",M,373.046,2,"",M,NaN,,,0,NaN,,,M,359.354,2,"",358.068,2,"",NaN,,,NaN,,,NaN,,
2023-08-12T12:11:21.000Z,4.642,2,"",M,56.983,2,"",M,6.000,2,"",N,15.074,2,"",M,33.786,2,"",M,15.470,2,"",M,1010.300,2,"",M,372.767,2,"",M,NaN,,,0,NaN,,,M,359.278,2,"",357.992,2,"",NaN,,,NaN,,,NaN,,
2023-08-12T12:13:13.000Z,4.635,2,"",M,56.980,2,"",M,6.000,2,"",N,15.084,2,"",M,33.778,2,"",M,15.480,2,"",M,1010.280,2,"",M,372.679,2,"",M,NaN,,,0,NaN,,,M,359.178,2,"",357.892,2,"",NaN,,,NaN,,,NaN,,
2023-08-12T12:15:05.000Z,4.627,2,"",M,56.978,2,"",M,6.000,2,"",N,15.094,2,"",M,33.768,2,"",M,15.480,2,"",M,1010.320,2,"",M,372.450,2,"",M,NaN,,,0,NaN,,,M,359.120,2,"",357.834,2,"",NaN,,,NaN,,,NaN,,
2023-08-12T12:17:17.000Z,4.618,2,"",M,56.975,2,"",M,6.000,2,"",N,15.105,2,"",M,33.759,2,"",M,15.500,2,"",M,1010.528,2,"",M,372.362,2,"",M,NaN,,,0,NaN,,,M,358.962,2,"",357.677,2,"",NaN,,,NaN,,,NaN,,
2023-08-12T12:19:09.000Z,4.611,2,"",M,56.973,2,"",M,6.000,2,"",N,15.116,2,"",M,33.754,2,"",M,15.500,2,"",M,1010.550,2,"",M,372.493,2,"",M,NaN,,,0,NaN,,,M,359.274,2,"",357.988,2,"",NaN,,,NaN,,,NaN,,
2023-08-12T12:21:01.000Z,4.603,2,"",M,56.971,2,"",M,6.000,2,"",N,15.125,2,"",M,33.751,2,"",M,15.510,2,"",M,1010.470,2,"",M,372.594,2,"",M,NaN,,,0,NaN,,,M,359.314,2,"",358.027,2,"",NaN,,,NaN,,,NaN,,
2023-08-12T12:22:53.000Z,4.596,2,"",M,56.968,2,"",M,6.000,2,"",N,15.136,2,"",M,33.752,2,"",M,15.520,2,"",M,1010.490,2,"",M,372.565,2,"",M,NaN,,,0,NaN,,,M,359.308,2,"",358.022,2,"",NaN,,,NaN,,,NaN,,
2023-08-12T12:24:44.000Z,4.589,2,"",M,56.966,2,"",M,6.000,2,"",N,15.145,2,"",M,33.757,2,"",M,15.530,2,"",M,1010.490,2,"",M,373.106,2,"",M,NaN,,,0,NaN,,,M,359.811,2,"",358.523,2,"",NaN,,,NaN,,,NaN,,
2023-08-12T12:26:36.000Z,4.581,2,"",M,56.963,2,"",M,6.000,2,"",N,15.161,2,"",M,33.768,2,"",M,15.540,2,"",M,1010.360,2,"",M,373.037,2,"",M,NaN,,,0,NaN,,,M,359.788,2,"",358.501,2,"",NaN,,,NaN,,,NaN,,
2023-08-12T12:28:28.000Z,4.574,2,"",M,56.961,2,"",M,6.000,2,"",N,15.176,2,"",M,33.799,2,"",M,15.560,2,"",M,1010.340,2,"",M,372.949,2,"",M,NaN,,,0,NaN,,,M,359.601,2,"",358.315,2,"",NaN,,,NaN,,,NaN,,
2023-08-12T12:30:20.000Z,4.566,2,"",M,56.959,2,"",M,6.000,2,"",N,15.201,2,"",M,33.887,2,"",M,15.570,2,"",M,1010.270,2,"",M,373.160,2,"",M,NaN,,,0,NaN,,,M,360.007,2,"",358.719,2,"",NaN,,,NaN,,,NaN,,
2023-08-12T12:32:12.000Z,4.559,2,"",M,56.956,2,"",M,6.000,2,"",N,15.251,2,"",M,34.035,2,"",M,15.590,2,"",M,1010.370,2,"",M,373.321,2,"",M,NaN,,,0,NaN,,,M,360.650,2,"",359.361,2,"",NaN,,,NaN,,,NaN,,
2023-08-12T12:34:03.000Z,4.551,2,"",M,56.953,2,"",M,6.000,2,"",N,15.289,2,"",M,34.193,2,"",M,15.640,2,"",M,1010.400,2,"",M,372.793,2,"",M,NaN,,,0,NaN,,,M,359.953,2,"",358.667,2,"",NaN,,,NaN,,,NaN,,
2023-08-12T12:35:55.000Z,4.544,2,"",M,56.951,2,"",M,6.000,2,"",N,15.290,2,"",M,34.260,2,"",M,15.680,2,"",M,1010.410,2,"",M,372.274,2,"",M,NaN,,,0,NaN,,,M,358.848,2,"",357.566,2,"",NaN,,,NaN,,,NaN,,
2023-08-12T12:37:47.000Z,4.536,2,"",M,56.950,2,"",M,6.000,2,"",N,15.255,2,"",M,34.316,2,"",M,15.690,2,"",M,1010.350,2,"",M,371.876,2,"",M,NaN,,,0,NaN,,,M,357.760,2,"",356.482,2,"",NaN,,,NaN,,,NaN,,
2023-08-12T12:39:40.000Z,4.529,2,"",M,56.952,2,"",M,6.000,2,"",N,15.247,2,"",M,34.380,2,"",M,15.660,2,"",M,1010.430,2,"",M,371.177,2,"",M,NaN,,,0,NaN,,,M,357.462,2,"",356.185,2,"",NaN,,,NaN,,,NaN,,
2023-08-12T12:41:32.000Z,4.529,2,"",M,56.956,2,"",M,6.000,2,"",N,15.230,2,"",M,34.447,2,"",M,15.650,2,"",M,1010.360,2,"",M,370.749,2,"",M,NaN,,,0,NaN,,,M,356.915,2,"",355.640,2,"",NaN,,,NaN,,,NaN,,
2023-08-12T12:43:24.000Z,4.527,2,"",M,56.961,2,"",M,6.000,2,"",N,15.218,2,"",M,34.526,2,"",M,15.640,2,"",M,1010.380,2,"",M,369.830,2,"",M,NaN,,,0,NaN,,,M,356.020,2,"",354.748,2,"",NaN,,,NaN,,,NaN,,
2023-08-12T12:45:15.000Z,4.526,2,"",M,56.965,2,"",M,6.000,2,"",N,15.238,2,"",M,34.548,2,"",M,15.620,2,"",M,1010.460,2,"",M,368.332,2,"",M,NaN,,,0,NaN,,,M,355.210,2,"",353.941,2,"",NaN,,,NaN,,,NaN,,
2023-08-12T12:47:08.000Z,4.525,2,"",M,56.970,2,"",M,6.000,2,"",N,15.253,2,"",M,34.536,2,"",M,15.630,2,"",M,1010.280,2,"",M,366.934,2,"",M,NaN,,,0,NaN,,,M,353.864,2,"",352.600,2,"",NaN,,,NaN,,,NaN,,
2023-08-12T12:49:00.000Z,4.523,2,"",M,56.975,2,"",M,6.000,2,"",N,15.247,2,"",M,34.522,2,"",M,15.650,2,"",M,1010.220,2,"",M,366.746,2,"",M,NaN,,,0,NaN,,,M,353.262,2,"",352.000,2,"",NaN,,,NaN,,,NaN,,
2023-08-12T12:50:52.000Z,4.522,2,"",M,56.980,2,"",M,6.000,2,"",N,15.237,2,"",M,34.499,2,"",M,15.650,2,"",M,1010.310,2,"",M,366.927,2,"",M,NaN,,,0,NaN,,,M,353.323,2,"",352.061,2,"",NaN,,,NaN,,,NaN,,
2023-08-12T12:52:44.000Z,4.521,2,"",M,56.985,2,"",M,6.000,2,"",N,15.225,2,"",M,34.474,2,"",M,15.640,2,"",M,1010.240,2,"",M,367.548,2,"",M,NaN,,,0,NaN,,,M,353.867,2,"",352.602,2,"",NaN,,,NaN,,,NaN,,
2023-08-12T12:54:36.000Z,4.519,2,"",M,56.989,2,"",M,6.000,2,"",N,15.205,2,"",M,34.451,2,"",M,15.630,2,"",M,1010.280,2,"",M,368.459,2,"",M,NaN,,,0,NaN,,,M,354.607,2,"",353.340,2,"",NaN,,,NaN,,,NaN,,
2023-08-12T12:56:28.000Z,4.518,2,"",M,56.995,2,"",M,6.000,2,"",N,15.167,2,"",M,34.419,2,"",M,15.610,2,"",M,1010.330,2,"",M,368.930,2,"",M,NaN,,,0,NaN,,,M,354.820,2,"",353.552,2,"",NaN,,,NaN,,,NaN,,
2023-08-12T12:58:19.000Z,4.517,2,"",M,56.999,2,"",M,6.000,2,"",N,15.147,2,"",M,34.387,2,"",M,15.580,2,"",M,1010.280,2,"",M,369.640,2,"",M,NaN,,,0,NaN,,,M,355.653,2,"",354.382,2,"",NaN,,,NaN,,,NaN,,
2023-08-12T13:00:11.000Z,4.516,2,"",M,57.004,2,"",M,6.000,2,"",N,15.152,2,"",M,34.335,2,"",M,15.560,2,"",M,1010.190,2,"",M,370.311,2,"",M,NaN,,,0,NaN,,,M,356.653,2,"",355.378,2,"",NaN,,,NaN,,,NaN,,
2023-08-12T13:02:03.000Z,4.519,2,"",M,57.008,2,"",M,6.000,2,"",N,15.160,2,"",M,34.299,2,"",M,15.550,2,"",M,1010.180,2,"",M,370.643,2,"",M,NaN,,,0,NaN,,,M,357.234,2,"",355.956,2,"",NaN,,,NaN,,,NaN,,
2023-08-12T13:03:55.000Z,4.526,2,"",M,57.010,2,"",M,6.000,2,"",N,15.145,2,"",M,34.269,2,"",M,15.560,2,"",M,1010.190,2,"",M,371.593,2,"",M,NaN,,,0,NaN,,,M,357.779,2,"",356.499,2,"",NaN,,,NaN,,,NaN,,
2023-08-12T13:05:46.000Z,4.534,2,"",M,57.013,2,"",M,6.000,2,"",N,15.151,2,"",M,34.171,2,"",M,15.550,2,"",M,1010.210,2,"",M,371.515,2,"",M,NaN,,,0,NaN,,,M,357.950,2,"",356.669,2,"",NaN,,,NaN,,,NaN,,
2023-08-12T13:07:38.000Z,4.541,2,"",M,57.015,2,"",M,6.000,2,"",N,15.162,2,"",M,34.081,2,"",M,15.550,2,"",M,1010.110,2,"",M,371.736,2,"",M,NaN,,,0,NaN,,,M,358.300,2,"",357.018,2,"",NaN,,,NaN,,,NaN,,
2023-08-12T13:09:30.000Z,4.549,2,"",M,57.017,2,"",M,6.000,2,"",N,15.168,2,"",M,33.983,2,"",M,15.560,2,"",M,1010.190,2,"",M,371.907,2,"",M,NaN,,,0,NaN,,,M,358.422,2,"",357.140,2,"",NaN,,,NaN,,,NaN,,
2023-08-12T13:11:22.000Z,4.557,2,"",M,57.020,2,"",M,6.000,2,"",N,15.172,2,"",M,33.901,2,"",M,15.570,2,"",M,1010.130,2,"",M,372.128,2,"",M,NaN,,,0,NaN,,,M,358.531,2,"",357.250,2,"",NaN,,,NaN,,,NaN,,
2023-08-12T13:13:13.000Z,4.565,2,"",M,57.022,2,"",M,6.000,2,"",N,15.177,2,"",M,33.834,2,"",M,15.570,2,"",M,1010.110,2,"",M,372.429,2,"",M,NaN,,,0,NaN,,,M,358.887,2,"",357.603,2,"",NaN,,,NaN,,,NaN,,
2023-08-12T13:15:05.000Z,4.573,2,"",M,57.024,2,"",M,6.000,2,"",N,15.181,2,"",M,33.782,2,"",M,15.580,2,"",M,1010.070,2,"",M,372.261,2,"",M,NaN,,,0,NaN,,,M,358.607,2,"",357.325,2,"",NaN,,,NaN,,,NaN,,
2023-08-12T13:17:18.000Z,4.582,2,"",M,57.027,2,"",M,6.000,2,"",N,15.179,2,"",M,33.751,2,"",M,15.580,2,"",M,1010.070,2,"",M,372.772,2,"",M,NaN,,,0,NaN,,,M,359.075,2,"",357.791,2,"",NaN,,,NaN,,,NaN,,
2023-08-12T13:19:10.000Z,4.590,2,"",M,57.029,2,"",M,6.000,2,"",N,15.169,2,"",M,33.735,2,"",M,15.580,2,"",M,1010.110,2,"",M,372.753,2,"",M,NaN,,,0,NaN,,,M,358.914,2,"",357.631,2,"",NaN,,,NaN,,,NaN,,
2023-08-12T13:21:02.000Z,4.598,2,"",M,57.032,2,"",M,6.000,2,"",N,15.148,2,"",M,33.729,2,"",M,15.570,2,"",M,1010.130,2,"",M,373.154,2,"",M,NaN,,,0,NaN,,,M,359.150,2,"",357.866,2,"",NaN,,,NaN,,,NaN,,
2023-08-12T13:22:53.000Z,4.606,2,"",M,57.034,2,"",M,6.000,2,"",N,15.125,2,"",M,33.734,2,"",M,15.550,2,"",M,1010.110,2,"",M,372.986,2,"",M,NaN,,,0,NaN,,,M,358.941,2,"",357.657,2,"",NaN,,,NaN,,,NaN,,
2023-08-12T13:24:45.000Z,4.614,2,"",M,57.036,2,"",M,6.000,2,"",N,15.106,2,"",M,33.743,2,"",M,15.530,2,"",M,1010.040,2,"",M,372.747,2,"",M,NaN,,,0,NaN,,,M,358.709,2,"",357.425,2,"",NaN,,,NaN,,,NaN,,
2023-08-12T13:26:37.000Z,4.621,2,"",M,57.039,2,"",M,6.000,2,"",N,15.087,2,"",M,33.758,2,"",M,15.520,2,"",M,1010.130,2,"",M,372.698,2,"",M,NaN,,,0,NaN,,,M,358.569,2,"",357.286,2,"",NaN,,,NaN,,,NaN,,
2023-08-12T13:28:29.000Z,4.629,2,"",M,57.041,2,"",M,6.000,2,"",N,15.069,2,"",M,33.774,2,"",M,15.490,2,"",M,1010.110,2,"",M,372.300,2,"",M,NaN,,,0,NaN,,,M,358.364,2,"",357.081,2,"",NaN,,,NaN,,,NaN,,
2023-08-12T13:30:20.000Z,4.637,2,"",M,57.043,2,"",M,6.000,2,"",N,15.054,2,"",M,33.792,2,"",M,15.480,2,"",M,1010.130,2,"",M,372.011,2,"",M,NaN,,,0,NaN,,,M,358.026,2,"",356.744,2,"",NaN,,,NaN,,,NaN,,
2023-08-12T13:32:12.000Z,4.645,2,"",M,57.046,2,"",M,6.000,2,"",N,15.044,2,"",M,33.808,2,"",M,15.460,2,"",M,1010.140,2,"",M,372.022,2,"",M,NaN,,,0,NaN,,,M,358.190,2,"",356.907,2,"",NaN,,,NaN,,,NaN,,
2023-08-12T13:34:04.000Z,4.652,2,"",M,57.048,2,"",M,6.000,2,"",N,15.021,2,"",M,33.828,2,"",M,15.450,2,"",M,1010.150,2,"",M,371.644,2,"",M,NaN,,,0,NaN,,,M,357.647,2,"",356.366,2,"",NaN,,,NaN,,,NaN,,
2023-08-12T13:35:56.000Z,4.660,2,"",M,57.051,2,"",M,6.000,2,"",N,15.013,2,"",M,33.865,2,"",M,15.430,2,"",M,1010.040,2,"",M,371.515,2,"",M,NaN,,,0,NaN,,,M,357.663,2,"",356.382,2,"",NaN,,,NaN,,,NaN,,
2023-08-12T13:37:47.000Z,4.667,2,"",M,57.053,2,"",M,6.000,2,"",N,15.017,2,"",M,33.916,2,"",M,15.420,2,"",M,1009.990,2,"",M,371.296,2,"",M,NaN,,,0,NaN,,,M,357.653,2,"",356.372,2,"",NaN,,,NaN,,,NaN,,
2023-08-12T13:39:39.000Z,4.675,2,"",M,57.055,2,"",M,6.000,2,"",N,15.048,2,"",M,33.926,2,"",M,15.420,2,"",M,1009.930,2,"",M,371.228,2,"",M,NaN,,,0,NaN,,,M,358.035,2,"",356.753,2,"",NaN,,,NaN,,,NaN,,
2023-08-12T13:41:31.000Z,4.682,2,"",M,57.057,2,"",M,6.000,2,"",N,15.068,2,"",M,33.900,2,"",M,15.450,2,"",M,1010.020,2,"",M,371.749,2,"",M,NaN,,,0,NaN,,,M,358.403,2,"",357.120,2,"",NaN,,,NaN,,,NaN,,
2023-08-12T13:43:23.000Z,4.690,2,"",M,57.060,2,"",M,6.000,2,"",N,15.066,2,"",M,33.874,2,"",M,15.470,2,"",M,1010.050,2,"",M,372.170,2,"",M,NaN,,,0,NaN,,,M,358.477,2,"",357.194,2,"",NaN,,,NaN,,,NaN,,
2023-08-12T13:45:14.000Z,4.698,2,"",M,57.062,2,"",M,6.000,2,"",N,15.078,2,"",M,33.855,2,"",M,15.470,2,"",M,1010.060,2,"",M,372.501,2,"",M,NaN,,,0,NaN,,,M,358.989,2,"",357.704,2,"",NaN,,,NaN,,,NaN,,
2023-08-12T13:47:06.000Z,4.705,2,"",M,57.064,2,"",M,6.000,2,"",N,15.101,2,"",M,33.838,2,"",M,15.480,2,"",M,1010.160,2,"",M,372.702,2,"",M,NaN,,,0,NaN,,,M,359.415,2,"",358.128,2,"",NaN,,,NaN,,,NaN,,
2023-08-12T13:48:58.000Z,4.713,2,"",M,57.066,2,"",M,6.000,2,"",N,15.126,2,"",M,33.825,2,"",M,15.500,2,"",M,1010.090,2,"",M,372.843,2,"",M,NaN,,,0,NaN,,,M,359.598,2,"",358.311,2,"",NaN,,,NaN,,,NaN,,
2023-08-12T13:50:50.000Z,4.721,2,"",M,57.069,2,"",M,6.000,2,"",N,15.153,2,"",M,33.812,2,"",M,15.520,2,"",M,1010.170,2,"",M,373.114,2,"",M,NaN,,,0,NaN,,,M,359.984,2,"",358.696,2,"",NaN,,,NaN,,,NaN,,
2023-08-12T13:52:41.000Z,4.728,2,"",M,57.071,2,"",M,6.000,2,"",N,15.172,2,"",M,33.806,2,"",M,15.550,2,"",M,1010.100,2,"",M,373.466,2,"",M,NaN,,,0,NaN,,,M,360.111,2,"",358.823,2,"",NaN,,,NaN,,,NaN,,
2023-08-12T13:54:33.000Z,4.736,2,"",M,57.073,2,"",M,6.000,2,"",N,15.194,2,"",M,33.795,2,"",M,15.570,2,"",M,1010.110,2,"",M,373.977,2,"",M,NaN,,,0,NaN,,,M,360.627,2,"",359.338,2,"",NaN,,,NaN,,,NaN,,
2023-08-12T13:56:25.000Z,4.743,2,"",M,57.075,2,"",M,6.000,2,"",N,15.212,2,"",M,33.790,2,"",M,15.590,2,"",M,1010.050,2,"",M,374.448,2,"",M,NaN,,,0,NaN,,,M,361.026,2,"",359.735,2,"",NaN,,,NaN,,,NaN,,
2023-08-12T13:58:16.000Z,4.750,2,"",M,57.078,2,"",M,6.000,2,"",N,15.232,2,"",M,33.784,2,"",M,15.610,2,"",M,1010.120,2,"",M,374.689,2,"",M,NaN,,,0,NaN,,,M,361.271,2,"",359.980,2,"",NaN,,,NaN,,,NaN,,
2023-08-12T14:00:08.000Z,4.758,2,"",M,57.080,2,"",M,6.000,2,"",N,15.253,2,"",M,33.779,2,"",M,15.630,2,"",M,1010.150,2,"",M,375.290,2,"",M,NaN,,,0,NaN,,,M,361.869,2,"",360.576,2,"",NaN,,,NaN,,,NaN,,
2023-08-12T14:02:00.000Z,4.765,2,"",M,57.082,2,"",M,6.000,2,"",N,15.272,2,"",M,33.773,2,"",M,15.650,2,"",M,1010.200,2,"",M,375.581,2,"",M,NaN,,,0,NaN,,,M,362.153,2,"",360.860,2,"",NaN,,,NaN,,,NaN,,
2023-08-12T14:03:52.000Z,4.773,2,"",M,57.085,2,"",M,6.000,2,"",N,15.292,2,"",M,33.769,2,"",M,15.670,2,"",M,1010.200,2,"",M,375.733,2,"",M,NaN,,,0,NaN,,,M,362.285,2,"",360.991,2,"",NaN,,,NaN,,,NaN,,
2023-08-12T14:05:44.000Z,4.780,2,"",M,57.087,2,"",M,6.000,2,"",N,15.304,2,"",M,33.767,2,"",M,15.680,2,"",M,1010.220,2,"",M,376.144,2,"",M,NaN,,,0,NaN,,,M,362.710,2,"",361.415,2,"",NaN,,,NaN,,,NaN,,
2023-08-12T14:07:35.000Z,4.788,2,"",M,57.089,2,"",M,6.000,2,"",N,15.315,2,"",M,33.765,2,"",M,15.700,2,"",M,1010.100,2,"",M,376.215,2,"",M,NaN,,,0,NaN,,,M,362.602,2,"",361.308,2,"",NaN,,,NaN,,,NaN,,
2023-08-12T14:09:27.000Z,4.795,2,"",M,57.092,2,"",M,6.000,2,"",N,15.322,2,"",M,33.763,2,"",M,15.710,2,"",M,1010.120,2,"",M,376.576,2,"",M,NaN,,,0,NaN,,,M,362.907,2,"",361.612,2,"",NaN,,,NaN,,,NaN,,
2023-08-12T14:11:19.000Z,4.803,2,"",M,57.094,2,"",M,6.000,2,"",N,15.326,2,"",M,33.761,2,"",M,15.720,2,"",M,1010.080,2,"",M,376.617,2,"",M,NaN,,,0,NaN,,,M,362.823,2,"",361.529,2,"",NaN,,,NaN,,,NaN,,
2023-08-12T14:13:11.000Z,4.811,2,"",M,57.096,2,"",M,6.000,2,"",N,15.324,2,"",M,33.759,2,"",M,15.720,2,"",M,1010.110,2,"",M,376.839,2,"",M,NaN,,,0,NaN,,,M,363.026,2,"",361.730,2,"",NaN,,,NaN,,,NaN,,
2023-08-12T14:15:02.000Z,4.818,2,"",M,57.098,2,"",M,6.000,2,"",N,15.315,2,"",M,33.763,2,"",M,15.720,2,"",M,1010.090,2,"",M,376.880,2,"",M,NaN,,,0,NaN,,,M,362.916,2,"",361.621,2,"",NaN,,,NaN,,,NaN,,
2023-08-12T14:19:52.000Z,4.838,2,"",M,57.104,2,"",M,6.000,2,"",N,NaN,,,M,NaN,,,M,NaN,,,M,NaN,,,M,NaN,,,0,NaN,,,0,NaN,,,M,NaN,,,NaN,,,NaN,,,NaN,,,NaN,,
2023-08-12T14:21:42.000Z,4.846,2,"",M,57.106,2,"",M,6.000,2,"",N,NaN,,,M,NaN,,,M,NaN,,,M,NaN,,,M,NaN,,,0,NaN,,,0,NaN,,,M,NaN,,,NaN,,,NaN,,,NaN,,,NaN,,
2023-08-12T14:23:31.000Z,4.854,2,"",M,57.108,2,"",M,6.000,2,"",N,NaN,,,M,NaN,,,M,NaN,,,M,NaN,,,M,NaN,,,0,NaN,,,0,NaN,,,M,NaN,,,NaN,,,NaN,,,NaN,,,NaN,,
2023-08-12T14:28:00.000Z,4.872,2,"",M,57.114,2,"",M,6.000,2,"",N,NaN,,,M,NaN,,,M,NaN,,,M,NaN,,,M,NaN,,,0,NaN,,,0,NaN,,,M,NaN,,,NaN,,,NaN,,,NaN,,,NaN,,
2023-08-12T14:29:50.000Z,4.880,2,"",M,57.116,2,"",M,6.000,2,"",N,NaN,,,M,NaN,,,M,NaN,,,M,NaN,,,M,NaN,,,0,NaN,,,0,NaN,,,M,NaN,,,NaN,,,NaN,,,NaN,,,NaN,,
2023-08-12T14:31:40.000Z,4.887,2,"",M,57.118,2,"",M,6.000,2,"",N,NaN,,,M,NaN,,,M,NaN,,,M,NaN,,,M,NaN,,,0,NaN,,,0,NaN,,,M,NaN,,,NaN,,,NaN,,,NaN,,,NaN,,
2023-08-12T14:36:09.000Z,4.906,2,"",M,57.124,2,"",M,6.000,2,"",N,NaN,,,M,NaN,,,M,NaN,,,M,NaN,,,M,NaN,,,0,NaN,,,0,NaN,,,M,NaN,,,NaN,,,NaN,,,NaN,,,NaN,,
2023-08-12T14:37:59.000Z,4.913,2,"",M,57.126,2,"",M,6.000,2,"",N,NaN,,,M,NaN,,,M,NaN,,,M,NaN,,,M,NaN,,,0,NaN,,,0,NaN,,,M,NaN,,,NaN,,,NaN,,,NaN,,,NaN,,
2023-08-12T14:39:48.000Z,4.921,2,"",M,57.128,2,"",M,6.000,2,"",N,NaN,,,M,NaN,,,M,NaN,,,M,NaN,,,M,NaN,,,0,NaN,,,0,NaN,,,M,NaN,,,NaN,,,NaN,,,NaN,,,NaN,,
2023-08-12T14:44:58.000Z,4.941,2,"",M,57.135,2,"",M,6.000,2,"",N,NaN,,,M,NaN,,,M,NaN,,,M,NaN,,,M,NaN,,,0,NaN,,,0,NaN,,,M,NaN,,,NaN,,,NaN,,,NaN,,,NaN,,
2023-08-12T14:49:31.000Z,4.960,2,"",M,57.140,2,"",M,6.000,2,"",N,NaN,,,M,NaN,,,M,NaN,,,M,NaN,,,M,NaN,,,0,NaN,,,0,NaN,,,M,NaN,,,NaN,,,NaN,,,NaN,,,NaN,,
2023-08-12T14:54:01.000Z,4.978,2,"",M,57.146,2,"",M,6.000,2,"",N,NaN,,,M,NaN,,,M,NaN,,,M,NaN,,,M,NaN,,,0,NaN,,,0,NaN,,,M,NaN,,,NaN,,,NaN,,,NaN,,,NaN,,
2023-08-12T14:55:51.000Z,4.986,2,"",M,57.148,2,"",M,6.000,2,"",N,NaN,,,M,NaN,,,M,NaN,,,M,NaN,,,M,NaN,,,0,NaN,,,0,NaN,,,M,NaN,,,NaN,,,NaN,,,NaN,,,NaN,,
2023-08-12T14:57:41.000Z,4.993,2,"",M,57.150,2,"",M,6.000,2,"",N,NaN,,,M,NaN,,,M,NaN,,,M,NaN,,,M,NaN,,,0,NaN,,,0,NaN,,,M,NaN,,,NaN,,,NaN,,,NaN,,,NaN,,
2023-08-12T15:02:11.000Z,5.011,2,"",M,57.155,2,"",M,6.000,2,"",N,NaN,,,M,NaN,,,M,NaN,,,M,NaN,,,M,NaN,,,0,NaN,,,0,NaN,,,M,NaN,,,NaN,,,NaN,,,NaN,,,NaN,,
2023-08-12T15:04:01.000Z,5.019,2,"",M,57.157,2,"",M,6.000,2,"",N,NaN,,,M,NaN,,,M,NaN,,,M,NaN,,,M,NaN,,,0,NaN,,,0,NaN,,,M,NaN,,,NaN,,,NaN,,,NaN,,,NaN,,
2023-08-12T15:05:51.000Z,5.027,2,"",M,57.160,2,"",M,6.000,2,"",N,NaN,,,M,NaN,,,M,NaN,,,M,NaN,,,M,NaN,,,0,NaN,,,0,NaN,,,M,NaN,,,NaN,,,NaN,,,NaN,,,NaN,,
2023-08-12T15:10:21.000Z,5.045,2,"",M,57.165,2,"",M,6.000,2,"",N,NaN,,,M,NaN,,,M,NaN,,,M,NaN,,,M,NaN,,,0,NaN,,,0,NaN,,,M,NaN,,,NaN,,,NaN,,,NaN,,,NaN,,
2023-08-12T15:12:11.000Z,5.053,2,"",M,57.168,2,"",M,6.000,2,"",N,NaN,,,M,NaN,,,M,NaN,,,M,NaN,,,M,NaN,,,0,NaN,,,0,NaN,,,M,NaN,,,NaN,,,NaN,,,NaN,,,NaN,,
2023-08-12T15:14:01.000Z,5.061,2,"",M,57.170,2,"",M,6.000,2,"",N,NaN,,,M,NaN,,,M,NaN,,,M,NaN,,,M,NaN,,,0,NaN,,,0,NaN,,,M,NaN,,,NaN,,,NaN,,,NaN,,,NaN,,
2023-08-12T15:18:31.000Z,5.080,2,"",M,57.175,2,"",M,6.000,2,"",N,15.486,2,"",M,33.474,2,"",M,NaN,,,M,NaN,,,M,NaN,,,0,416.488,2,"",M,1009.300,2,"",M,NaN,,,NaN,,,416.488,2,"",408.751,2,"",407.286,2,""
2023-08-12T15:20:21.000Z,5.088,2,"",M,57.178,2,"",M,6.000,2,"",N,15.469,2,"",M,33.463,2,"",M,NaN,,,M,NaN,,,M,NaN,,,0,416.178,2,"",M,1009.300,2,"",M,NaN,,,NaN,,,416.178,2,"",408.455,2,"",406.991,2,""
2023-08-12T15:22:10.000Z,5.096,2,"",M,57.180,2,"",M,6.000,2,"",N,15.447,2,"",M,33.446,2,"",M,NaN,,,M,NaN,,,M,NaN,,,0,416.069,2,"",M,1009.300,2,"",M,NaN,,,NaN,,,416.069,2,"",408.358,2,"",406.894,2,""
2023-08-12T15:24:00.000Z,5.104,2,"",M,57.182,2,"",M,6.000,2,"",N,15.430,2,"",M,33.438,2,"",M,NaN,,,M,NaN,,,M,NaN,,,0,415.930,2,"",M,1009.300,2,"",M,NaN,,,NaN,,,415.930,2,"",408.229,2,"",406.765,2,""
2023-08-12T15:25:49.000Z,5.112,2,"",M,57.184,2,"",M,6.000,2,"",N,15.426,2,"",M,33.429,2,"",M,NaN,,,M,NaN,,,M,NaN,,,0,415.991,2,"",M,1009.300,2,"",M,NaN,,,NaN,,,415.991,2,"",408.291,2,"",406.826,2,""
2023-08-12T15:30:58.000Z,5.134,2,"",M,57.191,2,"",M,6.000,2,"",N,15.431,2,"",M,33.405,2,"",M,15.820,2,"",M,1009.960,2,"",M,373.209,2,"",M,NaN,,,0,NaN,,,M,359.538,2,"",358.257,2,"",NaN,,,NaN,,,NaN,,
2023-08-12T15:32:50.000Z,5.143,2,"",M,57.191,2,"",M,6.000,2,"",N,15.431,2,"",M,33.392,2,"",M,15.830,2,"",M,1009.985,2,"",M,373.120,2,"",M,NaN,,,0,NaN,,,M,359.297,2,"",358.017,2,"",NaN,,,NaN,,,NaN,,
2023-08-12T15:34:42.000Z,5.151,2,"",M,57.191,2,"",M,6.000,2,"",N,15.403,2,"",M,33.340,2,"",M,15.830,2,"",M,1009.960,2,"",M,373.030,2,"",M,NaN,,,0,NaN,,,M,358.788,2,"",357.509,2,"",NaN,,,NaN,,,NaN,,
2023-08-12T15:36:33.000Z,5.160,2,"",M,57.191,2,"",M,6.000,2,"",N,15.379,2,"",M,33.245,2,"",M,15.800,2,"",M,1009.900,2,"",M,373.091,2,"",M,NaN,,,0,NaN,,,M,358.928,2,"",357.649,2,"",NaN,,,NaN,,,NaN,,
2023-08-12T15:38:25.000Z,5.169,2,"",M,57.192,2,"",M,6.000,2,"",N,15.377,2,"",M,33.199,2,"",M,15.780,2,"",M,1010.010,2,"",M,373.062,2,"",M,NaN,,,0,NaN,,,M,359.210,2,"",357.929,2,"",NaN,,,NaN,,,NaN,,
2023-08-12T15:40:17.000Z,5.178,2,"",M,57.192,2,"",M,6.000,2,"",N,15.377,2,"",M,33.149,2,"",M,15.780,2,"",M,1010.060,2,"",M,372.783,2,"",M,NaN,,,0,NaN,,,M,358.962,2,"",357.682,2,"",NaN,,,NaN,,,NaN,,
2023-08-12T15:42:09.000Z,5.187,2,"",M,57.192,2,"",M,6.000,2,"",N,15.391,2,"",M,33.113,2,"",M,15.770,2,"",M,1010.020,2,"",M,372.604,2,"",M,NaN,,,0,NaN,,,M,359.140,2,"",357.859,2,"",NaN,,,NaN,,,NaN,,
2023-08-12T15:44:22.000Z,5.197,2,"",M,57.192,2,"",M,6.000,2,"",N,15.412,2,"",M,33.132,2,"",M,15.790,2,"",M,1010.100,2,"",M,373.115,2,"",M,NaN,,,0,NaN,,,M,359.672,2,"",358.390,2,"",NaN,,,NaN,,,NaN,,
2023-08-12T15:46:13.000Z,5.206,2,"",M,57.192,2,"",M,6.000,2,"",N,15.427,2,"",M,33.216,2,"",M,15.810,2,"",M,1010.020,2,"",M,373.756,2,"",M,NaN,,,0,NaN,,,M,360.182,2,"",358.898,2,"",NaN,,,NaN,,,NaN,,
2023-08-12T15:48:05.000Z,5.215,2,"",M,57.192,2,"",M,6.000,2,"",N,15.370,2,"",M,33.260,2,"",M,15.820,2,"",M,1010.010,2,"",M,374.107,2,"",M,NaN,,,0,NaN,,,M,359.494,2,"",358.213,2,"",NaN,,,NaN,,,NaN,,
2023-08-12T15:49:57.000Z,5.223,2,"",M,57.191,2,"",M,6.000,2,"",N,15.343,2,"",M,33.239,2,"",M,15.780,2,"",M,1010.000,2,"",M,373.898,2,"",M,NaN,,,0,NaN,,,M,359.507,2,"",358.225,2,"",NaN,,,NaN,,,NaN,,
2023-08-12T15:51:49.000Z,5.232,2,"",M,57.191,2,"",M,6.000,2,"",N,15.366,2,"",M,33.214,2,"",M,15.740,2,"",M,1009.980,2,"",M,373.459,2,"",M,NaN,,,0,NaN,,,M,360.046,2,"",358.762,2,"",NaN,,,NaN,,,NaN,,
2023-08-12T15:53:40.000Z,5.241,2,"",M,57.191,2,"",M,6.000,2,"",N,15.399,2,"",M,33.200,2,"",M,15.760,2,"",M,1010.080,2,"",M,372.979,2,"",M,NaN,,,0,NaN,,,M,359.807,2,"",358.523,2,"",NaN,,,NaN,,,NaN,,
2023-08-12T15:55:32.000Z,5.250,2,"",M,57.191,2,"",M,6.000,2,"",N,15.413,2,"",M,33.201,2,"",M,15.790,2,"",M,1009.990,2,"",M,372.680,2,"",M,NaN,,,0,NaN,,,M,359.234,2,"",357.954,2,"",NaN,,,NaN,,,NaN,,
2023-08-12T15:57:24.000Z,5.258,2,"",M,57.191,2,"",M,6.000,2,"",N,15.456,2,"",M,33.208,2,"",M,15.810,2,"",M,1010.080,2,"",M,373.051,2,"",M,NaN,,,0,NaN,,,M,359.971,2,"",358.688,2,"",NaN,,,NaN,,,NaN,,
2023-08-12T15:59:16.000Z,5.267,2,"",M,57.191,2,"",M,6.000,2,"",N,15.496,2,"",M,33.218,2,"",M,15.840,2,"",M,1010.080,2,"",M,373.522,2,"",M,NaN,,,0,NaN,,,M,360.566,2,"",359.281,2,"",NaN,,,NaN,,,NaN,,
2023-08-12T16:01:08.000Z,5.276,2,"",M,57.191,2,"",M,6.000,2,"",N,15.507,2,"",M,33.218,2,"",M,15.880,2,"",M,1010.030,2,"",M,374.174,2,"",M,NaN,,,0,NaN,,,M,360.717,2,"",359.432,2,"",NaN,,,NaN,,,NaN,,
2023-08-12T16:02:59.000Z,5.284,2,"",M,57.191,2,"",M,6.000,2,"",N,15.504,2,"",M,33.210,2,"",M,15.900,2,"",M,1010.050,2,"",M,374.785,2,"",M,NaN,,,0,NaN,,,M,360.947,2,"",359.662,2,"",NaN,,,NaN,,,NaN,,
2023-08-12T16:04:51.000Z,5.293,2,"",M,57.191,2,"",M,6.000,2,"",N,15.467,2,"",M,33.185,2,"",M,15.900,2,"",M,1010.060,2,"",M,374.946,2,"",M,NaN,,,0,NaN,,,M,360.541,2,"",359.258,2,"",NaN,,,NaN,,,NaN,,
2023-08-12T16:06:43.000Z,5.301,2,"",M,57.191,2,"",M,6.000,2,"",N,15.453,2,"",M,33.153,2,"",M,15.870,2,"",M,1010.100,2,"",M,374.967,2,"",M,NaN,,,0,NaN,,,M,360.827,2,"",359.542,2,"",NaN,,,NaN,,,NaN,,
2023-08-12T16:08:35.000Z,5.310,2,"",M,57.191,2,"",M,6.000,2,"",N,15.454,2,"",M,33.140,2,"",M,15.850,2,"",M,1010.080,2,"",M,374.537,2,"",M,NaN,,,0,NaN,,,M,360.735,2,"",359.450,2,"",NaN,,,NaN,,,NaN,,
2023-08-12T16:10:26.000Z,5.319,2,"",M,57.191,2,"",M,6.000,2,"",N,15.445,2,"",M,33.126,2,"",M,15.850,2,"",M,1010.150,2,"",M,373.998,2,"",M,NaN,,,0,NaN,,,M,360.105,2,"",358.822,2,"",NaN,,,NaN,,,NaN,,
2023-08-12T16:12:18.000Z,5.328,2,"",M,57.191,2,"",M,6.000,2,"",N,15.416,2,"",M,33.101,2,"",M,15.840,2,"",M,1010.070,2,"",M,374.049,2,"",M,NaN,,,0,NaN,,,M,359.850,2,"",358.568,2,"",NaN,,,NaN,,,NaN,,
2023-08-12T16:14:10.000Z,5.336,2,"",M,57.191,2,"",M,6.000,2,"",N,15.389,2,"",M,33.052,2,"",M,15.820,2,"",M,1010.180,2,"",M,373.830,2,"",M,NaN,,,0,NaN,,,M,359.575,2,"",358.293,2,"",NaN,,,NaN,,,NaN,,
2023-08-12T16:16:02.000Z,5.345,2,"",M,57.191,2,"",M,6.000,2,"",N,15.340,2,"",M,32.973,2,"",M,15.790,2,"",M,1010.070,2,"",M,373.711,2,"",M,NaN,,,0,NaN,,,M,359.138,2,"",357.858,2,"",NaN,,,NaN,,,NaN,,
2023-08-12T16:17:53.000Z,5.354,2,"",M,57.191,2,"",M,6.000,2,"",N,15.316,2,"",M,32.886,2,"",M,15.750,2,"",M,1010.030,2,"",M,373.261,2,"",M,NaN,,,0,NaN,,,M,358.951,2,"",357.670,2,"",NaN,,,NaN,,,NaN,,
2023-08-12T16:19:45.000Z,5.362,2,"",M,57.191,2,"",M,6.000,2,"",N,15.295,2,"",M,32.827,2,"",M,15.730,2,"",M,1010.030,2,"",M,373.112,2,"",M,NaN,,,0,NaN,,,M,358.802,2,"",357.522,2,"",NaN,,,NaN,,,NaN,,
2023-08-12T16:21:37.000Z,5.371,2,"",M,57.191,2,"",M,6.000,2,"",N,15.264,2,"",M,32.756,2,"",M,15.710,2,"",M,1010.100,2,"",M,372.763,2,"",M,NaN,,,0,NaN,,,M,358.336,2,"",357.057,2,"",NaN,,,NaN,,,NaN,,
2023-08-12T16:23:29.000Z,5.379,2,"",M,57.191,2,"",M,6.000,2,"",N,15.251,2,"",M,32.701,2,"",M,15.680,2,"",M,1010.150,2,"",M,372.043,2,"",M,NaN,,,0,NaN,,,M,357.925,2,"",356.647,2,"",NaN,,,NaN,,,NaN,,
2023-08-12T16:25:20.000Z,5.388,2,"",M,57.190,2,"",M,6.000,2,"",N,15.245,2,"",M,32.665,2,"",M,15.660,2,"",M,1010.080,2,"",M,371.554,2,"",M,NaN,,,0,NaN,,,M,357.659,2,"",356.382,2,"",NaN,,,NaN,,,NaN,,
2023-08-12T16:27:12.000Z,5.397,2,"",M,57.190,2,"",M,6.000,2,"",N,15.253,2,"",M,32.625,2,"",M,15.650,2,"",M,1010.120,2,"",M,370.834,2,"",M,NaN,,,0,NaN,,,M,357.250,2,"",355.974,2,"",NaN,,,NaN,,,NaN,,
2023-08-12T16:29:04.000Z,5.405,2,"",M,57.190,2,"",M,6.000,2,"",N,15.265,2,"",M,32.605,2,"",M,15.650,2,"",M,1010.140,2,"",M,370.355,2,"",M,NaN,,,0,NaN,,,M,356.980,2,"",355.705,2,"",NaN,,,NaN,,,NaN,,
2023-08-12T16:30:56.000Z,5.414,2,"",M,57.190,2,"",M,6.000,2,"",N,15.272,2,"",M,32.581,2,"",M,15.660,2,"",M,1010.080,2,"",M,370.166,2,"",M,NaN,,,0,NaN,,,M,356.724,2,"",355.450,2,"",NaN,,,NaN,,,NaN,,
2023-08-12T16:32:47.000Z,5.423,2,"",M,57.190,2,"",M,6.000,2,"",N,15.284,2,"",M,32.567,2,"",M,15.670,2,"",M,1010.140,2,"",M,369.946,2,"",M,NaN,,,0,NaN,,,M,356.567,2,"",355.294,2,"",NaN,,,NaN,,,NaN,,
2023-08-12T16:34:39.000Z,5.432,2,"",M,57.190,2,"",M,6.000,2,"",N,15.307,2,"",M,32.556,2,"",M,15.680,2,"",M,1010.105,2,"",M,369.427,2,"",M,NaN,,,0,NaN,,,M,356.234,2,"",354.962,2,"",NaN,,,NaN,,,NaN,,
2023-08-12T16:36:31.000Z,5.441,2,"",M,57.190,2,"",M,6.000,2,"",N,15.327,2,"",M,32.550,2,"",M,15.700,2,"",M,1010.060,2,"",M,369.328,2,"",M,NaN,,,0,NaN,,,M,356.114,2,"",354.843,2,"",NaN,,,NaN,,,NaN,,
2023-08-12T16:38:23.000Z,5.449,2,"",M,57.190,2,"",M,6.000,2,"",N,15.352,2,"",M,32.548,2,"",M,15.720,2,"",M,1010.080,2,"",M,369.289,2,"",M,NaN,,,0,NaN,,,M,356.155,2,"",354.884,2,"",NaN,,,NaN,,,NaN,,
2023-08-12T16:40:14.000Z,5.458,2,"",M,57.190,2,"",M,6.000,2,"",N,15.370,2,"",M,32.546,2,"",M,15.740,2,"",M,1010.020,2,"",M,369.930,2,"",M,NaN,,,0,NaN,,,M,356.713,2,"",355.441,2,"",NaN,,,NaN,,,NaN,,
2023-08-12T16:42:06.000Z,5.467,2,"",M,57.190,2,"",M,6.000,2,"",N,15.364,2,"",M,32.545,2,"",M,15.760,2,"",M,1009.960,2,"",M,370.131,2,"",M,NaN,,,0,NaN,,,M,356.491,2,"",355.219,2,"",NaN,,,NaN,,,NaN,,
2023-08-12T16:44:19.000Z,5.478,2,"",M,57.190,2,"",M,6.000,2,"",N,15.356,2,"",M,32.538,2,"",M,15.760,2,"",M,1010.080,2,"",M,370.802,2,"",M,NaN,,,0,NaN,,,M,357.053,2,"",355.779,2,"",NaN,,,NaN,,,NaN,,
2023-08-12T16:46:11.000Z,5.487,2,"",M,57.190,2,"",M,6.000,2,"",N,15.337,2,"",M,32.530,2,"",M,15.760,2,"",M,1010.150,2,"",M,370.873,2,"",M,NaN,,,0,NaN,,,M,356.856,2,"",355.583,2,"",NaN,,,NaN,,,NaN,,
2023-08-12T16:48:03.000Z,5.494,2,"",M,57.191,2,"",M,6.000,2,"",N,15.327,2,"",M,32.523,2,"",M,15.740,2,"",M,1010.120,2,"",M,370.874,2,"",M,NaN,,,0,NaN,,,M,357.007,2,"",355.733,2,"",NaN,,,NaN,,,NaN,,
2023-08-12T16:49:54.000Z,5.500,2,"",M,57.195,2,"",M,6.000,2,"",N,15.319,2,"",M,32.519,2,"",M,15.730,2,"",M,1010.090,2,"",M,370.915,2,"",M,NaN,,,0,NaN,,,M,357.076,2,"",355.802,2,"",NaN,,,NaN,,,NaN,,
2023-08-12T16:51:46.000Z,5.506,2,"",M,57.198,2,"",M,6.000,2,"",N,15.320,2,"",M,32.515,2,"",M,15.720,2,"",M,1010.070,2,"",M,370.346,2,"",M,NaN,,,0,NaN,,,M,356.696,2,"",355.423,2,"",NaN,,,NaN,,,NaN,,
2023-08-12T16:53:38.000Z,5.512,2,"",M,57.201,2,"",M,6.000,2,"",N,15.326,2,"",M,32.512,2,"",M,15.720,2,"",M,1010.070,2,"",M,370.156,2,"",M,NaN,,,0,NaN,,,M,356.594,2,"",355.322,2,"",NaN,,,NaN,,,NaN,,
2023-08-12T16:55:30.000Z,5.518,2,"",M,57.205,2,"",M,6.000,2,"",N,15.339,2,"",M,32.515,2,"",M,15.720,2,"",M,1010.070,2,"",M,370.137,2,"",M,NaN,,,0,NaN,,,M,356.777,2,"",355.504,2,"",NaN,,,NaN,,,NaN,,
2023-08-12T16:57:22.000Z,5.524,2,"",M,57.208,2,"",M,6.000,2,"",N,15.354,2,"",M,32.522,2,"",M,15.730,2,"",M,1010.080,2,"",M,370.218,2,"",M,NaN,,,0,NaN,,,M,356.933,2,"",355.660,2,"",NaN,,,NaN,,,NaN,,
2023-08-12T16:59:14.000Z,5.530,2,"",M,57.212,2,"",M,6.000,2,"",N,15.365,2,"",M,32.531,2,"",M,15.750,2,"",M,1010.040,2,"",M,370.479,2,"",M,NaN,,,0,NaN,,,M,357.020,2,"",355.746,2,"",NaN,,,NaN,,,NaN,,
2023-08-12T17:01:06.000Z,5.536,2,"",M,57.215,2,"",M,6.000,2,"",N,15.363,2,"",M,32.536,2,"",M,15.760,2,"",M,1010.090,2,"",M,370.850,2,"",M,NaN,,,0,NaN,,,M,357.212,2,"",355.938,2,"",NaN,,,NaN,,,NaN,,
2023-08-12T17:02:58.000Z,5.542,2,"",M,57.218,2,"",M,6.000,2,"",N,15.345,2,"",M,32.543,2,"",M,15.760,2,"",M,1010.000,2,"",M,370.891,2,"",M,NaN,,,0,NaN,,,M,356.948,2,"",355.675,2,"",NaN,,,NaN,,,NaN,,
2023-08-12T17:04:50.000Z,5.548,2,"",M,57.222,2,"",M,6.000,2,"",N,15.320,2,"",M,32.559,2,"",M,15.750,2,"",M,1010.020,2,"",M,371.032,2,"",M,NaN,,,0,NaN,,,M,356.872,2,"",355.599,2,"",NaN,,,NaN,,,NaN,,
2023-08-12T17:06:42.000Z,5.554,2,"",M,57.225,2,"",M,6.000,2,"",N,15.305,2,"",M,32.578,2,"",M,15.720,2,"",M,1010.000,2,"",M,370.823,2,"",M,NaN,,,0,NaN,,,M,356.895,2,"",355.621,2,"",NaN,,,NaN,,,NaN,,
2023-08-12T17:08:34.000Z,5.560,2,"",M,57.228,2,"",M,6.000,2,"",N,15.271,2,"",M,32.592,2,"",M,15.710,2,"",M,1010.010,2,"",M,370.534,2,"",M,NaN,,,0,NaN,,,M,356.263,2,"",354.991,2,"",NaN,,,NaN,,,NaN,,
2023-08-12T17:10:25.000Z,5.567,2,"",M,57.231,2,"",M,6.000,2,"",N,15.258,2,"",M,32.600,2,"",M,15.680,2,"",M,1009.960,2,"",M,370.425,2,"",M,NaN,,,0,NaN,,,M,356.412,2,"",355.140,2,"",NaN,,,NaN,,,NaN,,
2023-08-12T17:12:17.000Z,5.573,2,"",M,57.235,2,"",M,6.000,2,"",N,15.254,2,"",M,32.603,2,"",M,15.660,2,"",M,1009.960,2,"",M,370.015,2,"",M,NaN,,,0,NaN,,,M,356.268,2,"",354.995,2,"",NaN,,,NaN,,,NaN,,
2023-08-12T17:14:09.000Z,5.579,2,"",M,57.238,2,"",M,6.000,2,"",N,15.238,2,"",M,32.600,2,"",M,15.660,2,"",M,1009.990,2,"",M,369.636,2,"",M,NaN,,,0,NaN,,,M,355.678,2,"",354.407,2,"",NaN,,,NaN,,,NaN,,
2023-08-12T17:16:00.000Z,5.585,2,"",M,57.241,2,"",M,6.000,2,"",N,15.221,2,"",M,32.595,2,"",M,15.650,2,"",M,1010.000,2,"",M,369.287,2,"",M,NaN,,,0,NaN,,,M,355.235,2,"",353.966,2,"",NaN,,,NaN,,,NaN,,
2023-08-12T17:17:52.000Z,5.591,2,"",M,57.245,2,"",M,6.000,2,"",N,15.223,2,"",M,32.588,2,"",M,15.630,2,"",M,1010.000,2,"",M,369.197,2,"",M,NaN,,,0,NaN,,,M,355.483,2,"",354.213,2,"",NaN,,,NaN,,,NaN,,
2023-08-12T17:19:44.000Z,5.597,2,"",M,57.248,2,"",M,6.000,2,"",N,15.228,2,"",M,32.584,2,"",M,15.620,2,"",M,1010.030,2,"",M,368.808,2,"",M,NaN,,,0,NaN,,,M,355.348,2,"",354.079,2,"",NaN,,,NaN,,,NaN,,
2023-08-12T17:21:36.000Z,5.603,2,"",M,57.251,2,"",M,6.000,2,"",N,15.224,2,"",M,32.575,2,"",M,15.630,2,"",M,1009.940,2,"",M,368.409,2,"",M,NaN,,,0,NaN,,,M,354.729,2,"",353.462,2,"",NaN,,,NaN,,,NaN,,
2023-08-12T17:23:28.000Z,5.609,2,"",M,57.254,2,"",M,6.000,2,"",N,15.233,2,"",M,32.564,2,"",M,15.630,2,"",M,1009.930,2,"",M,368.110,2,"",M,NaN,,,0,NaN,,,M,354.567,2,"",353.301,2,"",NaN,,,NaN,,,NaN,,
2023-08-12T17:25:19.000Z,5.615,2,"",M,57.258,2,"",M,6.000,2,"",N,15.268,2,"",M,32.560,2,"",M,15.630,2,"",M,1009.900,2,"",M,368.220,2,"",M,NaN,,,0,NaN,,,M,355.190,2,"",353.921,2,"",NaN,,,NaN,,,NaN,,
2023-08-12T17:27:11.000Z,5.621,2,"",M,57.261,2,"",M,6.000,2,"",N,15.305,2,"",M,32.554,2,"",M,15.660,2,"",M,1009.930,2,"",M,368.311,2,"",M,NaN,,,0,NaN,,,M,355.379,2,"",354.110,2,"",NaN,,,NaN,,,NaN,,
2023-08-12T17:29:03.000Z,5.627,2,"",M,57.264,2,"",M,6.000,2,"",N,15.319,2,"",M,32.544,2,"",M,15.700,2,"",M,1009.850,2,"",M,368.632,2,"",M,NaN,,,0,NaN,,,M,355.258,2,"",353.991,2,"",NaN,,,NaN,,,NaN,,
2023-08-12T17:30:55.000Z,5.633,2,"",M,57.267,2,"",M,6.000,2,"",N,15.339,2,"",M,32.528,2,"",M,15.710,2,"",M,1009.820,2,"",M,368.954,2,"",M,NaN,,,0,NaN,,,M,355.704,2,"",354.435,2,"",NaN,,,NaN,,,NaN,,
2023-08-12T17:32:46.000Z,5.639,2,"",M,57.271,2,"",M,6.000,2,"",N,15.348,2,"",M,32.512,2,"",M,15.730,2,"",M,1009.840,2,"",M,369.415,2,"",M,NaN,,,0,NaN,,,M,355.974,2,"",354.704,2,"",NaN,,,NaN,,,NaN,,
2023-08-12T17:34:38.000Z,5.645,2,"",M,57.274,2,"",M,6.000,2,"",N,15.348,2,"",M,32.500,2,"",M,15.740,2,"",M,1009.865,2,"",M,369.436,2,"",M,NaN,,,0,NaN,,,M,355.859,2,"",354.590,2,"",NaN,,,NaN,,,NaN,,
2023-08-12T17:36:30.000Z,5.651,2,"",M,57.278,2,"",M,6.000,2,"",N,15.343,2,"",M,32.491,2,"",M,15.740,2,"",M,1009.950,2,"",M,369.397,2,"",M,NaN,,,0,NaN,,,M,355.771,2,"",354.502,2,"",NaN,,,NaN,,,NaN,,
2023-08-12T17:38:22.000Z,5.658,2,"",M,57.281,2,"",M,6.000,2,"",N,15.339,2,"",M,32.485,2,"",M,15.740,2,"",M,1009.900,2,"",M,369.648,2,"",M,NaN,,,0,NaN,,,M,355.932,2,"",354.662,2,"",NaN,,,NaN,,,NaN,,
2023-08-12T17:40:13.000Z,5.664,2,"",M,57.284,2,"",M,6.000,2,"",N,15.336,2,"",M,32.478,2,"",M,15.740,2,"",M,1009.890,2,"",M,369.188,2,"",M,NaN,,,0,NaN,,,M,355.441,2,"",354.173,2,"",NaN,,,NaN,,,NaN,,
2023-08-12T17:42:05.000Z,5.670,2,"",M,57.288,2,"",M,6.000,2,"",N,15.340,2,"",M,32.473,2,"",M,15.730,2,"",M,1009.870,2,"",M,369.019,2,"",M,NaN,,,0,NaN,,,M,355.493,2,"",354.224,2,"",NaN,,,NaN,,,NaN,,
2023-08-12T17:44:18.000Z,5.678,2,"",M,57.292,2,"",M,6.000,2,"",N,15.342,2,"",M,32.469,2,"",M,15.740,2,"",M,1009.580,2,"",M,368.900,2,"",M,NaN,,,0,NaN,,,M,355.138,2,"",353.871,2,"",NaN,,,NaN,,,NaN,,
2023-08-12T17:46:10.000Z,5.684,2,"",M,57.295,2,"",M,6.000,2,"",N,15.343,2,"",M,32.466,2,"",M,15.740,2,"",M,1009.610,2,"",M,369.121,2,"",M,NaN,,,0,NaN,,,M,355.389,2,"",354.122,2,"",NaN,,,NaN,,,NaN,,
2023-08-12T17:48:02.000Z,5.690,2,"",M,57.298,2,"",M,6.000,2,"",N,15.348,2,"",M,32.462,2,"",M,15.740,2,"",M,1009.810,2,"",M,368.962,2,"",M,NaN,,,0,NaN,,,M,355.381,2,"",354.113,2,"",NaN,,,NaN,,,NaN,,
2023-08-12T17:49:53.000Z,5.697,2,"",M,57.302,2,"",M,6.000,2,"",N,15.349,2,"",M,32.460,2,"",M,15.740,2,"",M,1009.860,2,"",M,368.823,2,"",M,NaN,,,0,NaN,,,M,355.268,2,"",354.001,2,"",NaN,,,NaN,,,NaN,,
2023-08-12T17:51:45.000Z,5.703,2,"",M,57.305,2,"",M,6.000,2,"",N,15.346,2,"",M,32.458,2,"",M,15.750,2,"",M,1009.840,2,"",M,369.014,2,"",M,NaN,,,0,NaN,,,M,355.245,2,"",353.978,2,"",NaN,,,NaN,,,NaN,,
2023-08-12T17:53:37.000Z,5.710,2,"",M,57.309,2,"",M,6.000,2,"",N,15.332,2,"",M,32.459,2,"",M,15.740,2,"",M,1009.870,2,"",M,368.954,2,"",M,NaN,,,0,NaN,,,M,355.148,2,"",353.881,2,"",NaN,,,NaN,,,NaN,,
2023-08-12T17:55:29.000Z,5.716,2,"",M,57.312,2,"",M,6.000,2,"",N,15.316,2,"",M,32.460,2,"",M,15.730,2,"",M,1009.880,2,"",M,368.895,2,"",M,NaN,,,0,NaN,,,M,355.016,2,"",353.750,2,"",NaN,,,NaN,,,NaN,,
2023-08-12T17:57:20.000Z,5.723,2,"",M,57.316,2,"",M,6.000,2,"",N,15.292,2,"",M,32.469,2,"",M,15.720,2,"",M,1009.810,2,"",M,368.536,2,"",M,NaN,,,0,NaN,,,M,354.432,2,"",353.167,2,"",NaN,,,NaN,,,NaN,,
2023-08-12T17:59:12.000Z,5.729,2,"",M,57.319,2,"",M,6.000,2,"",N,15.297,2,"",M,32.473,2,"",M,15.690,2,"",M,1009.850,2,"",M,368.517,2,"",M,NaN,,,0,NaN,,,M,354.960,2,"",353.693,2,"",NaN,,,NaN,,,NaN,,
2023-08-12T18:01:04.000Z,5.735,2,"",M,57.323,2,"",M,6.000,2,"",N,15.299,2,"",M,32.475,2,"",M,15.690,2,"",M,1009.850,2,"",M,368.258,2,"",M,NaN,,,0,NaN,,,M,354.747,2,"",353.481,2,"",NaN,,,NaN,,,NaN,,
2023-08-12T18:02:56.000Z,5.742,2,"",M,57.326,2,"",M,6.000,2,"",N,15.314,2,"",M,32.474,2,"",M,15.700,2,"",M,1009.850,2,"",M,368.228,2,"",M,NaN,,,0,NaN,,,M,354.790,2,"",353.524,2,"",NaN,,,NaN,,,NaN,,
2023-08-12T18:04:47.000Z,5.748,2,"",M,57.330,2,"",M,6.000,2,"",N,15.330,2,"",M,32.474,2,"",M,15.710,2,"",M,1009.860,2,"",M,368.219,2,"",M,NaN,,,0,NaN,,,M,354.871,2,"",353.605,2,"",NaN,,,NaN,,,NaN,,
2023-08-12T18:06:39.000Z,5.755,2,"",M,57.333,2,"",M,6.000,2,"",N,15.337,2,"",M,32.476,2,"",M,15.730,2,"",M,1009.860,2,"",M,368.190,2,"",M,NaN,,,0,NaN,,,M,354.636,2,"",353.371,2,"",NaN,,,NaN,,,NaN,,
2023-08-12T18:08:31.000Z,5.761,2,"",M,57.337,2,"",M,6.000,2,"",N,15.342,2,"",M,32.482,2,"",M,15.730,2,"",M,1009.880,2,"",M,368.811,2,"",M,NaN,,,0,NaN,,,M,355.315,2,"",354.047,2,"",NaN,,,NaN,,,NaN,,
2023-08-12T18:10:23.000Z,5.768,2,"",M,57.340,2,"",M,6.000,2,"",N,15.353,2,"",M,32.492,2,"",M,15.740,2,"",M,1009.910,2,"",M,369.033,2,"",M,NaN,,,0,NaN,,,M,355.561,2,"",354.293,2,"",NaN,,,NaN,,,NaN,,
2023-08-12T18:12:15.000Z,5.774,2,"",M,57.344,2,"",M,6.000,2,"",N,15.360,2,"",M,32.500,2,"",M,15.750,2,"",M,1009.950,2,"",M,369.264,2,"",M,NaN,,,0,NaN,,,M,355.738,2,"",354.469,2,"",NaN,,,NaN,,,NaN,,
2023-08-12T18:14:06.000Z,5.781,2,"",M,57.347,2,"",M,6.000,2,"",N,15.358,2,"",M,32.510,2,"",M,15.760,2,"",M,1010.010,2,"",M,369.745,2,"",M,NaN,,,0,NaN,,,M,356.049,2,"",354.779,2,"",NaN,,,NaN,,,NaN,,
2023-08-12T18:15:58.000Z,5.787,2,"",M,57.351,2,"",M,6.000,2,"",N,15.355,2,"",M,32.511,2,"",M,15.760,2,"",M,1009.980,2,"",M,369.656,2,"",M,NaN,,,0,NaN,,,M,355.900,2,"",354.631,2,"",NaN,,,NaN,,,NaN,,
2023-08-12T18:17:50.000Z,5.793,2,"",M,57.355,2,"",M,6.000,2,"",N,15.358,2,"",M,32.510,2,"",M,15.750,2,"",M,1010.010,2,"",M,370.097,2,"",M,NaN,,,0,NaN,,,M,356.533,2,"",355.261,2,"",NaN,,,NaN,,,NaN,,
2023-08-12T18:19:42.000Z,5.800,2,"",M,57.358,2,"",M,6.000,2,"",N,15.376,2,"",I,32.510,2,"",I,15.760,2,"",M,1010.000,2,"",M,370.268,2,"",M,NaN,,,0,NaN,,,M,356.818,2,"",355.545,2,"",NaN,,,NaN,,,NaN,,
2023-08-12T18:21:33.000Z,5.806,2,"",M,57.362,2,"",M,6.000,2,"",N,15.394,2,"",M,32.510,2,"",M,15.760,2,"",M,1010.030,2,"",M,370.219,2,"",M,NaN,,,0,NaN,,,M,357.057,2,"",355.784,2,"",NaN,,,NaN,,,NaN,,
2023-08-12T18:23:25.000Z,5.813,2,"",M,57.365,2,"",M,6.000,2,"",N,15.407,2,"",M,32.517,2,"",M,15.780,2,"",M,1010.080,2,"",M,370.380,2,"",M,NaN,,,0,NaN,,,M,357.109,2,"",355.835,2,"",NaN,,,NaN,,,NaN,,
2023-08-12T18:25:17.000Z,5.819,2,"",M,57.369,2,"",M,6.000,2,"",N,15.417,2,"",M,32.528,2,"",M,15.800,2,"",M,1010.010,2,"",M,370.611,2,"",M,NaN,,,0,NaN,,,M,357.148,2,"",355.875,2,"",NaN,,,NaN,,,NaN,,
2023-08-12T18:27:09.000Z,5.826,2,"",M,57.372,2,"",M,6.000,2,"",N,15.408,2,"",M,32.549,2,"",M,15.800,2,"",M,1009.990,2,"",M,370.842,2,"",M,NaN,,,0,NaN,,,M,357.225,2,"",355.952,2,"",NaN,,,NaN,,,NaN,,
2023-08-12T18:29:00.000Z,5.832,2,"",M,57.376,2,"",M,6.000,2,"",N,15.392,2,"",M,32.572,2,"",M,15.810,2,"",M,1010.050,2,"",M,371.383,2,"",M,NaN,,,0,NaN,,,M,357.370,2,"",356.096,2,"",NaN,,,NaN,,,NaN,,
2023-08-12T18:30:52.000Z,5.839,2,"",M,57.380,2,"",M,6.000,2,"",N,15.365,2,"",M,32.603,2,"",M,15.790,2,"",M,1009.990,2,"",M,371.884,2,"",M,NaN,,,0,NaN,,,M,357.731,2,"",356.456,2,"",NaN,,,NaN,,,NaN,,
2023-08-12T18:32:44.000Z,5.845,2,"",M,57.383,2,"",M,6.000,2,"",N,15.339,2,"",M,32.625,2,"",M,15.770,2,"",M,1009.970,2,"",M,371.935,2,"",M,NaN,,,0,NaN,,,M,357.699,2,"",356.423,2,"",NaN,,,NaN,,,NaN,,
2023-08-12T18:34:36.000Z,5.852,2,"",M,57.386,2,"",M,6.000,2,"",N,15.320,2,"",M,32.644,2,"",M,15.740,2,"",M,1009.960,2,"",M,371.756,2,"",M,NaN,,,0,NaN,,,M,357.693,2,"",356.417,2,"",NaN,,,NaN,,,NaN,,
2023-08-12T18:36:27.000Z,5.858,2,"",M,57.390,2,"",M,6.000,2,"",N,15.292,2,"",M,32.667,2,"",M,15.720,2,"",M,1009.979,2,"",M,371.176,2,"",M,NaN,,,0,NaN,,,M,357.038,2,"",355.764,2,"",NaN,,,NaN,,,NaN,,
2023-08-12T18:40:57.000Z,5.874,2,"",M,57.398,2,"",M,6.000,2,"",N,NaN,,,M,NaN,,,M,NaN,,,M,NaN,,,M,NaN,,,0,NaN,,,0,NaN,,,M,NaN,,,NaN,,,NaN,,,NaN,,,NaN,,
2023-08-12T18:42:47.000Z,5.880,2,"",M,57.402,2,"",M,6.000,2,"",N,NaN,,,M,NaN,,,M,NaN,,,M,NaN,,,M,NaN,,,0,NaN,,,0,NaN,,,M,NaN,,,NaN,,,NaN,,,NaN,,,NaN,,
2023-08-12T18:44:57.000Z,5.888,2,"",M,57.406,2,"",M,6.000,2,"",N,NaN,,,M,NaN,,,M,NaN,,,M,NaN,,,M,NaN,,,0,NaN,,,0,NaN,,,M,NaN,,,NaN,,,NaN,,,NaN,,,NaN,,
2023-08-12T18:49:27.000Z,5.903,2,"",M,57.414,2,"",M,6.000,2,"",N,NaN,,,M,NaN,,,M,NaN,,,M,NaN,,,M,NaN,,,0,NaN,,,0,NaN,,,M,NaN,,,NaN,,,NaN,,,NaN,,,NaN,,
2023-08-12T18:51:17.000Z,5.910,2,"",M,57.418,2,"",M,6.000,2,"",N,NaN,,,M,NaN,,,M,NaN,,,M,NaN,,,M,NaN,,,0,NaN,,,0,NaN,,,M,NaN,,,NaN,,,NaN,,,NaN,,,NaN,,
2023-08-12T18:53:06.000Z,5.916,2,"",M,57.421,2,"",M,6.000,2,"",N,NaN,,,M,NaN,,,M,NaN,,,M,NaN,,,M,NaN,,,0,NaN,,,0,NaN,,,M,NaN,,,NaN,,,NaN,,,NaN,,,NaN,,
2023-08-12T18:57:36.000Z,5.932,2,"",M,57.429,2,"",M,6.000,2,"",N,NaN,,,M,NaN,,,M,NaN,,,M,NaN,,,M,NaN,,,0,NaN,,,0,NaN,,,M,NaN,,,NaN,,,NaN,,,NaN,,,NaN,,
2023-08-12T18:59:26.000Z,5.938,2,"",M,57.433,2,"",M,6.000,2,"",N,NaN,,,M,NaN,,,M,NaN,,,M,NaN,,,M,NaN,,,0,NaN,,,0,NaN,,,M,NaN,,,NaN,,,NaN,,,NaN,,,NaN,,
2023-08-12T19:01:15.000Z,5.945,2,"",M,57.436,2,"",M,6.000,2,"",N,NaN,,,M,NaN,,,M,NaN,,,M,NaN,,,M,NaN,,,0,NaN,,,0,NaN,,,M,NaN,,,NaN,,,NaN,,,NaN,,,NaN,,
2023-08-12T19:05:44.000Z,5.961,2,"",M,57.445,2,"",M,6.000,2,"",N,14.959,2,"",M,32.909,2,"",M,NaN,,,M,NaN,,,M,NaN,,,0,414.481,2,"",M,1009.300,2,"",M,NaN,,,NaN,,,414.481,2,"",407.017,2,"",405.548,2,""
2023-08-12T19:07:35.000Z,5.967,2,"",M,57.448,2,"",M,6.000,2,"",N,14.914,2,"",M,32.904,2,"",M,NaN,,,M,NaN,,,M,NaN,,,0,414.341,2,"",M,1009.300,2,"",M,NaN,,,NaN,,,414.341,2,"",406.900,2,"",405.430,2,""
2023-08-12T19:09:24.000Z,5.974,2,"",M,57.452,2,"",M,6.000,2,"",N,14.901,2,"",M,32.904,2,"",M,NaN,,,M,NaN,,,M,NaN,,,0,414.252,2,"",M,1009.200,2,"",M,NaN,,,NaN,,,414.252,2,"",406.777,2,"",405.308,2,""
2023-08-12T19:11:13.000Z,5.980,2,"",M,57.455,2,"",M,6.000,2,"",N,14.911,2,"",M,32.906,2,"",M,NaN,,,M,NaN,,,M,NaN,,,0,414.312,2,"",M,1009.300,2,"",M,NaN,,,NaN,,,414.312,2,"",406.872,2,"",405.403,2,""
2023-08-12T19:13:03.000Z,5.987,2,"",M,57.459,2,"",M,6.000,2,"",N,14.905,2,"",M,32.905,2,"",M,NaN,,,M,NaN,,,M,NaN,,,0,414.202,2,"",M,1009.300,2,"",M,NaN,,,NaN,,,414.202,2,"",406.767,2,"",405.298,2,""
2023-08-12T19:18:13.000Z,5.998,2,"",M,57.465,2,"",M,6.000,2,"",N,14.866,2,"",M,32.882,2,"",M,15.290,2,"",M,1010.020,2,"",M,365.905,2,"",M,NaN,,,0,NaN,,,M,352.211,2,"",350.948,2,"",NaN,,,NaN,,,NaN,,
2023-08-12T19:20:05.000Z,6.000,2,"",M,57.465,2,"",M,6.000,2,"",N,14.856,2,"",M,32.878,2,"",M,15.280,2,"",M,1010.050,2,"",M,365.515,2,"",M,NaN,,,0,NaN,,,M,351.845,2,"",350.582,2,"",NaN,,,NaN,,,NaN,,
2023-08-12T19:21:57.000Z,6.000,2,"",M,57.466,2,"",M,6.000,2,"",N,14.860,2,"",M,32.864,2,"",M,15.260,2,"",M,1010.070,2,"",M,365.065,2,"",M,NaN,,,0,NaN,,,M,351.779,2,"",350.516,2,"",NaN,,,NaN,,,NaN,,
2023-08-12T19:23:49.000Z,5.999,2,"",M,57.466,2,"",M,6.000,2,"",N,14.863,2,"",M,32.869,2,"",M,15.270,2,"",M,1010.050,2,"",M,364.595,2,"",M,NaN,,,0,NaN,,,M,351.224,2,"",349.964,2,"",NaN,,,NaN,,,NaN,,
2023-08-12T19:25:40.000Z,5.998,2,"",M,57.466,2,"",M,6.000,2,"",N,14.897,2,"",M,32.863,2,"",M,15.270,2,"",M,1010.060,2,"",M,364.746,2,"",M,NaN,,,0,NaN,,,M,351.867,2,"",350.604,2,"",NaN,,,NaN,,,NaN,,
2023-08-12T19:27:32.000Z,5.998,2,"",M,57.467,2,"",M,6.000,2,"",N,14.907,2,"",M,32.865,2,"",M,15.300,2,"",M,1010.050,2,"",M,364.666,2,"",M,NaN,,,0,NaN,,,M,351.486,2,"",350.225,2,"",NaN,,,NaN,,,NaN,,
2023-08-12T19:29:24.000Z,5.998,2,"",M,57.467,2,"",M,6.000,2,"",N,14.928,2,"",M,32.866,2,"",M,15.310,2,"",M,1010.030,2,"",M,364.876,2,"",M,NaN,,,0,NaN,,,M,351.834,2,"",350.572,2,"",NaN,,,NaN,,,NaN,,
2023-08-12T19:31:16.000Z,5.998,2,"",M,57.467,2,"",M,6.000,2,"",N,14.940,2,"",M,32.868,2,"",M,15.330,2,"",M,1010.070,2,"",M,365.067,2,"",M,NaN,,,0,NaN,,,M,351.903,2,"",350.641,2,"",NaN,,,NaN,,,NaN,,
2023-08-12T19:33:07.000Z,5.998,2,"",M,57.467,2,"",M,6.000,2,"",N,14.954,2,"",M,32.871,2,"",M,15.340,2,"",M,1010.140,2,"",M,365.237,2,"",M,NaN,,,0,NaN,,,M,352.155,2,"",350.892,2,"",NaN,,,NaN,,,NaN,,
2023-08-12T19:34:59.000Z,5.998,2,"",M,57.467,2,"",M,6.000,2,"",N,14.960,2,"",M,32.874,2,"",M,15.350,2,"",M,1010.080,2,"",M,365.578,2,"",M,NaN,,,0,NaN,,,M,352.393,2,"",351.130,2,"",NaN,,,NaN,,,NaN,,
2023-08-12T19:36:51.000Z,5.998,2,"",M,57.467,2,"",M,6.000,2,"",N,14.965,2,"",M,32.876,2,"",M,15.360,2,"",M,1010.120,2,"",M,365.838,2,"",M,NaN,,,0,NaN,,,M,352.591,2,"",351.327,2,"",NaN,,,NaN,,,NaN,,
2023-08-12T19:38:42.000Z,5.998,2,"",M,57.467,2,"",M,6.000,2,"",N,14.955,2,"",M,32.876,2,"",M,15.370,2,"",M,1010.130,2,"",M,366.099,2,"",M,NaN,,,0,NaN,,,M,352.535,2,"",351.271,2,"",NaN,,,NaN,,,NaN,,
2023-08-12T19:40:34.000Z,5.994,2,"",M,57.469,2,"",M,6.000,2,"",N,14.942,2,"",M,32.874,2,"",M,15.360,2,"",M,1010.150,2,"",M,366.009,2,"",M,NaN,,,0,NaN,,,M,352.419,2,"",351.155,2,"",NaN,,,NaN,,,NaN,,
2023-08-12T19:42:26.000Z,5.987,2,"",M,57.473,2,"",M,6.000,2,"",N,14.931,2,"",M,32.878,2,"",M,15.350,2,"",M,1009.960,2,"",M,365.879,2,"",M,NaN,,,0,NaN,,,M,352.215,2,"",350.952,2,"",NaN,,,NaN,,,NaN,,
2023-08-12T19:44:39.000Z,5.979,2,"",M,57.477,2,"",M,6.000,2,"",N,14.892,2,"",M,32.909,2,"",M,15.340,2,"",M,1010.180,2,"",M,365.910,2,"",M,NaN,,,0,NaN,,,M,351.896,2,"",350.634,2,"",NaN,,,NaN,,,NaN,,
2023-08-12T19:46:31.000Z,5.971,2,"",M,57.481,2,"",M,6.000,2,"",N,14.861,2,"",M,32.940,2,"",M,15.310,2,"",M,1010.210,2,"",M,365.780,2,"",M,NaN,,,0,NaN,,,M,351.770,2,"",350.508,2,"",NaN,,,NaN,,,NaN,,
2023-08-12T19:48:22.000Z,5.964,2,"",M,57.485,2,"",M,6.000,2,"",N,14.829,2,"",M,32.952,2,"",M,15.270,2,"",M,1010.220,2,"",M,365.900,2,"",M,NaN,,,0,NaN,,,M,352.023,2,"",350.759,2,"",NaN,,,NaN,,,NaN,,
2023-08-12T19:50:14.000Z,5.957,2,"",M,57.489,2,"",M,6.000,2,"",N,14.813,2,"",M,32.959,2,"",M,15.240,2,"",M,1010.230,2,"",M,365.421,2,"",M,NaN,,,0,NaN,,,M,351.796,2,"",350.533,2,"",NaN,,,NaN,,,NaN,,
2023-08-12T19:52:06.000Z,5.949,2,"",M,57.493,2,"",M,6.000,2,"",N,14.795,2,"",M,32.962,2,"",M,15.230,2,"",M,1010.320,2,"",M,365.111,2,"",M,NaN,,,0,NaN,,,M,351.404,2,"",350.142,2,"",NaN,,,NaN,,,NaN,,
2023-08-12T19:53:58.000Z,5.942,2,"",M,57.497,2,"",M,6.000,2,"",N,14.757,2,"",M,32.957,2,"",M,15.210,2,"",M,1010.290,2,"",M,364.601,2,"",M,NaN,,,0,NaN,,,M,350.646,2,"",349.387,2,"",NaN,,,NaN,,,NaN,,
2023-08-12T19:55:50.000Z,5.934,2,"",M,57.501,2,"",M,6.000,2,"",N,14.705,2,"",M,32.941,2,"",M,15.180,2,"",M,1010.200,2,"",M,364.871,2,"",M,NaN,,,0,NaN,,,M,350.555,2,"",349.295,2,"",NaN,,,NaN,,,NaN,,
2023-08-12T19:57:41.000Z,5.927,2,"",M,57.505,2,"",M,6.000,2,"",N,14.629,2,"",M,32.920,2,"",M,15.120,2,"",M,1010.230,2,"",M,365.282,2,"",M,NaN,,,0,NaN,,,M,350.749,2,"",349.487,2,"",NaN,,,NaN,,,NaN,,
2023-08-12T19:59:33.000Z,5.920,2,"",M,57.509,2,"",M,6.000,2,"",N,14.566,2,"",M,32.895,2,"",M,15.050,2,"",M,1010.290,2,"",M,366.203,2,"",M,NaN,,,0,NaN,,,M,351.782,2,"",350.515,2,"",NaN,,,NaN,,,NaN,,
2023-08-12T20:01:25.000Z,5.912,2,"",M,57.508,2,"",M,6.000,2,"",N,14.535,2,"",M,32.878,2,"",M,14.990,2,"",M,1010.320,2,"",M,367.043,2,"",M,NaN,,,0,NaN,,,M,353.065,2,"",351.793,2,"",NaN,,,NaN,,,NaN,,
2023-08-12T20:03:17.000Z,5.905,2,"",M,57.505,2,"",M,6.000,2,"",N,14.499,2,"",M,32.861,2,"",M,14.970,2,"",M,1010.280,2,"",M,368.244,2,"",M,NaN,,,0,NaN,,,M,353.972,2,"",352.697,2,"",NaN,,,NaN,,,NaN,,
2023-08-12T20:05:08.000Z,5.897,2,"",M,57.503,2,"",M,6.000,2,"",N,14.483,2,"",M,32.851,2,"",M,14.930,2,"",M,1010.270,2,"",M,369.275,2,"",M,NaN,,,0,NaN,,,M,355.330,2,"",354.049,2,"",NaN,,,NaN,,,NaN,,
2023-08-12T20:07:00.000Z,5.889,2,"",M,57.500,2,"",M,6.000,2,"",N,14.484,2,"",M,32.848,2,"",M,14.900,2,"",M,1010.310,2,"",M,369.846,2,"",M,NaN,,,0,NaN,,,M,356.383,2,"",355.098,2,"",NaN,,,NaN,,,NaN,,
2023-08-12T20:08:52.000Z,5.881,2,"",M,57.497,2,"",M,6.000,2,"",N,14.508,2,"",M,32.852,2,"",M,14.900,2,"",M,1010.330,2,"",M,370.236,2,"",M,NaN,,,0,NaN,,,M,357.120,2,"",355.832,2,"",NaN,,,NaN,,,NaN,,
2023-08-12T20:10:43.000Z,5.873,2,"",M,57.495,2,"",M,6.000,2,"",N,14.532,2,"",M,32.859,2,"",M,14.920,2,"",M,1010.400,2,"",M,370.417,2,"",M,NaN,,,0,NaN,,,M,357.373,2,"",356.084,2,"",NaN,,,NaN,,,NaN,,
2023-08-12T20:12:35.000Z,5.865,2,"",M,57.492,2,"",M,6.000,2,"",N,14.551,2,"",M,32.866,2,"",M,14.940,2,"",M,1010.390,2,"",M,370.177,2,"",M,NaN,,,0,NaN,,,M,357.123,2,"",355.835,2,"",NaN,,,NaN,,,NaN,,
2023-08-12T20:14:27.000Z,5.857,2,"",M,57.490,2,"",M,6.000,2,"",N,14.577,2,"",M,32.877,2,"",M,14.960,2,"",M,1010.370,2,"",M,369.987,2,"",M,NaN,,,0,NaN,,,M,357.013,2,"",355.727,2,"",NaN,,,NaN,,,NaN,,
2023-08-12T20:16:19.000Z,5.849,2,"",M,57.487,2,"",M,6.000,2,"",N,14.595,2,"",M,32.888,2,"",M,14.980,2,"",M,1010.410,2,"",M,369.387,2,"",M,NaN,,,0,NaN,,,M,356.410,2,"",355.126,2,"",NaN,,,NaN,,,NaN,,
2023-08-12T20:18:10.000Z,5.841,2,"",M,57.485,2,"",M,6.000,2,"",N,14.610,2,"",M,32.895,2,"",M,15.000,2,"",M,1010.410,2,"",M,369.127,2,"",M,NaN,,,0,NaN,,,M,356.078,2,"",354.795,2,"",NaN,,,NaN,,,NaN,,
2023-08-12T20:20:02.000Z,5.833,2,"",M,57.482,2,"",M,6.000,2,"",N,14.632,2,"",M,32.908,2,"",M,15.020,2,"",M,1010.380,2,"",M,368.838,2,"",M,NaN,,,0,NaN,,,M,355.807,2,"",354.525,2,"",NaN,,,NaN,,,NaN,,
2023-08-12T20:21:54.000Z,5.825,2,"",M,57.480,2,"",M,6.000,2,"",N,14.653,2,"",M,32.920,2,"",M,15.040,2,"",M,1010.360,2,"",M,368.008,2,"",M,NaN,,,0,NaN,,,M,355.006,2,"",353.728,2,"",NaN,,,NaN,,,NaN,,
2023-08-12T20:23:46.000Z,5.817,2,"",M,57.477,2,"",M,6.000,2,"",N,14.660,2,"",M,32.932,2,"",M,15.060,2,"",M,1010.390,2,"",M,367.648,2,"",M,NaN,,,0,NaN,,,M,354.464,2,"",353.188,2,"",NaN,,,NaN,,,NaN,,
2023-08-12T20:25:37.000Z,5.809,2,"",M,57.475,2,"",M,6.000,2,"",N,14.655,2,"",M,32.944,2,"",M,15.070,2,"",M,1010.440,2,"",M,366.828,2,"",M,NaN,,,0,NaN,,,M,353.472,2,"",352.200,2,"",NaN,,,NaN,,,NaN,,
2023-08-12T20:27:29.000Z,5.801,2,"",M,57.472,2,"",M,6.000,2,"",N,14.648,2,"",M,32.957,2,"",M,15.070,2,"",M,1010.360,2,"",M,366.448,2,"",M,NaN,,,0,NaN,,,M,352.969,2,"",351.699,2,"",NaN,,,NaN,,,NaN,,
2023-08-12T20:29:21.000Z,5.794,2,"",M,57.470,2,"",M,6.000,2,"",N,14.645,2,"",M,32.970,2,"",M,15.060,2,"",M,1010.370,2,"",M,365.608,2,"",M,NaN,,,0,NaN,,,M,352.270,2,"",351.002,2,"",NaN,,,NaN,,,NaN,,
2023-08-12T20:31:13.000Z,5.786,2,"",M,57.468,2,"",M,6.000,2,"",N,14.638,2,"",M,32.989,2,"",M,15.060,2,"",M,1010.380,2,"",M,364.878,2,"",M,NaN,,,0,NaN,,,M,351.465,2,"",350.200,2,"",NaN,,,NaN,,,NaN,,
2023-08-12T20:33:04.000Z,5.779,2,"",M,57.465,2,"",M,6.000,2,"",N,14.653,2,"",M,33.002,2,"",M,15.050,2,"",M,1010.330,2,"",M,364.088,2,"",M,NaN,,,0,NaN,,,M,351.066,2,"",349.802,2,"",NaN,,,NaN,,,NaN,,
2023-08-12T20:34:56.000Z,5.771,2,"",M,57.463,2,"",M,6.000,2,"",N,14.699,2,"",M,33.036,2,"",M,15.060,2,"",M,1010.360,2,"",M,363.458,2,"",M,NaN,,,0,NaN,,,M,350.991,2,"",349.728,2,"",NaN,,,NaN,,,NaN,,
2023-08-12T20:36:48.000Z,5.764,2,"",M,57.461,2,"",M,6.000,2,"",N,14.735,2,"",M,33.064,2,"",M,15.100,2,"",M,1010.230,2,"",M,363.638,2,"",M,NaN,,,0,NaN,,,M,351.042,2,"",349.780,2,"",NaN,,,NaN,,,NaN,,
2023-08-12T20:38:40.000Z,5.756,2,"",M,57.458,2,"",M,6.000,2,"",N,14.763,2,"",M,33.071,2,"",M,15.140,2,"",M,1010.280,2,"",M,363.869,2,"",M,NaN,,,0,NaN,,,M,351.095,2,"",349.833,2,"",NaN,,,NaN,,,NaN,,
2023-08-12T20:40:31.000Z,5.748,2,"",M,57.456,2,"",M,6.000,2,"",N,14.779,2,"",I,33.073,2,"",I,15.160,2,"",M,1010.280,2,"",M,364.449,2,"",M,NaN,,,0,NaN,,,M,351.587,2,"",350.323,2,"",NaN,,,NaN,,,NaN,,
2023-08-12T20:42:23.000Z,5.741,2,"",M,57.453,2,"",M,6.000,2,"",N,14.795,2,"",M,33.075,2,"",M,15.190,2,"",M,1010.260,2,"",M,364.950,2,"",M,NaN,,,0,NaN,,,M,351.843,2,"",350.579,2,"",NaN,,,NaN,,,NaN,,
2023-08-12T20:44:36.000Z,5.732,2,"",M,57.451,2,"",M,6.000,2,"",N,14.807,2,"",M,33.072,2,"",M,15.200,2,"",M,1010.220,2,"",M,364.920,2,"",M,NaN,,,0,NaN,,,M,351.831,2,"",350.567,2,"",NaN,,,NaN,,,NaN,,
2023-08-12T20:46:28.000Z,5.724,2,"",M,57.448,2,"",M,6.000,2,"",N,14.825,2,"",M,33.065,2,"",M,15.210,2,"",M,1010.240,2,"",M,364.961,2,"",M,NaN,,,0,NaN,,,M,351.992,2,"",350.727,2,"",NaN,,,NaN,,,NaN,,
2023-08-12T20:48:20.000Z,5.717,2,"",M,57.446,2,"",M,6.000,2,"",N,14.846,2,"",M,33.054,2,"",M,15.230,2,"",M,1010.180,2,"",M,364.951,2,"",M,NaN,,,0,NaN,,,M,351.972,2,"",350.708,2,"",NaN,,,NaN,,,NaN,,
2023-08-12T20:50:11.000Z,5.709,2,"",M,57.444,2,"",M,6.000,2,"",N,14.868,2,"",M,33.044,2,"",M,15.250,2,"",M,1010.200,2,"",M,365.351,2,"",M,NaN,,,0,NaN,,,M,352.373,2,"",351.108,2,"",NaN,,,NaN,,,NaN,,
2023-08-12T20:52:03.000Z,5.702,2,"",M,57.441,2,"",M,6.000,2,"",N,14.880,2,"",M,33.032,2,"",M,15.270,2,"",M,1010.200,2,"",M,365.332,2,"",M,NaN,,,0,NaN,,,M,352.234,2,"",350.969,2,"",NaN,,,NaN,,,NaN,,
2023-08-12T20:53:55.000Z,5.694,2,"",M,57.439,2,"",M,6.000,2,"",N,14.885,2,"",M,33.022,2,"",M,15.280,2,"",M,1010.210,2,"",M,365.712,2,"",M,NaN,,,0,NaN,,,M,352.523,2,"",351.258,2,"",NaN,,,NaN,,,NaN,,
2023-08-12T20:55:46.000Z,5.686,2,"",M,57.436,2,"",M,6.000,2,"",N,14.894,2,"",M,33.013,2,"",M,15.290,2,"",M,1010.160,2,"",M,365.783,2,"",M,NaN,,,0,NaN,,,M,352.551,2,"",351.286,2,"",NaN,,,NaN,,,NaN,,
2023-08-12T20:57:38.000Z,5.678,2,"",M,57.434,2,"",M,6.000,2,"",N,14.912,2,"",M,32.999,2,"",M,15.300,2,"",M,1010.130,2,"",M,366.003,2,"",M,NaN,,,0,NaN,,,M,352.868,2,"",351.602,2,"",NaN,,,NaN,,,NaN,,
2023-08-12T20:59:30.000Z,5.671,2,"",M,57.432,2,"",M,6.000,2,"",N,14.929,2,"",M,32.986,2,"",M,15.310,2,"",M,1010.150,2,"",M,366.294,2,"",M,NaN,,,0,NaN,,,M,353.256,2,"",351.989,2,"",NaN,,,NaN,,,NaN,,
2023-08-12T21:01:22.000Z,5.663,2,"",M,57.429,2,"",M,6.000,2,"",N,14.948,2,"",M,32.969,2,"",M,15.330,2,"",M,1010.130,2,"",M,366.704,2,"",M,NaN,,,0,NaN,,,M,353.628,2,"",352.359,2,"",NaN,,,NaN,,,NaN,,
2023-08-12T21:03:13.000Z,5.655,2,"",M,57.427,2,"",M,6.000,2,"",N,14.961,2,"",M,32.952,2,"",M,15.350,2,"",M,1010.170,2,"",M,367.065,2,"",M,NaN,,,0,NaN,,,M,353.872,2,"",352.603,2,"",NaN,,,NaN,,,NaN,,
2023-08-12T21:05:05.000Z,5.648,2,"",M,57.424,2,"",M,6.000,2,"",N,14.970,2,"",M,32.941,2,"",M,15.360,2,"",M,1010.250,2,"",M,367.635,2,"",M,NaN,,,0,NaN,,,M,354.443,2,"",353.172,2,"",NaN,,,NaN,,,NaN,,
2023-08-12T21:06:57.000Z,5.641,2,"",M,57.422,2,"",M,6.000,2,"",N,14.975,2,"",M,32.928,2,"",M,15.370,2,"",M,1010.245,2,"",M,367.866,2,"",M,NaN,,,0,NaN,,,M,354.581,2,"",353.310,2,"",NaN,,,NaN,,,NaN,,
2023-08-12T21:08:49.000Z,5.633,2,"",M,57.420,2,"",M,6.000,2,"",N,14.981,2,"",M,32.920,2,"",M,15.370,2,"",M,1010.240,2,"",M,367.986,2,"",M,NaN,,,0,NaN,,,M,354.779,2,"",353.507,2,"",NaN,,,NaN,,,NaN,,
2023-08-12T21:10:41.000Z,5.625,2,"",M,57.417,2,"",M,6.000,2,"",N,14.985,2,"",M,32.911,2,"",M,15.380,2,"",M,1010.240,2,"",M,368.547,2,"",M,NaN,,,0,NaN,,,M,355.224,2,"",353.950,2,"",NaN,,,NaN,,,NaN,,
2023-08-12T21:12:32.000Z,5.618,2,"",M,57.415,2,"",M,6.000,2,"",N,14.985,2,"",M,32.904,2,"",M,15.390,2,"",M,1010.200,2,"",M,368.667,2,"",M,NaN,,,0,NaN,,,M,355.183,2,"",353.910,2,"",NaN,,,NaN,,,NaN,,
2023-08-12T21:14:24.000Z,5.611,2,"",M,57.413,2,"",M,6.000,2,"",N,14.986,2,"",M,32.899,2,"",M,15.390,2,"",M,1010.250,2,"",M,368.617,2,"",M,NaN,,,0,NaN,,,M,355.166,2,"",353.893,2,"",NaN,,,NaN,,,NaN,,
2023-08-12T21:16:16.000Z,5.603,2,"",M,57.410,2,"",M,6.000,2,"",N,14.981,2,"",M,32.896,2,"",M,15.390,2,"",M,1010.175,2,"",M,368.508,2,"",M,NaN,,,0,NaN,,,M,354.956,2,"",353.683,2,"",NaN,,,NaN,,,NaN,,
2023-08-12T21:18:07.000Z,5.596,2,"",M,57.408,2,"",M,6.000,2,"",N,14.978,2,"",M,32.892,2,"",M,15.380,2,"",M,1010.170,2,"",M,368.898,2,"",M,NaN,,,0,NaN,,,M,355.433,2,"",354.159,2,"",NaN,,,NaN,,,NaN,,
2023-08-12T21:19:59.000Z,5.588,2,"",M,57.406,2,"",M,6.000,2,"",N,14.976,2,"",M,32.891,2,"",M,15.380,2,"",M,1010.190,2,"",M,368.798,2,"",M,NaN,,,0,NaN,,,M,355.320,2,"",354.047,2,"",NaN,,,NaN,,,NaN,,
2023-08-12T21:21:51.000Z,5.581,2,"",M,57.403,2,"",M,6.000,2,"",N,14.973,2,"",M,32.889,2,"",M,15.380,2,"",M,1010.150,2,"",M,368.759,2,"",M,NaN,,,0,NaN,,,M,355.222,2,"",353.949,2,"",NaN,,,NaN,,,NaN,,
2023-08-12T21:23:43.000Z,5.574,2,"",M,57.401,2,"",M,6.000,2,"",N,14.966,2,"",M,32.888,2,"",M,15.380,2,"",M,1010.210,2,"",M,368.629,2,"",M,NaN,,,0,NaN,,,M,355.012,2,"",353.740,2,"",NaN,,,NaN,,,NaN,,
2023-08-12T21:25:34.000Z,5.566,2,"",M,57.399,2,"",M,6.000,2,"",N,14.967,2,"",M,32.887,2,"",M,15.370,2,"",M,1010.240,2,"",M,368.689,2,"",M,NaN,,,0,NaN,,,M,355.251,2,"",353.978,2,"",NaN,,,NaN,,,NaN,,
2023-08-12T21:27:26.000Z,5.559,2,"",M,57.396,2,"",M,6.000,2,"",N,14.993,2,"",M,32.882,2,"",M,15.370,2,"",M,1010.280,2,"",M,368.700,2,"",M,NaN,,,0,NaN,,,M,355.659,2,"",354.383,2,"",NaN,,,NaN,,,NaN,,
2023-08-12T21:29:18.000Z,5.552,2,"",M,57.394,2,"",M,6.000,2,"",N,15.019,2,"",M,32.876,2,"",M,15.390,2,"",M,1010.250,2,"",M,368.310,2,"",M,NaN,,,0,NaN,,,M,355.368,2,"",354.095,2,"",NaN,,,NaN,,,NaN,,
2023-08-12T21:31:10.000Z,5.544,2,"",M,57.392,2,"",M,6.000,2,"",N,15.041,2,"",M,32.869,2,"",M,15.420,2,"",M,1010.280,2,"",M,368.510,2,"",M,NaN,,,0,NaN,,,M,355.441,2,"",354.167,2,"",NaN,,,NaN,,,NaN,,
2023-08-12T21:33:01.000Z,5.537,2,"",M,57.389,2,"",M,6.000,2,"",N,15.068,2,"",M,32.860,2,"",M,15.440,2,"",M,1010.240,2,"",M,368.991,2,"",M,NaN,,,0,NaN,,,M,355.979,2,"",354.704,2,"",NaN,,,NaN,,,NaN,,
2023-08-12T21:34:53.000Z,5.529,2,"",M,57.387,2,"",M,6.000,2,"",N,15.104,2,"",M,32.848,2,"",M,15.460,2,"",M,1010.230,2,"",M,368.981,2,"",M,NaN,,,0,NaN,,,M,356.199,2,"",354.923,2,"",NaN,,,NaN,,,NaN,,
2023-08-12T21:36:45.000Z,5.522,2,"",M,57.385,2,"",M,6.000,2,"",N,15.123,2,"",M,32.840,2,"",M,15.490,2,"",M,1010.180,2,"",M,369.602,2,"",M,NaN,,,0,NaN,,,M,356.610,2,"",355.334,2,"",NaN,,,NaN,,,NaN,,
2023-08-12T21:38:37.000Z,5.514,2,"",M,57.382,2,"",M,6.000,2,"",N,15.150,2,"",M,32.837,2,"",M,15.520,2,"",M,1010.160,2,"",M,369.872,2,"",M,NaN,,,0,NaN,,,M,356.795,2,"",355.518,2,"",NaN,,,NaN,,,NaN,,
2023-08-12T21:40:28.000Z,5.507,2,"",M,57.380,2,"",M,6.000,2,"",N,15.174,2,"",M,32.837,2,"",M,15.540,2,"",M,1010.150,2,"",M,370.423,2,"",M,NaN,,,0,NaN,,,M,357.384,2,"",356.105,2,"",NaN,,,NaN,,,NaN,,
2023-08-12T21:42:20.000Z,5.499,2,"",M,57.377,2,"",M,6.000,2,"",N,15.194,2,"",M,32.837,2,"",M,15.570,2,"",M,1010.100,2,"",M,370.473,2,"",M,NaN,,,0,NaN,,,M,357.253,2,"",355.975,2,"",NaN,,,NaN,,,NaN,,
2023-08-12T21:44:12.000Z,5.492,2,"",M,57.375,2,"",M,6.000,2,"",N,15.214,2,"",M,32.833,2,"",M,15.590,2,"",M,1010.170,2,"",M,370.953,2,"",M,NaN,,,0,NaN,,,M,357.726,2,"",356.447,2,"",NaN,,,NaN,,,NaN,,
2023-08-12T21:46:25.000Z,5.483,2,"",M,57.372,2,"",M,6.000,2,"",N,15.239,2,"",M,32.832,2,"",M,15.610,2,"",M,1010.150,2,"",M,371.554,2,"",M,NaN,,,0,NaN,,,M,358.369,2,"",357.088,2,"",NaN,,,NaN,,,NaN,,
2023-08-12T21:48:17.000Z,5.475,2,"",M,57.370,2,"",M,6.000,2,"",N,15.237,2,"",M,32.826,2,"",M,15.630,2,"",M,1010.290,2,"",M,371.795,2,"",M,NaN,,,0,NaN,,,M,358.313,2,"",357.033,2,"",NaN,,,NaN,,,NaN,,
2023-08-12T21:50:08.000Z,5.468,2,"",M,57.367,2,"",M,6.000,2,"",N,15.225,2,"",M,32.826,2,"",M,15.630,2,"",M,1010.260,2,"",M,372.015,2,"",M,NaN,,,0,NaN,,,M,358.332,2,"",357.051,2,"",NaN,,,NaN,,,NaN,,
2023-08-12T21:52:00.000Z,5.460,2,"",M,57.365,2,"",M,6.000,2,"",N,15.202,2,"",M,32.830,2,"",M,15.620,2,"",M,1010.230,2,"",M,372.215,2,"",M,NaN,,,0,NaN,,,M,358.311,2,"",357.031,2,"",NaN,,,NaN,,,NaN,,
2023-08-12T21:53:52.000Z,5.453,2,"",M,57.363,2,"",M,6.000,2,"",N,15.175,2,"",M,32.838,2,"",M,15.600,2,"",M,1010.230,2,"",M,372.116,2,"",M,NaN,,,0,NaN,,,M,358.120,2,"",356.840,2,"",NaN,,,NaN,,,NaN,,
2023-08-12T21:55:44.000Z,5.446,2,"",M,57.361,2,"",M,6.000,2,"",N,15.176,2,"",M,32.849,2,"",M,15.580,2,"",M,1010.190,2,"",M,372.056,2,"",M,NaN,,,0,NaN,,,M,358.371,2,"",357.090,2,"",NaN,,,NaN,,,NaN,,
2023-08-12T21:57:35.000Z,5.438,2,"",M,57.358,2,"",M,6.000,2,"",N,15.192,2,"",M,32.859,2,"",M,15.570,2,"",M,1010.140,2,"",M,371.716,2,"",M,NaN,,,0,NaN,,,M,358.423,2,"",357.142,2,"",NaN,,,NaN,,,NaN,,
2023-08-12T21:59:27.000Z,5.431,2,"",M,57.356,2,"",M,6.000,2,"",N,15.210,2,"",M,32.865,2,"",M,15.590,2,"",M,1010.120,2,"",M,371.856,2,"",M,NaN,,,0,NaN,,,M,358.520,2,"",357.239,2,"",NaN,,,NaN,,,NaN,,
2023-08-12T22:01:19.000Z,5.423,2,"",M,57.353,2,"",M,6.000,2,"",N,15.226,2,"",M,32.870,2,"",M,15.600,2,"",M,1010.090,2,"",M,372.077,2,"",M,NaN,,,0,NaN,,,M,358.814,2,"",357.531,2,"",NaN,,,NaN,,,NaN,,
2023-08-12T22:03:11.000Z,5.416,2,"",M,57.351,2,"",M,6.000,2,"",N,15.236,2,"",M,32.870,2,"",M,15.620,2,"",M,1010.010,2,"",M,372.697,2,"",M,NaN,,,0,NaN,,,M,359.219,2,"",357.936,2,"",NaN,,,NaN,,,NaN,,
2023-08-12T22:05:02.000Z,5.408,2,"",M,57.349,2,"",M,6.000,2,"",N,15.243,2,"",M,32.871,2,"",M,15.630,2,"",M,1010.010,2,"",M,372.798,2,"",M,NaN,,,0,NaN,,,M,359.271,2,"",357.988,2,"",NaN,,,NaN,,,NaN,,
2023-08-12T22:06:54.000Z,5.401,2,"",M,57.346,2,"",M,6.000,2,"",N,15.242,2,"",M,32.869,2,"",M,15.640,2,"",M,1009.960,2,"",M,372.818,2,"",M,NaN,,,0,NaN,,,M,359.089,2,"",357.807,2,"",NaN,,,NaN,,,NaN,,
2023-08-12T22:08:46.000Z,5.394,2,"",M,57.344,2,"",M,6.000,2,"",N,15.242,2,"",M,32.860,2,"",M,15.640,2,"",M,1010.000,2,"",M,373.059,2,"",M,NaN,,,0,NaN,,,M,359.344,2,"",358.060,2,"",NaN,,,NaN,,,NaN,,
2023-08-12T22:10:38.000Z,5.386,2,"",M,57.342,2,"",M,6.000,2,"",N,15.261,2,"",M,32.851,2,"",M,15.640,2,"",M,1009.950,2,"",M,373.029,2,"",M,NaN,,,0,NaN,,,M,359.577,2,"",358.293,2,"",NaN,,,NaN,,,NaN,,
2023-08-12T22:12:29.000Z,5.379,2,"",M,57.339,2,"",M,6.000,2,"",N,15.286,2,"",M,32.845,2,"",M,15.650,2,"",M,1009.890,2,"",M,372.719,2,"",M,NaN,,,0,NaN,,,M,359.492,2,"",358.208,2,"",NaN,,,NaN,,,NaN,,
2023-08-12T22:14:21.000Z,5.372,2,"",M,57.337,2,"",M,6.000,2,"",N,15.305,2,"",M,32.839,2,"",M,15.680,2,"",M,1009.930,2,"",M,372.929,2,"",M,NaN,,,0,NaN,,,M,359.525,2,"",358.241,2,"",NaN,,,NaN,,,NaN,,
2023-08-12T22:16:13.000Z,5.364,2,"",M,57.334,2,"",M,6.000,2,"",N,15.314,2,"",M,32.832,2,"",M,15.700,2,"",M,1009.920,2,"",M,373.080,2,"",M,NaN,,,0,NaN,,,M,359.489,2,"",358.206,2,"",NaN,,,NaN,,,NaN,,
2023-08-12T22:18:04.000Z,5.357,2,"",M,57.332,2,"",M,6.000,2,"",N,15.315,2,"",M,32.830,2,"",M,15.710,2,"",M,1009.900,2,"",M,373.040,2,"",M,NaN,,,0,NaN,,,M,359.311,2,"",358.029,2,"",NaN,,,NaN,,,NaN,,
2023-08-12T22:19:56.000Z,5.349,2,"",M,57.330,2,"",M,6.000,2,"",N,15.299,2,"",M,32.829,2,"",M,15.710,2,"",M,1009.850,2,"",M,373.120,2,"",M,NaN,,,0,NaN,,,M,359.124,2,"",357.842,2,"",NaN,,,NaN,,,NaN,,
2023-08-12T22:21:48.000Z,5.342,2,"",M,57.328,2,"",M,6.000,2,"",N,15.278,2,"",M,32.826,2,"",M,15.700,2,"",M,1009.860,2,"",M,373.401,2,"",M,NaN,,,0,NaN,,,M,359.235,2,"",357.953,2,"",NaN,,,NaN,,,NaN,,
2023-08-12T22:23:40.000Z,5.335,2,"",M,57.325,2,"",M,6.000,2,"",N,15.255,2,"",M,32.823,2,"",M,15.680,2,"",M,1009.850,2,"",M,373.491,2,"",M,NaN,,,0,NaN,,,M,359.280,2,"",357.998,2,"",NaN,,,NaN,,,NaN,,
2023-08-12T22:28:09.000Z,5.316,2,"",M,57.319,2,"",M,6.000,2,"",N,NaN,,,M,NaN,,,M,NaN,,,M,NaN,,,M,NaN,,,0,NaN,,,0,NaN,,,M,NaN,,,NaN,,,NaN,,,NaN,,,NaN,,
2023-08-12T22:29:59.000Z,5.309,2,"",M,57.317,2,"",M,6.000,2,"",N,NaN,,,M,NaN,,,M,NaN,,,M,NaN,,,M,NaN,,,0,NaN,,,0,NaN,,,M,NaN,,,NaN,,,NaN,,,NaN,,,NaN,,
2023-08-12T22:31:49.000Z,5.302,2,"",M,57.315,2,"",M,6.000,2,"",N,NaN,,,M,NaN,,,M,NaN,,,M,NaN,,,M,NaN,,,0,NaN,,,0,NaN,,,M,NaN,,,NaN,,,NaN,,,NaN,,,NaN,,
2023-08-12T22:36:18.000Z,5.283,2,"",M,57.309,2,"",M,6.000,2,"",N,NaN,,,M,NaN,,,M,NaN,,,M,NaN,,,M,NaN,,,0,NaN,,,0,NaN,,,M,NaN,,,NaN,,,NaN,,,NaN,,,NaN,,
2023-08-12T22:38:08.000Z,5.276,2,"",M,57.306,2,"",M,6.000,2,"",N,NaN,,,M,NaN,,,M,NaN,,,M,NaN,,,M,NaN,,,0,NaN,,,0,NaN,,,M,NaN,,,NaN,,,NaN,,,NaN,,,NaN,,
2023-08-12T22:39:58.000Z,5.268,2,"",M,57.304,2,"",M,6.000,2,"",N,NaN,,,M,NaN,,,M,NaN,,,M,NaN,,,M,NaN,,,0,NaN,,,0,NaN,,,M,NaN,,,NaN,,,NaN,,,NaN,,,NaN,,
2023-08-12T22:44:27.000Z,5.250,2,"",M,57.298,2,"",M,6.000,2,"",N,NaN,,,M,NaN,,,M,NaN,,,M,NaN,,,M,NaN,,,0,NaN,,,0,NaN,,,M,NaN,,,NaN,,,NaN,,,NaN,,,NaN,,
2023-08-12T22:46:38.000Z,5.241,2,"",M,57.295,2,"",M,6.000,2,"",N,NaN,,,M,NaN,,,M,NaN,,,M,NaN,,,M,NaN,,,0,NaN,,,0,NaN,,,M,NaN,,,NaN,,,NaN,,,NaN,,,NaN,,
2023-08-12T22:48:28.000Z,5.233,2,"",M,57.293,2,"",M,6.000,2,"",N,NaN,,,M,NaN,,,M,NaN,,,M,NaN,,,M,NaN,,,0,NaN,,,0,NaN,,,M,NaN,,,NaN,,,NaN,,,NaN,,,NaN,,
2023-08-12T22:52:57.000Z,5.214,2,"",M,57.287,2,"",M,6.000,2,"",N,15.376,2,"",M,32.689,2,"",M,NaN,,,M,NaN,,,M,NaN,,,0,415.025,2,"",M,1009.000,2,"",M,NaN,,,NaN,,,415.025,2,"",407.240,2,"",405.779,2,""
2023-08-12T22:54:47.000Z,5.207,2,"",M,57.285,2,"",M,6.000,2,"",N,15.350,2,"",M,32.679,2,"",M,NaN,,,M,NaN,,,M,NaN,,,0,414.836,2,"",M,1008.900,2,"",M,NaN,,,NaN,,,414.836,2,"",407.025,2,"",405.564,2,""
2023-08-12T22:56:36.000Z,5.199,2,"",M,57.282,2,"",M,6.000,2,"",N,15.330,2,"",M,32.676,2,"",M,NaN,,,M,NaN,,,M,NaN,,,0,415.337,2,"",M,1008.900,2,"",M,NaN,,,NaN,,,415.337,2,"",407.526,2,"",406.063,2,""
2023-08-12T22:58:26.000Z,5.192,2,"",M,57.280,2,"",M,6.000,2,"",N,15.306,2,"",M,32.679,2,"",M,NaN,,,M,NaN,,,M,NaN,,,0,415.558,2,"",M,1008.900,2,"",M,NaN,,,NaN,,,415.558,2,"",407.754,2,"",406.289,2,""
2023-08-12T23:00:15.000Z,5.184,2,"",M,57.277,2,"",M,6.000,2,"",N,15.288,2,"",M,32.691,2,"",M,NaN,,,M,NaN,,,M,NaN,,,0,415.599,2,"",M,1009.000,2,"",M,NaN,,,NaN,,,415.599,2,"",407.843,2,"",406.378,2,""
2023-08-12T23:05:24.000Z,5.163,2,"",M,57.270,2,"",M,6.000,2,"",N,15.235,2,"",M,32.739,2,"",M,15.650,2,"",M,1009.550,2,"",M,369.327,2,"",M,NaN,,,0,NaN,,,M,355.318,2,"",354.050,2,"",NaN,,,NaN,,,NaN,,
2023-08-12T23:07:16.000Z,5.156,2,"",M,57.268,2,"",M,6.000,2,"",N,15.234,2,"",M,32.779,2,"",M,15.640,2,"",M,1009.530,2,"",M,369.057,2,"",M,NaN,,,0,NaN,,,M,355.201,2,"",353.932,2,"",NaN,,,NaN,,,NaN,,
2023-08-12T23:09:08.000Z,5.148,2,"",M,57.266,2,"",M,6.000,2,"",N,15.267,2,"",M,32.871,2,"",M,15.630,2,"",M,1009.520,2,"",M,369.118,2,"",M,NaN,,,0,NaN,,,M,355.909,2,"",354.638,2,"",NaN,,,NaN,,,NaN,,
2023-08-12T23:10:59.000Z,5.141,2,"",M,57.263,2,"",M,6.000,2,"",N,15.320,2,"",M,32.953,2,"",M,15.660,2,"",M,1009.520,2,"",M,369.850,2,"",M,NaN,,,0,NaN,,,M,356.953,2,"",355.679,2,"",NaN,,,NaN,,,NaN,,
2023-08-12T23:12:51.000Z,5.134,2,"",M,57.261,2,"",M,6.000,2,"",N,15.389,2,"",M,32.991,2,"",M,15.710,2,"",M,1009.510,2,"",M,370.851,2,"",M,NaN,,,0,NaN,,,M,358.172,2,"",356.895,2,"",NaN,,,NaN,,,NaN,,
2023-08-12T23:14:43.000Z,5.126,2,"",M,57.258,2,"",M,6.000,2,"",N,15.386,2,"",M,33.019,2,"",M,15.760,2,"",M,1009.500,2,"",M,372.722,2,"",M,NaN,,,0,NaN,,,M,359.156,2,"",357.876,2,"",NaN,,,NaN,,,NaN,,
2023-08-12T23:16:35.000Z,5.119,2,"",M,57.256,2,"",M,6.000,2,"",N,15.355,2,"",M,33.037,2,"",M,15.780,2,"",M,1009.460,2,"",M,374.184,2,"",M,NaN,,,0,NaN,,,M,359.765,2,"",358.483,2,"",NaN,,,NaN,,,NaN,,
2023-08-12T23:18:26.000Z,5.111,2,"",M,57.254,2,"",M,6.000,2,"",N,15.338,2,"",M,33.052,2,"",M,15.760,2,"",M,1009.540,2,"",M,375.465,2,"",M,NaN,,,0,NaN,,,M,361.079,2,"",359.791,2,"",NaN,,,NaN,,,NaN,,
2023-08-12T23:20:18.000Z,5.104,2,"",M,57.252,2,"",M,6.000,2,"",N,15.331,2,"",M,33.067,2,"",M,15.740,2,"",M,1009.470,2,"",M,374.896,2,"",M,NaN,,,0,NaN,,,M,360.707,2,"",359.421,2,"",NaN,,,NaN,,,NaN,,
2023-08-12T23:22:10.000Z,5.097,2,"",M,57.249,2,"",M,6.000,2,"",N,15.328,2,"",M,33.075,2,"",M,15.730,2,"",M,1009.420,2,"",M,374.197,2,"",M,NaN,,,0,NaN,,,M,360.127,2,"",358.843,2,"",NaN,,,NaN,,,NaN,,
2023-08-12T23:24:02.000Z,5.089,2,"",M,57.247,2,"",M,6.000,2,"",N,15.330,2,"",M,33.082,2,"",M,15.730,2,"",M,1009.450,2,"",M,373.958,2,"",M,NaN,,,0,NaN,,,M,359.943,2,"",358.660,2,"",NaN,,,NaN,,,NaN,,
2023-08-12T23:25:54.000Z,5.082,2,"",M,57.244,2,"",M,6.000,2,"",N,15.336,2,"",M,33.082,2,"",M,15.730,2,"",M,1009.420,2,"",M,374.029,2,"",M,NaN,,,0,NaN,,,M,360.091,2,"",358.807,2,"",NaN,,,NaN,,,NaN,,
2023-08-12T23:27:45.000Z,5.075,2,"",M,57.242,2,"",M,6.000,2,"",N,15.332,2,"",M,33.073,2,"",M,15.730,2,"",M,1009.505,2,"",M,374.260,2,"",M,NaN,,,0,NaN,,,M,360.281,2,"",358.996,2,"",NaN,,,NaN,,,NaN,,
2023-08-12T23:29:37.000Z,5.068,2,"",M,57.244,2,"",M,6.000,2,"",N,15.329,2,"",M,33.071,2,"",M,15.730,2,"",M,1009.480,2,"",M,374.031,2,"",M,NaN,,,0,NaN,,,M,360.005,2,"",358.721,2,"",NaN,,,NaN,,,NaN,,
2023-08-12T23:31:28.000Z,5.061,2,"",M,57.246,2,"",M,6.000,2,"",N,15.331,2,"",M,33.076,2,"",M,15.730,2,"",M,1009.530,2,"",M,374.312,2,"",M,NaN,,,0,NaN,,,M,360.323,2,"",359.038,2,"",NaN,,,NaN,,,NaN,,
2023-08-12T23:33:20.000Z,5.055,2,"",M,57.249,2,"",M,6.000,2,"",N,15.350,2,"",M,33.106,2,"",M,15.730,2,"",M,1009.460,2,"",M,374.073,2,"",M,NaN,,,0,NaN,,,M,360.364,2,"",359.079,2,"",NaN,,,NaN,,,NaN,,
2023-08-12T23:35:12.000Z,5.048,2,"",M,57.252,2,"",M,6.000,2,"",N,15.371,2,"",M,33.113,2,"",M,15.740,2,"",M,1009.560,2,"",M,374.194,2,"",M,NaN,,,0,NaN,,,M,360.684,2,"",359.398,2,"",NaN,,,NaN,,,NaN,,
2023-08-12T23:37:04.000Z,5.041,2,"",M,57.255,2,"",M,6.000,2,"",N,15.380,2,"",M,33.117,2,"",M,15.760,2,"",M,1009.420,2,"",M,374.315,2,"",M,NaN,,,0,NaN,,,M,360.573,2,"",359.288,2,"",NaN,,,NaN,,,NaN,,
2023-08-12T23:38:55.000Z,5.034,2,"",M,57.258,2,"",M,6.000,2,"",N,15.387,2,"",M,33.120,2,"",M,15.770,2,"",M,1009.450,2,"",M,374.886,2,"",M,NaN,,,0,NaN,,,M,361.072,2,"",359.785,2,"",NaN,,,NaN,,,NaN,,
2023-08-12T23:40:47.000Z,5.027,2,"",M,57.261,2,"",M,6.000,2,"",N,15.391,2,"",M,33.122,2,"",M,15.780,2,"",M,1009.420,2,"",M,375.017,2,"",M,NaN,,,0,NaN,,,M,361.095,2,"",359.809,2,"",NaN,,,NaN,,,NaN,,
2023-08-12T23:42:39.000Z,5.020,2,"",M,57.264,2,"",M,6.000,2,"",N,15.396,2,"",M,33.123,2,"",M,15.790,2,"",M,1009.370,2,"",M,374.918,2,"",M,NaN,,,0,NaN,,,M,360.896,2,"",359.610,2,"",NaN,,,NaN,,,NaN,,
2023-08-12T23:44:31.000Z,5.013,2,"",M,57.267,2,"",M,6.000,2,"",N,15.399,2,"",M,33.124,2,"",M,15.790,2,"",M,1009.380,2,"",M,375.039,2,"",M,NaN,,,0,NaN,,,M,361.065,2,"",359.778,2,"",NaN,,,NaN,,,NaN,,
2023-08-12T23:46:44.000Z,5.005,2,"",M,57.271,2,"",M,6.000,2,"",N,15.386,2,"",M,33.125,2,"",M,15.790,2,"",M,1009.340,2,"",M,375.550,2,"",M,NaN,,,0,NaN,,,M,361.351,2,"",360.064,2,"",NaN,,,NaN,,,NaN,,
2023-08-12T23:48:35.000Z,4.998,2,"",M,57.274,2,"",M,6.000,2,"",N,15.366,2,"",M,33.126,2,"",M,15.780,2,"",M,1009.325,2,"",M,375.721,2,"",M,NaN,,,0,NaN,,,M,361.358,2,"",360.070,2,"",NaN,,,NaN,,,NaN,,
2023-08-12T23:50:27.000Z,4.991,2,"",M,57.277,2,"",M,6.000,2,"",N,15.326,2,"",M,33.127,2,"",M,15.760,2,"",M,1009.310,2,"",M,375.782,2,"",M,NaN,,,0,NaN,,,M,361.109,2,"",359.822,2,"",NaN,,,NaN,,,NaN,,
2023-08-12T23:52:19.000Z,4.984,2,"",M,57.280,2,"",M,6.000,2,"",N,15.290,2,"",M,33.123,2,"",M,15.730,2,"",M,1009.230,2,"",M,376.093,2,"",M,NaN,,,0,NaN,,,M,361.302,2,"",360.014,2,"",NaN,,,NaN,,,NaN,,
2023-08-12T23:54:11.000Z,4.976,2,"",M,57.283,2,"",M,6.000,2,"",N,15.315,2,"",M,33.141,2,"",M,15.700,2,"",M,1009.290,2,"",M,375.744,2,"",M,NaN,,,0,NaN,,,M,361.838,2,"",360.547,2,"",NaN,,,NaN,,,NaN,,
2023-08-12T23:56:03.000Z,4.969,2,"",M,57.286,2,"",M,6.000,2,"",N,15.332,2,"",M,33.201,2,"",M,15.710,2,"",M,1009.250,2,"",M,375.445,2,"",M,NaN,,,0,NaN,,,M,361.650,2,"",360.360,2,"",NaN,,,NaN,,,NaN,,
2023-08-12T23:57:54.000Z,4.962,2,"",M,57.289,2,"",M,6.000,2,"",N,15.333,2,"",M,33.254,2,"",M,15.730,2,"",M,1009.290,2,"",M,375.446,2,"",M,NaN,,,0,NaN,,,M,361.368,2,"",360.080,2,"",NaN,,,NaN,,,NaN,,
2023-08-12T23:59:46.000Z,4.955,2,"",M,57.291,2,"",M,6.000,2,"",N,15.334,2,"",M,33.299,2,"",M,15.730,2,"",M,1009.130,2,"",M,375.997,2,"",M,NaN,,,0,NaN,,,M,361.842,2,"",360.552,2,"",NaN,,,NaN,,,NaN,,
2023-08-13T00:01:38.000Z,4.950,2,"",M,57.295,2,"",M,6.000,2,"",N,15.334,2,"",M,33.296,2,"",M,15.730,2,"",M,1009.020,2,"",M,376.168,2,"",M,NaN,,,0,NaN,,,M,361.975,2,"",360.684,2,"",NaN,,,NaN,,,NaN,,
2023-08-13T00:03:30.000Z,4.953,2,"",M,57.298,2,"",M,6.000,2,"",N,15.318,2,"",M,33.253,2,"",M,15.730,2,"",M,1009.080,2,"",M,376.369,2,"",M,NaN,,,0,NaN,,,M,361.947,2,"",360.657,2,"",NaN,,,NaN,,,NaN,,
2023-08-13T00:05:21.000Z,4.959,2,"",M,57.301,2,"",M,6.000,2,"",N,15.307,2,"",M,33.208,2,"",M,15.720,2,"",M,1009.040,2,"",M,376.220,2,"",M,NaN,,,0,NaN,,,M,361.782,2,"",360.492,2,"",NaN,,,NaN,,,NaN,,
2023-08-13T00:07:13.000Z,4.965,2,"",M,57.304,2,"",M,6.000,2,"",N,15.296,2,"",M,33.166,2,"",M,15.710,2,"",M,1009.000,2,"",M,375.851,2,"",M,NaN,,,0,NaN,,,M,361.387,2,"",360.099,2,"",NaN,,,NaN,,,NaN,,
2023-08-13T00:09:05.000Z,4.971,2,"",M,57.307,2,"",M,6.000,2,"",N,15.292,2,"",M,33.142,2,"",M,15.700,2,"",M,1009.060,2,"",M,375.041,2,"",M,NaN,,,0,NaN,,,M,360.738,2,"",359.452,2,"",NaN,,,NaN,,,NaN,,
2023-08-13T00:10:57.000Z,4.977,2,"",M,57.311,2,"",M,6.000,2,"",N,15.298,2,"",M,33.124,2,"",M,15.690,2,"",M,1009.070,2,"",M,374.632,2,"",M,NaN,,,0,NaN,,,M,360.589,2,"",359.303,2,"",NaN,,,NaN,,,NaN,,
2023-08-13T00:12:48.000Z,4.983,2,"",M,57.314,2,"",M,6.000,2,"",N,15.312,2,"",M,33.117,2,"",M,15.690,2,"",M,1009.020,2,"",M,373.913,2,"",M,NaN,,,0,NaN,,,M,360.087,2,"",358.803,2,"",NaN,,,NaN,,,NaN,,
2023-08-13T00:14:40.000Z,4.989,2,"",M,57.318,2,"",M,6.000,2,"",N,15.325,2,"",M,33.112,2,"",M,15.710,2,"",M,1008.990,2,"",M,373.544,2,"",M,NaN,,,0,NaN,,,M,359.610,2,"",358.328,2,"",NaN,,,NaN,,,NaN,,
2023-08-13T00:16:32.000Z,4.995,2,"",M,57.321,2,"",M,6.000,2,"",N,15.334,2,"",M,33.096,2,"",M,15.720,2,"",M,1009.050,2,"",M,373.405,2,"",M,NaN,,,0,NaN,,,M,359.475,2,"",358.193,2,"",NaN,,,NaN,,,NaN,,
2023-08-13T00:18:24.000Z,5.001,2,"",M,57.325,2,"",M,6.000,2,"",N,15.334,2,"",M,33.077,2,"",M,15.730,2,"",M,1008.980,2,"",M,373.826,2,"",M,NaN,,,0,NaN,,,M,359.710,2,"",358.428,2,"",NaN,,,NaN,,,NaN,,
2023-08-13T00:20:15.000Z,5.007,2,"",M,57.328,2,"",M,6.000,2,"",N,15.329,2,"",M,33.055,2,"",M,15.730,2,"",M,1008.990,2,"",M,374.077,2,"",M,NaN,,,0,NaN,,,M,359.880,2,"",358.597,2,"",NaN,,,NaN,,,NaN,,
2023-08-13T00:22:07.000Z,5.013,2,"",M,57.332,2,"",M,6.000,2,"",N,15.321,2,"",M,33.031,2,"",M,15.730,2,"",M,1009.010,2,"",M,374.298,2,"",M,NaN,,,0,NaN,,,M,359.968,2,"",358.685,2,"",NaN,,,NaN,,,NaN,,
2023-08-13T00:23:59.000Z,5.019,2,"",M,57.335,2,"",M,6.000,2,"",N,15.311,2,"",M,33.012,2,"",M,15.720,2,"",M,1008.950,2,"",M,374.549,2,"",M,NaN,,,0,NaN,,,M,360.198,2,"",358.914,2,"",NaN,,,NaN,,,NaN,,
2023-08-13T00:25:51.000Z,5.026,2,"",M,57.339,2,"",M,6.000,2,"",N,15.291,2,"",M,32.995,2,"",M,15.710,2,"",M,1008.880,2,"",M,374.230,2,"",M,NaN,,,0,NaN,,,M,359.712,2,"",358.429,2,"",NaN,,,NaN,,,NaN,,
2023-08-13T00:27:42.000Z,5.032,2,"",M,57.342,2,"",M,6.000,2,"",N,15.281,2,"",M,32.996,2,"",M,15.690,2,"",M,1008.850,2,"",M,374.361,2,"",M,NaN,,,0,NaN,,,M,359.993,2,"",358.710,2,"",NaN,,,NaN,,,NaN,,
2023-08-13T00:29:34.000Z,5.038,2,"",M,57.346,2,"",M,6.000,2,"",N,15.271,2,"",M,33.013,2,"",M,15.680,2,"",M,1008.860,2,"",M,373.932,2,"",M,NaN,,,0,NaN,,,M,359.590,2,"",358.308,2,"",NaN,,,NaN,,,NaN,,
2023-08-13T00:31:26.000Z,5.044,2,"",M,57.349,2,"",M,6.000,2,"",N,15.258,2,"",M,33.036,2,"",M,15.670,2,"",M,1008.860,2,"",M,373.392,2,"",M,NaN,,,0,NaN,,,M,359.031,2,"",357.750,2,"",NaN,,,NaN,,,NaN,,
2023-08-13T00:33:18.000Z,5.050,2,"",M,57.352,2,"",M,6.000,2,"",N,15.250,2,"",M,33.049,2,"",M,15.660,2,"",M,1008.860,2,"",M,373.263,2,"",M,NaN,,,0,NaN,,,M,358.929,2,"",357.648,2,"",NaN,,,NaN,,,NaN,,
2023-08-13T00:35:09.000Z,5.056,2,"",M,57.356,2,"",M,6.000,2,"",N,15.242,2,"",M,33.060,2,"",M,15.650,2,"",M,1008.870,2,"",M,373.474,2,"",M,NaN,,,0,NaN,,,M,359.181,2,"",357.900,2,"",NaN,,,NaN,,,NaN,,
2023-08-13T00:37:01.000Z,5.063,2,"",M,57.359,2,"",M,6.000,2,"",N,15.239,2,"",M,33.076,2,"",M,15.640,2,"",M,1008.850,2,"",M,373.916,2,"",M,NaN,,,0,NaN,,,M,359.706,2,"",358.423,2,"",NaN,,,NaN,,,NaN,,
2023-08-13T00:38:53.000Z,5.069,2,"",M,57.363,2,"",M,6.000,2,"",N,15.233,2,"",M,33.101,2,"",M,15.640,2,"",M,1008.790,2,"",M,374.037,2,"",M,NaN,,,0,NaN,,,M,359.711,2,"",358.428,2,"",NaN,,,NaN,,,NaN,,
2023-08-13T00:40:45.000Z,5.075,2,"",M,57.366,2,"",M,6.000,2,"",N,15.230,2,"",M,33.130,2,"",M,15.640,2,"",M,1008.770,2,"",M,374.178,2,"",M,NaN,,,0,NaN,,,M,359.784,2,"",358.500,2,"",NaN,,,NaN,,,NaN,,
2023-08-13T00:42:36.000Z,5.081,2,"",M,57.370,2,"",M,6.000,2,"",N,15.224,2,"",M,33.160,2,"",M,15.630,2,"",M,1008.700,2,"",M,374.238,2,"",M,NaN,,,0,NaN,,,M,359.889,2,"",358.605,2,"",NaN,,,NaN,,,NaN,,
2023-08-13T00:44:28.000Z,5.087,2,"",M,57.374,2,"",M,6.000,2,"",N,15.223,2,"",M,33.196,2,"",M,15.620,2,"",M,1008.760,2,"",M,374.410,2,"",M,NaN,,,0,NaN,,,M,360.221,2,"",358.936,2,"",NaN,,,NaN,,,NaN,,
2023-08-13T00:46:41.000Z,5.095,2,"",M,57.378,2,"",M,6.000,2,"",N,15.223,2,"",M,33.242,2,"",M,15.620,2,"",M,1008.730,2,"",M,374.881,2,"",M,NaN,,,0,NaN,,,M,360.655,2,"",359.368,2,"",NaN,,,NaN,,,NaN,,
2023-08-13T00:48:33.000Z,5.101,2,"",M,57.381,2,"",M,6.000,2,"",N,15.221,2,"",M,33.272,2,"",M,15.620,2,"",M,1008.830,2,"",M,374.872,2,"",M,NaN,,,0,NaN,,,M,360.657,2,"",359.370,2,"",NaN,,,NaN,,,NaN,,
2023-08-13T00:50:25.000Z,5.107,2,"",M,57.385,2,"",M,6.000,2,"",N,15.224,2,"",M,33.294,2,"",M,15.620,2,"",M,1008.850,2,"",M,375.033,2,"",M,NaN,,,0,NaN,,,M,360.861,2,"",359.573,2,"",NaN,,,NaN,,,NaN,,
2023-08-13T00:52:17.000Z,5.113,2,"",M,57.388,2,"",M,6.000,2,"",N,15.227,2,"",M,33.322,2,"",M,15.620,2,"",M,1008.870,2,"",M,374.694,2,"",M,NaN,,,0,NaN,,,M,360.597,2,"",359.310,2,"",NaN,,,NaN,,,NaN,,
2023-08-13T00:54:08.000Z,5.120,2,"",M,57.392,2,"",M,6.000,2,"",N,15.228,2,"",M,33.356,2,"",M,15.630,2,"",M,1008.860,2,"",M,375.035,2,"",M,NaN,,,0,NaN,,,M,360.769,2,"",359.481,2,"",NaN,,,NaN,,,NaN,,
2023-08-13T00:56:00.000Z,5.126,2,"",M,57.395,2,"",M,6.000,2,"",N,15.165,2,"",M,33.362,2,"",M,15.630,2,"",M,1008.770,2,"",M,375.006,2,"",M,NaN,,,0,NaN,,,M,359.761,2,"",358.477,2,"",NaN,,,NaN,,,NaN,,
2023-08-13T00:57:52.000Z,5.132,2,"",M,57.398,2,"",M,6.000,2,"",N,15.108,2,"",M,33.326,2,"",M,15.580,2,"",M,1008.790,2,"",M,375.167,2,"",M,NaN,,,0,NaN,,,M,359.825,2,"",358.541,2,"",NaN,,,NaN,,,NaN,,
2023-08-13T00:59:43.000Z,5.138,2,"",M,57.402,2,"",M,6.000,2,"",N,15.029,2,"",M,33.276,2,"",M,15.530,2,"",M,1008.780,2,"",M,375.008,2,"",M,NaN,,,0,NaN,,,M,359.256,2,"",357.972,2,"",NaN,,,NaN,,,NaN,,
2023-08-13T01:01:35.000Z,5.144,2,"",M,57.405,2,"",M,6.000,2,"",N,14.998,2,"",M,33.242,2,"",M,15.450,2,"",M,1008.750,2,"",M,374.658,2,"",M,NaN,,,0,NaN,,,M,359.690,2,"",358.404,2,"",NaN,,,NaN,,,NaN,,
2023-08-13T01:03:27.000Z,5.150,2,"",M,57.409,2,"",M,6.000,2,"",N,14.961,2,"",M,33.193,2,"",M,15.420,2,"",M,1008.770,2,"",M,373.539,2,"",M,NaN,,,0,NaN,,,M,358.515,2,"",357.232,2,"",NaN,,,NaN,,,NaN,,
2023-08-13T01:05:19.000Z,5.157,2,"",M,57.412,2,"",M,6.000,2,"",N,14.936,2,"",M,33.160,2,"",M,15.380,2,"",M,1008.750,2,"",M,372.890,2,"",M,NaN,,,0,NaN,,,M,358.136,2,"",356.855,2,"",NaN,,,NaN,,,NaN,,
2023-08-13T01:07:10.000Z,5.162,2,"",M,57.415,2,"",M,6.000,2,"",N,14.902,2,"",M,33.124,2,"",M,15.350,2,"",M,1008.850,2,"",M,372.061,2,"",M,NaN,,,0,NaN,,,M,357.330,2,"",356.051,2,"",NaN,,,NaN,,,NaN,,
2023-08-13T01:09:02.000Z,5.168,2,"",M,57.419,2,"",M,6.000,2,"",N,14.871,2,"",M,33.073,2,"",M,15.320,2,"",M,1008.740,2,"",M,371.281,2,"",M,NaN,,,0,NaN,,,M,356.530,2,"",355.253,2,"",NaN,,,NaN,,,NaN,,
2023-08-13T01:10:54.000Z,5.174,2,"",M,57.422,2,"",M,6.000,2,"",N,14.830,2,"",M,33.025,2,"",M,15.290,2,"",M,1008.690,2,"",M,370.312,2,"",M,NaN,,,0,NaN,,,M,355.432,2,"",354.159,2,"",NaN,,,NaN,,,NaN,,
2023-08-13T01:12:46.000Z,5.180,2,"",M,57.426,2,"",M,6.000,2,"",N,14.790,2,"",M,32.979,2,"",M,15.240,2,"",M,1008.710,2,"",M,370.033,2,"",M,NaN,,,0,NaN,,,M,355.343,2,"",354.069,2,"",NaN,,,NaN,,,NaN,,
2023-08-13T01:14:37.000Z,5.186,2,"",M,57.429,2,"",M,6.000,2,"",N,14.768,2,"",M,32.944,2,"",M,15.210,2,"",M,1008.680,2,"",M,369.384,2,"",M,NaN,,,0,NaN,,,M,354.845,2,"",353.573,2,"",NaN,,,NaN,,,NaN,,
2023-08-13T01:16:29.000Z,5.192,2,"",M,57.433,2,"",M,6.000,2,"",N,14.757,2,"",M,32.920,2,"",M,15.180,2,"",M,1008.620,2,"",M,368.925,2,"",M,NaN,,,0,NaN,,,M,354.679,2,"",353.407,2,"",NaN,,,NaN,,,NaN,,
2023-08-13T01:18:21.000Z,5.198,2,"",M,57.436,2,"",M,6.000,2,"",N,14.759,2,"",M,32.899,2,"",M,15.170,2,"",M,1008.600,2,"",M,368.685,2,"",M,NaN,,,0,NaN,,,M,354.615,2,"",353.342,2,"",NaN,,,NaN,,,NaN,,
2023-08-13T01:20:13.000Z,5.204,2,"",M,57.440,2,"",M,6.000,2,"",N,14.762,2,"",M,32.885,2,"",M,15.170,2,"",M,1008.590,2,"",M,368.606,2,"",M,NaN,,,0,NaN,,,M,354.582,2,"",353.310,2,"",NaN,,,NaN,,,NaN,,
2023-08-13T01:22:05.000Z,5.210,2,"",M,57.443,2,"",M,6.000,2,"",N,14.761,2,"",M,32.870,2,"",M,15.170,2,"",M,1008.700,2,"",M,368.537,2,"",M,NaN,,,0,NaN,,,M,354.545,2,"",353.273,2,"",NaN,,,NaN,,,NaN,,
2023-08-13T01:23:57.000Z,5.217,2,"",M,57.447,2,"",M,6.000,2,"",N,14.770,2,"",M,32.860,2,"",M,15.170,2,"",M,1008.735,2,"",M,368.338,2,"",M,NaN,,,0,NaN,,,M,354.504,2,"",353.231,2,"",NaN,,,NaN,,,NaN,,
2023-08-13T01:25:48.000Z,5.223,2,"",M,57.450,2,"",M,6.000,2,"",N,14.773,2,"",M,32.853,2,"",M,15.180,2,"",M,1008.730,2,"",M,368.439,2,"",M,NaN,,,0,NaN,,,M,354.485,2,"",353.213,2,"",NaN,,,NaN,,,NaN,,
2023-08-13T01:27:40.000Z,5.229,2,"",M,57.454,2,"",M,6.000,2,"",N,14.759,2,"",M,32.856,2,"",M,15.180,2,"",M,1008.690,2,"",M,368.180,2,"",M,NaN,,,0,NaN,,,M,354.016,2,"",352.746,2,"",NaN,,,NaN,,,NaN,,
2023-08-13T01:29:31.000Z,5.236,2,"",M,57.457,2,"",M,6.000,2,"",N,14.724,2,"",M,32.861,2,"",M,15.170,2,"",M,1008.730,2,"",M,368.391,2,"",M,NaN,,,0,NaN,,,M,353.850,2,"",352.581,2,"",NaN,,,NaN,,,NaN,,
2023-08-13T01:31:23.000Z,5.242,2,"",M,57.461,2,"",M,6.000,2,"",N,14.672,2,"",M,32.865,2,"",M,15.140,2,"",M,1008.720,2,"",M,368.372,2,"",M,NaN,,,0,NaN,,,M,353.525,2,"",352.256,2,"",NaN,,,NaN,,,NaN,,
2023-08-13T01:33:15.000Z,5.248,2,"",M,57.464,2,"",M,6.000,2,"",N,14.618,2,"",M,32.876,2,"",M,15.100,2,"",M,1008.670,2,"",M,368.073,2,"",M,NaN,,,0,NaN,,,M,353.015,2,"",351.747,2,"",NaN,,,NaN,,,NaN,,
2023-08-13T01:35:07.000Z,5.254,2,"",M,57.467,2,"",M,6.000,2,"",N,14.521,2,"",M,32.890,2,"",M,15.050,2,"",M,1008.720,2,"",M,368.154,2,"",M,NaN,,,0,NaN,,,M,352.431,2,"",351.164,2,"",NaN,,,NaN,,,NaN,,
2023-08-13T01:37:00.000Z,5.261,2,"",M,57.471,2,"",M,6.000,2,"",N,14.447,2,"",M,32.894,2,"",M,14.950,2,"",M,1008.670,2,"",M,368.825,2,"",M,NaN,,,0,NaN,,,M,353.479,2,"",352.207,2,"",NaN,,,NaN,,,NaN,,
2023-08-13T01:38:51.000Z,5.267,2,"",M,57.474,2,"",M,6.000,2,"",N,14.422,2,"",M,32.877,2,"",M,14.880,2,"",M,1008.690,2,"",M,368.956,2,"",M,NaN,,,0,NaN,,,M,354.324,2,"",353.047,2,"",NaN,,,NaN,,,NaN,,
2023-08-13T01:40:43.000Z,5.273,2,"",M,57.477,2,"",M,6.000,2,"",N,14.411,2,"",M,32.860,2,"",M,14.850,2,"",M,1008.710,2,"",M,368.567,2,"",M,NaN,,,0,NaN,,,M,354.255,2,"",352.978,2,"",NaN,,,NaN,,,NaN,,
2023-08-13T01:42:35.000Z,5.279,2,"",M,57.481,2,"",M,6.000,2,"",N,14.405,2,"",M,32.851,2,"",M,14.830,2,"",M,1008.720,2,"",M,368.408,2,"",M,NaN,,,0,NaN,,,M,354.321,2,"",353.044,2,"",NaN,,,NaN,,,NaN,,
2023-08-13T01:44:27.000Z,5.285,2,"",M,57.484,2,"",M,6.000,2,"",N,14.401,2,"",M,32.841,2,"",M,14.820,2,"",M,1008.770,2,"",M,368.109,2,"",M,NaN,,,0,NaN,,,M,354.145,2,"",352.869,2,"",NaN,,,NaN,,,NaN,,
2023-08-13T01:46:41.000Z,5.292,2,"",M,57.488,2,"",M,6.000,2,"",N,14.401,2,"",M,32.828,2,"",M,14.820,2,"",M,1008.880,2,"",M,368.150,2,"",M,NaN,,,0,NaN,,,M,354.221,2,"",352.944,2,"",NaN,,,NaN,,,NaN,,
2023-08-13T01:48:33.000Z,5.298,2,"",M,57.492,2,"",M,6.000,2,"",N,14.401,2,"",M,32.820,2,"",M,14.820,2,"",M,1008.910,2,"",M,368.521,2,"",M,NaN,,,0,NaN,,,M,354.579,2,"",353.301,2,"",NaN,,,NaN,,,NaN,,
2023-08-13T01:50:24.000Z,5.304,2,"",M,57.495,2,"",M,6.000,2,"",N,14.398,2,"",M,32.814,2,"",M,14.820,2,"",M,1008.810,2,"",M,368.462,2,"",M,NaN,,,0,NaN,,,M,354.445,2,"",353.168,2,"",NaN,,,NaN,,,NaN,,
2023-08-13T01:52:16.000Z,5.311,2,"",M,57.499,2,"",M,6.000,2,"",N,14.399,2,"",M,32.810,2,"",M,14.810,2,"",M,1008.800,2,"",M,368.733,2,"",M,NaN,,,0,NaN,,,M,354.875,2,"",353.595,2,"",NaN,,,NaN,,,NaN,,
2023-08-13T01:54:08.000Z,5.316,2,"",M,57.502,2,"",M,6.000,2,"",N,14.404,2,"",M,32.808,2,"",M,14.810,2,"",M,1008.860,2,"",M,369.044,2,"",M,NaN,,,0,NaN,,,M,355.263,2,"",353.982,2,"",NaN,,,NaN,,,NaN,,
2023-08-13T01:56:00.000Z,5.322,2,"",M,57.505,2,"",M,6.000,2,"",N,14.404,2,"",M,32.808,2,"",M,14.820,2,"",M,1008.900,2,"",M,369.055,2,"",M,NaN,,,0,NaN,,,M,355.134,2,"",353.854,2,"",NaN,,,NaN,,,NaN,,
2023-08-13T01:57:51.000Z,5.329,2,"",M,57.509,2,"",M,6.000,2,"",N,14.406,2,"",M,32.809,2,"",M,14.820,2,"",M,1008.870,2,"",M,369.586,2,"",M,NaN,,,0,NaN,,,M,355.666,2,"",354.384,2,"",NaN,,,NaN,,,NaN,,
2023-08-13T01:59:43.000Z,5.335,2,"",M,57.513,2,"",M,6.000,2,"",N,14.418,2,"",M,32.809,2,"",M,14.820,2,"",M,1008.870,2,"",M,369.537,2,"",M,NaN,,,0,NaN,,,M,355.812,2,"",354.530,2,"",NaN,,,NaN,,,NaN,,
2023-08-13T02:01:35.000Z,5.341,2,"",M,57.516,2,"",M,6.000,2,"",N,14.427,2,"",M,32.809,2,"",M,14.830,2,"",M,1008.890,2,"",M,369.518,2,"",M,NaN,,,0,NaN,,,M,355.768,2,"",354.486,2,"",NaN,,,NaN,,,NaN,,
2023-08-13T02:03:27.000Z,5.347,2,"",M,57.519,2,"",M,6.000,2,"",N,14.428,2,"",M,32.811,2,"",M,14.840,2,"",M,1008.880,2,"",M,369.779,2,"",M,NaN,,,0,NaN,,,M,355.887,2,"",354.605,2,"",NaN,,,NaN,,,NaN,,
2023-08-13T02:05:18.000Z,5.353,2,"",M,57.523,2,"",M,6.000,2,"",N,14.430,2,"",M,32.813,2,"",M,14.840,2,"",M,1008.780,2,"",M,370.220,2,"",M,NaN,,,0,NaN,,,M,356.297,2,"",355.012,2,"",NaN,,,NaN,,,NaN,,
2023-08-13T02:07:10.000Z,5.359,2,"",M,57.526,2,"",M,6.000,2,"",N,14.436,2,"",M,32.816,2,"",M,14.840,2,"",M,1008.800,2,"",M,370.661,2,"",M,NaN,,,0,NaN,,,M,356.826,2,"",355.540,2,"",NaN,,,NaN,,,NaN,,
2023-08-13T02:09:02.000Z,5.365,2,"",M,57.529,2,"",M,6.000,2,"",N,14.429,2,"",M,32.820,2,"",M,14.850,2,"",M,1008.800,2,"",M,370.692,2,"",M,NaN,,,0,NaN,,,M,356.595,2,"",355.310,2,"",NaN,,,NaN,,,NaN,,
2023-08-13T02:10:54.000Z,5.372,2,"",M,57.533,2,"",M,6.000,2,"",N,14.371,2,"",M,32.816,2,"",M,14.850,2,"",M,1008.820,2,"",M,371.133,2,"",M,NaN,,,0,NaN,,,M,356.156,2,"",354.872,2,"",NaN,,,NaN,,,NaN,,
2023-08-13T02:15:23.000Z,5.386,2,"",M,57.541,2,"",M,6.000,2,"",N,NaN,,,M,NaN,,,M,NaN,,,M,NaN,,,M,NaN,,,0,NaN,,,0,NaN,,,M,NaN,,,NaN,,,NaN,,,NaN,,,NaN,,
2023-08-13T02:17:13.000Z,5.392,2,"",M,57.544,2,"",M,6.000,2,"",N,NaN,,,M,NaN,,,M,NaN,,,M,NaN,,,M,NaN,,,0,NaN,,,0,NaN,,,M,NaN,,,NaN,,,NaN,,,NaN,,,NaN,,
2023-08-13T02:19:02.000Z,5.398,2,"",M,57.548,2,"",M,6.000,2,"",N,NaN,,,M,NaN,,,M,NaN,,,M,NaN,,,M,NaN,,,0,NaN,,,0,NaN,,,M,NaN,,,NaN,,,NaN,,,NaN,,,NaN,,
2023-08-13T02:23:32.000Z,5.413,2,"",M,57.556,2,"",M,6.000,2,"",N,NaN,,,M,NaN,,,M,NaN,,,M,NaN,,,M,NaN,,,0,NaN,,,0,NaN,,,M,NaN,,,NaN,,,NaN,,,NaN,,,NaN,,
2023-08-13T02:25:22.000Z,5.419,2,"",M,57.559,2,"",M,6.000,2,"",N,NaN,,,M,NaN,,,M,NaN,,,M,NaN,,,M,NaN,,,0,NaN,,,0,NaN,,,M,NaN,,,NaN,,,NaN,,,NaN,,,NaN,,
2023-08-13T02:27:11.000Z,5.425,2,"",M,57.562,2,"",M,6.000,2,"",N,NaN,,,M,NaN,,,M,NaN,,,M,NaN,,,M,NaN,,,0,NaN,,,0,NaN,,,M,NaN,,,NaN,,,NaN,,,NaN,,,NaN,,
2023-08-13T02:31:41.000Z,5.439,2,"",M,57.571,2,"",M,6.000,2,"",N,NaN,,,M,NaN,,,M,NaN,,,M,NaN,,,M,NaN,,,0,NaN,,,0,NaN,,,M,NaN,,,NaN,,,NaN,,,NaN,,,NaN,,
2023-08-13T02:33:30.000Z,5.445,2,"",M,57.574,2,"",M,6.000,2,"",N,NaN,,,M,NaN,,,M,NaN,,,M,NaN,,,M,NaN,,,0,NaN,,,0,NaN,,,M,NaN,,,NaN,,,NaN,,,NaN,,,NaN,,
2023-08-13T02:35:20.000Z,5.450,2,"",M,57.577,2,"",M,6.000,2,"",N,NaN,,,M,NaN,,,M,NaN,,,M,NaN,,,M,NaN,,,0,NaN,,,0,NaN,,,M,NaN,,,NaN,,,NaN,,,NaN,,,NaN,,
2023-08-13T02:39:49.000Z,5.464,2,"",M,57.584,2,"",M,6.000,2,"",N,14.459,2,"",M,32.710,2,"",M,NaN,,,M,NaN,,,M,NaN,,,0,418.342,2,"",M,1007.700,2,"",M,NaN,,,NaN,,,418.342,2,"",410.366,2,"",408.878,2,""
2023-08-13T02:41:39.000Z,5.469,2,"",M,57.587,2,"",M,6.000,2,"",N,14.467,2,"",M,32.707,2,"",M,NaN,,,M,NaN,,,M,NaN,,,0,418.304,2,"",M,1007.700,2,"",M,NaN,,,NaN,,,418.304,2,"",410.325,2,"",408.837,2,""
2023-08-13T02:43:29.000Z,5.474,2,"",M,57.590,2,"",M,6.000,2,"",N,14.475,2,"",M,32.703,2,"",M,NaN,,,M,NaN,,,M,NaN,,,0,418.056,2,"",M,1007.800,2,"",M,NaN,,,NaN,,,418.056,2,"",410.120,2,"",408.633,2,""
2023-08-13T02:45:18.000Z,5.480,2,"",M,57.593,2,"",M,6.000,2,"",N,14.481,2,"",M,32.699,2,"",M,NaN,,,M,NaN,,,M,NaN,,,0,418.208,2,"",M,1007.800,2,"",M,NaN,,,NaN,,,418.208,2,"",410.267,2,"",408.779,2,""
2023-08-13T02:47:29.000Z,5.486,2,"",M,57.597,2,"",M,6.000,2,"",N,14.486,2,"",M,32.697,2,"",M,NaN,,,M,NaN,,,M,NaN,,,0,418.241,2,"",M,1007.700,2,"",M,NaN,,,NaN,,,418.241,2,"",410.255,2,"",408.768,2,""
2023-08-13T02:52:38.000Z,5.502,2,"",M,57.605,2,"",M,6.000,2,"",N,14.479,2,"",M,32.693,2,"",M,14.890,2,"",M,1008.660,2,"",M,369.322,2,"",M,NaN,,,0,NaN,,,M,355.362,2,"",354.082,2,"",NaN,,,NaN,,,NaN,,
2023-08-13T02:54:29.000Z,5.507,2,"",M,57.608,2,"",M,6.000,2,"",N,14.478,2,"",M,32.693,2,"",M,14.890,2,"",M,1008.680,2,"",M,369.334,2,"",M,NaN,,,0,NaN,,,M,355.357,2,"",354.077,2,"",NaN,,,NaN,,,NaN,,
2023-08-13T02:56:21.000Z,5.513,2,"",M,57.611,2,"",M,6.000,2,"",N,14.472,2,"",M,32.693,2,"",M,14.890,2,"",M,1008.690,2,"",M,369.666,2,"",M,NaN,,,0,NaN,,,M,355.599,2,"",354.318,2,"",NaN,,,NaN,,,NaN,,
2023-08-13T02:58:13.000Z,5.518,2,"",M,57.614,2,"",M,6.000,2,"",N,14.463,2,"",M,32.695,2,"",M,14.880,2,"",M,1008.660,2,"",M,370.068,2,"",M,NaN,,,0,NaN,,,M,355.993,2,"",354.710,2,"",NaN,,,NaN,,,NaN,,
2023-08-13T03:00:04.000Z,5.524,2,"",M,57.617,2,"",M,6.000,2,"",N,14.459,2,"",M,32.697,2,"",M,14.870,2,"",M,1008.700,2,"",M,370.331,2,"",M,NaN,,,0,NaN,,,M,356.347,2,"",355.064,2,"",NaN,,,NaN,,,NaN,,
2023-08-13T03:01:56.000Z,5.529,2,"",M,57.620,2,"",M,6.000,2,"",N,14.453,2,"",M,32.698,2,"",M,14.870,2,"",M,1008.700,2,"",M,371.123,2,"",M,NaN,,,0,NaN,,,M,357.026,2,"",355.740,2,"",NaN,,,NaN,,,NaN,,
2023-08-13T03:03:48.000Z,5.535,2,"",M,57.623,2,"",M,6.000,2,"",N,14.440,2,"",M,32.701,2,"",M,14.860,2,"",M,1008.640,2,"",M,371.425,2,"",M,NaN,,,0,NaN,,,M,357.248,2,"",355.961,2,"",NaN,,,NaN,,,NaN,,
2023-08-13T03:05:40.000Z,5.540,2,"",M,57.627,2,"",M,6.000,2,"",N,14.407,2,"",M,32.707,2,"",M,14.850,2,"",M,1008.590,2,"",M,372.118,2,"",M,NaN,,,0,NaN,,,M,357.558,2,"",356.269,2,"",NaN,,,NaN,,,NaN,,
2023-08-13T03:07:31.000Z,5.546,2,"",M,57.630,2,"",M,6.000,2,"",N,14.356,2,"",M,32.711,2,"",M,14.820,2,"",M,1008.580,2,"",M,372.490,2,"",M,NaN,,,0,NaN,,,M,357.602,2,"",356.313,2,"",NaN,,,NaN,,,NaN,,
2023-08-13T03:09:23.000Z,5.553,2,"",M,57.634,2,"",M,6.000,2,"",N,14.332,2,"",M,32.715,2,"",M,14.780,2,"",M,1008.590,2,"",M,373.102,2,"",M,NaN,,,0,NaN,,,M,358.449,2,"",357.157,2,"",NaN,,,NaN,,,NaN,,
2023-08-13T03:11:15.000Z,5.559,2,"",M,57.637,2,"",M,6.000,2,"",N,14.324,2,"",M,32.721,2,"",M,14.750,2,"",M,1008.550,2,"",M,373.184,2,"",M,NaN,,,0,NaN,,,M,358.856,2,"",357.561,2,"",NaN,,,NaN,,,NaN,,
2023-08-13T03:13:06.000Z,5.565,2,"",M,57.640,2,"",M,6.000,2,"",N,14.313,2,"",M,32.718,2,"",M,14.740,2,"",M,1008.560,2,"",M,373.817,2,"",M,NaN,,,0,NaN,,,M,359.466,2,"",358.169,2,"",NaN,,,NaN,,,NaN,,
2023-08-13T03:14:58.000Z,5.571,2,"",M,57.644,2,"",M,6.000,2,"",N,14.303,2,"",M,32.705,2,"",M,14.730,2,"",M,1008.565,2,"",M,374.139,2,"",M,NaN,,,0,NaN,,,M,359.774,2,"",358.475,2,"",NaN,,,NaN,,,NaN,,
2023-08-13T03:16:50.000Z,5.577,2,"",M,57.647,2,"",M,6.000,2,"",N,14.297,2,"",M,32.691,2,"",M,14.720,2,"",M,1008.540,2,"",M,373.921,2,"",M,NaN,,,0,NaN,,,M,359.624,2,"",358.326,2,"",NaN,,,NaN,,,NaN,,
2023-08-13T03:18:42.000Z,5.584,2,"",M,57.650,2,"",M,6.000,2,"",N,14.294,2,"",M,32.676,2,"",M,14.710,2,"",M,1008.570,2,"",M,373.233,2,"",M,NaN,,,0,NaN,,,M,359.082,2,"",357.786,2,"",NaN,,,NaN,,,NaN,,
2023-08-13T03:20:33.000Z,5.590,2,"",M,57.654,2,"",M,6.000,2,"",N,14.291,2,"",M,32.667,2,"",M,14.710,2,"",M,1008.530,2,"",M,372.455,2,"",M,NaN,,,0,NaN,,,M,358.278,2,"",356.985,2,"",NaN,,,NaN,,,NaN,,
2023-08-13T03:22:25.000Z,5.596,2,"",M,57.657,2,"",M,6.000,2,"",N,14.283,2,"",M,32.665,2,"",M,14.710,2,"",M,1008.600,2,"",M,371.937,2,"",M,NaN,,,0,NaN,,,M,357.681,2,"",356.390,2,"",NaN,,,NaN,,,NaN,,
2023-08-13T03:24:17.000Z,5.603,2,"",M,57.660,2,"",M,6.000,2,"",N,14.256,2,"",M,32.672,2,"",M,14.700,2,"",M,1008.600,2,"",M,371.709,2,"",M,NaN,,,0,NaN,,,M,357.212,2,"",355.922,2,"",NaN,,,NaN,,,NaN,,
2023-08-13T03:26:09.000Z,5.609,2,"",M,57.664,2,"",M,6.000,2,"",N,14.229,2,"",M,32.678,2,"",M,14.680,2,"",M,1008.570,2,"",M,371.821,2,"",M,NaN,,,0,NaN,,,M,357.210,2,"",355.920,2,"",NaN,,,NaN,,,NaN,,
2023-08-13T03:28:00.000Z,5.615,2,"",M,57.667,2,"",M,6.000,2,"",N,14.203,2,"",M,32.683,2,"",M,14.650,2,"",M,1008.620,2,"",M,371.803,2,"",M,NaN,,,0,NaN,,,M,357.285,2,"",355.995,2,"",NaN,,,NaN,,,NaN,,
2023-08-13T03:29:52.000Z,5.622,2,"",M,57.671,2,"",M,6.000,2,"",N,14.192,2,"",M,32.685,2,"",M,14.620,2,"",M,1008.570,2,"",M,371.795,2,"",M,NaN,,,0,NaN,,,M,357.553,2,"",356.261,2,"",NaN,,,NaN,,,NaN,,
2023-08-13T03:31:44.000Z,5.628,2,"",M,57.674,2,"",M,6.000,2,"",N,14.182,2,"",M,32.689,2,"",M,14.610,2,"",M,1008.570,2,"",M,371.587,2,"",M,NaN,,,0,NaN,,,M,357.352,2,"",356.061,2,"",NaN,,,NaN,,,NaN,,
2023-08-13T03:33:35.000Z,5.633,2,"",M,57.678,2,"",M,6.000,2,"",N,14.177,2,"",M,32.691,2,"",M,14.600,2,"",M,1008.560,2,"",M,371.369,2,"",M,NaN,,,0,NaN,,,M,357.218,2,"",355.927,2,"",NaN,,,NaN,,,NaN,,
2023-08-13T03:35:27.000Z,5.640,2,"",M,57.681,2,"",M,6.000,2,"",N,14.174,2,"",M,32.692,2,"",M,14.590,2,"",M,1008.520,2,"",M,371.422,2,"",M,NaN,,,0,NaN,,,M,357.365,2,"",356.073,2,"",NaN,,,NaN,,,NaN,,
2023-08-13T03:37:19.000Z,5.646,2,"",M,57.685,2,"",M,6.000,2,"",N,14.170,2,"",M,32.695,2,"",M,14.590,2,"",M,1008.590,2,"",M,371.664,2,"",M,NaN,,,0,NaN,,,M,357.565,2,"",356.273,2,"",NaN,,,NaN,,,NaN,,
2023-08-13T03:39:10.000Z,5.652,2,"",M,57.688,2,"",M,6.000,2,"",N,14.166,2,"",M,32.697,2,"",M,14.590,2,"",M,1008.590,2,"",M,371.536,2,"",M,NaN,,,0,NaN,,,M,357.383,2,"",356.091,2,"",NaN,,,NaN,,,NaN,,
2023-08-13T03:41:02.000Z,5.658,2,"",M,57.691,2,"",M,6.000,2,"",N,14.159,2,"",M,32.700,2,"",M,14.580,2,"",M,1008.530,2,"",M,371.348,2,"",M,NaN,,,0,NaN,,,M,357.224,2,"",355.932,2,"",NaN,,,NaN,,,NaN,,
2023-08-13T03:42:54.000Z,5.665,2,"",M,57.695,2,"",M,6.000,2,"",N,14.150,2,"",M,32.704,2,"",M,14.580,2,"",M,1008.550,2,"",M,371.620,2,"",M,NaN,,,0,NaN,,,M,357.363,2,"",356.071,2,"",NaN,,,NaN,,,NaN,,
2023-08-13T03:44:46.000Z,5.671,2,"",M,57.698,2,"",M,6.000,2,"",N,14.148,2,"",M,32.706,2,"",M,14.570,2,"",M,1008.530,2,"",M,371.452,2,"",M,NaN,,,0,NaN,,,M,357.316,2,"",356.024,2,"",NaN,,,NaN,,,NaN,,
2023-08-13T03:46:37.000Z,5.677,2,"",M,57.702,2,"",M,6.000,2,"",N,14.150,2,"",M,32.705,2,"",M,14.560,2,"",M,1008.480,2,"",M,371.294,2,"",M,NaN,,,0,NaN,,,M,357.338,2,"",356.046,2,"",NaN,,,NaN,,,NaN,,
2023-08-13T03:48:50.000Z,5.684,2,"",M,57.706,2,"",M,6.000,2,"",N,14.156,2,"",M,32.707,2,"",M,14.570,2,"",M,1008.490,2,"",M,371.477,2,"",M,NaN,,,0,NaN,,,M,357.446,2,"",356.154,2,"",NaN,,,NaN,,,NaN,,
2023-08-13T03:50:42.000Z,5.691,2,"",M,57.709,2,"",M,6.000,2,"",N,14.165,2,"",M,32.715,2,"",M,14.570,2,"",M,1008.520,2,"",M,371.419,2,"",M,NaN,,,0,NaN,,,M,357.534,2,"",356.242,2,"",NaN,,,NaN,,,NaN,,
2023-08-13T03:52:34.000Z,5.696,2,"",M,57.712,2,"",M,6.000,2,"",N,14.171,2,"",M,32.729,2,"",M,14.580,2,"",M,1008.540,2,"",M,371.561,2,"",M,NaN,,,0,NaN,,,M,357.623,2,"",356.330,2,"",NaN,,,NaN,,,NaN,,
2023-08-13T03:54:25.000Z,5.702,2,"",M,57.716,2,"",M,6.000,2,"",N,14.193,2,"",M,32.757,2,"",M,14.580,2,"",M,1008.505,2,"",M,372.054,2,"",M,NaN,,,0,NaN,,,M,358.408,2,"",357.113,2,"",NaN,,,NaN,,,NaN,,
2023-08-13T03:56:17.000Z,5.709,2,"",M,57.719,2,"",M,6.000,2,"",N,14.219,2,"",M,32.794,2,"",M,14.600,2,"",M,1008.540,2,"",M,372.756,2,"",M,NaN,,,0,NaN,,,M,359.195,2,"",357.897,2,"",NaN,,,NaN,,,NaN,,
2023-08-13T03:58:09.000Z,5.715,2,"",M,57.723,2,"",M,6.000,2,"",N,14.242,2,"",M,32.843,2,"",M,14.620,2,"",M,1008.530,2,"",M,374.169,2,"",M,NaN,,,0,NaN,,,M,360.587,2,"",359.284,2,"",NaN,,,NaN,,,NaN,,
2023-08-13T04:00:00.000Z,5.722,2,"",M,57.726,2,"",M,6.000,2,"",N,14.256,2,"",M,32.888,2,"",M,14.650,2,"",M,1008.480,2,"",M,376.702,2,"",M,NaN,,,0,NaN,,,M,362.743,2,"",361.433,2,"",NaN,,,NaN,,,NaN,,
2023-08-13T04:01:52.000Z,5.729,2,"",M,57.730,2,"",M,6.000,2,"",N,14.263,2,"",M,32.945,2,"",M,14.660,2,"",M,1008.490,2,"",M,378.775,2,"",M,NaN,,,0,NaN,,,M,364.695,2,"",363.378,2,"",NaN,,,NaN,,,NaN,,
2023-08-13T04:03:44.000Z,5.736,2,"",M,57.734,2,"",M,6.000,2,"",N,14.270,2,"",M,32.980,2,"",M,14.670,2,"",M,1008.530,2,"",M,381.498,2,"",M,NaN,,,0,NaN,,,M,367.280,2,"",365.954,2,"",NaN,,,NaN,,,NaN,,
2023-08-13T04:05:36.000Z,5.744,2,"",M,57.738,2,"",M,6.000,2,"",N,14.264,2,"",M,33.019,2,"",M,14.680,2,"",M,1008.550,2,"",M,383.702,2,"",M,NaN,,,0,NaN,,,M,369.161,2,"",367.828,2,"",NaN,,,NaN,,,NaN,,
2023-08-13T04:07:27.000Z,5.751,2,"",M,57.742,2,"",M,6.000,2,"",N,14.256,2,"",M,33.052,2,"",M,14.680,2,"",M,1008.540,2,"",M,385.524,2,"",M,NaN,,,0,NaN,,,M,370.780,2,"",369.441,2,"",NaN,,,NaN,,,NaN,,
2023-08-13T04:09:19.000Z,5.759,2,"",M,57.746,2,"",M,6.000,2,"",N,14.240,2,"",M,33.069,2,"",M,14.670,2,"",M,1008.600,2,"",M,387.277,2,"",M,NaN,,,0,NaN,,,M,372.407,2,"",371.062,2,"",NaN,,,NaN,,,NaN,,
2023-08-13T04:11:11.000Z,5.766,2,"",M,57.749,2,"",M,6.000,2,"",N,14.237,2,"",M,33.069,2,"",M,14.650,2,"",M,1008.520,2,"",M,388.540,2,"",M,NaN,,,0,NaN,,,M,373.867,2,"",372.517,2,"",NaN,,,NaN,,,NaN,,
2023-08-13T04:13:02.000Z,5.774,2,"",M,57.753,2,"",M,6.000,2,"",N,14.247,2,"",M,33.067,2,"",M,14.650,2,"",M,1008.570,2,"",M,389.113,2,"",M,NaN,,,0,NaN,,,M,374.594,2,"",373.241,2,"",NaN,,,NaN,,,NaN,,
2023-08-13T04:14:54.000Z,5.781,2,"",M,57.757,2,"",M,6.000,2,"",N,14.262,2,"",M,33.062,2,"",M,14.660,2,"",M,1008.520,2,"",M,389.485,2,"",M,NaN,,,0,NaN,,,M,375.007,2,"",373.653,2,"",NaN,,,NaN,,,NaN,,
2023-08-13T04:16:46.000Z,5.788,2,"",M,57.761,2,"",M,6.000,2,"",N,14.279,2,"",M,33.056,2,"",M,14.670,2,"",M,1008.510,2,"",M,390.298,2,"",M,NaN,,,0,NaN,,,M,375.886,2,"",374.529,2,"",NaN,,,NaN,,,NaN,,
2023-08-13T04:18:38.000Z,5.795,2,"",M,57.765,2,"",M,6.000,2,"",N,14.299,2,"",M,33.042,2,"",M,14.680,2,"",M,1008.530,2,"",M,391.150,2,"",M,NaN,,,0,NaN,,,M,376.873,2,"",375.512,2,"",NaN,,,NaN,,,NaN,,
2023-08-13T04:20:29.000Z,5.803,2,"",M,57.769,2,"",M,6.000,2,"",N,14.325,2,"",M,33.022,2,"",M,14.700,2,"",M,1008.500,2,"",M,392.303,2,"",M,NaN,,,0,NaN,,,M,378.071,2,"",376.707,2,"",NaN,,,NaN,,,NaN,,
2023-08-13T04:22:21.000Z,5.810,2,"",M,57.773,2,"",M,6.000,2,"",N,14.363,2,"",M,33.006,2,"",M,14.730,2,"",M,1008.570,2,"",M,393.806,2,"",M,NaN,,,0,NaN,,,M,379.650,2,"",378.280,2,"",NaN,,,NaN,,,NaN,,
2023-08-13T04:24:13.000Z,5.817,2,"",M,57.776,2,"",M,6.000,2,"",N,14.402,2,"",M,32.989,2,"",M,14.760,2,"",M,1008.590,2,"",M,394.738,2,"",M,NaN,,,0,NaN,,,M,380.697,2,"",379.324,2,"",NaN,,,NaN,,,NaN,,
2023-08-13T04:26:04.000Z,5.825,2,"",M,57.780,2,"",M,6.000,2,"",N,14.439,2,"",M,32.972,2,"",M,14.800,2,"",M,1008.570,2,"",M,395.761,2,"",M,NaN,,,0,NaN,,,M,381.612,2,"",380.236,2,"",NaN,,,NaN,,,NaN,,
2023-08-13T04:27:56.000Z,5.832,2,"",M,57.784,2,"",M,6.000,2,"",N,14.477,2,"",M,32.959,2,"",M,14.840,2,"",M,1008.640,2,"",M,396.143,2,"",M,NaN,,,0,NaN,,,M,381.956,2,"",380.580,2,"",NaN,,,NaN,,,NaN,,
2023-08-13T04:29:48.000Z,5.839,2,"",M,57.788,2,"",M,6.000,2,"",N,14.504,2,"",M,32.950,2,"",M,14.870,2,"",M,1008.620,2,"",M,396.446,2,"",M,NaN,,,0,NaN,,,M,382.178,2,"",380.801,2,"",NaN,,,NaN,,,NaN,,
2023-08-13T04:31:39.000Z,5.847,2,"",M,57.792,2,"",M,6.000,2,"",N,14.520,2,"",M,32.948,2,"",M,14.900,2,"",M,1008.600,2,"",M,396.148,2,"",M,NaN,,,0,NaN,,,M,381.639,2,"",380.265,2,"",NaN,,,NaN,,,NaN,,
2023-08-13T04:33:31.000Z,5.854,2,"",M,57.796,2,"",M,6.000,2,"",N,14.527,2,"",M,32.951,2,"",M,14.920,2,"",M,1008.650,2,"",M,396.030,2,"",M,NaN,,,0,NaN,,,M,381.335,2,"",379.963,2,"",NaN,,,NaN,,,NaN,,
2023-08-13T04:35:23.000Z,5.861,2,"",M,57.800,2,"",M,6.000,2,"",N,14.532,2,"",M,32.958,2,"",M,14.930,2,"",M,1008.620,2,"",M,395.642,2,"",M,NaN,,,0,NaN,,,M,380.866,2,"",379.496,2,"",NaN,,,NaN,,,NaN,,
2023-08-13T04:37:15.000Z,5.867,2,"",M,57.804,2,"",M,6.000,2,"",N,14.517,2,"",M,32.968,2,"",M,14.940,2,"",M,1008.580,2,"",M,396.004,2,"",M,NaN,,,0,NaN,,,M,380.793,2,"",379.423,2,"",NaN,,,NaN,,,NaN,,
2023-08-13T04:39:06.000Z,5.874,2,"",M,57.808,2,"",M,6.000,2,"",N,14.463,2,"",M,32.988,2,"",M,14.930,2,"",M,1008.630,2,"",M,395.817,2,"",M,NaN,,,0,NaN,,,M,379.923,2,"",378.555,2,"",NaN,,,NaN,,,NaN,,
2023-08-13T04:40:58.000Z,5.881,2,"",M,57.813,2,"",M,6.000,2,"",N,14.400,2,"",M,32.980,2,"",M,14.880,2,"",M,1008.570,2,"",M,395.969,2,"",M,NaN,,,0,NaN,,,M,379.867,2,"",378.499,2,"",NaN,,,NaN,,,NaN,,
2023-08-13T04:42:50.000Z,5.888,2,"",M,57.816,2,"",M,6.000,2,"",N,14.393,2,"",M,32.952,2,"",M,14.820,2,"",M,1008.520,2,"",M,396.361,2,"",M,NaN,,,0,NaN,,,M,381.088,2,"",379.714,2,"",NaN,,,NaN,,,NaN,,
2023-08-13T04:44:41.000Z,5.895,2,"",M,57.820,2,"",M,6.000,2,"",N,14.428,2,"",M,32.928,2,"",M,14.800,2,"",M,1008.510,2,"",M,397.514,2,"",M,NaN,,,0,NaN,,,M,383.105,2,"",381.724,2,"",NaN,,,NaN,,,NaN,,
2023-08-13T04:46:33.000Z,5.902,2,"",M,57.824,2,"",M,6.000,2,"",N,14.467,2,"",M,32.904,2,"",M,14.830,2,"",M,1008.470,2,"",M,398.807,2,"",M,NaN,,,0,NaN,,,M,384.469,2,"",383.083,2,"",NaN,,,NaN,,,NaN,,
2023-08-13T04:48:46.000Z,5.910,2,"",M,57.829,2,"",M,6.000,2,"",N,14.478,2,"",M,32.895,2,"",M,14.870,2,"",M,1008.510,2,"",M,400.260,2,"",M,NaN,,,0,NaN,,,M,385.382,2,"",383.994,2,"",NaN,,,NaN,,,NaN,,
2023-08-13T04:50:38.000Z,5.917,2,"",M,57.833,2,"",M,6.000,2,"",N,14.443,2,"",M,32.906,2,"",M,14.880,2,"",M,1008.490,2,"",M,400.883,2,"",M,NaN,,,0,NaN,,,M,385.235,2,"",383.848,2,"",NaN,,,NaN,,,NaN,,
2023-08-13T04:52:29.000Z,5.925,2,"",M,57.837,2,"",M,6.000,2,"",N,14.394,2,"",M,32.928,2,"",M,14.860,2,"",M,1008.480,2,"",M,402.216,2,"",M,NaN,,,0,NaN,,,M,386.055,2,"",384.664,2,"",NaN,,,NaN,,,NaN,,
2023-08-13T04:54:22.000Z,5.932,2,"",M,57.841,2,"",M,6.000,2,"",N,14.305,2,"",M,32.964,2,"",M,14.810,2,"",M,1008.505,2,"",M,403.348,2,"",M,NaN,,,0,NaN,,,M,386.529,2,"",385.136,2,"",NaN,,,NaN,,,NaN,,
2023-08-13T04:56:14.000Z,5.939,2,"",M,57.845,2,"",M,6.000,2,"",N,14.217,2,"",M,33.003,2,"",M,14.740,2,"",M,1008.490,2,"",M,404.962,2,"",M,NaN,,,0,NaN,,,M,387.805,2,"",386.406,2,"",NaN,,,NaN,,,NaN,,
2023-08-13T04:58:06.000Z,5.946,2,"",M,57.849,2,"",M,6.000,2,"",N,14.152,2,"",M,33.028,2,"",M,14.650,2,"",M,1008.520,2,"",M,406.054,2,"",M,NaN,,,0,NaN,,,M,389.307,2,"",387.901,2,"",NaN,,,NaN,,,NaN,,
2023-08-13T04:59:57.000Z,5.952,2,"",M,57.853,2,"",M,6.000,2,"",N,14.103,2,"",M,33.049,2,"",M,14.590,2,"",M,1008.490,2,"",M,406.897,2,"",M,NaN,,,0,NaN,,,M,390.310,2,"",388.899,2,"",NaN,,,NaN,,,NaN,,
2023-08-13T05:01:49.000Z,5.960,2,"",M,57.857,2,"",M,6.000,2,"",N,14.067,2,"",M,33.062,2,"",M,14.530,2,"",M,1008.440,2,"",M,407.039,2,"",M,NaN,,,0,NaN,,,M,390.858,2,"",389.445,2,"",NaN,,,NaN,,,NaN,,
2023-08-13T05:03:41.000Z,5.966,2,"",M,57.860,2,"",M,6.000,2,"",N,14.055,2,"",M,33.073,2,"",M,14.490,2,"",M,1008.490,2,"",M,407.082,2,"",M,NaN,,,0,NaN,,,M,391.393,2,"",389.976,2,"",NaN,,,NaN,,,NaN,,
2023-08-13T05:05:33.000Z,5.974,2,"",M,57.864,2,"",M,6.000,2,"",N,14.064,2,"",M,33.075,2,"",M,14.480,2,"",M,1008.450,2,"",M,406.864,2,"",M,NaN,,,0,NaN,,,M,391.486,2,"",390.069,2,"",NaN,,,NaN,,,NaN,,
2023-08-13T05:07:24.000Z,5.981,2,"",M,57.868,2,"",M,6.000,2,"",N,14.078,2,"",M,33.077,2,"",M,14.480,2,"",M,1008.420,2,"",M,407.116,2,"",M,NaN,,,0,NaN,,,M,391.951,2,"",390.532,2,"",NaN,,,NaN,,,NaN,,
2023-08-13T05:09:16.000Z,5.988,2,"",M,57.871,2,"",M,6.000,2,"",N,14.090,2,"",M,33.081,2,"",M,14.490,2,"",M,1008.470,2,"",M,406.948,2,"",M,NaN,,,0,NaN,,,M,391.832,2,"",390.414,2,"",NaN,,,NaN,,,NaN,,
2023-08-13T05:11:08.000Z,5.995,2,"",M,57.875,2,"",M,6.000,2,"",N,14.090,2,"",M,33.090,2,"",M,14.500,2,"",M,1008.490,2,"",M,407.281,2,"",M,NaN,,,0,NaN,,,M,391.998,2,"",390.580,2,"",NaN,,,NaN,,,NaN,,
2023-08-13T05:12:59.000Z,6.002,2,"",M,57.879,2,"",M,6.000,2,"",N,14.076,2,"",M,33.103,2,"",M,14.500,2,"",M,1008.490,2,"",M,407.573,2,"",M,NaN,,,0,NaN,,,M,392.041,2,"",390.623,2,"",NaN,,,NaN,,,NaN,,
2023-08-13T05:14:51.000Z,6.009,2,"",M,57.882,2,"",M,6.000,2,"",N,14.033,2,"",M,33.125,2,"",M,14.490,2,"",M,1008.490,2,"",M,408.136,2,"",M,NaN,,,0,NaN,,,M,392.041,2,"",390.622,2,"",NaN,,,NaN,,,NaN,,
2023-08-13T05:16:43.000Z,6.017,2,"",M,57.886,2,"",M,6.000,2,"",N,13.999,2,"",M,33.147,2,"",M,14.450,2,"",M,1008.560,2,"",M,409.108,2,"",M,NaN,,,0,NaN,,,M,393.128,2,"",391.704,2,"",NaN,,,NaN,,,NaN,,
2023-08-13T05:18:34.000Z,6.024,2,"",M,57.890,2,"",M,6.000,2,"",N,13.971,2,"",M,33.155,2,"",M,14.420,2,"",M,1008.610,2,"",M,410.341,2,"",M,NaN,,,0,NaN,,,M,394.369,2,"",392.941,2,"",NaN,,,NaN,,,NaN,,
2023-08-13T05:20:26.000Z,6.032,2,"",M,57.894,2,"",M,6.000,2,"",N,13.940,2,"",M,33.162,2,"",M,14.400,2,"",M,1008.520,2,"",M,411.144,2,"",M,NaN,,,0,NaN,,,M,394.928,2,"",393.497,2,"",NaN,,,NaN,,,NaN,,
2023-08-13T05:22:18.000Z,6.039,2,"",M,57.898,2,"",M,6.000,2,"",N,13.907,2,"",M,33.168,2,"",M,14.360,2,"",M,1008.555,2,"",M,411.256,2,"",M,NaN,,,0,NaN,,,M,395.185,2,"",393.752,2,"",NaN,,,NaN,,,NaN,,
2023-08-13T05:24:09.000Z,6.046,2,"",M,57.902,2,"",M,6.000,2,"",N,13.858,2,"",M,33.192,2,"",M,14.330,2,"",M,1008.590,2,"",M,411.439,2,"",M,NaN,,,0,NaN,,,M,395.077,2,"",393.644,2,"",NaN,,,NaN,,,NaN,,
2023-08-13T05:26:01.000Z,6.053,2,"",M,57.906,2,"",M,6.000,2,"",N,13.849,2,"",M,33.197,2,"",M,14.280,2,"",M,1008.580,2,"",M,411.571,2,"",M,NaN,,,0,NaN,,,M,395.904,2,"",394.468,2,"",NaN,,,NaN,,,NaN,,
2023-08-13T05:27:53.000Z,6.059,2,"",M,57.910,2,"",M,6.000,2,"",N,13.892,2,"",M,33.166,2,"",M,14.270,2,"",M,1008.620,2,"",M,411.333,2,"",M,NaN,,,0,NaN,,,M,396.590,2,"",395.150,2,"",NaN,,,NaN,,,NaN,,
2023-08-13T05:29:45.000Z,6.066,2,"",M,57.914,2,"",M,6.000,2,"",N,13.987,2,"",M,33.112,2,"",M,14.300,2,"",M,1008.620,2,"",M,410.475,2,"",M,NaN,,,0,NaN,,,M,396.824,2,"",395.384,2,"",NaN,,,NaN,,,NaN,,
2023-08-13T05:31:36.000Z,6.073,2,"",M,57.918,2,"",M,6.000,2,"",N,14.049,2,"",M,33.074,2,"",M,14.380,2,"",M,1008.630,2,"",M,409.136,2,"",M,NaN,,,0,NaN,,,M,395.202,2,"",393.769,2,"",NaN,,,NaN,,,NaN,,
2023-08-13T05:33:28.000Z,6.080,2,"",M,57.922,2,"",M,6.000,2,"",N,14.081,2,"",M,33.055,2,"",M,14.450,2,"",M,1008.620,2,"",M,407.438,2,"",M,NaN,,,0,NaN,,,M,392.900,2,"",391.477,2,"",NaN,,,NaN,,,NaN,,
2023-08-13T05:35:20.000Z,6.088,2,"",M,57.926,2,"",M,6.000,2,"",N,14.108,2,"",M,33.043,2,"",M,14.480,2,"",M,1008.635,2,"",M,406.409,2,"",M,NaN,,,0,NaN,,,M,391.851,2,"",390.432,2,"",NaN,,,NaN,,,NaN,,
2023-08-13T05:37:11.000Z,6.095,2,"",M,57.929,2,"",M,6.000,2,"",N,14.126,2,"",M,33.033,2,"",M,14.510,2,"",M,1008.710,2,"",M,405.601,2,"",M,NaN,,,0,NaN,,,M,390.893,2,"",389.478,2,"",NaN,,,NaN,,,NaN,,
2023-08-13T05:39:03.000Z,6.102,2,"",M,57.933,2,"",M,6.000,2,"",N,14.134,2,"",M,33.030,2,"",M,14.530,2,"",M,1008.670,2,"",M,405.123,2,"",M,NaN,,,0,NaN,,,M,390.203,2,"",388.791,2,"",NaN,,,NaN,,,NaN,,
2023-08-13T05:40:55.000Z,6.109,2,"",M,57.937,2,"",M,6.000,2,"",N,14.134,2,"",M,33.031,2,"",M,14.540,2,"",M,1008.670,2,"",M,404.945,2,"",M,NaN,,,0,NaN,,,M,389.866,2,"",388.456,2,"",NaN,,,NaN,,,NaN,,
2023-08-13T05:42:46.000Z,6.117,2,"",M,57.941,2,"",M,6.000,2,"",N,14.127,2,"",M,33.034,2,"",M,14.540,2,"",M,1008.740,2,"",M,404.757,2,"",M,NaN,,,0,NaN,,,M,389.600,2,"",388.190,2,"",NaN,,,NaN,,,NaN,,
2023-08-13T05:44:38.000Z,6.124,2,"",M,57.945,2,"",M,6.000,2,"",N,14.112,2,"",M,33.043,2,"",M,14.540,2,"",M,1008.670,2,"",M,405.010,2,"",M,NaN,,,0,NaN,,,M,389.568,2,"",388.159,2,"",NaN,,,NaN,,,NaN,,
2023-08-13T05:46:30.000Z,6.132,2,"",M,57.948,2,"",M,6.000,2,"",N,14.092,2,"",M,33.055,2,"",M,14.520,2,"",M,1008.880,2,"",M,404.692,2,"",M,NaN,,,0,NaN,,,M,389.359,2,"",387.950,2,"",NaN,,,NaN,,,NaN,,
2023-08-13T05:48:43.000Z,6.129,2,"",M,57.954,2,"",M,6.000,2,"",N,14.073,2,"",M,33.066,2,"",M,14.500,2,"",M,1008.790,2,"",M,404.704,2,"",M,NaN,,,0,NaN,,,M,389.350,2,"",387.941,2,"",NaN,,,NaN,,,NaN,,
2023-08-13T05:50:36.000Z,6.123,2,"",M,57.959,2,"",M,6.000,2,"",N,14.072,2,"",M,33.075,2,"",M,14.490,2,"",M,1008.790,2,"",M,404.867,2,"",M,NaN,,,0,NaN,,,M,389.672,2,"",388.261,2,"",NaN,,,NaN,,,NaN,,
2023-08-13T05:52:27.000Z,6.118,2,"",M,57.965,2,"",M,6.000,2,"",N,14.094,2,"",M,33.072,2,"",M,14.480,2,"",M,1008.760,2,"",M,404.729,2,"",M,NaN,,,0,NaN,,,M,390.053,2,"",388.641,2,"",NaN,,,NaN,,,NaN,,
2023-08-13T05:54:19.000Z,6.113,2,"",M,57.970,2,"",M,6.000,2,"",N,14.126,2,"",M,33.063,2,"",M,14.500,2,"",M,1008.680,2,"",M,404.861,2,"",M,NaN,,,0,NaN,,,M,390.333,2,"",388.921,2,"",NaN,,,NaN,,,NaN,,
2023-08-13T05:56:11.000Z,6.108,2,"",M,57.976,2,"",M,6.000,2,"",N,14.144,2,"",M,33.050,2,"",M,14.530,2,"",M,1008.740,2,"",M,404.763,2,"",M,NaN,,,0,NaN,,,M,390.049,2,"",388.638,2,"",NaN,,,NaN,,,NaN,,
2023-08-13T05:58:02.000Z,6.103,2,"",M,57.981,2,"",M,6.000,2,"",N,14.127,2,"",M,33.041,2,"",M,14.550,2,"",M,1008.680,2,"",M,404.796,2,"",M,NaN,,,0,NaN,,,M,389.453,2,"",388.044,2,"",NaN,,,NaN,,,NaN,,
2023-08-13T06:02:32.000Z,6.091,2,"",M,57.995,2,"",M,6.000,2,"",N,NaN,,,M,NaN,,,M,NaN,,,M,NaN,,,M,NaN,,,0,NaN,,,0,NaN,,,M,NaN,,,NaN,,,NaN,,,NaN,,,NaN,,
2023-08-13T06:04:22.000Z,6.087,2,"",M,58.000,2,"",M,6.000,2,"",N,NaN,,,M,NaN,,,M,NaN,,,M,NaN,,,M,NaN,,,0,NaN,,,0,NaN,,,M,NaN,,,NaN,,,NaN,,,NaN,,,NaN,,
2023-08-13T06:06:11.000Z,6.082,2,"",M,58.006,2,"",M,6.000,2,"",N,NaN,,,M,NaN,,,M,NaN,,,M,NaN,,,M,NaN,,,0,NaN,,,0,NaN,,,M,NaN,,,NaN,,,NaN,,,NaN,,,NaN,,
2023-08-13T06:10:40.000Z,6.071,2,"",M,58.019,2,"",M,6.000,2,"",N,NaN,,,M,NaN,,,M,NaN,,,M,NaN,,,M,NaN,,,0,NaN,,,0,NaN,,,M,NaN,,,NaN,,,NaN,,,NaN,,,NaN,,
2023-08-13T06:12:30.000Z,6.066,2,"",M,58.025,2,"",M,6.000,2,"",N,NaN,,,M,NaN,,,M,NaN,,,M,NaN,,,M,NaN,,,0,NaN,,,0,NaN,,,M,NaN,,,NaN,,,NaN,,,NaN,,,NaN,,
2023-08-13T06:14:20.000Z,6.062,2,"",M,58.030,2,"",M,6.000,2,"",N,NaN,,,M,NaN,,,M,NaN,,,M,NaN,,,M,NaN,,,0,NaN,,,0,NaN,,,M,NaN,,,NaN,,,NaN,,,NaN,,,NaN,,
2023-08-13T06:18:49.000Z,6.051,2,"",M,58.044,2,"",M,6.000,2,"",N,NaN,,,M,NaN,,,M,NaN,,,M,NaN,,,M,NaN,,,0,NaN,,,0,NaN,,,M,NaN,,,NaN,,,NaN,,,NaN,,,NaN,,
2023-08-13T06:20:39.000Z,6.046,2,"",M,58.049,2,"",M,6.000,2,"",N,NaN,,,M,NaN,,,M,NaN,,,M,NaN,,,M,NaN,,,0,NaN,,,0,NaN,,,M,NaN,,,NaN,,,NaN,,,NaN,,,NaN,,
2023-08-13T06:22:28.000Z,6.041,2,"",M,58.055,2,"",M,6.000,2,"",N,NaN,,,M,NaN,,,M,NaN,,,M,NaN,,,M,NaN,,,0,NaN,,,0,NaN,,,M,NaN,,,NaN,,,NaN,,,NaN,,,NaN,,
2023-08-13T06:26:57.000Z,6.028,2,"",M,58.069,2,"",M,6.000,2,"",N,14.091,2,"",M,33.107,2,"",M,NaN,,,M,NaN,,,M,NaN,,,0,417.170,2,"",M,1008.000,2,"",M,NaN,,,NaN,,,417.170,2,"",409.500,2,"",408.008,2,""
2023-08-13T06:28:47.000Z,6.023,2,"",M,58.074,2,"",M,6.000,2,"",N,14.009,2,"",M,33.161,2,"",M,NaN,,,M,NaN,,,M,NaN,,,0,416.817,2,"",M,1007.900,2,"",M,NaN,,,NaN,,,416.817,2,"",409.147,2,"",407.655,2,""
2023-08-13T06:30:37.000Z,6.017,2,"",M,58.079,2,"",M,6.000,2,"",N,13.965,2,"",M,33.191,2,"",M,NaN,,,M,NaN,,,M,NaN,,,0,416.995,2,"",M,1008.000,2,"",M,NaN,,,NaN,,,416.995,2,"",409.381,2,"",407.887,2,""
2023-08-13T06:32:26.000Z,6.012,2,"",M,58.085,2,"",M,6.000,2,"",N,13.978,2,"",M,33.189,2,"",M,NaN,,,M,NaN,,,M,NaN,,,0,416.772,2,"",M,1007.900,2,"",M,NaN,,,NaN,,,416.772,2,"",409.116,2,"",407.623,2,""
2023-08-13T06:34:15.000Z,6.006,2,"",M,58.090,2,"",M,6.000,2,"",N,14.040,2,"",M,33.156,2,"",M,NaN,,,M,NaN,,,M,NaN,,,0,416.910,2,"",M,1007.900,2,"",M,NaN,,,NaN,,,416.910,2,"",409.225,2,"",407.732,2,""
2023-08-13T06:39:26.000Z,5.991,2,"",M,58.106,2,"",M,6.000,2,"",N,14.161,2,"",M,33.061,2,"",M,14.540,2,"",M,1008.700,2,"",M,405.325,2,"",M,NaN,,,0,NaN,,,M,390.701,2,"",389.288,2,"",NaN,,,NaN,,,NaN,,
2023-08-13T06:41:17.000Z,5.985,2,"",M,58.112,2,"",M,6.000,2,"",N,14.161,2,"",M,33.056,2,"",M,14.560,2,"",M,1008.670,2,"",M,404.963,2,"",M,NaN,,,0,NaN,,,M,389.996,2,"",388.585,2,"",NaN,,,NaN,,,NaN,,
2023-08-13T06:43:09.000Z,5.979,2,"",M,58.118,2,"",M,6.000,2,"",N,14.168,2,"",M,33.050,2,"",M,14.570,2,"",M,1008.600,2,"",M,405.080,2,"",M,NaN,,,0,NaN,,,M,390.020,2,"",388.610,2,"",NaN,,,NaN,,,NaN,,
2023-08-13T06:45:01.000Z,5.974,2,"",M,58.123,2,"",M,6.000,2,"",N,14.155,2,"",M,33.047,2,"",M,14.570,2,"",M,1008.660,2,"",M,405.618,2,"",M,NaN,,,0,NaN,,,M,390.348,2,"",388.937,2,"",NaN,,,NaN,,,NaN,,
2023-08-13T06:46:52.000Z,5.968,2,"",M,58.129,2,"",M,6.000,2,"",N,14.158,2,"",M,33.046,2,"",M,14.570,2,"",M,1008.600,2,"",M,405.915,2,"",M,NaN,,,0,NaN,,,M,390.665,2,"",389.253,2,"",NaN,,,NaN,,,NaN,,
2023-08-13T06:49:05.000Z,5.962,2,"",M,58.136,2,"",M,6.000,2,"",N,14.180,2,"",M,33.037,2,"",M,14.570,2,"",M,1008.800,2,"",M,405.852,2,"",M,NaN,,,0,NaN,,,M,391.053,2,"",389.639,2,"",NaN,,,NaN,,,NaN,,
2023-08-13T06:50:57.000Z,5.956,2,"",M,58.142,2,"",M,6.000,2,"",N,14.185,2,"",M,33.034,2,"",M,14.590,2,"",M,1008.800,2,"",M,405.659,2,"",M,NaN,,,0,NaN,,,M,390.604,2,"",389.191,2,"",NaN,,,NaN,,,NaN,,
2023-08-13T06:52:48.000Z,5.950,2,"",M,58.147,2,"",M,6.000,2,"",N,14.195,2,"",M,33.032,2,"",M,14.590,2,"",M,1008.830,2,"",M,405.687,2,"",M,NaN,,,0,NaN,,,M,390.803,2,"",389.390,2,"",NaN,,,NaN,,,NaN,,
2023-08-13T06:54:40.000Z,5.945,2,"",M,58.153,2,"",M,6.000,2,"",N,14.214,2,"",M,33.025,2,"",M,14.600,2,"",M,1008.820,2,"",M,405.424,2,"",M,NaN,,,0,NaN,,,M,390.694,2,"",389.281,2,"",NaN,,,NaN,,,NaN,,
2023-08-13T06:56:32.000Z,5.939,2,"",M,58.159,2,"",M,6.000,2,"",N,14.219,2,"",M,33.016,2,"",M,14.620,2,"",M,1008.760,2,"",M,405.922,2,"",M,NaN,,,0,NaN,,,M,390.903,2,"",389.490,2,"",NaN,,,NaN,,,NaN,,
2023-08-13T06:58:24.000Z,5.934,2,"",M,58.165,2,"",M,6.000,2,"",N,14.194,2,"",M,33.017,2,"",M,14.630,2,"",M,1008.750,2,"",M,405.939,2,"",M,NaN,,,0,NaN,,,M,390.321,2,"",388.910,2,"",NaN,,,NaN,,,NaN,,
2023-08-13T07:00:15.000Z,5.928,2,"",M,58.170,2,"",M,6.000,2,"",N,14.195,2,"",M,33.016,2,"",M,14.600,2,"",M,1008.730,2,"",M,405.576,2,"",M,NaN,,,0,NaN,,,M,390.495,2,"",389.083,2,"",NaN,,,NaN,,,NaN,,
2023-08-13T07:02:07.000Z,5.923,2,"",M,58.176,2,"",M,6.000,2,"",N,14.202,2,"",M,33.019,2,"",M,14.600,2,"",M,1008.660,2,"",M,405.724,2,"",M,NaN,,,0,NaN,,,M,390.727,2,"",389.314,2,"",NaN,,,NaN,,,NaN,,
2023-08-13T07:03:59.000Z,5.918,2,"",M,58.182,2,"",M,6.000,2,"",N,14.216,2,"",M,33.018,2,"",M,14.610,2,"",M,1008.650,2,"",M,406.442,2,"",M,NaN,,,0,NaN,,,M,391.474,2,"",390.060,2,"",NaN,,,NaN,,,NaN,,
2023-08-13T07:05:50.000Z,5.912,2,"",M,58.188,2,"",M,6.000,2,"",N,14.182,2,"",M,33.035,2,"",M,14.620,2,"",M,1008.610,2,"",M,406.949,2,"",M,NaN,,,0,NaN,,,M,391.215,2,"",389.801,2,"",NaN,,,NaN,,,NaN,,
2023-08-13T07:07:42.000Z,5.907,2,"",M,58.193,2,"",M,6.000,2,"",N,14.134,2,"",M,33.060,2,"",M,14.600,2,"",M,1008.620,2,"",M,407.027,2,"",M,NaN,,,0,NaN,,,M,390.842,2,"",389.429,2,"",NaN,,,NaN,,,NaN,,
2023-08-13T07:09:34.000Z,5.902,2,"",M,58.199,2,"",M,6.000,2,"",N,14.126,2,"",M,33.078,2,"",M,14.550,2,"",M,1008.620,2,"",M,407.254,2,"",M,NaN,,,0,NaN,,,M,391.768,2,"",390.351,2,"",NaN,,,NaN,,,NaN,,
2023-08-13T07:11:25.000Z,5.897,2,"",M,58.204,2,"",M,6.000,2,"",N,14.117,2,"",M,33.087,2,"",M,14.540,2,"",M,1008.580,2,"",M,407.722,2,"",M,NaN,,,0,NaN,,,M,392.232,2,"",390.814,2,"",NaN,,,NaN,,,NaN,,
2023-08-13T07:13:17.000Z,5.891,2,"",M,58.210,2,"",M,6.000,2,"",N,14.126,2,"",M,33.079,2,"",M,14.530,2,"",M,1008.630,2,"",M,408.420,2,"",M,NaN,,,0,NaN,,,M,393.233,2,"",391.810,2,"",NaN,,,NaN,,,NaN,,
2023-08-13T07:15:09.000Z,5.886,2,"",M,58.215,2,"",M,6.000,2,"",N,14.197,2,"",M,33.044,2,"",M,14.530,2,"",M,1008.590,2,"",M,408.787,2,"",M,NaN,,,0,NaN,,,M,394.760,2,"",393.332,2,"",NaN,,,NaN,,,NaN,,
2023-08-13T07:17:00.000Z,5.881,2,"",M,58.221,2,"",M,6.000,2,"",N,14.327,2,"",M,32.964,2,"",M,14.590,2,"",M,1008.570,2,"",M,408.835,2,"",M,NaN,,,0,NaN,,,M,395.948,2,"",394.517,2,"",NaN,,,NaN,,,NaN,,
2023-08-13T07:18:52.000Z,5.876,2,"",M,58.226,2,"",M,6.000,2,"",N,14.403,2,"",M,32.890,2,"",M,14.710,2,"",M,1008.560,2,"",M,408.182,2,"",M,NaN,,,0,NaN,,,M,394.518,2,"",393.094,2,"",NaN,,,NaN,,,NaN,,
2023-08-13T07:20:44.000Z,5.870,2,"",M,58.232,2,"",M,6.000,2,"",N,14.468,2,"",M,32.854,2,"",M,14.800,2,"",M,1008.590,2,"",M,407.088,2,"",M,NaN,,,0,NaN,,,M,393.028,2,"",391.611,2,"",NaN,,,NaN,,,NaN,,
2023-08-13T07:22:36.000Z,5.865,2,"",M,58.237,2,"",M,6.000,2,"",N,14.505,2,"",M,32.825,2,"",M,14.850,2,"",M,1008.620,2,"",M,406.085,2,"",M,NaN,,,0,NaN,,,M,391.819,2,"",390.407,2,"",NaN,,,NaN,,,NaN,,
2023-08-13T07:24:27.000Z,5.860,2,"",M,58.243,2,"",M,6.000,2,"",N,14.543,2,"",M,32.802,2,"",M,14.900,2,"",M,1008.620,2,"",M,405.512,2,"",M,NaN,,,0,NaN,,,M,391.048,2,"",389.640,2,"",NaN,,,NaN,,,NaN,,
2023-08-13T07:26:19.000Z,5.854,2,"",M,58.248,2,"",M,6.000,2,"",N,14.548,2,"",M,32.787,2,"",M,14.930,2,"",M,1008.610,2,"",M,404.909,2,"",M,NaN,,,0,NaN,,,M,390.041,2,"",388.637,2,"",NaN,,,NaN,,,NaN,,
2023-08-13T07:28:11.000Z,5.849,2,"",M,58.254,2,"",M,6.000,2,"",N,14.527,2,"",M,32.792,2,"",M,14.940,2,"",M,1008.610,2,"",M,404.757,2,"",M,NaN,,,0,NaN,,,M,389.383,2,"",387.982,2,"",NaN,,,NaN,,,NaN,,
2023-08-13T07:30:02.000Z,5.844,2,"",M,58.259,2,"",M,6.000,2,"",N,14.495,2,"",M,32.814,2,"",M,14.930,2,"",M,1008.620,2,"",M,404.364,2,"",M,NaN,,,0,NaN,,,M,388.645,2,"",387.246,2,"",NaN,,,NaN,,,NaN,,
2023-08-13T07:31:54.000Z,5.839,2,"",M,58.265,2,"",M,6.000,2,"",N,14.461,2,"",M,32.842,2,"",M,14.900,2,"",M,1008.700,2,"",M,404.091,2,"",M,NaN,,,0,NaN,,,M,388.359,2,"",386.961,2,"",NaN,,,NaN,,,NaN,,
2023-08-13T07:33:46.000Z,5.833,2,"",M,58.270,2,"",M,6.000,2,"",N,14.421,2,"",M,32.870,2,"",M,14.870,2,"",M,1008.760,2,"",M,403.748,2,"",M,NaN,,,0,NaN,,,M,387.908,2,"",386.511,2,"",NaN,,,NaN,,,NaN,,
2023-08-13T07:35:37.000Z,5.828,2,"",M,58.276,2,"",M,6.000,2,"",N,14.390,2,"",M,32.893,2,"",M,14.830,2,"",M,1008.840,2,"",M,403.275,2,"",M,NaN,,,0,NaN,,,M,387.647,2,"",386.250,2,"",NaN,,,NaN,,,NaN,,
2023-08-13T07:37:29.000Z,5.823,2,"",M,58.282,2,"",M,6.000,2,"",N,14.341,2,"",M,32.919,2,"",M,14.800,2,"",M,1008.910,2,"",M,402.152,2,"",M,NaN,,,0,NaN,,,M,386.299,2,"",384.906,2,"",NaN,,,NaN,,,NaN,,
2023-08-13T07:39:21.000Z,5.817,2,"",M,58.287,2,"",M,6.000,2,"",N,14.305,2,"",M,32.943,2,"",M,14.760,2,"",M,1009.000,2,"",M,401.249,2,"",M,NaN,,,0,NaN,,,M,385.542,2,"",384.151,2,"",NaN,,,NaN,,,NaN,,
2023-08-13T07:41:12.000Z,5.812,2,"",M,58.293,2,"",M,6.000,2,"",N,14.253,2,"",M,32.963,2,"",M,14.720,2,"",M,1008.970,2,"",M,400.276,2,"",M,NaN,,,0,NaN,,,M,384.418,2,"",383.030,2,"",NaN,,,NaN,,,NaN,,
2023-08-13T07:43:04.000Z,5.806,2,"",M,58.299,2,"",M,6.000,2,"",N,14.152,2,"",M,32.995,2,"",M,14.680,2,"",M,1008.960,2,"",M,399.823,2,"",M,NaN,,,0,NaN,,,M,383.016,2,"",381.632,2,"",NaN,,,NaN,,,NaN,,
2023-08-13T07:44:56.000Z,5.801,2,"",M,58.304,2,"",M,6.000,2,"",N,13.988,2,"",M,33.060,2,"",M,14.590,2,"",M,1008.910,2,"",M,399.190,2,"",M,NaN,,,0,NaN,,,M,381.221,2,"",379.842,2,"",NaN,,,NaN,,,NaN,,
2023-08-13T07:46:48.000Z,5.796,2,"",M,58.310,2,"",M,6.000,2,"",N,13.855,2,"",M,33.119,2,"",M,14.440,2,"",M,1008.950,2,"",M,399.228,2,"",M,NaN,,,0,NaN,,,M,381.608,2,"",380.225,2,"",NaN,,,NaN,,,NaN,,
2023-08-13T07:49:00.000Z,5.790,2,"",M,58.317,2,"",M,6.000,2,"",N,13.764,2,"",M,33.149,2,"",M,14.280,2,"",M,1008.810,2,"",M,399.965,2,"",M,NaN,,,0,NaN,,,M,383.449,2,"",382.057,2,"",NaN,,,NaN,,,NaN,,
2023-08-13T07:50:52.000Z,5.785,2,"",M,58.322,2,"",M,6.000,2,"",N,13.756,2,"",M,33.148,2,"",M,14.200,2,"",M,1008.820,2,"",M,400.613,2,"",M,NaN,,,0,NaN,,,M,385.271,2,"",383.872,2,"",NaN,,,NaN,,,NaN,,
2023-08-13T07:52:44.000Z,5.780,2,"",M,58.328,2,"",M,6.000,2,"",N,13.801,2,"",M,33.119,2,"",M,14.180,2,"",M,1008.830,2,"",M,400.770,2,"",M,NaN,,,0,NaN,,,M,386.495,2,"",385.091,2,"",NaN,,,NaN,,,NaN,,
2023-08-13T07:54:36.000Z,5.775,2,"",M,58.333,2,"",M,6.000,2,"",N,13.835,2,"",M,33.088,2,"",M,14.210,2,"",M,1008.810,2,"",M,400.417,2,"",M,NaN,,,0,NaN,,,M,386.213,2,"",384.810,2,"",NaN,,,NaN,,,NaN,,
2023-08-13T07:56:27.000Z,5.769,2,"",M,58.339,2,"",M,6.000,2,"",N,13.918,2,"",M,33.069,2,"",M,14.250,2,"",M,1008.830,2,"",M,400.265,2,"",M,NaN,,,0,NaN,,,M,386.745,2,"",385.340,2,"",NaN,,,NaN,,,NaN,,
2023-08-13T07:58:19.000Z,5.764,2,"",M,58.345,2,"",M,6.000,2,"",N,14.040,2,"",M,33.010,2,"",M,14.310,2,"",M,1008.770,2,"",M,399.782,2,"",M,NaN,,,0,NaN,,,M,387.254,2,"",385.849,2,"",NaN,,,NaN,,,NaN,,
2023-08-13T08:00:10.000Z,5.758,2,"",M,58.351,2,"",M,6.000,2,"",N,14.124,2,"",M,32.962,2,"",M,14.420,2,"",M,1008.720,2,"",M,399.609,2,"",M,NaN,,,0,NaN,,,M,386.593,2,"",385.193,2,"",NaN,,,NaN,,,NaN,,
2023-08-13T08:02:02.000Z,5.752,2,"",M,58.357,2,"",M,6.000,2,"",N,14.245,2,"",M,32.900,2,"",M,14.520,2,"",M,1008.760,2,"",M,399.737,2,"",M,NaN,,,0,NaN,,,M,387.035,2,"",385.635,2,"",NaN,,,NaN,,,NaN,,
2023-08-13T08:03:54.000Z,5.746,2,"",M,58.363,2,"",M,6.000,2,"",N,14.375,2,"",M,32.829,2,"",M,14.620,2,"",M,1008.750,2,"",M,399.924,2,"",M,NaN,,,0,NaN,,,M,387.664,2,"",386.263,2,"",NaN,,,NaN,,,NaN,,
2023-08-13T08:05:45.000Z,5.740,2,"",M,58.370,2,"",M,6.000,2,"",N,14.488,2,"",M,32.761,2,"",M,14.740,2,"",M,1008.680,2,"",M,400.512,2,"",M,NaN,,,0,NaN,,,M,388.038,2,"",386.638,2,"",NaN,,,NaN,,,NaN,,
2023-08-13T08:07:37.000Z,5.734,2,"",M,58.376,2,"",M,6.000,2,"",N,14.594,2,"",M,32.703,2,"",M,14.860,2,"",M,1008.690,2,"",M,400.689,2,"",M,NaN,,,0,NaN,,,M,387.937,2,"",386.539,2,"",NaN,,,NaN,,,NaN,,
2023-08-13T08:09:29.000Z,5.728,2,"",M,58.382,2,"",M,6.000,2,"",N,14.679,2,"",M,32.644,2,"",M,14.970,2,"",M,1008.650,2,"",M,401.307,2,"",M,NaN,,,0,NaN,,,M,388.058,2,"",386.662,2,"",NaN,,,NaN,,,NaN,,
2023-08-13T08:11:20.000Z,5.721,2,"",M,58.389,2,"",M,6.000,2,"",N,14.775,2,"",M,32.563,2,"",M,15.050,2,"",M,1008.720,2,"",M,401.595,2,"",M,NaN,,,0,NaN,,,M,388.603,2,"",387.206,2,"",NaN,,,NaN,,,NaN,,
2023-08-13T08:13:12.000Z,5.715,2,"",M,58.395,2,"",M,6.000,2,"",N,14.906,2,"",M,32.469,2,"",M,15.150,2,"",M,1008.800,2,"",M,401.142,2,"",M,NaN,,,0,NaN,,,M,388.657,2,"",387.262,2,"",NaN,,,NaN,,,NaN,,
2023-08-13T08:15:04.000Z,5.709,2,"",M,58.401,2,"",M,6.000,2,"",N,14.969,2,"",M,32.380,2,"",M,15.260,2,"",M,1008.790,2,"",M,400.539,2,"",M,NaN,,,0,NaN,,,M,387.249,2,"",385.861,2,"",NaN,,,NaN,,,NaN,,
2023-08-13T08:16:56.000Z,5.702,2,"",M,58.407,2,"",M,6.000,2,"",N,15.049,2,"",M,32.326,2,"",M,15.340,2,"",M,1008.730,2,"",M,399.836,2,"",M,NaN,,,0,NaN,,,M,386.521,2,"",385.136,2,"",NaN,,,NaN,,,NaN,,
2023-08-13T08:18:47.000Z,5.696,2,"",M,58.414,2,"",M,6.000,2,"",N,15.179,2,"",M,32.256,2,"",M,15.420,2,"",M,1008.690,2,"",M,399.173,2,"",M,NaN,,,0,NaN,,,M,386.643,2,"",385.260,2,"",NaN,,,NaN,,,NaN,,
2023-08-13T08:20:39.000Z,5.690,2,"",M,58.420,2,"",M,6.000,2,"",N,15.293,2,"",M,32.208,2,"",M,15.530,2,"",M,1008.750,2,"",M,398.700,2,"",M,NaN,,,0,NaN,,,M,386.219,2,"",384.839,2,"",NaN,,,NaN,,,NaN,,
2023-08-13T08:22:30.000Z,5.684,2,"",M,58.426,2,"",M,6.000,2,"",N,15.402,2,"",M,32.158,2,"",M,15.650,2,"",M,1008.750,2,"",M,398.327,2,"",M,NaN,,,0,NaN,,,M,385.632,2,"",384.257,2,"",NaN,,,NaN,,,NaN,,
2023-08-13T08:24:22.000Z,5.679,2,"",M,58.433,2,"",M,6.000,2,"",N,15.472,2,"",M,32.115,2,"",M,15.760,2,"",M,1008.780,2,"",M,398.465,2,"",M,NaN,,,0,NaN,,,M,385.076,2,"",383.704,2,"",NaN,,,NaN,,,NaN,,
2023-08-13T08:26:14.000Z,5.673,2,"",M,58.439,2,"",M,6.000,2,"",N,15.518,2,"",M,32.087,2,"",M,15.830,2,"",M,1008.800,2,"",M,398.232,2,"",M,NaN,,,0,NaN,,,M,384.442,2,"",383.073,2,"",NaN,,,NaN,,,NaN,,
2023-08-13T08:28:05.000Z,5.667,2,"",M,58.446,2,"",M,6.000,2,"",N,15.552,2,"",M,32.067,2,"",M,15.880,2,"",M,1008.800,2,"",M,398.210,2,"",M,NaN,,,0,NaN,,,M,384.133,2,"",382.767,2,"",NaN,,,NaN,,,NaN,,
2023-08-13T08:29:57.000Z,5.661,2,"",M,58.452,2,"",M,6.000,2,"",N,15.591,2,"",M,32.046,2,"",M,15.920,2,"",M,1008.840,2,"",M,398.837,2,"",M,NaN,,,0,NaN,,,M,384.714,2,"",383.346,2,"",NaN,,,NaN,,,NaN,,
2023-08-13T08:31:49.000Z,5.656,2,"",M,58.459,2,"",M,6.000,2,"",N,15.662,2,"",M,32.010,2,"",M,15.950,2,"",M,1008.750,2,"",M,399.025,2,"",M,NaN,,,0,NaN,,,M,385.518,2,"",384.147,2,"",NaN,,,NaN,,,NaN,,
2023-08-13T08:33:41.000Z,5.650,2,"",M,58.465,2,"",M,6.000,2,"",N,15.763,2,"",M,31.975,2,"",M,16.020,2,"",M,1008.710,2,"",M,399.002,2,"",M,NaN,,,0,NaN,,,M,385.959,2,"",384.589,2,"",NaN,,,NaN,,,NaN,,
2023-08-13T08:35:33.000Z,5.644,2,"",M,58.472,2,"",M,6.000,2,"",N,15.863,2,"",M,31.926,2,"",M,16.120,2,"",M,1008.700,2,"",M,398.559,2,"",M,NaN,,,0,NaN,,,M,385.475,2,"",384.108,2,"",NaN,,,NaN,,,NaN,,
2023-08-13T08:37:24.000Z,5.638,2,"",M,58.478,2,"",M,6.000,2,"",N,15.922,2,"",M,31.886,2,"",M,16.210,2,"",M,1008.650,2,"",M,398.177,2,"",M,NaN,,,0,NaN,,,M,384.554,2,"",383.192,2,"",NaN,,,NaN,,,NaN,,
2023-08-13T08:39:16.000Z,5.631,2,"",M,58.485,2,"",M,6.000,2,"",N,15.989,2,"",M,31.846,2,"",M,16.270,2,"",M,1008.630,2,"",M,398.264,2,"",M,NaN,,,0,NaN,,,M,384.716,2,"",383.354,2,"",NaN,,,NaN,,,NaN,,
2023-08-13T08:41:07.000Z,5.625,2,"",M,58.492,2,"",M,6.000,2,"",N,16.087,2,"",M,31.801,2,"",M,16.340,2,"",M,1008.590,2,"",M,398.261,2,"",M,NaN,,,0,NaN,,,M,385.117,2,"",383.756,2,"",NaN,,,NaN,,,NaN,,
2023-08-13T08:42:59.000Z,5.619,2,"",M,58.498,2,"",M,6.000,2,"",N,16.174,2,"",M,31.723,2,"",M,16.430,2,"",M,1008.610,2,"",M,398.379,2,"",M,NaN,,,0,NaN,,,M,385.142,2,"",383.782,2,"",NaN,,,NaN,,,NaN,,
2023-08-13T08:44:51.000Z,5.612,2,"",M,58.505,2,"",M,6.000,2,"",N,16.228,2,"",M,31.657,2,"",M,16.520,2,"",M,1008.630,2,"",M,398.366,2,"",M,NaN,,,0,NaN,,,M,384.513,2,"",383.157,2,"",NaN,,,NaN,,,NaN,,
2023-08-13T08:46:43.000Z,5.604,2,"",M,58.511,2,"",M,6.000,2,"",N,16.275,2,"",M,31.586,2,"",M,16.580,2,"",M,1008.620,2,"",M,398.274,2,"",M,NaN,,,0,NaN,,,M,384.185,2,"",382.831,2,"",NaN,,,NaN,,,NaN,,
2023-08-13T08:48:56.000Z,5.596,2,"",M,58.519,2,"",M,6.000,2,"",N,16.279,2,"",M,31.548,2,"",M,16.630,2,"",M,1008.510,2,"",M,397.650,2,"",M,NaN,,,0,NaN,,,M,382.777,2,"",381.429,2,"",NaN,,,NaN,,,NaN,,
2023-08-13T08:50:48.000Z,5.589,2,"",M,58.526,2,"",M,6.000,2,"",N,16.258,2,"",M,31.559,2,"",M,16.650,2,"",M,1008.590,2,"",M,396.917,2,"",M,NaN,,,0,NaN,,,M,381.430,2,"",380.086,2,"",NaN,,,NaN,,,NaN,,
2023-08-13T08:52:39.000Z,5.581,2,"",M,58.532,2,"",M,6.000,2,"",N,16.246,2,"",M,31.570,2,"",M,16.630,2,"",M,1008.510,2,"",M,396.915,2,"",M,NaN,,,0,NaN,,,M,381.533,2,"",380.189,2,"",NaN,,,NaN,,,NaN,,
2023-08-13T08:54:31.000Z,5.572,2,"",M,58.539,2,"",M,6.000,2,"",N,16.214,2,"",M,31.581,2,"",M,16.620,2,"",M,1008.470,2,"",M,396.392,2,"",M,NaN,,,0,NaN,,,M,380.659,2,"",379.318,2,"",NaN,,,NaN,,,NaN,,
2023-08-13T08:56:23.000Z,5.564,2,"",M,58.545,2,"",M,6.000,2,"",N,16.194,2,"",M,31.588,2,"",M,16.590,2,"",M,1008.430,2,"",M,396.259,2,"",M,NaN,,,0,NaN,,,M,380.690,2,"",379.349,2,"",NaN,,,NaN,,,NaN,,
2023-08-13T08:58:14.000Z,5.555,2,"",M,58.551,2,"",M,6.000,2,"",N,16.206,2,"",M,31.564,2,"",M,16.570,2,"",M,1008.400,2,"",M,396.047,2,"",M,NaN,,,0,NaN,,,M,381.007,2,"",379.664,2,"",NaN,,,NaN,,,NaN,,
2023-08-13T09:00:06.000Z,5.547,2,"",M,58.557,2,"",M,6.000,2,"",N,16.226,2,"",M,31.534,2,"",M,16.570,2,"",M,1008.450,2,"",M,395.754,2,"",M,NaN,,,0,NaN,,,M,381.061,2,"",379.718,2,"",NaN,,,NaN,,,NaN,,
2023-08-13T09:01:58.000Z,5.539,2,"",M,58.564,2,"",M,6.000,2,"",N,16.236,2,"",M,31.514,2,"",M,16.590,2,"",M,1008.400,2,"",M,395.141,2,"",M,NaN,,,0,NaN,,,M,380.285,2,"",378.945,2,"",NaN,,,NaN,,,NaN,,
2023-08-13T09:03:49.000Z,5.532,2,"",M,58.570,2,"",M,6.000,2,"",N,16.245,2,"",M,31.494,2,"",M,16.600,2,"",M,1008.350,2,"",M,394.678,2,"",M,NaN,,,0,NaN,,,M,379.790,2,"",378.451,2,"",NaN,,,NaN,,,NaN,,
2023-08-13T09:05:41.000Z,5.525,2,"",M,58.577,2,"",M,6.000,2,"",N,16.249,2,"",M,31.483,2,"",M,16.610,2,"",M,1008.350,2,"",M,394.346,2,"",M,NaN,,,0,NaN,,,M,379.383,2,"",378.047,2,"",NaN,,,NaN,,,NaN,,
2023-08-13T09:07:33.000Z,5.518,2,"",M,58.584,2,"",M,6.000,2,"",N,16.253,2,"",M,31.481,2,"",M,16.620,2,"",M,1008.360,2,"",M,393.933,2,"",M,NaN,,,0,NaN,,,M,378.888,2,"",377.553,2,"",NaN,,,NaN,,,NaN,,
2023-08-13T09:09:24.000Z,5.511,2,"",M,58.590,2,"",M,6.000,2,"",N,16.257,2,"",M,31.485,2,"",M,16.620,2,"",M,1008.340,2,"",M,393.530,2,"",M,NaN,,,0,NaN,,,M,378.545,2,"",377.212,2,"",NaN,,,NaN,,,NaN,,
2023-08-13T09:11:16.000Z,5.504,2,"",M,58.597,2,"",M,6.000,2,"",N,16.261,2,"",M,31.485,2,"",M,16.620,2,"",M,1008.350,2,"",M,393.168,2,"",M,NaN,,,0,NaN,,,M,378.265,2,"",376.933,2,"",NaN,,,NaN,,,NaN,,
2023-08-13T09:13:08.000Z,5.497,2,"",M,58.603,2,"",M,6.000,2,"",N,16.256,2,"",M,31.502,2,"",M,16.630,2,"",M,1008.260,2,"",M,392.965,2,"",M,NaN,,,0,NaN,,,M,377.799,2,"",376.468,2,"",NaN,,,NaN,,,NaN,,
2023-08-13T09:14:59.000Z,5.489,2,"",M,58.610,2,"",M,6.000,2,"",N,16.242,2,"",M,31.533,2,"",M,16.630,2,"",M,1008.240,2,"",M,392.862,2,"",M,NaN,,,0,NaN,,,M,377.468,2,"",376.138,2,"",NaN,,,NaN,,,NaN,,
2023-08-13T09:16:51.000Z,5.482,2,"",M,58.616,2,"",M,6.000,2,"",N,16.215,2,"",M,31.584,2,"",M,16.620,2,"",M,1008.280,2,"",M,393.090,2,"",M,NaN,,,0,NaN,,,M,377.441,2,"",376.112,2,"",NaN,,,NaN,,,NaN,,
2023-08-13T09:18:43.000Z,5.475,2,"",M,58.623,2,"",M,6.000,2,"",N,16.166,2,"",M,31.656,2,"",M,16.590,2,"",M,1008.265,2,"",M,393.217,2,"",M,NaN,,,0,NaN,,,M,377.256,2,"",375.927,2,"",NaN,,,NaN,,,NaN,,
2023-08-13T09:20:34.000Z,5.468,2,"",M,58.630,2,"",M,6.000,2,"",N,16.132,2,"",M,31.702,2,"",M,16.550,2,"",M,1008.240,2,"",M,393.645,2,"",M,NaN,,,0,NaN,,,M,377.769,2,"",376.438,2,"",NaN,,,NaN,,,NaN,,
2023-08-13T09:22:26.000Z,5.461,2,"",M,58.636,2,"",M,6.000,2,"",N,16.108,2,"",M,31.741,2,"",M,16.510,2,"",M,1008.240,2,"",M,394.182,2,"",M,NaN,,,0,NaN,,,M,378.565,2,"",377.230,2,"",NaN,,,NaN,,,NaN,,
2023-08-13T09:24:18.000Z,5.454,2,"",M,58.643,2,"",M,6.000,2,"",N,16.107,2,"",M,31.775,2,"",M,16.490,2,"",M,1008.180,2,"",M,394.250,2,"",M,NaN,,,0,NaN,,,M,378.925,2,"",377.588,2,"",NaN,,,NaN,,,NaN,,
2023-08-13T09:26:10.000Z,5.447,2,"",M,58.650,2,"",M,6.000,2,"",N,16.151,2,"",M,31.815,2,"",M,16.480,2,"",M,1008.110,2,"",M,393.867,2,"",M,NaN,,,0,NaN,,,M,379.399,2,"",378.061,2,"",NaN,,,NaN,,,NaN,,
2023-08-13T09:28:01.000Z,5.440,2,"",M,58.656,2,"",M,6.000,2,"",N,16.212,2,"",M,31.811,2,"",M,16.520,2,"",M,1008.170,2,"",M,393.424,2,"",M,NaN,,,0,NaN,,,M,379.319,2,"",377.981,2,"",NaN,,,NaN,,,NaN,,
2023-08-13T09:29:53.000Z,5.433,2,"",M,58.663,2,"",M,6.000,2,"",N,16.270,2,"",M,31.765,2,"",M,16.580,2,"",M,1008.190,2,"",M,392.471,2,"",M,NaN,,,0,NaN,,,M,378.335,2,"",377.002,2,"",NaN,,,NaN,,,NaN,,
2023-08-13T09:31:45.000Z,5.427,2,"",M,58.670,2,"",M,6.000,2,"",N,16.315,2,"",M,31.735,2,"",M,16.630,2,"",M,1008.160,2,"",M,392.259,2,"",M,NaN,,,0,NaN,,,M,378.030,2,"",376.699,2,"",NaN,,,NaN,,,NaN,,
2023-08-13T09:33:37.000Z,5.421,2,"",M,58.677,2,"",M,6.000,2,"",N,16.342,2,"",M,31.702,2,"",M,16.670,2,"",M,1008.120,2,"",M,392.806,2,"",M,NaN,,,0,NaN,,,M,378.305,2,"",376.974,2,"",NaN,,,NaN,,,NaN,,
2023-08-13T09:35:28.000Z,5.415,2,"",M,58.684,2,"",M,6.000,2,"",N,16.393,2,"",M,31.672,2,"",M,16.710,2,"",M,1008.120,2,"",M,392.884,2,"",M,NaN,,,0,NaN,,,M,378.541,2,"",377.210,2,"",NaN,,,NaN,,,NaN,,
2023-08-13T09:37:20.000Z,5.410,2,"",M,58.691,2,"",M,6.000,2,"",N,16.435,2,"",M,31.679,2,"",M,16.750,2,"",M,1008.090,2,"",M,393.151,2,"",M,NaN,,,0,NaN,,,M,378.798,2,"",377.466,2,"",NaN,,,NaN,,,NaN,,
2023-08-13T09:39:12.000Z,5.404,2,"",M,58.698,2,"",M,6.000,2,"",N,16.437,2,"",M,31.700,2,"",M,16.800,2,"",M,1008.120,2,"",M,393.129,2,"",M,NaN,,,0,NaN,,,M,378.007,2,"",376.679,2,"",NaN,,,NaN,,,NaN,,
2023-08-13T09:41:03.000Z,5.398,2,"",M,58.705,2,"",M,6.000,2,"",N,16.442,2,"",M,31.716,2,"",M,16.800,2,"",M,1008.060,2,"",M,393.036,2,"",M,NaN,,,0,NaN,,,M,377.962,2,"",376.634,2,"",NaN,,,NaN,,,NaN,,
2023-08-13T09:42:55.000Z,5.393,2,"",M,58.712,2,"",M,6.000,2,"",N,16.443,2,"",M,31.722,2,"",M,16.810,2,"",M,1008.040,2,"",M,392.703,2,"",M,NaN,,,0,NaN,,,M,377.486,2,"",376.160,2,"",NaN,,,NaN,,,NaN,,
2023-08-13T09:44:47.000Z,5.387,2,"",M,58.718,2,"",M,6.000,2,"",N,16.439,2,"",M,31.735,2,"",M,16.810,2,"",M,1008.050,2,"",M,392.601,2,"",M,NaN,,,0,NaN,,,M,377.333,2,"",376.007,2,"",NaN,,,NaN,,,NaN,,
2023-08-13T09:49:16.000Z,5.373,2,"",M,58.735,2,"",M,6.000,2,"",N,NaN,,,M,NaN,,,M,NaN,,,M,NaN,,,M,NaN,,,0,NaN,,,0,NaN,,,M,NaN,,,NaN,,,NaN,,,NaN,,,NaN,,
2023-08-13T09:51:27.000Z,5.367,2,"",M,58.743,2,"",M,6.000,2,"",N,NaN,,,M,NaN,,,M,NaN,,,M,NaN,,,M,NaN,,,0,NaN,,,0,NaN,,,M,NaN,,,NaN,,,NaN,,,NaN,,,NaN,,
2023-08-13T09:53:17.000Z,5.362,2,"",M,58.750,2,"",M,6.000,2,"",N,NaN,,,M,NaN,,,M,NaN,,,M,NaN,,,M,NaN,,,0,NaN,,,0,NaN,,,M,NaN,,,NaN,,,NaN,,,NaN,,,NaN,,
2023-08-13T09:57:46.000Z,5.348,2,"",M,58.767,2,"",M,6.000,2,"",N,NaN,,,M,NaN,,,M,NaN,,,M,NaN,,,M,NaN,,,0,NaN,,,0,NaN,,,M,NaN,,,NaN,,,NaN,,,NaN,,,NaN,,
2023-08-13T09:59:36.000Z,5.343,2,"",M,58.774,2,"",M,6.000,2,"",N,NaN,,,M,NaN,,,M,NaN,,,M,NaN,,,M,NaN,,,0,NaN,,,0,NaN,,,M,NaN,,,NaN,,,NaN,,,NaN,,,NaN,,
2023-08-13T10:01:26.000Z,5.338,2,"",M,58.781,2,"",M,6.000,2,"",N,NaN,,,M,NaN,,,M,NaN,,,M,NaN,,,M,NaN,,,0,NaN,,,0,NaN,,,M,NaN,,,NaN,,,NaN,,,NaN,,,NaN,,
2023-08-13T10:05:55.000Z,5.325,2,"",M,58.797,2,"",M,6.000,2,"",N,NaN,,,M,NaN,,,M,NaN,,,M,NaN,,,M,NaN,,,0,NaN,,,0,NaN,,,M,NaN,,,NaN,,,NaN,,,NaN,,,NaN,,
2023-08-13T10:07:45.000Z,5.320,2,"",M,58.804,2,"",M,6.000,2,"",N,NaN,,,M,NaN,,,M,NaN,,,M,NaN,,,M,NaN,,,0,NaN,,,0,NaN,,,M,NaN,,,NaN,,,NaN,,,NaN,,,NaN,,
2023-08-13T10:09:34.000Z,5.315,2,"",M,58.811,2,"",M,6.000,2,"",N,NaN,,,M,NaN,,,M,NaN,,,M,NaN,,,M,NaN,,,0,NaN,,,0,NaN,,,M,NaN,,,NaN,,,NaN,,,NaN,,,NaN,,
2023-08-13T10:14:44.000Z,5.302,2,"",M,58.831,2,"",M,6.000,2,"",N,NaN,,,M,NaN,,,M,NaN,,,M,NaN,,,M,NaN,,,0,NaN,,,0,NaN,,,M,NaN,,,NaN,,,NaN,,,NaN,,,NaN,,
2023-08-13T10:19:17.000Z,5.290,2,"",M,58.847,2,"",M,6.000,2,"",N,NaN,,,M,NaN,,,M,NaN,,,M,NaN,,,M,NaN,,,0,NaN,,,0,NaN,,,M,NaN,,,NaN,,,NaN,,,NaN,,,NaN,,
2023-08-13T10:23:46.000Z,5.279,2,"",M,58.864,2,"",M,6.000,2,"",N,NaN,,,M,NaN,,,M,NaN,,,M,NaN,,,M,NaN,,,0,NaN,,,0,NaN,,,M,NaN,,,NaN,,,NaN,,,NaN,,,NaN,,
2023-08-13T10:25:36.000Z,5.274,2,"",M,58.870,2,"",M,6.000,2,"",N,NaN,,,M,NaN,,,M,NaN,,,M,NaN,,,M,NaN,,,0,NaN,,,0,NaN,,,M,NaN,,,NaN,,,NaN,,,NaN,,,NaN,,
2023-08-13T10:27:26.000Z,5.269,2,"",M,58.876,2,"",M,6.000,2,"",N,NaN,,,M,NaN,,,M,NaN,,,M,NaN,,,M,NaN,,,0,NaN,,,0,NaN,,,M,NaN,,,NaN,,,NaN,,,NaN,,,NaN,,
2023-08-13T10:31:55.000Z,5.257,2,"",M,58.891,2,"",M,6.000,2,"",N,NaN,,,M,NaN,,,M,NaN,,,M,NaN,,,M,NaN,,,0,NaN,,,0,NaN,,,M,NaN,,,NaN,,,NaN,,,NaN,,,NaN,,
2023-08-13T10:33:45.000Z,5.253,2,"",M,58.897,2,"",M,6.000,2,"",N,NaN,,,M,NaN,,,M,NaN,,,M,NaN,,,M,NaN,,,0,NaN,,,0,NaN,,,M,NaN,,,NaN,,,NaN,,,NaN,,,NaN,,
2023-08-13T10:35:34.000Z,5.248,2,"",M,58.903,2,"",M,6.000,2,"",N,NaN,,,M,NaN,,,M,NaN,,,M,NaN,,,M,NaN,,,0,NaN,,,0,NaN,,,M,NaN,,,NaN,,,NaN,,,NaN,,,NaN,,
2023-08-13T10:40:04.000Z,5.238,2,"",M,58.917,2,"",M,6.000,2,"",N,NaN,,,M,NaN,,,M,NaN,,,M,NaN,,,M,NaN,,,0,NaN,,,0,NaN,,,M,NaN,,,NaN,,,NaN,,,NaN,,,NaN,,
2023-08-13T10:41:54.000Z,5.234,2,"",M,58.923,2,"",M,6.000,2,"",N,NaN,,,M,NaN,,,M,NaN,,,M,NaN,,,M,NaN,,,0,NaN,,,0,NaN,,,M,NaN,,,NaN,,,NaN,,,NaN,,,NaN,,
2023-08-13T10:43:43.000Z,5.229,2,"",M,58.929,2,"",M,6.000,2,"",N,NaN,,,M,NaN,,,M,NaN,,,M,NaN,,,M,NaN,,,0,NaN,,,0,NaN,,,M,NaN,,,NaN,,,NaN,,,NaN,,,NaN,,
2023-08-13T10:48:13.000Z,5.218,2,"",M,58.943,2,"",M,6.000,2,"",N,13.775,2,"",M,32.742,2,"",M,NaN,,,M,NaN,,,M,NaN,,,0,423.032,4,"seems off",M,1007.200,2,"",M,NaN,,,NaN,,,423.032,4,"xCO₂ (with standards) seems off",415.052,4,"xCO₂ (with standards) seems off",413.535,4,"xCO₂ (with standards) seems off"
2023-08-13T10:50:03.000Z,5.213,2,"",M,58.948,2,"",M,6.000,2,"",N,13.836,2,"",M,32.743,2,"",M,NaN,,,M,NaN,,,M,NaN,,,0,430.368,4,"seems off",M,1007.200,2,"",M,NaN,,,NaN,,,430.368,4,"xCO₂ (with standards) seems off",422.224,4,"xCO₂ (with standards) seems off",420.681,4,"xCO₂ (with standards) seems off"
2023-08-13T10:51:52.000Z,5.207,2,"",M,58.953,2,"",M,6.000,2,"",N,13.865,2,"",M,32.747,2,"",M,NaN,,,M,NaN,,,M,NaN,,,0,418.296,2,"",M,1007.200,2,"",M,NaN,,,NaN,,,418.296,2,"",410.368,2,"",408.870,2,""
2023-08-13T10:53:41.000Z,5.201,2,"",M,58.958,2,"",M,6.000,2,"",N,13.790,2,"",M,32.745,2,"",M,NaN,,,M,NaN,,,M,NaN,,,0,417.445,2,"",M,1007.100,2,"",M,NaN,,,NaN,,,417.445,2,"",409.523,2,"",408.026,2,""
2023-08-13T10:55:31.000Z,5.195,2,"",M,58.964,2,"",M,6.000,2,"",N,13.577,2,"",M,32.683,2,"",M,NaN,,,M,NaN,,,M,NaN,,,0,416.783,2,"",M,1007.100,2,"",M,NaN,,,NaN,,,416.783,2,"",408.963,2,"",407.464,2,""
2023-08-13T11:00:40.000Z,5.178,2,"",M,58.978,2,"",M,6.000,2,"",N,13.480,2,"",M,32.378,2,"",M,13.880,2,"",M,1007.730,2,"",M,383.772,2,"",M,NaN,,,0,NaN,,,M,369.472,2,"",368.126,2,"",NaN,,,NaN,,,NaN,,
2023-08-13T11:02:32.000Z,5.171,2,"",M,58.983,2,"",M,6.000,2,"",N,13.542,2,"",M,32.229,2,"",M,13.910,2,"",M,1007.760,2,"",M,382.370,2,"",M,NaN,,,0,NaN,,,M,368.622,2,"",367.279,2,"",NaN,,,NaN,,,NaN,,
2023-08-13T11:04:23.000Z,5.165,2,"",M,58.988,2,"",M,6.000,2,"",N,13.571,2,"",M,32.124,2,"",M,13.960,2,"",M,1007.870,2,"",M,380.998,2,"",M,NaN,,,0,NaN,,,M,366.999,2,"",365.662,2,"",NaN,,,NaN,,,NaN,,
2023-08-13T11:06:15.000Z,5.159,2,"",M,58.993,2,"",M,6.000,2,"",N,13.575,2,"",M,32.066,2,"",M,13.990,2,"",M,1007.750,2,"",M,380.557,2,"",M,NaN,,,0,NaN,,,M,366.116,2,"",364.783,2,"",NaN,,,NaN,,,NaN,,
2023-08-13T11:08:07.000Z,5.153,2,"",M,58.998,2,"",M,6.000,2,"",N,13.561,2,"",M,32.047,2,"",M,14.000,2,"",M,1007.810,2,"",M,379.986,2,"",M,NaN,,,0,NaN,,,M,365.219,2,"",363.890,2,"",NaN,,,NaN,,,NaN,,
2023-08-13T11:09:58.000Z,5.147,2,"",M,59.003,2,"",M,6.000,2,"",N,13.522,2,"",M,32.083,2,"",M,13.990,2,"",M,1007.900,2,"",M,379.185,2,"",M,NaN,,,0,NaN,,,M,364.032,2,"",362.707,2,"",NaN,,,NaN,,,NaN,,
2023-08-13T11:11:50.000Z,5.142,2,"",M,59.008,2,"",M,6.000,2,"",N,13.493,2,"",M,32.120,2,"",M,13.960,2,"",M,1007.850,2,"",M,378.514,2,"",M,NaN,,,0,NaN,,,M,363.407,2,"",362.083,2,"",NaN,,,NaN,,,NaN,,
2023-08-13T11:14:03.000Z,5.135,2,"",M,59.015,2,"",M,6.000,2,"",N,13.506,2,"",M,32.128,2,"",M,13.930,2,"",M,1007.810,2,"",M,377.583,2,"",M,NaN,,,0,NaN,,,M,363.162,2,"",361.839,2,"",NaN,,,NaN,,,NaN,,
2023-08-13T11:15:55.000Z,5.130,2,"",M,59.020,2,"",M,6.000,2,"",N,13.547,2,"",M,32.122,2,"",M,13.930,2,"",M,1007.855,2,"",M,377.292,2,"",M,NaN,,,0,NaN,,,M,363.522,2,"",362.198,2,"",NaN,,,NaN,,,NaN,,
2023-08-13T11:17:46.000Z,5.125,2,"",M,59.026,2,"",M,6.000,2,"",N,13.599,2,"",M,32.101,2,"",M,13.970,2,"",M,1007.820,2,"",M,377.492,2,"",M,NaN,,,0,NaN,,,M,363.872,2,"",362.547,2,"",NaN,,,NaN,,,NaN,,
2023-08-13T11:19:38.000Z,5.120,2,"",M,59.031,2,"",M,6.000,2,"",N,13.658,2,"",M,32.077,2,"",M,14.010,2,"",M,1007.750,2,"",M,378.763,2,"",M,NaN,,,0,NaN,,,M,365.356,2,"",364.026,2,"",NaN,,,NaN,,,NaN,,
2023-08-13T11:21:30.000Z,5.115,2,"",M,59.036,2,"",M,6.000,2,"",N,13.705,2,"",M,32.072,2,"",M,14.070,2,"",M,1007.825,2,"",M,380.003,2,"",M,NaN,,,0,NaN,,,M,366.354,2,"",365.022,2,"",NaN,,,NaN,,,NaN,,
2023-08-13T11:23:22.000Z,5.109,2,"",M,59.042,2,"",M,6.000,2,"",N,13.745,2,"",M,32.080,2,"",M,14.120,2,"",M,1007.850,2,"",M,381.404,2,"",M,NaN,,,0,NaN,,,M,367.536,2,"",366.200,2,"",NaN,,,NaN,,,NaN,,
2023-08-13T11:25:15.000Z,5.105,2,"",M,59.047,2,"",M,6.000,2,"",N,13.762,2,"",M,32.099,2,"",M,14.160,2,"",M,1007.820,2,"",M,382.604,2,"",M,NaN,,,0,NaN,,,M,368.307,2,"",366.970,2,"",NaN,,,NaN,,,NaN,,
2023-08-13T11:27:06.000Z,5.101,2,"",M,59.051,2,"",M,6.000,2,"",N,13.763,2,"",M,32.132,2,"",M,14.180,2,"",M,1007.790,2,"",M,384.035,2,"",M,NaN,,,0,NaN,,,M,369.374,2,"",368.033,2,"",NaN,,,NaN,,,NaN,,
2023-08-13T11:28:58.000Z,5.097,2,"",M,59.055,2,"",M,6.000,2,"",N,13.745,2,"",M,32.174,2,"",M,14.180,2,"",M,1007.780,2,"",M,384.635,2,"",M,NaN,,,0,NaN,,,M,369.664,2,"",368.322,2,"",NaN,,,NaN,,,NaN,,
2023-08-13T11:30:50.000Z,5.095,2,"",M,59.060,2,"",M,6.000,2,"",N,13.730,2,"",M,32.218,2,"",M,14.170,2,"",M,1007.845,2,"",M,385.205,2,"",M,NaN,,,0,NaN,,,M,370.158,2,"",368.814,2,"",NaN,,,NaN,,,NaN,,
2023-08-13T11:32:42.000Z,5.093,2,"",M,59.064,2,"",M,6.000,2,"",N,13.716,2,"",M,32.251,2,"",M,14.160,2,"",M,1007.820,2,"",M,385.335,2,"",M,NaN,,,0,NaN,,,M,370.221,2,"",368.877,2,"",NaN,,,NaN,,,NaN,,
2023-08-13T11:34:33.000Z,5.090,2,"",M,59.069,2,"",M,6.000,2,"",N,13.701,2,"",M,32.290,2,"",M,14.140,2,"",M,1008.290,2,"",M,385.334,2,"",M,NaN,,,0,NaN,,,M,370.479,2,"",369.133,2,"",NaN,,,NaN,,,NaN,,
2023-08-13T11:36:25.000Z,5.088,2,"",M,59.073,2,"",M,6.000,2,"",N,13.681,2,"",M,32.329,2,"",M,14.130,2,"",M,1008.225,2,"",M,384.923,2,"",M,NaN,,,0,NaN,,,M,369.909,2,"",368.565,2,"",NaN,,,NaN,,,NaN,,
2023-08-13T11:38:17.000Z,5.086,2,"",M,59.078,2,"",M,6.000,2,"",N,13.660,2,"",M,32.374,2,"",M,14.110,2,"",M,1008.290,2,"",M,384.983,2,"",M,NaN,,,0,NaN,,,M,369.984,2,"",368.639,2,"",NaN,,,NaN,,,NaN,,
2023-08-13T11:40:08.000Z,5.084,2,"",M,59.082,2,"",M,6.000,2,"",N,13.626,2,"",M,32.427,2,"",M,14.090,2,"",M,1008.300,2,"",M,384.852,2,"",M,NaN,,,0,NaN,,,M,369.651,2,"",368.307,2,"",NaN,,,NaN,,,NaN,,
2023-08-13T11:42:00.000Z,5.082,2,"",M,59.087,2,"",M,6.000,2,"",N,13.596,2,"",M,32.496,2,"",M,14.060,2,"",M,1008.120,2,"",M,384.602,2,"",M,NaN,,,0,NaN,,,M,369.358,2,"",368.015,2,"",NaN,,,NaN,,,NaN,,
2023-08-13T11:43:53.000Z,5.080,2,"",M,59.091,2,"",M,6.000,2,"",N,13.551,2,"",M,32.601,2,"",M,14.030,2,"",M,1008.070,2,"",M,384.531,2,"",M,NaN,,,0,NaN,,,M,369.042,2,"",367.699,2,"",NaN,,,NaN,,,NaN,,
2023-08-13T11:45:45.000Z,5.079,2,"",M,59.096,2,"",M,6.000,2,"",N,13.490,2,"",M,32.718,2,"",M,13.990,2,"",M,1008.070,2,"",M,384.470,2,"",M,NaN,,,0,NaN,,,M,368.670,2,"",367.328,2,"",NaN,,,NaN,,,NaN,,
2023-08-13T11:47:37.000Z,5.077,2,"",M,59.100,2,"",M,6.000,2,"",N,13.433,2,"",M,32.793,2,"",M,13.940,2,"",M,1008.100,2,"",M,384.900,2,"",M,NaN,,,0,NaN,,,M,369.011,2,"",367.666,2,"",NaN,,,NaN,,,NaN,,
2023-08-13T11:49:28.000Z,5.075,2,"",M,59.104,2,"",M,6.000,2,"",N,13.400,2,"",M,32.866,2,"",M,13.880,2,"",M,1008.070,2,"",M,385.390,2,"",M,NaN,,,0,NaN,,,M,369.919,2,"",368.570,2,"",NaN,,,NaN,,,NaN,,
2023-08-13T11:51:20.000Z,5.073,2,"",M,59.109,2,"",M,6.000,2,"",N,13.390,2,"",M,32.899,2,"",M,13.840,2,"",M,1008.050,2,"",M,386.771,2,"",M,NaN,,,0,NaN,,,M,371.722,2,"",370.366,2,"",NaN,,,NaN,,,NaN,,
2023-08-13T11:53:12.000Z,5.071,2,"",M,59.113,2,"",M,6.000,2,"",N,13.396,2,"",I,32.925,2,"",I,13.830,2,"",M,1008.040,2,"",M,387.261,2,"",M,NaN,,,0,NaN,,,M,372.444,2,"",371.085,2,"",NaN,,,NaN,,,NaN,,
2023-08-13T11:55:04.000Z,5.069,2,"",M,59.117,2,"",M,6.000,2,"",N,13.402,2,"",M,32.950,2,"",M,13.830,2,"",M,1008.060,2,"",M,387.901,2,"",M,NaN,,,0,NaN,,,M,373.161,2,"",371.799,2,"",NaN,,,NaN,,,NaN,,
2023-08-13T11:56:55.000Z,5.067,2,"",M,59.122,2,"",M,6.000,2,"",N,13.366,2,"",M,32.967,2,"",M,13.840,2,"",M,1008.020,2,"",M,388.200,2,"",M,NaN,,,0,NaN,,,M,372.701,2,"",371.341,2,"",NaN,,,NaN,,,NaN,,
2023-08-13T11:58:47.000Z,5.065,2,"",M,59.126,2,"",M,6.000,2,"",N,13.337,2,"",M,32.988,2,"",M,13.810,2,"",M,1008.050,2,"",M,388.180,2,"",M,NaN,,,0,NaN,,,M,372.727,2,"",371.367,2,"",NaN,,,NaN,,,NaN,,
2023-08-13T12:00:39.000Z,5.063,2,"",M,59.131,2,"",M,6.000,2,"",N,13.318,2,"",M,32.990,2,"",M,13.780,2,"",M,1007.690,2,"",M,388.509,2,"",M,NaN,,,0,NaN,,,M,373.078,2,"",371.717,2,"",NaN,,,NaN,,,NaN,,
2023-08-13T12:02:31.000Z,5.061,2,"",M,59.135,2,"",M,6.000,2,"",N,13.296,2,"",M,33.002,2,"",M,13.760,2,"",M,1007.810,2,"",M,388.689,2,"",M,NaN,,,0,NaN,,,M,373.283,2,"",371.920,2,"",NaN,,,NaN,,,NaN,,
2023-08-13T12:04:22.000Z,5.059,2,"",M,59.140,2,"",M,6.000,2,"",N,13.280,2,"",M,33.012,2,"",M,13.740,2,"",M,1007.780,2,"",M,388.939,2,"",M,NaN,,,0,NaN,,,M,373.584,2,"",372.220,2,"",NaN,,,NaN,,,NaN,,
2023-08-13T12:06:14.000Z,5.058,2,"",M,59.144,2,"",M,6.000,2,"",N,13.262,2,"",M,33.014,2,"",M,13.720,2,"",M,1007.860,2,"",M,388.958,2,"",M,NaN,,,0,NaN,,,M,373.671,2,"",372.306,2,"",NaN,,,NaN,,,NaN,,
2023-08-13T12:08:06.000Z,5.054,2,"",M,59.148,2,"",M,6.000,2,"",N,13.246,2,"",M,33.017,2,"",M,13.700,2,"",M,1007.770,2,"",M,388.948,2,"",M,NaN,,,0,NaN,,,M,373.695,2,"",372.330,2,"",NaN,,,NaN,,,NaN,,
2023-08-13T12:09:57.000Z,5.050,2,"",M,59.152,2,"",M,6.000,2,"",N,13.248,2,"",M,33.021,2,"",M,13.690,2,"",M,1007.850,2,"",M,389.548,2,"",M,NaN,,,0,NaN,,,M,374.489,2,"",373.120,2,"",NaN,,,NaN,,,NaN,,
2023-08-13T12:11:49.000Z,5.045,2,"",M,59.156,2,"",M,6.000,2,"",N,13.253,2,"",M,33.023,2,"",M,13.690,2,"",M,1007.820,2,"",M,390.258,2,"",M,NaN,,,0,NaN,,,M,375.246,2,"",373.875,2,"",NaN,,,NaN,,,NaN,,
2023-08-13T12:14:02.000Z,5.040,2,"",M,59.160,2,"",M,6.000,2,"",N,13.260,2,"",M,33.022,2,"",M,13.690,2,"",M,1007.730,2,"",M,390.297,2,"",M,NaN,,,0,NaN,,,M,375.353,2,"",373.982,2,"",NaN,,,NaN,,,NaN,,
2023-08-13T12:15:53.000Z,5.036,2,"",M,59.164,2,"",M,6.000,2,"",N,13.263,2,"",M,33.023,2,"",M,13.690,2,"",M,1007.780,2,"",M,389.946,2,"",M,NaN,,,0,NaN,,,M,375.090,2,"",373.720,2,"",NaN,,,NaN,,,NaN,,
2023-08-13T12:17:45.000Z,5.032,2,"",M,59.168,2,"",M,6.000,2,"",N,13.267,2,"",M,33.028,2,"",M,13.700,2,"",M,1007.870,2,"",M,389.035,2,"",M,NaN,,,0,NaN,,,M,374.143,2,"",372.776,2,"",NaN,,,NaN,,,NaN,,
2023-08-13T12:19:37.000Z,5.027,2,"",M,59.172,2,"",M,6.000,2,"",N,13.268,2,"",M,33.033,2,"",M,13.700,2,"",M,1007.910,2,"",M,388.644,2,"",M,NaN,,,0,NaN,,,M,373.809,2,"",372.443,2,"",NaN,,,NaN,,,NaN,,
2023-08-13T12:21:29.000Z,5.023,2,"",M,59.176,2,"",M,6.000,2,"",N,13.277,2,"",M,33.034,2,"",M,13.700,2,"",M,1007.890,2,"",M,388.233,2,"",M,NaN,,,0,NaN,,,M,373.544,2,"",372.180,2,"",NaN,,,NaN,,,NaN,,
2023-08-13T12:23:20.000Z,5.019,2,"",M,59.180,2,"",M,6.000,2,"",N,13.288,2,"",M,33.034,2,"",M,13.710,2,"",M,1007.930,2,"",M,387.893,2,"",M,NaN,,,0,NaN,,,M,373.247,2,"",371.883,2,"",NaN,,,NaN,,,NaN,,
2023-08-13T12:25:12.000Z,5.014,2,"",M,59.184,2,"",M,6.000,2,"",N,13.290,2,"",M,33.023,2,"",M,13.720,2,"",M,1007.970,2,"",M,388.132,2,"",M,NaN,,,0,NaN,,,M,373.357,2,"",371.993,2,"",NaN,,,NaN,,,NaN,,
2023-08-13T12:27:04.000Z,5.009,2,"",M,59.188,2,"",M,6.000,2,"",N,13.289,2,"",M,33.007,2,"",M,13.730,2,"",M,1007.980,2,"",M,387.862,2,"",M,NaN,,,0,NaN,,,M,372.927,2,"",371.565,2,"",NaN,,,NaN,,,NaN,,
2023-08-13T12:28:55.000Z,5.005,2,"",M,59.192,2,"",M,6.000,2,"",N,13.287,2,"",M,32.992,2,"",M,13.720,2,"",M,1008.010,2,"",M,387.351,2,"",M,NaN,,,0,NaN,,,M,372.569,2,"",371.208,2,"",NaN,,,NaN,,,NaN,,
2023-08-13T12:30:47.000Z,5.001,2,"",M,59.196,2,"",M,6.000,2,"",N,13.284,2,"",M,32.982,2,"",M,13.720,2,"",M,1007.970,2,"",M,387.330,2,"",M,NaN,,,0,NaN,,,M,372.492,2,"",371.131,2,"",NaN,,,NaN,,,NaN,,
2023-08-13T12:32:39.000Z,4.997,2,"",M,59.200,2,"",M,6.000,2,"",N,13.289,2,"",M,32.973,2,"",M,13.720,2,"",M,1007.990,2,"",M,387.010,2,"",M,NaN,,,0,NaN,,,M,372.265,2,"",370.905,2,"",NaN,,,NaN,,,NaN,,
2023-08-13T12:34:31.000Z,4.993,2,"",M,59.204,2,"",M,6.000,2,"",N,13.306,2,"",M,32.974,2,"",M,13.720,2,"",M,1007.950,2,"",M,386.449,2,"",M,NaN,,,0,NaN,,,M,371.981,2,"",370.623,2,"",NaN,,,NaN,,,NaN,,
2023-08-13T12:36:22.000Z,4.989,2,"",M,59.208,2,"",M,6.000,2,"",N,13.342,2,"",M,32.988,2,"",M,13.740,2,"",M,1007.980,2,"",M,386.358,2,"",M,NaN,,,0,NaN,,,M,372.153,2,"",370.794,2,"",NaN,,,NaN,,,NaN,,
2023-08-13T12:38:14.000Z,4.984,2,"",M,59.212,2,"",M,6.000,2,"",N,13.379,2,"",M,32.999,2,"",M,13.770,2,"",M,1008.010,2,"",M,386.378,2,"",M,NaN,,,0,NaN,,,M,372.271,2,"",370.912,2,"",NaN,,,NaN,,,NaN,,
2023-08-13T12:40:06.000Z,4.980,2,"",M,59.216,2,"",M,6.000,2,"",N,13.426,2,"",M,33.001,2,"",M,13.800,2,"",M,1008.010,2,"",M,386.467,2,"",M,NaN,,,0,NaN,,,M,372.620,2,"",371.260,2,"",NaN,,,NaN,,,NaN,,
2023-08-13T12:41:57.000Z,4.975,2,"",M,59.220,2,"",M,6.000,2,"",N,13.455,2,"",M,32.997,2,"",M,13.840,2,"",M,1007.900,2,"",M,386.116,2,"",M,NaN,,,0,NaN,,,M,372.050,2,"",370.694,2,"",NaN,,,NaN,,,NaN,,
2023-08-13T12:43:49.000Z,4.971,2,"",M,59.224,2,"",M,6.000,2,"",N,13.526,2,"",M,32.980,2,"",M,13.870,2,"",M,1007.990,2,"",M,385.786,2,"",M,NaN,,,0,NaN,,,M,372.398,2,"",371.040,2,"",NaN,,,NaN,,,NaN,,
2023-08-13T12:45:41.000Z,4.966,2,"",M,59.227,2,"",M,6.000,2,"",N,13.609,2,"",M,32.927,2,"",M,13.940,2,"",M,1008.010,2,"",M,385.515,2,"",M,NaN,,,0,NaN,,,M,372.327,2,"",370.970,2,"",NaN,,,NaN,,,NaN,,
2023-08-13T12:47:33.000Z,4.962,2,"",M,59.231,2,"",M,6.000,2,"",N,13.679,2,"",M,32.865,2,"",M,14.020,2,"",M,1007.980,2,"",M,385.004,2,"",M,NaN,,,0,NaN,,,M,371.632,2,"",370.280,2,"",NaN,,,NaN,,,NaN,,
2023-08-13T12:49:24.000Z,4.958,2,"",M,59.236,2,"",M,6.000,2,"",N,13.715,2,"",M,32.811,2,"",M,14.080,2,"",M,1008.000,2,"",M,383.933,2,"",M,NaN,,,0,NaN,,,M,370.205,2,"",368.859,2,"",NaN,,,NaN,,,NaN,,
2023-08-13T12:51:16.000Z,4.954,2,"",M,59.239,2,"",M,6.000,2,"",N,13.748,2,"",M,32.771,2,"",M,14.120,2,"",M,1008.100,2,"",M,382.682,2,"",M,NaN,,,0,NaN,,,M,368.917,2,"",367.576,2,"",NaN,,,NaN,,,NaN,,
2023-08-13T12:53:08.000Z,4.949,2,"",M,59.243,2,"",M,6.000,2,"",N,13.762,2,"",M,32.737,2,"",M,14.160,2,"",M,1008.100,2,"",M,381.971,2,"",M,NaN,,,0,NaN,,,M,367.802,2,"",366.466,2,"",NaN,,,NaN,,,NaN,,
2023-08-13T12:55:00.000Z,4.945,2,"",M,59.248,2,"",M,6.000,2,"",N,13.765,2,"",M,32.715,2,"",M,14.180,2,"",M,1008.080,2,"",M,381.390,2,"",M,NaN,,,0,NaN,,,M,366.978,2,"",365.645,2,"",NaN,,,NaN,,,NaN,,
2023-08-13T12:56:51.000Z,4.946,2,"",M,59.252,2,"",M,6.000,2,"",N,13.772,2,"",M,32.705,2,"",M,14.180,2,"",M,1008.100,2,"",M,380.749,2,"",M,NaN,,,0,NaN,,,M,366.466,2,"",365.135,2,"",NaN,,,NaN,,,NaN,,
2023-08-13T12:58:43.000Z,4.947,2,"",M,59.257,2,"",M,6.000,2,"",N,13.773,2,"",M,32.699,2,"",M,14.190,2,"",M,1008.060,2,"",M,380.559,2,"",M,NaN,,,0,NaN,,,M,366.136,2,"",364.806,2,"",NaN,,,NaN,,,NaN,,
2023-08-13T13:00:35.000Z,4.949,2,"",M,59.261,2,"",M,6.000,2,"",N,13.780,2,"",M,32.708,2,"",M,14.190,2,"",M,1008.100,2,"",M,380.478,2,"",M,NaN,,,0,NaN,,,M,366.169,2,"",364.840,2,"",NaN,,,NaN,,,NaN,,
2023-08-13T13:02:26.000Z,4.950,2,"",M,59.266,2,"",M,6.000,2,"",N,13.778,2,"",M,32.723,2,"",M,14.200,2,"",M,1008.100,2,"",M,380.448,2,"",M,NaN,,,0,NaN,,,M,365.953,2,"",364.624,2,"",NaN,,,NaN,,,NaN,,
2023-08-13T13:04:18.000Z,4.951,2,"",M,59.271,2,"",M,6.000,2,"",N,13.700,2,"",M,32.743,2,"",M,14.200,2,"",M,1008.040,2,"",M,380.397,2,"",M,NaN,,,0,NaN,,,M,364.682,2,"",363.358,2,"",NaN,,,NaN,,,NaN,,
2023-08-13T13:06:10.000Z,4.952,2,"",M,59.276,2,"",M,6.000,2,"",N,13.562,2,"",M,32.785,2,"",M,14.150,2,"",M,1008.080,2,"",M,380.657,2,"",M,NaN,,,0,NaN,,,M,363.605,2,"",362.284,2,"",NaN,,,NaN,,,NaN,,
2023-08-13T13:08:02.000Z,4.953,2,"",M,59.280,2,"",M,6.000,2,"",N,13.353,2,"",M,32.813,2,"",M,14.010,2,"",M,1008.130,2,"",M,381.036,2,"",M,NaN,,,0,NaN,,,M,362.983,2,"",361.661,2,"",NaN,,,NaN,,,NaN,,
2023-08-13T13:09:53.000Z,4.955,2,"",M,59.285,2,"",M,6.000,2,"",N,13.192,2,"",M,32.837,2,"",M,13.820,2,"",M,1008.140,2,"",M,380.766,2,"",M,NaN,,,0,NaN,,,M,363.233,2,"",361.908,2,"",NaN,,,NaN,,,NaN,,
2023-08-13T13:11:45.000Z,4.957,2,"",M,59.290,2,"",M,6.000,2,"",N,13.119,2,"",M,32.855,2,"",M,13.680,2,"",M,1008.071,2,"",M,379.805,2,"",M,NaN,,,0,NaN,,,M,363.376,2,"",362.048,2,"",NaN,,,NaN,,,NaN,,
2023-08-13T13:13:58.000Z,4.959,2,"",M,59.295,2,"",M,6.000,2,"",N,13.053,2,"",M,32.869,2,"",M,13.570,2,"",M,1008.120,2,"",M,378.333,2,"",M,NaN,,,0,NaN,,,M,362.702,2,"",361.375,2,"",NaN,,,NaN,,,NaN,,
2023-08-13T13:15:50.000Z,4.963,2,"",M,59.300,2,"",M,6.000,2,"",N,13.025,2,"",M,32.873,2,"",M,13.510,2,"",M,1008.070,2,"",M,377.152,2,"",M,NaN,,,0,NaN,,,M,362.067,2,"",360.741,2,"",NaN,,,NaN,,,NaN,,
2023-08-13T13:17:41.000Z,4.967,2,"",M,59.304,2,"",M,6.000,2,"",N,13.008,2,"",M,32.892,2,"",M,13.480,2,"",M,1008.040,2,"",M,376.181,2,"",M,NaN,,,0,NaN,,,M,361.328,2,"",360.004,2,"",NaN,,,NaN,,,NaN,,
2023-08-13T13:19:33.000Z,4.972,2,"",M,59.308,2,"",M,6.000,2,"",N,13.011,2,"",M,32.912,2,"",M,13.450,2,"",M,1008.140,2,"",M,375.401,2,"",M,NaN,,,0,NaN,,,M,361.125,2,"",359.801,2,"",NaN,,,NaN,,,NaN,,
2023-08-13T13:21:25.000Z,4.976,2,"",M,59.312,2,"",M,6.000,2,"",N,13.021,2,"",M,32.949,2,"",M,13.450,2,"",M,1008.160,2,"",M,375.080,2,"",M,NaN,,,0,NaN,,,M,360.978,2,"",359.655,2,"",NaN,,,NaN,,,NaN,,
2023-08-13T13:23:16.000Z,4.981,2,"",M,59.316,2,"",M,6.000,2,"",N,13.030,2,"",M,32.971,2,"",M,13.460,2,"",M,1008.200,2,"",M,375.700,2,"",M,NaN,,,0,NaN,,,M,361.579,2,"",360.254,2,"",NaN,,,NaN,,,NaN,,
2023-08-13T13:25:08.000Z,4.982,2,"",M,59.320,2,"",M,6.000,2,"",N,13.042,2,"",M,32.985,2,"",M,13.470,2,"",M,1008.230,2,"",M,376.270,2,"",M,NaN,,,0,NaN,,,M,362.161,2,"",360.834,2,"",NaN,,,NaN,,,NaN,,
2023-08-13T13:27:00.000Z,4.976,2,"",M,59.323,2,"",M,6.000,2,"",N,13.045,2,"",M,32.996,2,"",M,13.480,2,"",M,1008.170,2,"",M,377.170,2,"",M,NaN,,,0,NaN,,,M,362.894,2,"",361.564,2,"",NaN,,,NaN,,,NaN,,
2023-08-13T13:28:52.000Z,4.968,2,"",M,59.326,2,"",M,6.000,2,"",N,13.041,2,"",M,33.002,2,"",M,13.480,2,"",M,1008.100,2,"",M,377.549,2,"",M,NaN,,,0,NaN,,,M,363.172,2,"",361.841,2,"",NaN,,,NaN,,,NaN,,
2023-08-13T13:30:43.000Z,4.961,2,"",M,59.328,2,"",M,6.000,2,"",N,13.028,2,"",M,32.972,2,"",M,13.480,2,"",M,1008.060,2,"",M,378.309,2,"",M,NaN,,,0,NaN,,,M,363.696,2,"",362.363,2,"",NaN,,,NaN,,,NaN,,
2023-08-13T13:32:35.000Z,4.954,2,"",M,59.331,2,"",M,6.000,2,"",N,13.042,2,"",M,32.849,2,"",M,13.470,2,"",M,1008.080,2,"",M,378.889,2,"",M,NaN,,,0,NaN,,,M,364.622,2,"",363.286,2,"",NaN,,,NaN,,,NaN,,
2023-08-13T13:34:27.000Z,4.947,2,"",M,59.334,2,"",M,6.000,2,"",N,13.049,2,"",M,32.744,2,"",M,13.480,2,"",M,1008.200,2,"",M,377.578,2,"",M,NaN,,,0,NaN,,,M,363.365,2,"",362.034,2,"",NaN,,,NaN,,,NaN,,
2023-08-13T13:36:19.000Z,4.940,2,"",M,59.337,2,"",M,6.000,2,"",N,13.051,2,"",M,32.668,2,"",M,13.480,2,"",M,1008.130,2,"",M,374.866,2,"",M,NaN,,,0,NaN,,,M,360.754,2,"",359.432,2,"",NaN,,,NaN,,,NaN,,
2023-08-13T13:38:10.000Z,4.939,2,"",M,59.341,2,"",M,6.000,2,"",N,13.054,2,"",M,32.622,2,"",M,13.490,2,"",M,1008.270,2,"",M,372.535,2,"",M,NaN,,,0,NaN,,,M,358.456,2,"",357.142,2,"",NaN,,,NaN,,,NaN,,
2023-08-13T13:40:02.000Z,4.942,2,"",M,59.345,2,"",M,6.000,2,"",N,13.063,2,"",I,32.569,2,"",I,13.490,2,"",M,1008.210,2,"",M,370.413,2,"",M,NaN,,,0,NaN,,,M,356.527,2,"",355.221,2,"",NaN,,,NaN,,,NaN,,
2023-08-13T13:41:53.000Z,4.946,2,"",M,59.349,2,"",M,6.000,2,"",N,13.072,2,"",M,32.517,2,"",M,13.490,2,"",M,1008.270,2,"",M,368.782,2,"",M,NaN,,,0,NaN,,,M,355.111,2,"",353.810,2,"",NaN,,,NaN,,,NaN,,
2023-08-13T13:43:45.000Z,4.941,2,"",M,59.353,2,"",M,6.000,2,"",N,13.087,2,"",M,32.476,2,"",M,13.500,2,"",M,1008.320,2,"",M,367.271,2,"",M,NaN,,,0,NaN,,,M,353.742,2,"",352.446,2,"",NaN,,,NaN,,,NaN,,
2023-08-13T13:45:37.000Z,4.936,2,"",M,59.356,2,"",M,6.000,2,"",N,13.099,2,"",M,32.430,2,"",M,13.520,2,"",M,1008.300,2,"",M,366.480,2,"",M,NaN,,,0,NaN,,,M,352.855,2,"",351.563,2,"",NaN,,,NaN,,,NaN,,
2023-08-13T13:47:29.000Z,4.930,2,"",M,59.360,2,"",M,6.000,2,"",N,13.102,2,"",M,32.401,2,"",M,13.530,2,"",M,1008.400,2,"",M,365.489,2,"",M,NaN,,,0,NaN,,,M,351.829,2,"",350.540,2,"",NaN,,,NaN,,,NaN,,
2023-08-13T13:49:20.000Z,4.924,2,"",M,59.364,2,"",M,6.000,2,"",N,13.101,2,"",M,32.383,2,"",M,13.530,2,"",M,1008.400,2,"",M,364.758,2,"",M,NaN,,,0,NaN,,,M,351.101,2,"",349.815,2,"",NaN,,,NaN,,,NaN,,
2023-08-13T13:51:12.000Z,4.918,2,"",M,59.367,2,"",M,6.000,2,"",N,13.102,2,"",M,32.363,2,"",M,13.530,2,"",M,1008.400,2,"",M,364.038,2,"",M,NaN,,,0,NaN,,,M,350.427,2,"",349.143,2,"",NaN,,,NaN,,,NaN,,
2023-08-13T13:53:04.000Z,4.912,2,"",M,59.371,2,"",M,6.000,2,"",N,13.102,2,"",M,32.339,2,"",M,13.540,2,"",M,1008.460,2,"",M,363.717,2,"",M,NaN,,,0,NaN,,,M,349.983,2,"",348.701,2,"",NaN,,,NaN,,,NaN,,
2023-08-13T13:54:56.000Z,4.906,2,"",M,59.374,2,"",M,6.000,2,"",N,13.109,2,"",M,32.317,2,"",M,13.530,2,"",M,1008.350,2,"",M,363.627,2,"",M,NaN,,,0,NaN,,,M,350.121,2,"",348.839,2,"",NaN,,,NaN,,,NaN,,
2023-08-13T13:56:47.000Z,4.899,2,"",M,59.377,2,"",M,6.000,2,"",N,13.136,2,"",M,32.286,2,"",M,13.540,2,"",M,1008.470,2,"",M,363.456,2,"",M,NaN,,,0,NaN,,,M,350.235,2,"",348.952,2,"",NaN,,,NaN,,,NaN,,
2023-08-13T13:58:39.000Z,4.893,2,"",M,59.381,2,"",M,6.000,2,"",N,13.215,2,"",M,32.233,2,"",M,13.560,2,"",M,1008.480,2,"",M,362.776,2,"",M,NaN,,,0,NaN,,,M,350.463,2,"",349.179,2,"",NaN,,,NaN,,,NaN,,
2023-08-13T14:00:31.000Z,4.886,2,"",M,59.384,2,"",M,6.000,2,"",N,13.318,2,"",M,32.175,2,"",M,13.630,2,"",M,1008.430,2,"",M,362.225,2,"",M,NaN,,,0,NaN,,,M,350.365,2,"",349.084,2,"",NaN,,,NaN,,,NaN,,
2023-08-13T14:02:22.000Z,4.879,2,"",M,59.387,2,"",M,6.000,2,"",N,13.513,2,"",M,32.163,2,"",M,13.730,2,"",M,1008.380,2,"",M,361.834,2,"",M,NaN,,,0,NaN,,,M,351.352,2,"",350.068,2,"",NaN,,,NaN,,,NaN,,
2023-08-13T14:04:14.000Z,4.872,2,"",M,59.391,2,"",M,6.000,2,"",N,13.719,2,"",M,32.190,2,"",M,13.890,2,"",M,1008.400,2,"",M,362.414,2,"",M,NaN,,,0,NaN,,,M,352.553,2,"",351.267,2,"",NaN,,,NaN,,,NaN,,
2023-08-13T14:06:06.000Z,4.865,2,"",M,59.394,2,"",M,6.000,2,"",N,13.856,2,"",M,32.243,2,"",M,14.080,2,"",M,1008.394,2,"",M,364.505,2,"",M,NaN,,,0,NaN,,,M,353.723,2,"",352.436,2,"",NaN,,,NaN,,,NaN,,
2023-08-13T14:10:35.000Z,4.849,2,"",M,59.402,2,"",M,6.000,2,"",N,NaN,,,M,NaN,,,M,NaN,,,M,NaN,,,M,NaN,,,0,NaN,,,0,NaN,,,M,NaN,,,NaN,,,NaN,,,NaN,,,NaN,,
2023-08-13T14:12:25.000Z,4.844,2,"",M,59.406,2,"",M,6.000,2,"",N,NaN,,,M,NaN,,,M,NaN,,,M,NaN,,,M,NaN,,,0,NaN,,,0,NaN,,,M,NaN,,,NaN,,,NaN,,,NaN,,,NaN,,
2023-08-13T14:14:35.000Z,4.845,2,"",M,59.412,2,"",M,6.000,2,"",N,NaN,,,M,NaN,,,M,NaN,,,M,NaN,,,M,NaN,,,0,NaN,,,0,NaN,,,M,NaN,,,NaN,,,NaN,,,NaN,,,NaN,,
2023-08-13T14:19:05.000Z,4.846,2,"",M,59.426,2,"",M,6.000,2,"",N,NaN,,,M,NaN,,,M,NaN,,,M,NaN,,,M,NaN,,,0,NaN,,,0,NaN,,,M,NaN,,,NaN,,,NaN,,,NaN,,,NaN,,
2023-08-13T14:20:55.000Z,4.847,2,"",M,59.431,2,"",M,6.000,2,"",N,NaN,,,M,NaN,,,M,NaN,,,M,NaN,,,M,NaN,,,0,NaN,,,0,NaN,,,M,NaN,,,NaN,,,NaN,,,NaN,,,NaN,,
2023-08-13T14:22:44.000Z,4.848,2,"",M,59.437,2,"",M,6.000,2,"",N,NaN,,,M,NaN,,,M,NaN,,,M,NaN,,,M,NaN,,,0,NaN,,,0,NaN,,,M,NaN,,,NaN,,,NaN,,,NaN,,,NaN,,
2023-08-13T14:27:14.000Z,4.851,2,"",M,59.451,2,"",M,6.000,2,"",N,NaN,,,M,NaN,,,M,NaN,,,M,NaN,,,M,NaN,,,0,NaN,,,0,NaN,,,M,NaN,,,NaN,,,NaN,,,NaN,,,NaN,,
2023-08-13T14:29:03.000Z,4.852,2,"",M,59.457,2,"",M,6.000,2,"",N,NaN,,,M,NaN,,,M,NaN,,,M,NaN,,,M,NaN,,,0,NaN,,,0,NaN,,,M,NaN,,,NaN,,,NaN,,,NaN,,,NaN,,
2023-08-13T14:30:53.000Z,4.853,2,"",M,59.462,2,"",M,6.000,2,"",N,NaN,,,M,NaN,,,M,NaN,,,M,NaN,,,M,NaN,,,0,NaN,,,0,NaN,,,M,NaN,,,NaN,,,NaN,,,NaN,,,NaN,,
2023-08-13T14:35:22.000Z,4.854,2,"",M,59.477,2,"",M,6.000,2,"",N,13.991,2,"",M,32.384,2,"",M,NaN,,,M,NaN,,,M,NaN,,,0,412.277,2,"",M,1007.300,2,"",M,NaN,,,NaN,,,412.277,2,"",404.450,2,"",402.976,2,""
2023-08-13T14:37:12.000Z,4.855,2,"",M,59.482,2,"",M,6.000,2,"",N,14.011,2,"",M,32.422,2,"",M,NaN,,,M,NaN,,,M,NaN,,,0,412.359,2,"",M,1007.300,2,"",M,NaN,,,NaN,,,412.359,2,"",404.523,2,"",403.048,2,""
2023-08-13T14:39:01.000Z,4.855,2,"",M,59.488,2,"",M,6.000,2,"",N,14.027,2,"",M,32.456,2,"",M,NaN,,,M,NaN,,,M,NaN,,,0,413.242,2,"",M,1007.300,2,"",M,NaN,,,NaN,,,413.242,2,"",405.382,2,"",403.904,2,""
2023-08-13T14:40:51.000Z,4.855,2,"",M,59.494,2,"",M,6.000,2,"",N,14.060,2,"",M,32.457,2,"",M,NaN,,,M,NaN,,,M,NaN,,,0,412.444,2,"",M,1007.300,2,"",M,NaN,,,NaN,,,412.444,2,"",404.585,2,"",403.111,2,""
2023-08-13T14:42:40.000Z,4.855,2,"",M,59.500,2,"",M,6.000,2,"",N,14.116,2,"",M,32.439,2,"",M,NaN,,,M,NaN,,,M,NaN,,,0,412.586,2,"",M,1007.300,2,"",M,NaN,,,NaN,,,412.586,2,"",404.701,2,"",403.228,2,""
2023-08-13T14:47:49.000Z,4.856,2,"",M,59.516,2,"",M,6.000,2,"",N,14.302,2,"",M,32.353,2,"",M,14.630,2,"",M,1008.040,2,"",M,377.904,2,"",M,NaN,,,0,NaN,,,M,364.771,2,"",363.454,2,"",NaN,,,NaN,,,NaN,,
2023-08-13T14:49:42.000Z,4.857,2,"",M,59.522,2,"",M,6.000,2,"",N,14.338,2,"",M,32.328,2,"",M,14.700,2,"",M,1008.300,2,"",M,377.366,2,"",M,NaN,,,0,NaN,,,M,363.801,2,"",362.488,2,"",NaN,,,NaN,,,NaN,,
2023-08-13T14:51:34.000Z,4.857,2,"",M,59.528,2,"",M,6.000,2,"",N,14.308,2,"",M,32.340,2,"",M,14.730,2,"",M,1008.450,2,"",M,376.669,2,"",M,NaN,,,0,NaN,,,M,362.238,2,"",360.931,2,"",NaN,,,NaN,,,NaN,,
2023-08-13T14:53:25.000Z,4.858,2,"",M,59.535,2,"",M,6.000,2,"",N,14.293,2,"",M,32.359,2,"",M,14.720,2,"",M,1008.480,2,"",M,376.481,2,"",M,NaN,,,0,NaN,,,M,362.007,2,"",360.701,2,"",NaN,,,NaN,,,NaN,,
2023-08-13T14:55:17.000Z,4.858,2,"",M,59.541,2,"",M,6.000,2,"",N,14.308,2,"",M,32.360,2,"",M,14.700,2,"",M,1008.400,2,"",M,376.764,2,"",M,NaN,,,0,NaN,,,M,362.788,2,"",361.478,2,"",NaN,,,NaN,,,NaN,,
2023-08-13T14:57:09.000Z,4.858,2,"",M,59.546,2,"",M,6.000,2,"",N,14.308,2,"",M,32.360,2,"",M,14.710,2,"",M,1008.390,2,"",M,376.666,2,"",M,NaN,,,0,NaN,,,M,362.533,2,"",361.225,2,"",NaN,,,NaN,,,NaN,,
2023-08-13T14:59:00.000Z,4.859,2,"",M,59.553,2,"",M,6.000,2,"",N,14.308,2,"",M,32.360,2,"",M,14.720,2,"",M,1008.370,2,"",M,377.139,2,"",M,NaN,,,0,NaN,,,M,362.823,2,"",361.514,2,"",NaN,,,NaN,,,NaN,,
2023-08-13T15:00:52.000Z,4.859,2,"",M,59.559,2,"",M,6.000,2,"",N,NaN,,,0,NaN,,,0,14.730,2,"",M,1008.320,2,"",M,377.081,2,"",M,NaN,,,0,NaN,,,M,NaN,,,NaN,,,NaN,,,NaN,,,NaN,,
2023-08-13T15:02:44.000Z,4.859,2,"",M,59.565,2,"",M,6.000,2,"",N,NaN,,,0,NaN,,,0,14.670,2,"",M,1008.270,2,"",M,377.344,2,"",M,NaN,,,0,NaN,,,M,NaN,,,NaN,,,NaN,,,NaN,,,NaN,,
2023-08-13T15:04:36.000Z,4.859,2,"",M,59.571,2,"",M,6.000,2,"",N,NaN,,,0,NaN,,,0,14.620,2,"",M,1008.250,2,"",M,377.437,2,"",M,NaN,,,0,NaN,,,M,NaN,,,NaN,,,NaN,,,NaN,,,NaN,,
2023-08-13T15:06:28.000Z,4.860,2,"",M,59.577,2,"",M,6.000,2,"",N,NaN,,,0,NaN,,,0,14.570,2,"",M,1008.260,2,"",M,377.189,2,"",M,NaN,,,0,NaN,,,M,NaN,,,NaN,,,NaN,,,NaN,,,NaN,,
2023-08-13T15:08:19.000Z,4.861,2,"",M,59.583,2,"",M,6.000,2,"",N,NaN,,,0,NaN,,,0,14.540,2,"",M,1008.060,2,"",M,376.622,2,"",M,NaN,,,0,NaN,,,M,NaN,,,NaN,,,NaN,,,NaN,,,NaN,,
2023-08-13T15:10:11.000Z,4.862,2,"",M,59.589,2,"",M,6.000,2,"",N,NaN,,,0,NaN,,,0,14.550,2,"",M,1008.050,2,"",M,376.284,2,"",M,NaN,,,0,NaN,,,M,NaN,,,NaN,,,NaN,,,NaN,,,NaN,,
2023-08-13T15:12:03.000Z,4.863,2,"",M,59.595,2,"",M,6.000,2,"",N,NaN,,,0,NaN,,,0,14.600,2,"",M,1008.090,2,"",M,375.957,2,"",M,NaN,,,0,NaN,,,M,NaN,,,NaN,,,NaN,,,NaN,,,NaN,,
2023-08-13T15:14:15.000Z,4.865,2,"",M,59.603,2,"",M,6.000,2,"",N,NaN,,,0,NaN,,,0,14.670,2,"",M,1008.140,2,"",M,375.300,2,"",M,NaN,,,0,NaN,,,M,NaN,,,NaN,,,NaN,,,NaN,,,NaN,,
2023-08-13T15:16:07.000Z,4.866,2,"",M,59.609,2,"",M,6.000,2,"",N,NaN,,,0,1007.200,4,"Out of range",M,15.670,2,"",M,1008.360,2,"",M,372.202,2,"",M,NaN,,,0,NaN,,,M,NaN,,,NaN,,,NaN,,,NaN,,,NaN,,
2023-08-13T15:17:59.000Z,4.867,2,"",M,59.615,2,"",M,6.000,2,"",N,NaN,,,0,1007.200,4,"Out of range",M,15.580,2,"",M,1007.010,2,"",M,318.789,4,"Standard deviation is too large",M,NaN,,,0,NaN,,,M,NaN,,,NaN,,,NaN,,,NaN,,,NaN,,
2023-08-13T15:24:55.000Z,4.870,2,"",M,59.639,2,"",M,6.000,2,"",N,NaN,,,M,NaN,,,M,NaN,,,M,NaN,,,M,NaN,,,0,NaN,,,0,NaN,,,M,NaN,,,NaN,,,NaN,,,NaN,,,NaN,,
2023-08-13T15:29:24.000Z,4.872,2,"",M,59.654,2,"",M,6.000,2,"",N,NaN,,,M,NaN,,,M,NaN,,,M,NaN,,,M,NaN,,,0,NaN,,,0,NaN,,,M,NaN,,,NaN,,,NaN,,,NaN,,,NaN,,
2023-08-13T15:33:54.000Z,4.874,2,"",M,59.669,2,"",M,6.000,2,"",N,NaN,,,M,NaN,,,M,NaN,,,M,NaN,,,M,NaN,,,0,NaN,,,0,NaN,,,M,NaN,,,NaN,,,NaN,,,NaN,,,NaN,,
