Date/Time,Longitude,Longitude QC Flag,Longitude QC Comment,Longitude Type,Latitude,Latitude QC Flag,Latitude QC Comment,Latitude Type,Depth [m],Depth [m] QC Flag,Depth [m] QC Comment,Depth [m] Type,Temp [degC],Temp [degC] QC Flag,Temp [degC] QC Comment,Temp [degC] Type,P_sal [psu],P_sal [psu] QC Flag,P_sal [psu] QC Comment,P_sal [psu] Type,Temperature of Equilibration [degC],Temperature of Equilibration [degC] QC Flag,Temperature of Equilibration [degC] QC Comment,Temperature of Equilibration [degC] Type,Equilibrator Pressure,Equilibrator Pressure QC Flag,Equilibrator Pressure QC Comment,Equilibrator Pressure Type,xCO2 In Water - Calibrated In Dry Air [umol mol-1],xCO2 In Water - Calibrated In Dry Air [umol mol-1] QC Flag,xCO2 In Water - Calibrated In Dry Air [umol mol-1] QC Comment,xCO2 In Water - Calibrated In Dry Air [umol mol-1] Type,xCO2 in atmosphere [umol mol-1],xCO2 in atmosphere [umol mol-1] QC Flag,xCO2 in atmosphere [umol mol-1] QC Comment,xCO2 in atmosphere [umol mol-1] Type,Atmospheric Pressure [hPa],Atmospheric Pressure [hPa] QC Flag,Atmospheric Pressure [hPa] QC Comment,Atmospheric Pressure [hPa] Type,pCO2 [uatm],pCO2 [uatm] QC Flag,pCO2 [uatm] QC Comment,fCO2 [uatm],fCO2 [uatm] QC Flag,fCO2 [uatm] QC Comment,pCO2 in atmosphere [uatm],pCO2 in atmosphere [uatm] QC Flag,pCO2 in atmosphere [uatm] QC Comment,fCO2 in atmosphere [uatm],fCO2 in atmosphere [uatm] QC Flag,fCO2 in atmosphere [uatm] QC Comment
2024-12-06T11:44:06.000Z,8.391,2,"",M,58.142,2,"",M,6.000,2,"",N,NaN,,,M,NaN,,,M,NaN,,,M,NaN,,,M,NaN,,,0,NaN,,,0,NaN,,,M,NaN,,,NaN,,,NaN,,,NaN,,
2024-12-06T11:49:00.000Z,8.411,2,"",M,58.150,2,"",M,6.000,2,"",N,NaN,,,M,NaN,,,M,NaN,,,M,NaN,,,M,NaN,,,0,NaN,,,0,NaN,,,M,NaN,,,NaN,,,NaN,,,NaN,,
2024-12-06T11:53:29.000Z,8.429,2,"",M,58.158,2,"",M,6.000,2,"",N,NaN,,,M,NaN,,,M,NaN,,,M,NaN,,,M,NaN,,,0,NaN,,,0,NaN,,,M,NaN,,,NaN,,,NaN,,,NaN,,
2024-12-06T11:55:19.000Z,8.436,2,"",M,58.160,2,"",M,6.000,2,"",N,NaN,,,M,NaN,,,M,NaN,,,M,NaN,,,M,NaN,,,0,NaN,,,0,NaN,,,M,NaN,,,NaN,,,NaN,,,NaN,,
2024-12-06T11:57:09.000Z,8.444,2,"",M,58.163,2,"",M,6.000,2,"",N,NaN,,,M,NaN,,,M,NaN,,,M,NaN,,,M,NaN,,,0,NaN,,,0,NaN,,,M,NaN,,,NaN,,,NaN,,,NaN,,
2024-12-06T12:01:38.000Z,8.461,2,"",M,58.171,2,"",M,6.000,2,"",N,NaN,,,M,NaN,,,M,NaN,,,M,NaN,,,M,NaN,,,0,NaN,,,0,NaN,,,M,NaN,,,NaN,,,NaN,,,NaN,,
2024-12-06T12:03:27.000Z,8.469,2,"",M,58.173,2,"",M,6.000,2,"",N,NaN,,,M,NaN,,,M,NaN,,,M,NaN,,,M,NaN,,,0,NaN,,,0,NaN,,,M,NaN,,,NaN,,,NaN,,,NaN,,
2024-12-06T12:05:16.000Z,8.476,2,"",M,58.176,2,"",M,6.000,2,"",N,NaN,,,M,NaN,,,M,NaN,,,M,NaN,,,M,NaN,,,0,NaN,,,0,NaN,,,M,NaN,,,NaN,,,NaN,,,NaN,,
2024-12-06T12:09:45.000Z,8.493,2,"",M,58.183,2,"",M,6.000,2,"",N,NaN,,,M,NaN,,,M,NaN,,,M,NaN,,,M,NaN,,,0,NaN,,,0,NaN,,,M,NaN,,,NaN,,,NaN,,,NaN,,
2024-12-06T12:11:34.000Z,8.500,2,"",M,58.186,2,"",M,6.000,2,"",N,NaN,,,M,NaN,,,M,NaN,,,M,NaN,,,M,NaN,,,0,NaN,,,0,NaN,,,M,NaN,,,NaN,,,NaN,,,NaN,,
2024-12-06T12:13:23.000Z,8.506,2,"",M,58.188,2,"",M,6.000,2,"",N,NaN,,,M,NaN,,,M,NaN,,,M,NaN,,,M,NaN,,,0,NaN,,,0,NaN,,,M,NaN,,,NaN,,,NaN,,,NaN,,
2024-12-06T12:17:52.000Z,8.523,2,"",M,58.195,2,"",M,6.000,2,"",N,8.957,2,"",M,33.423,2,"",M,NaN,,,M,NaN,,,M,NaN,,,0,435.447,2,"",M,1005.400,2,"",M,NaN,,,NaN,,,428.293,2,"",426.630,2,""
2024-12-06T12:19:41.000Z,8.530,2,"",M,58.198,2,"",M,6.000,2,"",N,8.990,2,"",M,33.511,2,"",M,NaN,,,M,NaN,,,M,NaN,,,0,435.415,2,"",M,1005.600,2,"",M,NaN,,,NaN,,,428.338,2,"",426.675,2,""
2024-12-06T12:21:30.000Z,8.536,2,"",M,58.200,2,"",M,6.000,2,"",N,9.012,2,"",M,33.582,2,"",M,NaN,,,M,NaN,,,M,NaN,,,0,435.793,2,"",M,1005.500,2,"",M,NaN,,,NaN,,,428.659,2,"",426.995,2,""
2024-12-06T12:23:19.000Z,8.543,2,"",M,58.203,2,"",M,6.000,2,"",N,9.032,2,"",M,33.613,2,"",M,NaN,,,M,NaN,,,M,NaN,,,0,435.721,2,"",M,1005.600,2,"",M,NaN,,,NaN,,,428.625,2,"",426.962,2,""
2024-12-06T12:25:10.000Z,8.550,2,"",M,58.205,2,"",M,6.000,2,"",N,9.047,2,"",M,33.651,2,"",M,NaN,,,M,NaN,,,M,NaN,,,0,435.769,2,"",M,1005.600,2,"",M,NaN,,,NaN,,,428.667,2,"",427.004,2,""
2024-12-06T12:30:20.000Z,8.568,2,"",M,58.214,2,"",M,6.000,2,"",N,9.044,2,"",M,33.730,2,"",M,9.630,2,"",M,1005.790,2,"",M,420.653,2,"",M,NaN,,,0,NaN,,,M,402.580,2,"",401.033,2,"",NaN,,,NaN,,
2024-12-06T12:32:11.000Z,8.574,2,"",M,58.217,2,"",M,6.000,2,"",N,9.073,2,"",M,33.718,2,"",M,9.620,2,"",M,1006.020,2,"",M,420.492,2,"",M,NaN,,,0,NaN,,,M,403.183,2,"",401.634,2,"",NaN,,,NaN,,
2024-12-06T12:34:03.000Z,8.581,2,"",M,58.219,2,"",M,6.000,2,"",N,9.180,2,"",M,33.666,2,"",M,9.630,2,"",M,1005.880,2,"",M,416.872,2,"",M,NaN,,,0,NaN,,,M,401.297,2,"",399.755,2,"",NaN,,,NaN,,
2024-12-06T12:35:54.000Z,8.588,2,"",M,58.222,2,"",M,6.000,2,"",N,9.303,2,"",M,33.595,2,"",M,9.710,2,"",M,1005.955,2,"",M,416.110,2,"",M,NaN,,,0,NaN,,,M,401.292,2,"",399.752,2,"",NaN,,,NaN,,
2024-12-06T12:37:46.000Z,8.595,2,"",M,58.225,2,"",M,6.000,2,"",N,9.411,2,"",M,33.505,2,"",M,9.810,2,"",M,1006.070,2,"",M,416.088,2,"",M,NaN,,,0,NaN,,,M,401.424,2,"",399.885,2,"",NaN,,,NaN,,
2024-12-06T12:39:38.000Z,8.602,2,"",M,58.227,2,"",M,6.000,2,"",N,9.452,2,"",I,33.440,2,"",I,9.950,2,"",M,1006.260,2,"",M,417.975,2,"",M,NaN,,,0,NaN,,,M,401.591,2,"",400.054,2,"",NaN,,,NaN,,
2024-12-06T12:41:29.000Z,8.609,2,"",M,58.230,2,"",M,6.000,2,"",N,9.493,2,"",M,33.375,2,"",M,10.010,2,"",M,1006.090,2,"",M,420.151,2,"",M,NaN,,,0,NaN,,,M,403.264,2,"",401.722,2,"",NaN,,,NaN,,
2024-12-06T12:43:41.000Z,8.618,2,"",M,58.233,2,"",M,6.000,2,"",N,9.503,2,"",M,33.323,2,"",M,10.030,2,"",M,1005.940,2,"",M,421.668,2,"",M,NaN,,,0,NaN,,,M,404.489,2,"",402.943,2,"",NaN,,,NaN,,
2024-12-06T12:45:33.000Z,8.625,2,"",M,58.236,2,"",M,6.000,2,"",N,9.506,2,"",M,33.277,2,"",M,10.030,2,"",M,1005.980,2,"",M,422.196,2,"",M,NaN,,,0,NaN,,,M,405.058,2,"",403.510,2,"",NaN,,,NaN,,
2024-12-06T12:47:24.000Z,8.632,2,"",M,58.239,2,"",M,6.000,2,"",N,9.500,2,"",M,33.236,2,"",M,10.050,2,"",M,1005.860,2,"",M,423.183,2,"",M,NaN,,,0,NaN,,,M,405.510,2,"",403.961,2,"",NaN,,,NaN,,
2024-12-06T12:49:15.000Z,8.640,2,"",M,58.241,2,"",M,6.000,2,"",N,9.479,2,"",M,33.193,2,"",M,10.060,2,"",M,1005.760,2,"",M,423.321,2,"",M,NaN,,,0,NaN,,,M,405.058,2,"",403.510,2,"",NaN,,,NaN,,
2024-12-06T12:51:07.000Z,8.647,2,"",M,58.244,2,"",M,6.000,2,"",N,9.454,2,"",M,33.153,2,"",M,10.030,2,"",M,1005.807,2,"",M,423.739,2,"",M,NaN,,,0,NaN,,,M,405.573,2,"",404.023,2,"",NaN,,,NaN,,
2024-12-06T12:52:58.000Z,8.654,2,"",M,58.247,2,"",M,6.000,2,"",N,9.413,2,"",M,33.113,2,"",M,10.000,2,"",M,1005.813,2,"",M,424.306,2,"",M,NaN,,,0,NaN,,,M,405.934,2,"",404.382,2,"",NaN,,,NaN,,
2024-12-06T12:54:50.000Z,8.661,2,"",M,58.249,2,"",M,6.000,2,"",N,9.372,2,"",M,33.071,2,"",M,9.970,2,"",M,1005.870,2,"",M,423.485,2,"",M,NaN,,,0,NaN,,,M,405.002,2,"",403.453,2,"",NaN,,,NaN,,
2024-12-06T12:56:41.000Z,8.669,2,"",M,58.252,2,"",M,6.000,2,"",N,9.332,2,"",M,33.027,2,"",M,9.950,2,"",M,1005.940,2,"",M,423.143,2,"",M,NaN,,,0,NaN,,,M,404.362,2,"",402.815,2,"",NaN,,,NaN,,
2024-12-06T12:58:32.000Z,8.676,2,"",M,58.255,2,"",M,6.000,2,"",N,9.295,2,"",M,32.989,2,"",M,9.910,2,"",M,1006.340,2,"",M,422.801,2,"",M,NaN,,,0,NaN,,,M,404.259,2,"",402.711,2,"",NaN,,,NaN,,
2024-12-06T13:00:24.000Z,8.684,2,"",M,58.258,2,"",M,6.000,2,"",N,9.253,2,"",M,32.953,2,"",M,9.860,2,"",M,1006.290,2,"",M,422.919,2,"",M,NaN,,,0,NaN,,,M,404.505,2,"",402.955,2,"",NaN,,,NaN,,
2024-12-06T13:02:15.000Z,8.691,2,"",M,58.261,2,"",M,6.000,2,"",N,9.215,2,"",M,32.909,2,"",M,9.820,2,"",M,1006.450,2,"",M,422.177,2,"",M,NaN,,,0,NaN,,,M,403.907,2,"",402.358,2,"",NaN,,,NaN,,
2024-12-06T13:04:06.000Z,8.698,2,"",M,58.263,2,"",M,6.000,2,"",N,9.177,2,"",M,32.866,2,"",M,9.780,2,"",M,1006.380,2,"",M,421.516,2,"",M,NaN,,,0,NaN,,,M,403.304,2,"",401.757,2,"",NaN,,,NaN,,
2024-12-06T13:05:58.000Z,8.706,2,"",M,58.266,2,"",M,6.000,2,"",N,9.121,2,"",M,32.825,2,"",M,9.760,2,"",M,1006.410,2,"",M,421.304,2,"",M,NaN,,,0,NaN,,,M,402.498,2,"",400.953,2,"",NaN,,,NaN,,
2024-12-06T13:07:49.000Z,8.713,2,"",M,58.269,2,"",M,6.000,2,"",N,9.079,2,"",M,32.788,2,"",M,9.710,2,"",M,1006.450,2,"",M,420.912,2,"",M,NaN,,,0,NaN,,,M,402.294,2,"",400.749,2,"",NaN,,,NaN,,
2024-12-06T13:09:41.000Z,8.720,2,"",M,58.272,2,"",M,6.000,2,"",N,9.052,2,"",M,32.745,2,"",M,9.650,2,"",M,1006.520,2,"",M,420.740,2,"",M,NaN,,,0,NaN,,,M,402.740,2,"",401.192,2,"",NaN,,,NaN,,
2024-12-06T13:11:32.000Z,8.727,2,"",M,58.274,2,"",M,6.000,2,"",N,9.035,2,"",M,32.704,2,"",M,9.610,2,"",M,1006.520,2,"",M,420.118,2,"",M,NaN,,,0,NaN,,,M,402.546,2,"",400.998,2,"",NaN,,,NaN,,
2024-12-06T13:13:23.000Z,8.735,2,"",M,58.277,2,"",M,6.000,2,"",N,9.017,2,"",M,32.668,2,"",M,9.600,2,"",M,1006.640,2,"",M,419.347,2,"",M,NaN,,,0,NaN,,,M,401.718,2,"",400.173,2,"",NaN,,,NaN,,
2024-12-06T13:15:15.000Z,8.742,2,"",M,58.280,2,"",M,6.000,2,"",N,9.012,2,"",M,32.643,2,"",M,9.600,2,"",M,1006.540,2,"",M,419.425,2,"",M,NaN,,,0,NaN,,,M,401.677,2,"",400.132,2,"",NaN,,,NaN,,
2024-12-06T13:17:06.000Z,8.749,2,"",M,58.283,2,"",M,6.000,2,"",N,9.025,2,"",M,32.631,2,"",M,9.590,2,"",M,1006.680,2,"",M,419.223,2,"",M,NaN,,,0,NaN,,,M,401.937,2,"",400.391,2,"",NaN,,,NaN,,
2024-12-06T13:18:57.000Z,8.756,2,"",M,58.285,2,"",M,6.000,2,"",N,9.041,2,"",M,32.629,2,"",M,9.580,2,"",M,1006.520,2,"",M,419.231,2,"",M,NaN,,,0,NaN,,,M,402.323,2,"",400.775,2,"",NaN,,,NaN,,
2024-12-06T13:20:49.000Z,8.763,2,"",M,58.288,2,"",M,6.000,2,"",N,9.048,2,"",M,32.629,2,"",M,9.590,2,"",M,1006.480,2,"",M,419.029,2,"",M,NaN,,,0,NaN,,,M,402.064,2,"",400.518,2,"",NaN,,,NaN,,
2024-12-06T13:22:40.000Z,8.770,2,"",M,58.291,2,"",M,6.000,2,"",N,9.046,2,"",M,32.620,2,"",M,9.620,2,"",M,1006.660,2,"",M,419.556,2,"",M,NaN,,,0,NaN,,,M,402.088,2,"",400.542,2,"",NaN,,,NaN,,
2024-12-06T13:24:31.000Z,8.777,2,"",M,58.294,2,"",M,6.000,2,"",N,9.045,2,"",M,32.609,2,"",M,9.620,2,"",M,1006.610,2,"",M,419.674,2,"",M,NaN,,,0,NaN,,,M,402.150,2,"",400.603,2,"",NaN,,,NaN,,
2024-12-06T13:26:23.000Z,8.784,2,"",M,58.297,2,"",M,6.000,2,"",N,9.037,2,"",M,32.600,2,"",M,9.610,2,"",M,1006.440,2,"",M,419.712,2,"",M,NaN,,,0,NaN,,,M,402.156,2,"",400.609,2,"",NaN,,,NaN,,
2024-12-06T13:28:14.000Z,8.792,2,"",M,58.300,2,"",M,6.000,2,"",N,9.027,2,"",M,32.589,2,"",M,9.600,2,"",M,1006.500,2,"",M,420.150,2,"",M,NaN,,,0,NaN,,,M,402.601,2,"",401.052,2,"",NaN,,,NaN,,
2024-12-06T13:30:05.000Z,8.799,2,"",M,58.303,2,"",M,6.000,2,"",N,9.018,2,"",M,32.575,2,"",M,9.580,2,"",M,1006.780,2,"",M,419.868,2,"",M,NaN,,,0,NaN,,,M,402.647,2,"",401.098,2,"",NaN,,,NaN,,
2024-12-06T13:31:57.000Z,8.806,2,"",M,58.305,2,"",M,6.000,2,"",N,9.012,2,"",M,32.562,2,"",M,9.590,2,"",M,1006.610,2,"",M,419.586,2,"",M,NaN,,,0,NaN,,,M,402.031,2,"",400.485,2,"",NaN,,,NaN,,
2024-12-06T13:33:48.000Z,8.813,2,"",M,58.308,2,"",M,6.000,2,"",N,9.005,2,"",M,32.547,2,"",M,9.590,2,"",M,1006.950,2,"",M,419.684,2,"",M,NaN,,,0,NaN,,,M,402.140,2,"",400.592,2,"",NaN,,,NaN,,
2024-12-06T13:35:39.000Z,8.816,2,"",M,58.309,2,"",M,6.000,2,"",N,8.997,2,"",M,32.538,2,"",M,9.580,2,"",M,1006.830,2,"",M,419.622,2,"",M,NaN,,,0,NaN,,,M,402.071,2,"",400.524,2,"",NaN,,,NaN,,
2024-12-06T13:37:31.000Z,8.818,2,"",M,58.310,2,"",M,6.000,2,"",N,9.007,2,"",M,32.542,2,"",M,9.560,2,"",M,1006.910,2,"",M,420.200,2,"",M,NaN,,,0,NaN,,,M,403.170,2,"",401.618,2,"",NaN,,,NaN,,
2024-12-06T13:39:24.000Z,8.820,2,"",M,58.311,2,"",M,6.000,2,"",N,9.022,2,"",M,32.553,2,"",M,9.560,2,"",M,1006.710,2,"",M,419.788,2,"",M,NaN,,,0,NaN,,,M,402.949,2,"",401.398,2,"",NaN,,,NaN,,
2024-12-06T13:41:15.000Z,8.821,2,"",M,58.312,2,"",M,6.000,2,"",N,9.028,2,"",M,32.567,2,"",M,9.590,2,"",M,1006.870,2,"",M,419.706,2,"",M,NaN,,,0,NaN,,,M,402.526,2,"",400.977,2,"",NaN,,,NaN,,
2024-12-06T13:43:27.000Z,8.822,2,"",M,58.313,2,"",M,6.000,2,"",N,9.022,2,"",M,32.555,2,"",M,9.600,2,"",M,1006.960,2,"",M,420.223,2,"",M,NaN,,,0,NaN,,,M,402.783,2,"",401.233,2,"",NaN,,,NaN,,
2024-12-06T13:45:19.000Z,8.824,2,"",M,58.314,2,"",M,6.000,2,"",N,9.021,2,"",M,32.554,2,"",M,9.590,2,"",M,1006.890,2,"",M,420.491,2,"",M,NaN,,,0,NaN,,,M,403.172,2,"",401.621,2,"",NaN,,,NaN,,
2024-12-06T13:47:10.000Z,8.829,2,"",M,58.316,2,"",M,6.000,2,"",N,8.993,2,"",M,32.533,2,"",M,9.580,2,"",M,1006.780,2,"",M,420.349,2,"",M,NaN,,,0,NaN,,,M,402.677,2,"",401.127,2,"",NaN,,,NaN,,
2024-12-06T13:49:02.000Z,8.836,2,"",M,58.318,2,"",M,6.000,2,"",N,8.967,2,"",M,32.492,2,"",M,9.570,2,"",M,-1.110,4,"Out of range",M,420.257,2,"",M,NaN,,,0,NaN,,,M,-5.183,4,"Equilibrator Pressure Out of range",-5.183,4,"Equilibrator Pressure Out of range",NaN,,,NaN,,
2024-12-06T13:50:54.000Z,8.843,2,"",M,58.321,2,"",M,6.000,2,"",N,8.929,2,"",M,32.475,2,"",M,9.550,2,"",M,-1.140,4,"Out of range",M,420.425,2,"",M,NaN,,,0,NaN,,,M,-5.187,4,"Equilibrator Pressure Out of range",-5.187,4,"Equilibrator Pressure Out of range",NaN,,,NaN,,
2024-12-06T13:52:45.000Z,8.850,2,"",M,58.324,2,"",M,6.000,2,"",N,8.898,2,"",M,32.423,2,"",M,9.510,2,"",M,-1.200,4,"Out of range",M,420.193,2,"",M,NaN,,,0,NaN,,,M,-5.197,4,"Equilibrator Pressure Out of range",-5.197,4,"Equilibrator Pressure Out of range",NaN,,,NaN,,
2024-12-06T13:54:37.000Z,8.857,2,"",M,58.326,2,"",M,6.000,2,"",N,8.894,2,"",M,32.398,2,"",M,9.470,2,"",M,-1.300,4,"Out of range",M,420.061,2,"",M,NaN,,,0,NaN,,,M,-5.232,4,"Equilibrator Pressure Out of range",-5.232,4,"Equilibrator Pressure Out of range",NaN,,,NaN,,
2024-12-06T13:56:28.000Z,8.863,2,"",M,58.329,2,"",M,6.000,2,"",N,8.920,2,"",M,32.409,2,"",M,9.450,2,"",M,1006.780,2,"",M,419.479,2,"",M,NaN,,,0,NaN,,,M,402.856,2,"",401.303,2,"",NaN,,,NaN,,
2024-12-06T13:58:20.000Z,8.870,2,"",M,58.331,2,"",M,6.000,2,"",N,8.901,2,"",M,32.446,2,"",M,9.470,2,"",M,1007.070,2,"",M,419.167,2,"",M,NaN,,,0,NaN,,,M,402.003,2,"",400.453,2,"",NaN,,,NaN,,
2024-12-06T14:00:11.000Z,8.877,2,"",M,58.334,2,"",M,6.000,2,"",N,8.869,2,"",M,32.424,2,"",M,9.500,2,"",M,1006.980,2,"",M,419.145,2,"",M,NaN,,,0,NaN,,,M,400.883,2,"",399.339,2,"",NaN,,,NaN,,
2024-12-06T14:02:02.000Z,8.884,2,"",M,58.336,2,"",M,6.000,2,"",N,8.863,2,"",M,32.408,2,"",M,9.450,2,"",M,1007.090,2,"",M,419.203,2,"",M,NaN,,,0,NaN,,,M,401.744,2,"",400.196,2,"",NaN,,,NaN,,
2024-12-06T14:03:54.000Z,8.891,2,"",M,58.338,2,"",M,6.000,2,"",N,8.818,2,"",M,32.386,2,"",M,9.440,2,"",M,1006.970,2,"",M,419.001,2,"",M,NaN,,,0,NaN,,,M,400.908,2,"",399.362,2,"",NaN,,,NaN,,
2024-12-06T14:05:45.000Z,8.899,2,"",M,58.341,2,"",M,6.000,2,"",N,8.794,2,"",M,32.345,2,"",M,9.390,2,"",M,1006.960,2,"",M,418.509,2,"",M,NaN,,,0,NaN,,,M,400.902,2,"",399.355,2,"",NaN,,,NaN,,
2024-12-06T14:07:36.000Z,8.906,2,"",M,58.343,2,"",M,6.000,2,"",N,8.818,2,"",M,32.338,2,"",M,9.380,2,"",M,1007.080,2,"",M,418.127,2,"",M,NaN,,,0,NaN,,,M,401.158,2,"",399.610,2,"",NaN,,,NaN,,
2024-12-06T14:09:28.000Z,8.913,2,"",M,58.345,2,"",M,6.000,2,"",N,8.836,2,"",I,32.339,2,"",I,9.400,2,"",M,1007.220,2,"",M,418.215,2,"",M,NaN,,,0,NaN,,,M,401.267,2,"",399.719,2,"",NaN,,,NaN,,
2024-12-06T14:11:19.000Z,8.920,2,"",M,58.348,2,"",M,6.000,2,"",N,8.855,2,"",M,32.340,2,"",M,9.390,2,"",M,1007.070,2,"",M,418.403,2,"",M,NaN,,,0,NaN,,,M,401.872,2,"",400.321,2,"",NaN,,,NaN,,
2024-12-06T14:13:10.000Z,8.927,2,"",M,58.350,2,"",M,6.000,2,"",N,8.852,2,"",M,32.364,2,"",M,9.410,2,"",M,1007.130,2,"",M,418.281,2,"",M,NaN,,,0,NaN,,,M,401.383,2,"",399.835,2,"",NaN,,,NaN,,
2024-12-06T14:15:02.000Z,8.934,2,"",M,58.352,2,"",M,6.000,2,"",N,8.880,2,"",M,32.381,2,"",M,9.410,2,"",M,1006.970,2,"",M,418.289,2,"",M,NaN,,,0,NaN,,,M,401.802,2,"",400.252,2,"",NaN,,,NaN,,
2024-12-06T14:16:54.000Z,8.941,2,"",M,58.355,2,"",M,6.000,2,"",N,8.888,2,"",M,32.386,2,"",M,9.440,2,"",M,1007.110,2,"",M,418.507,2,"",M,NaN,,,0,NaN,,,M,401.694,2,"",400.145,2,"",NaN,,,NaN,,
2024-12-06T14:18:46.000Z,8.948,2,"",M,58.357,2,"",M,6.000,2,"",N,8.901,2,"",M,32.406,2,"",M,9.460,2,"",M,1007.230,2,"",M,418.825,2,"",M,NaN,,,0,NaN,,,M,401.910,2,"",400.360,2,"",NaN,,,NaN,,
2024-12-06T14:20:37.000Z,8.954,2,"",M,58.359,2,"",M,6.000,2,"",N,8.905,2,"",M,32.399,2,"",M,9.480,2,"",M,-0.920,4,"Out of range",M,418.793,2,"",M,NaN,,,0,NaN,,,M,-5.066,4,"Equilibrator Pressure Out of range",-5.066,4,"Equilibrator Pressure Out of range",NaN,,,NaN,,
2024-12-06T14:22:28.000Z,8.961,2,"",M,58.362,2,"",M,6.000,2,"",N,8.911,2,"",M,32.402,2,"",M,9.460,2,"",M,1007.270,2,"",M,418.801,2,"",M,NaN,,,0,NaN,,,M,402.086,2,"",400.536,2,"",NaN,,,NaN,,
2024-12-06T14:24:20.000Z,8.968,2,"",M,58.364,2,"",M,6.000,2,"",N,8.922,2,"",M,32.418,2,"",M,9.470,2,"",M,-1.050,4,"Out of range",M,418.859,2,"",M,NaN,,,0,NaN,,,M,-5.122,4,"Equilibrator Pressure Out of range",-5.122,4,"Equilibrator Pressure Out of range",NaN,,,NaN,,
2024-12-06T14:26:11.000Z,8.975,2,"",M,58.367,2,"",M,6.000,2,"",N,8.956,2,"",M,32.432,2,"",M,9.500,2,"",M,1007.530,2,"",M,418.826,2,"",M,NaN,,,0,NaN,,,M,402.274,2,"",400.723,2,"",NaN,,,NaN,,
2024-12-06T14:28:02.000Z,8.982,2,"",M,58.369,2,"",M,6.000,2,"",N,8.992,2,"",M,32.449,2,"",M,9.520,2,"",M,1007.510,2,"",M,419.154,2,"",M,NaN,,,0,NaN,,,M,402.853,2,"",401.300,2,"",NaN,,,NaN,,
2024-12-06T14:29:54.000Z,8.989,2,"",M,58.372,2,"",M,6.000,2,"",N,8.989,2,"",M,32.484,2,"",M,9.540,2,"",M,1007.350,2,"",M,419.692,2,"",M,NaN,,,0,NaN,,,M,402.911,2,"",401.359,2,"",NaN,,,NaN,,
2024-12-06T14:31:45.000Z,8.997,2,"",M,58.374,2,"",M,6.000,2,"",N,9.022,2,"",M,32.467,2,"",M,9.560,2,"",M,1007.350,2,"",M,419.650,2,"",M,NaN,,,0,NaN,,,M,403.089,2,"",401.537,2,"",NaN,,,NaN,,
2024-12-06T14:33:36.000Z,9.003,2,"",M,58.377,2,"",M,6.000,2,"",N,9.060,2,"",M,32.589,2,"",M,9.560,2,"",M,1007.330,2,"",M,420.018,2,"",M,NaN,,,0,NaN,,,M,404.069,2,"",402.513,2,"",NaN,,,NaN,,
2024-12-06T14:35:28.000Z,9.010,2,"",M,58.379,2,"",M,6.000,2,"",N,9.050,2,"",M,32.731,2,"",M,9.630,2,"",M,1007.790,2,"",M,419.886,2,"",M,NaN,,,0,NaN,,,M,402.748,2,"",401.197,2,"",NaN,,,NaN,,
2024-12-06T14:37:19.000Z,9.016,2,"",M,58.382,2,"",M,6.000,2,"",N,8.964,2,"",M,32.950,2,"",M,9.630,2,"",M,1007.640,2,"",M,419.544,2,"",M,NaN,,,0,NaN,,,M,400.897,2,"",399.354,2,"",NaN,,,NaN,,
2024-12-06T14:39:10.000Z,9.023,2,"",M,58.385,2,"",M,6.000,2,"",N,9.008,2,"",M,33.280,2,"",M,9.570,2,"",M,1007.540,2,"",M,418.452,2,"",M,NaN,,,0,NaN,,,M,401.594,2,"",400.047,2,"",NaN,,,NaN,,
2024-12-06T14:41:01.000Z,9.030,2,"",M,58.388,2,"",M,6.000,2,"",N,9.026,2,"",M,33.298,2,"",M,9.560,2,"",M,1007.260,2,"",M,417.001,2,"",M,NaN,,,0,NaN,,,M,400.567,2,"",399.024,2,"",NaN,,,NaN,,
2024-12-06T14:42:53.000Z,9.037,2,"",M,58.391,2,"",M,6.000,2,"",N,8.954,2,"",M,33.211,2,"",M,9.580,2,"",M,1007.670,2,"",M,414.760,2,"",M,NaN,,,0,NaN,,,M,397.027,2,"",395.498,2,"",NaN,,,NaN,,
2024-12-06T14:45:05.000Z,9.046,2,"",M,58.395,2,"",M,6.000,2,"",N,8.919,2,"",M,33.184,2,"",M,9.540,2,"",M,1008.160,2,"",M,414.727,2,"",M,NaN,,,0,NaN,,,M,397.286,2,"",395.754,2,"",NaN,,,NaN,,
2024-12-06T14:46:56.000Z,9.053,2,"",M,58.398,2,"",M,6.000,2,"",N,8.869,2,"",M,33.202,2,"",M,9.500,2,"",M,1007.950,2,"",M,414.875,2,"",M,NaN,,,0,NaN,,,M,397.188,2,"",395.656,2,"",NaN,,,NaN,,
2024-12-06T14:48:47.000Z,9.060,2,"",M,58.401,2,"",M,6.000,2,"",N,8.882,2,"",M,33.322,2,"",M,9.450,2,"",M,1008.000,2,"",M,414.113,2,"",M,NaN,,,0,NaN,,,M,397.561,2,"",396.027,2,"",NaN,,,NaN,,
2024-12-06T14:50:39.000Z,9.067,2,"",M,58.404,2,"",M,6.000,2,"",N,8.767,2,"",M,33.505,2,"",M,9.450,2,"",M,1007.840,2,"",M,413.502,2,"",M,NaN,,,0,NaN,,,M,394.982,2,"",393.458,2,"",NaN,,,NaN,,
2024-12-06T14:52:30.000Z,9.074,2,"",M,58.407,2,"",M,6.000,2,"",N,8.710,2,"",M,33.532,2,"",M,9.370,2,"",M,1008.280,2,"",M,411.650,2,"",M,NaN,,,0,NaN,,,M,393.794,2,"",392.272,2,"",NaN,,,NaN,,
2024-12-06T14:54:21.000Z,9.081,2,"",M,58.410,2,"",M,6.000,2,"",N,8.712,2,"",M,33.564,2,"",M,9.310,2,"",M,1008.810,2,"",M,409.759,2,"",M,NaN,,,0,NaN,,,M,393.241,2,"",391.719,2,"",NaN,,,NaN,,
2024-12-06T14:56:13.000Z,9.088,2,"",M,58.412,2,"",M,6.000,2,"",N,8.761,2,"",M,33.586,2,"",M,9.280,2,"",M,0.030,4,"Out of range",M,407.748,2,"",M,NaN,,,0,NaN,,,M,-4.506,4,"Equilibrator Pressure Out of range",-4.506,4,"Equilibrator Pressure Out of range",NaN,,,NaN,,
2024-12-06T14:58:06.000Z,9.095,2,"",M,58.416,2,"",M,6.000,2,"",N,8.696,2,"",M,33.548,2,"",M,9.330,2,"",M,1008.685,2,"",M,406.666,2,"",M,NaN,,,0,NaN,,,M,389.619,2,"",388.112,2,"",NaN,,,NaN,,
2024-12-06T14:59:57.000Z,9.102,2,"",M,58.419,2,"",M,6.000,2,"",N,8.633,2,"",M,33.510,2,"",M,9.280,2,"",M,0.020,4,"Out of range",M,406.674,2,"",M,NaN,,,0,NaN,,,M,-4.474,4,"Equilibrator Pressure Out of range",-4.474,4,"Equilibrator Pressure Out of range",NaN,,,NaN,,
2024-12-06T15:01:48.000Z,9.109,2,"",M,58.422,2,"",M,6.000,2,"",N,8.599,2,"",M,33.484,2,"",M,9.240,2,"",M,1008.800,2,"",M,406.912,2,"",M,NaN,,,0,NaN,,,M,389.811,2,"",388.301,2,"",NaN,,,NaN,,
2024-12-06T15:03:40.000Z,9.116,2,"",M,58.425,2,"",M,6.000,2,"",N,8.618,2,"",M,33.463,2,"",M,9.200,2,"",M,1008.730,2,"",M,406.680,2,"",M,NaN,,,0,NaN,,,M,390.557,2,"",389.044,2,"",NaN,,,NaN,,
2024-12-06T15:05:31.000Z,9.124,2,"",M,58.428,2,"",M,6.000,2,"",N,8.676,2,"",M,33.478,2,"",M,9.190,2,"",M,1008.750,2,"",M,405.878,2,"",M,NaN,,,0,NaN,,,M,390.911,2,"",389.396,2,"",NaN,,,NaN,,
2024-12-06T15:07:23.000Z,9.131,2,"",M,58.430,2,"",M,6.000,2,"",N,8.645,2,"",M,33.474,2,"",M,9.230,2,"",M,1008.560,2,"",M,406.146,2,"",M,NaN,,,0,NaN,,,M,389.917,2,"",388.407,2,"",NaN,,,NaN,,
2024-12-06T15:09:15.000Z,9.138,2,"",M,58.433,2,"",M,6.000,2,"",N,8.619,2,"",M,33.454,2,"",M,9.230,2,"",M,1008.730,2,"",M,406.794,2,"",M,NaN,,,0,NaN,,,M,390.178,2,"",388.667,2,"",NaN,,,NaN,,
2024-12-06T15:11:06.000Z,9.146,2,"",M,58.436,2,"",M,6.000,2,"",N,8.599,2,"",M,33.454,2,"",M,9.220,2,"",M,1008.690,2,"",M,406.681,2,"",M,NaN,,,0,NaN,,,M,389.880,2,"",388.370,2,"",NaN,,,NaN,,
2024-12-06T15:12:57.000Z,9.153,2,"",M,58.439,2,"",M,6.000,2,"",N,8.538,2,"",M,33.432,2,"",M,9.190,2,"",M,1008.750,2,"",M,406.859,2,"",M,NaN,,,0,NaN,,,M,389.576,2,"",388.067,2,"",NaN,,,NaN,,
2024-12-06T15:14:49.000Z,9.161,2,"",M,58.442,2,"",M,6.000,2,"",N,8.488,2,"",M,33.389,2,"",M,9.120,2,"",M,1008.680,2,"",M,406.597,2,"",M,NaN,,,0,NaN,,,M,389.646,2,"",388.135,2,"",NaN,,,NaN,,
2024-12-06T15:16:40.000Z,9.168,2,"",M,58.445,2,"",M,6.000,2,"",N,8.463,2,"",M,33.357,2,"",M,9.080,2,"",M,1008.650,2,"",M,406.585,2,"",M,NaN,,,0,NaN,,,M,389.889,2,"",388.376,2,"",NaN,,,NaN,,
2024-12-06T15:18:31.000Z,9.175,2,"",M,58.447,2,"",M,6.000,2,"",N,8.395,2,"",M,33.345,2,"",M,9.060,2,"",M,1008.760,2,"",M,405.753,2,"",M,NaN,,,0,NaN,,,M,388.355,2,"",386.847,2,"",NaN,,,NaN,,
2024-12-06T15:20:23.000Z,9.182,2,"",M,58.450,2,"",M,6.000,2,"",N,8.334,2,"",M,33.295,2,"",M,9.030,2,"",M,1008.820,2,"",M,405.691,2,"",M,NaN,,,0,NaN,,,M,387.819,2,"",386.313,2,"",NaN,,,NaN,,
2024-12-06T15:22:14.000Z,9.190,2,"",M,58.453,2,"",M,6.000,2,"",N,8.297,2,"",M,33.272,2,"",M,8.930,2,"",M,1008.690,2,"",M,404.770,2,"",M,NaN,,,0,NaN,,,M,387.947,2,"",386.439,2,"",NaN,,,NaN,,
2024-12-06T15:24:05.000Z,9.197,2,"",M,58.456,2,"",M,6.000,2,"",N,8.250,2,"",M,33.250,2,"",M,8.890,2,"",M,1008.687,2,"",M,403.918,2,"",M,NaN,,,0,NaN,,,M,387.025,2,"",385.520,2,"",NaN,,,NaN,,
2024-12-06T15:25:57.000Z,9.204,2,"",M,58.459,2,"",M,6.000,2,"",N,8.215,2,"",M,33.227,2,"",M,8.840,2,"",M,1008.743,2,"",M,402.976,2,"",M,NaN,,,0,NaN,,,M,386.405,2,"",384.900,2,"",NaN,,,NaN,,
2024-12-06T15:27:48.000Z,9.211,2,"",M,58.462,2,"",M,6.000,2,"",N,8.181,2,"",M,33.204,2,"",M,8.830,2,"",M,1008.930,2,"",M,402.484,2,"",M,NaN,,,0,NaN,,,M,385.609,2,"",384.107,2,"",NaN,,,NaN,,
2024-12-06T15:29:39.000Z,9.219,2,"",M,58.465,2,"",M,6.000,2,"",N,8.153,2,"",M,33.181,2,"",M,8.790,2,"",M,1008.830,2,"",M,402.412,2,"",M,NaN,,,0,NaN,,,M,385.720,2,"",384.218,2,"",NaN,,,NaN,,
2024-12-06T15:31:31.000Z,9.226,2,"",M,58.468,2,"",M,6.000,2,"",N,8.132,2,"",M,33.164,2,"",M,8.750,2,"",M,1008.750,2,"",M,402.160,2,"",M,NaN,,,0,NaN,,,M,385.769,2,"",384.266,2,"",NaN,,,NaN,,
2024-12-06T15:33:22.000Z,9.233,2,"",M,58.471,2,"",M,6.000,2,"",N,8.117,2,"",M,33.146,2,"",M,8.730,2,"",M,1008.770,2,"",M,401.608,2,"",M,NaN,,,0,NaN,,,M,385.325,2,"",383.823,2,"",NaN,,,NaN,,
2024-12-06T15:35:14.000Z,9.240,2,"",M,58.474,2,"",M,6.000,2,"",N,8.099,2,"",M,33.127,2,"",M,8.710,2,"",M,1008.690,2,"",M,401.366,2,"",M,NaN,,,0,NaN,,,M,385.096,2,"",383.595,2,"",NaN,,,NaN,,
2024-12-06T15:39:44.000Z,9.258,2,"",M,58.482,2,"",M,6.000,2,"",N,NaN,,,M,NaN,,,M,NaN,,,M,NaN,,,M,NaN,,,0,NaN,,,0,NaN,,,M,NaN,,,NaN,,,NaN,,,NaN,,
2024-12-06T15:41:33.000Z,9.265,2,"",M,58.485,2,"",M,6.000,2,"",N,NaN,,,M,NaN,,,M,NaN,,,M,NaN,,,M,NaN,,,0,NaN,,,0,NaN,,,M,NaN,,,NaN,,,NaN,,,NaN,,
2024-12-06T15:43:22.000Z,9.272,2,"",M,58.488,2,"",M,6.000,2,"",N,NaN,,,M,NaN,,,M,NaN,,,M,NaN,,,M,NaN,,,0,NaN,,,0,NaN,,,M,NaN,,,NaN,,,NaN,,,NaN,,
2024-12-06T15:48:12.000Z,9.291,2,"",M,58.495,2,"",M,6.000,2,"",N,NaN,,,M,NaN,,,M,NaN,,,M,NaN,,,M,NaN,,,0,NaN,,,0,NaN,,,M,NaN,,,NaN,,,NaN,,,NaN,,
2024-12-06T15:50:01.000Z,9.298,2,"",M,58.498,2,"",M,6.000,2,"",N,NaN,,,M,NaN,,,M,NaN,,,M,NaN,,,M,NaN,,,0,NaN,,,0,NaN,,,M,NaN,,,NaN,,,NaN,,,NaN,,
2024-12-06T15:51:50.000Z,9.305,2,"",M,58.501,2,"",M,6.000,2,"",N,NaN,,,M,NaN,,,M,NaN,,,M,NaN,,,M,NaN,,,0,NaN,,,0,NaN,,,M,NaN,,,NaN,,,NaN,,,NaN,,
2024-12-06T15:56:19.000Z,9.319,2,"",M,58.507,2,"",M,6.000,2,"",N,NaN,,,M,NaN,,,M,NaN,,,M,NaN,,,M,NaN,,,0,NaN,,,0,NaN,,,M,NaN,,,NaN,,,NaN,,,NaN,,
2024-12-06T15:58:08.000Z,9.322,2,"",M,58.508,2,"",M,6.000,2,"",N,NaN,,,M,NaN,,,M,NaN,,,M,NaN,,,M,NaN,,,0,NaN,,,0,NaN,,,M,NaN,,,NaN,,,NaN,,,NaN,,
2024-12-06T15:59:57.000Z,9.325,2,"",M,58.510,2,"",M,6.000,2,"",N,NaN,,,M,NaN,,,M,NaN,,,M,NaN,,,M,NaN,,,0,NaN,,,0,NaN,,,M,NaN,,,NaN,,,NaN,,,NaN,,
2024-12-06T16:04:26.000Z,9.330,2,"",M,58.512,2,"",M,6.000,2,"",N,8.178,2,"",M,33.286,2,"",M,NaN,,,M,NaN,,,M,NaN,,,0,435.382,2,"",M,1008.500,2,"",M,NaN,,,NaN,,,429.815,2,"",428.124,2,""
2024-12-06T16:06:16.000Z,9.333,2,"",M,58.513,2,"",M,6.000,2,"",N,8.158,2,"",M,33.282,2,"",M,NaN,,,M,NaN,,,M,NaN,,,0,435.573,2,"",M,1008.500,2,"",M,NaN,,,NaN,,,430.011,2,"",428.318,2,""
2024-12-06T16:08:05.000Z,9.338,2,"",M,58.515,2,"",M,6.000,2,"",N,8.146,2,"",M,33.271,2,"",M,NaN,,,M,NaN,,,M,NaN,,,0,435.415,2,"",M,1008.400,2,"",M,NaN,,,NaN,,,429.815,2,"",428.123,2,""
2024-12-06T16:09:55.000Z,9.344,2,"",M,58.518,2,"",M,6.000,2,"",N,8.148,2,"",M,33.265,2,"",M,NaN,,,M,NaN,,,M,NaN,,,0,435.446,2,"",M,1008.500,2,"",M,NaN,,,NaN,,,429.889,2,"",428.197,2,""
2024-12-06T16:11:44.000Z,9.351,2,"",M,58.520,2,"",M,6.000,2,"",N,8.154,2,"",M,33.271,2,"",M,NaN,,,M,NaN,,,M,NaN,,,0,435.088,2,"",M,1008.500,2,"",M,NaN,,,NaN,,,429.533,2,"",427.843,2,""
2024-12-06T16:16:54.000Z,9.371,2,"",M,58.528,2,"",M,6.000,2,"",N,8.253,2,"",M,33.341,2,"",M,8.780,2,"",M,1009.510,2,"",M,402.942,2,"",M,NaN,,,0,NaN,,,M,388.281,2,"",386.767,2,"",NaN,,,NaN,,
2024-12-06T16:18:46.000Z,9.378,2,"",M,58.531,2,"",M,6.000,2,"",N,8.268,2,"",M,33.355,2,"",M,8.810,2,"",M,1009.350,2,"",M,403.623,2,"",M,NaN,,,0,NaN,,,M,388.631,2,"",387.117,2,"",NaN,,,NaN,,
2024-12-06T16:20:37.000Z,9.386,2,"",M,58.534,2,"",M,6.000,2,"",N,8.281,2,"",M,33.366,2,"",M,8.870,2,"",M,1009.410,2,"",M,403.235,2,"",M,NaN,,,0,NaN,,,M,387.491,2,"",385.982,2,"",NaN,,,NaN,,
2024-12-06T16:22:28.000Z,9.393,2,"",M,58.536,2,"",M,6.000,2,"",N,8.394,2,"",M,33.380,2,"",M,8.870,2,"",M,1009.410,2,"",M,403.756,2,"",M,NaN,,,0,NaN,,,M,389.849,2,"",388.331,2,"",NaN,,,NaN,,
2024-12-06T16:24:20.000Z,9.400,2,"",M,58.539,2,"",M,6.000,2,"",N,8.408,2,"",M,33.401,2,"",M,8.910,2,"",M,1009.440,2,"",M,403.648,2,"",M,NaN,,,0,NaN,,,M,389.308,2,"",387.793,2,"",NaN,,,NaN,,
2024-12-06T16:26:11.000Z,9.407,2,"",M,58.542,2,"",M,6.000,2,"",N,8.561,2,"",M,33.517,2,"",M,8.950,2,"",M,1009.320,2,"",M,403.919,2,"",M,NaN,,,0,NaN,,,M,391.389,2,"",389.867,2,"",NaN,,,NaN,,
2024-12-06T16:28:02.000Z,9.415,2,"",M,58.544,2,"",M,6.000,2,"",N,8.608,2,"",M,33.545,2,"",M,9.110,2,"",M,1009.200,2,"",M,403.811,2,"",M,NaN,,,0,NaN,,,M,389.327,2,"",387.816,2,"",NaN,,,NaN,,
2024-12-06T16:29:54.000Z,9.422,2,"",M,58.547,2,"",M,6.000,2,"",N,8.469,2,"",M,33.468,2,"",M,9.190,2,"",M,1009.300,2,"",M,404.572,2,"",M,NaN,,,0,NaN,,,M,386.470,2,"",384.972,2,"",NaN,,,NaN,,
2024-12-06T16:31:45.000Z,9.430,2,"",M,58.550,2,"",M,6.000,2,"",N,8.453,2,"",M,33.454,2,"",M,9.010,2,"",M,1009.140,2,"",M,405.444,2,"",M,NaN,,,0,NaN,,,M,390.000,2,"",388.485,2,"",NaN,,,NaN,,
2024-12-06T16:33:37.000Z,9.437,2,"",M,58.553,2,"",M,6.000,2,"",N,8.594,2,"",M,33.523,2,"",M,9.000,2,"",M,1009.020,2,"",M,404.736,2,"",M,NaN,,,0,NaN,,,M,391.755,2,"",390.232,2,"",NaN,,,NaN,,
2024-12-06T16:35:28.000Z,9.445,2,"",M,58.556,2,"",M,6.000,2,"",N,8.703,2,"",M,33.597,2,"",M,9.120,2,"",M,1008.880,2,"",M,404.547,2,"",M,NaN,,,0,NaN,,,M,391.302,2,"",389.784,2,"",NaN,,,NaN,,
2024-12-06T16:37:19.000Z,9.452,2,"",M,58.558,2,"",M,6.000,2,"",N,8.698,2,"",M,33.625,2,"",M,9.230,2,"",M,1009.390,2,"",M,404.669,2,"",M,NaN,,,0,NaN,,,M,389.698,2,"",388.188,2,"",NaN,,,NaN,,
2024-12-06T16:39:11.000Z,9.460,2,"",M,58.561,2,"",M,6.000,2,"",N,8.794,2,"",M,33.667,2,"",M,9.260,2,"",M,1009.680,2,"",M,405.120,2,"",M,NaN,,,0,NaN,,,M,391.327,2,"",389.811,2,"",NaN,,,NaN,,
2024-12-06T16:41:02.000Z,9.467,2,"",M,58.564,2,"",M,6.000,2,"",N,8.770,2,"",M,33.701,2,"",M,9.350,2,"",M,1009.590,2,"",M,405.652,2,"",M,NaN,,,0,NaN,,,M,389.891,2,"",388.382,2,"",NaN,,,NaN,,
2024-12-06T16:42:53.000Z,9.475,2,"",M,58.567,2,"",M,6.000,2,"",N,8.751,2,"",M,33.698,2,"",M,9.340,2,"",M,1009.550,2,"",M,405.483,2,"",M,NaN,,,0,NaN,,,M,389.567,2,"",388.059,2,"",NaN,,,NaN,,
2024-12-06T16:44:45.000Z,9.483,2,"",M,58.570,2,"",M,6.000,2,"",N,8.735,2,"",M,33.699,2,"",M,9.310,2,"",M,1009.380,2,"",M,405.155,2,"",M,NaN,,,0,NaN,,,M,389.428,2,"",387.920,2,"",NaN,,,NaN,,
2024-12-06T16:46:57.000Z,9.492,2,"",M,58.573,2,"",M,6.000,2,"",N,8.719,2,"",M,33.701,2,"",M,9.320,2,"",M,1009.600,2,"",M,405.177,2,"",M,NaN,,,0,NaN,,,M,389.105,2,"",387.599,2,"",NaN,,,NaN,,
2024-12-06T16:48:48.000Z,9.499,2,"",M,58.576,2,"",M,6.000,2,"",N,8.599,2,"",M,33.656,2,"",M,9.300,2,"",M,1009.590,2,"",M,404.909,2,"",M,NaN,,,0,NaN,,,M,387.201,2,"",385.702,2,"",NaN,,,NaN,,
2024-12-06T16:50:40.000Z,9.507,2,"",M,58.579,2,"",M,6.000,2,"",N,8.513,2,"",M,32.926,2,"",M,9.220,2,"",M,1009.610,2,"",M,405.180,2,"",M,NaN,,,0,NaN,,,M,387.390,2,"",385.888,2,"",NaN,,,NaN,,
2024-12-06T16:52:32.000Z,9.513,2,"",M,58.581,2,"",M,6.000,2,"",N,8.387,2,"",M,32.488,2,"",M,9.110,2,"",M,1009.600,2,"",M,405.722,2,"",M,NaN,,,0,NaN,,,M,387.676,2,"",386.171,2,"",NaN,,,NaN,,
2024-12-06T16:54:23.000Z,9.520,2,"",M,58.584,2,"",M,6.000,2,"",N,8.350,2,"",M,32.250,2,"",M,8.990,2,"",M,1009.600,2,"",M,407.353,2,"",M,NaN,,,0,NaN,,,M,390.632,2,"",389.113,2,"",NaN,,,NaN,,
2024-12-06T16:56:15.000Z,9.527,2,"",M,58.587,2,"",M,6.000,2,"",N,8.328,2,"",M,32.120,2,"",M,8.950,2,"",M,1009.580,2,"",M,408.624,2,"",M,NaN,,,0,NaN,,,M,392.159,2,"",390.634,2,"",NaN,,,NaN,,
2024-12-06T16:58:06.000Z,9.534,2,"",M,58.590,2,"",M,6.000,2,"",N,8.342,2,"",M,32.026,2,"",M,8.950,2,"",M,1009.620,2,"",M,409.465,2,"",M,NaN,,,0,NaN,,,M,393.208,2,"",391.678,2,"",NaN,,,NaN,,
2024-12-06T16:59:57.000Z,9.540,2,"",M,58.592,2,"",M,6.000,2,"",N,8.297,2,"",M,32.044,2,"",M,8.920,2,"",M,1009.650,2,"",M,410.127,2,"",M,NaN,,,0,NaN,,,M,393.629,2,"",392.097,2,"",NaN,,,NaN,,
2024-12-06T17:01:49.000Z,9.547,2,"",M,58.595,2,"",M,6.000,2,"",N,8.222,2,"",M,31.937,2,"",M,8.880,2,"",M,1009.630,2,"",M,409.748,2,"",M,NaN,,,0,NaN,,,M,392.682,2,"",391.153,2,"",NaN,,,NaN,,
2024-12-06T17:03:40.000Z,9.555,2,"",M,58.597,2,"",M,6.000,2,"",N,8.199,2,"",M,31.916,2,"",M,8.820,2,"",M,1009.670,2,"",M,409.810,2,"",M,NaN,,,0,NaN,,,M,393.384,2,"",391.851,2,"",NaN,,,NaN,,
2024-12-06T17:05:31.000Z,9.562,2,"",M,58.600,2,"",M,6.000,2,"",N,8.228,2,"",M,31.888,2,"",M,8.810,2,"",M,1009.900,2,"",M,409.112,2,"",M,NaN,,,0,NaN,,,M,393.459,2,"",391.925,2,"",NaN,,,NaN,,
2024-12-06T17:07:23.000Z,9.569,2,"",M,58.603,2,"",M,6.000,2,"",N,8.297,2,"",M,31.852,2,"",M,8.820,2,"",M,1009.830,2,"",M,409.033,2,"",M,NaN,,,0,NaN,,,M,394.337,2,"",392.800,2,"",NaN,,,NaN,,
2024-12-06T17:09:14.000Z,9.576,2,"",M,58.605,2,"",M,6.000,2,"",N,8.350,2,"",M,31.800,2,"",M,8.860,2,"",M,1009.710,2,"",M,409.105,2,"",M,NaN,,,0,NaN,,,M,394.563,2,"",393.026,2,"",NaN,,,NaN,,
2024-12-06T17:11:05.000Z,9.583,2,"",M,58.608,2,"",M,6.000,2,"",N,8.349,2,"",M,31.810,2,"",M,8.890,2,"",M,1009.630,2,"",M,410.426,2,"",M,NaN,,,0,NaN,,,M,395.272,2,"",393.733,2,"",NaN,,,NaN,,
2024-12-06T17:12:57.000Z,9.590,2,"",M,58.611,2,"",M,6.000,2,"",N,8.390,2,"",M,31.829,2,"",M,8.920,2,"",M,1009.790,2,"",M,412.287,2,"",M,NaN,,,0,NaN,,,M,397.309,2,"",395.762,2,"",NaN,,,NaN,,
2024-12-06T17:14:48.000Z,9.597,2,"",M,58.613,2,"",M,6.000,2,"",N,8.419,2,"",M,31.887,2,"",M,8.970,2,"",M,1009.630,2,"",M,412.679,2,"",M,NaN,,,0,NaN,,,M,397.263,2,"",395.718,2,"",NaN,,,NaN,,
2024-12-06T17:16:40.000Z,9.604,2,"",M,58.616,2,"",M,6.000,2,"",N,8.276,2,"",M,31.825,2,"",M,9.010,2,"",M,1009.480,2,"",M,413.140,2,"",M,NaN,,,0,NaN,,,M,394.556,2,"",393.022,2,"",NaN,,,NaN,,
2024-12-06T17:18:31.000Z,9.612,2,"",M,58.619,2,"",M,6.000,2,"",N,8.277,2,"",M,31.719,2,"",M,8.890,2,"",M,1009.600,2,"",M,413.692,2,"",M,NaN,,,0,NaN,,,M,397.198,2,"",395.652,2,"",NaN,,,NaN,,
2024-12-06T17:20:22.000Z,9.619,2,"",M,58.621,2,"",M,6.000,2,"",N,8.287,2,"",M,31.731,2,"",M,8.860,2,"",M,1009.500,2,"",M,413.444,2,"",M,NaN,,,0,NaN,,,M,397.604,2,"",396.055,2,"",NaN,,,NaN,,
2024-12-06T17:22:14.000Z,9.627,2,"",M,58.624,2,"",M,6.000,2,"",N,8.289,2,"",M,31.754,2,"",M,8.880,2,"",M,1009.620,2,"",M,413.155,2,"",M,NaN,,,0,NaN,,,M,397.067,2,"",395.521,2,"",NaN,,,NaN,,
2024-12-06T17:24:05.000Z,9.634,2,"",M,58.627,2,"",M,6.000,2,"",N,8.329,2,"",M,31.789,2,"",M,8.890,2,"",M,1009.530,2,"",M,413.337,2,"",M,NaN,,,0,NaN,,,M,397.709,2,"",396.160,2,"",NaN,,,NaN,,
2024-12-06T17:25:57.000Z,9.642,2,"",M,58.629,2,"",M,6.000,2,"",N,8.314,2,"",M,31.816,2,"",M,8.900,2,"",M,1009.640,2,"",M,413.318,2,"",M,NaN,,,0,NaN,,,M,397.311,2,"",395.764,2,"",NaN,,,NaN,,
2024-12-06T17:27:48.000Z,9.649,2,"",M,58.632,2,"",M,6.000,2,"",N,8.337,2,"",M,31.828,2,"",M,8.890,2,"",M,1009.630,2,"",M,413.020,2,"",M,NaN,,,0,NaN,,,M,397.577,2,"",396.029,2,"",NaN,,,NaN,,
2024-12-06T17:29:39.000Z,9.657,2,"",M,58.635,2,"",M,6.000,2,"",N,8.300,2,"",M,31.846,2,"",M,8.900,2,"",M,1009.560,2,"",M,412.822,2,"",M,NaN,,,0,NaN,,,M,396.560,2,"",395.016,2,"",NaN,,,NaN,,
2024-12-06T17:31:30.000Z,9.664,2,"",M,58.637,2,"",M,6.000,2,"",N,8.324,2,"",M,31.855,2,"",M,8.910,2,"",M,1009.680,2,"",M,412.953,2,"",M,NaN,,,0,NaN,,,M,396.965,2,"",395.420,2,"",NaN,,,NaN,,
2024-12-06T17:33:22.000Z,9.672,2,"",M,58.640,2,"",M,6.000,2,"",N,8.357,2,"",M,31.917,2,"",M,8.910,2,"",M,1009.540,2,"",M,412.825,2,"",M,NaN,,,0,NaN,,,M,397.352,2,"",395.805,2,"",NaN,,,NaN,,
2024-12-06T17:35:13.000Z,9.680,2,"",M,58.643,2,"",M,6.000,2,"",N,8.370,2,"",M,31.962,2,"",M,8.930,2,"",M,1009.480,2,"",M,412.687,2,"",M,NaN,,,0,NaN,,,M,397.056,2,"",395.511,2,"",NaN,,,NaN,,
2024-12-06T17:37:04.000Z,9.688,2,"",M,58.646,2,"",M,6.000,2,"",N,8.341,2,"",M,32.006,2,"",M,8.940,2,"",M,1009.393,2,"",M,412.808,2,"",M,NaN,,,0,NaN,,,M,396.488,2,"",394.946,2,"",NaN,,,NaN,,
2024-12-06T17:38:56.000Z,9.696,2,"",M,58.648,2,"",M,6.000,2,"",N,8.367,2,"",M,31.999,2,"",M,8.940,2,"",M,1009.347,2,"",M,412.420,2,"",M,NaN,,,0,NaN,,,M,396.528,2,"",394.986,2,"",NaN,,,NaN,,
2024-12-06T17:40:47.000Z,9.704,2,"",M,58.651,2,"",M,6.000,2,"",N,8.477,2,"",M,32.119,2,"",M,8.940,2,"",M,1009.330,2,"",M,412.201,2,"",M,NaN,,,0,NaN,,,M,398.167,2,"",396.618,2,"",NaN,,,NaN,,
2024-12-06T17:42:38.000Z,9.712,2,"",M,58.654,2,"",M,6.000,2,"",N,8.533,2,"",M,32.309,2,"",M,9.040,2,"",M,1009.230,2,"",M,412.163,2,"",M,NaN,,,0,NaN,,,M,397.318,2,"",395.774,2,"",NaN,,,NaN,,
2024-12-06T17:44:30.000Z,9.720,2,"",M,58.657,2,"",M,6.000,2,"",N,8.575,2,"",M,32.398,2,"",M,9.090,2,"",M,1009.170,2,"",M,412.205,2,"",M,NaN,,,0,NaN,,,M,397.184,2,"",395.642,2,"",NaN,,,NaN,,
2024-12-06T17:46:42.000Z,9.729,2,"",M,58.660,2,"",M,6.000,2,"",N,8.613,2,"",M,32.332,2,"",M,9.130,2,"",M,1009.090,2,"",M,412.167,2,"",M,NaN,,,0,NaN,,,M,397.066,2,"",395.526,2,"",NaN,,,NaN,,
2024-12-06T17:48:34.000Z,9.737,2,"",M,58.664,2,"",M,6.000,2,"",N,8.635,2,"",M,32.248,2,"",M,9.200,2,"",M,1009.360,2,"",M,412.198,2,"",M,NaN,,,0,NaN,,,M,396.387,2,"",394.851,2,"",NaN,,,NaN,,
2024-12-06T17:50:25.000Z,9.744,2,"",M,58.667,2,"",M,6.000,2,"",N,8.613,2,"",M,32.356,2,"",M,9.220,2,"",M,1009.520,2,"",M,413.040,2,"",M,NaN,,,0,NaN,,,M,396.550,2,"",395.013,2,"",NaN,,,NaN,,
2024-12-06T17:52:16.000Z,9.752,2,"",M,58.670,2,"",M,6.000,2,"",N,8.537,2,"",M,32.331,2,"",M,9.180,2,"",M,1009.560,2,"",M,412.851,2,"",M,NaN,,,0,NaN,,,M,395.780,2,"",394.245,2,"",NaN,,,NaN,,
2024-12-06T17:54:08.000Z,9.760,2,"",M,58.673,2,"",M,6.000,2,"",N,8.221,2,"",M,32.095,2,"",M,9.150,2,"",M,1009.350,2,"",M,412.743,2,"",M,NaN,,,0,NaN,,,M,390.848,2,"",389.332,2,"",NaN,,,NaN,,
2024-12-06T17:55:59.000Z,9.768,2,"",M,58.677,2,"",M,6.000,2,"",N,8.505,2,"",M,32.162,2,"",M,8.860,2,"",M,1009.500,2,"",M,411.905,2,"",M,NaN,,,0,NaN,,,M,399.788,2,"",398.231,2,"",NaN,,,NaN,,
2024-12-06T17:57:50.000Z,9.775,2,"",M,58.680,2,"",M,6.000,2,"",N,8.382,2,"",M,32.310,2,"",M,9.020,2,"",M,1009.580,2,"",M,410.107,2,"",M,NaN,,,0,NaN,,,M,393.297,2,"",391.769,2,"",NaN,,,NaN,,
2024-12-06T17:59:42.000Z,9.783,2,"",M,58.683,2,"",M,6.000,2,"",N,8.248,2,"",M,32.118,2,"",M,9.040,2,"",M,1009.510,2,"",M,409.938,2,"",M,NaN,,,0,NaN,,,M,390.553,2,"",389.035,2,"",NaN,,,NaN,,
2024-12-06T18:01:33.000Z,9.791,2,"",M,58.687,2,"",M,6.000,2,"",N,8.267,2,"",M,32.064,2,"",M,8.860,2,"",M,1009.540,2,"",M,410.340,2,"",M,NaN,,,0,NaN,,,M,394.293,2,"",392.757,2,"",NaN,,,NaN,,
2024-12-06T18:03:24.000Z,9.799,2,"",M,58.690,2,"",M,6.000,2,"",N,8.232,2,"",M,32.113,2,"",M,8.820,2,"",M,1009.480,2,"",M,409.221,2,"",M,NaN,,,0,NaN,,,M,393.300,2,"",391.767,2,"",NaN,,,NaN,,
2024-12-06T18:05:16.000Z,9.807,2,"",M,58.693,2,"",M,6.000,2,"",N,8.209,2,"",M,32.079,2,"",M,8.850,2,"",M,1009.530,2,"",M,408.643,2,"",M,NaN,,,0,NaN,,,M,391.870,2,"",390.343,2,"",NaN,,,NaN,,
2024-12-06T18:07:08.000Z,9.815,2,"",M,58.697,2,"",M,6.000,2,"",N,8.200,2,"",M,32.087,2,"",M,8.820,2,"",M,1009.680,2,"",M,408.065,2,"",M,NaN,,,0,NaN,,,M,391.729,2,"",390.203,2,"",NaN,,,NaN,,
2024-12-06T18:09:00.000Z,9.823,2,"",M,58.700,2,"",M,6.000,2,"",N,8.166,2,"",M,32.083,2,"",M,8.800,2,"",M,1009.620,2,"",M,408.156,2,"",M,NaN,,,0,NaN,,,M,391.579,2,"",390.052,2,"",NaN,,,NaN,,
2024-12-06T18:10:51.000Z,9.831,2,"",M,58.703,2,"",M,6.000,2,"",N,8.158,2,"",M,32.078,2,"",M,8.760,2,"",M,1009.590,2,"",M,407.738,2,"",M,NaN,,,0,NaN,,,M,391.707,2,"",390.180,2,"",NaN,,,NaN,,
2024-12-06T18:12:43.000Z,9.839,2,"",M,58.707,2,"",M,6.000,2,"",N,8.162,2,"",M,32.089,2,"",M,8.740,2,"",M,1009.400,2,"",M,407.430,2,"",M,NaN,,,0,NaN,,,M,391.737,2,"",390.210,2,"",NaN,,,NaN,,
2024-12-06T18:14:34.000Z,9.847,2,"",M,58.710,2,"",M,6.000,2,"",N,8.164,2,"",M,32.108,2,"",M,8.760,2,"",M,1009.510,2,"",M,407.051,2,"",M,NaN,,,0,NaN,,,M,391.116,2,"",389.591,2,"",NaN,,,NaN,,
2024-12-06T18:16:25.000Z,9.855,2,"",M,58.713,2,"",M,6.000,2,"",N,8.151,2,"",M,32.120,2,"",M,8.760,2,"",M,1009.340,2,"",M,407.283,2,"",M,NaN,,,0,NaN,,,M,391.050,2,"",389.526,2,"",NaN,,,NaN,,
2024-12-06T18:18:17.000Z,9.863,2,"",M,58.717,2,"",M,6.000,2,"",N,8.258,2,"",M,32.147,2,"",M,8.740,2,"",M,1009.300,2,"",M,407.415,2,"",M,NaN,,,0,NaN,,,M,393.277,2,"",391.743,2,"",NaN,,,NaN,,
2024-12-06T18:20:08.000Z,9.871,2,"",M,58.720,2,"",M,6.000,2,"",N,8.300,2,"",M,32.391,2,"",M,8.810,2,"",M,1009.330,2,"",M,407.186,2,"",M,NaN,,,0,NaN,,,M,392.576,2,"",391.047,2,"",NaN,,,NaN,,
2024-12-06T18:21:59.000Z,9.879,2,"",M,58.723,2,"",M,6.000,2,"",N,8.354,2,"",M,32.509,2,"",M,8.880,2,"",M,1009.220,2,"",M,407.388,2,"",M,NaN,,,0,NaN,,,M,392.438,2,"",390.910,2,"",NaN,,,NaN,,
2024-12-06T18:23:51.000Z,9.887,2,"",M,58.727,2,"",M,6.000,2,"",N,8.578,2,"",M,32.692,2,"",M,8.910,2,"",M,1009.360,2,"",M,407.509,2,"",M,NaN,,,0,NaN,,,M,395.848,2,"",394.308,2,"",NaN,,,NaN,,
2024-12-06T18:25:42.000Z,9.895,2,"",M,58.730,2,"",M,6.000,2,"",N,8.881,2,"",M,33.556,2,"",M,9.110,2,"",M,1009.440,2,"",M,406.981,2,"",M,NaN,,,0,NaN,,,M,397.024,2,"",395.482,2,"",NaN,,,NaN,,
2024-12-06T18:27:33.000Z,9.903,2,"",M,58.734,2,"",M,6.000,2,"",N,8.891,2,"",M,33.754,2,"",M,9.390,2,"",M,1009.290,2,"",M,406.443,2,"",M,NaN,,,0,NaN,,,M,391.865,2,"",390.349,2,"",NaN,,,NaN,,
2024-12-06T18:29:25.000Z,9.911,2,"",M,58.737,2,"",M,6.000,2,"",N,8.892,2,"",M,33.755,2,"",M,9.440,2,"",M,1009.230,2,"",M,405.514,2,"",M,NaN,,,0,NaN,,,M,390.120,2,"",388.613,2,"",NaN,,,NaN,,
2024-12-06T18:31:16.000Z,9.918,2,"",M,58.740,2,"",M,6.000,2,"",N,8.842,2,"",M,33.698,2,"",M,9.450,2,"",M,1009.340,2,"",M,406.296,2,"",M,NaN,,,0,NaN,,,M,389.921,2,"",388.414,2,"",NaN,,,NaN,,
2024-12-06T18:33:07.000Z,9.926,2,"",M,58.744,2,"",M,6.000,2,"",N,8.789,2,"",I,33.632,2,"",I,9.410,2,"",M,1009.370,2,"",M,406.117,2,"",M,NaN,,,0,NaN,,,M,389.553,2,"",388.047,2,"",NaN,,,NaN,,
2024-12-06T18:34:59.000Z,9.934,2,"",M,58.747,2,"",M,6.000,2,"",N,8.735,2,"",M,33.565,2,"",M,9.380,2,"",M,1009.290,2,"",M,406.609,2,"",M,NaN,,,0,NaN,,,M,389.609,2,"",388.103,2,"",NaN,,,NaN,,
2024-12-06T18:36:50.000Z,9.942,2,"",M,58.751,2,"",M,6.000,2,"",N,8.734,2,"",M,33.550,2,"",M,9.320,2,"",M,1009.250,2,"",M,406.411,2,"",M,NaN,,,0,NaN,,,M,390.394,2,"",388.883,2,"",NaN,,,NaN,,
2024-12-06T18:38:41.000Z,9.950,2,"",M,58.754,2,"",M,6.000,2,"",N,8.871,2,"",M,33.656,2,"",M,9.270,2,"",M,1009.250,2,"",M,405.932,2,"",M,NaN,,,0,NaN,,,M,393.043,2,"",391.521,2,"",NaN,,,NaN,,
2024-12-06T18:40:33.000Z,9.958,2,"",M,58.758,2,"",M,6.000,2,"",N,9.026,2,"",M,33.721,2,"",M,9.430,2,"",M,1009.470,2,"",M,405.584,2,"",M,NaN,,,0,NaN,,,M,392.662,2,"",391.144,2,"",NaN,,,NaN,,
2024-12-06T18:42:24.000Z,9.965,2,"",M,58.761,2,"",M,6.000,2,"",N,9.080,2,"",M,33.840,2,"",M,9.480,2,"",M,1009.420,2,"",M,406.345,2,"",M,NaN,,,0,NaN,,,M,393.434,2,"",391.914,2,"",NaN,,,NaN,,
2024-12-06T18:44:15.000Z,9.973,2,"",M,58.764,2,"",M,6.000,2,"",N,8.942,2,"",M,33.810,2,"",M,9.630,2,"",M,1009.340,2,"",M,407.637,2,"",M,NaN,,,0,NaN,,,M,389.828,2,"",388.325,2,"",NaN,,,NaN,,
2024-12-06T18:46:07.000Z,9.980,2,"",M,58.768,2,"",M,6.000,2,"",N,8.857,2,"",M,33.707,2,"",M,9.550,2,"",M,1009.260,2,"",M,409.338,2,"",M,NaN,,,0,NaN,,,M,391.368,2,"",389.858,2,"",NaN,,,NaN,,
2024-12-06T18:48:19.000Z,9.989,2,"",M,58.772,2,"",M,6.000,2,"",N,8.821,2,"",M,33.686,2,"",M,9.430,2,"",M,1009.140,2,"",M,409.490,2,"",M,NaN,,,0,NaN,,,M,392.889,2,"",391.371,2,"",NaN,,,NaN,,
2024-12-06T18:50:10.000Z,9.997,2,"",M,58.775,2,"",M,6.000,2,"",N,8.797,2,"",M,33.652,2,"",M,9.430,2,"",M,1009.190,2,"",M,408.682,2,"",M,NaN,,,0,NaN,,,M,391.739,2,"",390.225,2,"",NaN,,,NaN,,
2024-12-06T18:52:02.000Z,10.005,2,"",M,58.779,2,"",M,6.000,2,"",N,8.747,2,"",M,33.631,2,"",M,9.390,2,"",M,1008.890,2,"",M,408.263,2,"",M,NaN,,,0,NaN,,,M,391.069,2,"",389.557,2,"",NaN,,,NaN,,
2024-12-06T18:53:53.000Z,10.013,2,"",M,58.782,2,"",M,6.000,2,"",N,8.691,2,"",M,33.604,2,"",M,9.340,2,"",M,1008.840,2,"",M,408.075,2,"",M,NaN,,,0,NaN,,,M,390.785,2,"",389.273,2,"",NaN,,,NaN,,
2024-12-06T18:55:44.000Z,10.021,2,"",M,58.785,2,"",M,6.000,2,"",N,8.976,2,"",M,33.537,2,"",M,9.270,2,"",M,1008.970,2,"",M,407.217,2,"",M,NaN,,,0,NaN,,,M,395.939,2,"",394.406,2,"",NaN,,,NaN,,
2024-12-06T18:57:36.000Z,10.029,2,"",M,58.788,2,"",M,6.000,2,"",N,8.911,2,"",M,33.481,2,"",M,9.520,2,"",M,1009.340,2,"",M,406.688,2,"",M,NaN,,,0,NaN,,,M,390.258,2,"",388.751,2,"",NaN,,,NaN,,
2024-12-06T18:59:27.000Z,10.037,2,"",M,58.792,2,"",M,6.000,2,"",N,8.920,2,"",M,33.399,2,"",M,9.520,2,"",M,1009.380,2,"",M,408.160,2,"",M,NaN,,,0,NaN,,,M,391.829,2,"",390.316,2,"",NaN,,,NaN,,
2024-12-06T19:01:19.000Z,10.045,2,"",M,58.795,2,"",M,6.000,2,"",N,8.888,2,"",M,33.370,2,"",M,9.500,2,"",M,1009.380,2,"",M,408.921,2,"",M,NaN,,,0,NaN,,,M,392.373,2,"",390.857,2,"",NaN,,,NaN,,
2024-12-06T19:03:11.000Z,10.053,2,"",M,58.798,2,"",M,6.000,2,"",N,8.909,2,"",M,33.358,2,"",M,9.460,2,"",M,1009.425,2,"",M,408.903,2,"",M,NaN,,,0,NaN,,,M,393.388,2,"",391.868,2,"",NaN,,,NaN,,
2024-12-06T19:05:03.000Z,10.061,2,"",M,58.802,2,"",M,6.000,2,"",N,8.925,2,"",M,33.390,2,"",M,9.460,2,"",M,1009.490,2,"",M,408.634,2,"",M,NaN,,,0,NaN,,,M,393.425,2,"",391.905,2,"",NaN,,,NaN,,
2024-12-06T19:06:54.000Z,10.069,2,"",M,58.805,2,"",M,6.000,2,"",N,8.922,2,"",M,33.389,2,"",M,9.500,2,"",M,1009.630,2,"",M,408.576,2,"",M,NaN,,,0,NaN,,,M,392.699,2,"",391.182,2,"",NaN,,,NaN,,
2024-12-06T19:08:45.000Z,10.078,2,"",M,58.808,2,"",M,6.000,2,"",N,8.933,2,"",M,33.395,2,"",M,9.500,2,"",M,1009.610,2,"",M,408.668,2,"",M,NaN,,,0,NaN,,,M,392.960,2,"",391.442,2,"",NaN,,,NaN,,
2024-12-06T19:10:37.000Z,10.086,2,"",M,58.812,2,"",M,6.000,2,"",N,8.911,2,"",M,33.383,2,"",M,9.500,2,"",M,1009.650,2,"",M,408.839,2,"",M,NaN,,,0,NaN,,,M,392.785,2,"",391.268,2,"",NaN,,,NaN,,
2024-12-06T19:12:28.000Z,10.094,2,"",M,58.815,2,"",M,6.000,2,"",N,8.903,2,"",M,33.352,2,"",M,9.480,2,"",M,1009.620,2,"",M,408.991,2,"",M,NaN,,,0,NaN,,,M,393.124,2,"",391.605,2,"",NaN,,,NaN,,
2024-12-06T19:14:19.000Z,10.102,2,"",M,58.818,2,"",M,6.000,2,"",N,8.867,2,"",M,33.332,2,"",M,9.480,2,"",M,1009.680,2,"",M,408.722,2,"",M,NaN,,,0,NaN,,,M,392.280,2,"",390.764,2,"",NaN,,,NaN,,
2024-12-06T19:16:11.000Z,10.111,2,"",M,58.822,2,"",M,6.000,2,"",N,8.879,2,"",M,33.362,2,"",M,9.460,2,"",M,1009.700,2,"",M,408.814,2,"",M,NaN,,,0,NaN,,,M,392.913,2,"",391.394,2,"",NaN,,,NaN,,
2024-12-06T19:18:02.000Z,10.119,2,"",M,58.825,2,"",M,6.000,2,"",N,8.961,2,"",M,33.441,2,"",M,9.460,2,"",M,1009.710,2,"",M,408.786,2,"",M,NaN,,,0,NaN,,,M,394.259,2,"",392.735,2,"",NaN,,,NaN,,
2024-12-06T19:19:53.000Z,10.127,2,"",M,58.828,2,"",M,6.000,2,"",N,8.974,2,"",M,33.452,2,"",M,9.510,2,"",M,1009.710,2,"",M,408.587,2,"",M,NaN,,,0,NaN,,,M,393.432,2,"",391.912,2,"",NaN,,,NaN,,
2024-12-06T19:21:45.000Z,10.136,2,"",M,58.832,2,"",M,6.000,2,"",N,8.948,2,"",M,33.422,2,"",M,9.530,2,"",M,1009.620,2,"",M,409.089,2,"",M,NaN,,,0,NaN,,,M,393.109,2,"",391.591,2,"",NaN,,,NaN,,
2024-12-06T19:26:14.000Z,10.156,2,"",M,58.840,2,"",M,6.000,2,"",N,NaN,,,M,NaN,,,M,NaN,,,M,NaN,,,M,NaN,,,0,NaN,,,0,NaN,,,M,NaN,,,NaN,,,NaN,,,NaN,,
2024-12-06T19:28:03.000Z,10.164,2,"",M,58.843,2,"",M,6.000,2,"",N,NaN,,,M,NaN,,,M,NaN,,,M,NaN,,,M,NaN,,,0,NaN,,,0,NaN,,,M,NaN,,,NaN,,,NaN,,,NaN,,
2024-12-06T19:29:52.000Z,10.172,2,"",M,58.847,2,"",M,6.000,2,"",N,NaN,,,M,NaN,,,M,NaN,,,M,NaN,,,M,NaN,,,0,NaN,,,0,NaN,,,M,NaN,,,NaN,,,NaN,,,NaN,,
2024-12-06T19:34:21.000Z,10.193,2,"",M,58.855,2,"",M,6.000,2,"",N,NaN,,,M,NaN,,,M,NaN,,,M,NaN,,,M,NaN,,,0,NaN,,,0,NaN,,,M,NaN,,,NaN,,,NaN,,,NaN,,
2024-12-06T19:36:10.000Z,10.201,2,"",M,58.858,2,"",M,6.000,2,"",N,NaN,,,M,NaN,,,M,NaN,,,M,NaN,,,M,NaN,,,0,NaN,,,0,NaN,,,M,NaN,,,NaN,,,NaN,,,NaN,,
2024-12-06T19:38:00.000Z,10.209,2,"",M,58.862,2,"",M,6.000,2,"",N,NaN,,,M,NaN,,,M,NaN,,,M,NaN,,,M,NaN,,,0,NaN,,,0,NaN,,,M,NaN,,,NaN,,,NaN,,,NaN,,
2024-12-06T19:42:30.000Z,10.228,2,"",M,58.871,2,"",M,6.000,2,"",N,NaN,,,M,NaN,,,M,NaN,,,M,NaN,,,M,NaN,,,0,NaN,,,0,NaN,,,M,NaN,,,NaN,,,NaN,,,NaN,,
2024-12-06T19:44:20.000Z,10.236,2,"",M,58.874,2,"",M,6.000,2,"",N,NaN,,,M,NaN,,,M,NaN,,,M,NaN,,,M,NaN,,,0,NaN,,,0,NaN,,,M,NaN,,,NaN,,,NaN,,,NaN,,
2024-12-06T19:46:09.000Z,10.243,2,"",M,58.877,2,"",M,6.000,2,"",N,NaN,,,M,NaN,,,M,NaN,,,M,NaN,,,M,NaN,,,0,NaN,,,0,NaN,,,M,NaN,,,NaN,,,NaN,,,NaN,,
2024-12-06T19:50:59.000Z,10.265,2,"",M,58.884,2,"",M,6.000,2,"",N,8.898,2,"",M,32.324,2,"",M,NaN,,,M,NaN,,,M,NaN,,,0,436.404,2,"",M,1009.500,2,"",M,NaN,,,NaN,,,431.022,2,"",429.340,2,""
2024-12-06T19:52:48.000Z,10.273,2,"",M,58.887,2,"",M,6.000,2,"",N,8.812,2,"",M,32.204,2,"",M,NaN,,,M,NaN,,,M,NaN,,,0,436.102,2,"",M,1009.500,2,"",M,NaN,,,NaN,,,430.752,2,"",429.069,2,""
2024-12-06T19:54:37.000Z,10.281,2,"",M,58.890,2,"",M,6.000,2,"",N,8.711,2,"",M,31.998,2,"",M,NaN,,,M,NaN,,,M,NaN,,,0,436.220,2,"",M,1009.600,2,"",M,NaN,,,NaN,,,430.944,2,"",429.258,2,""
2024-12-06T19:56:26.000Z,10.290,2,"",M,58.892,2,"",M,6.000,2,"",N,8.652,2,"",M,31.945,2,"",M,NaN,,,M,NaN,,,M,NaN,,,0,436.119,2,"",M,1009.600,2,"",M,NaN,,,NaN,,,430.863,2,"",429.176,2,""
2024-12-06T19:58:15.000Z,10.298,2,"",M,58.895,2,"",M,6.000,2,"",N,8.636,2,"",M,31.911,2,"",M,NaN,,,M,NaN,,,M,NaN,,,0,436.327,2,"",M,1009.600,2,"",M,NaN,,,NaN,,,431.073,2,"",429.385,2,""
2024-12-06T20:03:25.000Z,10.322,2,"",M,58.903,2,"",M,6.000,2,"",N,8.563,2,"",M,31.819,2,"",M,9.180,2,"",M,1009.960,2,"",M,417.566,2,"",M,NaN,,,0,NaN,,,M,400.910,2,"",399.354,2,"",NaN,,,NaN,,
2024-12-06T20:05:17.000Z,10.330,2,"",M,58.905,2,"",M,6.000,2,"",N,8.518,2,"",M,31.779,2,"",M,9.150,2,"",M,1009.920,2,"",M,418.034,2,"",M,NaN,,,0,NaN,,,M,401.091,2,"",399.534,2,"",NaN,,,NaN,,
2024-12-06T20:07:08.000Z,10.339,2,"",M,58.908,2,"",M,6.000,2,"",N,8.498,2,"",M,31.750,2,"",M,9.130,2,"",M,1010.290,2,"",M,418.032,2,"",M,NaN,,,0,NaN,,,M,401.252,2,"",399.694,2,"",NaN,,,NaN,,
2024-12-06T20:09:00.000Z,10.348,2,"",M,58.911,2,"",M,6.000,2,"",N,8.490,2,"",M,31.612,2,"",M,9.130,2,"",M,1010.300,2,"",M,417.501,2,"",M,NaN,,,0,NaN,,,M,400.607,2,"",399.051,2,"",NaN,,,NaN,,
2024-12-06T20:10:53.000Z,10.357,2,"",M,58.913,2,"",M,6.000,2,"",N,8.434,2,"",M,31.626,2,"",M,9.080,2,"",M,1010.160,2,"",M,417.979,2,"",M,NaN,,,0,NaN,,,M,400.924,2,"",399.366,2,"",NaN,,,NaN,,
2024-12-06T20:12:44.000Z,10.365,2,"",M,58.916,2,"",M,6.000,2,"",N,8.347,2,"",M,31.496,2,"",M,9.050,2,"",M,1010.040,2,"",M,418.077,2,"",M,NaN,,,0,NaN,,,M,400.008,2,"",398.453,2,"",NaN,,,NaN,,
2024-12-06T20:14:35.000Z,10.374,2,"",M,58.919,2,"",M,6.000,2,"",N,8.215,2,"",M,31.354,2,"",M,8.940,2,"",M,1010.230,2,"",M,417.895,2,"",M,NaN,,,0,NaN,,,M,399.582,2,"",398.026,2,"",NaN,,,NaN,,
2024-12-06T20:16:27.000Z,10.383,2,"",M,58.922,2,"",M,6.000,2,"",N,8.154,2,"",M,31.194,2,"",M,8.850,2,"",M,1010.340,2,"",M,417.064,2,"",M,NaN,,,0,NaN,,,M,399.348,2,"",397.791,2,"",NaN,,,NaN,,
2024-12-06T20:18:18.000Z,10.392,2,"",M,58.924,2,"",M,6.000,2,"",N,8.006,2,"",M,31.070,2,"",M,8.800,2,"",M,1010.340,2,"",M,416.253,2,"",M,NaN,,,0,NaN,,,M,396.936,2,"",395.388,2,"",NaN,,,NaN,,
2024-12-06T20:20:09.000Z,10.400,2,"",M,58.927,2,"",M,6.000,2,"",N,8.041,2,"",M,30.970,2,"",M,8.630,2,"",M,1010.220,2,"",M,415.911,2,"",M,NaN,,,0,NaN,,,M,400.063,2,"",398.500,2,"",NaN,,,NaN,,
2024-12-06T20:22:02.000Z,10.409,2,"",M,58.930,2,"",M,6.000,2,"",N,8.053,2,"",M,30.956,2,"",M,8.630,2,"",M,1010.190,2,"",M,414.340,2,"",M,NaN,,,0,NaN,,,M,398.737,2,"",397.179,2,"",NaN,,,NaN,,
2024-12-06T20:23:53.000Z,10.417,2,"",M,58.933,2,"",M,6.000,2,"",N,8.209,2,"",M,31.117,2,"",M,8.660,2,"",M,1010.260,2,"",M,414.158,2,"",M,NaN,,,0,NaN,,,M,400.710,2,"",399.144,2,"",NaN,,,NaN,,
2024-12-06T20:25:45.000Z,10.426,2,"",M,58.936,2,"",M,6.000,2,"",N,8.401,2,"",M,31.421,2,"",M,8.780,2,"",M,1010.390,2,"",M,414.516,2,"",M,NaN,,,0,NaN,,,M,402.304,2,"",400.734,2,"",NaN,,,NaN,,
2024-12-06T20:27:36.000Z,10.435,2,"",M,58.939,2,"",M,6.000,2,"",N,8.392,2,"",M,31.658,2,"",M,8.960,2,"",M,1010.190,2,"",M,415.035,2,"",M,NaN,,,0,NaN,,,M,399.461,2,"",397.906,2,"",NaN,,,NaN,,
2024-12-06T20:29:28.000Z,10.443,2,"",M,58.942,2,"",M,6.000,2,"",N,8.495,2,"",M,31.733,2,"",M,8.970,2,"",M,1010.190,2,"",M,415.823,2,"",M,NaN,,,0,NaN,,,M,401.793,2,"",400.229,2,"",NaN,,,NaN,,
2024-12-06T20:31:19.000Z,10.452,2,"",M,58.945,2,"",M,6.000,2,"",N,8.374,2,"",M,31.784,2,"",M,9.000,2,"",M,1010.180,2,"",M,415.901,2,"",M,NaN,,,0,NaN,,,M,399.294,2,"",397.741,2,"",NaN,,,NaN,,
2024-12-06T20:33:11.000Z,10.460,2,"",M,58.949,2,"",M,6.000,2,"",N,8.268,2,"",M,31.667,2,"",M,8.980,2,"",M,1010.330,2,"",M,415.609,2,"",M,NaN,,,0,NaN,,,M,397.631,2,"",396.083,2,"",NaN,,,NaN,,
2024-12-06T20:35:03.000Z,10.468,2,"",M,58.953,2,"",M,6.000,2,"",N,8.005,2,"",M,31.290,2,"",M,8.890,2,"",M,1010.340,2,"",M,414.768,2,"",M,NaN,,,0,NaN,,,M,393.964,2,"",392.429,2,"",NaN,,,NaN,,
2024-12-06T20:36:55.000Z,10.477,2,"",M,58.956,2,"",M,6.000,2,"",N,7.968,2,"",M,30.828,2,"",M,8.660,2,"",M,1010.220,2,"",M,414.866,2,"",M,NaN,,,0,NaN,,,M,397.308,2,"",395.755,2,"",NaN,,,NaN,,
2024-12-06T20:38:46.000Z,10.485,2,"",M,58.959,2,"",M,6.000,2,"",N,7.931,2,"",M,30.751,2,"",M,8.580,2,"",M,1010.160,2,"",M,414.845,2,"",M,NaN,,,0,NaN,,,M,398.021,2,"",396.465,2,"",NaN,,,NaN,,
2024-12-06T20:40:37.000Z,10.494,2,"",M,58.962,2,"",M,6.000,2,"",N,7.830,2,"",M,30.666,2,"",M,8.530,2,"",M,1010.150,2,"",M,414.293,2,"",M,NaN,,,0,NaN,,,M,396.637,2,"",395.085,2,"",NaN,,,NaN,,
2024-12-06T20:42:29.000Z,10.502,2,"",M,58.965,2,"",M,6.000,2,"",N,7.769,2,"",M,30.553,2,"",M,8.470,2,"",M,1010.300,2,"",M,413.982,2,"",M,NaN,,,0,NaN,,,M,396.403,2,"",394.850,2,"",NaN,,,NaN,,
2024-12-06T20:44:20.000Z,10.512,2,"",M,58.968,2,"",M,6.000,2,"",N,7.724,2,"",M,30.474,2,"",M,8.420,2,"",M,1010.380,2,"",M,413.890,2,"",M,NaN,,,0,NaN,,,M,396.439,2,"",394.885,2,"",NaN,,,NaN,,
2024-12-06T20:46:11.000Z,10.521,2,"",M,58.971,2,"",M,6.000,2,"",N,7.701,2,"",M,30.424,2,"",M,8.350,2,"",M,1010.260,2,"",M,413.139,2,"",M,NaN,,,0,NaN,,,M,396.478,2,"",394.922,2,"",NaN,,,NaN,,
2024-12-06T20:48:23.000Z,10.532,2,"",M,58.975,2,"",M,6.000,2,"",N,7.635,2,"",M,30.384,2,"",M,8.300,2,"",M,1010.140,2,"",M,412.607,2,"",M,NaN,,,0,NaN,,,M,395.667,2,"",394.114,2,"",NaN,,,NaN,,
2024-12-06T20:50:15.000Z,10.541,2,"",M,58.978,2,"",M,6.000,2,"",N,7.608,2,"",M,30.346,2,"",M,8.260,2,"",M,1010.200,2,"",M,411.856,2,"",M,NaN,,,0,NaN,,,M,395.204,2,"",393.652,2,"",NaN,,,NaN,,
2024-12-06T20:52:07.000Z,10.551,2,"",M,58.980,2,"",M,6.000,2,"",N,7.568,2,"",M,30.332,2,"",M,8.240,2,"",M,1010.330,2,"",M,411.284,2,"",M,NaN,,,0,NaN,,,M,394.372,2,"",392.822,2,"",NaN,,,NaN,,
2024-12-06T20:53:58.000Z,10.560,2,"",M,58.983,2,"",M,6.000,2,"",N,7.635,2,"",M,30.430,2,"",M,8.200,2,"",M,1010.270,2,"",M,411.333,2,"",M,NaN,,,0,NaN,,,M,396.198,2,"",394.641,2,"",NaN,,,NaN,,
2024-12-06T20:55:50.000Z,10.570,2,"",M,58.986,2,"",M,6.000,2,"",N,7.575,2,"",M,30.384,2,"",M,8.250,2,"",M,1010.210,2,"",M,411.281,2,"",M,NaN,,,0,NaN,,,M,394.275,2,"",392.726,2,"",NaN,,,NaN,,
2024-12-06T20:57:42.000Z,10.579,2,"",M,58.989,2,"",M,6.000,2,"",N,7.534,2,"",M,30.326,2,"",M,8.190,2,"",M,1010.100,2,"",M,411.279,2,"",M,NaN,,,0,NaN,,,M,394.559,2,"",393.008,2,"",NaN,,,NaN,,
2024-12-06T20:59:34.000Z,10.588,2,"",M,58.992,2,"",M,6.000,2,"",N,7.529,2,"",M,30.292,2,"",M,8.160,2,"",M,1010.220,2,"",M,411.038,2,"",M,NaN,,,0,NaN,,,M,394.802,2,"",393.250,2,"",NaN,,,NaN,,
2024-12-06T21:01:25.000Z,10.598,2,"",M,58.996,2,"",M,6.000,2,"",N,7.525,2,"",M,30.302,2,"",M,8.150,2,"",M,1010.280,2,"",M,410.716,2,"",M,NaN,,,0,NaN,,,M,394.616,2,"",393.063,2,"",NaN,,,NaN,,
2024-12-06T21:03:16.000Z,10.607,2,"",M,58.999,2,"",M,6.000,2,"",N,7.533,2,"",M,30.312,2,"",M,8.140,2,"",M,1010.270,2,"",M,410.465,2,"",M,NaN,,,0,NaN,,,M,394.682,2,"",393.129,2,"",NaN,,,NaN,,
2024-12-06T21:05:08.000Z,10.616,2,"",M,59.002,2,"",M,6.000,2,"",N,7.538,2,"",M,30.371,2,"",M,8.140,2,"",M,1010.120,2,"",M,410.353,2,"",M,NaN,,,0,NaN,,,M,394.604,2,"",393.052,2,"",NaN,,,NaN,,
2024-12-06T21:06:59.000Z,10.625,2,"",M,59.006,2,"",M,6.000,2,"",N,7.575,2,"",M,30.483,2,"",M,8.140,2,"",M,1009.990,2,"",M,410.412,2,"",M,NaN,,,0,NaN,,,M,395.224,2,"",393.670,2,"",NaN,,,NaN,,
2024-12-06T21:08:50.000Z,10.633,2,"",M,59.010,2,"",M,6.000,2,"",N,7.587,2,"",M,30.582,2,"",M,8.180,2,"",M,1010.220,2,"",M,410.370,2,"",M,NaN,,,0,NaN,,,M,394.789,2,"",393.236,2,"",NaN,,,NaN,,
2024-12-06T21:10:42.000Z,10.642,2,"",M,59.013,2,"",M,6.000,2,"",N,7.570,2,"",M,30.603,2,"",M,8.200,2,"",M,1010.290,2,"",M,410.308,2,"",M,NaN,,,0,NaN,,,M,394.140,2,"",392.590,2,"",NaN,,,NaN,,
2024-12-06T21:12:33.000Z,10.650,2,"",M,59.016,2,"",M,6.000,2,"",N,7.618,2,"",M,30.636,2,"",M,8.190,2,"",M,1010.270,2,"",M,410.167,2,"",M,NaN,,,0,NaN,,,M,394.969,2,"",393.416,2,"",NaN,,,NaN,,
2024-12-06T21:14:24.000Z,10.659,2,"",M,59.020,2,"",M,6.000,2,"",N,7.597,2,"",M,30.660,2,"",M,8.200,2,"",M,1010.190,2,"",M,409.925,2,"",M,NaN,,,0,NaN,,,M,394.186,2,"",392.637,2,"",NaN,,,NaN,,
2024-12-06T21:16:16.000Z,10.668,2,"",M,59.023,2,"",M,6.000,2,"",N,7.638,2,"",M,30.660,2,"",M,8.200,2,"",M,1010.180,2,"",M,409.544,2,"",M,NaN,,,0,NaN,,,M,394.489,2,"",392.939,2,"",NaN,,,NaN,,
2024-12-06T21:18:07.000Z,10.676,2,"",M,59.027,2,"",M,6.000,2,"",N,7.657,2,"",M,30.684,2,"",M,8.240,2,"",M,1010.290,2,"",M,409.682,2,"",M,NaN,,,0,NaN,,,M,394.313,2,"",392.763,2,"",NaN,,,NaN,,
2024-12-06T21:19:59.000Z,10.685,2,"",M,59.030,2,"",M,6.000,2,"",N,7.710,2,"",M,30.713,2,"",M,8.250,2,"",M,1010.230,2,"",M,409.491,2,"",M,NaN,,,0,NaN,,,M,394.809,2,"",393.258,2,"",NaN,,,NaN,,
2024-12-06T21:21:51.000Z,10.694,2,"",M,59.034,2,"",M,6.000,2,"",N,7.745,2,"",M,30.736,2,"",M,8.290,2,"",M,1010.200,2,"",M,410.179,2,"",M,NaN,,,0,NaN,,,M,395.371,2,"",393.818,2,"",NaN,,,NaN,,
2024-12-06T21:23:42.000Z,10.702,2,"",M,59.037,2,"",M,6.000,2,"",N,7.746,2,"",M,30.757,2,"",M,8.320,2,"",M,1009.960,2,"",M,410.387,2,"",M,NaN,,,0,NaN,,,M,394.981,2,"",393.431,2,"",NaN,,,NaN,,
2024-12-06T21:25:35.000Z,10.711,2,"",M,59.040,2,"",M,6.000,2,"",N,7.735,2,"",M,30.692,2,"",M,8.360,2,"",M,1010.010,2,"",M,411.055,2,"",M,NaN,,,0,NaN,,,M,394.782,2,"",393.234,2,"",NaN,,,NaN,,
2024-12-06T21:27:26.000Z,10.720,2,"",M,59.044,2,"",M,6.000,2,"",N,7.743,2,"",M,30.676,2,"",M,8.350,2,"",M,1010.030,2,"",M,411.113,2,"",M,NaN,,,0,NaN,,,M,395.151,2,"",393.601,2,"",NaN,,,NaN,,
2024-12-06T21:29:17.000Z,10.730,2,"",M,59.047,2,"",M,6.000,2,"",N,7.740,2,"",M,30.654,2,"",M,8.350,2,"",M,1010.370,2,"",M,410.402,2,"",M,NaN,,,0,NaN,,,M,394.548,2,"",393.000,2,"",NaN,,,NaN,,
2024-12-06T21:31:09.000Z,10.739,2,"",M,59.050,2,"",M,6.000,2,"",N,7.731,2,"",M,30.558,2,"",M,8.340,2,"",M,1010.290,2,"",M,410.390,2,"",M,NaN,,,0,NaN,,,M,394.528,2,"",392.980,2,"",NaN,,,NaN,,
2024-12-06T21:33:01.000Z,10.748,2,"",M,59.053,2,"",M,6.000,2,"",N,7.629,2,"",M,30.537,2,"",M,8.330,2,"",M,1010.250,2,"",M,409.619,2,"",M,NaN,,,0,NaN,,,M,392.236,2,"",390.697,2,"",NaN,,,NaN,,
2024-12-06T21:34:53.000Z,10.757,2,"",M,59.057,2,"",M,6.000,2,"",N,7.478,2,"",M,30.332,2,"",M,8.400,2,"",M,1010.500,2,"",M,409.797,2,"",M,NaN,,,0,NaN,,,M,388.838,2,"",387.313,2,"",NaN,,,NaN,,
2024-12-06T21:36:45.000Z,10.765,2,"",M,59.060,2,"",M,6.000,2,"",N,7.341,2,"",M,29.937,2,"",M,8.130,2,"",M,1010.480,2,"",M,409.666,2,"",M,NaN,,,0,NaN,,,M,390.985,2,"",389.446,2,"",NaN,,,NaN,,
2024-12-06T21:38:36.000Z,10.773,2,"",M,59.064,2,"",M,6.000,2,"",N,7.509,2,"",M,29.785,2,"",M,7.970,2,"",M,1010.400,2,"",M,407.985,2,"",M,NaN,,,0,NaN,,,M,394.825,2,"",393.268,2,"",NaN,,,NaN,,
2024-12-06T21:40:28.000Z,10.781,2,"",M,59.067,2,"",M,6.000,2,"",N,7.325,2,"",M,29.589,2,"",M,8.110,2,"",M,1010.400,2,"",M,406.415,2,"",M,NaN,,,0,NaN,,,M,387.914,2,"",386.387,2,"",NaN,,,NaN,,
2024-12-06T21:42:19.000Z,10.787,2,"",M,59.070,2,"",M,6.000,2,"",N,7.164,2,"",M,29.255,2,"",M,8.020,2,"",M,1010.490,2,"",M,405.673,2,"",M,NaN,,,0,NaN,,,M,386.100,2,"",384.578,2,"",NaN,,,NaN,,
2024-12-06T21:44:10.000Z,10.791,2,"",M,59.072,2,"",M,6.000,2,"",N,7.043,2,"",M,29.187,2,"",M,7.840,2,"",M,1010.580,2,"",M,403.813,2,"",M,NaN,,,0,NaN,,,M,385.374,2,"",383.852,2,"",NaN,,,NaN,,
2024-12-06T21:46:02.000Z,10.794,2,"",M,59.073,2,"",M,6.000,2,"",N,7.025,2,"",M,28.561,2,"",M,7.750,2,"",M,1010.590,2,"",M,401.083,2,"",M,NaN,,,0,NaN,,,M,383.973,2,"",382.454,2,"",NaN,,,NaN,,
2024-12-06T21:48:14.000Z,10.797,2,"",M,59.074,2,"",M,6.000,2,"",N,6.882,2,"",M,27.659,2,"",M,7.640,2,"",M,1010.550,2,"",M,397.453,2,"",M,NaN,,,0,NaN,,,M,379.969,2,"",378.464,2,"",NaN,,,NaN,,
2024-12-06T21:50:05.000Z,10.800,2,"",M,59.074,2,"",M,6.000,2,"",N,7.102,2,"",M,28.342,2,"",M,7.520,2,"",M,1010.450,2,"",M,394.983,2,"",M,NaN,,,0,NaN,,,M,383.081,2,"",381.561,2,"",NaN,,,NaN,,
2024-12-06T21:51:56.000Z,10.802,2,"",M,59.074,2,"",M,6.000,2,"",N,6.718,2,"",I,28.105,2,"",M,7.119,2,"",I,1010.670,2,"",M,392.733,2,"",M,NaN,,,0,NaN,,,M,381.350,2,"",379.829,2,"",NaN,,,NaN,,
2024-12-06T21:53:48.000Z,10.803,2,"",M,59.074,2,"",M,6.000,2,"",N,6.329,2,"",I,22.356,2,"",M,6.715,2,"",I,1010.590,2,"",M,392.672,2,"",M,NaN,,,0,NaN,,,M,381.617,2,"",380.087,2,"",NaN,,,NaN,,
2024-12-06T21:55:40.000Z,10.804,2,"",M,59.074,2,"",M,6.000,2,"",N,5.941,2,"",M,23.007,2,"",M,6.310,2,"",M,1010.600,2,"",M,377.490,2,"",M,NaN,,,0,NaN,,,M,367.221,2,"",365.740,2,"",NaN,,,NaN,,
2024-12-06T21:57:31.000Z,10.804,2,"",M,59.074,2,"",M,6.000,2,"",N,7.054,2,"",M,24.160,2,"",M,6.770,2,"",M,1010.450,2,"",M,355.293,2,"",M,NaN,,,0,NaN,,,M,355.136,2,"",353.713,2,"",NaN,,,NaN,,
2024-12-06T21:59:23.000Z,10.804,2,"",M,59.074,2,"",M,6.000,2,"",N,6.667,2,"",M,27.834,2,"",M,7.030,2,"",M,1010.400,2,"",M,354.073,2,"",M,NaN,,,0,NaN,,,M,344.291,2,"",342.917,2,"",NaN,,,NaN,,
2024-12-06T22:01:15.000Z,10.804,2,"",M,59.074,2,"",M,6.000,2,"",N,7.439,2,"",M,28.594,2,"",M,7.160,2,"",M,1010.630,2,"",M,366.653,2,"",M,NaN,,,0,NaN,,,M,366.401,2,"",364.940,2,"",NaN,,,NaN,,
2024-12-06T22:03:06.000Z,10.804,2,"",M,59.074,2,"",M,6.000,2,"",N,6.290,3,"ΔT out of range",M,29.358,2,"",M,7.990,3,"ΔT out of range",M,1010.500,2,"",M,378.214,2,"",M,NaN,,,0,NaN,,,M,347.351,4,"Equilibrator Temperature ΔT out of range (32);Water Temperature Standard deviation is too large;ΔT out of range (65);Too low water flow (19);Standard deviation is too large (2);ΔT out of range (13);Problems with water supply (7);ΔT out of range (35)",345.981,4,"Equilibrator Temperature ΔT out of range (32);Water Temperature Standard deviation is too large;ΔT out of range (65);Too low water flow (19);Standard deviation is too large (2);ΔT out of range (13);Problems with water supply (7);ΔT out of range (35)",NaN,,,NaN,,
2024-12-06T22:04:58.000Z,10.804,2,"",M,59.074,2,"",M,6.000,2,"",N,7.325,2,"",I,23.334,2,"",M,6.719,2,"",I,1010.510,2,"",M,391.184,2,"",M,NaN,,,0,NaN,,,M,396.413,2,"",394.824,2,"",NaN,,,NaN,,
2024-12-06T22:06:49.000Z,10.804,2,"",M,59.074,2,"",M,6.000,2,"",N,5.554,3,"ΔT out of range",M,22.080,2,"",M,6.730,3,"ΔT out of range",M,1010.410,2,"",M,381.469,2,"",M,NaN,,,0,NaN,,,M,358.464,3,"Equilibrator Temperature ΔT out of range (31);Water Temperature ΔT out of range (32)",357.028,3,"Equilibrator Temperature ΔT out of range (31);Water Temperature ΔT out of range (32)",NaN,,,NaN,,
2024-12-06T22:08:40.000Z,10.804,2,"",M,59.074,2,"",M,6.000,2,"",N,7.211,2,"",M,21.725,2,"",M,6.280,2,"",M,1010.670,2,"",M,358.863,2,"",M,NaN,,,0,NaN,,,M,368.860,2,"",367.372,2,"",NaN,,,NaN,,
2024-12-06T22:10:32.000Z,10.804,2,"",M,59.074,2,"",M,6.000,2,"",N,7.237,2,"",M,27.663,2,"",M,6.730,2,"",M,1010.600,2,"",M,346.790,2,"",M,NaN,,,0,NaN,,,M,350.004,2,"",348.601,2,"",NaN,,,NaN,,
2024-12-06T22:12:23.000Z,10.804,2,"",M,59.074,2,"",M,6.000,2,"",N,7.469,2,"",M,28.520,2,"",M,7.790,2,"",M,1010.550,2,"",M,355.493,2,"",M,NaN,,,0,NaN,,,M,346.161,2,"",344.792,2,"",NaN,,,NaN,,
2024-12-06T22:14:16.000Z,10.804,2,"",M,59.074,2,"",M,6.000,2,"",N,7.382,2,"",M,28.942,2,"",M,7.980,2,"",M,1010.430,2,"",M,378.635,2,"",M,NaN,,,0,NaN,,,M,364.317,2,"",362.880,2,"",NaN,,,NaN,,
2024-12-06T22:16:07.000Z,10.804,2,"",M,59.074,2,"",M,6.000,2,"",N,7.364,2,"",M,28.985,2,"",M,8.020,2,"",M,1010.320,2,"",M,391.415,2,"",M,NaN,,,0,NaN,,,M,375.628,2,"",374.148,2,"",NaN,,,NaN,,
2024-12-06T22:17:58.000Z,10.804,2,"",M,59.074,2,"",M,6.000,2,"",N,7.504,2,"",M,29.167,2,"",M,7.990,2,"",M,1010.580,2,"",M,397.319,2,"",M,NaN,,,0,NaN,,,M,384.161,2,"",382.647,2,"",NaN,,,NaN,,
2024-12-06T22:19:51.000Z,10.804,2,"",M,59.074,2,"",M,6.000,2,"",N,7.345,2,"",M,29.261,2,"",M,8.070,2,"",M,1010.580,2,"",M,400.365,2,"",M,NaN,,,0,NaN,,,M,383.188,2,"",381.679,2,"",NaN,,,NaN,,
2024-12-06T22:21:42.000Z,10.804,2,"",M,59.074,2,"",M,6.000,2,"",N,7.460,2,"",M,29.236,2,"",M,7.990,2,"",M,1010.475,2,"",M,402.602,2,"",M,NaN,,,0,NaN,,,M,388.511,2,"",386.979,2,"",NaN,,,NaN,,
2024-12-06T22:23:34.000Z,10.804,2,"",M,59.074,2,"",M,6.000,2,"",N,7.404,2,"",M,29.369,2,"",M,8.040,2,"",M,1010.330,2,"",M,402.590,2,"",M,NaN,,,0,NaN,,,M,386.688,2,"",385.165,2,"",NaN,,,NaN,,
2024-12-06T22:25:26.000Z,10.804,2,"",M,59.074,2,"",M,6.000,2,"",N,7.476,2,"",M,29.257,2,"",M,8.030,2,"",M,1010.530,2,"",M,403.398,2,"",M,NaN,,,0,NaN,,,M,388.886,2,"",387.354,2,"",NaN,,,NaN,,
2024-12-06T22:27:17.000Z,10.804,2,"",M,59.074,2,"",M,6.000,2,"",N,7.440,2,"",M,29.402,2,"",M,8.080,2,"",M,1010.710,2,"",M,403.467,2,"",M,NaN,,,0,NaN,,,M,387.602,2,"",386.075,2,"",NaN,,,NaN,,
2024-12-06T22:29:09.000Z,10.804,2,"",M,59.074,2,"",M,6.000,2,"",N,7.453,2,"",M,29.250,2,"",M,8.040,2,"",M,1010.450,2,"",M,404.324,2,"",M,NaN,,,0,NaN,,,M,389.197,2,"",387.664,2,"",NaN,,,NaN,,
2024-12-06T22:31:00.000Z,10.804,2,"",M,59.074,2,"",M,6.000,2,"",N,7.607,2,"",M,29.423,2,"",M,8.040,2,"",M,1010.250,2,"",M,404.333,2,"",M,NaN,,,0,NaN,,,M,391.674,2,"",390.131,2,"",NaN,,,NaN,,
2024-12-06T22:32:52.000Z,10.804,2,"",M,59.074,2,"",M,6.000,2,"",N,7.543,2,"",M,29.511,2,"",M,8.110,2,"",M,1010.120,2,"",M,404.231,2,"",M,NaN,,,0,NaN,,,M,389.293,2,"",387.761,2,"",NaN,,,NaN,,
2024-12-06T22:34:43.000Z,10.804,2,"",M,59.074,2,"",M,6.000,2,"",N,7.542,2,"",M,29.450,2,"",M,8.190,2,"",M,1010.550,2,"",M,404.919,2,"",M,NaN,,,0,NaN,,,M,388.772,2,"",387.243,2,"",NaN,,,NaN,,
2024-12-06T22:36:34.000Z,10.804,2,"",M,59.074,2,"",M,6.000,2,"",N,7.555,2,"",M,29.489,2,"",M,8.190,2,"",M,1010.520,2,"",M,405.357,2,"",M,NaN,,,0,NaN,,,M,389.397,2,"",387.866,2,"",NaN,,,NaN,,
2024-12-06T22:38:26.000Z,10.804,2,"",M,59.074,2,"",M,6.000,2,"",N,7.586,2,"",M,29.424,2,"",M,8.180,2,"",M,1010.380,2,"",M,405.725,2,"",M,NaN,,,0,NaN,,,M,390.371,2,"",388.836,2,"",NaN,,,NaN,,
2024-12-06T22:40:17.000Z,10.804,2,"",M,59.074,2,"",M,6.000,2,"",N,7.602,2,"",M,29.634,2,"",M,8.190,2,"",M,1010.147,2,"",M,405.694,2,"",M,NaN,,,0,NaN,,,M,390.350,2,"",388.816,2,"",NaN,,,NaN,,
2024-12-06T22:42:08.000Z,10.804,2,"",M,59.074,2,"",M,6.000,2,"",N,7.596,2,"",M,29.516,2,"",M,8.220,2,"",M,1010.244,2,"",M,406.112,2,"",M,NaN,,,0,NaN,,,M,390.182,2,"",388.649,2,"",NaN,,,NaN,,
2024-12-06T22:44:00.000Z,10.804,2,"",M,59.074,2,"",M,6.000,2,"",N,7.657,2,"",M,29.524,2,"",M,8.230,2,"",M,1010.480,2,"",M,407.019,2,"",M,NaN,,,0,NaN,,,M,391.995,2,"",390.454,2,"",NaN,,,NaN,,
2024-12-06T22:45:51.000Z,10.804,2,"",M,59.074,2,"",M,6.000,2,"",N,7.606,2,"",M,29.526,2,"",M,8.260,2,"",M,1010.370,2,"",M,407.278,2,"",M,NaN,,,0,NaN,,,M,390.845,2,"",389.310,2,"",NaN,,,NaN,,
2024-12-06T22:48:03.000Z,10.804,2,"",M,59.074,2,"",M,6.000,2,"",N,7.574,2,"",M,29.531,2,"",M,8.200,2,"",M,1010.100,2,"",M,407.276,2,"",M,NaN,,,0,NaN,,,M,391.208,2,"",389.671,2,"",NaN,,,NaN,,
2024-12-06T22:49:55.000Z,10.804,2,"",M,59.074,2,"",M,6.000,2,"",N,7.553,2,"",M,29.419,2,"",M,8.160,2,"",M,1009.990,2,"",M,407.094,2,"",M,NaN,,,0,NaN,,,M,391.327,2,"",389.789,2,"",NaN,,,NaN,,
2024-12-06T22:51:46.000Z,10.804,2,"",M,59.074,2,"",M,6.000,2,"",N,7.529,2,"",M,29.516,2,"",M,8.160,2,"",M,1010.370,2,"",M,406.723,2,"",M,NaN,,,0,NaN,,,M,390.717,2,"",389.180,2,"",NaN,,,NaN,,
2024-12-06T22:53:37.000Z,10.804,2,"",M,59.074,2,"",M,6.000,2,"",N,7.560,2,"",I,29.536,2,"",I,8.170,2,"",M,1010.310,2,"",M,406.392,2,"",M,NaN,,,0,NaN,,,M,390.724,2,"",389.187,2,"",NaN,,,NaN,,
2024-12-06T22:55:29.000Z,10.804,2,"",M,59.074,2,"",M,6.000,2,"",N,7.592,2,"",M,29.557,2,"",M,8.180,2,"",M,1010.100,2,"",M,406.840,2,"",M,NaN,,,0,NaN,,,M,391.426,2,"",389.887,2,"",NaN,,,NaN,,
2024-12-06T22:57:20.000Z,10.804,2,"",M,59.074,2,"",M,6.000,2,"",N,7.658,2,"",M,29.630,2,"",M,8.180,2,"",M,1009.870,2,"",M,407.148,2,"",M,NaN,,,0,NaN,,,M,392.734,2,"",391.191,2,"",NaN,,,NaN,,
2024-12-06T22:59:12.000Z,10.804,2,"",M,59.074,2,"",M,6.000,2,"",N,7.753,2,"",M,29.809,2,"",M,8.260,2,"",M,1009.940,2,"",M,406.976,2,"",M,NaN,,,0,NaN,,,M,392.818,2,"",391.276,2,"",NaN,,,NaN,,
2024-12-06T23:01:03.000Z,10.804,2,"",M,59.074,2,"",M,6.000,2,"",N,7.695,2,"",M,29.844,2,"",M,8.350,2,"",M,1010.160,2,"",M,407.724,2,"",M,NaN,,,0,NaN,,,M,391.147,2,"",389.613,2,"",NaN,,,NaN,,
2024-12-06T23:02:55.000Z,10.804,2,"",M,59.074,2,"",M,6.000,2,"",N,7.690,2,"",M,29.750,2,"",M,8.330,2,"",M,1010.110,2,"",M,408.871,2,"",M,NaN,,,0,NaN,,,M,392.486,2,"",390.946,2,"",NaN,,,NaN,,
2024-12-06T23:04:46.000Z,10.804,2,"",M,59.074,2,"",M,6.000,2,"",N,7.751,2,"",M,29.865,2,"",M,8.310,2,"",M,1009.980,2,"",M,409.110,2,"",M,NaN,,,0,NaN,,,M,394.019,2,"",392.472,2,"",NaN,,,NaN,,
2024-12-06T23:06:37.000Z,10.804,2,"",M,59.074,2,"",M,6.000,2,"",N,7.733,2,"",M,29.941,2,"",M,8.350,2,"",M,1009.780,2,"",M,408.738,2,"",M,NaN,,,0,NaN,,,M,392.608,2,"",391.068,2,"",NaN,,,NaN,,
2024-12-06T23:08:28.000Z,10.804,2,"",M,59.074,2,"",M,6.000,2,"",N,7.751,2,"",M,29.928,2,"",M,8.370,2,"",M,1010.050,2,"",M,408.617,2,"",M,NaN,,,0,NaN,,,M,392.549,2,"",391.009,2,"",NaN,,,NaN,,
2024-12-06T23:12:58.000Z,10.804,2,"",M,59.074,2,"",M,6.000,2,"",N,NaN,,,M,NaN,,,M,NaN,,,M,NaN,,,M,NaN,,,0,NaN,,,0,NaN,,,M,NaN,,,NaN,,,NaN,,,NaN,,
2024-12-06T23:14:47.000Z,10.804,2,"",M,59.074,2,"",M,6.000,2,"",N,NaN,,,M,NaN,,,M,NaN,,,M,NaN,,,M,NaN,,,0,NaN,,,0,NaN,,,M,NaN,,,NaN,,,NaN,,,NaN,,
2024-12-06T23:16:36.000Z,10.804,2,"",M,59.074,2,"",M,6.000,2,"",N,NaN,,,M,NaN,,,M,NaN,,,M,NaN,,,M,NaN,,,0,NaN,,,0,NaN,,,M,NaN,,,NaN,,,NaN,,,NaN,,
2024-12-06T23:21:05.000Z,10.804,2,"",M,59.074,2,"",M,6.000,2,"",N,NaN,,,M,NaN,,,M,NaN,,,M,NaN,,,M,NaN,,,0,NaN,,,0,NaN,,,M,NaN,,,NaN,,,NaN,,,NaN,,
2024-12-06T23:22:55.000Z,10.804,2,"",M,59.074,2,"",M,6.000,2,"",N,NaN,,,M,NaN,,,M,NaN,,,M,NaN,,,M,NaN,,,0,NaN,,,0,NaN,,,M,NaN,,,NaN,,,NaN,,,NaN,,
2024-12-06T23:24:44.000Z,10.804,2,"",M,59.074,2,"",M,6.000,2,"",N,NaN,,,M,NaN,,,M,NaN,,,M,NaN,,,M,NaN,,,0,NaN,,,0,NaN,,,M,NaN,,,NaN,,,NaN,,,NaN,,
2024-12-06T23:29:13.000Z,10.804,2,"",M,59.074,2,"",M,6.000,2,"",N,NaN,,,M,NaN,,,M,NaN,,,M,NaN,,,M,NaN,,,0,NaN,,,0,NaN,,,M,NaN,,,NaN,,,NaN,,,NaN,,
2024-12-06T23:31:02.000Z,10.804,2,"",M,59.074,2,"",M,6.000,2,"",N,NaN,,,M,NaN,,,M,NaN,,,M,NaN,,,M,NaN,,,0,NaN,,,0,NaN,,,M,NaN,,,NaN,,,NaN,,,NaN,,
2024-12-06T23:32:51.000Z,10.804,2,"",M,59.074,2,"",M,6.000,2,"",N,NaN,,,M,NaN,,,M,NaN,,,M,NaN,,,M,NaN,,,0,NaN,,,0,NaN,,,M,NaN,,,NaN,,,NaN,,,NaN,,
2024-12-06T23:37:20.000Z,10.804,2,"",M,59.074,2,"",M,6.000,2,"",N,7.589,2,"",M,29.556,2,"",M,NaN,,,M,NaN,,,M,NaN,,,0,438.958,2,"",M,1009.600,2,"",M,NaN,,,NaN,,,433.998,2,"",432.276,2,""
2024-12-06T23:39:09.000Z,10.804,2,"",M,59.074,2,"",M,6.000,2,"",N,7.564,2,"",M,29.541,2,"",M,NaN,,,M,NaN,,,M,NaN,,,0,438.977,2,"",M,1009.600,2,"",M,NaN,,,NaN,,,434.025,2,"",432.301,2,""
2024-12-06T23:40:58.000Z,10.804,2,"",M,59.074,2,"",M,6.000,2,"",N,7.474,2,"",M,29.472,2,"",M,NaN,,,M,NaN,,,M,NaN,,,0,439.096,2,"",M,1009.600,2,"",M,NaN,,,NaN,,,434.170,2,"",432.444,2,""
2024-12-06T23:42:47.000Z,10.805,2,"",M,59.074,2,"",M,6.000,2,"",N,7.205,2,"",M,29.561,2,"",M,NaN,,,M,NaN,,,M,NaN,,,0,439.265,2,"",M,1009.600,2,"",I,NaN,,,NaN,,,434.419,2,"",432.686,2,""
2024-12-06T23:44:36.000Z,10.805,2,"",M,59.074,2,"",M,6.000,2,"",N,7.460,2,"",M,29.105,2,"",M,NaN,,,M,NaN,,,M,NaN,,,0,439.324,2,"",M,1009.600,2,"",M,NaN,,,NaN,,,434.399,2,"",432.672,2,""
2024-12-06T23:49:46.000Z,10.811,2,"",M,59.074,2,"",M,6.000,2,"",N,6.436,2,"",M,22.454,2,"",M,6.510,2,"",M,1009.870,2,"",M,369.837,2,"",M,NaN,,,0,NaN,,,M,363.969,2,"",362.507,2,"",NaN,,,NaN,,
2024-12-06T23:51:59.000Z,10.812,2,"",M,59.075,2,"",M,6.000,2,"",N,6.774,2,"",M,27.757,2,"",M,7.030,2,"",M,1009.830,2,"",M,358.187,2,"",M,NaN,,,0,NaN,,,M,349.686,2,"",348.290,2,"",NaN,,,NaN,,
2024-12-06T23:53:50.000Z,10.812,2,"",M,59.075,2,"",M,6.000,2,"",N,6.855,2,"",M,27.550,2,"",M,7.280,2,"",M,1009.900,2,"",M,367.996,2,"",M,NaN,,,0,NaN,,,M,356.666,2,"",355.248,2,"",NaN,,,NaN,,
2024-12-06T23:55:42.000Z,10.812,2,"",M,59.075,2,"",M,6.000,2,"",N,7.050,2,"",M,28.172,2,"",M,7.420,2,"",M,1009.800,2,"",M,380.614,2,"",M,NaN,,,0,NaN,,,M,369.679,2,"",368.212,2,"",NaN,,,NaN,,
2024-12-06T23:57:33.000Z,10.812,2,"",M,59.075,2,"",M,6.000,2,"",N,7.303,2,"",M,28.332,2,"",M,7.610,2,"",M,1009.710,2,"",M,386.357,2,"",M,NaN,,,0,NaN,,,M,376.179,2,"",374.689,2,"",NaN,,,NaN,,
2024-12-06T23:59:25.000Z,10.812,2,"",M,59.075,2,"",M,6.000,2,"",N,7.281,2,"",M,28.692,2,"",M,7.800,2,"",M,1009.680,2,"",M,390.023,2,"",M,NaN,,,0,NaN,,,M,376.283,2,"",374.797,2,"",NaN,,,NaN,,
2024-12-07T00:01:16.000Z,10.812,2,"",M,59.075,2,"",M,6.000,2,"",N,7.255,2,"",M,28.899,2,"",M,7.890,2,"",M,1009.780,2,"",M,394.078,2,"",M,NaN,,,0,NaN,,,M,378.362,2,"",376.870,2,"",NaN,,,NaN,,
2024-12-07T00:03:07.000Z,10.812,2,"",M,59.075,2,"",M,6.000,2,"",N,7.309,2,"",M,28.961,2,"",M,7.910,2,"",M,1009.770,2,"",M,397.564,2,"",M,NaN,,,0,NaN,,,M,382.245,2,"",380.738,2,"",NaN,,,NaN,,
2024-12-07T00:04:59.000Z,10.812,2,"",M,59.075,2,"",M,6.000,2,"",N,7.569,2,"",M,29.199,2,"",M,7.950,2,"",M,1009.660,2,"",M,399.291,2,"",M,NaN,,,0,NaN,,,M,387.442,2,"",385.914,2,"",NaN,,,NaN,,
2024-12-07T00:06:50.000Z,10.812,2,"",M,59.075,2,"",M,6.000,2,"",N,7.513,2,"",M,29.394,2,"",M,8.060,2,"",M,1009.580,2,"",M,401.019,2,"",M,NaN,,,0,NaN,,,M,386.327,2,"",384.807,2,"",NaN,,,NaN,,
2024-12-07T00:08:41.000Z,10.812,2,"",M,59.075,2,"",M,6.000,2,"",N,7.492,2,"",M,29.322,2,"",M,8.110,2,"",M,1009.450,2,"",M,403.365,2,"",M,NaN,,,0,NaN,,,M,387.368,2,"",385.845,2,"",NaN,,,NaN,,
2024-12-07T00:10:33.000Z,10.812,2,"",M,59.075,2,"",M,6.000,2,"",N,7.507,2,"",M,29.420,2,"",M,8.100,2,"",M,1009.600,2,"",M,405.463,2,"",M,NaN,,,0,NaN,,,M,389.848,2,"",388.314,2,"",NaN,,,NaN,,
2024-12-07T00:12:24.000Z,10.812,2,"",M,59.075,2,"",M,6.000,2,"",N,7.535,2,"",M,29.527,2,"",M,8.150,2,"",M,1009.620,2,"",M,405.841,2,"",M,NaN,,,0,NaN,,,M,389.854,2,"",388.321,2,"",NaN,,,NaN,,
2024-12-07T00:14:15.000Z,10.812,2,"",M,59.075,2,"",M,6.000,2,"",N,7.507,2,"",M,29.414,2,"",M,8.200,2,"",M,1009.530,2,"",M,406.879,2,"",M,NaN,,,0,NaN,,,M,389.509,2,"",387.979,2,"",NaN,,,NaN,,
2024-12-07T00:16:07.000Z,10.812,2,"",M,59.075,2,"",M,6.000,2,"",N,7.601,2,"",M,29.438,2,"",M,8.110,2,"",M,1009.340,2,"",M,407.588,2,"",M,NaN,,,0,NaN,,,M,393.184,2,"",391.638,2,"",NaN,,,NaN,,
2024-12-07T00:17:58.000Z,10.812,2,"",M,59.075,2,"",M,6.000,2,"",N,7.585,2,"",M,29.520,2,"",M,8.160,2,"",M,1009.270,2,"",M,406.698,2,"",M,NaN,,,0,NaN,,,M,391.196,2,"",389.659,2,"",NaN,,,NaN,,
2024-12-07T00:19:49.000Z,10.812,2,"",M,59.075,2,"",M,6.000,2,"",N,7.624,2,"",M,29.552,2,"",M,8.210,2,"",M,1009.630,2,"",M,407.206,2,"",M,NaN,,,0,NaN,,,M,391.620,2,"",390.082,2,"",NaN,,,NaN,,
2024-12-07T00:21:41.000Z,10.812,2,"",M,59.075,2,"",M,6.000,2,"",N,7.663,2,"",M,29.567,2,"",M,8.250,2,"",M,1009.540,2,"",M,407.555,2,"",M,NaN,,,0,NaN,,,M,391.889,2,"",390.350,2,"",NaN,,,NaN,,
2024-12-07T00:23:32.000Z,10.812,2,"",M,59.075,2,"",M,6.000,2,"",N,7.721,2,"",M,29.763,2,"",M,8.240,2,"",M,1009.450,2,"",M,408.303,2,"",M,NaN,,,0,NaN,,,M,393.710,2,"",392.164,2,"",NaN,,,NaN,,
2024-12-07T00:25:24.000Z,10.812,2,"",M,59.075,2,"",M,6.000,2,"",N,7.690,2,"",M,29.702,2,"",M,8.340,2,"",M,1009.320,2,"",M,408.892,2,"",M,NaN,,,0,NaN,,,M,392.023,2,"",390.486,2,"",NaN,,,NaN,,
2024-12-07T00:27:15.000Z,10.812,2,"",M,59.075,2,"",M,6.000,2,"",N,7.790,2,"",M,29.703,2,"",M,8.310,2,"",M,1009.130,2,"",M,410.160,2,"",M,NaN,,,0,NaN,,,M,395.338,2,"",393.788,2,"",NaN,,,NaN,,
2024-12-07T00:29:06.000Z,10.812,2,"",M,59.075,2,"",M,6.000,2,"",N,7.720,2,"",M,29.675,2,"",M,8.380,2,"",M,1009.420,2,"",M,410.478,2,"",M,NaN,,,0,NaN,,,M,393.412,2,"",391.871,2,"",NaN,,,NaN,,
2024-12-07T00:30:58.000Z,10.812,2,"",M,59.075,2,"",M,6.000,2,"",N,7.715,2,"",M,29.734,2,"",M,8.350,2,"",M,1009.430,2,"",M,410.777,2,"",M,NaN,,,0,NaN,,,M,394.125,2,"",392.580,2,"",NaN,,,NaN,,
2024-12-07T00:32:49.000Z,10.812,2,"",M,59.075,2,"",M,6.000,2,"",N,7.747,2,"",M,29.714,2,"",M,8.340,2,"",M,1009.310,2,"",M,411.446,2,"",M,NaN,,,0,NaN,,,M,395.416,2,"",393.866,2,"",NaN,,,NaN,,
2024-12-07T00:34:40.000Z,10.812,2,"",M,59.075,2,"",M,6.000,2,"",N,7.760,2,"",M,29.720,2,"",M,8.340,2,"",M,1009.310,2,"",M,411.245,2,"",M,NaN,,,0,NaN,,,M,395.447,2,"",393.896,2,"",NaN,,,NaN,,
2024-12-07T00:36:32.000Z,10.812,2,"",M,59.075,2,"",M,6.000,2,"",N,7.742,2,"",M,29.764,2,"",M,8.350,2,"",M,1009.200,2,"",M,411.124,2,"",M,NaN,,,0,NaN,,,M,394.819,2,"",393.272,2,"",NaN,,,NaN,,
2024-12-07T00:38:23.000Z,10.812,2,"",M,59.075,2,"",M,6.000,2,"",N,7.783,2,"",M,29.771,2,"",M,8.390,2,"",M,1009.460,2,"",M,411.063,2,"",M,NaN,,,0,NaN,,,M,394.866,2,"",393.319,2,"",NaN,,,NaN,,
2024-12-07T00:40:14.000Z,10.812,2,"",M,59.075,2,"",M,6.000,2,"",N,7.809,2,"",M,29.742,2,"",M,8.400,2,"",M,1009.440,2,"",M,411.652,2,"",M,NaN,,,0,NaN,,,M,395.678,2,"",394.128,2,"",NaN,,,NaN,,
2024-12-07T00:42:06.000Z,10.812,2,"",M,59.075,2,"",M,6.000,2,"",N,7.771,2,"",M,29.747,2,"",M,8.410,2,"",M,1009.330,2,"",M,411.571,2,"",M,NaN,,,0,NaN,,,M,394.764,2,"",393.217,2,"",NaN,,,NaN,,
2024-12-07T00:43:57.000Z,10.812,2,"",M,59.075,2,"",M,6.000,2,"",N,7.746,2,"",M,29.670,2,"",M,8.390,2,"",M,1009.190,2,"",M,412.169,2,"",M,NaN,,,0,NaN,,,M,395.200,2,"",393.652,2,"",NaN,,,NaN,,
2024-12-07T00:45:48.000Z,10.812,2,"",M,59.075,2,"",M,6.000,2,"",N,7.763,2,"",M,29.671,2,"",M,8.340,2,"",M,1009.160,2,"",M,412.138,2,"",M,NaN,,,0,NaN,,,M,396.291,2,"",394.738,2,"",NaN,,,NaN,,
2024-12-07T00:47:39.000Z,10.812,2,"",M,59.075,2,"",M,6.000,2,"",N,7.777,2,"",M,29.688,2,"",M,8.380,2,"",M,1009.460,2,"",M,411.478,2,"",M,NaN,,,0,NaN,,,M,395.336,2,"",393.787,2,"",NaN,,,NaN,,
2024-12-07T00:49:52.000Z,10.812,2,"",M,59.075,2,"",M,6.000,2,"",N,7.787,2,"",M,29.713,2,"",M,8.400,2,"",M,1009.350,2,"",M,411.817,2,"",M,NaN,,,0,NaN,,,M,395.444,2,"",393.895,2,"",NaN,,,NaN,,
2024-12-07T00:51:43.000Z,10.812,2,"",M,59.075,2,"",M,6.000,2,"",N,7.813,2,"",M,29.749,2,"",M,8.390,2,"",M,1009.230,2,"",M,411.796,2,"",M,NaN,,,0,NaN,,,M,395.973,2,"",394.422,2,"",NaN,,,NaN,,
2024-12-07T00:53:35.000Z,10.812,2,"",M,59.075,2,"",M,6.000,2,"",N,7.798,2,"",M,29.736,2,"",M,8.400,2,"",M,1009.070,2,"",M,411.895,2,"",M,NaN,,,0,NaN,,,M,395.591,2,"",394.042,2,"",NaN,,,NaN,,
2024-12-07T00:55:26.000Z,10.812,2,"",M,59.075,2,"",M,6.000,2,"",N,7.795,2,"",M,29.732,2,"",M,8.410,2,"",M,1009.140,2,"",M,411.904,2,"",M,NaN,,,0,NaN,,,M,395.404,2,"",393.856,2,"",NaN,,,NaN,,
2024-12-07T00:57:17.000Z,10.812,2,"",M,59.075,2,"",M,6.000,2,"",N,7.793,2,"",M,29.693,2,"",M,8.430,2,"",M,1009.290,2,"",M,412.153,2,"",M,NaN,,,0,NaN,,,M,395.321,2,"",393.773,2,"",NaN,,,NaN,,
2024-12-07T00:59:09.000Z,10.812,2,"",M,59.075,2,"",M,6.000,2,"",N,7.797,2,"",M,29.720,2,"",M,8.410,2,"",M,1009.130,2,"",M,412.042,2,"",M,NaN,,,0,NaN,,,M,395.561,2,"",394.012,2,"",NaN,,,NaN,,
2024-12-07T01:01:00.000Z,10.812,2,"",M,59.075,2,"",M,6.000,2,"",N,7.880,2,"",M,29.741,2,"",M,8.410,2,"",M,1009.040,2,"",M,412.400,2,"",M,NaN,,,0,NaN,,,M,397.266,2,"",395.711,2,"",NaN,,,NaN,,
2024-12-07T01:02:51.000Z,10.812,2,"",M,59.075,2,"",M,6.000,2,"",N,7.860,2,"",M,29.842,2,"",M,8.430,2,"",M,1008.750,2,"",M,412.429,2,"",M,NaN,,,0,NaN,,,M,396.495,2,"",394.943,2,"",NaN,,,NaN,,
2024-12-07T01:04:43.000Z,10.812,2,"",M,59.075,2,"",M,6.000,2,"",N,7.871,2,"",M,29.771,2,"",M,8.480,2,"",M,1008.840,2,"",M,412.938,2,"",M,NaN,,,0,NaN,,,M,396.362,2,"",394.812,2,"",NaN,,,NaN,,
2024-12-07T01:06:34.000Z,10.812,2,"",M,59.075,2,"",M,6.000,2,"",N,7.886,2,"",M,29.821,2,"",M,8.500,2,"",M,1009.330,2,"",M,413.157,2,"",M,NaN,,,0,NaN,,,M,396.669,2,"",395.117,2,"",NaN,,,NaN,,
2024-12-07T01:08:26.000Z,10.812,2,"",M,59.075,2,"",M,6.000,2,"",N,7.883,2,"",M,29.831,2,"",M,8.500,2,"",M,1009.330,2,"",M,413.995,2,"",M,NaN,,,0,NaN,,,M,397.435,2,"",395.880,2,"",NaN,,,NaN,,
2024-12-07T01:10:17.000Z,10.812,2,"",M,59.075,2,"",M,6.000,2,"",N,7.866,2,"",M,29.845,2,"",M,8.490,2,"",M,1009.100,2,"",M,414.504,2,"",M,NaN,,,0,NaN,,,M,397.717,2,"",396.161,2,"",NaN,,,NaN,,
2024-12-07T01:12:08.000Z,10.812,2,"",M,59.075,2,"",M,6.000,2,"",N,7.876,2,"",M,29.822,2,"",M,8.470,2,"",M,1008.930,2,"",M,414.433,2,"",M,NaN,,,0,NaN,,,M,398.092,2,"",396.534,2,"",NaN,,,NaN,,
2024-12-07T01:13:59.000Z,10.811,2,"",M,59.075,2,"",M,6.000,2,"",N,7.610,2,"",M,29.863,2,"",M,8.500,2,"",M,1009.260,2,"",M,414.042,2,"",M,NaN,,,0,NaN,,,M,392.882,2,"",391.345,2,"",NaN,,,NaN,,
2024-12-07T01:15:51.000Z,10.810,2,"",M,59.076,2,"",M,6.000,2,"",N,7.380,2,"",I,29.491,2,"",M,8.245,2,"",I,1009.310,2,"",M,414.111,2,"",M,NaN,,,0,NaN,,,M,393.455,2,"",391.911,2,"",NaN,,,NaN,,
2024-12-07T01:17:42.000Z,10.808,2,"",M,59.077,2,"",M,6.000,2,"",N,7.152,2,"",I,28.787,2,"",M,7.993,2,"",I,1009.200,2,"",M,411.962,2,"",M,NaN,,,0,NaN,,,M,391.850,2,"",390.307,2,"",NaN,,,NaN,,
2024-12-07T01:19:33.000Z,10.806,2,"",M,59.078,2,"",M,6.000,2,"",N,6.924,2,"",M,28.565,2,"",M,7.740,2,"",M,1009.000,2,"",M,408.354,2,"",M,NaN,,,0,NaN,,,M,388.816,2,"",387.280,2,"",NaN,,,NaN,,
2024-12-07T01:21:25.000Z,10.804,2,"",M,59.080,2,"",M,6.000,2,"",N,6.896,2,"",M,28.466,2,"",M,7.610,2,"",M,1008.870,2,"",M,403.298,2,"",M,NaN,,,0,NaN,,,M,385.647,2,"",384.121,2,"",NaN,,,NaN,,
2024-12-07T01:23:16.000Z,10.802,2,"",M,59.081,2,"",M,6.000,2,"",N,6.907,2,"",M,28.397,2,"",M,7.590,2,"",M,1009.300,2,"",M,400.009,2,"",M,NaN,,,0,NaN,,,M,383.168,2,"",381.651,2,"",NaN,,,NaN,,
2024-12-07T01:25:08.000Z,10.800,2,"",M,59.083,2,"",M,6.000,2,"",N,6.925,2,"",M,28.382,2,"",M,7.570,2,"",M,1009.270,2,"",M,398.260,2,"",M,NaN,,,0,NaN,,,M,382.094,2,"",380.581,2,"",NaN,,,NaN,,
2024-12-07T01:27:00.000Z,10.799,2,"",M,59.083,2,"",M,6.000,2,"",N,7.385,2,"",M,28.543,2,"",M,7.540,2,"",M,1009.190,2,"",M,397.170,2,"",M,NaN,,,0,NaN,,,M,389.008,2,"",387.467,2,"",NaN,,,NaN,,
2024-12-07T01:28:51.000Z,10.799,2,"",M,59.083,2,"",M,6.000,2,"",N,7.383,2,"",M,29.471,2,"",M,7.690,2,"",M,1008.970,2,"",M,396.349,2,"",M,NaN,,,0,NaN,,,M,385.593,2,"",384.069,2,"",NaN,,,NaN,,
2024-12-07T01:30:43.000Z,10.798,2,"",M,59.084,2,"",M,6.000,2,"",N,7.424,2,"",M,29.211,2,"",M,8.050,2,"",M,1008.930,2,"",M,399.456,2,"",M,NaN,,,0,NaN,,,M,383.297,2,"",381.789,2,"",NaN,,,NaN,,
2024-12-07T01:32:34.000Z,10.797,2,"",M,59.084,2,"",M,6.000,2,"",N,7.437,2,"",M,28.800,2,"",M,8.050,2,"",M,1009.240,2,"",M,404.031,2,"",M,NaN,,,0,NaN,,,M,388.023,2,"",386.496,2,"",NaN,,,NaN,,
2024-12-07T01:34:25.000Z,10.796,2,"",M,59.085,2,"",M,6.000,2,"",N,7.034,2,"",M,28.099,2,"",M,7.920,2,"",M,1009.130,2,"",M,404.160,2,"",M,NaN,,,0,NaN,,,M,383.674,2,"",382.162,2,"",NaN,,,NaN,,
2024-12-07T01:36:17.000Z,10.796,2,"",M,59.085,2,"",M,6.000,2,"",N,7.172,2,"",I,28.178,2,"",M,7.488,2,"",I,1009.050,2,"",M,401.012,2,"",M,NaN,,,0,NaN,,,M,390.072,2,"",388.526,2,"",NaN,,,NaN,,
2024-12-07T01:38:08.000Z,10.796,2,"",M,59.085,2,"",M,6.000,2,"",N,7.310,2,"",M,28.666,2,"",M,7.060,2,"",M,1008.890,2,"",M,395.845,2,"",M,NaN,,,0,NaN,,,M,394.421,2,"",392.849,2,"",NaN,,,NaN,,
2024-12-07T01:39:59.000Z,10.796,2,"",M,59.085,2,"",M,6.000,2,"",N,7.301,2,"",M,28.834,2,"",M,7.850,2,"",M,1008.940,2,"",M,386.411,2,"",M,NaN,,,0,NaN,,,M,372.046,2,"",370.579,2,"",NaN,,,NaN,,
2024-12-07T01:41:51.000Z,10.796,2,"",M,59.085,2,"",M,6.000,2,"",N,7.651,2,"",M,29.181,2,"",M,7.960,2,"",M,1009.030,2,"",M,391.227,2,"",M,NaN,,,0,NaN,,,M,380.534,2,"",379.035,2,"",NaN,,,NaN,,
2024-12-07T01:43:42.000Z,10.796,2,"",M,59.085,2,"",M,6.000,2,"",N,7.850,2,"",M,29.776,2,"",M,8.190,2,"",M,1008.980,2,"",M,398.590,2,"",M,NaN,,,0,NaN,,,M,387.109,2,"",385.589,2,"",NaN,,,NaN,,
2024-12-07T01:45:33.000Z,10.796,2,"",M,59.085,2,"",M,6.000,2,"",N,7.554,2,"",M,29.126,2,"",M,8.370,2,"",M,1008.940,2,"",M,404.774,2,"",M,NaN,,,0,NaN,,,M,385.199,2,"",383.690,2,"",NaN,,,NaN,,
2024-12-07T01:47:25.000Z,10.796,2,"",M,59.085,2,"",M,6.000,2,"",N,7.537,2,"",M,29.381,2,"",M,8.140,2,"",M,1008.750,2,"",M,409.239,2,"",M,NaN,,,0,NaN,,,M,392.977,2,"",391.433,2,"",NaN,,,NaN,,
2024-12-07T01:49:37.000Z,10.796,2,"",M,59.085,2,"",M,6.000,2,"",N,7.623,2,"",M,29.241,2,"",M,8.190,2,"",M,1008.910,2,"",M,408.499,2,"",M,NaN,,,0,NaN,,,M,392.902,2,"",391.359,2,"",NaN,,,NaN,,
2024-12-07T01:51:29.000Z,10.796,2,"",M,59.085,2,"",M,6.000,2,"",N,7.698,2,"",M,29.507,2,"",M,8.230,2,"",M,1008.970,2,"",M,407.828,2,"",M,NaN,,,0,NaN,,,M,392.857,2,"",391.315,2,"",NaN,,,NaN,,
2024-12-07T01:53:21.000Z,10.796,2,"",M,59.085,2,"",M,6.000,2,"",N,7.727,2,"",M,29.479,2,"",M,8.290,2,"",M,1008.860,2,"",M,408.187,2,"",M,NaN,,,0,NaN,,,M,392.619,2,"",391.079,2,"",NaN,,,NaN,,
2024-12-07T01:55:12.000Z,10.796,2,"",M,59.085,2,"",M,6.000,2,"",N,7.717,2,"",M,29.546,2,"",M,8.310,2,"",M,1008.690,2,"",M,409.205,2,"",M,NaN,,,0,NaN,,,M,393.039,2,"",391.498,2,"",NaN,,,NaN,,
2024-12-07T01:57:04.000Z,10.796,2,"",M,59.085,2,"",M,6.000,2,"",N,7.691,2,"",M,29.483,2,"",M,8.310,2,"",M,1008.520,2,"",M,409.664,2,"",M,NaN,,,0,NaN,,,M,392.968,2,"",391.428,2,"",NaN,,,NaN,,
2024-12-07T01:58:55.000Z,10.796,2,"",M,59.085,2,"",M,6.000,2,"",N,7.626,2,"",M,29.511,2,"",M,8.320,2,"",M,1008.910,2,"",M,410.192,2,"",M,NaN,,,0,NaN,,,M,392.379,2,"",390.841,2,"",NaN,,,NaN,,
2024-12-07T02:00:46.000Z,10.796,2,"",M,59.085,2,"",M,6.000,2,"",N,7.559,2,"",M,29.395,2,"",M,8.270,2,"",M,1008.820,2,"",M,410.451,2,"",M,NaN,,,0,NaN,,,M,392.328,2,"",390.789,2,"",NaN,,,NaN,,
2024-12-07T02:02:38.000Z,10.796,2,"",M,59.085,2,"",M,6.000,2,"",N,7.607,2,"",M,29.297,2,"",M,8.210,2,"",M,1008.760,2,"",M,410.081,2,"",M,NaN,,,0,NaN,,,M,393.757,2,"",392.211,2,"",NaN,,,NaN,,
2024-12-07T02:04:29.000Z,10.796,2,"",M,59.085,2,"",M,6.000,2,"",N,7.488,2,"",M,29.551,2,"",M,8.140,2,"",M,1008.580,2,"",M,408.631,2,"",M,NaN,,,0,NaN,,,M,391.513,2,"",389.975,2,"",NaN,,,NaN,,
2024-12-07T02:06:20.000Z,10.796,2,"",M,59.085,2,"",M,6.000,2,"",N,7.338,2,"",M,29.316,2,"",M,8.140,2,"",M,1008.540,2,"",M,408.350,2,"",M,NaN,,,0,NaN,,,M,388.746,2,"",387.219,2,"",NaN,,,NaN,,
2024-12-07T02:08:11.000Z,10.796,2,"",M,59.085,2,"",M,6.000,2,"",N,7.322,2,"",M,29.272,2,"",M,8.070,2,"",M,1008.800,2,"",M,408.319,2,"",M,NaN,,,0,NaN,,,M,389.732,2,"",388.200,2,"",NaN,,,NaN,,
2024-12-07T02:10:03.000Z,10.796,2,"",M,59.085,2,"",M,6.000,2,"",N,7.536,2,"",M,29.447,2,"",M,8.110,2,"",M,1008.810,2,"",M,407.089,2,"",M,NaN,,,0,NaN,,,M,391.419,2,"",389.881,2,"",NaN,,,NaN,,
2024-12-07T02:11:54.000Z,10.796,2,"",M,59.085,2,"",M,6.000,2,"",N,7.563,2,"",M,29.483,2,"",M,8.080,2,"",M,1008.650,2,"",M,406.788,2,"",M,NaN,,,0,NaN,,,M,392.019,2,"",390.478,2,"",NaN,,,NaN,,
2024-12-07T02:13:46.000Z,10.796,2,"",M,59.085,2,"",M,6.000,2,"",N,7.530,2,"",M,29.383,2,"",M,8.140,2,"",M,1008.510,2,"",M,407.547,2,"",M,NaN,,,0,NaN,,,M,391.142,2,"",389.606,2,"",NaN,,,NaN,,
2024-12-07T02:15:37.000Z,10.796,2,"",M,59.085,2,"",M,6.000,2,"",N,7.699,2,"",M,29.446,2,"",M,8.060,2,"",M,1008.515,2,"",M,408.285,2,"",M,NaN,,,0,NaN,,,M,396.015,2,"",394.458,2,"",NaN,,,NaN,,
2024-12-07T02:17:28.000Z,10.796,2,"",M,59.085,2,"",M,6.000,2,"",N,7.560,2,"",M,29.660,2,"",M,8.320,2,"",M,1008.590,2,"",M,407.945,2,"",M,NaN,,,0,NaN,,,M,389.012,2,"",387.488,2,"",NaN,,,NaN,,
2024-12-07T02:19:20.000Z,10.796,2,"",M,59.085,2,"",M,6.000,2,"",N,7.446,2,"",M,29.157,2,"",M,8.290,2,"",M,1008.550,2,"",M,410.032,2,"",M,NaN,,,0,NaN,,,M,389.608,2,"",388.081,2,"",NaN,,,NaN,,
2024-12-07T02:21:11.000Z,10.796,2,"",M,59.085,2,"",M,6.000,2,"",N,7.443,2,"",M,29.133,2,"",M,8.000,2,"",M,1008.550,2,"",M,410.361,2,"",M,NaN,,,0,NaN,,,M,394.768,2,"",393.215,2,"",NaN,,,NaN,,
2024-12-07T02:23:02.000Z,10.796,2,"",M,59.085,2,"",M,6.000,2,"",N,7.390,2,"",M,29.504,2,"",M,8.090,2,"",M,1008.450,2,"",M,407.252,2,"",M,NaN,,,0,NaN,,,M,389.359,2,"",387.829,2,"",NaN,,,NaN,,
2024-12-07T02:24:54.000Z,10.796,2,"",M,59.085,2,"",M,6.000,2,"",N,7.528,2,"",M,29.410,2,"",M,8.130,2,"",M,1008.550,2,"",M,407.361,2,"",M,NaN,,,0,NaN,,,M,391.104,2,"",389.567,2,"",NaN,,,NaN,,
2024-12-07T02:26:45.000Z,10.796,2,"",M,59.085,2,"",M,6.000,2,"",N,7.731,2,"",M,29.430,2,"",M,8.230,2,"",M,1008.590,2,"",M,408.409,2,"",M,NaN,,,0,NaN,,,M,393.807,2,"",392.262,2,"",NaN,,,NaN,,
2024-12-07T02:28:36.000Z,10.796,2,"",M,59.085,2,"",M,6.000,2,"",N,7.611,2,"",M,29.676,2,"",M,8.190,2,"",M,1008.580,2,"",M,409.148,2,"",M,NaN,,,0,NaN,,,M,393.195,2,"",391.651,2,"",NaN,,,NaN,,
2024-12-07T02:30:28.000Z,10.796,2,"",M,59.085,2,"",M,6.000,2,"",N,7.548,2,"",M,29.475,2,"",M,8.260,2,"",M,1008.490,2,"",M,410.036,2,"",M,NaN,,,0,NaN,,,M,391.792,2,"",390.255,2,"",NaN,,,NaN,,
2024-12-07T02:32:20.000Z,10.796,2,"",M,59.085,2,"",M,6.000,2,"",N,7.635,2,"",M,29.549,2,"",M,8.250,2,"",M,1008.320,2,"",M,411.135,2,"",M,NaN,,,0,NaN,,,M,394.381,2,"",392.835,2,"",NaN,,,NaN,,
2024-12-07T02:34:11.000Z,10.796,2,"",M,59.085,2,"",M,6.000,2,"",N,7.581,2,"",M,29.609,2,"",M,8.270,2,"",M,1008.500,2,"",M,411.224,2,"",M,NaN,,,0,NaN,,,M,393.311,2,"",391.769,2,"",NaN,,,NaN,,
2024-12-07T02:36:03.000Z,10.796,2,"",M,59.085,2,"",M,6.000,2,"",N,7.533,2,"",M,29.322,2,"",M,8.230,2,"",M,1008.550,2,"",M,411.213,2,"",M,NaN,,,0,NaN,,,M,393.199,2,"",391.656,2,"",NaN,,,NaN,,
2024-12-07T02:37:54.000Z,10.796,2,"",M,59.085,2,"",M,6.000,2,"",N,7.654,2,"",M,29.745,2,"",M,8.160,2,"",M,1008.470,2,"",M,410.652,2,"",M,NaN,,,0,NaN,,,M,395.835,2,"",394.281,2,"",NaN,,,NaN,,
2024-12-07T02:39:45.000Z,10.796,2,"",M,59.085,2,"",M,6.000,2,"",N,7.655,2,"",M,29.835,2,"",M,8.260,2,"",M,1008.380,2,"",M,409.992,2,"",M,NaN,,,0,NaN,,,M,393.481,2,"",391.938,2,"",NaN,,,NaN,,
2024-12-07T02:41:37.000Z,10.796,2,"",M,59.085,2,"",M,6.000,2,"",N,7.741,2,"",M,29.718,2,"",M,8.290,2,"",M,1008.140,2,"",M,410.560,2,"",M,NaN,,,0,NaN,,,M,394.857,2,"",393.310,2,"",NaN,,,NaN,,
2024-12-07T02:43:28.000Z,10.796,2,"",M,59.085,2,"",M,6.000,2,"",N,7.687,2,"",M,29.800,2,"",M,8.330,2,"",M,1008.420,2,"",M,410.849,2,"",M,NaN,,,0,NaN,,,M,393.662,2,"",392.119,2,"",NaN,,,NaN,,
2024-12-07T02:45:20.000Z,10.796,2,"",M,59.085,2,"",M,6.000,2,"",N,7.816,2,"",M,29.588,2,"",M,8.360,2,"",M,1008.390,2,"",M,411.518,2,"",M,NaN,,,0,NaN,,,M,395.936,2,"",394.386,2,"",NaN,,,NaN,,
2024-12-07T02:47:11.000Z,10.796,2,"",M,59.085,2,"",M,6.000,2,"",N,7.638,2,"",M,29.554,2,"",M,8.230,2,"",M,1008.310,2,"",M,411.906,2,"",M,NaN,,,0,NaN,,,M,395.520,2,"",393.969,2,"",NaN,,,NaN,,
2024-12-07T02:49:23.000Z,10.796,2,"",M,59.085,2,"",M,6.000,2,"",N,7.677,2,"",M,29.541,2,"",M,8.210,2,"",M,1008.200,2,"",M,411.466,2,"",M,NaN,,,0,NaN,,,M,396.040,2,"",394.487,2,"",NaN,,,NaN,,
2024-12-07T02:51:15.000Z,10.797,2,"",M,59.086,2,"",M,6.000,2,"",N,7.593,2,"",M,29.647,2,"",M,8.240,2,"",M,1008.280,2,"",M,410.625,2,"",M,NaN,,,0,NaN,,,M,393.350,2,"",391.808,2,"",NaN,,,NaN,,
2024-12-07T02:53:06.000Z,10.799,2,"",M,59.086,2,"",M,6.000,2,"",N,6.704,3,"ΔT out of range",M,28.835,2,"",M,8.290,3,"ΔT out of range",M,1008.430,2,"",M,410.424,2,"",M,NaN,,,0,NaN,,,M,377.888,4,"Equilibrator Temperature ΔT out of range (17);Water Temperature Standard deviation is too large;ΔT out of range (65);Too low water flow (19);Standard deviation is too large (2);ΔT out of range (13);Problems with water supply (7);ΔT out of range (35)",376.406,4,"Equilibrator Temperature ΔT out of range (17);Water Temperature Standard deviation is too large;ΔT out of range (65);Too low water flow (19);Standard deviation is too large (2);ΔT out of range (13);Problems with water supply (7);ΔT out of range (35)",NaN,,,NaN,,
2024-12-07T02:54:57.000Z,10.801,2,"",M,59.087,2,"",M,6.000,2,"",N,7.392,2,"",I,27.524,2,"",M,7.811,2,"",I,1008.200,2,"",M,408.355,2,"",M,NaN,,,0,NaN,,,M,395.043,2,"",393.485,2,"",NaN,,,NaN,,
2024-12-07T02:59:27.000Z,10.803,2,"",M,59.088,2,"",M,6.000,2,"",N,NaN,,,M,NaN,,,M,NaN,,,M,NaN,,,M,NaN,,,0,NaN,,,0,NaN,,,M,NaN,,,NaN,,,NaN,,,NaN,,
2024-12-07T03:01:16.000Z,10.803,2,"",M,59.088,2,"",M,6.000,2,"",N,NaN,,,M,NaN,,,M,NaN,,,M,NaN,,,M,NaN,,,0,NaN,,,0,NaN,,,M,NaN,,,NaN,,,NaN,,,NaN,,
2024-12-07T03:03:05.000Z,10.803,2,"",M,59.088,2,"",M,6.000,2,"",N,NaN,,,M,NaN,,,M,NaN,,,M,NaN,,,M,NaN,,,0,NaN,,,0,NaN,,,M,NaN,,,NaN,,,NaN,,,NaN,,
2024-12-07T03:07:34.000Z,10.803,2,"",M,59.088,2,"",M,6.000,2,"",N,NaN,,,M,NaN,,,M,NaN,,,M,NaN,,,M,NaN,,,0,NaN,,,0,NaN,,,M,NaN,,,NaN,,,NaN,,,NaN,,
2024-12-07T03:09:23.000Z,10.803,2,"",M,59.088,2,"",M,6.000,2,"",N,NaN,,,M,NaN,,,M,NaN,,,M,NaN,,,M,NaN,,,0,NaN,,,0,NaN,,,M,NaN,,,NaN,,,NaN,,,NaN,,
2024-12-07T03:11:12.000Z,10.803,2,"",M,59.088,2,"",M,6.000,2,"",N,NaN,,,M,NaN,,,M,NaN,,,M,NaN,,,M,NaN,,,0,NaN,,,0,NaN,,,M,NaN,,,NaN,,,NaN,,,NaN,,
2024-12-07T03:15:41.000Z,10.803,2,"",M,59.088,2,"",M,6.000,2,"",N,NaN,,,M,NaN,,,M,NaN,,,M,NaN,,,M,NaN,,,0,NaN,,,0,NaN,,,M,NaN,,,NaN,,,NaN,,,NaN,,
2024-12-07T03:17:30.000Z,10.803,2,"",M,59.088,2,"",M,6.000,2,"",N,NaN,,,M,NaN,,,M,NaN,,,M,NaN,,,M,NaN,,,0,NaN,,,0,NaN,,,M,NaN,,,NaN,,,NaN,,,NaN,,
2024-12-07T03:19:19.000Z,10.803,2,"",M,59.088,2,"",M,6.000,2,"",N,NaN,,,M,NaN,,,M,NaN,,,M,NaN,,,M,NaN,,,0,NaN,,,0,NaN,,,M,NaN,,,NaN,,,NaN,,,NaN,,
2024-12-07T03:23:48.000Z,10.803,2,"",M,59.088,2,"",M,6.000,2,"",N,7.567,2,"",M,29.460,2,"",M,NaN,,,M,NaN,,,M,NaN,,,0,440.589,2,"",M,1007.600,2,"",M,NaN,,,NaN,,,434.745,2,"",433.023,2,""
2024-12-07T03:25:37.000Z,10.803,2,"",M,59.088,2,"",M,6.000,2,"",N,7.609,2,"",M,29.363,2,"",M,NaN,,,M,NaN,,,M,NaN,,,0,440.670,2,"",M,1007.600,2,"",M,NaN,,,NaN,,,434.813,2,"",433.091,2,""
2024-12-07T03:27:26.000Z,10.803,2,"",M,59.088,2,"",M,6.000,2,"",N,7.525,2,"",M,29.473,2,"",M,NaN,,,M,NaN,,,M,NaN,,,0,440.552,2,"",M,1007.500,2,"",M,NaN,,,NaN,,,434.679,2,"",432.955,2,""
2024-12-07T03:29:15.000Z,10.803,2,"",M,59.088,2,"",M,6.000,2,"",N,7.577,2,"",M,29.286,2,"",M,NaN,,,M,NaN,,,M,NaN,,,0,440.704,2,"",M,1007.500,2,"",M,NaN,,,NaN,,,434.812,2,"",433.089,2,""
2024-12-07T03:31:04.000Z,10.803,2,"",M,59.088,2,"",M,6.000,2,"",N,7.573,2,"",M,29.338,2,"",M,NaN,,,M,NaN,,,M,NaN,,,0,440.865,2,"",M,1007.500,2,"",M,NaN,,,NaN,,,434.973,2,"",433.249,2,""
2024-12-07T03:36:14.000Z,10.803,2,"",M,59.088,2,"",M,6.000,2,"",N,7.889,2,"",M,29.389,2,"",M,8.190,2,"",M,1008.050,2,"",M,409.350,2,"",M,NaN,,,0,NaN,,,M,397.838,2,"",396.277,2,"",NaN,,,NaN,,
2024-12-07T03:38:06.000Z,10.803,2,"",M,59.088,2,"",M,6.000,2,"",N,7.541,2,"",M,29.727,2,"",M,8.370,2,"",M,1007.950,2,"",M,409.092,2,"",M,NaN,,,0,NaN,,,M,388.707,2,"",387.186,2,"",NaN,,,NaN,,
2024-12-07T03:39:57.000Z,10.803,2,"",M,59.088,2,"",M,6.000,2,"",N,7.444,2,"",M,29.379,2,"",M,8.250,2,"",M,1007.900,2,"",M,410.842,2,"",M,NaN,,,0,NaN,,,M,390.770,2,"",389.238,2,"",NaN,,,NaN,,
2024-12-07T03:41:48.000Z,10.803,2,"",M,59.088,2,"",M,6.000,2,"",N,7.642,2,"",M,29.440,2,"",M,8.090,2,"",M,1007.660,2,"",M,410.674,2,"",M,NaN,,,0,NaN,,,M,396.521,2,"",394.964,2,"",NaN,,,NaN,,
2024-12-07T03:43:40.000Z,10.803,2,"",M,59.088,2,"",M,6.000,2,"",N,7.621,2,"",M,29.340,2,"",M,8.240,2,"",M,1007.680,2,"",M,408.527,2,"",M,NaN,,,0,NaN,,,M,391.574,2,"",390.040,2,"",NaN,,,NaN,,
2024-12-07T03:45:31.000Z,10.803,2,"",M,59.088,2,"",M,6.000,2,"",N,7.674,2,"",M,29.431,2,"",M,8.160,2,"",M,1007.900,2,"",M,408.868,2,"",M,NaN,,,0,NaN,,,M,394.217,2,"",392.670,2,"",NaN,,,NaN,,
2024-12-07T03:47:23.000Z,10.803,2,"",M,59.088,2,"",M,6.000,2,"",N,7.629,2,"",M,29.481,2,"",M,8.250,2,"",M,1007.770,2,"",M,408.890,2,"",M,NaN,,,0,NaN,,,M,391.921,2,"",390.385,2,"",NaN,,,NaN,,
2024-12-07T03:49:35.000Z,10.803,2,"",M,59.088,2,"",M,6.000,2,"",N,7.652,2,"",M,29.434,2,"",M,8.250,2,"",M,1007.690,2,"",M,410.031,2,"",M,NaN,,,0,NaN,,,M,393.360,2,"",391.818,2,"",NaN,,,NaN,,
2024-12-07T03:51:26.000Z,10.803,2,"",M,59.088,2,"",M,6.000,2,"",N,7.673,2,"",M,29.569,2,"",M,8.230,2,"",M,1007.550,2,"",M,409.862,2,"",M,NaN,,,0,NaN,,,M,393.839,2,"",392.296,2,"",NaN,,,NaN,,
2024-12-07T03:53:18.000Z,10.803,2,"",M,59.088,2,"",M,6.000,2,"",N,7.690,2,"",I,29.531,2,"",I,8.330,2,"",M,1007.910,2,"",M,409.804,2,"",M,NaN,,,0,NaN,,,M,392.516,2,"",390.980,2,"",NaN,,,NaN,,
2024-12-07T03:55:09.000Z,10.803,2,"",M,59.088,2,"",M,6.000,2,"",N,7.707,2,"",M,29.493,2,"",M,8.340,2,"",M,1007.890,2,"",M,411.305,2,"",M,NaN,,,0,NaN,,,M,394.057,2,"",392.515,2,"",NaN,,,NaN,,
2024-12-07T03:57:00.000Z,10.803,2,"",M,59.088,2,"",M,6.000,2,"",N,7.653,2,"",M,29.477,2,"",M,8.300,2,"",M,1007.840,2,"",M,411.506,2,"",M,NaN,,,0,NaN,,,M,394.001,2,"",392.458,2,"",NaN,,,NaN,,
2024-12-07T03:58:52.000Z,10.803,2,"",M,59.088,2,"",M,6.000,2,"",N,7.645,2,"",M,29.597,2,"",M,8.260,2,"",M,1007.690,2,"",M,411.698,2,"",M,NaN,,,0,NaN,,,M,394.675,2,"",393.128,2,"",NaN,,,NaN,,
2024-12-07T04:00:43.000Z,10.803,2,"",M,59.088,2,"",M,6.000,2,"",N,7.741,2,"",M,29.576,2,"",M,8.340,2,"",M,1007.790,2,"",M,411.440,2,"",M,NaN,,,0,NaN,,,M,394.704,2,"",393.159,2,"",NaN,,,NaN,,
2024-12-07T04:02:34.000Z,10.803,2,"",M,59.088,2,"",M,6.000,2,"",N,7.778,2,"",M,29.643,2,"",M,8.380,2,"",M,1007.830,2,"",M,411.661,2,"",M,NaN,,,0,NaN,,,M,394.874,2,"",393.329,2,"",NaN,,,NaN,,
2024-12-07T04:04:26.000Z,10.803,2,"",M,59.088,2,"",M,6.000,2,"",N,7.569,2,"",I,29.665,2,"",M,8.132,2,"",I,1007.770,2,"",M,412.022,2,"",M,NaN,,,0,NaN,,,M,395.928,2,"",394.374,2,"",NaN,,,NaN,,
2024-12-07T04:06:17.000Z,10.805,2,"",M,59.089,2,"",M,6.000,2,"",N,7.362,2,"",I,28.775,2,"",M,7.886,2,"",I,1007.720,2,"",M,412.484,2,"",M,NaN,,,0,NaN,,,M,397.075,2,"",395.512,2,"",NaN,,,NaN,,
2024-12-07T04:08:08.000Z,10.806,2,"",M,59.090,2,"",M,6.000,2,"",N,7.155,2,"",M,28.660,2,"",M,7.640,2,"",M,1007.680,2,"",M,409.477,2,"",M,NaN,,,0,NaN,,,M,394.885,2,"",393.326,2,"",NaN,,,NaN,,
2024-12-07T04:10:00.000Z,10.806,2,"",M,59.091,2,"",M,6.000,2,"",N,7.269,2,"",M,29.460,2,"",M,7.750,2,"",M,1007.770,2,"",M,401.773,2,"",M,NaN,,,0,NaN,,,M,387.517,2,"",385.989,2,"",NaN,,,NaN,,
2024-12-07T04:11:51.000Z,10.807,2,"",M,59.091,2,"",M,6.000,2,"",N,7.282,2,"",I,25.633,2,"",M,7.480,2,"",I,1007.760,2,"",M,401.364,2,"",M,NaN,,,0,NaN,,,M,391.861,2,"",390.310,2,"",NaN,,,NaN,,
2024-12-07T04:13:42.000Z,10.807,2,"",M,59.092,2,"",M,6.000,2,"",N,7.296,2,"",M,28.266,2,"",M,7.210,2,"",M,1007.790,2,"",M,401.016,2,"",M,NaN,,,0,NaN,,,M,396.341,2,"",394.766,2,"",NaN,,,NaN,,
2024-12-07T04:15:34.000Z,10.807,2,"",M,59.092,2,"",M,6.000,2,"",N,7.288,2,"",M,29.021,2,"",M,7.660,2,"",M,1007.660,2,"",M,391.882,2,"",M,NaN,,,0,NaN,,,M,379.711,2,"",378.212,2,"",NaN,,,NaN,,
2024-12-07T04:17:25.000Z,10.806,2,"",M,59.092,2,"",M,6.000,2,"",N,6.587,3,"ΔT out of range (24)",M,28.021,2,"",M,7.497,2,"",I,1007.540,2,"",M,395.012,2,"",M,NaN,,,0,NaN,,,M,374.130,3,"Water Temperature ΔT out of range (24)",372.649,3,"Water Temperature ΔT out of range (24)",NaN,,,NaN,,
2024-12-07T04:19:16.000Z,10.805,2,"",M,59.092,2,"",M,6.000,2,"",N,7.073,2,"",I,26.994,2,"",M,7.334,2,"",I,1007.670,2,"",M,398.182,2,"",M,NaN,,,0,NaN,,,M,387.710,2,"",386.172,2,"",NaN,,,NaN,,
2024-12-07T04:21:08.000Z,10.804,2,"",M,59.092,2,"",M,6.000,2,"",N,NaN,,,0,26.753,2,"",I,7.170,2,"",M,1007.630,2,"",M,392.986,2,"",M,NaN,,,0,NaN,,,M,NaN,,,NaN,,,NaN,,,NaN,,
2024-12-07T04:22:59.000Z,10.805,2,"",M,59.093,2,"",M,6.000,2,"",N,6.856,2,"",M,26.514,2,"",M,7.050,2,"",M,1007.530,2,"",M,386.791,2,"",M,NaN,,,0,NaN,,,M,377.724,2,"",376.221,2,"",NaN,,,NaN,,
2024-12-07T04:24:50.000Z,10.805,2,"",M,59.092,2,"",M,6.000,2,"",N,7.327,2,"",M,27.790,2,"",M,7.230,2,"",M,1007.390,2,"",M,382.055,2,"",M,NaN,,,0,NaN,,,M,377.615,2,"",376.116,2,"",NaN,,,NaN,,
2024-12-07T04:26:42.000Z,10.805,2,"",M,59.092,2,"",M,6.000,2,"",N,7.289,2,"",M,28.711,2,"",M,7.660,2,"",M,1007.450,2,"",M,383.785,2,"",M,NaN,,,0,NaN,,,M,371.800,2,"",370.332,2,"",NaN,,,NaN,,
2024-12-07T04:28:33.000Z,10.805,2,"",M,59.092,2,"",M,6.000,2,"",N,7.406,2,"",M,28.754,2,"",M,7.960,2,"",M,1007.370,2,"",M,391.633,2,"",M,NaN,,,0,NaN,,,M,376.369,2,"",374.889,2,"",NaN,,,NaN,,
2024-12-07T04:30:24.000Z,10.806,2,"",M,59.092,2,"",M,6.000,2,"",N,6.794,2,"",I,27.558,2,"",M,7.517,2,"",I,1007.440,2,"",M,398.401,2,"",M,NaN,,,0,NaN,,,M,380.295,2,"",378.791,2,"",NaN,,,NaN,,
2024-12-07T04:32:16.000Z,10.809,2,"",M,59.091,2,"",M,6.000,2,"",N,6.177,2,"",M,27.367,2,"",M,7.070,2,"",M,1007.300,2,"",M,398.513,2,"",M,NaN,,,0,NaN,,,M,377.737,2,"",376.234,2,"",NaN,,,NaN,,
2024-12-07T04:34:07.000Z,10.809,2,"",M,59.091,2,"",M,6.000,2,"",N,7.044,2,"",M,26.222,2,"",M,7.190,2,"",M,1007.190,2,"",M,387.430,2,"",M,NaN,,,0,NaN,,,M,378.946,2,"",377.441,2,"",NaN,,,NaN,,
2024-12-07T04:35:58.000Z,10.809,2,"",M,59.091,2,"",M,6.000,2,"",N,7.567,2,"",M,28.972,2,"",M,7.280,2,"",M,1007.370,2,"",M,383.753,2,"",M,NaN,,,0,NaN,,,M,382.340,2,"",380.823,2,"",NaN,,,NaN,,
2024-12-07T04:37:50.000Z,10.809,2,"",M,59.091,2,"",M,6.000,2,"",N,7.309,2,"",M,28.881,2,"",M,8.130,2,"",M,1007.370,2,"",M,387.493,2,"",M,NaN,,,0,NaN,,,M,368.160,2,"",366.716,2,"",NaN,,,NaN,,
2024-12-07T04:39:41.000Z,10.809,2,"",M,59.091,2,"",M,6.000,2,"",N,7.291,2,"",M,28.594,2,"",M,7.980,2,"",M,1007.210,2,"",M,399.179,2,"",M,NaN,,,0,NaN,,,M,381.367,2,"",379.868,2,"",NaN,,,NaN,,
2024-12-07T04:41:33.000Z,10.809,2,"",M,59.091,2,"",M,6.000,2,"",N,7.262,2,"",M,28.693,2,"",M,7.880,2,"",M,1007.080,2,"",M,402.239,2,"",M,NaN,,,0,NaN,,,M,385.426,2,"",383.910,2,"",NaN,,,NaN,,
2024-12-07T04:43:25.000Z,10.809,2,"",M,59.091,2,"",M,6.000,2,"",N,7.174,2,"",M,28.804,2,"",M,7.890,2,"",M,1007.080,2,"",M,401.311,2,"",M,NaN,,,0,NaN,,,M,382.951,2,"",381.444,2,"",NaN,,,NaN,,
2024-12-07T04:45:16.000Z,10.809,2,"",M,59.091,2,"",M,6.000,2,"",N,7.328,2,"",M,28.697,2,"",M,7.900,2,"",M,1007.170,2,"",M,401.292,2,"",M,NaN,,,0,NaN,,,M,385.306,2,"",383.790,2,"",NaN,,,NaN,,
2024-12-07T04:47:07.000Z,10.809,2,"",M,59.091,2,"",M,6.000,2,"",N,7.541,2,"",M,28.965,2,"",M,7.930,2,"",M,1007.000,2,"",M,401.084,2,"",M,NaN,,,0,NaN,,,M,388.016,2,"",386.490,2,"",NaN,,,NaN,,
2024-12-07T04:48:59.000Z,10.809,2,"",M,59.091,2,"",M,6.000,2,"",N,7.509,2,"",M,29.150,2,"",M,8.120,2,"",M,1006.930,2,"",M,401.815,2,"",M,NaN,,,0,NaN,,,M,385.005,2,"",383.495,2,"",NaN,,,NaN,,
2024-12-07T04:51:11.000Z,10.809,2,"",M,59.091,2,"",M,6.000,2,"",N,7.560,2,"",M,29.194,2,"",M,8.140,2,"",M,1006.820,2,"",M,405.715,2,"",M,NaN,,,0,NaN,,,M,389.212,2,"",387.686,2,"",NaN,,,NaN,,
2024-12-07T04:53:03.000Z,10.809,2,"",M,59.091,2,"",M,6.000,2,"",N,7.597,2,"",M,29.236,2,"",M,8.200,2,"",M,1006.880,2,"",M,407.106,2,"",M,NaN,,,0,NaN,,,M,390.164,2,"",388.635,2,"",NaN,,,NaN,,
2024-12-07T04:54:55.000Z,10.809,2,"",M,59.091,2,"",M,6.000,2,"",N,7.653,2,"",M,29.227,2,"",M,8.240,2,"",M,1006.830,2,"",M,408.397,2,"",M,NaN,,,0,NaN,,,M,391.642,2,"",390.108,2,"",NaN,,,NaN,,
2024-12-07T04:56:46.000Z,10.809,2,"",M,59.091,2,"",M,6.000,2,"",N,7.684,2,"",M,29.401,2,"",M,8.230,2,"",M,1006.763,2,"",M,409.648,2,"",M,NaN,,,0,NaN,,,M,393.501,2,"",391.960,2,"",NaN,,,NaN,,
2024-12-07T04:58:38.000Z,10.809,2,"",M,59.091,2,"",M,6.000,2,"",N,7.700,2,"",I,29.353,2,"",I,8.300,2,"",M,1006.650,2,"",M,410.180,2,"",M,NaN,,,0,NaN,,,M,393.041,2,"",391.504,2,"",NaN,,,NaN,,
2024-12-07T05:00:29.000Z,10.809,2,"",M,59.091,2,"",M,6.000,2,"",N,7.715,2,"",M,29.306,2,"",M,8.300,2,"",M,1006.720,2,"",M,410.971,2,"",M,NaN,,,0,NaN,,,M,394.085,2,"",392.543,2,"",NaN,,,NaN,,
2024-12-07T05:02:20.000Z,10.809,2,"",M,59.091,2,"",M,6.000,2,"",N,7.648,2,"",M,29.184,2,"",M,8.320,2,"",M,1007.290,2,"",M,411.143,2,"",M,NaN,,,0,NaN,,,M,393.010,2,"",391.472,2,"",NaN,,,NaN,,
2024-12-07T05:04:12.000Z,10.809,2,"",M,59.091,2,"",M,6.000,2,"",N,7.379,2,"",I,29.045,2,"",M,8.114,2,"",I,1007.310,2,"",M,410.714,2,"",M,NaN,,,0,NaN,,,M,391.626,2,"",390.089,2,"",NaN,,,NaN,,
2024-12-07T05:06:03.000Z,10.809,2,"",M,59.091,2,"",M,6.000,2,"",N,7.112,2,"",M,28.315,2,"",M,7.910,2,"",M,1007.210,2,"",M,410.156,2,"",M,NaN,,,0,NaN,,,M,390.081,2,"",388.547,2,"",NaN,,,NaN,,
2024-12-07T05:07:54.000Z,10.808,2,"",M,59.091,2,"",M,6.000,2,"",N,7.041,2,"",M,28.505,2,"",M,7.810,2,"",M,1007.110,2,"",M,405.030,2,"",M,NaN,,,0,NaN,,,M,385.661,2,"",384.142,2,"",NaN,,,NaN,,
2024-12-07T05:09:46.000Z,10.808,2,"",M,59.091,2,"",M,6.000,2,"",N,7.019,2,"",M,28.431,2,"",M,7.680,2,"",M,1007.060,2,"",M,400.473,2,"",M,NaN,,,0,NaN,,,M,383.082,2,"",381.570,2,"",NaN,,,NaN,,
2024-12-07T05:11:37.000Z,10.808,2,"",M,59.091,2,"",M,6.000,2,"",N,6.985,2,"",M,28.318,2,"",M,7.670,2,"",M,1007.310,2,"",M,398.885,2,"",M,NaN,,,0,NaN,,,M,381.270,2,"",379.766,2,"",NaN,,,NaN,,
2024-12-07T05:13:28.000Z,10.808,2,"",M,59.091,2,"",M,6.000,2,"",N,6.937,2,"",M,28.443,2,"",M,7.640,2,"",M,1007.250,2,"",M,397.747,2,"",M,NaN,,,0,NaN,,,M,379.880,2,"",378.380,2,"",NaN,,,NaN,,
2024-12-07T05:15:20.000Z,10.807,2,"",M,59.092,2,"",M,6.000,2,"",N,6.836,2,"",M,28.323,2,"",M,7.570,2,"",M,1007.140,2,"",M,397.119,2,"",M,NaN,,,0,NaN,,,M,378.766,2,"",377.269,2,"",NaN,,,NaN,,
2024-12-07T05:17:11.000Z,10.807,2,"",M,59.092,2,"",M,6.000,2,"",N,6.836,2,"",M,28.297,2,"",M,7.510,2,"",M,1007.030,2,"",M,396.581,2,"",M,NaN,,,0,NaN,,,M,379.192,2,"",377.693,2,"",NaN,,,NaN,,
2024-12-07T05:19:02.000Z,10.807,2,"",M,59.092,2,"",M,6.000,2,"",N,6.980,2,"",M,28.726,2,"",M,7.480,2,"",M,1007.100,2,"",M,395.622,2,"",M,NaN,,,0,NaN,,,M,381.107,2,"",379.600,2,"",NaN,,,NaN,,
2024-12-07T05:20:54.000Z,10.807,2,"",M,59.092,2,"",M,6.000,2,"",N,7.342,2,"",M,28.819,2,"",M,7.660,2,"",M,1007.310,2,"",M,395.634,2,"",M,NaN,,,0,NaN,,,M,384.087,2,"",382.571,2,"",NaN,,,NaN,,
2024-12-07T05:22:45.000Z,10.807,2,"",M,59.092,2,"",M,6.000,2,"",N,7.497,2,"",M,29.277,2,"",M,7.830,2,"",M,1007.150,2,"",M,397.935,2,"",M,NaN,,,0,NaN,,,M,385.972,2,"",384.452,2,"",NaN,,,NaN,,
2024-12-07T05:24:37.000Z,10.807,2,"",M,59.092,2,"",M,6.000,2,"",N,7.586,2,"",M,29.355,2,"",M,8.050,2,"",M,1007.040,2,"",M,400.915,2,"",M,NaN,,,0,NaN,,,M,386.600,2,"",385.082,2,"",NaN,,,NaN,,
2024-12-07T05:26:28.000Z,10.807,2,"",M,59.092,2,"",M,6.000,2,"",N,7.597,2,"",M,29.518,2,"",M,8.160,2,"",M,1006.810,2,"",M,404.616,2,"",M,NaN,,,0,NaN,,,M,388.433,2,"",386.911,2,"",NaN,,,NaN,,
2024-12-07T05:28:19.000Z,10.807,2,"",M,59.092,2,"",M,6.000,2,"",N,7.617,2,"",M,29.480,2,"",M,8.230,2,"",M,1007.160,2,"",M,407.996,2,"",M,NaN,,,0,NaN,,,M,390.961,2,"",389.429,2,"",NaN,,,NaN,,
2024-12-07T05:30:11.000Z,10.807,2,"",M,59.092,2,"",M,6.000,2,"",N,7.670,2,"",M,29.412,2,"",M,8.270,2,"",M,1007.230,2,"",M,409.757,2,"",M,NaN,,,0,NaN,,,M,392.873,2,"",391.335,2,"",NaN,,,NaN,,
2024-12-07T05:32:02.000Z,10.807,2,"",M,59.092,2,"",M,6.000,2,"",N,7.755,2,"",M,29.606,2,"",M,8.230,2,"",M,1007.170,2,"",M,410.878,2,"",M,NaN,,,0,NaN,,,M,396.038,2,"",394.487,2,"",NaN,,,NaN,,
2024-12-07T05:33:54.000Z,10.807,2,"",M,59.092,2,"",M,6.000,2,"",N,7.637,2,"",M,29.624,2,"",M,8.340,2,"",M,1006.930,2,"",M,411.130,2,"",M,NaN,,,0,NaN,,,M,392.349,2,"",390.815,2,"",NaN,,,NaN,,
2024-12-07T05:35:46.000Z,10.807,2,"",M,59.092,2,"",M,6.000,2,"",N,7.679,2,"",M,29.546,2,"",M,8.310,2,"",M,1006.830,2,"",M,412.541,2,"",M,NaN,,,0,NaN,,,M,394.867,2,"",393.322,2,"",NaN,,,NaN,,
2024-12-07T05:37:37.000Z,10.807,2,"",M,59.092,2,"",M,6.000,2,"",N,7.704,2,"",M,29.534,2,"",M,8.310,2,"",M,1007.130,2,"",M,412.533,2,"",M,NaN,,,0,NaN,,,M,395.387,2,"",393.840,2,"",NaN,,,NaN,,
2024-12-07T05:39:29.000Z,10.807,2,"",M,59.092,2,"",M,6.000,2,"",N,7.549,2,"",M,29.329,2,"",M,8.340,2,"",M,1007.060,2,"",M,412.174,2,"",M,NaN,,,0,NaN,,,M,391.937,2,"",390.404,2,"",NaN,,,NaN,,
2024-12-07T05:41:20.000Z,10.807,2,"",M,59.092,2,"",M,6.000,2,"",N,7.389,2,"",M,29.211,2,"",M,8.170,2,"",M,1007.080,2,"",M,412.036,2,"",M,NaN,,,0,NaN,,,M,392.020,2,"",390.483,2,"",NaN,,,NaN,,
2024-12-07T05:43:11.000Z,10.807,2,"",M,59.092,2,"",M,6.000,2,"",N,7.580,2,"",M,29.012,2,"",M,8.190,2,"",M,1007.090,2,"",M,410.058,2,"",M,NaN,,,0,NaN,,,M,392.964,2,"",391.424,2,"",NaN,,,NaN,,
2024-12-07T05:45:03.000Z,10.807,2,"",M,59.092,2,"",M,6.000,2,"",N,7.658,2,"",M,29.185,2,"",M,8.060,2,"",M,1006.850,2,"",M,408.560,2,"",M,NaN,,,0,NaN,,,M,394.938,2,"",393.388,2,"",NaN,,,NaN,,
2024-12-07T05:46:54.000Z,10.807,2,"",M,59.092,2,"",M,6.000,2,"",N,7.779,2,"",M,29.485,2,"",M,8.230,2,"",M,1007.150,2,"",M,407.062,2,"",M,NaN,,,0,NaN,,,M,392.739,2,"",391.200,2,"",NaN,,,NaN,,
2024-12-07T05:48:46.000Z,10.806,2,"",M,59.092,2,"",M,6.000,2,"",N,7.179,2,"",I,28.440,2,"",M,7.867,2,"",I,1007.060,2,"",M,408.863,2,"",M,NaN,,,0,NaN,,,M,390.608,2,"",389.071,2,"",NaN,,,NaN,,
2024-12-07T05:50:58.000Z,10.805,2,"",M,59.095,2,"",M,6.000,2,"",N,6.473,2,"",M,27.495,2,"",M,7.440,2,"",M,1006.950,2,"",M,406.986,2,"",M,NaN,,,0,NaN,,,M,384.321,2,"",382.800,2,"",NaN,,,NaN,,
2024-12-07T05:52:49.000Z,10.803,2,"",M,59.098,2,"",M,6.000,2,"",N,6.588,2,"",M,27.208,2,"",M,7.290,2,"",M,1006.790,2,"",M,396.360,2,"",M,NaN,,,0,NaN,,,M,378.491,2,"",376.991,2,"",NaN,,,NaN,,
2024-12-07T05:54:41.000Z,10.800,2,"",M,59.102,2,"",M,6.000,2,"",N,6.414,2,"",M,26.915,2,"",M,7.210,2,"",M,1007.020,2,"",M,390.383,2,"",M,NaN,,,0,NaN,,,M,371.403,2,"",369.928,2,"",NaN,,,NaN,,
2024-12-07T05:56:32.000Z,10.798,2,"",M,59.106,2,"",M,6.000,2,"",N,6.630,2,"",M,27.289,2,"",M,7.110,2,"",M,1007.050,2,"",M,387.385,2,"",M,NaN,,,0,NaN,,,M,373.559,2,"",372.074,2,"",NaN,,,NaN,,
2024-12-07T05:58:24.000Z,10.794,2,"",M,59.109,2,"",M,6.000,2,"",N,6.701,2,"",M,27.927,2,"",M,7.210,2,"",M,1006.990,2,"",M,385.227,2,"",M,NaN,,,0,NaN,,,M,370.965,2,"",369.493,2,"",NaN,,,NaN,,
2024-12-07T06:00:15.000Z,10.793,2,"",M,59.111,2,"",M,6.000,2,"",N,6.630,2,"",M,28.001,2,"",M,7.340,2,"",M,1006.800,2,"",M,386.129,2,"",M,NaN,,,0,NaN,,,M,368.587,2,"",367.126,2,"",NaN,,,NaN,,
2024-12-07T06:02:06.000Z,10.793,2,"",M,59.111,2,"",M,6.000,2,"",N,6.741,2,"",M,27.536,2,"",M,7.320,2,"",M,1006.540,2,"",M,388.849,2,"",M,NaN,,,0,NaN,,,M,373.161,2,"",371.683,2,"",NaN,,,NaN,,
2024-12-07T06:03:58.000Z,10.792,2,"",M,59.111,2,"",M,6.000,2,"",N,6.880,2,"",I,28.203,2,"",I,7.480,2,"",M,1006.890,2,"",M,389.391,2,"",M,NaN,,,0,NaN,,,M,373.431,2,"",371.954,2,"",NaN,,,NaN,,
2024-12-07T06:05:49.000Z,10.792,2,"",M,59.111,2,"",M,6.000,2,"",N,7.017,2,"",M,28.864,2,"",M,7.620,2,"",M,1006.900,2,"",M,390.242,2,"",M,NaN,,,0,NaN,,,M,374.171,2,"",372.694,2,"",NaN,,,NaN,,
2024-12-07T06:07:40.000Z,10.793,2,"",M,59.111,2,"",M,6.000,2,"",N,6.926,2,"",I,26.506,2,"",M,7.471,2,"",I,1006.850,2,"",M,394.103,2,"",M,NaN,,,0,NaN,,,M,378.829,2,"",377.331,2,"",NaN,,,NaN,,
2024-12-07T06:09:32.000Z,10.793,2,"",M,59.111,2,"",M,6.000,2,"",N,6.835,2,"",M,28.032,2,"",M,7.320,2,"",M,1006.630,2,"",M,393.364,2,"",M,NaN,,,0,NaN,,,M,379.028,2,"",377.526,2,"",NaN,,,NaN,,
2024-12-07T06:11:23.000Z,10.793,2,"",M,59.110,2,"",M,6.000,2,"",N,6.899,2,"",M,27.623,2,"",M,7.540,2,"",M,1006.620,2,"",M,387.297,2,"",M,NaN,,,0,NaN,,,M,370.662,2,"",369.198,2,"",NaN,,,NaN,,
2024-12-07T06:13:15.000Z,10.794,2,"",M,59.110,2,"",M,6.000,2,"",N,6.927,2,"",M,28.120,2,"",M,7.490,2,"",M,1006.990,2,"",M,388.248,2,"",M,NaN,,,0,NaN,,,M,372.956,2,"",371.481,2,"",NaN,,,NaN,,
2024-12-07T06:15:07.000Z,10.794,2,"",M,59.110,2,"",M,6.000,2,"",N,6.668,2,"",M,27.546,2,"",M,7.560,2,"",M,1006.910,2,"",M,389.770,2,"",M,NaN,,,0,NaN,,,M,369.188,2,"",367.730,2,"",NaN,,,NaN,,
2024-12-07T06:16:58.000Z,10.794,2,"",M,59.110,2,"",M,6.000,2,"",N,7.135,2,"",M,28.703,2,"",M,7.320,2,"",M,1006.810,2,"",M,391.121,2,"",M,NaN,,,0,NaN,,,M,381.755,2,"",380.242,2,"",NaN,,,NaN,,
2024-12-07T06:18:50.000Z,10.794,2,"",M,59.110,2,"",M,6.000,2,"",N,7.331,2,"",M,28.583,2,"",M,7.690,2,"",M,1006.630,2,"",M,390.702,2,"",M,NaN,,,0,NaN,,,M,378.375,2,"",376.883,2,"",NaN,,,NaN,,
2024-12-07T06:20:41.000Z,10.794,2,"",M,59.110,2,"",M,6.000,2,"",N,7.514,2,"",M,29.193,2,"",M,7.890,2,"",M,1006.920,2,"",M,395.103,2,"",M,NaN,,,0,NaN,,,M,382.424,2,"",380.920,2,"",NaN,,,NaN,,
2024-12-07T06:22:32.000Z,10.794,2,"",M,59.110,2,"",M,6.000,2,"",N,7.591,2,"",M,29.283,2,"",M,8.140,2,"",M,1007.080,2,"",M,399.434,2,"",M,NaN,,,0,NaN,,,M,383.791,2,"",382.285,2,"",NaN,,,NaN,,
2024-12-07T06:24:24.000Z,10.794,2,"",M,59.110,2,"",M,6.000,2,"",N,7.659,2,"",M,29.408,2,"",M,8.150,2,"",M,1006.990,2,"",M,404.484,2,"",M,NaN,,,0,NaN,,,M,389.559,2,"",388.032,2,"",NaN,,,NaN,,
2024-12-07T06:26:15.000Z,10.794,2,"",M,59.110,2,"",M,6.000,2,"",N,7.490,2,"",M,29.325,2,"",M,8.220,2,"",M,1006.830,2,"",M,407.795,2,"",M,NaN,,,0,NaN,,,M,388.719,2,"",387.197,2,"",NaN,,,NaN,,
2024-12-07T06:28:07.000Z,10.794,2,"",M,59.110,2,"",M,6.000,2,"",N,7.763,2,"",M,29.205,2,"",M,8.180,2,"",M,1006.670,2,"",M,409.027,2,"",M,NaN,,,0,NaN,,,M,395.036,2,"",393.488,2,"",NaN,,,NaN,,
2024-12-07T06:29:58.000Z,10.794,2,"",M,59.110,2,"",M,6.000,2,"",N,7.427,2,"",M,29.101,2,"",M,8.300,2,"",M,1006.940,2,"",M,408.748,2,"",M,NaN,,,0,NaN,,,M,387.291,2,"",385.776,2,"",NaN,,,NaN,,
2024-12-07T06:31:49.000Z,10.794,2,"",M,59.110,2,"",M,6.000,2,"",N,7.340,2,"",M,28.353,2,"",M,8.140,2,"",M,1006.920,2,"",M,409.420,2,"",M,NaN,,,0,NaN,,,M,389.169,2,"",387.643,2,"",NaN,,,NaN,,
2024-12-07T06:33:41.000Z,10.794,2,"",M,59.110,2,"",M,6.000,2,"",N,7.488,2,"",M,28.820,2,"",M,7.930,2,"",M,1006.810,2,"",M,406.602,2,"",M,NaN,,,0,NaN,,,M,392.404,2,"",390.861,2,"",NaN,,,NaN,,
2024-12-07T06:35:32.000Z,10.794,2,"",M,59.110,2,"",M,6.000,2,"",N,7.372,2,"",M,28.986,2,"",M,8.020,2,"",M,1006.730,2,"",M,402.254,2,"",M,NaN,,,0,NaN,,,M,384.786,2,"",383.275,2,"",NaN,,,NaN,,
2024-12-07T06:37:23.000Z,10.794,2,"",M,59.110,2,"",M,6.000,2,"",N,7.361,2,"",M,29.091,2,"",M,7.970,2,"",M,1006.630,2,"",M,402.686,2,"",M,NaN,,,0,NaN,,,M,385.809,2,"",384.294,2,"",NaN,,,NaN,,
2024-12-07T06:39:16.000Z,10.794,2,"",M,59.110,2,"",M,6.000,2,"",N,7.464,2,"",M,29.009,2,"",M,8.030,2,"",M,1006.870,2,"",M,403.877,2,"",M,NaN,,,0,NaN,,,M,387.731,2,"",386.209,2,"",NaN,,,NaN,,
2024-12-07T06:41:07.000Z,10.794,2,"",M,59.110,2,"",M,6.000,2,"",N,7.612,2,"",M,29.108,2,"",M,8.090,2,"",M,1006.830,2,"",M,405.188,2,"",M,NaN,,,0,NaN,,,M,390.403,2,"",388.871,2,"",NaN,,,NaN,,
2024-12-07T06:45:36.000Z,10.794,2,"",M,59.110,2,"",M,6.000,2,"",N,NaN,,,M,NaN,,,M,NaN,,,M,NaN,,,M,NaN,,,0,NaN,,,0,NaN,,,M,NaN,,,NaN,,,NaN,,,NaN,,
2024-12-07T06:47:25.000Z,10.794,2,"",M,59.110,2,"",M,6.000,2,"",N,NaN,,,M,NaN,,,M,NaN,,,M,NaN,,,M,NaN,,,0,NaN,,,0,NaN,,,M,NaN,,,NaN,,,NaN,,,NaN,,
2024-12-07T06:49:16.000Z,10.794,2,"",M,59.110,2,"",M,6.000,2,"",N,NaN,,,M,NaN,,,M,NaN,,,M,NaN,,,M,NaN,,,0,NaN,,,0,NaN,,,M,NaN,,,NaN,,,NaN,,,NaN,,
2024-12-07T06:54:06.000Z,10.794,2,"",M,59.110,2,"",M,6.000,2,"",N,NaN,,,M,NaN,,,M,NaN,,,M,NaN,,,M,NaN,,,0,NaN,,,0,NaN,,,M,NaN,,,NaN,,,NaN,,,NaN,,
2024-12-07T06:55:55.000Z,10.794,2,"",M,59.110,2,"",M,6.000,2,"",N,NaN,,,M,NaN,,,M,NaN,,,M,NaN,,,M,NaN,,,0,NaN,,,0,NaN,,,M,NaN,,,NaN,,,NaN,,,NaN,,
2024-12-07T06:57:44.000Z,10.794,2,"",M,59.110,2,"",M,6.000,2,"",N,NaN,,,M,NaN,,,M,NaN,,,M,NaN,,,M,NaN,,,0,NaN,,,0,NaN,,,M,NaN,,,NaN,,,NaN,,,NaN,,
2024-12-07T07:02:13.000Z,10.794,2,"",M,59.110,2,"",M,6.000,2,"",N,NaN,,,M,NaN,,,M,NaN,,,M,NaN,,,M,NaN,,,0,NaN,,,0,NaN,,,M,NaN,,,NaN,,,NaN,,,NaN,,
2024-12-07T07:04:02.000Z,10.794,2,"",M,59.110,2,"",M,6.000,2,"",N,NaN,,,M,NaN,,,M,NaN,,,M,NaN,,,M,NaN,,,0,NaN,,,0,NaN,,,M,NaN,,,NaN,,,NaN,,,NaN,,
2024-12-07T07:05:51.000Z,10.794,2,"",M,59.110,2,"",M,6.000,2,"",N,NaN,,,M,NaN,,,M,NaN,,,M,NaN,,,M,NaN,,,0,NaN,,,0,NaN,,,M,NaN,,,NaN,,,NaN,,,NaN,,
2024-12-07T07:11:00.000Z,10.794,2,"",M,59.110,2,"",M,6.000,2,"",N,NaN,,,M,NaN,,,M,NaN,,,M,NaN,,,M,NaN,,,0,NaN,,,0,NaN,,,M,NaN,,,NaN,,,NaN,,,NaN,,
2024-12-07T07:15:33.000Z,10.794,2,"",M,59.110,2,"",M,6.000,2,"",N,NaN,,,M,NaN,,,M,NaN,,,M,NaN,,,M,NaN,,,0,NaN,,,0,NaN,,,M,NaN,,,NaN,,,NaN,,,NaN,,
2024-12-07T07:20:03.000Z,10.794,2,"",M,59.110,2,"",M,6.000,2,"",N,NaN,,,M,NaN,,,M,NaN,,,M,NaN,,,M,NaN,,,0,NaN,,,0,NaN,,,M,NaN,,,NaN,,,NaN,,,NaN,,
2024-12-07T07:21:52.000Z,10.794,2,"",M,59.110,2,"",M,6.000,2,"",N,NaN,,,M,NaN,,,M,NaN,,,M,NaN,,,M,NaN,,,0,NaN,,,0,NaN,,,M,NaN,,,NaN,,,NaN,,,NaN,,
2024-12-07T07:23:41.000Z,10.794,2,"",M,59.110,2,"",M,6.000,2,"",N,NaN,,,M,NaN,,,M,NaN,,,M,NaN,,,M,NaN,,,0,NaN,,,0,NaN,,,M,NaN,,,NaN,,,NaN,,,NaN,,
2024-12-07T07:28:10.000Z,10.794,2,"",M,59.110,2,"",M,6.000,2,"",N,NaN,,,M,NaN,,,M,NaN,,,M,NaN,,,M,NaN,,,0,NaN,,,0,NaN,,,M,NaN,,,NaN,,,NaN,,,NaN,,
2024-12-07T07:29:59.000Z,10.794,2,"",M,59.110,2,"",M,6.000,2,"",N,NaN,,,M,NaN,,,M,NaN,,,M,NaN,,,M,NaN,,,0,NaN,,,0,NaN,,,M,NaN,,,NaN,,,NaN,,,NaN,,
2024-12-07T07:31:48.000Z,10.794,2,"",M,59.110,2,"",M,6.000,2,"",N,NaN,,,M,NaN,,,M,NaN,,,M,NaN,,,M,NaN,,,0,NaN,,,0,NaN,,,M,NaN,,,NaN,,,NaN,,,NaN,,
2024-12-07T07:36:17.000Z,10.794,2,"",M,59.110,2,"",M,6.000,2,"",N,NaN,,,M,NaN,,,M,NaN,,,M,NaN,,,M,NaN,,,0,NaN,,,0,NaN,,,M,NaN,,,NaN,,,NaN,,,NaN,,
2024-12-07T07:38:07.000Z,10.794,2,"",M,59.111,2,"",M,6.000,2,"",N,NaN,,,M,NaN,,,M,NaN,,,M,NaN,,,M,NaN,,,0,NaN,,,0,NaN,,,M,NaN,,,NaN,,,NaN,,,NaN,,
2024-12-07T07:39:57.000Z,10.793,2,"",M,59.111,2,"",M,6.000,2,"",N,NaN,,,M,NaN,,,M,NaN,,,M,NaN,,,M,NaN,,,0,NaN,,,0,NaN,,,M,NaN,,,NaN,,,NaN,,,NaN,,
2024-12-07T07:44:27.000Z,10.793,2,"",M,59.113,2,"",M,6.000,2,"",N,7.461,2,"",M,29.172,2,"",M,NaN,,,M,NaN,,,M,NaN,,,0,441.367,2,"",M,1006.400,2,"",M,NaN,,,NaN,,,435.021,2,"",433.297,2,""
2024-12-07T07:46:16.000Z,10.793,2,"",M,59.114,2,"",M,6.000,2,"",N,7.398,2,"",M,29.131,2,"",M,NaN,,,M,NaN,,,M,NaN,,,0,441.067,2,"",M,1006.400,2,"",M,NaN,,,NaN,,,434.745,2,"",433.020,2,""
2024-12-07T07:48:05.000Z,10.792,2,"",M,59.114,2,"",M,6.000,2,"",N,7.299,2,"",M,29.111,2,"",M,NaN,,,M,NaN,,,M,NaN,,,0,441.167,2,"",M,1006.400,2,"",M,NaN,,,NaN,,,434.874,2,"",433.147,2,""
2024-12-07T07:49:54.000Z,10.792,2,"",M,59.114,2,"",M,6.000,2,"",N,7.399,2,"",M,28.853,2,"",M,NaN,,,M,NaN,,,M,NaN,,,0,440.928,2,"",M,1006.400,2,"",M,NaN,,,NaN,,,434.607,2,"",432.883,2,""
2024-12-07T07:51:43.000Z,10.792,2,"",M,59.114,2,"",M,6.000,2,"",N,7.394,2,"",M,28.939,2,"",M,NaN,,,M,NaN,,,M,NaN,,,0,441.288,2,"",M,1006.400,2,"",M,NaN,,,NaN,,,434.964,2,"",433.238,2,""
2024-12-07T07:56:53.000Z,10.792,2,"",M,59.114,2,"",M,6.000,2,"",N,7.281,2,"",M,28.601,2,"",M,8.070,2,"",M,1007.130,2,"",M,405.881,2,"",M,NaN,,,0,NaN,,,M,386.086,2,"",384.570,2,"",NaN,,,NaN,,
2024-12-07T07:58:45.000Z,10.792,2,"",M,59.114,2,"",M,6.000,2,"",N,7.311,2,"",M,28.960,2,"",M,7.910,2,"",M,1007.070,2,"",M,405.432,2,"",M,NaN,,,0,NaN,,,M,388.791,2,"",387.262,2,"",NaN,,,NaN,,
2024-12-07T08:00:36.000Z,10.792,2,"",M,59.114,2,"",M,6.000,2,"",N,7.318,2,"",M,29.056,2,"",M,7.940,2,"",M,1007.010,2,"",M,403.631,2,"",M,NaN,,,0,NaN,,,M,386.648,2,"",385.128,2,"",NaN,,,NaN,,
2024-12-07T08:02:28.000Z,10.792,2,"",M,59.114,2,"",M,6.000,2,"",N,7.325,2,"",I,29.081,2,"",I,7.940,2,"",M,1006.850,2,"",M,403.862,2,"",M,NaN,,,0,NaN,,,M,386.931,2,"",385.410,2,"",NaN,,,NaN,,
2024-12-07T08:04:19.000Z,10.792,2,"",M,59.114,2,"",M,6.000,2,"",N,7.333,2,"",M,29.105,2,"",M,7.950,2,"",M,1007.110,2,"",M,404.053,2,"",M,NaN,,,0,NaN,,,M,387.171,2,"",385.649,2,"",NaN,,,NaN,,
2024-12-07T08:06:10.000Z,10.792,2,"",M,59.114,2,"",M,6.000,2,"",N,7.329,2,"",M,29.126,2,"",M,7.980,2,"",M,1007.170,2,"",M,404.363,2,"",M,NaN,,,0,NaN,,,M,386.930,2,"",385.409,2,"",NaN,,,NaN,,
2024-12-07T08:08:02.000Z,10.792,2,"",M,59.114,2,"",M,6.000,2,"",N,7.360,2,"",M,29.061,2,"",M,7.960,2,"",M,1007.060,2,"",M,404.984,2,"",M,NaN,,,0,NaN,,,M,388.322,2,"",386.795,2,"",NaN,,,NaN,,
2024-12-07T08:10:14.000Z,10.792,2,"",M,59.114,2,"",M,6.000,2,"",N,7.548,2,"",M,28.868,2,"",M,7.990,2,"",M,1007.510,2,"",M,405.065,2,"",M,NaN,,,0,NaN,,,M,391.175,2,"",389.637,2,"",NaN,,,NaN,,
2024-12-07T08:12:06.000Z,10.791,2,"",M,59.114,2,"",M,6.000,2,"",N,7.869,2,"",M,29.007,2,"",M,8.150,2,"",M,1006.850,2,"",M,404.475,2,"",M,NaN,,,0,NaN,,,M,392.961,2,"",391.421,2,"",NaN,,,NaN,,
2024-12-07T08:13:57.000Z,10.790,2,"",M,59.115,2,"",M,6.000,2,"",N,7.535,2,"",I,28.995,2,"",M,8.085,2,"",I,1007.260,2,"",M,405.566,2,"",M,NaN,,,0,NaN,,,M,389.752,2,"",388.222,2,"",NaN,,,NaN,,
2024-12-07T08:15:48.000Z,10.788,2,"",M,59.115,2,"",M,6.000,2,"",N,7.202,2,"",M,28.245,2,"",M,8.020,2,"",M,1007.200,2,"",M,407.557,2,"",M,NaN,,,0,NaN,,,M,387.238,2,"",385.716,2,"",NaN,,,NaN,,
2024-12-07T08:17:40.000Z,10.787,2,"",M,59.115,2,"",M,6.000,2,"",N,7.135,2,"",M,27.943,2,"",M,7.830,2,"",M,1007.010,2,"",M,405.157,2,"",M,NaN,,,0,NaN,,,M,386.947,2,"",385.423,2,"",NaN,,,NaN,,
2024-12-07T08:19:31.000Z,10.787,2,"",M,59.115,2,"",M,6.000,2,"",N,7.293,2,"",M,28.715,2,"",M,7.720,2,"",M,1007.300,2,"",M,399.115,2,"",M,NaN,,,0,NaN,,,M,385.663,2,"",384.142,2,"",NaN,,,NaN,,
2024-12-07T08:21:22.000Z,10.787,2,"",M,59.115,2,"",M,6.000,2,"",N,7.262,2,"",M,28.759,2,"",M,7.840,2,"",M,1007.110,2,"",M,397.154,2,"",M,NaN,,,0,NaN,,,M,381.226,2,"",379.725,2,"",NaN,,,NaN,,
2024-12-07T08:23:14.000Z,10.787,2,"",M,59.115,2,"",M,6.000,2,"",N,7.296,2,"",M,28.903,2,"",M,7.900,2,"",M,1007.130,2,"",M,399.706,2,"",M,NaN,,,0,NaN,,,M,383.248,2,"",381.740,2,"",NaN,,,NaN,,
2024-12-07T08:25:05.000Z,10.787,2,"",M,59.115,2,"",M,6.000,2,"",N,7.304,2,"",M,29.060,2,"",M,7.930,2,"",M,1006.960,2,"",M,401.127,2,"",M,NaN,,,0,NaN,,,M,384.167,2,"",382.656,2,"",NaN,,,NaN,,
2024-12-07T08:26:56.000Z,10.787,2,"",M,59.115,2,"",M,6.000,2,"",N,7.312,2,"",M,29.076,2,"",M,7.940,2,"",M,1006.910,2,"",M,402.618,2,"",M,NaN,,,0,NaN,,,M,385.546,2,"",384.030,2,"",NaN,,,NaN,,
2024-12-07T08:28:48.000Z,10.787,2,"",M,59.115,2,"",M,6.000,2,"",N,7.333,2,"",I,29.060,2,"",I,7.930,2,"",M,1006.900,2,"",M,403.249,2,"",M,NaN,,,0,NaN,,,M,386.662,2,"",385.141,2,"",NaN,,,NaN,,
2024-12-07T08:30:39.000Z,10.787,2,"",M,59.115,2,"",M,6.000,2,"",N,7.355,2,"",M,29.044,2,"",M,7.970,2,"",M,1007.330,2,"",M,403.800,2,"",M,NaN,,,0,NaN,,,M,387.037,2,"",385.516,2,"",NaN,,,NaN,,
2024-12-07T08:32:30.000Z,10.787,2,"",M,59.115,2,"",M,6.000,2,"",N,7.334,2,"",M,29.169,2,"",M,7.970,2,"",M,1007.370,2,"",M,404.120,2,"",M,NaN,,,0,NaN,,,M,387.020,2,"",385.498,2,"",NaN,,,NaN,,
2024-12-07T08:34:22.000Z,10.787,2,"",M,59.115,2,"",M,6.000,2,"",N,7.338,2,"",M,29.112,2,"",M,7.970,2,"",M,1007.240,2,"",M,404.291,2,"",M,NaN,,,0,NaN,,,M,387.204,2,"",385.682,2,"",NaN,,,NaN,,
2024-12-07T08:36:13.000Z,10.787,2,"",M,59.115,2,"",M,6.000,2,"",N,7.358,2,"",M,29.145,2,"",M,7.950,2,"",M,1006.920,2,"",M,404.542,2,"",M,NaN,,,0,NaN,,,M,387.982,2,"",386.456,2,"",NaN,,,NaN,,
2024-12-07T08:38:04.000Z,10.787,2,"",M,59.115,2,"",M,6.000,2,"",N,7.372,2,"",M,29.155,2,"",M,7.990,2,"",M,1007.210,2,"",M,404.532,2,"",M,NaN,,,0,NaN,,,M,387.641,2,"",386.117,2,"",NaN,,,NaN,,
2024-12-07T08:39:56.000Z,10.787,2,"",M,59.115,2,"",M,6.000,2,"",N,7.408,2,"",M,29.137,2,"",M,7.990,2,"",M,1007.390,2,"",M,404.413,2,"",M,NaN,,,0,NaN,,,M,388.194,2,"",386.668,2,"",NaN,,,NaN,,
2024-12-07T08:41:47.000Z,10.787,2,"",M,59.115,2,"",M,6.000,2,"",N,7.396,2,"",M,29.171,2,"",M,8.000,2,"",M,1007.240,2,"",M,404.623,2,"",M,NaN,,,0,NaN,,,M,387.975,2,"",386.450,2,"",NaN,,,NaN,,
2024-12-07T08:43:38.000Z,10.787,2,"",M,59.115,2,"",M,6.000,2,"",N,7.362,2,"",M,29.164,2,"",M,8.010,2,"",M,1006.801,2,"",M,405.244,2,"",M,NaN,,,0,NaN,,,M,387.674,2,"",386.152,2,"",NaN,,,NaN,,
2024-12-07T08:45:30.000Z,10.787,2,"",M,59.115,2,"",M,6.000,2,"",N,7.370,2,"",M,29.171,2,"",M,8.010,2,"",M,1006.800,2,"",M,405.234,2,"",M,NaN,,,0,NaN,,,M,387.794,2,"",386.271,2,"",NaN,,,NaN,,
2024-12-07T08:47:21.000Z,10.787,2,"",M,59.115,2,"",M,6.000,2,"",N,7.374,2,"",M,29.146,2,"",M,8.000,2,"",M,1007.130,2,"",M,405.085,2,"",M,NaN,,,0,NaN,,,M,388.010,2,"",386.486,2,"",NaN,,,NaN,,
2024-12-07T08:49:12.000Z,10.787,2,"",M,59.115,2,"",M,6.000,2,"",N,7.397,2,"",M,29.223,2,"",M,7.990,2,"",M,1007.070,2,"",M,405.085,2,"",M,NaN,,,0,NaN,,,M,388.540,2,"",387.013,2,"",NaN,,,NaN,,
2024-12-07T08:51:04.000Z,10.787,2,"",M,59.115,2,"",M,6.000,2,"",N,7.378,2,"",M,29.206,2,"",M,7.990,2,"",M,1006.800,2,"",M,404.946,2,"",M,NaN,,,0,NaN,,,M,387.977,2,"",386.453,2,"",NaN,,,NaN,,
2024-12-07T08:52:55.000Z,10.787,2,"",M,59.115,2,"",M,6.000,2,"",N,7.385,2,"",M,29.186,2,"",M,8.010,2,"",M,1006.960,2,"",M,405.216,2,"",M,NaN,,,0,NaN,,,M,388.076,2,"",386.551,2,"",NaN,,,NaN,,
2024-12-07T08:54:46.000Z,10.787,2,"",M,59.115,2,"",M,6.000,2,"",N,7.369,2,"",M,29.191,2,"",M,8.010,2,"",M,1007.030,2,"",M,405.157,2,"",M,NaN,,,0,NaN,,,M,387.783,2,"",386.259,2,"",NaN,,,NaN,,
2024-12-07T08:56:38.000Z,10.787,2,"",M,59.115,2,"",M,6.000,2,"",N,7.426,2,"",M,29.198,2,"",M,7.990,2,"",M,1006.850,2,"",M,405.197,2,"",M,NaN,,,0,NaN,,,M,389.026,2,"",387.498,2,"",NaN,,,NaN,,
2024-12-07T08:58:29.000Z,10.787,2,"",M,59.115,2,"",M,6.000,2,"",N,7.415,2,"",M,29.188,2,"",M,8.000,2,"",M,1006.650,2,"",M,404.898,2,"",M,NaN,,,0,NaN,,,M,388.318,2,"",386.793,2,"",NaN,,,NaN,,
2024-12-07T09:00:21.000Z,10.787,2,"",M,59.115,2,"",M,6.000,2,"",N,7.378,2,"",M,29.267,2,"",M,8.000,2,"",M,1006.860,2,"",M,405.148,2,"",M,NaN,,,0,NaN,,,M,388.029,2,"",386.505,2,"",NaN,,,NaN,,
2024-12-07T09:02:12.000Z,10.787,2,"",M,59.115,2,"",M,6.000,2,"",N,7.428,2,"",M,29.214,2,"",M,8.030,2,"",M,1006.910,2,"",M,405.329,2,"",M,NaN,,,0,NaN,,,M,388.539,2,"",387.013,2,"",NaN,,,NaN,,
2024-12-07T09:04:03.000Z,10.787,2,"",M,59.115,2,"",M,6.000,2,"",N,7.396,2,"",M,29.209,2,"",M,8.030,2,"",M,1006.830,2,"",M,405.770,2,"",M,NaN,,,0,NaN,,,M,388.404,2,"",386.879,2,"",NaN,,,NaN,,
2024-12-07T09:05:55.000Z,10.787,2,"",M,59.115,2,"",M,6.000,2,"",N,7.385,2,"",M,29.180,2,"",M,8.000,2,"",M,1006.750,2,"",M,405.760,2,"",M,NaN,,,0,NaN,,,M,388.687,2,"",387.161,2,"",NaN,,,NaN,,
2024-12-07T09:07:46.000Z,10.787,2,"",M,59.115,2,"",M,6.000,2,"",N,7.398,2,"",M,29.196,2,"",M,8.000,2,"",M,1006.730,2,"",M,405.391,2,"",M,NaN,,,0,NaN,,,M,388.534,2,"",387.008,2,"",NaN,,,NaN,,
2024-12-07T09:09:59.000Z,10.787,2,"",M,59.115,2,"",M,6.000,2,"",N,7.392,2,"",M,29.202,2,"",M,8.020,2,"",M,1006.914,2,"",M,405.241,2,"",M,NaN,,,0,NaN,,,M,388.030,2,"",386.507,2,"",NaN,,,NaN,,
2024-12-07T09:11:51.000Z,10.787,2,"",M,59.115,2,"",M,6.000,2,"",N,7.397,2,"",M,29.275,2,"",M,8.000,2,"",M,1006.832,2,"",M,405.132,2,"",M,NaN,,,0,NaN,,,M,388.314,2,"",386.789,2,"",NaN,,,NaN,,
2024-12-07T09:13:42.000Z,10.787,2,"",M,59.115,2,"",M,6.000,2,"",N,7.407,2,"",M,29.257,2,"",M,8.020,2,"",M,1006.730,2,"",M,405.732,2,"",M,NaN,,,0,NaN,,,M,388.688,2,"",387.161,2,"",NaN,,,NaN,,
2024-12-07T09:15:34.000Z,10.787,2,"",M,59.115,2,"",M,6.000,2,"",N,7.366,2,"",M,29.235,2,"",M,8.020,2,"",M,1006.730,2,"",M,405.813,2,"",M,NaN,,,0,NaN,,,M,388.084,2,"",386.561,2,"",NaN,,,NaN,,
2024-12-07T09:17:25.000Z,10.787,2,"",M,59.115,2,"",M,6.000,2,"",N,7.383,2,"",M,29.209,2,"",M,8.000,2,"",M,1006.830,2,"",M,405.813,2,"",M,NaN,,,0,NaN,,,M,388.742,2,"",387.215,2,"",NaN,,,NaN,,
2024-12-07T09:19:17.000Z,10.787,2,"",M,59.115,2,"",M,6.000,2,"",N,7.385,2,"",M,29.198,2,"",M,8.000,2,"",M,1006.780,2,"",M,405.434,2,"",M,NaN,,,0,NaN,,,M,388.385,2,"",386.860,2,"",NaN,,,NaN,,
2024-12-07T09:21:08.000Z,10.787,2,"",M,59.115,2,"",M,6.000,2,"",N,7.422,2,"",M,29.242,2,"",M,7.990,2,"",M,1006.580,2,"",M,405.334,2,"",M,NaN,,,0,NaN,,,M,388.990,2,"",387.463,2,"",NaN,,,NaN,,
2024-12-07T09:22:59.000Z,10.787,2,"",M,59.115,2,"",M,6.000,2,"",N,7.371,2,"",M,29.230,2,"",M,8.020,2,"",M,1006.790,2,"",M,405.325,2,"",M,NaN,,,0,NaN,,,M,387.728,2,"",386.206,2,"",NaN,,,NaN,,
2024-12-07T09:24:51.000Z,10.787,2,"",M,59.115,2,"",M,6.000,2,"",N,7.367,2,"",M,29.201,2,"",M,8.010,2,"",M,1006.900,2,"",M,405.595,2,"",M,NaN,,,0,NaN,,,M,388.125,2,"",386.600,2,"",NaN,,,NaN,,
2024-12-07T09:26:42.000Z,10.787,2,"",M,59.115,2,"",M,6.000,2,"",N,7.394,2,"",M,29.182,2,"",M,7.990,2,"",M,1006.750,2,"",M,405.626,2,"",M,NaN,,,0,NaN,,,M,388.873,2,"",387.345,2,"",NaN,,,NaN,,
2024-12-07T09:28:33.000Z,10.787,2,"",M,59.115,2,"",M,6.000,2,"",N,7.438,2,"",M,29.248,2,"",M,8.000,2,"",M,1006.710,2,"",M,405.126,2,"",M,NaN,,,0,NaN,,,M,388.939,2,"",387.412,2,"",NaN,,,NaN,,
2024-12-07T09:30:25.000Z,10.787,2,"",M,59.115,2,"",M,6.000,2,"",N,7.423,2,"",M,29.222,2,"",M,8.060,2,"",M,1006.490,2,"",M,405.157,2,"",M,NaN,,,0,NaN,,,M,387.635,2,"",386.114,2,"",NaN,,,NaN,,
2024-12-07T09:32:16.000Z,10.787,2,"",M,59.115,2,"",M,6.000,2,"",N,7.395,2,"",M,29.204,2,"",M,8.040,2,"",M,1006.530,2,"",M,406.098,2,"",M,NaN,,,0,NaN,,,M,388.429,2,"",386.905,2,"",NaN,,,NaN,,
2024-12-07T09:34:07.000Z,10.788,2,"",M,59.115,2,"",M,6.000,2,"",N,7.422,2,"",M,29.201,2,"",M,8.020,2,"",M,1006.310,2,"",M,406.408,2,"",M,NaN,,,0,NaN,,,M,389.411,2,"",387.882,2,"",NaN,,,NaN,,
2024-12-07T09:35:59.000Z,10.787,2,"",M,59.117,2,"",M,6.000,2,"",N,7.332,2,"",M,29.127,2,"",M,8.090,2,"",M,1006.190,2,"",M,406.969,2,"",M,NaN,,,0,NaN,,,M,387.261,2,"",385.742,2,"",NaN,,,NaN,,
2024-12-07T09:37:50.000Z,10.784,2,"",M,59.121,2,"",M,6.000,2,"",N,7.185,2,"",M,28.998,2,"",M,8.080,2,"",M,1006.150,2,"",M,407.129,2,"",M,NaN,,,0,NaN,,,M,385.159,2,"",383.648,2,"",NaN,,,NaN,,
2024-12-07T09:39:41.000Z,10.781,2,"",M,59.124,2,"",M,6.000,2,"",N,7.110,2,"",M,28.893,2,"",M,7.870,2,"",M,1006.620,2,"",M,406.410,2,"",M,NaN,,,0,NaN,,,M,386.910,2,"",385.388,2,"",NaN,,,NaN,,
2024-12-07T09:41:33.000Z,10.779,2,"",M,59.128,2,"",M,6.000,2,"",N,7.047,2,"",M,28.803,2,"",M,7.770,2,"",M,1006.560,2,"",M,404.670,2,"",M,NaN,,,0,NaN,,,M,385.866,2,"",384.347,2,"",NaN,,,NaN,,
2024-12-07T09:43:24.000Z,10.776,2,"",M,59.132,2,"",M,6.000,2,"",N,7.004,2,"",M,28.663,2,"",M,7.700,2,"",M,1006.360,2,"",M,402.109,2,"",M,NaN,,,0,NaN,,,M,383.813,2,"",382.300,2,"",NaN,,,NaN,,
2024-12-07T09:45:15.000Z,10.773,2,"",M,59.135,2,"",M,6.000,2,"",N,7.035,2,"",M,28.651,2,"",M,7.640,2,"",M,1006.220,2,"",M,400.519,2,"",M,NaN,,,0,NaN,,,M,383.729,2,"",382.215,2,"",NaN,,,NaN,,
2024-12-07T09:47:07.000Z,10.773,2,"",M,59.138,2,"",M,6.000,2,"",N,6.766,2,"",M,27.916,2,"",M,7.660,2,"",M,1006.770,2,"",M,398.879,2,"",M,NaN,,,0,NaN,,,M,377.708,2,"",376.217,2,"",NaN,,,NaN,,
2024-12-07T09:48:58.000Z,10.776,2,"",M,59.139,2,"",M,6.000,2,"",N,7.041,2,"",I,28.078,2,"",M,7.575,2,"",I,1007.030,2,"",M,396.739,2,"",M,NaN,,,0,NaN,,,M,381.569,2,"",380.061,2,"",NaN,,,NaN,,
2024-12-07T09:50:50.000Z,10.777,2,"",M,59.139,2,"",M,6.000,2,"",N,7.319,2,"",M,26.146,2,"",M,7.490,2,"",M,1007.100,2,"",M,393.389,2,"",M,NaN,,,0,NaN,,,M,384.251,2,"",382.731,2,"",NaN,,,NaN,,
2024-12-07T09:52:42.000Z,10.776,2,"",M,59.139,2,"",M,6.000,2,"",N,6.653,2,"",M,29.330,2,"",M,7.240,2,"",M,1006.870,2,"",M,386.907,2,"",M,NaN,,,0,NaN,,,M,371.314,2,"",369.841,2,"",NaN,,,NaN,,
2024-12-07T09:54:34.000Z,10.776,2,"",M,59.139,2,"",M,6.000,2,"",N,7.180,2,"",M,26.763,2,"",M,8.150,2,"",M,1006.890,2,"",M,387.718,2,"",M,NaN,,,0,NaN,,,M,365.871,2,"",364.437,2,"",NaN,,,NaN,,
2024-12-07T09:56:25.000Z,10.776,2,"",M,59.139,2,"",M,6.000,2,"",N,7.211,2,"",M,28.077,2,"",M,7.720,2,"",M,1007.060,2,"",M,394.771,2,"",M,NaN,,,0,NaN,,,M,380.048,2,"",378.549,2,"",NaN,,,NaN,,
2024-12-07T09:58:16.000Z,10.776,2,"",M,59.139,2,"",M,6.000,2,"",N,7.210,2,"",M,28.582,2,"",M,7.820,2,"",M,1007.110,2,"",M,393.851,2,"",M,NaN,,,0,NaN,,,M,377.547,2,"",376.060,2,"",NaN,,,NaN,,
2024-12-07T10:00:08.000Z,10.776,2,"",M,59.139,2,"",M,6.000,2,"",N,7.303,2,"",I,28.711,2,"",I,7.940,2,"",M,1007.000,2,"",M,397.863,2,"",M,NaN,,,0,NaN,,,M,380.874,2,"",379.377,2,"",NaN,,,NaN,,
2024-12-07T10:01:59.000Z,10.776,2,"",M,59.139,2,"",M,6.000,2,"",N,7.394,2,"",M,28.839,2,"",M,7.920,2,"",M,1006.910,2,"",M,400.574,2,"",M,NaN,,,0,NaN,,,M,385.256,2,"",383.741,2,"",NaN,,,NaN,,
2024-12-07T10:03:50.000Z,10.776,2,"",M,59.139,2,"",M,6.000,2,"",N,7.857,2,"",M,28.784,2,"",M,8.100,2,"",M,1006.920,2,"",M,402.685,2,"",M,NaN,,,0,NaN,,,M,391.901,2,"",390.363,2,"",NaN,,,NaN,,
2024-12-07T10:05:42.000Z,10.776,2,"",M,59.139,2,"",M,6.000,2,"",N,7.764,2,"",M,29.214,2,"",M,8.250,2,"",M,1007.000,2,"",M,405.606,2,"",M,NaN,,,0,NaN,,,M,390.699,2,"",389.169,2,"",NaN,,,NaN,,
2024-12-07T10:07:33.000Z,10.776,2,"",M,59.139,2,"",M,6.000,2,"",N,7.695,2,"",M,29.038,2,"",M,8.420,2,"",M,1006.980,2,"",M,409.058,2,"",M,NaN,,,0,NaN,,,M,390.004,2,"",388.480,2,"",NaN,,,NaN,,
2024-12-07T10:09:45.000Z,10.776,2,"",M,59.139,2,"",M,6.000,2,"",N,7.660,2,"",M,29.301,2,"",M,8.280,2,"",M,1006.900,2,"",M,413.180,2,"",M,NaN,,,0,NaN,,,M,395.692,2,"",394.144,2,"",NaN,,,NaN,,
2024-12-07T10:11:37.000Z,10.776,2,"",M,59.139,2,"",M,6.000,2,"",N,7.482,2,"",M,29.087,2,"",M,8.320,2,"",M,1006.820,2,"",M,413.740,2,"",M,NaN,,,0,NaN,,,M,392.552,2,"",391.017,2,"",NaN,,,NaN,,
2024-12-07T10:13:29.000Z,10.776,2,"",M,59.139,2,"",M,6.000,2,"",N,7.851,2,"",M,29.179,2,"",M,8.240,2,"",M,1007.010,2,"",M,413.361,2,"",M,NaN,,,0,NaN,,,M,399.813,2,"",398.247,2,"",NaN,,,NaN,,
2024-12-07T10:15:20.000Z,10.776,2,"",M,59.139,2,"",M,6.000,2,"",N,7.434,2,"",M,28.996,2,"",M,8.370,2,"",M,1007.010,2,"",M,412.211,2,"",M,NaN,,,0,NaN,,,M,389.531,2,"",388.008,2,"",NaN,,,NaN,,
2024-12-07T10:17:12.000Z,10.776,2,"",M,59.139,2,"",M,6.000,2,"",N,7.534,2,"",M,28.909,2,"",M,8.140,2,"",M,1006.940,2,"",M,412.451,2,"",M,NaN,,,0,NaN,,,M,395.290,2,"",393.740,2,"",NaN,,,NaN,,
2024-12-07T10:19:03.000Z,10.776,2,"",M,59.139,2,"",M,6.000,2,"",N,7.444,2,"",M,28.975,2,"",M,8.100,2,"",M,1006.850,2,"",M,411.072,2,"",M,NaN,,,0,NaN,,,M,393.102,2,"",391.559,2,"",NaN,,,NaN,,
2024-12-07T10:20:54.000Z,10.776,2,"",M,59.139,2,"",M,6.000,2,"",N,7.893,2,"",M,29.327,2,"",M,8.110,2,"",M,1006.890,2,"",M,409.252,2,"",M,NaN,,,0,NaN,,,M,398.721,2,"",397.157,2,"",NaN,,,NaN,,
2024-12-07T10:22:46.000Z,10.776,2,"",M,59.139,2,"",M,6.000,2,"",N,7.730,2,"",M,29.507,2,"",M,8.390,2,"",M,1007.070,2,"",M,409.512,2,"",M,NaN,,,0,NaN,,,M,391.554,2,"",390.023,2,"",NaN,,,NaN,,
2024-12-07T10:24:37.000Z,10.776,2,"",M,59.139,2,"",M,6.000,2,"",N,7.814,2,"",I,29.464,2,"",I,8.410,2,"",M,1006.970,2,"",M,412.483,2,"",M,NaN,,,0,NaN,,,M,395.418,2,"",393.873,2,"",NaN,,,NaN,,
2024-12-07T10:26:28.000Z,10.776,2,"",M,59.139,2,"",M,6.000,2,"",N,7.898,2,"",M,29.422,2,"",M,8.490,2,"",M,1006.890,2,"",M,415.205,2,"",M,NaN,,,0,NaN,,,M,398.039,2,"",396.485,2,"",NaN,,,NaN,,
2024-12-07T10:28:20.000Z,10.776,2,"",M,59.139,2,"",M,6.000,2,"",N,7.911,2,"",M,29.463,2,"",M,8.430,2,"",M,1006.820,2,"",M,416.645,2,"",M,NaN,,,0,NaN,,,M,400.636,2,"",399.071,2,"",NaN,,,NaN,,
2024-12-07T10:30:11.000Z,10.776,2,"",M,59.139,2,"",M,6.000,2,"",N,7.596,2,"",M,29.207,2,"",M,8.490,2,"",M,1006.920,2,"",M,416.816,2,"",M,NaN,,,0,NaN,,,M,394.516,2,"",392.976,2,"",NaN,,,NaN,,
2024-12-07T10:32:03.000Z,10.776,2,"",M,59.139,2,"",M,6.000,2,"",N,7.896,2,"",M,29.669,2,"",M,8.290,2,"",M,1006.990,2,"",M,417.347,2,"",M,NaN,,,0,NaN,,,M,403.552,2,"",401.972,2,"",NaN,,,NaN,,
2024-12-07T10:33:54.000Z,10.776,2,"",M,59.139,2,"",M,6.000,2,"",N,7.731,2,"",M,29.567,2,"",M,8.520,2,"",M,1006.970,2,"",M,416.147,2,"",M,NaN,,,0,NaN,,,M,395.656,2,"",394.112,2,"",NaN,,,NaN,,
2024-12-07T10:35:45.000Z,10.776,2,"",M,59.139,2,"",M,6.000,2,"",N,7.897,2,"",M,29.475,2,"",M,8.440,2,"",M,1006.840,2,"",M,417.748,2,"",M,NaN,,,0,NaN,,,M,401.293,2,"",399.726,2,"",NaN,,,NaN,,
2024-12-07T10:37:37.000Z,10.776,2,"",M,59.139,2,"",M,6.000,2,"",N,7.850,2,"",M,29.358,2,"",M,8.470,2,"",M,1006.860,2,"",M,417.298,2,"",M,NaN,,,0,NaN,,,M,399.558,2,"",397.998,2,"",NaN,,,NaN,,
2024-12-07T10:39:28.000Z,10.776,2,"",M,59.139,2,"",M,6.000,2,"",N,7.739,2,"",M,29.575,2,"",M,8.390,2,"",M,1006.950,2,"",M,417.068,2,"",M,NaN,,,0,NaN,,,M,398.878,2,"",397.319,2,"",NaN,,,NaN,,
2024-12-07T10:41:19.000Z,10.776,2,"",M,59.139,2,"",M,6.000,2,"",N,7.915,2,"",M,29.554,2,"",M,8.500,2,"",M,1006.940,2,"",M,416.819,2,"",M,NaN,,,0,NaN,,,M,399.714,2,"",398.154,2,"",NaN,,,NaN,,
2024-12-07T10:43:11.000Z,10.776,2,"",M,59.139,2,"",M,6.000,2,"",N,7.736,2,"",M,29.626,2,"",M,8.510,2,"",M,1006.880,2,"",M,417.199,2,"",M,NaN,,,0,NaN,,,M,396.879,2,"",395.331,2,"",NaN,,,NaN,,
2024-12-07T10:45:03.000Z,10.776,2,"",M,59.139,2,"",M,6.000,2,"",N,7.931,2,"",M,29.553,2,"",M,8.430,2,"",M,1006.840,2,"",M,418.100,2,"",M,NaN,,,0,NaN,,,M,402.384,2,"",400.812,2,"",NaN,,,NaN,,
2024-12-07T10:46:54.000Z,10.776,2,"",M,59.139,2,"",M,6.000,2,"",N,7.789,2,"",M,29.558,2,"",M,8.490,2,"",M,1006.800,2,"",M,418.080,2,"",M,NaN,,,0,NaN,,,M,398.912,2,"",397.355,2,"",NaN,,,NaN,,
2024-12-07T10:48:46.000Z,10.776,2,"",M,59.139,2,"",M,6.000,2,"",N,7.877,2,"",M,29.526,2,"",M,8.460,2,"",M,1006.910,2,"",M,418.731,2,"",M,NaN,,,0,NaN,,,M,401.586,2,"",400.018,2,"",NaN,,,NaN,,
2024-12-07T10:50:37.000Z,10.776,2,"",M,59.139,2,"",M,6.000,2,"",N,7.803,2,"",M,29.263,2,"",M,8.470,2,"",M,1006.900,2,"",M,419.232,2,"",M,NaN,,,0,NaN,,,M,400.634,2,"",399.070,2,"",NaN,,,NaN,,
2024-12-07T10:52:28.000Z,10.776,2,"",M,59.139,2,"",M,6.000,2,"",N,7.845,2,"",M,29.322,2,"",M,8.360,2,"",M,1006.840,2,"",M,418.312,2,"",M,NaN,,,0,NaN,,,M,402.346,2,"",400.773,2,"",NaN,,,NaN,,
2024-12-07T10:54:20.000Z,10.776,2,"",M,59.139,2,"",M,6.000,2,"",N,7.926,2,"",M,29.598,2,"",M,8.390,2,"",M,1006.770,2,"",M,416.762,2,"",M,NaN,,,0,NaN,,,M,401.674,2,"",400.105,2,"",NaN,,,NaN,,
2024-12-07T10:56:11.000Z,10.775,2,"",M,59.139,2,"",M,6.000,2,"",N,7.706,2,"",M,29.332,2,"",M,8.500,2,"",M,1006.720,2,"",M,417.183,2,"",M,NaN,,,0,NaN,,,M,396.466,2,"",394.919,2,"",NaN,,,NaN,,
2024-12-07T10:58:03.000Z,10.772,2,"",M,59.139,2,"",M,6.000,2,"",N,7.345,2,"",I,28.193,2,"",M,8.053,2,"",I,1006.890,2,"",M,418.543,2,"",M,NaN,,,0,NaN,,,M,399.396,2,"",397.828,2,"",NaN,,,NaN,,
2024-12-07T10:59:54.000Z,10.770,2,"",M,59.139,2,"",M,6.000,2,"",N,6.987,2,"",M,26.193,2,"",M,7.610,2,"",M,1006.870,2,"",M,415.243,2,"",M,NaN,,,0,NaN,,,M,397.782,2,"",396.212,2,"",NaN,,,NaN,,
2024-12-07T11:01:45.000Z,10.769,2,"",M,59.139,2,"",M,6.000,2,"",N,6.959,2,"",I,27.664,2,"",M,7.668,2,"",I,1006.740,2,"",M,401.291,2,"",M,NaN,,,0,NaN,,,M,382.960,2,"",381.449,2,"",NaN,,,NaN,,
2024-12-07T11:06:15.000Z,10.769,2,"",M,59.139,2,"",M,6.000,2,"",N,NaN,,,M,NaN,,,M,NaN,,,M,NaN,,,M,NaN,,,0,NaN,,,0,NaN,,,M,NaN,,,NaN,,,NaN,,,NaN,,
2024-12-07T11:08:04.000Z,10.769,2,"",M,59.139,2,"",M,6.000,2,"",N,NaN,,,M,NaN,,,M,NaN,,,M,NaN,,,M,NaN,,,0,NaN,,,0,NaN,,,M,NaN,,,NaN,,,NaN,,,NaN,,
2024-12-07T11:10:13.000Z,10.769,2,"",M,59.139,2,"",M,6.000,2,"",N,NaN,,,M,NaN,,,M,NaN,,,M,NaN,,,M,NaN,,,0,NaN,,,0,NaN,,,M,NaN,,,NaN,,,NaN,,,NaN,,
2024-12-07T11:14:43.000Z,10.769,2,"",M,59.139,2,"",M,6.000,2,"",N,NaN,,,M,NaN,,,M,NaN,,,M,NaN,,,M,NaN,,,0,NaN,,,0,NaN,,,M,NaN,,,NaN,,,NaN,,,NaN,,
2024-12-07T11:16:32.000Z,10.769,2,"",M,59.139,2,"",M,6.000,2,"",N,NaN,,,M,NaN,,,M,NaN,,,M,NaN,,,M,NaN,,,0,NaN,,,0,NaN,,,M,NaN,,,NaN,,,NaN,,,NaN,,
2024-12-07T11:18:22.000Z,10.769,2,"",M,59.139,2,"",M,6.000,2,"",N,NaN,,,M,NaN,,,M,NaN,,,M,NaN,,,M,NaN,,,0,NaN,,,0,NaN,,,M,NaN,,,NaN,,,NaN,,,NaN,,
2024-12-07T11:22:51.000Z,10.769,2,"",M,59.139,2,"",M,6.000,2,"",N,NaN,,,M,NaN,,,M,NaN,,,M,NaN,,,M,NaN,,,0,NaN,,,0,NaN,,,M,NaN,,,NaN,,,NaN,,,NaN,,
2024-12-07T11:24:40.000Z,10.769,2,"",M,59.139,2,"",M,6.000,2,"",N,NaN,,,M,NaN,,,M,NaN,,,M,NaN,,,M,NaN,,,0,NaN,,,0,NaN,,,M,NaN,,,NaN,,,NaN,,,NaN,,
2024-12-07T11:26:29.000Z,10.769,2,"",M,59.139,2,"",M,6.000,2,"",N,NaN,,,M,NaN,,,M,NaN,,,M,NaN,,,M,NaN,,,0,NaN,,,0,NaN,,,M,NaN,,,NaN,,,NaN,,,NaN,,
2024-12-07T11:30:58.000Z,10.769,2,"",M,59.139,2,"",M,6.000,2,"",N,7.469,2,"",M,29.051,2,"",M,NaN,,,M,NaN,,,M,NaN,,,0,441.084,2,"",M,1006.000,2,"",M,NaN,,,NaN,,,434.565,2,"",432.843,2,""
2024-12-07T11:32:47.000Z,10.769,2,"",M,59.139,2,"",M,6.000,2,"",N,7.321,2,"",M,28.940,2,"",M,NaN,,,M,NaN,,,M,NaN,,,0,440.883,2,"",M,1006.000,2,"",M,NaN,,,NaN,,,434.412,2,"",432.687,2,""
2024-12-07T11:34:36.000Z,10.769,2,"",M,59.139,2,"",M,6.000,2,"",N,7.533,2,"",M,28.858,2,"",M,NaN,,,M,NaN,,,M,NaN,,,0,440.902,2,"",M,1006.000,2,"",M,NaN,,,NaN,,,434.366,2,"",432.646,2,""
2024-12-07T11:36:25.000Z,10.769,2,"",M,59.139,2,"",M,6.000,2,"",N,7.759,2,"",M,29.011,2,"",M,NaN,,,M,NaN,,,M,NaN,,,0,440.900,2,"",M,1005.900,2,"",M,NaN,,,NaN,,,434.251,2,"",432.538,2,""
2024-12-07T11:38:14.000Z,10.770,2,"",M,59.138,2,"",M,6.000,2,"",N,5.707,2,"",M,25.029,2,"",M,NaN,,,M,NaN,,,M,NaN,,,0,440.589,2,"",M,1006.100,2,"",M,NaN,,,NaN,,,434.625,2,"",432.863,2,""
2024-12-07T11:43:24.000Z,10.771,2,"",M,59.137,2,"",M,6.000,2,"",N,5.787,2,"",M,25.383,2,"",M,6.510,2,"",M,1006.480,2,"",M,374.511,2,"",M,NaN,,,0,NaN,,,M,357.384,2,"",355.954,2,"",NaN,,,NaN,,
2024-12-07T11:45:16.000Z,10.773,2,"",M,59.136,2,"",M,6.000,2,"",N,6.798,2,"",M,26.557,2,"",M,6.510,2,"",M,1006.560,2,"",M,372.519,2,"",M,NaN,,,0,NaN,,,M,371.043,2,"",369.558,2,"",NaN,,,NaN,,
2024-12-07T11:47:08.000Z,10.774,2,"",M,59.135,2,"",M,6.000,2,"",N,6.414,2,"",M,26.667,2,"",M,7.220,2,"",M,1006.440,2,"",M,372.377,2,"",M,NaN,,,0,NaN,,,M,353.917,2,"",352.513,2,"",NaN,,,NaN,,
2024-12-07T11:48:59.000Z,10.774,2,"",M,59.132,2,"",M,6.000,2,"",N,6.544,2,"",M,27.002,2,"",M,7.030,2,"",M,1006.120,2,"",M,379.478,2,"",M,NaN,,,0,NaN,,,M,365.508,2,"",364.055,2,"",NaN,,,NaN,,
2024-12-07T11:50:50.000Z,10.776,2,"",M,59.131,2,"",M,6.000,2,"",N,6.506,2,"",I,25.818,2,"",M,6.965,2,"",I,1006.470,2,"",M,382.297,2,"",M,NaN,,,0,NaN,,,M,368.784,2,"",367.317,2,"",NaN,,,NaN,,
2024-12-07T11:52:42.000Z,10.779,2,"",M,59.130,2,"",M,6.000,2,"",N,6.467,2,"",M,26.493,2,"",M,6.900,2,"",M,1006.290,2,"",M,382.256,2,"",M,NaN,,,0,NaN,,,M,369.117,2,"",367.647,2,"",NaN,,,NaN,,
2024-12-07T11:54:33.000Z,10.781,2,"",M,59.128,2,"",M,6.000,2,"",N,6.403,2,"",M,27.044,2,"",M,7.070,2,"",M,1006.270,2,"",M,378.994,2,"",M,NaN,,,0,NaN,,,M,362.308,2,"",360.868,2,"",NaN,,,NaN,,
2024-12-07T11:56:24.000Z,10.784,2,"",M,59.127,2,"",M,6.000,2,"",N,6.384,2,"",M,26.589,2,"",M,7.100,2,"",M,1005.960,2,"",M,380.073,2,"",M,NaN,,,0,NaN,,,M,362.461,2,"",361.022,2,"",NaN,,,NaN,,
2024-12-07T11:58:16.000Z,10.786,2,"",M,59.125,2,"",M,6.000,2,"",N,6.776,2,"",M,27.045,2,"",M,7.070,2,"",M,1006.120,2,"",M,381.152,2,"",M,NaN,,,0,NaN,,,M,370.107,2,"",368.636,2,"",NaN,,,NaN,,
2024-12-07T12:00:07.000Z,10.786,2,"",M,59.123,2,"",M,6.000,2,"",N,6.386,2,"",M,27.322,2,"",M,7.310,2,"",M,1006.210,2,"",M,381.410,2,"",M,NaN,,,0,NaN,,,M,360.589,2,"",359.160,2,"",NaN,,,NaN,,
2024-12-07T12:01:59.000Z,10.788,2,"",M,59.121,2,"",M,6.000,2,"",N,6.593,2,"",M,26.592,2,"",M,7.200,2,"",M,1006.150,2,"",M,384.160,2,"",M,NaN,,,0,NaN,,,M,368.107,2,"",366.647,2,"",NaN,,,NaN,,
2024-12-07T12:03:50.000Z,10.789,2,"",M,59.119,2,"",M,6.000,2,"",N,6.568,2,"",M,26.958,2,"",M,7.200,2,"",M,1006.050,2,"",M,383.738,2,"",M,NaN,,,0,NaN,,,M,367.277,2,"",365.820,2,"",NaN,,,NaN,,
2024-12-07T12:05:42.000Z,10.790,2,"",M,59.117,2,"",M,6.000,2,"",N,6.591,2,"",M,26.884,2,"",M,7.250,2,"",M,1005.963,2,"",M,381.356,2,"",M,NaN,,,0,NaN,,,M,364.539,2,"",363.094,2,"",NaN,,,NaN,,
2024-12-07T12:07:33.000Z,10.792,2,"",M,59.114,2,"",M,6.000,2,"",N,6.734,2,"",M,27.326,2,"",M,7.290,2,"",M,1006.055,2,"",M,381.925,2,"",M,NaN,,,0,NaN,,,M,366.701,2,"",365.248,2,"",NaN,,,NaN,,
2024-12-07T12:09:46.000Z,10.794,2,"",M,59.112,2,"",M,6.000,2,"",N,6.965,2,"",M,27.586,2,"",M,7.440,2,"",M,1006.080,2,"",M,383.974,2,"",M,NaN,,,0,NaN,,,M,369.897,2,"",368.434,2,"",NaN,,,NaN,,
2024-12-07T12:11:37.000Z,10.795,2,"",M,59.109,2,"",M,6.000,2,"",N,6.864,2,"",M,27.929,2,"",M,7.500,2,"",M,1005.980,2,"",M,386.734,2,"",M,NaN,,,0,NaN,,,M,369.982,2,"",368.521,2,"",NaN,,,NaN,,
2024-12-07T12:13:29.000Z,10.797,2,"",M,59.107,2,"",M,6.000,2,"",N,6.868,2,"",M,28.012,2,"",M,7.560,2,"",M,1005.900,2,"",M,389.283,2,"",M,NaN,,,0,NaN,,,M,371.485,2,"",370.019,2,"",NaN,,,NaN,,
2024-12-07T12:15:20.000Z,10.798,2,"",M,59.105,2,"",M,6.000,2,"",N,6.792,2,"",M,27.801,2,"",M,7.560,2,"",M,1005.840,2,"",M,391.253,2,"",M,NaN,,,0,NaN,,,M,372.141,2,"",370.672,2,"",NaN,,,NaN,,
2024-12-07T12:17:11.000Z,10.799,2,"",M,59.104,2,"",M,6.000,2,"",N,6.357,2,"",I,26.216,2,"",M,7.116,2,"",I,1006.040,2,"",M,391.731,2,"",M,NaN,,,0,NaN,,,M,372.930,2,"",371.449,2,"",NaN,,,NaN,,
2024-12-07T12:19:03.000Z,10.799,2,"",M,59.103,2,"",M,6.000,2,"",N,5.918,2,"",I,21.947,2,"",M,6.668,2,"",I,1006.080,2,"",M,390.190,2,"",M,NaN,,,0,NaN,,,M,371.729,2,"",370.244,2,"",NaN,,,NaN,,
2024-12-07T12:20:55.000Z,10.798,2,"",M,59.103,2,"",M,6.000,2,"",N,5.480,2,"",M,21.925,2,"",M,6.220,2,"",M,1006.440,2,"",M,373.913,2,"",M,NaN,,,0,NaN,,,M,356.598,2,"",355.164,2,"",NaN,,,NaN,,
2024-12-07T12:22:47.000Z,10.797,2,"",M,59.103,2,"",M,6.000,2,"",N,5.862,2,"",M,21.992,2,"",M,6.180,2,"",M,1006.220,2,"",M,357.196,2,"",M,NaN,,,0,NaN,,,M,346.725,2,"",345.331,2,"",NaN,,,NaN,,
2024-12-07T12:24:38.000Z,10.798,2,"",M,59.103,2,"",M,6.000,2,"",N,5.586,2,"",M,28.806,2,"",M,6.390,2,"",M,1006.290,2,"",M,351.442,2,"",M,NaN,,,0,NaN,,,M,334.194,2,"",332.854,2,"",NaN,,,NaN,,
2024-12-07T12:26:29.000Z,10.797,2,"",M,59.102,2,"",M,6.000,2,"",N,5.536,2,"",I,22.265,2,"",M,6.360,2,"",I,1006.490,2,"",M,360.614,2,"",M,NaN,,,0,NaN,,,M,342.686,2,"",341.311,2,"",NaN,,,NaN,,
2024-12-07T12:28:21.000Z,10.797,2,"",M,59.102,2,"",M,6.000,2,"",N,5.486,2,"",M,22.652,2,"",M,6.330,2,"",M,1006.290,2,"",M,369.656,2,"",M,NaN,,,0,NaN,,,M,350.911,2,"",349.503,2,"",NaN,,,NaN,,
2024-12-07T12:30:12.000Z,10.797,2,"",M,59.101,2,"",M,6.000,2,"",N,7.000,2,"",M,23.297,2,"",M,6.240,2,"",M,1006.240,2,"",M,357.880,2,"",M,NaN,,,0,NaN,,,M,363.598,2,"",362.137,2,"",NaN,,,NaN,,
2024-12-07T12:32:04.000Z,10.797,2,"",M,59.101,2,"",M,6.000,2,"",N,7.020,2,"",M,28.590,2,"",M,6.800,2,"",M,1005.930,2,"",M,353.467,2,"",M,NaN,,,0,NaN,,,M,350.766,2,"",349.367,2,"",NaN,,,NaN,,
2024-12-07T12:33:55.000Z,10.797,2,"",M,59.101,2,"",M,6.000,2,"",N,7.466,2,"",M,28.327,2,"",M,7.730,2,"",M,1006.377,2,"",M,365.790,2,"",M,NaN,,,0,NaN,,,M,355.577,2,"",354.176,2,"",NaN,,,NaN,,
2024-12-07T12:35:46.000Z,10.797,2,"",M,59.101,2,"",M,6.000,2,"",N,7.639,2,"",M,29.123,2,"",M,7.960,2,"",M,1006.413,2,"",M,386.257,2,"",M,NaN,,,0,NaN,,,M,374.526,2,"",373.055,2,"",NaN,,,NaN,,
2024-12-07T12:37:37.000Z,10.797,2,"",M,59.101,2,"",M,6.000,2,"",N,7.664,2,"",M,28.817,2,"",M,8.190,2,"",M,1006.350,2,"",M,397.269,2,"",M,NaN,,,0,NaN,,,M,381.779,2,"",380.284,2,"",NaN,,,NaN,,
2024-12-07T12:39:29.000Z,10.797,2,"",M,59.101,2,"",M,6.000,2,"",N,7.693,2,"",M,29.258,2,"",M,8.200,2,"",M,1006.160,2,"",M,404.271,2,"",M,NaN,,,0,NaN,,,M,388.745,2,"",387.223,2,"",NaN,,,NaN,,
2024-12-07T12:41:20.000Z,10.797,2,"",M,59.101,2,"",M,6.000,2,"",N,7.700,2,"",M,29.301,2,"",M,8.310,2,"",M,1005.990,2,"",M,407.991,2,"",M,NaN,,,0,NaN,,,M,390.522,2,"",388.996,2,"",NaN,,,NaN,,
2024-12-07T12:43:11.000Z,10.797,2,"",M,59.101,2,"",M,6.000,2,"",N,7.779,2,"",M,29.191,2,"",M,8.330,2,"",M,1006.410,2,"",M,411.331,2,"",M,NaN,,,0,NaN,,,M,394.871,2,"",393.327,2,"",NaN,,,NaN,,
2024-12-07T12:45:03.000Z,10.797,2,"",M,59.101,2,"",M,6.000,2,"",N,7.878,2,"",M,29.515,2,"",M,8.370,2,"",M,1006.400,2,"",M,412.621,2,"",M,NaN,,,0,NaN,,,M,397.073,2,"",395.521,2,"",NaN,,,NaN,,
2024-12-07T12:46:54.000Z,10.797,2,"",M,59.101,2,"",M,6.000,2,"",N,7.768,2,"",M,29.417,2,"",M,8.460,2,"",M,1006.340,2,"",M,414.070,2,"",M,NaN,,,0,NaN,,,M,395.064,2,"",393.523,2,"",NaN,,,NaN,,
2024-12-07T12:48:45.000Z,10.797,2,"",M,59.101,2,"",M,6.000,2,"",N,7.800,2,"",M,29.360,2,"",M,8.390,2,"",M,1006.220,2,"",M,416.250,2,"",M,NaN,,,0,NaN,,,M,398.832,2,"",397.275,2,"",NaN,,,NaN,,
2024-12-07T12:50:37.000Z,10.797,2,"",M,59.101,2,"",M,6.000,2,"",N,7.844,2,"",M,29.479,2,"",M,8.390,2,"",M,1006.220,2,"",M,415.928,2,"",M,NaN,,,0,NaN,,,M,399.260,2,"",397.701,2,"",NaN,,,NaN,,
2024-12-07T12:52:28.000Z,10.797,2,"",M,59.101,2,"",M,6.000,2,"",N,7.830,2,"",M,29.588,2,"",M,8.460,2,"",M,1006.410,2,"",M,415.707,2,"",M,NaN,,,0,NaN,,,M,397.692,2,"",396.140,2,"",NaN,,,NaN,,
2024-12-07T12:54:19.000Z,10.797,2,"",M,59.101,2,"",M,6.000,2,"",N,7.822,2,"",M,29.504,2,"",M,8.470,2,"",M,1006.360,2,"",M,417.017,2,"",M,NaN,,,0,NaN,,,M,398.623,2,"",397.067,2,"",NaN,,,NaN,,
2024-12-07T12:56:10.000Z,10.797,2,"",M,59.101,2,"",M,6.000,2,"",N,7.836,2,"",M,29.507,2,"",M,8.430,2,"",M,1006.390,2,"",M,417.476,2,"",M,NaN,,,0,NaN,,,M,399.996,2,"",398.434,2,"",NaN,,,NaN,,
2024-12-07T12:58:02.000Z,10.797,2,"",M,59.101,2,"",M,6.000,2,"",N,7.852,2,"",M,29.576,2,"",M,8.450,2,"",M,1006.320,2,"",M,417.074,2,"",M,NaN,,,0,NaN,,,M,399.509,2,"",397.950,2,"",NaN,,,NaN,,
2024-12-07T12:59:53.000Z,10.797,2,"",M,59.101,2,"",M,6.000,2,"",N,7.627,2,"",M,29.463,2,"",M,8.470,2,"",M,1006.340,2,"",M,417.083,2,"",M,NaN,,,0,NaN,,,M,395.407,2,"",393.864,2,"",NaN,,,NaN,,
2024-12-07T13:01:45.000Z,10.796,2,"",M,59.101,2,"",M,6.000,2,"",N,7.708,2,"",M,29.360,2,"",M,8.320,2,"",M,1006.460,2,"",M,417.032,2,"",M,NaN,,,0,NaN,,,M,399.321,2,"",397.759,2,"",NaN,,,NaN,,
2024-12-07T13:03:36.000Z,10.796,2,"",M,59.101,2,"",M,6.000,2,"",N,7.693,2,"",M,29.388,2,"",M,8.330,2,"",M,1006.300,2,"",M,415.340,2,"",M,NaN,,,0,NaN,,,M,397.216,2,"",395.663,2,"",NaN,,,NaN,,
2024-12-07T13:05:27.000Z,10.796,2,"",M,59.101,2,"",M,6.000,2,"",N,7.763,2,"",M,29.477,2,"",M,8.330,2,"",M,1006.290,2,"",M,414.428,2,"",M,NaN,,,0,NaN,,,M,397.528,2,"",395.974,2,"",NaN,,,NaN,,
2024-12-07T13:07:19.000Z,10.796,2,"",M,59.101,2,"",M,6.000,2,"",N,7.854,2,"",M,29.601,2,"",M,8.370,2,"",M,1006.250,2,"",M,414.487,2,"",M,NaN,,,0,NaN,,,M,398.409,2,"",396.853,2,"",NaN,,,NaN,,
2024-12-07T13:09:10.000Z,10.796,2,"",M,59.101,2,"",M,6.000,2,"",N,7.862,2,"",M,29.593,2,"",M,8.480,2,"",M,1006.370,2,"",M,415.567,2,"",M,NaN,,,0,NaN,,,M,397.740,2,"",396.188,2,"",NaN,,,NaN,,
2024-12-07T13:11:22.000Z,10.796,2,"",M,59.101,2,"",M,6.000,2,"",N,7.890,2,"",M,29.659,2,"",M,8.500,2,"",M,1006.390,2,"",M,417.456,2,"",M,NaN,,,0,NaN,,,M,399.687,2,"",398.128,2,"",NaN,,,NaN,,
2024-12-07T13:13:14.000Z,10.796,2,"",M,59.101,2,"",M,6.000,2,"",N,7.767,2,"",M,29.610,2,"",M,8.520,2,"",M,1006.440,2,"",M,418.716,2,"",M,NaN,,,0,NaN,,,M,398.482,2,"",396.928,2,"",NaN,,,NaN,,
2024-12-07T13:15:05.000Z,10.796,2,"",M,59.101,2,"",M,6.000,2,"",N,7.630,2,"",M,29.431,2,"",M,8.480,2,"",M,1006.170,2,"",M,419.385,2,"",M,NaN,,,0,NaN,,,M,397.388,2,"",395.838,2,"",NaN,,,NaN,,
2024-12-07T13:16:56.000Z,10.796,2,"",M,59.101,2,"",M,6.000,2,"",N,7.717,2,"",M,29.298,2,"",M,8.300,2,"",M,1006.030,2,"",M,418.043,2,"",M,NaN,,,0,NaN,,,M,400.629,2,"",399.062,2,"",NaN,,,NaN,,
2024-12-07T13:18:48.000Z,10.796,2,"",M,59.101,2,"",M,6.000,2,"",N,7.735,2,"",M,29.471,2,"",M,8.350,2,"",M,1006.510,2,"",M,415.310,2,"",M,NaN,,,0,NaN,,,M,397.642,2,"",396.088,2,"",NaN,,,NaN,,
2024-12-07T13:20:40.000Z,10.796,2,"",M,59.101,2,"",M,6.000,2,"",N,7.781,2,"",M,29.510,2,"",M,8.370,2,"",M,1006.520,2,"",M,414.589,2,"",M,NaN,,,0,NaN,,,M,397.380,2,"",395.827,2,"",NaN,,,NaN,,
2024-12-07T13:22:31.000Z,10.796,2,"",M,59.101,2,"",M,6.000,2,"",N,7.798,2,"",M,29.556,2,"",M,8.400,2,"",M,1006.350,2,"",M,415.328,2,"",M,NaN,,,0,NaN,,,M,397.803,2,"",396.250,2,"",NaN,,,NaN,,
2024-12-07T13:24:23.000Z,10.796,2,"",M,59.101,2,"",M,6.000,2,"",N,7.758,2,"",M,29.560,2,"",M,8.430,2,"",M,1006.300,2,"",M,415.967,2,"",M,NaN,,,0,NaN,,,M,397.200,2,"",395.650,2,"",NaN,,,NaN,,
2024-12-07T13:26:14.000Z,10.796,2,"",M,59.101,2,"",M,6.000,2,"",N,7.743,2,"",M,29.327,2,"",M,8.410,2,"",M,1006.240,2,"",M,416.556,2,"",M,NaN,,,0,NaN,,,M,397.829,2,"",396.275,2,"",NaN,,,NaN,,
2024-12-07T13:28:05.000Z,10.796,2,"",M,59.101,2,"",M,6.000,2,"",N,7.735,2,"",M,29.394,2,"",M,8.360,2,"",M,1006.480,2,"",M,416.565,2,"",M,NaN,,,0,NaN,,,M,398.663,2,"",397.105,2,"",NaN,,,NaN,,
2024-12-07T13:29:56.000Z,10.795,2,"",M,59.101,2,"",M,6.000,2,"",N,7.777,2,"",M,29.153,2,"",M,8.370,2,"",M,1006.485,2,"",M,415.844,2,"",M,NaN,,,0,NaN,,,M,398.509,2,"",396.951,2,"",NaN,,,NaN,,
2024-12-07T13:31:48.000Z,10.795,2,"",M,59.101,2,"",M,6.000,2,"",N,7.808,2,"",M,29.413,2,"",M,8.380,2,"",M,1006.490,2,"",M,414.632,2,"",M,NaN,,,0,NaN,,,M,397.700,2,"",396.146,2,"",NaN,,,NaN,,
2024-12-07T13:33:39.000Z,10.795,2,"",M,59.100,2,"",M,6.000,2,"",N,7.743,2,"",M,29.255,2,"",M,8.390,2,"",M,1006.120,2,"",M,414.711,2,"",M,NaN,,,0,NaN,,,M,396.370,2,"",394.822,2,"",NaN,,,NaN,,
2024-12-07T13:35:30.000Z,10.795,2,"",M,59.100,2,"",M,6.000,2,"",N,7.688,2,"",M,29.202,2,"",M,8.390,2,"",M,1006.390,2,"",M,415.150,2,"",M,NaN,,,0,NaN,,,M,395.965,2,"",394.418,2,"",NaN,,,NaN,,
2024-12-07T13:37:22.000Z,10.795,2,"",M,59.100,2,"",M,6.000,2,"",N,7.522,2,"",M,29.031,2,"",M,8.380,2,"",M,1006.620,2,"",M,414.598,2,"",M,NaN,,,0,NaN,,,M,392.936,2,"",391.400,2,"",NaN,,,NaN,,
2024-12-07T13:39:13.000Z,10.795,2,"",M,59.100,2,"",M,6.000,2,"",N,7.634,2,"",M,29.282,2,"",M,8.180,2,"",M,1006.570,2,"",M,413.176,2,"",M,NaN,,,0,NaN,,,M,396.829,2,"",395.274,2,"",NaN,,,NaN,,
2024-12-07T13:41:05.000Z,10.795,2,"",M,59.100,2,"",M,6.000,2,"",N,7.696,2,"",M,29.584,2,"",M,8.220,2,"",M,1006.500,2,"",M,410.984,2,"",M,NaN,,,0,NaN,,,M,395.043,2,"",393.496,2,"",NaN,,,NaN,,
2024-12-07T13:42:56.000Z,10.795,2,"",M,59.100,2,"",M,6.000,2,"",N,7.598,2,"",M,29.590,2,"",M,8.330,2,"",M,1006.440,2,"",M,412.144,2,"",M,NaN,,,0,NaN,,,M,392.633,2,"",391.098,2,"",NaN,,,NaN,,
2024-12-07T13:44:47.000Z,10.795,2,"",M,59.100,2,"",M,6.000,2,"",N,7.450,2,"",I,29.377,2,"",I,8.370,2,"",M,1006.680,2,"",M,414.604,2,"",M,NaN,,,0,NaN,,,M,391.936,2,"",390.404,2,"",NaN,,,NaN,,
2024-12-07T13:46:39.000Z,10.795,2,"",M,59.100,2,"",M,6.000,2,"",N,7.301,2,"",M,29.162,2,"",M,8.180,2,"",M,1006.650,2,"",M,414.533,2,"",M,NaN,,,0,NaN,,,M,392.592,2,"",391.054,2,"",NaN,,,NaN,,
2024-12-07T13:48:30.000Z,10.795,2,"",M,59.100,2,"",M,6.000,2,"",N,7.287,2,"",M,28.900,2,"",M,8.070,2,"",M,1006.530,2,"",M,411.390,2,"",M,NaN,,,0,NaN,,,M,391.187,2,"",389.653,2,"",NaN,,,NaN,,
2024-12-07T13:50:21.000Z,10.795,2,"",M,59.099,2,"",M,6.000,2,"",N,7.333,2,"",M,29.200,2,"",M,7.900,2,"",M,1006.540,2,"",M,409.127,2,"",M,NaN,,,0,NaN,,,M,392.658,2,"",391.114,2,"",NaN,,,NaN,,
2024-12-07T13:52:13.000Z,10.795,2,"",M,59.099,2,"",M,6.000,2,"",N,7.195,2,"",M,29.144,2,"",M,7.950,2,"",M,1006.730,2,"",M,407.425,2,"",M,NaN,,,0,NaN,,,M,387.993,2,"",386.468,2,"",NaN,,,NaN,,
2024-12-07T13:54:04.000Z,10.795,2,"",M,59.099,2,"",M,6.000,2,"",N,7.078,2,"",M,29.068,2,"",M,7.880,2,"",M,1006.670,2,"",M,406.793,2,"",M,NaN,,,0,NaN,,,M,386.603,2,"",385.083,2,"",NaN,,,NaN,,
2024-12-07T13:55:56.000Z,10.795,2,"",M,59.099,2,"",M,6.000,2,"",N,7.267,2,"",M,29.124,2,"",M,7.780,2,"",M,1006.720,2,"",M,407.332,2,"",M,NaN,,,0,NaN,,,M,391.934,2,"",390.390,2,"",NaN,,,NaN,,
2024-12-07T13:57:47.000Z,10.795,2,"",M,59.099,2,"",M,6.000,2,"",N,7.380,2,"",M,29.171,2,"",M,7.890,2,"",M,1006.670,2,"",M,406.741,2,"",M,NaN,,,0,NaN,,,M,391.356,2,"",389.817,2,"",NaN,,,NaN,,
2024-12-07T13:59:38.000Z,10.795,2,"",M,59.099,2,"",M,6.000,2,"",N,7.304,2,"",M,28.928,2,"",M,7.950,2,"",M,1006.450,2,"",M,406.279,2,"",M,NaN,,,0,NaN,,,M,388.569,2,"",387.042,2,"",NaN,,,NaN,,
2024-12-07T14:01:30.000Z,10.795,2,"",M,59.099,2,"",M,6.000,2,"",N,7.400,2,"",M,29.238,2,"",M,7.920,2,"",M,1006.530,2,"",M,406.819,2,"",M,NaN,,,0,NaN,,,M,391.209,2,"",389.672,2,"",NaN,,,NaN,,
2024-12-07T14:03:21.000Z,10.795,2,"",M,59.098,2,"",M,6.000,2,"",N,7.246,2,"",M,29.130,2,"",M,8.040,2,"",M,1006.690,2,"",M,406.437,2,"",M,NaN,,,0,NaN,,,M,386.369,2,"",384.853,2,"",NaN,,,NaN,,
2024-12-07T14:05:12.000Z,10.795,2,"",M,59.098,2,"",M,6.000,2,"",N,7.648,2,"",M,29.274,2,"",M,7.890,2,"",M,1006.600,2,"",M,407.266,2,"",M,NaN,,,0,NaN,,,M,396.309,2,"",394.750,2,"",NaN,,,NaN,,
2024-12-07T14:07:04.000Z,10.795,2,"",M,59.098,2,"",M,6.000,2,"",N,7.422,2,"",M,29.318,2,"",M,8.160,2,"",M,1006.590,2,"",M,407.615,2,"",M,NaN,,,0,NaN,,,M,388.334,2,"",386.812,2,"",NaN,,,NaN,,
2024-12-07T14:08:55.000Z,10.795,2,"",M,59.098,2,"",M,6.000,2,"",N,7.434,2,"",M,29.111,2,"",M,8.070,2,"",M,1006.460,2,"",M,409.726,2,"",M,NaN,,,0,NaN,,,M,392.003,2,"",390.465,2,"",NaN,,,NaN,,
2024-12-07T14:11:07.000Z,10.795,2,"",M,59.098,2,"",M,6.000,2,"",N,7.261,2,"",M,29.010,2,"",M,8.070,2,"",M,1006.630,2,"",M,410.064,2,"",M,NaN,,,0,NaN,,,M,389.529,2,"",388.001,2,"",NaN,,,NaN,,
2024-12-07T14:12:59.000Z,10.795,2,"",M,59.098,2,"",M,6.000,2,"",N,7.299,2,"",M,29.274,2,"",M,7.900,2,"",M,1006.710,2,"",M,409.333,2,"",M,NaN,,,0,NaN,,,M,392.358,2,"",390.815,2,"",NaN,,,NaN,,
2024-12-07T14:14:50.000Z,10.795,2,"",M,59.098,2,"",M,6.000,2,"",N,7.372,2,"",M,29.251,2,"",M,7.900,2,"",M,1006.680,2,"",M,408.131,2,"",M,NaN,,,0,NaN,,,M,392.402,2,"",390.859,2,"",NaN,,,NaN,,
2024-12-07T14:16:41.000Z,10.795,2,"",M,59.097,2,"",M,6.000,2,"",N,7.213,2,"",M,28.831,2,"",M,7.990,2,"",M,1006.610,2,"",M,407.459,2,"",M,NaN,,,0,NaN,,,M,387.593,2,"",386.071,2,"",NaN,,,NaN,,
2024-12-07T14:18:33.000Z,10.795,2,"",M,59.097,2,"",M,6.000,2,"",N,7.330,2,"",M,28.964,2,"",M,7.810,2,"",M,1006.515,2,"",M,406.907,2,"",M,NaN,,,0,NaN,,,M,391.988,2,"",390.445,2,"",NaN,,,NaN,,
2024-12-07T14:20:24.000Z,10.795,2,"",M,59.097,2,"",M,6.000,2,"",N,7.602,2,"",M,29.242,2,"",M,7.840,2,"",M,1006.870,2,"",M,406.596,2,"",M,NaN,,,0,NaN,,,M,395.840,2,"",394.282,2,"",NaN,,,NaN,,
2024-12-07T14:22:15.000Z,10.795,2,"",M,59.097,2,"",M,6.000,2,"",N,7.802,2,"",M,29.552,2,"",M,8.150,2,"",M,1006.870,2,"",M,407.075,2,"",M,NaN,,,0,NaN,,,M,394.385,2,"",392.839,2,"",NaN,,,NaN,,
2024-12-07T14:24:06.000Z,10.795,2,"",M,59.097,2,"",M,6.000,2,"",N,7.795,2,"",M,29.587,2,"",M,8.380,2,"",M,1006.710,2,"",M,410.756,2,"",M,NaN,,,0,NaN,,,M,393.858,2,"",392.319,2,"",NaN,,,NaN,,
2024-12-07T14:25:58.000Z,10.795,2,"",M,59.097,2,"",M,6.000,2,"",N,7.847,2,"",M,29.657,2,"",M,8.390,2,"",M,1006.690,2,"",M,414.298,2,"",M,NaN,,,0,NaN,,,M,397.946,2,"",396.391,2,"",NaN,,,NaN,,
2024-12-07T14:27:49.000Z,10.795,2,"",M,59.097,2,"",M,6.000,2,"",N,7.857,2,"",M,29.715,2,"",M,8.430,2,"",M,1006.500,2,"",M,416.208,2,"",M,NaN,,,0,NaN,,,M,399.180,2,"",397.622,2,"",NaN,,,NaN,,
2024-12-07T14:29:40.000Z,10.795,2,"",M,59.097,2,"",M,6.000,2,"",N,7.876,2,"",M,29.684,2,"",M,8.490,2,"",M,1006.780,2,"",M,417.167,2,"",M,NaN,,,0,NaN,,,M,399.507,2,"",397.948,2,"",NaN,,,NaN,,
2024-12-07T14:31:33.000Z,10.795,2,"",M,59.097,2,"",M,6.000,2,"",N,7.853,2,"",M,29.731,2,"",M,8.490,2,"",M,1006.801,2,"",M,417.977,2,"",M,NaN,,,0,NaN,,,M,399.897,2,"",398.336,2,"",NaN,,,NaN,,
2024-12-07T14:33:24.000Z,10.795,2,"",M,59.097,2,"",M,6.000,2,"",N,7.862,2,"",M,29.688,2,"",M,8.490,2,"",M,1006.800,2,"",M,418.866,2,"",M,NaN,,,0,NaN,,,M,400.905,2,"",399.341,2,"",NaN,,,NaN,,
2024-12-07T14:35:15.000Z,10.795,2,"",M,59.097,2,"",M,6.000,2,"",N,7.928,2,"",M,29.730,2,"",M,8.480,2,"",M,1006.720,2,"",M,418.755,2,"",M,NaN,,,0,NaN,,,M,402.062,2,"",400.492,2,"",NaN,,,NaN,,
2024-12-07T14:37:07.000Z,10.795,2,"",M,59.097,2,"",M,6.000,2,"",N,7.912,2,"",M,29.751,2,"",M,8.520,2,"",M,1006.730,2,"",M,418.804,2,"",M,NaN,,,0,NaN,,,M,401.138,2,"",399.573,2,"",NaN,,,NaN,,
2024-12-07T14:38:58.000Z,10.795,2,"",M,59.097,2,"",M,6.000,2,"",N,7.891,2,"",M,29.714,2,"",M,8.540,2,"",M,1006.820,2,"",M,419.073,2,"",M,NaN,,,0,NaN,,,M,400.732,2,"",399.169,2,"",NaN,,,NaN,,
2024-12-07T14:40:49.000Z,10.795,2,"",M,59.097,2,"",M,6.000,2,"",N,7.884,2,"",M,29.721,2,"",M,8.520,2,"",M,1006.760,2,"",M,419.752,2,"",M,NaN,,,0,NaN,,,M,401.588,2,"",400.021,2,"",NaN,,,NaN,,
2024-12-07T14:42:41.000Z,10.795,2,"",M,59.097,2,"",M,6.000,2,"",N,7.861,2,"",M,29.724,2,"",M,8.500,2,"",M,1006.730,2,"",M,419.711,2,"",M,NaN,,,0,NaN,,,M,401.486,2,"",399.919,2,"",NaN,,,NaN,,
2024-12-07T14:44:32.000Z,10.795,2,"",M,59.097,2,"",M,6.000,2,"",N,7.795,2,"",M,29.632,2,"",M,8.490,2,"",M,1006.720,2,"",M,419.339,2,"",M,NaN,,,0,NaN,,,M,400.184,2,"",398.622,2,"",NaN,,,NaN,,
2024-12-07T14:46:23.000Z,10.795,2,"",M,59.097,2,"",M,6.000,2,"",N,7.866,2,"",M,29.642,2,"",M,8.440,2,"",M,1006.730,2,"",M,419.358,2,"",M,NaN,,,0,NaN,,,M,402.270,2,"",400.699,2,"",NaN,,,NaN,,
2024-12-07T14:48:15.000Z,10.795,2,"",M,59.097,2,"",M,6.000,2,"",N,7.684,2,"",M,29.686,2,"",M,8.490,2,"",M,1006.830,2,"",M,418.677,2,"",M,NaN,,,0,NaN,,,M,397.719,2,"",396.167,2,"",NaN,,,NaN,,
2024-12-07T14:52:44.000Z,10.795,2,"",M,59.101,2,"",M,6.000,2,"",N,NaN,,,M,NaN,,,M,NaN,,,M,NaN,,,M,NaN,,,0,NaN,,,0,NaN,,,M,NaN,,,NaN,,,NaN,,,NaN,,
2024-12-07T14:54:33.000Z,10.795,2,"",M,59.100,2,"",M,6.000,2,"",N,NaN,,,M,NaN,,,M,NaN,,,M,NaN,,,M,NaN,,,0,NaN,,,0,NaN,,,M,NaN,,,NaN,,,NaN,,,NaN,,
2024-12-07T14:56:22.000Z,10.797,2,"",M,59.102,2,"",M,6.000,2,"",N,NaN,,,M,NaN,,,M,NaN,,,M,NaN,,,M,NaN,,,0,NaN,,,0,NaN,,,M,NaN,,,NaN,,,NaN,,,NaN,,
2024-12-07T15:00:51.000Z,10.794,2,"",M,59.108,2,"",M,6.000,2,"",N,NaN,,,M,NaN,,,M,NaN,,,M,NaN,,,M,NaN,,,0,NaN,,,0,NaN,,,M,NaN,,,NaN,,,NaN,,,NaN,,
2024-12-07T15:02:40.000Z,10.794,2,"",M,59.109,2,"",M,6.000,2,"",N,NaN,,,M,NaN,,,M,NaN,,,M,NaN,,,M,NaN,,,0,NaN,,,0,NaN,,,M,NaN,,,NaN,,,NaN,,,NaN,,
2024-12-07T15:04:29.000Z,10.793,2,"",M,59.111,2,"",M,6.000,2,"",N,NaN,,,M,NaN,,,M,NaN,,,M,NaN,,,M,NaN,,,0,NaN,,,0,NaN,,,M,NaN,,,NaN,,,NaN,,,NaN,,
2024-12-07T15:08:58.000Z,10.791,2,"",M,59.112,2,"",M,6.000,2,"",N,NaN,,,M,NaN,,,M,NaN,,,M,NaN,,,M,NaN,,,0,NaN,,,0,NaN,,,M,NaN,,,NaN,,,NaN,,,NaN,,
2024-12-07T15:11:08.000Z,10.792,2,"",M,59.111,2,"",M,6.000,2,"",N,NaN,,,M,NaN,,,M,NaN,,,M,NaN,,,M,NaN,,,0,NaN,,,0,NaN,,,M,NaN,,,NaN,,,NaN,,,NaN,,
2024-12-07T15:12:57.000Z,10.792,2,"",M,59.112,2,"",M,6.000,2,"",N,NaN,,,M,NaN,,,M,NaN,,,M,NaN,,,M,NaN,,,0,NaN,,,0,NaN,,,M,NaN,,,NaN,,,NaN,,,NaN,,
2024-12-07T15:17:28.000Z,10.794,2,"",M,59.112,2,"",M,6.000,2,"",N,6.178,2,"",M,23.368,2,"",M,NaN,,,M,NaN,,,M,NaN,,,0,439.053,2,"",M,1006.200,2,"",M,NaN,,,NaN,,,433.018,2,"",431.273,2,""
2024-12-07T15:19:17.000Z,10.794,2,"",M,59.112,2,"",M,6.000,2,"",N,7.244,2,"",M,26.922,2,"",M,NaN,,,M,NaN,,,M,NaN,,,0,438.872,2,"",M,1006.300,2,"",M,NaN,,,NaN,,,432.579,2,"",430.860,2,""
2024-12-07T15:21:06.000Z,10.793,2,"",M,59.111,2,"",M,6.000,2,"",N,7.673,2,"",M,27.983,2,"",M,NaN,,,M,NaN,,,M,NaN,,,0,438.930,2,"",M,1006.300,2,"",M,NaN,,,NaN,,,432.509,2,"",430.799,2,""
2024-12-07T15:22:55.000Z,10.793,2,"",M,59.111,2,"",M,6.000,2,"",N,7.303,2,"",M,28.329,2,"",M,NaN,,,M,NaN,,,M,NaN,,,0,438.589,2,"",M,1006.500,2,"",M,NaN,,,NaN,,,432.373,2,"",430.655,2,""
2024-12-07T15:24:44.000Z,10.792,2,"",M,59.111,2,"",M,6.000,2,"",N,7.202,2,"",M,28.463,2,"",M,NaN,,,M,NaN,,,M,NaN,,,0,438.768,2,"",M,1006.500,2,"",M,NaN,,,NaN,,,432.580,2,"",430.859,2,""
2024-12-07T15:29:54.000Z,10.792,2,"",M,59.112,2,"",M,6.000,2,"",N,7.081,3,"ΔT out of range",M,28.836,2,"",M,8.090,3,"ΔT out of range",M,1007.160,2,"",M,404.913,2,"",M,NaN,,,0,NaN,,,M,381.598,3,"Equilibrator Temperature ΔT out of range (5);Water Temperature ΔT out of range (24)",380.100,3,"Equilibrator Temperature ΔT out of range (5);Water Temperature ΔT out of range (24)",NaN,,,NaN,,
2024-12-07T15:31:46.000Z,10.792,2,"",M,59.112,2,"",M,6.000,2,"",N,7.122,2,"",M,28.285,2,"",M,7.870,2,"",M,1007.260,2,"",M,405.782,2,"",M,NaN,,,0,NaN,,,M,386.765,2,"",385.242,2,"",NaN,,,NaN,,
2024-12-07T15:33:37.000Z,10.791,2,"",M,59.113,2,"",M,6.000,2,"",N,6.734,3,"ΔT out of range",M,27.030,2,"",M,7.760,3,"ΔT out of range",M,1007.190,2,"",M,403.160,2,"",M,NaN,,,0,NaN,,,M,379.775,3,"Equilibrator Temperature ΔT out of range (41);Water Temperature ΔT out of range (24)",378.278,3,"Equilibrator Temperature ΔT out of range (41);Water Temperature ΔT out of range (24)",NaN,,,NaN,,
2024-12-07T15:35:28.000Z,10.790,2,"",M,59.114,2,"",M,6.000,2,"",N,7.022,2,"",I,24.482,2,"",M,7.172,2,"",I,1006.910,2,"",M,398.416,2,"",M,NaN,,,0,NaN,,,M,389.519,2,"",387.972,2,"",NaN,,,NaN,,
2024-12-07T15:37:20.000Z,10.789,2,"",M,59.115,2,"",M,6.000,2,"",N,5.660,3,"ΔT out of range",M,23.327,2,"",M,6.660,3,"ΔT out of range",M,1006.910,2,"",M,387.668,2,"",M,NaN,,,0,NaN,,,M,365.746,3,"Equilibrator Temperature ΔT out of range (32);Water Temperature ΔT out of range (32)",364.283,3,"Equilibrator Temperature ΔT out of range (32);Water Temperature ΔT out of range (32)",NaN,,,NaN,,
2024-12-07T15:39:11.000Z,10.787,2,"",M,59.115,2,"",M,6.000,2,"",N,6.921,2,"",M,27.522,2,"",M,6.470,2,"",M,1007.270,2,"",M,372.829,2,"",M,NaN,,,0,NaN,,,M,374.203,2,"",372.703,2,"",NaN,,,NaN,,
2024-12-07T15:41:02.000Z,10.787,2,"",M,59.114,2,"",M,6.000,2,"",N,6.649,2,"",I,25.197,2,"",M,6.639,2,"",I,1007.160,2,"",M,369.046,2,"",M,NaN,,,0,NaN,,,M,363.476,2,"",362.022,2,"",NaN,,,NaN,,
2024-12-07T15:42:54.000Z,10.788,2,"",M,59.112,2,"",M,6.000,2,"",N,6.375,2,"",M,25.867,2,"",M,6.810,2,"",M,1006.960,2,"",M,378.801,2,"",M,NaN,,,0,NaN,,,M,366.014,2,"",364.554,2,"",NaN,,,NaN,,
2024-12-07T15:44:45.000Z,10.790,2,"",M,59.109,2,"",M,6.000,2,"",N,6.745,2,"",M,26.651,2,"",M,7.040,2,"",M,1006.770,2,"",M,376.268,2,"",M,NaN,,,0,NaN,,,M,365.599,2,"",364.145,2,"",NaN,,,NaN,,
2024-12-07T15:46:37.000Z,10.792,2,"",M,59.107,2,"",M,6.000,2,"",N,6.751,2,"",M,26.287,2,"",M,7.400,2,"",M,1006.990,2,"",M,376.628,2,"",M,NaN,,,0,NaN,,,M,360.492,2,"",359.064,2,"",NaN,,,NaN,,
2024-12-07T15:48:28.000Z,10.794,2,"",M,59.104,2,"",M,6.000,2,"",N,7.009,2,"",M,26.702,2,"",M,7.320,2,"",M,1007.150,2,"",M,380.539,2,"",M,NaN,,,0,NaN,,,M,369.572,2,"",368.107,2,"",NaN,,,NaN,,
2024-12-07T15:50:19.000Z,10.795,2,"",M,59.102,2,"",M,6.000,2,"",N,7.468,2,"",M,27.783,2,"",M,7.520,2,"",M,1007.080,2,"",M,382.570,2,"",M,NaN,,,0,NaN,,,M,375.551,2,"",374.066,2,"",NaN,,,NaN,,
2024-12-07T15:52:11.000Z,10.795,2,"",M,59.099,2,"",M,6.000,2,"",N,6.900,2,"",M,27.584,2,"",M,7.880,2,"",M,1006.940,2,"",M,386.681,2,"",M,NaN,,,0,NaN,,,M,364.838,2,"",363.403,2,"",NaN,,,NaN,,
2024-12-07T15:54:02.000Z,10.795,2,"",M,59.097,2,"",M,6.000,2,"",N,6.820,2,"",I,27.509,2,"",M,7.650,2,"",I,1006.740,2,"",M,393.424,2,"",M,NaN,,,0,NaN,,,M,373.546,2,"",372.072,2,"",NaN,,,NaN,,
2024-12-07T15:55:53.000Z,10.797,2,"",M,59.094,2,"",M,6.000,2,"",N,6.740,2,"",M,26.839,2,"",M,7.420,2,"",M,1007.160,2,"",M,393.333,2,"",M,NaN,,,0,NaN,,,M,376.052,2,"",374.563,2,"",NaN,,,NaN,,
2024-12-07T15:57:45.000Z,10.799,2,"",M,59.093,2,"",M,6.000,2,"",N,6.811,2,"",I,27.109,2,"",M,7.365,2,"",I,1007.130,2,"",M,388.780,2,"",M,NaN,,,0,NaN,,,M,373.692,2,"",372.212,2,"",NaN,,,NaN,,
2024-12-07T15:59:36.000Z,10.801,2,"",M,59.094,2,"",M,6.000,2,"",N,6.881,2,"",M,24.959,2,"",M,7.310,2,"",M,1007.070,2,"",M,386.548,2,"",M,NaN,,,0,NaN,,,M,373.506,2,"",372.025,2,"",NaN,,,NaN,,
2024-12-07T16:01:27.000Z,10.798,2,"",M,59.095,2,"",M,6.000,2,"",N,7.459,2,"",M,28.399,2,"",M,7.290,2,"",M,1006.830,2,"",M,382.445,2,"",M,NaN,,,0,NaN,,,M,378.930,2,"",377.428,2,"",NaN,,,NaN,,
2024-12-07T16:03:19.000Z,10.796,2,"",M,59.096,2,"",M,6.000,2,"",N,7.090,2,"",I,27.088,2,"",M,7.335,2,"",I,1006.780,2,"",M,384.115,2,"",M,NaN,,,0,NaN,,,M,373.937,2,"",372.456,2,"",NaN,,,NaN,,
2024-12-07T16:05:10.000Z,10.796,2,"",M,59.096,2,"",M,6.000,2,"",N,6.724,2,"",M,27.092,2,"",M,7.380,2,"",M,1007.180,2,"",M,393.368,2,"",M,NaN,,,0,NaN,,,M,376.488,2,"",374.997,2,"",NaN,,,NaN,,
2024-12-07T16:07:01.000Z,10.796,2,"",M,59.096,2,"",M,6.000,2,"",N,7.102,2,"",I,26.286,2,"",M,7.236,2,"",I,1007.120,2,"",M,391.967,2,"",M,NaN,,,0,NaN,,,M,383.535,2,"",382.013,2,"",NaN,,,NaN,,
2024-12-07T16:08:53.000Z,10.795,2,"",M,59.096,2,"",M,6.000,2,"",N,7.483,2,"",M,26.346,2,"",M,7.090,2,"",M,1007.050,2,"",M,388.264,2,"",M,NaN,,,0,NaN,,,M,388.482,2,"",386.938,2,"",NaN,,,NaN,,
2024-12-07T16:11:06.000Z,10.796,2,"",M,59.096,2,"",M,6.000,2,"",N,7.475,2,"",M,28.948,2,"",M,7.450,2,"",M,1006.920,2,"",M,382.641,2,"",M,NaN,,,0,NaN,,,M,376.810,2,"",375.319,2,"",NaN,,,NaN,,
2024-12-07T16:12:57.000Z,10.795,2,"",M,59.096,2,"",M,6.000,2,"",N,7.499,2,"",M,28.958,2,"",M,8.110,2,"",M,1007.300,2,"",M,388.713,2,"",M,NaN,,,0,NaN,,,M,372.590,2,"",371.128,2,"",NaN,,,NaN,,
2024-12-07T16:14:49.000Z,10.795,2,"",M,59.096,2,"",M,6.000,2,"",N,7.861,2,"",M,29.037,2,"",M,8.080,2,"",M,1007.400,2,"",M,400.417,2,"",M,NaN,,,0,NaN,,,M,390.278,2,"",388.746,2,"",NaN,,,NaN,,
2024-12-07T16:16:41.000Z,10.795,2,"",M,59.096,2,"",M,6.000,2,"",N,7.881,2,"",M,29.577,2,"",M,8.290,2,"",M,1007.770,2,"",M,405.818,2,"",M,NaN,,,0,NaN,,,M,392.461,2,"",390.924,2,"",NaN,,,NaN,,
2024-12-07T16:18:32.000Z,10.795,2,"",M,59.096,2,"",M,6.000,2,"",N,7.755,2,"",M,29.571,2,"",M,8.510,2,"",M,1007.200,2,"",M,410.119,2,"",M,NaN,,,0,NaN,,,M,390.583,2,"",389.058,2,"",NaN,,,NaN,,
2024-12-07T16:20:24.000Z,10.795,2,"",M,59.096,2,"",M,6.000,2,"",N,7.780,2,"",M,29.377,2,"",M,8.470,2,"",M,1007.150,2,"",M,415.460,2,"",M,NaN,,,0,NaN,,,M,396.744,2,"",395.195,2,"",NaN,,,NaN,,
2024-12-07T16:22:15.000Z,10.795,2,"",M,59.096,2,"",M,6.000,2,"",N,7.803,2,"",M,29.409,2,"",M,8.400,2,"",M,1007.540,2,"",M,416.099,2,"",M,NaN,,,0,NaN,,,M,399.100,2,"",397.539,2,"",NaN,,,NaN,,
2024-12-07T16:24:06.000Z,10.796,2,"",M,59.096,2,"",M,6.000,2,"",N,7.724,2,"",M,29.304,2,"",M,8.420,2,"",M,1007.560,2,"",M,415.458,2,"",M,NaN,,,0,NaN,,,M,396.815,2,"",395.264,2,"",NaN,,,NaN,,
2024-12-07T16:25:58.000Z,10.796,2,"",M,59.096,2,"",M,6.000,2,"",N,7.792,2,"",M,29.130,2,"",M,8.290,2,"",M,1007.610,2,"",M,415.167,2,"",M,NaN,,,0,NaN,,,M,399.927,2,"",398.361,2,"",NaN,,,NaN,,
2024-12-07T16:27:49.000Z,10.796,2,"",M,59.096,2,"",M,6.000,2,"",N,7.544,2,"",I,29.106,2,"",M,8.105,2,"",I,1007.550,2,"",M,413.525,2,"",M,NaN,,,0,NaN,,,M,397.316,2,"",395.756,2,"",NaN,,,NaN,,
2024-12-07T16:29:40.000Z,10.796,2,"",M,59.095,2,"",M,6.000,2,"",N,7.296,2,"",M,26.805,2,"",M,7.920,2,"",M,1007.670,2,"",M,412.684,2,"",M,NaN,,,0,NaN,,,M,395.548,2,"",393.992,2,"",NaN,,,NaN,,
2024-12-07T16:31:32.000Z,10.796,2,"",M,59.095,2,"",M,6.000,2,"",N,7.878,2,"",M,28.886,2,"",M,7.430,2,"",M,1007.800,2,"",M,402.869,2,"",M,NaN,,,0,NaN,,,M,404.251,2,"",402.650,2,"",NaN,,,NaN,,
2024-12-07T16:33:23.000Z,10.796,2,"",M,59.095,2,"",M,6.000,2,"",N,7.861,2,"",M,29.688,2,"",M,8.360,2,"",M,1007.790,2,"",M,395.756,2,"",M,NaN,,,0,NaN,,,M,381.271,2,"",379.779,2,"",NaN,,,NaN,,
2024-12-07T16:35:14.000Z,10.796,2,"",M,59.095,2,"",M,6.000,2,"",N,7.871,2,"",M,29.615,2,"",M,8.480,2,"",M,1007.750,2,"",M,405.558,2,"",M,NaN,,,0,NaN,,,M,388.850,2,"",387.331,2,"",NaN,,,NaN,,
2024-12-07T16:37:06.000Z,10.796,2,"",M,59.095,2,"",M,6.000,2,"",N,7.762,2,"",I,29.709,2,"",M,8.265,2,"",I,1007.630,2,"",M,413.220,2,"",M,NaN,,,0,NaN,,,M,397.990,2,"",396.431,2,"",NaN,,,NaN,,
2024-12-07T16:38:57.000Z,10.797,2,"",M,59.095,2,"",M,6.000,2,"",N,7.655,2,"",I,28.811,2,"",M,8.053,2,"",I,1007.780,2,"",M,416.330,2,"",M,NaN,,,0,NaN,,,M,402.891,2,"",401.308,2,"",NaN,,,NaN,,
2024-12-07T16:40:48.000Z,10.797,2,"",M,59.095,2,"",M,6.000,2,"",N,7.547,2,"",M,29.239,2,"",M,7.840,2,"",M,1007.810,2,"",M,415.108,2,"",M,NaN,,,0,NaN,,,M,403.572,2,"",401.981,2,"",NaN,,,NaN,,
2024-12-07T16:42:40.000Z,10.797,2,"",M,59.095,2,"",M,6.000,2,"",N,7.344,2,"",I,28.873,2,"",M,7.905,2,"",I,1007.810,2,"",M,410.616,2,"",M,NaN,,,0,NaN,,,M,394.677,2,"",393.123,2,"",NaN,,,NaN,,
2024-12-07T16:44:31.000Z,10.798,2,"",M,59.095,2,"",M,6.000,2,"",N,7.142,2,"",M,28.694,2,"",M,7.970,2,"",M,1007.796,2,"",M,409.004,2,"",M,NaN,,,0,NaN,,,M,388.705,2,"",387.176,2,"",NaN,,,NaN,,
2024-12-07T16:46:23.000Z,10.798,2,"",M,59.095,2,"",M,6.000,2,"",N,7.311,2,"",M,28.835,2,"",M,7.910,2,"",M,1007.794,2,"",M,407.243,2,"",M,NaN,,,0,NaN,,,M,390.809,2,"",389.270,2,"",NaN,,,NaN,,
2024-12-07T16:48:14.000Z,10.798,2,"",M,59.095,2,"",M,6.000,2,"",N,7.178,2,"",M,28.425,2,"",M,8.020,2,"",M,1008.020,2,"",M,405.071,2,"",M,NaN,,,0,NaN,,,M,384.809,2,"",383.297,2,"",NaN,,,NaN,,
2024-12-07T16:50:05.000Z,10.798,2,"",M,59.095,2,"",M,6.000,2,"",N,7.590,2,"",M,29.279,2,"",M,7.840,2,"",M,1007.910,2,"",M,404.790,2,"",M,NaN,,,0,NaN,,,M,394.293,2,"",392.740,2,"",NaN,,,NaN,,
2024-12-07T16:51:57.000Z,10.798,2,"",M,59.095,2,"",M,6.000,2,"",N,7.682,2,"",M,29.221,2,"",M,8.200,2,"",M,1007.960,2,"",M,404.739,2,"",M,NaN,,,0,NaN,,,M,389.720,2,"",388.192,2,"",NaN,,,NaN,,
2024-12-07T16:53:48.000Z,10.798,2,"",M,59.095,2,"",M,6.000,2,"",N,7.766,2,"",M,29.368,2,"",M,8.290,2,"",M,1007.950,2,"",M,407.579,2,"",M,NaN,,,0,NaN,,,M,392.325,2,"",390.789,2,"",NaN,,,NaN,,
2024-12-07T16:55:40.000Z,10.798,2,"",M,59.095,2,"",M,6.000,2,"",N,7.861,2,"",M,29.552,2,"",M,8.380,2,"",M,1007.930,2,"",M,410.578,2,"",M,NaN,,,0,NaN,,,M,395.265,2,"",393.718,2,"",NaN,,,NaN,,
2024-12-07T16:57:32.000Z,10.798,2,"",M,59.095,2,"",M,6.000,2,"",N,7.757,2,"",M,29.460,2,"",M,8.480,2,"",M,1008.150,2,"",M,412.768,2,"",M,NaN,,,0,NaN,,,M,394.014,2,"",392.474,2,"",NaN,,,NaN,,
2024-12-07T16:59:23.000Z,10.798,2,"",M,59.095,2,"",M,6.000,2,"",N,7.484,2,"",M,28.938,2,"",M,8.450,2,"",M,1008.070,2,"",M,415.097,2,"",M,NaN,,,0,NaN,,,M,392.161,2,"",390.628,2,"",NaN,,,NaN,,
2024-12-07T17:01:14.000Z,10.798,2,"",M,59.095,2,"",M,6.000,2,"",N,7.691,2,"",M,29.136,2,"",M,8.100,2,"",M,1007.930,2,"",M,414.876,2,"",M,NaN,,,0,NaN,,,M,401.339,2,"",399.763,2,"",NaN,,,NaN,,
2024-12-07T17:03:06.000Z,10.799,2,"",M,59.095,2,"",M,6.000,2,"",N,7.774,2,"",M,29.147,2,"",M,8.290,2,"",M,1007.750,2,"",M,411.955,2,"",M,NaN,,,0,NaN,,,M,396.589,2,"",395.035,2,"",NaN,,,NaN,,
2024-12-07T17:04:57.000Z,10.799,2,"",M,59.095,2,"",M,6.000,2,"",N,7.491,2,"",M,28.835,2,"",M,8.350,2,"",M,1007.820,2,"",M,411.573,2,"",M,NaN,,,0,NaN,,,M,390.524,2,"",388.996,2,"",NaN,,,NaN,,
2024-12-07T17:06:48.000Z,10.799,2,"",M,59.095,2,"",M,6.000,2,"",N,7.480,2,"",M,28.827,2,"",M,8.200,2,"",M,1008.010,2,"",M,411.362,2,"",M,NaN,,,0,NaN,,,M,392.745,2,"",391.204,2,"",NaN,,,NaN,,
2024-12-07T17:08:40.000Z,10.799,2,"",M,59.095,2,"",M,6.000,2,"",N,7.583,2,"",M,28.744,2,"",M,8.160,2,"",M,1008.090,2,"",M,409.691,2,"",M,NaN,,,0,NaN,,,M,393.572,2,"",392.028,2,"",NaN,,,NaN,,
2024-12-07T17:10:32.000Z,10.799,2,"",M,59.096,2,"",M,6.000,2,"",N,7.443,2,"",M,28.866,2,"",M,8.110,2,"",M,1007.990,2,"",M,408.160,2,"",M,NaN,,,0,NaN,,,M,390.581,2,"",389.047,2,"",NaN,,,NaN,,
2024-12-07T17:12:44.000Z,10.799,2,"",M,59.096,2,"",M,6.000,2,"",N,7.530,2,"",M,28.750,2,"",M,8.100,2,"",M,1007.920,2,"",M,407.728,2,"",M,NaN,,,0,NaN,,,M,391.757,2,"",390.219,2,"",NaN,,,NaN,,
2024-12-07T17:14:36.000Z,10.799,2,"",M,59.096,2,"",M,6.000,2,"",N,7.449,2,"",M,28.992,2,"",M,8.130,2,"",M,1008.020,2,"",M,407.417,2,"",M,NaN,,,0,NaN,,,M,389.654,2,"",388.124,2,"",NaN,,,NaN,,
2024-12-07T17:16:27.000Z,10.800,2,"",M,59.096,2,"",M,6.000,2,"",N,7.359,2,"",M,28.804,2,"",M,8.130,2,"",M,1008.130,2,"",M,407.716,2,"",M,NaN,,,0,NaN,,,M,388.487,2,"",386.962,2,"",NaN,,,NaN,,
2024-12-07T17:18:18.000Z,10.800,2,"",M,59.096,2,"",M,6.000,2,"",N,7.490,2,"",M,28.601,2,"",M,8.110,2,"",M,1008.060,2,"",M,407.895,2,"",M,NaN,,,0,NaN,,,M,391.129,2,"",389.593,2,"",NaN,,,NaN,,
2024-12-07T17:20:10.000Z,10.800,2,"",M,59.096,2,"",M,6.000,2,"",N,7.603,2,"",M,28.610,2,"",M,8.070,2,"",M,1008.150,2,"",M,407.324,2,"",M,NaN,,,0,NaN,,,M,393.175,2,"",391.630,2,"",NaN,,,NaN,,
2024-12-07T17:22:01.000Z,10.800,2,"",M,59.096,2,"",M,6.000,2,"",N,7.738,2,"",M,29.052,2,"",M,8.130,2,"",M,1008.180,2,"",M,406.323,2,"",M,NaN,,,0,NaN,,,M,393.452,2,"",391.907,2,"",NaN,,,NaN,,
2024-12-07T17:23:52.000Z,10.800,2,"",M,59.096,2,"",M,6.000,2,"",N,7.644,2,"",M,29.531,2,"",M,8.320,2,"",M,1008.430,2,"",M,407.222,2,"",M,NaN,,,0,NaN,,,M,389.643,2,"",388.116,2,"",NaN,,,NaN,,
2024-12-07T17:25:44.000Z,10.800,2,"",M,59.096,2,"",M,6.000,2,"",N,7.521,2,"",I,28.416,2,"",M,8.084,2,"",I,1008.350,2,"",M,410.482,2,"",M,NaN,,,0,NaN,,,M,394.692,2,"",393.141,2,"",NaN,,,NaN,,
2024-12-07T17:27:35.000Z,10.800,2,"",M,59.096,2,"",M,6.000,2,"",N,7.400,2,"",M,28.744,2,"",M,7.850,2,"",M,1008.210,2,"",M,411.491,2,"",M,NaN,,,0,NaN,,,M,397.569,2,"",396.002,2,"",NaN,,,NaN,,
2024-12-07T17:29:26.000Z,10.800,2,"",M,59.096,2,"",M,6.000,2,"",N,7.302,2,"",M,28.855,2,"",M,7.990,2,"",M,1008.280,2,"",M,407.529,2,"",M,NaN,,,0,NaN,,,M,389.773,2,"",388.239,2,"",NaN,,,NaN,,
2024-12-07T17:31:18.000Z,10.800,2,"",M,59.096,2,"",M,6.000,2,"",N,7.430,2,"",M,28.902,2,"",M,7.990,2,"",M,1008.140,2,"",M,406.698,2,"",M,NaN,,,0,NaN,,,M,391.050,2,"",389.512,2,"",NaN,,,NaN,,
2024-12-07T17:33:09.000Z,10.800,2,"",M,59.096,2,"",M,6.000,2,"",N,7.325,2,"",M,28.927,2,"",M,8.040,2,"",M,1008.320,2,"",M,407.027,2,"",M,NaN,,,0,NaN,,,M,388.857,2,"",387.328,2,"",NaN,,,NaN,,
2024-12-07T17:35:01.000Z,10.800,2,"",M,59.096,2,"",M,6.000,2,"",N,7.341,2,"",M,28.955,2,"",M,8.030,2,"",M,1008.210,2,"",M,407.586,2,"",M,NaN,,,0,NaN,,,M,389.787,2,"",388.254,2,"",NaN,,,NaN,,
2024-12-07T17:36:52.000Z,10.800,2,"",M,59.096,2,"",M,6.000,2,"",N,7.396,2,"",M,28.987,2,"",M,8.010,2,"",M,1008.180,2,"",M,407.905,2,"",M,NaN,,,0,NaN,,,M,391.318,2,"",389.779,2,"",NaN,,,NaN,,
2024-12-07T17:38:43.000Z,10.800,2,"",M,59.096,2,"",M,6.000,2,"",N,7.402,2,"",M,29.097,2,"",M,8.030,2,"",M,1008.120,2,"",M,407.764,2,"",M,NaN,,,0,NaN,,,M,390.924,2,"",389.388,2,"",NaN,,,NaN,,
2024-12-07T17:40:35.000Z,10.800,2,"",M,59.096,2,"",M,6.000,2,"",N,7.430,2,"",M,29.148,2,"",M,8.060,2,"",M,1008.020,2,"",M,408.433,2,"",M,NaN,,,0,NaN,,,M,391.488,2,"",389.950,2,"",NaN,,,NaN,,
2024-12-07T17:42:26.000Z,10.800,2,"",M,59.096,2,"",M,6.000,2,"",N,7.438,2,"",M,29.190,2,"",M,8.100,2,"",M,1008.320,2,"",M,409.322,2,"",M,NaN,,,0,NaN,,,M,391.916,2,"",390.376,2,"",NaN,,,NaN,,
2024-12-07T17:44:17.000Z,10.800,2,"",M,59.096,2,"",M,6.000,2,"",N,7.398,2,"",M,29.208,2,"",M,8.080,2,"",M,1008.320,2,"",M,410.441,2,"",M,NaN,,,0,NaN,,,M,392.661,2,"",391.118,2,"",NaN,,,NaN,,
2024-12-07T17:46:08.000Z,10.800,2,"",M,59.096,2,"",M,6.000,2,"",N,7.425,2,"",M,29.252,2,"",M,8.030,2,"",M,1008.260,2,"",M,410.670,2,"",M,NaN,,,0,NaN,,,M,394.141,2,"",392.591,2,"",NaN,,,NaN,,
2024-12-07T17:48:00.000Z,10.800,2,"",M,59.096,2,"",M,6.000,2,"",N,7.445,2,"",M,29.249,2,"",M,8.050,2,"",M,1008.100,2,"",M,410.669,2,"",M,NaN,,,0,NaN,,,M,394.073,2,"",392.524,2,"",NaN,,,NaN,,
2024-12-07T17:49:51.000Z,10.800,2,"",M,59.096,2,"",M,6.000,2,"",N,7.450,2,"",M,29.356,2,"",M,8.090,2,"",M,1008.220,2,"",M,410.388,2,"",M,NaN,,,0,NaN,,,M,393.262,2,"",391.717,2,"",NaN,,,NaN,,
2024-12-07T17:51:43.000Z,10.800,2,"",M,59.096,2,"",M,6.000,2,"",N,7.500,2,"",M,29.338,2,"",M,8.100,2,"",M,1008.350,2,"",M,410.987,2,"",M,NaN,,,0,NaN,,,M,394.546,2,"",392.996,2,"",NaN,,,NaN,,
2024-12-07T17:53:35.000Z,10.800,2,"",M,59.096,2,"",M,6.000,2,"",N,7.517,2,"",M,29.450,2,"",M,8.140,2,"",M,1008.280,2,"",M,410.986,2,"",M,NaN,,,0,NaN,,,M,394.124,2,"",392.577,2,"",NaN,,,NaN,,
2024-12-07T17:55:26.000Z,10.800,2,"",M,59.096,2,"",M,6.000,2,"",N,7.537,2,"",M,29.264,2,"",M,8.140,2,"",M,1008.310,2,"",M,411.575,2,"",M,NaN,,,0,NaN,,,M,395.034,2,"",393.483,2,"",NaN,,,NaN,,
2024-12-07T17:57:18.000Z,10.800,2,"",M,59.096,2,"",M,6.000,2,"",N,7.534,2,"",M,29.250,2,"",M,8.170,2,"",M,1008.230,2,"",M,411.784,2,"",M,NaN,,,0,NaN,,,M,394.642,2,"",393.093,2,"",NaN,,,NaN,,
2024-12-07T17:59:09.000Z,10.800,2,"",M,59.096,2,"",M,6.000,2,"",N,7.515,2,"",M,29.418,2,"",M,8.190,2,"",M,1008.340,2,"",M,412.003,2,"",M,NaN,,,0,NaN,,,M,394.248,2,"",392.701,2,"",NaN,,,NaN,,
2024-12-07T18:01:00.000Z,10.800,2,"",M,59.096,2,"",M,6.000,2,"",N,7.524,2,"",M,29.422,2,"",M,8.190,2,"",M,1008.410,2,"",M,411.822,2,"",M,NaN,,,0,NaN,,,M,394.241,2,"",392.694,2,"",NaN,,,NaN,,
2024-12-07T18:02:52.000Z,10.800,2,"",M,59.096,2,"",M,6.000,2,"",N,7.498,2,"",M,29.459,2,"",M,8.170,2,"",M,1008.360,2,"",M,412.801,2,"",M,NaN,,,0,NaN,,,M,395.074,2,"",393.523,2,"",NaN,,,NaN,,
2024-12-07T18:04:43.000Z,10.800,2,"",M,59.096,2,"",M,6.000,2,"",N,7.510,2,"",M,29.278,2,"",M,8.160,2,"",M,1008.220,2,"",M,412.660,2,"",M,NaN,,,0,NaN,,,M,395.258,2,"",393.707,2,"",NaN,,,NaN,,
2024-12-07T18:06:34.000Z,10.800,2,"",M,59.096,2,"",M,6.000,2,"",N,7.513,2,"",M,29.404,2,"",M,8.150,2,"",M,1008.100,2,"",M,412.519,2,"",M,NaN,,,0,NaN,,,M,395.287,2,"",393.735,2,"",NaN,,,NaN,,
2024-12-07T18:08:26.000Z,10.800,2,"",M,59.096,2,"",M,6.000,2,"",N,7.500,2,"",M,29.516,2,"",M,8.160,2,"",M,1008.440,2,"",M,412.298,2,"",M,NaN,,,0,NaN,,,M,394.828,2,"",393.278,2,"",NaN,,,NaN,,
2024-12-07T18:10:17.000Z,10.800,2,"",M,59.096,2,"",M,6.000,2,"",N,7.516,2,"",M,29.317,2,"",M,8.190,2,"",M,1008.540,2,"",M,412.587,2,"",M,NaN,,,0,NaN,,,M,394.895,2,"",393.345,2,"",NaN,,,NaN,,
2024-12-07T18:12:29.000Z,10.800,2,"",M,59.096,2,"",M,6.000,2,"",N,7.532,2,"",M,29.452,2,"",M,8.180,2,"",M,1008.370,2,"",M,413.175,2,"",M,NaN,,,0,NaN,,,M,395.824,2,"",394.271,2,"",NaN,,,NaN,,
2024-12-07T18:14:21.000Z,10.800,2,"",M,59.096,2,"",M,6.000,2,"",N,7.477,2,"",M,29.263,2,"",M,8.180,2,"",M,1008.380,2,"",M,412.774,2,"",M,NaN,,,0,NaN,,,M,394.535,2,"",392.987,2,"",NaN,,,NaN,,
2024-12-07T18:16:12.000Z,10.800,2,"",M,59.096,2,"",M,6.000,2,"",N,7.489,2,"",M,29.468,2,"",M,8.140,2,"",M,1008.230,2,"",M,412.633,2,"",M,NaN,,,0,NaN,,,M,395.216,2,"",393.664,2,"",NaN,,,NaN,,
2024-12-07T18:18:03.000Z,10.800,2,"",M,59.096,2,"",M,6.000,2,"",N,7.514,2,"",M,29.454,2,"",M,8.180,2,"",M,1008.620,2,"",M,412.092,2,"",M,NaN,,,0,NaN,,,M,394.599,2,"",393.050,2,"",NaN,,,NaN,,
2024-12-07T18:19:55.000Z,10.800,2,"",M,59.096,2,"",M,6.000,2,"",N,7.452,2,"",M,29.406,2,"",M,8.180,2,"",M,1008.620,2,"",M,412.391,2,"",M,NaN,,,0,NaN,,,M,393.841,2,"",392.295,2,"",NaN,,,NaN,,
2024-12-07T18:21:47.000Z,10.800,2,"",M,59.096,2,"",M,6.000,2,"",N,7.456,2,"",M,29.214,2,"",M,8.130,2,"",M,1008.450,2,"",M,412.400,2,"",M,NaN,,,0,NaN,,,M,394.695,2,"",393.145,2,"",NaN,,,NaN,,
2024-12-07T18:23:39.000Z,10.800,2,"",M,59.096,2,"",M,6.000,2,"",N,7.432,2,"",M,29.148,2,"",M,8.100,2,"",M,1008.300,2,"",M,411.789,2,"",M,NaN,,,0,NaN,,,M,394.158,2,"",392.610,2,"",NaN,,,NaN,,
2024-12-07T18:25:30.000Z,10.800,2,"",M,59.096,2,"",M,6.000,2,"",N,7.508,2,"",M,29.253,2,"",M,8.060,2,"",M,1008.310,2,"",M,410.298,2,"",M,NaN,,,0,NaN,,,M,394.685,2,"",393.133,2,"",NaN,,,NaN,,
2024-12-07T18:27:21.000Z,10.800,2,"",M,59.096,2,"",M,6.000,2,"",N,7.289,2,"",I,28.149,2,"",M,7.871,2,"",I,1008.730,2,"",M,409.617,2,"",M,NaN,,,0,NaN,,,M,393.743,2,"",392.191,2,"",NaN,,,NaN,,
2024-12-07T18:29:13.000Z,10.800,2,"",M,59.096,2,"",M,6.000,2,"",N,7.067,2,"",M,28.231,2,"",M,7.680,2,"",M,1008.710,2,"",M,407.917,2,"",M,NaN,,,0,NaN,,,M,391.647,2,"",390.100,2,"",NaN,,,NaN,,
2024-12-07T18:31:04.000Z,10.800,2,"",M,59.096,2,"",M,6.000,2,"",N,6.917,2,"",M,28.423,2,"",M,7.700,2,"",M,1008.550,2,"",M,402.117,2,"",M,NaN,,,0,NaN,,,M,383.243,2,"",381.729,2,"",NaN,,,NaN,,
2024-12-07T18:32:55.000Z,10.800,2,"",M,59.096,2,"",M,6.000,2,"",N,6.901,2,"",M,28.343,2,"",M,7.610,2,"",M,1008.370,2,"",M,399.276,2,"",M,NaN,,,0,NaN,,,M,381.687,2,"",380.178,2,"",NaN,,,NaN,,
2024-12-07T18:34:47.000Z,10.800,2,"",M,59.096,2,"",M,6.000,2,"",N,6.739,2,"",M,27.889,2,"",M,7.590,2,"",M,1008.420,2,"",M,397.955,2,"",M,NaN,,,0,NaN,,,M,378.161,2,"",376.665,2,"",NaN,,,NaN,,
2024-12-07T18:39:16.000Z,10.800,2,"",M,59.095,2,"",M,6.000,2,"",N,NaN,,,M,NaN,,,M,NaN,,,M,NaN,,,M,NaN,,,0,NaN,,,0,NaN,,,M,NaN,,,NaN,,,NaN,,,NaN,,
2024-12-07T18:41:05.000Z,10.800,2,"",M,59.095,2,"",M,6.000,2,"",N,NaN,,,M,NaN,,,M,NaN,,,M,NaN,,,M,NaN,,,0,NaN,,,0,NaN,,,M,NaN,,,NaN,,,NaN,,,NaN,,
2024-12-07T18:42:54.000Z,10.800,2,"",M,59.095,2,"",M,6.000,2,"",N,NaN,,,M,NaN,,,M,NaN,,,M,NaN,,,M,NaN,,,0,NaN,,,0,NaN,,,M,NaN,,,NaN,,,NaN,,,NaN,,
2024-12-07T18:47:23.000Z,10.800,2,"",M,59.094,2,"",M,6.000,2,"",N,NaN,,,M,NaN,,,M,NaN,,,M,NaN,,,M,NaN,,,0,NaN,,,0,NaN,,,M,NaN,,,NaN,,,NaN,,,NaN,,
2024-12-07T18:49:12.000Z,10.800,2,"",M,59.094,2,"",M,6.000,2,"",N,NaN,,,M,NaN,,,M,NaN,,,M,NaN,,,M,NaN,,,0,NaN,,,0,NaN,,,M,NaN,,,NaN,,,NaN,,,NaN,,
2024-12-07T18:51:03.000Z,10.800,2,"",M,59.094,2,"",M,6.000,2,"",N,NaN,,,M,NaN,,,M,NaN,,,M,NaN,,,M,NaN,,,0,NaN,,,0,NaN,,,M,NaN,,,NaN,,,NaN,,,NaN,,
2024-12-07T18:55:32.000Z,10.799,2,"",M,59.094,2,"",M,6.000,2,"",N,NaN,,,M,NaN,,,M,NaN,,,M,NaN,,,M,NaN,,,0,NaN,,,0,NaN,,,M,NaN,,,NaN,,,NaN,,,NaN,,
2024-12-07T18:57:21.000Z,10.799,2,"",M,59.094,2,"",M,6.000,2,"",N,NaN,,,M,NaN,,,M,NaN,,,M,NaN,,,M,NaN,,,0,NaN,,,0,NaN,,,M,NaN,,,NaN,,,NaN,,,NaN,,
2024-12-07T18:59:10.000Z,10.799,2,"",M,59.094,2,"",M,6.000,2,"",N,NaN,,,M,NaN,,,M,NaN,,,M,NaN,,,M,NaN,,,0,NaN,,,0,NaN,,,M,NaN,,,NaN,,,NaN,,,NaN,,
2024-12-07T19:03:39.000Z,10.798,2,"",M,59.094,2,"",M,6.000,2,"",N,7.267,2,"",M,29.114,2,"",M,NaN,,,M,NaN,,,M,NaN,,,0,457.646,4,"Seems off",M,1008.700,2,"",M,NaN,,,NaN,,,452.169,4,"xCO₂ (with standards) Seems off",450.368,4,"xCO₂ (with standards) Seems off"
2024-12-07T19:05:28.000Z,10.798,2,"",M,59.094,2,"",M,6.000,2,"",N,7.237,2,"",M,28.806,2,"",M,NaN,,,M,NaN,,,M,NaN,,,0,455.555,4,"Seems off",M,1008.800,2,"",M,NaN,,,NaN,,,450.157,4,"xCO₂ (with standards) Seems off",448.363,4,"xCO₂ (with standards) Seems off"
2024-12-07T19:07:17.000Z,10.798,2,"",M,59.094,2,"",M,6.000,2,"",N,7.150,2,"",M,28.902,2,"",M,NaN,,,M,NaN,,,M,NaN,,,0,446.014,4,"Seems off",M,1008.700,2,"",M,NaN,,,NaN,,,440.711,4,"xCO₂ (with standards) Seems off",438.953,4,"xCO₂ (with standards) Seems off"
2024-12-07T19:09:06.000Z,10.798,2,"",M,59.094,2,"",M,6.000,2,"",N,7.172,2,"",M,28.683,2,"",M,NaN,,,M,NaN,,,M,NaN,,,0,443.742,4,"Seems off",M,1008.800,2,"",M,NaN,,,NaN,,,438.503,4,"xCO₂ (with standards) Seems off",436.754,4,"xCO₂ (with standards) Seems off"
2024-12-07T19:10:55.000Z,10.798,2,"",M,59.094,2,"",M,6.000,2,"",N,7.187,2,"",M,28.646,2,"",M,NaN,,,M,NaN,,,M,NaN,,,0,449.769,4,"Seems off",M,1008.800,2,"",M,NaN,,,NaN,,,444.455,4,"xCO₂ (with standards) Seems off",442.682,4,"xCO₂ (with standards) Seems off"
2024-12-07T19:16:24.000Z,10.797,2,"",M,59.094,2,"",M,6.000,2,"",N,7.188,2,"",M,28.703,2,"",M,7.640,2,"",M,1008.820,2,"",M,402.586,2,"",M,NaN,,,0,NaN,,,M,389.223,2,"",387.684,2,"",NaN,,,NaN,,
2024-12-07T19:18:16.000Z,10.797,2,"",M,59.095,2,"",M,6.000,2,"",N,7.055,2,"",M,28.802,2,"",M,7.840,2,"",M,1008.660,2,"",M,400.424,2,"",M,NaN,,,0,NaN,,,M,381.598,2,"",380.094,2,"",NaN,,,NaN,,
2024-12-07T19:20:08.000Z,10.797,2,"",M,59.095,2,"",M,6.000,2,"",N,7.045,2,"",M,28.593,2,"",M,7.790,2,"",M,1008.530,2,"",M,400.532,2,"",M,NaN,,,0,NaN,,,M,382.322,2,"",380.813,2,"",NaN,,,NaN,,
2024-12-07T19:21:59.000Z,10.797,2,"",M,59.095,2,"",M,6.000,2,"",N,7.097,2,"",M,28.585,2,"",M,7.770,2,"",M,1009.410,2,"",M,401.069,2,"",M,NaN,,,0,NaN,,,M,384.339,2,"",382.821,2,"",NaN,,,NaN,,
2024-12-07T19:23:50.000Z,10.797,2,"",M,59.095,2,"",M,6.000,2,"",N,7.055,2,"",M,28.727,2,"",M,7.770,2,"",M,1009.400,2,"",M,399.996,2,"",M,NaN,,,0,NaN,,,M,382.621,2,"",381.110,2,"",NaN,,,NaN,,
2024-12-07T19:25:42.000Z,10.796,2,"",M,59.095,2,"",M,6.000,2,"",N,7.159,2,"",M,29.043,2,"",M,7.790,2,"",M,1009.260,2,"",M,400.334,2,"",M,NaN,,,0,NaN,,,M,384.249,2,"",382.732,2,"",NaN,,,NaN,,
2024-12-07T19:27:33.000Z,10.796,2,"",M,59.094,2,"",M,6.000,2,"",N,7.210,2,"",M,29.133,2,"",M,7.860,2,"",M,1009.100,2,"",M,400.881,2,"",M,NaN,,,0,NaN,,,M,384.391,2,"",382.874,2,"",NaN,,,NaN,,
2024-12-07T19:29:26.000Z,10.796,2,"",M,59.094,2,"",M,6.000,2,"",N,7.024,2,"",M,28.595,2,"",M,8.010,2,"",M,1009.210,2,"",M,402.629,2,"",M,NaN,,,0,NaN,,,M,380.623,2,"",379.124,2,"",NaN,,,NaN,,
2024-12-07T19:31:17.000Z,10.796,2,"",M,59.094,2,"",M,6.000,2,"",N,6.959,2,"",M,28.423,2,"",M,7.770,2,"",M,1009.620,2,"",M,403.466,2,"",M,NaN,,,0,NaN,,,M,384.462,2,"",382.943,2,"",NaN,,,NaN,,
2024-12-07T19:33:08.000Z,10.796,2,"",M,59.094,2,"",M,6.000,2,"",N,7.259,2,"",M,28.716,2,"",M,7.730,2,"",M,1009.460,2,"",M,401.664,2,"",M,NaN,,,0,NaN,,,M,388.240,2,"",386.706,2,"",NaN,,,NaN,,
2024-12-07T19:35:00.000Z,10.796,2,"",M,59.094,2,"",M,6.000,2,"",N,7.224,2,"",M,28.911,2,"",M,7.840,2,"",M,1009.300,2,"",M,400.801,2,"",M,NaN,,,0,NaN,,,M,384.942,2,"",383.423,2,"",NaN,,,NaN,,
2024-12-07T19:36:51.000Z,10.796,2,"",M,59.094,2,"",M,6.000,2,"",N,7.346,2,"",M,29.085,2,"",M,7.930,2,"",M,1009.110,2,"",M,401.659,2,"",M,NaN,,,0,NaN,,,M,386.197,2,"",384.675,2,"",NaN,,,NaN,,
2024-12-07T19:38:43.000Z,10.796,2,"",M,59.094,2,"",M,6.000,2,"",N,7.275,2,"",I,29.041,2,"",M,7.900,2,"",I,1009.250,2,"",M,402.766,2,"",M,NaN,,,0,NaN,,,M,386.650,2,"",385.126,2,"",NaN,,,NaN,,
2024-12-07T19:40:34.000Z,10.796,2,"",M,59.094,2,"",M,6.000,2,"",N,7.204,2,"",M,28.537,2,"",M,7.870,2,"",M,1009.660,2,"",M,404.294,2,"",M,NaN,,,0,NaN,,,M,387.613,2,"",386.084,2,"",NaN,,,NaN,,
2024-12-07T19:42:25.000Z,10.796,2,"",M,59.094,2,"",M,6.000,2,"",N,7.118,2,"",M,28.694,2,"",M,7.830,2,"",M,1009.510,2,"",M,403.511,2,"",M,NaN,,,0,NaN,,,M,386.072,2,"",384.549,2,"",NaN,,,NaN,,
2024-12-07T19:44:18.000Z,10.796,2,"",M,59.094,2,"",M,6.000,2,"",N,7.292,2,"",M,29.053,2,"",M,7.850,2,"",M,1009.370,2,"",M,401.849,2,"",M,NaN,,,0,NaN,,,M,386.927,2,"",385.400,2,"",NaN,,,NaN,,
2024-12-07T19:46:09.000Z,10.796,2,"",M,59.094,2,"",M,6.000,2,"",N,7.383,2,"",M,28.962,2,"",M,7.990,2,"",M,1009.170,2,"",M,402.586,2,"",M,NaN,,,0,NaN,,,M,386.723,2,"",385.200,2,"",NaN,,,NaN,,
2024-12-07T19:48:00.000Z,10.796,2,"",M,59.094,2,"",M,6.000,2,"",N,7.206,2,"",M,29.249,2,"",M,8.020,2,"",M,1009.340,2,"",M,403.724,2,"",M,NaN,,,0,NaN,,,M,384.487,2,"",382.974,2,"",NaN,,,NaN,,
2024-12-07T19:49:52.000Z,10.796,2,"",M,59.094,2,"",M,6.000,2,"",N,7.373,2,"",M,29.175,2,"",M,8.070,2,"",M,1009.750,2,"",M,404.991,2,"",M,NaN,,,0,NaN,,,M,387.757,2,"",386.230,2,"",NaN,,,NaN,,
2024-12-07T19:51:43.000Z,10.796,2,"",M,59.094,2,"",M,6.000,2,"",N,7.429,2,"",M,29.198,2,"",M,8.050,2,"",M,1009.400,2,"",M,405.789,2,"",M,NaN,,,0,NaN,,,M,389.645,2,"",388.112,2,"",NaN,,,NaN,,
2024-12-07T19:53:34.000Z,10.796,2,"",M,59.094,2,"",M,6.000,2,"",N,7.266,2,"",M,28.698,2,"",M,8.080,2,"",M,1009.330,2,"",M,406.437,2,"",M,NaN,,,0,NaN,,,M,387.056,2,"",385.534,2,"",NaN,,,NaN,,
2024-12-07T19:55:26.000Z,10.796,2,"",M,59.094,2,"",M,6.000,2,"",N,7.348,2,"",M,28.731,2,"",M,7.950,2,"",M,1009.110,2,"",M,406.404,2,"",M,NaN,,,0,NaN,,,M,390.457,2,"",388.919,2,"",NaN,,,NaN,,
2024-12-07T19:57:17.000Z,10.796,2,"",M,59.094,2,"",M,6.000,2,"",N,7.163,2,"",M,29.119,2,"",M,7.920,2,"",M,1009.400,2,"",M,405.171,2,"",M,NaN,,,0,NaN,,,M,386.852,2,"",385.327,2,"",NaN,,,NaN,,
2024-12-07T19:59:08.000Z,10.796,2,"",M,59.094,2,"",M,6.000,2,"",N,7.029,2,"",I,28.349,2,"",M,7.850,2,"",I,1009.630,2,"",M,405.019,2,"",M,NaN,,,0,NaN,,,M,385.756,2,"",384.234,2,"",NaN,,,NaN,,
2024-12-07T20:01:00.000Z,10.796,2,"",M,59.094,2,"",M,6.000,2,"",N,6.893,2,"",M,28.485,2,"",M,7.780,2,"",M,1009.520,2,"",M,404.516,2,"",M,NaN,,,0,NaN,,,M,384.193,2,"",382.676,2,"",NaN,,,NaN,,
2024-12-07T20:02:51.000Z,10.796,2,"",M,59.094,2,"",M,6.000,2,"",N,6.915,2,"",M,28.486,2,"",M,7.700,2,"",M,1009.290,2,"",M,402.663,2,"",M,NaN,,,0,NaN,,,M,384.009,2,"",382.491,2,"",NaN,,,NaN,,
2024-12-07T20:04:42.000Z,10.796,2,"",M,59.094,2,"",M,6.000,2,"",N,6.935,2,"",M,28.460,2,"",M,7.630,2,"",M,1009.170,2,"",M,401.531,2,"",M,NaN,,,0,NaN,,,M,384.366,2,"",382.845,2,"",NaN,,,NaN,,
2024-12-07T20:06:34.000Z,10.796,2,"",M,59.093,2,"",M,6.000,2,"",N,7.005,2,"",M,28.822,2,"",M,7.670,2,"",M,1009.350,2,"",M,400.188,2,"",M,NaN,,,0,NaN,,,M,383.637,2,"",382.120,2,"",NaN,,,NaN,,
2024-12-07T20:08:25.000Z,10.796,2,"",M,59.093,2,"",M,6.000,2,"",N,7.073,2,"",M,28.807,2,"",M,7.760,2,"",M,1009.600,2,"",M,400.265,2,"",M,NaN,,,0,NaN,,,M,383.426,2,"",381.911,2,"",NaN,,,NaN,,
2024-12-07T20:10:17.000Z,10.796,2,"",M,59.093,2,"",M,6.000,2,"",N,7.265,2,"",M,29.017,2,"",M,7.760,2,"",M,1009.450,2,"",M,400.693,2,"",M,NaN,,,0,NaN,,,M,386.902,2,"",385.374,2,"",NaN,,,NaN,,
2024-12-07T20:12:08.000Z,10.796,2,"",M,59.093,2,"",M,6.000,2,"",N,7.342,2,"",M,29.167,2,"",M,7.930,2,"",M,1009.390,2,"",M,401.560,2,"",M,NaN,,,0,NaN,,,M,386.146,2,"",384.624,2,"",NaN,,,NaN,,
2024-12-07T20:14:20.000Z,10.796,2,"",M,59.094,2,"",M,6.000,2,"",N,7.343,2,"",M,29.307,2,"",M,8.010,2,"",M,1009.310,2,"",M,403.500,2,"",M,NaN,,,0,NaN,,,M,386.666,2,"",385.144,2,"",NaN,,,NaN,,
2024-12-07T20:16:12.000Z,10.796,2,"",M,59.094,2,"",M,6.000,2,"",N,7.293,2,"",I,28.626,2,"",M,7.945,2,"",I,1009.700,2,"",M,405.608,2,"",M,NaN,,,0,NaN,,,M,389.111,2,"",387.577,2,"",NaN,,,NaN,,
2024-12-07T20:18:03.000Z,10.796,2,"",M,59.094,2,"",M,6.000,2,"",N,7.244,2,"",M,28.744,2,"",M,7.880,2,"",M,1009.530,2,"",M,406.336,2,"",M,NaN,,,0,NaN,,,M,390.016,2,"",388.477,2,"",NaN,,,NaN,,
2024-12-07T20:19:55.000Z,10.796,2,"",M,59.094,2,"",M,6.000,2,"",N,7.327,2,"",M,29.062,2,"",M,7.890,2,"",M,1009.460,2,"",M,404.903,2,"",M,NaN,,,0,NaN,,,M,389.804,2,"",388.266,2,"",NaN,,,NaN,,
2024-12-07T20:21:47.000Z,10.796,2,"",M,59.094,2,"",M,6.000,2,"",N,7.317,2,"",M,29.163,2,"",M,7.990,2,"",M,1009.390,2,"",M,404.350,2,"",M,NaN,,,0,NaN,,,M,387.419,2,"",385.893,2,"",NaN,,,NaN,,
2024-12-07T20:23:39.000Z,10.796,2,"",M,59.094,2,"",M,6.000,2,"",N,7.378,2,"",M,29.227,2,"",M,8.020,2,"",M,1009.390,2,"",M,405.158,2,"",M,NaN,,,0,NaN,,,M,388.698,2,"",387.168,2,"",NaN,,,NaN,,
2024-12-07T20:25:30.000Z,10.796,2,"",M,59.094,2,"",M,6.000,2,"",N,7.391,2,"",M,29.107,2,"",M,8.160,2,"",M,1009.810,2,"",M,406.586,2,"",M,NaN,,,0,NaN,,,M,388.093,2,"",386.567,2,"",NaN,,,NaN,,
2024-12-07T20:27:21.000Z,10.796,2,"",M,59.095,2,"",M,6.000,2,"",N,7.437,2,"",M,29.315,2,"",M,8.080,2,"",M,1009.670,2,"",M,408.104,2,"",M,NaN,,,0,NaN,,,M,391.587,2,"",390.046,2,"",NaN,,,NaN,,
2024-12-07T20:29:12.000Z,10.796,2,"",M,59.095,2,"",M,6.000,2,"",N,7.419,2,"",M,29.197,2,"",M,8.210,2,"",M,1009.480,2,"",M,409.252,2,"",M,NaN,,,0,NaN,,,M,390.140,2,"",388.607,2,"",NaN,,,NaN,,
2024-12-07T20:31:04.000Z,10.796,2,"",M,59.095,2,"",M,6.000,2,"",N,7.470,2,"",M,29.491,2,"",M,8.110,2,"",M,1009.420,2,"",M,409.930,2,"",M,NaN,,,0,NaN,,,M,393.287,2,"",391.741,2,"",NaN,,,NaN,,
2024-12-07T20:32:55.000Z,10.796,2,"",M,59.095,2,"",M,6.000,2,"",N,7.474,2,"",M,29.355,2,"",M,8.220,2,"",M,1009.660,2,"",M,410.118,2,"",M,NaN,,,0,NaN,,,M,391.775,2,"",390.236,2,"",NaN,,,NaN,,
2024-12-07T20:34:46.000Z,10.796,2,"",M,59.095,2,"",M,6.000,2,"",N,7.462,2,"",I,29.040,2,"",M,8.155,2,"",I,1009.900,2,"",M,410.955,2,"",M,NaN,,,0,NaN,,,M,393.561,2,"",392.013,2,"",NaN,,,NaN,,
2024-12-07T20:36:38.000Z,10.796,2,"",M,59.095,2,"",M,6.000,2,"",N,7.450,2,"",M,28.996,2,"",M,8.090,2,"",M,1009.740,2,"",M,411.263,2,"",M,NaN,,,0,NaN,,,M,394.694,2,"",393.141,2,"",NaN,,,NaN,,
2024-12-07T20:38:29.000Z,10.796,2,"",M,59.095,2,"",M,6.000,2,"",N,7.445,2,"",M,29.268,2,"",M,8.110,2,"",M,1009.600,2,"",M,410.360,2,"",M,NaN,,,0,NaN,,,M,393.349,2,"",391.801,2,"",NaN,,,NaN,,
2024-12-07T20:40:20.000Z,10.796,2,"",M,59.095,2,"",M,6.000,2,"",N,7.564,2,"",M,29.362,2,"",M,8.170,2,"",M,1009.563,2,"",M,409.297,2,"",M,NaN,,,0,NaN,,,M,393.287,2,"",391.741,2,"",NaN,,,NaN,,
2024-12-07T20:42:12.000Z,10.796,2,"",M,59.095,2,"",M,6.000,2,"",N,7.535,2,"",M,29.428,2,"",M,8.260,2,"",M,1009.847,2,"",M,409.885,2,"",M,NaN,,,0,NaN,,,M,391.962,2,"",390.423,2,"",NaN,,,NaN,,
2024-12-07T20:44:03.000Z,10.796,2,"",M,59.095,2,"",M,6.000,2,"",N,7.581,2,"",M,29.598,2,"",M,8.290,2,"",M,1010.030,2,"",M,410.583,2,"",M,NaN,,,0,NaN,,,M,392.953,2,"",391.410,2,"",NaN,,,NaN,,
2024-12-07T20:45:55.000Z,10.796,2,"",M,59.095,2,"",M,6.000,2,"",N,7.658,2,"",M,29.415,2,"",M,8.340,2,"",M,1009.950,2,"",M,411.681,2,"",M,NaN,,,0,NaN,,,M,394.416,2,"",392.869,2,"",NaN,,,NaN,,
2024-12-07T20:47:46.000Z,10.796,2,"",M,59.095,2,"",M,6.000,2,"",N,7.621,2,"",M,29.642,2,"",M,8.290,2,"",M,1009.770,2,"",M,412.379,2,"",M,NaN,,,0,NaN,,,M,395.241,2,"",393.690,2,"",NaN,,,NaN,,
2024-12-07T20:49:37.000Z,10.796,2,"",M,59.095,2,"",M,6.000,2,"",N,7.617,2,"",M,29.566,2,"",M,8.340,2,"",M,1009.640,2,"",M,412.307,2,"",M,NaN,,,0,NaN,,,M,394.206,2,"",392.660,2,"",NaN,,,NaN,,
2024-12-07T20:51:29.000Z,10.796,2,"",M,59.095,2,"",M,6.000,2,"",N,7.720,2,"",M,29.622,2,"",M,8.340,2,"",M,1009.790,2,"",M,412.725,2,"",M,NaN,,,0,NaN,,,M,396.385,2,"",394.830,2,"",NaN,,,NaN,,
2024-12-07T20:53:20.000Z,10.796,2,"",M,59.095,2,"",M,6.000,2,"",N,7.697,2,"",M,29.806,2,"",M,8.400,2,"",M,1009.910,2,"",M,413.052,2,"",M,NaN,,,0,NaN,,,M,395.344,2,"",393.795,2,"",NaN,,,NaN,,
2024-12-07T20:55:11.000Z,10.796,2,"",M,59.095,2,"",M,6.000,2,"",N,7.694,2,"",M,29.708,2,"",M,8.460,2,"",M,1009.800,2,"",M,413.940,2,"",M,NaN,,,0,NaN,,,M,395.083,2,"",393.536,2,"",NaN,,,NaN,,
2024-12-07T20:57:03.000Z,10.796,2,"",M,59.096,2,"",M,6.000,2,"",N,7.530,2,"",M,29.469,2,"",M,8.400,2,"",M,1009.690,2,"",M,414.919,2,"",M,NaN,,,0,NaN,,,M,394.244,2,"",392.699,2,"",NaN,,,NaN,,
2024-12-07T20:58:54.000Z,10.796,2,"",M,59.096,2,"",M,6.000,2,"",N,7.616,2,"",M,28.946,2,"",M,8.320,2,"",M,1009.760,2,"",M,414.836,2,"",M,NaN,,,0,NaN,,,M,396.986,2,"",395.429,2,"",NaN,,,NaN,,
2024-12-07T21:00:46.000Z,10.796,2,"",M,59.096,2,"",M,6.000,2,"",N,7.549,2,"",M,29.070,2,"",M,8.190,2,"",M,1009.840,2,"",M,413.943,2,"",M,NaN,,,0,NaN,,,M,397.274,2,"",395.713,2,"",NaN,,,NaN,,
2024-12-07T21:02:38.000Z,10.796,2,"",M,59.096,2,"",M,6.000,2,"",N,7.539,2,"",M,29.163,2,"",M,8.260,2,"",M,1009.920,2,"",M,412.460,2,"",M,NaN,,,0,NaN,,,M,394.517,2,"",392.968,2,"",NaN,,,NaN,,
2024-12-07T21:04:30.000Z,10.796,2,"",M,59.096,2,"",M,6.000,2,"",N,7.522,2,"",M,29.210,2,"",M,8.250,2,"",M,1009.930,2,"",M,411.897,2,"",M,NaN,,,0,NaN,,,M,393.866,2,"",392.320,2,"",NaN,,,NaN,,
2024-12-07T21:06:21.000Z,10.796,2,"",M,59.096,2,"",M,6.000,2,"",N,7.640,2,"",M,29.140,2,"",M,8.260,2,"",M,1009.760,2,"",M,411.985,2,"",M,NaN,,,0,NaN,,,M,395.684,2,"",394.131,2,"",NaN,,,NaN,,
2024-12-07T21:08:12.000Z,10.796,2,"",M,59.096,2,"",M,6.000,2,"",N,7.486,2,"",M,29.269,2,"",M,8.250,2,"",M,1009.840,2,"",M,411.782,2,"",M,NaN,,,0,NaN,,,M,393.118,2,"",391.574,2,"",NaN,,,NaN,,
2024-12-07T21:10:04.000Z,10.796,2,"",M,59.096,2,"",M,6.000,2,"",N,7.536,2,"",M,29.145,2,"",M,8.280,2,"",M,1010.050,2,"",M,412.010,2,"",M,NaN,,,0,NaN,,,M,393.756,2,"",392.211,2,"",NaN,,,NaN,,
2024-12-07T21:11:55.000Z,10.796,2,"",M,59.097,2,"",M,6.000,2,"",N,7.500,2,"",M,29.100,2,"",M,8.230,2,"",M,1009.790,2,"",M,411.968,2,"",M,NaN,,,0,NaN,,,M,393.848,2,"",392.301,2,"",NaN,,,NaN,,
2024-12-07T21:14:07.000Z,10.796,2,"",M,59.097,2,"",M,6.000,2,"",N,7.483,2,"",I,29.184,2,"",I,8.200,2,"",M,1009.870,2,"",M,411.786,2,"",M,NaN,,,0,NaN,,,M,393.931,2,"",392.383,2,"",NaN,,,NaN,,
2024-12-07T21:15:59.000Z,10.796,2,"",M,59.097,2,"",M,6.000,2,"",N,7.468,2,"",M,29.255,2,"",M,8.190,2,"",M,1009.840,2,"",M,411.414,2,"",M,NaN,,,0,NaN,,,M,393.491,2,"",391.945,2,"",NaN,,,NaN,,
2024-12-07T21:17:50.000Z,10.796,2,"",M,59.097,2,"",M,6.000,2,"",N,7.344,2,"",M,28.985,2,"",M,8.230,2,"",M,1010.040,2,"",M,410.761,2,"",M,NaN,,,0,NaN,,,M,390.216,2,"",388.683,2,"",NaN,,,NaN,,
2024-12-07T21:19:41.000Z,10.795,2,"",M,59.097,2,"",M,6.000,2,"",N,7.417,2,"",M,29.146,2,"",M,8.190,2,"",M,1010.000,2,"",M,411.119,2,"",M,NaN,,,0,NaN,,,M,392.424,2,"",390.882,2,"",NaN,,,NaN,,
2024-12-07T21:21:33.000Z,10.795,2,"",M,59.097,2,"",M,6.000,2,"",N,7.463,2,"",M,29.149,2,"",M,8.190,2,"",M,1010.090,2,"",M,410.886,2,"",M,NaN,,,0,NaN,,,M,392.991,2,"",391.446,2,"",NaN,,,NaN,,
2024-12-07T21:23:24.000Z,10.795,2,"",M,59.098,2,"",M,6.000,2,"",N,7.452,2,"",M,28.997,2,"",M,8.240,2,"",M,1010.070,2,"",M,411.094,2,"",M,NaN,,,0,NaN,,,M,392.156,2,"",390.616,2,"",NaN,,,NaN,,
2024-12-07T21:25:16.000Z,10.795,2,"",M,59.098,2,"",M,6.000,2,"",N,7.509,2,"",M,28.907,2,"",M,8.180,2,"",M,1010.070,2,"",M,411.001,2,"",M,NaN,,,0,NaN,,,M,394.030,2,"",392.481,2,"",NaN,,,NaN,,
2024-12-07T21:27:07.000Z,10.795,2,"",M,59.098,2,"",M,6.000,2,"",N,7.596,2,"",M,29.145,2,"",M,8.190,2,"",M,1010.240,2,"",M,410.679,2,"",M,NaN,,,0,NaN,,,M,395.074,2,"",393.521,2,"",NaN,,,NaN,,
2024-12-07T21:28:58.000Z,10.795,2,"",M,59.098,2,"",M,6.000,2,"",N,7.599,2,"",M,29.326,2,"",M,8.270,2,"",M,1010.190,2,"",M,410.476,2,"",M,NaN,,,0,NaN,,,M,393.547,2,"",392.001,2,"",NaN,,,NaN,,
2024-12-07T21:30:50.000Z,10.795,2,"",M,59.098,2,"",M,6.000,2,"",N,7.372,2,"",M,29.127,2,"",M,8.310,2,"",M,1010.170,2,"",M,411.414,2,"",M,NaN,,,0,NaN,,,M,390.002,2,"",388.471,2,"",NaN,,,NaN,,
2024-12-07T21:32:41.000Z,10.794,2,"",M,59.098,2,"",M,6.000,2,"",N,7.437,2,"",M,29.137,2,"",M,8.190,2,"",M,1010.190,2,"",M,412.653,2,"",M,NaN,,,0,NaN,,,M,394.287,2,"",392.737,2,"",NaN,,,NaN,,
2024-12-07T21:34:33.000Z,10.794,2,"",M,59.098,2,"",M,6.000,2,"",N,7.550,2,"",M,29.041,2,"",M,8.120,2,"",M,1010.270,2,"",M,411.800,2,"",M,NaN,,,0,NaN,,,M,396.582,2,"",395.022,2,"",NaN,,,NaN,,
2024-12-07T21:36:25.000Z,10.794,2,"",M,59.098,2,"",M,6.000,2,"",N,7.754,2,"",M,29.309,2,"",M,8.200,2,"",M,1010.320,2,"",M,410.917,2,"",M,NaN,,,0,NaN,,,M,397.817,2,"",396.253,2,"",NaN,,,NaN,,
2024-12-07T21:38:16.000Z,10.794,2,"",M,59.098,2,"",M,6.000,2,"",N,7.808,2,"",M,29.588,2,"",M,8.360,2,"",M,1010.370,2,"",M,410.944,2,"",M,NaN,,,0,NaN,,,M,396.031,2,"",394.477,2,"",NaN,,,NaN,,
2024-12-07T21:40:07.000Z,10.794,2,"",M,59.098,2,"",M,6.000,2,"",N,7.850,2,"",M,29.617,2,"",M,8.510,2,"",M,1010.290,2,"",M,412.643,2,"",M,NaN,,,0,NaN,,,M,395.793,2,"",394.244,2,"",NaN,,,NaN,,
2024-12-07T21:41:58.000Z,10.794,2,"",M,59.098,2,"",M,6.000,2,"",N,7.848,2,"",M,29.533,2,"",M,8.530,2,"",M,1010.260,2,"",M,414.492,2,"",M,NaN,,,0,NaN,,,M,397.165,2,"",395.610,2,"",NaN,,,NaN,,
2024-12-07T21:43:50.000Z,10.794,2,"",M,59.098,2,"",M,6.000,2,"",N,7.787,2,"",M,29.567,2,"",M,8.520,2,"",M,1010.470,2,"",M,416.121,2,"",M,NaN,,,0,NaN,,,M,397.966,2,"",396.408,2,"",NaN,,,NaN,,
2024-12-07T21:45:41.000Z,10.794,2,"",M,59.098,2,"",M,6.000,2,"",N,7.611,2,"",M,29.334,2,"",M,8.560,2,"",M,1010.490,2,"",M,417.210,2,"",M,NaN,,,0,NaN,,,M,395.376,2,"",393.828,2,"",NaN,,,NaN,,
2024-12-07T21:47:33.000Z,10.794,2,"",M,59.098,2,"",M,6.000,2,"",N,7.671,2,"",M,29.331,2,"",M,8.440,2,"",M,1010.490,2,"",M,417.778,2,"",M,NaN,,,0,NaN,,,M,398.960,2,"",397.396,2,"",NaN,,,NaN,,
2024-12-07T21:49:25.000Z,10.794,2,"",M,59.098,2,"",M,6.000,2,"",N,7.623,2,"",M,28.981,2,"",M,8.400,2,"",M,1010.450,2,"",M,417.085,2,"",M,NaN,,,0,NaN,,,M,398.161,2,"",396.599,2,"",NaN,,,NaN,,
2024-12-07T21:51:16.000Z,10.794,2,"",M,59.098,2,"",M,6.000,2,"",N,7.891,2,"",M,29.535,2,"",M,8.260,2,"",M,1010.383,2,"",M,415.902,2,"",M,NaN,,,0,NaN,,,M,403.961,2,"",402.374,2,"",NaN,,,NaN,,
2024-12-07T21:53:08.000Z,10.794,2,"",M,59.098,2,"",M,6.000,2,"",N,7.861,2,"",M,29.628,2,"",M,8.540,2,"",M,1010.517,2,"",M,414.588,2,"",M,NaN,,,0,NaN,,,M,397.412,2,"",395.857,2,"",NaN,,,NaN,,
2024-12-07T21:54:59.000Z,10.794,2,"",M,59.098,2,"",M,6.000,2,"",N,7.841,2,"",M,29.588,2,"",M,8.580,2,"",M,1010.490,2,"",M,415.897,2,"",M,NaN,,,0,NaN,,,M,397.634,2,"",396.078,2,"",NaN,,,NaN,,
2024-12-07T21:56:50.000Z,10.794,2,"",M,59.098,2,"",M,6.000,2,"",N,7.862,2,"",M,29.613,2,"",M,8.550,2,"",M,1010.420,2,"",M,417.546,2,"",M,NaN,,,0,NaN,,,M,400.055,2,"",398.489,2,"",NaN,,,NaN,,
2024-12-07T21:58:41.000Z,10.794,2,"",M,59.098,2,"",M,6.000,2,"",N,7.831,2,"",M,29.661,2,"",M,8.550,2,"",M,1010.360,2,"",M,418.525,2,"",M,NaN,,,0,NaN,,,M,400.445,2,"",398.878,2,"",NaN,,,NaN,,
2024-12-07T22:00:33.000Z,10.794,2,"",M,59.098,2,"",M,6.000,2,"",N,7.841,2,"",M,29.556,2,"",M,8.570,2,"",M,1010.540,2,"",M,418.733,2,"",M,NaN,,,0,NaN,,,M,400.535,2,"",398.967,2,"",NaN,,,NaN,,
2024-12-07T22:02:25.000Z,10.794,2,"",M,59.098,2,"",M,6.000,2,"",N,7.804,2,"",M,29.596,2,"",M,8.560,2,"",M,1010.620,2,"",M,418.931,2,"",M,NaN,,,0,NaN,,,M,400.303,2,"",398.737,2,"",NaN,,,NaN,,
2024-12-07T22:04:16.000Z,10.795,2,"",M,59.098,2,"",M,6.000,2,"",N,7.804,2,"",M,29.568,2,"",M,8.570,2,"",M,1010.630,2,"",M,418.988,2,"",M,NaN,,,0,NaN,,,M,400.194,2,"",398.628,2,"",NaN,,,NaN,,
2024-12-07T22:06:08.000Z,10.795,2,"",M,59.098,2,"",M,6.000,2,"",N,7.822,2,"",M,29.547,2,"",M,8.530,2,"",M,1010.490,2,"",M,418.956,2,"",M,NaN,,,0,NaN,,,M,401.094,2,"",399.523,2,"",NaN,,,NaN,,
2024-12-07T22:07:59.000Z,10.795,2,"",M,59.098,2,"",M,6.000,2,"",N,7.806,2,"",M,29.582,2,"",M,8.520,2,"",M,1010.450,2,"",M,418.914,2,"",M,NaN,,,0,NaN,,,M,400.942,2,"",399.372,2,"",NaN,,,NaN,,
2024-12-07T22:09:51.000Z,10.795,2,"",M,59.098,2,"",M,6.000,2,"",N,7.827,2,"",M,29.519,2,"",M,8.530,2,"",M,1010.680,2,"",M,418.381,2,"",M,NaN,,,0,NaN,,,M,400.708,2,"",399.139,2,"",NaN,,,NaN,,
2024-12-07T22:11:42.000Z,10.796,2,"",M,59.099,2,"",M,6.000,2,"",N,7.611,2,"",M,29.423,2,"",M,8.540,2,"",M,1010.650,2,"",M,418.649,2,"",M,NaN,,,0,NaN,,,M,397.131,2,"",395.576,2,"",NaN,,,NaN,,
2024-12-07T22:13:54.000Z,10.796,2,"",M,59.099,2,"",M,6.000,2,"",N,7.640,2,"",M,29.256,2,"",M,8.430,2,"",M,1010.620,2,"",M,418.167,2,"",M,NaN,,,0,NaN,,,M,399.045,2,"",397.481,2,"",NaN,,,NaN,,
2024-12-07T22:15:46.000Z,10.796,2,"",M,59.099,2,"",M,6.000,2,"",N,7.675,2,"",M,29.308,2,"",M,8.360,2,"",M,1010.560,2,"",M,417.234,2,"",M,NaN,,,0,NaN,,,M,399.926,2,"",398.357,2,"",NaN,,,NaN,,
2024-12-07T22:17:37.000Z,10.795,2,"",M,59.099,2,"",M,6.000,2,"",N,7.579,2,"",I,29.310,2,"",I,8.410,2,"",M,1010.680,2,"",M,415.930,2,"",M,NaN,,,0,NaN,,,M,396.250,2,"",394.696,2,"",NaN,,,NaN,,
2024-12-07T22:19:28.000Z,10.795,2,"",M,59.099,2,"",M,6.000,2,"",N,7.483,2,"",M,29.313,2,"",M,8.270,2,"",M,1010.810,2,"",M,415.127,2,"",M,NaN,,,0,NaN,,,M,396.309,2,"",394.751,2,"",NaN,,,NaN,,
2024-12-07T22:21:20.000Z,10.795,2,"",M,59.099,2,"",M,6.000,2,"",N,7.497,2,"",M,28.790,2,"",M,8.340,2,"",M,1010.880,2,"",M,414.073,2,"",M,NaN,,,0,NaN,,,M,394.381,2,"",392.833,2,"",NaN,,,NaN,,
2024-12-07T22:25:49.000Z,10.794,2,"",M,59.099,2,"",M,6.000,2,"",N,NaN,,,M,NaN,,,M,NaN,,,M,NaN,,,M,NaN,,,0,NaN,,,0,NaN,,,M,NaN,,,NaN,,,NaN,,,NaN,,
2024-12-07T22:27:38.000Z,10.794,2,"",M,59.099,2,"",M,6.000,2,"",N,NaN,,,M,NaN,,,M,NaN,,,M,NaN,,,M,NaN,,,0,NaN,,,0,NaN,,,M,NaN,,,NaN,,,NaN,,,NaN,,
2024-12-07T22:29:27.000Z,10.794,2,"",M,59.099,2,"",M,6.000,2,"",N,NaN,,,M,NaN,,,M,NaN,,,M,NaN,,,M,NaN,,,0,NaN,,,0,NaN,,,M,NaN,,,NaN,,,NaN,,,NaN,,
2024-12-07T22:33:56.000Z,10.794,2,"",M,59.099,2,"",M,6.000,2,"",N,NaN,,,M,NaN,,,M,NaN,,,M,NaN,,,M,NaN,,,0,NaN,,,0,NaN,,,M,NaN,,,NaN,,,NaN,,,NaN,,
2024-12-07T22:35:45.000Z,10.794,2,"",M,59.099,2,"",M,6.000,2,"",N,NaN,,,M,NaN,,,M,NaN,,,M,NaN,,,M,NaN,,,0,NaN,,,0,NaN,,,M,NaN,,,NaN,,,NaN,,,NaN,,
2024-12-07T22:37:34.000Z,10.794,2,"",M,59.099,2,"",M,6.000,2,"",N,NaN,,,M,NaN,,,M,NaN,,,M,NaN,,,M,NaN,,,0,NaN,,,0,NaN,,,M,NaN,,,NaN,,,NaN,,,NaN,,
2024-12-07T22:42:03.000Z,10.794,2,"",M,59.099,2,"",M,6.000,2,"",N,NaN,,,M,NaN,,,M,NaN,,,M,NaN,,,M,NaN,,,0,NaN,,,0,NaN,,,M,NaN,,,NaN,,,NaN,,,NaN,,
2024-12-07T22:43:52.000Z,10.794,2,"",M,59.099,2,"",M,6.000,2,"",N,NaN,,,M,NaN,,,M,NaN,,,M,NaN,,,M,NaN,,,0,NaN,,,0,NaN,,,M,NaN,,,NaN,,,NaN,,,NaN,,
2024-12-07T22:45:41.000Z,10.793,2,"",M,59.098,2,"",M,6.000,2,"",N,NaN,,,M,NaN,,,M,NaN,,,M,NaN,,,M,NaN,,,0,NaN,,,0,NaN,,,M,NaN,,,NaN,,,NaN,,,NaN,,
2024-12-07T22:50:10.000Z,10.799,2,"",M,59.093,2,"",M,6.000,2,"",N,7.023,2,"",M,27.983,2,"",M,NaN,,,M,NaN,,,M,NaN,,,0,439.640,2,"",M,1012.000,2,"",M,NaN,,,NaN,,,435.884,2,"",434.137,2,""
2024-12-07T22:51:59.000Z,10.797,2,"",M,59.089,2,"",M,6.000,2,"",N,6.742,2,"",M,28.180,2,"",M,NaN,,,M,NaN,,,M,NaN,,,0,485.033,4,"Changes too quickly",M,1011.900,2,"",M,NaN,,,NaN,,,480.934,4,"xCO₂ (with standards) Changes too quickly",478.999,4,"xCO₂ (with standards) Changes too quickly"
2024-12-07T22:53:49.000Z,10.791,2,"",M,59.087,2,"",M,6.000,2,"",N,6.702,2,"",M,27.942,2,"",M,NaN,,,M,NaN,,,M,NaN,,,0,441.664,2,"",M,1011.800,2,"",M,NaN,,,NaN,,,437.899,2,"",436.136,2,""
2024-12-07T22:55:39.000Z,10.785,2,"",M,59.084,2,"",M,6.000,2,"",N,6.490,2,"",M,27.823,2,"",M,NaN,,,M,NaN,,,M,NaN,,,0,440.033,2,"",M,1011.900,2,"",M,NaN,,,NaN,,,436.386,2,"",434.625,2,""
2024-12-07T22:57:28.000Z,10.779,2,"",M,59.081,2,"",M,6.000,2,"",N,6.460,2,"",M,27.171,2,"",M,NaN,,,M,NaN,,,M,NaN,,,0,565.472,4,"Standard deviation is too large",M,1011.900,2,"",M,NaN,,,NaN,,,560.796,4,"xCO₂ (with standards) Standard deviation is too large",558.531,4,"xCO₂ (with standards) Standard deviation is too large"
2024-12-07T23:02:38.000Z,10.766,2,"",M,59.073,2,"",M,6.000,2,"",N,6.638,2,"",M,27.774,2,"",M,7.300,2,"",M,1011.170,2,"",M,385.155,2,"",M,NaN,,,0,NaN,,,M,370.024,2,"",368.551,2,"",NaN,,,NaN,,
2024-12-07T23:04:30.000Z,10.760,2,"",M,59.071,2,"",M,6.000,2,"",N,6.660,2,"",M,27.952,2,"",M,7.320,2,"",M,1011.120,2,"",M,386.467,2,"",M,NaN,,,0,NaN,,,M,371.302,2,"",369.824,2,"",NaN,,,NaN,,
2024-12-07T23:06:21.000Z,10.756,2,"",M,59.068,2,"",M,6.000,2,"",N,6.842,2,"",M,28.081,2,"",M,7.330,2,"",M,1011.100,2,"",M,387.008,2,"",M,NaN,,,0,NaN,,,M,374.520,2,"",373.029,2,"",NaN,,,NaN,,
2024-12-07T23:08:12.000Z,10.752,2,"",M,59.066,2,"",M,6.000,2,"",N,6.946,2,"",M,28.833,2,"",M,7.450,2,"",M,1011.070,2,"",M,388.520,2,"",M,NaN,,,0,NaN,,,M,375.691,2,"",374.198,2,"",NaN,,,NaN,,
2024-12-07T23:10:04.000Z,10.748,2,"",M,59.064,2,"",M,6.000,2,"",N,6.968,2,"",M,29.020,2,"",M,7.600,2,"",M,1011.070,2,"",M,390.753,2,"",M,NaN,,,0,NaN,,,M,375.771,2,"",374.281,2,"",NaN,,,NaN,,
2024-12-07T23:11:55.000Z,10.745,2,"",M,59.062,2,"",M,6.000,2,"",N,7.096,2,"",M,29.240,2,"",M,7.670,2,"",M,1011.220,2,"",M,394.579,2,"",M,NaN,,,0,NaN,,,M,380.420,2,"",378.913,2,"",NaN,,,NaN,,
2024-12-07T23:14:08.000Z,10.742,2,"",M,59.061,2,"",M,6.000,2,"",N,7.028,2,"",M,29.184,2,"",M,7.770,2,"",M,1011.310,2,"",M,398.375,2,"",M,NaN,,,0,NaN,,,M,381.376,2,"",379.867,2,"",NaN,,,NaN,,
2024-12-07T23:15:59.000Z,10.740,2,"",M,59.060,2,"",M,6.000,2,"",N,6.746,2,"",M,28.655,2,"",M,7.680,2,"",M,1011.230,2,"",M,400.629,2,"",M,NaN,,,0,NaN,,,M,380.422,2,"",378.915,2,"",NaN,,,NaN,,
2024-12-07T23:17:50.000Z,10.738,2,"",M,59.059,2,"",M,6.000,2,"",N,6.786,2,"",M,28.747,2,"",M,7.680,2,"",M,1011.220,2,"",M,402.322,2,"",M,NaN,,,0,NaN,,,M,382.672,2,"",381.156,2,"",NaN,,,NaN,,
2024-12-07T23:19:42.000Z,10.737,2,"",M,59.059,2,"",M,6.000,2,"",N,6.765,3,"ΔT out of range",M,28.759,2,"",M,7.860,3,"ΔT out of range",M,1011.260,2,"",M,402.242,2,"",M,NaN,,,0,NaN,,,M,379.316,4,"Equilibrator Temperature Standard deviation is too large;ΔT out of range (13);Problems with water supply;Water Temperature Standard deviation is too large (2);ΔT out of range (13);Problems with water supply",377.817,4,"Equilibrator Temperature Standard deviation is too large;ΔT out of range (13);Problems with water supply;Water Temperature Standard deviation is too large (2);ΔT out of range (13);Problems with water supply",NaN,,,NaN,,
2024-12-07T23:21:33.000Z,10.737,2,"",M,59.059,2,"",M,6.000,2,"",N,6.838,3,"ΔT out of range",M,28.703,2,"",M,7.850,3,"ΔT out of range",M,1011.300,2,"",M,404.105,2,"",M,NaN,,,0,NaN,,,M,382.442,4,"Equilibrator Temperature Standard deviation is too large;ΔT out of range (13);Problems with water supply;Water Temperature Standard deviation is too large (2);ΔT out of range (13);Problems with water supply",380.930,4,"Equilibrator Temperature Standard deviation is too large;ΔT out of range (13);Problems with water supply;Water Temperature Standard deviation is too large (2);ΔT out of range (13);Problems with water supply",NaN,,,NaN,,
2024-12-07T23:23:24.000Z,10.737,2,"",M,59.059,2,"",M,6.000,2,"",N,7.194,4,"Standard deviation is too large (2);ΔT out of range (13);Problems with water supply",M,28.929,2,"",M,7.840,4,"Standard deviation is too large;ΔT out of range (13);Problems with water supply",M,1011.230,2,"",M,405.288,2,"",M,NaN,,,0,NaN,,,M,389.523,4,"Equilibrator Temperature Standard deviation is too large;ΔT out of range (13);Problems with water supply;Water Temperature Standard deviation is too large (2);ΔT out of range (13);Problems with water supply",387.983,4,"Equilibrator Temperature Standard deviation is too large;ΔT out of range (13);Problems with water supply;Water Temperature Standard deviation is too large (2);ΔT out of range (13);Problems with water supply",NaN,,,NaN,,
2024-12-07T23:25:16.000Z,10.737,2,"",M,59.059,2,"",M,6.000,2,"",N,7.027,4,"Standard deviation is too large (2);ΔT out of range (13);Problems with water supply",M,29.463,2,"",M,7.890,4,"Standard deviation is too large;ΔT out of range (13);Problems with water supply",M,1011.280,2,"",M,406.630,2,"",M,NaN,,,0,NaN,,,M,387.249,4,"Equilibrator Temperature Standard deviation is too large;ΔT out of range (13);Problems with water supply;Water Temperature Standard deviation is too large (2);ΔT out of range (13);Problems with water supply",385.719,4,"Equilibrator Temperature Standard deviation is too large;ΔT out of range (13);Problems with water supply;Water Temperature Standard deviation is too large (2);ΔT out of range (13);Problems with water supply",NaN,,,NaN,,
2024-12-07T23:27:07.000Z,10.737,2,"",M,59.059,2,"",M,6.000,2,"",N,6.836,3,"ΔT out of range",M,29.003,2,"",M,8.100,3,"ΔT out of range",M,1011.300,2,"",M,408.043,2,"",M,NaN,,,0,NaN,,,M,382.002,4,"Equilibrator Temperature Standard deviation is too large;ΔT out of range (13);Problems with water supply;Water Temperature Standard deviation is too large (2);ΔT out of range (13);Problems with water supply",380.497,4,"Equilibrator Temperature Standard deviation is too large;ΔT out of range (13);Problems with water supply;Water Temperature Standard deviation is too large (2);ΔT out of range (13);Problems with water supply",NaN,,,NaN,,
2024-12-07T23:28:59.000Z,10.737,2,"",M,59.059,2,"",M,6.000,2,"",N,6.821,3,"ΔT out of range",M,28.685,2,"",M,8.180,3,"ΔT out of range",M,1011.400,2,"",M,409.485,2,"",M,NaN,,,0,NaN,,,M,381.821,4,"Equilibrator Temperature Standard deviation is too large;ΔT out of range (13);Problems with water supply;Water Temperature Standard deviation is too large (2);ΔT out of range (13);Problems with water supply",380.318,4,"Equilibrator Temperature Standard deviation is too large;ΔT out of range (13);Problems with water supply;Water Temperature Standard deviation is too large (2);ΔT out of range (13);Problems with water supply",NaN,,,NaN,,
2024-12-07T23:30:50.000Z,10.737,2,"",M,59.059,2,"",M,6.000,2,"",N,6.820,3,"ΔT out of range",M,28.740,2,"",M,8.110,3,"ΔT out of range",M,1011.400,2,"",M,411.159,2,"",M,NaN,,,0,NaN,,,M,384.534,4,"Equilibrator Temperature Standard deviation is too large;ΔT out of range (13);Problems with water supply;Water Temperature Standard deviation is too large (2);ΔT out of range (13);Problems with water supply",383.019,4,"Equilibrator Temperature Standard deviation is too large;ΔT out of range (13);Problems with water supply;Water Temperature Standard deviation is too large (2);ΔT out of range (13);Problems with water supply",NaN,,,NaN,,
2024-12-07T23:32:41.000Z,10.737,2,"",M,59.059,2,"",M,6.000,2,"",N,6.839,3,"ΔT out of range",M,28.742,2,"",M,8.360,3,"ΔT out of range",M,1011.440,2,"",M,412.131,2,"",M,NaN,,,0,NaN,,,M,381.632,4,"Equilibrator Temperature Standard deviation is too large;ΔT out of range (13);Problems with water supply;Water Temperature Standard deviation is too large;ΔT out of range (65);Too low water flow (19);Standard deviation is too large (2);ΔT out of range (13);Problems with water supply (7);ΔT out of range (35)",380.133,4,"Equilibrator Temperature Standard deviation is too large;ΔT out of range (13);Problems with water supply;Water Temperature Standard deviation is too large;ΔT out of range (65);Too low water flow (19);Standard deviation is too large (2);ΔT out of range (13);Problems with water supply (7);ΔT out of range (35)",NaN,,,NaN,,
2024-12-07T23:34:33.000Z,10.737,2,"",M,59.059,2,"",M,6.000,2,"",N,6.857,3,"ΔT out of range",M,28.767,2,"",M,8.600,3,"ΔT out of range",M,1011.370,2,"",M,413.073,2,"",M,NaN,,,0,NaN,,,M,378.841,4,"Equilibrator Temperature Standard deviation is too large;ΔT out of range (13);Problems with water supply;Water Temperature Standard deviation is too large;ΔT out of range (65);Too low water flow (19);Standard deviation is too large (2);ΔT out of range (13);Problems with water supply (7);ΔT out of range (35)",377.357,4,"Equilibrator Temperature Standard deviation is too large;ΔT out of range (13);Problems with water supply;Water Temperature Standard deviation is too large;ΔT out of range (65);Too low water flow (19);Standard deviation is too large (2);ΔT out of range (13);Problems with water supply (7);ΔT out of range (35)",NaN,,,NaN,,
2024-12-07T23:36:24.000Z,10.737,2,"",M,59.059,2,"",M,6.000,2,"",N,6.819,3,"ΔT out of range",M,28.796,2,"",M,8.720,3,"ΔT out of range",M,1011.670,2,"",M,413.784,2,"",M,NaN,,,0,NaN,,,M,377.044,4,"Equilibrator Temperature Standard deviation is too large;ΔT out of range (13);Problems with water supply;Water Temperature Standard deviation is too large;ΔT out of range (65);Too low water flow (19);Standard deviation is too large (2);ΔT out of range (13);Problems with water supply (7);ΔT out of range (35)",375.570,4,"Equilibrator Temperature Standard deviation is too large;ΔT out of range (13);Problems with water supply;Water Temperature Standard deviation is too large;ΔT out of range (65);Too low water flow (19);Standard deviation is too large (2);ΔT out of range (13);Problems with water supply (7);ΔT out of range (35)",NaN,,,NaN,,
2024-12-07T23:38:15.000Z,10.737,2,"",M,59.059,2,"",M,6.000,2,"",N,6.815,3,"ΔT out of range",M,28.742,2,"",M,8.780,3,"ΔT out of range",M,1011.460,2,"",M,414.476,2,"",M,NaN,,,0,NaN,,,M,376.562,4,"Equilibrator Temperature Standard deviation is too large;ΔT out of range (13);Problems with water supply;Water Temperature Standard deviation is too large;ΔT out of range (65);Too low water flow (19);Standard deviation is too large (2);ΔT out of range (13);Problems with water supply (7);ΔT out of range (35)",375.091,4,"Equilibrator Temperature Standard deviation is too large;ΔT out of range (13);Problems with water supply;Water Temperature Standard deviation is too large;ΔT out of range (65);Too low water flow (19);Standard deviation is too large (2);ΔT out of range (13);Problems with water supply (7);ΔT out of range (35)",NaN,,,NaN,,
2024-12-07T23:40:07.000Z,10.737,2,"",M,59.059,2,"",M,6.000,2,"",N,6.833,3,"ΔT out of range",M,28.738,2,"",M,8.930,3,"ΔT out of range",M,1011.805,2,"",M,414.757,2,"",M,NaN,,,0,NaN,,,M,374.800,4,"Equilibrator Temperature Standard deviation is too large;ΔT out of range (13);Problems with water supply;Water Temperature Standard deviation is too large;ΔT out of range (65);Too low water flow (19);Standard deviation is too large (2);ΔT out of range (13);Problems with water supply (7);ΔT out of range (35)",373.338,4,"Equilibrator Temperature Standard deviation is too large;ΔT out of range (13);Problems with water supply;Water Temperature Standard deviation is too large;ΔT out of range (65);Too low water flow (19);Standard deviation is too large (2);ΔT out of range (13);Problems with water supply (7);ΔT out of range (35)",NaN,,,NaN,,
2024-12-07T23:41:58.000Z,10.737,2,"",M,59.059,2,"",M,6.000,2,"",N,6.837,3,"ΔT out of range",M,28.859,2,"",M,8.990,3,"ΔT out of range",M,1011.730,2,"",M,415.228,2,"",M,NaN,,,0,NaN,,,M,374.297,4,"Equilibrator Temperature Standard deviation is too large;ΔT out of range (13);Problems with water supply;Water Temperature Standard deviation is too large;ΔT out of range (65);Too low water flow (19);Standard deviation is too large (2);ΔT out of range (13);Problems with water supply (7);ΔT out of range (35)",372.838,4,"Equilibrator Temperature Standard deviation is too large;ΔT out of range (13);Problems with water supply;Water Temperature Standard deviation is too large;ΔT out of range (65);Too low water flow (19);Standard deviation is too large (2);ΔT out of range (13);Problems with water supply (7);ΔT out of range (35)",NaN,,,NaN,,
2024-12-07T23:43:50.000Z,10.737,2,"",M,59.059,2,"",M,6.000,2,"",N,6.827,3,"ΔT out of range",M,28.755,2,"",M,9.420,3,"ΔT out of range",M,1011.720,2,"",M,416.270,2,"",M,NaN,,,0,NaN,,,M,368.184,4,"Equilibrator Temperature Standard deviation is too large;ΔT out of range (13);Problems with water supply;Water Temperature Standard deviation is too large;ΔT out of range (65);Too low water flow (19);Standard deviation is too large (2);ΔT out of range (13);Problems with water supply (7);ΔT out of range (35)",366.757,4,"Equilibrator Temperature Standard deviation is too large;ΔT out of range (13);Problems with water supply;Water Temperature Standard deviation is too large;ΔT out of range (65);Too low water flow (19);Standard deviation is too large (2);ΔT out of range (13);Problems with water supply (7);ΔT out of range (35)",NaN,,,NaN,,
2024-12-07T23:45:42.000Z,10.737,2,"",M,59.059,2,"",M,6.000,2,"",N,6.838,4,"ΔT out of range",M,28.854,2,"",M,9.890,4,"ΔT out of range",M,1011.950,2,"",M,417.794,2,"",M,NaN,,,0,NaN,,,M,362.384,4,"Equilibrator Temperature Standard deviation is too large;ΔT out of range (13);Problems with water supply;Water Temperature Standard deviation is too large (2);ΔT out of range (13);Problems with water supply",360.988,4,"Equilibrator Temperature Standard deviation is too large;ΔT out of range (13);Problems with water supply;Water Temperature Standard deviation is too large (2);ΔT out of range (13);Problems with water supply",NaN,,,NaN,,
2024-12-07T23:52:37.000Z,10.738,2,"",M,59.060,2,"",M,6.000,2,"",N,NaN,,,M,NaN,,,M,NaN,,,M,NaN,,,M,NaN,,,0,NaN,,,0,NaN,,,M,NaN,,,NaN,,,NaN,,,NaN,,
2024-12-07T23:57:07.000Z,10.738,2,"",M,59.060,2,"",M,6.000,2,"",N,NaN,,,M,NaN,,,M,NaN,,,M,NaN,,,M,NaN,,,0,NaN,,,0,NaN,,,M,NaN,,,NaN,,,NaN,,,NaN,,
2024-12-08T00:01:36.000Z,10.738,2,"",M,59.060,2,"",M,6.000,2,"",N,NaN,,,M,NaN,,,M,NaN,,,M,NaN,,,M,NaN,,,0,NaN,,,0,NaN,,,M,NaN,,,NaN,,,NaN,,,NaN,,
2024-12-08T13:54:43.000Z,10.737,2,"",M,59.108,2,"",M,6.000,2,"",N,NaN,,,M,NaN,,,M,NaN,,,M,NaN,,,M,NaN,,,0,NaN,,,0,NaN,,,M,NaN,,,NaN,,,NaN,,,NaN,,
2024-12-08T13:59:36.000Z,10.737,2,"",M,59.108,2,"",M,6.000,2,"",N,NaN,,,M,NaN,,,M,NaN,,,M,NaN,,,M,NaN,,,0,NaN,,,0,NaN,,,M,NaN,,,NaN,,,NaN,,,NaN,,
2024-12-08T14:04:06.000Z,10.737,2,"",M,59.108,2,"",M,6.000,2,"",N,NaN,,,M,NaN,,,M,NaN,,,M,NaN,,,M,NaN,,,0,NaN,,,0,NaN,,,M,NaN,,,NaN,,,NaN,,,NaN,,
2024-12-08T14:05:56.000Z,10.737,2,"",M,59.108,2,"",M,6.000,2,"",N,NaN,,,M,NaN,,,M,NaN,,,M,NaN,,,M,NaN,,,0,NaN,,,0,NaN,,,M,NaN,,,NaN,,,NaN,,,NaN,,
2024-12-08T14:07:46.000Z,10.737,2,"",M,59.108,2,"",M,6.000,2,"",N,NaN,,,M,NaN,,,M,NaN,,,M,NaN,,,M,NaN,,,0,NaN,,,0,NaN,,,M,NaN,,,NaN,,,NaN,,,NaN,,
2024-12-08T14:12:15.000Z,10.737,2,"",M,59.108,2,"",M,6.000,2,"",N,NaN,,,M,NaN,,,M,NaN,,,M,NaN,,,M,NaN,,,0,NaN,,,0,NaN,,,M,NaN,,,NaN,,,NaN,,,NaN,,
2024-12-08T14:14:04.000Z,10.737,2,"",M,59.108,2,"",M,6.000,2,"",N,NaN,,,M,NaN,,,M,NaN,,,M,NaN,,,M,NaN,,,0,NaN,,,0,NaN,,,M,NaN,,,NaN,,,NaN,,,NaN,,
2024-12-08T14:15:53.000Z,10.737,2,"",M,59.108,2,"",M,6.000,2,"",N,NaN,,,M,NaN,,,M,NaN,,,M,NaN,,,M,NaN,,,0,NaN,,,0,NaN,,,M,NaN,,,NaN,,,NaN,,,NaN,,
2024-12-08T14:20:22.000Z,10.737,2,"",M,59.108,2,"",M,6.000,2,"",N,NaN,,,M,NaN,,,M,NaN,,,M,NaN,,,M,NaN,,,0,NaN,,,0,NaN,,,M,NaN,,,NaN,,,NaN,,,NaN,,
2024-12-08T14:22:11.000Z,10.737,2,"",M,59.108,2,"",M,6.000,2,"",N,NaN,,,M,NaN,,,M,NaN,,,M,NaN,,,M,NaN,,,0,NaN,,,0,NaN,,,M,NaN,,,NaN,,,NaN,,,NaN,,
2024-12-08T14:24:00.000Z,10.737,2,"",M,59.108,2,"",M,6.000,2,"",N,NaN,,,M,NaN,,,M,NaN,,,M,NaN,,,M,NaN,,,0,NaN,,,0,NaN,,,M,NaN,,,NaN,,,NaN,,,NaN,,
2024-12-08T14:28:29.000Z,10.737,2,"",M,59.108,2,"",M,6.000,2,"",N,6.988,2,"",M,27.754,2,"",M,NaN,,,M,NaN,,,M,NaN,,,0,435.571,2,"",M,1027.900,2,"",M,NaN,,,NaN,,,438.711,2,"",436.924,2,""
2024-12-08T14:30:18.000Z,10.737,2,"",M,59.108,2,"",M,6.000,2,"",N,6.999,2,"",M,27.793,2,"",M,NaN,,,M,NaN,,,M,NaN,,,0,435.630,2,"",M,1027.900,2,"",M,NaN,,,NaN,,,438.769,2,"",436.981,2,""
2024-12-08T14:32:07.000Z,10.737,2,"",M,59.108,2,"",M,6.000,2,"",N,7.018,2,"",M,27.808,2,"",M,NaN,,,M,NaN,,,M,NaN,,,0,435.310,2,"",M,1028.000,2,"",M,NaN,,,NaN,,,438.483,2,"",436.698,2,""
2024-12-08T14:33:56.000Z,10.737,2,"",M,59.108,2,"",M,6.000,2,"",N,7.002,2,"",M,27.860,2,"",M,NaN,,,M,NaN,,,M,NaN,,,0,435.290,2,"",M,1028.000,2,"",M,NaN,,,NaN,,,438.467,2,"",436.682,2,""
2024-12-08T14:35:47.000Z,10.737,2,"",M,59.108,2,"",M,6.000,2,"",N,6.999,2,"",M,27.922,2,"",M,NaN,,,M,NaN,,,M,NaN,,,0,435.439,2,"",M,1028.000,2,"",M,NaN,,,NaN,,,438.619,2,"",436.833,2,""
2024-12-08T14:40:57.000Z,10.737,2,"",M,59.108,2,"",M,6.000,2,"",N,6.973,2,"",M,27.769,2,"",M,7.640,2,"",M,1027.940,2,"",M,386.303,2,"",M,NaN,,,0,NaN,,,M,377.180,2,"",375.661,2,"",NaN,,,NaN,,
2024-12-08T14:42:48.000Z,10.737,2,"",M,59.108,2,"",M,6.000,2,"",N,6.976,2,"",M,27.741,2,"",M,7.620,2,"",M,1027.930,2,"",M,386.162,2,"",M,NaN,,,0,NaN,,,M,377.419,2,"",375.898,2,"",NaN,,,NaN,,
2024-12-08T14:44:40.000Z,10.738,2,"",M,59.108,2,"",M,6.000,2,"",N,6.966,2,"",M,27.683,2,"",M,7.610,2,"",M,1027.920,2,"",M,383.692,2,"",M,NaN,,,0,NaN,,,M,374.994,2,"",373.482,2,"",NaN,,,NaN,,
2024-12-08T14:46:31.000Z,10.738,2,"",M,59.108,2,"",M,6.000,2,"",N,6.987,2,"",M,27.722,2,"",M,7.580,2,"",M,1027.890,2,"",M,382.611,2,"",M,NaN,,,0,NaN,,,M,374.748,2,"",373.237,2,"",NaN,,,NaN,,
2024-12-08T14:48:22.000Z,10.738,2,"",M,59.108,2,"",M,6.000,2,"",N,6.993,2,"",M,27.809,2,"",M,7.610,2,"",M,1028.020,2,"",M,381.460,2,"",M,NaN,,,0,NaN,,,M,373.279,2,"",371.774,2,"",NaN,,,NaN,,
2024-12-08T14:50:14.000Z,10.738,2,"",M,59.108,2,"",M,6.000,2,"",N,6.976,2,"",M,27.808,2,"",M,7.630,2,"",M,1028.110,2,"",M,381.769,2,"",M,NaN,,,0,NaN,,,M,373.025,2,"",371.522,2,"",NaN,,,NaN,,
2024-12-08T14:52:05.000Z,10.739,2,"",M,59.108,2,"",M,6.000,2,"",N,6.967,2,"",M,27.781,2,"",M,7.610,2,"",M,1028.080,2,"",M,382.148,2,"",M,NaN,,,0,NaN,,,M,373.560,2,"",372.054,2,"",NaN,,,NaN,,
2024-12-08T14:54:18.000Z,10.739,2,"",M,59.108,2,"",M,6.000,2,"",N,6.945,2,"",M,27.693,2,"",M,7.580,2,"",M,1028.050,2,"",M,382.047,2,"",M,NaN,,,0,NaN,,,M,373.593,2,"",372.087,2,"",NaN,,,NaN,,
2024-12-08T14:56:09.000Z,10.739,2,"",M,59.108,2,"",M,6.000,2,"",N,6.954,2,"",M,27.729,2,"",M,7.570,2,"",M,1028.090,2,"",M,381.256,2,"",M,NaN,,,0,NaN,,,M,373.127,2,"",371.622,2,"",NaN,,,NaN,,
2024-12-08T14:58:00.000Z,10.739,2,"",M,59.108,2,"",M,6.000,2,"",N,6.940,2,"",M,27.741,2,"",M,7.590,2,"",M,1028.180,2,"",M,381.365,2,"",M,NaN,,,0,NaN,,,M,372.730,2,"",371.227,2,"",NaN,,,NaN,,
2024-12-08T14:59:52.000Z,10.739,2,"",M,59.108,2,"",M,6.000,2,"",N,6.952,2,"",M,27.743,2,"",M,7.590,2,"",M,1028.140,2,"",M,381.603,2,"",M,NaN,,,0,NaN,,,M,373.131,2,"",371.626,2,"",NaN,,,NaN,,
2024-12-08T15:01:43.000Z,10.739,2,"",M,59.108,2,"",M,6.000,2,"",N,6.952,2,"",M,27.751,2,"",M,7.580,2,"",M,1028.050,2,"",M,381.842,2,"",M,NaN,,,0,NaN,,,M,373.494,2,"",371.988,2,"",NaN,,,NaN,,
2024-12-08T15:03:34.000Z,10.739,2,"",M,59.108,2,"",M,6.000,2,"",N,6.958,2,"",M,27.801,2,"",M,7.570,2,"",M,1027.980,2,"",M,381.841,2,"",M,NaN,,,0,NaN,,,M,373.730,2,"",372.223,2,"",NaN,,,NaN,,
2024-12-08T15:05:26.000Z,10.739,2,"",M,59.108,2,"",M,6.000,2,"",N,7.356,2,"",M,28.584,2,"",M,7.580,2,"",M,1027.940,2,"",M,381.210,2,"",M,NaN,,,0,NaN,,,M,379.265,2,"",377.735,2,"",NaN,,,NaN,,
2024-12-08T15:07:17.000Z,10.737,2,"",M,59.108,2,"",M,6.000,2,"",N,6.994,2,"",M,28.008,2,"",M,7.950,2,"",M,1028.030,2,"",M,382.499,2,"",M,NaN,,,0,NaN,,,M,368.883,2,"",367.403,2,"",NaN,,,NaN,,
2024-12-08T15:09:08.000Z,10.736,2,"",M,59.108,2,"",M,6.000,2,"",N,6.989,2,"",M,27.750,2,"",M,7.680,2,"",M,1028.050,2,"",M,386.369,2,"",M,NaN,,,0,NaN,,,M,376.902,2,"",375.384,2,"",NaN,,,NaN,,
2024-12-08T15:11:00.000Z,10.735,2,"",M,59.108,2,"",M,6.000,2,"",N,7.035,2,"",M,27.879,2,"",M,7.610,2,"",M,1027.980,2,"",M,384.518,2,"",M,NaN,,,0,NaN,,,M,376.920,2,"",375.401,2,"",NaN,,,NaN,,
2024-12-08T15:12:51.000Z,10.734,2,"",M,59.108,2,"",M,6.000,2,"",N,7.117,2,"",M,28.094,2,"",M,7.640,2,"",M,1027.910,2,"",M,382.436,2,"",M,NaN,,,0,NaN,,,M,375.680,2,"",374.166,2,"",NaN,,,NaN,,
2024-12-08T15:14:43.000Z,10.733,2,"",M,59.108,2,"",M,6.000,2,"",N,7.104,2,"",M,28.255,2,"",M,7.740,2,"",M,1028.070,2,"",M,382.465,2,"",M,NaN,,,0,NaN,,,M,373.945,2,"",372.440,2,"",NaN,,,NaN,,
2024-12-08T15:16:34.000Z,10.732,2,"",M,59.108,2,"",M,6.000,2,"",N,7.003,2,"",M,27.887,2,"",M,7.770,2,"",M,1028.400,2,"",M,385.855,2,"",M,NaN,,,0,NaN,,,M,375.298,2,"",373.788,2,"",NaN,,,NaN,,
2024-12-08T15:18:25.000Z,10.731,2,"",M,59.109,2,"",M,6.000,2,"",N,6.992,2,"",M,27.808,2,"",M,7.640,2,"",M,1028.530,2,"",M,386.544,2,"",M,NaN,,,0,NaN,,,M,377.943,2,"",376.419,2,"",NaN,,,NaN,,
2024-12-08T15:20:17.000Z,10.730,2,"",M,59.109,2,"",M,6.000,2,"",N,7.041,2,"",M,27.891,2,"",M,7.620,2,"",M,1028.530,2,"",M,384.392,2,"",M,NaN,,,0,NaN,,,M,376.940,2,"",375.420,2,"",NaN,,,NaN,,
2024-12-08T15:22:08.000Z,10.730,2,"",M,59.109,2,"",M,6.000,2,"",N,7.047,2,"",M,27.955,2,"",M,7.650,2,"",M,1028.490,2,"",M,383.471,2,"",M,NaN,,,0,NaN,,,M,375.630,2,"",374.116,2,"",NaN,,,NaN,,
2024-12-08T15:23:59.000Z,10.730,2,"",M,59.109,2,"",M,6.000,2,"",N,7.478,2,"",M,29.011,2,"",M,7.690,2,"",M,1028.680,2,"",M,383.510,2,"",M,NaN,,,0,NaN,,,M,381.997,2,"",380.458,2,"",NaN,,,NaN,,
2024-12-08T15:25:51.000Z,10.730,2,"",M,59.109,2,"",M,6.000,2,"",N,7.244,2,"",I,27.939,2,"",M,7.680,2,"",I,1028.720,2,"",M,385.700,2,"",M,NaN,,,0,NaN,,,M,380.567,2,"",379.033,2,"",NaN,,,NaN,,
2024-12-08T15:27:42.000Z,10.730,2,"",M,59.109,2,"",M,6.000,2,"",N,7.011,2,"",M,27.855,2,"",M,7.670,2,"",M,1028.680,2,"",M,389.879,2,"",M,NaN,,,0,NaN,,,M,381.079,2,"",379.543,2,"",NaN,,,NaN,,
2024-12-08T15:29:34.000Z,10.730,2,"",M,59.109,2,"",M,6.000,2,"",N,7.243,2,"",M,29.392,2,"",M,7.640,2,"",M,1028.670,2,"",M,386.848,2,"",M,NaN,,,0,NaN,,,M,382.335,2,"",380.794,2,"",NaN,,,NaN,,
2024-12-08T15:31:26.000Z,10.730,2,"",M,59.109,2,"",M,6.000,2,"",N,7.025,2,"",M,28.663,2,"",M,7.900,2,"",M,1028.700,2,"",M,386.867,2,"",M,NaN,,,0,NaN,,,M,374.640,2,"",373.135,2,"",NaN,,,NaN,,
2024-12-08T15:33:17.000Z,10.730,2,"",M,59.109,2,"",M,6.000,2,"",N,7.011,2,"",M,27.913,2,"",M,7.760,2,"",M,1028.850,2,"",M,389.637,2,"",M,NaN,,,0,NaN,,,M,379.431,2,"",377.903,2,"",NaN,,,NaN,,
2024-12-08T15:35:08.000Z,10.730,2,"",M,59.109,2,"",M,6.000,2,"",N,7.007,2,"",M,27.921,2,"",M,7.670,2,"",M,1028.800,2,"",M,387.795,2,"",M,NaN,,,0,NaN,,,M,379.018,2,"",377.491,2,"",NaN,,,NaN,,
2024-12-08T15:37:00.000Z,10.730,2,"",M,59.109,2,"",M,6.000,2,"",N,7.493,2,"",M,28.564,2,"",M,7.660,2,"",M,1028.810,2,"",M,385.374,2,"",M,NaN,,,0,NaN,,,M,384.638,2,"",383.088,2,"",NaN,,,NaN,,
2024-12-08T15:38:51.000Z,10.730,2,"",M,59.109,2,"",M,6.000,2,"",N,7.033,2,"",M,27.959,2,"",M,7.990,2,"",M,1028.740,2,"",M,385.463,2,"",M,NaN,,,0,NaN,,,M,371.971,2,"",370.478,2,"",NaN,,,NaN,,
2024-12-08T15:40:43.000Z,10.730,2,"",M,59.109,2,"",M,6.000,2,"",N,7.023,2,"",M,27.907,2,"",M,7.700,2,"",M,1028.910,2,"",M,388.432,2,"",M,NaN,,,0,NaN,,,M,379.453,2,"",377.924,2,"",NaN,,,NaN,,
2024-12-08T15:42:34.000Z,10.730,2,"",M,59.109,2,"",M,6.000,2,"",N,7.018,2,"",M,27.939,2,"",M,7.670,2,"",M,1028.890,2,"",M,386.641,2,"",M,NaN,,,0,NaN,,,M,378.092,2,"",376.568,2,"",NaN,,,NaN,,
2024-12-08T15:44:25.000Z,10.730,2,"",M,59.109,2,"",M,6.000,2,"",N,7.019,2,"",M,27.973,2,"",M,7.660,2,"",M,1028.900,2,"",M,384.770,2,"",M,NaN,,,0,NaN,,,M,376.442,2,"",374.924,2,"",NaN,,,NaN,,
2024-12-08T15:46:17.000Z,10.730,2,"",M,59.109,2,"",M,6.000,2,"",N,7.031,2,"",M,27.957,2,"",M,7.650,2,"",M,1028.910,2,"",M,384.018,2,"",M,NaN,,,0,NaN,,,M,376.077,2,"",374.561,2,"",NaN,,,NaN,,
2024-12-08T15:48:08.000Z,10.730,2,"",M,59.109,2,"",M,6.000,2,"",N,7.047,2,"",M,28.166,2,"",M,7.660,2,"",M,1028.920,2,"",M,384.077,2,"",M,NaN,,,0,NaN,,,M,376.230,2,"",374.713,2,"",NaN,,,NaN,,
2024-12-08T15:49:59.000Z,10.730,2,"",M,59.109,2,"",M,6.000,2,"",N,7.182,2,"",M,28.525,2,"",M,7.720,2,"",M,1029.050,2,"",M,384.286,2,"",M,NaN,,,0,NaN,,,M,377.658,2,"",376.137,2,"",NaN,,,NaN,,
2024-12-08T15:51:51.000Z,10.730,2,"",M,59.109,2,"",M,6.000,2,"",N,7.055,2,"",M,28.654,2,"",M,7.750,2,"",M,1029.040,2,"",M,384.796,2,"",M,NaN,,,0,NaN,,,M,375.643,2,"",374.130,2,"",NaN,,,NaN,,
2024-12-08T15:54:03.000Z,10.730,2,"",M,59.108,2,"",M,6.000,2,"",N,6.986,2,"",M,27.908,2,"",M,7.730,2,"",M,1028.950,2,"",M,388.576,2,"",M,NaN,,,0,NaN,,,M,378.522,2,"",376.997,2,"",NaN,,,NaN,,
2024-12-08T15:55:54.000Z,10.731,2,"",M,59.109,2,"",M,6.000,2,"",N,6.977,2,"",M,28.220,2,"",M,7.630,2,"",M,1028.860,2,"",M,387.945,2,"",M,NaN,,,0,NaN,,,M,379.360,2,"",377.830,2,"",NaN,,,NaN,,
2024-12-08T15:57:46.000Z,10.731,2,"",M,59.109,2,"",M,6.000,2,"",N,6.997,2,"",M,27.891,2,"",M,7.740,2,"",M,1028.940,2,"",M,385.563,2,"",M,NaN,,,0,NaN,,,M,375.596,2,"",374.084,2,"",NaN,,,NaN,,
2024-12-08T15:59:37.000Z,10.731,2,"",M,59.109,2,"",M,6.000,2,"",N,7.155,2,"",M,28.205,2,"",M,7.660,2,"",M,1029.150,2,"",M,385.322,2,"",M,NaN,,,0,NaN,,,M,379.261,2,"",377.732,2,"",NaN,,,NaN,,
2024-12-08T16:01:29.000Z,10.731,2,"",M,59.109,2,"",M,6.000,2,"",N,7.495,2,"",M,29.169,2,"",M,7.770,2,"",M,1029.100,2,"",M,385.321,2,"",M,NaN,,,0,NaN,,,M,382.926,2,"",381.384,2,"",NaN,,,NaN,,
2024-12-08T16:03:20.000Z,10.731,2,"",M,59.109,2,"",M,6.000,2,"",N,7.496,2,"",M,29.159,2,"",M,8.140,2,"",M,1029.090,2,"",M,388.471,2,"",M,NaN,,,0,NaN,,,M,379.963,2,"",378.441,2,"",NaN,,,NaN,,
2024-12-08T16:05:11.000Z,10.731,2,"",M,59.109,2,"",M,6.000,2,"",N,7.215,2,"",M,28.708,2,"",M,8.110,2,"",M,1028.960,2,"",M,393.762,2,"",M,NaN,,,0,NaN,,,M,381.031,2,"",379.504,2,"",NaN,,,NaN,,
2024-12-08T16:07:02.000Z,10.731,2,"",M,59.109,2,"",M,6.000,2,"",N,7.034,2,"",M,28.216,2,"",M,7.960,2,"",M,1029.240,2,"",M,395.712,2,"",M,NaN,,,0,NaN,,,M,382.568,2,"",381.031,2,"",NaN,,,NaN,,
2024-12-08T16:08:54.000Z,10.731,2,"",M,59.109,2,"",M,6.000,2,"",N,7.457,2,"",M,28.854,2,"",M,7.750,2,"",M,1029.260,2,"",M,393.610,2,"",M,NaN,,,0,NaN,,,M,390.932,2,"",389.357,2,"",NaN,,,NaN,,
2024-12-08T16:10:45.000Z,10.730,2,"",M,59.109,2,"",M,6.000,2,"",N,7.017,2,"",M,29.028,2,"",M,7.980,2,"",M,1029.160,2,"",M,390.618,2,"",M,NaN,,,0,NaN,,,M,377.009,2,"",375.495,2,"",NaN,,,NaN,,
2024-12-08T16:12:36.000Z,10.731,2,"",M,59.109,2,"",M,6.000,2,"",N,7.316,2,"",M,28.665,2,"",M,7.810,2,"",M,1029.150,2,"",M,393.588,2,"",M,NaN,,,0,NaN,,,M,387.543,2,"",385.983,2,"",NaN,,,NaN,,
2024-12-08T16:14:28.000Z,10.730,2,"",M,59.108,2,"",M,6.000,2,"",N,7.403,2,"",M,29.224,2,"",M,7.920,2,"",M,1029.170,2,"",M,392.587,2,"",M,NaN,,,0,NaN,,,M,386.146,2,"",384.594,2,"",NaN,,,NaN,,
2024-12-08T16:16:19.000Z,10.731,2,"",M,59.107,2,"",M,6.000,2,"",N,7.089,2,"",M,28.301,2,"",M,8.000,2,"",M,1029.260,2,"",M,392.646,2,"",M,NaN,,,0,NaN,,,M,379.835,2,"",378.309,2,"",NaN,,,NaN,,
2024-12-08T16:18:10.000Z,10.732,2,"",M,59.105,2,"",M,6.000,2,"",N,7.096,2,"",M,28.516,2,"",M,7.800,2,"",M,1029.200,2,"",M,393.886,2,"",M,NaN,,,0,NaN,,,M,384.424,2,"",382.876,2,"",NaN,,,NaN,,
2024-12-08T16:20:02.000Z,10.733,2,"",M,59.104,2,"",M,6.000,2,"",N,7.087,2,"",M,28.249,2,"",M,7.780,2,"",M,1029.150,2,"",M,391.174,2,"",M,NaN,,,0,NaN,,,M,381.942,2,"",380.404,2,"",NaN,,,NaN,,
2024-12-08T16:21:53.000Z,10.735,2,"",M,59.103,2,"",M,6.000,2,"",N,7.517,2,"",M,28.396,2,"",M,7.730,2,"",M,1029.280,2,"",M,389.102,2,"",M,NaN,,,0,NaN,,,M,387.772,2,"",386.210,2,"",NaN,,,NaN,,
2024-12-08T16:23:45.000Z,10.737,2,"",M,59.103,2,"",M,6.000,2,"",N,7.194,2,"",M,28.697,2,"",M,7.870,2,"",M,1029.550,2,"",M,388.600,2,"",M,NaN,,,0,NaN,,,M,379.822,2,"",378.294,2,"",NaN,,,NaN,,
2024-12-08T16:25:36.000Z,10.738,2,"",M,59.103,2,"",M,6.000,2,"",N,7.184,2,"",M,28.735,2,"",M,7.880,2,"",M,1029.340,2,"",M,390.981,2,"",M,NaN,,,0,NaN,,,M,381.745,2,"",380.209,2,"",NaN,,,NaN,,
2024-12-08T16:27:27.000Z,10.738,2,"",M,59.103,2,"",M,6.000,2,"",N,7.302,2,"",M,28.737,2,"",M,7.840,2,"",M,1029.330,2,"",M,392.451,2,"",M,NaN,,,0,NaN,,,M,385.760,2,"",384.208,2,"",NaN,,,NaN,,
2024-12-08T16:29:19.000Z,10.738,2,"",M,59.103,2,"",M,6.000,2,"",N,7.431,2,"",M,29.254,2,"",M,7.850,2,"",M,1029.320,2,"",M,392.500,2,"",M,NaN,,,0,NaN,,,M,387.746,2,"",386.186,2,"",NaN,,,NaN,,
2024-12-08T16:31:11.000Z,10.738,2,"",M,59.103,2,"",M,6.000,2,"",N,7.489,2,"",M,29.493,2,"",M,8.060,2,"",M,1029.420,2,"",M,393.679,2,"",M,NaN,,,0,NaN,,,M,386.395,2,"",384.844,2,"",NaN,,,NaN,,
2024-12-08T16:33:03.000Z,10.738,2,"",M,59.104,2,"",M,6.000,2,"",N,7.459,2,"",M,29.656,2,"",M,8.100,2,"",M,1029.520,2,"",M,396.850,2,"",M,NaN,,,0,NaN,,,M,388.381,2,"",386.824,2,"",NaN,,,NaN,,
2024-12-08T16:34:54.000Z,10.738,2,"",M,59.104,2,"",M,6.000,2,"",N,7.514,2,"",M,29.519,2,"",M,8.090,2,"",M,1029.450,2,"",M,399.071,2,"",M,NaN,,,0,NaN,,,M,391.611,2,"",390.040,2,"",NaN,,,NaN,,
2024-12-08T16:36:45.000Z,10.738,2,"",M,59.104,2,"",M,6.000,2,"",N,7.495,2,"",M,29.437,2,"",M,8.130,2,"",M,1029.420,2,"",M,399.590,2,"",M,NaN,,,0,NaN,,,M,391.124,2,"",389.556,2,"",NaN,,,NaN,,
2024-12-08T16:38:36.000Z,10.738,2,"",M,59.104,2,"",M,6.000,2,"",N,7.565,2,"",M,29.719,2,"",M,8.050,2,"",M,1029.380,2,"",M,400.210,2,"",M,NaN,,,0,NaN,,,M,394.222,2,"",392.640,2,"",NaN,,,NaN,,
2024-12-08T16:40:28.000Z,10.738,2,"",M,59.104,2,"",M,6.000,2,"",N,7.425,2,"",M,29.606,2,"",M,8.190,2,"",M,1029.480,2,"",M,400.069,2,"",M,NaN,,,0,NaN,,,M,389.454,2,"",387.894,2,"",NaN,,,NaN,,
2024-12-08T16:42:20.000Z,10.738,2,"",M,59.104,2,"",M,6.000,2,"",N,7.424,2,"",M,29.274,2,"",M,8.200,2,"",M,1029.605,2,"",M,401.069,2,"",M,NaN,,,0,NaN,,,M,390.280,2,"",388.717,2,"",NaN,,,NaN,,
2024-12-08T16:44:12.000Z,10.738,2,"",M,59.104,2,"",M,6.000,2,"",N,7.429,2,"",M,29.264,2,"",M,8.110,2,"",M,1029.550,2,"",M,400.728,2,"",M,NaN,,,0,NaN,,,M,391.533,2,"",389.963,2,"",NaN,,,NaN,,
2024-12-08T16:46:03.000Z,10.738,2,"",M,59.104,2,"",M,6.000,2,"",N,7.431,2,"",M,29.357,2,"",M,8.050,2,"",M,1029.670,2,"",M,399.816,2,"",M,NaN,,,0,NaN,,,M,391.727,2,"",390.155,2,"",NaN,,,NaN,,
2024-12-08T16:47:54.000Z,10.738,2,"",M,59.104,2,"",M,6.000,2,"",N,7.471,2,"",M,29.405,2,"",M,8.090,2,"",M,1029.640,2,"",M,398.414,2,"",M,NaN,,,0,NaN,,,M,390.329,2,"",388.763,2,"",NaN,,,NaN,,
2024-12-08T16:49:46.000Z,10.738,2,"",M,59.104,2,"",M,6.000,2,"",N,7.596,2,"",M,29.720,2,"",M,8.140,2,"",M,1029.720,2,"",M,398.374,2,"",M,NaN,,,0,NaN,,,M,391.555,2,"",389.985,2,"",NaN,,,NaN,,
2024-12-08T16:51:37.000Z,10.738,2,"",M,59.104,2,"",M,6.000,2,"",N,7.621,2,"",I,29.699,2,"",I,8.250,2,"",M,1029.850,2,"",M,399.483,2,"",M,NaN,,,0,NaN,,,M,391.244,2,"",389.677,2,"",NaN,,,NaN,,
2024-12-08T16:53:29.000Z,10.738,2,"",M,59.104,2,"",M,6.000,2,"",N,7.645,2,"",M,29.678,2,"",M,8.230,2,"",M,1029.730,2,"",M,400.844,2,"",M,NaN,,,0,NaN,,,M,393.274,2,"",391.699,2,"",NaN,,,NaN,,
2024-12-08T16:55:41.000Z,10.738,2,"",M,59.104,2,"",M,6.000,2,"",N,7.595,2,"",M,29.735,2,"",M,8.270,2,"",M,1029.560,2,"",M,402.364,2,"",M,NaN,,,0,NaN,,,M,393.186,2,"",391.612,2,"",NaN,,,NaN,,
2024-12-08T16:57:32.000Z,10.738,2,"",M,59.104,2,"",M,6.000,2,"",N,7.616,2,"",M,29.623,2,"",M,8.240,2,"",M,1029.710,2,"",M,402.503,2,"",M,NaN,,,0,NaN,,,M,394.232,2,"",392.653,2,"",NaN,,,NaN,,
2024-12-08T16:59:24.000Z,10.738,2,"",M,59.104,2,"",M,6.000,2,"",N,7.594,2,"",M,29.430,2,"",M,8.290,2,"",M,1029.880,2,"",M,402.412,2,"",M,NaN,,,0,NaN,,,M,392.997,2,"",391.424,2,"",NaN,,,NaN,,
2024-12-08T17:01:15.000Z,10.738,2,"",M,59.104,2,"",M,6.000,2,"",N,7.535,2,"",M,29.628,2,"",M,8.200,2,"",M,1029.740,2,"",M,402.231,2,"",M,NaN,,,0,NaN,,,M,393.316,2,"",391.740,2,"",NaN,,,NaN,,
2024-12-08T17:03:07.000Z,10.738,2,"",M,59.104,2,"",M,6.000,2,"",N,7.589,2,"",M,29.562,2,"",M,8.220,2,"",M,1029.830,2,"",M,401.830,2,"",M,NaN,,,0,NaN,,,M,393.514,2,"",391.937,2,"",NaN,,,NaN,,
2024-12-08T17:04:58.000Z,10.738,2,"",M,59.104,2,"",M,6.000,2,"",N,7.632,2,"",M,29.228,2,"",M,8.230,2,"",M,1029.700,2,"",M,401.519,2,"",M,NaN,,,0,NaN,,,M,393.710,2,"",392.133,2,"",NaN,,,NaN,,
2024-12-08T17:06:49.000Z,10.738,2,"",M,59.104,2,"",M,6.000,2,"",N,7.542,2,"",M,29.684,2,"",M,8.200,2,"",M,1029.910,2,"",M,400.748,2,"",M,NaN,,,0,NaN,,,M,392.046,2,"",390.475,2,"",NaN,,,NaN,,
2024-12-08T17:08:40.000Z,10.738,2,"",M,59.104,2,"",M,6.000,2,"",N,7.666,2,"",M,29.807,2,"",M,8.260,2,"",M,1030.000,2,"",M,400.837,2,"",M,NaN,,,0,NaN,,,M,393.209,2,"",391.635,2,"",NaN,,,NaN,,
2024-12-08T17:10:32.000Z,10.737,2,"",M,59.104,2,"",M,6.000,2,"",N,7.539,2,"",M,29.773,2,"",M,8.320,2,"",M,1029.930,2,"",M,401.727,2,"",M,NaN,,,0,NaN,,,M,390.940,2,"",389.375,2,"",NaN,,,NaN,,
2024-12-08T17:12:23.000Z,10.737,2,"",M,59.104,2,"",M,6.000,2,"",N,7.438,2,"",M,29.308,2,"",M,8.250,2,"",M,1029.900,2,"",M,402.376,2,"",M,NaN,,,0,NaN,,,M,391.056,2,"",389.490,2,"",NaN,,,NaN,,
2024-12-08T17:14:14.000Z,10.737,2,"",M,59.104,2,"",M,6.000,2,"",N,7.478,2,"",M,29.583,2,"",M,8.090,2,"",M,1029.910,2,"",M,402.586,2,"",M,NaN,,,0,NaN,,,M,394.632,2,"",393.048,2,"",NaN,,,NaN,,
2024-12-08T17:16:06.000Z,10.737,2,"",M,59.104,2,"",M,6.000,2,"",N,7.566,2,"",M,29.247,2,"",M,8.200,2,"",M,1030.060,2,"",M,401.134,2,"",M,NaN,,,0,NaN,,,M,392.886,2,"",391.311,2,"",NaN,,,NaN,,
2024-12-08T17:17:57.000Z,10.736,2,"",M,59.104,2,"",M,6.000,2,"",N,7.526,2,"",M,29.667,2,"",M,8.100,2,"",M,1030.110,2,"",M,400.883,2,"",M,NaN,,,0,NaN,,,M,393.675,2,"",392.095,2,"",NaN,,,NaN,,
2024-12-08T17:19:49.000Z,10.736,2,"",M,59.104,2,"",M,6.000,2,"",N,7.424,2,"",M,29.368,2,"",M,8.230,2,"",M,1030.120,2,"",M,401.202,2,"",M,NaN,,,0,NaN,,,M,390.111,2,"",388.547,2,"",NaN,,,NaN,,
2024-12-08T17:21:40.000Z,10.736,2,"",M,59.104,2,"",M,6.000,2,"",N,7.562,2,"",M,29.351,2,"",M,8.110,2,"",M,1030.020,2,"",M,402.453,2,"",M,NaN,,,0,NaN,,,M,395.616,2,"",394.028,2,"",NaN,,,NaN,,
2024-12-08T17:23:33.000Z,10.736,2,"",M,59.104,2,"",M,6.000,2,"",N,7.444,2,"",M,29.608,2,"",M,8.160,2,"",M,1030.230,2,"",M,401.000,2,"",M,NaN,,,0,NaN,,,M,391.457,2,"",389.887,2,"",NaN,,,NaN,,
2024-12-08T17:25:24.000Z,10.736,2,"",M,59.104,2,"",M,6.000,2,"",N,7.491,2,"",M,29.722,2,"",M,8.200,2,"",M,1030.270,2,"",M,401.981,2,"",M,NaN,,,0,NaN,,,M,392.535,2,"",390.962,2,"",NaN,,,NaN,,
2024-12-08T17:27:15.000Z,10.735,2,"",M,59.104,2,"",M,6.000,2,"",N,7.471,2,"",M,29.200,2,"",M,8.270,2,"",M,1030.150,2,"",M,402.480,2,"",M,NaN,,,0,NaN,,,M,391.465,2,"",389.897,2,"",NaN,,,NaN,,
2024-12-08T17:29:07.000Z,10.735,2,"",M,59.104,2,"",M,6.000,2,"",N,7.516,2,"",M,29.503,2,"",M,8.100,2,"",M,1030.160,2,"",M,401.889,2,"",M,NaN,,,0,NaN,,,M,394.516,2,"",392.933,2,"",NaN,,,NaN,,
2024-12-08T17:30:58.000Z,10.735,2,"",M,59.104,2,"",M,6.000,2,"",N,7.492,2,"",M,29.621,2,"",M,8.150,2,"",M,1030.070,2,"",M,400.867,2,"",M,NaN,,,0,NaN,,,M,392.237,2,"",390.664,2,"",NaN,,,NaN,,
2024-12-08T17:32:49.000Z,10.735,2,"",M,59.104,2,"",M,6.000,2,"",N,7.356,2,"",M,29.236,2,"",M,8.260,2,"",M,1030.300,2,"",M,400.946,2,"",M,NaN,,,0,NaN,,,M,388.304,2,"",386.749,2,"",NaN,,,NaN,,
2024-12-08T17:34:41.000Z,10.735,2,"",M,59.104,2,"",M,6.000,2,"",N,7.574,2,"",M,29.380,2,"",M,8.080,2,"",M,1030.350,2,"",M,401.076,2,"",M,NaN,,,0,NaN,,,M,395.105,2,"",393.518,2,"",NaN,,,NaN,,
2024-12-08T17:36:32.000Z,10.735,2,"",M,59.104,2,"",M,6.000,2,"",N,7.592,2,"",M,29.544,2,"",M,8.170,2,"",M,1030.330,2,"",M,400.104,2,"",M,NaN,,,0,NaN,,,M,392.916,2,"",391.341,2,"",NaN,,,NaN,,
2024-12-08T17:38:24.000Z,10.734,2,"",M,59.104,2,"",M,6.000,2,"",N,7.469,2,"",M,29.606,2,"",M,8.210,2,"",M,1030.317,2,"",M,400.013,2,"",M,NaN,,,0,NaN,,,M,390.109,2,"",388.545,2,"",NaN,,,NaN,,
2024-12-08T17:40:15.000Z,10.734,2,"",M,59.104,2,"",M,6.000,2,"",N,7.507,2,"",M,29.503,2,"",M,8.190,2,"",M,1030.364,2,"",M,401.203,2,"",M,NaN,,,0,NaN,,,M,392.255,2,"",390.682,2,"",NaN,,,NaN,,
2024-12-08T17:42:06.000Z,10.734,2,"",M,59.104,2,"",M,6.000,2,"",N,7.694,2,"",M,29.509,2,"",M,8.200,2,"",M,1030.600,2,"",M,401.803,2,"",M,NaN,,,0,NaN,,,M,395.877,2,"",394.290,2,"",NaN,,,NaN,,
2024-12-08T17:43:58.000Z,10.734,2,"",M,59.104,2,"",M,6.000,2,"",N,7.686,2,"",M,29.858,2,"",M,8.240,2,"",M,1030.470,2,"",M,401.592,2,"",M,NaN,,,0,NaN,,,M,394.800,2,"",393.218,2,"",NaN,,,NaN,,
2024-12-08T17:45:49.000Z,10.734,2,"",M,59.104,2,"",M,6.000,2,"",N,7.535,2,"",I,28.894,2,"",M,8.129,2,"",I,1030.390,2,"",M,402.152,2,"",M,NaN,,,0,NaN,,,M,394.689,2,"",393.105,2,"",NaN,,,NaN,,
2024-12-08T17:50:18.000Z,10.735,2,"",M,59.103,2,"",M,6.000,2,"",N,NaN,,,M,NaN,,,M,NaN,,,M,NaN,,,M,NaN,,,0,NaN,,,0,NaN,,,M,NaN,,,NaN,,,NaN,,,NaN,,
2024-12-08T17:52:07.000Z,10.735,2,"",M,59.103,2,"",M,6.000,2,"",N,NaN,,,M,NaN,,,M,NaN,,,M,NaN,,,M,NaN,,,0,NaN,,,0,NaN,,,M,NaN,,,NaN,,,NaN,,,NaN,,
2024-12-08T17:53:56.000Z,10.735,2,"",M,59.103,2,"",M,6.000,2,"",N,NaN,,,M,NaN,,,M,NaN,,,M,NaN,,,M,NaN,,,0,NaN,,,0,NaN,,,M,NaN,,,NaN,,,NaN,,,NaN,,
2024-12-08T17:58:46.000Z,10.736,2,"",M,59.104,2,"",M,6.000,2,"",N,NaN,,,M,NaN,,,M,NaN,,,M,NaN,,,M,NaN,,,0,NaN,,,0,NaN,,,M,NaN,,,NaN,,,NaN,,,NaN,,
2024-12-08T18:00:35.000Z,10.736,2,"",M,59.104,2,"",M,6.000,2,"",N,NaN,,,M,NaN,,,M,NaN,,,M,NaN,,,M,NaN,,,0,NaN,,,0,NaN,,,M,NaN,,,NaN,,,NaN,,,NaN,,
2024-12-08T18:02:24.000Z,10.736,2,"",M,59.104,2,"",M,6.000,2,"",N,NaN,,,M,NaN,,,M,NaN,,,M,NaN,,,M,NaN,,,0,NaN,,,0,NaN,,,M,NaN,,,NaN,,,NaN,,,NaN,,
2024-12-08T18:06:53.000Z,10.736,2,"",M,59.104,2,"",M,6.000,2,"",N,NaN,,,M,NaN,,,M,NaN,,,M,NaN,,,M,NaN,,,0,NaN,,,0,NaN,,,M,NaN,,,NaN,,,NaN,,,NaN,,
2024-12-08T18:08:42.000Z,10.736,2,"",M,59.104,2,"",M,6.000,2,"",N,NaN,,,M,NaN,,,M,NaN,,,M,NaN,,,M,NaN,,,0,NaN,,,0,NaN,,,M,NaN,,,NaN,,,NaN,,,NaN,,
2024-12-08T18:10:32.000Z,10.736,2,"",M,59.104,2,"",M,6.000,2,"",N,NaN,,,M,NaN,,,M,NaN,,,M,NaN,,,M,NaN,,,0,NaN,,,0,NaN,,,M,NaN,,,NaN,,,NaN,,,NaN,,
2024-12-08T18:15:02.000Z,10.736,2,"",M,59.104,2,"",M,6.000,2,"",N,7.780,2,"",M,29.928,2,"",M,NaN,,,M,NaN,,,M,NaN,,,0,436.818,2,"",M,1031.200,2,"",M,NaN,,,NaN,,,441.160,2,"",439.376,2,""
2024-12-08T18:16:51.000Z,10.736,2,"",M,59.104,2,"",M,6.000,2,"",N,7.589,2,"",M,30.002,2,"",M,NaN,,,M,NaN,,,M,NaN,,,0,436.878,2,"",M,1031.200,2,"",M,NaN,,,NaN,,,441.279,2,"",439.489,2,""
2024-12-08T18:18:40.000Z,10.736,2,"",M,59.103,2,"",M,6.000,2,"",N,7.713,2,"",M,29.754,2,"",M,NaN,,,M,NaN,,,M,NaN,,,0,437.187,2,"",M,1031.200,2,"",M,NaN,,,NaN,,,441.553,2,"",439.765,2,""
2024-12-08T18:20:29.000Z,10.736,2,"",M,59.103,2,"",M,6.000,2,"",N,7.867,2,"",M,29.899,2,"",M,NaN,,,M,NaN,,,M,NaN,,,0,437.537,2,"",M,1031.200,2,"",M,NaN,,,NaN,,,441.859,2,"",440.074,2,""
2024-12-08T18:22:18.000Z,10.736,2,"",M,59.103,2,"",M,6.000,2,"",N,7.842,2,"",M,30.111,2,"",M,NaN,,,M,NaN,,,M,NaN,,,0,437.036,2,"",M,1031.300,2,"",M,NaN,,,NaN,,,441.404,2,"",439.620,2,""
2024-12-08T18:27:28.000Z,10.736,2,"",M,59.102,2,"",M,6.000,2,"",N,7.647,2,"",M,29.779,2,"",M,8.380,2,"",M,1031.070,2,"",M,406.083,2,"",M,NaN,,,0,NaN,,,M,396.412,2,"",394.825,2,"",NaN,,,NaN,,
2024-12-08T18:29:20.000Z,10.735,2,"",M,59.102,2,"",M,6.000,2,"",N,7.795,2,"",M,29.988,2,"",M,8.350,2,"",M,1031.120,2,"",M,406.483,2,"",M,NaN,,,0,NaN,,,M,399.821,2,"",398.220,2,"",NaN,,,NaN,,
2024-12-08T18:31:11.000Z,10.735,2,"",M,59.102,2,"",M,6.000,2,"",N,7.856,2,"",M,30.013,2,"",M,8.430,2,"",M,1031.120,2,"",M,405.562,2,"",M,NaN,,,0,NaN,,,M,398.566,2,"",396.971,2,"",NaN,,,NaN,,
2024-12-08T18:33:03.000Z,10.735,2,"",M,59.101,2,"",M,6.000,2,"",N,7.841,2,"",M,29.788,2,"",M,8.480,2,"",M,1031.350,2,"",M,406.272,2,"",M,NaN,,,0,NaN,,,M,398.253,2,"",396.660,2,"",NaN,,,NaN,,
2024-12-08T18:34:54.000Z,10.735,2,"",M,59.101,2,"",M,6.000,2,"",N,7.774,2,"",M,29.939,2,"",M,8.430,2,"",M,1031.330,2,"",M,406.782,2,"",M,NaN,,,0,NaN,,,M,398.477,2,"",396.883,2,"",NaN,,,NaN,,
2024-12-08T18:36:45.000Z,10.735,2,"",M,59.101,2,"",M,6.000,2,"",N,7.670,2,"",M,29.971,2,"",M,8.440,2,"",M,1031.340,2,"",M,406.481,2,"",M,NaN,,,0,NaN,,,M,396.258,2,"",394.673,2,"",NaN,,,NaN,,
2024-12-08T18:38:37.000Z,10.735,2,"",M,59.101,2,"",M,6.000,2,"",N,7.667,2,"",M,29.572,2,"",M,8.410,2,"",M,1031.190,2,"",M,406.771,2,"",M,NaN,,,0,NaN,,,M,396.941,2,"",395.353,2,"",NaN,,,NaN,,
2024-12-08T18:40:28.000Z,10.735,2,"",M,59.100,2,"",M,6.000,2,"",N,7.624,2,"",M,29.925,2,"",M,8.320,2,"",M,1031.280,2,"",M,405.429,2,"",M,NaN,,,0,NaN,,,M,396.483,2,"",394.895,2,"",NaN,,,NaN,,
2024-12-08T18:42:19.000Z,10.735,2,"",M,59.100,2,"",M,6.000,2,"",N,7.830,2,"",M,29.519,2,"",M,8.380,2,"",M,1031.330,2,"",M,404.508,2,"",M,NaN,,,0,NaN,,,M,398.043,2,"",396.450,2,"",NaN,,,NaN,,
2024-12-08T18:44:11.000Z,10.735,2,"",M,59.100,2,"",M,6.000,2,"",N,7.710,2,"",M,29.994,2,"",M,8.420,2,"",M,1031.203,2,"",M,404.137,2,"",M,NaN,,,0,NaN,,,M,394.923,2,"",393.343,2,"",NaN,,,NaN,,
2024-12-08T18:46:02.000Z,10.735,2,"",M,59.100,2,"",M,6.000,2,"",N,7.733,2,"",M,29.872,2,"",M,8.380,2,"",M,1031.087,2,"",M,405.158,2,"",M,NaN,,,0,NaN,,,M,396.949,2,"",395.361,2,"",NaN,,,NaN,,
2024-12-08T18:47:54.000Z,10.735,2,"",M,59.100,2,"",M,6.000,2,"",N,7.772,2,"",M,29.845,2,"",M,8.380,2,"",M,1030.950,2,"",M,405.948,2,"",M,NaN,,,0,NaN,,,M,398.328,2,"",396.733,2,"",NaN,,,NaN,,
2024-12-08T18:49:45.000Z,10.735,2,"",M,59.100,2,"",M,6.000,2,"",N,7.538,2,"",M,29.854,2,"",M,8.410,2,"",M,1031.180,2,"",M,405.067,2,"",M,NaN,,,0,NaN,,,M,393.131,2,"",391.558,2,"",NaN,,,NaN,,
2024-12-08T18:51:36.000Z,10.735,2,"",M,59.100,2,"",M,6.000,2,"",N,7.382,2,"",I,29.146,2,"",M,8.241,2,"",I,1031.310,2,"",M,405.767,2,"",M,NaN,,,0,NaN,,,M,394.120,2,"",392.539,2,"",NaN,,,NaN,,
2024-12-08T18:53:28.000Z,10.735,2,"",M,59.100,2,"",M,6.000,2,"",N,7.224,2,"",M,28.764,2,"",M,8.070,2,"",M,1031.270,2,"",M,403.985,2,"",M,NaN,,,0,NaN,,,M,392.634,2,"",391.056,2,"",NaN,,,NaN,,
2024-12-08T18:55:19.000Z,10.736,2,"",M,59.100,2,"",M,6.000,2,"",N,7.222,2,"",M,28.703,2,"",M,7.930,2,"",M,1031.170,2,"",M,399.180,2,"",M,NaN,,,0,NaN,,,M,390.245,2,"",388.673,2,"",NaN,,,NaN,,
2024-12-08T18:57:31.000Z,10.736,2,"",M,59.100,2,"",M,6.000,2,"",N,7.283,2,"",M,28.653,2,"",M,7.910,2,"",M,1031.237,2,"",M,394.976,2,"",M,NaN,,,0,NaN,,,M,387.486,2,"",385.925,2,"",NaN,,,NaN,,
2024-12-08T18:59:23.000Z,10.736,2,"",M,59.100,2,"",M,6.000,2,"",N,7.217,2,"",M,28.762,2,"",M,7.920,2,"",M,1031.390,2,"",M,393.484,2,"",M,NaN,,,0,NaN,,,M,384.836,2,"",383.286,2,"",NaN,,,NaN,,
2024-12-08T19:01:14.000Z,10.737,2,"",M,59.100,2,"",M,6.000,2,"",N,7.151,2,"",M,28.763,2,"",M,7.930,2,"",M,1031.230,2,"",M,393.964,2,"",M,NaN,,,0,NaN,,,M,384.002,2,"",382.456,2,"",NaN,,,NaN,,
2024-12-08T19:03:05.000Z,10.737,2,"",M,59.100,2,"",M,6.000,2,"",N,7.213,2,"",M,28.601,2,"",M,7.890,2,"",M,1031.250,2,"",M,393.934,2,"",M,NaN,,,0,NaN,,,M,385.660,2,"",384.107,2,"",NaN,,,NaN,,
2024-12-08T19:04:57.000Z,10.737,2,"",M,59.100,2,"",M,6.000,2,"",N,7.159,2,"",M,28.606,2,"",M,7.850,2,"",M,1031.180,2,"",M,393.132,2,"",M,NaN,,,0,NaN,,,M,384.628,2,"",383.078,2,"",NaN,,,NaN,,
2024-12-08T19:06:48.000Z,10.738,2,"",M,59.100,2,"",M,6.000,2,"",N,7.192,2,"",M,28.543,2,"",M,7.880,2,"",M,1031.360,2,"",M,392.101,2,"",M,NaN,,,0,NaN,,,M,383.725,2,"",382.179,2,"",NaN,,,NaN,,
2024-12-08T19:08:39.000Z,10.738,2,"",M,59.100,2,"",M,6.000,2,"",N,7.140,2,"",M,28.556,2,"",M,7.900,2,"",M,1031.420,2,"",M,391.941,2,"",M,NaN,,,0,NaN,,,M,382.414,2,"",380.873,2,"",NaN,,,NaN,,
2024-12-08T19:10:30.000Z,10.738,2,"",M,59.100,2,"",M,6.000,2,"",N,7.163,2,"",M,28.470,2,"",M,7.860,2,"",M,1031.350,2,"",M,392.361,2,"",M,NaN,,,0,NaN,,,M,383.845,2,"",382.298,2,"",NaN,,,NaN,,
2024-12-08T19:12:22.000Z,10.739,2,"",M,59.100,2,"",M,6.000,2,"",N,7.169,2,"",M,28.539,2,"",M,7.820,2,"",M,1031.310,2,"",M,391.770,2,"",M,NaN,,,0,NaN,,,M,384.007,2,"",382.458,2,"",NaN,,,NaN,,
2024-12-08T19:14:13.000Z,10.739,2,"",M,59.100,2,"",M,6.000,2,"",N,7.269,2,"",M,28.569,2,"",M,7.840,2,"",M,1031.330,2,"",M,391.729,2,"",M,NaN,,,0,NaN,,,M,385.263,2,"",383.710,2,"",NaN,,,NaN,,
2024-12-08T19:16:05.000Z,10.739,2,"",M,59.100,2,"",M,6.000,2,"",N,7.264,2,"",M,28.599,2,"",M,7.880,2,"",M,1031.530,2,"",M,391.399,2,"",M,NaN,,,0,NaN,,,M,384.280,2,"",382.731,2,"",NaN,,,NaN,,
2024-12-08T19:17:56.000Z,10.739,2,"",M,59.100,2,"",M,6.000,2,"",N,7.187,2,"",M,28.741,2,"",M,7.880,2,"",M,1031.540,2,"",M,392.349,2,"",M,NaN,,,0,NaN,,,M,383.950,2,"",382.402,2,"",NaN,,,NaN,,
2024-12-08T19:19:47.000Z,10.740,2,"",M,59.100,2,"",M,6.000,2,"",N,7.205,2,"",I,28.705,2,"",I,7.920,2,"",M,1031.510,2,"",M,392.979,2,"",M,NaN,,,0,NaN,,,M,384.198,2,"",382.651,2,"",NaN,,,NaN,,
2024-12-08T19:21:39.000Z,10.740,2,"",M,59.100,2,"",M,6.000,2,"",N,7.224,2,"",M,28.669,2,"",M,7.860,2,"",M,1031.330,2,"",M,393.259,2,"",M,NaN,,,0,NaN,,,M,385.705,2,"",384.151,2,"",NaN,,,NaN,,
2024-12-08T19:23:30.000Z,10.740,2,"",M,59.100,2,"",M,6.000,2,"",N,7.171,2,"",M,28.511,2,"",M,7.870,2,"",M,1031.540,2,"",M,393.259,2,"",M,NaN,,,0,NaN,,,M,384.751,2,"",383.200,2,"",NaN,,,NaN,,
2024-12-08T19:25:21.000Z,10.740,2,"",M,59.100,2,"",M,6.000,2,"",N,7.536,2,"",M,28.883,2,"",M,7.870,2,"",M,1031.580,2,"",M,392.808,2,"",M,NaN,,,0,NaN,,,M,390.302,2,"",388.729,2,"",NaN,,,NaN,,
2024-12-08T19:27:13.000Z,10.740,2,"",M,59.100,2,"",M,6.000,2,"",N,7.669,2,"",M,29.950,2,"",M,8.040,2,"",M,1031.510,2,"",M,393.138,2,"",M,NaN,,,0,NaN,,,M,389.951,2,"",388.382,2,"",NaN,,,NaN,,
2024-12-08T19:29:04.000Z,10.740,2,"",M,59.100,2,"",M,6.000,2,"",N,7.674,2,"",M,29.707,2,"",M,8.340,2,"",M,1031.520,2,"",M,396.240,2,"",M,NaN,,,0,NaN,,,M,388.082,2,"",386.527,2,"",NaN,,,NaN,,
2024-12-08T19:30:56.000Z,10.740,2,"",M,59.100,2,"",M,6.000,2,"",N,7.738,2,"",M,29.702,2,"",M,8.300,2,"",M,1031.470,2,"",M,401.294,2,"",M,NaN,,,0,NaN,,,M,394.757,2,"",393.175,2,"",NaN,,,NaN,,
2024-12-08T19:32:47.000Z,10.740,2,"",M,59.100,2,"",M,6.000,2,"",N,7.738,2,"",M,29.916,2,"",M,8.410,2,"",M,1031.730,2,"",M,403.715,2,"",M,NaN,,,0,NaN,,,M,395.361,2,"",393.778,2,"",NaN,,,NaN,,
2024-12-08T19:34:38.000Z,10.740,2,"",M,59.100,2,"",M,6.000,2,"",N,7.786,2,"",M,29.861,2,"",M,8.450,2,"",M,1031.750,2,"",M,405.786,2,"",M,NaN,,,0,NaN,,,M,397.524,2,"",395.933,2,"",NaN,,,NaN,,
2024-12-08T19:36:29.000Z,10.740,2,"",M,59.100,2,"",M,6.000,2,"",N,7.770,2,"",M,29.893,2,"",M,8.430,2,"",M,1031.610,2,"",M,407.657,2,"",M,NaN,,,0,NaN,,,M,399.373,2,"",397.775,2,"",NaN,,,NaN,,
2024-12-08T19:38:21.000Z,10.740,2,"",M,59.100,2,"",M,6.000,2,"",N,7.765,2,"",M,29.941,2,"",M,8.460,2,"",M,1031.640,2,"",M,407.397,2,"",M,NaN,,,0,NaN,,,M,398.525,2,"",396.930,2,"",NaN,,,NaN,,
2024-12-08T19:40:12.000Z,10.740,2,"",M,59.100,2,"",M,6.000,2,"",N,7.757,2,"",M,29.860,2,"",M,8.490,2,"",M,1031.730,2,"",M,408.217,2,"",M,NaN,,,0,NaN,,,M,398.707,2,"",397.112,2,"",NaN,,,NaN,,
2024-12-08T19:42:04.000Z,10.740,2,"",M,59.100,2,"",M,6.000,2,"",N,7.766,2,"",M,29.924,2,"",M,8.480,2,"",M,1031.840,2,"",M,409.347,2,"",M,NaN,,,0,NaN,,,M,400.179,2,"",398.579,2,"",NaN,,,NaN,,
2024-12-08T19:43:55.000Z,10.740,2,"",M,59.100,2,"",M,6.000,2,"",N,7.767,2,"",M,29.878,2,"",M,8.490,2,"",M,1031.820,2,"",M,409.227,2,"",M,NaN,,,0,NaN,,,M,399.912,2,"",398.312,2,"",NaN,,,NaN,,
2024-12-08T19:45:46.000Z,10.740,2,"",M,59.100,2,"",M,6.000,2,"",N,7.796,2,"",M,29.863,2,"",M,8.480,2,"",M,1031.725,2,"",M,409.316,2,"",M,NaN,,,0,NaN,,,M,400.625,2,"",399.022,2,"",NaN,,,NaN,,
2024-12-08T19:47:38.000Z,10.740,2,"",M,59.100,2,"",M,6.000,2,"",N,7.723,2,"",M,29.892,2,"",M,8.460,2,"",M,1031.690,2,"",M,409.056,2,"",M,NaN,,,0,NaN,,,M,399.464,2,"",397.866,2,"",NaN,,,NaN,,
2024-12-08T19:49:29.000Z,10.740,2,"",M,59.100,2,"",M,6.000,2,"",N,7.803,2,"",M,29.771,2,"",M,8.480,2,"",M,1031.900,2,"",M,408.995,2,"",M,NaN,,,0,NaN,,,M,400.499,2,"",398.897,2,"",NaN,,,NaN,,
2024-12-08T19:51:20.000Z,10.740,2,"",M,59.100,2,"",M,6.000,2,"",N,7.837,2,"",M,29.984,2,"",M,8.460,2,"",M,1032.010,2,"",M,408.705,2,"",M,NaN,,,0,NaN,,,M,401.174,2,"",399.569,2,"",NaN,,,NaN,,
2024-12-08T19:53:12.000Z,10.740,2,"",M,59.100,2,"",M,6.000,2,"",N,7.839,2,"",M,29.999,2,"",M,8.520,2,"",M,1031.960,2,"",M,408.684,2,"",M,NaN,,,0,NaN,,,M,400.138,2,"",398.538,2,"",NaN,,,NaN,,
2024-12-08T19:55:03.000Z,10.740,2,"",M,59.100,2,"",M,6.000,2,"",N,7.826,2,"",M,30.022,2,"",M,8.520,2,"",M,1031.960,2,"",M,409.324,2,"",M,NaN,,,0,NaN,,,M,400.545,2,"",398.944,2,"",NaN,,,NaN,,
2024-12-08T19:57:16.000Z,10.740,2,"",M,59.100,2,"",M,6.000,2,"",N,7.680,2,"",M,29.904,2,"",M,8.520,2,"",M,1031.900,2,"",M,409.333,2,"",M,NaN,,,0,NaN,,,M,398.061,2,"",396.470,2,"",NaN,,,NaN,,
2024-12-08T19:59:07.000Z,10.739,2,"",M,59.100,2,"",M,6.000,2,"",N,7.542,2,"",M,29.575,2,"",M,8.480,2,"",M,1032.090,2,"",M,409.193,2,"",M,NaN,,,0,NaN,,,M,396.351,2,"",394.765,2,"",NaN,,,NaN,,
2024-12-08T20:00:58.000Z,10.739,2,"",M,59.100,2,"",M,6.000,2,"",N,7.531,2,"",M,29.391,2,"",M,8.340,2,"",M,1032.090,2,"",M,408.562,2,"",M,NaN,,,0,NaN,,,M,397.948,2,"",396.353,2,"",NaN,,,NaN,,
2024-12-08T20:02:50.000Z,10.739,2,"",M,59.099,2,"",M,6.000,2,"",N,7.572,2,"",M,29.431,2,"",M,8.280,2,"",M,1032.030,2,"",M,406.670,2,"",M,NaN,,,0,NaN,,,M,397.808,2,"",396.212,2,"",NaN,,,NaN,,
2024-12-08T20:04:41.000Z,10.738,2,"",M,59.099,2,"",M,6.000,2,"",N,7.561,2,"",M,29.490,2,"",M,8.260,2,"",M,1031.980,2,"",M,405.159,2,"",M,NaN,,,0,NaN,,,M,396.458,2,"",394.867,2,"",NaN,,,NaN,,
2024-12-08T20:06:32.000Z,10.738,2,"",M,59.099,2,"",M,6.000,2,"",N,7.647,2,"",M,29.459,2,"",M,8.340,2,"",M,1032.040,2,"",M,404.298,2,"",M,NaN,,,0,NaN,,,M,395.710,2,"",394.124,2,"",NaN,,,NaN,,
2024-12-08T20:08:24.000Z,10.737,2,"",M,59.099,2,"",M,6.000,2,"",N,7.529,2,"",M,29.359,2,"",M,8.320,2,"",M,1032.210,2,"",M,404.908,2,"",M,NaN,,,0,NaN,,,M,394.744,2,"",393.162,2,"",NaN,,,NaN,,
2024-12-08T20:10:17.000Z,10.737,2,"",M,59.099,2,"",M,6.000,2,"",N,7.527,2,"",M,29.356,2,"",M,8.250,2,"",M,1032.190,2,"",M,404.917,2,"",M,NaN,,,0,NaN,,,M,395.907,2,"",394.318,2,"",NaN,,,NaN,,
2024-12-08T20:12:08.000Z,10.736,2,"",M,59.099,2,"",M,6.000,2,"",N,7.506,2,"",M,29.316,2,"",M,8.300,2,"",M,1032.080,2,"",M,404.626,2,"",M,NaN,,,0,NaN,,,M,394.373,2,"",392.791,2,"",NaN,,,NaN,,
2024-12-08T20:13:59.000Z,10.736,2,"",M,59.099,2,"",M,6.000,2,"",N,7.508,2,"",M,29.299,2,"",M,8.210,2,"",M,1032.075,2,"",M,403.875,2,"",M,NaN,,,0,NaN,,,M,395.202,2,"",393.616,2,"",NaN,,,NaN,,
2024-12-08T20:15:51.000Z,10.736,2,"",M,59.098,2,"",M,6.000,2,"",N,7.538,2,"",M,29.296,2,"",M,8.230,2,"",M,1032.230,2,"",M,403.425,2,"",M,NaN,,,0,NaN,,,M,394.987,2,"",393.401,2,"",NaN,,,NaN,,
2024-12-08T20:17:42.000Z,10.735,2,"",M,59.098,2,"",M,6.000,2,"",N,7.571,2,"",M,29.383,2,"",M,8.250,2,"",M,1032.120,2,"",M,403.534,2,"",M,NaN,,,0,NaN,,,M,395.252,2,"",393.666,2,"",NaN,,,NaN,,
2024-12-08T20:19:33.000Z,10.735,2,"",M,59.098,2,"",M,6.000,2,"",N,7.575,2,"",M,29.442,2,"",M,8.280,2,"",M,1032.070,2,"",M,403.264,2,"",M,NaN,,,0,NaN,,,M,394.530,2,"",392.947,2,"",NaN,,,NaN,,
2024-12-08T20:21:25.000Z,10.735,2,"",M,59.098,2,"",M,6.000,2,"",N,7.612,2,"",M,29.487,2,"",M,8.270,2,"",M,1032.040,2,"",M,403.854,2,"",M,NaN,,,0,NaN,,,M,395.889,2,"",394.300,2,"",NaN,,,NaN,,
2024-12-08T20:23:16.000Z,10.734,2,"",M,59.098,2,"",M,6.000,2,"",N,7.551,2,"",M,29.465,2,"",M,8.310,2,"",M,1032.050,2,"",M,404.484,2,"",M,NaN,,,0,NaN,,,M,394.814,2,"",393.231,2,"",NaN,,,NaN,,
2024-12-08T20:25:07.000Z,10.734,2,"",M,59.098,2,"",M,6.000,2,"",N,7.641,2,"",M,29.573,2,"",M,8.280,2,"",M,1032.260,2,"",M,404.703,2,"",M,NaN,,,0,NaN,,,M,397.126,2,"",395.532,2,"",NaN,,,NaN,,
2024-12-08T20:26:59.000Z,10.733,2,"",M,59.097,2,"",M,6.000,2,"",N,7.502,2,"",M,29.511,2,"",M,8.300,2,"",M,1032.290,2,"",M,404.903,2,"",M,NaN,,,0,NaN,,,M,394.665,2,"",393.082,2,"",NaN,,,NaN,,
2024-12-08T20:28:50.000Z,10.733,2,"",M,59.097,2,"",M,6.000,2,"",N,7.701,2,"",M,29.258,2,"",M,8.310,2,"",M,1032.270,2,"",M,404.772,2,"",M,NaN,,,0,NaN,,,M,397.687,2,"",396.092,2,"",NaN,,,NaN,,
2024-12-08T20:30:41.000Z,10.733,2,"",M,59.097,2,"",M,6.000,2,"",N,7.647,2,"",M,29.662,2,"",M,8.230,2,"",M,1032.200,2,"",M,404.572,2,"",M,NaN,,,0,NaN,,,M,397.928,2,"",396.331,2,"",NaN,,,NaN,,
2024-12-08T20:32:33.000Z,10.733,2,"",M,59.097,2,"",M,6.000,2,"",N,7.720,2,"",M,29.770,2,"",M,8.390,2,"",M,1032.320,2,"",M,404.211,2,"",M,NaN,,,0,NaN,,,M,396.120,2,"",394.533,2,"",NaN,,,NaN,,
2024-12-08T20:34:24.000Z,10.733,2,"",M,59.097,2,"",M,6.000,2,"",N,7.722,2,"",M,29.848,2,"",M,8.450,2,"",M,1032.390,2,"",M,405.792,2,"",M,NaN,,,0,NaN,,,M,396.689,2,"",395.101,2,"",NaN,,,NaN,,
2024-12-08T20:36:15.000Z,10.733,2,"",M,59.097,2,"",M,6.000,2,"",N,7.478,2,"",M,29.837,2,"",M,8.470,2,"",M,1032.330,2,"",M,407.322,2,"",M,NaN,,,0,NaN,,,M,393.740,2,"",392.164,2,"",NaN,,,NaN,,
2024-12-08T20:38:07.000Z,10.733,2,"",M,59.097,2,"",M,6.000,2,"",N,7.534,2,"",M,29.183,2,"",M,8.420,2,"",M,1032.305,2,"",M,407.782,2,"",M,NaN,,,0,NaN,,,M,395.954,2,"",394.368,2,"",NaN,,,NaN,,
2024-12-08T20:39:58.000Z,10.733,2,"",M,59.097,2,"",M,6.000,2,"",N,7.727,2,"",M,29.760,2,"",M,8.200,2,"",M,1032.310,2,"",M,407.221,2,"",M,NaN,,,0,NaN,,,M,402.450,2,"",400.834,2,"",NaN,,,NaN,,
2024-12-08T20:41:49.000Z,10.733,2,"",M,59.097,2,"",M,6.000,2,"",N,7.742,2,"",M,29.853,2,"",M,8.410,2,"",M,1032.540,2,"",M,404.769,2,"",M,NaN,,,0,NaN,,,M,396.769,2,"",395.179,2,"",NaN,,,NaN,,
2024-12-08T20:43:41.000Z,10.733,2,"",M,59.097,2,"",M,6.000,2,"",N,7.734,2,"",M,29.811,2,"",M,8.470,2,"",M,1032.600,2,"",M,406.240,2,"",M,NaN,,,0,NaN,,,M,397.075,2,"",395.485,2,"",NaN,,,NaN,,
2024-12-08T20:45:32.000Z,10.733,2,"",M,59.097,2,"",M,6.000,2,"",N,7.653,2,"",M,29.663,2,"",M,8.520,2,"",M,1032.540,2,"",M,407.880,2,"",M,NaN,,,0,NaN,,,M,396.442,2,"",394.856,2,"",NaN,,,NaN,,
2024-12-08T20:47:24.000Z,10.732,2,"",M,59.097,2,"",M,6.000,2,"",N,7.715,2,"",M,29.764,2,"",M,8.400,2,"",M,1032.530,2,"",M,408.930,2,"",M,NaN,,,0,NaN,,,M,400.558,2,"",398.953,2,"",NaN,,,NaN,,
2024-12-08T20:49:15.000Z,10.732,2,"",M,59.097,2,"",M,6.000,2,"",N,7.772,2,"",M,29.749,2,"",M,8.430,2,"",M,1032.510,2,"",M,408.170,2,"",M,NaN,,,0,NaN,,,M,400.256,2,"",398.653,2,"",NaN,,,NaN,,
2024-12-08T20:51:08.000Z,10.732,2,"",M,59.097,2,"",M,6.000,2,"",N,7.764,2,"",M,29.784,2,"",M,8.480,2,"",M,1032.660,2,"",M,407.829,2,"",M,NaN,,,0,NaN,,,M,398.986,2,"",397.389,2,"",NaN,,,NaN,,
2024-12-08T20:52:59.000Z,10.732,2,"",M,59.097,2,"",M,6.000,2,"",N,7.720,2,"",M,29.708,2,"",M,8.500,2,"",M,1032.600,2,"",M,408.729,2,"",M,NaN,,,0,NaN,,,M,398.766,2,"",397.170,2,"",NaN,,,NaN,,
2024-12-08T20:54:50.000Z,10.731,2,"",M,59.097,2,"",M,6.000,2,"",N,7.691,2,"",M,29.785,2,"",M,8.480,2,"",M,1032.660,2,"",M,409.239,2,"",M,NaN,,,0,NaN,,,M,399.128,2,"",397.531,2,"",NaN,,,NaN,,
2024-12-08T20:56:42.000Z,10.731,2,"",M,59.097,2,"",M,6.000,2,"",N,7.756,2,"",M,29.469,2,"",M,8.480,2,"",M,1032.490,2,"",M,409.338,2,"",M,NaN,,,0,NaN,,,M,400.268,2,"",398.666,2,"",NaN,,,NaN,,
2024-12-08T20:58:54.000Z,10.731,2,"",M,59.097,2,"",M,6.000,2,"",N,7.643,2,"",M,29.533,2,"",M,8.450,2,"",M,1032.650,2,"",M,409.098,2,"",M,NaN,,,0,NaN,,,M,398.698,2,"",397.101,2,"",NaN,,,NaN,,
2024-12-08T21:00:45.000Z,10.731,2,"",M,59.097,2,"",M,6.000,2,"",N,7.650,2,"",M,29.725,2,"",M,8.440,2,"",M,1032.700,2,"",M,408.767,2,"",M,NaN,,,0,NaN,,,M,398.690,2,"",397.093,2,"",NaN,,,NaN,,
2024-12-08T21:02:36.000Z,10.731,2,"",M,59.097,2,"",M,6.000,2,"",N,7.642,2,"",M,29.777,2,"",M,8.440,2,"",M,1032.670,2,"",M,408.586,2,"",M,NaN,,,0,NaN,,,M,398.352,2,"",396.757,2,"",NaN,,,NaN,,
2024-12-08T21:04:28.000Z,10.731,2,"",M,59.097,2,"",M,6.000,2,"",N,7.621,2,"",M,29.630,2,"",M,8.400,2,"",M,1032.520,2,"",M,408.466,2,"",M,NaN,,,0,NaN,,,M,398.523,2,"",396.926,2,"",NaN,,,NaN,,
2024-12-08T21:06:19.000Z,10.731,2,"",M,59.097,2,"",M,6.000,2,"",N,7.671,2,"",M,29.762,2,"",M,8.320,2,"",M,1032.580,2,"",M,407.785,2,"",M,NaN,,,0,NaN,,,M,400.091,2,"",398.486,2,"",NaN,,,NaN,,
2024-12-08T21:08:10.000Z,10.731,2,"",M,59.097,2,"",M,6.000,2,"",N,7.619,2,"",M,29.802,2,"",M,8.420,2,"",M,1032.790,2,"",M,406.974,2,"",M,NaN,,,0,NaN,,,M,396.794,2,"",395.204,2,"",NaN,,,NaN,,
2024-12-08T21:10:02.000Z,10.731,2,"",M,59.097,2,"",M,6.000,2,"",N,7.576,2,"",M,29.653,2,"",M,8.400,2,"",M,1032.830,2,"",M,407.004,2,"",M,NaN,,,0,NaN,,,M,396.461,2,"",394.872,2,"",NaN,,,NaN,,
2024-12-08T21:11:53.000Z,10.731,2,"",M,59.097,2,"",M,6.000,2,"",N,7.591,2,"",M,29.655,2,"",M,8.350,2,"",M,1032.750,2,"",M,407.163,2,"",M,NaN,,,0,NaN,,,M,397.690,2,"",396.095,2,"",NaN,,,NaN,,
2024-12-08T21:13:44.000Z,10.731,2,"",M,59.097,2,"",M,6.000,2,"",N,7.611,2,"",M,29.704,2,"",M,8.350,2,"",M,1032.683,2,"",M,406.793,2,"",M,NaN,,,0,NaN,,,M,397.631,2,"",396.036,2,"",NaN,,,NaN,,
2024-12-08T21:15:36.000Z,10.731,2,"",M,59.097,2,"",M,6.000,2,"",N,7.628,2,"",M,29.689,2,"",M,8.350,2,"",M,1032.667,2,"",M,406.252,2,"",M,NaN,,,0,NaN,,,M,397.378,2,"",395.785,2,"",NaN,,,NaN,,
2024-12-08T21:17:27.000Z,10.733,2,"",M,59.096,2,"",M,6.000,2,"",N,7.508,2,"",I,29.028,2,"",M,8.156,2,"",I,1032.810,2,"",M,406.161,2,"",M,NaN,,,0,NaN,,,M,398.653,2,"",397.050,2,"",NaN,,,NaN,,
2024-12-08T21:19:19.000Z,10.738,2,"",M,59.095,2,"",M,6.000,2,"",N,7.387,2,"",M,28.839,2,"",M,7.960,2,"",M,1032.840,2,"",M,405.901,2,"",M,NaN,,,0,NaN,,,M,399.733,2,"",398.122,2,"",NaN,,,NaN,,
2024-12-08T21:21:10.000Z,10.742,2,"",M,59.094,2,"",M,6.000,2,"",N,7.306,2,"",M,29.101,2,"",M,7.990,2,"",M,1032.870,2,"",M,402.419,2,"",M,NaN,,,0,NaN,,,M,394.448,2,"",392.858,2,"",NaN,,,NaN,,
2024-12-08T21:23:01.000Z,10.742,2,"",M,59.093,2,"",M,6.000,2,"",N,7.260,2,"",M,28.959,2,"",M,8.120,2,"",M,1032.720,2,"",M,400.017,2,"",M,NaN,,,0,NaN,,,M,389.092,2,"",387.527,2,"",NaN,,,NaN,,
2024-12-08T21:24:53.000Z,10.742,2,"",M,59.093,2,"",M,6.000,2,"",N,7.548,2,"",M,29.353,2,"",M,7.890,2,"",M,1032.940,2,"",M,400.387,2,"",M,NaN,,,0,NaN,,,M,398.220,2,"",396.613,2,"",NaN,,,NaN,,
2024-12-08T21:26:44.000Z,10.742,2,"",M,59.093,2,"",M,6.000,2,"",N,7.564,2,"",M,29.571,2,"",M,8.190,2,"",M,1033.080,2,"",M,399.386,2,"",M,NaN,,,0,NaN,,,M,392.454,2,"",390.876,2,"",NaN,,,NaN,,
2024-12-08T21:28:35.000Z,10.742,2,"",M,59.093,2,"",M,6.000,2,"",N,7.532,2,"",M,29.729,2,"",M,8.300,2,"",M,1033.060,2,"",M,401.096,2,"",M,NaN,,,0,NaN,,,M,391.745,2,"",390.172,2,"",NaN,,,NaN,,
2024-12-08T21:30:27.000Z,10.742,2,"",M,59.093,2,"",M,6.000,2,"",N,7.560,2,"",M,29.552,2,"",M,8.370,2,"",M,1032.930,2,"",M,403.077,2,"",M,NaN,,,0,NaN,,,M,392.916,2,"",391.340,2,"",NaN,,,NaN,,
2024-12-08T21:32:18.000Z,10.742,2,"",M,59.093,2,"",M,6.000,2,"",N,7.584,2,"",M,29.693,2,"",M,8.280,2,"",M,1032.940,2,"",M,404.177,2,"",M,NaN,,,0,NaN,,,M,395.916,2,"",394.326,2,"",NaN,,,NaN,,
2024-12-08T21:36:47.000Z,10.742,2,"",M,59.093,2,"",M,6.000,2,"",N,NaN,,,M,NaN,,,M,NaN,,,M,NaN,,,M,NaN,,,0,NaN,,,0,NaN,,,M,NaN,,,NaN,,,NaN,,,NaN,,
2024-12-08T21:38:37.000Z,10.742,2,"",M,59.093,2,"",M,6.000,2,"",N,NaN,,,M,NaN,,,M,NaN,,,M,NaN,,,M,NaN,,,0,NaN,,,0,NaN,,,M,NaN,,,NaN,,,NaN,,,NaN,,
2024-12-08T21:40:27.000Z,10.742,2,"",M,59.093,2,"",M,6.000,2,"",N,NaN,,,M,NaN,,,M,NaN,,,M,NaN,,,M,NaN,,,0,NaN,,,0,NaN,,,M,NaN,,,NaN,,,NaN,,,NaN,,
2024-12-08T21:44:56.000Z,10.742,2,"",M,59.093,2,"",M,6.000,2,"",N,NaN,,,M,NaN,,,M,NaN,,,M,NaN,,,M,NaN,,,0,NaN,,,0,NaN,,,M,NaN,,,NaN,,,NaN,,,NaN,,
2024-12-08T21:46:45.000Z,10.742,2,"",M,59.093,2,"",M,6.000,2,"",N,NaN,,,M,NaN,,,M,NaN,,,M,NaN,,,M,NaN,,,0,NaN,,,0,NaN,,,M,NaN,,,NaN,,,NaN,,,NaN,,
2024-12-08T21:48:34.000Z,10.742,2,"",M,59.093,2,"",M,6.000,2,"",N,NaN,,,M,NaN,,,M,NaN,,,M,NaN,,,M,NaN,,,0,NaN,,,0,NaN,,,M,NaN,,,NaN,,,NaN,,,NaN,,
2024-12-08T21:53:03.000Z,10.742,2,"",M,59.093,2,"",M,6.000,2,"",N,NaN,,,M,NaN,,,M,NaN,,,M,NaN,,,M,NaN,,,0,NaN,,,0,NaN,,,M,NaN,,,NaN,,,NaN,,,NaN,,
2024-12-08T21:54:52.000Z,10.741,2,"",M,59.093,2,"",M,6.000,2,"",N,NaN,,,M,NaN,,,M,NaN,,,M,NaN,,,M,NaN,,,0,NaN,,,0,NaN,,,M,NaN,,,NaN,,,NaN,,,NaN,,
2024-12-08T21:56:41.000Z,10.741,2,"",M,59.093,2,"",M,6.000,2,"",N,NaN,,,M,NaN,,,M,NaN,,,M,NaN,,,M,NaN,,,0,NaN,,,0,NaN,,,M,NaN,,,NaN,,,NaN,,,NaN,,
2024-12-08T22:01:31.000Z,10.741,2,"",M,59.093,2,"",M,6.000,2,"",N,7.375,2,"",M,29.119,2,"",M,NaN,,,M,NaN,,,M,NaN,,,0,438.177,2,"",M,1034.000,2,"",M,NaN,,,NaN,,,443.868,2,"",442.058,2,""
2024-12-08T22:03:20.000Z,10.740,2,"",M,59.093,2,"",M,6.000,2,"",N,7.392,2,"",M,29.129,2,"",M,NaN,,,M,NaN,,,M,NaN,,,0,438.880,2,"",M,1034.000,2,"",M,NaN,,,NaN,,,444.575,2,"",442.763,2,""
2024-12-08T22:05:09.000Z,10.740,2,"",M,59.093,2,"",M,6.000,2,"",N,7.375,2,"",M,29.094,2,"",M,NaN,,,M,NaN,,,M,NaN,,,0,440.063,2,"",M,1034.100,2,"",M,NaN,,,NaN,,,445.822,2,"",444.004,2,""
2024-12-08T22:06:58.000Z,10.740,2,"",M,59.093,2,"",M,6.000,2,"",N,7.508,2,"",M,29.116,2,"",M,NaN,,,M,NaN,,,M,NaN,,,0,441.236,2,"",M,1034.100,2,"",M,NaN,,,NaN,,,446.970,2,"",445.150,2,""
2024-12-08T22:08:47.000Z,10.740,2,"",M,59.093,2,"",M,6.000,2,"",N,7.690,2,"",M,29.277,2,"",M,NaN,,,M,NaN,,,M,NaN,,,0,437.916,2,"",M,1034.100,2,"",M,NaN,,,NaN,,,443.552,2,"",441.751,2,""
2024-12-08T22:13:57.000Z,10.740,2,"",M,59.093,2,"",M,6.000,2,"",N,7.779,2,"",M,29.674,2,"",M,8.590,2,"",M,1033.530,2,"",M,407.055,2,"",M,NaN,,,0,NaN,,,M,396.938,2,"",395.350,2,"",NaN,,,NaN,,
2024-12-08T22:15:49.000Z,10.740,2,"",M,59.093,2,"",M,6.000,2,"",N,7.776,2,"",M,29.645,2,"",M,8.600,2,"",M,1033.590,2,"",M,408.028,2,"",M,NaN,,,0,NaN,,,M,397.690,2,"",396.099,2,"",NaN,,,NaN,,
2024-12-08T22:17:40.000Z,10.740,2,"",M,59.093,2,"",M,6.000,2,"",N,7.752,2,"",M,29.644,2,"",M,8.620,2,"",M,1033.630,2,"",M,409.321,2,"",M,NaN,,,0,NaN,,,M,398.224,2,"",396.632,2,"",NaN,,,NaN,,
2024-12-08T22:19:32.000Z,10.740,2,"",M,59.093,2,"",M,6.000,2,"",N,7.713,2,"",M,29.745,2,"",M,8.650,2,"",M,1033.650,2,"",M,410.163,2,"",M,NaN,,,0,NaN,,,M,397.867,2,"",396.276,2,"",NaN,,,NaN,,
2024-12-08T22:21:23.000Z,10.740,2,"",M,59.093,2,"",M,6.000,2,"",N,7.697,2,"",M,29.712,2,"",M,8.620,2,"",M,1033.647,2,"",M,410.896,2,"",M,NaN,,,0,NaN,,,M,398.831,2,"",397.236,2,"",NaN,,,NaN,,
2024-12-08T22:23:15.000Z,10.740,2,"",M,59.093,2,"",M,6.000,2,"",N,7.747,2,"",M,29.670,2,"",M,8.580,2,"",M,1033.603,2,"",M,411.108,2,"",M,NaN,,,0,NaN,,,M,400.545,2,"",398.942,2,"",NaN,,,NaN,,
2024-12-08T22:25:06.000Z,10.739,2,"",M,59.093,2,"",M,6.000,2,"",N,7.287,3,"ΔT out of range",M,29.581,2,"",M,8.530,3,"ΔT out of range",M,1033.570,2,"",M,411.020,2,"",M,NaN,,,0,NaN,,,M,393.589,4,"Equilibrator Temperature Standard deviation is too large (3);ΔT out of range (65);Too low water flow;Water Temperature Standard deviation is too large;ΔT out of range (65);Too low water flow",392.013,4,"Equilibrator Temperature Standard deviation is too large (3);ΔT out of range (65);Too low water flow;Water Temperature Standard deviation is too large;ΔT out of range (65);Too low water flow",NaN,,,NaN,,
2024-12-08T22:26:58.000Z,10.739,2,"",M,59.093,2,"",M,6.000,2,"",N,7.270,3,"ΔT out of range",M,28.950,2,"",M,8.510,3,"ΔT out of range",M,1033.730,2,"",M,410.272,2,"",M,NaN,,,0,NaN,,,M,392.988,4,"Equilibrator Temperature Standard deviation is too large (3);ΔT out of range (65);Too low water flow;Water Temperature Standard deviation is too large;ΔT out of range (65);Too low water flow",391.414,4,"Equilibrator Temperature Standard deviation is too large (3);ΔT out of range (65);Too low water flow;Water Temperature Standard deviation is too large;ΔT out of range (65);Too low water flow",NaN,,,NaN,,
2024-12-08T22:28:50.000Z,10.735,2,"",M,59.092,2,"",M,6.000,2,"",N,7.447,4,"Standard deviation is too large;ΔT out of range (65);Too low water flow",M,28.964,2,"",M,8.200,4,"Standard deviation is too large (3);ΔT out of range (65);Too low water flow",M,1033.690,2,"",M,409.954,2,"",M,NaN,,,0,NaN,,,M,400.923,4,"Equilibrator Temperature Standard deviation is too large (3);ΔT out of range (65);Too low water flow;Water Temperature Standard deviation is too large;ΔT out of range (65);Too low water flow",399.310,4,"Equilibrator Temperature Standard deviation is too large (3);ΔT out of range (65);Too low water flow;Water Temperature Standard deviation is too large;ΔT out of range (65);Too low water flow",NaN,,,NaN,,
2024-12-08T22:30:41.000Z,10.730,2,"",M,59.092,2,"",M,6.000,2,"",N,7.137,3,"ΔT out of range",M,29.185,2,"",M,8.190,3,"ΔT out of range",M,1033.570,2,"",M,407.785,2,"",M,NaN,,,0,NaN,,,M,393.731,4,"Equilibrator Temperature Standard deviation is too large (3);ΔT out of range (65);Too low water flow;Water Temperature Standard deviation is too large;ΔT out of range (65);Too low water flow",392.147,4,"Equilibrator Temperature Standard deviation is too large (3);ΔT out of range (65);Too low water flow;Water Temperature Standard deviation is too large;ΔT out of range (65);Too low water flow",NaN,,,NaN,,
2024-12-08T22:32:33.000Z,10.729,2,"",M,59.093,2,"",M,6.000,2,"",N,7.699,4,"Standard deviation is too large;ΔT out of range (65);Too low water flow",M,28.747,2,"",M,8.260,4,"Standard deviation is too large (3);ΔT out of range (65);Too low water flow",M,1033.520,2,"",M,406.596,2,"",M,NaN,,,0,NaN,,,M,400.794,4,"Equilibrator Temperature Standard deviation is too large (3);ΔT out of range (65);Too low water flow;Water Temperature Standard deviation is too large;ΔT out of range (65);Too low water flow",399.183,4,"Equilibrator Temperature Standard deviation is too large (3);ΔT out of range (65);Too low water flow;Water Temperature Standard deviation is too large;ΔT out of range (65);Too low water flow",NaN,,,NaN,,
2024-12-08T22:34:24.000Z,10.729,2,"",M,59.093,2,"",M,6.000,2,"",N,7.033,3,"ΔT out of range",M,29.643,2,"",M,8.060,3,"ΔT out of range",M,1033.590,2,"",M,405.257,2,"",M,NaN,,,0,NaN,,,M,391.771,4,"Equilibrator Temperature Standard deviation is too large (3);ΔT out of range (65);Too low water flow;Water Temperature Standard deviation is too large;ΔT out of range (65);Too low water flow",390.193,4,"Equilibrator Temperature Standard deviation is too large (3);ΔT out of range (65);Too low water flow;Water Temperature Standard deviation is too large;ΔT out of range (65);Too low water flow",NaN,,,NaN,,
2024-12-08T22:36:16.000Z,10.729,2,"",M,59.093,2,"",M,6.000,2,"",N,6.987,3,"ΔT out of range",M,28.632,2,"",M,8.390,3,"ΔT out of range",M,1033.780,2,"",M,404.579,2,"",M,NaN,,,0,NaN,,,M,384.910,4,"Equilibrator Temperature Standard deviation is too large (3);ΔT out of range (65);Too low water flow;Water Temperature Standard deviation is too large;ΔT out of range (65);Too low water flow",383.366,4,"Equilibrator Temperature Standard deviation is too large (3);ΔT out of range (65);Too low water flow;Water Temperature Standard deviation is too large;ΔT out of range (65);Too low water flow",NaN,,,NaN,,
2024-12-08T22:38:07.000Z,10.729,2,"",M,59.093,2,"",M,6.000,2,"",N,6.997,4,"Standard deviation is too large;ΔT out of range (65);Too low water flow",M,28.839,2,"",M,7.990,4,"Standard deviation is too large (3);ΔT out of range (65);Too low water flow",M,1033.730,2,"",M,404.651,2,"",M,NaN,,,0,NaN,,,M,391.812,4,"Equilibrator Temperature Standard deviation is too large (3);ΔT out of range (65);Too low water flow;Water Temperature Standard deviation is too large;ΔT out of range (65);Too low water flow",390.232,4,"Equilibrator Temperature Standard deviation is too large (3);ΔT out of range (65);Too low water flow;Water Temperature Standard deviation is too large;ΔT out of range (65);Too low water flow",NaN,,,NaN,,
2024-12-08T22:39:58.000Z,10.729,2,"",M,59.093,2,"",M,6.000,2,"",N,7.301,4,"Standard deviation is too large;ΔT out of range (65);Too low water flow",M,28.851,2,"",M,8.010,4,"Standard deviation is too large (3);ΔT out of range (65);Too low water flow",M,1033.700,2,"",M,403.352,2,"",M,NaN,,,0,NaN,,,M,395.264,4,"Equilibrator Temperature Standard deviation is too large (3);ΔT out of range (65);Too low water flow;Water Temperature Standard deviation is too large;ΔT out of range (65);Too low water flow",393.671,4,"Equilibrator Temperature Standard deviation is too large (3);ΔT out of range (65);Too low water flow;Water Temperature Standard deviation is too large;ΔT out of range (65);Too low water flow",NaN,,,NaN,,
2024-12-08T22:41:50.000Z,10.729,2,"",M,59.093,2,"",M,6.000,2,"",N,7.248,4,"Standard deviation is too large;ΔT out of range (65);Too low water flow",M,28.950,2,"",M,8.010,4,"Standard deviation is too large (3);ΔT out of range (65);Too low water flow",M,1033.750,2,"",M,402.303,2,"",M,NaN,,,0,NaN,,,M,393.358,4,"Equilibrator Temperature Standard deviation is too large (3);ΔT out of range (65);Too low water flow;Water Temperature Standard deviation is too large;ΔT out of range (65);Too low water flow",391.772,4,"Equilibrator Temperature Standard deviation is too large (3);ΔT out of range (65);Too low water flow;Water Temperature Standard deviation is too large;ΔT out of range (65);Too low water flow",NaN,,,NaN,,
2024-12-08T22:43:41.000Z,10.729,2,"",M,59.093,2,"",M,6.000,2,"",N,7.503,4,"Standard deviation is too large;ΔT out of range (65);Too low water flow",M,29.083,2,"",M,8.090,4,"Standard deviation is too large (3);ΔT out of range (65);Too low water flow",M,1033.920,2,"",M,401.785,2,"",M,NaN,,,0,NaN,,,M,395.817,4,"Equilibrator Temperature Standard deviation is too large (3);ΔT out of range (65);Too low water flow;Water Temperature Standard deviation is too large;ΔT out of range (65);Too low water flow",394.222,4,"Equilibrator Temperature Standard deviation is too large (3);ΔT out of range (65);Too low water flow;Water Temperature Standard deviation is too large;ΔT out of range (65);Too low water flow",NaN,,,NaN,,
2024-12-08T22:45:32.000Z,10.729,2,"",M,59.093,2,"",M,6.000,2,"",N,7.353,4,"Standard deviation is too large;ΔT out of range (65);Too low water flow",M,29.155,2,"",M,8.110,4,"Standard deviation is too large (3);ΔT out of range (65);Too low water flow",M,1034.030,2,"",M,401.837,2,"",M,NaN,,,0,NaN,,,M,393.072,4,"Equilibrator Temperature Standard deviation is too large (3);ΔT out of range (65);Too low water flow;Water Temperature Standard deviation is too large;ΔT out of range (65);Too low water flow",391.489,4,"Equilibrator Temperature Standard deviation is too large (3);ΔT out of range (65);Too low water flow;Water Temperature Standard deviation is too large;ΔT out of range (65);Too low water flow",NaN,,,NaN,,
2024-12-08T22:47:24.000Z,10.729,2,"",M,59.093,2,"",M,6.000,2,"",N,7.095,3,"ΔT out of range",M,28.891,2,"",M,8.270,3,"ΔT out of range",M,1033.950,2,"",M,401.749,2,"",M,NaN,,,0,NaN,,,M,386.020,4,"Equilibrator Temperature Standard deviation is too large (3);ΔT out of range (65);Too low water flow;Water Temperature Standard deviation is too large;ΔT out of range (65);Too low water flow",384.468,4,"Equilibrator Temperature Standard deviation is too large (3);ΔT out of range (65);Too low water flow;Water Temperature Standard deviation is too large;ΔT out of range (65);Too low water flow",NaN,,,NaN,,
2024-12-08T22:49:15.000Z,10.729,2,"",M,59.093,2,"",M,6.000,2,"",N,7.074,3,"ΔT out of range",M,28.659,2,"",M,8.160,3,"ΔT out of range",M,1033.860,2,"",M,402.611,2,"",M,NaN,,,0,NaN,,,M,388.315,4,"Equilibrator Temperature Standard deviation is too large (3);ΔT out of range (65);Too low water flow;Water Temperature Standard deviation is too large;ΔT out of range (65);Too low water flow",386.752,4,"Equilibrator Temperature Standard deviation is too large (3);ΔT out of range (65);Too low water flow;Water Temperature Standard deviation is too large;ΔT out of range (65);Too low water flow",NaN,,,NaN,,
2024-12-08T22:51:06.000Z,10.729,2,"",M,59.093,2,"",M,6.000,2,"",N,7.247,4,"Standard deviation is too large;ΔT out of range (65);Too low water flow",M,28.782,2,"",M,7.990,4,"Standard deviation is too large (3);ΔT out of range (65);Too low water flow",M,1033.810,2,"",M,402.704,2,"",M,NaN,,,0,NaN,,,M,394.100,4,"Equilibrator Temperature Standard deviation is too large (3);ΔT out of range (65);Too low water flow;Water Temperature Standard deviation is too large;ΔT out of range (65);Too low water flow",392.511,4,"Equilibrator Temperature Standard deviation is too large (3);ΔT out of range (65);Too low water flow;Water Temperature Standard deviation is too large;ΔT out of range (65);Too low water flow",NaN,,,NaN,,
2024-12-08T22:52:58.000Z,10.729,2,"",M,59.093,2,"",M,6.000,2,"",N,7.389,4,"Standard deviation is too large;ΔT out of range (65);Too low water flow",M,28.795,2,"",M,8.020,4,"Standard deviation is too large (3);ΔT out of range (65);Too low water flow",M,1034.020,2,"",M,401.975,2,"",M,NaN,,,0,NaN,,,M,395.330,4,"Equilibrator Temperature Standard deviation is too large (3);ΔT out of range (65);Too low water flow;Water Temperature Standard deviation is too large;ΔT out of range (65);Too low water flow",393.736,4,"Equilibrator Temperature Standard deviation is too large (3);ΔT out of range (65);Too low water flow;Water Temperature Standard deviation is too large;ΔT out of range (65);Too low water flow",NaN,,,NaN,,
2024-12-08T22:54:50.000Z,10.729,2,"",M,59.093,2,"",M,6.000,2,"",N,7.066,3,"ΔT out of range",M,28.765,2,"",M,8.110,3,"ΔT out of range",M,1034.040,2,"",M,401.957,2,"",M,NaN,,,0,NaN,,,M,388.454,4,"Equilibrator Temperature Standard deviation is too large (3);ΔT out of range (65);Too low water flow;Water Temperature Standard deviation is too large;ΔT out of range (65);Too low water flow",386.890,4,"Equilibrator Temperature Standard deviation is too large (3);ΔT out of range (65);Too low water flow;Water Temperature Standard deviation is too large;ΔT out of range (65);Too low water flow",NaN,,,NaN,,
2024-12-08T22:56:42.000Z,10.729,2,"",M,59.093,2,"",M,6.000,2,"",N,7.278,4,"Standard deviation is too large;ΔT out of range (65);Too low water flow",M,28.752,2,"",M,8.090,4,"Standard deviation is too large (3);ΔT out of range (65);Too low water flow",M,1034.040,2,"",M,402.209,2,"",M,NaN,,,0,NaN,,,M,392.529,4,"Equilibrator Temperature Standard deviation is too large (3);ΔT out of range (65);Too low water flow;Water Temperature Standard deviation is too large;ΔT out of range (65);Too low water flow",390.947,4,"Equilibrator Temperature Standard deviation is too large (3);ΔT out of range (65);Too low water flow;Water Temperature Standard deviation is too large;ΔT out of range (65);Too low water flow",NaN,,,NaN,,
2024-12-08T22:58:54.000Z,10.729,2,"",M,59.093,2,"",M,6.000,2,"",N,7.271,4,"Standard deviation is too large;ΔT out of range (65);Too low water flow",M,28.762,2,"",M,8.040,4,"Standard deviation is too large (3);ΔT out of range (65);Too low water flow",M,1033.950,2,"",M,402.242,2,"",M,NaN,,,0,NaN,,,M,393.252,4,"Equilibrator Temperature Standard deviation is too large (3);ΔT out of range (65);Too low water flow;Water Temperature Standard deviation is too large;ΔT out of range (65);Too low water flow",391.666,4,"Equilibrator Temperature Standard deviation is too large (3);ΔT out of range (65);Too low water flow;Water Temperature Standard deviation is too large;ΔT out of range (65);Too low water flow",NaN,,,NaN,,
2024-12-08T23:00:45.000Z,10.729,2,"",M,59.093,2,"",M,6.000,2,"",N,7.212,4,"Standard deviation is too large;ΔT out of range (65);Too low water flow",M,29.180,2,"",M,8.100,4,"Standard deviation is too large (3);ΔT out of range (65);Too low water flow",M,1033.980,2,"",M,402.184,2,"",M,NaN,,,0,NaN,,,M,391.215,4,"Equilibrator Temperature Standard deviation is too large (3);ΔT out of range (65);Too low water flow;Water Temperature Standard deviation is too large;ΔT out of range (65);Too low water flow",389.639,4,"Equilibrator Temperature Standard deviation is too large (3);ΔT out of range (65);Too low water flow;Water Temperature Standard deviation is too large;ΔT out of range (65);Too low water flow",NaN,,,NaN,,
2024-12-08T23:02:37.000Z,10.729,2,"",M,59.093,2,"",M,6.000,2,"",N,7.522,4,"Standard deviation is too large;ΔT out of range (65);Too low water flow",M,28.843,2,"",M,8.310,4,"Standard deviation is too large (3);ΔT out of range (65);Too low water flow",M,1034.150,2,"",M,402.656,2,"",M,NaN,,,0,NaN,,,M,393.342,4,"Equilibrator Temperature Standard deviation is too large (3);ΔT out of range (65);Too low water flow;Water Temperature Standard deviation is too large;ΔT out of range (65);Too low water flow",391.762,4,"Equilibrator Temperature Standard deviation is too large (3);ΔT out of range (65);Too low water flow;Water Temperature Standard deviation is too large;ΔT out of range (65);Too low water flow",NaN,,,NaN,,
2024-12-08T23:04:28.000Z,10.730,2,"",M,59.093,2,"",M,6.000,2,"",N,6.828,3,"ΔT out of range",M,28.948,2,"",M,8.150,3,"ΔT out of range",M,1034.140,2,"",M,403.389,2,"",M,NaN,,,0,NaN,,,M,385.305,4,"Equilibrator Temperature Standard deviation is too large (3);ΔT out of range (65);Too low water flow;Water Temperature Standard deviation is too large;ΔT out of range (65);Too low water flow",383.753,4,"Equilibrator Temperature Standard deviation is too large (3);ΔT out of range (65);Too low water flow;Water Temperature Standard deviation is too large;ΔT out of range (65);Too low water flow",NaN,,,NaN,,
2024-12-08T23:06:19.000Z,10.730,2,"",M,59.093,2,"",M,6.000,2,"",N,6.789,3,"ΔT out of range",M,28.441,2,"",M,8.190,3,"ΔT out of range",M,1034.120,2,"",M,403.991,2,"",M,NaN,,,0,NaN,,,M,384.573,4,"Equilibrator Temperature Standard deviation is too large (3);ΔT out of range (65);Too low water flow;Water Temperature Standard deviation is too large;ΔT out of range (65);Too low water flow",383.026,4,"Equilibrator Temperature Standard deviation is too large (3);ΔT out of range (65);Too low water flow;Water Temperature Standard deviation is too large;ΔT out of range (65);Too low water flow",NaN,,,NaN,,
2024-12-08T23:08:11.000Z,10.730,2,"",M,59.093,2,"",M,6.000,2,"",N,6.806,3,"ΔT out of range",M,28.425,2,"",M,7.830,3,"ΔT out of range",M,1034.070,2,"",M,403.873,2,"",M,NaN,,,0,NaN,,,M,390.724,4,"Equilibrator Temperature Standard deviation is too large (3);ΔT out of range (65);Too low water flow;Water Temperature Standard deviation is too large;ΔT out of range (65);Too low water flow",389.144,4,"Equilibrator Temperature Standard deviation is too large (3);ΔT out of range (65);Too low water flow;Water Temperature Standard deviation is too large;ΔT out of range (65);Too low water flow",NaN,,,NaN,,
2024-12-08T23:10:02.000Z,10.731,2,"",M,59.093,2,"",M,6.000,2,"",N,6.792,4,"Standard deviation is too large;ΔT out of range (65);Too low water flow",M,28.581,2,"",M,7.780,4,"Standard deviation is too large (3);ΔT out of range (65);Too low water flow",M,1034.170,2,"",M,401.964,2,"",M,NaN,,,0,NaN,,,M,389.516,4,"Equilibrator Temperature Standard deviation is too large (3);ΔT out of range (65);Too low water flow;Water Temperature Standard deviation is too large;ΔT out of range (65);Too low water flow",387.940,4,"Equilibrator Temperature Standard deviation is too large (3);ΔT out of range (65);Too low water flow;Water Temperature Standard deviation is too large;ΔT out of range (65);Too low water flow",NaN,,,NaN,,
2024-12-08T23:11:53.000Z,10.731,2,"",M,59.093,2,"",M,6.000,2,"",N,6.781,3,"ΔT out of range",M,28.393,2,"",M,7.890,3,"ΔT out of range",M,1034.315,2,"",M,400.965,2,"",M,NaN,,,0,NaN,,,M,386.596,4,"Equilibrator Temperature Standard deviation is too large (3);ΔT out of range (65);Too low water flow;Water Temperature Standard deviation is too large;ΔT out of range (65);Too low water flow",385.034,4,"Equilibrator Temperature Standard deviation is too large (3);ΔT out of range (65);Too low water flow;Water Temperature Standard deviation is too large;ΔT out of range (65);Too low water flow",NaN,,,NaN,,
2024-12-08T23:13:45.000Z,10.731,2,"",M,59.093,2,"",M,6.000,2,"",N,6.791,3,"ΔT out of range",M,28.426,2,"",M,7.860,3,"ΔT out of range",M,1034.260,2,"",M,400.386,2,"",M,NaN,,,0,NaN,,,M,386.666,4,"Equilibrator Temperature Standard deviation is too large (3);ΔT out of range (65);Too low water flow;Water Temperature Standard deviation is too large;ΔT out of range (65);Too low water flow",385.103,4,"Equilibrator Temperature Standard deviation is too large (3);ΔT out of range (65);Too low water flow;Water Temperature Standard deviation is too large;ΔT out of range (65);Too low water flow",NaN,,,NaN,,
2024-12-08T23:15:36.000Z,10.731,2,"",M,59.093,2,"",M,6.000,2,"",N,6.901,4,"Standard deviation is too large;ΔT out of range (65);Too low water flow",M,28.445,2,"",M,7.810,4,"Standard deviation is too large (3);ΔT out of range (65);Too low water flow",M,1034.150,2,"",M,399.948,2,"",M,NaN,,,0,NaN,,,M,388.847,4,"Equilibrator Temperature Standard deviation is too large (3);ΔT out of range (65);Too low water flow;Water Temperature Standard deviation is too large;ΔT out of range (65);Too low water flow",387.274,4,"Equilibrator Temperature Standard deviation is too large (3);ΔT out of range (65);Too low water flow;Water Temperature Standard deviation is too large;ΔT out of range (65);Too low water flow",NaN,,,NaN,,
2024-12-08T23:17:27.000Z,10.731,2,"",M,59.093,2,"",M,6.000,2,"",N,7.545,4,"Standard deviation is too large;ΔT out of range (65);Too low water flow",M,28.600,2,"",M,7.790,4,"Standard deviation is too large (3);ΔT out of range (65);Too low water flow",M,1034.190,2,"",M,399.089,2,"",M,NaN,,,0,NaN,,,M,399.080,4,"Equilibrator Temperature Standard deviation is too large (3);ΔT out of range (65);Too low water flow;Water Temperature Standard deviation is too large;ΔT out of range (65);Too low water flow",397.465,4,"Equilibrator Temperature Standard deviation is too large (3);ΔT out of range (65);Too low water flow;Water Temperature Standard deviation is too large;ΔT out of range (65);Too low water flow",NaN,,,NaN,,
2024-12-08T23:19:19.000Z,10.732,2,"",M,59.093,2,"",M,6.000,2,"",N,7.481,4,"Standard deviation is too large;ΔT out of range (65);Too low water flow",M,29.492,2,"",M,7.970,4,"Standard deviation is too large (3);ΔT out of range (65);Too low water flow",M,1034.370,2,"",M,398.791,2,"",M,NaN,,,0,NaN,,,M,394.714,4,"Equilibrator Temperature Standard deviation is too large (3);ΔT out of range (65);Too low water flow;Water Temperature Standard deviation is too large;ΔT out of range (65);Too low water flow",393.120,4,"Equilibrator Temperature Standard deviation is too large (3);ΔT out of range (65);Too low water flow;Water Temperature Standard deviation is too large;ΔT out of range (65);Too low water flow",NaN,,,NaN,,
2024-12-08T23:21:10.000Z,10.732,2,"",M,59.093,2,"",M,6.000,2,"",N,6.770,3,"ΔT out of range",M,29.465,2,"",M,8.380,3,"ΔT out of range",M,1034.430,2,"",M,399.443,2,"",M,NaN,,,0,NaN,,,M,376.964,4,"Equilibrator Temperature Standard deviation is too large (3);ΔT out of range (65);Too low water flow;Water Temperature Standard deviation is too large;ΔT out of range (65);Too low water flow (19);Standard deviation is too large (2);ΔT out of range (13);Problems with water supply (7);ΔT out of range (35)",375.451,4,"Equilibrator Temperature Standard deviation is too large (3);ΔT out of range (65);Too low water flow;Water Temperature Standard deviation is too large;ΔT out of range (65);Too low water flow (19);Standard deviation is too large (2);ΔT out of range (13);Problems with water supply (7);ΔT out of range (35)",NaN,,,NaN,,
2024-12-08T23:23:01.000Z,10.732,2,"",M,59.093,2,"",M,6.000,2,"",N,6.724,3,"ΔT out of range",M,28.413,2,"",M,8.430,3,"ΔT out of range",M,1034.360,2,"",M,401.397,2,"",M,NaN,,,0,NaN,,,M,377.232,4,"Equilibrator Temperature Standard deviation is too large (3);ΔT out of range (65);Too low water flow;Water Temperature Standard deviation is too large;ΔT out of range (65);Too low water flow (19);Standard deviation is too large (2);ΔT out of range (13);Problems with water supply (7);ΔT out of range (35)",375.718,4,"Equilibrator Temperature Standard deviation is too large (3);ΔT out of range (65);Too low water flow;Water Temperature Standard deviation is too large;ΔT out of range (65);Too low water flow (19);Standard deviation is too large (2);ΔT out of range (13);Problems with water supply (7);ΔT out of range (35)",NaN,,,NaN,,
2024-12-08T23:24:54.000Z,10.732,2,"",M,59.093,2,"",M,6.000,2,"",N,6.703,3,"ΔT out of range",M,28.291,2,"",M,7.870,3,"ΔT out of range",M,1034.340,2,"",M,402.731,2,"",M,NaN,,,0,NaN,,,M,387.356,4,"Equilibrator Temperature Standard deviation is too large (3);ΔT out of range (65);Too low water flow;Water Temperature Standard deviation is too large;ΔT out of range (65);Too low water flow",385.791,4,"Equilibrator Temperature Standard deviation is too large (3);ΔT out of range (65);Too low water flow;Water Temperature Standard deviation is too large;ΔT out of range (65);Too low water flow",NaN,,,NaN,,
2024-12-08T23:26:45.000Z,10.732,2,"",M,59.093,2,"",M,6.000,2,"",N,6.692,3,"ΔT out of range",M,28.343,2,"",M,7.760,3,"ΔT out of range",M,1034.300,2,"",M,402.012,2,"",M,NaN,,,0,NaN,,,M,388.307,4,"Equilibrator Temperature Standard deviation is too large (3);ΔT out of range (65);Too low water flow;Water Temperature Standard deviation is too large;ΔT out of range (65);Too low water flow",386.735,4,"Equilibrator Temperature Standard deviation is too large (3);ΔT out of range (65);Too low water flow;Water Temperature Standard deviation is too large;ΔT out of range (65);Too low water flow",NaN,,,NaN,,
2024-12-08T23:28:36.000Z,10.732,2,"",M,59.093,2,"",M,6.000,2,"",N,7.399,4,"Standard deviation is too large;ΔT out of range (65);Too low water flow",M,28.295,2,"",M,7.760,4,"Standard deviation is too large (3);ΔT out of range (65);Too low water flow",M,1034.550,2,"",M,400.312,2,"",M,NaN,,,0,NaN,,,M,398.501,4,"Equilibrator Temperature Standard deviation is too large (3);ΔT out of range (65);Too low water flow;Water Temperature Standard deviation is too large;ΔT out of range (65);Too low water flow",396.888,4,"Equilibrator Temperature Standard deviation is too large (3);ΔT out of range (65);Too low water flow;Water Temperature Standard deviation is too large;ΔT out of range (65);Too low water flow",NaN,,,NaN,,
2024-12-08T23:30:28.000Z,10.732,2,"",M,59.093,2,"",M,6.000,2,"",N,7.585,4,"Standard deviation is too large;ΔT out of range (65);Too low water flow",M,29.272,2,"",M,7.760,4,"Standard deviation is too large (3);ΔT out of range (65);Too low water flow",M,1034.530,2,"",M,399.383,2,"",M,NaN,,,0,NaN,,,M,400.697,4,"Equilibrator Temperature Standard deviation is too large (3);ΔT out of range (65);Too low water flow;Water Temperature Standard deviation is too large;ΔT out of range (65);Too low water flow",399.075,4,"Equilibrator Temperature Standard deviation is too large (3);ΔT out of range (65);Too low water flow;Water Temperature Standard deviation is too large;ΔT out of range (65);Too low water flow",NaN,,,NaN,,
2024-12-08T23:32:19.000Z,10.732,2,"",M,59.093,2,"",M,6.000,2,"",N,7.715,4,"Standard deviation is too large;ΔT out of range (65);Too low water flow",M,29.367,2,"",M,8.190,4,"Standard deviation is too large (3);ΔT out of range (65);Too low water flow",M,1034.490,2,"",M,399.115,2,"",M,NaN,,,0,NaN,,,M,395.256,4,"Equilibrator Temperature Standard deviation is too large (3);ΔT out of range (65);Too low water flow;Water Temperature Standard deviation is too large;ΔT out of range (65);Too low water flow",393.665,4,"Equilibrator Temperature Standard deviation is too large (3);ΔT out of range (65);Too low water flow;Water Temperature Standard deviation is too large;ΔT out of range (65);Too low water flow",NaN,,,NaN,,
2024-12-08T23:34:11.000Z,10.732,2,"",M,59.093,2,"",M,6.000,2,"",N,7.722,4,"Standard deviation is too large;ΔT out of range (65);Too low water flow",M,29.550,2,"",M,8.410,4,"Standard deviation is too large (3);ΔT out of range (65);Too low water flow",M,1034.430,2,"",M,400.459,2,"",M,NaN,,,0,NaN,,,M,392.941,4,"Equilibrator Temperature Standard deviation is too large (3);ΔT out of range (65);Too low water flow;Water Temperature Standard deviation is too large;ΔT out of range (65);Too low water flow",391.364,4,"Equilibrator Temperature Standard deviation is too large (3);ΔT out of range (65);Too low water flow;Water Temperature Standard deviation is too large;ΔT out of range (65);Too low water flow",NaN,,,NaN,,
2024-12-08T23:36:02.000Z,10.732,2,"",M,59.093,2,"",M,6.000,2,"",N,7.470,3,"ΔT out of range",M,29.536,2,"",M,8.510,3,"ΔT out of range",M,1034.500,2,"",M,402.323,2,"",M,NaN,,,0,NaN,,,M,388.931,4,"Equilibrator Temperature Standard deviation is too large (3);ΔT out of range (65);Too low water flow;Water Temperature Standard deviation is too large;ΔT out of range (65);Too low water flow",387.372,4,"Equilibrator Temperature Standard deviation is too large (3);ΔT out of range (65);Too low water flow;Water Temperature Standard deviation is too large;ΔT out of range (65);Too low water flow",NaN,,,NaN,,
2024-12-08T23:37:53.000Z,10.732,2,"",M,59.093,2,"",M,6.000,2,"",N,7.635,4,"Standard deviation is too large;ΔT out of range (65);Too low water flow",M,29.412,2,"",M,8.600,4,"Standard deviation is too large (3);ΔT out of range (65);Too low water flow",M,1034.760,2,"",M,404.437,2,"",M,NaN,,,0,NaN,,,M,392.288,4,"Equilibrator Temperature Standard deviation is too large (3);ΔT out of range (65);Too low water flow;Water Temperature Standard deviation is too large;ΔT out of range (65);Too low water flow",390.717,4,"Equilibrator Temperature Standard deviation is too large (3);ΔT out of range (65);Too low water flow;Water Temperature Standard deviation is too large;ΔT out of range (65);Too low water flow",NaN,,,NaN,,
2024-12-08T23:39:45.000Z,10.732,2,"",M,59.093,2,"",M,6.000,2,"",N,7.675,4,"Standard deviation is too large;ΔT out of range (65);Too low water flow",M,29.515,2,"",M,8.570,4,"Standard deviation is too large (3);ΔT out of range (65);Too low water flow",M,1034.735,2,"",M,406.141,2,"",M,NaN,,,0,NaN,,,M,395.114,4,"Equilibrator Temperature Standard deviation is too large (3);ΔT out of range (65);Too low water flow;Water Temperature Standard deviation is too large;ΔT out of range (65);Too low water flow",393.531,4,"Equilibrator Temperature Standard deviation is too large (3);ΔT out of range (65);Too low water flow;Water Temperature Standard deviation is too large;ΔT out of range (65);Too low water flow",NaN,,,NaN,,
2024-12-08T23:41:36.000Z,10.732,2,"",M,59.093,2,"",M,6.000,2,"",N,7.546,3,"ΔT out of range",M,29.610,2,"",M,8.550,3,"ΔT out of range",M,1034.710,2,"",M,407.354,2,"",M,NaN,,,0,NaN,,,M,394.461,4,"Equilibrator Temperature Standard deviation is too large (3);ΔT out of range (65);Too low water flow;Water Temperature Standard deviation is too large;ΔT out of range (65);Too low water flow",392.880,4,"Equilibrator Temperature Standard deviation is too large (3);ΔT out of range (65);Too low water flow;Water Temperature Standard deviation is too large;ΔT out of range (65);Too low water flow",NaN,,,NaN,,
2024-12-08T23:43:27.000Z,10.732,2,"",M,59.093,2,"",M,6.000,2,"",N,7.481,3,"ΔT out of range",M,29.452,2,"",M,8.630,3,"ΔT out of range",M,1034.630,2,"",M,408.418,2,"",M,NaN,,,0,NaN,,,M,393.026,4,"Equilibrator Temperature Standard deviation is too large (3);ΔT out of range (65);Too low water flow;Water Temperature Standard deviation is too large;ΔT out of range (65);Too low water flow",391.453,4,"Equilibrator Temperature Standard deviation is too large (3);ΔT out of range (65);Too low water flow;Water Temperature Standard deviation is too large;ΔT out of range (65);Too low water flow",NaN,,,NaN,,
2024-12-08T23:45:18.000Z,10.732,2,"",M,59.093,2,"",M,6.000,2,"",N,7.486,3,"ΔT out of range",M,29.206,2,"",M,8.580,3,"ΔT out of range",M,1034.630,2,"",M,409.171,2,"",M,NaN,,,0,NaN,,,M,394.674,4,"Equilibrator Temperature Standard deviation is too large (3);ΔT out of range (65);Too low water flow;Water Temperature Standard deviation is too large;ΔT out of range (65);Too low water flow",393.093,4,"Equilibrator Temperature Standard deviation is too large (3);ΔT out of range (65);Too low water flow;Water Temperature Standard deviation is too large;ΔT out of range (65);Too low water flow",NaN,,,NaN,,
2024-12-08T23:47:10.000Z,10.732,2,"",M,59.093,2,"",M,6.000,2,"",N,6.877,3,"ΔT out of range",M,29.271,2,"",M,8.540,3,"ΔT out of range",M,1034.990,2,"",M,410.434,2,"",M,NaN,,,0,NaN,,,M,386.638,4,"Equilibrator Temperature Standard deviation is too large (3);ΔT out of range (65);Too low water flow;Water Temperature Standard deviation is too large;ΔT out of range (65);Too low water flow (19);Standard deviation is too large (2);ΔT out of range (13);Problems with water supply (7);ΔT out of range (35)",385.088,4,"Equilibrator Temperature Standard deviation is too large (3);ΔT out of range (65);Too low water flow;Water Temperature Standard deviation is too large;ΔT out of range (65);Too low water flow (19);Standard deviation is too large (2);ΔT out of range (13);Problems with water supply (7);ΔT out of range (35)",NaN,,,NaN,,
2024-12-08T23:49:01.000Z,10.732,2,"",M,59.092,2,"",M,6.000,2,"",N,6.873,3,"ΔT out of range",M,28.553,2,"",M,8.420,3,"ΔT out of range",M,1035.010,2,"",M,410.506,2,"",M,NaN,,,0,NaN,,,M,388.646,4,"Equilibrator Temperature Standard deviation is too large (3);ΔT out of range (65);Too low water flow;Water Temperature Standard deviation is too large;ΔT out of range (65);Too low water flow (19);Standard deviation is too large (2);ΔT out of range (13);Problems with water supply (7);ΔT out of range (35)",387.085,4,"Equilibrator Temperature Standard deviation is too large (3);ΔT out of range (65);Too low water flow;Water Temperature Standard deviation is too large;ΔT out of range (65);Too low water flow (19);Standard deviation is too large (2);ΔT out of range (13);Problems with water supply (7);ΔT out of range (35)",NaN,,,NaN,,
2024-12-08T23:50:52.000Z,10.732,2,"",M,59.092,2,"",M,6.000,2,"",N,6.875,3,"ΔT out of range",M,28.575,2,"",M,8.040,3,"ΔT out of range",M,1035.160,2,"",M,409.587,2,"",M,NaN,,,0,NaN,,,M,394.245,4,"Equilibrator Temperature Standard deviation is too large (3);ΔT out of range (65);Too low water flow;Water Temperature Standard deviation is too large;ΔT out of range (65);Too low water flow",392.653,4,"Equilibrator Temperature Standard deviation is too large (3);ΔT out of range (65);Too low water flow;Water Temperature Standard deviation is too large;ΔT out of range (65);Too low water flow",NaN,,,NaN,,
2024-12-08T23:52:44.000Z,10.731,2,"",M,59.092,2,"",M,6.000,2,"",N,6.886,3,"ΔT out of range",M,28.558,2,"",M,7.970,3,"ΔT out of range",M,1035.050,2,"",M,407.317,2,"",M,NaN,,,0,NaN,,,M,393.390,4,"Equilibrator Temperature Standard deviation is too large (3);ΔT out of range (65);Too low water flow;Water Temperature Standard deviation is too large;ΔT out of range (65);Too low water flow",391.801,4,"Equilibrator Temperature Standard deviation is too large (3);ΔT out of range (65);Too low water flow;Water Temperature Standard deviation is too large;ΔT out of range (65);Too low water flow",NaN,,,NaN,,
2024-12-08T23:54:35.000Z,10.730,2,"",M,59.092,2,"",M,6.000,2,"",N,6.843,3,"ΔT out of range",M,28.566,2,"",M,8.020,3,"ΔT out of range",M,1035.230,2,"",M,406.878,2,"",M,NaN,,,0,NaN,,,M,391.470,4,"Equilibrator Temperature Standard deviation is too large (3);ΔT out of range (65);Too low water flow;Water Temperature Standard deviation is too large;ΔT out of range (65);Too low water flow",389.890,4,"Equilibrator Temperature Standard deviation is too large (3);ΔT out of range (65);Too low water flow;Water Temperature Standard deviation is too large;ΔT out of range (65);Too low water flow",NaN,,,NaN,,
2024-12-08T23:56:27.000Z,10.729,2,"",M,59.092,2,"",M,6.000,2,"",N,6.821,3,"ΔT out of range",M,28.553,2,"",M,8.040,3,"ΔT out of range",M,1035.250,2,"",M,405.569,2,"",M,NaN,,,0,NaN,,,M,389.527,4,"Equilibrator Temperature Standard deviation is too large (3);ΔT out of range (65);Too low water flow;Water Temperature Standard deviation is too large;ΔT out of range (65);Too low water flow",387.955,4,"Equilibrator Temperature Standard deviation is too large (3);ΔT out of range (65);Too low water flow;Water Temperature Standard deviation is too large;ΔT out of range (65);Too low water flow",NaN,,,NaN,,
2024-12-08T23:58:39.000Z,10.728,2,"",M,59.091,2,"",M,6.000,2,"",N,6.824,3,"ΔT out of range",M,28.518,2,"",M,7.960,3,"ΔT out of range",M,1035.270,2,"",M,403.559,2,"",M,NaN,,,0,NaN,,,M,388.984,4,"Equilibrator Temperature Standard deviation is too large (3);ΔT out of range (65);Too low water flow;Water Temperature Standard deviation is too large;ΔT out of range (65);Too low water flow",387.412,4,"Equilibrator Temperature Standard deviation is too large (3);ΔT out of range (65);Too low water flow;Water Temperature Standard deviation is too large;ΔT out of range (65);Too low water flow",NaN,,,NaN,,
2024-12-09T00:00:30.000Z,10.728,2,"",M,59.091,2,"",M,6.000,2,"",N,7.176,4,"Standard deviation is too large;ΔT out of range (65);Too low water flow",M,28.521,2,"",M,7.910,4,"Standard deviation is too large (3);ΔT out of range (65);Too low water flow",M,1035.170,2,"",M,403.531,2,"",M,NaN,,,0,NaN,,,M,395.612,4,"Equilibrator Temperature Standard deviation is too large (3);ΔT out of range (65);Too low water flow;Water Temperature Standard deviation is too large;ΔT out of range (65);Too low water flow",394.013,4,"Equilibrator Temperature Standard deviation is too large (3);ΔT out of range (65);Too low water flow;Water Temperature Standard deviation is too large;ΔT out of range (65);Too low water flow",NaN,,,NaN,,
2024-12-09T00:02:22.000Z,10.728,2,"",M,59.091,2,"",M,6.000,2,"",N,7.485,4,"Standard deviation is too large;ΔT out of range (65);Too low water flow",M,28.840,2,"",M,7.910,4,"Standard deviation is too large (3);ΔT out of range (65);Too low water flow",M,1035.210,2,"",M,403.183,2,"",M,NaN,,,0,NaN,,,M,400.491,4,"Equilibrator Temperature Standard deviation is too large (3);ΔT out of range (65);Too low water flow;Water Temperature Standard deviation is too large;ΔT out of range (65);Too low water flow",398.872,4,"Equilibrator Temperature Standard deviation is too large (3);ΔT out of range (65);Too low water flow;Water Temperature Standard deviation is too large;ΔT out of range (65);Too low water flow",NaN,,,NaN,,
2024-12-09T00:04:13.000Z,10.728,2,"",M,59.091,2,"",M,6.000,2,"",N,7.417,4,"Standard deviation is too large;ΔT out of range (65);Too low water flow",M,29.368,2,"",M,8.090,4,"Standard deviation is too large (3);ΔT out of range (65);Too low water flow",M,1035.300,2,"",M,402.524,2,"",M,NaN,,,0,NaN,,,M,395.651,4,"Equilibrator Temperature Standard deviation is too large (3);ΔT out of range (65);Too low water flow;Water Temperature Standard deviation is too large;ΔT out of range (65);Too low water flow",394.055,4,"Equilibrator Temperature Standard deviation is too large (3);ΔT out of range (65);Too low water flow;Water Temperature Standard deviation is too large;ΔT out of range (65);Too low water flow",NaN,,,NaN,,
2024-12-09T00:06:04.000Z,10.728,2,"",M,59.091,2,"",M,6.000,2,"",N,7.204,3,"ΔT out of range",M,29.299,2,"",M,8.390,3,"ΔT out of range",M,1035.370,2,"",M,402.516,2,"",M,NaN,,,0,NaN,,,M,387.083,4,"Equilibrator Temperature Standard deviation is too large (3);ΔT out of range (65);Too low water flow;Water Temperature Standard deviation is too large;ΔT out of range (65);Too low water flow",385.527,4,"Equilibrator Temperature Standard deviation is too large (3);ΔT out of range (65);Too low water flow;Water Temperature Standard deviation is too large;ΔT out of range (65);Too low water flow",NaN,,,NaN,,
2024-12-09T00:07:57.000Z,10.729,2,"",M,59.091,2,"",M,6.000,2,"",N,7.071,3,"ΔT out of range",M,29.025,2,"",M,8.410,3,"ΔT out of range",M,1035.210,2,"",M,403.349,2,"",M,NaN,,,0,NaN,,,M,385.317,4,"Equilibrator Temperature Standard deviation is too large (3);ΔT out of range (65);Too low water flow;Water Temperature Standard deviation is too large;ΔT out of range (65);Too low water flow",383.769,4,"Equilibrator Temperature Standard deviation is too large (3);ΔT out of range (65);Too low water flow;Water Temperature Standard deviation is too large;ΔT out of range (65);Too low water flow",NaN,,,NaN,,
2024-12-09T00:09:48.000Z,10.729,2,"",M,59.091,2,"",M,6.000,2,"",N,6.858,3,"ΔT out of range",M,28.791,2,"",M,8.300,3,"ΔT out of range",M,1035.120,2,"",M,404.382,2,"",M,NaN,,,0,NaN,,,M,384.618,4,"Equilibrator Temperature Standard deviation is too large (3);ΔT out of range (65);Too low water flow;Water Temperature Standard deviation is too large;ΔT out of range (65);Too low water flow",383.071,4,"Equilibrator Temperature Standard deviation is too large (3);ΔT out of range (65);Too low water flow;Water Temperature Standard deviation is too large;ΔT out of range (65);Too low water flow",NaN,,,NaN,,
2024-12-09T00:11:39.000Z,10.729,2,"",M,59.091,2,"",M,6.000,2,"",N,6.846,3,"ΔT out of range",M,28.558,2,"",M,8.210,3,"ΔT out of range",M,1035.300,2,"",M,404.665,2,"",M,NaN,,,0,NaN,,,M,386.256,4,"Equilibrator Temperature Standard deviation is too large (3);ΔT out of range (65);Too low water flow;Water Temperature Standard deviation is too large;ΔT out of range (65);Too low water flow",384.700,4,"Equilibrator Temperature Standard deviation is too large (3);ΔT out of range (65);Too low water flow;Water Temperature Standard deviation is too large;ΔT out of range (65);Too low water flow",NaN,,,NaN,,
2024-12-09T00:13:31.000Z,10.729,2,"",M,59.091,2,"",M,6.000,2,"",N,7.195,4,"Standard deviation is too large;ΔT out of range (65);Too low water flow",M,28.529,2,"",M,8.060,4,"Standard deviation is too large (3);ΔT out of range (65);Too low water flow",M,1035.480,2,"",M,404.256,2,"",M,NaN,,,0,NaN,,,M,394.209,4,"Equilibrator Temperature Standard deviation is too large (3);ΔT out of range (65);Too low water flow;Water Temperature Standard deviation is too large;ΔT out of range (65);Too low water flow",392.618,4,"Equilibrator Temperature Standard deviation is too large (3);ΔT out of range (65);Too low water flow;Water Temperature Standard deviation is too large;ΔT out of range (65);Too low water flow",NaN,,,NaN,,
2024-12-09T00:15:22.000Z,10.729,2,"",M,59.091,2,"",M,6.000,2,"",N,7.389,4,"Standard deviation is too large;ΔT out of range (65);Too low water flow",M,28.996,2,"",M,8.020,4,"Standard deviation is too large (3);ΔT out of range (65);Too low water flow",M,1035.440,2,"",M,403.908,2,"",M,NaN,,,0,NaN,,,M,397.787,4,"Equilibrator Temperature Standard deviation is too large (3);ΔT out of range (65);Too low water flow;Water Temperature Standard deviation is too large;ΔT out of range (65);Too low water flow",396.181,4,"Equilibrator Temperature Standard deviation is too large (3);ΔT out of range (65);Too low water flow;Water Temperature Standard deviation is too large;ΔT out of range (65);Too low water flow",NaN,,,NaN,,
2024-12-09T00:17:13.000Z,10.729,2,"",M,59.091,2,"",M,6.000,2,"",N,7.427,4,"Standard deviation is too large;ΔT out of range (65);Too low water flow",M,29.373,2,"",M,8.140,4,"Standard deviation is too large (3);ΔT out of range (65);Too low water flow",M,1035.250,2,"",M,403.479,2,"",M,NaN,,,0,NaN,,,M,395.880,4,"Equilibrator Temperature Standard deviation is too large (3);ΔT out of range (65);Too low water flow;Water Temperature Standard deviation is too large;ΔT out of range (65);Too low water flow",394.284,4,"Equilibrator Temperature Standard deviation is too large (3);ΔT out of range (65);Too low water flow;Water Temperature Standard deviation is too large;ΔT out of range (65);Too low water flow",NaN,,,NaN,,
2024-12-09T00:19:05.000Z,10.729,2,"",M,59.091,2,"",M,6.000,2,"",N,7.344,3,"ΔT out of range",M,29.407,2,"",M,8.410,3,"ΔT out of range",M,1035.260,2,"",M,403.521,2,"",M,NaN,,,0,NaN,,,M,389.979,4,"Equilibrator Temperature Standard deviation is too large (3);ΔT out of range (65);Too low water flow;Water Temperature Standard deviation is too large;ΔT out of range (65);Too low water flow",388.412,4,"Equilibrator Temperature Standard deviation is too large (3);ΔT out of range (65);Too low water flow;Water Temperature Standard deviation is too large;ΔT out of range (65);Too low water flow",NaN,,,NaN,,
2024-12-09T00:20:56.000Z,10.729,2,"",M,59.091,2,"",M,6.000,2,"",N,7.357,3,"ΔT out of range",M,29.308,2,"",M,8.600,3,"ΔT out of range",M,1035.610,2,"",M,403.974,2,"",M,NaN,,,0,NaN,,,M,387.584,4,"Equilibrator Temperature Standard deviation is too large (3);ΔT out of range (65);Too low water flow;Water Temperature Standard deviation is too large;ΔT out of range (65);Too low water flow",386.031,4,"Equilibrator Temperature Standard deviation is too large (3);ΔT out of range (65);Too low water flow;Water Temperature Standard deviation is too large;ΔT out of range (65);Too low water flow",NaN,,,NaN,,
2024-12-09T00:22:47.000Z,10.729,2,"",M,59.091,2,"",M,6.000,2,"",N,7.455,3,"ΔT out of range",M,29.386,2,"",M,8.650,3,"ΔT out of range",M,1035.480,2,"",M,405.518,2,"",M,NaN,,,0,NaN,,,M,389.802,4,"Equilibrator Temperature Standard deviation is too large (3);ΔT out of range (65);Too low water flow;Water Temperature Standard deviation is too large;ΔT out of range (65);Too low water flow",388.241,4,"Equilibrator Temperature Standard deviation is too large (3);ΔT out of range (65);Too low water flow;Water Temperature Standard deviation is too large;ΔT out of range (65);Too low water flow",NaN,,,NaN,,
2024-12-09T00:24:39.000Z,10.729,2,"",M,59.091,2,"",M,6.000,2,"",N,7.629,3,"ΔT out of range",M,29.407,2,"",M,8.780,3,"ΔT out of range",M,1035.570,2,"",M,406.642,2,"",M,NaN,,,0,NaN,,,M,391.601,4,"Equilibrator Temperature Standard deviation is too large (3);ΔT out of range (65);Too low water flow;Water Temperature Standard deviation is too large;ΔT out of range (65);Too low water flow",390.035,4,"Equilibrator Temperature Standard deviation is too large (3);ΔT out of range (65);Too low water flow;Water Temperature Standard deviation is too large;ΔT out of range (65);Too low water flow",NaN,,,NaN,,
2024-12-09T00:26:31.000Z,10.729,2,"",M,59.091,2,"",M,6.000,2,"",N,7.663,3,"ΔT out of range",M,29.569,2,"",M,8.900,3,"ΔT out of range",M,1035.480,2,"",M,407.485,2,"",M,NaN,,,0,NaN,,,M,390.912,4,"Equilibrator Temperature Standard deviation is too large (3);ΔT out of range (65);Too low water flow;Water Temperature Standard deviation is too large;ΔT out of range (65);Too low water flow",389.351,4,"Equilibrator Temperature Standard deviation is too large (3);ΔT out of range (65);Too low water flow;Water Temperature Standard deviation is too large;ΔT out of range (65);Too low water flow",NaN,,,NaN,,
2024-12-09T00:28:23.000Z,10.729,2,"",M,59.091,2,"",M,6.000,2,"",N,7.626,3,"ΔT out of range",M,29.645,2,"",M,9.310,3,"ΔT out of range",M,1035.390,2,"",M,408.549,2,"",M,NaN,,,0,NaN,,,M,384.444,4,"Equilibrator Temperature Standard deviation is too large (3);ΔT out of range (65);Too low water flow;Water Temperature Standard deviation is too large;ΔT out of range (65);Too low water flow",382.918,4,"Equilibrator Temperature Standard deviation is too large (3);ΔT out of range (65);Too low water flow;Water Temperature Standard deviation is too large;ΔT out of range (65);Too low water flow",NaN,,,NaN,,
2024-12-09T00:30:14.000Z,10.727,2,"",M,59.090,2,"",M,6.000,2,"",N,6.936,3,"ΔT out of range",M,29.582,2,"",M,9.430,3,"ΔT out of range",M,1035.690,2,"",M,409.612,2,"",M,NaN,,,0,NaN,,,M,372.538,4,"Equilibrator Temperature Standard deviation is too large (3);ΔT out of range (65);Too low water flow;Water Temperature Standard deviation is too large;ΔT out of range (65);Too low water flow (19);Standard deviation is too large (2);ΔT out of range (13);Problems with water supply (7);ΔT out of range (35)",371.060,4,"Equilibrator Temperature Standard deviation is too large (3);ΔT out of range (65);Too low water flow;Water Temperature Standard deviation is too large;ΔT out of range (65);Too low water flow (19);Standard deviation is too large (2);ΔT out of range (13);Problems with water supply (7);ΔT out of range (35)",NaN,,,NaN,,
2024-12-09T00:32:06.000Z,10.722,2,"",M,59.090,2,"",M,6.000,2,"",N,6.850,3,"ΔT out of range",M,28.740,2,"",M,9.480,3,"ΔT out of range",M,1035.310,2,"",M,410.656,2,"",M,NaN,,,0,NaN,,,M,371.188,4,"Equilibrator Temperature Standard deviation is too large (3);ΔT out of range (65);Too low water flow;Water Temperature Standard deviation is too large;ΔT out of range (65);Too low water flow (19);Standard deviation is too large (2);ΔT out of range (13);Problems with water supply (7);ΔT out of range (35)",369.718,4,"Equilibrator Temperature Standard deviation is too large (3);ΔT out of range (65);Too low water flow;Water Temperature Standard deviation is too large;ΔT out of range (65);Too low water flow (19);Standard deviation is too large (2);ΔT out of range (13);Problems with water supply (7);ΔT out of range (35)",NaN,,,NaN,,
2024-12-09T00:33:57.000Z,10.716,2,"",M,59.091,2,"",M,6.000,2,"",N,6.949,3,"ΔT out of range",M,28.561,2,"",M,9.390,3,"ΔT out of range",M,1035.310,2,"",M,411.319,2,"",M,NaN,,,0,NaN,,,M,374.802,4,"Equilibrator Temperature Standard deviation is too large (3);ΔT out of range (65);Too low water flow;Water Temperature Standard deviation is too large;ΔT out of range (65);Too low water flow (19);Standard deviation is too large (2);ΔT out of range (13);Problems with water supply (7);ΔT out of range (35)",373.315,4,"Equilibrator Temperature Standard deviation is too large (3);ΔT out of range (65);Too low water flow;Water Temperature Standard deviation is too large;ΔT out of range (65);Too low water flow (19);Standard deviation is too large (2);ΔT out of range (13);Problems with water supply (7);ΔT out of range (35)",NaN,,,NaN,,
2024-12-09T00:35:48.000Z,10.710,2,"",M,59.091,2,"",M,6.000,2,"",N,6.849,3,"ΔT out of range",M,28.721,2,"",M,8.710,3,"ΔT out of range",M,1035.160,2,"",M,410.680,2,"",M,NaN,,,0,NaN,,,M,383.652,4,"Equilibrator Temperature Standard deviation is too large (3);ΔT out of range (65);Too low water flow;Water Temperature Standard deviation is too large;ΔT out of range (65);Too low water flow (19);Standard deviation is too large (2);ΔT out of range (13);Problems with water supply (7);ΔT out of range (35)",382.117,4,"Equilibrator Temperature Standard deviation is too large (3);ΔT out of range (65);Too low water flow;Water Temperature Standard deviation is too large;ΔT out of range (65);Too low water flow (19);Standard deviation is too large (2);ΔT out of range (13);Problems with water supply (7);ΔT out of range (35)",NaN,,,NaN,,
2024-12-09T00:37:41.000Z,10.705,2,"",M,59.092,2,"",M,6.000,2,"",N,6.729,3,"ΔT out of range",M,28.631,2,"",M,8.510,3,"ΔT out of range",M,1035.240,2,"",M,409.150,2,"",M,NaN,,,0,NaN,,,M,383.598,4,"Equilibrator Temperature Standard deviation is too large (3);ΔT out of range (65);Too low water flow;Water Temperature Standard deviation is too large;ΔT out of range (65);Too low water flow (19);Standard deviation is too large (2);ΔT out of range (13);Problems with water supply (7);ΔT out of range (35)",382.059,4,"Equilibrator Temperature Standard deviation is too large (3);ΔT out of range (65);Too low water flow;Water Temperature Standard deviation is too large;ΔT out of range (65);Too low water flow (19);Standard deviation is too large (2);ΔT out of range (13);Problems with water supply (7);ΔT out of range (35)",NaN,,,NaN,,
2024-12-09T00:39:33.000Z,10.700,2,"",M,59.092,2,"",M,6.000,2,"",N,6.728,3,"ΔT out of range",M,28.487,2,"",M,8.540,3,"ΔT out of range",M,1035.431,2,"",M,407.910,2,"",M,NaN,,,0,NaN,,,M,382.008,4,"Equilibrator Temperature Standard deviation is too large (3);ΔT out of range (65);Too low water flow;Water Temperature Standard deviation is too large;ΔT out of range (65);Too low water flow (19);Standard deviation is too large (2);ΔT out of range (13);Problems with water supply (7);ΔT out of range (35)",380.476,4,"Equilibrator Temperature Standard deviation is too large (3);ΔT out of range (65);Too low water flow;Water Temperature Standard deviation is too large;ΔT out of range (65);Too low water flow (19);Standard deviation is too large (2);ΔT out of range (13);Problems with water supply (7);ΔT out of range (35)",NaN,,,NaN,,
2024-12-09T00:41:24.000Z,10.695,2,"",M,59.092,2,"",M,6.000,2,"",N,6.719,3,"ΔT out of range",M,28.436,2,"",M,9.000,3,"ΔT out of range",M,1035.470,2,"",M,407.021,2,"",M,NaN,,,0,NaN,,,M,373.573,4,"Equilibrator Temperature Standard deviation is too large (3);ΔT out of range (65);Too low water flow;Water Temperature Standard deviation is too large;ΔT out of range (65);Too low water flow (19);Standard deviation is too large (2);ΔT out of range (13);Problems with water supply (7);ΔT out of range (35)",372.084,4,"Equilibrator Temperature Standard deviation is too large (3);ΔT out of range (65);Too low water flow;Water Temperature Standard deviation is too large;ΔT out of range (65);Too low water flow (19);Standard deviation is too large (2);ΔT out of range (13);Problems with water supply (7);ΔT out of range (35)",NaN,,,NaN,,
2024-12-09T00:43:16.000Z,10.691,2,"",M,59.092,2,"",M,6.000,2,"",N,6.703,3,"ΔT out of range",M,28.356,2,"",M,8.990,3,"ΔT out of range",M,1035.230,2,"",M,405.952,2,"",M,NaN,,,0,NaN,,,M,372.414,4,"Equilibrator Temperature Standard deviation is too large (3);ΔT out of range (65);Too low water flow;Water Temperature Standard deviation is too large;ΔT out of range (65);Too low water flow (19);Standard deviation is too large (2);ΔT out of range (13);Problems with water supply (7);ΔT out of range (35)",370.929,4,"Equilibrator Temperature Standard deviation is too large (3);ΔT out of range (65);Too low water flow;Water Temperature Standard deviation is too large;ΔT out of range (65);Too low water flow (19);Standard deviation is too large (2);ΔT out of range (13);Problems with water supply (7);ΔT out of range (35)",NaN,,,NaN,,
2024-12-09T00:45:07.000Z,10.688,2,"",M,59.092,2,"",M,6.000,2,"",N,6.642,3,"ΔT out of range",M,28.316,2,"",M,9.010,3,"ΔT out of range",M,1035.310,2,"",M,405.133,2,"",M,NaN,,,0,NaN,,,M,370.413,4,"Equilibrator Temperature Standard deviation is too large (3);ΔT out of range (65);Too low water flow;Water Temperature Standard deviation is too large;ΔT out of range (65);Too low water flow (19);Standard deviation is too large (2);ΔT out of range (13);Problems with water supply (7);ΔT out of range (35)",368.936,4,"Equilibrator Temperature Standard deviation is too large (3);ΔT out of range (65);Too low water flow;Water Temperature Standard deviation is too large;ΔT out of range (65);Too low water flow (19);Standard deviation is too large (2);ΔT out of range (13);Problems with water supply (7);ΔT out of range (35)",NaN,,,NaN,,
2024-12-09T00:46:58.000Z,10.689,2,"",M,59.094,2,"",M,6.000,2,"",N,6.951,3,"ΔT out of range",M,28.237,2,"",M,9.050,3,"ΔT out of range",M,1035.480,2,"",M,403.903,2,"",M,NaN,,,0,NaN,,,M,373.565,4,"Equilibrator Temperature Standard deviation is too large (3);ΔT out of range (65);Too low water flow;Water Temperature Standard deviation is too large;ΔT out of range (65);Too low water flow (19);Standard deviation is too large (2);ΔT out of range (13);Problems with water supply (7);ΔT out of range (35)",372.076,4,"Equilibrator Temperature Standard deviation is too large (3);ΔT out of range (65);Too low water flow;Water Temperature Standard deviation is too large;ΔT out of range (65);Too low water flow (19);Standard deviation is too large (2);ΔT out of range (13);Problems with water supply (7);ΔT out of range (35)",NaN,,,NaN,,
2024-12-09T00:48:50.000Z,10.687,2,"",M,59.095,2,"",M,6.000,2,"",N,6.792,3,"ΔT out of range",M,28.637,2,"",M,8.990,3,"ΔT out of range",M,1035.770,2,"",M,403.534,2,"",M,NaN,,,0,NaN,,,M,371.788,4,"Equilibrator Temperature Standard deviation is too large (3);ΔT out of range (65);Too low water flow;Water Temperature Standard deviation is too large;ΔT out of range (65);Too low water flow (19);Standard deviation is too large (2);ΔT out of range (13);Problems with water supply (7);ΔT out of range (35)",370.305,4,"Equilibrator Temperature Standard deviation is too large (3);ΔT out of range (65);Too low water flow;Water Temperature Standard deviation is too large;ΔT out of range (65);Too low water flow (19);Standard deviation is too large (2);ΔT out of range (13);Problems with water supply (7);ΔT out of range (35)",NaN,,,NaN,,
2024-12-09T00:50:41.000Z,10.685,2,"",M,59.094,2,"",M,6.000,2,"",N,7.148,3,"ΔT out of range",M,28.502,2,"",M,8.940,3,"ΔT out of range",M,1035.600,2,"",M,402.324,2,"",M,NaN,,,0,NaN,,,M,377.037,4,"Equilibrator Temperature Standard deviation is too large (3);ΔT out of range (65);Too low water flow;Water Temperature Standard deviation is too large;ΔT out of range (65);Too low water flow (19);Standard deviation is too large (2);ΔT out of range (13);Problems with water supply (7);ΔT out of range (35)",375.532,4,"Equilibrator Temperature Standard deviation is too large (3);ΔT out of range (65);Too low water flow;Water Temperature Standard deviation is too large;ΔT out of range (65);Too low water flow (19);Standard deviation is too large (2);ΔT out of range (13);Problems with water supply (7);ΔT out of range (35)",NaN,,,NaN,,
2024-12-09T00:52:34.000Z,10.685,2,"",M,59.094,2,"",M,6.000,2,"",N,7.578,3,"ΔT out of range",M,28.462,2,"",M,8.990,3,"ΔT out of range",M,1035.640,2,"",M,402.136,2,"",M,NaN,,,0,NaN,,,M,382.975,4,"Equilibrator Temperature Standard deviation is too large (3);ΔT out of range (65);Too low water flow;Water Temperature Standard deviation is too large;ΔT out of range (65);Too low water flow",381.448,4,"Equilibrator Temperature Standard deviation is too large (3);ΔT out of range (65);Too low water flow;Water Temperature Standard deviation is too large;ΔT out of range (65);Too low water flow",NaN,,,NaN,,
2024-12-09T00:54:25.000Z,10.685,2,"",M,59.093,2,"",M,6.000,2,"",N,7.575,3,"ΔT out of range",M,29.505,2,"",M,9.040,3,"ΔT out of range",M,1035.510,2,"",M,402.268,2,"",M,NaN,,,0,NaN,,,M,382.173,4,"Equilibrator Temperature Standard deviation is too large (3);ΔT out of range (65);Too low water flow;Water Temperature Standard deviation is too large;ΔT out of range (65);Too low water flow",380.650,4,"Equilibrator Temperature Standard deviation is too large (3);ΔT out of range (65);Too low water flow;Water Temperature Standard deviation is too large;ΔT out of range (65);Too low water flow",NaN,,,NaN,,
2024-12-09T00:56:16.000Z,10.685,2,"",M,59.093,2,"",M,6.000,2,"",N,7.469,3,"ΔT out of range",M,29.641,2,"",M,9.390,3,"ΔT out of range",M,1035.740,2,"",M,402.481,2,"",M,NaN,,,0,NaN,,,M,375.061,4,"Equilibrator Temperature Standard deviation is too large (3);ΔT out of range (65);Too low water flow;Water Temperature Standard deviation is too large;ΔT out of range (65);Too low water flow",373.573,4,"Equilibrator Temperature Standard deviation is too large (3);ΔT out of range (65);Too low water flow;Water Temperature Standard deviation is too large;ΔT out of range (65);Too low water flow",NaN,,,NaN,,
2024-12-09T00:58:08.000Z,10.685,2,"",M,59.093,2,"",M,6.000,2,"",N,7.461,3,"ΔT out of range",M,29.613,2,"",M,9.570,3,"ΔT out of range",M,1035.610,2,"",M,403.995,2,"",M,NaN,,,0,NaN,,,M,373.394,4,"Equilibrator Temperature Standard deviation is too large (3);ΔT out of range (65);Too low water flow;Water Temperature Standard deviation is too large;ΔT out of range (65);Too low water flow",371.916,4,"Equilibrator Temperature Standard deviation is too large (3);ΔT out of range (65);Too low water flow;Water Temperature Standard deviation is too large;ΔT out of range (65);Too low water flow",NaN,,,NaN,,
2024-12-09T01:00:20.000Z,10.685,2,"",M,59.093,2,"",M,6.000,2,"",N,7.199,3,"ΔT out of range",M,29.337,2,"",M,9.580,3,"ΔT out of range",M,1035.495,2,"",M,406.732,2,"",M,NaN,,,0,NaN,,,M,371.570,4,"Equilibrator Temperature Standard deviation is too large (3);ΔT out of range (65);Too low water flow;Water Temperature Standard deviation is too large;ΔT out of range (65);Too low water flow (19);Standard deviation is too large (2);ΔT out of range (13);Problems with water supply (7);ΔT out of range (35)",370.100,4,"Equilibrator Temperature Standard deviation is too large (3);ΔT out of range (65);Too low water flow;Water Temperature Standard deviation is too large;ΔT out of range (65);Too low water flow (19);Standard deviation is too large (2);ΔT out of range (13);Problems with water supply (7);ΔT out of range (35)",NaN,,,NaN,,
2024-12-09T01:02:12.000Z,10.685,2,"",M,59.093,2,"",M,6.000,2,"",N,7.273,3,"ΔT out of range",M,29.079,2,"",M,9.660,3,"ΔT out of range",M,1035.910,2,"",M,407.606,2,"",M,NaN,,,0,NaN,,,M,372.402,4,"Equilibrator Temperature Standard deviation is too large (3);ΔT out of range (65);Too low water flow;Water Temperature Standard deviation is too large;ΔT out of range (65);Too low water flow (19);Standard deviation is too large (2);ΔT out of range (13);Problems with water supply (7);ΔT out of range (35)",370.929,4,"Equilibrator Temperature Standard deviation is too large (3);ΔT out of range (65);Too low water flow;Water Temperature Standard deviation is too large;ΔT out of range (65);Too low water flow (19);Standard deviation is too large (2);ΔT out of range (13);Problems with water supply (7);ΔT out of range (35)",NaN,,,NaN,,
2024-12-09T01:04:04.000Z,10.685,2,"",M,59.093,2,"",M,6.000,2,"",N,7.204,3,"ΔT out of range",M,29.046,2,"",M,9.940,3,"ΔT out of range",M,1035.660,2,"",M,408.960,2,"",M,NaN,,,0,NaN,,,M,368.005,4,"Equilibrator Temperature Standard deviation is too large (3);ΔT out of range (65);Too low water flow;Water Temperature Standard deviation is too large;ΔT out of range (65);Too low water flow (19);Standard deviation is too large (2);ΔT out of range (13);Problems with water supply (7);ΔT out of range (35)",366.555,4,"Equilibrator Temperature Standard deviation is too large (3);ΔT out of range (65);Too low water flow;Water Temperature Standard deviation is too large;ΔT out of range (65);Too low water flow (19);Standard deviation is too large (2);ΔT out of range (13);Problems with water supply (7);ΔT out of range (35)",NaN,,,NaN,,
2024-12-09T01:05:55.000Z,10.685,2,"",M,59.093,2,"",M,6.000,2,"",N,7.082,3,"ΔT out of range",M,29.081,2,"",M,9.990,3,"ΔT out of range",M,1035.610,2,"",M,411.226,2,"",M,NaN,,,0,NaN,,,M,367.328,4,"Equilibrator Temperature Standard deviation is too large (3);ΔT out of range (65);Too low water flow;Water Temperature Standard deviation is too large;ΔT out of range (65);Too low water flow",365.881,4,"Equilibrator Temperature Standard deviation is too large (3);ΔT out of range (65);Too low water flow;Water Temperature Standard deviation is too large;ΔT out of range (65);Too low water flow",NaN,,,NaN,,
2024-12-09T01:07:46.000Z,10.685,2,"",M,59.093,2,"",M,6.000,2,"",N,6.871,4,"ΔT out of range",M,28.917,2,"",M,10.070,4,"ΔT out of range",M,1035.660,2,"",M,412.910,2,"",M,NaN,,,0,NaN,,,M,364.303,4,"Equilibrator Temperature Standard deviation is too large (3);ΔT out of range (65);Too low water flow;Water Temperature Standard deviation is too large;ΔT out of range (65);Too low water flow",362.871,4,"Equilibrator Temperature Standard deviation is too large (3);ΔT out of range (65);Too low water flow;Water Temperature Standard deviation is too large;ΔT out of range (65);Too low water flow",NaN,,,NaN,,
2024-12-09T01:09:38.000Z,10.685,2,"",M,59.093,2,"",M,6.000,2,"",N,6.959,4,"ΔT out of range",M,28.592,2,"",M,10.170,4,"ΔT out of range",M,1035.620,2,"",M,414.125,2,"",M,NaN,,,0,NaN,,,M,365.147,4,"Equilibrator Temperature Standard deviation is too large (3);ΔT out of range (65);Too low water flow;Water Temperature Standard deviation is too large;ΔT out of range (65);Too low water flow",363.713,4,"Equilibrator Temperature Standard deviation is too large (3);ΔT out of range (65);Too low water flow;Water Temperature Standard deviation is too large;ΔT out of range (65);Too low water flow",NaN,,,NaN,,
2024-12-09T01:11:29.000Z,10.685,2,"",M,59.093,2,"",M,6.000,2,"",N,7.147,4,"ΔT out of range",M,28.671,2,"",M,10.320,4,"ΔT out of range",M,1035.820,2,"",M,414.938,2,"",M,NaN,,,0,NaN,,,M,366.487,4,"Equilibrator Temperature Standard deviation is too large (3);ΔT out of range (65);Too low water flow;Water Temperature Standard deviation is too large;ΔT out of range (65);Too low water flow",365.050,4,"Equilibrator Temperature Standard deviation is too large (3);ΔT out of range (65);Too low water flow;Water Temperature Standard deviation is too large;ΔT out of range (65);Too low water flow",NaN,,,NaN,,
2024-12-09T01:13:20.000Z,10.685,2,"",M,59.093,2,"",M,6.000,2,"",N,7.146,4,"ΔT out of range",M,29.003,2,"",M,10.380,4,"ΔT out of range",M,1035.900,2,"",M,415.752,2,"",M,NaN,,,0,NaN,,,M,366.273,4,"Equilibrator Temperature Standard deviation is too large (3);ΔT out of range (65);Too low water flow;Water Temperature Standard deviation is too large;ΔT out of range (65);Too low water flow",364.838,4,"Equilibrator Temperature Standard deviation is too large (3);ΔT out of range (65);Too low water flow;Water Temperature Standard deviation is too large;ΔT out of range (65);Too low water flow",NaN,,,NaN,,
2024-12-09T01:15:12.000Z,10.685,2,"",M,59.093,2,"",M,6.000,2,"",N,7.322,4,"ΔT out of range",M,28.841,2,"",M,10.420,4,"ΔT out of range",M,1035.850,2,"",M,416.285,2,"",M,NaN,,,0,NaN,,,M,368.829,4,"Equilibrator Temperature Standard deviation is too large (3);ΔT out of range (65);Too low water flow;Water Temperature Standard deviation is too large;ΔT out of range (65);Too low water flow",367.384,4,"Equilibrator Temperature Standard deviation is too large (3);ΔT out of range (65);Too low water flow;Water Temperature Standard deviation is too large;ΔT out of range (65);Too low water flow",NaN,,,NaN,,
2024-12-09T01:17:03.000Z,10.685,2,"",M,59.093,2,"",M,6.000,2,"",N,7.161,4,"ΔT out of range",M,29.122,2,"",M,10.470,4,"ΔT out of range",M,1035.780,2,"",M,416.938,2,"",M,NaN,,,0,NaN,,,M,366.074,4,"Equilibrator Temperature Standard deviation is too large (3);ΔT out of range (65);Too low water flow;Water Temperature Standard deviation is too large;ΔT out of range (65);Too low water flow",364.642,4,"Equilibrator Temperature Standard deviation is too large (3);ΔT out of range (65);Too low water flow;Water Temperature Standard deviation is too large;ΔT out of range (65);Too low water flow",NaN,,,NaN,,
2024-12-09T01:18:54.000Z,10.685,2,"",M,59.093,2,"",M,6.000,2,"",N,7.089,4,"ΔT out of range",M,29.057,2,"",M,10.520,4,"ΔT out of range",M,1035.900,2,"",M,417.371,2,"",M,NaN,,,0,NaN,,,M,364.601,4,"Equilibrator Temperature Standard deviation is too large (3);ΔT out of range (65);Too low water flow;Water Temperature Standard deviation is too large;ΔT out of range (65);Too low water flow",363.175,4,"Equilibrator Temperature Standard deviation is too large (3);ΔT out of range (65);Too low water flow;Water Temperature Standard deviation is too large;ΔT out of range (65);Too low water flow",NaN,,,NaN,,
2024-12-09T01:23:24.000Z,10.685,2,"",M,59.093,2,"",M,6.000,2,"",N,NaN,,,M,NaN,,,M,NaN,,,M,NaN,,,M,NaN,,,0,NaN,,,0,NaN,,,M,NaN,,,NaN,,,NaN,,,NaN,,
2024-12-09T01:25:13.000Z,10.685,2,"",M,59.093,2,"",M,6.000,2,"",N,NaN,,,M,NaN,,,M,NaN,,,M,NaN,,,M,NaN,,,0,NaN,,,0,NaN,,,M,NaN,,,NaN,,,NaN,,,NaN,,
2024-12-09T01:32:08.000Z,10.685,2,"",M,59.093,2,"",M,6.000,2,"",N,NaN,,,M,NaN,,,M,NaN,,,M,NaN,,,M,NaN,,,0,NaN,,,0,NaN,,,M,NaN,,,NaN,,,NaN,,,NaN,,
2024-12-09T01:36:38.000Z,10.685,2,"",M,59.093,2,"",M,6.000,2,"",N,NaN,,,M,NaN,,,M,NaN,,,M,NaN,,,M,NaN,,,0,NaN,,,0,NaN,,,M,NaN,,,NaN,,,NaN,,,NaN,,
2024-12-09T01:41:07.000Z,10.685,2,"",M,59.093,2,"",M,6.000,2,"",N,NaN,,,M,NaN,,,M,NaN,,,M,NaN,,,M,NaN,,,0,NaN,,,0,NaN,,,M,NaN,,,NaN,,,NaN,,,NaN,,
2024-12-09T12:41:14.000Z,10.728,2,"",M,59.102,2,"",M,6.000,2,"",N,NaN,,,M,NaN,,,M,NaN,,,M,NaN,,,M,NaN,,,0,NaN,,,0,NaN,,,M,NaN,,,NaN,,,NaN,,,NaN,,
2024-12-09T12:46:07.000Z,10.728,2,"",M,59.102,2,"",M,6.000,2,"",N,NaN,,,M,NaN,,,M,NaN,,,M,NaN,,,M,NaN,,,0,NaN,,,0,NaN,,,M,NaN,,,NaN,,,NaN,,,NaN,,
2024-12-09T12:50:37.000Z,10.728,2,"",M,59.102,2,"",M,6.000,2,"",N,NaN,,,M,NaN,,,M,NaN,,,M,NaN,,,M,NaN,,,0,NaN,,,0,NaN,,,M,NaN,,,NaN,,,NaN,,,NaN,,
2024-12-09T12:52:27.000Z,10.728,2,"",M,59.102,2,"",M,6.000,2,"",N,NaN,,,M,NaN,,,M,NaN,,,M,NaN,,,M,NaN,,,0,NaN,,,0,NaN,,,M,NaN,,,NaN,,,NaN,,,NaN,,
2024-12-09T12:54:17.000Z,10.728,2,"",M,59.102,2,"",M,6.000,2,"",N,NaN,,,M,NaN,,,M,NaN,,,M,NaN,,,M,NaN,,,0,NaN,,,0,NaN,,,M,NaN,,,NaN,,,NaN,,,NaN,,
2024-12-09T12:58:46.000Z,10.728,2,"",M,59.102,2,"",M,6.000,2,"",N,NaN,,,M,NaN,,,M,NaN,,,M,NaN,,,M,NaN,,,0,NaN,,,0,NaN,,,M,NaN,,,NaN,,,NaN,,,NaN,,
2024-12-09T13:00:35.000Z,10.728,2,"",M,59.102,2,"",M,6.000,2,"",N,NaN,,,M,NaN,,,M,NaN,,,M,NaN,,,M,NaN,,,0,NaN,,,0,NaN,,,M,NaN,,,NaN,,,NaN,,,NaN,,
2024-12-09T13:02:24.000Z,10.728,2,"",M,59.102,2,"",M,6.000,2,"",N,NaN,,,M,NaN,,,M,NaN,,,M,NaN,,,M,NaN,,,0,NaN,,,0,NaN,,,M,NaN,,,NaN,,,NaN,,,NaN,,
2024-12-09T13:06:53.000Z,10.727,2,"",M,59.100,2,"",M,6.000,2,"",N,NaN,,,M,NaN,,,M,NaN,,,M,NaN,,,M,NaN,,,0,NaN,,,0,NaN,,,M,NaN,,,NaN,,,NaN,,,NaN,,
2024-12-09T13:08:42.000Z,10.727,2,"",M,59.100,2,"",M,6.000,2,"",N,NaN,,,M,NaN,,,M,NaN,,,M,NaN,,,M,NaN,,,0,NaN,,,0,NaN,,,M,NaN,,,NaN,,,NaN,,,NaN,,
2024-12-09T13:10:31.000Z,10.727,2,"",M,59.100,2,"",M,6.000,2,"",N,NaN,,,M,NaN,,,M,NaN,,,M,NaN,,,M,NaN,,,0,NaN,,,0,NaN,,,M,NaN,,,NaN,,,NaN,,,NaN,,
2024-12-09T13:15:00.000Z,10.727,2,"",M,59.100,2,"",M,6.000,2,"",N,7.373,2,"",M,29.832,2,"",M,NaN,,,M,NaN,,,M,NaN,,,0,430.311,2,"",M,1040.200,2,"",M,NaN,,,NaN,,,438.542,2,"",436.743,2,""
2024-12-09T13:16:49.000Z,10.728,2,"",M,59.100,2,"",M,6.000,2,"",N,7.390,2,"",M,29.890,2,"",M,NaN,,,M,NaN,,,M,NaN,,,0,430.485,2,"",M,1040.300,2,"",M,NaN,,,NaN,,,438.757,2,"",436.958,2,""
2024-12-09T13:18:38.000Z,10.728,2,"",M,59.101,2,"",M,6.000,2,"",N,7.312,2,"",M,29.777,2,"",M,NaN,,,M,NaN,,,M,NaN,,,0,430.209,2,"",M,1040.200,2,"",M,NaN,,,NaN,,,438.456,2,"",436.656,2,""
2024-12-09T13:20:27.000Z,10.728,2,"",M,59.101,2,"",M,6.000,2,"",N,7.442,2,"",M,29.948,2,"",M,NaN,,,M,NaN,,,M,NaN,,,0,430.383,2,"",M,1040.200,2,"",M,NaN,,,NaN,,,438.595,2,"",436.798,2,""
2024-12-09T13:22:17.000Z,10.728,2,"",M,59.101,2,"",M,6.000,2,"",N,NaN,,,0,NaN,,,0,NaN,,,M,NaN,,,M,NaN,,,0,430.348,2,"",M,1040.300,2,"",M,NaN,,,NaN,,,NaN,,,NaN,,
2024-12-09T13:27:27.000Z,10.728,2,"",M,59.101,2,"",M,6.000,2,"",N,7.380,2,"",M,30.031,2,"",M,7.940,2,"",M,1040.630,2,"",M,397.652,2,"",M,NaN,,,0,NaN,,,M,394.817,2,"",393.213,2,"",NaN,,,NaN,,
2024-12-09T13:29:19.000Z,10.728,2,"",M,59.101,2,"",M,6.000,2,"",N,7.374,2,"",M,30.024,2,"",M,7.960,2,"",M,1040.440,2,"",M,397.907,2,"",M,NaN,,,0,NaN,,,M,394.550,2,"",392.947,2,"",NaN,,,NaN,,
2024-12-09T13:31:11.000Z,10.727,2,"",M,59.101,2,"",M,6.000,2,"",N,7.259,2,"",M,29.588,2,"",M,8.010,2,"",M,1040.680,2,"",M,397.521,2,"",M,NaN,,,0,NaN,,,M,391.503,2,"",389.913,2,"",NaN,,,NaN,,
2024-12-09T13:33:03.000Z,10.724,2,"",M,59.101,2,"",M,6.000,2,"",N,7.213,2,"",M,29.606,2,"",M,7.860,2,"",M,1040.860,2,"",M,396.614,2,"",M,NaN,,,0,NaN,,,M,392.444,2,"",390.848,2,"",NaN,,,NaN,,
2024-12-09T13:34:54.000Z,10.719,2,"",M,59.100,2,"",M,6.000,2,"",N,7.165,2,"",M,29.581,2,"",M,7.820,2,"",M,1040.810,2,"",M,394.387,2,"",M,NaN,,,0,NaN,,,M,390.093,2,"",388.506,2,"",NaN,,,NaN,,
2024-12-09T13:36:46.000Z,10.714,2,"",M,59.099,2,"",M,6.000,2,"",N,7.169,2,"",M,29.591,2,"",M,7.770,2,"",M,1040.670,2,"",M,392.640,2,"",M,NaN,,,0,NaN,,,M,389.228,2,"",387.643,2,"",NaN,,,NaN,,
2024-12-09T13:38:37.000Z,10.709,2,"",M,59.097,2,"",M,6.000,2,"",N,7.176,2,"",M,29.672,2,"",M,7.740,2,"",M,1040.650,2,"",M,391.043,2,"",M,NaN,,,0,NaN,,,M,388.242,2,"",386.661,2,"",NaN,,,NaN,,
2024-12-09T13:40:49.000Z,10.702,2,"",M,59.096,2,"",M,6.000,2,"",N,7.174,2,"",M,29.647,2,"",M,7.770,2,"",M,1040.860,2,"",M,391.088,2,"",M,NaN,,,0,NaN,,,M,387.832,2,"",386.252,2,"",NaN,,,NaN,,
2024-12-09T13:42:41.000Z,10.696,2,"",M,59.095,2,"",M,6.000,2,"",N,7.162,2,"",M,29.646,2,"",M,7.770,2,"",M,1040.930,2,"",M,391.863,2,"",M,NaN,,,0,NaN,,,M,388.429,2,"",386.847,2,"",NaN,,,NaN,,
2024-12-09T13:44:32.000Z,10.691,2,"",M,59.094,2,"",M,6.000,2,"",N,7.154,2,"",M,29.671,2,"",M,7.740,2,"",M,1040.720,2,"",M,391.917,2,"",M,NaN,,,0,NaN,,,M,388.780,2,"",387.196,2,"",NaN,,,NaN,,
2024-12-09T13:46:23.000Z,10.685,2,"",M,59.093,2,"",M,6.000,2,"",N,7.151,2,"",M,29.676,2,"",M,7.740,2,"",M,1040.570,2,"",M,392.111,2,"",M,NaN,,,0,NaN,,,M,388.866,2,"",387.282,2,"",NaN,,,NaN,,
2024-12-09T13:48:18.000Z,10.679,2,"",M,59.092,2,"",M,6.000,2,"",N,7.173,2,"",M,29.747,2,"",M,7.720,2,"",M,1040.630,2,"",M,391.775,2,"",M,NaN,,,0,NaN,,,M,389.245,2,"",387.659,2,"",NaN,,,NaN,,
2024-12-09T13:50:10.000Z,10.675,2,"",M,59.089,2,"",M,6.000,2,"",N,7.360,2,"",M,29.750,2,"",M,7.770,2,"",M,1040.910,2,"",M,392.360,2,"",M,NaN,,,0,NaN,,,M,392.197,2,"",390.600,2,"",NaN,,,NaN,,
2024-12-09T13:52:02.000Z,10.673,2,"",M,59.088,2,"",M,6.000,2,"",N,7.337,2,"",M,29.668,2,"",M,7.830,2,"",M,1040.830,2,"",M,393.435,2,"",M,NaN,,,0,NaN,,,M,391.836,2,"",390.241,2,"",NaN,,,NaN,,
2024-12-09T13:53:53.000Z,10.673,2,"",M,59.088,2,"",M,6.000,2,"",N,7.353,2,"",M,29.683,2,"",M,7.920,2,"",M,1040.600,2,"",M,394.971,2,"",M,NaN,,,0,NaN,,,M,392.026,2,"",390.433,2,"",NaN,,,NaN,,
2024-12-09T13:55:44.000Z,10.673,2,"",M,59.088,2,"",M,6.000,2,"",N,7.337,2,"",M,29.669,2,"",M,7.910,2,"",M,1040.420,2,"",M,397.126,2,"",M,NaN,,,0,NaN,,,M,394.007,2,"",392.406,2,"",NaN,,,NaN,,
2024-12-09T13:57:36.000Z,10.674,2,"",M,59.088,2,"",M,6.000,2,"",N,7.529,2,"",M,29.663,2,"",M,7.930,2,"",M,1040.610,2,"",M,397.421,2,"",M,NaN,,,0,NaN,,,M,397.236,2,"",395.622,2,"",NaN,,,NaN,,
2024-12-09T13:59:27.000Z,10.674,2,"",M,59.089,2,"",M,6.000,2,"",N,7.473,2,"",M,29.813,2,"",M,8.030,2,"",M,1040.630,2,"",M,397.926,2,"",M,NaN,,,0,NaN,,,M,395.117,2,"",393.513,2,"",NaN,,,NaN,,
2024-12-09T14:01:18.000Z,10.674,2,"",M,59.089,2,"",M,6.000,2,"",N,7.442,2,"",M,29.783,2,"",M,8.050,2,"",M,1040.510,2,"",M,399.531,2,"",M,NaN,,,0,NaN,,,M,395.804,2,"",394.198,2,"",NaN,,,NaN,,
2024-12-09T14:03:10.000Z,10.674,2,"",M,59.089,2,"",M,6.000,2,"",N,7.430,2,"",M,29.726,2,"",M,8.050,2,"",M,1040.760,2,"",M,401.016,2,"",M,NaN,,,0,NaN,,,M,397.170,2,"",395.559,2,"",NaN,,,NaN,,
2024-12-09T14:05:01.000Z,10.674,2,"",M,59.089,2,"",M,6.000,2,"",N,7.433,2,"",M,29.708,2,"",M,7.990,2,"",M,1040.750,2,"",M,400.670,2,"",M,NaN,,,0,NaN,,,M,397.892,2,"",396.276,2,"",NaN,,,NaN,,
2024-12-09T14:06:52.000Z,10.674,2,"",M,59.089,2,"",M,6.000,2,"",N,7.467,2,"",M,29.727,2,"",M,8.000,2,"",M,1041.040,2,"",M,399.754,2,"",M,NaN,,,0,NaN,,,M,397.488,2,"",395.873,2,"",NaN,,,NaN,,
2024-12-09T14:08:44.000Z,10.674,2,"",M,59.089,2,"",M,6.000,2,"",N,7.509,2,"",M,29.776,2,"",M,8.020,2,"",M,1040.980,2,"",M,399.768,2,"",M,NaN,,,0,NaN,,,M,397.857,2,"",396.242,2,"",NaN,,,NaN,,
2024-12-09T14:10:35.000Z,10.674,2,"",M,59.089,2,"",M,6.000,2,"",N,7.451,2,"",M,29.761,2,"",M,8.080,2,"",M,1040.870,2,"",M,399.872,2,"",M,NaN,,,0,NaN,,,M,395.918,2,"",394.312,2,"",NaN,,,NaN,,
2024-12-09T14:12:27.000Z,10.674,2,"",M,59.089,2,"",M,6.000,2,"",N,7.423,2,"",M,29.723,2,"",M,8.040,2,"",M,1040.720,2,"",M,400.757,2,"",M,NaN,,,0,NaN,,,M,396.937,2,"",395.326,2,"",NaN,,,NaN,,
2024-12-09T14:14:18.000Z,10.674,2,"",M,59.089,2,"",M,6.000,2,"",N,7.419,2,"",M,29.720,2,"",M,8.010,2,"",M,1040.790,2,"",M,400.401,2,"",M,NaN,,,0,NaN,,,M,397.069,2,"",395.457,2,"",NaN,,,NaN,,
2024-12-09T14:16:09.000Z,10.674,2,"",M,59.089,2,"",M,6.000,2,"",N,7.445,2,"",M,29.735,2,"",M,8.020,2,"",M,1040.900,2,"",M,400.225,2,"",M,NaN,,,0,NaN,,,M,397.203,2,"",395.590,2,"",NaN,,,NaN,,
2024-12-09T14:18:01.000Z,10.674,2,"",M,59.088,2,"",M,6.000,2,"",N,7.474,2,"",M,29.756,2,"",M,8.020,2,"",M,1040.820,2,"",M,400.110,2,"",M,NaN,,,0,NaN,,,M,397.533,2,"",395.920,2,"",NaN,,,NaN,,
2024-12-09T14:19:52.000Z,10.674,2,"",M,59.088,2,"",M,6.000,2,"",N,7.481,2,"",M,29.755,2,"",M,8.040,2,"",M,1040.740,2,"",M,399.874,2,"",M,NaN,,,0,NaN,,,M,397.046,2,"",395.435,2,"",NaN,,,NaN,,
2024-12-09T14:21:43.000Z,10.674,2,"",M,59.088,2,"",M,6.000,2,"",N,7.450,2,"",M,29.760,2,"",M,8.030,2,"",M,1040.640,2,"",M,400.118,2,"",M,NaN,,,0,NaN,,,M,396.900,2,"",395.289,2,"",NaN,,,NaN,,
2024-12-09T14:23:35.000Z,10.674,2,"",M,59.088,2,"",M,6.000,2,"",N,7.405,2,"",M,29.715,2,"",M,8.050,2,"",M,1040.830,2,"",M,400.442,2,"",M,NaN,,,0,NaN,,,M,396.204,2,"",394.596,2,"",NaN,,,NaN,,
2024-12-09T14:25:26.000Z,10.674,2,"",M,59.088,2,"",M,6.000,2,"",N,7.355,2,"",M,29.695,2,"",M,8.000,2,"",M,1040.850,2,"",M,400.747,2,"",M,NaN,,,0,NaN,,,M,396.518,2,"",394.908,2,"",NaN,,,NaN,,
2024-12-09T14:27:19.000Z,10.674,2,"",M,59.087,2,"",M,6.000,2,"",N,7.340,2,"",M,29.679,2,"",M,7.940,2,"",M,1040.770,2,"",M,399.660,2,"",M,NaN,,,0,NaN,,,M,396.181,2,"",394.572,2,"",NaN,,,NaN,,
2024-12-09T14:29:11.000Z,10.674,2,"",M,59.087,2,"",M,6.000,2,"",N,7.377,2,"",M,29.675,2,"",M,7.910,2,"",M,1040.690,2,"",M,399.134,2,"",M,NaN,,,0,NaN,,,M,396.776,2,"",395.163,2,"",NaN,,,NaN,,
2024-12-09T14:31:02.000Z,10.674,2,"",M,59.087,2,"",M,6.000,2,"",N,7.365,2,"",M,29.679,2,"",M,7.950,2,"",M,1040.660,2,"",M,398.318,2,"",M,NaN,,,0,NaN,,,M,395.060,2,"",393.455,2,"",NaN,,,NaN,,
2024-12-09T14:32:54.000Z,10.674,2,"",M,59.087,2,"",M,6.000,2,"",N,7.349,2,"",M,29.695,2,"",M,7.960,2,"",M,1040.840,2,"",M,398.872,2,"",M,NaN,,,0,NaN,,,M,395.253,2,"",393.648,2,"",NaN,,,NaN,,
2024-12-09T14:34:45.000Z,10.674,2,"",M,59.087,2,"",M,6.000,2,"",N,7.417,2,"",M,29.722,2,"",M,7.950,2,"",M,1040.810,2,"",M,399.117,2,"",M,NaN,,,0,NaN,,,M,396.781,2,"",395.169,2,"",NaN,,,NaN,,
2024-12-09T14:36:36.000Z,10.674,2,"",M,59.087,2,"",M,6.000,2,"",N,7.467,2,"",M,29.786,2,"",M,8.020,2,"",M,1040.640,2,"",M,399.351,2,"",M,NaN,,,0,NaN,,,M,396.592,2,"",394.982,2,"",NaN,,,NaN,,
2024-12-09T14:38:28.000Z,10.674,2,"",M,59.087,2,"",M,6.000,2,"",N,7.487,2,"",M,29.753,2,"",M,8.050,2,"",M,1040.578,2,"",M,399.946,2,"",M,NaN,,,0,NaN,,,M,396.996,2,"",395.386,2,"",NaN,,,NaN,,
2024-12-09T14:40:40.000Z,10.674,2,"",M,59.087,2,"",M,6.000,2,"",N,7.444,2,"",M,29.755,2,"",M,8.060,2,"",M,1040.890,2,"",M,400.471,2,"",M,NaN,,,0,NaN,,,M,396.734,2,"",395.124,2,"",NaN,,,NaN,,
2024-12-09T14:42:32.000Z,10.674,2,"",M,59.087,2,"",M,6.000,2,"",N,7.429,2,"",M,29.738,2,"",M,8.040,2,"",M,1040.870,2,"",M,400.916,2,"",M,NaN,,,0,NaN,,,M,397.253,2,"",395.641,2,"",NaN,,,NaN,,
2024-12-09T14:44:23.000Z,10.674,2,"",M,59.087,2,"",M,6.000,2,"",N,7.417,2,"",M,29.730,2,"",M,8.020,2,"",M,1040.765,2,"",M,400.500,2,"",M,NaN,,,0,NaN,,,M,396.951,2,"",395.340,2,"",NaN,,,NaN,,
2024-12-09T14:46:14.000Z,10.674,2,"",M,59.087,2,"",M,6.000,2,"",N,7.406,2,"",M,29.723,2,"",M,7.990,2,"",M,1040.590,2,"",M,399.954,2,"",M,NaN,,,0,NaN,,,M,396.658,2,"",395.048,2,"",NaN,,,NaN,,
2024-12-09T14:48:05.000Z,10.674,2,"",M,59.087,2,"",M,6.000,2,"",N,7.380,2,"",M,29.707,2,"",M,7.990,2,"",M,1040.580,2,"",M,399.958,2,"",M,NaN,,,0,NaN,,,M,396.230,2,"",394.622,2,"",NaN,,,NaN,,
2024-12-09T14:49:57.000Z,10.673,2,"",M,59.086,2,"",M,6.000,2,"",N,7.299,2,"",M,29.721,2,"",M,7.980,2,"",M,1040.570,2,"",M,399.542,2,"",M,NaN,,,0,NaN,,,M,394.625,2,"",393.022,2,"",NaN,,,NaN,,
2024-12-09T14:51:49.000Z,10.673,2,"",M,59.083,2,"",M,6.000,2,"",N,7.231,2,"",M,29.601,2,"",M,7.930,2,"",M,1040.420,2,"",M,399.286,2,"",M,NaN,,,0,NaN,,,M,394.026,2,"",392.425,2,"",NaN,,,NaN,,
2024-12-09T14:53:42.000Z,10.673,2,"",M,59.081,2,"",M,6.000,2,"",N,7.181,2,"",M,29.549,2,"",M,7.850,2,"",M,1040.340,2,"",M,398.930,2,"",M,NaN,,,0,NaN,,,M,394.169,2,"",392.566,2,"",NaN,,,NaN,,
2024-12-09T14:55:33.000Z,10.673,2,"",M,59.079,2,"",M,6.000,2,"",N,7.178,2,"",M,29.520,2,"",M,7.790,2,"",M,1040.690,2,"",M,397.703,2,"",M,NaN,,,0,NaN,,,M,394.054,2,"",392.449,2,"",NaN,,,NaN,,
2024-12-09T14:57:24.000Z,10.673,2,"",M,59.076,2,"",M,6.000,2,"",N,7.138,2,"",M,29.538,2,"",M,7.770,2,"",M,1040.890,2,"",M,396.747,2,"",M,NaN,,,0,NaN,,,M,392.862,2,"",391.262,2,"",NaN,,,NaN,,
2024-12-09T14:59:16.000Z,10.673,2,"",M,59.074,2,"",M,6.000,2,"",N,7.137,2,"",M,29.506,2,"",M,7.750,2,"",M,1040.870,2,"",M,395.970,2,"",M,NaN,,,0,NaN,,,M,392.405,2,"",390.807,2,"",NaN,,,NaN,,
2024-12-09T15:01:07.000Z,10.674,2,"",M,59.073,2,"",M,6.000,2,"",N,7.081,2,"",M,29.466,2,"",M,7.730,2,"",M,1040.660,2,"",M,395.724,2,"",M,NaN,,,0,NaN,,,M,391.487,2,"",389.893,2,"",NaN,,,NaN,,
2024-12-09T15:02:58.000Z,10.674,2,"",M,59.072,2,"",M,6.000,2,"",N,7.253,2,"",M,29.480,2,"",M,7.660,2,"",M,1040.660,2,"",M,394.948,2,"",M,NaN,,,0,NaN,,,M,394.767,2,"",393.157,2,"",NaN,,,NaN,,
2024-12-09T15:04:50.000Z,10.674,2,"",M,59.072,2,"",M,6.000,2,"",N,7.284,2,"",M,29.813,2,"",M,7.720,2,"",M,1040.830,2,"",M,394.052,2,"",M,NaN,,,0,NaN,,,M,393.432,2,"",391.829,2,"",NaN,,,NaN,,
2024-12-09T15:06:41.000Z,10.674,2,"",M,59.072,2,"",M,6.000,2,"",N,7.204,2,"",M,29.567,2,"",M,7.950,2,"",M,1040.820,2,"",M,395.487,2,"",M,NaN,,,0,NaN,,,M,389.650,2,"",388.067,2,"",NaN,,,NaN,,
2024-12-09T15:08:32.000Z,10.674,2,"",M,59.072,2,"",M,6.000,2,"",N,7.164,2,"",M,29.552,2,"",M,7.800,2,"",M,1040.840,2,"",M,397.422,2,"",M,NaN,,,0,NaN,,,M,393.439,2,"",391.837,2,"",NaN,,,NaN,,
2024-12-09T15:10:24.000Z,10.674,2,"",M,59.072,2,"",M,6.000,2,"",N,7.145,2,"",M,29.501,2,"",M,7.770,2,"",M,1040.680,2,"",M,396.596,2,"",M,NaN,,,0,NaN,,,M,392.744,2,"",391.145,2,"",NaN,,,NaN,,
2024-12-09T15:12:15.000Z,10.674,2,"",M,59.072,2,"",M,6.000,2,"",N,7.166,2,"",M,29.489,2,"",M,7.730,2,"",M,1040.637,2,"",M,395.730,2,"",M,NaN,,,0,NaN,,,M,392.888,2,"",391.288,2,"",NaN,,,NaN,,
2024-12-09T15:14:06.000Z,10.674,2,"",M,59.072,2,"",M,6.000,2,"",N,7.139,2,"",M,29.488,2,"",M,7.750,2,"",M,1040.913,2,"",M,394.953,2,"",M,NaN,,,0,NaN,,,M,391.441,2,"",389.847,2,"",NaN,,,NaN,,
2024-12-09T15:15:58.000Z,10.674,2,"",M,59.072,2,"",M,6.000,2,"",N,7.110,2,"",M,29.466,2,"",M,7.750,2,"",M,1040.820,2,"",M,394.918,2,"",M,NaN,,,0,NaN,,,M,390.901,2,"",389.309,2,"",NaN,,,NaN,,
2024-12-09T15:17:49.000Z,10.674,2,"",M,59.072,2,"",M,6.000,2,"",N,7.062,2,"",M,29.448,2,"",M,7.710,2,"",M,1040.790,2,"",M,394.862,2,"",M,NaN,,,0,NaN,,,M,390.708,2,"",389.115,2,"",NaN,,,NaN,,
2024-12-09T15:19:40.000Z,10.674,2,"",M,59.072,2,"",M,6.000,2,"",N,7.173,2,"",M,29.453,2,"",M,7.660,2,"",M,1040.660,2,"",M,394.596,2,"",M,NaN,,,0,NaN,,,M,393.080,2,"",391.477,2,"",NaN,,,NaN,,
2024-12-09T15:21:32.000Z,10.675,2,"",M,59.072,2,"",M,6.000,2,"",N,7.313,2,"",M,29.784,2,"",M,7.710,2,"",M,1040.870,2,"",M,393.699,2,"",M,NaN,,,0,NaN,,,M,393.741,2,"",392.136,2,"",NaN,,,NaN,,
2024-12-09T15:23:23.000Z,10.675,2,"",M,59.072,2,"",M,6.000,2,"",N,7.497,2,"",M,29.822,2,"",M,7.980,2,"",M,1041.000,2,"",M,395.585,2,"",M,NaN,,,0,NaN,,,M,394.171,2,"",392.570,2,"",NaN,,,NaN,,
2024-12-09T15:25:14.000Z,10.675,2,"",M,59.072,2,"",M,6.000,2,"",N,7.449,2,"",M,29.762,2,"",M,8.080,2,"",M,1040.940,2,"",M,398.751,2,"",M,NaN,,,0,NaN,,,M,394.800,2,"",393.199,2,"",NaN,,,NaN,,
2024-12-09T15:27:06.000Z,10.676,2,"",M,59.072,2,"",M,6.000,2,"",N,7.345,2,"",M,29.808,2,"",M,7.990,2,"",M,1040.830,2,"",M,400.767,2,"",M,NaN,,,0,NaN,,,M,396.536,2,"",394.926,2,"",NaN,,,NaN,,
2024-12-09T15:28:57.000Z,10.676,2,"",M,59.072,2,"",M,6.000,2,"",N,7.326,2,"",M,29.690,2,"",M,7.930,2,"",M,1040.760,2,"",M,400.331,2,"",M,NaN,,,0,NaN,,,M,396.792,2,"",395.179,2,"",NaN,,,NaN,,
2024-12-09T15:30:49.000Z,10.676,2,"",M,59.072,2,"",M,6.000,2,"",N,7.478,2,"",M,29.758,2,"",M,7.920,2,"",M,1041.030,2,"",M,399.995,2,"",M,NaN,,,0,NaN,,,M,399.289,2,"",397.666,2,"",NaN,,,NaN,,
2024-12-09T15:32:40.000Z,10.677,2,"",M,59.072,2,"",M,6.000,2,"",N,7.555,2,"",M,29.888,2,"",M,8.030,2,"",M,1040.930,2,"",M,399.959,2,"",M,NaN,,,0,NaN,,,M,398.619,2,"",397.000,2,"",NaN,,,NaN,,
2024-12-09T15:34:33.000Z,10.677,2,"",M,59.072,2,"",M,6.000,2,"",N,7.481,2,"",M,29.906,2,"",M,8.110,2,"",M,1040.680,2,"",M,401.224,2,"",M,NaN,,,0,NaN,,,M,397.169,2,"",395.559,2,"",NaN,,,NaN,,
2024-12-09T15:36:24.000Z,10.677,2,"",M,59.072,2,"",M,6.000,2,"",N,7.288,2,"",M,29.686,2,"",M,8.100,2,"",M,1040.410,2,"",M,402.780,2,"",M,NaN,,,0,NaN,,,M,395.539,2,"",393.936,2,"",NaN,,,NaN,,
2024-12-09T15:38:15.000Z,10.677,2,"",M,59.072,2,"",M,6.000,2,"",N,7.203,2,"",M,29.538,2,"",M,7.920,2,"",M,1040.520,2,"",M,402.444,2,"",M,NaN,,,0,NaN,,,M,396.888,2,"",395.276,2,"",NaN,,,NaN,,
2024-12-09T15:40:28.000Z,10.677,2,"",M,59.072,2,"",M,6.000,2,"",N,7.188,2,"",M,29.538,2,"",M,7.810,2,"",M,1040.940,2,"",M,399.977,2,"",M,NaN,,,0,NaN,,,M,396.235,2,"",394.622,2,"",NaN,,,NaN,,
2024-12-09T15:42:19.000Z,10.677,2,"",M,59.072,2,"",M,6.000,2,"",N,7.438,2,"",M,29.668,2,"",M,7.790,2,"",M,1040.850,2,"",M,397.980,2,"",M,NaN,,,0,NaN,,,M,398.754,2,"",397.131,2,"",NaN,,,NaN,,
2024-12-09T15:44:11.000Z,10.677,2,"",M,59.072,2,"",M,6.000,2,"",N,7.218,2,"",M,29.588,2,"",M,8.000,2,"",M,1040.800,2,"",M,396.933,2,"",M,NaN,,,0,NaN,,,M,390.461,2,"",388.876,2,"",NaN,,,NaN,,
2024-12-09T15:46:02.000Z,10.677,2,"",M,59.072,2,"",M,6.000,2,"",N,7.178,2,"",M,29.492,2,"",M,7.830,2,"",M,1040.980,2,"",M,398.689,2,"",M,NaN,,,0,NaN,,,M,394.472,2,"",392.866,2,"",NaN,,,NaN,,
2024-12-09T15:47:53.000Z,10.677,2,"",M,59.072,2,"",M,6.000,2,"",N,7.110,2,"",M,29.482,2,"",M,7.770,2,"",M,1040.810,2,"",M,397.732,2,"",M,NaN,,,0,NaN,,,M,393.344,2,"",391.743,2,"",NaN,,,NaN,,
2024-12-09T15:49:45.000Z,10.677,2,"",M,59.072,2,"",M,6.000,2,"",N,7.139,2,"",M,29.499,2,"",M,7.730,2,"",M,1040.740,2,"",M,396.236,2,"",M,NaN,,,0,NaN,,,M,392.985,2,"",391.384,2,"",NaN,,,NaN,,
2024-12-09T15:51:36.000Z,10.677,2,"",M,59.072,2,"",M,6.000,2,"",N,7.170,2,"",M,29.468,2,"",M,7.730,2,"",M,1040.640,2,"",M,395.669,2,"",M,NaN,,,0,NaN,,,M,392.905,2,"",391.304,2,"",NaN,,,NaN,,
2024-12-09T15:53:27.000Z,10.677,2,"",M,59.072,2,"",M,6.000,2,"",N,7.068,2,"",M,29.474,2,"",M,7.710,2,"",M,1040.660,2,"",M,394.783,2,"",M,NaN,,,0,NaN,,,M,390.673,2,"",389.081,2,"",NaN,,,NaN,,
2024-12-09T15:55:19.000Z,10.678,2,"",M,59.072,2,"",M,6.000,2,"",N,7.297,2,"",M,29.453,2,"",M,7.690,2,"",M,1040.730,2,"",M,394.717,2,"",M,NaN,,,0,NaN,,,M,394.790,2,"",393.181,2,"",NaN,,,NaN,,
2024-12-09T15:57:10.000Z,10.678,2,"",M,59.072,2,"",M,6.000,2,"",N,7.379,2,"",M,29.744,2,"",M,7.700,2,"",M,1040.630,2,"",M,394.311,2,"",M,NaN,,,0,NaN,,,M,395.536,2,"",393.924,2,"",NaN,,,NaN,,
2024-12-09T15:59:01.000Z,10.679,2,"",M,59.072,2,"",M,6.000,2,"",N,7.279,2,"",M,29.679,2,"",M,7.930,2,"",M,1040.520,2,"",M,395.516,2,"",M,NaN,,,0,NaN,,,M,391.135,2,"",389.546,2,"",NaN,,,NaN,,
2024-12-09T16:00:53.000Z,10.680,2,"",M,59.072,2,"",M,6.000,2,"",N,7.163,2,"",M,29.559,2,"",M,7.890,2,"",M,1040.486,2,"",M,398.192,2,"",M,NaN,,,0,NaN,,,M,392.525,2,"",390.929,2,"",NaN,,,NaN,,
2024-12-09T16:02:44.000Z,10.681,2,"",M,59.072,2,"",M,6.000,2,"",N,7.056,2,"",M,29.440,2,"",M,7.800,2,"",M,1040.503,2,"",M,398.557,2,"",M,NaN,,,0,NaN,,,M,392.634,2,"",391.036,2,"",NaN,,,NaN,,
2024-12-09T16:04:35.000Z,10.682,2,"",M,59.072,2,"",M,6.000,2,"",N,7.027,2,"",M,29.425,2,"",M,7.650,2,"",M,1040.360,2,"",M,397.390,2,"",M,NaN,,,0,NaN,,,M,393.481,2,"",391.876,2,"",NaN,,,NaN,,
2024-12-09T16:06:27.000Z,10.683,2,"",M,59.072,2,"",M,6.000,2,"",N,7.071,2,"",M,29.466,2,"",M,7.610,2,"",M,1040.210,2,"",M,394.883,2,"",M,NaN,,,0,NaN,,,M,392.345,2,"",390.745,2,"",NaN,,,NaN,,
2024-12-09T16:08:18.000Z,10.683,2,"",M,59.072,2,"",M,6.000,2,"",N,7.057,2,"",M,29.489,2,"",M,7.640,2,"",M,1040.320,2,"",M,393.776,2,"",M,NaN,,,0,NaN,,,M,390.545,2,"",388.953,2,"",NaN,,,NaN,,
2024-12-09T16:10:09.000Z,10.684,2,"",M,59.072,2,"",M,6.000,2,"",N,7.055,2,"",M,29.493,2,"",M,7.650,2,"",M,1040.400,2,"",M,393.480,2,"",M,NaN,,,0,NaN,,,M,390.083,2,"",388.492,2,"",NaN,,,NaN,,
2024-12-09T16:12:01.000Z,10.685,2,"",M,59.071,2,"",M,6.000,2,"",N,7.042,2,"",M,29.487,2,"",M,7.640,2,"",M,1040.195,2,"",M,393.594,2,"",M,NaN,,,0,NaN,,,M,390.079,2,"",388.488,2,"",NaN,,,NaN,,
2024-12-09T16:13:53.000Z,10.686,2,"",M,59.072,2,"",M,6.000,2,"",N,7.060,2,"",M,29.469,2,"",M,7.620,2,"",M,1039.990,2,"",M,393.439,2,"",M,NaN,,,0,NaN,,,M,390.473,2,"",388.881,2,"",NaN,,,NaN,,
2024-12-09T16:15:45.000Z,10.686,2,"",M,59.072,2,"",M,6.000,2,"",N,7.119,2,"",M,29.490,2,"",M,7.640,2,"",M,1040.010,2,"",M,393.103,2,"",M,NaN,,,0,NaN,,,M,390.786,2,"",389.193,2,"",NaN,,,NaN,,
2024-12-09T16:17:36.000Z,10.686,2,"",M,59.072,2,"",M,6.000,2,"",N,7.118,2,"",M,29.511,2,"",M,7.680,2,"",M,1040.000,2,"",M,393.527,2,"",M,NaN,,,0,NaN,,,M,390.508,2,"",388.917,2,"",NaN,,,NaN,,
2024-12-09T16:19:28.000Z,10.686,2,"",M,59.072,2,"",M,6.000,2,"",N,7.116,2,"",M,29.498,2,"",M,7.690,2,"",M,1039.830,2,"",M,393.732,2,"",M,NaN,,,0,NaN,,,M,390.458,2,"",388.868,2,"",NaN,,,NaN,,
2024-12-09T16:21:20.000Z,10.686,2,"",M,59.072,2,"",M,6.000,2,"",N,7.149,2,"",M,29.523,2,"",M,7.680,2,"",M,1040.180,2,"",M,394.236,2,"",M,NaN,,,0,NaN,,,M,391.796,2,"",390.200,2,"",NaN,,,NaN,,
2024-12-09T16:23:12.000Z,10.687,2,"",M,59.072,2,"",M,6.000,2,"",N,7.157,2,"",M,29.545,2,"",M,7.730,2,"",M,1040.390,2,"",M,393.690,2,"",M,NaN,,,0,NaN,,,M,390.634,2,"",389.043,2,"",NaN,,,NaN,,
2024-12-09T16:25:04.000Z,10.687,2,"",M,59.071,2,"",M,6.000,2,"",N,7.152,2,"",M,29.535,2,"",M,7.740,2,"",M,1040.330,2,"",M,394.595,2,"",M,NaN,,,0,NaN,,,M,391.253,2,"",389.660,2,"",NaN,,,NaN,,
2024-12-09T16:26:55.000Z,10.687,2,"",M,59.071,2,"",M,6.000,2,"",N,7.174,2,"",M,29.548,2,"",M,7.720,2,"",M,1040.200,2,"",M,394.869,2,"",M,NaN,,,0,NaN,,,M,392.175,2,"",390.578,2,"",NaN,,,NaN,,
2024-12-09T16:28:47.000Z,10.687,2,"",M,59.071,2,"",M,6.000,2,"",N,7.194,2,"",M,29.643,2,"",M,7.730,2,"",M,1040.120,2,"",M,394.774,2,"",M,NaN,,,0,NaN,,,M,392.223,2,"",390.626,2,"",NaN,,,NaN,,
2024-12-09T16:30:38.000Z,10.688,2,"",M,59.071,2,"",M,6.000,2,"",N,7.223,2,"",M,29.626,2,"",M,7.790,2,"",M,1040.330,2,"",M,395.428,2,"",M,NaN,,,0,NaN,,,M,392.414,2,"",390.817,2,"",NaN,,,NaN,,
2024-12-09T16:32:29.000Z,10.688,2,"",M,59.071,2,"",M,6.000,2,"",N,7.192,2,"",M,29.584,2,"",M,7.810,2,"",M,1040.290,2,"",M,396.493,2,"",M,NaN,,,0,NaN,,,M,392.603,2,"",391.006,2,"",NaN,,,NaN,,
2024-12-09T16:36:59.000Z,10.689,2,"",M,59.071,2,"",M,6.000,2,"",N,NaN,,,M,NaN,,,M,NaN,,,M,NaN,,,M,NaN,,,0,NaN,,,0,NaN,,,M,NaN,,,NaN,,,NaN,,,NaN,,
2024-12-09T16:38:48.000Z,10.689,2,"",M,59.071,2,"",M,6.000,2,"",N,NaN,,,M,NaN,,,M,NaN,,,M,NaN,,,M,NaN,,,0,NaN,,,0,NaN,,,M,NaN,,,NaN,,,NaN,,,NaN,,
2024-12-09T16:40:58.000Z,10.689,2,"",M,59.071,2,"",M,6.000,2,"",N,NaN,,,M,NaN,,,M,NaN,,,M,NaN,,,M,NaN,,,0,NaN,,,0,NaN,,,M,NaN,,,NaN,,,NaN,,,NaN,,
2024-12-09T16:45:27.000Z,10.689,2,"",M,59.071,2,"",M,6.000,2,"",N,NaN,,,M,NaN,,,M,NaN,,,M,NaN,,,M,NaN,,,0,NaN,,,0,NaN,,,M,NaN,,,NaN,,,NaN,,,NaN,,
2024-12-09T16:47:16.000Z,10.689,2,"",M,59.071,2,"",M,6.000,2,"",N,NaN,,,M,NaN,,,M,NaN,,,M,NaN,,,M,NaN,,,0,NaN,,,0,NaN,,,M,NaN,,,NaN,,,NaN,,,NaN,,
2024-12-09T16:49:05.000Z,10.689,2,"",M,59.071,2,"",M,6.000,2,"",N,NaN,,,M,NaN,,,M,NaN,,,M,NaN,,,M,NaN,,,0,NaN,,,0,NaN,,,M,NaN,,,NaN,,,NaN,,,NaN,,
2024-12-09T16:53:34.000Z,10.689,2,"",M,59.071,2,"",M,6.000,2,"",N,NaN,,,M,NaN,,,M,NaN,,,M,NaN,,,M,NaN,,,0,NaN,,,0,NaN,,,M,NaN,,,NaN,,,NaN,,,NaN,,
2024-12-09T16:55:23.000Z,10.689,2,"",M,59.071,2,"",M,6.000,2,"",N,NaN,,,M,NaN,,,M,NaN,,,M,NaN,,,M,NaN,,,0,NaN,,,0,NaN,,,M,NaN,,,NaN,,,NaN,,,NaN,,
2024-12-09T16:57:12.000Z,10.689,2,"",M,59.071,2,"",M,6.000,2,"",N,NaN,,,M,NaN,,,M,NaN,,,M,NaN,,,M,NaN,,,0,NaN,,,0,NaN,,,M,NaN,,,NaN,,,NaN,,,NaN,,
2024-12-09T17:01:43.000Z,10.689,2,"",M,59.071,2,"",M,6.000,2,"",N,7.143,2,"",M,29.415,2,"",M,NaN,,,M,NaN,,,M,NaN,,,0,431.169,2,"",M,1040.500,2,"",M,NaN,,,NaN,,,439.611,2,"",437.802,2,""
2024-12-09T17:03:32.000Z,10.693,2,"",M,59.072,2,"",M,6.000,2,"",N,7.076,2,"",M,29.473,2,"",M,NaN,,,M,NaN,,,M,NaN,,,0,431.110,2,"",M,1040.600,2,"",M,NaN,,,NaN,,,439.613,2,"",437.803,2,""
2024-12-09T17:05:21.000Z,10.699,2,"",M,59.072,2,"",M,6.000,2,"",N,6.955,2,"",M,29.477,2,"",M,NaN,,,M,NaN,,,M,NaN,,,0,430.961,2,"",M,1040.600,2,"",M,NaN,,,NaN,,,439.497,2,"",437.684,2,""
2024-12-09T17:07:10.000Z,10.704,2,"",M,59.071,2,"",M,6.000,2,"",N,6.978,2,"",M,29.405,2,"",M,NaN,,,M,NaN,,,M,NaN,,,0,431.122,2,"",M,1040.600,2,"",M,NaN,,,NaN,,,439.654,2,"",437.841,2,""
2024-12-09T17:08:59.000Z,10.708,2,"",M,59.071,2,"",M,6.000,2,"",N,6.999,2,"",M,29.408,2,"",M,NaN,,,M,NaN,,,M,NaN,,,0,430.933,2,"",M,1040.600,2,"",M,NaN,,,NaN,,,439.456,2,"",437.644,2,""
2024-12-09T17:14:09.000Z,10.732,2,"",M,59.071,2,"",M,6.000,2,"",N,7.074,2,"",M,29.521,2,"",M,7.580,2,"",M,1040.300,2,"",M,390.009,2,"",M,NaN,,,0,NaN,,,M,388.072,2,"",386.489,2,"",NaN,,,NaN,,
2024-12-09T17:16:01.000Z,10.740,2,"",M,59.070,2,"",M,6.000,2,"",N,7.078,2,"",M,29.573,2,"",M,7.640,2,"",M,1040.170,2,"",M,390.520,2,"",M,NaN,,,0,NaN,,,M,387.600,2,"",386.020,2,"",NaN,,,NaN,,
2024-12-09T17:17:52.000Z,10.748,2,"",M,59.070,2,"",M,6.000,2,"",N,7.017,2,"",M,29.547,2,"",M,7.650,2,"",M,1040.130,2,"",M,390.561,2,"",M,NaN,,,0,NaN,,,M,386.472,2,"",384.896,2,"",NaN,,,NaN,,
2024-12-09T17:19:43.000Z,10.757,2,"",M,59.070,2,"",M,6.000,2,"",N,6.945,2,"",M,29.495,2,"",M,7.590,2,"",M,1040.030,2,"",M,390.292,2,"",M,NaN,,,0,NaN,,,M,385.987,2,"",384.412,2,"",NaN,,,NaN,,
2024-12-09T17:21:35.000Z,10.765,2,"",M,59.070,2,"",M,6.000,2,"",N,6.626,2,"",M,29.359,2,"",M,7.550,2,"",M,1040.310,2,"",M,389.323,2,"",M,NaN,,,0,NaN,,,M,380.614,2,"",379.060,2,"",NaN,,,NaN,,
2024-12-09T17:23:26.000Z,10.773,2,"",M,59.071,2,"",M,6.000,2,"",N,6.857,2,"",M,29.212,2,"",M,7.240,2,"",M,1040.260,2,"",M,388.123,2,"",M,NaN,,,0,NaN,,,M,388.297,2,"",386.705,2,"",NaN,,,NaN,,
2024-12-09T17:25:17.000Z,10.781,2,"",M,59.071,2,"",M,6.000,2,"",N,6.851,2,"",I,29.161,2,"",I,7.380,2,"",M,1040.160,2,"",M,386.183,2,"",M,NaN,,,0,NaN,,,M,383.892,2,"",382.322,2,"",NaN,,,NaN,,
2024-12-09T17:27:09.000Z,10.789,2,"",M,59.072,2,"",M,6.000,2,"",N,6.844,2,"",M,29.110,2,"",M,7.470,2,"",M,1040.110,2,"",M,385.213,2,"",M,NaN,,,0,NaN,,,M,381.323,2,"",379.765,2,"",NaN,,,NaN,,
2024-12-09T17:29:00.000Z,10.796,2,"",M,59.074,2,"",M,6.000,2,"",N,6.900,2,"",M,29.096,2,"",M,7.410,2,"",M,1040.300,2,"",M,385.935,2,"",M,NaN,,,0,NaN,,,M,384.004,2,"",382.434,2,"",NaN,,,NaN,,
2024-12-09T17:30:51.000Z,10.802,2,"",M,59.075,2,"",M,6.000,2,"",N,6.957,2,"",M,29.180,2,"",M,7.450,2,"",M,1040.210,2,"",M,385.385,2,"",M,NaN,,,0,NaN,,,M,383.691,2,"",382.122,2,"",NaN,,,NaN,,
2024-12-09T17:32:43.000Z,10.806,2,"",M,59.077,2,"",M,6.000,2,"",N,7.115,2,"",M,29.143,2,"",M,7.560,2,"",M,1040.050,2,"",M,385.627,2,"",M,NaN,,,0,NaN,,,M,384.623,2,"",383.053,2,"",NaN,,,NaN,,
2024-12-09T17:34:35.000Z,10.811,2,"",M,59.078,2,"",M,6.000,2,"",N,7.369,2,"",M,29.486,2,"",M,7.600,2,"",M,1040.040,2,"",M,386.168,2,"",M,NaN,,,0,NaN,,,M,388.646,2,"",387.061,2,"",NaN,,,NaN,,
2024-12-09T17:36:27.000Z,10.815,2,"",M,59.079,2,"",M,6.000,2,"",N,7.420,2,"",M,29.508,2,"",M,7.860,2,"",M,1040.280,2,"",M,387.720,2,"",M,NaN,,,0,NaN,,,M,386.800,2,"",385.227,2,"",NaN,,,NaN,,
2024-12-09T17:38:18.000Z,10.818,2,"",M,59.080,2,"",M,6.000,2,"",N,7.497,2,"",M,29.647,2,"",M,7.910,2,"",M,1040.180,2,"",M,390.854,2,"",M,NaN,,,0,NaN,,,M,390.321,2,"",388.736,2,"",NaN,,,NaN,,
2024-12-09T17:40:10.000Z,10.818,2,"",M,59.080,2,"",M,6.000,2,"",N,7.811,2,"",M,29.965,2,"",M,7.930,2,"",M,1040.070,2,"",M,393.337,2,"",M,NaN,,,0,NaN,,,M,397.664,2,"",396.049,2,"",NaN,,,NaN,,
2024-12-09T17:42:22.000Z,10.818,2,"",M,59.079,2,"",M,6.000,2,"",N,7.521,2,"",M,30.409,2,"",M,8.280,2,"",M,1040.090,2,"",M,395.269,2,"",M,NaN,,,0,NaN,,,M,388.855,2,"",387.283,2,"",NaN,,,NaN,,
2024-12-09T17:44:14.000Z,10.818,2,"",M,59.079,2,"",M,6.000,2,"",N,7.481,2,"",M,29.663,2,"",M,8.360,2,"",M,1039.990,2,"",M,398.343,2,"",M,NaN,,,0,NaN,,,M,389.831,2,"",388.257,2,"",NaN,,,NaN,,
2024-12-09T17:46:05.000Z,10.818,2,"",M,59.079,2,"",M,6.000,2,"",N,7.492,2,"",M,29.631,2,"",M,8.040,2,"",M,1039.830,2,"",M,399.835,2,"",M,NaN,,,0,NaN,,,M,396.852,2,"",395.243,2,"",NaN,,,NaN,,
2024-12-09T17:47:56.000Z,10.818,2,"",M,59.079,2,"",M,6.000,2,"",N,7.473,2,"",M,29.689,2,"",M,8.020,2,"",M,1039.605,2,"",M,396.814,2,"",M,NaN,,,0,NaN,,,M,393.783,2,"",392.186,2,"",NaN,,,NaN,,
2024-12-09T17:49:48.000Z,10.818,2,"",M,59.079,2,"",M,6.000,2,"",N,7.447,2,"",M,29.712,2,"",M,8.040,2,"",M,1040.040,2,"",M,396.184,2,"",M,NaN,,,0,NaN,,,M,392.558,2,"",390.967,2,"",NaN,,,NaN,,
2024-12-09T17:51:40.000Z,10.818,2,"",M,59.079,2,"",M,6.000,2,"",N,7.477,2,"",M,29.814,2,"",M,8.020,2,"",M,1040.250,2,"",M,396.606,2,"",M,NaN,,,0,NaN,,,M,393.885,2,"",392.287,2,"",NaN,,,NaN,,
2024-12-09T17:53:31.000Z,10.818,2,"",M,59.079,2,"",M,6.000,2,"",N,7.478,2,"",M,29.786,2,"",M,8.060,2,"",M,1040.190,2,"",M,396.557,2,"",M,NaN,,,0,NaN,,,M,393.164,2,"",391.570,2,"",NaN,,,NaN,,
2024-12-09T17:55:22.000Z,10.818,2,"",M,59.079,2,"",M,6.000,2,"",N,7.476,2,"",M,29.800,2,"",M,8.030,2,"",M,1040.090,2,"",M,396.708,2,"",M,NaN,,,0,NaN,,,M,393.751,2,"",392.154,2,"",NaN,,,NaN,,
2024-12-09T17:57:14.000Z,10.818,2,"",M,59.079,2,"",M,6.000,2,"",N,7.446,2,"",M,29.687,2,"",M,8.060,2,"",M,1040.280,2,"",M,396.559,2,"",M,NaN,,,0,NaN,,,M,392.664,2,"",391.072,2,"",NaN,,,NaN,,
2024-12-09T17:59:05.000Z,10.818,2,"",M,59.079,2,"",M,6.000,2,"",N,7.466,2,"",M,29.767,2,"",M,8.000,2,"",M,1040.270,2,"",M,396.460,2,"",M,NaN,,,0,NaN,,,M,393.915,2,"",392.316,2,"",NaN,,,NaN,,
2024-12-09T18:00:57.000Z,10.818,2,"",M,59.079,2,"",M,6.000,2,"",N,7.453,2,"",M,29.653,2,"",M,8.020,2,"",M,1040.190,2,"",M,395.911,2,"",M,NaN,,,0,NaN,,,M,392.781,2,"",391.188,2,"",NaN,,,NaN,,
2024-12-09T18:02:48.000Z,10.817,2,"",M,59.079,2,"",M,6.000,2,"",N,7.345,2,"",M,29.532,2,"",M,7.990,2,"",M,1040.100,2,"",M,395.792,2,"",M,NaN,,,0,NaN,,,M,391.344,2,"",389.756,2,"",NaN,,,NaN,,
2024-12-09T18:04:39.000Z,10.817,2,"",M,59.079,2,"",M,6.000,2,"",N,7.386,2,"",M,29.644,2,"",M,7.910,2,"",M,1040.320,2,"",M,395.023,2,"",M,NaN,,,0,NaN,,,M,392.682,2,"",391.086,2,"",NaN,,,NaN,,
2024-12-09T18:06:31.000Z,10.817,2,"",M,59.079,2,"",M,6.000,2,"",N,7.310,2,"",M,29.628,2,"",M,7.990,2,"",M,1040.250,2,"",M,394.513,2,"",M,NaN,,,0,NaN,,,M,389.560,2,"",387.979,2,"",NaN,,,NaN,,
2024-12-09T18:08:22.000Z,10.816,2,"",M,59.079,2,"",M,6.000,2,"",N,7.257,2,"",M,29.533,2,"",M,7.920,2,"",M,1040.150,2,"",M,394.965,2,"",M,NaN,,,0,NaN,,,M,390.261,2,"",388.676,2,"",NaN,,,NaN,,
2024-12-09T18:10:13.000Z,10.816,2,"",M,59.079,2,"",M,6.000,2,"",N,7.204,2,"",M,29.460,2,"",M,7.880,2,"",M,1040.180,2,"",M,394.015,2,"",M,NaN,,,0,NaN,,,M,389.135,2,"",387.553,2,"",NaN,,,NaN,,
2024-12-09T18:12:05.000Z,10.816,2,"",M,59.079,2,"",M,6.000,2,"",N,7.184,2,"",M,29.431,2,"",M,7.820,2,"",M,1040.390,2,"",M,393.216,2,"",M,NaN,,,0,NaN,,,M,389.095,2,"",387.512,2,"",NaN,,,NaN,,
2024-12-09T18:13:56.000Z,10.816,2,"",M,59.079,2,"",M,6.000,2,"",N,7.190,2,"",M,29.446,2,"",M,7.780,2,"",M,1040.100,2,"",M,392.226,2,"",M,NaN,,,0,NaN,,,M,388.778,2,"",387.196,2,"",NaN,,,NaN,,
2024-12-09T18:15:48.000Z,10.816,2,"",M,59.079,2,"",M,6.000,2,"",N,7.348,2,"",M,29.571,2,"",M,7.780,2,"",M,1040.010,2,"",M,391.327,2,"",M,NaN,,,0,NaN,,,M,390.445,2,"",388.857,2,"",NaN,,,NaN,,
2024-12-09T18:17:40.000Z,10.816,2,"",M,59.079,2,"",M,6.000,2,"",N,7.443,2,"",M,29.719,2,"",M,7.900,2,"",M,1040.090,2,"",M,391.508,2,"",M,NaN,,,0,NaN,,,M,390.209,2,"",388.623,2,"",NaN,,,NaN,,
2024-12-09T18:19:31.000Z,10.816,2,"",M,59.079,2,"",M,6.000,2,"",N,7.337,2,"",M,29.620,2,"",M,8.010,2,"",M,1040.210,2,"",M,393.000,2,"",M,NaN,,,0,NaN,,,M,388.159,2,"",386.584,2,"",NaN,,,NaN,,
2024-12-09T18:21:23.000Z,10.816,2,"",M,59.079,2,"",M,6.000,2,"",N,7.087,2,"",M,29.176,2,"",M,7.940,2,"",M,1040.220,2,"",M,394.022,2,"",M,NaN,,,0,NaN,,,M,386.232,2,"",384.663,2,"",NaN,,,NaN,,
2024-12-09T18:23:15.000Z,10.816,2,"",M,59.079,2,"",M,6.000,2,"",N,7.184,2,"",M,29.253,2,"",M,7.640,2,"",M,1040.100,2,"",M,393.413,2,"",M,NaN,,,0,NaN,,,M,392.204,2,"",390.605,2,"",NaN,,,NaN,,
2024-12-09T18:25:06.000Z,10.816,2,"",M,59.079,2,"",M,6.000,2,"",N,7.274,2,"",M,29.487,2,"",M,7.730,2,"",M,1040.240,2,"",M,390.101,2,"",M,NaN,,,0,NaN,,,M,388.930,2,"",387.346,2,"",NaN,,,NaN,,
2024-12-09T18:26:57.000Z,10.815,2,"",M,59.079,2,"",M,6.000,2,"",N,7.167,2,"",M,29.219,2,"",M,7.830,2,"",M,1040.310,2,"",M,390.273,2,"",M,NaN,,,0,NaN,,,M,385.713,2,"",384.144,2,"",NaN,,,NaN,,
2024-12-09T18:28:49.000Z,10.815,2,"",M,59.079,2,"",M,6.000,2,"",N,7.107,2,"",M,29.217,2,"",M,7.710,2,"",M,1040.120,2,"",M,390.934,2,"",M,NaN,,,0,NaN,,,M,387.301,2,"",385.724,2,"",NaN,,,NaN,,
2024-12-09T18:30:40.000Z,10.815,2,"",M,59.079,2,"",M,6.000,2,"",N,7.071,2,"",M,29.217,2,"",M,7.670,2,"",M,1039.940,2,"",M,389.985,2,"",M,NaN,,,0,NaN,,,M,386.369,2,"",384.795,2,"",NaN,,,NaN,,
2024-12-09T18:32:31.000Z,10.815,2,"",M,59.079,2,"",M,6.000,2,"",N,7.286,2,"",M,29.249,2,"",M,7.670,2,"",M,1040.010,2,"",M,388.845,2,"",M,NaN,,,0,NaN,,,M,388.798,2,"",387.213,2,"",NaN,,,NaN,,
2024-12-09T18:34:23.000Z,10.815,2,"",M,59.079,2,"",M,6.000,2,"",N,6.993,2,"",M,29.293,2,"",M,7.730,2,"",M,1039.910,2,"",M,388.736,2,"",M,NaN,,,0,NaN,,,M,382.872,2,"",381.313,2,"",NaN,,,NaN,,
2024-12-09T18:36:14.000Z,10.814,2,"",M,59.079,2,"",M,6.000,2,"",N,6.913,2,"",M,29.212,2,"",M,7.570,2,"",M,1040.120,2,"",M,389.227,2,"",M,NaN,,,0,NaN,,,M,384.769,2,"",383.199,2,"",NaN,,,NaN,,
2024-12-09T18:38:05.000Z,10.814,2,"",M,59.080,2,"",M,6.000,2,"",N,6.987,2,"",M,29.214,2,"",M,7.530,2,"",M,1040.120,2,"",M,388.568,2,"",M,NaN,,,0,NaN,,,M,385.987,2,"",384.411,2,"",NaN,,,NaN,,
2024-12-09T18:39:57.000Z,10.814,2,"",M,59.080,2,"",M,6.000,2,"",N,7.147,2,"",M,29.246,2,"",M,7.550,2,"",M,1040.290,2,"",M,387.018,2,"",M,NaN,,,0,NaN,,,M,386.794,2,"",385.215,2,"",NaN,,,NaN,,
2024-12-09T18:42:09.000Z,10.814,2,"",M,59.080,2,"",M,6.000,2,"",N,7.215,2,"",M,29.492,2,"",M,7.730,2,"",M,1040.220,2,"",M,387.179,2,"",M,NaN,,,0,NaN,,,M,385.053,2,"",383.485,2,"",NaN,,,NaN,,
2024-12-09T18:44:01.000Z,10.814,2,"",M,59.080,2,"",M,6.000,2,"",N,7.092,2,"",M,29.408,2,"",M,7.780,2,"",M,1040.080,2,"",M,388.982,2,"",M,NaN,,,0,NaN,,,M,383.957,2,"",382.394,2,"",NaN,,,NaN,,
2024-12-09T18:45:52.000Z,10.814,2,"",M,59.080,2,"",M,6.000,2,"",N,7.182,2,"",M,29.285,2,"",M,7.700,2,"",M,1040.130,2,"",M,390.304,2,"",M,NaN,,,0,NaN,,,M,388.078,2,"",386.497,2,"",NaN,,,NaN,,
2024-12-09T18:47:43.000Z,10.814,2,"",M,59.080,2,"",M,6.000,2,"",N,7.122,2,"",M,29.362,2,"",M,7.690,2,"",M,1040.310,2,"",M,389.965,2,"",M,NaN,,,0,NaN,,,M,386.993,2,"",385.416,2,"",NaN,,,NaN,,
2024-12-09T18:49:35.000Z,10.814,2,"",M,59.080,2,"",M,6.000,2,"",N,6.819,2,"",M,29.253,2,"",M,7.690,2,"",M,1040.010,2,"",M,389.325,2,"",M,NaN,,,0,NaN,,,M,381.334,2,"",379.781,2,"",NaN,,,NaN,,
2024-12-09T18:51:26.000Z,10.814,2,"",M,59.080,2,"",M,6.000,2,"",N,6.777,2,"",M,28.924,2,"",M,7.470,2,"",M,1040.080,2,"",M,389.246,2,"",M,NaN,,,0,NaN,,,M,384.217,2,"",382.647,2,"",NaN,,,NaN,,
2024-12-09T18:53:17.000Z,10.813,2,"",M,59.080,2,"",M,6.000,2,"",N,6.770,2,"",I,28.903,2,"",I,7.370,2,"",M,1040.130,2,"",M,386.175,2,"",M,NaN,,,0,NaN,,,M,382.727,2,"",381.161,2,"",NaN,,,NaN,,
2024-12-09T18:55:09.000Z,10.813,2,"",M,59.080,2,"",M,6.000,2,"",N,6.762,2,"",M,28.882,2,"",M,7.380,2,"",M,1040.110,2,"",M,383.264,2,"",M,NaN,,,0,NaN,,,M,379.552,2,"",377.999,2,"",NaN,,,NaN,,
2024-12-09T18:57:00.000Z,10.813,2,"",M,59.080,2,"",M,6.000,2,"",N,6.814,2,"",M,28.909,2,"",M,7.340,2,"",M,1040.075,2,"",M,382.544,2,"",M,NaN,,,0,NaN,,,M,380.310,2,"",378.754,2,"",NaN,,,NaN,,
2024-12-09T18:58:51.000Z,10.813,2,"",M,59.080,2,"",M,6.000,2,"",N,6.833,2,"",M,29.098,2,"",M,7.360,2,"",M,1040.030,2,"",M,382.115,2,"",M,NaN,,,0,NaN,,,M,379.839,2,"",378.285,2,"",NaN,,,NaN,,
2024-12-09T19:00:43.000Z,10.813,2,"",M,59.080,2,"",M,6.000,2,"",N,6.828,2,"",M,29.073,2,"",M,7.440,2,"",M,1040.213,2,"",M,382.857,2,"",M,NaN,,,0,NaN,,,M,379.265,2,"",377.715,2,"",NaN,,,NaN,,
2024-12-09T19:02:34.000Z,10.813,2,"",M,59.081,2,"",M,6.000,2,"",N,6.834,2,"",M,29.033,2,"",M,7.430,2,"",M,1040.167,2,"",M,383.779,2,"",M,NaN,,,0,NaN,,,M,380.412,2,"",378.857,2,"",NaN,,,NaN,,
2024-12-09T19:04:26.000Z,10.812,2,"",M,59.081,2,"",M,6.000,2,"",N,6.836,2,"",M,29.052,2,"",M,7.410,2,"",M,1040.020,2,"",M,384.080,2,"",M,NaN,,,0,NaN,,,M,381.020,2,"",379.462,2,"",NaN,,,NaN,,
2024-12-09T19:06:17.000Z,10.812,2,"",M,59.081,2,"",M,6.000,2,"",N,6.781,2,"",M,29.054,2,"",M,7.420,2,"",M,1039.990,2,"",M,383.831,2,"",M,NaN,,,0,NaN,,,M,379.716,2,"",378.163,2,"",NaN,,,NaN,,
2024-12-09T19:08:08.000Z,10.812,2,"",M,59.081,2,"",M,6.000,2,"",N,6.821,2,"",M,29.010,2,"",M,7.400,2,"",M,1040.150,2,"",M,383.942,2,"",M,NaN,,,0,NaN,,,M,380.860,2,"",379.303,2,"",NaN,,,NaN,,
2024-12-09T19:09:59.000Z,10.812,2,"",M,59.081,2,"",M,6.000,2,"",N,6.839,2,"",M,28.948,2,"",M,7.410,2,"",M,1040.070,2,"",M,383.453,2,"",M,NaN,,,0,NaN,,,M,380.462,2,"",378.907,2,"",NaN,,,NaN,,
2024-12-09T19:11:51.000Z,10.812,2,"",M,59.081,2,"",M,6.000,2,"",N,6.854,2,"",M,29.051,2,"",M,7.380,2,"",M,1039.900,2,"",M,383.494,2,"",M,NaN,,,0,NaN,,,M,381.182,2,"",379.624,2,"",NaN,,,NaN,,
2024-12-09T19:13:42.000Z,10.812,2,"",M,59.081,2,"",M,6.000,2,"",N,7.048,2,"",M,29.239,2,"",M,7.400,2,"",M,1039.640,2,"",M,383.215,2,"",M,NaN,,,0,NaN,,,M,383.614,2,"",382.046,2,"",NaN,,,NaN,,
2024-12-09T19:15:33.000Z,10.812,2,"",M,59.081,2,"",M,6.000,2,"",N,7.163,2,"",M,29.249,2,"",M,7.570,2,"",M,1039.760,2,"",M,384.517,2,"",M,NaN,,,0,NaN,,,M,384.020,2,"",382.454,2,"",NaN,,,NaN,,
2024-12-09T19:17:25.000Z,10.812,2,"",M,59.081,2,"",M,6.000,2,"",N,7.184,2,"",M,29.485,2,"",M,7.580,2,"",M,1039.640,2,"",M,386.170,2,"",M,NaN,,,0,NaN,,,M,385.805,2,"",384.232,2,"",NaN,,,NaN,,
2024-12-09T19:19:16.000Z,10.812,2,"",M,59.081,2,"",M,6.000,2,"",N,7.405,2,"",M,29.619,2,"",M,7.710,2,"",M,1039.920,2,"",M,387.842,2,"",M,NaN,,,0,NaN,,,M,389.036,2,"",387.451,2,"",NaN,,,NaN,,
2024-12-09T19:21:07.000Z,10.812,2,"",M,59.081,2,"",M,6.000,2,"",N,7.164,2,"",M,29.728,2,"",M,7.860,2,"",M,1039.940,2,"",M,389.484,2,"",M,NaN,,,0,NaN,,,M,384.242,2,"",382.680,2,"",NaN,,,NaN,,
2024-12-09T19:22:59.000Z,10.812,2,"",M,59.081,2,"",M,6.000,2,"",N,7.378,2,"",M,29.387,2,"",M,7.880,2,"",M,1040.200,2,"",M,391.898,2,"",M,NaN,,,0,NaN,,,M,389.900,2,"",388.315,2,"",NaN,,,NaN,,
2024-12-09T19:24:50.000Z,10.812,2,"",M,59.081,2,"",M,6.000,2,"",N,7.352,2,"",M,29.418,2,"",M,7.760,2,"",M,1040.070,2,"",M,391.809,2,"",M,NaN,,,0,NaN,,,M,391.357,2,"",389.765,2,"",NaN,,,NaN,,
2024-12-09T19:26:42.000Z,10.812,2,"",M,59.081,2,"",M,6.000,2,"",N,7.340,2,"",M,29.845,2,"",M,7.740,2,"",M,1039.970,2,"",M,390.619,2,"",M,NaN,,,0,NaN,,,M,390.259,2,"",388.670,2,"",NaN,,,NaN,,
2024-12-09T19:28:33.000Z,10.812,2,"",M,59.081,2,"",M,6.000,2,"",N,7.396,2,"",M,29.610,2,"",M,7.930,2,"",M,1039.980,2,"",M,391.721,2,"",M,NaN,,,0,NaN,,,M,389.105,2,"",387.525,2,"",NaN,,,NaN,,
2024-12-09T19:30:24.000Z,10.812,2,"",M,59.080,2,"",M,6.000,2,"",N,7.281,2,"",M,29.979,2,"",M,7.910,2,"",M,1040.100,2,"",M,392.873,2,"",M,NaN,,,0,NaN,,,M,388.737,2,"",387.157,2,"",NaN,,,NaN,,
2024-12-09T19:32:16.000Z,10.810,2,"",M,59.078,2,"",M,6.000,2,"",N,7.145,2,"",M,29.407,2,"",M,7.920,2,"",M,1039.900,2,"",M,393.645,2,"",M,NaN,,,0,NaN,,,M,387.024,2,"",385.453,2,"",NaN,,,NaN,,
2024-12-09T19:34:09.000Z,10.806,2,"",M,59.075,2,"",M,6.000,2,"",N,7.186,2,"",M,29.458,2,"",M,7.750,2,"",M,1039.770,2,"",M,393.436,2,"",M,NaN,,,0,NaN,,,M,390.286,2,"",388.698,2,"",NaN,,,NaN,,
2024-12-09T19:36:00.000Z,10.803,2,"",M,59.072,2,"",M,6.000,2,"",N,6.917,2,"",M,29.389,2,"",M,7.760,2,"",M,1039.910,2,"",M,391.415,2,"",M,NaN,,,0,NaN,,,M,383.769,2,"",382.207,2,"",NaN,,,NaN,,
2024-12-09T19:37:51.000Z,10.800,2,"",M,59.070,2,"",M,6.000,2,"",N,6.852,2,"",M,29.226,2,"",M,7.570,2,"",M,1040.050,2,"",M,390.635,2,"",M,NaN,,,0,NaN,,,M,385.138,2,"",383.566,2,"",NaN,,,NaN,,
2024-12-09T19:39:43.000Z,10.796,2,"",M,59.069,2,"",M,6.000,2,"",N,6.855,2,"",M,29.215,2,"",M,7.420,2,"",M,1039.970,2,"",M,389.065,2,"",M,NaN,,,0,NaN,,,M,386.100,2,"",384.521,2,"",NaN,,,NaN,,
2024-12-09T19:41:34.000Z,10.793,2,"",M,59.069,2,"",M,6.000,2,"",N,6.817,2,"",M,29.313,2,"",M,7.410,2,"",M,1039.810,2,"",M,386.614,2,"",M,NaN,,,0,NaN,,,M,383.154,2,"",381.588,2,"",NaN,,,NaN,,
2024-12-09T19:43:47.000Z,10.790,2,"",M,59.069,2,"",M,6.000,2,"",N,6.812,2,"",M,29.449,2,"",M,7.420,2,"",M,1039.990,2,"",M,386.185,2,"",M,NaN,,,0,NaN,,,M,382.549,2,"",380.985,2,"",NaN,,,NaN,,
2024-12-09T19:45:38.000Z,10.790,2,"",M,59.069,2,"",M,6.000,2,"",N,7.577,2,"",M,30.064,2,"",M,7.340,2,"",M,1039.910,2,"",M,386.647,2,"",M,NaN,,,0,NaN,,,M,396.941,2,"",395.317,2,"",NaN,,,NaN,,
2024-12-09T19:47:29.000Z,10.790,2,"",M,59.069,2,"",M,6.000,2,"",N,7.532,2,"",M,30.389,2,"",M,7.970,2,"",M,1039.840,2,"",M,388.039,2,"",M,NaN,,,0,NaN,,,M,386.962,2,"",385.392,2,"",NaN,,,NaN,,
2024-12-09T19:49:20.000Z,10.790,2,"",M,59.068,2,"",M,6.000,2,"",N,7.240,2,"",I,29.897,2,"",M,7.856,2,"",I,1039.850,2,"",M,393.365,2,"",M,NaN,,,0,NaN,,,M,389.368,2,"",387.785,2,"",NaN,,,NaN,,
2024-12-09T19:51:12.000Z,10.790,2,"",M,59.068,2,"",M,6.000,2,"",N,6.945,2,"",M,29.504,2,"",M,7.740,2,"",M,1040.030,2,"",M,396.438,2,"",M,NaN,,,0,NaN,,,M,389.542,2,"",387.956,2,"",NaN,,,NaN,,
2024-12-09T19:53:03.000Z,10.790,2,"",M,59.068,2,"",M,6.000,2,"",N,6.916,2,"",M,29.501,2,"",M,7.520,2,"",M,1039.950,2,"",M,393.547,2,"",M,NaN,,,0,NaN,,,M,389.858,2,"",388.267,2,"",NaN,,,NaN,,
2024-12-09T19:54:54.000Z,10.790,2,"",M,59.068,2,"",M,6.000,2,"",N,6.927,2,"",M,29.465,2,"",M,7.530,2,"",M,1039.760,2,"",M,389.785,2,"",M,NaN,,,0,NaN,,,M,386.072,2,"",384.496,2,"",NaN,,,NaN,,
2024-12-09T19:56:46.000Z,10.790,2,"",M,59.068,2,"",M,6.000,2,"",N,6.936,2,"",M,29.475,2,"",M,7.480,2,"",M,1039.770,2,"",M,388.015,2,"",M,NaN,,,0,NaN,,,M,385.306,2,"",383.732,2,"",NaN,,,NaN,,
2024-12-09T19:58:37.000Z,10.790,2,"",M,59.068,2,"",M,6.000,2,"",N,7.049,2,"",I,29.460,2,"",I,7.510,2,"",M,1039.830,2,"",M,387.565,2,"",M,NaN,,,0,NaN,,,M,386.231,2,"",384.654,2,"",NaN,,,NaN,,
2024-12-09T20:00:28.000Z,10.790,2,"",M,59.069,2,"",M,6.000,2,"",N,7.162,2,"",M,29.446,2,"",M,7.490,2,"",M,1039.860,2,"",M,388.177,2,"",M,NaN,,,0,NaN,,,M,389.042,2,"",387.453,2,"",NaN,,,NaN,,
2024-12-09T20:02:20.000Z,10.790,2,"",M,59.069,2,"",M,6.000,2,"",N,6.911,2,"",M,29.512,2,"",M,7.580,2,"",M,1039.790,2,"",M,387.457,2,"",M,NaN,,,0,NaN,,,M,382.701,2,"",381.141,2,"",NaN,,,NaN,,
2024-12-09T20:04:11.000Z,10.790,2,"",M,59.069,2,"",M,6.000,2,"",N,6.851,2,"",M,29.461,2,"",M,7.530,2,"",M,1039.880,2,"",M,387.919,2,"",M,NaN,,,0,NaN,,,M,383.047,2,"",381.483,2,"",NaN,,,NaN,,
2024-12-09T20:06:02.000Z,10.791,2,"",M,59.069,2,"",M,6.000,2,"",N,6.849,2,"",M,29.430,2,"",M,7.510,2,"",M,1039.893,2,"",M,387.820,2,"",M,NaN,,,0,NaN,,,M,383.247,2,"",381.683,2,"",NaN,,,NaN,,
2024-12-09T20:07:54.000Z,10.791,2,"",M,59.069,2,"",M,6.000,2,"",N,6.800,2,"",M,29.437,2,"",M,7.360,2,"",M,1039.747,2,"",M,387.341,2,"",M,NaN,,,0,NaN,,,M,384.390,2,"",382.818,2,"",NaN,,,NaN,,
2024-12-09T20:09:45.000Z,10.791,2,"",M,59.069,2,"",M,6.000,2,"",N,6.803,2,"",M,29.434,2,"",M,7.370,2,"",M,1039.580,2,"",M,386.391,2,"",M,NaN,,,0,NaN,,,M,383.274,2,"",381.707,2,"",NaN,,,NaN,,
2024-12-09T20:11:37.000Z,10.791,2,"",M,59.069,2,"",M,6.000,2,"",N,6.811,2,"",M,29.443,2,"",M,7.370,2,"",M,1039.700,2,"",M,386.312,2,"",M,NaN,,,0,NaN,,,M,383.380,2,"",381.812,2,"",NaN,,,NaN,,
2024-12-09T20:13:29.000Z,10.791,2,"",M,59.069,2,"",M,6.000,2,"",N,6.821,2,"",M,29.442,2,"",M,7.390,2,"",M,1039.680,2,"",M,386.013,2,"",M,NaN,,,0,NaN,,,M,382.904,2,"",381.339,2,"",NaN,,,NaN,,
2024-12-09T20:15:21.000Z,10.791,2,"",M,59.070,2,"",M,6.000,2,"",N,6.730,2,"",M,29.395,2,"",M,7.390,2,"",M,1039.560,2,"",M,386.034,2,"",M,NaN,,,0,NaN,,,M,381.408,2,"",379.849,2,"",NaN,,,NaN,,
2024-12-09T20:17:12.000Z,10.791,2,"",M,59.070,2,"",M,6.000,2,"",N,6.672,2,"",M,29.434,2,"",M,7.280,2,"",M,1039.680,2,"",M,386.145,2,"",M,NaN,,,0,NaN,,,M,382.428,2,"",380.862,2,"",NaN,,,NaN,,
2024-12-09T20:19:03.000Z,10.791,2,"",M,59.070,2,"",M,6.000,2,"",N,6.850,2,"",M,29.448,2,"",M,7.320,2,"",M,1039.930,2,"",M,385.225,2,"",M,NaN,,,0,NaN,,,M,383.837,2,"",382.266,2,"",NaN,,,NaN,,
2024-12-09T20:23:33.000Z,10.791,2,"",M,59.070,2,"",M,6.000,2,"",N,NaN,,,M,NaN,,,M,NaN,,,M,NaN,,,M,NaN,,,0,NaN,,,0,NaN,,,M,NaN,,,NaN,,,NaN,,,NaN,,
2024-12-09T20:25:22.000Z,10.791,2,"",M,59.070,2,"",M,6.000,2,"",N,NaN,,,M,NaN,,,M,NaN,,,M,NaN,,,M,NaN,,,0,NaN,,,0,NaN,,,M,NaN,,,NaN,,,NaN,,,NaN,,
2024-12-09T20:27:11.000Z,10.791,2,"",M,59.070,2,"",M,6.000,2,"",N,NaN,,,M,NaN,,,M,NaN,,,M,NaN,,,M,NaN,,,0,NaN,,,0,NaN,,,M,NaN,,,NaN,,,NaN,,,NaN,,
2024-12-09T20:31:40.000Z,10.791,2,"",M,59.070,2,"",M,6.000,2,"",N,NaN,,,M,NaN,,,M,NaN,,,M,NaN,,,M,NaN,,,0,NaN,,,0,NaN,,,M,NaN,,,NaN,,,NaN,,,NaN,,
2024-12-09T20:33:29.000Z,10.790,2,"",M,59.070,2,"",M,6.000,2,"",N,NaN,,,M,NaN,,,M,NaN,,,M,NaN,,,M,NaN,,,0,NaN,,,0,NaN,,,M,NaN,,,NaN,,,NaN,,,NaN,,
2024-12-09T20:35:18.000Z,10.786,2,"",M,59.067,2,"",M,6.000,2,"",N,NaN,,,M,NaN,,,M,NaN,,,M,NaN,,,M,NaN,,,0,NaN,,,0,NaN,,,M,NaN,,,NaN,,,NaN,,,NaN,,
2024-12-09T20:39:47.000Z,10.771,2,"",M,59.058,2,"",M,6.000,2,"",N,NaN,,,M,NaN,,,M,NaN,,,M,NaN,,,M,NaN,,,0,NaN,,,0,NaN,,,M,NaN,,,NaN,,,NaN,,,NaN,,
2024-12-09T20:41:36.000Z,10.764,2,"",M,59.055,2,"",M,6.000,2,"",N,NaN,,,M,NaN,,,M,NaN,,,M,NaN,,,M,NaN,,,0,NaN,,,0,NaN,,,M,NaN,,,NaN,,,NaN,,,NaN,,
2024-12-09T20:43:46.000Z,10.756,2,"",M,59.051,2,"",M,6.000,2,"",N,NaN,,,M,NaN,,,M,NaN,,,M,NaN,,,M,NaN,,,0,NaN,,,0,NaN,,,M,NaN,,,NaN,,,NaN,,,NaN,,
2024-12-09T20:48:15.000Z,10.746,2,"",M,59.043,2,"",M,6.000,2,"",N,6.999,2,"",M,29.438,2,"",M,NaN,,,M,NaN,,,M,NaN,,,0,435.208,2,"",M,1040.000,2,"",M,NaN,,,NaN,,,443.557,2,"",441.729,2,""
2024-12-09T20:50:04.000Z,10.745,2,"",M,59.042,2,"",M,6.000,2,"",N,6.487,2,"",M,29.144,2,"",M,NaN,,,M,NaN,,,M,NaN,,,0,435.426,2,"",M,1039.900,2,"",M,NaN,,,NaN,,,443.883,2,"",442.042,2,""
2024-12-09T20:51:53.000Z,10.745,2,"",M,59.041,2,"",M,6.000,2,"",N,6.889,2,"",M,29.329,2,"",M,NaN,,,M,NaN,,,M,NaN,,,0,435.333,2,"",M,1039.900,2,"",M,NaN,,,NaN,,,443.673,2,"",441.842,2,""
2024-12-09T20:53:42.000Z,10.745,2,"",M,59.041,2,"",M,6.000,2,"",N,7.190,2,"",M,29.421,2,"",M,NaN,,,M,NaN,,,M,NaN,,,0,435.991,2,"",M,1039.900,2,"",M,NaN,,,NaN,,,444.255,2,"",442.429,2,""
2024-12-09T20:55:31.000Z,10.745,2,"",M,59.041,2,"",M,6.000,2,"",N,7.314,2,"",M,29.998,2,"",M,NaN,,,M,NaN,,,M,NaN,,,0,437.500,2,"",M,1039.900,2,"",M,NaN,,,NaN,,,445.757,2,"",443.928,2,""
2024-12-09T21:00:41.000Z,10.744,2,"",M,59.041,2,"",M,6.000,2,"",N,6.664,2,"",M,29.243,2,"",M,7.530,2,"",M,1039.860,2,"",M,391.603,2,"",M,NaN,,,0,NaN,,,M,383.623,2,"",382.058,2,"",NaN,,,NaN,,
2024-12-09T21:02:33.000Z,10.744,2,"",M,59.041,2,"",M,6.000,2,"",N,6.695,2,"",M,28.901,2,"",M,7.340,2,"",M,1040.040,2,"",M,389.859,2,"",M,NaN,,,0,NaN,,,M,385.614,2,"",384.036,2,"",NaN,,,NaN,,
2024-12-09T21:04:24.000Z,10.744,2,"",M,59.041,2,"",M,6.000,2,"",N,6.746,2,"",M,29.236,2,"",M,7.230,2,"",M,1040.030,2,"",M,386.043,2,"",M,NaN,,,0,NaN,,,M,384.478,2,"",382.903,2,"",NaN,,,NaN,,
2024-12-09T21:06:16.000Z,10.744,2,"",M,59.041,2,"",M,6.000,2,"",N,6.839,2,"",M,29.173,2,"",M,7.360,2,"",M,1040.210,2,"",M,384.179,2,"",M,NaN,,,0,NaN,,,M,382.060,2,"",380.497,2,"",NaN,,,NaN,,
2024-12-09T21:08:07.000Z,10.744,2,"",M,59.041,2,"",M,6.000,2,"",N,6.849,2,"",I,29.252,2,"",I,7.380,2,"",M,1040.180,2,"",M,385.207,2,"",M,NaN,,,0,NaN,,,M,382.901,2,"",381.334,2,"",NaN,,,NaN,,
2024-12-09T21:09:59.000Z,10.744,2,"",M,59.041,2,"",M,6.000,2,"",N,6.859,2,"",M,29.331,2,"",M,7.500,2,"",M,1040.070,2,"",M,385.935,2,"",M,NaN,,,0,NaN,,,M,381.769,2,"",380.210,2,"",NaN,,,NaN,,
2024-12-09T21:11:51.000Z,10.744,2,"",M,59.041,2,"",M,6.000,2,"",N,6.876,2,"",M,29.341,2,"",M,7.440,2,"",M,1040.070,2,"",M,387.584,2,"",M,NaN,,,0,NaN,,,M,384.675,2,"",383.103,2,"",NaN,,,NaN,,
2024-12-09T21:13:42.000Z,10.744,2,"",M,59.041,2,"",M,6.000,2,"",N,6.912,2,"",M,29.303,2,"",M,7.480,2,"",M,1040.220,2,"",M,387.391,2,"",M,NaN,,,0,NaN,,,M,384.455,2,"",382.884,2,"",NaN,,,NaN,,
2024-12-09T21:15:34.000Z,10.744,2,"",M,59.041,2,"",M,6.000,2,"",N,6.955,2,"",M,29.390,2,"",M,7.490,2,"",M,1040.140,2,"",M,387.529,2,"",M,NaN,,,0,NaN,,,M,385.098,2,"",383.525,2,"",NaN,,,NaN,,
2024-12-09T21:17:25.000Z,10.744,2,"",M,59.041,2,"",M,6.000,2,"",N,6.949,2,"",M,29.414,2,"",M,7.520,2,"",M,1039.920,2,"",M,387.847,2,"",M,NaN,,,0,NaN,,,M,384.736,2,"",383.165,2,"",NaN,,,NaN,,
2024-12-09T21:19:16.000Z,10.744,2,"",M,59.041,2,"",M,6.000,2,"",N,6.940,2,"",M,29.393,2,"",M,7.520,2,"",M,1039.830,2,"",M,388.285,2,"",M,NaN,,,0,NaN,,,M,384.994,2,"",383.422,2,"",NaN,,,NaN,,
2024-12-09T21:21:08.000Z,10.744,2,"",M,59.041,2,"",M,6.000,2,"",N,6.965,2,"",M,29.378,2,"",M,7.530,2,"",M,1039.880,2,"",M,388.692,2,"",M,NaN,,,0,NaN,,,M,385.659,2,"",384.085,2,"",NaN,,,NaN,,
2024-12-09T21:22:59.000Z,10.745,2,"",M,59.040,2,"",M,6.000,2,"",N,7.231,2,"",M,29.422,2,"",M,7.540,2,"",M,1039.950,2,"",M,388.620,2,"",M,NaN,,,0,NaN,,,M,389.804,2,"",388.213,2,"",NaN,,,NaN,,
2024-12-09T21:24:51.000Z,10.745,2,"",M,59.040,2,"",M,6.000,2,"",N,7.234,2,"",M,29.788,2,"",M,7.600,2,"",M,1039.830,2,"",M,389.118,2,"",M,NaN,,,0,NaN,,,M,389.314,2,"",387.727,2,"",NaN,,,NaN,,
2024-12-09T21:26:42.000Z,10.745,2,"",M,59.040,2,"",M,6.000,2,"",N,6.960,2,"",M,29.512,2,"",M,7.950,2,"",M,1040.000,2,"",M,391.427,2,"",M,NaN,,,0,NaN,,,M,381.384,2,"",379.836,2,"",NaN,,,NaN,,
2024-12-09T21:28:33.000Z,10.745,2,"",M,59.040,2,"",M,6.000,2,"",N,6.939,2,"",M,29.332,2,"",M,7.610,2,"",M,1039.860,2,"",M,394.958,2,"",M,NaN,,,0,NaN,,,M,390.097,2,"",388.506,2,"",NaN,,,NaN,,
2024-12-09T21:30:25.000Z,10.745,2,"",M,59.040,2,"",M,6.000,2,"",N,7.014,2,"",M,29.349,2,"",M,7.510,2,"",M,1039.940,2,"",M,392.113,2,"",M,NaN,,,0,NaN,,,M,390.227,2,"",388.633,2,"",NaN,,,NaN,,
2024-12-09T21:32:16.000Z,10.745,2,"",M,59.040,2,"",M,6.000,2,"",N,6.958,2,"",M,29.425,2,"",M,7.570,2,"",M,1039.790,2,"",M,389.798,2,"",M,NaN,,,0,NaN,,,M,385.954,2,"",384.380,2,"",NaN,,,NaN,,
2024-12-09T21:34:07.000Z,10.745,2,"",M,59.040,2,"",M,6.000,2,"",N,6.963,2,"",M,29.403,2,"",M,7.550,2,"",M,1039.600,2,"",M,389.976,2,"",M,NaN,,,0,NaN,,,M,386.459,2,"",384.882,2,"",NaN,,,NaN,,
2024-12-09T21:35:59.000Z,10.745,2,"",M,59.040,2,"",M,6.000,2,"",N,6.972,2,"",M,29.414,2,"",M,7.530,2,"",M,1039.890,2,"",M,389.623,2,"",M,NaN,,,0,NaN,,,M,386.697,2,"",385.119,2,"",NaN,,,NaN,,
2024-12-09T21:37:52.000Z,10.745,2,"",M,59.040,2,"",M,6.000,2,"",N,6.958,2,"",M,29.416,2,"",M,7.550,2,"",M,1039.930,2,"",M,389.130,2,"",M,NaN,,,0,NaN,,,M,385.675,2,"",384.101,2,"",NaN,,,NaN,,
2024-12-09T21:39:43.000Z,10.745,2,"",M,59.040,2,"",M,6.000,2,"",N,6.936,2,"",M,29.410,2,"",M,7.550,2,"",M,1040.010,2,"",M,389.177,2,"",M,NaN,,,0,NaN,,,M,385.394,2,"",383.821,2,"",NaN,,,NaN,,
2024-12-09T21:41:34.000Z,10.745,2,"",M,59.040,2,"",M,6.000,2,"",N,6.952,2,"",M,29.392,2,"",M,7.530,2,"",M,1039.880,2,"",M,389.505,2,"",M,NaN,,,0,NaN,,,M,386.255,2,"",384.679,2,"",NaN,,,NaN,,
2024-12-09T21:43:47.000Z,10.745,2,"",M,59.040,2,"",M,6.000,2,"",N,6.953,2,"",M,29.410,2,"",M,7.520,2,"",M,1039.940,2,"",M,389.052,2,"",M,NaN,,,0,NaN,,,M,386.017,2,"",384.441,2,"",NaN,,,NaN,,
2024-12-09T21:45:38.000Z,10.745,2,"",M,59.040,2,"",M,6.000,2,"",N,6.965,2,"",M,29.410,2,"",M,7.520,2,"",M,1039.930,2,"",M,388.979,2,"",M,NaN,,,0,NaN,,,M,386.132,2,"",384.555,2,"",NaN,,,NaN,,
2024-12-09T21:47:29.000Z,10.745,2,"",M,59.040,2,"",M,6.000,2,"",N,6.964,2,"",M,29.419,2,"",M,7.550,2,"",M,1040.090,2,"",M,388.516,2,"",M,NaN,,,0,NaN,,,M,385.223,2,"",383.651,2,"",NaN,,,NaN,,
2024-12-09T21:49:21.000Z,10.745,2,"",M,59.040,2,"",M,6.000,2,"",N,6.957,2,"",M,29.420,2,"",M,7.550,2,"",M,1039.980,2,"",M,389.064,2,"",M,NaN,,,0,NaN,,,M,385.609,2,"",384.035,2,"",NaN,,,NaN,,
2024-12-09T21:51:12.000Z,10.745,2,"",M,59.040,2,"",M,6.000,2,"",N,6.919,2,"",M,29.399,2,"",M,7.540,2,"",M,1039.790,2,"",M,389.192,2,"",M,NaN,,,0,NaN,,,M,385.202,2,"",383.630,2,"",NaN,,,NaN,,
2024-12-09T21:53:03.000Z,10.745,2,"",M,59.040,2,"",M,6.000,2,"",N,6.959,2,"",M,29.396,2,"",M,7.510,2,"",M,1039.780,2,"",M,389.029,2,"",M,NaN,,,0,NaN,,,M,386.189,2,"",384.612,2,"",NaN,,,NaN,,
2024-12-09T21:54:56.000Z,10.745,2,"",M,59.040,2,"",M,6.000,2,"",N,6.979,2,"",M,29.424,2,"",M,7.530,2,"",M,1039.840,2,"",M,388.806,2,"",M,NaN,,,0,NaN,,,M,385.983,2,"",384.408,2,"",NaN,,,NaN,,
2024-12-09T21:56:47.000Z,10.745,2,"",M,59.040,2,"",M,6.000,2,"",N,6.972,2,"",M,29.425,2,"",M,7.570,2,"",M,1039.740,2,"",M,389.024,2,"",M,NaN,,,0,NaN,,,M,385.382,2,"",383.810,2,"",NaN,,,NaN,,
2024-12-09T21:58:38.000Z,10.745,2,"",M,59.040,2,"",M,6.000,2,"",N,6.960,2,"",M,29.416,2,"",M,7.550,2,"",M,1039.900,2,"",M,389.572,2,"",M,NaN,,,0,NaN,,,M,386.128,2,"",384.553,2,"",NaN,,,NaN,,
2024-12-09T22:00:30.000Z,10.745,2,"",M,59.040,2,"",M,6.000,2,"",N,6.966,2,"",M,29.418,2,"",M,7.530,2,"",M,1039.840,2,"",M,389.700,2,"",M,NaN,,,0,NaN,,,M,386.668,2,"",385.090,2,"",NaN,,,NaN,,
2024-12-09T22:02:21.000Z,10.745,2,"",M,59.040,2,"",M,6.000,2,"",N,6.970,2,"",M,29.420,2,"",M,7.530,2,"",M,1039.810,2,"",M,389.277,2,"",M,NaN,,,0,NaN,,,M,386.301,2,"",384.724,2,"",NaN,,,NaN,,
2024-12-09T22:04:13.000Z,10.745,2,"",M,59.040,2,"",M,6.000,2,"",N,6.972,2,"",M,29.423,2,"",M,7.560,2,"",M,1039.890,2,"",M,389.254,2,"",M,NaN,,,0,NaN,,,M,385.838,2,"",384.264,2,"",NaN,,,NaN,,
2024-12-09T22:06:04.000Z,10.745,2,"",M,59.040,2,"",M,6.000,2,"",N,6.968,2,"",M,29.423,2,"",M,7.560,2,"",M,1039.850,2,"",M,389.352,2,"",M,NaN,,,0,NaN,,,M,385.861,2,"",384.287,2,"",NaN,,,NaN,,
2024-12-09T22:07:55.000Z,10.745,2,"",M,59.040,2,"",M,6.000,2,"",N,6.962,2,"",M,29.421,2,"",M,7.550,2,"",M,1039.770,2,"",M,389.799,2,"",M,NaN,,,0,NaN,,,M,386.333,2,"",384.757,2,"",NaN,,,NaN,,
2024-12-09T22:09:47.000Z,10.745,2,"",M,59.040,2,"",M,6.000,2,"",N,6.944,2,"",M,29.412,2,"",M,7.540,2,"",M,1039.680,2,"",M,389.397,2,"",M,NaN,,,0,NaN,,,M,385.785,2,"",384.211,2,"",NaN,,,NaN,,
2024-12-09T22:11:38.000Z,10.745,2,"",M,59.040,2,"",M,6.000,2,"",N,6.951,2,"",M,29.387,2,"",M,7.530,2,"",M,1039.750,2,"",M,389.484,2,"",M,NaN,,,0,NaN,,,M,386.178,2,"",384.602,2,"",NaN,,,NaN,,
2024-12-09T22:13:29.000Z,10.745,2,"",M,59.040,2,"",M,6.000,2,"",N,6.975,2,"",M,29.417,2,"",M,7.530,2,"",M,1039.730,2,"",M,388.901,2,"",M,NaN,,,0,NaN,,,M,385.982,2,"",384.406,2,"",NaN,,,NaN,,
2024-12-09T22:15:21.000Z,10.745,2,"",M,59.040,2,"",M,6.000,2,"",N,6.969,2,"",M,29.426,2,"",M,7.550,2,"",M,1039.680,2,"",M,388.939,2,"",M,NaN,,,0,NaN,,,M,385.573,2,"",383.999,2,"",NaN,,,NaN,,
2024-12-09T22:17:12.000Z,10.745,2,"",M,59.040,2,"",M,6.000,2,"",N,6.954,2,"",M,29.418,2,"",M,7.550,2,"",M,1039.580,2,"",M,389.246,2,"",M,NaN,,,0,NaN,,,M,385.592,2,"",384.019,2,"",NaN,,,NaN,,
2024-12-09T22:19:03.000Z,10.745,2,"",M,59.040,2,"",M,6.000,2,"",N,6.943,2,"",M,29.414,2,"",M,7.530,2,"",M,1039.490,2,"",M,389.644,2,"",M,NaN,,,0,NaN,,,M,386.095,2,"",384.520,2,"",NaN,,,NaN,,
2024-12-09T22:20:55.000Z,10.745,2,"",M,59.040,2,"",M,6.000,2,"",N,6.961,2,"",M,29.407,2,"",M,7.540,2,"",M,1039.810,2,"",M,389.522,2,"",M,NaN,,,0,NaN,,,M,386.227,2,"",384.651,2,"",NaN,,,NaN,,
2024-12-09T22:22:46.000Z,10.745,2,"",M,59.040,2,"",M,6.000,2,"",N,6.959,2,"",M,29.418,2,"",M,7.540,2,"",M,1039.850,2,"",M,389.379,2,"",M,NaN,,,0,NaN,,,M,386.069,2,"",384.493,2,"",NaN,,,NaN,,
2024-12-09T22:24:37.000Z,10.745,2,"",M,59.040,2,"",M,6.000,2,"",N,6.963,2,"",M,29.419,2,"",M,7.540,2,"",M,1039.780,2,"",M,389.326,2,"",M,NaN,,,0,NaN,,,M,386.055,2,"",384.480,2,"",NaN,,,NaN,,
2024-12-09T22:26:29.000Z,10.744,2,"",M,59.041,2,"",M,6.000,2,"",N,6.902,2,"",M,29.386,2,"",M,7.530,2,"",M,1039.650,2,"",M,389.304,2,"",M,NaN,,,0,NaN,,,M,385.155,2,"",383.583,2,"",NaN,,,NaN,,
2024-12-09T22:28:21.000Z,10.744,2,"",M,59.041,2,"",M,6.000,2,"",N,6.883,2,"",M,29.337,2,"",M,7.500,2,"",M,1039.770,2,"",M,389.111,2,"",M,NaN,,,0,NaN,,,M,385.193,2,"",383.621,2,"",NaN,,,NaN,,
2024-12-09T22:30:13.000Z,10.744,2,"",M,59.041,2,"",M,6.000,2,"",N,6.876,2,"",M,29.295,2,"",M,7.470,2,"",M,1039.850,2,"",M,388.648,2,"",M,NaN,,,0,NaN,,,M,385.147,2,"",383.574,2,"",NaN,,,NaN,,
2024-12-09T22:32:04.000Z,10.744,2,"",M,59.041,2,"",M,6.000,2,"",N,6.875,2,"",M,29.341,2,"",M,7.450,2,"",M,1039.730,2,"",M,387.825,2,"",M,NaN,,,0,NaN,,,M,384.601,2,"",383.030,2,"",NaN,,,NaN,,
2024-12-09T22:33:56.000Z,10.743,2,"",M,59.041,2,"",M,6.000,2,"",N,6.884,2,"",M,29.343,2,"",M,7.450,2,"",M,1039.590,2,"",M,387.542,2,"",M,NaN,,,0,NaN,,,M,384.418,2,"",382.848,2,"",NaN,,,NaN,,
2024-12-09T22:35:47.000Z,10.743,2,"",M,59.041,2,"",M,6.000,2,"",N,6.883,2,"",M,29.348,2,"",M,7.450,2,"",M,1039.560,2,"",M,387.600,2,"",M,NaN,,,0,NaN,,,M,384.441,2,"",382.871,2,"",NaN,,,NaN,,
2024-12-09T22:37:38.000Z,10.743,2,"",M,59.041,2,"",M,6.000,2,"",N,6.873,2,"",M,29.338,2,"",M,7.470,2,"",M,1039.650,2,"",M,387.717,2,"",M,NaN,,,0,NaN,,,M,384.111,2,"",382.543,2,"",NaN,,,NaN,,
2024-12-09T22:39:30.000Z,10.743,2,"",M,59.041,2,"",M,6.000,2,"",N,6.880,2,"",M,29.350,2,"",M,7.470,2,"",M,1039.580,2,"",M,387.765,2,"",M,NaN,,,0,NaN,,,M,384.242,2,"",382.673,2,"",NaN,,,NaN,,
2024-12-09T22:41:21.000Z,10.743,2,"",M,59.041,2,"",M,6.000,2,"",N,6.875,2,"",M,29.352,2,"",M,7.470,2,"",M,1039.420,2,"",M,387.892,2,"",M,NaN,,,0,NaN,,,M,384.225,2,"",382.656,2,"",NaN,,,NaN,,
2024-12-09T22:43:33.000Z,10.742,2,"",M,59.041,2,"",M,6.000,2,"",N,6.883,2,"",M,29.356,2,"",M,7.450,2,"",M,1039.560,2,"",M,387.809,2,"",M,NaN,,,0,NaN,,,M,384.648,2,"",383.077,2,"",NaN,,,NaN,,
2024-12-09T22:45:25.000Z,10.742,2,"",M,59.041,2,"",M,6.000,2,"",N,6.892,2,"",M,29.361,2,"",M,7.470,2,"",M,1039.700,2,"",M,387.497,2,"",M,NaN,,,0,NaN,,,M,384.207,2,"",382.638,2,"",NaN,,,NaN,,
2024-12-09T22:47:16.000Z,10.742,2,"",M,59.042,2,"",M,6.000,2,"",N,6.885,2,"",M,29.354,2,"",M,7.490,2,"",M,1039.640,2,"",M,387.904,2,"",M,NaN,,,0,NaN,,,M,384.147,2,"",382.579,2,"",NaN,,,NaN,,
2024-12-09T22:49:08.000Z,10.742,2,"",M,59.042,2,"",M,6.000,2,"",N,6.897,2,"",M,29.368,2,"",M,7.470,2,"",M,1039.610,2,"",M,387.902,2,"",M,NaN,,,0,NaN,,,M,384.667,2,"",383.096,2,"",NaN,,,NaN,,
2024-12-09T22:51:00.000Z,10.741,2,"",M,59.042,2,"",M,6.000,2,"",N,6.892,2,"",M,29.359,2,"",M,7.470,2,"",M,1039.530,2,"",M,388.119,2,"",M,NaN,,,0,NaN,,,M,384.766,2,"",383.194,2,"",NaN,,,NaN,,
2024-12-09T22:52:51.000Z,10.741,2,"",M,59.042,2,"",M,6.000,2,"",N,6.913,2,"",M,29.386,2,"",M,7.470,2,"",M,1039.430,2,"",M,387.997,2,"",M,NaN,,,0,NaN,,,M,384.952,2,"",383.380,2,"",NaN,,,NaN,,
2024-12-09T22:54:42.000Z,10.741,2,"",M,59.042,2,"",M,6.000,2,"",N,6.912,2,"",M,29.398,2,"",M,7.510,2,"",M,1039.500,2,"",M,388.335,2,"",M,NaN,,,0,NaN,,,M,384.632,2,"",383.062,2,"",NaN,,,NaN,,
2024-12-09T22:56:34.000Z,10.741,2,"",M,59.042,2,"",M,6.000,2,"",N,6.884,2,"",M,29.374,2,"",M,7.500,2,"",M,1039.370,2,"",M,388.802,2,"",M,NaN,,,0,NaN,,,M,384.757,2,"",383.187,2,"",NaN,,,NaN,,
2024-12-09T22:58:25.000Z,10.741,2,"",M,59.042,2,"",M,6.000,2,"",N,6.891,2,"",M,29.388,2,"",M,7.470,2,"",M,1039.500,2,"",M,388.930,2,"",M,NaN,,,0,NaN,,,M,385.548,2,"",383.973,2,"",NaN,,,NaN,,
2024-12-09T23:00:16.000Z,10.741,2,"",M,59.042,2,"",M,6.000,2,"",N,6.859,2,"",M,29.350,2,"",M,7.470,2,"",M,1039.500,2,"",M,388.847,2,"",M,NaN,,,0,NaN,,,M,384.947,2,"",383.375,2,"",NaN,,,NaN,,
2024-12-09T23:02:08.000Z,10.740,2,"",M,59.042,2,"",M,6.000,2,"",N,6.892,2,"",M,29.326,2,"",M,7.460,2,"",M,1039.540,2,"",M,388.505,2,"",M,NaN,,,0,NaN,,,M,385.320,2,"",383.746,2,"",NaN,,,NaN,,
2024-12-09T23:03:59.000Z,10.740,2,"",M,59.042,2,"",M,6.000,2,"",N,6.857,2,"",M,29.358,2,"",M,7.460,2,"",M,1039.660,2,"",M,388.002,2,"",M,NaN,,,0,NaN,,,M,384.286,2,"",382.717,2,"",NaN,,,NaN,,
2024-12-09T23:05:51.000Z,10.740,2,"",M,59.042,2,"",M,6.000,2,"",N,6.904,2,"",M,29.377,2,"",M,7.470,2,"",M,1039.560,2,"",M,387.949,2,"",M,NaN,,,0,NaN,,,M,384.804,2,"",383.233,2,"",NaN,,,NaN,,
2024-12-09T23:07:42.000Z,10.739,2,"",M,59.042,2,"",M,6.000,2,"",N,6.905,2,"",M,29.389,2,"",M,7.480,2,"",M,1039.470,2,"",M,388.117,2,"",M,NaN,,,0,NaN,,,M,384.792,2,"",383.221,2,"",NaN,,,NaN,,
2024-12-09T23:09:33.000Z,10.739,2,"",M,59.042,2,"",M,6.000,2,"",N,6.898,2,"",M,29.367,2,"",M,7.480,2,"",M,1039.410,2,"",M,388.394,2,"",M,NaN,,,0,NaN,,,M,384.922,2,"",383.351,2,"",NaN,,,NaN,,
2024-12-09T23:11:25.000Z,10.739,2,"",M,59.042,2,"",M,6.000,2,"",N,6.906,2,"",M,29.393,2,"",M,7.480,2,"",M,1039.470,2,"",M,388.572,2,"",M,NaN,,,0,NaN,,,M,385.250,2,"",383.677,2,"",NaN,,,NaN,,
2024-12-09T23:13:16.000Z,10.739,2,"",M,59.042,2,"",M,6.000,2,"",N,6.903,2,"",M,29.391,2,"",M,7.500,2,"",M,1039.445,2,"",M,388.850,2,"",M,NaN,,,0,NaN,,,M,385.134,2,"",383.562,2,"",NaN,,,NaN,,
2024-12-09T23:15:08.000Z,10.738,2,"",M,59.042,2,"",M,6.000,2,"",N,6.904,2,"",M,29.374,2,"",M,7.490,2,"",M,1039.330,2,"",M,388.897,2,"",M,NaN,,,0,NaN,,,M,385.333,2,"",383.760,2,"",NaN,,,NaN,,
2024-12-09T23:17:00.000Z,10.738,2,"",M,59.042,2,"",M,6.000,2,"",N,6.900,2,"",M,29.382,2,"",M,7.470,2,"",M,1039.240,2,"",M,388.885,2,"",M,NaN,,,0,NaN,,,M,385.554,2,"",383.980,2,"",NaN,,,NaN,,
2024-12-09T23:18:51.000Z,10.738,2,"",M,59.042,2,"",M,6.000,2,"",N,6.903,2,"",M,29.372,2,"",M,7.480,2,"",M,1039.180,2,"",M,388.702,2,"",M,NaN,,,0,NaN,,,M,385.234,2,"",383.662,2,"",NaN,,,NaN,,
2024-12-09T23:20:42.000Z,10.738,2,"",M,59.042,2,"",M,6.000,2,"",N,6.894,2,"",M,29.400,2,"",M,7.490,2,"",M,1039.380,2,"",M,388.669,2,"",M,NaN,,,0,NaN,,,M,384.958,2,"",383.387,2,"",NaN,,,NaN,,
2024-12-09T23:22:34.000Z,10.738,2,"",M,59.042,2,"",M,6.000,2,"",N,6.896,2,"",M,29.414,2,"",M,7.490,2,"",M,1039.450,2,"",M,388.847,2,"",M,NaN,,,0,NaN,,,M,385.193,2,"",383.621,2,"",NaN,,,NaN,,
2024-12-09T23:24:25.000Z,10.738,2,"",M,59.042,2,"",M,6.000,2,"",N,7.002,2,"",M,29.550,2,"",M,7.490,2,"",M,1039.340,2,"",M,389.115,2,"",M,NaN,,,0,NaN,,,M,387.144,2,"",385.564,2,"",NaN,,,NaN,,
2024-12-09T23:26:16.000Z,10.738,2,"",M,59.042,2,"",M,6.000,2,"",N,6.990,2,"",M,29.472,2,"",M,7.580,2,"",M,1039.280,2,"",M,389.653,2,"",M,NaN,,,0,NaN,,,M,385.966,2,"",384.393,2,"",NaN,,,NaN,,
2024-12-09T23:28:08.000Z,10.738,2,"",M,59.042,2,"",M,6.000,2,"",N,7.319,2,"",M,29.614,2,"",M,7.560,2,"",M,1039.320,2,"",M,390.851,2,"",M,NaN,,,0,NaN,,,M,392.933,2,"",391.330,2,"",NaN,,,NaN,,
2024-12-09T23:29:59.000Z,10.738,2,"",M,59.042,2,"",M,6.000,2,"",N,6.933,2,"",M,29.540,2,"",M,7.840,2,"",M,1039.410,2,"",M,392.209,2,"",M,NaN,,,0,NaN,,,M,383.309,2,"",381.751,2,"",NaN,,,NaN,,
2024-12-09T23:31:50.000Z,10.738,2,"",M,59.042,2,"",M,6.000,2,"",N,7.304,2,"",M,29.687,2,"",M,7.580,2,"",M,1039.260,2,"",M,395.019,2,"",M,NaN,,,0,NaN,,,M,396.502,2,"",394.885,2,"",NaN,,,NaN,,
2024-12-09T23:33:42.000Z,10.739,2,"",M,59.041,2,"",M,6.000,2,"",N,7.081,2,"",M,29.634,2,"",M,7.850,2,"",M,1039.200,2,"",M,394.366,2,"",M,NaN,,,0,NaN,,,M,387.582,2,"",386.008,2,"",NaN,,,NaN,,
2024-12-09T23:35:33.000Z,10.740,2,"",M,59.041,2,"",M,6.000,2,"",N,6.992,2,"",M,29.494,2,"",M,7.670,2,"",M,1039.070,2,"",M,395.834,2,"",M,NaN,,,0,NaN,,,M,390.525,2,"",388.936,2,"",NaN,,,NaN,,
2024-12-09T23:37:24.000Z,10.741,2,"",M,59.041,2,"",M,6.000,2,"",N,6.825,2,"",M,29.466,2,"",M,7.590,2,"",M,1039.140,2,"",M,394.691,2,"",M,NaN,,,0,NaN,,,M,388.019,2,"",386.437,2,"",NaN,,,NaN,,
2024-12-09T23:39:16.000Z,10.741,2,"",M,59.040,2,"",M,6.000,2,"",N,6.755,2,"",M,29.356,2,"",M,7.470,2,"",M,1039.080,2,"",M,392.637,2,"",M,NaN,,,0,NaN,,,M,386.826,2,"",385.247,2,"",NaN,,,NaN,,
2024-12-09T23:41:07.000Z,10.742,2,"",M,59.040,2,"",M,6.000,2,"",N,6.910,2,"",M,29.401,2,"",M,7.320,2,"",M,1038.970,2,"",M,390.483,2,"",M,NaN,,,0,NaN,,,M,389.700,2,"",388.107,2,"",NaN,,,NaN,,
2024-12-09T23:42:58.000Z,10.743,2,"",M,59.039,2,"",M,6.000,2,"",N,6.799,2,"",M,29.385,2,"",M,7.480,2,"",M,1038.880,2,"",M,388.199,2,"",M,NaN,,,0,NaN,,,M,382.928,2,"",381.365,2,"",NaN,,,NaN,,
2024-12-09T23:45:11.000Z,10.743,2,"",M,59.039,2,"",M,6.000,2,"",N,6.881,2,"",M,29.351,2,"",M,7.400,2,"",M,1039.100,2,"",M,388.396,2,"",M,NaN,,,0,NaN,,,M,385.865,2,"",384.288,2,"",NaN,,,NaN,,
2024-12-09T23:47:02.000Z,10.743,2,"",M,59.039,2,"",M,6.000,2,"",N,6.951,2,"",M,29.379,2,"",M,7.400,2,"",M,1039.170,2,"",M,388.093,2,"",M,NaN,,,0,NaN,,,M,386.736,2,"",385.156,2,"",NaN,,,NaN,,
2024-12-09T23:48:54.000Z,10.743,2,"",M,59.039,2,"",M,6.000,2,"",N,7.130,2,"",M,29.524,2,"",M,7.500,2,"",M,1039.090,2,"",M,388.171,2,"",M,NaN,,,0,NaN,,,M,388.043,2,"",386.459,2,"",NaN,,,NaN,,
2024-12-09T23:50:45.000Z,10.743,2,"",M,59.039,2,"",M,6.000,2,"",N,7.175,2,"",M,29.651,2,"",M,7.650,2,"",M,1038.990,2,"",M,389.459,2,"",M,NaN,,,0,NaN,,,M,387.534,2,"",385.956,2,"",NaN,,,NaN,,
2024-12-09T23:52:36.000Z,10.743,2,"",M,59.039,2,"",M,6.000,2,"",N,7.176,2,"",M,29.682,2,"",M,7.690,2,"",M,1038.870,2,"",M,392.168,2,"",M,NaN,,,0,NaN,,,M,389.532,2,"",387.947,2,"",NaN,,,NaN,,
2024-12-09T23:54:28.000Z,10.743,2,"",M,59.039,2,"",M,6.000,2,"",N,7.190,2,"",M,29.678,2,"",M,7.760,2,"",M,1039.020,2,"",M,394.157,2,"",M,NaN,,,0,NaN,,,M,390.617,2,"",389.029,2,"",NaN,,,NaN,,
2024-12-09T23:56:19.000Z,10.743,2,"",M,59.039,2,"",M,6.000,2,"",N,7.169,2,"",M,29.683,2,"",M,7.780,2,"",M,1039.000,2,"",M,395.286,2,"",M,NaN,,,0,NaN,,,M,391.047,2,"",389.458,2,"",NaN,,,NaN,,
2024-12-09T23:58:10.000Z,10.743,2,"",M,59.039,2,"",M,6.000,2,"",N,7.295,2,"",M,29.742,2,"",M,7.760,2,"",M,1038.870,2,"",M,395.763,2,"",M,NaN,,,0,NaN,,,M,393.889,2,"",392.288,2,"",NaN,,,NaN,,
2024-12-10T00:00:02.000Z,10.743,2,"",M,59.039,2,"",M,6.000,2,"",N,7.316,2,"",M,29.796,2,"",M,7.830,2,"",M,1038.770,2,"",M,396.091,2,"",M,NaN,,,0,NaN,,,M,393.350,2,"",391.752,2,"",NaN,,,NaN,,
2024-12-10T00:01:53.000Z,10.743,2,"",M,59.039,2,"",M,6.000,2,"",N,7.349,2,"",M,29.814,2,"",M,7.890,2,"",M,1038.700,2,"",M,396.939,2,"",M,NaN,,,0,NaN,,,M,393.689,2,"",392.091,2,"",NaN,,,NaN,,
2024-12-10T00:03:44.000Z,10.743,2,"",M,59.039,2,"",M,6.000,2,"",N,7.365,2,"",M,29.932,2,"",M,7.910,2,"",M,1038.750,2,"",M,398.268,2,"",M,NaN,,,0,NaN,,,M,394.958,2,"",393.355,2,"",NaN,,,NaN,,
2024-12-10T00:05:37.000Z,10.743,2,"",M,59.039,2,"",M,6.000,2,"",N,7.372,2,"",M,29.939,2,"",M,7.960,2,"",M,1038.680,2,"",M,398.795,2,"",M,NaN,,,0,NaN,,,M,394.726,2,"",393.125,2,"",NaN,,,NaN,,
2024-12-10T00:10:06.000Z,10.743,2,"",M,59.039,2,"",M,6.000,2,"",N,NaN,,,M,NaN,,,M,NaN,,,M,NaN,,,M,NaN,,,0,NaN,,,0,NaN,,,M,NaN,,,NaN,,,NaN,,,NaN,,
2024-12-10T00:11:55.000Z,10.743,2,"",M,59.039,2,"",M,6.000,2,"",N,NaN,,,M,NaN,,,M,NaN,,,M,NaN,,,M,NaN,,,0,NaN,,,0,NaN,,,M,NaN,,,NaN,,,NaN,,,NaN,,
2024-12-10T00:13:44.000Z,10.743,2,"",M,59.039,2,"",M,6.000,2,"",N,NaN,,,M,NaN,,,M,NaN,,,M,NaN,,,M,NaN,,,0,NaN,,,0,NaN,,,M,NaN,,,NaN,,,NaN,,,NaN,,
2024-12-10T00:18:13.000Z,10.743,2,"",M,59.039,2,"",M,6.000,2,"",N,NaN,,,M,NaN,,,M,NaN,,,M,NaN,,,M,NaN,,,0,NaN,,,0,NaN,,,M,NaN,,,NaN,,,NaN,,,NaN,,
2024-12-10T00:20:02.000Z,10.743,2,"",M,59.039,2,"",M,6.000,2,"",N,NaN,,,M,NaN,,,M,NaN,,,M,NaN,,,M,NaN,,,0,NaN,,,0,NaN,,,M,NaN,,,NaN,,,NaN,,,NaN,,
2024-12-10T00:21:51.000Z,10.743,2,"",M,59.039,2,"",M,6.000,2,"",N,NaN,,,M,NaN,,,M,NaN,,,M,NaN,,,M,NaN,,,0,NaN,,,0,NaN,,,M,NaN,,,NaN,,,NaN,,,NaN,,
2024-12-10T00:26:20.000Z,10.743,2,"",M,59.039,2,"",M,6.000,2,"",N,NaN,,,M,NaN,,,M,NaN,,,M,NaN,,,M,NaN,,,0,NaN,,,0,NaN,,,M,NaN,,,NaN,,,NaN,,,NaN,,
2024-12-10T00:28:09.000Z,10.743,2,"",M,59.039,2,"",M,6.000,2,"",N,NaN,,,M,NaN,,,M,NaN,,,M,NaN,,,M,NaN,,,0,NaN,,,0,NaN,,,M,NaN,,,NaN,,,NaN,,,NaN,,
2024-12-10T00:29:58.000Z,10.743,2,"",M,59.039,2,"",M,6.000,2,"",N,NaN,,,M,NaN,,,M,NaN,,,M,NaN,,,M,NaN,,,0,NaN,,,0,NaN,,,M,NaN,,,NaN,,,NaN,,,NaN,,
2024-12-10T00:34:27.000Z,10.743,2,"",M,59.039,2,"",M,6.000,2,"",N,6.931,2,"",M,29.493,2,"",M,NaN,,,M,NaN,,,M,NaN,,,0,436.192,2,"",M,1038.300,2,"",M,NaN,,,NaN,,,443.846,2,"",442.018,2,""
2024-12-10T00:36:16.000Z,10.743,2,"",M,59.039,2,"",M,6.000,2,"",N,6.911,2,"",M,29.465,2,"",M,NaN,,,M,NaN,,,M,NaN,,,0,436.940,2,"",M,1038.300,2,"",M,NaN,,,NaN,,,444.613,2,"",442.781,2,""
2024-12-10T00:38:05.000Z,10.743,2,"",M,59.039,2,"",M,6.000,2,"",N,6.907,2,"",M,29.444,2,"",M,NaN,,,M,NaN,,,M,NaN,,,0,436.307,2,"",M,1038.300,2,"",M,NaN,,,NaN,,,443.970,2,"",442.141,2,""
2024-12-10T00:39:54.000Z,10.743,2,"",M,59.039,2,"",M,6.000,2,"",N,6.957,2,"",M,29.466,2,"",M,NaN,,,M,NaN,,,M,NaN,,,0,436.194,2,"",M,1038.300,2,"",M,NaN,,,NaN,,,443.840,2,"",442.014,2,""
2024-12-10T00:41:43.000Z,10.743,2,"",M,59.039,2,"",M,6.000,2,"",N,6.941,2,"",M,29.472,2,"",M,NaN,,,M,NaN,,,M,NaN,,,0,436.582,2,"",M,1038.300,2,"",M,NaN,,,NaN,,,444.240,2,"",442.411,2,""
2024-12-10T00:46:55.000Z,10.743,2,"",M,59.039,2,"",M,6.000,2,"",N,6.951,2,"",M,29.518,2,"",M,7.550,2,"",M,1038.850,2,"",M,391.700,2,"",M,NaN,,,0,NaN,,,M,387.694,2,"",386.113,2,"",NaN,,,NaN,,
2024-12-10T00:49:08.000Z,10.743,2,"",M,59.039,2,"",M,6.000,2,"",N,6.931,2,"",M,29.483,2,"",M,7.540,2,"",M,1038.850,2,"",M,392.267,2,"",M,NaN,,,0,NaN,,,M,388.095,2,"",386.513,2,"",NaN,,,NaN,,
2024-12-10T00:50:59.000Z,10.743,2,"",M,59.039,2,"",M,6.000,2,"",N,6.933,2,"",M,29.472,2,"",M,7.540,2,"",M,1038.770,2,"",M,392.225,2,"",M,NaN,,,0,NaN,,,M,388.063,2,"",386.481,2,"",NaN,,,NaN,,
2024-12-10T00:52:50.000Z,10.743,2,"",M,59.039,2,"",M,6.000,2,"",N,6.906,2,"",M,29.448,2,"",M,7.520,2,"",M,1038.750,2,"",M,391.893,2,"",M,NaN,,,0,NaN,,,M,387.616,2,"",386.035,2,"",NaN,,,NaN,,
2024-12-10T00:54:42.000Z,10.743,2,"",M,59.039,2,"",M,6.000,2,"",N,6.894,2,"",M,29.448,2,"",M,7.540,2,"",M,1038.860,2,"",M,391.681,2,"",M,NaN,,,0,NaN,,,M,386.910,2,"",385.333,2,"",NaN,,,NaN,,
2024-12-10T00:56:33.000Z,10.743,2,"",M,59.039,2,"",M,6.000,2,"",N,6.910,2,"",M,29.449,2,"",M,7.510,2,"",M,1038.863,2,"",M,391.168,2,"",M,NaN,,,0,NaN,,,M,387.174,2,"",385.595,2,"",NaN,,,NaN,,
2024-12-10T00:58:25.000Z,10.743,2,"",M,59.039,2,"",M,6.000,2,"",N,6.906,2,"",M,29.434,2,"",M,7.490,2,"",M,1038.787,2,"",M,390.866,2,"",M,NaN,,,0,NaN,,,M,387.107,2,"",385.528,2,"",NaN,,,NaN,,
2024-12-10T01:00:16.000Z,10.743,2,"",M,59.039,2,"",M,6.000,2,"",N,6.892,2,"",M,29.429,2,"",M,7.470,2,"",M,1038.700,2,"",M,390.504,2,"",M,NaN,,,0,NaN,,,M,386.817,2,"",385.239,2,"",NaN,,,NaN,,
2024-12-10T01:02:07.000Z,10.743,2,"",M,59.039,2,"",M,6.000,2,"",N,6.853,2,"",M,29.437,2,"",M,7.490,2,"",M,1038.700,2,"",M,389.951,2,"",M,NaN,,,0,NaN,,,M,385.304,2,"",383.733,2,"",NaN,,,NaN,,
2024-12-10T01:03:59.000Z,10.743,2,"",M,59.039,2,"",M,6.000,2,"",N,6.751,2,"",M,29.360,2,"",M,7.470,2,"",M,1038.640,2,"",M,390.019,2,"",M,NaN,,,0,NaN,,,M,384.025,2,"",382.458,2,"",NaN,,,NaN,,
2024-12-10T01:05:50.000Z,10.742,2,"",M,59.039,2,"",M,6.000,2,"",N,6.839,2,"",M,29.344,2,"",M,7.360,2,"",M,1038.540,2,"",M,389.807,2,"",M,NaN,,,0,NaN,,,M,387.027,2,"",385.446,2,"",NaN,,,NaN,,
2024-12-10T01:07:41.000Z,10.742,2,"",M,59.039,2,"",M,6.000,2,"",N,6.867,2,"",M,29.350,2,"",M,7.380,2,"",M,1038.430,2,"",M,388.334,2,"",M,NaN,,,0,NaN,,,M,385.645,2,"",384.070,2,"",NaN,,,NaN,,
2024-12-10T01:09:33.000Z,10.742,2,"",M,59.039,2,"",M,6.000,2,"",N,6.834,2,"",M,29.385,2,"",M,7.400,2,"",M,1038.470,2,"",M,387.571,2,"",M,NaN,,,0,NaN,,,M,384.039,2,"",382.471,2,"",NaN,,,NaN,,
2024-12-10T01:11:24.000Z,10.742,2,"",M,59.039,2,"",M,6.000,2,"",N,6.862,2,"",M,29.411,2,"",M,7.430,2,"",M,1038.650,2,"",M,387.970,2,"",M,NaN,,,0,NaN,,,M,384.467,2,"",382.897,2,"",NaN,,,NaN,,
2024-12-10T01:13:15.000Z,10.742,2,"",M,59.039,2,"",M,6.000,2,"",N,6.867,2,"",M,29.407,2,"",M,7.460,2,"",M,1038.630,2,"",M,388.548,2,"",M,NaN,,,0,NaN,,,M,384.611,2,"",383.042,2,"",NaN,,,NaN,,
2024-12-10T01:15:07.000Z,10.742,2,"",M,59.039,2,"",M,6.000,2,"",N,6.868,2,"",M,29.412,2,"",M,7.450,2,"",M,1038.660,2,"",M,389.236,2,"",M,NaN,,,0,NaN,,,M,385.492,2,"",383.919,2,"",NaN,,,NaN,,
2024-12-10T01:16:58.000Z,10.742,2,"",M,59.039,2,"",M,6.000,2,"",N,6.851,2,"",M,29.413,2,"",M,7.440,2,"",M,1038.590,2,"",M,389.334,2,"",M,NaN,,,0,NaN,,,M,385.438,2,"",383.865,2,"",NaN,,,NaN,,
2024-12-10T01:18:50.000Z,10.742,2,"",M,59.039,2,"",M,6.000,2,"",N,6.854,2,"",M,29.404,2,"",M,7.440,2,"",M,1038.570,2,"",M,389.342,2,"",M,NaN,,,0,NaN,,,M,385.489,2,"",383.915,2,"",NaN,,,NaN,,
2024-12-10T01:20:42.000Z,10.742,2,"",M,59.039,2,"",M,6.000,2,"",N,6.850,2,"",M,29.395,2,"",M,7.460,2,"",M,1038.650,2,"",M,389.119,2,"",M,NaN,,,0,NaN,,,M,384.912,2,"",383.341,2,"",NaN,,,NaN,,
2024-12-10T01:22:33.000Z,10.742,2,"",M,59.039,2,"",M,6.000,2,"",N,6.798,2,"",M,29.384,2,"",M,7.440,2,"",M,1038.640,2,"",M,389.267,2,"",M,NaN,,,0,NaN,,,M,384.530,2,"",382.961,2,"",NaN,,,NaN,,
2024-12-10T01:24:25.000Z,10.742,2,"",M,59.039,2,"",M,6.000,2,"",N,6.728,2,"",M,29.330,2,"",M,7.400,2,"",M,1038.520,2,"",M,389.185,2,"",M,NaN,,,0,NaN,,,M,383.941,2,"",382.373,2,"",NaN,,,NaN,,
2024-12-10T01:26:16.000Z,10.742,2,"",M,59.040,2,"",M,6.000,2,"",N,6.745,2,"",M,29.297,2,"",M,7.300,2,"",M,1038.380,2,"",M,388.163,2,"",M,NaN,,,0,NaN,,,M,384.794,2,"",383.221,2,"",NaN,,,NaN,,
2024-12-10T01:28:07.000Z,10.742,2,"",M,59.040,2,"",M,6.000,2,"",N,6.794,2,"",M,29.368,2,"",M,7.330,2,"",M,1038.370,2,"",M,386.980,2,"",M,NaN,,,0,NaN,,,M,383.926,2,"",382.358,2,"",NaN,,,NaN,,
2024-12-10T01:29:59.000Z,10.742,2,"",M,59.040,2,"",M,6.000,2,"",N,6.841,2,"",M,29.399,2,"",M,7.400,2,"",M,1038.360,2,"",M,386.958,2,"",M,NaN,,,0,NaN,,,M,383.501,2,"",381.935,2,"",NaN,,,NaN,,
2024-12-10T01:31:50.000Z,10.742,2,"",M,59.040,2,"",M,6.000,2,"",N,6.837,2,"",M,29.367,2,"",M,7.430,2,"",M,1038.190,2,"",M,387.806,2,"",M,NaN,,,0,NaN,,,M,383.716,2,"",382.151,2,"",NaN,,,NaN,,
2024-12-10T01:33:41.000Z,10.742,2,"",M,59.040,2,"",M,6.000,2,"",N,6.848,2,"",M,29.397,2,"",M,7.390,2,"",M,1038.090,2,"",M,388.494,2,"",M,NaN,,,0,NaN,,,M,385.200,2,"",383.627,2,"",NaN,,,NaN,,
2024-12-10T01:35:33.000Z,10.742,2,"",M,59.040,2,"",M,6.000,2,"",N,6.844,2,"",M,29.385,2,"",M,7.420,2,"",M,1038.190,2,"",M,388.582,2,"",M,NaN,,,0,NaN,,,M,384.774,2,"",383.204,2,"",NaN,,,NaN,,
2024-12-10T01:37:24.000Z,10.742,2,"",M,59.040,2,"",M,6.000,2,"",N,6.836,2,"",M,29.387,2,"",M,7.440,2,"",M,1038.300,2,"",M,388.770,2,"",M,NaN,,,0,NaN,,,M,384.528,2,"",382.959,2,"",NaN,,,NaN,,
2024-12-10T01:39:15.000Z,10.742,2,"",M,59.040,2,"",M,6.000,2,"",N,6.836,2,"",M,29.387,2,"",M,7.430,2,"",M,1038.260,2,"",M,388.918,2,"",M,NaN,,,0,NaN,,,M,384.833,2,"",383.262,2,"",NaN,,,NaN,,
2024-12-10T01:41:07.000Z,10.742,2,"",M,59.040,2,"",M,6.000,2,"",N,6.843,2,"",M,29.393,2,"",M,7.420,2,"",M,1038.160,2,"",M,389.076,2,"",M,NaN,,,0,NaN,,,M,385.231,2,"",383.659,2,"",NaN,,,NaN,,
2024-12-10T01:42:58.000Z,10.742,2,"",M,59.040,2,"",M,6.000,2,"",N,6.827,2,"",M,29.389,2,"",M,7.410,2,"",M,1037.970,2,"",M,388.824,2,"",M,NaN,,,0,NaN,,,M,384.813,2,"",383.243,2,"",NaN,,,NaN,,
2024-12-10T01:44:49.000Z,10.742,2,"",M,59.040,2,"",M,6.000,2,"",N,6.827,2,"",M,29.386,2,"",M,7.410,2,"",M,1037.930,2,"",M,388.702,2,"",M,NaN,,,0,NaN,,,M,384.672,2,"",383.102,2,"",NaN,,,NaN,,
2024-12-10T01:47:02.000Z,10.742,2,"",M,59.040,2,"",M,6.000,2,"",N,6.816,2,"",M,29.396,2,"",M,7.420,2,"",M,1037.860,2,"",M,389.089,2,"",M,NaN,,,0,NaN,,,M,384.693,2,"",383.124,2,"",NaN,,,NaN,,
2024-12-10T01:48:53.000Z,10.742,2,"",M,59.040,2,"",M,6.000,2,"",N,6.821,2,"",M,29.395,2,"",M,7.410,2,"",M,1038.180,2,"",M,389.137,2,"",M,NaN,,,0,NaN,,,M,385.110,2,"",383.538,2,"",NaN,,,NaN,,
2024-12-10T01:50:44.000Z,10.742,2,"",M,59.040,2,"",M,6.000,2,"",N,6.819,2,"",M,29.391,2,"",M,7.400,2,"",M,1038.140,2,"",M,389.255,2,"",M,NaN,,,0,NaN,,,M,385.343,2,"",383.771,2,"",NaN,,,NaN,,
2024-12-10T01:52:36.000Z,10.742,2,"",M,59.040,2,"",M,6.000,2,"",N,6.809,2,"",M,29.402,2,"",M,7.410,2,"",M,1038.120,2,"",M,388.913,2,"",M,NaN,,,0,NaN,,,M,384.660,2,"",383.091,2,"",NaN,,,NaN,,
2024-12-10T01:54:27.000Z,10.742,2,"",M,59.040,2,"",M,6.000,2,"",N,6.840,2,"",M,29.534,2,"",M,7.420,2,"",M,1038.200,2,"",M,388.941,2,"",M,NaN,,,0,NaN,,,M,385.059,2,"",383.488,2,"",NaN,,,NaN,,
2024-12-10T01:56:19.000Z,10.742,2,"",M,59.039,2,"",M,6.000,2,"",N,6.724,2,"",I,29.416,2,"",M,7.345,2,"",I,1038.160,2,"",M,389.479,2,"",M,NaN,,,0,NaN,,,M,384.942,2,"",383.370,2,"",NaN,,,NaN,,
2024-12-10T01:58:10.000Z,10.739,2,"",M,59.039,2,"",M,6.000,2,"",N,6.610,2,"",M,29.301,2,"",M,7.270,2,"",M,1038.140,2,"",M,389.877,2,"",M,NaN,,,0,NaN,,,M,384.700,2,"",383.127,2,"",NaN,,,NaN,,
2024-12-10T02:00:01.000Z,10.735,2,"",M,59.038,2,"",M,6.000,2,"",N,6.937,2,"",M,29.302,2,"",M,7.250,2,"",M,1038.030,2,"",M,388.084,2,"",M,NaN,,,0,NaN,,,M,388.558,2,"",386.969,2,"",NaN,,,NaN,,
2024-12-10T02:01:53.000Z,10.730,2,"",M,59.037,2,"",M,6.000,2,"",N,7.146,2,"",M,29.424,2,"",M,7.350,2,"",M,1038.080,2,"",M,386.742,2,"",M,NaN,,,0,NaN,,,M,389.004,2,"",387.415,2,"",NaN,,,NaN,,
2024-12-10T02:03:44.000Z,10.725,2,"",M,59.036,2,"",M,6.000,2,"",N,7.236,2,"",M,29.570,2,"",M,7.670,2,"",M,1038.160,2,"",M,389.500,2,"",M,NaN,,,0,NaN,,,M,387.931,2,"",386.353,2,"",NaN,,,NaN,,
2024-12-10T02:05:35.000Z,10.720,2,"",M,59.034,2,"",M,6.000,2,"",N,7.161,2,"",M,29.610,2,"",M,7.850,2,"",M,1038.120,2,"",M,394.409,2,"",M,NaN,,,0,NaN,,,M,388.535,2,"",386.958,2,"",NaN,,,NaN,,
2024-12-10T02:07:27.000Z,10.715,2,"",M,59.033,2,"",M,6.000,2,"",N,6.956,2,"",M,29.515,2,"",M,7.760,2,"",M,1038.040,2,"",M,398.228,2,"",M,NaN,,,0,NaN,,,M,390.383,2,"",388.797,2,"",NaN,,,NaN,,
2024-12-10T02:09:18.000Z,10.712,2,"",M,59.033,2,"",M,6.000,2,"",N,6.917,2,"",M,29.040,2,"",M,7.530,2,"",M,1038.000,2,"",M,397.705,2,"",M,NaN,,,0,NaN,,,M,393.083,2,"",391.481,2,"",NaN,,,NaN,,
2024-12-10T02:11:09.000Z,10.710,2,"",M,59.033,2,"",M,6.000,2,"",N,6.561,2,"",M,28.955,2,"",M,6.990,2,"",M,1038.110,2,"",M,394.233,2,"",M,NaN,,,0,NaN,,,M,392.885,2,"",391.273,2,"",NaN,,,NaN,,
2024-12-10T02:13:01.000Z,10.710,2,"",M,59.033,2,"",M,6.000,2,"",N,6.814,2,"",M,29.456,2,"",M,6.610,2,"",M,1038.010,2,"",M,388.149,2,"",M,NaN,,,0,NaN,,,M,397.383,2,"",395.744,2,"",NaN,,,NaN,,
2024-12-10T02:14:52.000Z,10.710,2,"",M,59.033,2,"",M,6.000,2,"",N,6.751,2,"",M,29.338,2,"",M,7.470,2,"",M,1038.020,2,"",M,385.527,2,"",M,NaN,,,0,NaN,,,M,379.368,2,"",377.821,2,"",NaN,,,NaN,,
2024-12-10T02:16:44.000Z,10.710,2,"",M,59.033,2,"",M,6.000,2,"",N,6.660,2,"",M,29.310,2,"",M,7.320,2,"",M,1037.900,2,"",M,389.075,2,"",M,NaN,,,0,NaN,,,M,383.814,2,"",382.246,2,"",NaN,,,NaN,,
2024-12-10T02:18:35.000Z,10.710,2,"",M,59.033,2,"",M,6.000,2,"",N,6.685,2,"",M,29.277,2,"",M,7.260,2,"",M,1037.800,2,"",M,389.863,2,"",M,NaN,,,0,NaN,,,M,385.947,2,"",384.370,2,"",NaN,,,NaN,,
2024-12-10T02:20:26.000Z,10.710,2,"",M,59.033,2,"",M,6.000,2,"",N,6.768,2,"",M,29.334,2,"",M,7.280,2,"",M,1037.830,2,"",M,389.801,2,"",M,NaN,,,0,NaN,,,M,386.921,2,"",385.340,2,"",NaN,,,NaN,,
2024-12-10T02:22:18.000Z,10.710,2,"",M,59.033,2,"",M,6.000,2,"",N,6.804,2,"",M,29.341,2,"",M,7.350,2,"",M,1037.750,2,"",M,389.649,2,"",M,NaN,,,0,NaN,,,M,386.164,2,"",384.587,2,"",NaN,,,NaN,,
2024-12-10T02:24:09.000Z,10.710,2,"",M,59.033,2,"",M,6.000,2,"",N,6.759,2,"",M,29.350,2,"",M,7.370,2,"",M,1037.660,2,"",M,390.547,2,"",M,NaN,,,0,NaN,,,M,385.950,2,"",384.375,2,"",NaN,,,NaN,,
2024-12-10T02:26:00.000Z,10.710,2,"",M,59.033,2,"",M,6.000,2,"",N,6.765,2,"",M,29.353,2,"",M,7.340,2,"",M,1037.560,2,"",M,390.675,2,"",M,NaN,,,0,NaN,,,M,386.645,2,"",385.066,2,"",NaN,,,NaN,,
2024-12-10T02:27:52.000Z,10.710,2,"",M,59.033,2,"",M,6.000,2,"",N,6.737,2,"",M,29.353,2,"",M,7.360,2,"",M,1037.940,2,"",M,390.883,2,"",M,NaN,,,0,NaN,,,M,386.204,2,"",384.627,2,"",NaN,,,NaN,,
2024-12-10T02:29:43.000Z,10.710,2,"",M,59.033,2,"",M,6.000,2,"",N,6.726,2,"",M,29.345,2,"",M,7.350,2,"",M,1037.920,2,"",M,390.911,2,"",M,NaN,,,0,NaN,,,M,386.203,2,"",384.626,2,"",NaN,,,NaN,,
2024-12-10T02:31:34.000Z,10.710,2,"",M,59.033,2,"",M,6.000,2,"",N,6.712,2,"",M,29.342,2,"",M,7.320,2,"",M,1037.910,2,"",M,391.078,2,"",M,NaN,,,0,NaN,,,M,386.632,2,"",385.053,2,"",NaN,,,NaN,,
2024-12-10T02:33:27.000Z,10.710,2,"",M,59.033,2,"",M,6.000,2,"",N,6.723,2,"",M,29.346,2,"",M,7.300,2,"",M,1037.850,2,"",M,390.596,2,"",M,NaN,,,0,NaN,,,M,386.655,2,"",385.075,2,"",NaN,,,NaN,,
2024-12-10T02:35:18.000Z,10.710,2,"",M,59.033,2,"",M,6.000,2,"",N,6.721,2,"",M,29.339,2,"",M,7.310,2,"",M,1037.800,2,"",M,390.244,2,"",M,NaN,,,0,NaN,,,M,386.078,2,"",384.501,2,"",NaN,,,NaN,,
2024-12-10T02:37:09.000Z,10.710,2,"",M,59.033,2,"",M,6.000,2,"",N,6.725,2,"",M,29.346,2,"",M,7.320,2,"",M,1037.840,2,"",M,390.572,2,"",M,NaN,,,0,NaN,,,M,386.319,2,"",384.741,2,"",NaN,,,NaN,,
2024-12-10T02:39:01.000Z,10.710,2,"",M,59.033,2,"",M,6.000,2,"",N,6.715,2,"",M,29.339,2,"",M,7.330,2,"",M,1037.770,2,"",M,390.360,2,"",M,NaN,,,0,NaN,,,M,385.758,2,"",384.183,2,"",NaN,,,NaN,,
2024-12-10T02:40:52.000Z,10.710,2,"",M,59.033,2,"",M,6.000,2,"",N,6.744,2,"",M,29.345,2,"",M,7.300,2,"",M,1037.720,2,"",M,390.848,2,"",M,NaN,,,0,NaN,,,M,387.190,2,"",385.608,2,"",NaN,,,NaN,,
2024-12-10T02:42:43.000Z,10.710,2,"",M,59.033,2,"",M,6.000,2,"",N,6.777,2,"",M,29.354,2,"",M,7.310,2,"",M,1037.620,2,"",M,390.296,2,"",M,NaN,,,0,NaN,,,M,386.978,2,"",385.397,2,"",NaN,,,NaN,,
2024-12-10T02:44:35.000Z,10.710,2,"",M,59.033,2,"",M,6.000,2,"",N,6.653,2,"",M,29.329,2,"",M,7.350,2,"",M,1037.600,2,"",M,390.483,2,"",M,NaN,,,0,NaN,,,M,384.468,2,"",382.898,2,"",NaN,,,NaN,,
2024-12-10T02:46:47.000Z,10.710,2,"",M,59.033,2,"",M,6.000,2,"",N,6.726,2,"",M,29.347,2,"",M,7.290,2,"",M,1037.890,2,"",M,390.791,2,"",M,NaN,,,0,NaN,,,M,387.074,2,"",385.492,2,"",NaN,,,NaN,,
2024-12-10T02:48:38.000Z,10.710,2,"",M,59.033,2,"",M,6.000,2,"",N,6.732,2,"",M,29.350,2,"",M,7.320,2,"",M,1037.800,2,"",M,390.529,2,"",M,NaN,,,0,NaN,,,M,386.388,2,"",384.809,2,"",NaN,,,NaN,,
2024-12-10T02:50:30.000Z,10.710,2,"",M,59.033,2,"",M,6.000,2,"",N,6.748,2,"",M,29.349,2,"",M,7.320,2,"",M,1037.770,2,"",M,390.597,2,"",M,NaN,,,0,NaN,,,M,386.693,2,"",385.114,2,"",NaN,,,NaN,,
2024-12-10T02:52:21.000Z,10.710,2,"",M,59.033,2,"",M,6.000,2,"",N,6.747,2,"",M,29.345,2,"",M,7.320,2,"",M,1037.760,2,"",M,390.624,2,"",M,NaN,,,0,NaN,,,M,386.704,2,"",385.124,2,"",NaN,,,NaN,,
2024-12-10T02:54:13.000Z,10.710,2,"",M,59.033,2,"",M,6.000,2,"",N,6.752,2,"",M,29.341,2,"",M,7.340,2,"",M,1037.870,2,"",M,390.712,2,"",M,NaN,,,0,NaN,,,M,386.578,2,"",384.999,2,"",NaN,,,NaN,,
2024-12-10T02:56:04.000Z,10.710,2,"",M,59.033,2,"",M,6.000,2,"",N,6.738,2,"",M,29.346,2,"",M,7.350,2,"",M,1037.830,2,"",M,390.900,2,"",M,NaN,,,0,NaN,,,M,386.365,2,"",384.788,2,"",NaN,,,NaN,,
2024-12-10T02:57:55.000Z,10.710,2,"",M,59.033,2,"",M,6.000,2,"",N,6.750,2,"",M,29.345,2,"",M,7.330,2,"",M,1037.800,2,"",M,390.868,2,"",M,NaN,,,0,NaN,,,M,386.842,2,"",385.262,2,"",NaN,,,NaN,,
2024-12-10T02:59:47.000Z,10.710,2,"",M,59.033,2,"",M,6.000,2,"",N,6.738,2,"",M,29.318,2,"",M,7.320,2,"",M,1037.710,2,"",M,390.946,2,"",M,NaN,,,0,NaN,,,M,386.854,2,"",385.274,2,"",NaN,,,NaN,,
2024-12-10T03:01:38.000Z,10.710,2,"",M,59.033,2,"",M,6.000,2,"",N,6.742,2,"",M,29.342,2,"",M,7.300,2,"",M,1037.670,2,"",M,390.454,2,"",M,NaN,,,0,NaN,,,M,386.747,2,"",385.167,2,"",NaN,,,NaN,,
2024-12-10T03:03:30.000Z,10.710,2,"",M,59.033,2,"",M,6.000,2,"",N,6.723,2,"",M,29.348,2,"",M,7.340,2,"",M,1037.520,2,"",M,390.412,2,"",M,NaN,,,0,NaN,,,M,385.688,2,"",384.114,2,"",NaN,,,NaN,,
2024-12-10T03:05:21.000Z,10.710,2,"",M,59.033,2,"",M,6.000,2,"",N,6.701,2,"",M,29.334,2,"",M,7.330,2,"",M,1037.540,2,"",M,390.619,2,"",M,NaN,,,0,NaN,,,M,385.707,2,"",384.132,2,"",NaN,,,NaN,,
2024-12-10T03:07:12.000Z,10.710,2,"",M,59.033,2,"",M,6.000,2,"",N,6.730,2,"",M,29.338,2,"",M,7.290,2,"",M,1037.430,2,"",M,390.877,2,"",M,NaN,,,0,NaN,,,M,387.046,2,"",385.465,2,"",NaN,,,NaN,,
2024-12-10T03:09:03.000Z,10.710,2,"",M,59.033,2,"",M,6.000,2,"",N,6.728,2,"",M,29.320,2,"",M,7.300,2,"",M,1037.290,2,"",M,390.735,2,"",M,NaN,,,0,NaN,,,M,386.655,2,"",385.076,2,"",NaN,,,NaN,,
2024-12-10T03:10:55.000Z,10.710,2,"",M,59.033,2,"",M,6.000,2,"",N,6.675,2,"",M,29.319,2,"",M,7.320,2,"",M,1037.490,2,"",M,390.533,2,"",M,NaN,,,0,NaN,,,M,385.339,2,"",383.766,2,"",NaN,,,NaN,,
2024-12-10T03:12:46.000Z,10.710,2,"",M,59.033,2,"",M,6.000,2,"",N,6.721,2,"",M,29.329,2,"",M,7.300,2,"",M,1037.670,2,"",M,390.711,2,"",M,NaN,,,0,NaN,,,M,386.669,2,"",385.089,2,"",NaN,,,NaN,,
2024-12-10T03:14:37.000Z,10.710,2,"",M,59.033,2,"",M,6.000,2,"",N,6.674,2,"",M,29.288,2,"",M,7.310,2,"",M,1037.470,2,"",M,390.269,2,"",M,NaN,,,0,NaN,,,M,385.220,2,"",383.647,2,"",NaN,,,NaN,,
2024-12-10T03:16:29.000Z,10.710,2,"",M,59.033,2,"",M,6.000,2,"",N,6.717,2,"",M,29.327,2,"",M,7.260,2,"",M,1037.370,2,"",M,390.357,2,"",M,NaN,,,0,NaN,,,M,386.797,2,"",385.216,2,"",NaN,,,NaN,,
2024-12-10T03:18:20.000Z,10.710,2,"",M,59.033,2,"",M,6.000,2,"",N,6.747,2,"",M,29.333,2,"",M,7.300,2,"",M,1037.320,2,"",M,390.055,2,"",M,NaN,,,0,NaN,,,M,386.313,2,"",384.736,2,"",NaN,,,NaN,,
2024-12-10T03:20:12.000Z,10.710,2,"",M,59.033,2,"",M,6.000,2,"",N,6.723,2,"",M,29.344,2,"",M,7.320,2,"",M,1037.350,2,"",M,390.312,2,"",M,NaN,,,0,NaN,,,M,385.842,2,"",384.266,2,"",NaN,,,NaN,,
2024-12-10T03:22:04.000Z,10.710,2,"",M,59.033,2,"",M,6.000,2,"",N,6.443,2,"",I,28.879,2,"",M,7.019,2,"",I,1037.420,2,"",M,390.470,2,"",M,NaN,,,0,NaN,,,M,386.458,2,"",384.873,2,"",NaN,,,NaN,,
2024-12-10T03:23:55.000Z,10.710,2,"",M,59.033,2,"",M,6.000,2,"",N,6.166,2,"",M,29.056,2,"",M,6.720,2,"",M,1037.210,2,"",M,388.978,2,"",M,NaN,,,0,NaN,,,M,385.331,2,"",383.745,2,"",NaN,,,NaN,,
2024-12-10T03:25:47.000Z,10.710,2,"",M,59.034,2,"",M,6.000,2,"",N,6.607,2,"",M,29.051,2,"",M,6.840,2,"",M,1037.110,2,"",M,383.937,2,"",M,NaN,,,0,NaN,,,M,385.467,2,"",383.884,2,"",NaN,,,NaN,,
2024-12-10T03:27:38.000Z,10.710,2,"",M,59.034,2,"",M,6.000,2,"",N,6.212,2,"",M,29.175,2,"",M,7.080,2,"",M,1037.060,2,"",M,383.485,2,"",M,NaN,,,0,NaN,,,M,374.726,2,"",373.192,2,"",NaN,,,NaN,,
2024-12-10T03:29:29.000Z,10.710,2,"",M,59.034,2,"",M,6.000,2,"",N,6.327,2,"",M,28.819,2,"",M,6.900,2,"",M,1037.050,2,"",M,385.413,2,"",M,NaN,,,0,NaN,,,M,381.387,2,"",379.822,2,"",NaN,,,NaN,,
2024-12-10T03:31:21.000Z,10.710,2,"",M,59.034,2,"",M,6.000,2,"",N,5.946,2,"",M,28.829,2,"",M,6.860,2,"",M,1036.950,2,"",M,384.581,2,"",M,NaN,,,0,NaN,,,M,375.086,2,"",373.546,2,"",NaN,,,NaN,,
2024-12-10T03:33:12.000Z,10.710,2,"",M,59.034,2,"",M,6.000,2,"",N,6.312,2,"",M,28.689,2,"",M,6.600,2,"",M,1036.820,2,"",M,382.099,2,"",M,NaN,,,0,NaN,,,M,382.679,2,"",381.102,2,"",NaN,,,NaN,,
2024-12-10T03:35:03.000Z,10.710,2,"",M,59.034,2,"",M,6.000,2,"",N,6.526,2,"",M,29.163,2,"",M,6.730,2,"",M,1037.070,2,"",M,379.787,2,"",M,NaN,,,0,NaN,,,M,381.779,2,"",380.209,2,"",NaN,,,NaN,,
2024-12-10T03:36:55.000Z,10.711,2,"",M,59.034,2,"",M,6.000,2,"",N,7.087,2,"",M,29.279,2,"",M,7.090,2,"",M,1037.160,2,"",M,380.575,2,"",M,NaN,,,0,NaN,,,M,385.779,2,"",384.199,2,"",NaN,,,NaN,,
2024-12-10T03:38:46.000Z,10.712,2,"",M,59.034,2,"",M,6.000,2,"",N,6.723,2,"",M,29.491,2,"",M,7.450,2,"",M,1037.040,2,"",M,385.232,2,"",M,NaN,,,0,NaN,,,M,378.596,2,"",377.053,2,"",NaN,,,NaN,,
2024-12-10T03:40:38.000Z,10.713,2,"",M,59.034,2,"",M,6.000,2,"",N,6.711,2,"",M,29.344,2,"",M,7.370,2,"",M,1036.880,2,"",M,389.279,2,"",M,NaN,,,0,NaN,,,M,383.632,2,"",382.068,2,"",NaN,,,NaN,,
2024-12-10T03:42:29.000Z,10.714,2,"",M,59.034,2,"",M,6.000,2,"",N,6.731,2,"",M,29.273,2,"",M,7.320,2,"",M,1036.740,2,"",M,391.097,2,"",M,NaN,,,0,NaN,,,M,386.518,2,"",384.941,2,"",NaN,,,NaN,,
2024-12-10T03:44:20.000Z,10.715,2,"",M,59.034,2,"",M,6.000,2,"",N,6.782,2,"",M,29.493,2,"",M,7.280,2,"",M,1037.020,2,"",M,390.235,2,"",M,NaN,,,0,NaN,,,M,387.276,2,"",385.694,2,"",NaN,,,NaN,,
2024-12-10T03:46:11.000Z,10.716,2,"",M,59.034,2,"",M,6.000,2,"",N,6.748,2,"",M,29.335,2,"",M,7.450,2,"",M,1037.120,2,"",M,390.033,2,"",M,NaN,,,0,NaN,,,M,383.743,2,"",382.179,2,"",NaN,,,NaN,,
2024-12-10T03:48:24.000Z,10.717,2,"",M,59.034,2,"",M,6.000,2,"",N,6.822,2,"",M,29.368,2,"",M,7.350,2,"",M,1037.050,2,"",M,391.040,2,"",M,NaN,,,0,NaN,,,M,387.578,2,"",385.997,2,"",NaN,,,NaN,,
2024-12-10T03:50:15.000Z,10.718,2,"",M,59.034,2,"",M,6.000,2,"",N,6.834,2,"",M,29.491,2,"",M,7.360,2,"",M,1037.020,2,"",M,390.638,2,"",M,NaN,,,0,NaN,,,M,387.199,2,"",385.620,2,"",NaN,,,NaN,,
2024-12-10T03:52:07.000Z,10.719,2,"",M,59.034,2,"",M,6.000,2,"",N,6.838,2,"",M,29.359,2,"",M,7.430,2,"",M,1037.058,2,"",M,391.125,2,"",M,NaN,,,0,NaN,,,M,386.591,2,"",385.015,2,"",NaN,,,NaN,,
2024-12-10T03:56:36.000Z,10.720,2,"",M,59.034,2,"",M,6.000,2,"",N,NaN,,,M,NaN,,,M,NaN,,,M,NaN,,,M,NaN,,,0,NaN,,,0,NaN,,,M,NaN,,,NaN,,,NaN,,,NaN,,
2024-12-10T03:58:25.000Z,10.720,2,"",M,59.034,2,"",M,6.000,2,"",N,NaN,,,M,NaN,,,M,NaN,,,M,NaN,,,M,NaN,,,0,NaN,,,0,NaN,,,M,NaN,,,NaN,,,NaN,,,NaN,,
2024-12-10T04:00:14.000Z,10.720,2,"",M,59.034,2,"",M,6.000,2,"",N,NaN,,,M,NaN,,,M,NaN,,,M,NaN,,,M,NaN,,,0,NaN,,,0,NaN,,,M,NaN,,,NaN,,,NaN,,,NaN,,
2024-12-10T04:04:43.000Z,10.720,2,"",M,59.034,2,"",M,6.000,2,"",N,NaN,,,M,NaN,,,M,NaN,,,M,NaN,,,M,NaN,,,0,NaN,,,0,NaN,,,M,NaN,,,NaN,,,NaN,,,NaN,,
2024-12-10T04:06:32.000Z,10.720,2,"",M,59.034,2,"",M,6.000,2,"",N,NaN,,,M,NaN,,,M,NaN,,,M,NaN,,,M,NaN,,,0,NaN,,,0,NaN,,,M,NaN,,,NaN,,,NaN,,,NaN,,
2024-12-10T04:08:21.000Z,10.720,2,"",M,59.034,2,"",M,6.000,2,"",N,NaN,,,M,NaN,,,M,NaN,,,M,NaN,,,M,NaN,,,0,NaN,,,0,NaN,,,M,NaN,,,NaN,,,NaN,,,NaN,,
2024-12-10T04:12:50.000Z,10.720,2,"",M,59.034,2,"",M,6.000,2,"",N,NaN,,,M,NaN,,,M,NaN,,,M,NaN,,,M,NaN,,,0,NaN,,,0,NaN,,,M,NaN,,,NaN,,,NaN,,,NaN,,
2024-12-10T04:14:39.000Z,10.720,2,"",M,59.034,2,"",M,6.000,2,"",N,NaN,,,M,NaN,,,M,NaN,,,M,NaN,,,M,NaN,,,0,NaN,,,0,NaN,,,M,NaN,,,NaN,,,NaN,,,NaN,,
2024-12-10T04:16:28.000Z,10.720,2,"",M,59.034,2,"",M,6.000,2,"",N,NaN,,,M,NaN,,,M,NaN,,,M,NaN,,,M,NaN,,,0,NaN,,,0,NaN,,,M,NaN,,,NaN,,,NaN,,,NaN,,
2024-12-10T04:20:59.000Z,10.720,2,"",M,59.034,2,"",M,6.000,2,"",N,6.723,2,"",M,29.358,2,"",M,NaN,,,M,NaN,,,M,NaN,,,0,437.063,2,"",M,1036.200,2,"",M,NaN,,,NaN,,,443.885,2,"",442.056,2,""
2024-12-10T04:22:48.000Z,10.720,2,"",M,59.034,2,"",M,6.000,2,"",N,6.693,2,"",M,29.354,2,"",M,NaN,,,M,NaN,,,M,NaN,,,0,436.856,2,"",M,1036.200,2,"",M,NaN,,,NaN,,,443.683,2,"",441.854,2,""
2024-12-10T04:24:37.000Z,10.720,2,"",M,59.034,2,"",M,6.000,2,"",N,6.703,2,"",M,29.340,2,"",M,NaN,,,M,NaN,,,M,NaN,,,0,436.918,2,"",M,1036.200,2,"",M,NaN,,,NaN,,,443.744,2,"",441.915,2,""
2024-12-10T04:26:26.000Z,10.720,2,"",M,59.034,2,"",M,6.000,2,"",N,6.706,2,"",M,29.343,2,"",M,NaN,,,M,NaN,,,M,NaN,,,0,436.781,2,"",M,1036.100,2,"",M,NaN,,,NaN,,,443.560,2,"",441.732,2,""
2024-12-10T04:28:15.000Z,10.720,2,"",M,59.034,2,"",M,6.000,2,"",N,6.674,2,"",M,29.338,2,"",M,NaN,,,M,NaN,,,M,NaN,,,0,436.684,2,"",M,1036.000,2,"",M,NaN,,,NaN,,,443.427,2,"",441.599,2,""
2024-12-10T04:33:25.000Z,10.720,2,"",M,59.034,2,"",M,6.000,2,"",N,6.689,2,"",M,29.331,2,"",M,7.290,2,"",M,1036.680,2,"",M,390.693,2,"",M,NaN,,,0,NaN,,,M,385.916,2,"",384.341,2,"",NaN,,,NaN,,
2024-12-10T04:35:17.000Z,10.720,2,"",M,59.034,2,"",M,6.000,2,"",N,6.706,2,"",M,29.331,2,"",M,7.280,2,"",M,1036.610,2,"",M,391.345,2,"",M,NaN,,,0,NaN,,,M,386.983,2,"",385.403,2,"",NaN,,,NaN,,
2024-12-10T04:37:08.000Z,10.720,2,"",M,59.034,2,"",M,6.000,2,"",N,6.712,2,"",M,29.345,2,"",M,7.300,2,"",M,1036.620,2,"",M,390.528,2,"",M,NaN,,,0,NaN,,,M,385.937,2,"",384.362,2,"",NaN,,,NaN,,
2024-12-10T04:38:59.000Z,10.720,2,"",M,59.034,2,"",M,6.000,2,"",N,6.692,2,"",M,29.327,2,"",M,7.320,2,"",M,1036.630,2,"",M,391.050,2,"",M,NaN,,,0,NaN,,,M,385.803,2,"",384.229,2,"",NaN,,,NaN,,
2024-12-10T04:40:51.000Z,10.720,2,"",M,59.034,2,"",M,6.000,2,"",N,6.634,2,"",M,29.325,2,"",M,7.280,2,"",M,1036.580,2,"",M,391.042,2,"",M,NaN,,,0,NaN,,,M,385.497,2,"",383.923,2,"",NaN,,,NaN,,
2024-12-10T04:42:42.000Z,10.720,2,"",M,59.034,2,"",M,6.000,2,"",N,6.643,2,"",M,29.322,2,"",M,7.240,2,"",M,1036.540,2,"",M,390.825,2,"",M,NaN,,,0,NaN,,,M,386.065,2,"",384.489,2,"",NaN,,,NaN,,
2024-12-10T04:44:33.000Z,10.720,2,"",M,59.034,2,"",M,6.000,2,"",N,6.365,2,"",I,29.002,2,"",M,6.971,2,"",I,1036.490,2,"",M,390.127,2,"",M,NaN,,,0,NaN,,,M,385.286,2,"",383.707,2,"",NaN,,,NaN,,
2024-12-10T04:46:25.000Z,10.720,2,"",M,59.034,2,"",M,6.000,2,"",N,6.085,2,"",M,28.887,2,"",M,6.700,2,"",M,1036.510,2,"",M,389.650,2,"",M,NaN,,,0,NaN,,,M,384.749,2,"",383.167,2,"",NaN,,,NaN,,
2024-12-10T04:48:37.000Z,10.720,2,"",M,59.034,2,"",M,6.000,2,"",N,6.049,2,"",M,29.002,2,"",M,6.730,2,"",M,1036.590,2,"",M,384.214,2,"",M,NaN,,,0,NaN,,,M,378.348,2,"",376.792,2,"",NaN,,,NaN,,
2024-12-10T04:50:29.000Z,10.720,2,"",M,59.035,2,"",M,6.000,2,"",N,5.951,2,"",I,28.574,2,"",M,6.348,2,"",I,1036.490,2,"",M,381.897,2,"",M,NaN,,,0,NaN,,,M,380.655,2,"",379.083,2,"",NaN,,,NaN,,
2024-12-10T04:52:20.000Z,10.720,2,"",M,59.035,2,"",M,6.000,2,"",N,5.854,2,"",M,28.703,2,"",M,5.970,2,"",M,1036.450,2,"",M,380.969,2,"",M,NaN,,,0,NaN,,,M,384.344,2,"",382.749,2,"",NaN,,,NaN,,
2024-12-10T04:54:11.000Z,10.720,2,"",M,59.035,2,"",M,6.000,2,"",N,6.619,2,"",M,28.754,2,"",M,6.560,2,"",M,1036.430,2,"",M,374.943,2,"",M,NaN,,,0,NaN,,,M,380.928,2,"",379.358,2,"",NaN,,,NaN,,
2024-12-10T04:56:03.000Z,10.720,2,"",M,59.035,2,"",M,6.000,2,"",N,6.726,2,"",M,29.122,2,"",M,7.010,2,"",M,1036.480,2,"",M,374.375,2,"",M,NaN,,,0,NaN,,,M,374.792,2,"",373.257,2,"",NaN,,,NaN,,
2024-12-10T04:57:54.000Z,10.720,2,"",M,59.035,2,"",M,6.000,2,"",N,6.661,2,"",M,29.385,2,"",M,7.150,2,"",M,1036.400,2,"",M,380.216,2,"",M,NaN,,,0,NaN,,,M,377.281,2,"",375.738,2,"",NaN,,,NaN,,
2024-12-10T04:59:45.000Z,10.720,2,"",M,59.035,2,"",M,6.000,2,"",N,6.445,2,"",M,29.303,2,"",M,7.270,2,"",M,1036.330,2,"",M,385.997,2,"",M,NaN,,,0,NaN,,,M,377.566,2,"",376.025,2,"",NaN,,,NaN,,
2024-12-10T05:01:37.000Z,10.720,2,"",M,59.035,2,"",M,6.000,2,"",N,6.558,2,"",M,29.295,2,"",M,7.060,2,"",M,1036.250,2,"",M,389.099,2,"",M,NaN,,,0,NaN,,,M,385.848,2,"",384.269,2,"",NaN,,,NaN,,
2024-12-10T05:03:28.000Z,10.720,2,"",M,59.035,2,"",M,6.000,2,"",N,6.625,2,"",M,29.295,2,"",M,7.140,2,"",M,1036.225,2,"",M,388.681,2,"",M,NaN,,,0,NaN,,,M,385.205,2,"",383.630,2,"",NaN,,,NaN,,
2024-12-10T05:05:20.000Z,10.720,2,"",M,59.035,2,"",M,6.000,2,"",N,6.494,2,"",M,29.274,2,"",M,7.220,2,"",M,1036.160,2,"",M,388.834,2,"",M,NaN,,,0,NaN,,,M,381.872,2,"",380.312,2,"",NaN,,,NaN,,
2024-12-10T05:07:12.000Z,10.720,2,"",M,59.035,2,"",M,6.000,2,"",N,6.589,2,"",M,29.165,2,"",M,7.090,2,"",M,1036.220,2,"",M,389.296,2,"",M,NaN,,,0,NaN,,,M,386.043,2,"",384.464,2,"",NaN,,,NaN,,
2024-12-10T05:09:03.000Z,10.720,2,"",M,59.035,2,"",M,6.000,2,"",N,6.435,2,"",M,29.249,2,"",M,7.110,2,"",M,1036.280,2,"",M,388.059,2,"",M,NaN,,,0,NaN,,,M,382.005,2,"",380.443,2,"",NaN,,,NaN,,
2024-12-10T05:10:55.000Z,10.720,2,"",M,59.035,2,"",M,6.000,2,"",N,6.484,2,"",M,29.222,2,"",M,7.060,2,"",M,1036.310,2,"",M,387.991,2,"",M,NaN,,,0,NaN,,,M,383.579,2,"",382.009,2,"",NaN,,,NaN,,
2024-12-10T05:12:46.000Z,10.720,2,"",M,59.035,2,"",M,6.000,2,"",N,6.442,2,"",M,29.202,2,"",M,7.090,2,"",M,1036.390,2,"",M,387.803,2,"",M,NaN,,,0,NaN,,,M,382.249,2,"",380.685,2,"",NaN,,,NaN,,
2024-12-10T05:14:38.000Z,10.720,2,"",M,59.035,2,"",M,6.000,2,"",N,6.528,2,"",I,29.187,2,"",I,7.040,2,"",M,1036.370,2,"",M,387.466,2,"",M,NaN,,,0,NaN,,,M,384.113,2,"",382.541,2,"",NaN,,,NaN,,
2024-12-10T05:16:29.000Z,10.720,2,"",M,59.035,2,"",M,6.000,2,"",N,6.612,2,"",M,29.173,2,"",M,7.020,2,"",M,1036.250,2,"",M,386.928,2,"",M,NaN,,,0,NaN,,,M,385.240,2,"",383.662,2,"",NaN,,,NaN,,
2024-12-10T05:18:20.000Z,10.721,2,"",M,59.036,2,"",M,6.000,2,"",N,6.636,2,"",M,29.347,2,"",M,7.060,2,"",M,1036.190,2,"",M,386.291,2,"",M,NaN,,,0,NaN,,,M,384.305,2,"",382.732,2,"",NaN,,,NaN,,
2024-12-10T05:20:12.000Z,10.727,2,"",M,59.036,2,"",M,6.000,2,"",N,6.713,2,"",M,29.333,2,"",M,7.250,2,"",M,1036.200,2,"",M,387.233,2,"",M,NaN,,,0,NaN,,,M,383.369,2,"",381.804,2,"",NaN,,,NaN,,
2024-12-10T05:22:03.000Z,10.736,2,"",M,59.035,2,"",M,6.000,2,"",N,6.827,2,"",M,29.395,2,"",M,7.270,2,"",M,1036.190,2,"",M,389.425,2,"",M,NaN,,,0,NaN,,,M,387.065,2,"",385.485,2,"",NaN,,,NaN,,
2024-12-10T05:23:54.000Z,10.745,2,"",M,59.035,2,"",M,6.000,2,"",N,6.920,2,"",M,29.462,2,"",M,7.400,2,"",M,1036.110,2,"",M,390.707,2,"",M,NaN,,,0,NaN,,,M,387.667,2,"",386.088,2,"",NaN,,,NaN,,
2024-12-10T05:25:46.000Z,10.754,2,"",M,59.034,2,"",M,6.000,2,"",N,6.965,2,"",M,29.404,2,"",M,7.470,2,"",M,1035.990,2,"",M,392.279,2,"",M,NaN,,,0,NaN,,,M,388.757,2,"",387.175,2,"",NaN,,,NaN,,
2024-12-10T05:27:37.000Z,10.764,2,"",M,59.033,2,"",M,6.000,2,"",N,6.769,2,"",M,29.343,2,"",M,7.490,2,"",M,1035.940,2,"",M,393.511,2,"",M,NaN,,,0,NaN,,,M,386.402,2,"",384.830,2,"",NaN,,,NaN,,
2024-12-10T05:29:29.000Z,10.773,2,"",M,59.033,2,"",M,6.000,2,"",N,6.798,2,"",M,29.340,2,"",M,7.310,2,"",M,1036.250,2,"",M,393.844,2,"",M,NaN,,,0,NaN,,,M,390.331,2,"",388.739,2,"",NaN,,,NaN,,
2024-12-10T05:31:20.000Z,10.782,2,"",M,59.032,2,"",M,6.000,2,"",N,6.663,2,"",M,29.398,2,"",M,7.350,2,"",M,1036.180,2,"",M,392.596,2,"",M,NaN,,,0,NaN,,,M,386.183,2,"",384.609,2,"",NaN,,,NaN,,
2024-12-10T05:33:13.000Z,10.791,2,"",M,59.032,2,"",M,6.000,2,"",N,6.650,2,"",M,29.376,2,"",M,7.280,2,"",M,1036.120,2,"",M,391.549,2,"",M,NaN,,,0,NaN,,,M,386.072,2,"",384.497,2,"",NaN,,,NaN,,
2024-12-10T05:35:04.000Z,10.800,2,"",M,59.030,2,"",M,6.000,2,"",N,6.635,2,"",M,29.467,2,"",M,7.180,2,"",M,1035.980,2,"",M,390.071,2,"",M,NaN,,,0,NaN,,,M,385.988,2,"",384.412,2,"",NaN,,,NaN,,
2024-12-10T05:36:55.000Z,10.809,2,"",M,59.028,2,"",M,6.000,2,"",N,6.765,2,"",M,29.441,2,"",M,7.220,2,"",M,1035.880,2,"",M,389.614,2,"",M,NaN,,,0,NaN,,,M,386.949,2,"",385.370,2,"",NaN,,,NaN,,
2024-12-10T05:38:47.000Z,10.818,2,"",M,59.026,2,"",M,6.000,2,"",N,6.826,2,"",M,29.489,2,"",M,7.330,2,"",M,1035.860,2,"",M,390.656,2,"",M,NaN,,,0,NaN,,,M,387.148,2,"",385.570,2,"",NaN,,,NaN,,
2024-12-10T05:40:38.000Z,10.826,2,"",M,59.025,2,"",M,6.000,2,"",N,6.933,2,"",M,29.541,2,"",M,7.380,2,"",M,1035.680,2,"",M,391.958,2,"",M,NaN,,,0,NaN,,,M,389.288,2,"",387.702,2,"",NaN,,,NaN,,
2024-12-10T05:42:29.000Z,10.835,2,"",M,59.023,2,"",M,6.000,2,"",N,6.796,2,"",I,29.570,2,"",M,7.310,2,"",I,1035.560,2,"",M,392.600,2,"",M,NaN,,,0,NaN,,,M,388.794,2,"",387.210,2,"",NaN,,,NaN,,
2024-12-10T05:44:21.000Z,10.844,2,"",M,59.021,2,"",M,6.000,2,"",N,6.658,2,"",M,29.435,2,"",M,7.240,2,"",M,1035.970,2,"",M,393.233,2,"",M,NaN,,,0,NaN,,,M,388.481,2,"",386.896,2,"",NaN,,,NaN,,
2024-12-10T05:46:12.000Z,10.852,2,"",M,59.019,2,"",M,6.000,2,"",N,6.657,2,"",M,28.970,2,"",M,7.230,2,"",M,1036.090,2,"",M,389.925,2,"",M,NaN,,,0,NaN,,,M,385.410,2,"",383.837,2,"",NaN,,,NaN,,
2024-12-10T05:48:25.000Z,10.863,2,"",M,59.017,2,"",M,6.000,2,"",N,6.506,2,"",M,29.454,2,"",M,7.250,2,"",M,1036.100,2,"",M,385.448,2,"",M,NaN,,,0,NaN,,,M,378.238,2,"",376.694,2,"",NaN,,,NaN,,
2024-12-10T05:50:16.000Z,10.871,2,"",M,59.015,2,"",M,6.000,2,"",N,6.294,2,"",M,28.926,2,"",M,7.160,2,"",M,1036.030,2,"",M,385.661,2,"",M,NaN,,,0,NaN,,,M,376.488,2,"",374.950,2,"",NaN,,,NaN,,
2024-12-10T05:52:07.000Z,10.880,2,"",M,59.014,2,"",M,6.000,2,"",N,6.394,2,"",M,28.778,2,"",M,6.870,2,"",M,1035.970,2,"",M,384.723,2,"",M,NaN,,,0,NaN,,,M,381.878,2,"",380.312,2,"",NaN,,,NaN,,
2024-12-10T05:53:59.000Z,10.889,2,"",M,59.012,2,"",M,6.000,2,"",N,6.093,2,"",I,28.059,2,"",M,6.734,2,"",I,1035.870,2,"",M,381.256,2,"",M,NaN,,,0,NaN,,,M,375.789,2,"",374.245,2,"",NaN,,,NaN,,
2024-12-10T05:55:50.000Z,10.897,2,"",M,59.010,2,"",M,6.000,2,"",N,5.794,2,"",M,26.149,2,"",M,6.600,2,"",M,1035.970,2,"",M,378.558,2,"",M,NaN,,,0,NaN,,,M,370.613,2,"",369.088,2,"",NaN,,,NaN,,
2024-12-10T05:57:41.000Z,10.906,2,"",M,59.008,2,"",M,6.000,2,"",N,5.774,2,"",M,26.699,2,"",M,6.360,2,"",M,1035.870,2,"",M,369.731,2,"",M,NaN,,,0,NaN,,,M,365.366,2,"",363.857,2,"",NaN,,,NaN,,
2024-12-10T05:59:34.000Z,10.914,2,"",M,59.007,2,"",M,6.000,2,"",N,5.815,2,"",M,25.982,2,"",M,6.460,2,"",M,1035.890,2,"",M,360.323,2,"",M,NaN,,,0,NaN,,,M,355.171,2,"",353.706,2,"",NaN,,,NaN,,
2024-12-10T06:01:25.000Z,10.922,2,"",M,59.005,2,"",M,6.000,2,"",N,5.706,2,"",M,25.487,2,"",M,6.370,2,"",M,1035.830,2,"",M,357.405,2,"",M,NaN,,,0,NaN,,,M,352.005,2,"",350.552,2,"",NaN,,,NaN,,
2024-12-10T06:03:16.000Z,10.931,2,"",M,59.003,2,"",M,6.000,2,"",N,5.827,2,"",M,25.291,2,"",M,6.360,2,"",M,1035.790,2,"",M,352.148,2,"",M,NaN,,,0,NaN,,,M,348.743,2,"",347.303,2,"",NaN,,,NaN,,
2024-12-10T06:05:08.000Z,10.938,2,"",M,59.002,2,"",M,6.000,2,"",N,5.907,2,"",M,25.563,2,"",M,6.400,2,"",M,1035.820,2,"",M,348.670,2,"",M,NaN,,,0,NaN,,,M,345.895,2,"",344.467,2,"",NaN,,,NaN,,
2024-12-10T06:06:59.000Z,10.942,2,"",M,59.001,2,"",M,6.000,2,"",N,6.048,2,"",M,25.389,2,"",M,6.400,2,"",M,1035.767,2,"",M,348.482,2,"",M,NaN,,,0,NaN,,,M,347.755,2,"",346.320,2,"",NaN,,,NaN,,
2024-12-10T06:08:50.000Z,10.945,2,"",M,59.000,2,"",M,6.000,2,"",N,6.863,2,"",M,28.850,2,"",M,6.470,2,"",M,1035.693,2,"",M,349.674,2,"",M,NaN,,,0,NaN,,,M,360.079,2,"",358.595,2,"",NaN,,,NaN,,
2024-12-10T06:10:42.000Z,10.946,2,"",M,59.000,2,"",M,6.000,2,"",N,7.646,2,"",M,29.219,2,"",M,7.390,2,"",M,1035.690,2,"",M,357.276,2,"",M,NaN,,,0,NaN,,,M,365.566,2,"",364.077,2,"",NaN,,,NaN,,
2024-12-10T06:12:33.000Z,10.946,2,"",M,59.000,2,"",M,6.000,2,"",N,7.258,2,"",M,30.086,2,"",M,7.890,2,"",M,1035.810,2,"",M,375.369,2,"",M,NaN,,,0,NaN,,,M,369.829,2,"",368.332,2,"",NaN,,,NaN,,
2024-12-10T06:14:24.000Z,10.946,2,"",M,59.000,2,"",M,6.000,2,"",N,7.279,2,"",I,28.633,2,"",M,7.736,2,"",I,1035.810,2,"",M,389.011,2,"",M,NaN,,,0,NaN,,,M,386.158,2,"",384.592,2,"",NaN,,,NaN,,
2024-12-10T06:16:16.000Z,10.946,2,"",M,59.000,2,"",M,6.000,2,"",N,7.300,2,"",M,29.490,2,"",M,7.580,2,"",M,1035.890,2,"",M,392.263,2,"",M,NaN,,,0,NaN,,,M,392.382,2,"",390.788,2,"",NaN,,,NaN,,
2024-12-10T06:18:07.000Z,10.946,2,"",M,59.000,2,"",M,6.000,2,"",N,7.399,2,"",M,29.668,2,"",M,7.850,2,"",M,1035.880,2,"",M,388.836,2,"",M,NaN,,,0,NaN,,,M,386.072,2,"",384.508,2,"",NaN,,,NaN,,
2024-12-10T06:19:58.000Z,10.946,2,"",M,59.000,2,"",M,6.000,2,"",N,7.305,2,"",M,29.439,2,"",M,7.950,2,"",M,1035.890,2,"",M,392.388,2,"",M,NaN,,,0,NaN,,,M,386.398,2,"",384.836,2,"",NaN,,,NaN,,
2024-12-10T06:21:50.000Z,10.946,2,"",M,59.000,2,"",M,6.000,2,"",N,7.343,2,"",M,29.653,2,"",M,7.900,2,"",M,1035.970,2,"",M,394.961,2,"",M,NaN,,,0,NaN,,,M,390.421,2,"",388.841,2,"",NaN,,,NaN,,
2024-12-10T06:23:41.000Z,10.946,2,"",M,59.000,2,"",M,6.000,2,"",N,7.420,2,"",M,29.653,2,"",M,7.980,2,"",M,1035.900,2,"",M,395.253,2,"",M,NaN,,,0,NaN,,,M,390.623,2,"",389.044,2,"",NaN,,,NaN,,
2024-12-10T06:25:33.000Z,10.946,2,"",M,59.000,2,"",M,6.000,2,"",N,7.435,2,"",M,29.755,2,"",M,7.970,2,"",M,1035.850,2,"",M,395.855,2,"",M,NaN,,,0,NaN,,,M,391.612,2,"",390.029,2,"",NaN,,,NaN,,
2024-12-10T06:27:24.000Z,10.946,2,"",M,59.000,2,"",M,6.000,2,"",N,7.435,2,"",M,29.668,2,"",M,8.000,2,"",M,1035.720,2,"",M,396.548,2,"",M,NaN,,,0,NaN,,,M,391.745,2,"",390.163,2,"",NaN,,,NaN,,
2024-12-10T06:29:15.000Z,10.946,2,"",M,59.000,2,"",M,6.000,2,"",N,7.474,2,"",M,29.737,2,"",M,8.010,2,"",M,1035.780,2,"",M,397.120,2,"",M,NaN,,,0,NaN,,,M,392.812,2,"",391.225,2,"",NaN,,,NaN,,
2024-12-10T06:31:07.000Z,10.946,2,"",M,59.000,2,"",M,6.000,2,"",N,7.482,2,"",M,29.845,2,"",M,8.060,2,"",M,1035.780,2,"",M,397.253,2,"",M,NaN,,,0,NaN,,,M,392.223,2,"",390.640,2,"",NaN,,,NaN,,
2024-12-10T06:32:58.000Z,10.946,2,"",M,59.000,2,"",M,6.000,2,"",N,7.399,2,"",M,29.718,2,"",M,8.040,2,"",M,1035.720,2,"",M,397.785,2,"",M,NaN,,,0,NaN,,,M,391.683,2,"",390.101,2,"",NaN,,,NaN,,
2024-12-10T06:34:49.000Z,10.946,2,"",M,59.000,2,"",M,6.000,2,"",N,7.365,2,"",M,29.613,2,"",M,7.980,2,"",M,1035.580,2,"",M,398.107,2,"",M,NaN,,,0,NaN,,,M,392.402,2,"",390.816,2,"",NaN,,,NaN,,
2024-12-10T06:36:41.000Z,10.946,2,"",M,59.000,2,"",M,6.000,2,"",N,7.378,2,"",M,29.583,2,"",M,7.930,2,"",M,1035.533,2,"",M,397.520,2,"",M,NaN,,,0,NaN,,,M,392.859,2,"",391.270,2,"",NaN,,,NaN,,
2024-12-10T06:38:32.000Z,10.946,2,"",M,59.000,2,"",M,6.000,2,"",N,7.341,2,"",M,29.639,2,"",M,7.930,2,"",M,1035.807,2,"",M,396.442,2,"",M,NaN,,,0,NaN,,,M,391.286,2,"",389.704,2,"",NaN,,,NaN,,
2024-12-10T06:40:23.000Z,10.946,2,"",M,59.000,2,"",M,6.000,2,"",N,7.328,2,"",M,29.639,2,"",M,7.920,2,"",M,1035.710,2,"",M,396.284,2,"",M,NaN,,,0,NaN,,,M,391.052,2,"",389.470,2,"",NaN,,,NaN,,
2024-12-10T06:42:15.000Z,10.946,2,"",M,59.000,2,"",M,6.000,2,"",N,7.340,2,"",M,29.599,2,"",M,7.900,2,"",M,1035.610,2,"",M,396.017,2,"",M,NaN,,,0,NaN,,,M,391.282,2,"",389.699,2,"",NaN,,,NaN,,
2024-12-10T06:44:06.000Z,10.946,2,"",M,59.000,2,"",M,6.000,2,"",N,7.282,2,"",M,29.628,2,"",M,7.880,2,"",M,1035.680,2,"",M,395.729,2,"",M,NaN,,,0,NaN,,,M,390.406,2,"",388.826,2,"",NaN,,,NaN,,
2024-12-10T06:45:57.000Z,10.946,2,"",M,59.000,2,"",M,6.000,2,"",N,7.304,2,"",M,29.608,2,"",M,7.880,2,"",M,1035.710,2,"",M,395.462,2,"",M,NaN,,,0,NaN,,,M,390.510,2,"",388.929,2,"",NaN,,,NaN,,
2024-12-10T06:47:49.000Z,10.946,2,"",M,59.000,2,"",M,6.000,2,"",N,7.207,2,"",M,29.437,2,"",M,7.910,2,"",M,1035.680,2,"",M,395.584,2,"",M,NaN,,,0,NaN,,,M,388.524,2,"",386.952,2,"",NaN,,,NaN,,
2024-12-10T06:50:01.000Z,10.946,2,"",M,59.000,2,"",M,6.000,2,"",N,7.207,2,"",M,29.543,2,"",M,7.800,2,"",M,1035.505,2,"",M,395.497,2,"",M,NaN,,,0,NaN,,,M,390.204,2,"",388.623,2,"",NaN,,,NaN,,
2024-12-10T06:51:53.000Z,10.946,2,"",M,59.000,2,"",M,6.000,2,"",N,7.308,2,"",M,29.603,2,"",M,7.810,2,"",M,1035.400,2,"",M,394.429,2,"",M,NaN,,,0,NaN,,,M,390.615,2,"",389.033,2,"",NaN,,,NaN,,
2024-12-10T06:53:44.000Z,10.946,2,"",M,58.999,2,"",M,6.000,2,"",N,7.355,2,"",M,29.674,2,"",M,7.870,2,"",M,1035.690,2,"",M,394.631,2,"",M,NaN,,,0,NaN,,,M,390.703,2,"",389.121,2,"",NaN,,,NaN,,
2024-12-10T06:55:35.000Z,10.946,2,"",M,58.999,2,"",M,6.000,2,"",N,7.294,2,"",M,29.706,2,"",M,7.920,2,"",M,1035.820,2,"",M,395.364,2,"",M,NaN,,,0,NaN,,,M,389.620,2,"",388.044,2,"",NaN,,,NaN,,
2024-12-10T06:57:27.000Z,10.946,2,"",M,58.999,2,"",M,6.000,2,"",N,7.480,2,"",M,29.423,2,"",M,7.900,2,"",M,1035.800,2,"",M,396.196,2,"",M,NaN,,,0,NaN,,,M,393.861,2,"",392.267,2,"",NaN,,,NaN,,
2024-12-10T06:59:18.000Z,10.946,2,"",M,58.999,2,"",M,6.000,2,"",N,7.382,2,"",M,29.826,2,"",M,7.890,2,"",M,1035.770,2,"",M,395.849,2,"",M,NaN,,,0,NaN,,,M,392.042,2,"",390.455,2,"",NaN,,,NaN,,
2024-12-10T07:01:10.000Z,10.946,2,"",M,58.999,2,"",M,6.000,2,"",N,7.473,2,"",M,29.897,2,"",M,7.960,2,"",M,1035.740,2,"",M,395.581,2,"",M,NaN,,,0,NaN,,,M,392.094,2,"",390.509,2,"",NaN,,,NaN,,
2024-12-10T07:03:01.000Z,10.946,2,"",M,58.999,2,"",M,6.000,2,"",N,7.466,2,"",M,29.775,2,"",M,8.090,2,"",M,1035.670,2,"",M,396.594,2,"",M,NaN,,,0,NaN,,,M,390.759,2,"",389.182,2,"",NaN,,,NaN,,
2024-12-10T07:04:52.000Z,10.946,2,"",M,58.999,2,"",M,6.000,2,"",N,7.375,2,"",M,29.699,2,"",M,8.030,2,"",M,1035.720,2,"",M,397.886,2,"",M,NaN,,,0,NaN,,,M,391.564,2,"",389.983,2,"",NaN,,,NaN,,
2024-12-10T07:06:44.000Z,10.946,2,"",M,58.999,2,"",M,6.000,2,"",N,7.353,2,"",M,29.609,2,"",M,7.930,2,"",M,1035.580,2,"",M,397.899,2,"",M,NaN,,,0,NaN,,,M,392.843,2,"",391.255,2,"",NaN,,,NaN,,
2024-12-10T07:08:35.000Z,10.946,2,"",M,58.999,2,"",M,6.000,2,"",N,7.341,2,"",M,29.567,2,"",M,7.890,2,"",M,1035.510,2,"",M,397.351,2,"",M,NaN,,,0,NaN,,,M,392.752,2,"",391.163,2,"",NaN,,,NaN,,
2024-12-10T07:10:26.000Z,10.946,2,"",M,58.999,2,"",M,6.000,2,"",N,7.311,2,"",M,29.668,2,"",M,7.900,2,"",M,1035.510,2,"",M,396.473,2,"",M,NaN,,,0,NaN,,,M,391.220,2,"",389.637,2,"",NaN,,,NaN,,
2024-12-10T07:12:18.000Z,10.946,2,"",M,58.999,2,"",M,6.000,2,"",N,7.314,2,"",M,29.687,2,"",M,7.890,2,"",M,1035.620,2,"",M,396.315,2,"",M,NaN,,,0,NaN,,,M,391.323,2,"",389.739,2,"",NaN,,,NaN,,
2024-12-10T07:14:09.000Z,10.946,2,"",M,58.999,2,"",M,6.000,2,"",N,7.353,2,"",M,29.654,2,"",M,7.850,2,"",M,1035.730,2,"",M,396.408,2,"",M,NaN,,,0,NaN,,,M,392.780,2,"",391.190,2,"",NaN,,,NaN,,
2024-12-10T07:16:00.000Z,10.946,2,"",M,58.999,2,"",M,6.000,2,"",N,7.416,2,"",M,29.806,2,"",M,7.880,2,"",M,1035.770,2,"",M,396.700,2,"",M,NaN,,,0,NaN,,,M,393.620,2,"",392.027,2,"",NaN,,,NaN,,
2024-12-10T07:17:52.000Z,10.946,2,"",M,58.999,2,"",M,6.000,2,"",N,7.434,2,"",M,29.974,2,"",M,7.940,2,"",M,1035.480,2,"",M,396.893,2,"",M,NaN,,,0,NaN,,,M,392.992,2,"",391.404,2,"",NaN,,,NaN,,
2024-12-10T07:19:43.000Z,10.946,2,"",M,58.999,2,"",M,6.000,2,"",N,7.495,2,"",M,29.889,2,"",M,8.010,2,"",M,1035.630,2,"",M,398.175,2,"",M,NaN,,,0,NaN,,,M,394.142,2,"",392.550,2,"",NaN,,,NaN,,
2024-12-10T07:21:34.000Z,10.946,2,"",M,58.999,2,"",M,6.000,2,"",N,7.553,2,"",M,29.845,2,"",M,8.030,2,"",M,1035.700,2,"",M,399.008,2,"",M,NaN,,,0,NaN,,,M,395.616,2,"",394.018,2,"",NaN,,,NaN,,
2024-12-10T07:23:26.000Z,10.946,2,"",M,58.999,2,"",M,6.000,2,"",N,7.409,2,"",M,29.930,2,"",M,8.080,2,"",M,1035.660,2,"",M,399.570,2,"",M,NaN,,,0,NaN,,,M,392.909,2,"",391.323,2,"",NaN,,,NaN,,
2024-12-10T07:25:17.000Z,10.946,2,"",M,58.999,2,"",M,6.000,2,"",N,7.350,2,"",M,29.670,2,"",M,8.020,2,"",M,1035.600,2,"",M,399.533,2,"",M,NaN,,,0,NaN,,,M,392.886,2,"",391.299,2,"",NaN,,,NaN,,
2024-12-10T07:27:08.000Z,10.946,2,"",M,58.999,2,"",M,6.000,2,"",N,7.392,2,"",M,29.725,2,"",M,7.950,2,"",M,1035.610,2,"",M,398.975,2,"",M,NaN,,,0,NaN,,,M,394.223,2,"",392.630,2,"",NaN,,,NaN,,
2024-12-10T07:29:00.000Z,10.946,2,"",M,58.999,2,"",M,6.000,2,"",N,7.470,2,"",M,29.773,2,"",M,7.990,2,"",M,1035.650,2,"",M,397.657,2,"",M,NaN,,,0,NaN,,,M,393.568,2,"",391.978,2,"",NaN,,,NaN,,
2024-12-10T07:30:51.000Z,10.947,2,"",M,58.999,2,"",M,6.000,2,"",N,7.406,2,"",M,29.995,2,"",M,8.020,2,"",M,1035.300,2,"",M,397.700,2,"",M,NaN,,,0,NaN,,,M,391.901,2,"",390.319,2,"",NaN,,,NaN,,
2024-12-10T07:32:43.000Z,10.948,2,"",M,59.000,2,"",M,6.000,2,"",N,6.157,3,"ΔT out of range",M,29.052,2,"",M,7.950,3,"ΔT out of range",M,1035.160,2,"",M,398.262,2,"",M,NaN,,,0,NaN,,,M,373.322,4,"Equilibrator Temperature ΔT out of range (32);Water Temperature Standard deviation is too large;ΔT out of range (65);Too low water flow (19);Standard deviation is too large (2);ΔT out of range (13);Problems with water supply (7);ΔT out of range (35)",371.813,4,"Equilibrator Temperature ΔT out of range (32);Water Temperature Standard deviation is too large;ΔT out of range (65);Too low water flow (19);Standard deviation is too large (2);ΔT out of range (13);Problems with water supply (7);ΔT out of range (35)",NaN,,,NaN,,
2024-12-10T07:34:35.000Z,10.947,2,"",M,59.001,2,"",M,6.000,2,"",N,6.500,2,"",I,26.703,2,"",M,7.153,2,"",I,1035.010,2,"",M,395.384,2,"",M,NaN,,,0,NaN,,,M,389.083,2,"",387.494,2,"",NaN,,,NaN,,
2024-12-10T07:36:27.000Z,10.944,2,"",M,59.002,2,"",M,6.000,2,"",N,5.597,3,"ΔT out of range",M,25.332,2,"",M,6.610,3,"ΔT out of range",M,1035.530,2,"",M,382.033,2,"",M,NaN,,,0,NaN,,,M,370.588,3,"Equilibrator Temperature ΔT out of range (32);Water Temperature ΔT out of range (32)",369.064,3,"Equilibrator Temperature ΔT out of range (32);Water Temperature ΔT out of range (32)",NaN,,,NaN,,
2024-12-10T07:38:18.000Z,10.940,2,"",M,59.004,2,"",M,6.000,2,"",N,5.597,2,"",M,25.244,2,"",M,6.290,2,"",M,1035.560,2,"",M,362.800,2,"",M,NaN,,,0,NaN,,,M,356.814,2,"",355.340,2,"",NaN,,,NaN,,
2024-12-10T07:42:47.000Z,10.932,2,"",M,59.008,2,"",M,6.000,2,"",N,NaN,,,M,NaN,,,M,NaN,,,M,NaN,,,M,NaN,,,0,NaN,,,0,NaN,,,M,NaN,,,NaN,,,NaN,,,NaN,,
2024-12-10T07:44:36.000Z,10.928,2,"",M,59.009,2,"",M,6.000,2,"",N,NaN,,,M,NaN,,,M,NaN,,,M,NaN,,,M,NaN,,,0,NaN,,,0,NaN,,,M,NaN,,,NaN,,,NaN,,,NaN,,
2024-12-10T07:46:25.000Z,10.925,2,"",M,59.011,2,"",M,6.000,2,"",N,NaN,,,M,NaN,,,M,NaN,,,M,NaN,,,M,NaN,,,0,NaN,,,0,NaN,,,M,NaN,,,NaN,,,NaN,,,NaN,,
2024-12-10T07:50:54.000Z,10.920,2,"",M,59.014,2,"",M,6.000,2,"",N,NaN,,,M,NaN,,,M,NaN,,,M,NaN,,,M,NaN,,,0,NaN,,,0,NaN,,,M,NaN,,,NaN,,,NaN,,,NaN,,
2024-12-10T07:53:04.000Z,10.920,2,"",M,59.014,2,"",M,6.000,2,"",N,NaN,,,M,NaN,,,M,NaN,,,M,NaN,,,M,NaN,,,0,NaN,,,0,NaN,,,M,NaN,,,NaN,,,NaN,,,NaN,,
2024-12-10T07:54:54.000Z,10.921,2,"",M,59.014,2,"",M,6.000,2,"",N,NaN,,,M,NaN,,,M,NaN,,,M,NaN,,,M,NaN,,,0,NaN,,,0,NaN,,,M,NaN,,,NaN,,,NaN,,,NaN,,
2024-12-10T07:59:24.000Z,10.921,2,"",M,59.014,2,"",M,6.000,2,"",N,NaN,,,M,NaN,,,M,NaN,,,M,NaN,,,M,NaN,,,0,NaN,,,0,NaN,,,M,NaN,,,NaN,,,NaN,,,NaN,,
2024-12-10T08:01:13.000Z,10.921,2,"",M,59.014,2,"",M,6.000,2,"",N,NaN,,,M,NaN,,,M,NaN,,,M,NaN,,,M,NaN,,,0,NaN,,,0,NaN,,,M,NaN,,,NaN,,,NaN,,,NaN,,
2024-12-10T08:03:02.000Z,10.921,2,"",M,59.014,2,"",M,6.000,2,"",N,NaN,,,M,NaN,,,M,NaN,,,M,NaN,,,M,NaN,,,0,NaN,,,0,NaN,,,M,NaN,,,NaN,,,NaN,,,NaN,,
2024-12-10T08:08:11.000Z,10.922,2,"",M,59.015,2,"",M,6.000,2,"",N,NaN,,,M,NaN,,,M,NaN,,,M,NaN,,,M,NaN,,,0,NaN,,,0,NaN,,,M,NaN,,,NaN,,,NaN,,,NaN,,
2024-12-10T08:12:44.000Z,10.926,2,"",M,59.015,2,"",M,6.000,2,"",N,NaN,,,M,NaN,,,M,NaN,,,M,NaN,,,M,NaN,,,0,NaN,,,0,NaN,,,M,NaN,,,NaN,,,NaN,,,NaN,,
2024-12-10T08:17:14.000Z,10.931,2,"",M,59.013,2,"",M,6.000,2,"",N,NaN,,,M,NaN,,,M,NaN,,,M,NaN,,,M,NaN,,,0,NaN,,,0,NaN,,,M,NaN,,,NaN,,,NaN,,,NaN,,
2024-12-10T08:19:04.000Z,10.933,2,"",M,59.012,2,"",M,6.000,2,"",N,NaN,,,M,NaN,,,M,NaN,,,M,NaN,,,M,NaN,,,0,NaN,,,0,NaN,,,M,NaN,,,NaN,,,NaN,,,NaN,,
2024-12-10T08:20:53.000Z,10.935,2,"",M,59.011,2,"",M,6.000,2,"",N,NaN,,,M,NaN,,,M,NaN,,,M,NaN,,,M,NaN,,,0,NaN,,,0,NaN,,,M,NaN,,,NaN,,,NaN,,,NaN,,
2024-12-10T08:25:22.000Z,10.940,2,"",M,59.008,2,"",M,6.000,2,"",N,NaN,,,M,NaN,,,M,NaN,,,M,NaN,,,M,NaN,,,0,NaN,,,0,NaN,,,M,NaN,,,NaN,,,NaN,,,NaN,,
2024-12-10T08:27:11.000Z,10.942,2,"",M,59.007,2,"",M,6.000,2,"",N,NaN,,,M,NaN,,,M,NaN,,,M,NaN,,,M,NaN,,,0,NaN,,,0,NaN,,,M,NaN,,,NaN,,,NaN,,,NaN,,
2024-12-10T08:29:00.000Z,10.944,2,"",M,59.005,2,"",M,6.000,2,"",N,NaN,,,M,NaN,,,M,NaN,,,M,NaN,,,M,NaN,,,0,NaN,,,0,NaN,,,M,NaN,,,NaN,,,NaN,,,NaN,,
2024-12-10T08:33:29.000Z,10.946,2,"",M,59.001,2,"",M,6.000,2,"",N,NaN,,,M,NaN,,,M,NaN,,,M,NaN,,,M,NaN,,,0,NaN,,,0,NaN,,,M,NaN,,,NaN,,,NaN,,,NaN,,
2024-12-10T08:35:18.000Z,10.946,2,"",M,59.000,2,"",M,6.000,2,"",N,NaN,,,M,NaN,,,M,NaN,,,M,NaN,,,M,NaN,,,0,NaN,,,0,NaN,,,M,NaN,,,NaN,,,NaN,,,NaN,,
2024-12-10T08:37:08.000Z,10.947,2,"",M,59.000,2,"",M,6.000,2,"",N,NaN,,,M,NaN,,,M,NaN,,,M,NaN,,,M,NaN,,,0,NaN,,,0,NaN,,,M,NaN,,,NaN,,,NaN,,,NaN,,
2024-12-10T08:41:37.000Z,10.947,2,"",M,59.000,2,"",M,6.000,2,"",N,7.563,2,"",M,29.511,2,"",M,NaN,,,M,NaN,,,M,NaN,,,0,435.028,2,"",M,1034.700,2,"",M,NaN,,,NaN,,,440.923,2,"",439.129,2,""
2024-12-10T08:43:26.000Z,10.947,2,"",M,59.000,2,"",M,6.000,2,"",N,7.095,2,"",M,29.477,2,"",M,NaN,,,M,NaN,,,M,NaN,,,0,434.657,2,"",M,1034.600,2,"",M,NaN,,,NaN,,,440.645,2,"",438.840,2,""
2024-12-10T08:45:15.000Z,10.947,2,"",M,59.000,2,"",M,6.000,2,"",N,6.964,2,"",M,27.469,2,"",M,NaN,,,M,NaN,,,M,NaN,,,0,434.376,2,"",M,1034.700,2,"",M,NaN,,,NaN,,,440.436,2,"",438.630,2,""
2024-12-10T08:47:05.000Z,10.947,2,"",M,59.000,2,"",M,6.000,2,"",N,7.555,2,"",M,29.700,2,"",M,NaN,,,M,NaN,,,M,NaN,,,0,434.405,2,"",M,1034.700,2,"",M,NaN,,,NaN,,,440.295,2,"",438.503,2,""
2024-12-10T08:48:54.000Z,10.947,2,"",M,59.000,2,"",M,6.000,2,"",N,7.560,2,"",M,29.622,2,"",M,NaN,,,M,NaN,,,M,NaN,,,0,434.384,2,"",M,1034.700,2,"",M,NaN,,,NaN,,,440.272,2,"",438.480,2,""
2024-12-10T08:54:04.000Z,10.947,2,"",M,59.000,2,"",M,6.000,2,"",N,7.735,2,"",M,30.238,2,"",M,8.210,2,"",M,1035.450,2,"",M,401.384,2,"",M,NaN,,,0,NaN,,,M,397.865,2,"",396.262,2,"",NaN,,,NaN,,
2024-12-10T08:55:56.000Z,10.947,2,"",M,59.000,2,"",M,6.000,2,"",N,7.891,2,"",M,30.049,2,"",M,8.380,2,"",M,1035.400,2,"",M,404.136,2,"",M,NaN,,,0,NaN,,,M,400.282,2,"",398.673,2,"",NaN,,,NaN,,
2024-12-10T08:57:47.000Z,10.947,2,"",M,59.000,2,"",M,6.000,2,"",N,7.707,2,"",M,30.404,2,"",M,8.340,2,"",M,1035.430,2,"",M,405.696,2,"",M,NaN,,,0,NaN,,,M,399.425,2,"",397.819,2,"",NaN,,,NaN,,
2024-12-10T08:59:39.000Z,10.947,2,"",M,59.000,2,"",M,6.000,2,"",N,7.730,2,"",M,29.890,2,"",M,8.400,2,"",M,1035.470,2,"",M,406.766,2,"",M,NaN,,,0,NaN,,,M,399.835,2,"",398.229,2,"",NaN,,,NaN,,
2024-12-10T09:01:30.000Z,10.947,2,"",M,59.000,2,"",M,6.000,2,"",N,7.974,2,"",M,30.293,2,"",M,8.350,2,"",M,1035.400,2,"",M,406.195,2,"",M,NaN,,,0,NaN,,,M,404.273,2,"",402.648,2,"",NaN,,,NaN,,
2024-12-10T09:03:21.000Z,10.947,2,"",M,59.000,2,"",M,6.000,2,"",N,7.825,2,"",M,30.383,2,"",M,8.510,2,"",M,1035.380,2,"",M,403.962,2,"",M,NaN,,,0,NaN,,,M,396.768,2,"",395.176,2,"",NaN,,,NaN,,
2024-12-10T09:05:14.000Z,10.947,2,"",M,59.000,2,"",M,6.000,2,"",N,7.984,2,"",M,30.363,2,"",M,8.490,2,"",M,1035.360,2,"",M,406.053,2,"",M,NaN,,,0,NaN,,,M,401.846,2,"",400.233,2,"",NaN,,,NaN,,
2024-12-10T09:07:26.000Z,10.947,2,"",M,59.000,2,"",M,6.000,2,"",N,8.048,2,"",M,30.372,2,"",M,8.580,2,"",M,1035.480,2,"",M,408.094,2,"",M,NaN,,,0,NaN,,,M,403.456,2,"",401.838,2,"",NaN,,,NaN,,
2024-12-10T09:09:17.000Z,10.947,2,"",M,59.000,2,"",M,6.000,2,"",N,7.751,2,"",I,30.117,2,"",I,8.620,2,"",M,1035.430,2,"",M,408.823,2,"",M,NaN,,,0,NaN,,,M,398.410,2,"",396.814,2,"",NaN,,,NaN,,
2024-12-10T09:11:09.000Z,10.947,2,"",M,59.000,2,"",M,6.000,2,"",N,7.450,2,"",M,29.859,2,"",M,8.360,2,"",M,1035.380,2,"",M,408.873,2,"",M,NaN,,,0,NaN,,,M,397.830,2,"",396.230,2,"",NaN,,,NaN,,
2024-12-10T09:13:01.000Z,10.947,2,"",M,59.000,2,"",M,6.000,2,"",N,7.289,2,"",M,29.616,2,"",M,8.090,2,"",M,1035.350,2,"",M,406.180,2,"",M,NaN,,,0,NaN,,,M,397.102,2,"",395.500,2,"",NaN,,,NaN,,
2024-12-10T09:14:52.000Z,10.947,2,"",M,59.000,2,"",M,6.000,2,"",N,7.474,2,"",M,29.412,2,"",M,7.920,2,"",M,1035.450,2,"",M,402.736,2,"",M,NaN,,,0,NaN,,,M,399.783,2,"",398.166,2,"",NaN,,,NaN,,
2024-12-10T09:16:44.000Z,10.947,2,"",M,59.000,2,"",M,6.000,2,"",N,7.187,2,"",M,29.488,2,"",M,7.980,2,"",M,1035.460,2,"",M,399.342,2,"",M,NaN,,,0,NaN,,,M,390.612,2,"",389.034,2,"",NaN,,,NaN,,
2024-12-10T09:18:36.000Z,10.947,2,"",M,59.000,2,"",M,6.000,2,"",N,6.927,2,"",I,28.101,2,"",M,7.540,2,"",I,1035.260,2,"",M,398.591,2,"",M,NaN,,,0,NaN,,,M,392.910,2,"",391.313,2,"",NaN,,,NaN,,
2024-12-10T09:20:28.000Z,10.947,2,"",M,59.001,2,"",M,6.000,2,"",N,6.668,2,"",M,27.994,2,"",M,7.100,2,"",M,1034.999,2,"",M,394.427,2,"",M,NaN,,,0,NaN,,,M,391.806,2,"",390.205,2,"",NaN,,,NaN,,
2024-12-10T09:22:19.000Z,10.948,2,"",M,59.001,2,"",M,6.000,2,"",N,6.676,2,"",I,28.589,2,"",M,7.000,2,"",I,1034.780,2,"",M,382.696,2,"",M,NaN,,,0,NaN,,,M,381.829,2,"",380.268,2,"",NaN,,,NaN,,
2024-12-10T09:24:10.000Z,10.948,2,"",M,59.001,2,"",M,6.000,2,"",N,6.683,2,"",M,27.463,2,"",M,6.900,2,"",M,1035.140,2,"",M,381.925,2,"",M,NaN,,,0,NaN,,,M,382.952,2,"",381.383,2,"",NaN,,,NaN,,
2024-12-10T09:26:02.000Z,10.948,2,"",M,59.001,2,"",M,6.000,2,"",N,7.042,2,"",M,29.656,2,"",M,7.140,2,"",M,1035.230,2,"",M,375.689,2,"",M,NaN,,,0,NaN,,,M,378.585,2,"",377.039,2,"",NaN,,,NaN,,
2024-12-10T09:27:53.000Z,10.948,2,"",M,59.001,2,"",M,6.000,2,"",N,7.448,2,"",M,29.296,2,"",M,7.810,2,"",M,1034.950,2,"",M,378.190,2,"",M,NaN,,,0,NaN,,,M,376.594,2,"",375.070,2,"",NaN,,,NaN,,
2024-12-10T09:29:44.000Z,10.948,2,"",M,59.001,2,"",M,6.000,2,"",N,7.952,2,"",M,30.296,2,"",M,7.890,2,"",M,1035.090,2,"",M,388.898,2,"",M,NaN,,,0,NaN,,,M,394.300,2,"",392.706,2,"",NaN,,,NaN,,
2024-12-10T09:31:36.000Z,10.948,2,"",M,59.001,2,"",M,6.000,2,"",N,7.894,2,"",M,30.186,2,"",M,8.440,2,"",M,1035.160,2,"",M,395.543,2,"",M,NaN,,,0,NaN,,,M,390.719,2,"",389.150,2,"",NaN,,,NaN,,
2024-12-10T09:33:27.000Z,10.948,2,"",M,59.001,2,"",M,6.000,2,"",N,7.678,2,"",M,29.917,2,"",M,8.400,2,"",M,1035.140,2,"",M,403.508,2,"",M,NaN,,,0,NaN,,,M,395.650,2,"",394.060,2,"",NaN,,,NaN,,
2024-12-10T09:35:19.000Z,10.948,2,"",M,59.001,2,"",M,6.000,2,"",N,7.538,2,"",I,28.870,2,"",M,8.003,2,"",I,1035.160,2,"",M,406.079,2,"",M,NaN,,,0,NaN,,,M,402.631,2,"",401.005,2,"",NaN,,,NaN,,
2024-12-10T09:37:10.000Z,10.948,2,"",M,59.001,2,"",M,6.000,2,"",N,7.399,2,"",M,29.397,2,"",M,7.610,2,"",M,1035.080,2,"",M,401.225,2,"",M,NaN,,,0,NaN,,,M,402.195,2,"",400.562,2,"",NaN,,,NaN,,
2024-12-10T09:39:01.000Z,10.948,2,"",M,59.001,2,"",M,6.000,2,"",N,7.276,2,"",M,29.454,2,"",M,7.820,2,"",M,1035.030,2,"",M,394.218,2,"",M,NaN,,,0,NaN,,,M,389.566,2,"",387.989,2,"",NaN,,,NaN,,
2024-12-10T09:40:53.000Z,10.948,2,"",M,59.001,2,"",M,6.000,2,"",N,7.650,2,"",M,29.583,2,"",M,7.760,2,"",M,1035.190,2,"",M,395.148,2,"",M,NaN,,,0,NaN,,,M,397.808,2,"",396.196,2,"",NaN,,,NaN,,
2024-12-10T09:42:44.000Z,10.948,2,"",M,59.001,2,"",M,6.000,2,"",N,7.435,2,"",M,29.876,2,"",M,8.150,2,"",M,1035.010,2,"",M,395.598,2,"",M,NaN,,,0,NaN,,,M,388.021,2,"",386.457,2,"",NaN,,,NaN,,
2024-12-10T09:44:35.000Z,10.948,2,"",M,59.001,2,"",M,6.000,2,"",N,7.781,2,"",M,29.878,2,"",M,7.990,2,"",M,1035.120,2,"",M,399.110,2,"",M,NaN,,,0,NaN,,,M,400.025,2,"",398.410,2,"",NaN,,,NaN,,
2024-12-10T09:46:27.000Z,10.948,2,"",M,59.001,2,"",M,6.000,2,"",N,7.764,2,"",M,30.323,2,"",M,8.270,2,"",M,1035.100,2,"",M,399.889,2,"",M,NaN,,,0,NaN,,,M,395.710,2,"",394.118,2,"",NaN,,,NaN,,
2024-12-10T09:48:18.000Z,10.948,2,"",M,59.001,2,"",M,6.000,2,"",N,7.585,2,"",M,29.960,2,"",M,8.370,2,"",M,1035.040,2,"",M,403.481,2,"",M,NaN,,,0,NaN,,,M,394.527,2,"",392.942,2,"",NaN,,,NaN,,
2024-12-10T09:50:09.000Z,10.948,2,"",M,59.001,2,"",M,6.000,2,"",N,7.930,2,"",M,30.228,2,"",M,8.130,2,"",M,1035.090,2,"",M,405.312,2,"",M,NaN,,,0,NaN,,,M,406.334,2,"",404.696,2,"",NaN,,,NaN,,
2024-12-10T09:52:01.000Z,10.948,2,"",M,59.001,2,"",M,6.000,2,"",N,7.549,2,"",I,30.085,2,"",M,7.972,2,"",I,1034.990,2,"",M,404.470,2,"",M,NaN,,,0,NaN,,,M,401.689,2,"",400.066,2,"",NaN,,,NaN,,
2024-12-10T09:53:52.000Z,10.948,2,"",M,59.001,2,"",M,6.000,2,"",N,7.172,2,"",I,29.106,2,"",M,7.816,2,"",I,1034.980,2,"",M,405.620,2,"",M,NaN,,,0,NaN,,,M,399.120,2,"",397.505,2,"",NaN,,,NaN,,
2024-12-10T09:55:43.000Z,10.948,2,"",M,59.001,2,"",M,6.000,2,"",N,6.795,2,"",M,28.739,2,"",M,7.660,2,"",M,1034.960,2,"",M,401.626,2,"",M,NaN,,,0,NaN,,,M,391.547,2,"",389.959,2,"",NaN,,,NaN,,
2024-12-10T09:57:35.000Z,10.948,2,"",M,59.001,2,"",M,6.000,2,"",N,6.747,2,"",M,28.242,2,"",M,7.420,2,"",M,1035.000,2,"",M,394.290,2,"",M,NaN,,,0,NaN,,,M,387.611,2,"",386.034,2,"",NaN,,,NaN,,
2024-12-10T09:59:26.000Z,10.948,2,"",M,59.001,2,"",M,6.000,2,"",N,6.684,2,"",M,28.566,2,"",M,7.280,2,"",M,1035.047,2,"",M,388.004,2,"",M,NaN,,,0,NaN,,,M,382.727,2,"",381.167,2,"",NaN,,,NaN,,
2024-12-10T10:01:19.000Z,10.948,2,"",M,59.002,2,"",M,6.000,2,"",N,6.605,2,"",M,28.438,2,"",M,7.350,2,"",M,1034.973,2,"",M,384.450,2,"",M,NaN,,,0,NaN,,,M,376.806,2,"",375.272,2,"",NaN,,,NaN,,
2024-12-10T10:03:10.000Z,10.948,2,"",M,59.002,2,"",M,6.000,2,"",N,6.676,2,"",M,28.921,2,"",M,7.290,2,"",M,1034.790,2,"",M,384.219,2,"",M,NaN,,,0,NaN,,,M,378.618,2,"",377.076,2,"",NaN,,,NaN,,
2024-12-10T10:05:02.000Z,10.949,2,"",M,59.002,2,"",M,6.000,2,"",N,6.715,2,"",M,28.398,2,"",M,7.440,2,"",M,1034.730,2,"",M,384.148,2,"",M,NaN,,,0,NaN,,,M,376.714,2,"",375.182,2,"",NaN,,,NaN,,
2024-12-10T10:07:14.000Z,10.949,2,"",M,59.002,2,"",M,6.000,2,"",N,6.790,2,"",M,28.355,2,"",M,7.330,2,"",M,1034.660,2,"",M,384.728,2,"",M,NaN,,,0,NaN,,,M,380.243,2,"",378.694,2,"",NaN,,,NaN,,
2024-12-10T10:09:05.000Z,10.949,2,"",M,59.002,2,"",M,6.000,2,"",N,6.693,2,"",M,28.535,2,"",M,7.320,2,"",M,1034.500,2,"",M,383.256,2,"",M,NaN,,,0,NaN,,,M,377.344,2,"",375.808,2,"",NaN,,,NaN,,
2024-12-10T10:10:57.000Z,10.949,2,"",M,59.002,2,"",M,6.000,2,"",N,7.140,2,"",M,28.616,2,"",M,7.270,2,"",M,1034.970,2,"",M,383.305,2,"",M,NaN,,,0,NaN,,,M,385.602,2,"",384.030,2,"",NaN,,,NaN,,
2024-12-10T10:12:48.000Z,10.949,2,"",M,59.002,2,"",M,6.000,2,"",N,7.523,2,"",M,29.760,2,"",M,7.510,2,"",M,1034.915,2,"",M,383.575,2,"",M,NaN,,,0,NaN,,,M,388.135,2,"",386.558,2,"",NaN,,,NaN,,
2024-12-10T10:14:39.000Z,10.949,2,"",M,59.002,2,"",M,6.000,2,"",N,7.372,2,"",M,29.483,2,"",M,7.910,2,"",M,1035.030,2,"",M,388.107,2,"",M,NaN,,,0,NaN,,,M,383.610,2,"",382.059,2,"",NaN,,,NaN,,
2024-12-10T10:16:31.000Z,10.949,2,"",M,59.002,2,"",M,6.000,2,"",N,7.283,2,"",M,29.447,2,"",M,7.890,2,"",M,1034.950,2,"",M,394.211,2,"",M,NaN,,,0,NaN,,,M,388.479,2,"",386.908,2,"",NaN,,,NaN,,
2024-12-10T10:18:23.000Z,10.950,2,"",M,59.002,2,"",M,6.000,2,"",N,6.904,2,"",M,28.562,2,"",M,7.900,2,"",M,1034.890,2,"",M,395.031,2,"",M,NaN,,,0,NaN,,,M,382.902,2,"",381.354,2,"",NaN,,,NaN,,
2024-12-10T10:20:14.000Z,10.951,2,"",M,59.002,2,"",M,6.000,2,"",N,6.820,2,"",M,28.484,2,"",M,7.460,2,"",M,1034.750,2,"",M,392.808,2,"",M,NaN,,,0,NaN,,,M,386.588,2,"",385.016,2,"",NaN,,,NaN,,
2024-12-10T10:22:06.000Z,10.952,2,"",M,59.002,2,"",M,6.000,2,"",N,6.892,2,"",M,28.103,2,"",M,7.510,2,"",M,1034.800,2,"",M,385.982,2,"",M,NaN,,,0,NaN,,,M,380.230,2,"",378.685,2,"",NaN,,,NaN,,
2024-12-10T10:23:57.000Z,10.953,2,"",M,59.001,2,"",M,6.000,2,"",N,6.799,2,"",M,28.346,2,"",M,7.530,2,"",M,1034.790,2,"",M,381.998,2,"",M,NaN,,,0,NaN,,,M,374.512,2,"",372.991,2,"",NaN,,,NaN,,
2024-12-10T10:25:48.000Z,10.954,2,"",M,59.001,2,"",M,6.000,2,"",N,6.916,2,"",M,28.464,2,"",M,7.390,2,"",M,1034.700,2,"",M,381.317,2,"",M,NaN,,,0,NaN,,,M,377.919,2,"",376.382,2,"",NaN,,,NaN,,
2024-12-10T10:27:40.000Z,10.955,2,"",M,59.001,2,"",M,6.000,2,"",N,7.013,2,"",M,28.167,2,"",M,7.530,2,"",M,1034.610,2,"",M,381.556,2,"",M,NaN,,,0,NaN,,,M,377.408,2,"",375.875,2,"",NaN,,,NaN,,
2024-12-10T10:29:31.000Z,10.956,2,"",M,59.001,2,"",M,6.000,2,"",N,7.069,2,"",M,28.355,2,"",M,7.390,2,"",M,1034.510,2,"",M,381.796,2,"",M,NaN,,,0,NaN,,,M,380.786,2,"",379.237,2,"",NaN,,,NaN,,
2024-12-10T10:31:22.000Z,10.957,2,"",M,59.001,2,"",M,6.000,2,"",N,7.931,2,"",M,28.729,2,"",M,7.520,2,"",M,1034.540,2,"",M,381.595,2,"",M,NaN,,,0,NaN,,,M,392.537,2,"",390.943,2,"",NaN,,,NaN,,
2024-12-10T10:33:14.000Z,10.957,2,"",M,59.001,2,"",M,6.000,2,"",N,7.817,2,"",M,29.443,2,"",M,7.820,2,"",M,1034.760,2,"",M,383.465,2,"",M,NaN,,,0,NaN,,,M,387.618,2,"",386.049,2,"",NaN,,,NaN,,
2024-12-10T10:35:05.000Z,10.957,2,"",M,59.001,2,"",M,6.000,2,"",N,7.805,2,"",M,30.218,2,"",M,8.200,2,"",M,1034.790,2,"",M,389.870,2,"",M,NaN,,,0,NaN,,,M,387.511,2,"",385.950,2,"",NaN,,,NaN,,
2024-12-10T10:36:57.000Z,10.957,2,"",M,59.001,2,"",M,6.000,2,"",N,8.245,2,"",M,29.976,2,"",M,8.400,2,"",M,1034.730,2,"",M,398.876,2,"",M,NaN,,,0,NaN,,,M,400.436,2,"",398.828,2,"",NaN,,,NaN,,
2024-12-10T10:38:48.000Z,10.957,2,"",M,59.001,2,"",M,6.000,2,"",N,8.353,2,"",M,30.595,2,"",M,8.600,2,"",M,1034.730,2,"",M,402.938,2,"",M,NaN,,,0,NaN,,,M,402.886,2,"",401.272,2,"",NaN,,,NaN,,
2024-12-10T10:40:39.000Z,10.957,2,"",M,59.001,2,"",M,6.000,2,"",N,8.269,2,"",M,30.558,2,"",M,8.810,2,"",M,1034.810,2,"",M,406.220,2,"",M,NaN,,,0,NaN,,,M,401.121,2,"",399.518,2,"",NaN,,,NaN,,
2024-12-10T10:42:31.000Z,10.957,2,"",M,59.001,2,"",M,6.000,2,"",N,8.268,2,"",M,30.703,2,"",M,8.780,2,"",M,1034.760,2,"",M,410.322,2,"",M,NaN,,,0,NaN,,,M,405.644,2,"",404.023,2,"",NaN,,,NaN,,
2024-12-10T10:44:22.000Z,10.957,2,"",M,59.001,2,"",M,6.000,2,"",N,8.278,2,"",M,30.693,2,"",M,8.820,2,"",M,1034.700,2,"",M,411.732,2,"",M,NaN,,,0,NaN,,,M,406.486,2,"",404.863,2,"",NaN,,,NaN,,
2024-12-10T10:46:13.000Z,10.957,2,"",M,59.001,2,"",M,6.000,2,"",N,8.302,2,"",M,30.655,2,"",M,8.800,2,"",M,1034.590,2,"",M,412.622,2,"",M,NaN,,,0,NaN,,,M,408.087,2,"",406.457,2,"",NaN,,,NaN,,
2024-12-10T10:48:05.000Z,10.957,2,"",M,59.001,2,"",M,6.000,2,"",N,7.828,2,"",I,30.370,2,"",M,8.569,2,"",I,1034.590,2,"",M,412.701,2,"",M,NaN,,,0,NaN,,,M,404.068,2,"",402.450,2,"",NaN,,,NaN,,
2024-12-10T10:49:56.000Z,10.957,2,"",M,59.001,2,"",M,6.000,2,"",N,7.359,2,"",M,29.119,2,"",M,8.340,2,"",M,1034.600,2,"",M,412.310,2,"",M,NaN,,,0,NaN,,,M,399.670,2,"",398.064,2,"",NaN,,,NaN,,
2024-12-10T10:51:48.000Z,10.957,2,"",M,59.001,2,"",M,6.000,2,"",N,7.521,2,"",M,29.432,2,"",M,7.950,2,"",M,1034.340,2,"",M,405.844,2,"",M,NaN,,,0,NaN,,,M,402.713,2,"",401.087,2,"",NaN,,,NaN,,
2024-12-10T10:53:39.000Z,10.957,2,"",M,59.001,2,"",M,6.000,2,"",N,7.671,2,"",M,29.885,2,"",M,8.040,2,"",M,1034.350,2,"",M,397.237,2,"",M,NaN,,,0,NaN,,,M,395.154,2,"",393.560,2,"",NaN,,,NaN,,
2024-12-10T10:55:30.000Z,10.957,2,"",M,59.001,2,"",M,6.000,2,"",N,7.701,2,"",M,30.022,2,"",M,8.220,2,"",M,1034.280,2,"",M,397.466,2,"",M,NaN,,,0,NaN,,,M,392.795,2,"",391.215,2,"",NaN,,,NaN,,
2024-12-10T10:57:22.000Z,10.957,2,"",M,59.001,2,"",M,6.000,2,"",N,7.677,2,"",M,30.065,2,"",M,8.280,2,"",M,1034.640,2,"",M,400.638,2,"",M,NaN,,,0,NaN,,,M,394.644,2,"",393.057,2,"",NaN,,,NaN,,
2024-12-10T10:59:13.000Z,10.957,2,"",M,59.002,2,"",M,6.000,2,"",N,7.733,2,"",M,28.938,2,"",M,8.300,2,"",M,1034.620,2,"",M,403.389,2,"",M,NaN,,,0,NaN,,,M,397.954,2,"",396.354,2,"",NaN,,,NaN,,
2024-12-10T11:01:04.000Z,10.957,2,"",M,59.002,2,"",M,6.000,2,"",N,7.600,2,"",M,29.319,2,"",M,8.170,2,"",M,1034.590,2,"",M,400.236,2,"",M,NaN,,,0,NaN,,,M,394.819,2,"",393.229,2,"",NaN,,,NaN,,
2024-12-10T11:02:56.000Z,10.957,2,"",M,59.002,2,"",M,6.000,2,"",N,7.382,2,"",I,29.387,2,"",M,7.904,2,"",I,1034.550,2,"",M,395.872,2,"",M,NaN,,,0,NaN,,,M,391.358,2,"",389.776,2,"",NaN,,,NaN,,
2024-12-10T11:04:47.000Z,10.957,2,"",M,59.002,2,"",M,6.000,2,"",N,7.165,2,"",M,28.879,2,"",M,7.640,2,"",M,1034.610,2,"",M,395.540,2,"",M,NaN,,,0,NaN,,,M,391.903,2,"",390.314,2,"",NaN,,,NaN,,
2024-12-10T11:06:38.000Z,10.957,2,"",M,59.002,2,"",M,6.000,2,"",N,7.237,2,"",M,29.226,2,"",M,7.860,2,"",M,1034.700,2,"",M,392.718,2,"",M,NaN,,,0,NaN,,,M,386.649,2,"",385.086,2,"",NaN,,,NaN,,
2024-12-10T11:08:52.000Z,10.957,2,"",M,59.002,2,"",M,6.000,2,"",N,8.212,2,"",M,30.412,2,"",M,7.960,2,"",M,1034.600,2,"",M,393.037,2,"",M,NaN,,,0,NaN,,,M,401.505,2,"",399.883,2,"",NaN,,,NaN,,
2024-12-10T11:10:43.000Z,10.957,2,"",M,59.002,2,"",M,6.000,2,"",N,7.925,2,"",M,30.308,2,"",M,8.710,2,"",M,1034.550,2,"",M,398.210,2,"",M,NaN,,,0,NaN,,,M,389.098,2,"",387.542,2,"",NaN,,,NaN,,
2024-12-10T11:12:34.000Z,10.957,2,"",M,59.002,2,"",M,6.000,2,"",N,8.082,2,"",M,30.227,2,"",M,8.530,2,"",M,1034.430,2,"",M,406.155,2,"",M,NaN,,,0,NaN,,,M,402.568,2,"",400.955,2,"",NaN,,,NaN,,
2024-12-10T11:14:26.000Z,10.957,2,"",M,59.002,2,"",M,6.000,2,"",N,8.066,2,"",M,30.525,2,"",M,8.540,2,"",M,1034.490,2,"",M,407.735,2,"",M,NaN,,,0,NaN,,,M,403.714,2,"",402.096,2,"",NaN,,,NaN,,
2024-12-10T11:16:17.000Z,10.957,2,"",M,59.002,2,"",M,6.000,2,"",N,8.202,2,"",M,30.635,2,"",M,8.680,2,"",M,1034.450,2,"",M,408.235,2,"",M,NaN,,,0,NaN,,,M,404.076,2,"",402.460,2,"",NaN,,,NaN,,
2024-12-10T11:18:08.000Z,10.957,2,"",M,59.002,2,"",M,6.000,2,"",N,7.938,2,"",M,30.403,2,"",M,8.700,2,"",M,1034.300,2,"",M,410.516,2,"",M,NaN,,,0,NaN,,,M,401.417,2,"",399.812,2,"",NaN,,,NaN,,
2024-12-10T11:20:00.000Z,10.957,2,"",M,59.002,2,"",M,6.000,2,"",N,7.893,2,"",M,30.044,2,"",M,8.600,2,"",M,1034.190,2,"",M,411.295,2,"",M,NaN,,,0,NaN,,,M,403.105,2,"",401.492,2,"",NaN,,,NaN,,
2024-12-10T11:21:51.000Z,10.957,2,"",M,59.002,2,"",M,6.000,2,"",N,7.887,2,"",M,30.213,2,"",M,8.400,2,"",M,1034.430,2,"",M,410.084,2,"",M,NaN,,,0,NaN,,,M,405.372,2,"",403.745,2,"",NaN,,,NaN,,
2024-12-10T11:23:42.000Z,10.957,2,"",M,59.002,2,"",M,6.000,2,"",N,7.847,2,"",I,29.714,2,"",M,8.196,2,"",I,1034.350,2,"",M,408.401,2,"",M,NaN,,,0,NaN,,,M,406.554,2,"",404.917,2,"",NaN,,,NaN,,
2024-12-10T11:25:34.000Z,10.957,2,"",M,59.002,2,"",M,6.000,2,"",N,7.807,2,"",M,29.915,2,"",M,7.990,2,"",M,1033.950,2,"",M,407.290,2,"",M,NaN,,,0,NaN,,,M,408.203,2,"",406.556,2,"",NaN,,,NaN,,
2024-12-10T11:27:25.000Z,10.957,2,"",M,59.002,2,"",M,6.000,2,"",N,8.017,2,"",M,30.338,2,"",M,8.350,2,"",M,1033.960,2,"",M,403.386,2,"",M,NaN,,,0,NaN,,,M,401.637,2,"",400.024,2,"",NaN,,,NaN,,
2024-12-10T11:29:17.000Z,10.957,2,"",M,59.002,2,"",M,6.000,2,"",N,8.158,2,"",M,30.595,2,"",M,8.490,2,"",M,1033.810,2,"",M,404.906,2,"",M,NaN,,,0,NaN,,,M,403.059,2,"",401.444,2,"",NaN,,,NaN,,
2024-12-10T11:31:08.000Z,10.957,2,"",M,59.002,2,"",M,6.000,2,"",N,8.197,2,"",M,30.549,2,"",M,8.690,2,"",M,1033.700,2,"",M,408.658,2,"",M,NaN,,,0,NaN,,,M,403.938,2,"",402.324,2,"",NaN,,,NaN,,
2024-12-10T11:32:59.000Z,10.957,2,"",M,59.002,2,"",M,6.000,2,"",N,7.536,3,"ΔT out of range",M,30.360,2,"",M,8.740,3,"ΔT out of range",M,1034.140,2,"",M,411.219,2,"",M,NaN,,,0,NaN,,,M,394.583,3,"Equilibrator Temperature ΔT out of range (41);Water Temperature ΔT out of range (24)",393.006,3,"Equilibrator Temperature ΔT out of range (41);Water Temperature ΔT out of range (24)",NaN,,,NaN,,
2024-12-10T11:34:51.000Z,10.957,2,"",M,59.002,2,"",M,6.000,2,"",N,7.224,2,"",I,28.924,2,"",M,7.715,2,"",I,1034.110,2,"",M,411.949,2,"",M,NaN,,,0,NaN,,,M,407.669,2,"",406.018,2,"",NaN,,,NaN,,
2024-12-10T11:36:42.000Z,10.957,2,"",M,59.001,2,"",M,6.000,2,"",N,5.954,3,"ΔT out of range",M,26.549,2,"",M,7.350,3,"ΔT out of range",M,1034.055,2,"",M,407.275,2,"",M,NaN,,,0,NaN,,,M,387.981,3,"Equilibrator Temperature ΔT out of range (31);Water Temperature ΔT out of range (6)",386.402,3,"Equilibrator Temperature ΔT out of range (31);Water Temperature ΔT out of range (6)",NaN,,,NaN,,
2024-12-10T11:38:34.000Z,10.958,2,"",M,59.000,2,"",M,6.000,2,"",N,6.251,2,"",M,25.846,2,"",M,6.740,2,"",M,1034.060,2,"",M,387.269,2,"",M,NaN,,,0,NaN,,,M,383.505,2,"",381.932,2,"",NaN,,,NaN,,
2024-12-10T11:40:25.000Z,10.958,2,"",M,58.999,2,"",M,6.000,2,"",N,6.525,2,"",M,29.076,2,"",M,6.640,2,"",M,1034.090,2,"",M,366.653,2,"",M,NaN,,,0,NaN,,,M,368.925,2,"",367.410,2,"",NaN,,,NaN,,
2024-12-10T11:42:18.000Z,10.958,2,"",M,58.998,2,"",M,6.000,2,"",N,6.549,2,"",I,26.114,2,"",M,6.411,2,"",I,1034.020,2,"",M,366.172,2,"",M,NaN,,,0,NaN,,,M,372.421,2,"",370.887,2,"",NaN,,,NaN,,
2024-12-10T11:44:09.000Z,10.957,2,"",M,58.998,2,"",M,6.000,2,"",N,6.571,2,"",I,24.130,2,"",M,6.185,2,"",I,1033.950,2,"",M,372.446,2,"",M,NaN,,,0,NaN,,,M,382.822,2,"",381.240,2,"",NaN,,,NaN,,
2024-12-10T11:46:00.000Z,10.957,2,"",M,58.998,2,"",M,6.000,2,"",N,6.594,2,"",M,26.323,2,"",M,5.960,2,"",M,1033.910,2,"",M,360.786,2,"",M,NaN,,,0,NaN,,,M,374.790,2,"",373.238,2,"",NaN,,,NaN,,
2024-12-10T11:47:52.000Z,10.957,2,"",M,58.998,2,"",M,6.000,2,"",N,6.648,2,"",M,28.569,2,"",M,6.990,2,"",M,1034.020,2,"",M,350.888,2,"",M,NaN,,,0,NaN,,,M,349.577,2,"",348.148,2,"",NaN,,,NaN,,
2024-12-10T11:49:43.000Z,10.957,2,"",M,58.998,2,"",M,6.000,2,"",N,6.866,2,"",M,28.956,2,"",M,7.190,2,"",M,1034.020,2,"",M,363.907,2,"",M,NaN,,,0,NaN,,,M,362.769,2,"",361.291,2,"",NaN,,,NaN,,
2024-12-10T11:51:35.000Z,10.957,2,"",M,58.998,2,"",M,6.000,2,"",N,6.722,2,"",M,28.914,2,"",M,7.420,2,"",M,1033.890,2,"",M,376.806,2,"",M,NaN,,,0,NaN,,,M,369.635,2,"",368.133,2,"",NaN,,,NaN,,
2024-12-10T11:53:26.000Z,10.957,2,"",M,58.998,2,"",M,6.000,2,"",N,6.557,2,"",M,28.993,2,"",M,7.290,2,"",M,1033.760,2,"",M,383.450,2,"",M,NaN,,,0,NaN,,,M,375.585,2,"",374.056,2,"",NaN,,,NaN,,
2024-12-10T11:55:17.000Z,10.957,2,"",M,58.998,2,"",M,6.000,2,"",N,7.293,2,"",M,28.773,2,"",M,7.210,2,"",M,1033.740,2,"",M,385.010,2,"",M,NaN,,,0,NaN,,,M,390.364,2,"",388.773,2,"",NaN,,,NaN,,
2024-12-10T11:57:09.000Z,10.957,2,"",M,58.998,2,"",M,6.000,2,"",N,6.701,2,"",M,29.327,2,"",M,7.400,2,"",M,1033.740,2,"",M,384.279,2,"",M,NaN,,,0,NaN,,,M,376.894,2,"",375.362,2,"",NaN,,,NaN,,
2024-12-10T11:59:01.000Z,10.957,2,"",M,58.998,2,"",M,6.000,2,"",N,6.543,2,"",M,28.464,2,"",M,7.440,2,"",M,1033.700,2,"",M,387.200,2,"",M,NaN,,,0,NaN,,,M,376.575,2,"",375.045,2,"",NaN,,,NaN,,
2024-12-10T12:03:31.000Z,10.957,2,"",M,58.998,2,"",M,6.000,2,"",N,NaN,,,M,NaN,,,M,NaN,,,M,NaN,,,M,NaN,,,0,NaN,,,0,NaN,,,M,NaN,,,NaN,,,NaN,,,NaN,,
2024-12-10T12:05:20.000Z,10.957,2,"",M,58.998,2,"",M,6.000,2,"",N,NaN,,,M,NaN,,,M,NaN,,,M,NaN,,,M,NaN,,,0,NaN,,,0,NaN,,,M,NaN,,,NaN,,,NaN,,,NaN,,
2024-12-10T12:07:09.000Z,10.957,2,"",M,58.998,2,"",M,6.000,2,"",N,NaN,,,M,NaN,,,M,NaN,,,M,NaN,,,M,NaN,,,0,NaN,,,0,NaN,,,M,NaN,,,NaN,,,NaN,,,NaN,,
2024-12-10T12:11:58.000Z,10.957,2,"",M,58.998,2,"",M,6.000,2,"",N,NaN,,,M,NaN,,,M,NaN,,,M,NaN,,,M,NaN,,,0,NaN,,,0,NaN,,,M,NaN,,,NaN,,,NaN,,,NaN,,
2024-12-10T12:13:48.000Z,10.957,2,"",M,58.998,2,"",M,6.000,2,"",N,NaN,,,M,NaN,,,M,NaN,,,M,NaN,,,M,NaN,,,0,NaN,,,0,NaN,,,M,NaN,,,NaN,,,NaN,,,NaN,,
2024-12-10T12:15:37.000Z,10.957,2,"",M,58.998,2,"",M,6.000,2,"",N,NaN,,,M,NaN,,,M,NaN,,,M,NaN,,,M,NaN,,,0,NaN,,,0,NaN,,,M,NaN,,,NaN,,,NaN,,,NaN,,
2024-12-10T12:20:06.000Z,10.960,2,"",M,58.999,2,"",M,6.000,2,"",N,NaN,,,M,NaN,,,M,NaN,,,M,NaN,,,M,NaN,,,0,NaN,,,0,NaN,,,M,NaN,,,NaN,,,NaN,,,NaN,,
2024-12-10T12:21:55.000Z,10.963,2,"",M,58.999,2,"",M,6.000,2,"",N,NaN,,,M,NaN,,,M,NaN,,,M,NaN,,,M,NaN,,,0,NaN,,,0,NaN,,,M,NaN,,,NaN,,,NaN,,,NaN,,
2024-12-10T12:23:44.000Z,10.965,2,"",M,58.999,2,"",M,6.000,2,"",N,NaN,,,M,NaN,,,M,NaN,,,M,NaN,,,M,NaN,,,0,NaN,,,0,NaN,,,M,NaN,,,NaN,,,NaN,,,NaN,,
2024-12-10T12:28:13.000Z,10.967,2,"",M,58.999,2,"",M,6.000,2,"",N,7.667,2,"",M,30.263,2,"",M,NaN,,,M,NaN,,,M,NaN,,,0,436.638,2,"",M,1032.800,2,"",M,NaN,,,NaN,,,441.705,2,"",439.913,2,""
2024-12-10T12:30:02.000Z,10.968,2,"",M,58.999,2,"",M,6.000,2,"",N,6.669,2,"",M,28.538,2,"",M,NaN,,,M,NaN,,,M,NaN,,,0,436.847,2,"",M,1032.800,2,"",M,NaN,,,NaN,,,442.210,2,"",440.392,2,""
2024-12-10T12:31:51.000Z,10.968,2,"",M,58.999,2,"",M,6.000,2,"",N,7.312,2,"",M,27.903,2,"",M,NaN,,,M,NaN,,,M,NaN,,,0,436.796,2,"",M,1032.800,2,"",M,NaN,,,NaN,,,441.966,2,"",440.165,2,""
2024-12-10T12:33:40.000Z,10.969,2,"",M,58.998,2,"",M,6.000,2,"",N,7.377,2,"",M,28.669,2,"",M,NaN,,,M,NaN,,,M,NaN,,,0,436.164,2,"",M,1032.800,2,"",M,NaN,,,NaN,,,441.309,2,"",439.512,2,""
2024-12-10T12:35:29.000Z,10.970,2,"",M,58.998,2,"",M,6.000,2,"",N,6.879,2,"",M,28.741,2,"",M,NaN,,,M,NaN,,,M,NaN,,,0,435.952,2,"",M,1032.800,2,"",M,NaN,,,NaN,,,441.244,2,"",439.435,2,""
2024-12-10T12:40:39.000Z,10.969,2,"",M,58.999,2,"",M,6.000,2,"",N,6.550,3,"ΔT out of range",M,28.311,2,"",M,7.730,3,"ΔT out of range",M,1033.670,2,"",M,391.230,2,"",M,NaN,,,0,NaN,,,M,375.884,3,"Equilibrator Temperature ΔT out of range (41);Water Temperature ΔT out of range (24)",374.363,3,"Equilibrator Temperature ΔT out of range (41);Water Temperature ΔT out of range (24)",NaN,,,NaN,,
2024-12-10T12:42:31.000Z,10.969,2,"",M,58.999,2,"",M,6.000,2,"",N,6.129,3,"ΔT out of range",M,27.509,2,"",M,7.280,3,"ΔT out of range",M,1033.590,2,"",M,390.368,2,"",M,NaN,,,0,NaN,,,M,375.595,3,"Equilibrator Temperature ΔT out of range (32);Water Temperature ΔT out of range (32)",374.066,3,"Equilibrator Temperature ΔT out of range (32);Water Temperature ΔT out of range (32)",NaN,,,NaN,,
2024-12-10T12:44:22.000Z,10.968,2,"",M,58.999,2,"",M,6.000,2,"",N,6.931,2,"",M,27.279,2,"",M,6.920,2,"",M,1033.630,2,"",M,381.702,2,"",M,NaN,,,0,NaN,,,M,385.860,2,"",384.282,2,"",NaN,,,NaN,,
2024-12-10T12:46:14.000Z,10.967,2,"",M,58.999,2,"",M,6.000,2,"",N,7.061,2,"",M,29.368,2,"",M,7.420,2,"",M,1033.560,2,"",M,371.474,2,"",M,NaN,,,0,NaN,,,M,369.545,2,"",368.043,2,"",NaN,,,NaN,,
2024-12-10T12:48:05.000Z,10.965,2,"",M,58.999,2,"",M,6.000,2,"",N,7.029,2,"",I,29.459,2,"",M,7.420,2,"",I,1033.700,2,"",M,378.438,2,"",M,NaN,,,0,NaN,,,M,376.024,2,"",374.496,2,"",NaN,,,NaN,,
2024-12-10T12:49:56.000Z,10.964,2,"",M,58.999,2,"",M,6.000,2,"",N,6.998,2,"",M,28.682,2,"",M,7.420,2,"",M,1033.680,2,"",M,388.393,2,"",M,NaN,,,0,NaN,,,M,385.394,2,"",383.828,2,"",NaN,,,NaN,,
2024-12-10T12:51:48.000Z,10.963,2,"",M,58.998,2,"",M,6.000,2,"",N,6.501,2,"",I,28.807,2,"",M,7.179,2,"",I,1033.640,2,"",M,388.021,2,"",M,NaN,,,0,NaN,,,M,380.922,2,"",379.369,2,"",NaN,,,NaN,,
2024-12-10T12:53:39.000Z,10.962,2,"",M,58.998,2,"",M,6.000,2,"",N,6.008,2,"",M,26.587,2,"",M,6.940,2,"",M,1033.570,2,"",M,384.698,2,"",M,NaN,,,0,NaN,,,M,373.653,2,"",372.125,2,"",NaN,,,NaN,,
2024-12-10T12:55:31.000Z,10.961,2,"",M,58.998,2,"",M,6.000,2,"",N,6.292,2,"",M,27.649,2,"",M,6.590,2,"",M,1033.500,2,"",M,373.720,2,"",M,NaN,,,0,NaN,,,M,372.922,2,"",371.390,2,"",NaN,,,NaN,,
2024-12-10T12:57:22.000Z,10.961,2,"",M,58.998,2,"",M,6.000,2,"",N,6.515,2,"",M,28.408,2,"",M,6.860,2,"",M,1033.590,2,"",M,365.715,2,"",M,NaN,,,0,NaN,,,M,364.184,2,"",362.694,2,"",NaN,,,NaN,,
2024-12-10T12:59:13.000Z,10.961,2,"",M,58.997,2,"",M,6.000,2,"",N,6.422,2,"",M,28.911,2,"",M,7.080,2,"",M,1033.490,2,"",M,371.297,2,"",M,NaN,,,0,NaN,,,M,364.789,2,"",363.300,2,"",NaN,,,NaN,,
2024-12-10T13:01:05.000Z,10.961,2,"",M,58.997,2,"",M,6.000,2,"",N,6.519,2,"",M,29.694,2,"",M,7.000,2,"",M,1033.340,2,"",M,378.000,2,"",M,NaN,,,0,NaN,,,M,374.131,2,"",372.603,2,"",NaN,,,NaN,,
2024-12-10T13:02:56.000Z,10.961,2,"",M,58.997,2,"",M,6.000,2,"",N,6.490,2,"",I,28.880,2,"",M,7.015,2,"",I,1033.180,2,"",M,384.242,2,"",M,NaN,,,0,NaN,,,M,379.534,2,"",377.985,2,"",NaN,,,NaN,,
2024-12-10T13:04:47.000Z,10.961,2,"",M,58.997,2,"",M,6.000,2,"",N,6.461,2,"",M,28.656,2,"",M,7.030,2,"",M,1033.120,2,"",M,387.563,2,"",M,NaN,,,0,NaN,,,M,382.072,2,"",380.513,2,"",NaN,,,NaN,,
2024-12-10T13:06:39.000Z,10.960,2,"",M,58.997,2,"",M,6.000,2,"",N,6.478,2,"",M,28.737,2,"",M,7.030,2,"",M,1033.440,2,"",M,384.310,2,"",M,NaN,,,0,NaN,,,M,379.268,2,"",377.719,2,"",NaN,,,NaN,,
2024-12-10T13:08:30.000Z,10.960,2,"",M,58.997,2,"",M,6.000,2,"",N,6.453,2,"",M,28.825,2,"",M,7.100,2,"",M,1033.490,2,"",M,382.038,2,"",M,NaN,,,0,NaN,,,M,375.516,2,"",373.984,2,"",NaN,,,NaN,,
2024-12-10T13:10:42.000Z,10.960,2,"",M,58.997,2,"",M,6.000,2,"",N,6.604,2,"",M,29.276,2,"",M,7.050,2,"",M,1033.390,2,"",M,382.087,2,"",M,NaN,,,0,NaN,,,M,378.737,2,"",377.191,2,"",NaN,,,NaN,,
2024-12-10T13:12:34.000Z,10.960,2,"",M,58.997,2,"",M,6.000,2,"",N,7.427,2,"",M,29.470,2,"",M,7.570,2,"",M,1033.390,2,"",M,382.776,2,"",M,NaN,,,0,NaN,,,M,384.183,2,"",382.626,2,"",NaN,,,NaN,,
2024-12-10T13:14:25.000Z,10.960,2,"",M,58.997,2,"",M,6.000,2,"",N,6.984,2,"",M,29.495,2,"",M,7.840,2,"",M,1033.390,2,"",M,387.557,2,"",M,NaN,,,0,NaN,,,M,377.362,2,"",375.838,2,"",NaN,,,NaN,,
2024-12-10T13:16:16.000Z,10.960,2,"",M,58.997,2,"",M,6.000,2,"",N,7.383,2,"",M,29.853,2,"",M,7.640,2,"",M,1033.230,2,"",M,392.519,2,"",M,NaN,,,0,NaN,,,M,391.996,2,"",390.409,2,"",NaN,,,NaN,,
2024-12-10T13:18:08.000Z,10.960,2,"",M,58.997,2,"",M,6.000,2,"",N,7.465,2,"",I,29.865,2,"",M,7.640,2,"",I,1033.170,2,"",M,394.349,2,"",M,NaN,,,0,NaN,,,M,395.164,2,"",393.564,2,"",NaN,,,NaN,,
2024-12-10T13:19:59.000Z,10.960,2,"",M,58.997,2,"",M,6.000,2,"",N,7.546,2,"",M,29.675,2,"",M,7.640,2,"",M,1033.080,2,"",M,397.109,2,"",M,NaN,,,0,NaN,,,M,399.260,2,"",397.643,2,"",NaN,,,NaN,,
2024-12-10T13:21:51.000Z,10.960,2,"",M,58.997,2,"",M,6.000,2,"",N,7.336,2,"",M,29.968,2,"",M,7.980,2,"",M,1033.150,2,"",M,396.488,2,"",M,NaN,,,0,NaN,,,M,389.404,2,"",387.834,2,"",NaN,,,NaN,,
2024-12-10T13:23:43.000Z,10.960,2,"",M,58.997,2,"",M,6.000,2,"",N,7.163,2,"",I,29.495,2,"",M,7.790,2,"",I,1032.910,2,"",M,398.298,2,"",M,NaN,,,0,NaN,,,M,391.412,2,"",389.831,2,"",NaN,,,NaN,,
2024-12-10T13:25:35.000Z,10.960,2,"",M,58.997,2,"",M,6.000,2,"",N,6.989,2,"",M,29.003,2,"",M,7.600,2,"",M,1032.850,2,"",M,398.647,2,"",M,NaN,,,0,NaN,,,M,392.055,2,"",390.467,2,"",NaN,,,NaN,,
2024-12-10T13:27:26.000Z,10.960,2,"",M,58.997,2,"",M,6.000,2,"",N,6.696,2,"",M,28.979,2,"",M,7.250,2,"",M,1033.020,2,"",M,393.343,2,"",M,NaN,,,0,NaN,,,M,387.921,2,"",386.342,2,"",NaN,,,NaN,,
2024-12-10T13:29:17.000Z,10.960,2,"",M,58.997,2,"",M,6.000,2,"",N,6.444,2,"",M,29.019,2,"",M,7.310,2,"",M,1033.090,2,"",M,388.199,2,"",M,NaN,,,0,NaN,,,M,377.840,2,"",376.304,2,"",NaN,,,NaN,,
2024-12-10T13:31:09.000Z,10.960,2,"",M,58.997,2,"",M,6.000,2,"",N,7.429,2,"",M,29.730,2,"",M,7.120,2,"",M,1033.135,2,"",M,387.588,2,"",M,NaN,,,0,NaN,,,M,396.544,2,"",394.927,2,"",NaN,,,NaN,,
2024-12-10T13:33:00.000Z,10.960,2,"",M,58.997,2,"",M,6.000,2,"",N,7.483,2,"",M,29.848,2,"",M,7.810,2,"",M,1033.140,2,"",M,388.017,2,"",M,NaN,,,0,NaN,,,M,386.274,2,"",384.713,2,"",NaN,,,NaN,,
2024-12-10T13:34:52.000Z,10.960,2,"",M,58.997,2,"",M,6.000,2,"",N,7.440,2,"",I,29.846,2,"",M,7.736,2,"",I,1033.080,2,"",M,393.238,2,"",M,NaN,,,0,NaN,,,M,391.973,2,"",390.388,2,"",NaN,,,NaN,,
2024-12-10T13:36:43.000Z,10.960,2,"",M,58.997,2,"",M,6.000,2,"",N,7.397,2,"",I,29.741,2,"",M,7.663,2,"",I,1033.000,2,"",M,397.049,2,"",M,NaN,,,0,NaN,,,M,396.266,2,"",394.662,2,"",NaN,,,NaN,,
2024-12-10T13:38:34.000Z,10.960,2,"",M,58.997,2,"",M,6.000,2,"",N,7.354,2,"",M,29.653,2,"",M,7.590,2,"",M,1033.040,2,"",M,397.148,2,"",M,NaN,,,0,NaN,,,M,396.906,2,"",395.298,2,"",NaN,,,NaN,,
2024-12-10T13:40:26.000Z,10.960,2,"",M,58.997,2,"",M,6.000,2,"",N,6.844,2,"",I,29.137,2,"",M,7.369,2,"",I,1032.980,2,"",M,394.615,2,"",M,NaN,,,0,NaN,,,M,389.612,2,"",388.029,2,"",NaN,,,NaN,,
2024-12-10T13:42:17.000Z,10.961,2,"",M,58.997,2,"",M,6.000,2,"",N,6.338,2,"",M,28.709,2,"",M,7.150,2,"",M,1032.920,2,"",M,393.844,2,"",M,NaN,,,0,NaN,,,M,384.195,2,"",382.629,2,"",NaN,,,NaN,,
2024-12-10T13:44:08.000Z,10.961,2,"",M,58.997,2,"",M,6.000,2,"",N,6.332,2,"",M,28.729,2,"",M,6.980,2,"",M,1032.820,2,"",M,387.740,2,"",M,NaN,,,0,NaN,,,M,380.871,2,"",379.316,2,"",NaN,,,NaN,,
2024-12-10T13:46:00.000Z,10.961,2,"",M,58.997,2,"",M,6.000,2,"",N,7.856,2,"",M,29.488,2,"",M,6.940,2,"",M,1032.800,2,"",M,382.927,2,"",M,NaN,,,0,NaN,,,M,401.879,2,"",400.237,2,"",NaN,,,NaN,,
2024-12-10T13:47:51.000Z,10.961,2,"",M,58.997,2,"",M,6.000,2,"",N,7.307,2,"",M,29.719,2,"",M,7.870,2,"",M,1032.760,2,"",M,382.325,2,"",M,NaN,,,0,NaN,,,M,376.660,2,"",375.140,2,"",NaN,,,NaN,,
2024-12-10T13:49:42.000Z,10.961,2,"",M,58.997,2,"",M,6.000,2,"",N,7.207,2,"",M,29.766,2,"",M,7.920,2,"",M,1032.880,2,"",M,391.108,2,"",M,NaN,,,0,NaN,,,M,382.914,2,"",381.370,2,"",NaN,,,NaN,,
2024-12-10T13:51:34.000Z,10.961,2,"",M,58.997,2,"",M,6.000,2,"",N,7.346,2,"",I,29.777,2,"",M,7.724,2,"",I,1032.930,2,"",M,396.219,2,"",M,NaN,,,0,NaN,,,M,393.516,2,"",391.924,2,"",NaN,,,NaN,,
2024-12-10T13:53:25.000Z,10.961,2,"",M,58.997,2,"",M,6.000,2,"",N,7.483,2,"",M,29.852,2,"",M,7.530,2,"",M,1032.900,2,"",M,396.518,2,"",M,NaN,,,0,NaN,,,M,399.413,2,"",397.793,2,"",NaN,,,NaN,,
2024-12-10T13:55:16.000Z,10.961,2,"",M,58.997,2,"",M,6.000,2,"",N,7.220,2,"",M,29.945,2,"",M,8.010,2,"",M,1032.920,2,"",M,395.627,2,"",M,NaN,,,0,NaN,,,M,386.074,2,"",384.519,2,"",NaN,,,NaN,,
2024-12-10T13:57:08.000Z,10.961,2,"",M,58.997,2,"",M,6.000,2,"",N,7.259,2,"",M,29.937,2,"",M,7.960,2,"",M,1033.100,2,"",M,398.087,2,"",M,NaN,,,0,NaN,,,M,390.018,2,"",388.445,2,"",NaN,,,NaN,,
2024-12-10T13:58:59.000Z,10.962,2,"",M,58.997,2,"",M,6.000,2,"",N,7.533,2,"",M,29.904,2,"",M,8.070,2,"",M,1033.010,2,"",M,399.336,2,"",M,NaN,,,0,NaN,,,M,393.902,2,"",392.316,2,"",NaN,,,NaN,,
2024-12-10T14:00:50.000Z,10.963,2,"",M,58.997,2,"",M,6.000,2,"",N,6.958,2,"",I,29.383,2,"",M,7.722,2,"",I,1032.970,2,"",M,399.025,2,"",M,NaN,,,0,NaN,,,M,389.915,2,"",388.338,2,"",NaN,,,NaN,,
2024-12-10T14:02:42.000Z,10.964,2,"",M,58.996,2,"",M,6.000,2,"",N,6.378,2,"",M,27.931,2,"",M,7.370,2,"",M,1032.880,2,"",M,397.703,2,"",M,NaN,,,0,NaN,,,M,384.935,2,"",383.371,2,"",NaN,,,NaN,,
2024-12-10T14:04:35.000Z,10.964,2,"",M,58.996,2,"",M,6.000,2,"",N,6.609,2,"",M,28.116,2,"",M,7.040,2,"",M,1032.870,2,"",M,386.877,2,"",M,NaN,,,0,NaN,,,M,383.533,2,"",381.968,2,"",NaN,,,NaN,,
2024-12-10T14:06:26.000Z,10.965,2,"",M,58.996,2,"",M,6.000,2,"",N,6.958,2,"",M,28.327,2,"",M,7.160,2,"",M,1032.870,2,"",M,377.903,2,"",M,NaN,,,0,NaN,,,M,378.265,2,"",376.724,2,"",NaN,,,NaN,,
2024-12-10T14:08:17.000Z,10.965,2,"",M,58.996,2,"",M,6.000,2,"",N,7.689,2,"",M,30.707,2,"",M,7.260,2,"",M,1032.790,2,"",M,377.111,2,"",M,NaN,,,0,NaN,,,M,387.628,2,"",386.051,2,"",NaN,,,NaN,,
2024-12-10T14:10:30.000Z,10.965,2,"",M,58.996,2,"",M,6.000,2,"",N,7.832,2,"",M,30.362,2,"",M,8.410,2,"",M,1033.040,2,"",M,387.844,2,"",M,NaN,,,0,NaN,,,M,381.818,2,"",380.287,2,"",NaN,,,NaN,,
2024-12-10T14:12:21.000Z,10.965,2,"",M,58.996,2,"",M,6.000,2,"",N,7.693,2,"",M,30.004,2,"",M,8.380,2,"",M,1033.000,2,"",M,400.678,2,"",M,NaN,,,0,NaN,,,M,392.627,2,"",391.053,2,"",NaN,,,NaN,,
2024-12-10T14:14:13.000Z,10.965,2,"",M,58.996,2,"",M,6.000,2,"",N,7.586,2,"",M,29.964,2,"",M,8.250,2,"",M,1033.050,2,"",M,402.388,2,"",M,NaN,,,0,NaN,,,M,394.749,2,"",393.163,2,"",NaN,,,NaN,,
2024-12-10T14:16:04.000Z,10.965,2,"",M,58.996,2,"",M,6.000,2,"",N,7.588,2,"",I,29.725,2,"",M,8.051,2,"",I,1032.880,2,"",M,401.426,2,"",M,NaN,,,0,NaN,,,M,397.166,2,"",395.566,2,"",NaN,,,NaN,,
2024-12-10T14:17:56.000Z,10.965,2,"",M,58.996,2,"",M,6.000,2,"",N,7.591,2,"",M,29.828,2,"",M,7.850,2,"",M,1032.910,2,"",M,401.005,2,"",M,NaN,,,0,NaN,,,M,400.243,2,"",398.627,2,"",NaN,,,NaN,,
2024-12-10T14:19:48.000Z,10.965,2,"",M,58.996,2,"",M,6.000,2,"",N,7.784,2,"",M,29.905,2,"",M,8.140,2,"",M,1033.034,2,"",M,397.102,2,"",M,NaN,,,0,NaN,,,M,394.696,2,"",393.108,2,"",NaN,,,NaN,,
2024-12-10T14:21:39.000Z,10.965,2,"",M,58.996,2,"",M,6.000,2,"",N,7.836,2,"",I,29.872,2,"",M,8.025,2,"",I,1033.107,2,"",M,397.971,2,"",M,NaN,,,0,NaN,,,M,398.422,2,"",396.817,2,"",NaN,,,NaN,,
2024-12-10T14:23:30.000Z,10.965,2,"",M,58.996,2,"",M,6.000,2,"",N,7.888,2,"",M,30.313,2,"",M,7.910,2,"",M,1033.230,2,"",M,400.461,2,"",M,NaN,,,0,NaN,,,M,403.836,2,"",402.206,2,"",NaN,,,NaN,,
2024-12-10T14:25:22.000Z,10.965,2,"",M,58.996,2,"",M,6.000,2,"",N,7.850,2,"",M,30.419,2,"",M,8.360,2,"",M,1032.740,2,"",M,400.640,2,"",M,NaN,,,0,NaN,,,M,395.444,2,"",393.858,2,"",NaN,,,NaN,,
2024-12-10T14:27:13.000Z,10.965,2,"",M,58.996,2,"",M,6.000,2,"",N,7.597,2,"",M,30.012,2,"",M,8.370,2,"",M,1032.630,2,"",M,403.860,2,"",M,NaN,,,0,NaN,,,M,394.180,2,"",392.600,2,"",NaN,,,NaN,,
2024-12-10T14:29:04.000Z,10.965,2,"",M,58.996,2,"",M,6.000,2,"",N,7.199,2,"",I,29.940,2,"",M,7.921,2,"",I,1032.550,2,"",M,404.889,2,"",M,NaN,,,0,NaN,,,M,396.125,2,"",394.527,2,"",NaN,,,NaN,,
2024-12-10T14:30:56.000Z,10.965,2,"",M,58.996,2,"",M,6.000,2,"",N,6.798,2,"",I,28.954,2,"",M,7.469,2,"",I,1032.880,2,"",M,402.847,2,"",M,NaN,,,0,NaN,,,M,395.227,2,"",393.623,2,"",NaN,,,NaN,,
2024-12-10T14:32:47.000Z,10.965,2,"",M,58.996,2,"",M,6.000,2,"",N,6.399,2,"",M,28.520,2,"",M,7.020,2,"",M,1032.850,2,"",M,396.334,2,"",M,NaN,,,0,NaN,,,M,389.774,2,"",388.183,2,"",NaN,,,NaN,,
2024-12-10T14:34:38.000Z,10.965,2,"",M,58.996,2,"",M,6.000,2,"",N,7.237,2,"",M,28.428,2,"",M,7.030,2,"",M,1032.890,2,"",M,386.049,2,"",M,NaN,,,0,NaN,,,M,393.191,2,"",391.587,2,"",NaN,,,NaN,,
2024-12-10T14:36:30.000Z,10.965,2,"",M,58.996,2,"",M,6.000,2,"",N,7.698,2,"",M,30.090,2,"",M,7.210,2,"",M,1032.820,2,"",M,381.136,2,"",M,NaN,,,0,NaN,,,M,392.766,2,"",391.167,2,"",NaN,,,NaN,,
2024-12-10T14:38:21.000Z,10.965,2,"",M,58.996,2,"",M,6.000,2,"",N,7.348,2,"",M,29.737,2,"",M,8.100,2,"",M,1032.760,2,"",M,384.586,2,"",M,NaN,,,0,NaN,,,M,375.823,2,"",374.311,2,"",NaN,,,NaN,,
2024-12-10T14:40:12.000Z,10.966,2,"",M,58.996,2,"",M,6.000,2,"",N,7.069,2,"",M,29.151,2,"",M,7.940,2,"",M,1032.860,2,"",M,395.439,2,"",M,NaN,,,0,NaN,,,M,384.564,2,"",383.013,2,"",NaN,,,NaN,,
2024-12-10T14:42:04.000Z,10.966,2,"",M,58.995,2,"",M,6.000,2,"",N,7.144,2,"",M,28.978,2,"",M,7.860,2,"",M,1032.790,2,"",M,395.308,2,"",M,NaN,,,0,NaN,,,M,386.956,2,"",385.394,2,"",NaN,,,NaN,,
2024-12-10T14:43:55.000Z,10.966,2,"",M,58.995,2,"",M,6.000,2,"",N,6.985,2,"",M,29.458,2,"",M,7.750,2,"",M,1032.750,2,"",M,391.105,2,"",M,NaN,,,0,NaN,,,M,382.070,2,"",380.526,2,"",NaN,,,NaN,,
2024-12-10T14:45:46.000Z,10.967,2,"",M,58.995,2,"",M,6.000,2,"",N,7.320,2,"",M,29.604,2,"",M,7.560,2,"",M,1032.660,2,"",M,390.624,2,"",M,NaN,,,0,NaN,,,M,390.185,2,"",388.604,2,"",NaN,,,NaN,,
2024-12-10T14:47:38.000Z,10.967,2,"",M,58.995,2,"",M,6.000,2,"",N,7.482,2,"",M,29.924,2,"",M,7.870,2,"",M,1032.630,2,"",M,391.503,2,"",M,NaN,,,0,NaN,,,M,388.521,2,"",386.953,2,"",NaN,,,NaN,,
2024-12-10T14:49:29.000Z,10.967,2,"",M,58.995,2,"",M,6.000,2,"",N,7.345,2,"",M,29.344,2,"",M,8.030,2,"",M,1032.710,2,"",M,395.413,2,"",M,NaN,,,0,NaN,,,M,387.497,2,"",385.936,2,"",NaN,,,NaN,,
2024-12-10T14:51:21.000Z,10.967,2,"",M,58.995,2,"",M,6.000,2,"",N,7.969,2,"",M,30.462,2,"",M,7.780,2,"",M,1032.590,2,"",M,397.593,2,"",M,NaN,,,0,NaN,,,M,404.321,2,"",402.688,2,"",NaN,,,NaN,,
2024-12-10T14:53:12.000Z,10.967,2,"",M,58.995,2,"",M,6.000,2,"",N,7.649,2,"",M,30.054,2,"",M,8.460,2,"",M,1032.520,2,"",M,396.681,2,"",M,NaN,,,0,NaN,,,M,386.474,2,"",384.927,2,"",NaN,,,NaN,,
2024-12-10T14:55:03.000Z,10.967,2,"",M,58.995,2,"",M,6.000,2,"",N,7.628,2,"",M,30.126,2,"",M,8.250,2,"",M,1032.760,2,"",M,402.031,2,"",M,NaN,,,0,NaN,,,M,394.990,2,"",393.404,2,"",NaN,,,NaN,,
2024-12-10T14:56:55.000Z,10.967,2,"",M,58.995,2,"",M,6.000,2,"",N,7.494,2,"",M,29.974,2,"",M,8.180,2,"",M,1032.840,2,"",M,402.670,2,"",M,NaN,,,0,NaN,,,M,394.600,2,"",393.014,2,"",NaN,,,NaN,,
2024-12-10T14:58:46.000Z,10.967,2,"",M,58.995,2,"",M,6.000,2,"",N,7.457,2,"",M,29.931,2,"",M,8.130,2,"",M,1032.780,2,"",M,402.209,2,"",M,NaN,,,0,NaN,,,M,394.345,2,"",392.759,2,"",NaN,,,NaN,,
2024-12-10T15:00:37.000Z,10.967,2,"",M,58.995,2,"",M,6.000,2,"",N,7.365,2,"",I,29.590,2,"",M,7.787,2,"",I,1032.790,2,"",M,402.008,2,"",M,NaN,,,0,NaN,,,M,398.464,2,"",396.854,2,"",NaN,,,NaN,,
2024-12-10T15:02:29.000Z,10.967,2,"",M,58.995,2,"",M,6.000,2,"",N,7.272,2,"",M,29.589,2,"",M,7.440,2,"",M,1032.700,2,"",M,400.036,2,"",M,NaN,,,0,NaN,,,M,400.852,2,"",399.225,2,"",NaN,,,NaN,,
2024-12-10T15:04:20.000Z,10.967,2,"",M,58.995,2,"",M,6.000,2,"",N,6.906,2,"",I,29.557,2,"",M,7.420,2,"",I,1032.620,2,"",M,395.274,2,"",M,NaN,,,0,NaN,,,M,390.303,2,"",388.718,2,"",NaN,,,NaN,,
2024-12-10T15:06:12.000Z,10.967,2,"",M,58.995,2,"",M,6.000,2,"",N,6.537,2,"",M,29.276,2,"",M,7.400,2,"",M,1032.660,2,"",M,394.553,2,"",M,NaN,,,0,NaN,,,M,383.902,2,"",382.344,2,"",NaN,,,NaN,,
2024-12-10T15:08:03.000Z,10.967,2,"",M,58.995,2,"",M,6.000,2,"",N,6.749,2,"",M,29.353,2,"",M,7.190,2,"",M,1032.520,2,"",M,392.231,2,"",M,NaN,,,0,NaN,,,M,388.512,2,"",386.931,2,"",NaN,,,NaN,,
2024-12-10T15:09:54.000Z,10.967,2,"",M,58.995,2,"",M,6.000,2,"",N,6.554,2,"",M,29.353,2,"",M,7.390,2,"",M,1032.450,2,"",M,389.029,2,"",M,NaN,,,0,NaN,,,M,378.883,2,"",377.345,2,"",NaN,,,NaN,,
2024-12-10T15:12:07.000Z,10.967,2,"",M,58.995,2,"",M,6.000,2,"",N,6.444,2,"",M,29.262,2,"",M,7.190,2,"",M,1032.400,2,"",M,389.548,2,"",M,NaN,,,0,NaN,,,M,380.862,2,"",379.312,2,"",NaN,,,NaN,,
2024-12-10T15:13:58.000Z,10.967,2,"",M,58.995,2,"",M,6.000,2,"",N,6.449,2,"",M,29.026,2,"",M,7.090,2,"",M,1032.350,2,"",M,388.156,2,"",M,NaN,,,0,NaN,,,M,381.193,2,"",379.640,2,"",NaN,,,NaN,,
2024-12-10T15:15:49.000Z,10.967,2,"",M,58.995,2,"",M,6.000,2,"",N,6.418,2,"",M,29.201,2,"",M,7.080,2,"",M,1032.420,2,"",M,386.295,2,"",M,NaN,,,0,NaN,,,M,379.058,2,"",377.513,2,"",NaN,,,NaN,,
2024-12-10T15:17:41.000Z,10.967,2,"",M,58.995,2,"",M,6.000,2,"",N,6.616,2,"",M,29.256,2,"",M,7.050,2,"",M,1032.400,2,"",M,385.854,2,"",M,NaN,,,0,NaN,,,M,382.298,2,"",380.739,2,"",NaN,,,NaN,,
2024-12-10T15:19:32.000Z,10.967,2,"",M,58.995,2,"",M,6.000,2,"",N,6.631,2,"",M,29.421,2,"",M,7.130,2,"",M,1032.360,2,"",M,385.672,2,"",M,NaN,,,0,NaN,,,M,381.040,2,"",379.488,2,"",NaN,,,NaN,,
2024-12-10T15:21:24.000Z,10.967,2,"",M,58.995,2,"",M,6.000,2,"",N,6.624,2,"",M,29.387,2,"",M,7.260,2,"",M,1032.340,2,"",M,386.712,2,"",M,NaN,,,0,NaN,,,M,379.819,2,"",378.274,2,"",NaN,,,NaN,,
2024-12-10T15:23:16.000Z,10.967,2,"",M,58.995,2,"",M,6.000,2,"",N,7.072,2,"",M,29.499,2,"",M,7.230,2,"",M,1032.410,2,"",M,388.111,2,"",M,NaN,,,0,NaN,,,M,389.002,2,"",387.419,2,"",NaN,,,NaN,,
2024-12-10T15:25:08.000Z,10.967,2,"",M,58.995,2,"",M,6.000,2,"",N,6.722,2,"",M,29.652,2,"",M,7.610,2,"",M,1032.450,2,"",M,388.440,2,"",M,NaN,,,0,NaN,,,M,377.423,2,"",375.895,2,"",NaN,,,NaN,,
2024-12-10T15:26:59.000Z,10.967,2,"",M,58.995,2,"",M,6.000,2,"",N,6.574,2,"",M,29.298,2,"",M,7.490,2,"",M,1032.340,2,"",M,391.509,2,"",M,NaN,,,0,NaN,,,M,379.947,2,"",378.406,2,"",NaN,,,NaN,,
2024-12-10T15:28:50.000Z,10.968,2,"",M,58.995,2,"",M,6.000,2,"",N,6.563,2,"",M,29.260,2,"",M,7.290,2,"",M,1032.360,2,"",M,391.538,2,"",M,NaN,,,0,NaN,,,M,383.077,2,"",381.520,2,"",NaN,,,NaN,,
2024-12-10T15:30:42.000Z,10.968,2,"",M,58.995,2,"",M,6.000,2,"",N,7.381,2,"",M,29.520,2,"",M,7.130,2,"",M,1032.240,2,"",M,388.436,2,"",M,NaN,,,0,NaN,,,M,396.085,2,"",394.472,2,"",NaN,,,NaN,,
2024-12-10T15:32:33.000Z,10.968,2,"",M,58.995,2,"",M,6.000,2,"",N,7.059,2,"",M,29.923,2,"",M,7.710,2,"",M,1032.290,2,"",M,387.945,2,"",M,NaN,,,0,NaN,,,M,380.652,2,"",379.113,2,"",NaN,,,NaN,,
2024-12-10T15:34:24.000Z,10.968,2,"",M,58.995,2,"",M,6.000,2,"",N,7.782,2,"",M,29.753,2,"",M,7.940,2,"",M,1032.260,2,"",M,393.355,2,"",M,NaN,,,0,NaN,,,M,394.013,2,"",392.425,2,"",NaN,,,NaN,,
2024-12-10T15:36:16.000Z,10.968,2,"",M,58.995,2,"",M,6.000,2,"",N,7.508,2,"",M,29.889,2,"",M,8.160,2,"",M,1032.230,2,"",M,396.864,2,"",M,NaN,,,0,NaN,,,M,389.242,2,"",387.678,2,"",NaN,,,NaN,,
2024-12-10T15:38:07.000Z,10.968,2,"",M,58.995,2,"",M,6.000,2,"",N,7.583,2,"",M,30.202,2,"",M,8.050,2,"",M,1032.360,2,"",M,399.414,2,"",M,NaN,,,0,NaN,,,M,394.898,2,"",393.309,2,"",NaN,,,NaN,,
2024-12-10T15:39:58.000Z,10.968,2,"",M,58.995,2,"",M,6.000,2,"",N,7.295,2,"",I,29.881,2,"",M,7.827,2,"",I,1032.450,2,"",M,400.613,2,"",M,NaN,,,0,NaN,,,M,395.082,2,"",393.487,2,"",NaN,,,NaN,,
2024-12-10T15:41:50.000Z,10.969,2,"",M,58.995,2,"",M,6.000,2,"",N,7.004,2,"",I,29.395,2,"",M,7.603,2,"",I,1032.510,2,"",M,401.412,2,"",M,NaN,,,0,NaN,,,M,394.847,2,"",393.248,2,"",NaN,,,NaN,,
2024-12-10T15:43:41.000Z,10.969,2,"",M,58.995,2,"",M,6.000,2,"",N,6.716,2,"",M,29.380,2,"",M,7.380,2,"",M,1032.460,2,"",M,397.710,2,"",M,NaN,,,0,NaN,,,M,390.163,2,"",388.578,2,"",NaN,,,NaN,,
2024-12-10T15:45:33.000Z,10.969,2,"",M,58.996,2,"",M,6.000,2,"",N,6.764,2,"",M,29.419,2,"",M,7.320,2,"",M,1032.350,2,"",M,392.098,2,"",M,NaN,,,0,NaN,,,M,386.396,2,"",384.826,2,"",NaN,,,NaN,,
2024-12-10T15:50:02.000Z,10.970,2,"",M,58.996,2,"",M,6.000,2,"",N,NaN,,,M,NaN,,,M,NaN,,,M,NaN,,,M,NaN,,,0,NaN,,,0,NaN,,,M,NaN,,,NaN,,,NaN,,,NaN,,
2024-12-10T15:51:51.000Z,10.970,2,"",M,58.996,2,"",M,6.000,2,"",N,NaN,,,M,NaN,,,M,NaN,,,M,NaN,,,M,NaN,,,0,NaN,,,0,NaN,,,M,NaN,,,NaN,,,NaN,,,NaN,,
2024-12-10T15:53:40.000Z,10.970,2,"",M,58.996,2,"",M,6.000,2,"",N,NaN,,,M,NaN,,,M,NaN,,,M,NaN,,,M,NaN,,,0,NaN,,,0,NaN,,,M,NaN,,,NaN,,,NaN,,,NaN,,
2024-12-10T15:58:09.000Z,10.970,2,"",M,58.996,2,"",M,6.000,2,"",N,NaN,,,M,NaN,,,M,NaN,,,M,NaN,,,M,NaN,,,0,NaN,,,0,NaN,,,M,NaN,,,NaN,,,NaN,,,NaN,,
2024-12-10T15:59:58.000Z,10.971,2,"",M,58.995,2,"",M,6.000,2,"",N,NaN,,,M,NaN,,,M,NaN,,,M,NaN,,,M,NaN,,,0,NaN,,,0,NaN,,,M,NaN,,,NaN,,,NaN,,,NaN,,
2024-12-10T16:01:47.000Z,10.971,2,"",M,58.995,2,"",M,6.000,2,"",N,NaN,,,M,NaN,,,M,NaN,,,M,NaN,,,M,NaN,,,0,NaN,,,0,NaN,,,M,NaN,,,NaN,,,NaN,,,NaN,,
2024-12-10T16:06:16.000Z,10.971,2,"",M,58.995,2,"",M,6.000,2,"",N,NaN,,,M,NaN,,,M,NaN,,,M,NaN,,,M,NaN,,,0,NaN,,,0,NaN,,,M,NaN,,,NaN,,,NaN,,,NaN,,
2024-12-10T16:08:05.000Z,10.971,2,"",M,58.995,2,"",M,6.000,2,"",N,NaN,,,M,NaN,,,M,NaN,,,M,NaN,,,M,NaN,,,0,NaN,,,0,NaN,,,M,NaN,,,NaN,,,NaN,,,NaN,,
2024-12-10T16:09:55.000Z,10.971,2,"",M,58.995,2,"",M,6.000,2,"",N,NaN,,,M,NaN,,,M,NaN,,,M,NaN,,,M,NaN,,,0,NaN,,,0,NaN,,,M,NaN,,,NaN,,,NaN,,,NaN,,
2024-12-10T16:14:45.000Z,10.971,2,"",M,58.995,2,"",M,6.000,2,"",N,7.968,2,"",M,30.394,2,"",M,NaN,,,M,NaN,,,M,NaN,,,0,435.046,2,"",M,1031.200,2,"",M,NaN,,,NaN,,,439.312,2,"",437.540,2,""
2024-12-10T16:16:34.000Z,10.971,2,"",M,58.995,2,"",M,6.000,2,"",N,7.992,2,"",M,30.442,2,"",M,NaN,,,M,NaN,,,M,NaN,,,0,435.097,2,"",M,1031.200,2,"",M,NaN,,,NaN,,,439.357,2,"",437.585,2,""
2024-12-10T16:18:24.000Z,10.971,2,"",M,58.995,2,"",M,6.000,2,"",N,7.975,2,"",M,30.405,2,"",M,NaN,,,M,NaN,,,M,NaN,,,0,435.939,2,"",M,1031.300,2,"",M,NaN,,,NaN,,,440.255,2,"",438.479,2,""
2024-12-10T16:20:12.000Z,10.971,2,"",M,58.995,2,"",M,6.000,2,"",N,7.935,2,"",M,30.419,2,"",M,NaN,,,M,NaN,,,M,NaN,,,0,435.810,2,"",M,1031.200,2,"",M,NaN,,,NaN,,,440.095,2,"",438.319,2,""
2024-12-10T16:22:02.000Z,10.971,2,"",M,58.995,2,"",M,6.000,2,"",N,7.569,2,"",M,30.390,2,"",M,NaN,,,M,NaN,,,M,NaN,,,0,435.452,2,"",M,1031.200,2,"",M,NaN,,,NaN,,,439.845,2,"",438.061,2,""
2024-12-10T16:27:12.000Z,10.971,2,"",M,58.995,2,"",M,6.000,2,"",N,7.272,2,"",M,29.814,2,"",M,8.070,2,"",M,1031.990,2,"",M,401.791,2,"",M,NaN,,,0,NaN,,,M,391.578,2,"",390.002,2,"",NaN,,,NaN,,
2024-12-10T16:29:03.000Z,10.971,2,"",M,58.995,2,"",M,6.000,2,"",N,7.047,2,"",M,29.789,2,"",M,7.890,2,"",M,1031.870,2,"",M,401.343,2,"",M,NaN,,,0,NaN,,,M,390.396,2,"",388.822,2,"",NaN,,,NaN,,
2024-12-10T16:30:55.000Z,10.971,2,"",M,58.995,2,"",M,6.000,2,"",N,7.930,2,"",M,29.758,2,"",M,7.810,2,"",M,1031.760,2,"",M,399.174,2,"",M,NaN,,,0,NaN,,,M,404.405,2,"",402.774,2,"",NaN,,,NaN,,
2024-12-10T16:32:46.000Z,10.971,2,"",M,58.995,2,"",M,6.000,2,"",N,7.641,2,"",M,30.338,2,"",M,8.260,2,"",M,1032.020,2,"",M,396.825,2,"",M,NaN,,,0,NaN,,,M,389.645,2,"",388.082,2,"",NaN,,,NaN,,
2024-12-10T16:34:37.000Z,10.971,2,"",M,58.995,2,"",M,6.000,2,"",N,7.494,2,"",M,30.049,2,"",M,8.330,2,"",M,1032.070,2,"",M,400.767,2,"",M,NaN,,,0,NaN,,,M,389.912,2,"",388.349,2,"",NaN,,,NaN,,
2024-12-10T16:36:29.000Z,10.971,2,"",M,58.995,2,"",M,6.000,2,"",N,7.658,2,"",M,30.058,2,"",M,8.050,2,"",M,1031.890,2,"",M,404.209,2,"",M,NaN,,,0,NaN,,,M,400.731,2,"",399.119,2,"",NaN,,,NaN,,
2024-12-10T16:38:20.000Z,10.971,2,"",M,58.995,2,"",M,6.000,2,"",N,7.538,2,"",M,29.984,2,"",M,8.140,2,"",M,1031.730,2,"",M,402.810,2,"",M,NaN,,,0,NaN,,,M,395.716,2,"",394.126,2,"",NaN,,,NaN,,
2024-12-10T16:40:11.000Z,10.971,2,"",M,58.995,2,"",M,6.000,2,"",N,7.738,2,"",M,30.116,2,"",M,8.110,2,"",M,1031.560,2,"",M,402.461,2,"",M,NaN,,,0,NaN,,,M,399.190,2,"",397.585,2,"",NaN,,,NaN,,
2024-12-10T16:42:03.000Z,10.971,2,"",M,58.996,2,"",M,6.000,2,"",N,7.200,2,"",M,30.125,2,"",M,8.180,2,"",M,1031.450,2,"",M,402.483,2,"",M,NaN,,,0,NaN,,,M,389.008,2,"",387.446,2,"",NaN,,,NaN,,
2024-12-10T16:43:54.000Z,10.971,2,"",M,58.996,2,"",M,6.000,2,"",N,7.448,2,"",M,29.968,2,"",M,8.090,2,"",M,1031.850,2,"",M,403.184,2,"",M,NaN,,,0,NaN,,,M,395.477,2,"",393.887,2,"",NaN,,,NaN,,
2024-12-10T16:45:46.000Z,10.971,2,"",M,58.996,2,"",M,6.000,2,"",N,7.091,2,"",I,29.806,2,"",M,7.875,2,"",I,1031.900,2,"",M,402.906,2,"",M,NaN,,,0,NaN,,,M,392.917,2,"",391.332,2,"",NaN,,,NaN,,
2024-12-10T16:47:38.000Z,10.971,2,"",M,58.996,2,"",M,6.000,2,"",N,6.734,2,"",M,29.443,2,"",M,7.660,2,"",M,1031.830,2,"",M,401.267,2,"",M,NaN,,,0,NaN,,,M,389.007,2,"",387.434,2,"",NaN,,,NaN,,
2024-12-10T16:49:30.000Z,10.971,2,"",M,58.996,2,"",M,6.000,2,"",N,6.809,2,"",M,29.468,2,"",M,7.380,2,"",M,1031.750,2,"",M,396.858,2,"",M,NaN,,,0,NaN,,,M,390.592,2,"",389.008,2,"",NaN,,,NaN,,
2024-12-10T16:51:21.000Z,10.971,2,"",M,58.996,2,"",M,6.000,2,"",N,6.898,2,"",M,29.466,2,"",M,7.450,2,"",M,1031.930,2,"",M,392.568,2,"",M,NaN,,,0,NaN,,,M,386.734,2,"",385.166,2,"",NaN,,,NaN,,
2024-12-10T16:53:12.000Z,10.971,2,"",M,58.996,2,"",M,6.000,2,"",N,7.286,2,"",M,29.713,2,"",M,7.460,2,"",M,1031.960,2,"",M,391.329,2,"",M,NaN,,,0,NaN,,,M,391.734,2,"",390.146,2,"",NaN,,,NaN,,
2024-12-10T16:55:04.000Z,10.971,2,"",M,58.996,2,"",M,6.000,2,"",N,7.046,2,"",M,29.851,2,"",M,7.770,2,"",M,1031.880,2,"",M,392.611,2,"",M,NaN,,,0,NaN,,,M,383.865,2,"",382.315,2,"",NaN,,,NaN,,
2024-12-10T16:56:55.000Z,10.971,2,"",M,58.996,2,"",M,6.000,2,"",N,6.832,2,"",M,29.517,2,"",M,7.770,2,"",M,1031.870,2,"",M,395.853,2,"",M,NaN,,,0,NaN,,,M,383.544,2,"",381.995,2,"",NaN,,,NaN,,
2024-12-10T16:58:47.000Z,10.971,2,"",M,58.996,2,"",M,6.000,2,"",N,7.305,2,"",M,29.571,2,"",M,7.460,2,"",M,1031.720,2,"",M,396.244,2,"",M,NaN,,,0,NaN,,,M,396.876,2,"",395.267,2,"",NaN,,,NaN,,
2024-12-10T17:00:38.000Z,10.971,2,"",M,58.995,2,"",M,6.000,2,"",N,6.904,2,"",I,29.464,2,"",M,7.445,2,"",I,1031.770,2,"",M,393.075,2,"",M,NaN,,,0,NaN,,,M,387.359,2,"",385.789,2,"",NaN,,,NaN,,
2024-12-10T17:02:29.000Z,10.970,2,"",M,58.995,2,"",M,6.000,2,"",N,6.504,2,"",M,28.421,2,"",M,7.430,2,"",M,1031.750,2,"",M,394.547,2,"",M,NaN,,,0,NaN,,,M,382.518,2,"",380.967,2,"",NaN,,,NaN,,
2024-12-10T17:04:21.000Z,10.970,2,"",M,58.994,2,"",M,6.000,2,"",N,6.547,2,"",M,28.539,2,"",M,7.060,2,"",M,1031.610,2,"",M,391.068,2,"",M,NaN,,,0,NaN,,,M,385.870,2,"",384.298,2,"",NaN,,,NaN,,
2024-12-10T17:06:12.000Z,10.970,2,"",M,58.994,2,"",M,6.000,2,"",N,6.833,2,"",M,28.533,2,"",M,7.190,2,"",M,1031.800,2,"",M,382.247,2,"",M,NaN,,,0,NaN,,,M,379.696,2,"",378.151,2,"",NaN,,,NaN,,
2024-12-10T17:08:03.000Z,10.970,2,"",M,58.994,2,"",M,6.000,2,"",N,7.398,2,"",M,29.454,2,"",M,7.380,2,"",M,1031.800,2,"",M,381.669,2,"",M,NaN,,,0,NaN,,,M,385.147,2,"",383.584,2,"",NaN,,,NaN,,
2024-12-10T17:09:55.000Z,10.970,2,"",M,58.994,2,"",M,6.000,2,"",N,7.707,2,"",M,30.095,2,"",M,7.840,2,"",M,1031.900,2,"",M,384.241,2,"",M,NaN,,,0,NaN,,,M,385.193,2,"",383.640,2,"",NaN,,,NaN,,
2024-12-10T17:12:07.000Z,10.970,2,"",M,58.994,2,"",M,6.000,2,"",N,7.240,2,"",M,29.010,2,"",M,8.210,2,"",M,1031.830,2,"",M,394.664,2,"",M,NaN,,,0,NaN,,,M,381.738,2,"",380.206,2,"",NaN,,,NaN,,
2024-12-10T17:13:59.000Z,10.970,2,"",M,58.994,2,"",M,6.000,2,"",N,7.562,2,"",M,30.170,2,"",M,7.570,2,"",M,1031.880,2,"",M,397.216,2,"",M,NaN,,,0,NaN,,,M,400.374,2,"",398.753,2,"",NaN,,,NaN,,
2024-12-10T17:15:51.000Z,10.970,2,"",M,58.994,2,"",M,6.000,2,"",N,7.522,2,"",M,29.868,2,"",M,8.130,2,"",M,1031.820,2,"",M,394.787,2,"",M,NaN,,,0,NaN,,,M,387.773,2,"",386.215,2,"",NaN,,,NaN,,
2024-12-10T17:17:42.000Z,10.970,2,"",M,58.994,2,"",M,6.000,2,"",N,7.498,2,"",M,29.964,2,"",M,8.080,2,"",M,1031.820,2,"",M,399.730,2,"",M,NaN,,,0,NaN,,,M,393.074,2,"",391.493,2,"",NaN,,,NaN,,
2024-12-10T17:19:33.000Z,10.970,2,"",M,58.994,2,"",M,6.000,2,"",N,7.476,2,"",M,29.956,2,"",M,8.100,2,"",M,1031.763,2,"",M,400.731,2,"",M,NaN,,,0,NaN,,,M,393.337,2,"",391.756,2,"",NaN,,,NaN,,
2024-12-10T17:21:25.000Z,10.970,2,"",M,58.994,2,"",M,6.000,2,"",N,7.622,2,"",M,30.171,2,"",M,8.110,2,"",M,1031.697,2,"",M,401.403,2,"",M,NaN,,,0,NaN,,,M,396.239,2,"",394.646,2,"",NaN,,,NaN,,
2024-12-10T17:23:16.000Z,10.970,2,"",M,58.994,2,"",M,6.000,2,"",N,7.655,2,"",M,30.111,2,"",M,8.230,2,"",M,1031.620,2,"",M,402.074,2,"",M,NaN,,,0,NaN,,,M,395.375,2,"",393.788,2,"",NaN,,,NaN,,
2024-12-10T17:25:08.000Z,10.970,2,"",M,58.994,2,"",M,6.000,2,"",N,7.541,2,"",M,30.145,2,"",M,8.230,2,"",M,1031.790,2,"",M,403.626,2,"",M,NaN,,,0,NaN,,,M,395.070,2,"",393.484,2,"",NaN,,,NaN,,
2024-12-10T17:26:59.000Z,10.970,2,"",M,58.994,2,"",M,6.000,2,"",N,7.824,2,"",M,30.122,2,"",M,8.180,2,"",M,1031.890,2,"",M,404.108,2,"",M,NaN,,,0,NaN,,,M,401.197,2,"",399.585,2,"",NaN,,,NaN,,
2024-12-10T17:28:50.000Z,10.970,2,"",M,58.994,2,"",M,6.000,2,"",N,7.746,2,"",M,30.245,2,"",M,8.290,2,"",M,1031.780,2,"",M,404.029,2,"",M,NaN,,,0,NaN,,,M,397.863,2,"",396.268,2,"",NaN,,,NaN,,
2024-12-10T17:30:42.000Z,10.970,2,"",M,58.994,2,"",M,6.000,2,"",N,7.630,2,"",M,30.169,2,"",M,8.290,2,"",M,1031.660,2,"",M,405.561,2,"",M,NaN,,,0,NaN,,,M,397.373,2,"",395.780,2,"",NaN,,,NaN,,
2024-12-10T17:32:33.000Z,10.970,2,"",M,58.994,2,"",M,6.000,2,"",N,7.635,2,"",M,30.103,2,"",M,8.240,2,"",M,1031.860,2,"",M,405.702,2,"",M,NaN,,,0,NaN,,,M,398.526,2,"",396.926,2,"",NaN,,,NaN,,
2024-12-10T17:34:24.000Z,10.970,2,"",M,58.994,2,"",M,6.000,2,"",N,7.752,2,"",M,30.186,2,"",M,8.200,2,"",M,1031.790,2,"",M,405.474,2,"",M,NaN,,,0,NaN,,,M,400.946,2,"",399.336,2,"",NaN,,,NaN,,
2024-12-10T17:36:16.000Z,10.970,2,"",M,58.994,2,"",M,6.000,2,"",N,7.742,2,"",M,30.268,2,"",M,8.320,2,"",M,1031.940,2,"",M,404.665,2,"",M,NaN,,,0,NaN,,,M,397.982,2,"",396.386,2,"",NaN,,,NaN,,
2024-12-10T17:38:07.000Z,10.970,2,"",M,58.994,2,"",M,6.000,2,"",N,7.720,2,"",M,30.209,2,"",M,8.330,2,"",M,1031.910,2,"",M,405.997,2,"",M,NaN,,,0,NaN,,,M,398.739,2,"",397.140,2,"",NaN,,,NaN,,
2024-12-10T17:40:00.000Z,10.970,2,"",M,58.994,2,"",M,6.000,2,"",N,7.714,2,"",M,30.265,2,"",M,8.310,2,"",M,1031.770,2,"",M,406.528,2,"",M,NaN,,,0,NaN,,,M,399.439,2,"",397.837,2,"",NaN,,,NaN,,
2024-12-10T17:41:51.000Z,10.970,2,"",M,58.994,2,"",M,6.000,2,"",N,7.696,2,"",M,30.245,2,"",M,8.310,2,"",M,1031.680,2,"",M,406.160,2,"",M,NaN,,,0,NaN,,,M,398.733,2,"",397.134,2,"",NaN,,,NaN,,
2024-12-10T17:43:42.000Z,10.970,2,"",M,58.994,2,"",M,6.000,2,"",N,7.772,2,"",M,30.211,2,"",M,8.310,2,"",M,1031.760,2,"",M,406.351,2,"",M,NaN,,,0,NaN,,,M,400.244,2,"",398.640,2,"",NaN,,,NaN,,
2024-12-10T17:45:34.000Z,10.970,2,"",M,58.994,2,"",M,6.000,2,"",N,7.752,2,"",M,30.222,2,"",M,8.360,2,"",M,1031.640,2,"",M,406.013,2,"",M,NaN,,,0,NaN,,,M,398.668,2,"",397.071,2,"",NaN,,,NaN,,
2024-12-10T17:47:25.000Z,10.970,2,"",M,58.994,2,"",M,6.000,2,"",N,7.718,2,"",M,30.176,2,"",M,8.340,2,"",M,1031.590,2,"",M,406.154,2,"",M,NaN,,,0,NaN,,,M,398.563,2,"",396.966,2,"",NaN,,,NaN,,
2024-12-10T17:49:16.000Z,10.970,2,"",M,58.994,2,"",M,6.000,2,"",N,7.756,2,"",M,30.088,2,"",M,8.300,2,"",M,1031.510,2,"",M,406.146,2,"",M,NaN,,,0,NaN,,,M,399.852,2,"",398.249,2,"",NaN,,,NaN,,
2024-12-10T17:51:08.000Z,10.970,2,"",M,58.994,2,"",M,6.000,2,"",N,7.836,2,"",M,30.158,2,"",M,8.300,2,"",M,1031.670,2,"",M,405.367,2,"",M,NaN,,,0,NaN,,,M,400.485,2,"",398.880,2,"",NaN,,,NaN,,
2024-12-10T17:52:59.000Z,10.970,2,"",M,58.995,2,"",M,6.000,2,"",N,7.840,2,"",M,30.307,2,"",M,8.340,2,"",M,1031.800,2,"",M,405.528,2,"",M,NaN,,,0,NaN,,,M,400.081,2,"",398.478,2,"",NaN,,,NaN,,
2024-12-10T17:54:51.000Z,10.970,2,"",M,58.995,2,"",M,6.000,2,"",N,7.654,2,"",M,30.330,2,"",M,8.410,2,"",M,1031.760,2,"",M,406.430,2,"",M,NaN,,,0,NaN,,,M,396.620,2,"",395.032,2,"",NaN,,,NaN,,
2024-12-10T17:56:43.000Z,10.969,2,"",M,58.995,2,"",M,6.000,2,"",N,7.506,2,"",M,30.165,2,"",M,8.330,2,"",M,1031.690,2,"",M,407.592,2,"",M,NaN,,,0,NaN,,,M,396.599,2,"",395.009,2,"",NaN,,,NaN,,
2024-12-10T17:58:34.000Z,10.969,2,"",M,58.995,2,"",M,6.000,2,"",N,7.299,2,"",M,29.967,2,"",M,8.180,2,"",M,1031.700,2,"",M,406.593,2,"",M,NaN,,,0,NaN,,,M,394.725,2,"",393.141,2,"",NaN,,,NaN,,
2024-12-10T18:00:25.000Z,10.968,2,"",M,58.996,2,"",M,6.000,2,"",N,7.334,2,"",M,29.935,2,"",M,7.960,2,"",M,1031.610,2,"",M,404.274,2,"",M,NaN,,,0,NaN,,,M,396.758,2,"",395.161,2,"",NaN,,,NaN,,
2024-12-10T18:02:17.000Z,10.968,2,"",M,58.996,2,"",M,6.000,2,"",N,7.047,2,"",I,29.496,2,"",M,7.635,2,"",I,1031.650,2,"",M,402.054,2,"",M,NaN,,,0,NaN,,,M,395.317,2,"",393.718,2,"",NaN,,,NaN,,
2024-12-10T18:04:08.000Z,10.967,2,"",M,58.996,2,"",M,6.000,2,"",N,6.762,2,"",I,29.108,2,"",M,7.312,2,"",I,1031.620,2,"",M,398.955,2,"",M,NaN,,,0,NaN,,,M,392.966,2,"",391.371,2,"",NaN,,,NaN,,
2024-12-10T18:05:59.000Z,10.967,2,"",M,58.997,2,"",M,6.000,2,"",N,6.477,2,"",M,29.177,2,"",M,6.990,2,"",M,1031.680,2,"",M,392.545,2,"",M,NaN,,,0,NaN,,,M,387.373,2,"",385.793,2,"",NaN,,,NaN,,
2024-12-10T18:07:51.000Z,10.966,2,"",M,58.997,2,"",M,6.000,2,"",N,6.274,2,"",M,29.238,2,"",M,7.060,2,"",M,1031.760,2,"",M,386.644,2,"",M,NaN,,,0,NaN,,,M,377.176,2,"",375.639,2,"",NaN,,,NaN,,
2024-12-10T18:09:42.000Z,10.966,2,"",M,58.998,2,"",M,6.000,2,"",N,6.229,2,"",M,29.028,2,"",M,7.010,2,"",M,1031.770,2,"",M,385.185,2,"",M,NaN,,,0,NaN,,,M,375.851,2,"",374.318,2,"",NaN,,,NaN,,
2024-12-10T18:11:54.000Z,10.966,2,"",M,58.998,2,"",M,6.000,2,"",N,6.688,2,"",M,29.065,2,"",M,6.890,2,"",M,1031.540,2,"",M,383.847,2,"",M,NaN,,,0,NaN,,,M,383.782,2,"",382.215,2,"",NaN,,,NaN,,
2024-12-10T18:13:46.000Z,10.966,2,"",M,58.998,2,"",M,6.000,2,"",N,7.091,2,"",M,29.339,2,"",M,7.190,2,"",M,1031.450,2,"",M,382.508,2,"",M,NaN,,,0,NaN,,,M,383.992,2,"",382.431,2,"",NaN,,,NaN,,
2024-12-10T18:15:37.000Z,10.966,2,"",M,58.998,2,"",M,6.000,2,"",N,7.019,2,"",M,29.401,2,"",M,7.550,2,"",M,1031.370,2,"",M,384.590,2,"",M,NaN,,,0,NaN,,,M,378.984,2,"",377.451,2,"",NaN,,,NaN,,
2024-12-10T18:17:29.000Z,10.966,2,"",M,58.998,2,"",M,6.000,2,"",N,7.260,2,"",M,29.706,2,"",M,7.480,2,"",M,1031.180,2,"",M,388.962,2,"",M,NaN,,,0,NaN,,,M,388.305,2,"",386.733,2,"",NaN,,,NaN,,
2024-12-10T18:19:20.000Z,10.966,2,"",M,58.998,2,"",M,6.000,2,"",N,7.248,2,"",M,29.661,2,"",M,7.850,2,"",M,1031.170,2,"",M,392.005,2,"",M,NaN,,,0,NaN,,,M,384.978,2,"",383.426,2,"",NaN,,,NaN,,
2024-12-10T18:21:11.000Z,10.966,2,"",M,58.998,2,"",M,6.000,2,"",N,7.668,2,"",M,29.672,2,"",M,7.770,2,"",M,1031.030,2,"",M,395.737,2,"",M,NaN,,,0,NaN,,,M,396.914,2,"",395.312,2,"",NaN,,,NaN,,
2024-12-10T18:23:03.000Z,10.966,2,"",M,58.998,2,"",M,6.000,2,"",N,7.530,2,"",M,29.991,2,"",M,8.030,2,"",M,1031.430,2,"",M,396.449,2,"",M,NaN,,,0,NaN,,,M,391.077,2,"",389.504,2,"",NaN,,,NaN,,
2024-12-10T18:24:54.000Z,10.966,2,"",M,58.998,2,"",M,6.000,2,"",N,7.494,2,"",M,30.326,2,"",M,8.050,2,"",M,1031.390,2,"",M,398.571,2,"",M,NaN,,,0,NaN,,,M,392.220,2,"",390.643,2,"",NaN,,,NaN,,
2024-12-10T18:26:46.000Z,10.966,2,"",M,58.998,2,"",M,6.000,2,"",N,7.385,2,"",M,29.944,2,"",M,8.240,2,"",M,1031.490,2,"",M,401.413,2,"",M,NaN,,,0,NaN,,,M,390.025,2,"",388.460,2,"",NaN,,,NaN,,
2024-12-10T18:28:37.000Z,10.966,2,"",M,58.998,2,"",M,6.000,2,"",N,7.271,2,"",M,29.715,2,"",M,8.000,2,"",M,1031.630,2,"",M,402.585,2,"",M,NaN,,,0,NaN,,,M,393.386,2,"",391.803,2,"",NaN,,,NaN,,
2024-12-10T18:30:29.000Z,10.965,2,"",M,58.998,2,"",M,6.000,2,"",N,6.964,2,"",I,29.492,2,"",M,7.696,2,"",I,1031.560,2,"",M,400.326,2,"",M,NaN,,,0,NaN,,,M,391.178,2,"",389.598,2,"",NaN,,,NaN,,
2024-12-10T18:32:21.000Z,10.965,2,"",M,58.998,2,"",M,6.000,2,"",N,6.656,2,"",I,29.124,2,"",M,7.392,2,"",I,1031.450,2,"",M,398.176,2,"",M,NaN,,,0,NaN,,,M,389.061,2,"",387.483,2,"",NaN,,,NaN,,
2024-12-10T18:34:12.000Z,10.965,2,"",M,58.998,2,"",M,6.000,2,"",N,6.351,2,"",M,28.975,2,"",M,7.090,2,"",M,1031.320,2,"",M,392.556,2,"",M,NaN,,,0,NaN,,,M,383.544,2,"",381.982,2,"",NaN,,,NaN,,
2024-12-10T18:36:04.000Z,10.964,2,"",M,58.998,2,"",M,6.000,2,"",N,6.234,2,"",M,28.909,2,"",M,6.980,2,"",M,1031.340,2,"",M,386.435,2,"",M,NaN,,,0,NaN,,,M,377.474,2,"",375.935,2,"",NaN,,,NaN,,
2024-12-10T18:37:55.000Z,10.964,2,"",M,58.998,2,"",M,6.000,2,"",N,6.200,2,"",M,28.952,2,"",M,6.880,2,"",M,1031.490,2,"",M,383.036,2,"",M,NaN,,,0,NaN,,,M,375.284,2,"",373.751,2,"",NaN,,,NaN,,
2024-12-10T18:39:46.000Z,10.964,2,"",M,58.998,2,"",M,6.000,2,"",N,6.264,2,"",M,28.976,2,"",M,6.900,2,"",M,1031.530,2,"",M,381.617,2,"",M,NaN,,,0,NaN,,,M,374.603,2,"",373.073,2,"",NaN,,,NaN,,
2024-12-10T18:41:38.000Z,10.964,2,"",M,58.998,2,"",M,6.000,2,"",N,6.376,2,"",M,29.003,2,"",M,6.920,2,"",M,1031.520,2,"",M,381.528,2,"",M,NaN,,,0,NaN,,,M,375.973,2,"",374.439,2,"",NaN,,,NaN,,
2024-12-10T18:43:29.000Z,10.964,2,"",M,58.998,2,"",M,6.000,2,"",N,7.126,2,"",M,29.382,2,"",M,6.950,2,"",M,1031.575,2,"",M,381.389,2,"",M,NaN,,,0,NaN,,,M,387.466,2,"",385.885,2,"",NaN,,,NaN,,
2024-12-10T18:45:20.000Z,10.964,2,"",M,58.998,2,"",M,6.000,2,"",N,7.477,2,"",M,29.832,2,"",M,7.450,2,"",M,1031.690,2,"",M,382.851,2,"",M,NaN,,,0,NaN,,,M,386.419,2,"",384.853,2,"",NaN,,,NaN,,
2024-12-10T18:47:12.000Z,10.963,2,"",M,58.998,2,"",M,6.000,2,"",N,7.257,2,"",M,29.692,2,"",M,7.970,2,"",M,1031.700,2,"",M,389.375,2,"",M,NaN,,,0,NaN,,,M,380.756,2,"",379.223,2,"",NaN,,,NaN,,
2024-12-10T18:49:03.000Z,10.964,2,"",M,58.998,2,"",M,6.000,2,"",N,7.375,2,"",M,29.920,2,"",M,7.890,2,"",M,1031.640,2,"",M,396.599,2,"",M,NaN,,,0,NaN,,,M,391.088,2,"",389.512,2,"",NaN,,,NaN,,
2024-12-10T18:50:54.000Z,10.964,2,"",M,58.998,2,"",M,6.000,2,"",N,7.713,2,"",M,29.725,2,"",M,8.010,2,"",M,1031.690,2,"",M,398.571,2,"",M,NaN,,,0,NaN,,,M,396.662,2,"",395.066,2,"",NaN,,,NaN,,
2024-12-10T18:52:46.000Z,10.964,2,"",M,58.998,2,"",M,6.000,2,"",N,7.848,2,"",M,30.386,2,"",M,7.950,2,"",M,1031.750,2,"",M,399.132,2,"",M,NaN,,,0,NaN,,,M,400.543,2,"",398.930,2,"",NaN,,,NaN,,
2024-12-10T18:54:37.000Z,10.964,2,"",M,58.998,2,"",M,6.000,2,"",N,7.580,2,"",I,29.242,2,"",M,7.855,2,"",I,1031.780,2,"",M,400.544,2,"",M,NaN,,,0,NaN,,,M,399.060,2,"",397.451,2,"",NaN,,,NaN,,
2024-12-10T18:56:29.000Z,10.964,2,"",M,58.998,2,"",M,6.000,2,"",N,7.309,2,"",M,29.768,2,"",M,7.760,2,"",M,1031.620,2,"",M,400.576,2,"",M,NaN,,,0,NaN,,,M,396.116,2,"",394.516,2,"",NaN,,,NaN,,
2024-12-10T18:58:21.000Z,10.964,2,"",M,58.998,2,"",M,6.000,2,"",N,7.590,2,"",M,29.958,2,"",M,7.950,2,"",M,1031.570,2,"",M,395.755,2,"",M,NaN,,,0,NaN,,,M,392.788,2,"",391.206,2,"",NaN,,,NaN,,
2024-12-10T19:00:13.000Z,10.964,2,"",M,58.999,2,"",M,6.000,2,"",N,7.251,2,"",M,30.130,2,"",M,8.080,2,"",M,1031.450,2,"",M,397.227,2,"",M,NaN,,,0,NaN,,,M,386.418,2,"",384.865,2,"",NaN,,,NaN,,
2024-12-10T19:02:04.000Z,10.964,2,"",M,58.999,2,"",M,6.000,2,"",N,7.637,2,"",M,30.066,2,"",M,7.910,2,"",M,1031.770,2,"",M,399.790,2,"",M,NaN,,,0,NaN,,,M,398.330,2,"",396.725,2,"",NaN,,,NaN,,
2024-12-10T19:03:55.000Z,10.964,2,"",M,58.999,2,"",M,6.000,2,"",N,7.177,2,"",M,29.719,2,"",M,8.130,2,"",M,1031.750,2,"",M,399.811,2,"",M,NaN,,,0,NaN,,,M,386.991,2,"",385.436,2,"",NaN,,,NaN,,
2024-12-10T19:05:47.000Z,10.964,2,"",M,58.999,2,"",M,6.000,2,"",N,7.576,2,"",M,29.902,2,"",M,7.750,2,"",M,1031.490,2,"",M,399.412,2,"",M,NaN,,,0,NaN,,,M,399.557,2,"",397.944,2,"",NaN,,,NaN,,
2024-12-10T19:07:38.000Z,10.964,2,"",M,58.999,2,"",M,6.000,2,"",N,7.091,2,"",M,29.372,2,"",M,8.060,2,"",M,1031.280,2,"",M,397.183,2,"",M,NaN,,,0,NaN,,,M,384.030,2,"",382.487,2,"",NaN,,,NaN,,
2024-12-10T19:09:29.000Z,10.964,2,"",M,58.999,2,"",M,6.000,2,"",N,6.733,2,"",I,29.006,2,"",M,7.573,2,"",I,1031.160,2,"",M,396.094,2,"",M,NaN,,,0,NaN,,,M,385.162,2,"",383.604,2,"",NaN,,,NaN,,
2024-12-10T19:11:42.000Z,10.963,2,"",M,58.999,2,"",M,6.000,2,"",N,6.305,2,"",M,28.762,2,"",M,6.990,2,"",M,1031.010,2,"",M,391.204,2,"",M,NaN,,,0,NaN,,,M,383.000,2,"",381.440,2,"",NaN,,,NaN,,
2024-12-10T19:13:33.000Z,10.963,2,"",M,58.998,2,"",M,6.000,2,"",N,6.580,2,"",M,29.207,2,"",M,6.840,2,"",M,1031.370,2,"",M,384.493,2,"",M,NaN,,,0,NaN,,,M,383.432,2,"",381.866,2,"",NaN,,,NaN,,
2024-12-10T19:15:25.000Z,10.963,2,"",M,58.998,2,"",M,6.000,2,"",N,6.687,2,"",M,29.305,2,"",M,7.180,2,"",M,1031.390,2,"",M,382.223,2,"",M,NaN,,,0,NaN,,,M,377.348,2,"",375.813,2,"",NaN,,,NaN,,
2024-12-10T19:17:16.000Z,10.963,2,"",M,58.998,2,"",M,6.000,2,"",N,6.696,2,"",M,29.372,2,"",M,7.400,2,"",M,1031.300,2,"",M,385.146,2,"",M,NaN,,,0,NaN,,,M,376.769,2,"",375.241,2,"",NaN,,,NaN,,
2024-12-10T19:19:07.000Z,10.962,2,"",M,58.998,2,"",M,6.000,2,"",N,7.135,2,"",M,29.653,2,"",M,7.330,2,"",M,1031.390,2,"",M,387.918,2,"",M,NaN,,,0,NaN,,,M,387.800,2,"",386.226,2,"",NaN,,,NaN,,
2024-12-10T19:20:59.000Z,10.962,2,"",M,58.998,2,"",M,6.000,2,"",N,7.161,2,"",M,29.499,2,"",M,7.750,2,"",M,1031.360,2,"",M,390.431,2,"",M,NaN,,,0,NaN,,,M,383.740,2,"",382.191,2,"",NaN,,,NaN,,
2024-12-10T19:22:50.000Z,10.962,2,"",M,58.998,2,"",M,6.000,2,"",N,6.673,2,"",M,29.570,2,"",M,7.560,2,"",M,1031.240,2,"",M,393.943,2,"",M,NaN,,,0,NaN,,,M,382.336,2,"",380.789,2,"",NaN,,,NaN,,
2024-12-10T19:24:41.000Z,10.961,2,"",M,58.998,2,"",M,6.000,2,"",N,7.023,2,"",M,29.602,2,"",M,7.510,2,"",M,1031.270,2,"",M,394.415,2,"",M,NaN,,,0,NaN,,,M,389.354,2,"",387.777,2,"",NaN,,,NaN,,
2024-12-10T19:26:33.000Z,10.961,2,"",M,58.998,2,"",M,6.000,2,"",N,7.340,2,"",M,29.536,2,"",M,7.520,2,"",M,1031.140,2,"",M,393.806,2,"",M,NaN,,,0,NaN,,,M,393.783,2,"",392.189,2,"",NaN,,,NaN,,
2024-12-10T19:28:24.000Z,10.961,2,"",M,58.998,2,"",M,6.000,2,"",N,7.362,2,"",M,29.740,2,"",M,7.820,2,"",M,1031.150,2,"",M,393.047,2,"",M,NaN,,,0,NaN,,,M,388.352,2,"",386.786,2,"",NaN,,,NaN,,
2024-12-10T19:30:15.000Z,10.961,2,"",M,58.998,2,"",M,6.000,2,"",N,7.265,2,"",M,29.448,2,"",M,7.840,2,"",M,1031.080,2,"",M,395.950,2,"",M,NaN,,,0,NaN,,,M,389.265,2,"",387.696,2,"",NaN,,,NaN,,
2024-12-10T19:32:07.000Z,10.961,2,"",M,58.998,2,"",M,6.000,2,"",N,7.557,2,"",M,29.891,2,"",M,7.660,2,"",M,1031.050,2,"",M,396.191,2,"",M,NaN,,,0,NaN,,,M,397.390,2,"",395.785,2,"",NaN,,,NaN,,
2024-12-10T19:36:36.000Z,10.961,2,"",M,58.998,2,"",M,6.000,2,"",N,NaN,,,M,NaN,,,M,NaN,,,M,NaN,,,M,NaN,,,0,NaN,,,0,NaN,,,M,NaN,,,NaN,,,NaN,,,NaN,,
2024-12-10T19:38:25.000Z,10.961,2,"",M,58.998,2,"",M,6.000,2,"",N,NaN,,,M,NaN,,,M,NaN,,,M,NaN,,,M,NaN,,,0,NaN,,,0,NaN,,,M,NaN,,,NaN,,,NaN,,,NaN,,
2024-12-10T19:40:14.000Z,10.961,2,"",M,58.998,2,"",M,6.000,2,"",N,NaN,,,M,NaN,,,M,NaN,,,M,NaN,,,M,NaN,,,0,NaN,,,0,NaN,,,M,NaN,,,NaN,,,NaN,,,NaN,,
2024-12-10T19:44:43.000Z,10.961,2,"",M,58.998,2,"",M,6.000,2,"",N,NaN,,,M,NaN,,,M,NaN,,,M,NaN,,,M,NaN,,,0,NaN,,,0,NaN,,,M,NaN,,,NaN,,,NaN,,,NaN,,
2024-12-10T19:46:32.000Z,10.961,2,"",M,58.998,2,"",M,6.000,2,"",N,NaN,,,M,NaN,,,M,NaN,,,M,NaN,,,M,NaN,,,0,NaN,,,0,NaN,,,M,NaN,,,NaN,,,NaN,,,NaN,,
2024-12-10T19:48:21.000Z,10.961,2,"",M,58.998,2,"",M,6.000,2,"",N,NaN,,,M,NaN,,,M,NaN,,,M,NaN,,,M,NaN,,,0,NaN,,,0,NaN,,,M,NaN,,,NaN,,,NaN,,,NaN,,
2024-12-10T19:52:50.000Z,10.961,2,"",M,58.997,2,"",M,6.000,2,"",N,NaN,,,M,NaN,,,M,NaN,,,M,NaN,,,M,NaN,,,0,NaN,,,0,NaN,,,M,NaN,,,NaN,,,NaN,,,NaN,,
2024-12-10T19:54:41.000Z,10.961,2,"",M,58.997,2,"",M,6.000,2,"",N,NaN,,,M,NaN,,,M,NaN,,,M,NaN,,,M,NaN,,,0,NaN,,,0,NaN,,,M,NaN,,,NaN,,,NaN,,,NaN,,
2024-12-10T19:56:30.000Z,10.961,2,"",M,58.997,2,"",M,6.000,2,"",N,NaN,,,M,NaN,,,M,NaN,,,M,NaN,,,M,NaN,,,0,NaN,,,0,NaN,,,M,NaN,,,NaN,,,NaN,,,NaN,,
2024-12-10T20:00:59.000Z,10.961,2,"",M,58.996,2,"",M,6.000,2,"",N,7.047,2,"",M,29.517,2,"",M,NaN,,,M,NaN,,,M,NaN,,,0,451.807,2,"",M,1030.300,2,"",M,NaN,,,NaN,,,456.124,2,"",454.263,2,""
2024-12-10T20:02:48.000Z,10.961,2,"",M,58.996,2,"",M,6.000,2,"",N,7.738,2,"",M,29.768,2,"",M,NaN,,,M,NaN,,,M,NaN,,,0,452.406,2,"",M,1030.200,2,"",M,NaN,,,NaN,,,456.468,2,"",454.622,2,""
2024-12-10T20:04:37.000Z,10.961,2,"",M,58.996,2,"",M,6.000,2,"",N,7.621,2,"",M,30.211,2,"",M,NaN,,,M,NaN,,,M,NaN,,,0,452.815,2,"",M,1030.400,2,"",M,NaN,,,NaN,,,457.009,2,"",455.158,2,""
2024-12-10T20:06:26.000Z,10.961,2,"",M,58.996,2,"",M,6.000,2,"",N,7.343,2,"",M,29.781,2,"",M,NaN,,,M,NaN,,,M,NaN,,,0,452.594,2,"",M,1030.500,2,"",M,NaN,,,NaN,,,456.917,2,"",455.059,2,""
2024-12-10T20:08:15.000Z,10.961,2,"",M,58.996,2,"",M,6.000,2,"",N,7.553,2,"",M,29.848,2,"",M,NaN,,,M,NaN,,,M,NaN,,,0,452.613,2,"",M,1030.600,2,"",M,NaN,,,NaN,,,456.914,2,"",455.062,2,""
2024-12-10T20:13:25.000Z,10.962,2,"",M,58.997,2,"",M,6.000,2,"",N,7.553,2,"",M,30.125,2,"",M,8.150,2,"",M,1031.470,2,"",M,400.689,2,"",M,NaN,,,0,NaN,,,M,393.610,2,"",392.030,2,"",NaN,,,NaN,,
2024-12-10T20:15:38.000Z,10.962,2,"",M,58.997,2,"",M,6.000,2,"",N,7.747,2,"",M,30.120,2,"",M,8.160,2,"",M,1031.550,2,"",M,403.029,2,"",M,NaN,,,0,NaN,,,M,399.043,2,"",397.440,2,"",NaN,,,NaN,,
2024-12-10T20:17:29.000Z,10.962,2,"",M,58.997,2,"",M,6.000,2,"",N,7.626,2,"",M,30.234,2,"",M,8.220,2,"",M,1031.580,2,"",M,402.918,2,"",M,NaN,,,0,NaN,,,M,395.886,2,"",394.297,2,"",NaN,,,NaN,,
2024-12-10T20:19:20.000Z,10.962,2,"",M,58.997,2,"",M,6.000,2,"",N,7.338,2,"",M,30.121,2,"",M,8.270,2,"",M,1031.660,2,"",M,403.967,2,"",M,NaN,,,0,NaN,,,M,391.290,2,"",389.721,2,"",NaN,,,NaN,,
2024-12-10T20:21:12.000Z,10.962,2,"",M,58.997,2,"",M,6.000,2,"",N,7.544,2,"",M,29.898,2,"",M,8.170,2,"",M,1031.580,2,"",M,404.647,2,"",M,NaN,,,0,NaN,,,M,397.058,2,"",395.464,2,"",NaN,,,NaN,,
2024-12-10T20:23:03.000Z,10.962,2,"",M,58.997,2,"",M,6.000,2,"",N,7.462,2,"",M,29.985,2,"",M,8.100,2,"",M,1031.540,2,"",M,403.225,2,"",M,NaN,,,0,NaN,,,M,395.462,2,"",393.873,2,"",NaN,,,NaN,,
2024-12-10T20:24:54.000Z,10.962,2,"",M,58.997,2,"",M,6.000,2,"",N,7.519,2,"",M,30.073,2,"",M,8.050,2,"",M,1031.460,2,"",M,401.993,2,"",M,NaN,,,0,NaN,,,M,396.030,2,"",394.438,2,"",NaN,,,NaN,,
2024-12-10T20:26:46.000Z,10.962,2,"",M,58.997,2,"",M,6.000,2,"",N,7.441,2,"",M,29.853,2,"",M,8.150,2,"",M,1031.430,2,"",M,401.652,2,"",M,NaN,,,0,NaN,,,M,392.679,2,"",391.102,2,"",NaN,,,NaN,,
2024-12-10T20:28:37.000Z,10.963,2,"",M,58.997,2,"",M,6.000,2,"",N,7.434,2,"",M,29.703,2,"",M,8.060,2,"",M,1031.340,2,"",M,402.262,2,"",M,NaN,,,0,NaN,,,M,394.646,2,"",393.059,2,"",NaN,,,NaN,,
2024-12-10T20:30:28.000Z,10.963,2,"",M,58.997,2,"",M,6.000,2,"",N,7.522,2,"",M,29.968,2,"",M,8.010,2,"",M,1031.180,2,"",M,400.740,2,"",M,NaN,,,0,NaN,,,M,395.404,2,"",393.814,2,"",NaN,,,NaN,,
2024-12-10T20:32:20.000Z,10.963,2,"",M,58.997,2,"",M,6.000,2,"",N,7.553,2,"",M,30.009,2,"",M,8.110,2,"",M,1031.070,2,"",M,400.359,2,"",M,NaN,,,0,NaN,,,M,393.819,2,"",392.237,2,"",NaN,,,NaN,,
2024-12-10T20:34:11.000Z,10.963,2,"",M,58.997,2,"",M,6.000,2,"",N,7.505,2,"",M,29.973,2,"",M,8.110,2,"",M,1031.240,2,"",M,401.968,2,"",M,NaN,,,0,NaN,,,M,394.657,2,"",393.072,2,"",NaN,,,NaN,,
2024-12-10T20:36:03.000Z,10.963,2,"",M,58.997,2,"",M,6.000,2,"",N,7.490,2,"",M,30.062,2,"",M,8.100,2,"",M,1031.430,2,"",M,402.337,2,"",M,NaN,,,0,NaN,,,M,395.020,2,"",393.432,2,"",NaN,,,NaN,,
2024-12-10T20:37:54.000Z,10.963,2,"",M,58.997,2,"",M,6.000,2,"",N,7.407,2,"",M,29.878,2,"",M,8.150,2,"",M,1031.480,2,"",M,402.907,2,"",M,NaN,,,0,NaN,,,M,393.353,2,"",391.773,2,"",NaN,,,NaN,,
2024-12-10T20:39:45.000Z,10.963,2,"",M,58.997,2,"",M,6.000,2,"",N,7.479,2,"",M,30.023,2,"",M,8.020,2,"",M,1031.480,2,"",M,402.345,2,"",M,NaN,,,0,NaN,,,M,396.216,2,"",394.622,2,"",NaN,,,NaN,,
2024-12-10T20:41:37.000Z,10.963,2,"",M,58.997,2,"",M,6.000,2,"",N,7.717,2,"",M,30.089,2,"",M,8.080,2,"",M,1031.460,2,"",M,401.664,2,"",M,NaN,,,0,NaN,,,M,398.514,2,"",396.912,2,"",NaN,,,NaN,,
2024-12-10T20:43:28.000Z,10.963,2,"",M,58.997,2,"",M,6.000,2,"",N,7.673,2,"",M,30.276,2,"",M,8.240,2,"",M,1031.260,2,"",M,402.033,2,"",M,NaN,,,0,NaN,,,M,395.326,2,"",393.740,2,"",NaN,,,NaN,,
2024-12-10T20:45:19.000Z,10.963,2,"",M,58.997,2,"",M,6.000,2,"",N,7.572,2,"",M,30.127,2,"",M,8.340,2,"",M,1031.250,2,"",M,404.103,2,"",M,NaN,,,0,NaN,,,M,393.973,2,"",392.395,2,"",NaN,,,NaN,,
2024-12-10T20:47:11.000Z,10.963,2,"",M,58.997,2,"",M,6.000,2,"",N,7.665,2,"",M,30.053,2,"",M,8.220,2,"",M,1031.200,2,"",M,405.422,2,"",M,NaN,,,0,NaN,,,M,398.845,2,"",397.245,2,"",NaN,,,NaN,,
2024-12-10T20:49:02.000Z,10.963,2,"",M,58.997,2,"",M,6.000,2,"",N,7.467,2,"",M,30.147,2,"",M,8.200,2,"",M,1030.960,2,"",M,404.391,2,"",M,NaN,,,0,NaN,,,M,394.759,2,"",393.175,2,"",NaN,,,NaN,,
2024-12-10T20:50:53.000Z,10.963,2,"",M,58.997,2,"",M,6.000,2,"",N,7.591,2,"",M,29.968,2,"",M,8.190,2,"",M,1030.820,2,"",M,404.560,2,"",M,NaN,,,0,NaN,,,M,397.126,2,"",395.533,2,"",NaN,,,NaN,,
2024-12-10T20:52:45.000Z,10.963,2,"",M,58.997,2,"",M,6.000,2,"",N,7.634,2,"",M,30.166,2,"",M,8.170,2,"",M,1030.890,2,"",M,403.609,2,"",M,NaN,,,0,NaN,,,M,397.269,2,"",395.675,2,"",NaN,,,NaN,,
2024-12-10T20:54:36.000Z,10.964,2,"",M,58.997,2,"",M,6.000,2,"",N,7.694,2,"",M,29.833,2,"",M,8.290,2,"",M,1031.110,2,"",M,403.387,2,"",M,NaN,,,0,NaN,,,M,396.095,2,"",394.508,2,"",NaN,,,NaN,,
2024-12-10T20:56:27.000Z,10.964,2,"",M,58.997,2,"",M,6.000,2,"",N,7.521,2,"",M,30.009,2,"",M,8.180,2,"",M,1031.040,2,"",M,404.037,2,"",M,NaN,,,0,NaN,,,M,395.684,2,"",394.096,2,"",NaN,,,NaN,,
2024-12-10T20:58:19.000Z,10.964,2,"",M,58.997,2,"",M,6.000,2,"",N,7.442,2,"",M,29.929,2,"",M,8.150,2,"",M,1031.070,2,"",M,403.345,2,"",M,NaN,,,0,NaN,,,M,394.220,2,"",392.637,2,"",NaN,,,NaN,,
2024-12-10T21:00:10.000Z,10.964,2,"",M,58.996,2,"",M,6.000,2,"",N,7.453,2,"",M,29.908,2,"",M,8.050,2,"",M,1031.100,2,"",M,403.284,2,"",M,NaN,,,0,NaN,,,M,396.049,2,"",394.457,2,"",NaN,,,NaN,,
2024-12-10T21:02:02.000Z,10.964,2,"",M,58.996,2,"",M,6.000,2,"",N,7.428,2,"",M,29.911,2,"",M,8.060,2,"",M,1031.150,2,"",M,401.953,2,"",M,NaN,,,0,NaN,,,M,394.168,2,"",392.584,2,"",NaN,,,NaN,,
2024-12-10T21:03:54.000Z,10.964,2,"",M,58.996,2,"",M,6.000,2,"",N,7.382,2,"",M,29.896,2,"",M,8.020,2,"",M,1031.080,2,"",M,401.652,2,"",M,NaN,,,0,NaN,,,M,393.764,2,"",392.181,2,"",NaN,,,NaN,,
2024-12-10T21:05:46.000Z,10.964,2,"",M,58.996,2,"",M,6.000,2,"",N,7.385,2,"",M,29.862,2,"",M,7.990,2,"",M,1030.993,2,"",M,401.351,2,"",M,NaN,,,0,NaN,,,M,393.992,2,"",392.407,2,"",NaN,,,NaN,,
2024-12-10T21:07:37.000Z,10.965,2,"",M,58.996,2,"",M,6.000,2,"",N,7.225,2,"",M,29.792,2,"",M,7.970,2,"",M,1030.947,2,"",M,400.779,2,"",M,NaN,,,0,NaN,,,M,391.092,2,"",389.518,2,"",NaN,,,NaN,,
2024-12-10T21:09:28.000Z,10.965,2,"",M,58.996,2,"",M,6.000,2,"",N,7.436,2,"",M,29.929,2,"",M,7.860,2,"",M,1030.960,2,"",M,400.028,2,"",M,NaN,,,0,NaN,,,M,395.736,2,"",394.142,2,"",NaN,,,NaN,,
2024-12-10T21:11:20.000Z,10.965,2,"",M,58.996,2,"",M,6.000,2,"",N,7.092,2,"",M,29.683,2,"",M,8.020,2,"",M,1030.820,2,"",M,399.487,2,"",M,NaN,,,0,NaN,,,M,386.760,2,"",385.205,2,"",NaN,,,NaN,,
2024-12-10T21:13:32.000Z,10.965,2,"",M,58.996,2,"",M,6.000,2,"",N,7.456,2,"",M,30.002,2,"",M,7.800,2,"",M,1030.780,2,"",M,400.196,2,"",M,NaN,,,0,NaN,,,M,397.195,2,"",395.594,2,"",NaN,,,NaN,,
2024-12-10T21:15:23.000Z,10.965,2,"",M,58.996,2,"",M,6.000,2,"",N,7.549,2,"",M,30.000,2,"",M,8.020,2,"",M,1030.690,2,"",M,399.235,2,"",M,NaN,,,0,NaN,,,M,394.019,2,"",392.435,2,"",NaN,,,NaN,,
2024-12-10T21:17:15.000Z,10.965,2,"",M,58.996,2,"",M,6.000,2,"",N,7.404,2,"",M,29.947,2,"",M,8.120,2,"",M,1030.560,2,"",M,400.754,2,"",M,NaN,,,0,NaN,,,M,391.367,2,"",389.796,2,"",NaN,,,NaN,,
2024-12-10T21:19:06.000Z,10.965,2,"",M,58.996,2,"",M,6.000,2,"",N,7.383,2,"",M,29.665,2,"",M,8.050,2,"",M,1030.590,2,"",M,402.063,2,"",M,NaN,,,0,NaN,,,M,393.488,2,"",391.907,2,"",NaN,,,NaN,,
2024-12-10T21:20:58.000Z,10.966,2,"",M,58.996,2,"",M,6.000,2,"",N,7.390,2,"",M,29.802,2,"",M,7.920,2,"",M,1030.470,2,"",M,400.982,2,"",M,NaN,,,0,NaN,,,M,394.703,2,"",393.115,2,"",NaN,,,NaN,,
2024-12-10T21:22:49.000Z,10.966,2,"",M,58.996,2,"",M,6.000,2,"",N,7.374,2,"",M,29.791,2,"",M,8.000,2,"",M,1030.480,2,"",M,399.351,2,"",M,NaN,,,0,NaN,,,M,391.481,2,"",389.907,2,"",NaN,,,NaN,,
2024-12-10T21:24:40.000Z,10.966,2,"",M,58.996,2,"",M,6.000,2,"",N,7.578,2,"",M,29.921,2,"",M,7.950,2,"",M,1030.830,2,"",M,399.700,2,"",M,NaN,,,0,NaN,,,M,396.206,2,"",394.612,2,"",NaN,,,NaN,,
2024-12-10T21:26:32.000Z,10.966,2,"",M,58.996,2,"",M,6.000,2,"",N,7.368,2,"",M,29.669,2,"",M,8.070,2,"",M,1030.840,2,"",M,399.889,2,"",M,NaN,,,0,NaN,,,M,390.865,2,"",389.295,2,"",NaN,,,NaN,,
2024-12-10T21:28:23.000Z,10.966,2,"",M,58.996,2,"",M,6.000,2,"",N,7.490,2,"",M,29.981,2,"",M,7.970,2,"",M,1030.880,2,"",M,400.778,2,"",M,NaN,,,0,NaN,,,M,395.478,2,"",393.887,2,"",NaN,,,NaN,,
2024-12-10T21:30:14.000Z,10.966,2,"",M,58.996,2,"",M,6.000,2,"",N,7.611,2,"",M,30.045,2,"",M,8.080,2,"",M,1030.930,2,"",M,400.937,2,"",M,NaN,,,0,NaN,,,M,395.802,2,"",394.212,2,"",NaN,,,NaN,,
2024-12-10T21:32:06.000Z,10.966,2,"",M,58.996,2,"",M,6.000,2,"",N,7.773,2,"",M,30.143,2,"",M,8.170,2,"",M,1030.900,2,"",M,401.416,2,"",M,NaN,,,0,NaN,,,M,397.459,2,"",395.864,2,"",NaN,,,NaN,,
2024-12-10T21:33:57.000Z,10.966,2,"",M,58.996,2,"",M,6.000,2,"",N,7.877,2,"",M,30.185,2,"",M,8.280,2,"",M,1030.840,2,"",M,403.155,2,"",M,NaN,,,0,NaN,,,M,399.019,2,"",397.421,2,"",NaN,,,NaN,,
2024-12-10T21:35:48.000Z,10.966,2,"",M,58.996,2,"",M,6.000,2,"",N,7.715,2,"",M,30.225,2,"",M,8.400,2,"",M,1030.870,2,"",M,404.635,2,"",M,NaN,,,0,NaN,,,M,395.714,2,"",394.131,2,"",NaN,,,NaN,,
2024-12-10T21:37:40.000Z,10.966,2,"",M,58.996,2,"",M,6.000,2,"",N,7.670,2,"",M,30.215,2,"",M,8.320,2,"",M,1031.010,2,"",M,406.884,2,"",M,NaN,,,0,NaN,,,M,398.579,2,"",396.982,2,"",NaN,,,NaN,,
2024-12-10T21:39:31.000Z,10.966,2,"",M,58.996,2,"",M,6.000,2,"",N,7.688,2,"",M,30.063,2,"",M,8.290,2,"",M,1030.960,2,"",M,407.023,2,"",M,NaN,,,0,NaN,,,M,399.506,2,"",397.905,2,"",NaN,,,NaN,,
2024-12-10T21:41:23.000Z,10.966,2,"",M,58.996,2,"",M,6.000,2,"",N,7.830,2,"",M,29.978,2,"",M,8.210,2,"",M,1030.880,2,"",M,406.002,2,"",M,NaN,,,0,NaN,,,M,402.262,2,"",400.649,2,"",NaN,,,NaN,,
2024-12-10T21:43:15.000Z,10.966,2,"",M,58.996,2,"",M,6.000,2,"",N,7.811,2,"",M,30.311,2,"",M,8.190,2,"",M,1030.850,2,"",M,404.811,2,"",M,NaN,,,0,NaN,,,M,401.090,2,"",399.481,2,"",NaN,,,NaN,,
2024-12-10T21:45:07.000Z,10.966,2,"",M,58.996,2,"",M,6.000,2,"",N,7.638,2,"",M,30.226,2,"",M,8.430,2,"",M,1030.830,2,"",M,405.070,2,"",M,NaN,,,0,NaN,,,M,394.326,2,"",392.749,2,"",NaN,,,NaN,,
2024-12-10T21:46:58.000Z,10.966,2,"",M,58.996,2,"",M,6.000,2,"",N,7.541,2,"",M,30.020,2,"",M,8.280,2,"",M,1030.780,2,"",M,407.419,2,"",M,NaN,,,0,NaN,,,M,397.522,2,"",395.930,2,"",NaN,,,NaN,,
2024-12-10T21:48:49.000Z,10.966,2,"",M,58.996,2,"",M,6.000,2,"",N,7.700,2,"",M,30.031,2,"",M,8.120,2,"",M,1030.740,2,"",M,406.668,2,"",M,NaN,,,0,NaN,,,M,402.219,2,"",400.605,2,"",NaN,,,NaN,,
2024-12-10T21:50:41.000Z,10.967,2,"",M,58.996,2,"",M,6.000,2,"",N,7.466,2,"",I,29.236,2,"",M,7.834,2,"",I,1030.640,2,"",M,404.126,2,"",M,NaN,,,0,NaN,,,M,400.630,2,"",399.016,2,"",NaN,,,NaN,,
2024-12-10T21:52:32.000Z,10.969,2,"",M,58.995,2,"",M,6.000,2,"",N,7.235,2,"",M,29.366,2,"",M,7.550,2,"",M,1030.600,2,"",M,401.835,2,"",M,NaN,,,0,NaN,,,M,399.296,2,"",397.681,2,"",NaN,,,NaN,,
2024-12-10T21:54:23.000Z,10.970,2,"",M,58.995,2,"",M,6.000,2,"",N,7.365,2,"",M,29.816,2,"",M,7.650,2,"",M,1030.550,2,"",M,395.512,2,"",M,NaN,,,0,NaN,,,M,393.481,2,"",391.892,2,"",NaN,,,NaN,,
2024-12-10T21:56:15.000Z,10.970,2,"",M,58.995,2,"",M,6.000,2,"",N,7.364,2,"",M,29.827,2,"",M,7.910,2,"",M,1030.770,2,"",M,395.321,2,"",M,NaN,,,0,NaN,,,M,388.985,2,"",387.419,2,"",NaN,,,NaN,,
2024-12-10T21:58:06.000Z,10.970,2,"",M,58.995,2,"",M,6.000,2,"",N,7.669,2,"",M,29.885,2,"",M,7.950,2,"",M,1030.860,2,"",M,398.061,2,"",M,NaN,,,0,NaN,,,M,396.109,2,"",394.515,2,"",NaN,,,NaN,,
2024-12-10T21:59:57.000Z,10.970,2,"",M,58.995,2,"",M,6.000,2,"",N,7.588,2,"",M,30.059,2,"",M,8.110,2,"",M,1030.830,2,"",M,398.460,2,"",M,NaN,,,0,NaN,,,M,392.430,2,"",390.855,2,"",NaN,,,NaN,,
2024-12-10T22:01:49.000Z,10.970,2,"",M,58.995,2,"",M,6.000,2,"",N,7.564,2,"",M,30.047,2,"",M,8.200,2,"",M,1030.830,2,"",M,401.119,2,"",M,NaN,,,0,NaN,,,M,393.128,2,"",391.551,2,"",NaN,,,NaN,,
2024-12-10T22:03:40.000Z,10.970,2,"",M,58.995,2,"",M,6.000,2,"",N,7.677,2,"",M,30.144,2,"",M,8.140,2,"",M,1030.730,2,"",M,402.679,2,"",M,NaN,,,0,NaN,,,M,397.531,2,"",395.935,2,"",NaN,,,NaN,,
2024-12-10T22:05:32.000Z,10.970,2,"",M,58.995,2,"",M,6.000,2,"",N,7.668,2,"",M,30.209,2,"",M,8.200,2,"",M,1030.530,2,"",M,403.628,2,"",M,NaN,,,0,NaN,,,M,397.211,2,"",395.618,2,"",NaN,,,NaN,,
2024-12-10T22:07:23.000Z,10.970,2,"",M,58.995,2,"",M,6.000,2,"",N,7.511,2,"",M,30.174,2,"",M,8.240,2,"",M,1030.360,2,"",M,404.937,2,"",M,NaN,,,0,NaN,,,M,395.121,2,"",393.538,2,"",NaN,,,NaN,,
2024-12-10T22:09:14.000Z,10.970,2,"",M,58.995,2,"",M,6.000,2,"",N,7.515,2,"",M,29.942,2,"",M,8.190,2,"",M,1030.910,2,"",M,405.586,2,"",M,NaN,,,0,NaN,,,M,396.885,2,"",395.293,2,"",NaN,,,NaN,,
2024-12-10T22:11:06.000Z,10.970,2,"",M,58.995,2,"",M,6.000,2,"",N,7.601,2,"",M,30.116,2,"",M,8.090,2,"",M,1030.850,2,"",M,404.735,2,"",M,NaN,,,0,NaN,,,M,399.179,2,"",397.576,2,"",NaN,,,NaN,,
2024-12-10T22:13:18.000Z,10.970,2,"",M,58.995,2,"",M,6.000,2,"",N,7.380,2,"",M,30.142,2,"",M,8.180,2,"",M,1030.820,2,"",M,403.974,2,"",M,NaN,,,0,NaN,,,M,393.191,2,"",391.614,2,"",NaN,,,NaN,,
2024-12-10T22:15:09.000Z,10.970,2,"",M,58.995,2,"",M,6.000,2,"",N,7.685,2,"",M,30.005,2,"",M,8.110,2,"",M,1030.700,2,"",M,404.793,2,"",M,NaN,,,0,NaN,,,M,400.257,2,"",398.650,2,"",NaN,,,NaN,,
2024-12-10T22:17:01.000Z,10.970,2,"",M,58.995,2,"",M,6.000,2,"",N,7.843,2,"",M,30.219,2,"",M,8.190,2,"",M,1030.720,2,"",M,403.871,2,"",M,NaN,,,0,NaN,,,M,400.656,2,"",399.049,2,"",NaN,,,NaN,,
2024-12-10T22:18:52.000Z,10.970,2,"",M,58.995,2,"",M,6.000,2,"",N,7.540,2,"",M,29.968,2,"",M,8.400,2,"",M,1030.810,2,"",M,404.060,2,"",M,NaN,,,0,NaN,,,M,392.208,2,"",390.639,2,"",NaN,,,NaN,,
2024-12-10T22:20:44.000Z,10.970,2,"",M,58.995,2,"",M,6.000,2,"",N,7.725,2,"",M,30.226,2,"",M,8.090,2,"",M,1030.810,2,"",M,405.590,2,"",M,NaN,,,0,NaN,,,M,402.116,2,"",400.501,2,"",NaN,,,NaN,,
2024-12-10T22:22:36.000Z,10.970,2,"",M,58.995,2,"",M,6.000,2,"",N,7.709,2,"",M,30.350,2,"",M,8.270,2,"",M,1030.770,2,"",M,404.909,2,"",M,NaN,,,0,NaN,,,M,398.069,2,"",396.473,2,"",NaN,,,NaN,,
2024-12-10T22:24:28.000Z,10.970,2,"",M,58.995,2,"",M,6.000,2,"",N,7.709,2,"",M,30.079,2,"",M,8.350,2,"",M,1030.820,2,"",M,406.178,2,"",M,NaN,,,0,NaN,,,M,397.961,2,"",396.368,2,"",NaN,,,NaN,,
2024-12-10T22:26:19.000Z,10.970,2,"",M,58.995,2,"",M,6.000,2,"",N,7.693,2,"",M,30.064,2,"",M,8.260,2,"",M,1030.910,2,"",M,406.137,2,"",M,NaN,,,0,NaN,,,M,399.226,2,"",397.626,2,"",NaN,,,NaN,,
2024-12-10T22:28:10.000Z,10.970,2,"",M,58.995,2,"",M,6.000,2,"",N,7.926,2,"",M,30.396,2,"",M,8.220,2,"",M,1030.760,2,"",M,405.465,2,"",M,NaN,,,0,NaN,,,M,403.154,2,"",401.538,2,"",NaN,,,NaN,,
2024-12-10T22:30:02.000Z,10.970,2,"",M,58.995,2,"",M,6.000,2,"",N,7.724,2,"",M,30.273,2,"",M,8.460,2,"",M,1030.760,2,"",M,406.045,2,"",M,NaN,,,0,NaN,,,M,396.168,2,"",394.585,2,"",NaN,,,NaN,,
2024-12-10T22:31:53.000Z,10.970,2,"",M,58.995,2,"",M,6.000,2,"",N,7.717,2,"",M,30.165,2,"",M,8.320,2,"",M,1030.650,2,"",M,407.894,2,"",M,NaN,,,0,NaN,,,M,400.224,2,"",398.621,2,"",NaN,,,NaN,,
2024-12-10T22:33:44.000Z,10.970,2,"",M,58.995,2,"",M,6.000,2,"",N,7.764,2,"",M,30.271,2,"",M,8.280,2,"",M,1030.620,2,"",M,407.203,2,"",M,NaN,,,0,NaN,,,M,401.020,2,"",399.414,2,"",NaN,,,NaN,,
2024-12-10T22:35:36.000Z,10.970,2,"",M,58.995,2,"",M,6.000,2,"",N,7.677,2,"",M,30.241,2,"",M,8.350,2,"",M,1030.660,2,"",M,406.491,2,"",M,NaN,,,0,NaN,,,M,397.665,2,"",396.073,2,"",NaN,,,NaN,,
2024-12-10T22:37:27.000Z,10.970,2,"",M,58.995,2,"",M,6.000,2,"",N,7.714,2,"",M,30.177,2,"",M,8.290,2,"",M,1030.670,2,"",M,407.501,2,"",M,NaN,,,0,NaN,,,M,400.312,2,"",398.709,2,"",NaN,,,NaN,,
2024-12-10T22:39:18.000Z,10.970,2,"",M,58.995,2,"",M,6.000,2,"",N,7.739,2,"",M,30.183,2,"",M,8.270,2,"",M,1030.910,2,"",M,406.489,2,"",M,NaN,,,0,NaN,,,M,400.178,2,"",398.574,2,"",NaN,,,NaN,,
2024-12-10T22:41:10.000Z,10.970,2,"",M,58.995,2,"",M,6.000,2,"",N,7.753,2,"",M,30.258,2,"",M,8.280,2,"",M,1030.740,2,"",M,406.008,2,"",M,NaN,,,0,NaN,,,M,399.702,2,"",398.101,2,"",NaN,,,NaN,,
2024-12-10T22:43:01.000Z,10.970,2,"",M,58.995,2,"",M,6.000,2,"",N,7.648,2,"",M,30.275,2,"",M,8.320,2,"",M,1030.830,2,"",M,406.657,2,"",M,NaN,,,0,NaN,,,M,397.911,2,"",396.318,2,"",NaN,,,NaN,,
2024-12-10T22:44:53.000Z,10.970,2,"",M,58.995,2,"",M,6.000,2,"",N,7.725,2,"",M,30.219,2,"",M,8.260,2,"",M,1030.640,2,"",M,407.896,2,"",M,NaN,,,0,NaN,,,M,401.385,2,"",399.777,2,"",NaN,,,NaN,,
2024-12-10T22:46:45.000Z,10.970,2,"",M,58.995,2,"",M,6.000,2,"",N,7.830,2,"",M,30.138,2,"",M,8.330,2,"",M,1030.440,2,"",M,407.935,2,"",M,NaN,,,0,NaN,,,M,401.930,2,"",400.322,2,"",NaN,,,NaN,,
2024-12-10T22:48:37.000Z,10.970,2,"",M,58.995,2,"",M,6.000,2,"",N,7.659,2,"",M,30.142,2,"",M,8.310,2,"",M,1030.220,2,"",M,407.534,2,"",M,NaN,,,0,NaN,,,M,398.887,2,"",397.291,2,"",NaN,,,NaN,,
2024-12-10T22:50:28.000Z,10.970,2,"",M,58.995,2,"",M,6.000,2,"",N,7.696,2,"",M,30.195,2,"",M,8.210,2,"",M,1030.590,2,"",M,407.973,2,"",M,NaN,,,0,NaN,,,M,401.817,2,"",400.206,2,"",NaN,,,NaN,,
2024-12-10T22:52:19.000Z,10.970,2,"",M,58.995,2,"",M,6.000,2,"",N,7.343,2,"",I,30.207,2,"",M,7.957,2,"",I,1030.730,2,"",M,407.612,2,"",M,NaN,,,0,NaN,,,M,399.894,2,"",398.285,2,"",NaN,,,NaN,,
2024-12-10T22:54:11.000Z,10.969,2,"",M,58.995,2,"",M,6.000,2,"",N,6.988,2,"",I,29.077,2,"",M,7.703,2,"",I,1030.710,2,"",M,407.511,2,"",M,NaN,,,0,NaN,,,M,398.152,2,"",396.545,2,"",NaN,,,NaN,,
2024-12-10T22:56:02.000Z,10.969,2,"",M,58.996,2,"",M,6.000,2,"",N,6.635,2,"",M,28.510,2,"",M,7.450,2,"",M,1030.700,2,"",M,402.089,2,"",M,NaN,,,0,NaN,,,M,391.260,2,"",389.676,2,"",NaN,,,NaN,,
2024-12-10T22:57:54.000Z,10.968,2,"",M,58.996,2,"",M,6.000,2,"",N,6.471,2,"",M,28.686,2,"",M,7.190,2,"",M,1030.680,2,"",M,390.727,2,"",M,NaN,,,0,NaN,,,M,381.801,2,"",380.249,2,"",NaN,,,NaN,,
2024-12-10T22:59:45.000Z,10.967,2,"",M,58.996,2,"",M,6.000,2,"",N,6.616,2,"",M,28.787,2,"",M,7.090,2,"",M,1030.670,2,"",M,384.326,2,"",M,NaN,,,0,NaN,,,M,379.495,2,"",377.950,2,"",NaN,,,NaN,,
2024-12-10T23:01:36.000Z,10.967,2,"",M,58.996,2,"",M,6.000,2,"",N,6.862,2,"",M,28.708,2,"",M,7.200,2,"",M,1030.670,2,"",M,382.414,2,"",M,NaN,,,0,NaN,,,M,379.758,2,"",378.215,2,"",NaN,,,NaN,,
2024-12-10T23:03:28.000Z,10.967,2,"",M,58.996,2,"",M,6.000,2,"",N,7.784,2,"",M,29.782,2,"",M,7.220,2,"",M,1030.600,2,"",M,382.834,2,"",M,NaN,,,0,NaN,,,M,394.914,2,"",393.310,2,"",NaN,,,NaN,,
2024-12-10T23:05:19.000Z,10.967,2,"",M,58.996,2,"",M,6.000,2,"",N,7.753,2,"",M,29.821,2,"",M,7.960,2,"",M,1030.560,2,"",M,386.703,2,"",M,NaN,,,0,NaN,,,M,385.903,2,"",384.351,2,"",NaN,,,NaN,,
2024-12-10T23:07:10.000Z,10.967,2,"",M,58.996,2,"",M,6.000,2,"",N,7.725,2,"",M,30.249,2,"",M,8.160,2,"",M,1030.540,2,"",M,395.143,2,"",M,NaN,,,0,NaN,,,M,390.482,2,"",388.916,2,"",NaN,,,NaN,,
2024-12-10T23:09:02.000Z,10.967,2,"",M,58.996,2,"",M,6.000,2,"",N,8.054,2,"",M,30.301,2,"",M,8.290,2,"",M,1030.660,2,"",M,400.772,2,"",M,NaN,,,0,NaN,,,M,399.394,2,"",397.794,2,"",NaN,,,NaN,,
2024-12-10T23:10:53.000Z,10.967,2,"",M,58.996,2,"",M,6.000,2,"",N,7.798,2,"",M,30.315,2,"",M,8.480,2,"",M,1030.670,2,"",M,404.231,2,"",M,NaN,,,0,NaN,,,M,395.269,2,"",393.690,2,"",NaN,,,NaN,,
2024-12-10T23:12:44.000Z,10.967,2,"",M,58.996,2,"",M,6.000,2,"",N,8.007,2,"",M,30.488,2,"",M,8.310,2,"",M,1030.630,2,"",M,407.111,2,"",M,NaN,,,0,NaN,,,M,404.543,2,"",402.923,2,"",NaN,,,NaN,,
2024-12-10T23:14:57.000Z,10.967,2,"",M,58.996,2,"",M,6.000,2,"",N,7.250,2,"",I,29.160,2,"",M,7.890,2,"",I,1030.538,2,"",M,408.079,2,"",M,NaN,,,0,NaN,,,M,399.846,2,"",398.237,2,"",NaN,,,NaN,,
2024-12-10T23:16:48.000Z,10.966,2,"",M,58.997,2,"",M,6.000,2,"",N,6.618,2,"",M,28.930,2,"",M,7.540,2,"",M,1030.550,2,"",M,404.958,2,"",M,NaN,,,0,NaN,,,M,392.195,2,"",390.608,2,"",NaN,,,NaN,,
2024-12-10T23:18:40.000Z,10.966,2,"",M,58.997,2,"",M,6.000,2,"",N,7.825,2,"",M,29.232,2,"",M,7.200,2,"",M,1030.650,2,"",M,393.486,2,"",M,NaN,,,0,NaN,,,M,406.978,2,"",405.324,2,"",NaN,,,NaN,,
2024-12-10T23:23:10.000Z,10.966,2,"",M,58.997,2,"",M,6.000,2,"",N,NaN,,,M,NaN,,,M,NaN,,,M,NaN,,,M,NaN,,,0,NaN,,,0,NaN,,,M,NaN,,,NaN,,,NaN,,,NaN,,
2024-12-10T23:24:59.000Z,10.966,2,"",M,58.997,2,"",M,6.000,2,"",N,NaN,,,M,NaN,,,M,NaN,,,M,NaN,,,M,NaN,,,0,NaN,,,0,NaN,,,M,NaN,,,NaN,,,NaN,,,NaN,,
2024-12-10T23:26:48.000Z,10.966,2,"",M,58.997,2,"",M,6.000,2,"",N,NaN,,,M,NaN,,,M,NaN,,,M,NaN,,,M,NaN,,,0,NaN,,,0,NaN,,,M,NaN,,,NaN,,,NaN,,,NaN,,
2024-12-10T23:31:17.000Z,10.966,2,"",M,58.997,2,"",M,6.000,2,"",N,NaN,,,M,NaN,,,M,NaN,,,M,NaN,,,M,NaN,,,0,NaN,,,0,NaN,,,M,NaN,,,NaN,,,NaN,,,NaN,,
2024-12-10T23:33:06.000Z,10.966,2,"",M,58.997,2,"",M,6.000,2,"",N,NaN,,,M,NaN,,,M,NaN,,,M,NaN,,,M,NaN,,,0,NaN,,,0,NaN,,,M,NaN,,,NaN,,,NaN,,,NaN,,
2024-12-10T23:34:55.000Z,10.966,2,"",M,58.997,2,"",M,6.000,2,"",N,NaN,,,M,NaN,,,M,NaN,,,M,NaN,,,M,NaN,,,0,NaN,,,0,NaN,,,M,NaN,,,NaN,,,NaN,,,NaN,,
2024-12-10T23:39:24.000Z,10.966,2,"",M,58.997,2,"",M,6.000,2,"",N,NaN,,,M,NaN,,,M,NaN,,,M,NaN,,,M,NaN,,,0,NaN,,,0,NaN,,,M,NaN,,,NaN,,,NaN,,,NaN,,
2024-12-10T23:41:13.000Z,10.966,2,"",M,58.997,2,"",M,6.000,2,"",N,NaN,,,M,NaN,,,M,NaN,,,M,NaN,,,M,NaN,,,0,NaN,,,0,NaN,,,M,NaN,,,NaN,,,NaN,,,NaN,,
2024-12-10T23:43:02.000Z,10.966,2,"",M,58.997,2,"",M,6.000,2,"",N,NaN,,,M,NaN,,,M,NaN,,,M,NaN,,,M,NaN,,,0,NaN,,,0,NaN,,,M,NaN,,,NaN,,,NaN,,,NaN,,
2024-12-10T23:47:31.000Z,10.966,2,"",M,58.997,2,"",M,6.000,2,"",N,7.991,2,"",M,30.463,2,"",M,NaN,,,M,NaN,,,M,NaN,,,0,443.590,2,"",M,1029.700,2,"",M,NaN,,,NaN,,,447.275,2,"",445.474,2,""
2024-12-10T23:49:20.000Z,10.966,2,"",M,58.997,2,"",M,6.000,2,"",N,7.951,2,"",M,30.443,2,"",M,NaN,,,M,NaN,,,M,NaN,,,0,443.149,2,"",M,1029.600,2,"",M,NaN,,,NaN,,,446.799,2,"",444.999,2,""
2024-12-10T23:51:09.000Z,10.966,2,"",M,58.997,2,"",M,6.000,2,"",N,7.914,2,"",M,30.435,2,"",M,NaN,,,M,NaN,,,M,NaN,,,0,443.447,2,"",M,1029.700,2,"",M,NaN,,,NaN,,,447.156,2,"",445.353,2,""
2024-12-10T23:52:58.000Z,10.966,2,"",M,58.997,2,"",M,6.000,2,"",N,7.959,2,"",M,30.466,2,"",M,NaN,,,M,NaN,,,M,NaN,,,0,443.586,2,"",M,1029.600,2,"",M,NaN,,,NaN,,,447.238,2,"",445.436,2,""
2024-12-10T23:54:47.000Z,10.966,2,"",M,58.997,2,"",M,6.000,2,"",N,7.967,2,"",M,30.462,2,"",M,NaN,,,M,NaN,,,M,NaN,,,0,443.715,2,"",M,1029.600,2,"",M,NaN,,,NaN,,,447.365,2,"",445.563,2,""
2024-12-10T23:59:57.000Z,10.966,2,"",M,58.997,2,"",M,6.000,2,"",N,7.763,2,"",M,30.195,2,"",M,8.490,2,"",M,1030.110,2,"",M,409.019,2,"",M,NaN,,,0,NaN,,,M,398.961,2,"",397.368,2,"",NaN,,,NaN,,
2024-12-11T00:01:49.000Z,10.966,2,"",M,58.997,2,"",M,6.000,2,"",N,7.909,2,"",M,30.372,2,"",M,8.390,2,"",M,1030.150,2,"",M,408.618,2,"",M,NaN,,,0,NaN,,,M,402.786,2,"",401.175,2,"",NaN,,,NaN,,
2024-12-11T00:03:40.000Z,10.966,2,"",M,58.997,2,"",M,6.000,2,"",N,7.832,2,"",M,30.282,2,"",M,8.490,2,"",M,1030.030,2,"",M,407.036,2,"",M,NaN,,,0,NaN,,,M,398.156,2,"",396.566,2,"",NaN,,,NaN,,
2024-12-11T00:05:32.000Z,10.966,2,"",M,58.997,2,"",M,6.000,2,"",N,7.674,2,"",M,30.340,2,"",M,8.450,2,"",M,1030.020,2,"",M,407.625,2,"",M,NaN,,,0,NaN,,,M,396.755,2,"",395.170,2,"",NaN,,,NaN,,
2024-12-11T00:07:23.000Z,10.966,2,"",M,58.997,2,"",M,6.000,2,"",N,7.548,2,"",I,30.149,2,"",M,8.170,2,"",I,1030.150,2,"",M,408.014,2,"",M,NaN,,,0,NaN,,,M,399.864,2,"",398.260,2,"",NaN,,,NaN,,
2024-12-11T00:09:14.000Z,10.966,2,"",M,58.997,2,"",M,6.000,2,"",N,7.422,2,"",M,29.718,2,"",M,7.890,2,"",M,1030.270,2,"",M,406.342,2,"",M,NaN,,,0,NaN,,,M,400.959,2,"",399.345,2,"",NaN,,,NaN,,
2024-12-11T00:11:06.000Z,10.966,2,"",M,58.997,2,"",M,6.000,2,"",N,7.273,2,"",I,30.097,2,"",M,7.855,2,"",I,1030.260,2,"",M,401.801,2,"",M,NaN,,,0,NaN,,,M,394.568,2,"",392.980,2,"",NaN,,,NaN,,
2024-12-11T00:12:57.000Z,10.965,2,"",M,58.998,2,"",M,6.000,2,"",N,7.124,2,"",M,29.246,2,"",M,7.820,2,"",M,1030.170,2,"",M,402.329,2,"",M,NaN,,,0,NaN,,,M,393.169,2,"",391.585,2,"",NaN,,,NaN,,
2024-12-11T00:15:09.000Z,10.964,2,"",M,58.999,2,"",M,6.000,2,"",N,7.212,2,"",M,29.313,2,"",M,7.630,2,"",M,1030.140,2,"",M,398.298,2,"",M,NaN,,,0,NaN,,,M,393.861,2,"",392.270,2,"",NaN,,,NaN,,
2024-12-11T00:17:01.000Z,10.964,2,"",M,58.999,2,"",M,6.000,2,"",N,6.805,2,"",M,29.567,2,"",M,7.610,2,"",M,1030.190,2,"",M,393.956,2,"",M,NaN,,,0,NaN,,,M,383.269,2,"",381.721,2,"",NaN,,,NaN,,
2024-12-11T00:18:52.000Z,10.963,2,"",M,59.000,2,"",M,6.000,2,"",N,6.869,2,"",I,29.255,2,"",M,7.331,2,"",I,1030.310,2,"",M,394.005,2,"",M,NaN,,,0,NaN,,,M,389.034,2,"",387.456,2,"",NaN,,,NaN,,
2024-12-11T00:20:44.000Z,10.963,2,"",M,59.000,2,"",M,6.000,2,"",N,6.933,2,"",M,28.940,2,"",M,7.050,2,"",M,1030.190,2,"",M,393.063,2,"",M,NaN,,,0,NaN,,,M,393.850,2,"",392.248,2,"",NaN,,,NaN,,
2024-12-11T00:22:35.000Z,10.963,2,"",M,59.000,2,"",M,6.000,2,"",N,7.591,2,"",M,30.015,2,"",M,7.450,2,"",M,1030.060,2,"",M,387.622,2,"",M,NaN,,,0,NaN,,,M,392.496,2,"",390.907,2,"",NaN,,,NaN,,
2024-12-11T00:24:26.000Z,10.963,2,"",M,59.000,2,"",M,6.000,2,"",N,7.594,2,"",M,30.226,2,"",M,8.100,2,"",M,1029.900,2,"",M,389.150,2,"",M,NaN,,,0,NaN,,,M,383.178,2,"",381.641,2,"",NaN,,,NaN,,
2024-12-11T00:26:18.000Z,10.963,2,"",M,59.000,2,"",M,6.000,2,"",N,7.757,2,"",M,30.225,2,"",M,8.140,2,"",M,1030.030,2,"",M,398.419,2,"",M,NaN,,,0,NaN,,,M,394.389,2,"",392.807,2,"",NaN,,,NaN,,
2024-12-11T00:28:09.000Z,10.963,2,"",M,59.000,2,"",M,6.000,2,"",N,7.445,2,"",M,29.845,2,"",M,8.320,2,"",M,1029.900,2,"",M,402.718,2,"",M,NaN,,,0,NaN,,,M,390.337,2,"",388.775,2,"",NaN,,,NaN,,
2024-12-11T00:30:00.000Z,10.963,2,"",M,59.000,2,"",M,6.000,2,"",N,7.520,2,"",M,29.874,2,"",M,8.050,2,"",M,1029.710,2,"",M,404.697,2,"",M,NaN,,,0,NaN,,,M,398.024,2,"",396.426,2,"",NaN,,,NaN,,
2024-12-11T00:31:52.000Z,10.963,2,"",M,59.000,2,"",M,6.000,2,"",N,7.459,2,"",M,29.899,2,"",M,8.090,2,"",M,1029.830,2,"",M,402.665,2,"",M,NaN,,,0,NaN,,,M,394.363,2,"",392.780,2,"",NaN,,,NaN,,
2024-12-11T00:33:43.000Z,10.963,2,"",M,59.000,2,"",M,6.000,2,"",N,7.825,2,"",M,29.962,2,"",M,8.050,2,"",M,1030.130,2,"",M,401.944,2,"",M,NaN,,,0,NaN,,,M,400.614,2,"",399.005,2,"",NaN,,,NaN,,
2024-12-11T00:35:34.000Z,10.964,2,"",M,59.000,2,"",M,6.000,2,"",N,7.354,2,"",M,29.814,2,"",M,8.230,2,"",M,1030.260,2,"",M,402.253,2,"",M,NaN,,,0,NaN,,,M,390.036,2,"",388.474,2,"",NaN,,,NaN,,
2024-12-11T00:37:26.000Z,10.964,2,"",M,59.000,2,"",M,6.000,2,"",N,7.818,2,"",M,30.135,2,"",M,7.980,2,"",M,1030.230,2,"",M,403.661,2,"",M,NaN,,,0,NaN,,,M,403.454,2,"",401.833,2,"",NaN,,,NaN,,
2024-12-11T00:39:17.000Z,10.964,2,"",M,59.000,2,"",M,6.000,2,"",N,7.870,2,"",M,30.585,2,"",M,8.200,2,"",M,1030.075,2,"",M,403.100,2,"",M,NaN,,,0,NaN,,,M,399.929,2,"",398.327,2,"",NaN,,,NaN,,
2024-12-11T00:41:09.000Z,10.964,2,"",M,59.000,2,"",M,6.000,2,"",N,7.751,2,"",M,30.143,2,"",M,8.520,2,"",M,1029.940,2,"",M,404.939,2,"",M,NaN,,,0,NaN,,,M,394.205,2,"",392.632,2,"",NaN,,,NaN,,
2024-12-11T00:43:00.000Z,10.964,2,"",M,59.000,2,"",M,6.000,2,"",N,7.936,2,"",M,30.450,2,"",M,8.350,2,"",M,1029.930,2,"",M,407.197,2,"",M,NaN,,,0,NaN,,,M,402.445,2,"",400.835,2,"",NaN,,,NaN,,
2024-12-11T00:44:51.000Z,10.964,2,"",M,59.000,2,"",M,6.000,2,"",N,7.877,2,"",M,30.430,2,"",M,8.520,2,"",M,1029.930,2,"",M,406.356,2,"",M,NaN,,,0,NaN,,,M,397.701,2,"",396.114,2,"",NaN,,,NaN,,
2024-12-11T00:46:43.000Z,10.964,2,"",M,59.000,2,"",M,6.000,2,"",N,7.873,2,"",M,30.403,2,"",M,8.460,2,"",M,1029.660,2,"",M,408.245,2,"",M,NaN,,,0,NaN,,,M,400.412,2,"",398.813,2,"",NaN,,,NaN,,
2024-12-11T00:48:34.000Z,10.964,2,"",M,59.000,2,"",M,6.000,2,"",N,7.873,2,"",M,30.402,2,"",M,8.440,2,"",M,1029.710,2,"",M,409.153,2,"",M,NaN,,,0,NaN,,,M,401.659,2,"",400.054,2,"",NaN,,,NaN,,
2024-12-11T00:50:25.000Z,10.964,2,"",M,59.000,2,"",M,6.000,2,"",N,7.610,2,"",I,29.876,2,"",M,8.221,2,"",I,1029.690,2,"",M,409.492,2,"",M,NaN,,,0,NaN,,,M,401.304,2,"",399.697,2,"",NaN,,,NaN,,
2024-12-11T00:52:17.000Z,10.964,2,"",M,59.000,2,"",M,6.000,2,"",N,7.345,2,"",M,29.513,2,"",M,8.000,2,"",M,1029.960,2,"",M,408.441,2,"",M,NaN,,,0,NaN,,,M,399.697,2,"",398.091,2,"",NaN,,,NaN,,
2024-12-11T00:54:08.000Z,10.964,2,"",M,59.000,2,"",M,6.000,2,"",N,7.557,2,"",M,30.038,2,"",M,7.920,2,"",M,1029.940,2,"",M,402.619,2,"",M,NaN,,,0,NaN,,,M,398.918,2,"",397.313,2,"",NaN,,,NaN,,
2024-12-11T00:55:59.000Z,10.963,2,"",M,58.999,2,"",M,6.000,2,"",N,7.392,2,"",M,30.258,2,"",M,8.240,2,"",M,1029.910,2,"",M,399.938,2,"",M,NaN,,,0,NaN,,,M,388.103,2,"",386.549,2,"",NaN,,,NaN,,
2024-12-11T00:57:51.000Z,10.963,2,"",M,58.999,2,"",M,6.000,2,"",N,7.362,2,"",M,29.530,2,"",M,8.110,2,"",M,1029.920,2,"",M,403.046,2,"",M,NaN,,,0,NaN,,,M,392.828,2,"",391.252,2,"",NaN,,,NaN,,
2024-12-11T00:59:42.000Z,10.963,2,"",M,58.999,2,"",M,6.000,2,"",N,7.107,2,"",M,29.633,2,"",M,7.830,2,"",M,1030.000,2,"",M,402.385,2,"",M,NaN,,,0,NaN,,,M,392.694,2,"",391.112,2,"",NaN,,,NaN,,
2024-12-11T01:01:33.000Z,10.963,2,"",M,58.999,2,"",M,6.000,2,"",N,7.396,2,"",M,29.326,2,"",M,7.850,2,"",M,1029.980,2,"",M,399.213,2,"",M,NaN,,,0,NaN,,,M,394.047,2,"",392.460,2,"",NaN,,,NaN,,
2024-12-11T01:03:25.000Z,10.963,2,"",M,58.999,2,"",M,6.000,2,"",N,7.300,2,"",M,29.800,2,"",M,7.860,2,"",M,1029.860,2,"",M,397.872,2,"",M,NaN,,,0,NaN,,,M,390.926,2,"",389.352,2,"",NaN,,,NaN,,
2024-12-11T01:05:16.000Z,10.963,2,"",M,58.999,2,"",M,6.000,2,"",N,7.350,2,"",M,29.698,2,"",M,7.920,2,"",M,1029.760,2,"",M,398.211,2,"",M,NaN,,,0,NaN,,,M,391.036,2,"",389.463,2,"",NaN,,,NaN,,
2024-12-11T01:07:08.000Z,10.962,2,"",M,58.999,2,"",M,6.000,2,"",N,7.449,2,"",M,29.801,2,"",M,7.860,2,"",M,1029.640,2,"",M,399.139,2,"",M,NaN,,,0,NaN,,,M,394.561,2,"",392.974,2,"",NaN,,,NaN,,
2024-12-11T01:09:00.000Z,10.962,2,"",M,58.999,2,"",M,6.000,2,"",N,7.458,2,"",M,29.943,2,"",M,8.010,2,"",M,1029.790,2,"",M,398.998,2,"",M,NaN,,,0,NaN,,,M,392.099,2,"",390.524,2,"",NaN,,,NaN,,
2024-12-11T01:10:52.000Z,10.962,2,"",M,58.999,2,"",M,6.000,2,"",N,7.607,2,"",M,29.965,2,"",M,8.060,2,"",M,1029.760,2,"",M,401.287,2,"",M,NaN,,,0,NaN,,,M,395.975,2,"",394.386,2,"",NaN,,,NaN,,
2024-12-11T01:12:43.000Z,10.963,2,"",M,58.999,2,"",M,6.000,2,"",N,7.229,2,"",M,30.479,2,"",M,8.150,2,"",M,1029.660,2,"",M,402.185,2,"",M,NaN,,,0,NaN,,,M,389.022,2,"",387.462,2,"",NaN,,,NaN,,
2024-12-11T01:14:55.000Z,10.963,2,"",M,58.999,2,"",M,6.000,2,"",N,7.405,2,"",M,29.903,2,"",M,7.980,2,"",M,1029.790,2,"",M,404.344,2,"",M,NaN,,,0,NaN,,,M,396.967,2,"",395.371,2,"",NaN,,,NaN,,
2024-12-11T01:16:47.000Z,10.964,2,"",M,58.998,2,"",M,6.000,2,"",N,7.396,2,"",M,29.780,2,"",M,8.050,2,"",M,1029.880,2,"",M,402.612,2,"",M,NaN,,,0,NaN,,,M,393.959,2,"",392.378,2,"",NaN,,,NaN,,
2024-12-11T01:18:38.000Z,10.964,2,"",M,58.998,2,"",M,6.000,2,"",N,7.308,2,"",M,29.776,2,"",M,8.000,2,"",M,1029.830,2,"",M,401.491,2,"",M,NaN,,,0,NaN,,,M,392.234,2,"",390.659,2,"",NaN,,,NaN,,
2024-12-11T01:20:30.000Z,10.964,2,"",M,58.998,2,"",M,6.000,2,"",N,7.227,2,"",M,29.691,2,"",M,7.920,2,"",M,1029.790,2,"",M,401.389,2,"",M,NaN,,,0,NaN,,,M,392.129,2,"",390.552,2,"",NaN,,,NaN,,
2024-12-11T01:22:21.000Z,10.965,2,"",M,58.998,2,"",M,6.000,2,"",N,7.375,2,"",M,29.626,2,"",M,7.830,2,"",M,1029.780,2,"",M,400.838,2,"",M,NaN,,,0,NaN,,,M,395.563,2,"",393.971,2,"",NaN,,,NaN,,
2024-12-11T01:24:12.000Z,10.965,2,"",M,58.998,2,"",M,6.000,2,"",N,7.776,2,"",M,30.152,2,"",M,7.780,2,"",M,1029.640,2,"",M,399.547,2,"",M,NaN,,,0,NaN,,,M,401.846,2,"",400.227,2,"",NaN,,,NaN,,
2024-12-11T01:26:04.000Z,10.965,2,"",M,58.998,2,"",M,6.000,2,"",N,7.965,2,"",M,30.284,2,"",M,8.260,2,"",M,1029.920,2,"",M,399.185,2,"",M,NaN,,,0,NaN,,,M,396.542,2,"",394.955,2,"",NaN,,,NaN,,
2024-12-11T01:27:55.000Z,10.965,2,"",M,58.998,2,"",M,6.000,2,"",N,7.952,2,"",M,30.541,2,"",M,8.480,2,"",M,1029.810,2,"",M,403.264,2,"",M,NaN,,,0,NaN,,,M,396.570,2,"",394.986,2,"",NaN,,,NaN,,
2024-12-11T01:29:46.000Z,10.965,2,"",M,58.998,2,"",M,6.000,2,"",N,7.978,2,"",M,30.555,2,"",M,8.520,2,"",M,1029.720,2,"",M,407.573,2,"",M,NaN,,,0,NaN,,,M,400.514,2,"",398.916,2,"",NaN,,,NaN,,
2024-12-11T01:31:38.000Z,10.965,2,"",M,58.998,2,"",M,6.000,2,"",N,7.931,2,"",M,30.407,2,"",M,8.530,2,"",M,1029.620,2,"",M,409.842,2,"",M,NaN,,,0,NaN,,,M,401.735,2,"",400.132,2,"",NaN,,,NaN,,
2024-12-11T01:33:29.000Z,10.965,2,"",M,58.998,2,"",M,6.000,2,"",N,8.014,2,"",M,30.518,2,"",M,8.480,2,"",M,1029.650,2,"",M,410.490,2,"",M,NaN,,,0,NaN,,,M,404.675,2,"",403.059,2,"",NaN,,,NaN,,
2024-12-11T01:35:20.000Z,10.965,2,"",M,58.998,2,"",M,6.000,2,"",N,8.047,2,"",M,30.581,2,"",M,8.570,2,"",M,1029.640,2,"",M,410.009,2,"",M,NaN,,,0,NaN,,,M,403.182,2,"",401.574,2,"",NaN,,,NaN,,
2024-12-11T01:37:12.000Z,10.965,2,"",M,58.998,2,"",M,6.000,2,"",N,7.998,2,"",M,30.499,2,"",M,8.600,2,"",M,1029.600,2,"",M,410.938,2,"",M,NaN,,,0,NaN,,,M,402.726,2,"",401.121,2,"",NaN,,,NaN,,
2024-12-11T01:39:03.000Z,10.965,2,"",M,58.998,2,"",M,6.000,2,"",N,7.717,2,"",M,30.456,2,"",M,8.510,2,"",M,1029.510,2,"",M,411.116,2,"",M,NaN,,,0,NaN,,,M,399.654,2,"",398.059,2,"",NaN,,,NaN,,
2024-12-11T01:40:55.000Z,10.965,2,"",M,58.998,2,"",M,6.000,2,"",N,7.807,2,"",M,30.311,2,"",M,8.320,2,"",M,1029.390,2,"",M,410.605,2,"",M,NaN,,,0,NaN,,,M,403.915,2,"",402.300,2,"",NaN,,,NaN,,
2024-12-11T01:42:46.000Z,10.965,2,"",M,58.998,2,"",M,6.000,2,"",N,7.885,2,"",M,30.358,2,"",M,8.380,2,"",M,1029.810,2,"",M,408.663,2,"",M,NaN,,,0,NaN,,,M,402.456,2,"",400.847,2,"",NaN,,,NaN,,
2024-12-11T01:44:37.000Z,10.965,2,"",M,58.998,2,"",M,6.000,2,"",N,7.781,2,"",M,30.410,2,"",M,8.410,2,"",M,1029.750,2,"",M,408.422,2,"",M,NaN,,,0,NaN,,,M,399.928,2,"",398.330,2,"",NaN,,,NaN,,
2024-12-11T01:46:29.000Z,10.965,2,"",M,58.998,2,"",M,6.000,2,"",N,7.973,2,"",M,30.296,2,"",M,8.440,2,"",M,1029.700,2,"",M,409.081,2,"",M,NaN,,,0,NaN,,,M,403.291,2,"",401.680,2,"",NaN,,,NaN,,
2024-12-11T01:48:21.000Z,10.965,2,"",M,58.998,2,"",M,6.000,2,"",N,7.953,2,"",M,30.583,2,"",M,8.470,2,"",M,1029.680,2,"",M,408.889,2,"",M,NaN,,,0,NaN,,,M,402.237,2,"",400.631,2,"",NaN,,,NaN,,
2024-12-11T01:50:13.000Z,10.965,2,"",M,58.998,2,"",M,6.000,2,"",N,7.944,2,"",M,30.501,2,"",M,8.570,2,"",M,1029.720,2,"",M,409.678,2,"",M,NaN,,,0,NaN,,,M,401.145,2,"",399.546,2,"",NaN,,,NaN,,
2024-12-11T01:52:04.000Z,10.965,2,"",M,58.998,2,"",M,6.000,2,"",N,7.898,2,"",M,30.418,2,"",M,8.520,2,"",M,1029.840,2,"",M,410.897,2,"",M,NaN,,,0,NaN,,,M,402.467,2,"",400.861,2,"",NaN,,,NaN,,
2024-12-11T01:53:55.000Z,10.965,2,"",M,58.998,2,"",M,6.000,2,"",N,7.937,2,"",M,30.451,2,"",M,8.480,2,"",M,1029.790,2,"",M,410.385,2,"",M,NaN,,,0,NaN,,,M,403.299,2,"",401.689,2,"",NaN,,,NaN,,
2024-12-11T01:55:47.000Z,10.965,2,"",M,58.998,2,"",M,6.000,2,"",N,8.003,2,"",M,30.490,2,"",M,8.500,2,"",M,1029.650,2,"",M,409.954,2,"",M,NaN,,,0,NaN,,,M,403.604,2,"",401.993,2,"",NaN,,,NaN,,
2024-12-11T01:57:38.000Z,10.965,2,"",M,58.998,2,"",M,6.000,2,"",N,8.015,2,"",M,30.585,2,"",M,8.540,2,"",M,1029.590,2,"",M,410.473,2,"",M,NaN,,,0,NaN,,,M,403.591,2,"",401.982,2,"",NaN,,,NaN,,
2024-12-11T01:59:30.000Z,10.965,2,"",M,58.998,2,"",M,6.000,2,"",N,8.017,2,"",M,30.556,2,"",M,8.580,2,"",M,1029.710,2,"",M,411.131,2,"",M,NaN,,,0,NaN,,,M,403.638,2,"",402.029,2,"",NaN,,,NaN,,
2024-12-11T02:01:21.000Z,10.965,2,"",M,58.998,2,"",M,6.000,2,"",N,8.017,2,"",M,30.558,2,"",M,8.590,2,"",M,1029.660,2,"",M,412.110,2,"",M,NaN,,,0,NaN,,,M,404.395,2,"",402.783,2,"",NaN,,,NaN,,
2024-12-11T02:03:12.000Z,10.965,2,"",M,58.998,2,"",M,6.000,2,"",N,8.018,2,"",M,30.562,2,"",M,8.560,2,"",M,1029.590,2,"",M,412.159,2,"",M,NaN,,,0,NaN,,,M,404.957,2,"",403.343,2,"",NaN,,,NaN,,
2024-12-11T02:05:04.000Z,10.965,2,"",M,58.998,2,"",M,6.000,2,"",N,8.017,2,"",M,30.582,2,"",M,8.580,2,"",M,1029.750,2,"",M,412.307,2,"",M,NaN,,,0,NaN,,,M,404.797,2,"",403.183,2,"",NaN,,,NaN,,
2024-12-11T02:06:55.000Z,10.965,2,"",M,58.998,2,"",M,6.000,2,"",N,8.021,2,"",M,30.559,2,"",M,8.570,2,"",M,1029.740,2,"",M,412.276,2,"",M,NaN,,,0,NaN,,,M,405.020,2,"",403.405,2,"",NaN,,,NaN,,
2024-12-11T02:08:46.000Z,10.965,2,"",M,58.998,2,"",M,6.000,2,"",N,8.013,2,"",M,30.587,2,"",M,8.600,2,"",M,1029.900,2,"",M,412.494,2,"",M,NaN,,,0,NaN,,,M,404.637,2,"",403.024,2,"",NaN,,,NaN,,
2024-12-11T02:10:38.000Z,10.965,2,"",M,58.998,2,"",M,6.000,2,"",N,8.016,2,"",M,30.575,2,"",M,8.590,2,"",M,1029.880,2,"",M,412.703,2,"",M,NaN,,,0,NaN,,,M,405.059,2,"",403.444,2,"",NaN,,,NaN,,
2024-12-11T02:12:29.000Z,10.965,2,"",M,58.998,2,"",M,6.000,2,"",N,8.013,2,"",M,30.559,2,"",M,8.580,2,"",M,1029.839,2,"",M,412.582,2,"",M,NaN,,,0,NaN,,,M,405.040,2,"",403.425,2,"",NaN,,,NaN,,
2024-12-11T02:14:20.000Z,10.965,2,"",M,58.998,2,"",M,6.000,2,"",N,8.012,2,"",M,30.524,2,"",M,8.560,2,"",M,1029.677,2,"",M,412.040,2,"",M,NaN,,,0,NaN,,,M,404.771,2,"",403.157,2,"",NaN,,,NaN,,
2024-12-11T02:16:33.000Z,10.965,2,"",M,58.998,2,"",M,6.000,2,"",N,7.910,2,"",M,30.586,2,"",M,8.570,2,"",M,1029.790,2,"",M,412.259,2,"",M,NaN,,,0,NaN,,,M,403.115,2,"",401.508,2,"",NaN,,,NaN,,
2024-12-11T02:18:24.000Z,10.965,2,"",M,58.998,2,"",M,6.000,2,"",N,7.926,2,"",M,30.541,2,"",M,8.570,2,"",M,1029.790,2,"",M,411.957,2,"",M,NaN,,,0,NaN,,,M,403.093,2,"",401.486,2,"",NaN,,,NaN,,
2024-12-11T02:20:16.000Z,10.965,2,"",M,58.998,2,"",M,6.000,2,"",N,7.881,2,"",M,30.408,2,"",M,8.530,2,"",M,1029.760,2,"",M,412.446,2,"",M,NaN,,,0,NaN,,,M,403.482,2,"",401.873,2,"",NaN,,,NaN,,
2024-12-11T02:22:08.000Z,10.965,2,"",M,58.998,2,"",M,6.000,2,"",N,7.873,2,"",M,30.393,2,"",M,8.460,2,"",M,1029.570,2,"",M,411.545,2,"",M,NaN,,,0,NaN,,,M,403.609,2,"",401.998,2,"",NaN,,,NaN,,
2024-12-11T02:23:59.000Z,10.965,2,"",M,58.998,2,"",M,6.000,2,"",N,7.874,2,"",M,30.374,2,"",M,8.440,2,"",M,1029.450,2,"",M,410.473,2,"",M,NaN,,,0,NaN,,,M,402.877,2,"",401.269,2,"",NaN,,,NaN,,
2024-12-11T02:25:51.000Z,10.965,2,"",M,58.998,2,"",M,6.000,2,"",N,7.847,2,"",M,30.348,2,"",M,8.450,2,"",M,1029.450,2,"",M,410.152,2,"",M,NaN,,,0,NaN,,,M,401.922,2,"",400.317,2,"",NaN,,,NaN,,
2024-12-11T02:27:42.000Z,10.965,2,"",M,58.998,2,"",M,6.000,2,"",N,7.882,2,"",M,30.371,2,"",M,8.430,2,"",M,1029.710,2,"",M,409.700,2,"",M,NaN,,,0,NaN,,,M,402.530,2,"",400.922,2,"",NaN,,,NaN,,
2024-12-11T02:29:33.000Z,10.965,2,"",M,58.998,2,"",M,6.000,2,"",N,7.888,2,"",M,30.407,2,"",M,8.440,2,"",M,1029.680,2,"",M,409.349,2,"",M,NaN,,,0,NaN,,,M,402.103,2,"",400.497,2,"",NaN,,,NaN,,
2024-12-11T02:31:25.000Z,10.965,2,"",M,58.998,2,"",M,6.000,2,"",N,7.859,2,"",M,30.346,2,"",M,8.450,2,"",M,1029.710,2,"",M,409.458,2,"",M,NaN,,,0,NaN,,,M,401.553,2,"",399.949,2,"",NaN,,,NaN,,
2024-12-11T02:33:16.000Z,10.965,2,"",M,58.998,2,"",M,6.000,2,"",N,7.866,2,"",M,30.394,2,"",M,8.420,2,"",M,1029.730,2,"",M,409.416,2,"",M,NaN,,,0,NaN,,,M,402.157,2,"",400.551,2,"",NaN,,,NaN,,
2024-12-11T02:35:07.000Z,10.965,2,"",M,58.998,2,"",M,6.000,2,"",N,7.936,2,"",M,30.398,2,"",M,8.470,2,"",M,1029.810,2,"",M,409.385,2,"",M,NaN,,,0,NaN,,,M,402.476,2,"",400.869,2,"",NaN,,,NaN,,
2024-12-11T02:36:59.000Z,10.965,2,"",M,58.998,2,"",M,6.000,2,"",N,7.930,2,"",M,30.447,2,"",M,8.460,2,"",M,1029.750,2,"",M,409.433,2,"",M,NaN,,,0,NaN,,,M,402.574,2,"",400.966,2,"",NaN,,,NaN,,
2024-12-11T02:38:50.000Z,10.965,2,"",M,58.998,2,"",M,6.000,2,"",N,7.930,2,"",M,30.437,2,"",M,8.470,2,"",M,1029.660,2,"",M,409.772,2,"",M,NaN,,,0,NaN,,,M,402.709,2,"",401.101,2,"",NaN,,,NaN,,
2024-12-11T02:40:41.000Z,10.965,2,"",M,58.998,2,"",M,6.000,2,"",N,7.917,2,"",M,30.454,2,"",M,8.480,2,"",M,1029.590,2,"",M,410.021,2,"",M,NaN,,,0,NaN,,,M,402.518,2,"",400.912,2,"",NaN,,,NaN,,
2024-12-11T02:42:33.000Z,10.965,2,"",M,58.998,2,"",M,6.000,2,"",N,7.927,2,"",M,30.536,2,"",M,8.510,2,"",M,1029.650,2,"",M,410.019,2,"",M,NaN,,,0,NaN,,,M,402.190,2,"",400.585,2,"",NaN,,,NaN,,
2024-12-11T02:44:24.000Z,10.965,2,"",M,58.998,2,"",M,6.000,2,"",N,7.920,2,"",M,30.571,2,"",M,8.530,2,"",M,1029.620,2,"",M,410.768,2,"",M,NaN,,,0,NaN,,,M,402.454,2,"",400.848,2,"",NaN,,,NaN,,
2024-12-11T02:46:15.000Z,10.965,2,"",M,58.998,2,"",M,6.000,2,"",N,7.946,2,"",M,30.546,2,"",M,8.540,2,"",M,1029.530,2,"",M,411.217,2,"",M,NaN,,,0,NaN,,,M,403.136,2,"",401.528,2,"",NaN,,,NaN,,
2024-12-11T02:48:07.000Z,10.965,2,"",M,58.998,2,"",M,6.000,2,"",N,7.955,2,"",M,30.534,2,"",M,8.510,2,"",M,1029.700,2,"",M,411.685,2,"",M,NaN,,,0,NaN,,,M,404.335,2,"",402.722,2,"",NaN,,,NaN,,
2024-12-11T02:49:58.000Z,10.965,2,"",M,58.998,2,"",M,6.000,2,"",N,7.917,2,"",M,30.420,2,"",M,8.500,2,"",M,1029.700,2,"",M,411.214,2,"",M,NaN,,,0,NaN,,,M,403.388,2,"",401.778,2,"",NaN,,,NaN,,
2024-12-11T02:51:50.000Z,10.965,2,"",M,58.998,2,"",M,6.000,2,"",N,7.918,2,"",M,30.444,2,"",M,8.500,2,"",M,1029.770,2,"",M,411.153,2,"",M,NaN,,,0,NaN,,,M,403.382,2,"",401.772,2,"",NaN,,,NaN,,
2024-12-11T02:53:41.000Z,10.965,2,"",M,58.998,2,"",M,6.000,2,"",N,7.891,2,"",M,30.418,2,"",M,8.480,2,"",M,1029.755,2,"",M,410.921,2,"",M,NaN,,,0,NaN,,,M,403.037,2,"",401.428,2,"",NaN,,,NaN,,
2024-12-11T02:55:32.000Z,10.965,2,"",M,58.998,2,"",M,6.000,2,"",N,7.905,2,"",M,30.382,2,"",M,8.490,2,"",M,1029.700,2,"",M,410.530,2,"",M,NaN,,,0,NaN,,,M,402.682,2,"",401.075,2,"",NaN,,,NaN,,
2024-12-11T02:57:32.000Z,10.965,2,"",M,58.998,2,"",M,6.000,2,"",N,7.931,2,"",M,30.485,2,"",M,8.460,2,"",M,1029.630,2,"",M,410.568,2,"",M,NaN,,,0,NaN,,,M,403.670,2,"",402.059,2,"",NaN,,,NaN,,
2024-12-11T02:59:24.000Z,10.965,2,"",M,58.998,2,"",M,6.000,2,"",N,7.900,2,"",M,30.445,2,"",M,8.500,2,"",M,1029.640,2,"",M,409.967,2,"",M,NaN,,,0,NaN,,,M,401.852,2,"",400.248,2,"",NaN,,,NaN,,
2024-12-11T03:01:18.000Z,10.965,2,"",M,58.998,2,"",M,6.000,2,"",N,7.888,2,"",M,30.443,2,"",M,8.490,2,"",M,1029.570,2,"",M,410.796,2,"",M,NaN,,,0,NaN,,,M,402.619,2,"",401.012,2,"",NaN,,,NaN,,
2024-12-11T03:03:09.000Z,10.965,2,"",M,58.998,2,"",M,6.000,2,"",N,7.908,2,"",M,30.403,2,"",M,8.470,2,"",M,1029.670,2,"",M,410.894,2,"",M,NaN,,,0,NaN,,,M,403.429,2,"",401.819,2,"",NaN,,,NaN,,
2024-12-11T03:05:01.000Z,10.965,2,"",M,58.998,2,"",M,6.000,2,"",N,7.910,2,"",M,30.444,2,"",M,8.470,2,"",M,1029.630,2,"",M,410.523,2,"",M,NaN,,,0,NaN,,,M,403.095,2,"",401.485,2,"",NaN,,,NaN,,
2024-12-11T03:09:30.000Z,10.965,2,"",M,58.998,2,"",M,6.000,2,"",N,NaN,,,M,NaN,,,M,NaN,,,M,NaN,,,M,NaN,,,0,NaN,,,0,NaN,,,M,NaN,,,NaN,,,NaN,,,NaN,,
2024-12-11T03:11:21.000Z,10.965,2,"",M,58.998,2,"",M,6.000,2,"",N,NaN,,,M,NaN,,,M,NaN,,,M,NaN,,,M,NaN,,,0,NaN,,,0,NaN,,,M,NaN,,,NaN,,,NaN,,,NaN,,
2024-12-11T03:13:11.000Z,10.965,2,"",M,58.998,2,"",M,6.000,2,"",N,NaN,,,M,NaN,,,M,NaN,,,M,NaN,,,M,NaN,,,0,NaN,,,0,NaN,,,M,NaN,,,NaN,,,NaN,,,NaN,,
2024-12-11T03:17:41.000Z,10.965,2,"",M,58.998,2,"",M,6.000,2,"",N,NaN,,,M,NaN,,,M,NaN,,,M,NaN,,,M,NaN,,,0,NaN,,,0,NaN,,,M,NaN,,,NaN,,,NaN,,,NaN,,
2024-12-11T03:19:51.000Z,10.965,2,"",M,58.998,2,"",M,6.000,2,"",N,NaN,,,M,NaN,,,M,NaN,,,M,NaN,,,M,NaN,,,0,NaN,,,0,NaN,,,M,NaN,,,NaN,,,NaN,,,NaN,,
2024-12-11T03:21:40.000Z,10.965,2,"",M,58.998,2,"",M,6.000,2,"",N,NaN,,,M,NaN,,,M,NaN,,,M,NaN,,,M,NaN,,,0,NaN,,,0,NaN,,,M,NaN,,,NaN,,,NaN,,,NaN,,
2024-12-11T03:26:09.000Z,10.965,2,"",M,58.998,2,"",M,6.000,2,"",N,NaN,,,M,NaN,,,M,NaN,,,M,NaN,,,M,NaN,,,0,NaN,,,0,NaN,,,M,NaN,,,NaN,,,NaN,,,NaN,,
2024-12-11T03:27:58.000Z,10.965,2,"",M,58.998,2,"",M,6.000,2,"",N,NaN,,,M,NaN,,,M,NaN,,,M,NaN,,,M,NaN,,,0,NaN,,,0,NaN,,,M,NaN,,,NaN,,,NaN,,,NaN,,
2024-12-11T03:29:48.000Z,10.965,2,"",M,58.998,2,"",M,6.000,2,"",N,NaN,,,M,NaN,,,M,NaN,,,M,NaN,,,M,NaN,,,0,NaN,,,0,NaN,,,M,NaN,,,NaN,,,NaN,,,NaN,,
2024-12-11T03:34:56.000Z,10.965,2,"",M,58.998,2,"",M,6.000,2,"",N,NaN,,,M,NaN,,,M,NaN,,,M,NaN,,,M,NaN,,,0,NaN,,,0,NaN,,,M,NaN,,,NaN,,,NaN,,,NaN,,
2024-12-11T03:39:30.000Z,10.965,2,"",M,58.998,2,"",M,6.000,2,"",N,NaN,,,M,NaN,,,M,NaN,,,M,NaN,,,M,NaN,,,0,NaN,,,0,NaN,,,M,NaN,,,NaN,,,NaN,,,NaN,,
2024-12-11T03:54:03.000Z,10.965,2,"",M,58.998,2,"",M,6.000,2,"",N,NaN,,,M,NaN,,,M,NaN,,,M,NaN,,,M,NaN,,,0,NaN,,,0,NaN,,,M,NaN,,,NaN,,,NaN,,,NaN,,
2024-12-11T03:58:35.000Z,10.965,2,"",M,58.998,2,"",M,6.000,2,"",N,NaN,,,M,NaN,,,M,NaN,,,M,NaN,,,M,NaN,,,0,NaN,,,0,NaN,,,M,NaN,,,NaN,,,NaN,,,NaN,,
2024-12-11T04:03:05.000Z,10.965,2,"",M,58.998,2,"",M,6.000,2,"",N,NaN,,,M,NaN,,,M,NaN,,,M,NaN,,,M,NaN,,,0,NaN,,,0,NaN,,,M,NaN,,,NaN,,,NaN,,,NaN,,
2024-12-11T04:04:54.000Z,10.965,2,"",M,58.998,2,"",M,6.000,2,"",N,NaN,,,M,NaN,,,M,NaN,,,M,NaN,,,M,NaN,,,0,NaN,,,0,NaN,,,M,NaN,,,NaN,,,NaN,,,NaN,,
2024-12-11T04:06:43.000Z,10.965,2,"",M,58.998,2,"",M,6.000,2,"",N,NaN,,,M,NaN,,,M,NaN,,,M,NaN,,,M,NaN,,,0,NaN,,,0,NaN,,,M,NaN,,,NaN,,,NaN,,,NaN,,
2024-12-11T04:11:12.000Z,10.965,2,"",M,58.998,2,"",M,6.000,2,"",N,NaN,,,M,NaN,,,M,NaN,,,M,NaN,,,M,NaN,,,0,NaN,,,0,NaN,,,M,NaN,,,NaN,,,NaN,,,NaN,,
2024-12-11T04:13:01.000Z,10.965,2,"",M,58.998,2,"",M,6.000,2,"",N,NaN,,,M,NaN,,,M,NaN,,,M,NaN,,,M,NaN,,,0,NaN,,,0,NaN,,,M,NaN,,,NaN,,,NaN,,,NaN,,
2024-12-11T04:14:50.000Z,10.965,2,"",M,58.998,2,"",M,6.000,2,"",N,NaN,,,M,NaN,,,M,NaN,,,M,NaN,,,M,NaN,,,0,NaN,,,0,NaN,,,M,NaN,,,NaN,,,NaN,,,NaN,,
2024-12-11T04:19:19.000Z,10.965,2,"",M,58.997,2,"",M,6.000,2,"",N,NaN,,,M,NaN,,,M,NaN,,,M,NaN,,,M,NaN,,,0,NaN,,,0,NaN,,,M,NaN,,,NaN,,,NaN,,,NaN,,
2024-12-11T04:21:08.000Z,10.965,2,"",M,58.997,2,"",M,6.000,2,"",N,NaN,,,M,NaN,,,M,NaN,,,M,NaN,,,M,NaN,,,0,NaN,,,0,NaN,,,M,NaN,,,NaN,,,NaN,,,NaN,,
2024-12-11T04:22:57.000Z,10.965,2,"",M,58.996,2,"",M,6.000,2,"",N,NaN,,,M,NaN,,,M,NaN,,,M,NaN,,,M,NaN,,,0,NaN,,,0,NaN,,,M,NaN,,,NaN,,,NaN,,,NaN,,
2024-12-11T04:27:26.000Z,10.965,2,"",M,58.996,2,"",M,6.000,2,"",N,7.629,2,"",M,30.030,2,"",M,NaN,,,M,NaN,,,M,NaN,,,0,443.752,2,"",M,1028.600,2,"",M,NaN,,,NaN,,,447.068,2,"",445.261,2,""
2024-12-11T04:29:17.000Z,10.965,2,"",M,58.996,2,"",M,6.000,2,"",N,7.143,2,"",M,29.638,2,"",M,NaN,,,M,NaN,,,M,NaN,,,0,444.285,2,"",M,1028.600,2,"",M,NaN,,,NaN,,,447.754,2,"",445.933,2,""
2024-12-11T04:31:06.000Z,10.965,2,"",M,58.996,2,"",M,6.000,2,"",N,7.317,2,"",M,29.570,2,"",M,NaN,,,M,NaN,,,M,NaN,,,0,444.089,2,"",M,1028.600,2,"",M,NaN,,,NaN,,,447.503,2,"",445.687,2,""
2024-12-11T04:32:55.000Z,10.965,2,"",M,58.996,2,"",M,6.000,2,"",N,7.452,2,"",M,30.030,2,"",M,NaN,,,M,NaN,,,M,NaN,,,0,444.032,2,"",M,1028.600,2,"",M,NaN,,,NaN,,,447.406,2,"",445.593,2,""
2024-12-11T04:34:44.000Z,10.965,2,"",M,58.996,2,"",M,6.000,2,"",N,7.547,2,"",M,29.879,2,"",M,NaN,,,M,NaN,,,M,NaN,,,0,444.196,2,"",M,1028.600,2,"",M,NaN,,,NaN,,,447.541,2,"",445.730,2,""
2024-12-11T04:39:54.000Z,10.965,2,"",M,58.996,2,"",M,6.000,2,"",N,7.696,2,"",M,30.144,2,"",M,8.350,2,"",M,0.200,4,"Out of range",M,407.112,2,"",M,NaN,,,0,NaN,,,M,-4.141,4,"Equilibrator Pressure Out of range",-4.141,4,"Equilibrator Pressure Out of range",NaN,,,NaN,,
2024-12-11T04:41:46.000Z,10.965,2,"",M,58.996,2,"",M,6.000,2,"",N,7.851,2,"",M,30.224,2,"",M,8.200,2,"",M,0.160,4,"Out of range",M,408.256,2,"",M,NaN,,,0,NaN,,,M,-4.179,4,"Equilibrator Pressure Out of range",-4.179,4,"Equilibrator Pressure Out of range",NaN,,,NaN,,
2024-12-11T04:43:37.000Z,10.965,2,"",M,58.996,2,"",M,6.000,2,"",N,7.835,2,"",M,30.480,2,"",M,8.360,2,"",M,1029.610,2,"",M,406.889,2,"",M,NaN,,,0,NaN,,,M,400.138,2,"",398.538,2,"",NaN,,,NaN,,
2024-12-11T04:45:29.000Z,10.965,2,"",M,58.996,2,"",M,6.000,2,"",N,7.793,2,"",M,30.395,2,"",M,8.440,2,"",M,1029.580,2,"",M,407.953,2,"",M,NaN,,,0,NaN,,,M,399.088,2,"",397.494,2,"",NaN,,,NaN,,
2024-12-11T04:47:20.000Z,10.965,2,"",M,58.996,2,"",M,6.000,2,"",N,7.826,2,"",M,30.388,2,"",M,8.380,2,"",M,1029.500,2,"",M,409.537,2,"",M,NaN,,,0,NaN,,,M,402.189,2,"",400.581,2,"",NaN,,,NaN,,
2024-12-11T04:49:12.000Z,10.965,2,"",M,58.996,2,"",M,6.000,2,"",N,7.744,2,"",M,30.403,2,"",M,8.380,2,"",M,1029.400,2,"",M,409.220,2,"",M,NaN,,,0,NaN,,,M,400.448,2,"",398.848,2,"",NaN,,,NaN,,
2024-12-11T04:51:03.000Z,10.965,2,"",M,58.996,2,"",M,6.000,2,"",N,7.762,2,"",M,30.366,2,"",M,8.340,2,"",M,1029.380,2,"",M,409.244,2,"",M,NaN,,,0,NaN,,,M,401.470,2,"",399.865,2,"",NaN,,,NaN,,
2024-12-11T04:53:15.000Z,10.965,2,"",M,58.996,2,"",M,6.000,2,"",N,7.828,2,"",M,30.460,2,"",M,8.350,2,"",M,1029.360,2,"",M,409.448,2,"",M,NaN,,,0,NaN,,,M,402.604,2,"",400.994,2,"",NaN,,,NaN,,
2024-12-11T04:55:07.000Z,10.965,2,"",M,58.996,2,"",M,6.000,2,"",N,7.762,2,"",M,30.397,2,"",M,8.410,2,"",M,1029.210,2,"",M,409.751,2,"",M,NaN,,,0,NaN,,,M,400.691,2,"",399.090,2,"",NaN,,,NaN,,
2024-12-11T04:56:59.000Z,10.965,2,"",M,58.996,2,"",M,6.000,2,"",N,7.777,2,"",M,30.374,2,"",M,8.340,2,"",M,1028.910,2,"",M,409.985,2,"",M,NaN,,,0,NaN,,,M,402.256,2,"",400.648,2,"",NaN,,,NaN,,
2024-12-11T04:58:51.000Z,10.965,2,"",M,58.996,2,"",M,6.000,2,"",N,7.802,2,"",M,30.414,2,"",M,8.330,2,"",M,1028.930,2,"",M,409.748,2,"",M,NaN,,,0,NaN,,,M,402.635,2,"",401.026,2,"",NaN,,,NaN,,
2024-12-11T05:00:42.000Z,10.965,2,"",M,58.996,2,"",M,6.000,2,"",N,7.797,2,"",M,30.324,2,"",M,8.390,2,"",M,1029.590,2,"",M,409.621,2,"",M,NaN,,,0,NaN,,,M,401.642,2,"",400.037,2,"",NaN,,,NaN,,
2024-12-11T05:02:34.000Z,10.965,2,"",M,58.996,2,"",M,6.000,2,"",N,7.957,2,"",M,30.364,2,"",M,8.390,2,"",M,1029.490,2,"",M,409.315,2,"",M,NaN,,,0,NaN,,,M,404.041,2,"",402.426,2,"",NaN,,,NaN,,
2024-12-11T05:04:25.000Z,10.965,2,"",M,58.996,2,"",M,6.000,2,"",N,7.994,2,"",M,30.529,2,"",M,8.500,2,"",M,1029.400,2,"",M,408.718,2,"",M,NaN,,,0,NaN,,,M,402.133,2,"",400.529,2,"",NaN,,,NaN,,
2024-12-11T05:06:16.000Z,10.965,2,"",M,58.996,2,"",M,6.000,2,"",N,7.964,2,"",M,30.562,2,"",M,8.550,2,"",M,1029.400,2,"",M,409.492,2,"",M,NaN,,,0,NaN,,,M,401.526,2,"",399.925,2,"",NaN,,,NaN,,
2024-12-11T05:08:08.000Z,10.965,2,"",M,58.996,2,"",M,6.000,2,"",N,7.854,2,"",M,30.498,2,"",M,8.560,2,"",M,1029.600,2,"",M,411.266,2,"",M,NaN,,,0,NaN,,,M,401.288,2,"",399.688,2,"",NaN,,,NaN,,
2024-12-11T05:09:59.000Z,10.965,2,"",M,58.996,2,"",M,6.000,2,"",N,7.823,2,"",M,30.381,2,"",M,8.470,2,"",M,1029.570,2,"",M,411.579,2,"",M,NaN,,,0,NaN,,,M,402.610,2,"",401.003,2,"",NaN,,,NaN,,
2024-12-11T05:11:50.000Z,10.965,2,"",M,58.996,2,"",M,6.000,2,"",N,7.814,2,"",M,30.310,2,"",M,8.390,2,"",M,1029.500,2,"",M,410.732,2,"",M,NaN,,,0,NaN,,,M,402.991,2,"",401.381,2,"",NaN,,,NaN,,
2024-12-11T05:13:42.000Z,10.965,2,"",M,58.996,2,"",M,6.000,2,"",N,7.761,2,"",M,30.294,2,"",M,8.370,2,"",M,1029.400,2,"",M,408.905,2,"",M,NaN,,,0,NaN,,,M,400.601,2,"",399.000,2,"",NaN,,,NaN,,
2024-12-11T05:15:33.000Z,10.965,2,"",M,58.996,2,"",M,6.000,2,"",N,7.885,2,"",M,30.378,2,"",M,8.330,2,"",M,1029.510,2,"",M,408.348,2,"",M,NaN,,,0,NaN,,,M,402.893,2,"",401.282,2,"",NaN,,,NaN,,
2024-12-11T05:17:24.000Z,10.965,2,"",M,58.996,2,"",M,6.000,2,"",N,7.868,2,"",M,30.444,2,"",M,8.430,2,"",M,1029.650,2,"",M,408.041,2,"",M,NaN,,,0,NaN,,,M,400.630,2,"",399.030,2,"",NaN,,,NaN,,
2024-12-11T05:19:16.000Z,10.965,2,"",M,58.996,2,"",M,6.000,2,"",N,7.763,2,"",M,30.403,2,"",M,8.450,2,"",M,1029.620,2,"",M,408.695,2,"",M,NaN,,,0,NaN,,,M,399.139,2,"",397.545,2,"",NaN,,,NaN,,
2024-12-11T05:21:08.000Z,10.965,2,"",M,58.996,2,"",M,6.000,2,"",N,7.743,2,"",M,30.103,2,"",M,8.380,2,"",M,1029.570,2,"",M,409.329,2,"",M,NaN,,,0,NaN,,,M,400.611,2,"",399.010,2,"",NaN,,,NaN,,
2024-12-11T05:22:59.000Z,10.965,2,"",M,58.996,2,"",M,6.000,2,"",N,7.785,2,"",M,30.389,2,"",M,8.240,2,"",M,1029.540,2,"",M,407.921,2,"",M,NaN,,,0,NaN,,,M,402.355,2,"",400.744,2,"",NaN,,,NaN,,
2024-12-11T05:24:51.000Z,10.965,2,"",M,58.996,2,"",M,6.000,2,"",N,7.826,2,"",M,30.436,2,"",M,8.410,2,"",M,1029.810,2,"",M,407.154,2,"",M,NaN,,,0,NaN,,,M,399.465,2,"",397.868,2,"",NaN,,,NaN,,
2024-12-11T05:26:42.000Z,10.965,2,"",M,58.996,2,"",M,6.000,2,"",N,7.888,2,"",M,30.407,2,"",M,8.410,2,"",M,1029.710,2,"",M,408.348,2,"",M,NaN,,,0,NaN,,,M,401.646,2,"",400.042,2,"",NaN,,,NaN,,
2024-12-11T05:28:33.000Z,10.965,2,"",M,58.996,2,"",M,6.000,2,"",N,7.890,2,"",M,30.413,2,"",M,8.430,2,"",M,1029.640,2,"",M,408.352,2,"",M,NaN,,,0,NaN,,,M,401.307,2,"",399.704,2,"",NaN,,,NaN,,
2024-12-11T05:30:25.000Z,10.965,2,"",M,58.996,2,"",M,6.000,2,"",N,7.937,2,"",M,30.367,2,"",M,8.440,2,"",M,1029.530,2,"",M,408.675,2,"",M,NaN,,,0,NaN,,,M,402.214,2,"",400.608,2,"",NaN,,,NaN,,
2024-12-11T05:32:16.000Z,10.965,2,"",M,58.996,2,"",M,6.000,2,"",N,7.793,2,"",M,30.262,2,"",M,8.440,2,"",M,1029.600,2,"",M,408.899,2,"",M,NaN,,,0,NaN,,,M,400.010,2,"",398.413,2,"",NaN,,,NaN,,
2024-12-11T05:34:08.000Z,10.965,2,"",M,58.996,2,"",M,6.000,2,"",N,7.897,2,"",M,30.488,2,"",M,8.390,2,"",M,1029.730,2,"",M,408.882,2,"",M,NaN,,,0,NaN,,,M,402.681,2,"",401.071,2,"",NaN,,,NaN,,
2024-12-11T05:35:59.000Z,10.965,2,"",M,58.996,2,"",M,6.000,2,"",N,7.885,2,"",M,30.359,2,"",M,8.480,2,"",M,1029.650,2,"",M,408.485,2,"",M,NaN,,,0,NaN,,,M,400.498,2,"",398.899,2,"",NaN,,,NaN,,
2024-12-11T05:37:50.000Z,10.965,2,"",M,58.996,2,"",M,6.000,2,"",N,7.922,2,"",M,30.483,2,"",M,8.400,2,"",M,1029.510,2,"",M,409.419,2,"",M,NaN,,,0,NaN,,,M,403.381,2,"",401.769,2,"",NaN,,,NaN,,
2024-12-11T05:39:42.000Z,10.965,2,"",M,58.996,2,"",M,6.000,2,"",N,7.839,2,"",M,30.476,2,"",M,8.490,2,"",M,1029.530,2,"",M,409.303,2,"",M,NaN,,,0,NaN,,,M,400.294,2,"",398.697,2,"",NaN,,,NaN,,
2024-12-11T05:41:33.000Z,10.965,2,"",M,58.996,2,"",M,6.000,2,"",N,7.867,2,"",M,30.408,2,"",M,8.460,2,"",M,1029.610,2,"",M,409.987,2,"",M,NaN,,,0,NaN,,,M,402.001,2,"",400.396,2,"",NaN,,,NaN,,
2024-12-11T05:43:24.000Z,10.965,2,"",M,58.996,2,"",M,6.000,2,"",N,7.909,2,"",M,30.475,2,"",M,8.420,2,"",M,1029.520,2,"",M,410.620,2,"",M,NaN,,,0,NaN,,,M,403.998,2,"",402.385,2,"",NaN,,,NaN,,
2024-12-11T05:45:16.000Z,10.965,2,"",M,58.996,2,"",M,6.000,2,"",N,7.872,2,"",M,30.430,2,"",M,8.450,2,"",M,1029.435,2,"",M,410.043,2,"",M,NaN,,,0,NaN,,,M,402.235,2,"",400.629,2,"",NaN,,,NaN,,
2024-12-11T05:47:07.000Z,10.965,2,"",M,58.996,2,"",M,6.000,2,"",N,7.891,2,"",M,30.469,2,"",M,8.430,2,"",M,1029.580,2,"",M,410.507,2,"",M,NaN,,,0,NaN,,,M,403.419,2,"",401.807,2,"",NaN,,,NaN,,
2024-12-11T05:48:59.000Z,10.965,2,"",M,58.996,2,"",M,6.000,2,"",N,7.845,2,"",M,30.442,2,"",M,8.440,2,"",M,1029.770,2,"",M,410.310,2,"",M,NaN,,,0,NaN,,,M,402.346,2,"",400.739,2,"",NaN,,,NaN,,
2024-12-11T05:50:50.000Z,10.965,2,"",M,58.996,2,"",M,6.000,2,"",N,7.870,2,"",M,30.424,2,"",M,8.440,2,"",M,1029.730,2,"",M,410.984,2,"",M,NaN,,,0,NaN,,,M,403.410,2,"",401.799,2,"",NaN,,,NaN,,
2024-12-11T05:53:02.000Z,10.965,2,"",M,58.996,2,"",M,6.000,2,"",N,7.864,2,"",M,30.433,2,"",M,8.440,2,"",M,1029.540,2,"",M,410.648,2,"",M,NaN,,,0,NaN,,,M,402.917,2,"",401.308,2,"",NaN,,,NaN,,
2024-12-11T05:54:53.000Z,10.965,2,"",M,58.996,2,"",M,6.000,2,"",N,7.837,2,"",M,30.450,2,"",M,8.430,2,"",M,1029.540,2,"",M,410.211,2,"",M,NaN,,,0,NaN,,,M,402.191,2,"",400.585,2,"",NaN,,,NaN,,
2024-12-11T05:56:45.000Z,10.965,2,"",M,58.996,2,"",M,6.000,2,"",N,7.868,2,"",M,30.487,2,"",M,8.430,2,"",M,1029.600,2,"",M,410.044,2,"",M,NaN,,,0,NaN,,,M,402.579,2,"",400.971,2,"",NaN,,,NaN,,
2024-12-11T05:58:36.000Z,10.965,2,"",M,58.996,2,"",M,6.000,2,"",N,7.981,2,"",M,30.492,2,"",M,8.480,2,"",M,1029.640,2,"",M,410.418,2,"",M,NaN,,,0,NaN,,,M,404.021,2,"",402.408,2,"",NaN,,,NaN,,
2024-12-11T06:00:28.000Z,10.965,2,"",M,58.996,2,"",M,6.000,2,"",N,7.977,2,"",M,30.544,2,"",M,8.520,2,"",M,1029.540,2,"",M,410.832,2,"",M,NaN,,,0,NaN,,,M,403.633,2,"",402.023,2,"",NaN,,,NaN,,
2024-12-11T06:02:19.000Z,10.965,2,"",M,58.996,2,"",M,6.000,2,"",N,7.950,2,"",M,30.507,2,"",M,8.520,2,"",M,1029.450,2,"",M,410.985,2,"",M,NaN,,,0,NaN,,,M,403.288,2,"",401.679,2,"",NaN,,,NaN,,
2024-12-11T06:04:10.000Z,10.965,2,"",M,58.996,2,"",M,6.000,2,"",N,7.867,2,"",M,30.482,2,"",M,8.520,2,"",M,1029.390,2,"",M,410.668,2,"",M,NaN,,,0,NaN,,,M,401.542,2,"",399.940,2,"",NaN,,,NaN,,
2024-12-11T06:06:02.000Z,10.965,2,"",M,58.996,2,"",M,6.000,2,"",N,7.772,2,"",M,30.363,2,"",M,8.470,2,"",M,1029.490,2,"",M,411.072,2,"",M,NaN,,,0,NaN,,,M,401.218,2,"",399.617,2,"",NaN,,,NaN,,
2024-12-11T06:07:53.000Z,10.965,2,"",M,58.996,2,"",M,6.000,2,"",N,7.724,2,"",M,30.181,2,"",M,8.420,2,"",M,1029.370,2,"",M,410.315,2,"",M,NaN,,,0,NaN,,,M,400.481,2,"",398.881,2,"",NaN,,,NaN,,
2024-12-11T06:09:44.000Z,10.965,2,"",M,58.996,2,"",M,6.000,2,"",N,7.727,2,"",M,30.264,2,"",M,8.300,2,"",M,1029.330,2,"",M,408.877,2,"",M,NaN,,,0,NaN,,,M,401.179,2,"",399.574,2,"",NaN,,,NaN,,
2024-12-11T06:11:36.000Z,10.965,2,"",M,58.996,2,"",M,6.000,2,"",N,7.823,2,"",M,30.174,2,"",M,8.300,2,"",M,1029.300,2,"",M,407.220,2,"",M,NaN,,,0,NaN,,,M,401.163,2,"",399.559,2,"",NaN,,,NaN,,
2024-12-11T06:13:27.000Z,10.965,2,"",M,58.996,2,"",M,6.000,2,"",N,7.866,2,"",M,30.267,2,"",M,8.360,2,"",M,1029.500,2,"",M,406.402,2,"",M,NaN,,,0,NaN,,,M,400.135,2,"",398.536,2,"",NaN,,,NaN,,
2024-12-11T06:15:18.000Z,10.965,2,"",M,58.996,2,"",M,6.000,2,"",N,7.761,2,"",M,30.245,2,"",M,8.360,2,"",M,1029.470,2,"",M,406.796,2,"",M,NaN,,,0,NaN,,,M,398.731,2,"",397.137,2,"",NaN,,,NaN,,
2024-12-11T06:17:10.000Z,10.965,2,"",M,58.996,2,"",M,6.000,2,"",N,7.840,2,"",M,30.282,2,"",M,8.360,2,"",M,1029.350,2,"",M,407.160,2,"",M,NaN,,,0,NaN,,,M,400.384,2,"",398.783,2,"",NaN,,,NaN,,
2024-12-11T06:19:02.000Z,10.965,2,"",M,58.996,2,"",M,6.000,2,"",N,7.958,2,"",M,30.424,2,"",M,8.390,2,"",M,1029.390,2,"",M,407.053,2,"",M,NaN,,,0,NaN,,,M,401.782,2,"",400.177,2,"",NaN,,,NaN,,
2024-12-11T06:20:53.000Z,10.965,2,"",M,58.996,2,"",M,6.000,2,"",N,7.818,2,"",M,30.366,2,"",M,8.490,2,"",M,1029.500,2,"",M,407.837,2,"",M,NaN,,,0,NaN,,,M,398.501,2,"",396.910,2,"",NaN,,,NaN,,
2024-12-11T06:22:45.000Z,10.965,2,"",M,58.996,2,"",M,6.000,2,"",N,7.843,2,"",M,30.314,2,"",M,8.420,2,"",M,1029.550,2,"",M,409.111,2,"",M,NaN,,,0,NaN,,,M,401.404,2,"",399.800,2,"",NaN,,,NaN,,
2024-12-11T06:24:36.000Z,10.965,2,"",M,58.996,2,"",M,6.000,2,"",N,7.920,2,"",M,30.359,2,"",M,8.410,2,"",M,1029.390,2,"",M,408.885,2,"",M,NaN,,,0,NaN,,,M,402.587,2,"",400.979,2,"",NaN,,,NaN,,
2024-12-11T06:26:27.000Z,10.965,2,"",M,58.996,2,"",M,6.000,2,"",N,7.877,2,"",M,30.331,2,"",M,8.440,2,"",M,1029.210,2,"",M,408.247,2,"",M,NaN,,,0,NaN,,,M,400.648,2,"",399.048,2,"",NaN,,,NaN,,
2024-12-11T06:28:19.000Z,10.965,2,"",M,58.996,2,"",M,6.000,2,"",N,7.866,2,"",M,30.392,2,"",M,8.420,2,"",M,1029.090,2,"",M,408.401,2,"",M,NaN,,,0,NaN,,,M,400.911,2,"",399.311,2,"",NaN,,,NaN,,
2024-12-11T06:30:11.000Z,10.965,2,"",M,58.996,2,"",M,6.000,2,"",N,7.889,2,"",M,30.418,2,"",M,8.480,2,"",M,1029.170,2,"",M,408.344,2,"",M,NaN,,,0,NaN,,,M,400.242,2,"",398.645,2,"",NaN,,,NaN,,
2024-12-11T06:32:03.000Z,10.965,2,"",M,58.996,2,"",M,6.000,2,"",N,7.871,2,"",M,30.473,2,"",M,8.480,2,"",M,1029.040,2,"",M,409.319,2,"",M,NaN,,,0,NaN,,,M,400.841,2,"",399.242,2,"",NaN,,,NaN,,
2024-12-11T06:33:54.000Z,10.965,2,"",M,58.996,2,"",M,6.000,2,"",N,7.953,2,"",M,30.512,2,"",M,8.500,2,"",M,1029.370,2,"",M,409.942,2,"",M,NaN,,,0,NaN,,,M,402.636,2,"",401.030,2,"",NaN,,,NaN,,
2024-12-11T06:35:45.000Z,10.965,2,"",M,58.996,2,"",M,6.000,2,"",N,7.899,2,"",M,30.471,2,"",M,8.510,2,"",M,1029.360,2,"",M,409.546,2,"",M,NaN,,,0,NaN,,,M,401.138,2,"",399.538,2,"",NaN,,,NaN,,
2024-12-11T06:37:37.000Z,10.965,2,"",M,58.996,2,"",M,6.000,2,"",N,7.655,2,"",M,29.842,2,"",M,8.520,2,"",M,1029.560,2,"",M,409.839,2,"",M,NaN,,,0,NaN,,,M,397.214,2,"",395.629,2,"",NaN,,,NaN,,
2024-12-11T06:39:28.000Z,10.965,2,"",M,58.996,2,"",M,6.000,2,"",N,7.850,2,"",M,30.166,2,"",M,8.150,2,"",M,1029.470,2,"",M,407.801,2,"",M,NaN,,,0,NaN,,,M,404.865,2,"",403.242,2,"",NaN,,,NaN,,
2024-12-11T06:41:20.000Z,10.965,2,"",M,58.996,2,"",M,6.000,2,"",N,8.148,2,"",M,30.530,2,"",M,8.300,2,"",M,1029.550,2,"",M,405.332,2,"",M,NaN,,,0,NaN,,,M,404.946,2,"",403.326,2,"",NaN,,,NaN,,
2024-12-11T06:43:12.000Z,10.965,2,"",M,58.996,2,"",M,6.000,2,"",N,7.899,2,"",M,30.403,2,"",M,8.590,2,"",M,1029.470,2,"",M,406.617,2,"",M,NaN,,,0,NaN,,,M,396.946,2,"",395.364,2,"",NaN,,,NaN,,
2024-12-11T06:45:04.000Z,10.965,2,"",M,58.996,2,"",M,6.000,2,"",N,7.782,2,"",M,30.321,2,"",M,8.480,2,"",M,1029.620,2,"",M,409.042,2,"",M,NaN,,,0,NaN,,,M,399.293,2,"",397.699,2,"",NaN,,,NaN,,
2024-12-11T06:46:55.000Z,10.965,2,"",M,58.996,2,"",M,6.000,2,"",N,7.748,2,"",M,30.248,2,"",M,8.400,2,"",M,1029.710,2,"",M,409.336,2,"",M,NaN,,,0,NaN,,,M,400.410,2,"",398.810,2,"",NaN,,,NaN,,
2024-12-11T06:48:46.000Z,10.965,2,"",M,58.996,2,"",M,6.000,2,"",N,7.764,2,"",M,30.261,2,"",M,8.340,2,"",M,1029.640,2,"",M,408.889,2,"",M,NaN,,,0,NaN,,,M,401.250,2,"",399.646,2,"",NaN,,,NaN,,
2024-12-11T06:50:38.000Z,10.965,2,"",M,58.996,2,"",M,6.000,2,"",N,7.730,2,"",M,30.267,2,"",M,8.330,2,"",M,1029.690,2,"",M,408.322,2,"",M,NaN,,,0,NaN,,,M,400.317,2,"",398.716,2,"",NaN,,,NaN,,
2024-12-11T06:52:29.000Z,10.965,2,"",M,58.996,2,"",M,6.000,2,"",N,7.782,2,"",M,30.294,2,"",M,8.310,2,"",M,1029.720,2,"",M,408.115,2,"",M,NaN,,,0,NaN,,,M,401.355,2,"",399.750,2,"",NaN,,,NaN,,
2024-12-11T06:54:41.000Z,10.965,2,"",M,58.996,2,"",M,6.000,2,"",N,7.732,2,"",M,30.274,2,"",M,8.360,2,"",M,1029.870,2,"",M,408.419,2,"",M,NaN,,,0,NaN,,,M,399.995,2,"",398.395,2,"",NaN,,,NaN,,
2024-12-11T06:56:33.000Z,10.965,2,"",M,58.996,2,"",M,6.000,2,"",N,7.717,2,"",M,30.263,2,"",M,8.320,2,"",M,1029.830,2,"",M,408.763,2,"",M,NaN,,,0,NaN,,,M,400.744,2,"",399.141,2,"",NaN,,,NaN,,
2024-12-11T06:58:24.000Z,10.965,2,"",M,58.996,2,"",M,6.000,2,"",N,7.726,2,"",M,30.242,2,"",M,8.290,2,"",M,1029.770,2,"",M,408.966,2,"",M,NaN,,,0,NaN,,,M,401.600,2,"",399.993,2,"",NaN,,,NaN,,
2024-12-11T07:00:15.000Z,10.965,2,"",M,58.996,2,"",M,6.000,2,"",N,7.740,2,"",M,30.279,2,"",M,8.280,2,"",M,1029.750,2,"",M,408.549,2,"",M,NaN,,,0,NaN,,,M,401.594,2,"",399.987,2,"",NaN,,,NaN,,
2024-12-11T07:02:07.000Z,10.965,2,"",M,58.996,2,"",M,6.000,2,"",N,7.705,2,"",M,30.293,2,"",M,8.320,2,"",M,1029.840,2,"",M,408.593,2,"",M,NaN,,,0,NaN,,,M,400.381,2,"",398.780,2,"",NaN,,,NaN,,
2024-12-11T07:03:58.000Z,10.966,2,"",M,58.997,2,"",M,6.000,2,"",N,7.216,2,"",I,28.726,2,"",M,7.871,2,"",I,1029.920,2,"",M,409.457,2,"",M,NaN,,,0,NaN,,,M,400.704,2,"",399.092,2,"",NaN,,,NaN,,
2024-12-11T07:05:49.000Z,10.968,2,"",M,58.999,2,"",M,6.000,2,"",N,6.727,2,"",I,28.586,2,"",M,7.423,2,"",I,1029.810,2,"",M,405.217,2,"",M,NaN,,,0,NaN,,,M,395.963,2,"",394.360,2,"",NaN,,,NaN,,
2024-12-11T07:07:41.000Z,10.971,2,"",M,59.001,2,"",M,6.000,2,"",N,6.234,2,"",M,28.238,2,"",M,6.970,2,"",M,1029.830,2,"",M,392.818,2,"",M,NaN,,,0,NaN,,,M,383.315,2,"",381.755,2,"",NaN,,,NaN,,
2024-12-11T07:09:32.000Z,10.975,2,"",M,59.003,2,"",M,6.000,2,"",N,6.512,2,"",M,28.583,2,"",M,6.760,2,"",M,1029.800,2,"",M,383.563,2,"",M,NaN,,,0,NaN,,,M,382.135,2,"",380.575,2,"",NaN,,,NaN,,
2024-12-11T07:11:24.000Z,10.979,2,"",M,59.005,2,"",M,6.000,2,"",N,6.721,2,"",M,28.914,2,"",M,7.070,2,"",M,1029.800,2,"",M,379.042,2,"",M,NaN,,,0,NaN,,,M,375.932,2,"",374.403,2,"",NaN,,,NaN,,
2024-12-11T07:13:15.000Z,10.982,2,"",M,59.007,2,"",M,6.000,2,"",N,6.809,2,"",M,29.198,2,"",M,7.300,2,"",M,1029.650,2,"",M,381.738,2,"",M,NaN,,,0,NaN,,,M,376.225,2,"",374.700,2,"",NaN,,,NaN,,
2024-12-11T07:15:06.000Z,10.985,2,"",M,59.009,2,"",M,6.000,2,"",N,7.214,2,"",M,29.453,2,"",M,7.470,2,"",M,1029.490,2,"",M,385.935,2,"",M,NaN,,,0,NaN,,,M,384.059,2,"",382.505,2,"",NaN,,,NaN,,
2024-12-11T07:16:58.000Z,10.987,2,"",M,59.011,2,"",M,6.000,2,"",N,7.424,2,"",M,29.539,2,"",M,7.690,2,"",M,1029.420,2,"",M,390.453,2,"",M,NaN,,,0,NaN,,,M,388.308,2,"",386.742,2,"",NaN,,,NaN,,
2024-12-11T07:18:49.000Z,10.987,2,"",M,59.011,2,"",M,6.000,2,"",N,7.572,2,"",M,30.026,2,"",M,7.930,2,"",M,1029.870,2,"",M,394.219,2,"",M,NaN,,,0,NaN,,,M,390.636,2,"",389.065,2,"",NaN,,,NaN,,
2024-12-11T07:20:41.000Z,10.987,2,"",M,59.011,2,"",M,6.000,2,"",N,8.046,2,"",M,30.328,2,"",M,8.030,2,"",M,1030.030,2,"",M,399.688,2,"",M,NaN,,,0,NaN,,,M,402.405,2,"",400.788,2,"",NaN,,,NaN,,
2024-12-11T07:22:33.000Z,10.987,2,"",M,59.011,2,"",M,6.000,2,"",N,8.107,2,"",M,30.721,2,"",M,8.490,2,"",M,1030.050,2,"",M,403.405,2,"",M,NaN,,,0,NaN,,,M,399.227,2,"",397.633,2,"",NaN,,,NaN,,
2024-12-11T07:24:25.000Z,10.987,2,"",M,59.011,2,"",M,6.000,2,"",N,7.848,2,"",M,30.637,2,"",M,8.690,2,"",M,1029.980,2,"",M,407.823,2,"",M,NaN,,,0,NaN,,,M,395.768,2,"",394.192,2,"",NaN,,,NaN,,
2024-12-11T07:26:16.000Z,10.987,2,"",M,59.011,2,"",M,6.000,2,"",N,8.041,2,"",M,30.406,2,"",M,8.550,2,"",M,1030.080,2,"",M,411.059,2,"",M,NaN,,,0,NaN,,,M,404.644,2,"",403.030,2,"",NaN,,,NaN,,
2024-12-11T07:28:07.000Z,10.987,2,"",M,59.011,2,"",M,6.000,2,"",N,7.805,2,"",M,30.489,2,"",M,8.610,2,"",M,1030.140,2,"",M,410.542,2,"",M,NaN,,,0,NaN,,,M,399.111,2,"",397.520,2,"",NaN,,,NaN,,
2024-12-11T07:29:59.000Z,10.987,2,"",M,59.011,2,"",M,6.000,2,"",N,7.828,2,"",M,30.287,2,"",M,8.450,2,"",M,1030.020,2,"",M,410.165,2,"",M,NaN,,,0,NaN,,,M,401.843,2,"",400.238,2,"",NaN,,,NaN,,
2024-12-11T07:31:51.000Z,10.987,2,"",M,59.011,2,"",M,6.000,2,"",N,7.981,2,"",M,30.471,2,"",M,8.320,2,"",M,1029.900,2,"",M,410.279,2,"",M,NaN,,,0,NaN,,,M,406.785,2,"",405.158,2,"",NaN,,,NaN,,
2024-12-11T07:33:43.000Z,10.987,2,"",M,59.011,2,"",M,6.000,2,"",N,7.625,2,"",I,29.974,2,"",M,8.000,2,"",I,1030.220,2,"",M,409.261,2,"",M,NaN,,,0,NaN,,,M,405.369,2,"",403.740,2,"",NaN,,,NaN,,
2024-12-11T07:35:35.000Z,10.984,2,"",M,59.011,2,"",M,6.000,2,"",N,7.268,2,"",M,29.570,2,"",M,7.680,2,"",M,1030.290,2,"",M,409.505,2,"",M,NaN,,,0,NaN,,,M,405.103,2,"",403.468,2,"",NaN,,,NaN,,
2024-12-11T07:37:26.000Z,10.979,2,"",M,59.012,2,"",M,6.000,2,"",N,7.118,2,"",I,29.644,2,"",M,7.575,2,"",I,1030.320,2,"",M,403.052,2,"",M,NaN,,,0,NaN,,,M,398.003,2,"",396.395,2,"",NaN,,,NaN,,
2024-12-11T07:39:17.000Z,10.975,2,"",M,59.011,2,"",M,6.000,2,"",N,6.968,2,"",M,29.807,2,"",M,7.470,2,"",M,1030.200,2,"",M,399.231,2,"",M,NaN,,,0,NaN,,,M,393.465,2,"",391.873,2,"",NaN,,,NaN,,
2024-12-11T07:41:09.000Z,10.970,2,"",M,59.012,2,"",M,6.000,2,"",N,7.014,2,"",M,29.345,2,"",M,7.630,2,"",M,1030.120,2,"",M,398.043,2,"",M,NaN,,,0,NaN,,,M,390.322,2,"",388.746,2,"",NaN,,,NaN,,
2024-12-11T07:43:00.000Z,10.965,2,"",M,59.013,2,"",M,6.000,2,"",N,6.937,2,"",M,29.345,2,"",M,7.630,2,"",M,1030.400,2,"",M,396.495,2,"",M,NaN,,,0,NaN,,,M,387.649,2,"",386.083,2,"",NaN,,,NaN,,
2024-12-11T07:44:52.000Z,10.960,2,"",M,59.013,2,"",M,6.000,2,"",N,6.886,2,"",M,29.177,2,"",M,7.740,2,"",M,1030.330,2,"",M,395.207,2,"",M,NaN,,,0,NaN,,,M,383.719,2,"",382.171,2,"",NaN,,,NaN,,
2024-12-11T07:49:21.000Z,10.947,2,"",M,59.015,2,"",M,6.000,2,"",N,NaN,,,M,NaN,,,M,NaN,,,M,NaN,,,M,NaN,,,0,NaN,,,0,NaN,,,M,NaN,,,NaN,,,NaN,,,NaN,,
2024-12-11T07:51:11.000Z,10.941,2,"",M,59.016,2,"",M,6.000,2,"",N,NaN,,,M,NaN,,,M,NaN,,,M,NaN,,,M,NaN,,,0,NaN,,,0,NaN,,,M,NaN,,,NaN,,,NaN,,,NaN,,
2024-12-11T07:53:02.000Z,10.936,2,"",M,59.016,2,"",M,6.000,2,"",N,NaN,,,M,NaN,,,M,NaN,,,M,NaN,,,M,NaN,,,0,NaN,,,0,NaN,,,M,NaN,,,NaN,,,NaN,,,NaN,,
2024-12-11T07:57:52.000Z,10.929,2,"",M,59.017,2,"",M,6.000,2,"",N,NaN,,,M,NaN,,,M,NaN,,,M,NaN,,,M,NaN,,,0,NaN,,,0,NaN,,,M,NaN,,,NaN,,,NaN,,,NaN,,
2024-12-11T07:59:41.000Z,10.929,2,"",M,59.017,2,"",M,6.000,2,"",N,NaN,,,M,NaN,,,M,NaN,,,M,NaN,,,M,NaN,,,0,NaN,,,0,NaN,,,M,NaN,,,NaN,,,NaN,,,NaN,,
2024-12-11T08:01:30.000Z,10.930,2,"",M,59.017,2,"",M,6.000,2,"",N,NaN,,,M,NaN,,,M,NaN,,,M,NaN,,,M,NaN,,,0,NaN,,,0,NaN,,,M,NaN,,,NaN,,,NaN,,,NaN,,
2024-12-11T08:05:59.000Z,10.930,2,"",M,59.017,2,"",M,6.000,2,"",N,NaN,,,M,NaN,,,M,NaN,,,M,NaN,,,M,NaN,,,0,NaN,,,0,NaN,,,M,NaN,,,NaN,,,NaN,,,NaN,,
2024-12-11T08:07:48.000Z,10.931,2,"",M,59.017,2,"",M,6.000,2,"",N,NaN,,,M,NaN,,,M,NaN,,,M,NaN,,,M,NaN,,,0,NaN,,,0,NaN,,,M,NaN,,,NaN,,,NaN,,,NaN,,
2024-12-11T08:09:37.000Z,10.931,2,"",M,59.017,2,"",M,6.000,2,"",N,NaN,,,M,NaN,,,M,NaN,,,M,NaN,,,M,NaN,,,0,NaN,,,0,NaN,,,M,NaN,,,NaN,,,NaN,,,NaN,,
2024-12-11T08:14:06.000Z,10.931,2,"",M,59.017,2,"",M,6.000,2,"",N,7.822,2,"",M,30.317,2,"",M,NaN,,,M,NaN,,,M,NaN,,,0,444.071,2,"",M,1030.200,2,"",M,NaN,,,NaN,,,448.034,2,"",446.224,2,""
2024-12-11T08:15:55.000Z,10.931,2,"",M,59.017,2,"",M,6.000,2,"",N,7.796,2,"",M,30.268,2,"",M,NaN,,,M,NaN,,,M,NaN,,,0,444.620,2,"",M,1030.200,2,"",M,NaN,,,NaN,,,448.595,2,"",446.783,2,""
2024-12-11T08:17:44.000Z,10.931,2,"",M,59.017,2,"",M,6.000,2,"",N,7.878,2,"",M,30.283,2,"",M,NaN,,,M,NaN,,,M,NaN,,,0,444.618,2,"",M,1030.200,2,"",M,NaN,,,NaN,,,448.567,2,"",446.757,2,""
2024-12-11T08:19:33.000Z,10.931,2,"",M,59.017,2,"",M,6.000,2,"",N,7.872,2,"",M,30.361,2,"",M,NaN,,,M,NaN,,,M,NaN,,,0,444.706,2,"",M,1030.200,2,"",M,NaN,,,NaN,,,448.658,2,"",446.847,2,""
2024-12-11T08:21:22.000Z,10.931,2,"",M,59.017,2,"",M,6.000,2,"",N,7.737,2,"",M,30.234,2,"",M,NaN,,,M,NaN,,,M,NaN,,,0,444.654,2,"",M,1030.200,2,"",M,NaN,,,NaN,,,448.648,2,"",446.834,2,""
2024-12-11T08:26:33.000Z,10.931,2,"",M,59.017,2,"",M,6.000,2,"",N,7.827,2,"",M,30.286,2,"",M,8.370,2,"",M,1031.130,2,"",M,408.919,2,"",M,NaN,,,0,NaN,,,M,402.427,2,"",400.816,2,"",NaN,,,NaN,,
2024-12-11T08:28:25.000Z,10.931,2,"",M,59.017,2,"",M,6.000,2,"",N,7.854,2,"",M,30.311,2,"",M,8.390,2,"",M,1031.100,2,"",M,409.078,2,"",M,NaN,,,0,NaN,,,M,402.674,2,"",401.063,2,"",NaN,,,NaN,,
2024-12-11T08:30:17.000Z,10.931,2,"",M,59.017,2,"",M,6.000,2,"",N,7.811,2,"",M,30.385,2,"",M,8.410,2,"",M,1031.090,2,"",M,409.456,2,"",M,NaN,,,0,NaN,,,M,401.966,2,"",400.357,2,"",NaN,,,NaN,,
2024-12-11T08:32:08.000Z,10.931,2,"",M,59.017,2,"",M,6.000,2,"",N,7.709,2,"",M,30.297,2,"",M,8.450,2,"",M,1031.240,2,"",M,409.844,2,"",M,NaN,,,0,NaN,,,M,399.987,2,"",398.387,2,"",NaN,,,NaN,,
2024-12-11T08:33:59.000Z,10.931,2,"",M,59.017,2,"",M,6.000,2,"",N,7.867,2,"",M,30.268,2,"",M,8.410,2,"",M,1031.220,2,"",M,410.003,2,"",M,NaN,,,0,NaN,,,M,403.507,2,"",401.892,2,"",NaN,,,NaN,,
2024-12-11T08:35:51.000Z,10.931,2,"",M,59.017,2,"",M,6.000,2,"",N,7.842,2,"",M,30.309,2,"",M,8.470,2,"",M,1031.170,2,"",M,409.280,2,"",M,NaN,,,0,NaN,,,M,401.314,2,"",399.710,2,"",NaN,,,NaN,,
2024-12-11T08:37:43.000Z,10.931,2,"",M,59.017,2,"",M,6.000,2,"",N,7.987,2,"",M,30.464,2,"",M,8.400,2,"",M,1031.030,2,"",M,409.618,2,"",M,NaN,,,0,NaN,,,M,405.293,2,"",403.671,2,"",NaN,,,NaN,,
2024-12-11T08:39:35.000Z,10.931,2,"",M,59.017,2,"",M,6.000,2,"",N,7.881,2,"",M,30.410,2,"",M,8.540,2,"",M,1031.190,2,"",M,410.027,2,"",M,NaN,,,0,NaN,,,M,401.514,2,"",399.910,2,"",NaN,,,NaN,,
2024-12-11T08:41:26.000Z,10.931,2,"",M,59.017,2,"",M,6.000,2,"",N,7.838,2,"",M,30.244,2,"",M,8.470,2,"",M,1031.210,2,"",M,411.016,2,"",M,NaN,,,0,NaN,,,M,402.967,2,"",401.356,2,"",NaN,,,NaN,,
2024-12-11T08:43:17.000Z,10.931,2,"",M,59.017,2,"",M,6.000,2,"",N,7.910,2,"",M,30.305,2,"",M,8.390,2,"",M,1031.130,2,"",M,410.383,2,"",M,NaN,,,0,NaN,,,M,404.937,2,"",403.316,2,"",NaN,,,NaN,,
2024-12-11T08:45:09.000Z,10.931,2,"",M,59.017,2,"",M,6.000,2,"",N,7.638,2,"",M,30.299,2,"",M,8.440,2,"",M,1030.950,2,"",M,409.340,2,"",M,NaN,,,0,NaN,,,M,398.363,2,"",396.770,2,"",NaN,,,NaN,,
2024-12-11T08:47:00.000Z,10.932,2,"",M,59.017,2,"",M,6.000,2,"",N,7.473,2,"",M,29.658,2,"",M,8.330,2,"",M,1030.850,2,"",M,409.798,2,"",M,NaN,,,0,NaN,,,M,397.863,2,"",396.270,2,"",NaN,,,NaN,,
2024-12-11T08:48:52.000Z,10.933,2,"",M,59.017,2,"",M,6.000,2,"",N,7.417,2,"",I,29.863,2,"",M,8.085,2,"",I,1030.860,2,"",M,407.624,2,"",M,NaN,,,0,NaN,,,M,399.008,2,"",397.405,2,"",NaN,,,NaN,,
2024-12-11T08:50:44.000Z,10.934,2,"",M,59.016,2,"",M,6.000,2,"",N,7.361,2,"",M,28.901,2,"",M,7.840,2,"",M,1031.100,2,"",M,405.270,2,"",M,NaN,,,0,NaN,,,M,400.053,2,"",398.440,2,"",NaN,,,NaN,,
2024-12-11T08:52:36.000Z,10.936,2,"",M,59.015,2,"",M,6.000,2,"",N,6.939,2,"",M,28.508,2,"",M,7.860,2,"",M,1031.040,2,"",M,400.132,2,"",M,NaN,,,0,NaN,,,M,387.638,2,"",386.076,2,"",NaN,,,NaN,,
2024-12-11T08:54:49.000Z,10.938,2,"",M,59.013,2,"",M,6.000,2,"",N,6.932,2,"",M,28.880,2,"",M,7.570,2,"",M,1031.120,2,"",M,394.004,2,"",M,NaN,,,0,NaN,,,M,386.400,2,"",384.837,2,"",NaN,,,NaN,,
2024-12-11T08:56:40.000Z,10.941,2,"",M,59.011,2,"",M,6.000,2,"",N,6.990,2,"",M,28.243,2,"",M,7.680,2,"",M,1031.240,2,"",M,390.628,2,"",M,NaN,,,0,NaN,,,M,382.258,2,"",380.714,2,"",NaN,,,NaN,,
2024-12-11T08:58:31.000Z,10.944,2,"",M,59.009,2,"",M,6.000,2,"",N,7.050,2,"",M,28.634,2,"",M,7.560,2,"",M,1031.220,2,"",M,389.005,2,"",M,NaN,,,0,NaN,,,M,383.614,2,"",382.062,2,"",NaN,,,NaN,,
2024-12-11T09:00:23.000Z,10.946,2,"",M,59.008,2,"",M,6.000,2,"",N,7.059,2,"",M,28.805,2,"",M,7.630,2,"",M,1031.170,2,"",M,387.811,2,"",M,NaN,,,0,NaN,,,M,381.411,2,"",379.869,2,"",NaN,,,NaN,,
2024-12-11T09:02:14.000Z,10.949,2,"",M,59.006,2,"",M,6.000,2,"",N,6.900,2,"",M,29.048,2,"",M,7.640,2,"",M,1031.130,2,"",M,390.172,2,"",M,NaN,,,0,NaN,,,M,380.977,2,"",379.437,2,"",NaN,,,NaN,,
2024-12-11T09:04:05.000Z,10.952,2,"",M,59.004,2,"",M,6.000,2,"",N,6.921,2,"",M,29.033,2,"",M,7.540,2,"",M,1031.230,2,"",M,390.941,2,"",M,NaN,,,0,NaN,,,M,383.760,2,"",382.207,2,"",NaN,,,NaN,,
2024-12-11T09:05:57.000Z,10.955,2,"",M,59.002,2,"",M,6.000,2,"",N,6.522,2,"",M,28.654,2,"",M,7.460,2,"",M,1031.380,2,"",M,390.328,2,"",M,NaN,,,0,NaN,,,M,378.087,2,"",376.555,2,"",NaN,,,NaN,,
2024-12-11T09:07:49.000Z,10.959,2,"",M,59.000,2,"",M,6.000,2,"",N,6.786,2,"",M,28.861,2,"",M,7.240,2,"",M,1031.330,2,"",M,389.085,2,"",M,NaN,,,0,NaN,,,M,384.723,2,"",383.160,2,"",NaN,,,NaN,,
2024-12-11T09:09:40.000Z,10.962,2,"",M,58.998,2,"",M,6.000,2,"",N,6.709,2,"",M,29.174,2,"",M,7.400,2,"",M,1031.280,2,"",M,386.961,2,"",M,NaN,,,0,NaN,,,M,378.752,2,"",377.217,2,"",NaN,,,NaN,,
2024-12-11T09:11:32.000Z,10.964,2,"",M,58.997,2,"",M,6.000,2,"",N,6.899,2,"",M,29.093,2,"",M,7.450,2,"",M,1031.270,2,"",M,388.401,2,"",M,NaN,,,0,NaN,,,M,382.402,2,"",380.853,2,"",NaN,,,NaN,,
2024-12-11T09:13:24.000Z,10.966,2,"",M,58.996,2,"",M,6.000,2,"",N,7.442,2,"",M,29.746,2,"",M,7.460,2,"",M,1031.460,2,"",M,389.820,2,"",M,NaN,,,0,NaN,,,M,392.618,2,"",391.027,2,"",NaN,,,NaN,,
2024-12-11T09:15:16.000Z,10.966,2,"",M,58.996,2,"",M,6.000,2,"",N,7.148,2,"",M,29.671,2,"",M,8.080,2,"",M,1031.440,2,"",M,390.599,2,"",M,NaN,,,0,NaN,,,M,378.306,2,"",376.785,2,"",NaN,,,NaN,,
2024-12-11T09:17:07.000Z,10.966,2,"",M,58.996,2,"",M,6.000,2,"",N,7.572,2,"",M,29.955,2,"",M,7.740,2,"",M,1031.410,2,"",M,397.164,2,"",M,NaN,,,0,NaN,,,M,397.382,2,"",395.777,2,"",NaN,,,NaN,,
2024-12-11T09:18:59.000Z,10.966,2,"",M,58.996,2,"",M,6.000,2,"",N,7.563,2,"",M,30.109,2,"",M,8.080,2,"",M,1031.360,2,"",M,398.483,2,"",M,NaN,,,0,NaN,,,M,392.758,2,"",391.180,2,"",NaN,,,NaN,,
2024-12-11T09:20:50.000Z,10.966,2,"",M,58.996,2,"",M,6.000,2,"",N,7.544,2,"",M,29.983,2,"",M,8.180,2,"",M,1031.480,2,"",M,401.384,2,"",M,NaN,,,0,NaN,,,M,393.639,2,"",392.059,2,"",NaN,,,NaN,,
2024-12-11T09:22:41.000Z,10.966,2,"",M,58.996,2,"",M,6.000,2,"",N,7.646,2,"",M,29.853,2,"",M,8.160,2,"",M,1031.600,2,"",M,403.314,2,"",M,NaN,,,0,NaN,,,M,397.634,2,"",396.037,2,"",NaN,,,NaN,,
2024-12-11T09:24:33.000Z,10.966,2,"",M,58.996,2,"",M,6.000,2,"",N,7.596,2,"",M,30.255,2,"",M,8.170,2,"",M,1031.490,2,"",M,402.451,2,"",M,NaN,,,0,NaN,,,M,395.732,2,"",394.143,2,"",NaN,,,NaN,,
2024-12-11T09:26:24.000Z,10.966,2,"",M,58.996,2,"",M,6.000,2,"",N,7.778,2,"",M,30.158,2,"",M,8.190,2,"",M,1031.350,2,"",M,403.620,2,"",M,NaN,,,0,NaN,,,M,399.553,2,"",397.950,2,"",NaN,,,NaN,,
2024-12-11T09:28:15.000Z,10.966,2,"",M,58.996,2,"",M,6.000,2,"",N,7.764,2,"",M,30.227,2,"",M,8.260,2,"",M,1031.240,2,"",M,404.729,2,"",M,NaN,,,0,NaN,,,M,399.174,2,"",397.574,2,"",NaN,,,NaN,,
2024-12-11T09:30:07.000Z,10.966,2,"",M,58.996,2,"",M,6.000,2,"",N,7.652,2,"",M,30.201,2,"",M,8.360,2,"",M,1031.410,2,"",M,406.059,2,"",M,NaN,,,0,NaN,,,M,396.933,2,"",395.343,2,"",NaN,,,NaN,,
2024-12-11T09:31:58.000Z,10.966,2,"",M,58.996,2,"",M,6.000,2,"",N,7.594,2,"",M,30.160,2,"",M,8.270,2,"",M,1031.280,2,"",M,406.867,2,"",M,NaN,,,0,NaN,,,M,398.252,2,"",396.655,2,"",NaN,,,NaN,,
2024-12-11T09:33:50.000Z,10.966,2,"",M,58.996,2,"",M,6.000,2,"",N,7.653,2,"",M,30.109,2,"",M,8.240,2,"",M,1031.680,2,"",M,406.465,2,"",M,NaN,,,0,NaN,,,M,399.510,2,"",397.907,2,"",NaN,,,NaN,,
2024-12-11T09:35:41.000Z,10.966,2,"",M,58.996,2,"",M,6.000,2,"",N,7.693,2,"",M,30.189,2,"",M,8.240,2,"",M,1031.600,2,"",M,405.612,2,"",M,NaN,,,0,NaN,,,M,399.325,2,"",397.723,2,"",NaN,,,NaN,,
2024-12-11T09:37:32.000Z,10.966,2,"",M,58.996,2,"",M,6.000,2,"",N,7.678,2,"",M,30.111,2,"",M,8.310,2,"",M,1031.800,2,"",M,405.330,2,"",M,NaN,,,0,NaN,,,M,397.662,2,"",396.068,2,"",NaN,,,NaN,,
2024-12-11T09:39:24.000Z,10.966,2,"",M,58.996,2,"",M,6.000,2,"",N,7.831,2,"",M,30.330,2,"",M,8.270,2,"",M,1031.820,2,"",M,405.999,2,"",M,NaN,,,0,NaN,,,M,401.604,2,"",399.993,2,"",NaN,,,NaN,,
2024-12-11T09:41:15.000Z,10.966,2,"",M,58.996,2,"",M,6.000,2,"",N,7.771,2,"",M,30.354,2,"",M,8.370,2,"",M,1031.740,2,"",M,405.827,2,"",M,NaN,,,0,NaN,,,M,398.670,2,"",397.073,2,"",NaN,,,NaN,,
2024-12-11T09:43:06.000Z,10.966,2,"",M,58.996,2,"",M,6.000,2,"",N,7.892,2,"",M,30.316,2,"",M,8.350,2,"",M,1031.550,2,"",M,407.666,2,"",M,NaN,,,0,NaN,,,M,402.813,2,"",401.199,2,"",NaN,,,NaN,,
2024-12-11T09:44:58.000Z,10.966,2,"",M,58.996,2,"",M,6.000,2,"",N,7.830,2,"",M,30.307,2,"",M,8.380,2,"",M,1031.570,2,"",M,408.085,2,"",M,NaN,,,0,NaN,,,M,401.659,2,"",400.050,2,"",NaN,,,NaN,,
2024-12-11T09:46:49.000Z,10.966,2,"",M,58.996,2,"",M,6.000,2,"",N,7.933,2,"",M,30.384,2,"",M,8.390,2,"",M,1031.610,2,"",M,408.383,2,"",M,NaN,,,0,NaN,,,M,403.549,2,"",401.933,2,"",NaN,,,NaN,,
2024-12-11T09:48:40.000Z,10.966,2,"",M,58.996,2,"",M,6.000,2,"",N,8.046,2,"",M,30.460,2,"",M,8.470,2,"",M,1031.690,2,"",M,408.952,2,"",M,NaN,,,0,NaN,,,M,404.685,2,"",403.066,2,"",NaN,,,NaN,,
2024-12-11T09:50:32.000Z,10.966,2,"",M,58.996,2,"",M,6.000,2,"",N,7.905,2,"",M,30.430,2,"",M,8.520,2,"",M,1031.560,2,"",M,409.550,2,"",M,NaN,,,0,NaN,,,M,401.943,2,"",400.336,2,"",NaN,,,NaN,,
2024-12-11T09:52:23.000Z,10.966,2,"",M,58.996,2,"",M,6.000,2,"",N,7.842,2,"",M,30.497,2,"",M,8.480,2,"",M,1031.370,2,"",M,410.589,2,"",M,NaN,,,0,NaN,,,M,402.509,2,"",400.900,2,"",NaN,,,NaN,,
2024-12-11T09:54:15.000Z,10.966,2,"",M,58.996,2,"",M,6.000,2,"",N,7.944,2,"",M,30.395,2,"",M,8.480,2,"",M,1031.780,2,"",M,410.457,2,"",M,NaN,,,0,NaN,,,M,404.277,2,"",402.660,2,"",NaN,,,NaN,,
2024-12-11T09:56:28.000Z,10.966,2,"",M,58.996,2,"",M,6.000,2,"",N,7.921,2,"",M,30.486,2,"",M,8.510,2,"",M,1031.780,2,"",M,410.605,2,"",M,NaN,,,0,NaN,,,M,403.505,2,"",401.892,2,"",NaN,,,NaN,,
2024-12-11T09:58:20.000Z,10.966,2,"",M,58.996,2,"",M,6.000,2,"",N,7.930,2,"",M,30.467,2,"",M,8.540,2,"",M,1031.680,2,"",M,410.593,2,"",M,NaN,,,0,NaN,,,M,403.091,2,"",401.480,2,"",NaN,,,NaN,,
2024-12-11T10:00:11.000Z,10.966,2,"",M,58.996,2,"",M,6.000,2,"",N,7.919,2,"",M,30.437,2,"",M,8.490,2,"",M,1031.605,2,"",M,410.901,2,"",M,NaN,,,0,NaN,,,M,404.045,2,"",402.429,2,"",NaN,,,NaN,,
2024-12-11T10:02:02.000Z,10.966,2,"",M,58.996,2,"",M,6.000,2,"",N,7.910,2,"",M,30.443,2,"",M,8.490,2,"",M,1031.750,2,"",M,410.549,2,"",M,NaN,,,0,NaN,,,M,403.603,2,"",401.989,2,"",NaN,,,NaN,,
2024-12-11T10:03:54.000Z,10.966,2,"",M,58.996,2,"",M,6.000,2,"",N,7.587,2,"",M,30.435,2,"",M,8.500,2,"",M,1031.810,2,"",M,410.267,2,"",M,NaN,,,0,NaN,,,M,397.707,2,"",396.117,2,"",NaN,,,NaN,,
2024-12-11T10:05:45.000Z,10.966,2,"",M,58.996,2,"",M,6.000,2,"",N,7.617,2,"",M,29.519,2,"",M,8.420,2,"",M,1031.730,2,"",M,410.895,2,"",M,NaN,,,0,NaN,,,M,400.165,2,"",398.564,2,"",NaN,,,NaN,,
2024-12-11T10:07:38.000Z,10.966,2,"",M,58.996,2,"",M,6.000,2,"",N,7.675,2,"",M,30.254,2,"",M,8.000,2,"",M,1031.620,2,"",M,407.991,2,"",M,NaN,,,0,NaN,,,M,405.532,2,"",403.900,2,"",NaN,,,NaN,,
2024-12-11T10:09:29.000Z,10.966,2,"",M,58.996,2,"",M,6.000,2,"",N,7.873,2,"",M,30.305,2,"",M,8.270,2,"",M,1031.595,2,"",M,404.545,2,"",M,NaN,,,0,NaN,,,M,400.788,2,"",399.181,2,"",NaN,,,NaN,,
2024-12-11T10:11:20.000Z,10.966,2,"",M,58.996,2,"",M,6.000,2,"",N,7.874,2,"",M,30.348,2,"",M,8.430,2,"",M,1031.750,2,"",M,405.935,2,"",M,NaN,,,0,NaN,,,M,399.487,2,"",397.888,2,"",NaN,,,NaN,,
2024-12-11T10:13:12.000Z,10.966,2,"",M,58.996,2,"",M,6.000,2,"",N,7.796,2,"",M,30.226,2,"",M,8.470,2,"",M,1031.680,2,"",M,407.514,2,"",M,NaN,,,0,NaN,,,M,399.016,2,"",397.420,2,"",NaN,,,NaN,,
2024-12-11T10:15:03.000Z,10.966,2,"",M,58.996,2,"",M,6.000,2,"",N,7.908,2,"",M,30.387,2,"",M,8.360,2,"",M,1031.750,2,"",M,408.173,2,"",M,NaN,,,0,NaN,,,M,403.478,2,"",401.862,2,"",NaN,,,NaN,,
2024-12-11T10:16:54.000Z,10.966,2,"",M,58.996,2,"",M,6.000,2,"",N,7.908,2,"",M,30.436,2,"",M,8.440,2,"",M,1031.710,2,"",M,407.800,2,"",M,NaN,,,0,NaN,,,M,401.710,2,"",400.103,2,"",NaN,,,NaN,,
2024-12-11T10:18:46.000Z,10.966,2,"",M,58.996,2,"",M,6.000,2,"",N,7.849,2,"",M,30.424,2,"",M,8.510,2,"",M,1031.840,2,"",M,408.309,2,"",M,NaN,,,0,NaN,,,M,400.054,2,"",398.454,2,"",NaN,,,NaN,,
2024-12-11T10:20:37.000Z,10.966,2,"",M,58.996,2,"",M,6.000,2,"",N,7.917,2,"",M,30.415,2,"",M,8.480,2,"",M,1031.890,2,"",M,409.268,2,"",M,NaN,,,0,NaN,,,M,402.698,2,"",401.087,2,"",NaN,,,NaN,,
2024-12-11T10:22:29.000Z,10.966,2,"",M,58.996,2,"",M,6.000,2,"",N,7.949,2,"",M,30.425,2,"",M,8.480,2,"",M,1031.740,2,"",M,409.166,2,"",M,NaN,,,0,NaN,,,M,403.072,2,"",401.460,2,"",NaN,,,NaN,,
2024-12-11T10:24:20.000Z,10.966,2,"",M,58.996,2,"",M,6.000,2,"",N,7.954,2,"",M,30.376,2,"",M,8.500,2,"",M,1031.800,2,"",M,409.364,2,"",M,NaN,,,0,NaN,,,M,403.036,2,"",401.424,2,"",NaN,,,NaN,,
2024-12-11T10:26:11.000Z,10.966,2,"",M,58.996,2,"",M,6.000,2,"",N,7.968,2,"",M,30.462,2,"",M,8.490,2,"",M,1031.800,2,"",M,409.592,2,"",M,NaN,,,0,NaN,,,M,403.666,2,"",402.051,2,"",NaN,,,NaN,,
2024-12-11T10:28:03.000Z,10.966,2,"",M,58.996,2,"",M,6.000,2,"",N,7.978,2,"",M,30.454,2,"",M,8.560,2,"",M,1031.910,2,"",M,409.580,2,"",M,NaN,,,0,NaN,,,M,402.669,2,"",401.060,2,"",NaN,,,NaN,,
2024-12-11T10:29:54.000Z,10.966,2,"",M,58.996,2,"",M,6.000,2,"",N,7.949,2,"",M,30.472,2,"",M,8.530,2,"",M,1031.890,2,"",M,409.959,2,"",M,NaN,,,0,NaN,,,M,403.045,2,"",401.434,2,"",NaN,,,NaN,,
2024-12-11T10:31:46.000Z,10.966,2,"",M,58.996,2,"",M,6.000,2,"",N,7.974,2,"",M,30.418,2,"",M,8.530,2,"",M,1031.770,2,"",M,409.997,2,"",M,NaN,,,0,NaN,,,M,403.462,2,"",401.849,2,"",NaN,,,NaN,,
2024-12-11T10:33:38.000Z,10.966,2,"",M,58.996,2,"",M,6.000,2,"",N,7.928,2,"",M,30.409,2,"",M,8.510,2,"",M,1031.700,2,"",M,410.085,2,"",M,NaN,,,0,NaN,,,M,403.083,2,"",401.471,2,"",NaN,,,NaN,,
2024-12-11T10:35:30.000Z,10.966,2,"",M,58.996,2,"",M,6.000,2,"",N,7.930,2,"",M,30.408,2,"",M,8.510,2,"",M,1031.990,2,"",M,409.232,2,"",M,NaN,,,0,NaN,,,M,402.392,2,"",400.782,2,"",NaN,,,NaN,,
2024-12-11T10:37:21.000Z,10.966,2,"",M,58.996,2,"",M,6.000,2,"",N,7.924,2,"",M,30.413,2,"",M,8.510,2,"",M,1032.080,2,"",M,409.630,2,"",M,NaN,,,0,NaN,,,M,402.716,2,"",401.106,2,"",NaN,,,NaN,,
2024-12-11T10:39:12.000Z,10.966,2,"",M,58.996,2,"",M,6.000,2,"",N,7.905,2,"",M,30.413,2,"",M,8.490,2,"",M,1032.010,2,"",M,409.728,2,"",M,NaN,,,0,NaN,,,M,402.812,2,"",401.200,2,"",NaN,,,NaN,,
2024-12-11T10:41:04.000Z,10.966,2,"",M,58.996,2,"",M,6.000,2,"",N,7.907,2,"",M,30.401,2,"",M,8.470,2,"",M,1031.910,2,"",M,409.416,2,"",M,NaN,,,0,NaN,,,M,402.856,2,"",401.245,2,"",NaN,,,NaN,,
2024-12-11T10:42:55.000Z,10.966,2,"",M,58.996,2,"",M,6.000,2,"",N,7.894,2,"",M,30.411,2,"",M,8.470,2,"",M,1031.890,2,"",M,409.404,2,"",M,NaN,,,0,NaN,,,M,402.606,2,"",400.996,2,"",NaN,,,NaN,,
2024-12-11T10:44:46.000Z,10.966,2,"",M,58.996,2,"",M,6.000,2,"",N,7.964,2,"",M,30.452,2,"",M,8.480,2,"",M,1032.100,2,"",M,409.092,2,"",M,NaN,,,0,NaN,,,M,403.397,2,"",401.783,2,"",NaN,,,NaN,,
2024-12-11T10:46:38.000Z,10.966,2,"",M,58.996,2,"",M,6.000,2,"",N,7.937,2,"",M,30.414,2,"",M,8.520,2,"",M,1032.090,2,"",M,409.550,2,"",M,NaN,,,0,NaN,,,M,402.702,2,"",401.091,2,"",NaN,,,NaN,,
2024-12-11T10:48:29.000Z,10.966,2,"",M,58.996,2,"",M,6.000,2,"",N,7.930,2,"",M,30.419,2,"",M,8.500,2,"",M,1032.000,2,"",M,409.678,2,"",M,NaN,,,0,NaN,,,M,403.020,2,"",401.408,2,"",NaN,,,NaN,,
2024-12-11T10:50:20.000Z,10.966,2,"",M,58.996,2,"",M,6.000,2,"",N,7.924,2,"",M,30.412,2,"",M,8.470,2,"",M,1031.830,2,"",M,409.546,2,"",M,NaN,,,0,NaN,,,M,403.244,2,"",401.630,2,"",NaN,,,NaN,,
2024-12-11T10:52:12.000Z,10.966,2,"",M,58.996,2,"",M,6.000,2,"",N,7.975,2,"",M,30.438,2,"",M,8.500,2,"",M,1031.900,2,"",M,409.274,2,"",M,NaN,,,0,NaN,,,M,403.337,2,"",401.724,2,"",NaN,,,NaN,,
2024-12-11T10:54:03.000Z,10.966,2,"",M,58.996,2,"",M,6.000,2,"",N,7.955,2,"",M,30.418,2,"",M,8.530,2,"",M,1031.750,2,"",M,409.502,2,"",M,NaN,,,0,NaN,,,M,402.652,2,"",401.042,2,"",NaN,,,NaN,,
2024-12-11T10:56:16.000Z,10.966,2,"",M,58.996,2,"",M,6.000,2,"",N,7.958,2,"",M,30.470,2,"",M,8.520,2,"",M,1031.600,2,"",M,410.060,2,"",M,NaN,,,0,NaN,,,M,403.371,2,"",401.758,2,"",NaN,,,NaN,,
2024-12-11T10:58:07.000Z,10.966,2,"",M,58.996,2,"",M,6.000,2,"",N,8.002,2,"",M,30.471,2,"",M,8.520,2,"",M,1031.950,2,"",M,409.788,2,"",M,NaN,,,0,NaN,,,M,403.980,2,"",402.365,2,"",NaN,,,NaN,,
2024-12-11T10:59:58.000Z,10.966,2,"",M,58.996,2,"",M,6.000,2,"",N,8.014,2,"",M,30.514,2,"",M,8.550,2,"",M,1032.020,2,"",M,409.556,2,"",M,NaN,,,0,NaN,,,M,403.468,2,"",401.855,2,"",NaN,,,NaN,,
2024-12-11T11:01:50.000Z,10.966,2,"",M,58.996,2,"",M,6.000,2,"",N,7.981,2,"",M,30.470,2,"",M,8.590,2,"",M,1032.110,2,"",M,410.235,2,"",M,NaN,,,0,NaN,,,M,402.917,2,"",401.307,2,"",NaN,,,NaN,,
2024-12-11T11:03:41.000Z,10.966,2,"",M,58.996,2,"",M,6.000,2,"",N,8.003,2,"",M,30.500,2,"",M,8.550,2,"",M,1032.030,2,"",M,410.273,2,"",M,NaN,,,0,NaN,,,M,403.998,2,"",402.383,2,"",NaN,,,NaN,,
2024-12-11T11:05:32.000Z,10.966,2,"",M,58.996,2,"",M,6.000,2,"",N,7.937,2,"",M,30.457,2,"",M,8.560,2,"",M,1031.960,2,"",M,410.421,2,"",M,NaN,,,0,NaN,,,M,402.811,2,"",401.201,2,"",NaN,,,NaN,,
2024-12-11T11:07:24.000Z,10.966,2,"",M,58.996,2,"",M,6.000,2,"",N,7.941,2,"",M,30.419,2,"",M,8.510,2,"",M,1031.870,2,"",M,410.049,2,"",M,NaN,,,0,NaN,,,M,403.342,2,"",401.729,2,"",NaN,,,NaN,,
2024-12-11T11:09:15.000Z,10.966,2,"",M,58.996,2,"",M,6.000,2,"",N,7.983,2,"",M,30.435,2,"",M,8.530,2,"",M,1032.090,2,"",M,409.656,2,"",M,NaN,,,0,NaN,,,M,403.404,2,"",401.791,2,"",NaN,,,NaN,,
2024-12-11T11:11:07.000Z,10.966,2,"",M,58.996,2,"",M,6.000,2,"",N,7.977,2,"",M,30.418,2,"",M,8.560,2,"",M,1032.100,2,"",M,409.054,2,"",M,NaN,,,0,NaN,,,M,402.207,2,"",400.599,2,"",NaN,,,NaN,,
2024-12-11T11:12:59.000Z,10.966,2,"",M,58.996,2,"",M,6.000,2,"",N,7.944,2,"",M,30.442,2,"",M,8.540,2,"",M,1032.060,2,"",M,409.422,2,"",M,NaN,,,0,NaN,,,M,402.328,2,"",400.719,2,"",NaN,,,NaN,,
2024-12-11T11:14:51.000Z,10.966,2,"",M,58.996,2,"",M,6.000,2,"",N,7.977,2,"",M,30.428,2,"",M,8.520,2,"",M,1032.010,2,"",M,410.071,2,"",M,NaN,,,0,NaN,,,M,403.862,2,"",402.247,2,"",NaN,,,NaN,,
2024-12-11T11:16:42.000Z,10.966,2,"",M,58.996,2,"",M,6.000,2,"",N,7.939,2,"",M,30.434,2,"",M,8.520,2,"",M,1032.060,2,"",M,409.168,2,"",M,NaN,,,0,NaN,,,M,402.347,2,"",400.738,2,"",NaN,,,NaN,,
2024-12-11T11:18:33.000Z,10.966,2,"",M,58.996,2,"",M,6.000,2,"",N,7.928,2,"",M,30.426,2,"",M,8.530,2,"",M,1032.220,2,"",M,409.386,2,"",M,NaN,,,0,NaN,,,M,402.257,2,"",400.648,2,"",NaN,,,NaN,,
2024-12-11T11:20:25.000Z,10.966,2,"",M,58.996,2,"",M,6.000,2,"",N,7.897,2,"",M,30.405,2,"",M,8.520,2,"",M,1032.110,2,"",M,409.424,2,"",M,NaN,,,0,NaN,,,M,401.908,2,"",400.301,2,"",NaN,,,NaN,,
2024-12-11T11:22:16.000Z,10.966,2,"",M,58.996,2,"",M,6.000,2,"",N,7.924,2,"",M,30.404,2,"",M,8.470,2,"",M,1032.070,2,"",M,410.063,2,"",M,NaN,,,0,NaN,,,M,403.843,2,"",402.227,2,"",NaN,,,NaN,,
2024-12-11T11:24:07.000Z,10.966,2,"",M,58.996,2,"",M,6.000,2,"",N,7.950,2,"",M,30.439,2,"",M,8.480,2,"",M,1031.940,2,"",M,409.850,2,"",M,NaN,,,0,NaN,,,M,403.856,2,"",402.241,2,"",NaN,,,NaN,,
2024-12-11T11:25:59.000Z,10.966,2,"",M,58.996,2,"",M,6.000,2,"",N,7.925,2,"",M,30.427,2,"",M,8.540,2,"",M,1032.160,2,"",M,409.999,2,"",M,NaN,,,0,NaN,,,M,402.616,2,"",401.006,2,"",NaN,,,NaN,,
2024-12-11T11:27:50.000Z,10.966,2,"",M,58.996,2,"",M,6.000,2,"",N,7.941,2,"",M,30.441,2,"",M,8.520,2,"",M,1032.170,2,"",M,410.277,2,"",M,NaN,,,0,NaN,,,M,403.506,2,"",401.892,2,"",NaN,,,NaN,,
2024-12-11T11:29:42.000Z,10.966,2,"",M,58.996,2,"",M,6.000,2,"",N,7.876,2,"",M,30.360,2,"",M,8.510,2,"",M,1032.070,2,"",M,410.125,2,"",M,NaN,,,0,NaN,,,M,402.393,2,"",400.784,2,"",NaN,,,NaN,,
2024-12-11T11:31:34.000Z,10.966,2,"",M,58.996,2,"",M,6.000,2,"",N,7.725,2,"",M,30.311,2,"",M,8.450,2,"",M,1031.990,2,"",M,409.702,2,"",M,NaN,,,0,NaN,,,M,400.418,2,"",398.815,2,"",NaN,,,NaN,,
2024-12-11T11:36:04.000Z,10.968,2,"",M,58.996,2,"",M,6.000,2,"",N,NaN,,,M,NaN,,,M,NaN,,,M,NaN,,,M,NaN,,,0,NaN,,,0,NaN,,,M,NaN,,,NaN,,,NaN,,,NaN,,
2024-12-11T11:37:53.000Z,10.969,2,"",M,58.996,2,"",M,6.000,2,"",N,NaN,,,M,NaN,,,M,NaN,,,M,NaN,,,M,NaN,,,0,NaN,,,0,NaN,,,M,NaN,,,NaN,,,NaN,,,NaN,,
2024-12-11T11:39:42.000Z,10.970,2,"",M,58.995,2,"",M,6.000,2,"",N,NaN,,,M,NaN,,,M,NaN,,,M,NaN,,,M,NaN,,,0,NaN,,,0,NaN,,,M,NaN,,,NaN,,,NaN,,,NaN,,
2024-12-11T11:44:11.000Z,10.972,2,"",M,58.995,2,"",M,6.000,2,"",N,NaN,,,M,NaN,,,M,NaN,,,M,NaN,,,M,NaN,,,0,NaN,,,0,NaN,,,M,NaN,,,NaN,,,NaN,,,NaN,,
2024-12-11T11:46:00.000Z,10.972,2,"",M,58.995,2,"",M,6.000,2,"",N,NaN,,,M,NaN,,,M,NaN,,,M,NaN,,,M,NaN,,,0,NaN,,,0,NaN,,,M,NaN,,,NaN,,,NaN,,,NaN,,
2024-12-11T11:47:49.000Z,10.972,2,"",M,58.995,2,"",M,6.000,2,"",N,NaN,,,M,NaN,,,M,NaN,,,M,NaN,,,M,NaN,,,0,NaN,,,0,NaN,,,M,NaN,,,NaN,,,NaN,,,NaN,,
2024-12-11T11:52:18.000Z,10.972,2,"",M,58.995,2,"",M,6.000,2,"",N,NaN,,,M,NaN,,,M,NaN,,,M,NaN,,,M,NaN,,,0,NaN,,,0,NaN,,,M,NaN,,,NaN,,,NaN,,,NaN,,
2024-12-11T11:54:07.000Z,10.972,2,"",M,58.995,2,"",M,6.000,2,"",N,NaN,,,M,NaN,,,M,NaN,,,M,NaN,,,M,NaN,,,0,NaN,,,0,NaN,,,M,NaN,,,NaN,,,NaN,,,NaN,,
2024-12-11T11:56:17.000Z,10.972,2,"",M,58.995,2,"",M,6.000,2,"",N,NaN,,,M,NaN,,,M,NaN,,,M,NaN,,,M,NaN,,,0,NaN,,,0,NaN,,,M,NaN,,,NaN,,,NaN,,,NaN,,
2024-12-11T12:00:46.000Z,10.972,2,"",M,58.995,2,"",M,6.000,2,"",N,8.049,2,"",M,30.438,2,"",M,NaN,,,M,NaN,,,M,NaN,,,0,443.768,2,"",M,1031.300,2,"",M,NaN,,,NaN,,,448.139,2,"",446.332,2,""
2024-12-11T12:02:35.000Z,10.972,2,"",M,58.995,2,"",M,6.000,2,"",N,7.957,2,"",M,30.462,2,"",M,NaN,,,M,NaN,,,M,NaN,,,0,444.719,2,"",M,1031.400,2,"",M,NaN,,,NaN,,,449.173,2,"",447.360,2,""
2024-12-11T12:04:24.000Z,10.972,2,"",M,58.995,2,"",M,6.000,2,"",N,8.057,2,"",M,30.533,2,"",M,NaN,,,M,NaN,,,M,NaN,,,0,443.579,2,"",M,1031.400,2,"",M,NaN,,,NaN,,,447.989,2,"",446.184,2,""
2024-12-11T12:06:13.000Z,10.972,2,"",M,58.995,2,"",M,6.000,2,"",N,8.083,2,"",M,30.585,2,"",M,NaN,,,M,NaN,,,M,NaN,,,0,444.090,2,"",M,1031.400,2,"",M,NaN,,,NaN,,,448.497,2,"",446.690,2,""
2024-12-11T12:08:02.000Z,10.972,2,"",M,58.995,2,"",M,6.000,2,"",N,8.048,2,"",M,30.633,2,"",M,NaN,,,M,NaN,,,M,NaN,,,0,443.770,2,"",M,1031.400,2,"",M,NaN,,,NaN,,,448.186,2,"",446.379,2,""
2024-12-11T12:13:12.000Z,10.972,2,"",M,58.995,2,"",M,6.000,2,"",N,8.053,2,"",M,30.595,2,"",M,8.620,2,"",M,1031.920,2,"",M,412.920,2,"",M,NaN,,,0,NaN,,,M,406.181,2,"",404.559,2,"",NaN,,,NaN,,
2024-12-11T12:15:04.000Z,10.972,2,"",M,58.995,2,"",M,6.000,2,"",N,8.018,2,"",M,30.592,2,"",M,8.610,2,"",M,1031.880,2,"",M,413.441,2,"",M,NaN,,,0,NaN,,,M,406.265,2,"",404.642,2,"",NaN,,,NaN,,
2024-12-11T12:16:56.000Z,10.972,2,"",M,58.995,2,"",M,6.000,2,"",N,8.027,2,"",M,30.585,2,"",M,8.620,2,"",M,1031.920,2,"",M,413.232,2,"",M,NaN,,,0,NaN,,,M,406.041,2,"",404.419,2,"",NaN,,,NaN,,
2024-12-11T12:18:47.000Z,10.972,2,"",M,58.995,2,"",M,6.000,2,"",N,8.027,2,"",M,30.543,2,"",M,8.610,2,"",M,1031.820,2,"",M,413.513,2,"",M,NaN,,,0,NaN,,,M,406.456,2,"",404.832,2,"",NaN,,,NaN,,
2024-12-11T12:20:38.000Z,10.972,2,"",M,58.995,2,"",M,6.000,2,"",N,7.976,2,"",M,30.561,2,"",M,8.600,2,"",M,1031.640,2,"",M,413.373,2,"",M,NaN,,,0,NaN,,,M,405.552,2,"",403.932,2,"",NaN,,,NaN,,
2024-12-11T12:22:30.000Z,10.972,2,"",M,58.995,2,"",M,6.000,2,"",N,7.999,2,"",M,30.526,2,"",M,8.570,2,"",M,1031.460,2,"",M,412.884,2,"",M,NaN,,,0,NaN,,,M,405.920,2,"",404.298,2,"",NaN,,,NaN,,
2024-12-11T12:24:21.000Z,10.972,2,"",M,58.995,2,"",M,6.000,2,"",N,8.015,2,"",M,30.548,2,"",M,8.570,2,"",M,1031.380,2,"",M,412.965,2,"",M,NaN,,,0,NaN,,,M,406.231,2,"",404.609,2,"",NaN,,,NaN,,
2024-12-11T12:26:12.000Z,10.972,2,"",M,58.995,2,"",M,6.000,2,"",N,7.959,2,"",M,30.514,2,"",M,8.600,2,"",M,1032.030,2,"",M,412.275,2,"",M,NaN,,,0,NaN,,,M,404.343,2,"",402.728,2,"",NaN,,,NaN,,
2024-12-11T12:28:04.000Z,10.972,2,"",M,58.995,2,"",M,6.000,2,"",N,7.976,2,"",M,30.535,2,"",M,8.550,2,"",M,1031.920,2,"",M,412.776,2,"",M,NaN,,,0,NaN,,,M,405.942,2,"",404.319,2,"",NaN,,,NaN,,
2024-12-11T12:29:56.000Z,10.972,2,"",M,58.995,2,"",M,6.000,2,"",N,7.995,2,"",M,30.527,2,"",M,8.560,2,"",M,1031.910,2,"",M,412.326,2,"",M,NaN,,,0,NaN,,,M,405.650,2,"",404.029,2,"",NaN,,,NaN,,
2024-12-11T12:31:47.000Z,10.972,2,"",M,58.995,2,"",M,6.000,2,"",N,7.988,2,"",M,30.515,2,"",M,8.550,2,"",M,1031.800,2,"",M,412.597,2,"",M,NaN,,,0,NaN,,,M,405.926,2,"",404.303,2,"",NaN,,,NaN,,
2024-12-11T12:33:39.000Z,10.972,2,"",M,58.995,2,"",M,6.000,2,"",N,7.991,2,"",M,30.529,2,"",M,8.560,2,"",M,1032.060,2,"",M,412.098,2,"",M,NaN,,,0,NaN,,,M,405.413,2,"",403.792,2,"",NaN,,,NaN,,
2024-12-11T12:35:31.000Z,10.972,2,"",M,58.995,2,"",M,6.000,2,"",N,8.003,2,"",M,30.544,2,"",M,8.580,2,"",M,1032.020,2,"",M,412.178,2,"",M,NaN,,,0,NaN,,,M,405.336,2,"",403.717,2,"",NaN,,,NaN,,
2024-12-11T12:37:22.000Z,10.972,2,"",M,58.995,2,"",M,6.000,2,"",N,8.002,2,"",M,30.543,2,"",M,8.570,2,"",M,1031.940,2,"",M,412.840,2,"",M,NaN,,,0,NaN,,,M,406.122,2,"",404.499,2,"",NaN,,,NaN,,
2024-12-11T12:39:13.000Z,10.972,2,"",M,58.995,2,"",M,6.000,2,"",N,8.001,2,"",M,30.546,2,"",M,8.560,2,"",M,1031.910,2,"",M,412.590,2,"",M,NaN,,,0,NaN,,,M,406.013,2,"",404.390,2,"",NaN,,,NaN,,
2024-12-11T12:41:05.000Z,10.972,2,"",M,58.995,2,"",M,6.000,2,"",N,7.990,2,"",M,30.536,2,"",M,8.560,2,"",M,1031.840,2,"",M,412.831,2,"",M,NaN,,,0,NaN,,,M,406.029,2,"",404.406,2,"",NaN,,,NaN,,
2024-12-11T12:42:56.000Z,10.972,2,"",M,58.995,2,"",M,6.000,2,"",N,7.989,2,"",M,30.533,2,"",M,8.580,2,"",M,1032.050,2,"",M,412.762,2,"",M,NaN,,,0,NaN,,,M,405.683,2,"",404.062,2,"",NaN,,,NaN,,
2024-12-11T12:44:48.000Z,10.972,2,"",M,58.995,2,"",M,6.000,2,"",N,7.985,2,"",M,30.530,2,"",M,8.570,2,"",M,1032.050,2,"",M,413.043,2,"",M,NaN,,,0,NaN,,,M,406.070,2,"",404.447,2,"",NaN,,,NaN,,
2024-12-11T12:46:39.000Z,10.972,2,"",M,58.995,2,"",M,6.000,2,"",N,7.975,2,"",M,30.543,2,"",M,8.560,2,"",M,1031.910,2,"",M,412.963,2,"",M,NaN,,,0,NaN,,,M,405.941,2,"",404.319,2,"",NaN,,,NaN,,
2024-12-11T12:48:32.000Z,10.972,2,"",M,58.995,2,"",M,6.000,2,"",N,7.993,2,"",M,30.529,2,"",M,8.550,2,"",M,1031.830,2,"",M,412.644,2,"",M,NaN,,,0,NaN,,,M,406.074,2,"",404.451,2,"",NaN,,,NaN,,
2024-12-11T12:50:23.000Z,10.972,2,"",M,58.994,2,"",M,6.000,2,"",N,7.384,2,"",I,30.284,2,"",M,7.676,2,"",I,1031.970,2,"",M,412.635,2,"",M,NaN,,,0,NaN,,,M,410.959,2,"",409.297,2,"",NaN,,,NaN,,
2024-12-11T12:52:14.000Z,10.973,2,"",M,58.994,2,"",M,6.000,2,"",N,6.776,2,"",I,26.195,2,"",M,6.802,2,"",I,1032.050,2,"",M,412.035,2,"",M,NaN,,,0,NaN,,,M,415.262,2,"",413.563,2,"",NaN,,,NaN,,
2024-12-11T12:54:06.000Z,10.973,2,"",M,58.993,2,"",M,6.000,2,"",N,6.162,2,"",M,26.207,2,"",M,5.920,2,"",M,1032.040,2,"",M,396.566,2,"",M,NaN,,,0,NaN,,,M,404.448,2,"",402.775,2,"",NaN,,,NaN,,
2024-12-11T12:56:18.000Z,10.973,2,"",M,58.993,2,"",M,6.000,2,"",N,7.206,2,"",M,29.189,2,"",M,6.900,2,"",M,1031.890,2,"",M,373.133,2,"",M,NaN,,,0,NaN,,,M,381.294,2,"",379.737,2,"",NaN,,,NaN,,
2024-12-11T12:58:10.000Z,10.973,2,"",M,58.993,2,"",M,6.000,2,"",N,7.479,2,"",M,29.991,2,"",M,7.690,2,"",M,1032.000,2,"",M,377.697,2,"",M,NaN,,,0,NaN,,,M,377.454,2,"",375.928,2,"",NaN,,,NaN,,
2024-12-11T13:00:01.000Z,10.972,2,"",M,58.992,2,"",M,6.000,2,"",N,7.176,2,"",M,29.764,2,"",M,8.060,2,"",M,1032.120,2,"",M,390.856,2,"",M,NaN,,,0,NaN,,,M,379.595,2,"",378.068,2,"",NaN,,,NaN,,
2024-12-11T13:01:52.000Z,10.972,2,"",M,58.992,2,"",M,6.000,2,"",N,7.139,2,"",M,29.244,2,"",M,7.910,2,"",M,1032.100,2,"",M,398.171,2,"",M,NaN,,,0,NaN,,,M,388.571,2,"",387.004,2,"",NaN,,,NaN,,
2024-12-11T13:03:44.000Z,10.972,2,"",M,58.993,2,"",M,6.000,2,"",N,7.684,2,"",M,30.107,2,"",M,7.670,2,"",M,1032.000,2,"",M,398.782,2,"",M,NaN,,,0,NaN,,,M,402.347,2,"",400.720,2,"",NaN,,,NaN,,
2024-12-11T13:05:36.000Z,10.972,2,"",M,58.993,2,"",M,6.000,2,"",N,7.549,2,"",M,30.276,2,"",M,8.220,2,"",M,1031.860,2,"",M,397.982,2,"",M,NaN,,,0,NaN,,,M,389.866,2,"",388.301,2,"",NaN,,,NaN,,
2024-12-11T13:07:28.000Z,10.973,2,"",M,58.993,2,"",M,6.000,2,"",N,7.923,2,"",M,30.214,2,"",M,8.210,2,"",M,1032.030,2,"",M,403.896,2,"",M,NaN,,,0,NaN,,,M,402.210,2,"",400.595,2,"",NaN,,,NaN,,
2024-12-11T13:09:19.000Z,10.973,2,"",M,58.994,2,"",M,6.000,2,"",N,7.755,2,"",M,30.232,2,"",M,8.400,2,"",M,1032.045,2,"",M,406.879,2,"",M,NaN,,,0,NaN,,,M,399.038,2,"",397.440,2,"",NaN,,,NaN,,
2024-12-11T13:11:11.000Z,10.973,2,"",M,58.994,2,"",M,6.000,2,"",N,7.791,2,"",M,30.221,2,"",M,8.320,2,"",M,1031.860,2,"",M,407.580,2,"",M,NaN,,,0,NaN,,,M,401.637,2,"",400.027,2,"",NaN,,,NaN,,
2024-12-11T13:13:03.000Z,10.973,2,"",M,58.994,2,"",M,6.000,2,"",N,7.871,2,"",M,30.412,2,"",M,8.330,2,"",M,1031.590,2,"",M,407.851,2,"",M,NaN,,,0,NaN,,,M,402.987,2,"",401.372,2,"",NaN,,,NaN,,
2024-12-11T13:14:55.000Z,10.973,2,"",M,58.994,2,"",M,6.000,2,"",N,7.771,2,"",M,30.347,2,"",M,8.430,2,"",M,1031.510,2,"",M,407.902,2,"",M,NaN,,,0,NaN,,,M,399.592,2,"",397.993,2,"",NaN,,,NaN,,
2024-12-11T13:16:46.000Z,10.973,2,"",M,58.994,2,"",M,6.000,2,"",N,7.939,2,"",M,30.472,2,"",M,8.380,2,"",M,1031.570,2,"",M,409.153,2,"",M,NaN,,,0,NaN,,,M,404.573,2,"",402.953,2,"",NaN,,,NaN,,
2024-12-11T13:18:38.000Z,10.973,2,"",M,58.994,2,"",M,6.000,2,"",N,7.703,2,"",M,30.139,2,"",M,8.530,2,"",M,1031.940,2,"",M,409.734,2,"",M,NaN,,,0,NaN,,,M,398.671,2,"",397.077,2,"",NaN,,,NaN,,
2024-12-11T13:20:29.000Z,10.974,2,"",M,58.994,2,"",M,6.000,2,"",N,7.361,2,"",M,29.561,2,"",M,8.300,2,"",M,1031.825,2,"",M,410.495,2,"",M,NaN,,,0,NaN,,,M,397.545,2,"",395.951,2,"",NaN,,,NaN,,
2024-12-11T13:22:20.000Z,10.975,2,"",M,58.994,2,"",M,6.000,2,"",N,7.571,2,"",M,29.565,2,"",M,7.930,2,"",M,1031.760,2,"",M,407.254,2,"",M,NaN,,,0,NaN,,,M,404.282,2,"",402.653,2,"",NaN,,,NaN,,
2024-12-11T13:24:12.000Z,10.975,2,"",M,58.994,2,"",M,6.000,2,"",N,7.684,2,"",M,30.183,2,"",M,8.050,2,"",M,1031.940,2,"",M,402.443,2,"",M,NaN,,,0,NaN,,,M,399.441,2,"",397.834,2,"",NaN,,,NaN,,
2024-12-11T13:26:03.000Z,10.975,2,"",M,58.994,2,"",M,6.000,2,"",N,7.700,2,"",M,30.187,2,"",M,8.260,2,"",M,1031.970,2,"",M,403.464,2,"",M,NaN,,,0,NaN,,,M,397.123,2,"",395.530,2,"",NaN,,,NaN,,
2024-12-11T13:27:54.000Z,10.975,2,"",M,58.994,2,"",M,6.000,2,"",N,7.965,2,"",M,30.397,2,"",M,8.260,2,"",M,1031.930,2,"",M,406.946,2,"",M,NaN,,,0,NaN,,,M,405.049,2,"",403.424,2,"",NaN,,,NaN,,
2024-12-11T13:29:46.000Z,10.975,2,"",M,58.994,2,"",M,6.000,2,"",N,8.035,2,"",M,30.568,2,"",M,8.460,2,"",M,1031.810,2,"",M,408.148,2,"",M,NaN,,,0,NaN,,,M,403.911,2,"",402.294,2,"",NaN,,,NaN,,
2024-12-11T13:31:37.000Z,10.975,2,"",M,58.994,2,"",M,6.000,2,"",N,8.034,2,"",M,30.624,2,"",M,8.570,2,"",M,1031.660,2,"",M,409.769,2,"",M,NaN,,,0,NaN,,,M,403.529,2,"",401.917,2,"",NaN,,,NaN,,
2024-12-11T13:33:28.000Z,10.975,2,"",M,58.994,2,"",M,6.000,2,"",N,8.026,2,"",M,30.603,2,"",M,8.610,2,"",M,1031.920,2,"",M,411.981,2,"",M,NaN,,,0,NaN,,,M,404.983,2,"",403.366,2,"",NaN,,,NaN,,
2024-12-11T13:35:21.000Z,10.975,2,"",M,58.994,2,"",M,6.000,2,"",N,8.013,2,"",M,30.534,2,"",M,8.600,2,"",M,1031.870,2,"",M,412.662,2,"",M,NaN,,,0,NaN,,,M,405.582,2,"",403.962,2,"",NaN,,,NaN,,
2024-12-11T13:37:12.000Z,10.975,2,"",M,58.994,2,"",M,6.000,2,"",N,8.032,2,"",M,30.608,2,"",M,8.590,2,"",M,1031.760,2,"",M,412.653,2,"",M,NaN,,,0,NaN,,,M,406.018,2,"",404.396,2,"",NaN,,,NaN,,
2024-12-11T13:39:03.000Z,10.975,2,"",M,58.994,2,"",M,6.000,2,"",N,7.993,2,"",M,30.531,2,"",M,8.600,2,"",M,1031.580,2,"",M,412.644,2,"",M,NaN,,,0,NaN,,,M,405.106,2,"",403.488,2,"",NaN,,,NaN,,
2024-12-11T13:40:55.000Z,10.975,2,"",M,58.994,2,"",M,6.000,2,"",N,8.028,2,"",M,30.569,2,"",M,8.570,2,"",M,1031.710,2,"",M,412.244,2,"",M,NaN,,,0,NaN,,,M,405.878,2,"",404.257,2,"",NaN,,,NaN,,
2024-12-11T13:42:46.000Z,10.975,2,"",M,58.994,2,"",M,6.000,2,"",N,7.713,2,"",M,30.238,2,"",M,8.620,2,"",M,1031.720,2,"",M,412.235,2,"",M,NaN,,,0,NaN,,,M,399.651,2,"",398.055,2,"",NaN,,,NaN,,
2024-12-11T13:44:37.000Z,10.975,2,"",M,58.994,2,"",M,6.000,2,"",N,7.718,2,"",M,30.271,2,"",M,8.330,2,"",M,1031.940,2,"",M,412.266,2,"",M,NaN,,,0,NaN,,,M,404.858,2,"",403.235,2,"",NaN,,,NaN,,
2024-12-11T13:46:29.000Z,10.976,2,"",M,58.994,2,"",M,6.000,2,"",N,7.677,2,"",M,30.226,2,"",M,8.310,2,"",M,1031.810,2,"",M,410.446,2,"",M,NaN,,,0,NaN,,,M,402.671,2,"",401.057,2,"",NaN,,,NaN,,
2024-12-11T13:48:20.000Z,10.976,2,"",M,58.994,2,"",M,6.000,2,"",N,7.643,2,"",M,30.101,2,"",M,8.270,2,"",M,1031.780,2,"",M,409.736,2,"",M,NaN,,,0,NaN,,,M,402.083,2,"",400.471,2,"",NaN,,,NaN,,
2024-12-11T13:50:12.000Z,10.976,2,"",M,58.994,2,"",M,6.000,2,"",N,7.675,2,"",M,30.141,2,"",M,8.240,2,"",M,1031.950,2,"",M,408.947,2,"",M,NaN,,,0,NaN,,,M,402.434,2,"",400.819,2,"",NaN,,,NaN,,
2024-12-11T13:52:04.000Z,10.976,2,"",M,58.994,2,"",M,6.000,2,"",N,7.635,2,"",M,30.165,2,"",M,8.260,2,"",M,1031.850,2,"",M,408.707,2,"",M,NaN,,,0,NaN,,,M,401.142,2,"",399.533,2,"",NaN,,,NaN,,
2024-12-11T13:53:56.000Z,10.976,2,"",M,58.995,2,"",M,6.000,2,"",N,7.618,2,"",M,30.087,2,"",M,8.230,2,"",M,1031.810,2,"",M,409.198,2,"",M,NaN,,,0,NaN,,,M,401.831,2,"",400.218,2,"",NaN,,,NaN,,
2024-12-11T13:56:08.000Z,10.976,2,"",M,58.995,2,"",M,6.000,2,"",N,7.748,2,"",M,30.223,2,"",M,8.190,2,"",M,1031.740,2,"",M,408.369,2,"",M,NaN,,,0,NaN,,,M,403.899,2,"",402.277,2,"",NaN,,,NaN,,
2024-12-11T13:57:59.000Z,10.976,2,"",M,58.995,2,"",M,6.000,2,"",N,7.930,2,"",M,30.355,2,"",M,8.310,2,"",M,1032.230,2,"",M,407.429,2,"",M,NaN,,,0,NaN,,,M,404.189,2,"",402.568,2,"",NaN,,,NaN,,
2024-12-11T13:59:51.000Z,10.976,2,"",M,58.995,2,"",M,6.000,2,"",N,7.888,2,"",M,30.479,2,"",M,8.420,2,"",M,1031.920,2,"",M,408.200,2,"",M,NaN,,,0,NaN,,,M,402.201,2,"",400.590,2,"",NaN,,,NaN,,
2024-12-11T14:01:42.000Z,10.976,2,"",M,58.995,2,"",M,6.000,2,"",N,7.977,2,"",M,30.515,2,"",M,8.490,2,"",M,1031.830,2,"",M,409.912,2,"",M,NaN,,,0,NaN,,,M,404.158,2,"",402.542,2,"",NaN,,,NaN,,
2024-12-11T14:03:33.000Z,10.976,2,"",M,58.995,2,"",M,6.000,2,"",N,8.017,2,"",M,30.484,2,"",M,8.540,2,"",M,1031.680,2,"",M,410.763,2,"",M,NaN,,,0,NaN,,,M,404.746,2,"",403.129,2,"",NaN,,,NaN,,
2024-12-11T14:05:25.000Z,10.976,2,"",M,58.995,2,"",M,6.000,2,"",N,8.022,2,"",M,30.565,2,"",M,8.550,2,"",M,1031.390,2,"",M,411.004,2,"",M,NaN,,,0,NaN,,,M,404.776,2,"",403.159,2,"",NaN,,,NaN,,
2024-12-11T14:07:16.000Z,10.976,2,"",M,58.995,2,"",M,6.000,2,"",N,7.975,2,"",M,30.534,2,"",M,8.610,2,"",M,1031.690,2,"",M,411.364,2,"",M,NaN,,,0,NaN,,,M,403.415,2,"",401.804,2,"",NaN,,,NaN,,
2024-12-11T14:09:08.000Z,10.976,2,"",M,58.994,2,"",M,6.000,2,"",N,7.952,2,"",M,30.526,2,"",M,8.560,2,"",M,1031.710,2,"",M,411.915,2,"",M,NaN,,,0,NaN,,,M,404.426,2,"",402.810,2,"",NaN,,,NaN,,
2024-12-11T14:10:59.000Z,10.977,2,"",M,58.994,2,"",M,6.000,2,"",N,7.827,2,"",I,29.633,2,"",M,8.255,2,"",I,1031.540,2,"",M,411.716,2,"",M,NaN,,,0,NaN,,,M,407.339,2,"",405.705,2,"",NaN,,,NaN,,
2024-12-11T14:12:50.000Z,10.977,2,"",M,58.994,2,"",M,6.000,2,"",N,7.702,2,"",M,30.054,2,"",M,7.950,2,"",M,1031.550,2,"",M,409.626,2,"",M,NaN,,,0,NaN,,,M,408.462,2,"",406.817,2,"",NaN,,,NaN,,
2024-12-11T14:14:42.000Z,10.977,2,"",M,58.994,2,"",M,6.000,2,"",N,7.313,2,"",M,29.922,2,"",M,8.250,2,"",M,1031.840,2,"",M,404.465,2,"",M,NaN,,,0,NaN,,,M,391.770,2,"",390.198,2,"",NaN,,,NaN,,
2024-12-11T14:16:33.000Z,10.977,2,"",M,58.994,2,"",M,6.000,2,"",N,7.248,2,"",M,29.321,2,"",M,8.050,2,"",M,1031.980,2,"",M,404.535,2,"",M,NaN,,,0,NaN,,,M,394.190,2,"",392.604,2,"",NaN,,,NaN,,
2024-12-11T14:18:24.000Z,10.977,2,"",M,58.993,2,"",M,6.000,2,"",N,7.620,2,"",M,29.723,2,"",M,7.790,2,"",M,1031.970,2,"",M,401.955,2,"",M,NaN,,,0,NaN,,,M,402.361,2,"",400.737,2,"",NaN,,,NaN,,
2024-12-11T14:20:16.000Z,10.977,2,"",M,58.993,2,"",M,6.000,2,"",N,7.566,2,"",M,29.961,2,"",M,8.100,2,"",M,1031.850,2,"",M,398.845,2,"",M,NaN,,,0,NaN,,,M,393.009,2,"",391.429,2,"",NaN,,,NaN,,
2024-12-11T14:22:07.000Z,10.977,2,"",M,58.993,2,"",M,6.000,2,"",N,7.559,2,"",M,29.839,2,"",M,8.120,2,"",M,1031.820,2,"",M,402.167,2,"",M,NaN,,,0,NaN,,,M,395.817,2,"",394.226,2,"",NaN,,,NaN,,
2024-12-11T14:23:59.000Z,10.977,2,"",M,58.993,2,"",M,6.000,2,"",N,7.867,2,"",M,30.193,2,"",M,8.100,2,"",M,1032.000,2,"",M,403.658,2,"",M,NaN,,,0,NaN,,,M,402.908,2,"",401.288,2,"",NaN,,,NaN,,
2024-12-11T14:25:50.000Z,10.977,2,"",M,58.993,2,"",M,6.000,2,"",N,7.870,2,"",M,30.495,2,"",M,8.340,2,"",M,1031.890,2,"",M,405.159,2,"",M,NaN,,,0,NaN,,,M,400.270,2,"",398.666,2,"",NaN,,,NaN,,
2024-12-11T14:27:41.000Z,10.978,2,"",M,58.993,2,"",M,6.000,2,"",N,7.763,2,"",M,30.339,2,"",M,8.480,2,"",M,1032.110,2,"",M,407.731,2,"",M,NaN,,,0,NaN,,,M,398.654,2,"",397.059,2,"",NaN,,,NaN,,
2024-12-11T14:29:33.000Z,10.978,2,"",M,58.993,2,"",M,6.000,2,"",N,7.814,2,"",M,30.332,2,"",M,8.380,2,"",M,1031.700,2,"",M,409.533,2,"",M,NaN,,,0,NaN,,,M,402.854,2,"",401.241,2,"",NaN,,,NaN,,
2024-12-11T14:31:25.000Z,10.978,2,"",M,58.994,2,"",M,6.000,2,"",N,7.817,2,"",M,30.429,2,"",M,8.360,2,"",M,1031.810,2,"",M,409.343,2,"",M,NaN,,,0,NaN,,,M,403.117,2,"",401.502,2,"",NaN,,,NaN,,
2024-12-11T14:33:17.000Z,10.978,2,"",M,58.994,2,"",M,6.000,2,"",N,7.463,2,"",M,30.178,2,"",M,8.430,2,"",M,1031.820,2,"",M,409.464,2,"",M,NaN,,,0,NaN,,,M,396.040,2,"",394.455,2,"",NaN,,,NaN,,
2024-12-11T14:35:08.000Z,10.978,2,"",M,58.994,2,"",M,6.000,2,"",N,7.490,2,"",M,29.887,2,"",M,8.270,2,"",M,1031.710,2,"",M,409.555,2,"",M,NaN,,,0,NaN,,,M,399.290,2,"",397.689,2,"",NaN,,,NaN,,
2024-12-11T14:36:59.000Z,10.978,2,"",M,58.994,2,"",M,6.000,2,"",N,7.714,2,"",M,30.106,2,"",M,8.070,2,"",M,1031.830,2,"",M,407.605,2,"",M,NaN,,,0,NaN,,,M,404.676,2,"",403.048,2,"",NaN,,,NaN,,
2024-12-11T14:38:51.000Z,10.978,2,"",M,58.994,2,"",M,6.000,2,"",N,7.959,2,"",M,30.488,2,"",M,8.230,2,"",M,1031.890,2,"",M,406.185,2,"",M,NaN,,,0,NaN,,,M,404.695,2,"",403.070,2,"",NaN,,,NaN,,
2024-12-11T14:40:42.000Z,10.978,2,"",M,58.994,2,"",M,6.000,2,"",N,7.852,2,"",M,30.297,2,"",M,8.510,2,"",M,1032.080,2,"",M,407.116,2,"",M,NaN,,,0,NaN,,,M,399.034,2,"",397.438,2,"",NaN,,,NaN,,
2024-12-11T14:42:34.000Z,10.978,2,"",M,58.994,2,"",M,6.000,2,"",N,8.003,2,"",M,30.542,2,"",M,8.420,2,"",M,1032.100,2,"",M,409.598,2,"",M,NaN,,,0,NaN,,,M,405.617,2,"",403.993,2,"",NaN,,,NaN,,
2024-12-11T14:44:25.000Z,10.978,2,"",M,58.994,2,"",M,6.000,2,"",N,8.058,2,"",M,30.557,2,"",M,8.540,2,"",M,1032.050,2,"",M,409.859,2,"",M,NaN,,,0,NaN,,,M,404.707,2,"",403.089,2,"",NaN,,,NaN,,
2024-12-11T14:46:16.000Z,10.978,2,"",M,58.994,2,"",M,6.000,2,"",N,7.975,2,"",M,30.488,2,"",M,8.590,2,"",M,1032.020,2,"",M,411.090,2,"",M,NaN,,,0,NaN,,,M,403.622,2,"",402.010,2,"",NaN,,,NaN,,
2024-12-11T14:48:08.000Z,10.978,2,"",M,58.994,2,"",M,6.000,2,"",N,7.915,2,"",M,30.423,2,"",M,8.530,2,"",M,1032.070,2,"",M,411.541,2,"",M,NaN,,,0,NaN,,,M,404.101,2,"",402.486,2,"",NaN,,,NaN,,
2024-12-11T14:49:59.000Z,10.978,2,"",M,58.994,2,"",M,6.000,2,"",N,8.030,2,"",M,30.546,2,"",M,8.500,2,"",M,1032.110,2,"",M,411.051,2,"",M,NaN,,,0,NaN,,,M,406.129,2,"",404.504,2,"",NaN,,,NaN,,
2024-12-11T14:51:50.000Z,10.978,2,"",M,58.994,2,"",M,6.000,2,"",N,8.037,2,"",M,30.588,2,"",M,8.580,2,"",M,1032.030,2,"",M,411.182,2,"",M,NaN,,,0,NaN,,,M,404.939,2,"",403.321,2,"",NaN,,,NaN,,
2024-12-11T14:53:42.000Z,10.978,2,"",M,58.994,2,"",M,6.000,2,"",N,8.017,2,"",M,30.584,2,"",M,8.590,2,"",M,1032.073,2,"",M,411.623,2,"",M,NaN,,,0,NaN,,,M,404.878,2,"",403.261,2,"",NaN,,,NaN,,
2024-12-11T14:55:33.000Z,10.978,2,"",M,58.994,2,"",M,6.000,2,"",N,8.021,2,"",M,30.534,2,"",M,8.580,2,"",M,1032.065,2,"",M,412.154,2,"",M,NaN,,,0,NaN,,,M,405.635,2,"",404.014,2,"",NaN,,,NaN,,
2024-12-11T14:57:46.000Z,10.978,2,"",M,58.994,2,"",M,6.000,2,"",N,7.871,2,"",M,30.442,2,"",M,8.590,2,"",M,1032.320,2,"",M,412.415,2,"",M,NaN,,,0,NaN,,,M,403.259,2,"",401.647,2,"",NaN,,,NaN,,
2024-12-11T14:59:37.000Z,10.978,2,"",M,58.994,2,"",M,6.000,2,"",N,7.840,2,"",I,30.392,2,"",I,8.470,2,"",M,1032.210,2,"",M,412.136,2,"",M,NaN,,,0,NaN,,,M,404.496,2,"",402.877,2,"",NaN,,,NaN,,
2024-12-11T15:01:28.000Z,10.978,2,"",M,58.994,2,"",M,6.000,2,"",N,7.809,2,"",M,30.343,2,"",M,8.400,2,"",M,1032.200,2,"",M,411.846,2,"",M,NaN,,,0,NaN,,,M,404.894,2,"",403.272,2,"",NaN,,,NaN,,
2024-12-11T15:03:19.000Z,10.978,2,"",M,58.994,2,"",M,6.000,2,"",N,7.898,2,"",M,30.364,2,"",M,8.380,2,"",M,1032.170,2,"",M,410.847,2,"",M,NaN,,,0,NaN,,,M,405.781,2,"",404.155,2,"",NaN,,,NaN,,
2024-12-11T15:05:11.000Z,10.978,2,"",M,58.994,2,"",M,6.000,2,"",N,7.766,2,"",M,30.336,2,"",M,8.430,2,"",M,1032.230,2,"",M,410.217,2,"",M,NaN,,,0,NaN,,,M,402.049,2,"",400.439,2,"",NaN,,,NaN,,
2024-12-11T15:07:02.000Z,10.978,2,"",M,58.994,2,"",M,6.000,2,"",N,7.787,2,"",M,30.270,2,"",M,8.370,2,"",M,1032.320,2,"",M,410.598,2,"",M,NaN,,,0,NaN,,,M,403.870,2,"",402.252,2,"",NaN,,,NaN,,
2024-12-11T15:08:54.000Z,10.978,2,"",M,58.994,2,"",M,6.000,2,"",N,7.497,2,"",M,30.304,2,"",M,8.360,2,"",M,1032.200,2,"",M,409.889,2,"",M,NaN,,,0,NaN,,,M,398.369,2,"",396.772,2,"",NaN,,,NaN,,
2024-12-11T15:10:46.000Z,10.977,2,"",M,58.994,2,"",M,6.000,2,"",N,7.255,2,"",I,29.560,2,"",M,7.795,2,"",I,1032.040,2,"",M,409.749,2,"",M,NaN,,,0,NaN,,,M,403.820,2,"",402.189,2,"",NaN,,,NaN,,
2024-12-11T15:12:38.000Z,10.977,2,"",M,58.994,2,"",M,6.000,2,"",N,7.014,2,"",M,28.560,2,"",M,7.230,2,"",M,1031.980,2,"",M,405.709,2,"",M,NaN,,,0,NaN,,,M,405.480,2,"",403.831,2,"",NaN,,,NaN,,
2024-12-11T15:14:29.000Z,10.976,2,"",M,58.994,2,"",M,6.000,2,"",N,7.200,2,"",M,29.378,2,"",M,7.460,2,"",M,1032.170,2,"",M,393.817,2,"",M,NaN,,,0,NaN,,,M,392.882,2,"",391.289,2,"",NaN,,,NaN,,
2024-12-11T15:16:20.000Z,10.975,2,"",M,58.994,2,"",M,6.000,2,"",N,7.503,2,"",M,29.688,2,"",M,7.830,2,"",M,1032.080,2,"",M,391.027,2,"",M,NaN,,,0,NaN,,,M,388.856,2,"",387.287,2,"",NaN,,,NaN,,
2024-12-11T15:18:12.000Z,10.975,2,"",M,58.994,2,"",M,6.000,2,"",N,7.437,2,"",M,29.788,2,"",M,7.950,2,"",M,1032.250,2,"",M,395.429,2,"",M,NaN,,,0,NaN,,,M,390.190,2,"",388.617,2,"",NaN,,,NaN,,
2024-12-11T15:22:41.000Z,10.972,2,"",M,58.995,2,"",M,6.000,2,"",N,NaN,,,M,NaN,,,M,NaN,,,M,NaN,,,M,NaN,,,0,NaN,,,0,NaN,,,M,NaN,,,NaN,,,NaN,,,NaN,,
2024-12-11T15:24:30.000Z,10.972,2,"",M,58.995,2,"",M,6.000,2,"",N,NaN,,,M,NaN,,,M,NaN,,,M,NaN,,,M,NaN,,,0,NaN,,,0,NaN,,,M,NaN,,,NaN,,,NaN,,,NaN,,
2024-12-11T15:26:19.000Z,10.970,2,"",M,58.995,2,"",M,6.000,2,"",N,NaN,,,M,NaN,,,M,NaN,,,M,NaN,,,M,NaN,,,0,NaN,,,0,NaN,,,M,NaN,,,NaN,,,NaN,,,NaN,,
2024-12-11T15:30:48.000Z,10.968,2,"",M,58.996,2,"",M,6.000,2,"",N,NaN,,,M,NaN,,,M,NaN,,,M,NaN,,,M,NaN,,,0,NaN,,,0,NaN,,,M,NaN,,,NaN,,,NaN,,,NaN,,
2024-12-11T15:32:37.000Z,10.968,2,"",M,58.995,2,"",M,6.000,2,"",N,NaN,,,M,NaN,,,M,NaN,,,M,NaN,,,M,NaN,,,0,NaN,,,0,NaN,,,M,NaN,,,NaN,,,NaN,,,NaN,,
2024-12-11T15:34:26.000Z,10.968,2,"",M,58.995,2,"",M,6.000,2,"",N,NaN,,,M,NaN,,,M,NaN,,,M,NaN,,,M,NaN,,,0,NaN,,,0,NaN,,,M,NaN,,,NaN,,,NaN,,,NaN,,
2024-12-11T15:38:55.000Z,10.968,2,"",M,58.995,2,"",M,6.000,2,"",N,NaN,,,M,NaN,,,M,NaN,,,M,NaN,,,M,NaN,,,0,NaN,,,0,NaN,,,M,NaN,,,NaN,,,NaN,,,NaN,,
2024-12-11T15:40:45.000Z,10.968,2,"",M,58.995,2,"",M,6.000,2,"",N,NaN,,,M,NaN,,,M,NaN,,,M,NaN,,,M,NaN,,,0,NaN,,,0,NaN,,,M,NaN,,,NaN,,,NaN,,,NaN,,
2024-12-11T15:42:35.000Z,10.968,2,"",M,58.995,2,"",M,6.000,2,"",N,NaN,,,M,NaN,,,M,NaN,,,M,NaN,,,M,NaN,,,0,NaN,,,0,NaN,,,M,NaN,,,NaN,,,NaN,,,NaN,,
2024-12-11T15:47:05.000Z,10.968,2,"",M,58.995,2,"",M,6.000,2,"",N,7.808,2,"",M,30.306,2,"",M,NaN,,,M,NaN,,,M,NaN,,,0,439.936,2,"",M,1031.900,2,"",M,NaN,,,NaN,,,444.606,2,"",442.807,2,""
2024-12-11T15:48:54.000Z,10.968,2,"",M,58.995,2,"",M,6.000,2,"",N,7.798,2,"",M,30.250,2,"",M,NaN,,,M,NaN,,,M,NaN,,,0,439.925,2,"",M,1031.900,2,"",M,NaN,,,NaN,,,444.598,2,"",442.799,2,""
2024-12-11T15:50:43.000Z,10.968,2,"",M,58.995,2,"",M,6.000,2,"",N,7.836,2,"",M,30.307,2,"",M,NaN,,,M,NaN,,,M,NaN,,,0,440.324,2,"",M,1031.900,2,"",M,NaN,,,NaN,,,444.989,2,"",443.190,2,""
2024-12-11T15:52:32.000Z,10.968,2,"",M,58.995,2,"",M,6.000,2,"",N,7.757,2,"",M,30.268,2,"",M,NaN,,,M,NaN,,,M,NaN,,,0,440.383,2,"",M,1031.900,2,"",M,NaN,,,NaN,,,445.073,2,"",443.272,2,""
2024-12-11T15:54:21.000Z,10.968,2,"",M,58.995,2,"",M,6.000,2,"",N,7.787,2,"",M,30.288,2,"",M,NaN,,,M,NaN,,,M,NaN,,,0,440.222,2,"",M,1031.900,2,"",M,NaN,,,NaN,,,444.901,2,"",443.101,2,""
2024-12-11T15:59:31.000Z,10.968,2,"",M,58.995,2,"",M,6.000,2,"",N,7.571,2,"",M,29.775,2,"",M,8.240,2,"",M,1032.440,2,"",M,408.690,2,"",M,NaN,,,0,NaN,,,M,400.602,2,"",398.994,2,"",NaN,,,NaN,,
2024-12-11T16:01:44.000Z,10.968,2,"",M,58.995,2,"",M,6.000,2,"",N,7.721,2,"",M,30.270,2,"",M,8.140,2,"",M,1032.330,2,"",M,406.298,2,"",M,NaN,,,0,NaN,,,M,402.487,2,"",400.869,2,"",NaN,,,NaN,,
2024-12-11T16:03:36.000Z,10.968,2,"",M,58.995,2,"",M,6.000,2,"",N,7.673,2,"",M,30.090,2,"",M,8.370,2,"",M,1032.440,2,"",M,405.137,2,"",M,NaN,,,0,NaN,,,M,396.627,2,"",395.037,2,"",NaN,,,NaN,,
2024-12-11T16:05:27.000Z,10.969,2,"",M,58.995,2,"",M,6.000,2,"",N,7.734,2,"",M,30.100,2,"",M,8.260,2,"",M,1032.590,2,"",M,407.196,2,"",M,NaN,,,0,NaN,,,M,401.612,2,"",399.999,2,"",NaN,,,NaN,,
2024-12-11T16:07:18.000Z,10.969,2,"",M,58.995,2,"",M,6.000,2,"",N,7.777,2,"",M,30.247,2,"",M,8.280,2,"",M,1032.510,2,"",M,407.115,2,"",M,NaN,,,0,NaN,,,M,401.891,2,"",400.278,2,"",NaN,,,NaN,,
2024-12-11T16:09:10.000Z,10.969,2,"",M,58.995,2,"",M,6.000,2,"",N,7.807,2,"",M,30.228,2,"",M,8.330,2,"",M,1032.400,2,"",M,407.284,2,"",M,NaN,,,0,NaN,,,M,401.666,2,"",400.055,2,"",NaN,,,NaN,,
2024-12-11T16:11:01.000Z,10.969,2,"",M,58.995,2,"",M,6.000,2,"",N,7.888,2,"",M,30.295,2,"",M,8.330,2,"",M,1032.300,2,"",M,407.963,2,"",M,NaN,,,0,NaN,,,M,403.677,2,"",402.059,2,"",NaN,,,NaN,,
2024-12-11T16:12:52.000Z,10.969,2,"",M,58.995,2,"",M,6.000,2,"",N,7.819,2,"",M,30.351,2,"",M,8.450,2,"",M,1032.470,2,"",M,408.202,2,"",M,NaN,,,0,NaN,,,M,400.728,2,"",399.123,2,"",NaN,,,NaN,,
2024-12-11T16:14:44.000Z,10.969,2,"",M,58.995,2,"",M,6.000,2,"",N,7.810,2,"",M,30.295,2,"",M,8.400,2,"",M,1032.440,2,"",M,409.011,2,"",M,NaN,,,0,NaN,,,M,402.215,2,"",400.603,2,"",NaN,,,NaN,,
2024-12-11T16:16:35.000Z,10.969,2,"",M,58.995,2,"",M,6.000,2,"",N,7.850,2,"",M,30.341,2,"",M,8.390,2,"",M,1032.330,2,"",M,409.179,2,"",M,NaN,,,0,NaN,,,M,403.191,2,"",401.575,2,"",NaN,,,NaN,,
2024-12-11T16:18:26.000Z,10.969,2,"",M,58.995,2,"",M,6.000,2,"",N,7.767,2,"",M,30.280,2,"",M,8.400,2,"",M,1032.440,2,"",M,408.918,2,"",M,NaN,,,0,NaN,,,M,401.402,2,"",399.794,2,"",NaN,,,NaN,,
2024-12-11T16:20:18.000Z,10.970,2,"",M,58.995,2,"",M,6.000,2,"",N,7.856,2,"",M,30.262,2,"",M,8.360,2,"",M,1032.480,2,"",M,408.887,2,"",M,NaN,,,0,NaN,,,M,403.592,2,"",401.974,2,"",NaN,,,NaN,,
2024-12-11T16:22:09.000Z,10.970,2,"",M,58.994,2,"",M,6.000,2,"",N,7.845,2,"",M,30.336,2,"",M,8.420,2,"",M,1032.690,2,"",M,408.536,2,"",M,NaN,,,0,NaN,,,M,402.106,2,"",400.494,2,"",NaN,,,NaN,,
2024-12-11T16:24:01.000Z,10.970,2,"",M,58.994,2,"",M,6.000,2,"",N,7.862,2,"",M,30.332,2,"",M,8.430,2,"",M,1032.610,2,"",M,408.734,2,"",M,NaN,,,0,NaN,,,M,402.376,2,"",400.764,2,"",NaN,,,NaN,,
2024-12-11T16:25:52.000Z,10.970,2,"",M,58.994,2,"",M,6.000,2,"",N,7.912,2,"",M,30.349,2,"",M,8.430,2,"",M,1032.510,2,"",M,408.623,2,"",M,NaN,,,0,NaN,,,M,403.081,2,"",401.466,2,"",NaN,,,NaN,,
2024-12-11T16:27:43.000Z,10.970,2,"",M,58.994,2,"",M,6.000,2,"",N,7.875,2,"",M,30.310,2,"",M,8.470,2,"",M,1032.430,2,"",M,408.522,2,"",M,NaN,,,0,NaN,,,M,401.625,2,"",400.017,2,"",NaN,,,NaN,,
2024-12-11T16:29:35.000Z,10.970,2,"",M,58.994,2,"",M,6.000,2,"",N,7.921,2,"",M,30.218,2,"",M,8.460,2,"",M,1032.610,2,"",M,408.711,2,"",M,NaN,,,0,NaN,,,M,402.837,2,"",401.224,2,"",NaN,,,NaN,,
2024-12-11T16:31:26.000Z,10.970,2,"",M,58.994,2,"",M,6.000,2,"",N,7.729,2,"",M,30.468,2,"",M,8.430,2,"",M,1032.570,2,"",M,408.039,2,"",M,NaN,,,0,NaN,,,M,399.434,2,"",397.834,2,"",NaN,,,NaN,,
2024-12-11T16:33:17.000Z,10.970,2,"",M,58.994,2,"",M,6.000,2,"",N,7.845,2,"",M,30.392,2,"",M,8.430,2,"",M,1032.490,2,"",M,408.448,2,"",M,NaN,,,0,NaN,,,M,401.755,2,"",400.146,2,"",NaN,,,NaN,,
2024-12-11T16:35:09.000Z,10.970,2,"",M,58.994,2,"",M,6.000,2,"",N,7.768,2,"",M,30.325,2,"",M,8.460,2,"",M,1032.380,2,"",M,409.207,2,"",M,NaN,,,0,NaN,,,M,400.639,2,"",399.036,2,"",NaN,,,NaN,,
2024-12-11T16:37:00.000Z,10.970,2,"",M,58.994,2,"",M,6.000,2,"",N,7.781,2,"",M,30.276,2,"",M,8.400,2,"",M,1032.395,2,"",M,409.456,2,"",M,NaN,,,0,NaN,,,M,402.142,2,"",400.530,2,"",NaN,,,NaN,,
2024-12-11T16:38:51.000Z,10.970,2,"",M,58.994,2,"",M,6.000,2,"",N,7.762,2,"",M,30.312,2,"",M,8.370,2,"",M,1032.740,2,"",M,409.125,2,"",M,NaN,,,0,NaN,,,M,402.146,2,"",400.534,2,"",NaN,,,NaN,,
2024-12-11T16:40:43.000Z,10.970,2,"",M,58.994,2,"",M,6.000,2,"",N,7.793,2,"",M,30.301,2,"",M,8.370,2,"",M,1032.700,2,"",M,409.814,2,"",M,NaN,,,0,NaN,,,M,403.342,2,"",401.725,2,"",NaN,,,NaN,,
2024-12-11T16:42:34.000Z,10.970,2,"",M,58.994,2,"",M,6.000,2,"",N,7.756,2,"",M,30.261,2,"",M,8.360,2,"",M,1032.570,2,"",M,409.633,2,"",M,NaN,,,0,NaN,,,M,402.662,2,"",401.048,2,"",NaN,,,NaN,,
2024-12-11T16:44:26.000Z,10.970,2,"",M,58.994,2,"",M,6.000,2,"",N,7.770,2,"",M,30.253,2,"",M,8.320,2,"",M,1032.520,2,"",M,409.742,2,"",M,NaN,,,0,NaN,,,M,403.680,2,"",402.060,2,"",NaN,,,NaN,,
2024-12-11T16:46:17.000Z,10.970,2,"",M,58.994,2,"",M,6.000,2,"",N,7.769,2,"",M,30.286,2,"",M,8.340,2,"",M,1032.720,2,"",M,409.250,2,"",M,NaN,,,0,NaN,,,M,402.906,2,"",401.290,2,"",NaN,,,NaN,,
2024-12-11T16:48:09.000Z,10.970,2,"",M,58.994,2,"",M,6.000,2,"",N,7.742,2,"",M,30.341,2,"",M,8.360,2,"",M,1032.780,2,"",M,409.569,2,"",M,NaN,,,0,NaN,,,M,402.445,2,"",400.832,2,"",NaN,,,NaN,,
2024-12-11T16:50:00.000Z,10.970,2,"",M,58.994,2,"",M,6.000,2,"",N,7.757,2,"",M,30.312,2,"",M,8.350,2,"",M,1032.620,2,"",M,410.078,2,"",M,NaN,,,0,NaN,,,M,403.300,2,"",401.683,2,"",NaN,,,NaN,,
2024-12-11T16:51:52.000Z,10.970,2,"",M,58.994,2,"",M,6.000,2,"",N,7.575,2,"",M,30.186,2,"",M,8.370,2,"",M,1032.450,2,"",M,409.977,2,"",M,NaN,,,0,NaN,,,M,399.699,2,"",398.097,2,"",NaN,,,NaN,,
2024-12-11T16:53:43.000Z,10.970,2,"",M,58.994,2,"",M,6.000,2,"",N,7.379,2,"",M,30.010,2,"",M,8.210,2,"",M,1032.350,2,"",M,409.836,2,"",M,NaN,,,0,NaN,,,M,398.962,2,"",397.360,2,"",NaN,,,NaN,,
2024-12-11T16:55:35.000Z,10.970,2,"",M,58.995,2,"",M,6.000,2,"",N,7.352,2,"",M,29.478,2,"",M,8.100,2,"",M,1032.520,2,"",M,409.134,2,"",M,NaN,,,0,NaN,,,M,399.770,2,"",398.162,2,"",NaN,,,NaN,,
2024-12-11T16:57:26.000Z,10.970,2,"",M,58.995,2,"",M,6.000,2,"",N,7.573,2,"",M,29.885,2,"",M,7.940,2,"",M,1032.470,2,"",M,405.772,2,"",M,NaN,,,0,NaN,,,M,402.955,2,"",401.331,2,"",NaN,,,NaN,,
2024-12-11T16:59:38.000Z,10.971,2,"",M,58.995,2,"",M,6.000,2,"",N,7.625,2,"",M,30.041,2,"",M,8.080,2,"",M,1032.540,2,"",M,403.059,2,"",M,NaN,,,0,NaN,,,M,398.762,2,"",397.157,2,"",NaN,,,NaN,,
2024-12-11T17:01:30.000Z,10.970,2,"",M,58.995,2,"",M,6.000,2,"",N,7.667,2,"",M,29.967,2,"",M,8.150,2,"",M,1032.460,2,"",M,404.348,2,"",M,NaN,,,0,NaN,,,M,399.523,2,"",397.917,2,"",NaN,,,NaN,,
2024-12-11T17:03:21.000Z,10.970,2,"",M,58.995,2,"",M,6.000,2,"",N,7.803,2,"",M,30.208,2,"",M,8.190,2,"",M,1032.600,2,"",M,405.838,2,"",M,NaN,,,0,NaN,,,M,402.668,2,"",401.050,2,"",NaN,,,NaN,,
2024-12-11T17:05:13.000Z,10.970,2,"",M,58.995,2,"",M,6.000,2,"",N,7.787,2,"",M,30.292,2,"",M,8.330,2,"",M,1032.620,2,"",M,407.007,2,"",M,NaN,,,0,NaN,,,M,401.136,2,"",399.527,2,"",NaN,,,NaN,,
2024-12-11T17:07:04.000Z,10.970,2,"",M,58.995,2,"",M,6.000,2,"",N,7.839,2,"",M,30.353,2,"",M,8.350,2,"",M,1032.580,2,"",M,408.456,2,"",M,NaN,,,0,NaN,,,M,403.081,2,"",401.465,2,"",NaN,,,NaN,,
2024-12-11T17:08:55.000Z,10.970,2,"",M,58.995,2,"",M,6.000,2,"",N,7.850,2,"",M,30.376,2,"",M,8.390,2,"",M,1032.430,2,"",M,409.185,2,"",M,NaN,,,0,NaN,,,M,403.240,2,"",401.624,2,"",NaN,,,NaN,,
2024-12-11T17:10:47.000Z,10.970,2,"",M,58.995,2,"",M,6.000,2,"",N,7.866,2,"",M,30.396,2,"",M,8.410,2,"",M,1032.410,2,"",M,409.324,2,"",M,NaN,,,0,NaN,,,M,403.303,2,"",401.688,2,"",NaN,,,NaN,,
2024-12-11T17:12:39.000Z,10.970,2,"",M,58.995,2,"",M,6.000,2,"",N,7.874,2,"",M,30.409,2,"",M,8.450,2,"",M,1032.580,2,"",M,409.983,2,"",M,NaN,,,0,NaN,,,M,403.461,2,"",401.845,2,"",NaN,,,NaN,,
2024-12-11T17:14:31.000Z,10.970,2,"",M,58.995,2,"",M,6.000,2,"",N,7.873,2,"",M,30.403,2,"",M,8.450,2,"",M,1032.510,2,"",M,410.442,2,"",M,NaN,,,0,NaN,,,M,403.867,2,"",402.250,2,"",NaN,,,NaN,,
2024-12-11T17:16:22.000Z,10.970,2,"",M,58.995,2,"",M,6.000,2,"",N,7.871,2,"",M,30.420,2,"",M,8.430,2,"",M,1032.380,2,"",M,410.741,2,"",M,NaN,,,0,NaN,,,M,404.416,2,"",402.796,2,"",NaN,,,NaN,,
2024-12-11T17:18:13.000Z,10.970,2,"",M,58.995,2,"",M,6.000,2,"",N,7.883,2,"",M,30.453,2,"",M,8.430,2,"",M,1032.270,2,"",M,410.630,2,"",M,NaN,,,0,NaN,,,M,404.474,2,"",402.855,2,"",NaN,,,NaN,,
2024-12-11T17:20:05.000Z,10.970,2,"",M,58.995,2,"",M,6.000,2,"",N,7.847,2,"",M,30.431,2,"",M,8.470,2,"",M,1032.330,2,"",M,410.579,2,"",M,NaN,,,0,NaN,,,M,403.128,2,"",401.515,2,"",NaN,,,NaN,,
2024-12-11T17:21:56.000Z,10.970,2,"",M,58.995,2,"",M,6.000,2,"",N,7.904,2,"",M,30.396,2,"",M,8.460,2,"",M,1032.730,2,"",M,411.158,2,"",M,NaN,,,0,NaN,,,M,405.011,2,"",403.389,2,"",NaN,,,NaN,,
2024-12-11T17:23:48.000Z,10.970,2,"",M,58.995,2,"",M,6.000,2,"",N,7.888,2,"",M,30.430,2,"",M,8.460,2,"",M,1032.730,2,"",M,410.867,2,"",M,NaN,,,0,NaN,,,M,404.451,2,"",402.831,2,"",NaN,,,NaN,,
2024-12-11T17:25:39.000Z,10.970,2,"",M,58.995,2,"",M,6.000,2,"",N,7.895,2,"",M,30.439,2,"",M,8.450,2,"",M,1032.660,2,"",M,410.695,2,"",M,NaN,,,0,NaN,,,M,404.554,2,"",402.934,2,"",NaN,,,NaN,,
2024-12-11T17:27:30.000Z,10.970,2,"",M,58.995,2,"",M,6.000,2,"",N,7.886,2,"",M,30.426,2,"",M,8.460,2,"",M,1032.583,2,"",M,410.914,2,"",M,NaN,,,0,NaN,,,M,404.413,2,"",402.794,2,"",NaN,,,NaN,,
2024-12-11T17:29:22.000Z,10.970,2,"",M,58.995,2,"",M,6.000,2,"",N,7.895,2,"",M,30.443,2,"",M,8.460,2,"",M,1032.857,2,"",M,411.193,2,"",M,NaN,,,0,NaN,,,M,404.949,2,"",403.327,2,"",NaN,,,NaN,,
2024-12-11T17:31:13.000Z,10.970,2,"",M,58.995,2,"",M,6.000,2,"",N,7.895,2,"",M,30.442,2,"",M,8.480,2,"",M,1032.810,2,"",M,411.012,2,"",M,NaN,,,0,NaN,,,M,404.396,2,"",402.777,2,"",NaN,,,NaN,,
2024-12-11T17:33:04.000Z,10.970,2,"",M,58.995,2,"",M,6.000,2,"",N,7.901,2,"",M,30.441,2,"",M,8.460,2,"",M,1032.710,2,"",M,411.321,2,"",M,NaN,,,0,NaN,,,M,405.117,2,"",403.494,2,"",NaN,,,NaN,,
2024-12-11T17:34:56.000Z,10.970,2,"",M,58.995,2,"",M,6.000,2,"",N,7.924,2,"",M,30.444,2,"",M,8.470,2,"",M,1032.630,2,"",M,411.050,2,"",M,NaN,,,0,NaN,,,M,405.038,2,"",403.417,2,"",NaN,,,NaN,,
2024-12-11T17:36:47.000Z,10.970,2,"",M,58.995,2,"",M,6.000,2,"",N,7.896,2,"",M,30.470,2,"",M,8.480,2,"",M,1032.620,2,"",M,410.948,2,"",M,NaN,,,0,NaN,,,M,404.282,2,"",402.663,2,"",NaN,,,NaN,,
2024-12-11T17:38:39.000Z,10.970,2,"",M,58.995,2,"",M,6.000,2,"",N,7.934,2,"",M,30.484,2,"",M,8.500,2,"",M,1032.750,2,"",M,411.327,2,"",M,NaN,,,0,NaN,,,M,405.007,2,"",403.386,2,"",NaN,,,NaN,,
2024-12-11T17:40:30.000Z,10.970,2,"",M,58.995,2,"",M,6.000,2,"",N,7.871,2,"",M,30.406,2,"",M,8.520,2,"",M,1032.810,2,"",M,411.266,2,"",M,NaN,,,0,NaN,,,M,403.545,2,"",401.930,2,"",NaN,,,NaN,,
2024-12-11T17:42:21.000Z,10.970,2,"",M,58.995,2,"",M,6.000,2,"",N,7.889,2,"",M,30.518,2,"",M,8.440,2,"",M,1032.760,2,"",M,411.355,2,"",M,NaN,,,0,NaN,,,M,405.311,2,"",403.687,2,"",NaN,,,NaN,,
2024-12-11T17:44:13.000Z,10.970,2,"",M,58.995,2,"",M,6.000,2,"",N,7.851,2,"",M,30.451,2,"",M,8.460,2,"",M,1032.650,2,"",M,411.044,2,"",M,NaN,,,0,NaN,,,M,403.964,2,"",402.347,2,"",NaN,,,NaN,,
2024-12-11T17:46:04.000Z,10.970,2,"",M,58.994,2,"",M,6.000,2,"",N,7.948,2,"",M,30.448,2,"",M,8.480,2,"",M,1032.900,2,"",M,410.022,2,"",M,NaN,,,0,NaN,,,M,404.359,2,"",402.739,2,"",NaN,,,NaN,,
2024-12-11T17:47:55.000Z,10.970,2,"",M,58.994,2,"",M,6.000,2,"",N,8.032,2,"",M,30.507,2,"",M,8.540,2,"",M,1032.830,2,"",M,410.001,2,"",M,NaN,,,0,NaN,,,M,404.709,2,"",403.090,2,"",NaN,,,NaN,,
2024-12-11T17:49:47.000Z,10.970,2,"",M,58.994,2,"",M,6.000,2,"",N,7.866,2,"",M,30.364,2,"",M,8.570,2,"",M,1032.700,2,"",M,410.560,2,"",M,NaN,,,0,NaN,,,M,401.855,2,"",400.248,2,"",NaN,,,NaN,,
2024-12-11T17:51:38.000Z,10.970,2,"",M,58.994,2,"",M,6.000,2,"",N,8.028,2,"",M,30.520,2,"",M,8.410,2,"",M,1032.570,2,"",M,410.799,2,"",M,NaN,,,0,NaN,,,M,407.595,2,"",405.962,2,"",NaN,,,NaN,,
2024-12-11T17:53:29.000Z,10.970,2,"",M,58.994,2,"",M,6.000,2,"",N,7.916,2,"",M,30.474,2,"",M,8.570,2,"",M,1032.560,2,"",M,410.107,2,"",M,NaN,,,0,NaN,,,M,402.208,2,"",400.600,2,"",NaN,,,NaN,,
2024-12-11T17:55:21.000Z,10.970,2,"",M,58.994,2,"",M,6.000,2,"",N,8.006,2,"",M,30.401,2,"",M,8.540,2,"",M,1032.680,2,"",M,410.386,2,"",M,NaN,,,0,NaN,,,M,404.576,2,"",402.957,2,"",NaN,,,NaN,,
2024-12-11T17:57:12.000Z,10.970,2,"",M,58.994,2,"",M,6.000,2,"",N,7.986,2,"",M,30.476,2,"",M,8.510,2,"",M,1032.570,2,"",M,410.485,2,"",M,NaN,,,0,NaN,,,M,404.816,2,"",403.196,2,"",NaN,,,NaN,,
2024-12-11T17:59:25.000Z,10.970,2,"",M,58.994,2,"",M,6.000,2,"",N,7.928,2,"",M,30.514,2,"",M,8.540,2,"",M,1032.630,2,"",M,410.313,2,"",M,NaN,,,0,NaN,,,M,403.160,2,"",401.547,2,"",NaN,,,NaN,,
2024-12-11T18:01:16.000Z,10.970,2,"",M,58.994,2,"",M,6.000,2,"",N,7.955,2,"",M,30.467,2,"",M,8.500,2,"",M,1032.590,2,"",M,410.422,2,"",M,NaN,,,0,NaN,,,M,404.412,2,"",402.793,2,"",NaN,,,NaN,,
2024-12-11T18:03:07.000Z,10.970,2,"",M,58.994,2,"",M,6.000,2,"",N,7.882,2,"",M,30.375,2,"",M,8.550,2,"",M,1032.820,2,"",M,410.471,2,"",M,NaN,,,0,NaN,,,M,402.441,2,"",400.831,2,"",NaN,,,NaN,,
2024-12-11T18:04:59.000Z,10.970,2,"",M,58.994,2,"",M,6.000,2,"",N,7.813,2,"",M,30.252,2,"",M,8.480,2,"",M,1032.810,2,"",M,410.190,2,"",M,NaN,,,0,NaN,,,M,402.191,2,"",400.580,2,"",NaN,,,NaN,,
2024-12-11T18:06:50.000Z,10.970,2,"",M,58.994,2,"",M,6.000,2,"",N,7.865,2,"",M,30.362,2,"",M,8.360,2,"",M,1032.780,2,"",M,409.678,2,"",M,NaN,,,0,NaN,,,M,404.644,2,"",403.021,2,"",NaN,,,NaN,,
2024-12-11T18:08:41.000Z,10.969,2,"",M,58.994,2,"",M,6.000,2,"",N,7.801,2,"",M,30.375,2,"",M,8.430,2,"",M,1032.700,2,"",M,408.686,2,"",M,NaN,,,0,NaN,,,M,401.338,2,"",399.730,2,"",NaN,,,NaN,,
2024-12-11T18:10:33.000Z,10.969,2,"",M,58.994,2,"",M,6.000,2,"",N,7.854,2,"",M,30.321,2,"",M,8.420,2,"",M,1032.770,2,"",M,408.405,2,"",M,NaN,,,0,NaN,,,M,402.149,2,"",400.538,2,"",NaN,,,NaN,,
2024-12-11T18:12:24.000Z,10.969,2,"",M,58.994,2,"",M,6.000,2,"",N,7.883,2,"",M,30.351,2,"",M,8.430,2,"",M,1032.875,2,"",M,408.634,2,"",M,NaN,,,0,NaN,,,M,402.750,2,"",401.137,2,"",NaN,,,NaN,,
2024-12-11T18:14:15.000Z,10.969,2,"",M,58.994,2,"",M,6.000,2,"",N,7.814,2,"",M,30.274,2,"",M,8.460,2,"",M,1032.830,2,"",M,408.673,2,"",M,NaN,,,0,NaN,,,M,401.077,2,"",399.470,2,"",NaN,,,NaN,,
2024-12-11T18:16:07.000Z,10.969,2,"",M,58.994,2,"",M,6.000,2,"",N,7.775,2,"",M,30.438,2,"",M,8.370,2,"",M,1032.690,2,"",M,408.972,2,"",M,NaN,,,0,NaN,,,M,402.197,2,"",400.584,2,"",NaN,,,NaN,,
2024-12-11T18:17:58.000Z,10.969,2,"",M,58.994,2,"",M,6.000,2,"",N,7.762,2,"",M,30.150,2,"",M,8.450,2,"",M,1032.580,2,"",M,408.490,2,"",M,NaN,,,0,NaN,,,M,400.088,2,"",398.486,2,"",NaN,,,NaN,,
2024-12-11T18:19:49.000Z,10.969,2,"",M,58.994,2,"",M,6.000,2,"",N,7.773,2,"",M,30.240,2,"",M,8.310,2,"",M,1032.750,2,"",M,408.489,2,"",M,NaN,,,0,NaN,,,M,402.749,2,"",401.133,2,"",NaN,,,NaN,,
2024-12-11T18:21:41.000Z,10.969,2,"",M,58.994,2,"",M,6.000,2,"",N,7.779,2,"",M,30.273,2,"",M,8.350,2,"",M,1032.830,2,"",M,407.087,2,"",M,NaN,,,0,NaN,,,M,400.821,2,"",399.213,2,"",NaN,,,NaN,,
2024-12-11T18:23:32.000Z,10.969,2,"",M,58.994,2,"",M,6.000,2,"",N,7.790,2,"",M,30.283,2,"",M,8.360,2,"",M,1033.000,2,"",M,408.096,2,"",M,NaN,,,0,NaN,,,M,401.891,2,"",400.279,2,"",NaN,,,NaN,,
2024-12-11T18:25:23.000Z,10.969,2,"",M,58.994,2,"",M,6.000,2,"",N,7.871,2,"",M,30.459,2,"",M,8.360,2,"",M,1032.890,2,"",M,408.405,2,"",M,NaN,,,0,NaN,,,M,403.542,2,"",401.924,2,"",NaN,,,NaN,,
2024-12-11T18:27:15.000Z,10.969,2,"",M,58.994,2,"",M,6.000,2,"",N,7.796,2,"",M,30.373,2,"",M,8.490,2,"",M,1032.840,2,"",M,408.434,2,"",M,NaN,,,0,NaN,,,M,400.015,2,"",398.413,2,"",NaN,,,NaN,,
2024-12-11T18:29:06.000Z,10.969,2,"",M,58.994,2,"",M,6.000,2,"",N,7.764,2,"",M,30.230,2,"",M,8.430,2,"",M,1033.090,2,"",M,409.554,2,"",M,NaN,,,0,NaN,,,M,401.701,2,"",400.092,2,"",NaN,,,NaN,,
2024-12-11T18:30:58.000Z,10.969,2,"",M,58.994,2,"",M,6.000,2,"",N,7.743,2,"",M,30.249,2,"",M,8.350,2,"",M,1033.010,2,"",M,409.432,2,"",M,NaN,,,0,NaN,,,M,402.587,2,"",400.972,2,"",NaN,,,NaN,,
2024-12-11T18:32:49.000Z,10.969,2,"",M,58.994,2,"",M,6.000,2,"",N,7.841,2,"",M,30.224,2,"",M,8.330,2,"",M,1032.810,2,"",M,408.891,2,"",M,NaN,,,0,NaN,,,M,403.986,2,"",402.366,2,"",NaN,,,NaN,,
2024-12-11T18:34:42.000Z,10.969,2,"",M,58.994,2,"",M,6.000,2,"",N,7.896,2,"",M,30.407,2,"",M,8.350,2,"",M,1032.730,2,"",M,408.629,2,"",M,NaN,,,0,NaN,,,M,404.287,2,"",402.665,2,"",NaN,,,NaN,,
2024-12-11T18:36:33.000Z,10.969,2,"",M,58.994,2,"",M,6.000,2,"",N,7.775,2,"",M,30.240,2,"",M,8.480,2,"",M,1032.830,2,"",M,408.508,2,"",M,NaN,,,0,NaN,,,M,399.911,2,"",398.310,2,"",NaN,,,NaN,,
2024-12-11T18:38:24.000Z,10.969,2,"",M,58.994,2,"",M,6.000,2,"",N,7.959,2,"",M,30.354,2,"",M,8.370,2,"",M,1032.920,2,"",M,409.067,2,"",M,NaN,,,0,NaN,,,M,405.528,2,"",403.901,2,"",NaN,,,NaN,,
2024-12-11T18:40:16.000Z,10.969,2,"",M,58.994,2,"",M,6.000,2,"",N,8.021,2,"",M,30.380,2,"",M,8.470,2,"",M,1032.820,2,"",M,409.066,2,"",M,NaN,,,0,NaN,,,M,404.808,2,"",403.187,2,"",NaN,,,NaN,,
2024-12-11T18:42:07.000Z,10.969,2,"",M,58.994,2,"",M,6.000,2,"",N,8.125,2,"",M,30.543,2,"",M,8.490,2,"",M,1032.890,2,"",M,409.585,2,"",M,NaN,,,0,NaN,,,M,406.786,2,"",405.157,2,"",NaN,,,NaN,,
2024-12-11T18:43:58.000Z,10.970,2,"",M,58.994,2,"",M,6.000,2,"",N,8.032,2,"",M,30.543,2,"",M,8.650,2,"",M,1032.840,2,"",M,409.924,2,"",M,NaN,,,0,NaN,,,M,402.735,2,"",401.126,2,"",NaN,,,NaN,,
2024-12-11T18:45:50.000Z,10.970,2,"",M,58.994,2,"",M,6.000,2,"",N,8.058,2,"",M,30.601,2,"",M,8.610,2,"",M,1033.120,2,"",M,411.394,2,"",M,NaN,,,0,NaN,,,M,405.425,2,"",403.804,2,"",NaN,,,NaN,,
2024-12-11T18:47:41.000Z,10.970,2,"",M,58.994,2,"",M,6.000,2,"",N,8.042,2,"",M,30.591,2,"",M,8.640,2,"",M,1033.070,2,"",M,411.703,2,"",M,NaN,,,0,NaN,,,M,404.917,2,"",403.298,2,"",NaN,,,NaN,,
2024-12-11T18:49:33.000Z,10.970,2,"",M,58.994,2,"",M,6.000,2,"",N,8.049,2,"",M,30.574,2,"",M,8.610,2,"",M,1033.010,2,"",M,412.182,2,"",M,NaN,,,0,NaN,,,M,405.993,2,"",404.370,2,"",NaN,,,NaN,,
2024-12-11T18:51:24.000Z,10.970,2,"",M,58.994,2,"",M,6.000,2,"",N,7.877,2,"",M,30.405,2,"",M,8.600,2,"",M,1032.900,2,"",M,412.521,2,"",M,NaN,,,0,NaN,,,M,403.514,2,"",401.901,2,"",NaN,,,NaN,,
2024-12-11T18:53:15.000Z,10.970,2,"",M,58.994,2,"",M,6.000,2,"",N,7.922,2,"",M,30.387,2,"",M,8.470,2,"",M,1032.990,2,"",M,411.459,2,"",M,NaN,,,0,NaN,,,M,405.553,2,"",403.929,2,"",NaN,,,NaN,,
2024-12-11T18:55:07.000Z,10.969,2,"",M,58.995,2,"",M,6.000,2,"",N,7.545,2,"",I,29.917,2,"",I,8.510,2,"",M,1033.070,2,"",M,410.537,2,"",M,NaN,,,0,NaN,,,M,397.586,2,"",395.994,2,"",NaN,,,NaN,,
2024-12-11T18:56:58.000Z,10.968,2,"",M,58.995,2,"",M,6.000,2,"",N,7.172,2,"",M,29.452,2,"",M,7.920,2,"",M,1032.940,2,"",M,408.585,2,"",M,NaN,,,0,NaN,,,M,399.447,2,"",397.836,2,"",NaN,,,NaN,,
2024-12-11T18:58:50.000Z,10.968,2,"",M,58.996,2,"",M,6.000,2,"",N,7.444,2,"",M,29.629,2,"",M,7.740,2,"",M,1032.770,2,"",M,402.520,2,"",M,NaN,,,0,NaN,,,M,401.104,2,"",399.482,2,"",NaN,,,NaN,,
2024-12-11T19:01:03.000Z,10.967,2,"",M,58.996,2,"",M,6.000,2,"",N,7.775,2,"",M,30.335,2,"",M,8.020,2,"",M,1032.900,2,"",M,398.235,2,"",M,NaN,,,0,NaN,,,M,397.663,2,"",396.062,2,"",NaN,,,NaN,,
2024-12-11T19:02:54.000Z,10.967,2,"",M,58.996,2,"",M,6.000,2,"",N,7.837,2,"",M,30.298,2,"",M,8.380,2,"",M,1033.100,2,"",M,400.726,2,"",M,NaN,,,0,NaN,,,M,395.119,2,"",393.534,2,"",NaN,,,NaN,,
2024-12-11T19:04:47.000Z,10.967,2,"",M,58.996,2,"",M,6.000,2,"",N,7.924,2,"",M,30.490,2,"",M,8.370,2,"",M,1032.920,2,"",M,405.678,2,"",M,NaN,,,0,NaN,,,M,401.579,2,"",399.968,2,"",NaN,,,NaN,,
2024-12-11T19:09:16.000Z,10.967,2,"",M,58.996,2,"",M,6.000,2,"",N,NaN,,,M,NaN,,,M,NaN,,,M,NaN,,,M,NaN,,,0,NaN,,,0,NaN,,,M,NaN,,,NaN,,,NaN,,,NaN,,
2024-12-11T19:11:05.000Z,10.967,2,"",M,58.996,2,"",M,6.000,2,"",N,NaN,,,M,NaN,,,M,NaN,,,M,NaN,,,M,NaN,,,0,NaN,,,0,NaN,,,M,NaN,,,NaN,,,NaN,,,NaN,,
2024-12-11T19:12:54.000Z,10.967,2,"",M,58.996,2,"",M,6.000,2,"",N,NaN,,,M,NaN,,,M,NaN,,,M,NaN,,,M,NaN,,,0,NaN,,,0,NaN,,,M,NaN,,,NaN,,,NaN,,,NaN,,
2024-12-11T19:17:23.000Z,10.967,2,"",M,58.996,2,"",M,6.000,2,"",N,NaN,,,M,NaN,,,M,NaN,,,M,NaN,,,M,NaN,,,0,NaN,,,0,NaN,,,M,NaN,,,NaN,,,NaN,,,NaN,,
2024-12-11T19:19:12.000Z,10.966,2,"",M,58.996,2,"",M,6.000,2,"",N,NaN,,,M,NaN,,,M,NaN,,,M,NaN,,,M,NaN,,,0,NaN,,,0,NaN,,,M,NaN,,,NaN,,,NaN,,,NaN,,
2024-12-11T19:21:01.000Z,10.966,2,"",M,58.996,2,"",M,6.000,2,"",N,NaN,,,M,NaN,,,M,NaN,,,M,NaN,,,M,NaN,,,0,NaN,,,0,NaN,,,M,NaN,,,NaN,,,NaN,,,NaN,,
2024-12-11T19:25:30.000Z,10.966,2,"",M,58.996,2,"",M,6.000,2,"",N,NaN,,,M,NaN,,,M,NaN,,,M,NaN,,,M,NaN,,,0,NaN,,,0,NaN,,,M,NaN,,,NaN,,,NaN,,,NaN,,
2024-12-11T19:27:21.000Z,10.966,2,"",M,58.996,2,"",M,6.000,2,"",N,NaN,,,M,NaN,,,M,NaN,,,M,NaN,,,M,NaN,,,0,NaN,,,0,NaN,,,M,NaN,,,NaN,,,NaN,,,NaN,,
2024-12-11T19:29:10.000Z,10.966,2,"",M,58.996,2,"",M,6.000,2,"",N,NaN,,,M,NaN,,,M,NaN,,,M,NaN,,,M,NaN,,,0,NaN,,,0,NaN,,,M,NaN,,,NaN,,,NaN,,,NaN,,
2024-12-11T19:33:39.000Z,10.966,2,"",M,58.996,2,"",M,6.000,2,"",N,7.751,2,"",M,30.283,2,"",M,NaN,,,M,NaN,,,M,NaN,,,0,438.258,2,"",M,1032.500,2,"",M,NaN,,,NaN,,,443.188,2,"",441.393,2,""
2024-12-11T19:35:28.000Z,10.966,2,"",M,58.996,2,"",M,6.000,2,"",N,7.730,2,"",M,30.207,2,"",M,NaN,,,M,NaN,,,M,NaN,,,0,438.821,2,"",M,1032.500,2,"",M,NaN,,,NaN,,,443.763,2,"",441.965,2,""
2024-12-11T19:37:17.000Z,10.966,2,"",M,58.996,2,"",M,6.000,2,"",N,7.748,2,"",M,30.182,2,"",M,NaN,,,M,NaN,,,M,NaN,,,0,439.003,2,"",M,1032.500,2,"",M,NaN,,,NaN,,,443.942,2,"",442.143,2,""
2024-12-11T19:39:06.000Z,10.966,2,"",M,58.996,2,"",M,6.000,2,"",N,7.739,2,"",M,30.265,2,"",M,NaN,,,M,NaN,,,M,NaN,,,0,438.925,2,"",M,1032.500,2,"",M,NaN,,,NaN,,,443.866,2,"",442.067,2,""
2024-12-11T19:40:55.000Z,10.966,2,"",M,58.996,2,"",M,6.000,2,"",N,7.756,2,"",M,30.222,2,"",M,NaN,,,M,NaN,,,M,NaN,,,0,439.077,2,"",M,1032.500,2,"",M,NaN,,,NaN,,,444.014,2,"",442.216,2,""
2024-12-11T19:46:05.000Z,10.966,2,"",M,58.996,2,"",M,6.000,2,"",N,7.800,2,"",M,30.258,2,"",M,8.370,2,"",M,0.070,4,"Out of range",M,408.559,2,"",M,NaN,,,0,NaN,,,M,-4.227,4,"Equilibrator Pressure Out of range",-4.227,4,"Equilibrator Pressure Out of range",NaN,,,NaN,,
2024-12-11T19:47:57.000Z,10.966,2,"",M,58.996,2,"",M,6.000,2,"",N,7.807,2,"",M,30.311,2,"",M,8.380,2,"",M,1033.230,2,"",M,409.021,2,"",M,NaN,,,0,NaN,,,M,402.844,2,"",401.228,2,"",NaN,,,NaN,,
2024-12-11T19:49:48.000Z,10.966,2,"",M,58.996,2,"",M,6.000,2,"",N,7.824,2,"",M,30.265,2,"",M,8.380,2,"",M,1033.160,2,"",M,408.873,2,"",M,NaN,,,0,NaN,,,M,402.950,2,"",401.334,2,"",NaN,,,NaN,,
2024-12-11T19:51:39.000Z,10.966,2,"",M,58.996,2,"",M,6.000,2,"",N,7.795,2,"",M,30.270,2,"",M,8.370,2,"",M,1033.030,2,"",M,408.595,2,"",M,NaN,,,0,NaN,,,M,402.300,2,"",400.687,2,"",NaN,,,NaN,,
2024-12-11T19:53:31.000Z,10.966,2,"",M,58.996,2,"",M,6.000,2,"",N,7.765,2,"",M,30.225,2,"",M,8.390,2,"",M,1033.270,2,"",M,408.467,2,"",M,NaN,,,0,NaN,,,M,401.416,2,"",399.806,2,"",NaN,,,NaN,,
2024-12-11T19:55:24.000Z,10.966,2,"",M,58.996,2,"",M,6.000,2,"",N,7.743,2,"",M,30.240,2,"",M,8.350,2,"",M,1033.310,2,"",M,408.459,2,"",M,NaN,,,0,NaN,,,M,401.741,2,"",400.129,2,"",NaN,,,NaN,,
2024-12-11T19:57:15.000Z,10.966,2,"",M,58.996,2,"",M,6.000,2,"",N,7.778,2,"",M,30.262,2,"",M,8.320,2,"",M,1033.205,2,"",M,408.301,2,"",M,NaN,,,0,NaN,,,M,402.656,2,"",401.040,2,"",NaN,,,NaN,,
2024-12-11T19:59:06.000Z,10.966,2,"",M,58.996,2,"",M,6.000,2,"",N,7.801,2,"",M,30.317,2,"",M,8.340,2,"",M,1033.040,2,"",M,407.872,2,"",M,NaN,,,0,NaN,,,M,402.217,2,"",400.603,2,"",NaN,,,NaN,,
2024-12-11T20:01:19.000Z,10.966,2,"",M,58.996,2,"",M,6.000,2,"",N,7.807,2,"",M,30.319,2,"",M,8.380,2,"",M,1033.320,2,"",M,408.595,2,"",M,NaN,,,0,NaN,,,M,402.459,2,"",400.844,2,"",NaN,,,NaN,,
2024-12-11T20:03:11.000Z,10.966,2,"",M,58.996,2,"",M,6.000,2,"",N,7.819,2,"",M,30.323,2,"",M,8.400,2,"",M,1033.430,2,"",M,409.007,2,"",M,NaN,,,0,NaN,,,M,402.764,2,"",401.149,2,"",NaN,,,NaN,,
2024-12-11T20:05:04.000Z,10.966,2,"",M,58.996,2,"",M,6.000,2,"",N,7.855,2,"",M,30.332,2,"",M,8.400,2,"",M,1033.330,2,"",M,409.230,2,"",M,NaN,,,0,NaN,,,M,403.562,2,"",401.943,2,"",NaN,,,NaN,,
2024-12-11T20:06:56.000Z,10.966,2,"",M,58.996,2,"",M,6.000,2,"",N,7.886,2,"",M,30.400,2,"",M,8.410,2,"",M,1033.170,2,"",M,409.071,2,"",M,NaN,,,0,NaN,,,M,403.697,2,"",402.078,2,"",NaN,,,NaN,,
2024-12-11T20:08:47.000Z,10.966,2,"",M,58.996,2,"",M,6.000,2,"",N,7.863,2,"",M,30.370,2,"",M,8.420,2,"",M,1033.110,2,"",M,409.143,2,"",M,NaN,,,0,NaN,,,M,403.170,2,"",401.554,2,"",NaN,,,NaN,,
2024-12-11T20:10:39.000Z,10.966,2,"",M,58.996,2,"",M,6.000,2,"",N,7.860,2,"",M,30.360,2,"",M,8.450,2,"",M,1033.400,2,"",M,409.626,2,"",M,NaN,,,0,NaN,,,M,403.184,2,"",401.568,2,"",NaN,,,NaN,,
2024-12-11T20:12:30.000Z,10.966,2,"",M,58.996,2,"",M,6.000,2,"",N,7.878,2,"",M,30.393,2,"",M,8.430,2,"",M,1033.340,2,"",M,409.788,2,"",M,NaN,,,0,NaN,,,M,403.978,2,"",402.358,2,"",NaN,,,NaN,,
2024-12-11T20:14:22.000Z,10.966,2,"",M,58.996,2,"",M,6.000,2,"",N,7.876,2,"",M,30.385,2,"",M,8.440,2,"",M,1033.210,2,"",M,409.530,2,"",M,NaN,,,0,NaN,,,M,403.463,2,"",401.846,2,"",NaN,,,NaN,,
2024-12-11T20:16:14.000Z,10.966,2,"",M,58.996,2,"",M,6.000,2,"",N,7.842,2,"",M,30.370,2,"",M,8.450,2,"",M,1033.040,2,"",M,409.642,2,"",M,NaN,,,0,NaN,,,M,402.754,2,"",401.141,2,"",NaN,,,NaN,,
2024-12-11T20:18:05.000Z,10.966,2,"",M,58.996,2,"",M,6.000,2,"",N,7.860,2,"",M,30.362,2,"",M,8.430,2,"",M,1033.167,2,"",M,409.744,2,"",M,NaN,,,0,NaN,,,M,403.567,2,"",401.950,2,"",NaN,,,NaN,,
2024-12-11T20:19:57.000Z,10.966,2,"",M,58.996,2,"",M,6.000,2,"",N,7.891,2,"",M,30.376,2,"",M,8.430,2,"",M,1033.243,2,"",M,409.456,2,"",M,NaN,,,0,NaN,,,M,403.844,2,"",402.225,2,"",NaN,,,NaN,,
2024-12-11T20:21:48.000Z,10.966,2,"",M,58.996,2,"",M,6.000,2,"",N,7.916,2,"",M,30.426,2,"",M,8.460,2,"",M,1033.100,2,"",M,409.848,2,"",M,NaN,,,0,NaN,,,M,404.080,2,"",402.461,2,"",NaN,,,NaN,,
2024-12-11T20:23:39.000Z,10.966,2,"",M,58.996,2,"",M,6.000,2,"",N,7.893,2,"",M,30.445,2,"",M,8.470,2,"",M,1032.970,2,"",M,409.670,2,"",M,NaN,,,0,NaN,,,M,403.276,2,"",401.661,2,"",NaN,,,NaN,,
2024-12-11T20:25:31.000Z,10.966,2,"",M,58.996,2,"",M,6.000,2,"",N,7.887,2,"",M,30.428,2,"",M,8.470,2,"",M,1033.100,2,"",M,409.752,2,"",M,NaN,,,0,NaN,,,M,403.305,2,"",401.690,2,"",NaN,,,NaN,,
2024-12-11T20:27:22.000Z,10.966,2,"",M,58.996,2,"",M,6.000,2,"",N,7.860,2,"",M,30.406,2,"",M,8.490,2,"",M,1033.460,2,"",M,409.524,2,"",M,NaN,,,0,NaN,,,M,402.424,2,"",400.812,2,"",NaN,,,NaN,,
2024-12-11T20:29:13.000Z,10.966,2,"",M,58.996,2,"",M,6.000,2,"",N,7.881,2,"",M,30.381,2,"",M,8.460,2,"",M,1033.410,2,"",M,410.156,2,"",M,NaN,,,0,NaN,,,M,403.907,2,"",402.289,2,"",NaN,,,NaN,,
2024-12-11T20:31:05.000Z,10.966,2,"",M,58.996,2,"",M,6.000,2,"",N,7.920,2,"",M,30.394,2,"",M,8.450,2,"",M,1033.350,2,"",M,409.718,2,"",M,NaN,,,0,NaN,,,M,404.279,2,"",402.659,2,"",NaN,,,NaN,,
2024-12-11T20:32:56.000Z,10.966,2,"",M,58.996,2,"",M,6.000,2,"",N,7.900,2,"",M,30.440,2,"",M,8.470,2,"",M,1033.220,2,"",M,409.369,2,"",M,NaN,,,0,NaN,,,M,403.200,2,"",401.585,2,"",NaN,,,NaN,,
2024-12-11T20:34:47.000Z,10.966,2,"",M,58.996,2,"",M,6.000,2,"",N,7.864,2,"",M,30.384,2,"",M,8.480,2,"",M,1033.350,2,"",M,409.501,2,"",M,NaN,,,0,NaN,,,M,402.601,2,"",400.988,2,"",NaN,,,NaN,,
2024-12-11T20:36:39.000Z,10.966,2,"",M,58.996,2,"",M,6.000,2,"",N,7.850,2,"",M,30.398,2,"",M,8.470,2,"",M,1033.420,2,"",M,409.914,2,"",M,NaN,,,0,NaN,,,M,402.959,2,"",401.344,2,"",NaN,,,NaN,,
2024-12-11T20:38:30.000Z,10.966,2,"",M,58.996,2,"",M,6.000,2,"",N,7.865,2,"",M,30.392,2,"",M,8.440,2,"",M,1033.300,2,"",M,410.116,2,"",M,NaN,,,0,NaN,,,M,403.888,2,"",402.269,2,"",NaN,,,NaN,,
2024-12-11T20:40:22.000Z,10.966,2,"",M,58.996,2,"",M,6.000,2,"",N,7.862,2,"",M,30.398,2,"",M,8.440,2,"",M,1033.160,2,"",M,410.218,2,"",M,NaN,,,0,NaN,,,M,403.883,2,"",402.265,2,"",NaN,,,NaN,,
2024-12-11T20:42:13.000Z,10.966,2,"",M,58.996,2,"",M,6.000,2,"",N,7.843,2,"",M,30.391,2,"",M,8.430,2,"",M,1033.090,2,"",M,409.860,2,"",M,NaN,,,0,NaN,,,M,403.352,2,"",401.735,2,"",NaN,,,NaN,,
2024-12-11T20:44:04.000Z,10.966,2,"",M,58.996,2,"",M,6.000,2,"",N,7.839,2,"",M,30.377,2,"",M,8.450,2,"",M,1033.320,2,"",M,409.942,2,"",M,NaN,,,0,NaN,,,M,403.111,2,"",401.496,2,"",NaN,,,NaN,,
2024-12-11T20:45:56.000Z,10.966,2,"",M,58.996,2,"",M,6.000,2,"",N,7.844,2,"",M,30.397,2,"",M,8.440,2,"",M,1033.460,2,"",M,410.224,2,"",M,NaN,,,0,NaN,,,M,403.700,2,"",402.081,2,"",NaN,,,NaN,,
2024-12-11T20:47:47.000Z,10.966,2,"",M,58.996,2,"",M,6.000,2,"",N,7.869,2,"",M,30.385,2,"",M,8.430,2,"",M,1033.400,2,"",M,409.896,2,"",M,NaN,,,0,NaN,,,M,403.958,2,"",402.338,2,"",NaN,,,NaN,,
2024-12-11T20:49:38.000Z,10.966,2,"",M,58.996,2,"",M,6.000,2,"",N,7.864,2,"",M,30.432,2,"",M,8.430,2,"",M,1033.310,2,"",M,410.108,2,"",M,NaN,,,0,NaN,,,M,404.048,2,"",402.428,2,"",NaN,,,NaN,,
2024-12-11T20:51:30.000Z,10.966,2,"",M,58.996,2,"",M,6.000,2,"",N,7.885,2,"",M,30.414,2,"",M,8.440,2,"",M,1033.390,2,"",M,410.400,2,"",M,NaN,,,0,NaN,,,M,404.552,2,"",402.931,2,"",NaN,,,NaN,,
2024-12-11T20:53:21.000Z,10.966,2,"",M,58.996,2,"",M,6.000,2,"",N,7.908,2,"",M,30.466,2,"",M,8.470,2,"",M,1033.480,2,"",M,410.642,2,"",M,NaN,,,0,NaN,,,M,404.691,2,"",403.070,2,"",NaN,,,NaN,,
2024-12-11T20:55:13.000Z,10.966,2,"",M,58.996,2,"",M,6.000,2,"",N,7.929,2,"",M,30.466,2,"",M,8.480,2,"",M,1033.340,2,"",M,411.165,2,"",M,NaN,,,0,NaN,,,M,405.340,2,"",403.716,2,"",NaN,,,NaN,,
2024-12-11T20:57:04.000Z,10.966,2,"",M,58.996,2,"",M,6.000,2,"",N,7.913,2,"",M,30.496,2,"",M,8.480,2,"",M,1033.180,2,"",M,410.916,2,"",M,NaN,,,0,NaN,,,M,404.762,2,"",403.141,2,"",NaN,,,NaN,,
2024-12-11T20:58:55.000Z,10.966,2,"",M,58.996,2,"",M,6.000,2,"",N,7.873,2,"",M,30.441,2,"",M,8.490,2,"",M,1033.070,2,"",M,411.048,2,"",M,NaN,,,0,NaN,,,M,403.993,2,"",402.375,2,"",NaN,,,NaN,,
2024-12-11T21:01:08.000Z,10.966,2,"",M,58.996,2,"",M,6.000,2,"",N,7.868,2,"",M,30.435,2,"",M,8.460,2,"",M,1033.290,2,"",M,411.411,2,"",M,NaN,,,0,NaN,,,M,404.873,2,"",403.251,2,"",NaN,,,NaN,,
2024-12-11T21:02:59.000Z,10.966,2,"",M,58.996,2,"",M,6.000,2,"",N,7.897,2,"",M,30.463,2,"",M,8.460,2,"",M,1033.130,2,"",M,411.203,2,"",M,NaN,,,0,NaN,,,M,405.095,2,"",403.472,2,"",NaN,,,NaN,,
2024-12-11T21:04:50.000Z,10.966,2,"",M,58.996,2,"",M,6.000,2,"",N,7.887,2,"",M,30.464,2,"",M,8.470,2,"",M,1032.910,2,"",M,411.115,2,"",M,NaN,,,0,NaN,,,M,404.574,2,"",402.954,2,"",NaN,,,NaN,,
2024-12-11T21:06:42.000Z,10.966,2,"",M,58.996,2,"",M,6.000,2,"",N,7.881,2,"",M,30.422,2,"",M,8.460,2,"",M,1032.810,2,"",M,411.167,2,"",M,NaN,,,0,NaN,,,M,404.656,2,"",403.035,2,"",NaN,,,NaN,,
2024-12-11T21:08:33.000Z,10.966,2,"",M,58.996,2,"",M,6.000,2,"",N,7.889,2,"",M,30.455,2,"",M,8.450,2,"",M,1033.360,2,"",M,410.979,2,"",M,NaN,,,0,NaN,,,M,404.994,2,"",403.371,2,"",NaN,,,NaN,,
2024-12-11T21:10:24.000Z,10.966,2,"",M,58.996,2,"",M,6.000,2,"",N,7.885,2,"",M,30.450,2,"",M,8.480,2,"",M,1033.430,2,"",M,411.221,2,"",M,NaN,,,0,NaN,,,M,404.680,2,"",403.059,2,"",NaN,,,NaN,,
2024-12-11T21:12:16.000Z,10.966,2,"",M,58.996,2,"",M,6.000,2,"",N,7.897,2,"",M,30.463,2,"",M,8.470,2,"",M,1033.290,2,"",M,411.293,2,"",M,NaN,,,0,NaN,,,M,405.071,2,"",403.448,2,"",NaN,,,NaN,,
2024-12-11T21:14:07.000Z,10.966,2,"",M,58.996,2,"",M,6.000,2,"",N,7.894,2,"",M,30.462,2,"",M,8.460,2,"",M,1033.140,2,"",M,411.465,2,"",M,NaN,,,0,NaN,,,M,405.302,2,"",403.678,2,"",NaN,,,NaN,,
2024-12-11T21:15:58.000Z,10.966,2,"",M,58.996,2,"",M,6.000,2,"",N,7.904,2,"",M,30.475,2,"",M,8.460,2,"",M,1033.040,2,"",M,411.427,2,"",M,NaN,,,0,NaN,,,M,405.401,2,"",403.777,2,"",NaN,,,NaN,,
2024-12-11T21:17:50.000Z,10.966,2,"",M,58.996,2,"",M,6.000,2,"",N,7.901,2,"",M,30.460,2,"",M,8.490,2,"",M,1033.190,2,"",M,411.539,2,"",M,NaN,,,0,NaN,,,M,404.995,2,"",403.373,2,"",NaN,,,NaN,,
2024-12-11T21:19:41.000Z,10.966,2,"",M,58.996,2,"",M,6.000,2,"",N,7.928,2,"",M,30.471,2,"",M,8.490,2,"",M,1032.920,2,"",M,411.611,2,"",M,NaN,,,0,NaN,,,M,405.423,2,"",403.800,2,"",NaN,,,NaN,,
2024-12-11T21:21:33.000Z,10.966,2,"",M,58.996,2,"",M,6.000,2,"",N,7.928,2,"",M,30.474,2,"",M,8.490,2,"",M,1032.780,2,"",M,411.543,2,"",M,NaN,,,0,NaN,,,M,405.305,2,"",403.682,2,"",NaN,,,NaN,,
2024-12-11T21:23:24.000Z,10.966,2,"",M,58.996,2,"",M,6.000,2,"",N,7.937,2,"",M,30.487,2,"",M,8.490,2,"",M,1032.790,2,"",M,411.315,2,"",M,NaN,,,0,NaN,,,M,405.228,2,"",403.605,2,"",NaN,,,NaN,,
2024-12-11T21:25:15.000Z,10.966,2,"",M,58.996,2,"",M,6.000,2,"",N,7.936,2,"",M,30.493,2,"",M,8.500,2,"",M,1032.830,2,"",M,411.067,2,"",M,NaN,,,0,NaN,,,M,404.818,2,"",403.198,2,"",NaN,,,NaN,,
2024-12-11T21:27:07.000Z,10.966,2,"",M,58.996,2,"",M,6.000,2,"",N,7.915,2,"",M,30.484,2,"",M,8.520,2,"",M,1032.960,2,"",M,411.179,2,"",M,NaN,,,0,NaN,,,M,404.262,2,"",402.644,2,"",NaN,,,NaN,,
2024-12-11T21:28:58.000Z,10.966,2,"",M,58.996,2,"",M,6.000,2,"",N,7.917,2,"",M,30.457,2,"",M,8.490,2,"",M,1033.055,2,"",M,411.121,2,"",M,NaN,,,0,NaN,,,M,404.805,2,"",403.184,2,"",NaN,,,NaN,,
2024-12-11T21:30:49.000Z,10.966,2,"",M,58.996,2,"",M,6.000,2,"",N,7.882,2,"",M,30.463,2,"",M,8.480,2,"",M,1032.920,2,"",M,411.173,2,"",M,NaN,,,0,NaN,,,M,404.369,2,"",402.750,2,"",NaN,,,NaN,,
2024-12-11T21:32:41.000Z,10.966,2,"",M,58.996,2,"",M,6.000,2,"",N,7.922,2,"",M,30.450,2,"",M,8.450,2,"",M,1032.800,2,"",M,410.894,2,"",M,NaN,,,0,NaN,,,M,405.255,2,"",403.632,2,"",NaN,,,NaN,,
2024-12-11T21:34:32.000Z,10.966,2,"",M,58.996,2,"",M,6.000,2,"",N,7.917,2,"",M,30.472,2,"",M,8.500,2,"",M,1033.020,2,"",M,411.156,2,"",M,NaN,,,0,NaN,,,M,404.659,2,"",403.039,2,"",NaN,,,NaN,,
2024-12-11T21:36:24.000Z,10.966,2,"",M,58.996,2,"",M,6.000,2,"",N,7.922,2,"",M,30.431,2,"",M,8.490,2,"",M,1032.950,2,"",M,411.209,2,"",M,NaN,,,0,NaN,,,M,404.936,2,"",403.315,2,"",NaN,,,NaN,,
2024-12-11T21:38:16.000Z,10.966,2,"",M,58.996,2,"",M,6.000,2,"",N,7.910,2,"",M,30.458,2,"",M,8.470,2,"",M,1032.830,2,"",M,410.780,2,"",M,NaN,,,0,NaN,,,M,404.607,2,"",402.987,2,"",NaN,,,NaN,,
2024-12-11T21:40:08.000Z,10.966,2,"",M,58.996,2,"",M,6.000,2,"",N,7.903,2,"",M,30.431,2,"",M,8.470,2,"",M,1032.690,2,"",M,410.922,2,"",M,NaN,,,0,NaN,,,M,404.567,2,"",402.947,2,"",NaN,,,NaN,,
2024-12-11T21:41:59.000Z,10.966,2,"",M,58.996,2,"",M,6.000,2,"",N,7.871,2,"",M,30.411,2,"",M,8.470,2,"",M,1032.880,2,"",M,410.644,2,"",M,NaN,,,0,NaN,,,M,403.830,2,"",402.213,2,"",NaN,,,NaN,,
2024-12-11T21:43:50.000Z,10.966,2,"",M,58.996,2,"",M,6.000,2,"",N,7.885,2,"",M,30.416,2,"",M,8.470,2,"",M,1032.900,2,"",M,411.056,2,"",M,NaN,,,0,NaN,,,M,404.486,2,"",402.866,2,"",NaN,,,NaN,,
2024-12-11T21:45:42.000Z,10.966,2,"",M,58.996,2,"",M,6.000,2,"",N,7.883,2,"",M,30.405,2,"",M,8.450,2,"",M,1032.720,2,"",M,410.998,2,"",M,NaN,,,0,NaN,,,M,404.667,2,"",403.046,2,"",NaN,,,NaN,,
2024-12-11T21:47:33.000Z,10.966,2,"",M,58.996,2,"",M,6.000,2,"",N,7.859,2,"",M,30.366,2,"",M,8.440,2,"",M,1032.610,2,"",M,410.900,2,"",M,NaN,,,0,NaN,,,M,404.287,2,"",402.667,2,"",NaN,,,NaN,,
2024-12-11T21:49:24.000Z,10.966,2,"",M,58.996,2,"",M,6.000,2,"",N,7.896,2,"",M,30.438,2,"",M,8.420,2,"",M,1032.680,2,"",M,410.542,2,"",M,NaN,,,0,NaN,,,M,404.951,2,"",403.328,2,"",NaN,,,NaN,,
2024-12-11T21:51:16.000Z,10.966,2,"",M,58.996,2,"",M,6.000,2,"",N,7.881,2,"",M,30.398,2,"",M,8.480,2,"",M,1033.070,2,"",M,410.474,2,"",M,NaN,,,0,NaN,,,M,403.736,2,"",402.119,2,"",NaN,,,NaN,,
2024-12-11T21:53:07.000Z,10.966,2,"",M,58.996,2,"",M,6.000,2,"",N,7.900,2,"",M,30.410,2,"",M,8.450,2,"",M,1032.910,2,"",M,410.816,2,"",M,NaN,,,0,NaN,,,M,404.853,2,"",403.231,2,"",NaN,,,NaN,,
2024-12-11T21:54:58.000Z,10.966,2,"",M,58.996,2,"",M,6.000,2,"",N,7.893,2,"",M,30.425,2,"",M,8.450,2,"",M,1032.810,2,"",M,410.638,2,"",M,NaN,,,0,NaN,,,M,404.521,2,"",402.901,2,"",NaN,,,NaN,,
2024-12-11T21:56:50.000Z,10.966,2,"",M,58.996,2,"",M,6.000,2,"",N,7.913,2,"",M,30.419,2,"",M,8.460,2,"",M,1032.700,2,"",M,410.700,2,"",M,NaN,,,0,NaN,,,M,404.699,2,"",403.078,2,"",NaN,,,NaN,,
2024-12-11T21:58:41.000Z,10.966,2,"",M,58.996,2,"",M,6.000,2,"",N,7.890,2,"",M,30.425,2,"",M,8.480,2,"",M,1032.960,2,"",M,410.522,2,"",M,NaN,,,0,NaN,,,M,403.887,2,"",402.269,2,"",NaN,,,NaN,,
2024-12-11T22:00:32.000Z,10.966,2,"",M,58.996,2,"",M,6.000,2,"",N,7.885,2,"",M,30.475,2,"",M,8.470,2,"",M,1032.950,2,"",M,410.654,2,"",M,NaN,,,0,NaN,,,M,404.099,2,"",402.481,2,"",NaN,,,NaN,,
2024-12-11T22:02:45.000Z,10.966,2,"",M,58.996,2,"",M,6.000,2,"",N,7.922,2,"",M,30.420,2,"",M,8.460,2,"",M,1032.780,2,"",M,411.197,2,"",M,NaN,,,0,NaN,,,M,405.385,2,"",403.761,2,"",NaN,,,NaN,,
2024-12-11T22:04:36.000Z,10.966,2,"",M,58.996,2,"",M,6.000,2,"",N,7.900,2,"",M,30.438,2,"",M,8.460,2,"",M,1032.680,2,"",M,410.618,2,"",M,NaN,,,0,NaN,,,M,404.397,2,"",402.778,2,"",NaN,,,NaN,,
2024-12-11T22:06:28.000Z,10.966,2,"",M,58.996,2,"",M,6.000,2,"",N,7.918,2,"",M,30.438,2,"",M,8.470,2,"",M,1032.790,2,"",M,410.850,2,"",M,NaN,,,0,NaN,,,M,404.790,2,"",403.169,2,"",NaN,,,NaN,,
2024-12-11T22:08:19.000Z,10.966,2,"",M,58.996,2,"",M,6.000,2,"",N,7.932,2,"",M,30.448,2,"",M,8.490,2,"",M,1032.950,2,"",M,411.102,2,"",M,NaN,,,0,NaN,,,M,405.000,2,"",403.378,2,"",NaN,,,NaN,,
2024-12-11T22:10:10.000Z,10.966,2,"",M,58.996,2,"",M,6.000,2,"",N,7.891,2,"",M,30.481,2,"",M,8.490,2,"",M,1032.810,2,"",M,411.355,2,"",M,NaN,,,0,NaN,,,M,404.489,2,"",402.869,2,"",NaN,,,NaN,,
2024-12-11T22:12:02.000Z,10.966,2,"",M,58.996,2,"",M,6.000,2,"",N,7.875,2,"",M,30.401,2,"",M,8.460,2,"",M,1032.650,2,"",M,411.267,2,"",M,NaN,,,0,NaN,,,M,404.582,2,"",402.962,2,"",NaN,,,NaN,,
2024-12-11T22:13:53.000Z,10.966,2,"",M,58.996,2,"",M,6.000,2,"",N,7.867,2,"",M,30.411,2,"",M,8.430,2,"",M,1032.570,2,"",M,411.128,2,"",M,NaN,,,0,NaN,,,M,404.804,2,"",403.183,2,"",NaN,,,NaN,,
2024-12-11T22:15:45.000Z,10.966,2,"",M,58.996,2,"",M,6.000,2,"",N,7.831,2,"",M,30.404,2,"",M,8.450,2,"",M,1032.840,2,"",M,411.060,2,"",M,NaN,,,0,NaN,,,M,403.891,2,"",402.273,2,"",NaN,,,NaN,,
2024-12-11T22:17:36.000Z,10.966,2,"",M,58.996,2,"",M,6.000,2,"",N,7.885,2,"",M,30.416,2,"",M,8.440,2,"",M,1032.730,2,"",M,410.972,2,"",M,NaN,,,0,NaN,,,M,404.853,2,"",403.231,2,"",NaN,,,NaN,,
2024-12-11T22:19:27.000Z,10.966,2,"",M,58.996,2,"",M,6.000,2,"",N,7.889,2,"",M,30.412,2,"",M,8.440,2,"",M,1032.550,2,"",M,410.944,2,"",M,NaN,,,0,NaN,,,M,404.818,2,"",403.197,2,"",NaN,,,NaN,,
2024-12-11T22:21:18.000Z,10.966,2,"",M,58.996,2,"",M,6.000,2,"",N,7.870,2,"",M,30.408,2,"",M,8.450,2,"",M,1032.390,2,"",M,410.365,2,"",M,NaN,,,0,NaN,,,M,403.689,2,"",402.073,2,"",NaN,,,NaN,,
2024-12-11T22:23:10.000Z,10.966,2,"",M,58.996,2,"",M,6.000,2,"",N,7.940,2,"",M,30.437,2,"",M,8.450,2,"",M,1032.510,2,"",M,410.768,2,"",M,NaN,,,0,NaN,,,M,405.323,2,"",403.700,2,"",NaN,,,NaN,,
2024-12-11T22:25:01.000Z,10.966,2,"",M,58.996,2,"",M,6.000,2,"",N,7.877,2,"",M,30.438,2,"",M,8.510,2,"",M,1032.920,2,"",M,410.800,2,"",M,NaN,,,0,NaN,,,M,403.406,2,"",401.791,2,"",NaN,,,NaN,,
2024-12-11T22:26:53.000Z,10.966,2,"",M,58.996,2,"",M,6.000,2,"",N,7.895,2,"",M,30.443,2,"",M,8.460,2,"",M,1032.820,2,"",M,411.112,2,"",M,NaN,,,0,NaN,,,M,404.845,2,"",403.224,2,"",NaN,,,NaN,,
2024-12-11T22:28:44.000Z,10.966,2,"",M,58.996,2,"",M,6.000,2,"",N,7.876,2,"",M,30.398,2,"",M,8.470,2,"",M,1032.640,2,"",M,411.134,2,"",M,NaN,,,0,NaN,,,M,404.306,2,"",402.687,2,"",NaN,,,NaN,,
2024-12-11T22:30:35.000Z,10.966,2,"",M,58.996,2,"",M,6.000,2,"",N,7.902,2,"",M,30.406,2,"",M,8.430,2,"",M,1032.633,2,"",M,410.786,2,"",M,NaN,,,0,NaN,,,M,405.091,2,"",403.468,2,"",NaN,,,NaN,,
2024-12-11T22:32:27.000Z,10.966,2,"",M,58.996,2,"",M,6.000,2,"",N,7.868,2,"",M,30.401,2,"",M,8.470,2,"",M,1032.827,2,"",M,411.008,2,"",M,NaN,,,0,NaN,,,M,404.115,2,"",402.497,2,"",NaN,,,NaN,,
2024-12-11T22:34:18.000Z,10.966,2,"",M,58.996,2,"",M,6.000,2,"",N,7.876,2,"",M,30.431,2,"",M,8.450,2,"",M,1032.730,2,"",M,411.040,2,"",M,NaN,,,0,NaN,,,M,404.593,2,"",402.972,2,"",NaN,,,NaN,,
2024-12-11T22:36:10.000Z,10.966,2,"",M,58.996,2,"",M,6.000,2,"",N,7.877,2,"",M,30.404,2,"",M,8.460,2,"",M,1032.540,2,"",M,410.902,2,"",M,NaN,,,0,NaN,,,M,404.218,2,"",402.599,2,"",NaN,,,NaN,,
2024-12-11T22:38:01.000Z,10.966,2,"",M,58.996,2,"",M,6.000,2,"",N,7.851,2,"",M,30.414,2,"",M,8.430,2,"",M,1032.410,2,"",M,411.104,2,"",M,NaN,,,0,NaN,,,M,404.438,2,"",402.819,2,"",NaN,,,NaN,,
2024-12-11T22:39:52.000Z,10.967,2,"",M,58.996,2,"",M,6.000,2,"",N,7.104,2,"",I,29.756,2,"",M,7.722,2,"",I,1032.510,2,"",M,410.766,2,"",M,NaN,,,0,NaN,,,M,403.685,2,"",402.053,2,"",NaN,,,NaN,,
2024-12-11T22:41:44.000Z,10.967,2,"",M,58.996,2,"",M,6.000,2,"",N,6.351,2,"",I,27.642,2,"",M,7.008,2,"",I,1032.700,2,"",M,410.107,2,"",M,NaN,,,0,NaN,,,M,402.639,2,"",400.995,2,"",NaN,,,NaN,,
2024-12-11T22:43:35.000Z,10.968,2,"",M,58.996,2,"",M,6.000,2,"",N,5.604,2,"",M,26.344,2,"",M,6.300,2,"",M,1032.610,2,"",M,400.357,2,"",M,NaN,,,0,NaN,,,M,392.568,2,"",390.951,2,"",NaN,,,NaN,,
2024-12-11T22:45:28.000Z,10.969,2,"",M,58.995,2,"",M,6.000,2,"",N,5.278,2,"",I,25.689,2,"",M,5.901,2,"",I,1032.460,2,"",M,379.035,2,"",M,NaN,,,0,NaN,,,M,372.832,2,"",371.288,2,"",NaN,,,NaN,,
2024-12-11T22:47:19.000Z,10.969,2,"",M,58.995,2,"",M,6.000,2,"",N,4.957,2,"",M,25.559,2,"",M,5.510,2,"",M,1032.400,2,"",M,366.862,2,"",M,NaN,,,0,NaN,,,M,362.006,2,"",360.499,2,"",NaN,,,NaN,,
2024-12-11T22:49:10.000Z,10.970,2,"",M,58.995,2,"",M,6.000,2,"",N,4.846,2,"",M,24.910,2,"",M,5.780,2,"",M,1032.700,2,"",M,359.786,2,"",M,NaN,,,0,NaN,,,M,349.385,2,"",347.936,2,"",NaN,,,NaN,,
2024-12-11T22:51:02.000Z,10.971,2,"",M,58.995,2,"",M,6.000,2,"",N,5.698,2,"",I,27.241,2,"",M,6.436,2,"",I,1032.610,2,"",M,356.524,2,"",M,NaN,,,0,NaN,,,M,348.935,2,"",347.501,2,"",NaN,,,NaN,,
2024-12-11T22:55:31.000Z,10.971,2,"",M,58.995,2,"",M,6.000,2,"",N,NaN,,,M,NaN,,,M,NaN,,,M,NaN,,,M,NaN,,,0,NaN,,,0,NaN,,,M,NaN,,,NaN,,,NaN,,,NaN,,
2024-12-11T22:57:20.000Z,10.971,2,"",M,58.995,2,"",M,6.000,2,"",N,NaN,,,M,NaN,,,M,NaN,,,M,NaN,,,M,NaN,,,0,NaN,,,0,NaN,,,M,NaN,,,NaN,,,NaN,,,NaN,,
2024-12-11T22:59:09.000Z,10.971,2,"",M,58.995,2,"",M,6.000,2,"",N,NaN,,,M,NaN,,,M,NaN,,,M,NaN,,,M,NaN,,,0,NaN,,,0,NaN,,,M,NaN,,,NaN,,,NaN,,,NaN,,
2024-12-11T23:03:38.000Z,10.971,2,"",M,58.995,2,"",M,6.000,2,"",N,NaN,,,M,NaN,,,M,NaN,,,M,NaN,,,M,NaN,,,0,NaN,,,0,NaN,,,M,NaN,,,NaN,,,NaN,,,NaN,,
2024-12-11T23:05:48.000Z,10.971,2,"",M,58.995,2,"",M,6.000,2,"",N,NaN,,,M,NaN,,,M,NaN,,,M,NaN,,,M,NaN,,,0,NaN,,,0,NaN,,,M,NaN,,,NaN,,,NaN,,,NaN,,
2024-12-11T23:07:37.000Z,10.971,2,"",M,58.995,2,"",M,6.000,2,"",N,NaN,,,M,NaN,,,M,NaN,,,M,NaN,,,M,NaN,,,0,NaN,,,0,NaN,,,M,NaN,,,NaN,,,NaN,,,NaN,,
2024-12-11T23:12:06.000Z,10.971,2,"",M,58.995,2,"",M,6.000,2,"",N,NaN,,,M,NaN,,,M,NaN,,,M,NaN,,,M,NaN,,,0,NaN,,,0,NaN,,,M,NaN,,,NaN,,,NaN,,,NaN,,
2024-12-11T23:13:55.000Z,10.971,2,"",M,58.995,2,"",M,6.000,2,"",N,NaN,,,M,NaN,,,M,NaN,,,M,NaN,,,M,NaN,,,0,NaN,,,0,NaN,,,M,NaN,,,NaN,,,NaN,,,NaN,,
2024-12-11T23:15:44.000Z,10.971,2,"",M,58.995,2,"",M,6.000,2,"",N,NaN,,,M,NaN,,,M,NaN,,,M,NaN,,,M,NaN,,,0,NaN,,,0,NaN,,,M,NaN,,,NaN,,,NaN,,,NaN,,
2024-12-11T23:20:53.000Z,10.971,2,"",M,58.995,2,"",M,6.000,2,"",N,NaN,,,M,NaN,,,M,NaN,,,M,NaN,,,M,NaN,,,0,NaN,,,0,NaN,,,M,NaN,,,NaN,,,NaN,,,NaN,,
2024-12-11T23:25:27.000Z,10.971,2,"",M,58.995,2,"",M,6.000,2,"",N,NaN,,,M,NaN,,,M,NaN,,,M,NaN,,,M,NaN,,,0,NaN,,,0,NaN,,,M,NaN,,,NaN,,,NaN,,,NaN,,
2024-12-11T23:29:57.000Z,10.971,2,"",M,58.995,2,"",M,6.000,2,"",N,NaN,,,M,NaN,,,M,NaN,,,M,NaN,,,M,NaN,,,0,NaN,,,0,NaN,,,M,NaN,,,NaN,,,NaN,,,NaN,,
2024-12-11T23:31:47.000Z,10.971,2,"",M,58.995,2,"",M,6.000,2,"",N,NaN,,,M,NaN,,,M,NaN,,,M,NaN,,,M,NaN,,,0,NaN,,,0,NaN,,,M,NaN,,,NaN,,,NaN,,,NaN,,
2024-12-11T23:33:36.000Z,10.971,2,"",M,58.995,2,"",M,6.000,2,"",N,NaN,,,M,NaN,,,M,NaN,,,M,NaN,,,M,NaN,,,0,NaN,,,0,NaN,,,M,NaN,,,NaN,,,NaN,,,NaN,,
2024-12-11T23:38:05.000Z,10.968,2,"",M,58.995,2,"",M,6.000,2,"",N,NaN,,,M,NaN,,,M,NaN,,,M,NaN,,,M,NaN,,,0,NaN,,,0,NaN,,,M,NaN,,,NaN,,,NaN,,,NaN,,
2024-12-11T23:39:54.000Z,10.966,2,"",M,58.996,2,"",M,6.000,2,"",N,NaN,,,M,NaN,,,M,NaN,,,M,NaN,,,M,NaN,,,0,NaN,,,0,NaN,,,M,NaN,,,NaN,,,NaN,,,NaN,,
2024-12-11T23:41:43.000Z,10.964,2,"",M,58.996,2,"",M,6.000,2,"",N,NaN,,,M,NaN,,,M,NaN,,,M,NaN,,,M,NaN,,,0,NaN,,,0,NaN,,,M,NaN,,,NaN,,,NaN,,,NaN,,
2024-12-11T23:46:12.000Z,10.960,2,"",M,58.997,2,"",M,6.000,2,"",N,NaN,,,M,NaN,,,M,NaN,,,M,NaN,,,M,NaN,,,0,NaN,,,0,NaN,,,M,NaN,,,NaN,,,NaN,,,NaN,,
2024-12-11T23:48:01.000Z,10.958,2,"",M,58.998,2,"",M,6.000,2,"",N,NaN,,,M,NaN,,,M,NaN,,,M,NaN,,,M,NaN,,,0,NaN,,,0,NaN,,,M,NaN,,,NaN,,,NaN,,,NaN,,
2024-12-11T23:49:50.000Z,10.957,2,"",M,58.998,2,"",M,6.000,2,"",N,NaN,,,M,NaN,,,M,NaN,,,M,NaN,,,M,NaN,,,0,NaN,,,0,NaN,,,M,NaN,,,NaN,,,NaN,,,NaN,,
2024-12-11T23:54:19.000Z,10.957,2,"",M,58.998,2,"",M,6.000,2,"",N,7.756,2,"",M,30.257,2,"",M,NaN,,,M,NaN,,,M,NaN,,,0,440.487,2,"",M,1031.900,2,"",M,NaN,,,NaN,,,445.178,2,"",443.376,2,""
2024-12-11T23:56:08.000Z,10.957,2,"",M,58.998,2,"",M,6.000,2,"",N,7.788,2,"",M,30.288,2,"",M,NaN,,,M,NaN,,,M,NaN,,,0,440.687,2,"",M,1031.900,2,"",M,NaN,,,NaN,,,445.371,2,"",443.568,2,""
2024-12-11T23:57:57.000Z,10.957,2,"",M,58.998,2,"",M,6.000,2,"",N,7.656,2,"",M,30.246,2,"",M,NaN,,,M,NaN,,,M,NaN,,,0,440.618,2,"",M,1031.900,2,"",M,NaN,,,NaN,,,445.341,2,"",443.536,2,""
2024-12-11T23:59:48.000Z,10.957,2,"",M,58.998,2,"",M,6.000,2,"",N,7.709,2,"",M,30.204,2,"",M,NaN,,,M,NaN,,,M,NaN,,,0,441.289,2,"",M,1031.900,2,"",M,NaN,,,NaN,,,446.003,2,"",444.196,2,""
2024-12-12T00:01:37.000Z,10.957,2,"",M,58.998,2,"",M,6.000,2,"",N,7.725,2,"",M,30.138,2,"",M,NaN,,,M,NaN,,,M,NaN,,,0,440.218,2,"",M,1031.900,2,"",M,NaN,,,NaN,,,444.916,2,"",443.114,2,""
2024-12-12T00:06:47.000Z,10.957,2,"",M,58.998,2,"",M,6.000,2,"",N,7.696,2,"",M,29.837,2,"",M,8.110,2,"",M,1032.210,2,"",M,409.503,2,"",M,NaN,,,0,NaN,,,M,405.704,2,"",404.072,2,"",NaN,,,NaN,,
2024-12-12T00:08:38.000Z,10.957,2,"",M,58.998,2,"",M,6.000,2,"",N,7.657,2,"",M,30.092,2,"",M,8.130,2,"",M,1032.130,2,"",M,407.451,2,"",M,NaN,,,0,NaN,,,M,402.624,2,"",401.005,2,"",NaN,,,NaN,,
2024-12-12T00:10:30.000Z,10.957,2,"",M,58.998,2,"",M,6.000,2,"",N,7.612,2,"",M,29.916,2,"",M,8.260,2,"",M,1032.300,2,"",M,406.121,2,"",M,NaN,,,0,NaN,,,M,398.392,2,"",396.793,2,"",NaN,,,NaN,,
2024-12-12T00:12:21.000Z,10.957,2,"",M,58.999,2,"",M,6.000,2,"",N,7.795,2,"",M,29.874,2,"",M,8.270,2,"",M,1032.220,2,"",M,406.281,2,"",M,NaN,,,0,NaN,,,M,401.434,2,"",399.823,2,"",NaN,,,NaN,,
2024-12-12T00:14:12.000Z,10.957,2,"",M,58.999,2,"",M,6.000,2,"",N,7.412,2,"",M,29.760,2,"",M,8.270,2,"",M,1032.090,2,"",M,406.232,2,"",M,NaN,,,0,NaN,,,M,394.882,2,"",393.298,2,"",NaN,,,NaN,,
2024-12-12T00:16:04.000Z,10.957,2,"",M,58.999,2,"",M,6.000,2,"",N,7.707,2,"",M,29.999,2,"",M,8.100,2,"",M,1031.930,2,"",M,406.833,2,"",M,NaN,,,0,NaN,,,M,403.310,2,"",401.689,2,"",NaN,,,NaN,,
2024-12-12T00:17:55.000Z,10.957,2,"",M,58.999,2,"",M,6.000,2,"",N,7.708,2,"",M,29.791,2,"",M,8.250,2,"",M,1031.960,2,"",M,405.542,2,"",M,NaN,,,0,NaN,,,M,399.479,2,"",397.876,2,"",NaN,,,NaN,,
2024-12-12T00:20:07.000Z,10.957,2,"",M,58.999,2,"",M,6.000,2,"",N,7.588,2,"",M,29.859,2,"",M,8.260,2,"",M,1032.200,2,"",M,405.323,2,"",M,NaN,,,0,NaN,,,M,397.158,2,"",395.564,2,"",NaN,,,NaN,,
2024-12-12T00:21:58.000Z,10.957,2,"",M,58.999,2,"",M,6.000,2,"",N,7.421,2,"",M,30.185,2,"",M,8.110,2,"",M,1032.050,2,"",M,406.284,2,"",M,NaN,,,0,NaN,,,M,397.799,2,"",396.199,2,"",NaN,,,NaN,,
2024-12-12T00:23:50.000Z,10.957,2,"",M,58.999,2,"",M,6.000,2,"",N,7.780,2,"",M,30.023,2,"",M,8.090,2,"",M,1032.000,2,"",M,405.854,2,"",M,NaN,,,0,NaN,,,M,403.791,2,"",402.167,2,"",NaN,,,NaN,,
2024-12-12T00:25:41.000Z,10.957,2,"",M,58.999,2,"",M,6.000,2,"",N,7.753,2,"",M,30.298,2,"",M,8.260,2,"",M,1032.030,2,"",M,405.194,2,"",M,NaN,,,0,NaN,,,M,399.743,2,"",398.139,2,"",NaN,,,NaN,,
2024-12-12T00:27:32.000Z,10.957,2,"",M,58.999,2,"",M,6.000,2,"",N,7.818,2,"",M,30.284,2,"",M,8.340,2,"",M,1032.110,2,"",M,406.326,2,"",M,NaN,,,0,NaN,,,M,400.611,2,"",399.005,2,"",NaN,,,NaN,,
2024-12-12T00:29:24.000Z,10.957,2,"",M,58.999,2,"",M,6.000,2,"",N,7.827,2,"",M,30.310,2,"",M,8.380,2,"",M,1032.170,2,"",M,408.318,2,"",M,NaN,,,0,NaN,,,M,402.075,2,"",400.464,2,"",NaN,,,NaN,,
2024-12-12T00:31:15.000Z,10.957,2,"",M,58.999,2,"",M,6.000,2,"",N,7.714,2,"",M,30.236,2,"",M,8.370,2,"",M,1032.010,2,"",M,409.049,2,"",M,NaN,,,0,NaN,,,M,400.977,2,"",399.370,2,"",NaN,,,NaN,,
2024-12-12T00:33:06.000Z,10.957,2,"",M,58.999,2,"",M,6.000,2,"",N,7.742,2,"",M,30.177,2,"",M,8.300,2,"",M,1031.810,2,"",M,409.400,2,"",M,NaN,,,0,NaN,,,M,402.927,2,"",401.312,2,"",NaN,,,NaN,,
2024-12-12T00:34:58.000Z,10.957,2,"",M,58.999,2,"",M,6.000,2,"",N,7.774,2,"",M,30.282,2,"",M,8.310,2,"",M,1032.053,2,"",M,409.170,2,"",M,NaN,,,0,NaN,,,M,403.169,2,"",401.552,2,"",NaN,,,NaN,,
2024-12-12T00:36:50.000Z,10.957,2,"",M,58.999,2,"",M,6.000,2,"",N,7.736,2,"",M,30.152,2,"",M,8.370,2,"",M,1031.987,2,"",M,409.671,2,"",M,NaN,,,0,NaN,,,M,401.946,2,"",400.336,2,"",NaN,,,NaN,,
2024-12-12T00:38:41.000Z,10.957,2,"",M,58.999,2,"",M,6.000,2,"",N,7.750,2,"",M,30.184,2,"",M,8.290,2,"",M,1031.790,2,"",M,409.722,2,"",M,NaN,,,0,NaN,,,M,403.539,2,"",401.921,2,"",NaN,,,NaN,,
2024-12-12T00:40:33.000Z,10.957,2,"",M,58.999,2,"",M,6.000,2,"",N,7.735,2,"",M,30.160,2,"",M,8.310,2,"",M,1031.870,2,"",M,409.382,2,"",M,NaN,,,0,NaN,,,M,402.646,2,"",401.031,2,"",NaN,,,NaN,,
2024-12-12T00:42:24.000Z,10.957,2,"",M,58.999,2,"",M,6.000,2,"",N,7.736,2,"",M,30.207,2,"",M,8.300,2,"",M,1031.950,2,"",M,409.823,2,"",M,NaN,,,0,NaN,,,M,403.290,2,"",401.673,2,"",NaN,,,NaN,,
2024-12-12T00:44:15.000Z,10.957,2,"",M,58.999,2,"",M,6.000,2,"",N,7.718,2,"",M,30.179,2,"",M,8.320,2,"",M,1032.140,2,"",M,410.144,2,"",M,NaN,,,0,NaN,,,M,403.033,2,"",401.417,2,"",NaN,,,NaN,,
2024-12-12T00:46:07.000Z,10.957,2,"",M,58.999,2,"",M,6.000,2,"",N,7.719,2,"",M,30.145,2,"",M,8.300,2,"",M,1032.030,2,"",M,410.374,2,"",M,NaN,,,0,NaN,,,M,403.587,2,"",401.969,2,"",NaN,,,NaN,,
2024-12-12T00:47:59.000Z,10.957,2,"",M,58.999,2,"",M,6.000,2,"",N,7.683,2,"",M,30.129,2,"",M,8.270,2,"",M,1031.930,2,"",M,410.155,2,"",M,NaN,,,0,NaN,,,M,403.231,2,"",401.613,2,"",NaN,,,NaN,,
2024-12-12T00:49:51.000Z,10.958,2,"",M,58.999,2,"",M,6.000,2,"",N,7.069,2,"",I,29.727,2,"",M,7.789,2,"",I,1031.880,2,"",M,409.715,2,"",M,NaN,,,0,NaN,,,M,400.661,2,"",399.044,2,"",NaN,,,NaN,,
2024-12-12T00:51:42.000Z,10.959,2,"",M,58.998,2,"",M,6.000,2,"",N,6.460,2,"",I,28.363,2,"",M,7.311,2,"",I,1032.120,2,"",M,408.374,2,"",M,NaN,,,0,NaN,,,M,397.357,2,"",395.742,2,"",NaN,,,NaN,,
2024-12-12T00:53:34.000Z,10.960,2,"",M,58.998,2,"",M,6.000,2,"",N,5.846,2,"",M,27.038,2,"",M,6.830,2,"",M,1031.990,2,"",M,400.357,2,"",M,NaN,,,0,NaN,,,M,387.450,2,"",385.866,2,"",NaN,,,NaN,,
2024-12-12T00:55:25.000Z,10.961,2,"",M,58.998,2,"",M,6.000,2,"",N,6.670,2,"",I,28.733,2,"",M,7.250,2,"",I,1031.740,2,"",M,384.904,2,"",M,NaN,,,0,NaN,,,M,378.713,2,"",377.174,2,"",NaN,,,NaN,,
2024-12-12T00:57:16.000Z,10.961,2,"",M,58.998,2,"",M,6.000,2,"",N,7.494,2,"",M,30.230,2,"",M,7.670,2,"",M,1031.650,2,"",M,378.098,2,"",M,NaN,,,0,NaN,,,M,378.284,2,"",376.755,2,"",NaN,,,NaN,,
2024-12-12T00:59:08.000Z,10.961,2,"",M,58.998,2,"",M,6.000,2,"",N,7.266,2,"",M,29.525,2,"",M,8.170,2,"",M,1031.780,2,"",M,391.641,2,"",M,NaN,,,0,NaN,,,M,379.867,2,"",378.342,2,"",NaN,,,NaN,,
2024-12-12T01:00:59.000Z,10.961,2,"",M,58.997,2,"",M,6.000,2,"",N,7.359,2,"",M,29.755,2,"",M,7.990,2,"",M,1031.860,2,"",M,402.151,2,"",M,NaN,,,0,NaN,,,M,394.672,2,"",393.083,2,"",NaN,,,NaN,,
2024-12-12T01:02:51.000Z,10.961,2,"",M,58.997,2,"",M,6.000,2,"",N,7.672,2,"",M,29.799,2,"",M,7.980,2,"",M,1031.660,2,"",M,402.392,2,"",M,NaN,,,0,NaN,,,M,400.272,2,"",398.661,2,"",NaN,,,NaN,,
2024-12-12T01:04:42.000Z,10.961,2,"",M,58.997,2,"",M,6.000,2,"",N,7.560,2,"",M,30.040,2,"",M,8.130,2,"",M,1031.750,2,"",M,402.923,2,"",M,NaN,,,0,NaN,,,M,396.383,2,"",394.791,2,"",NaN,,,NaN,,
2024-12-12T01:06:33.000Z,10.961,2,"",M,58.997,2,"",M,6.000,2,"",N,7.606,2,"",M,30.034,2,"",M,8.150,2,"",M,1031.770,2,"",M,405.025,2,"",M,NaN,,,0,NaN,,,M,398.880,2,"",397.277,2,"",NaN,,,NaN,,
2024-12-12T01:08:25.000Z,10.961,2,"",M,58.997,2,"",M,6.000,2,"",N,7.697,2,"",M,30.142,2,"",M,8.200,2,"",M,1032.020,2,"",M,406.767,2,"",M,NaN,,,0,NaN,,,M,401.387,2,"",399.775,2,"",NaN,,,NaN,,
2024-12-12T01:10:16.000Z,10.961,2,"",M,58.997,2,"",M,6.000,2,"",N,7.631,2,"",M,30.107,2,"",M,8.270,2,"",M,1032.030,2,"",M,407.879,2,"",M,NaN,,,0,NaN,,,M,400.161,2,"",398.556,2,"",NaN,,,NaN,,
2024-12-12T01:12:07.000Z,10.961,2,"",M,58.997,2,"",M,6.000,2,"",N,7.868,2,"",M,30.081,2,"",M,8.200,2,"",M,1031.860,2,"",M,409.320,2,"",M,NaN,,,0,NaN,,,M,406.772,2,"",405.139,2,"",NaN,,,NaN,,
2024-12-12T01:13:59.000Z,10.961,2,"",M,58.997,2,"",M,6.000,2,"",N,7.763,2,"",M,30.178,2,"",M,8.270,2,"",M,1031.740,2,"",M,408.770,2,"",M,NaN,,,0,NaN,,,M,403.157,2,"",401.540,2,"",NaN,,,NaN,,
2024-12-12T01:15:50.000Z,10.961,2,"",M,58.997,2,"",M,6.000,2,"",N,7.613,2,"",M,29.977,2,"",M,8.310,2,"",M,1031.950,2,"",M,409.542,2,"",M,NaN,,,0,NaN,,,M,400.749,2,"",399.142,2,"",NaN,,,NaN,,
2024-12-12T01:17:41.000Z,10.961,2,"",M,58.997,2,"",M,6.000,2,"",N,7.605,2,"",M,29.986,2,"",M,8.190,2,"",M,1031.910,2,"",M,410.013,2,"",M,NaN,,,0,NaN,,,M,403.146,2,"",401.527,2,"",NaN,,,NaN,,
2024-12-12T01:19:54.000Z,10.961,2,"",M,58.997,2,"",M,6.000,2,"",N,7.635,2,"",M,29.923,2,"",M,8.170,2,"",M,1031.810,2,"",M,409.793,2,"",M,NaN,,,0,NaN,,,M,403.751,2,"",402.129,2,"",NaN,,,NaN,,
2024-12-12T01:21:45.000Z,10.961,2,"",M,58.997,2,"",M,6.000,2,"",N,7.558,2,"",M,30.039,2,"",M,8.170,2,"",M,1031.760,2,"",M,408.923,2,"",M,NaN,,,0,NaN,,,M,401.560,2,"",399.947,2,"",NaN,,,NaN,,
2024-12-12T01:23:36.000Z,10.961,2,"",M,58.997,2,"",M,6.000,2,"",N,7.514,2,"",M,29.916,2,"",M,8.150,2,"",M,1031.880,2,"",M,409.063,2,"",M,NaN,,,0,NaN,,,M,401.334,2,"",399.722,2,"",NaN,,,NaN,,
2024-12-12T01:25:28.000Z,10.961,2,"",M,58.997,2,"",M,6.000,2,"",N,7.654,2,"",M,29.978,2,"",M,8.120,2,"",M,1031.980,2,"",M,408.944,2,"",M,NaN,,,0,NaN,,,M,404.162,2,"",402.538,2,"",NaN,,,NaN,,
2024-12-12T01:27:20.000Z,10.961,2,"",M,58.997,2,"",M,6.000,2,"",N,7.712,2,"",M,30.063,2,"",M,8.220,2,"",M,1031.790,2,"",M,408.694,2,"",M,NaN,,,0,NaN,,,M,403.094,2,"",401.476,2,"",NaN,,,NaN,,
2024-12-12T01:29:12.000Z,10.961,2,"",M,58.997,2,"",M,6.000,2,"",N,7.719,2,"",M,30.094,2,"",M,8.250,2,"",M,1031.610,2,"",M,409.335,2,"",M,NaN,,,0,NaN,,,M,403.257,2,"",401.639,2,"",NaN,,,NaN,,
2024-12-12T01:31:03.000Z,10.961,2,"",M,58.997,2,"",M,6.000,2,"",N,7.727,2,"",M,30.192,2,"",M,8.230,2,"",M,1031.580,2,"",M,409.826,2,"",M,NaN,,,0,NaN,,,M,404.216,2,"",402.594,2,"",NaN,,,NaN,,
2024-12-12T01:32:54.000Z,10.961,2,"",M,58.997,2,"",M,6.000,2,"",N,7.670,2,"",M,30.042,2,"",M,8.300,2,"",M,1031.730,2,"",M,410.497,2,"",M,NaN,,,0,NaN,,,M,402.747,2,"",401.132,2,"",NaN,,,NaN,,
2024-12-12T01:34:46.000Z,10.961,2,"",M,58.997,2,"",M,6.000,2,"",N,7.684,2,"",M,30.057,2,"",M,8.230,2,"",M,1031.590,2,"",M,410.488,2,"",M,NaN,,,0,NaN,,,M,404.130,2,"",402.509,2,"",NaN,,,NaN,,
2024-12-12T01:36:37.000Z,10.961,2,"",M,58.997,2,"",M,6.000,2,"",N,7.706,2,"",M,30.069,2,"",M,8.240,2,"",M,1031.550,2,"",M,410.528,2,"",M,NaN,,,0,NaN,,,M,404.369,2,"",402.747,2,"",NaN,,,NaN,,
2024-12-12T01:38:29.000Z,10.961,2,"",M,58.997,2,"",M,6.000,2,"",N,7.715,2,"",M,30.084,2,"",M,8.240,2,"",M,1031.470,2,"",M,410.178,2,"",M,NaN,,,0,NaN,,,M,404.139,2,"",402.518,2,"",NaN,,,NaN,,
2024-12-12T01:40:20.000Z,10.961,2,"",M,58.997,2,"",M,6.000,2,"",N,7.682,2,"",M,30.093,2,"",M,8.270,2,"",M,1031.600,2,"",M,410.129,2,"",M,NaN,,,0,NaN,,,M,403.061,2,"",401.444,2,"",NaN,,,NaN,,
2024-12-12T01:42:11.000Z,10.961,2,"",M,58.997,2,"",M,6.000,2,"",N,7.612,2,"",M,29.981,2,"",M,8.260,2,"",M,1031.510,2,"",M,410.550,2,"",M,NaN,,,0,NaN,,,M,402.413,2,"",400.799,2,"",NaN,,,NaN,,
2024-12-12T01:44:03.000Z,10.961,2,"",M,58.997,2,"",M,6.000,2,"",N,7.667,2,"",M,30.011,2,"",M,8.200,2,"",M,1031.260,2,"",M,410.680,2,"",M,NaN,,,0,NaN,,,M,404.435,2,"",402.812,2,"",NaN,,,NaN,,
2024-12-12T01:45:55.000Z,10.961,2,"",M,58.997,2,"",M,6.000,2,"",N,7.704,2,"",M,30.121,2,"",M,8.220,2,"",M,1031.530,2,"",M,409.790,2,"",M,NaN,,,0,NaN,,,M,403.948,2,"",402.327,2,"",NaN,,,NaN,,
2024-12-12T01:47:46.000Z,10.961,2,"",M,58.997,2,"",M,6.000,2,"",N,7.738,2,"",M,30.122,2,"",M,8.270,2,"",M,1031.620,2,"",M,410.521,2,"",M,NaN,,,0,NaN,,,M,404.403,2,"",402.781,2,"",NaN,,,NaN,,
2024-12-12T01:49:38.000Z,10.961,2,"",M,58.997,2,"",M,6.000,2,"",N,7.728,2,"",M,30.175,2,"",M,8.310,2,"",M,1031.750,2,"",M,410.652,2,"",M,NaN,,,0,NaN,,,M,403.728,2,"",402.110,2,"",NaN,,,NaN,,
2024-12-12T01:51:29.000Z,10.961,2,"",M,58.997,2,"",M,6.000,2,"",N,7.705,2,"",M,30.113,2,"",M,8.310,2,"",M,1031.590,2,"",M,411.163,2,"",M,NaN,,,0,NaN,,,M,403.773,2,"",402.154,2,"",NaN,,,NaN,,
2024-12-12T01:53:20.000Z,10.961,2,"",M,58.997,2,"",M,6.000,2,"",N,7.675,2,"",M,30.099,2,"",M,8.250,2,"",M,1031.470,2,"",M,411.013,2,"",M,NaN,,,0,NaN,,,M,404.109,2,"",402.488,2,"",NaN,,,NaN,,
2024-12-12T01:55:12.000Z,10.961,2,"",M,58.997,2,"",M,6.000,2,"",N,7.665,2,"",M,30.030,2,"",M,8.230,2,"",M,1031.410,2,"",M,411.064,2,"",M,NaN,,,0,NaN,,,M,404.311,2,"",402.689,2,"",NaN,,,NaN,,
2024-12-12T01:57:03.000Z,10.961,2,"",M,58.997,2,"",M,6.000,2,"",N,7.694,2,"",M,30.099,2,"",M,8.240,2,"",M,1031.610,2,"",M,410.794,2,"",M,NaN,,,0,NaN,,,M,404.443,2,"",402.821,2,"",NaN,,,NaN,,
2024-12-12T01:58:55.000Z,10.961,2,"",M,58.997,2,"",M,6.000,2,"",N,7.667,2,"",M,30.139,2,"",M,8.270,2,"",M,1031.470,2,"",M,410.835,2,"",M,NaN,,,0,NaN,,,M,403.440,2,"",401.823,2,"",NaN,,,NaN,,
2024-12-12T02:00:46.000Z,10.961,2,"",M,58.997,2,"",M,6.000,2,"",N,7.694,2,"",M,30.075,2,"",M,8.260,2,"",M,1031.660,2,"",M,411.105,2,"",M,NaN,,,0,NaN,,,M,404.419,2,"",402.797,2,"",NaN,,,NaN,,
2024-12-12T02:02:37.000Z,10.961,2,"",M,58.997,2,"",M,6.000,2,"",N,7.687,2,"",M,30.092,2,"",M,8.250,2,"",M,1031.520,2,"",M,411.196,2,"",M,NaN,,,0,NaN,,,M,404.512,2,"",402.890,2,"",NaN,,,NaN,,
2024-12-12T02:04:29.000Z,10.961,2,"",M,58.997,2,"",M,6.000,2,"",N,7.655,2,"",M,30.059,2,"",M,8.270,2,"",M,1031.660,2,"",M,410.946,2,"",M,NaN,,,0,NaN,,,M,403.426,2,"",401.808,2,"",NaN,,,NaN,,
2024-12-12T02:06:20.000Z,10.961,2,"",M,58.997,2,"",M,6.000,2,"",N,7.697,2,"",M,30.049,2,"",M,8.240,2,"",M,1031.710,2,"",M,410.797,2,"",M,NaN,,,0,NaN,,,M,404.545,2,"",402.922,2,"",NaN,,,NaN,,
2024-12-12T02:08:11.000Z,10.961,2,"",M,58.997,2,"",M,6.000,2,"",N,7.613,2,"",M,29.985,2,"",M,8.240,2,"",M,1031.580,2,"",M,410.947,2,"",M,NaN,,,0,NaN,,,M,403.203,2,"",401.585,2,"",NaN,,,NaN,,
2024-12-12T02:10:03.000Z,10.961,2,"",M,58.997,2,"",M,6.000,2,"",N,7.630,2,"",M,30.031,2,"",M,8.190,2,"",M,1031.410,2,"",M,410.317,2,"",M,NaN,,,0,NaN,,,M,403.675,2,"",402.055,2,"",NaN,,,NaN,,
2024-12-12T02:11:54.000Z,10.961,2,"",M,58.997,2,"",M,6.000,2,"",N,7.660,2,"",M,30.024,2,"",M,8.210,2,"",M,1031.400,2,"",M,410.288,2,"",M,NaN,,,0,NaN,,,M,403.799,2,"",402.178,2,"",NaN,,,NaN,,
2024-12-12T02:13:45.000Z,10.961,2,"",M,58.997,2,"",M,6.000,2,"",N,7.667,2,"",M,30.047,2,"",M,8.240,2,"",M,1031.520,2,"",M,410.018,2,"",M,NaN,,,0,NaN,,,M,403.175,2,"",401.557,2,"",NaN,,,NaN,,
2024-12-12T02:15:37.000Z,10.961,2,"",M,58.997,2,"",M,6.000,2,"",N,7.661,2,"",M,30.041,2,"",M,8.240,2,"",M,1031.340,2,"",M,410.639,2,"",M,NaN,,,0,NaN,,,M,403.626,2,"",402.007,2,"",NaN,,,NaN,,
2024-12-12T02:17:28.000Z,10.961,2,"",M,58.997,2,"",M,6.000,2,"",N,7.727,2,"",M,30.040,2,"",M,8.230,2,"",M,1031.170,2,"",M,411.190,2,"",M,NaN,,,0,NaN,,,M,405.402,2,"",403.776,2,"",NaN,,,NaN,,
2024-12-12T02:19:19.000Z,10.961,2,"",M,58.997,2,"",M,6.000,2,"",N,7.649,2,"",M,30.071,2,"",M,8.230,2,"",M,1031.040,2,"",M,411.181,2,"",M,NaN,,,0,NaN,,,M,404.003,2,"",402.383,2,"",NaN,,,NaN,,
2024-12-12T02:21:32.000Z,10.961,2,"",M,58.997,2,"",M,6.000,2,"",N,7.670,2,"",M,30.062,2,"",M,8.240,2,"",M,1031.470,2,"",M,411.592,2,"",M,NaN,,,0,NaN,,,M,404.769,2,"",403.145,2,"",NaN,,,NaN,,
2024-12-12T02:23:23.000Z,10.961,2,"",M,58.997,2,"",M,6.000,2,"",N,7.660,2,"",M,30.040,2,"",M,8.250,2,"",M,1031.340,2,"",M,411.392,2,"",M,NaN,,,0,NaN,,,M,404.171,2,"",402.550,2,"",NaN,,,NaN,,
2024-12-12T02:25:15.000Z,10.961,2,"",M,58.997,2,"",M,6.000,2,"",N,7.661,2,"",M,30.054,2,"",M,8.220,2,"",M,1031.140,2,"",M,411.392,2,"",M,NaN,,,0,NaN,,,M,404.624,2,"",403.001,2,"",NaN,,,NaN,,
2024-12-12T02:27:06.000Z,10.961,2,"",M,58.997,2,"",M,6.000,2,"",N,7.623,2,"",M,30.035,2,"",M,8.210,2,"",M,1030.920,2,"",M,411.463,2,"",M,NaN,,,0,NaN,,,M,404.136,2,"",402.515,2,"",NaN,,,NaN,,
2024-12-12T02:28:57.000Z,10.961,2,"",M,58.997,2,"",M,6.000,2,"",N,7.611,2,"",M,30.028,2,"",M,8.210,2,"",M,1030.960,2,"",M,411.223,2,"",M,NaN,,,0,NaN,,,M,403.703,2,"",402.084,2,"",NaN,,,NaN,,
2024-12-12T02:30:49.000Z,10.959,2,"",M,58.998,2,"",M,6.000,2,"",N,7.073,2,"",I,29.169,2,"",M,7.677,2,"",I,1031.160,2,"",M,411.254,2,"",M,NaN,,,0,NaN,,,M,403.880,2,"",402.248,2,"",NaN,,,NaN,,
2024-12-12T02:32:40.000Z,10.953,2,"",M,59.000,2,"",M,6.000,2,"",N,6.539,2,"",I,26.648,2,"",M,7.148,2,"",I,1031.180,2,"",M,409.933,2,"",M,NaN,,,0,NaN,,,M,402.649,2,"",401.011,2,"",NaN,,,NaN,,
2024-12-12T02:34:31.000Z,10.946,2,"",M,59.002,2,"",M,6.000,2,"",N,6.006,2,"",M,26.333,2,"",M,6.620,2,"",M,1031.110,2,"",M,390.245,2,"",M,NaN,,,0,NaN,,,M,383.341,2,"",381.771,2,"",NaN,,,NaN,,
2024-12-12T02:36:23.000Z,10.938,2,"",M,59.005,2,"",M,6.000,2,"",N,5.664,2,"",M,26.250,2,"",M,6.570,2,"",M,1031.130,2,"",M,370.658,2,"",M,NaN,,,0,NaN,,,M,359.638,2,"",358.164,2,"",NaN,,,NaN,,
2024-12-12T02:38:14.000Z,10.931,2,"",M,59.007,2,"",M,6.000,2,"",N,5.857,2,"",M,26.181,2,"",M,6.370,2,"",M,1031.300,2,"",M,366.925,2,"",M,NaN,,,0,NaN,,,M,362.100,2,"",360.612,2,"",NaN,,,NaN,,
2024-12-12T02:40:05.000Z,10.923,2,"",M,59.009,2,"",M,6.000,2,"",N,5.791,2,"",M,26.248,2,"",M,6.400,2,"",M,1031.180,2,"",M,364.423,2,"",M,NaN,,,0,NaN,,,M,358.125,2,"",356.654,2,"",NaN,,,NaN,,
2024-12-12T02:41:57.000Z,10.915,2,"",M,59.011,2,"",M,6.000,2,"",N,5.669,2,"",M,26.061,2,"",M,6.410,2,"",M,1030.970,2,"",M,363.363,2,"",M,NaN,,,0,NaN,,,M,355.008,2,"",353.551,2,"",NaN,,,NaN,,
2024-12-12T02:43:48.000Z,10.906,2,"",M,59.014,2,"",M,6.000,2,"",N,5.646,2,"",M,26.170,2,"",M,6.320,2,"",M,1030.810,2,"",M,361.351,2,"",M,NaN,,,0,NaN,,,M,354.020,2,"",352.565,2,"",NaN,,,NaN,,
2024-12-12T02:45:39.000Z,10.898,2,"",M,59.016,2,"",M,6.000,2,"",N,5.324,2,"",M,26.488,2,"",M,6.220,2,"",M,1030.990,2,"",M,361.442,2,"",M,NaN,,,0,NaN,,,M,350.883,2,"",349.439,2,"",NaN,,,NaN,,
2024-12-12T02:47:32.000Z,10.890,2,"",M,59.017,2,"",M,6.000,2,"",N,5.306,2,"",M,26.100,2,"",M,6.140,2,"",M,1030.870,2,"",M,363.304,2,"",M,NaN,,,0,NaN,,,M,353.591,2,"",352.134,2,"",NaN,,,NaN,,
2024-12-12T02:49:23.000Z,10.882,2,"",M,59.019,2,"",M,6.000,2,"",N,5.543,2,"",M,26.791,2,"",M,5.920,2,"",M,1030.700,2,"",M,363.415,2,"",M,NaN,,,0,NaN,,,M,360.595,2,"",359.105,2,"",NaN,,,NaN,,
2024-12-12T02:51:14.000Z,10.874,2,"",M,59.021,2,"",M,6.000,2,"",N,6.063,2,"",M,27.327,2,"",M,6.120,2,"",M,1030.760,2,"",M,363.285,2,"",M,NaN,,,0,NaN,,,M,365.349,2,"",363.843,2,"",NaN,,,NaN,,
2024-12-12T02:53:06.000Z,10.869,2,"",M,59.022,2,"",M,6.000,2,"",N,6.163,2,"",M,27.800,2,"",M,6.510,2,"",M,1030.980,2,"",M,368.320,2,"",M,NaN,,,0,NaN,,,M,365.893,2,"",364.392,2,"",NaN,,,NaN,,
2024-12-12T02:54:58.000Z,10.866,2,"",M,59.023,2,"",M,6.000,2,"",N,6.601,2,"",M,28.198,2,"",M,6.700,2,"",M,1030.980,2,"",M,376.939,2,"",M,NaN,,,0,NaN,,,M,378.351,2,"",376.803,2,"",NaN,,,NaN,,
2024-12-12T02:56:49.000Z,10.866,2,"",M,59.024,2,"",M,6.000,2,"",N,6.724,2,"",M,27.969,2,"",M,7.080,2,"",M,1030.910,2,"",M,384.996,2,"",M,NaN,,,0,NaN,,,M,382.146,2,"",380.591,2,"",NaN,,,NaN,,
2024-12-12T02:58:41.000Z,10.866,2,"",M,59.024,2,"",M,6.000,2,"",N,7.014,2,"",M,29.075,2,"",M,7.140,2,"",M,1030.790,2,"",M,389.751,2,"",M,NaN,,,0,NaN,,,M,390.593,2,"",389.004,2,"",NaN,,,NaN,,
2024-12-12T03:00:32.000Z,10.866,2,"",M,59.024,2,"",M,6.000,2,"",N,6.999,2,"",M,28.894,2,"",M,7.530,2,"",M,1030.930,2,"",M,393.265,2,"",M,NaN,,,0,NaN,,,M,387.358,2,"",385.791,2,"",NaN,,,NaN,,
2024-12-12T03:02:23.000Z,10.866,2,"",M,59.024,2,"",M,6.000,2,"",N,6.692,2,"",M,28.942,2,"",M,7.570,2,"",M,1031.020,2,"",M,399.221,2,"",M,NaN,,,0,NaN,,,M,387.531,2,"",385.964,2,"",NaN,,,NaN,,
2024-12-12T03:04:15.000Z,10.866,2,"",M,59.024,2,"",M,6.000,2,"",N,6.886,2,"",M,28.316,2,"",M,7.430,2,"",M,1030.840,2,"",M,402.735,2,"",M,NaN,,,0,NaN,,,M,396.464,2,"",394.858,2,"",NaN,,,NaN,,
2024-12-12T03:06:06.000Z,10.866,2,"",M,59.024,2,"",M,6.000,2,"",N,7.090,2,"",M,28.813,2,"",M,7.300,2,"",M,1030.570,2,"",M,400.974,2,"",M,NaN,,,0,NaN,,,M,400.268,2,"",398.644,2,"",NaN,,,NaN,,
2024-12-12T03:07:57.000Z,10.866,2,"",M,59.024,2,"",M,6.000,2,"",N,7.180,2,"",M,29.420,2,"",M,7.570,2,"",M,1030.550,2,"",M,400.654,2,"",M,NaN,,,0,NaN,,,M,396.838,2,"",395.234,2,"",NaN,,,NaN,,
2024-12-12T03:09:49.000Z,10.866,2,"",M,59.024,2,"",M,6.000,2,"",N,7.245,2,"",M,29.138,2,"",M,7.770,2,"",M,1030.820,2,"",M,404.038,2,"",M,NaN,,,0,NaN,,,M,397.960,2,"",396.355,2,"",NaN,,,NaN,,
2024-12-12T03:11:40.000Z,10.866,2,"",M,59.024,2,"",M,6.000,2,"",N,7.298,2,"",M,29.647,2,"",M,7.710,2,"",M,1030.690,2,"",M,405.480,2,"",M,NaN,,,0,NaN,,,M,401.271,2,"",399.651,2,"",NaN,,,NaN,,
2024-12-12T03:16:09.000Z,10.866,2,"",M,59.024,2,"",M,6.000,2,"",N,NaN,,,M,NaN,,,M,NaN,,,M,NaN,,,M,NaN,,,0,NaN,,,0,NaN,,,M,NaN,,,NaN,,,NaN,,,NaN,,
2024-12-12T03:17:59.000Z,10.866,2,"",M,59.024,2,"",M,6.000,2,"",N,NaN,,,M,NaN,,,M,NaN,,,M,NaN,,,M,NaN,,,0,NaN,,,0,NaN,,,M,NaN,,,NaN,,,NaN,,,NaN,,
2024-12-12T03:19:48.000Z,10.866,2,"",M,59.024,2,"",M,6.000,2,"",N,NaN,,,M,NaN,,,M,NaN,,,M,NaN,,,M,NaN,,,0,NaN,,,0,NaN,,,M,NaN,,,NaN,,,NaN,,,NaN,,
2024-12-12T03:24:37.000Z,10.866,2,"",M,59.024,2,"",M,6.000,2,"",N,NaN,,,M,NaN,,,M,NaN,,,M,NaN,,,M,NaN,,,0,NaN,,,0,NaN,,,M,NaN,,,NaN,,,NaN,,,NaN,,
2024-12-12T03:26:27.000Z,10.866,2,"",M,59.024,2,"",M,6.000,2,"",N,NaN,,,M,NaN,,,M,NaN,,,M,NaN,,,M,NaN,,,0,NaN,,,0,NaN,,,M,NaN,,,NaN,,,NaN,,,NaN,,
2024-12-12T03:28:16.000Z,10.866,2,"",M,59.024,2,"",M,6.000,2,"",N,NaN,,,M,NaN,,,M,NaN,,,M,NaN,,,M,NaN,,,0,NaN,,,0,NaN,,,M,NaN,,,NaN,,,NaN,,,NaN,,
2024-12-12T03:32:45.000Z,10.864,2,"",M,59.025,2,"",M,6.000,2,"",N,NaN,,,M,NaN,,,M,NaN,,,M,NaN,,,M,NaN,,,0,NaN,,,0,NaN,,,M,NaN,,,NaN,,,NaN,,,NaN,,
2024-12-12T03:34:34.000Z,10.863,2,"",M,59.025,2,"",M,6.000,2,"",N,NaN,,,M,NaN,,,M,NaN,,,M,NaN,,,M,NaN,,,0,NaN,,,0,NaN,,,M,NaN,,,NaN,,,NaN,,,NaN,,
2024-12-12T03:36:23.000Z,10.862,2,"",M,59.026,2,"",M,6.000,2,"",N,NaN,,,M,NaN,,,M,NaN,,,M,NaN,,,M,NaN,,,0,NaN,,,0,NaN,,,M,NaN,,,NaN,,,NaN,,,NaN,,
2024-12-12T03:40:53.000Z,10.861,2,"",M,59.026,2,"",M,6.000,2,"",N,7.301,2,"",M,29.515,2,"",M,NaN,,,M,NaN,,,M,NaN,,,0,439.258,2,"",M,1030.200,2,"",M,NaN,,,NaN,,,443.335,2,"",441.533,2,""
2024-12-12T03:42:42.000Z,10.861,2,"",M,59.026,2,"",M,6.000,2,"",N,7.170,2,"",M,29.279,2,"",M,NaN,,,M,NaN,,,M,NaN,,,0,438.698,2,"",M,1030.200,2,"",M,NaN,,,NaN,,,442.809,2,"",441.005,2,""
2024-12-12T03:44:31.000Z,10.861,2,"",M,59.026,2,"",M,6.000,2,"",N,6.985,2,"",M,28.809,2,"",M,NaN,,,M,NaN,,,M,NaN,,,0,440.560,2,"",M,1030.200,2,"",M,NaN,,,NaN,,,444.743,2,"",442.927,2,""
2024-12-12T03:46:20.000Z,10.861,2,"",M,59.026,2,"",M,6.000,2,"",N,6.853,2,"",M,28.777,2,"",M,NaN,,,M,NaN,,,M,NaN,,,0,436.667,2,"",M,1030.200,2,"",M,NaN,,,NaN,,,440.851,2,"",439.048,2,""
2024-12-12T03:48:09.000Z,10.861,2,"",M,59.026,2,"",M,6.000,2,"",N,7.127,2,"",M,28.826,2,"",M,NaN,,,M,NaN,,,M,NaN,,,0,435.847,2,"",M,1030.200,2,"",M,NaN,,,NaN,,,439.943,2,"",438.150,2,""
2024-12-12T03:53:19.000Z,10.861,2,"",M,59.026,2,"",M,6.000,2,"",N,7.242,2,"",M,29.081,2,"",M,7.550,2,"",M,1030.330,2,"",M,401.755,2,"",M,NaN,,,0,NaN,,,M,399.236,2,"",397.622,2,"",NaN,,,NaN,,
2024-12-12T03:55:11.000Z,10.861,2,"",M,59.026,2,"",M,6.000,2,"",N,7.226,2,"",M,28.932,2,"",M,7.710,2,"",M,1030.500,2,"",M,403.156,2,"",M,NaN,,,0,NaN,,,M,397.677,2,"",396.072,2,"",NaN,,,NaN,,
2024-12-12T03:57:02.000Z,10.861,2,"",M,59.026,2,"",M,6.000,2,"",N,7.220,2,"",M,28.984,2,"",M,7.760,2,"",M,1030.490,2,"",M,404.458,2,"",M,NaN,,,0,NaN,,,M,397.998,2,"",396.393,2,"",NaN,,,NaN,,
2024-12-12T03:58:54.000Z,10.861,2,"",M,59.026,2,"",M,6.000,2,"",N,7.033,2,"",M,29.061,2,"",M,7.790,2,"",M,1030.650,2,"",M,405.449,2,"",M,NaN,,,0,NaN,,,M,395.383,2,"",393.788,2,"",NaN,,,NaN,,
2024-12-12T04:00:45.000Z,10.861,2,"",M,59.026,2,"",M,6.000,2,"",N,7.205,2,"",M,29.077,2,"",M,7.660,2,"",M,1030.550,2,"",M,406.060,2,"",M,NaN,,,0,NaN,,,M,401.070,2,"",399.450,2,"",NaN,,,NaN,,
2024-12-12T04:02:37.000Z,10.861,2,"",M,59.026,2,"",M,6.000,2,"",N,7.265,2,"",M,28.987,2,"",M,7.750,2,"",M,1030.480,2,"",M,406.631,2,"",M,NaN,,,0,NaN,,,M,401.075,2,"",399.458,2,"",NaN,,,NaN,,
2024-12-12T04:04:29.000Z,10.861,2,"",M,59.026,2,"",M,6.000,2,"",N,7.305,2,"",M,28.976,2,"",M,7.750,2,"",M,1030.380,2,"",M,406.171,2,"",M,NaN,,,0,NaN,,,M,401.263,2,"",399.645,2,"",NaN,,,NaN,,
2024-12-12T04:06:20.000Z,10.861,2,"",M,59.026,2,"",M,6.000,2,"",N,6.981,2,"",M,28.970,2,"",M,7.830,2,"",M,1030.590,2,"",M,406.111,2,"",M,NaN,,,0,NaN,,,M,394.455,2,"",392.866,2,"",NaN,,,NaN,,
2024-12-12T04:08:11.000Z,10.861,2,"",M,59.026,2,"",M,6.000,2,"",N,7.025,2,"",M,28.698,2,"",M,7.680,2,"",M,1030.560,2,"",M,406.632,2,"",M,NaN,,,0,NaN,,,M,398.256,2,"",396.648,2,"",NaN,,,NaN,,
2024-12-12T04:10:03.000Z,10.861,2,"",M,59.026,2,"",M,6.000,2,"",N,7.185,2,"",M,28.886,2,"",M,7.600,2,"",M,1030.430,2,"",M,405.732,2,"",M,NaN,,,0,NaN,,,M,401.386,2,"",399.764,2,"",NaN,,,NaN,,
2024-12-12T04:11:54.000Z,10.861,2,"",M,59.026,2,"",M,6.000,2,"",N,7.263,2,"",M,28.934,2,"",M,7.720,2,"",M,1030.240,2,"",M,404.651,2,"",M,NaN,,,0,NaN,,,M,399.511,2,"",397.900,2,"",NaN,,,NaN,,
2024-12-12T04:13:45.000Z,10.861,2,"",M,59.026,2,"",M,6.000,2,"",N,7.136,2,"",M,28.989,2,"",M,7.750,2,"",M,1030.330,2,"",M,405.052,2,"",M,NaN,,,0,NaN,,,M,397.287,2,"",395.685,2,"",NaN,,,NaN,,
2024-12-12T04:15:37.000Z,10.861,2,"",M,59.026,2,"",M,6.000,2,"",N,7.067,2,"",M,28.921,2,"",M,7.780,2,"",M,1030.370,2,"",M,405.923,2,"",M,NaN,,,0,NaN,,,M,396.472,2,"",394.874,2,"",NaN,,,NaN,,
2024-12-12T04:17:28.000Z,10.861,2,"",M,59.026,2,"",M,6.000,2,"",N,7.014,2,"",M,28.890,2,"",M,7.620,2,"",M,1030.280,2,"",M,406.344,2,"",M,NaN,,,0,NaN,,,M,398.706,2,"",397.096,2,"",NaN,,,NaN,,
2024-12-12T04:19:20.000Z,10.861,2,"",M,59.026,2,"",M,6.000,2,"",N,7.340,2,"",M,28.990,2,"",M,7.600,2,"",M,1030.290,2,"",M,405.093,2,"",M,NaN,,,0,NaN,,,M,403.348,2,"",401.719,2,"",NaN,,,NaN,,
2024-12-12T04:21:11.000Z,10.861,2,"",M,59.026,2,"",M,6.000,2,"",N,7.057,2,"",M,29.075,2,"",M,7.790,2,"",M,1030.360,2,"",M,404.402,2,"",M,NaN,,,0,NaN,,,M,394.646,2,"",393.056,2,"",NaN,,,NaN,,
2024-12-12T04:23:23.000Z,10.861,2,"",M,59.026,2,"",M,6.000,2,"",N,7.243,2,"",M,28.968,2,"",M,7.710,2,"",M,1030.560,2,"",M,406.435,2,"",M,NaN,,,0,NaN,,,M,401.221,2,"",399.601,2,"",NaN,,,NaN,,
2024-12-12T04:25:15.000Z,10.862,2,"",M,59.026,2,"",M,6.000,2,"",N,7.242,2,"",M,29.012,2,"",M,7.800,2,"",M,1030.470,2,"",M,406.605,2,"",M,NaN,,,0,NaN,,,M,399.794,2,"",398.182,2,"",NaN,,,NaN,,
2024-12-12T04:27:06.000Z,10.862,2,"",M,59.026,2,"",M,6.000,2,"",N,7.235,2,"",M,29.035,2,"",M,7.790,2,"",M,1030.330,2,"",M,406.155,2,"",M,NaN,,,0,NaN,,,M,399.353,2,"",397.743,2,"",NaN,,,NaN,,
2024-12-12T04:28:58.000Z,10.862,2,"",M,59.025,2,"",M,6.000,2,"",N,7.287,2,"",M,29.032,2,"",M,7.800,2,"",M,1030.260,2,"",M,406.215,2,"",M,NaN,,,0,NaN,,,M,400.093,2,"",398.481,2,"",NaN,,,NaN,,
2024-12-12T04:30:49.000Z,10.862,2,"",M,59.025,2,"",M,6.000,2,"",N,7.192,2,"",M,29.028,2,"",M,7.810,2,"",M,1030.400,2,"",M,406.566,2,"",M,NaN,,,0,NaN,,,M,398.709,2,"",397.102,2,"",NaN,,,NaN,,
2024-12-12T04:32:40.000Z,10.863,2,"",M,59.025,2,"",M,6.000,2,"",N,7.195,2,"",M,29.067,2,"",M,7.790,2,"",M,1030.370,2,"",M,406.657,2,"",M,NaN,,,0,NaN,,,M,399.186,2,"",397.577,2,"",NaN,,,NaN,,
2024-12-12T04:34:32.000Z,10.863,2,"",M,59.025,2,"",M,6.000,2,"",N,7.272,2,"",M,29.073,2,"",M,7.780,2,"",M,1030.260,2,"",M,406.507,2,"",M,NaN,,,0,NaN,,,M,400.456,2,"",398.842,2,"",NaN,,,NaN,,
2024-12-12T04:36:23.000Z,10.863,2,"",M,59.025,2,"",M,6.000,2,"",N,7.309,2,"",M,29.096,2,"",M,7.840,2,"",M,1030.160,2,"",M,406.347,2,"",M,NaN,,,0,NaN,,,M,399.860,2,"",398.249,2,"",NaN,,,NaN,,
2024-12-12T04:38:15.000Z,10.863,2,"",M,59.025,2,"",M,6.000,2,"",N,7.250,2,"",M,29.157,2,"",M,7.860,2,"",M,1030.180,2,"",M,406.728,2,"",M,NaN,,,0,NaN,,,M,398.906,2,"",397.300,2,"",NaN,,,NaN,,
2024-12-12T04:40:07.000Z,10.864,2,"",M,59.025,2,"",M,6.000,2,"",N,7.253,2,"",M,28.952,2,"",M,7.870,2,"",M,1030.250,2,"",M,407.759,2,"",M,NaN,,,0,NaN,,,M,399.813,2,"",398.203,2,"",NaN,,,NaN,,
2024-12-12T04:41:58.000Z,10.864,2,"",M,59.025,2,"",M,6.000,2,"",N,7.338,2,"",M,29.125,2,"",M,7.790,2,"",M,1030.220,2,"",M,407.779,2,"",M,NaN,,,0,NaN,,,M,402.657,2,"",401.034,2,"",NaN,,,NaN,,
2024-12-12T04:43:50.000Z,10.864,2,"",M,59.025,2,"",M,6.000,2,"",N,7.304,2,"",M,29.124,2,"",M,7.900,2,"",M,1030.350,2,"",M,407.209,2,"",M,NaN,,,0,NaN,,,M,399.660,2,"",398.051,2,"",NaN,,,NaN,,
2024-12-12T04:45:41.000Z,10.864,2,"",M,59.025,2,"",M,6.000,2,"",N,7.316,2,"",M,29.111,2,"",M,7.880,2,"",M,1030.320,2,"",M,408.000,2,"",M,NaN,,,0,NaN,,,M,400.980,2,"",399.366,2,"",NaN,,,NaN,,
2024-12-12T04:47:33.000Z,10.864,2,"",M,59.025,2,"",M,6.000,2,"",N,7.283,2,"",M,29.163,2,"",M,7.890,2,"",M,1030.460,2,"",M,407.840,2,"",M,NaN,,,0,NaN,,,M,400.141,2,"",398.530,2,"",NaN,,,NaN,,
2024-12-12T04:49:24.000Z,10.864,2,"",M,59.025,2,"",M,6.000,2,"",N,7.277,2,"",M,29.158,2,"",M,7.900,2,"",M,1030.550,2,"",M,408.371,2,"",M,NaN,,,0,NaN,,,M,400.432,2,"",398.820,2,"",NaN,,,NaN,,
2024-12-12T04:51:15.000Z,10.864,2,"",M,59.025,2,"",M,6.000,2,"",N,7.255,2,"",M,29.160,2,"",M,7.860,2,"",M,1030.460,2,"",M,408.171,2,"",M,NaN,,,0,NaN,,,M,400.515,2,"",398.902,2,"",NaN,,,NaN,,
2024-12-12T04:53:07.000Z,10.865,2,"",M,59.025,2,"",M,6.000,2,"",N,7.331,2,"",M,29.139,2,"",M,7.860,2,"",M,1030.390,2,"",M,408.192,2,"",M,NaN,,,0,NaN,,,M,401.800,2,"",400.182,2,"",NaN,,,NaN,,
2024-12-12T04:54:58.000Z,10.865,2,"",M,59.025,2,"",M,6.000,2,"",N,7.320,2,"",M,29.201,2,"",M,7.900,2,"",M,1030.340,2,"",M,407.602,2,"",M,NaN,,,0,NaN,,,M,400.316,2,"",398.705,2,"",NaN,,,NaN,,
2024-12-12T04:56:49.000Z,10.865,2,"",M,59.025,2,"",M,6.000,2,"",N,7.263,2,"",M,29.141,2,"",M,7.920,2,"",M,1030.430,2,"",M,408.072,2,"",M,NaN,,,0,NaN,,,M,399.514,2,"",397.906,2,"",NaN,,,NaN,,
2024-12-12T04:58:41.000Z,10.865,2,"",M,59.024,2,"",M,6.000,2,"",N,7.291,2,"",M,29.089,2,"",M,7.880,2,"",M,1030.430,2,"",M,408.513,2,"",M,NaN,,,0,NaN,,,M,401.096,2,"",399.481,2,"",NaN,,,NaN,,
2024-12-12T05:00:32.000Z,10.865,2,"",M,59.024,2,"",M,6.000,2,"",N,7.263,2,"",M,29.119,2,"",M,7.850,2,"",M,1030.350,2,"",M,408.023,2,"",M,NaN,,,0,NaN,,,M,400.638,2,"",399.024,2,"",NaN,,,NaN,,
2024-12-12T05:02:23.000Z,10.866,2,"",M,59.024,2,"",M,6.000,2,"",N,7.244,2,"",M,29.113,2,"",M,7.820,2,"",M,1030.230,2,"",M,407.943,2,"",M,NaN,,,0,NaN,,,M,400.696,2,"",399.082,2,"",NaN,,,NaN,,
2024-12-12T05:04:15.000Z,10.866,2,"",M,59.024,2,"",M,6.000,2,"",N,7.313,2,"",M,29.182,2,"",M,7.830,2,"",M,1030.390,2,"",M,407.874,2,"",M,NaN,,,0,NaN,,,M,401.697,2,"",400.078,2,"",NaN,,,NaN,,
2024-12-12T05:06:07.000Z,10.866,2,"",M,59.024,2,"",M,6.000,2,"",N,6.978,2,"",M,29.157,2,"",M,7.890,2,"",M,1030.350,2,"",M,408.244,2,"",M,NaN,,,0,NaN,,,M,395.365,2,"",393.774,2,"",NaN,,,NaN,,
2024-12-12T05:07:59.000Z,10.866,2,"",M,59.024,2,"",M,6.000,2,"",N,6.966,2,"",M,28.438,2,"",M,7.680,2,"",M,1030.500,2,"",M,408.785,2,"",M,NaN,,,0,NaN,,,M,399.335,2,"",397.723,2,"",NaN,,,NaN,,
2024-12-12T05:09:50.000Z,10.866,2,"",M,59.024,2,"",M,6.000,2,"",N,6.989,2,"",M,28.736,2,"",M,7.500,2,"",M,1030.420,2,"",M,406.133,2,"",M,NaN,,,0,NaN,,,M,400.183,2,"",398.564,2,"",NaN,,,NaN,,
2024-12-12T05:11:42.000Z,10.866,2,"",M,59.024,2,"",M,6.000,2,"",N,7.005,2,"",M,28.671,2,"",M,7.590,2,"",M,1030.510,2,"",M,403.360,2,"",M,NaN,,,0,NaN,,,M,396.222,2,"",394.620,2,"",NaN,,,NaN,,
2024-12-12T05:13:33.000Z,10.866,2,"",M,59.024,2,"",M,6.000,2,"",N,7.002,2,"",M,28.724,2,"",M,7.590,2,"",M,1030.600,2,"",M,403.511,2,"",M,NaN,,,0,NaN,,,M,396.359,2,"",394.757,2,"",NaN,,,NaN,,
2024-12-12T05:15:24.000Z,10.866,2,"",M,59.024,2,"",M,6.000,2,"",N,7.029,2,"",M,28.751,2,"",M,7.580,2,"",M,1030.580,2,"",M,403.721,2,"",M,NaN,,,0,NaN,,,M,397.170,2,"",395.565,2,"",NaN,,,NaN,,
2024-12-12T05:17:16.000Z,10.866,2,"",M,59.024,2,"",M,6.000,2,"",N,7.025,2,"",M,28.857,2,"",M,7.610,2,"",M,1030.500,2,"",M,403.511,2,"",M,NaN,,,0,NaN,,,M,396.365,2,"",394.763,2,"",NaN,,,NaN,,
2024-12-12T05:19:07.000Z,10.866,2,"",M,59.024,2,"",M,6.000,2,"",N,6.741,2,"",M,28.894,2,"",M,7.600,2,"",M,1030.260,2,"",M,403.962,2,"",M,NaN,,,0,NaN,,,M,392.134,2,"",390.550,2,"",NaN,,,NaN,,
2024-12-12T05:20:59.000Z,10.864,2,"",M,59.025,2,"",M,6.000,2,"",N,6.309,2,"",I,27.832,2,"",M,7.179,2,"",I,1030.630,2,"",M,404.343,2,"",M,NaN,,,0,NaN,,,M,392.574,2,"",390.979,2,"",NaN,,,NaN,,
2024-12-12T05:23:12.000Z,10.858,2,"",M,59.026,2,"",M,6.000,2,"",N,5.797,2,"",M,27.566,2,"",M,6.680,2,"",M,1030.620,2,"",M,401.820,2,"",M,NaN,,,0,NaN,,,M,390.035,2,"",388.439,2,"",NaN,,,NaN,,
2024-12-12T05:25:03.000Z,10.852,2,"",M,59.028,2,"",M,6.000,2,"",N,6.219,2,"",M,27.805,2,"",M,6.430,2,"",M,1030.520,2,"",M,396.025,2,"",M,NaN,,,0,NaN,,,M,395.527,2,"",393.904,2,"",NaN,,,NaN,,
2024-12-12T05:26:54.000Z,10.846,2,"",M,59.029,2,"",M,6.000,2,"",N,6.534,2,"",M,28.121,2,"",M,6.800,2,"",M,1030.400,2,"",M,394.714,2,"",M,NaN,,,0,NaN,,,M,393.163,2,"",391.558,2,"",NaN,,,NaN,,
2024-12-12T05:28:46.000Z,10.840,2,"",M,59.031,2,"",M,6.000,2,"",N,6.237,2,"",M,28.135,2,"",M,7.130,2,"",M,1030.560,2,"",M,399.229,2,"",M,NaN,,,0,NaN,,,M,387.216,2,"",385.641,2,"",NaN,,,NaN,,
2024-12-12T05:30:37.000Z,10.834,2,"",M,59.033,2,"",M,6.000,2,"",N,6.000,2,"",M,27.928,2,"",M,6.890,2,"",M,1030.640,2,"",M,403.564,2,"",M,NaN,,,0,NaN,,,M,391.574,2,"",389.976,2,"",NaN,,,NaN,,
2024-12-12T05:32:28.000Z,10.827,2,"",M,59.035,2,"",M,6.000,2,"",N,6.391,2,"",M,27.881,2,"",M,6.700,2,"",M,1030.520,2,"",M,402.493,2,"",M,NaN,,,0,NaN,,,M,400.256,2,"",398.619,2,"",NaN,,,NaN,,
2024-12-12T05:34:20.000Z,10.820,2,"",M,59.038,2,"",M,6.000,2,"",N,5.957,2,"",M,28.227,2,"",M,6.720,2,"",M,1030.360,2,"",M,401.292,2,"",M,NaN,,,0,NaN,,,M,391.396,2,"",389.796,2,"",NaN,,,NaN,,
2024-12-12T05:36:11.000Z,10.813,2,"",M,59.040,2,"",M,6.000,2,"",N,5.784,2,"",I,27.814,2,"",M,6.581,2,"",I,1030.290,2,"",M,404.626,2,"",M,NaN,,,0,NaN,,,M,394.095,2,"",392.481,2,"",NaN,,,NaN,,
2024-12-12T05:38:03.000Z,10.805,2,"",M,59.043,2,"",M,6.000,2,"",N,5.609,2,"",M,27.617,2,"",M,6.440,2,"",M,1030.440,2,"",M,406.358,2,"",M,NaN,,,0,NaN,,,M,395.308,2,"",393.686,2,"",NaN,,,NaN,,
2024-12-12T05:39:54.000Z,10.797,2,"",M,59.046,2,"",M,6.000,2,"",N,5.921,2,"",M,27.750,2,"",M,6.260,2,"",M,1030.350,2,"",M,400.282,2,"",M,NaN,,,0,NaN,,,M,397.592,2,"",395.957,2,"",NaN,,,NaN,,
2024-12-12T05:41:45.000Z,10.789,2,"",M,59.049,2,"",M,6.000,2,"",N,5.774,2,"",M,27.741,2,"",M,6.490,2,"",M,1030.500,2,"",M,396.458,2,"",M,NaN,,,0,NaN,,,M,387.564,2,"",385.974,2,"",NaN,,,NaN,,
2024-12-12T05:43:37.000Z,10.780,2,"",M,59.052,2,"",M,6.000,2,"",N,5.744,2,"",M,27.748,2,"",M,6.380,2,"",M,1030.370,2,"",M,398.070,2,"",M,NaN,,,0,NaN,,,M,390.436,2,"",388.833,2,"",NaN,,,NaN,,
2024-12-12T05:45:28.000Z,10.772,2,"",M,59.054,2,"",M,6.000,2,"",N,5.652,2,"",M,27.630,2,"",M,6.380,2,"",M,1030.530,2,"",M,398.240,2,"",M,NaN,,,0,NaN,,,M,389.152,2,"",387.554,2,"",NaN,,,NaN,,
2024-12-12T05:47:19.000Z,10.764,2,"",M,59.057,2,"",M,6.000,2,"",N,5.623,2,"",M,27.499,2,"",M,6.340,2,"",M,1030.590,2,"",M,397.370,2,"",M,NaN,,,0,NaN,,,M,388.504,2,"",386.907,2,"",NaN,,,NaN,,
2024-12-12T05:49:11.000Z,10.755,2,"",M,59.060,2,"",M,6.000,2,"",N,5.775,2,"",M,27.402,2,"",M,6.200,2,"",M,1030.590,2,"",M,395.148,2,"",M,NaN,,,0,NaN,,,M,391.171,2,"",389.561,2,"",NaN,,,NaN,,
2024-12-12T05:51:02.000Z,10.747,2,"",M,59.063,2,"",M,6.000,2,"",N,5.796,2,"",M,27.877,2,"",M,6.190,2,"",M,1030.550,2,"",M,392.635,2,"",M,NaN,,,0,NaN,,,M,389.186,2,"",387.584,2,"",NaN,,,NaN,,
2024-12-12T05:52:53.000Z,10.739,2,"",M,59.066,2,"",M,6.000,2,"",N,5.726,2,"",M,27.562,2,"",M,6.520,2,"",M,1030.290,2,"",M,393.707,2,"",M,NaN,,,0,NaN,,,M,383.517,2,"",381.946,2,"",NaN,,,NaN,,
2024-12-12T05:54:46.000Z,10.730,2,"",M,59.069,2,"",M,6.000,2,"",N,5.849,2,"",M,27.615,2,"",M,6.320,2,"",M,1030.650,2,"",M,396.120,2,"",M,NaN,,,0,NaN,,,M,391.365,2,"",389.757,2,"",NaN,,,NaN,,
2024-12-12T05:56:37.000Z,10.722,2,"",M,59.072,2,"",M,6.000,2,"",N,6.259,2,"",M,27.713,2,"",M,6.470,2,"",M,1030.590,2,"",M,394.899,2,"",M,NaN,,,0,NaN,,,M,394.413,2,"",392.795,2,"",NaN,,,NaN,,
2024-12-12T05:58:28.000Z,10.714,2,"",M,59.075,2,"",M,6.000,2,"",N,5.759,2,"",M,27.937,2,"",M,6.650,2,"",M,1030.420,2,"",M,394.358,2,"",M,NaN,,,0,NaN,,,M,382.606,2,"",381.041,2,"",NaN,,,NaN,,
2024-12-12T06:00:20.000Z,10.705,2,"",M,59.078,2,"",M,6.000,2,"",N,5.823,2,"",I,27.365,2,"",M,6.409,2,"",I,1030.270,2,"",M,396.151,2,"",M,NaN,,,0,NaN,,,M,389.333,2,"",387.735,2,"",NaN,,,NaN,,
2024-12-12T06:02:11.000Z,10.697,2,"",M,59.081,2,"",M,6.000,2,"",N,5.886,2,"",M,27.298,2,"",M,6.170,2,"",M,1030.690,2,"",M,396.772,2,"",M,NaN,,,0,NaN,,,M,395.178,2,"",393.550,2,"",NaN,,,NaN,,
2024-12-12T06:04:02.000Z,10.688,2,"",M,59.084,2,"",M,6.000,2,"",N,6.073,2,"",M,27.562,2,"",M,6.480,2,"",M,1030.690,2,"",M,395.471,2,"",M,NaN,,,0,NaN,,,M,391.759,2,"",390.153,2,"",NaN,,,NaN,,
2024-12-12T06:05:54.000Z,10.680,2,"",M,59.087,2,"",M,6.000,2,"",N,5.989,2,"",M,27.490,2,"",M,6.610,2,"",M,1030.560,2,"",M,399.535,2,"",M,NaN,,,0,NaN,,,M,392.135,2,"",390.530,2,"",NaN,,,NaN,,
2024-12-12T06:07:45.000Z,10.671,2,"",M,59.090,2,"",M,6.000,2,"",N,5.849,2,"",M,27.526,2,"",M,6.580,2,"",M,1030.500,2,"",M,403.690,2,"",M,NaN,,,0,NaN,,,M,394.359,2,"",392.744,2,"",NaN,,,NaN,,
2024-12-12T06:09:37.000Z,10.663,2,"",M,59.093,2,"",M,6.000,2,"",N,5.541,2,"",M,27.272,2,"",M,6.510,2,"",M,1030.620,2,"",M,402.339,2,"",M,NaN,,,0,NaN,,,M,389.167,2,"",387.572,2,"",NaN,,,NaN,,
2024-12-12T06:11:29.000Z,10.654,2,"",M,59.096,2,"",M,6.000,2,"",N,5.654,2,"",M,27.284,2,"",M,6.220,2,"",M,1030.730,2,"",M,401.629,2,"",M,NaN,,,0,NaN,,,M,395.269,2,"",393.642,2,"",NaN,,,NaN,,
2024-12-12T06:13:21.000Z,10.646,2,"",M,59.099,2,"",M,6.000,2,"",N,5.678,2,"",M,27.263,2,"",M,6.140,2,"",M,1030.650,2,"",M,399.557,2,"",M,NaN,,,0,NaN,,,M,394.956,2,"",393.329,2,"",NaN,,,NaN,,
2024-12-12T06:15:12.000Z,10.639,2,"",M,59.102,2,"",M,6.000,2,"",N,5.825,2,"",M,27.160,2,"",M,6.330,2,"",M,1030.540,2,"",M,398.286,2,"",M,NaN,,,0,NaN,,,M,392.895,2,"",391.280,2,"",NaN,,,NaN,,
2024-12-12T06:17:03.000Z,10.631,2,"",M,59.106,2,"",M,6.000,2,"",N,5.826,2,"",M,27.162,2,"",M,6.410,2,"",M,1030.480,2,"",M,400.358,2,"",M,NaN,,,0,NaN,,,M,393.587,2,"",391.972,2,"",NaN,,,NaN,,
2024-12-12T06:18:55.000Z,10.624,2,"",M,59.109,2,"",M,6.000,2,"",N,5.790,2,"",M,27.167,2,"",M,6.450,2,"",M,1030.660,2,"",M,401.440,2,"",M,NaN,,,0,NaN,,,M,393.439,2,"",391.824,2,"",NaN,,,NaN,,
2024-12-12T06:20:46.000Z,10.617,2,"",M,59.113,2,"",M,6.000,2,"",N,5.667,2,"",M,27.164,2,"",M,6.430,2,"",M,1030.730,2,"",M,402.151,2,"",M,NaN,,,0,NaN,,,M,392.450,2,"",390.840,2,"",NaN,,,NaN,,
2024-12-12T06:22:37.000Z,10.609,2,"",M,59.117,2,"",M,6.000,2,"",N,5.575,2,"",M,27.047,2,"",M,6.290,2,"",M,1030.810,2,"",M,401.180,2,"",M,NaN,,,0,NaN,,,M,392.368,2,"",390.754,2,"",NaN,,,NaN,,
2024-12-12T06:24:50.000Z,10.601,2,"",M,59.121,2,"",M,6.000,2,"",N,5.521,2,"",M,27.038,2,"",M,6.190,2,"",M,1030.730,2,"",M,397.787,2,"",M,NaN,,,0,NaN,,,M,389.804,2,"",388.199,2,"",NaN,,,NaN,,
2024-12-12T06:26:41.000Z,10.593,2,"",M,59.125,2,"",M,6.000,2,"",N,5.408,2,"",M,26.964,2,"",M,6.180,2,"",M,1030.910,2,"",M,395.785,2,"",M,NaN,,,0,NaN,,,M,386.230,2,"",384.639,2,"",NaN,,,NaN,,
2024-12-12T06:28:32.000Z,10.586,2,"",M,59.129,2,"",M,6.000,2,"",N,5.424,2,"",M,26.945,2,"",M,6.070,2,"",M,1031.050,2,"",M,394.924,2,"",M,NaN,,,0,NaN,,,M,387.526,2,"",385.927,2,"",NaN,,,NaN,,
2024-12-12T06:30:24.000Z,10.578,2,"",M,59.131,2,"",M,6.000,2,"",N,5.474,2,"",M,26.968,2,"",M,6.020,2,"",M,1030.820,2,"",M,394.414,2,"",M,NaN,,,0,NaN,,,M,388.592,2,"",386.988,2,"",NaN,,,NaN,,
2024-12-12T06:32:15.000Z,10.573,2,"",M,59.133,2,"",M,6.000,2,"",N,5.457,2,"",M,27.013,2,"",M,6.060,2,"",M,1030.660,2,"",M,393.062,2,"",M,NaN,,,0,NaN,,,M,386.256,2,"",384.662,2,"",NaN,,,NaN,,
2024-12-12T06:34:06.000Z,10.569,2,"",M,59.134,2,"",M,6.000,2,"",N,5.369,2,"",M,26.987,2,"",M,6.100,2,"",M,1030.600,2,"",M,391.731,2,"",M,NaN,,,0,NaN,,,M,382.832,2,"",381.254,2,"",NaN,,,NaN,,
2024-12-12T06:35:58.000Z,10.566,2,"",M,59.135,2,"",M,6.000,2,"",N,5.582,2,"",M,27.105,2,"",M,6.050,2,"",M,1031.130,2,"",M,390.550,2,"",M,NaN,,,0,NaN,,,M,386.164,2,"",384.570,2,"",NaN,,,NaN,,
2024-12-12T06:37:49.000Z,10.565,2,"",M,59.135,2,"",M,6.000,2,"",N,5.575,2,"",M,27.044,2,"",M,6.190,2,"",M,1031.055,2,"",M,389.920,2,"",M,NaN,,,0,NaN,,,M,383.080,2,"",381.502,2,"",NaN,,,NaN,,
2024-12-12T06:39:41.000Z,10.565,2,"",M,59.135,2,"",M,6.000,2,"",N,5.589,2,"",M,27.097,2,"",M,6.150,2,"",M,1030.930,2,"",M,388.568,2,"",M,NaN,,,0,NaN,,,M,382.588,2,"",381.012,2,"",NaN,,,NaN,,
2024-12-12T06:41:33.000Z,10.565,2,"",M,59.135,2,"",M,6.000,2,"",N,5.575,2,"",M,27.243,2,"",M,6.150,2,"",M,1030.760,2,"",M,388.319,2,"",M,NaN,,,0,NaN,,,M,382.054,2,"",380.480,2,"",NaN,,,NaN,,
2024-12-12T06:43:24.000Z,10.565,2,"",M,59.135,2,"",M,6.000,2,"",N,5.557,2,"",M,27.117,2,"",M,6.210,2,"",M,1030.960,2,"",M,388.279,2,"",M,NaN,,,0,NaN,,,M,380.826,2,"",379.258,2,"",NaN,,,NaN,,
2024-12-12T06:45:16.000Z,10.565,2,"",M,59.135,2,"",M,6.000,2,"",N,5.606,2,"",M,27.156,2,"",M,6.190,2,"",M,1030.980,2,"",M,388.179,2,"",M,NaN,,,0,NaN,,,M,381.852,2,"",380.280,2,"",NaN,,,NaN,,
2024-12-12T06:47:07.000Z,10.565,2,"",M,59.135,2,"",M,6.000,2,"",N,5.585,2,"",M,27.223,2,"",M,6.210,2,"",M,1030.740,2,"",M,388.379,2,"",M,NaN,,,0,NaN,,,M,381.297,2,"",379.727,2,"",NaN,,,NaN,,
2024-12-12T06:48:58.000Z,10.565,2,"",M,59.135,2,"",M,6.000,2,"",N,5.557,2,"",I,27.171,2,"",I,6.210,2,"",M,1030.570,2,"",M,388.350,2,"",M,NaN,,,0,NaN,,,M,380.752,2,"",379.185,2,"",NaN,,,NaN,,
2024-12-12T06:50:50.000Z,10.565,2,"",M,59.135,2,"",M,6.000,2,"",N,5.529,2,"",M,27.118,2,"",M,6.180,2,"",M,1030.600,2,"",M,388.070,2,"",M,NaN,,,0,NaN,,,M,380.524,2,"",378.957,2,"",NaN,,,NaN,,
2024-12-12T06:52:41.000Z,10.565,2,"",M,59.135,2,"",M,6.000,2,"",N,5.521,2,"",M,27.123,2,"",M,6.170,2,"",M,1030.740,2,"",M,388.150,2,"",M,NaN,,,0,NaN,,,M,380.687,2,"",379.119,2,"",NaN,,,NaN,,
2024-12-12T06:54:32.000Z,10.565,2,"",M,59.135,2,"",M,6.000,2,"",N,5.586,2,"",M,27.199,2,"",M,6.160,2,"",M,1030.570,2,"",M,388.130,2,"",M,NaN,,,0,NaN,,,M,381.820,2,"",380.247,2,"",NaN,,,NaN,,
2024-12-12T06:56:24.000Z,10.565,2,"",M,59.135,2,"",M,6.000,2,"",N,5.572,2,"",M,27.153,2,"",M,6.200,2,"",M,1030.530,2,"",M,388.031,2,"",M,NaN,,,0,NaN,,,M,380.817,2,"",379.249,2,"",NaN,,,NaN,,
2024-12-12T06:58:15.000Z,10.565,2,"",M,59.135,2,"",M,6.000,2,"",N,5.648,2,"",M,27.270,2,"",M,6.180,2,"",M,1030.630,2,"",M,387.941,2,"",M,NaN,,,0,NaN,,,M,382.330,2,"",380.756,2,"",NaN,,,NaN,,
2024-12-12T07:02:44.000Z,10.565,2,"",M,59.135,2,"",M,6.000,2,"",N,NaN,,,M,NaN,,,M,NaN,,,M,NaN,,,M,NaN,,,0,NaN,,,0,NaN,,,M,NaN,,,NaN,,,NaN,,,NaN,,
2024-12-12T07:04:33.000Z,10.564,2,"",M,59.135,2,"",M,6.000,2,"",N,NaN,,,M,NaN,,,M,NaN,,,M,NaN,,,M,NaN,,,0,NaN,,,0,NaN,,,M,NaN,,,NaN,,,NaN,,,NaN,,
2024-12-12T07:06:22.000Z,10.564,2,"",M,59.134,2,"",M,6.000,2,"",N,NaN,,,M,NaN,,,M,NaN,,,M,NaN,,,M,NaN,,,0,NaN,,,0,NaN,,,M,NaN,,,NaN,,,NaN,,,NaN,,
2024-12-12T07:10:51.000Z,10.563,2,"",M,59.133,2,"",M,6.000,2,"",N,NaN,,,M,NaN,,,M,NaN,,,M,NaN,,,M,NaN,,,0,NaN,,,0,NaN,,,M,NaN,,,NaN,,,NaN,,,NaN,,
2024-12-12T07:12:40.000Z,10.562,2,"",M,59.133,2,"",M,6.000,2,"",N,NaN,,,M,NaN,,,M,NaN,,,M,NaN,,,M,NaN,,,0,NaN,,,0,NaN,,,M,NaN,,,NaN,,,NaN,,,NaN,,
2024-12-12T07:14:30.000Z,10.562,2,"",M,59.132,2,"",M,6.000,2,"",N,NaN,,,M,NaN,,,M,NaN,,,M,NaN,,,M,NaN,,,0,NaN,,,0,NaN,,,M,NaN,,,NaN,,,NaN,,,NaN,,
2024-12-12T07:18:59.000Z,10.561,2,"",M,59.131,2,"",M,6.000,2,"",N,NaN,,,M,NaN,,,M,NaN,,,M,NaN,,,M,NaN,,,0,NaN,,,0,NaN,,,M,NaN,,,NaN,,,NaN,,,NaN,,
2024-12-12T07:20:49.000Z,10.560,2,"",M,59.131,2,"",M,6.000,2,"",N,NaN,,,M,NaN,,,M,NaN,,,M,NaN,,,M,NaN,,,0,NaN,,,0,NaN,,,M,NaN,,,NaN,,,NaN,,,NaN,,
2024-12-12T07:22:38.000Z,10.560,2,"",M,59.130,2,"",M,6.000,2,"",N,NaN,,,M,NaN,,,M,NaN,,,M,NaN,,,M,NaN,,,0,NaN,,,0,NaN,,,M,NaN,,,NaN,,,NaN,,,NaN,,
2024-12-12T07:27:28.000Z,10.558,2,"",M,59.129,2,"",M,6.000,2,"",N,5.332,2,"",M,26.997,2,"",M,NaN,,,M,NaN,,,M,NaN,,,0,443.331,2,"",M,1030.800,2,"",M,NaN,,,NaN,,,448.270,2,"",446.399,2,""
2024-12-12T07:29:17.000Z,10.558,2,"",M,59.129,2,"",M,6.000,2,"",N,5.504,2,"",I,27.164,2,"",I,NaN,,,M,NaN,,,M,NaN,,,0,442.869,2,"",M,1030.800,2,"",M,NaN,,,NaN,,,447.757,2,"",445.892,2,""
2024-12-12T07:31:06.000Z,10.558,2,"",M,59.129,2,"",M,6.000,2,"",N,5.676,2,"",M,27.332,2,"",M,NaN,,,M,NaN,,,M,NaN,,,0,442.818,2,"",M,1030.800,2,"",M,NaN,,,NaN,,,447.659,2,"",445.798,2,""
2024-12-12T07:32:55.000Z,10.558,2,"",M,59.129,2,"",M,6.000,2,"",N,5.707,2,"",M,27.410,2,"",M,NaN,,,M,NaN,,,M,NaN,,,0,442.887,2,"",M,1030.900,2,"",M,NaN,,,NaN,,,447.764,2,"",445.904,2,""
2024-12-12T07:34:44.000Z,10.558,2,"",M,59.129,2,"",M,6.000,2,"",N,5.654,2,"",M,27.429,2,"",M,NaN,,,M,NaN,,,M,NaN,,,0,443.547,2,"",M,1030.900,2,"",M,NaN,,,NaN,,,448.445,2,"",446.581,2,""
2024-12-12T07:39:54.000Z,10.558,2,"",M,59.129,2,"",M,6.000,2,"",N,5.599,2,"",M,27.292,2,"",M,6.300,2,"",M,1031.250,2,"",M,387.940,2,"",M,NaN,,,0,NaN,,,M,379.803,2,"",378.241,2,"",NaN,,,NaN,,
2024-12-12T07:41:46.000Z,10.559,2,"",M,59.130,2,"",M,6.000,2,"",N,5.705,2,"",M,27.275,2,"",M,6.240,2,"",M,1031.300,2,"",M,388.339,2,"",M,NaN,,,0,NaN,,,M,382.911,2,"",381.335,2,"",NaN,,,NaN,,
2024-12-12T07:43:37.000Z,10.559,2,"",M,59.130,2,"",M,6.000,2,"",N,5.394,2,"",M,27.068,2,"",M,6.310,2,"",M,1031.240,2,"",M,388.348,2,"",M,NaN,,,0,NaN,,,M,376.758,2,"",375.209,2,"",NaN,,,NaN,,
2024-12-12T07:45:29.000Z,10.561,2,"",M,59.129,2,"",M,6.000,2,"",N,5.449,2,"",M,27.165,2,"",M,6.090,2,"",M,1031.340,2,"",M,387.997,2,"",M,NaN,,,0,NaN,,,M,380.907,2,"",379.335,2,"",NaN,,,NaN,,
2024-12-12T07:47:20.000Z,10.561,2,"",M,59.127,2,"",M,6.000,2,"",N,5.481,2,"",M,27.144,2,"",M,6.090,2,"",M,1031.280,2,"",M,387.185,2,"",M,NaN,,,0,NaN,,,M,380.611,2,"",379.041,2,"",NaN,,,NaN,,
2024-12-12T07:49:11.000Z,10.561,2,"",M,59.125,2,"",M,6.000,2,"",N,5.425,2,"",M,27.146,2,"",M,6.140,2,"",M,1031.670,2,"",M,387.354,2,"",M,NaN,,,0,NaN,,,M,379.195,2,"",377.631,2,"",NaN,,,NaN,,
2024-12-12T07:51:03.000Z,10.561,2,"",M,59.123,2,"",M,6.000,2,"",N,5.533,2,"",M,27.169,2,"",M,6.100,2,"",M,1031.590,2,"",M,388.495,2,"",M,NaN,,,0,NaN,,,M,382.679,2,"",381.100,2,"",NaN,,,NaN,,
2024-12-12T07:52:54.000Z,10.560,2,"",M,59.121,2,"",M,6.000,2,"",N,5.645,2,"",M,27.282,2,"",M,6.140,2,"",M,1031.440,2,"",M,389.305,2,"",M,NaN,,,0,NaN,,,M,384.579,2,"",382.994,2,"",NaN,,,NaN,,
2024-12-12T07:54:45.000Z,10.559,2,"",M,59.120,2,"",M,6.000,2,"",N,5.712,2,"",M,27.348,2,"",M,6.190,2,"",M,1031.350,2,"",M,389.704,2,"",M,NaN,,,0,NaN,,,M,385.217,2,"",383.630,2,"",NaN,,,NaN,,
2024-12-12T07:56:37.000Z,10.559,2,"",M,59.119,2,"",M,6.000,2,"",N,5.718,2,"",M,27.266,2,"",M,6.320,2,"",M,1031.770,2,"",M,389.543,2,"",M,NaN,,,0,NaN,,,M,383.160,2,"",381.584,2,"",NaN,,,NaN,,
2024-12-12T07:58:28.000Z,10.559,2,"",M,59.119,2,"",M,6.000,2,"",N,5.766,2,"",M,27.527,2,"",M,6.260,2,"",M,1031.670,2,"",M,389.873,2,"",M,NaN,,,0,NaN,,,M,385.216,2,"",383.630,2,"",NaN,,,NaN,,
2024-12-12T08:00:20.000Z,10.559,2,"",M,59.119,2,"",M,6.000,2,"",N,5.776,2,"",M,27.516,2,"",M,6.360,2,"",M,1031.500,2,"",M,389.742,2,"",M,NaN,,,0,NaN,,,M,383.532,2,"",381.955,2,"",NaN,,,NaN,,
2024-12-12T08:02:12.000Z,10.559,2,"",M,59.119,2,"",M,6.000,2,"",N,5.513,2,"",M,27.519,2,"",M,6.360,2,"",M,1031.360,2,"",M,389.160,2,"",M,NaN,,,0,NaN,,,M,378.675,2,"",377.118,2,"",NaN,,,NaN,,
2024-12-12T08:04:04.000Z,10.559,2,"",M,59.119,2,"",M,6.000,2,"",N,5.664,2,"",M,27.151,2,"",M,6.260,2,"",M,1031.560,2,"",M,388.849,2,"",M,NaN,,,0,NaN,,,M,382.519,2,"",380.944,2,"",NaN,,,NaN,,
2024-12-12T08:05:55.000Z,10.559,2,"",M,59.119,2,"",M,6.000,2,"",N,5.713,2,"",M,27.383,2,"",M,6.160,2,"",M,1031.640,2,"",M,390.069,2,"",M,NaN,,,0,NaN,,,M,386.196,2,"",384.604,2,"",NaN,,,NaN,,
2024-12-12T08:07:46.000Z,10.559,2,"",M,59.119,2,"",M,6.000,2,"",N,5.673,2,"",M,27.359,2,"",M,6.300,2,"",M,1031.510,2,"",M,390.619,2,"",M,NaN,,,0,NaN,,,M,383.729,2,"",382.150,2,"",NaN,,,NaN,,
2024-12-12T08:09:38.000Z,10.559,2,"",M,59.119,2,"",M,6.000,2,"",N,5.770,2,"",M,27.565,2,"",M,6.260,2,"",M,1031.370,2,"",M,389.827,2,"",M,NaN,,,0,NaN,,,M,385.121,2,"",383.536,2,"",NaN,,,NaN,,
2024-12-12T08:11:29.000Z,10.559,2,"",M,59.119,2,"",M,6.000,2,"",N,5.729,2,"",M,27.540,2,"",M,6.360,2,"",M,1031.290,2,"",M,389.816,2,"",M,NaN,,,0,NaN,,,M,382.776,2,"",381.203,2,"",NaN,,,NaN,,
2024-12-12T08:13:20.000Z,10.559,2,"",M,59.119,2,"",M,6.000,2,"",N,5.567,2,"",M,27.518,2,"",M,6.360,2,"",M,1031.880,2,"",M,389.765,2,"",M,NaN,,,0,NaN,,,M,380.334,2,"",378.770,2,"",NaN,,,NaN,,
2024-12-12T08:15:12.000Z,10.559,2,"",M,59.119,2,"",M,6.000,2,"",N,5.651,2,"",M,27.207,2,"",M,6.270,2,"",M,1031.770,2,"",M,389.824,2,"",M,NaN,,,0,NaN,,,M,383.172,2,"",381.594,2,"",NaN,,,NaN,,
2024-12-12T08:17:03.000Z,10.559,2,"",M,59.119,2,"",M,6.000,2,"",N,5.614,2,"",M,27.387,2,"",M,6.180,2,"",M,1031.710,2,"",M,390.364,2,"",M,NaN,,,0,NaN,,,M,384.561,2,"",382.976,2,"",NaN,,,NaN,,
2024-12-12T08:18:54.000Z,10.559,2,"",M,59.119,2,"",M,6.000,2,"",N,5.672,2,"",M,27.465,2,"",M,6.230,2,"",M,1031.620,2,"",M,390.463,2,"",M,NaN,,,0,NaN,,,M,384.757,2,"",383.172,2,"",NaN,,,NaN,,
2024-12-12T08:20:46.000Z,10.559,2,"",M,59.119,2,"",M,6.000,2,"",N,5.680,2,"",M,27.440,2,"",M,6.310,2,"",M,1031.980,2,"",M,390.132,2,"",M,NaN,,,0,NaN,,,M,383.368,2,"",381.790,2,"",NaN,,,NaN,,
2024-12-12T08:22:37.000Z,10.558,2,"",M,59.119,2,"",M,6.000,2,"",N,5.673,2,"",M,27.410,2,"",M,6.310,2,"",M,1031.880,2,"",M,389.460,2,"",M,NaN,,,0,NaN,,,M,382.552,2,"",380.977,2,"",NaN,,,NaN,,
2024-12-12T08:24:49.000Z,10.558,2,"",M,59.120,2,"",M,6.000,2,"",N,5.620,2,"",M,27.378,2,"",M,6.290,2,"",M,1032.270,2,"",M,389.770,2,"",M,NaN,,,0,NaN,,,M,382.484,2,"",380.909,2,"",NaN,,,NaN,,
2024-12-12T08:26:41.000Z,10.557,2,"",M,59.120,2,"",M,6.000,2,"",N,5.551,2,"",M,27.322,2,"",M,6.250,2,"",M,1031.720,2,"",M,389.518,2,"",M,NaN,,,0,NaN,,,M,381.572,2,"",380.000,2,"",NaN,,,NaN,,
2024-12-12T08:28:32.000Z,10.557,2,"",M,59.120,2,"",M,6.000,2,"",N,5.555,2,"",M,27.266,2,"",M,6.220,2,"",M,1032.040,2,"",M,389.487,2,"",M,NaN,,,0,NaN,,,M,382.213,2,"",380.638,2,"",NaN,,,NaN,,
2024-12-12T08:30:24.000Z,10.557,2,"",M,59.120,2,"",M,6.000,2,"",N,5.635,2,"",M,27.337,2,"",M,6.190,2,"",M,1032.100,2,"",M,389.937,2,"",M,NaN,,,0,NaN,,,M,384.462,2,"",382.877,2,"",NaN,,,NaN,,
2024-12-12T08:32:15.000Z,10.557,2,"",M,59.120,2,"",M,6.000,2,"",N,5.673,2,"",M,27.394,2,"",M,6.250,2,"",M,1031.940,2,"",M,389.976,2,"",M,NaN,,,0,NaN,,,M,384.080,2,"",382.498,2,"",NaN,,,NaN,,
2024-12-12T08:34:06.000Z,10.556,2,"",M,59.120,2,"",M,6.000,2,"",N,5.634,2,"",M,27.356,2,"",M,6.280,2,"",M,1031.750,2,"",M,389.965,2,"",M,NaN,,,0,NaN,,,M,382.869,2,"",381.292,2,"",NaN,,,NaN,,
2024-12-12T08:35:58.000Z,10.556,2,"",M,59.120,2,"",M,6.000,2,"",N,5.639,2,"",M,27.351,2,"",M,6.250,2,"",M,1031.800,2,"",M,389.724,2,"",M,NaN,,,0,NaN,,,M,383.225,2,"",381.646,2,"",NaN,,,NaN,,
2024-12-12T08:37:49.000Z,10.556,2,"",M,59.120,2,"",M,6.000,2,"",N,5.642,2,"",M,27.334,2,"",M,6.290,2,"",M,1032.050,2,"",M,389.933,2,"",M,NaN,,,0,NaN,,,M,382.917,2,"",381.340,2,"",NaN,,,NaN,,
2024-12-12T08:39:41.000Z,10.556,2,"",M,59.120,2,"",M,6.000,2,"",N,5.673,2,"",M,27.355,2,"",M,6.250,2,"",M,1031.920,2,"",M,390.283,2,"",M,NaN,,,0,NaN,,,M,384.375,2,"",382.791,2,"",NaN,,,NaN,,
2024-12-12T08:41:33.000Z,10.556,2,"",M,59.120,2,"",M,6.000,2,"",N,5.665,2,"",M,27.344,2,"",M,6.280,2,"",M,1031.780,2,"",M,390.222,2,"",M,NaN,,,0,NaN,,,M,383.631,2,"",382.051,2,"",NaN,,,NaN,,
2024-12-12T08:43:24.000Z,10.556,2,"",M,59.120,2,"",M,6.000,2,"",N,5.772,2,"",M,27.574,2,"",M,6.240,2,"",M,1031.640,2,"",M,390.101,2,"",M,NaN,,,0,NaN,,,M,385.860,2,"",384.271,2,"",NaN,,,NaN,,
2024-12-12T08:45:16.000Z,10.556,2,"",M,59.120,2,"",M,6.000,2,"",N,5.755,2,"",M,27.520,2,"",M,6.390,2,"",M,1032.010,2,"",M,389.850,2,"",M,NaN,,,0,NaN,,,M,382.995,2,"",381.420,2,"",NaN,,,NaN,,
2024-12-12T08:47:07.000Z,10.556,2,"",M,59.120,2,"",M,6.000,2,"",N,5.782,2,"",I,27.544,2,"",I,6.380,2,"",M,1031.960,2,"",M,389.228,2,"",M,NaN,,,0,NaN,,,M,382.971,2,"",381.397,2,"",NaN,,,NaN,,
2024-12-12T08:48:58.000Z,10.556,2,"",M,59.120,2,"",M,6.000,2,"",N,5.809,2,"",M,27.568,2,"",M,6.420,2,"",M,1031.960,2,"",M,389.638,2,"",M,NaN,,,0,NaN,,,M,383.158,2,"",381.584,2,"",NaN,,,NaN,,
2024-12-12T08:50:50.000Z,10.556,2,"",M,59.119,2,"",M,6.000,2,"",N,5.758,2,"",M,27.549,2,"",M,6.400,2,"",M,1031.890,2,"",M,389.426,2,"",M,NaN,,,0,NaN,,,M,382.427,2,"",380.855,2,"",NaN,,,NaN,,
2024-12-12T08:52:41.000Z,10.556,2,"",M,59.119,2,"",M,6.000,2,"",N,5.766,2,"",M,27.578,2,"",M,6.380,2,"",M,1032.050,2,"",M,389.365,2,"",M,NaN,,,0,NaN,,,M,382.888,2,"",381.313,2,"",NaN,,,NaN,,
2024-12-12T08:54:33.000Z,10.556,2,"",M,59.118,2,"",M,6.000,2,"",N,5.706,2,"",M,27.486,2,"",M,6.400,2,"",M,1032.250,2,"",M,389.415,2,"",M,NaN,,,0,NaN,,,M,381.702,2,"",380.132,2,"",NaN,,,NaN,,
2024-12-12T08:56:24.000Z,10.556,2,"",M,59.118,2,"",M,6.000,2,"",N,5.677,2,"",M,27.398,2,"",M,6.340,2,"",M,1032.140,2,"",M,389.764,2,"",M,NaN,,,0,NaN,,,M,382.529,2,"",380.955,2,"",NaN,,,NaN,,
2024-12-12T08:58:15.000Z,10.556,2,"",M,59.117,2,"",M,6.000,2,"",N,5.578,2,"",M,27.327,2,"",M,6.290,2,"",M,1032.070,2,"",M,389.433,2,"",M,NaN,,,0,NaN,,,M,381.390,2,"",379.820,2,"",NaN,,,NaN,,
2024-12-12T09:00:07.000Z,10.556,2,"",M,59.117,2,"",M,6.000,2,"",N,5.530,2,"",M,27.236,2,"",M,6.220,2,"",M,1032.080,2,"",M,389.462,2,"",M,NaN,,,0,NaN,,,M,381.800,2,"",380.227,2,"",NaN,,,NaN,,
2024-12-12T09:01:58.000Z,10.557,2,"",M,59.116,2,"",M,6.000,2,"",N,5.530,2,"",M,27.220,2,"",M,6.180,2,"",M,1032.280,2,"",M,389.741,2,"",M,NaN,,,0,NaN,,,M,382.806,2,"",381.227,2,"",NaN,,,NaN,,
2024-12-12T09:03:49.000Z,10.557,2,"",M,59.116,2,"",M,6.000,2,"",N,5.531,2,"",M,27.207,2,"",M,6.160,2,"",M,1032.130,2,"",M,390.111,2,"",M,NaN,,,0,NaN,,,M,383.450,2,"",381.868,2,"",NaN,,,NaN,,
2024-12-12T09:05:41.000Z,10.557,2,"",M,59.115,2,"",M,6.000,2,"",N,5.531,2,"",M,27.230,2,"",M,6.130,2,"",M,1031.940,2,"",M,390.320,2,"",M,NaN,,,0,NaN,,,M,384.081,2,"",382.497,2,"",NaN,,,NaN,,
2024-12-12T09:07:32.000Z,10.557,2,"",M,59.115,2,"",M,6.000,2,"",N,5.533,2,"",M,27.229,2,"",M,6.140,2,"",M,1031.710,2,"",M,390.179,2,"",M,NaN,,,0,NaN,,,M,383.721,2,"",382.139,2,"",NaN,,,NaN,,
2024-12-12T09:09:23.000Z,10.557,2,"",M,59.114,2,"",M,6.000,2,"",N,5.521,2,"",M,27.227,2,"",M,6.160,2,"",M,1031.850,2,"",M,390.158,2,"",M,NaN,,,0,NaN,,,M,383.232,2,"",381.652,2,"",NaN,,,NaN,,
2024-12-12T09:11:15.000Z,10.557,2,"",M,59.114,2,"",M,6.000,2,"",N,5.521,2,"",M,27.224,2,"",M,6.160,2,"",M,1031.820,2,"",M,390.728,2,"",M,NaN,,,0,NaN,,,M,383.783,2,"",382.201,2,"",NaN,,,NaN,,
2024-12-12T09:13:06.000Z,10.557,2,"",M,59.114,2,"",M,6.000,2,"",N,5.509,2,"",M,27.216,2,"",M,6.140,2,"",M,1031.860,2,"",M,390.837,2,"",M,NaN,,,0,NaN,,,M,384.043,2,"",382.459,2,"",NaN,,,NaN,,
2024-12-12T09:14:57.000Z,10.557,2,"",M,59.114,2,"",M,6.000,2,"",N,5.519,2,"",M,27.236,2,"",M,6.120,2,"",M,1031.770,2,"",M,390.866,2,"",M,NaN,,,0,NaN,,,M,384.537,2,"",382.951,2,"",NaN,,,NaN,,
2024-12-12T09:16:49.000Z,10.557,2,"",M,59.114,2,"",M,6.000,2,"",N,5.509,2,"",M,27.223,2,"",M,6.150,2,"",M,1031.790,2,"",M,390.615,2,"",M,NaN,,,0,NaN,,,M,383.625,2,"",382.043,2,"",NaN,,,NaN,,
2024-12-12T09:18:41.000Z,10.557,2,"",M,59.114,2,"",M,6.000,2,"",N,5.515,2,"",M,27.209,2,"",M,6.160,2,"",M,1032.030,2,"",M,390.664,2,"",M,NaN,,,0,NaN,,,M,383.696,2,"",382.114,2,"",NaN,,,NaN,,
2024-12-12T09:20:32.000Z,10.558,2,"",M,59.114,2,"",M,6.000,2,"",N,5.507,2,"",M,27.204,2,"",M,6.140,2,"",M,1031.950,2,"",M,391.043,2,"",M,NaN,,,0,NaN,,,M,384.247,2,"",382.662,2,"",NaN,,,NaN,,
2024-12-12T09:22:24.000Z,10.558,2,"",M,59.114,2,"",M,6.000,2,"",N,5.510,2,"",M,27.205,2,"",M,6.120,2,"",M,1031.800,2,"",M,390.762,2,"",M,NaN,,,0,NaN,,,M,384.295,2,"",382.710,2,"",NaN,,,NaN,,
2024-12-12T09:24:35.000Z,10.558,2,"",M,59.114,2,"",M,6.000,2,"",N,5.513,2,"",M,27.207,2,"",M,6.120,2,"",M,1031.780,2,"",M,390.511,2,"",M,NaN,,,0,NaN,,,M,384.080,2,"",382.496,2,"",NaN,,,NaN,,
2024-12-12T09:26:27.000Z,10.558,2,"",M,59.114,2,"",M,6.000,2,"",N,5.524,2,"",M,27.212,2,"",M,6.140,2,"",M,1031.840,2,"",M,390.920,2,"",M,NaN,,,0,NaN,,,M,384.367,2,"",382.782,2,"",NaN,,,NaN,,
2024-12-12T09:28:18.000Z,10.559,2,"",M,59.114,2,"",M,6.000,2,"",N,5.530,2,"",M,27.219,2,"",M,6.160,2,"",M,1031.890,2,"",M,390.589,2,"",M,NaN,,,0,NaN,,,M,383.819,2,"",382.236,2,"",NaN,,,NaN,,
2024-12-12T09:30:09.000Z,10.559,2,"",M,59.114,2,"",M,6.000,2,"",N,5.540,2,"",M,27.221,2,"",M,6.150,2,"",M,1031.730,2,"",M,390.668,2,"",M,NaN,,,0,NaN,,,M,384.158,2,"",382.574,2,"",NaN,,,NaN,,
2024-12-12T09:32:01.000Z,10.559,2,"",M,59.114,2,"",M,6.000,2,"",N,5.541,2,"",M,27.218,2,"",M,6.150,2,"",M,1031.640,2,"",M,390.327,2,"",M,NaN,,,0,NaN,,,M,383.806,2,"",382.224,2,"",NaN,,,NaN,,
2024-12-12T09:33:52.000Z,10.559,2,"",M,59.114,2,"",M,6.000,2,"",N,5.581,2,"",M,27.232,2,"",M,6.160,2,"",M,1031.820,2,"",M,389.996,2,"",M,NaN,,,0,NaN,,,M,384.034,2,"",382.451,2,"",NaN,,,NaN,,
2024-12-12T09:35:43.000Z,10.559,2,"",M,59.114,2,"",M,6.000,2,"",N,5.547,2,"",M,27.260,2,"",M,6.210,2,"",M,1031.930,2,"",M,390.265,2,"",M,NaN,,,0,NaN,,,M,382.976,2,"",381.397,2,"",NaN,,,NaN,,
2024-12-12T09:37:35.000Z,10.559,2,"",M,59.114,2,"",M,6.000,2,"",N,5.574,2,"",M,27.298,2,"",M,6.180,2,"",M,1032.100,2,"",M,390.294,2,"",M,NaN,,,0,NaN,,,M,383.995,2,"",382.412,2,"",NaN,,,NaN,,
2024-12-12T09:39:26.000Z,10.559,2,"",M,59.114,2,"",M,6.000,2,"",N,5.563,2,"",M,27.244,2,"",M,6.200,2,"",M,1031.930,2,"",M,389.983,2,"",M,NaN,,,0,NaN,,,M,383.116,2,"",381.537,2,"",NaN,,,NaN,,
2024-12-12T09:41:18.000Z,10.559,2,"",M,59.114,2,"",M,6.000,2,"",N,5.553,2,"",M,27.234,2,"",M,6.180,2,"",M,1032.020,2,"",M,389.872,2,"",M,NaN,,,0,NaN,,,M,383.213,2,"",381.633,2,"",NaN,,,NaN,,
2024-12-12T09:43:09.000Z,10.559,2,"",M,59.114,2,"",M,6.000,2,"",N,5.555,2,"",M,27.233,2,"",M,6.190,2,"",M,1032.340,2,"",M,389.951,2,"",M,NaN,,,0,NaN,,,M,383.273,2,"",381.693,2,"",NaN,,,NaN,,
2024-12-12T09:45:00.000Z,10.559,2,"",M,59.114,2,"",M,6.000,2,"",N,5.544,2,"",M,27.231,2,"",M,6.180,2,"",M,1032.700,2,"",M,389.640,2,"",M,NaN,,,0,NaN,,,M,383.090,2,"",381.509,2,"",NaN,,,NaN,,
2024-12-12T09:46:52.000Z,10.559,2,"",M,59.114,2,"",M,6.000,2,"",N,5.552,2,"",M,27.231,2,"",M,6.170,2,"",M,1032.150,2,"",M,389.519,2,"",M,NaN,,,0,NaN,,,M,383.064,2,"",381.484,2,"",NaN,,,NaN,,
2024-12-12T09:48:43.000Z,10.559,2,"",M,59.114,2,"",M,6.000,2,"",N,5.537,2,"",M,27.232,2,"",M,6.160,2,"",M,1032.030,2,"",M,389.208,2,"",M,NaN,,,0,NaN,,,M,382.634,2,"",381.056,2,"",NaN,,,NaN,,
2024-12-12T09:50:34.000Z,10.559,2,"",M,59.114,2,"",M,6.000,2,"",N,5.542,2,"",M,27.228,2,"",M,6.180,2,"",M,1032.340,2,"",M,389.267,2,"",M,NaN,,,0,NaN,,,M,382.557,2,"",380.979,2,"",NaN,,,NaN,,
2024-12-12T09:52:26.000Z,10.559,2,"",M,59.114,2,"",M,6.000,2,"",N,5.541,2,"",M,27.219,2,"",M,6.180,2,"",M,1032.430,2,"",M,389.466,2,"",M,NaN,,,0,NaN,,,M,382.763,2,"",381.185,2,"",NaN,,,NaN,,
2024-12-12T09:54:18.000Z,10.559,2,"",M,59.114,2,"",M,6.000,2,"",N,5.538,2,"",M,27.224,2,"",M,6.150,2,"",M,1032.080,2,"",M,389.235,2,"",M,NaN,,,0,NaN,,,M,382.862,2,"",381.283,2,"",NaN,,,NaN,,
2024-12-12T09:56:09.000Z,10.559,2,"",M,59.114,2,"",M,6.000,2,"",N,5.537,2,"",M,27.215,2,"",M,6.150,2,"",M,1031.980,2,"",M,389.394,2,"",M,NaN,,,0,NaN,,,M,382.959,2,"",381.379,2,"",NaN,,,NaN,,
2024-12-12T09:58:01.000Z,10.559,2,"",M,59.114,2,"",M,6.000,2,"",N,5.536,2,"",M,27.210,2,"",M,6.160,2,"",M,1032.150,2,"",M,389.143,2,"",M,NaN,,,0,NaN,,,M,382.590,2,"",381.012,2,"",NaN,,,NaN,,
2024-12-12T09:59:52.000Z,10.559,2,"",M,59.114,2,"",M,6.000,2,"",N,5.525,2,"",M,27.221,2,"",M,6.160,2,"",M,1032.220,2,"",M,389.502,2,"",M,NaN,,,0,NaN,,,M,382.790,2,"",381.211,2,"",NaN,,,NaN,,
2024-12-12T10:01:43.000Z,10.559,2,"",M,59.114,2,"",M,6.000,2,"",N,5.536,2,"",M,27.219,2,"",M,6.150,2,"",M,1032.263,2,"",M,389.662,2,"",M,NaN,,,0,NaN,,,M,383.317,2,"",381.736,2,"",NaN,,,NaN,,
2024-12-12T10:03:35.000Z,10.559,2,"",M,59.113,2,"",M,6.000,2,"",N,5.545,2,"",M,27.220,2,"",M,6.150,2,"",M,1032.167,2,"",M,389.531,2,"",M,NaN,,,0,NaN,,,M,383.287,2,"",381.706,2,"",NaN,,,NaN,,
2024-12-12T10:05:26.000Z,10.559,2,"",M,59.112,2,"",M,6.000,2,"",N,5.536,2,"",M,27.224,2,"",M,6.150,2,"",M,1032.180,2,"",M,389.159,2,"",M,NaN,,,0,NaN,,,M,382.780,2,"",381.201,2,"",NaN,,,NaN,,
2024-12-12T10:07:18.000Z,10.559,2,"",M,59.112,2,"",M,6.000,2,"",N,5.535,2,"",M,27.227,2,"",M,6.180,2,"",M,1032.430,2,"",M,389.158,2,"",M,NaN,,,0,NaN,,,M,382.373,2,"",380.796,2,"",NaN,,,NaN,,
2024-12-12T10:09:09.000Z,10.559,2,"",M,59.111,2,"",M,6.000,2,"",N,5.543,2,"",M,27.229,2,"",M,6.170,2,"",M,1032.360,2,"",M,389.648,2,"",M,NaN,,,0,NaN,,,M,383.119,2,"",381.539,2,"",NaN,,,NaN,,
2024-12-12T10:11:00.000Z,10.559,2,"",M,59.111,2,"",M,6.000,2,"",N,5.539,2,"",M,27.222,2,"",M,6.160,2,"",M,1032.240,2,"",M,389.567,2,"",M,NaN,,,0,NaN,,,M,383.100,2,"",381.520,2,"",NaN,,,NaN,,
2024-12-12T10:12:52.000Z,10.559,2,"",M,59.111,2,"",M,6.000,2,"",N,5.539,2,"",M,27.217,2,"",M,6.150,2,"",M,1032.100,2,"",M,389.456,2,"",M,NaN,,,0,NaN,,,M,383.091,2,"",381.510,2,"",NaN,,,NaN,,
2024-12-12T10:14:43.000Z,10.559,2,"",M,59.110,2,"",M,6.000,2,"",N,5.521,2,"",M,27.220,2,"",M,6.160,2,"",M,1032.430,2,"",M,389.225,2,"",M,NaN,,,0,NaN,,,M,382.536,2,"",380.958,2,"",NaN,,,NaN,,
2024-12-12T10:16:36.000Z,10.560,2,"",M,59.110,2,"",M,6.000,2,"",N,5.503,2,"",M,27.214,2,"",M,6.150,2,"",M,1032.280,2,"",M,389.804,2,"",M,NaN,,,0,NaN,,,M,382.918,2,"",381.338,2,"",NaN,,,NaN,,
2024-12-12T10:18:27.000Z,10.560,2,"",M,59.110,2,"",M,6.000,2,"",N,5.497,2,"",M,27.211,2,"",M,6.130,2,"",M,1032.120,2,"",M,389.904,2,"",M,NaN,,,0,NaN,,,M,383.188,2,"",381.607,2,"",NaN,,,NaN,,
2024-12-12T10:20:18.000Z,10.560,2,"",M,59.110,2,"",M,6.000,2,"",N,5.514,2,"",M,27.213,2,"",M,6.110,2,"",M,1031.930,2,"",M,390.073,2,"",M,NaN,,,0,NaN,,,M,383.887,2,"",382.303,2,"",NaN,,,NaN,,
2024-12-12T10:22:10.000Z,10.560,2,"",M,59.110,2,"",M,6.000,2,"",N,5.515,2,"",M,27.218,2,"",M,6.140,2,"",M,1032.090,2,"",M,390.222,2,"",M,NaN,,,0,NaN,,,M,383.627,2,"",382.045,2,"",NaN,,,NaN,,
2024-12-12T10:24:01.000Z,10.560,2,"",M,59.110,2,"",M,6.000,2,"",N,5.521,2,"",M,27.217,2,"",M,6.140,2,"",M,1032.080,2,"",M,390.141,2,"",M,NaN,,,0,NaN,,,M,383.641,2,"",382.058,2,"",NaN,,,NaN,,
2024-12-12T10:26:14.000Z,10.560,2,"",M,59.110,2,"",M,6.000,2,"",N,5.514,2,"",M,27.227,2,"",M,6.140,2,"",M,1032.080,2,"",M,390.300,2,"",M,NaN,,,0,NaN,,,M,383.680,2,"",382.097,2,"",NaN,,,NaN,,
2024-12-12T10:28:05.000Z,10.560,2,"",M,59.110,2,"",M,6.000,2,"",N,5.518,2,"",M,27.222,2,"",M,6.130,2,"",M,1031.960,2,"",M,390.399,2,"",M,NaN,,,0,NaN,,,M,383.964,2,"",382.380,2,"",NaN,,,NaN,,
2024-12-12T10:29:56.000Z,10.560,2,"",M,59.110,2,"",M,6.000,2,"",N,5.518,2,"",M,27.225,2,"",M,6.140,2,"",M,1032.120,2,"",M,389.778,2,"",M,NaN,,,0,NaN,,,M,383.242,2,"",381.660,2,"",NaN,,,NaN,,
2024-12-12T10:31:48.000Z,10.560,2,"",M,59.110,2,"",M,6.000,2,"",N,5.523,2,"",M,27.223,2,"",M,6.160,2,"",M,1032.270,2,"",M,390.167,2,"",M,NaN,,,0,NaN,,,M,383.439,2,"",381.857,2,"",NaN,,,NaN,,
2024-12-12T10:33:39.000Z,10.560,2,"",M,59.111,2,"",M,6.000,2,"",N,5.512,2,"",M,27.220,2,"",M,6.150,2,"",M,1032.230,2,"",M,389.676,2,"",M,NaN,,,0,NaN,,,M,382.918,2,"",381.338,2,"",NaN,,,NaN,,
2024-12-12T10:35:30.000Z,10.561,2,"",M,59.111,2,"",M,6.000,2,"",N,5.506,2,"",M,27.221,2,"",M,6.130,2,"",M,1032.050,2,"",M,389.855,2,"",M,NaN,,,0,NaN,,,M,383.265,2,"",381.684,2,"",NaN,,,NaN,,
2024-12-12T10:37:22.000Z,10.561,2,"",M,59.111,2,"",M,6.000,2,"",N,5.510,2,"",M,27.215,2,"",M,6.120,2,"",M,1031.960,2,"",M,389.524,2,"",M,NaN,,,0,NaN,,,M,383.126,2,"",381.545,2,"",NaN,,,NaN,,
2024-12-12T10:39:13.000Z,10.561,2,"",M,59.111,2,"",M,6.000,2,"",N,5.514,2,"",M,27.206,2,"",M,6.150,2,"",M,1032.330,2,"",M,389.393,2,"",M,NaN,,,0,NaN,,,M,382.723,2,"",381.144,2,"",NaN,,,NaN,,
2024-12-12T10:41:04.000Z,10.561,2,"",M,59.111,2,"",M,6.000,2,"",N,5.511,2,"",M,27.204,2,"",M,6.140,2,"",M,1032.160,2,"",M,389.492,2,"",M,NaN,,,0,NaN,,,M,382.859,2,"",381.279,2,"",NaN,,,NaN,,
2024-12-12T10:42:56.000Z,10.561,2,"",M,59.111,2,"",M,6.000,2,"",N,5.499,2,"",M,27.197,2,"",M,6.130,2,"",M,1032.060,2,"",M,390.002,2,"",M,NaN,,,0,NaN,,,M,383.290,2,"",381.709,2,"",NaN,,,NaN,,
2024-12-12T10:44:47.000Z,10.561,2,"",M,59.111,2,"",M,6.000,2,"",N,5.500,2,"",M,27.205,2,"",M,6.110,2,"",M,1031.810,2,"",M,389.821,2,"",M,NaN,,,0,NaN,,,M,383.366,2,"",381.785,2,"",NaN,,,NaN,,
2024-12-12T10:49:16.000Z,10.561,2,"",M,59.111,2,"",M,6.000,2,"",N,NaN,,,M,NaN,,,M,NaN,,,M,NaN,,,M,NaN,,,0,NaN,,,0,NaN,,,M,NaN,,,NaN,,,NaN,,,NaN,,
2024-12-12T10:51:05.000Z,10.561,2,"",M,59.111,2,"",M,6.000,2,"",N,NaN,,,M,NaN,,,M,NaN,,,M,NaN,,,M,NaN,,,0,NaN,,,0,NaN,,,M,NaN,,,NaN,,,NaN,,,NaN,,
2024-12-12T10:52:54.000Z,10.561,2,"",M,59.111,2,"",M,6.000,2,"",N,NaN,,,M,NaN,,,M,NaN,,,M,NaN,,,M,NaN,,,0,NaN,,,0,NaN,,,M,NaN,,,NaN,,,NaN,,,NaN,,
2024-12-12T10:57:23.000Z,10.561,2,"",M,59.111,2,"",M,6.000,2,"",N,NaN,,,M,NaN,,,M,NaN,,,M,NaN,,,M,NaN,,,0,NaN,,,0,NaN,,,M,NaN,,,NaN,,,NaN,,,NaN,,
2024-12-12T10:59:13.000Z,10.561,2,"",M,59.111,2,"",M,6.000,2,"",N,NaN,,,M,NaN,,,M,NaN,,,M,NaN,,,M,NaN,,,0,NaN,,,0,NaN,,,M,NaN,,,NaN,,,NaN,,,NaN,,
2024-12-12T11:01:02.000Z,10.562,2,"",M,59.112,2,"",M,6.000,2,"",N,NaN,,,M,NaN,,,M,NaN,,,M,NaN,,,M,NaN,,,0,NaN,,,0,NaN,,,M,NaN,,,NaN,,,NaN,,,NaN,,
2024-12-12T11:05:31.000Z,10.562,2,"",M,59.113,2,"",M,6.000,2,"",N,NaN,,,M,NaN,,,M,NaN,,,M,NaN,,,M,NaN,,,0,NaN,,,0,NaN,,,M,NaN,,,NaN,,,NaN,,,NaN,,
2024-12-12T11:07:20.000Z,10.562,2,"",M,59.114,2,"",M,6.000,2,"",N,NaN,,,M,NaN,,,M,NaN,,,M,NaN,,,M,NaN,,,0,NaN,,,0,NaN,,,M,NaN,,,NaN,,,NaN,,,NaN,,
2024-12-12T11:09:09.000Z,10.563,2,"",M,59.114,2,"",M,6.000,2,"",N,NaN,,,M,NaN,,,M,NaN,,,M,NaN,,,M,NaN,,,0,NaN,,,0,NaN,,,M,NaN,,,NaN,,,NaN,,,NaN,,
2024-12-12T11:13:38.000Z,10.563,2,"",M,59.117,2,"",M,6.000,2,"",N,5.407,2,"",M,27.138,2,"",M,NaN,,,M,NaN,,,M,NaN,,,0,444.681,2,"",M,1031.500,2,"",M,NaN,,,NaN,,,449.924,2,"",448.046,2,""
2024-12-12T11:15:27.000Z,10.564,2,"",M,59.118,2,"",M,6.000,2,"",N,5.405,2,"",M,27.120,2,"",M,NaN,,,M,NaN,,,M,NaN,,,0,445.433,2,"",M,1031.500,2,"",M,NaN,,,NaN,,,450.685,2,"",448.803,2,""
2024-12-12T11:17:16.000Z,10.564,2,"",M,59.119,2,"",M,6.000,2,"",N,5.360,2,"",M,27.089,2,"",M,NaN,,,M,NaN,,,M,NaN,,,0,442.431,2,"",M,1031.500,2,"",M,NaN,,,NaN,,,447.659,2,"",445.790,2,""
2024-12-12T11:19:05.000Z,10.564,2,"",M,59.120,2,"",M,6.000,2,"",N,5.347,2,"",M,27.067,2,"",M,NaN,,,M,NaN,,,M,NaN,,,0,442.332,2,"",M,1031.500,2,"",M,NaN,,,NaN,,,447.562,2,"",445.693,2,""
2024-12-12T11:20:54.000Z,10.565,2,"",M,59.121,2,"",M,6.000,2,"",N,5.371,2,"",M,27.074,2,"",M,NaN,,,M,NaN,,,M,NaN,,,0,444.795,2,"",M,1031.500,2,"",M,NaN,,,NaN,,,450.048,2,"",448.169,2,""
2024-12-12T11:26:04.000Z,10.566,2,"",M,59.124,2,"",M,6.000,2,"",N,5.251,2,"",M,27.016,2,"",M,5.950,2,"",M,1031.780,2,"",M,387.842,2,"",M,NaN,,,0,NaN,,,M,380.015,2,"",378.444,2,"",NaN,,,NaN,,
2024-12-12T11:28:17.000Z,10.566,2,"",M,59.124,2,"",M,6.000,2,"",N,5.256,2,"",M,26.992,2,"",M,5.900,2,"",M,1032.290,2,"",M,387.803,2,"",M,NaN,,,0,NaN,,,M,381.071,2,"",379.493,2,"",NaN,,,NaN,,
2024-12-12T11:30:08.000Z,10.566,2,"",M,59.124,2,"",M,6.000,2,"",N,5.292,2,"",M,26.994,2,"",M,5.900,2,"",M,1032.130,2,"",M,387.604,2,"",M,NaN,,,0,NaN,,,M,381.394,2,"",379.816,2,"",NaN,,,NaN,,
2024-12-12T11:31:59.000Z,10.566,2,"",M,59.123,2,"",M,6.000,2,"",N,5.255,2,"",M,27.056,2,"",M,5.890,2,"",M,1031.970,2,"",M,387.164,2,"",M,NaN,,,0,NaN,,,M,380.476,2,"",378.901,2,"",NaN,,,NaN,,
2024-12-12T11:33:51.000Z,10.566,2,"",M,59.123,2,"",M,6.000,2,"",N,5.236,2,"",M,26.990,2,"",M,5.890,2,"",M,1031.880,2,"",M,387.435,2,"",M,NaN,,,0,NaN,,,M,380.400,2,"",378.825,2,"",NaN,,,NaN,,
2024-12-12T11:35:42.000Z,10.566,2,"",M,59.123,2,"",M,6.000,2,"",N,5.227,2,"",M,26.985,2,"",M,5.880,2,"",M,1032.150,2,"",M,387.075,2,"",M,NaN,,,0,NaN,,,M,380.163,2,"",378.589,2,"",NaN,,,NaN,,
2024-12-12T11:37:33.000Z,10.566,2,"",M,59.123,2,"",M,6.000,2,"",N,5.223,2,"",M,26.977,2,"",M,5.870,2,"",M,1032.180,2,"",M,387.407,2,"",M,NaN,,,0,NaN,,,M,380.595,2,"",379.019,2,"",NaN,,,NaN,,
2024-12-12T11:39:25.000Z,10.566,2,"",M,59.123,2,"",M,6.000,2,"",N,5.216,2,"",M,26.974,2,"",M,5.850,2,"",M,1032.080,2,"",M,387.217,2,"",M,NaN,,,0,NaN,,,M,380.587,2,"",379.011,2,"",NaN,,,NaN,,
2024-12-12T11:41:16.000Z,10.566,2,"",M,59.123,2,"",M,6.000,2,"",N,5.221,2,"",M,26.976,2,"",M,5.840,2,"",M,1031.900,2,"",M,387.038,2,"",M,NaN,,,0,NaN,,,M,380.583,2,"",379.007,2,"",NaN,,,NaN,,
2024-12-12T11:43:08.000Z,10.566,2,"",M,59.123,2,"",M,6.000,2,"",N,5.211,2,"",M,26.971,2,"",M,5.850,2,"",M,1032.020,2,"",M,387.058,2,"",M,NaN,,,0,NaN,,,M,380.326,2,"",378.751,2,"",NaN,,,NaN,,
2024-12-12T11:44:59.000Z,10.566,2,"",M,59.123,2,"",M,6.000,2,"",N,5.205,2,"",M,26.965,2,"",M,5.860,2,"",M,1032.150,2,"",M,387.009,2,"",M,NaN,,,0,NaN,,,M,380.075,2,"",378.501,2,"",NaN,,,NaN,,
2024-12-12T11:46:50.000Z,10.566,2,"",M,59.123,2,"",M,6.000,2,"",N,5.206,2,"",M,26.963,2,"",M,5.840,2,"",M,1031.990,2,"",M,387.240,2,"",M,NaN,,,0,NaN,,,M,380.578,2,"",379.002,2,"",NaN,,,NaN,,
2024-12-12T11:48:42.000Z,10.567,2,"",M,59.123,2,"",M,6.000,2,"",N,5.205,2,"",M,26.960,2,"",M,5.830,2,"",M,1031.800,2,"",M,386.971,2,"",M,NaN,,,0,NaN,,,M,380.389,2,"",378.814,2,"",NaN,,,NaN,,
2024-12-12T11:50:33.000Z,10.567,2,"",M,59.123,2,"",M,6.000,2,"",N,5.216,2,"",M,26.957,2,"",M,5.820,2,"",M,1031.760,2,"",M,386.581,2,"",M,NaN,,,0,NaN,,,M,380.337,2,"",378.762,2,"",NaN,,,NaN,,
2024-12-12T11:52:26.000Z,10.567,2,"",M,59.123,2,"",M,6.000,2,"",N,5.224,2,"",M,26.957,2,"",M,5.860,2,"",M,1032.200,2,"",M,386.311,2,"",M,NaN,,,0,NaN,,,M,379.707,2,"",378.135,2,"",NaN,,,NaN,,
2024-12-12T11:54:18.000Z,10.567,2,"",M,59.123,2,"",M,6.000,2,"",N,5.220,2,"",M,26.956,2,"",M,5.860,2,"",M,1032.260,2,"",M,386.612,2,"",M,NaN,,,0,NaN,,,M,379.959,2,"",378.386,2,"",NaN,,,NaN,,
2024-12-12T11:56:09.000Z,10.567,2,"",M,59.123,2,"",M,6.000,2,"",N,5.235,2,"",M,26.955,2,"",M,5.850,2,"",M,1032.090,2,"",M,386.463,2,"",M,NaN,,,0,NaN,,,M,380.151,2,"",378.576,2,"",NaN,,,NaN,,
2024-12-12T11:58:01.000Z,10.567,2,"",M,59.123,2,"",M,6.000,2,"",N,5.229,2,"",M,26.957,2,"",M,5.840,2,"",M,1031.950,2,"",M,386.474,2,"",M,NaN,,,0,NaN,,,M,380.183,2,"",378.608,2,"",NaN,,,NaN,,
2024-12-12T11:59:52.000Z,10.567,2,"",M,59.123,2,"",M,6.000,2,"",N,5.222,2,"",M,26.955,2,"",M,5.860,2,"",M,1032.210,2,"",M,386.414,2,"",M,NaN,,,0,NaN,,,M,379.772,2,"",378.200,2,"",NaN,,,NaN,,
2024-12-12T12:01:43.000Z,10.568,2,"",M,59.123,2,"",M,6.000,2,"",N,5.229,2,"",M,26.951,2,"",M,5.860,2,"",M,1032.200,2,"",M,386.355,2,"",M,NaN,,,0,NaN,,,M,379.827,2,"",378.254,2,"",NaN,,,NaN,,
2024-12-12T12:03:35.000Z,10.568,2,"",M,59.123,2,"",M,6.000,2,"",N,5.227,2,"",M,26.952,2,"",M,5.850,2,"",M,1032.030,2,"",M,386.226,2,"",M,NaN,,,0,NaN,,,M,379.777,2,"",378.205,2,"",NaN,,,NaN,,
2024-12-12T12:05:26.000Z,10.568,2,"",M,59.123,2,"",M,6.000,2,"",N,5.218,2,"",M,26.946,2,"",M,5.850,2,"",M,1031.920,2,"",M,386.487,2,"",M,NaN,,,0,NaN,,,M,379.843,2,"",378.270,2,"",NaN,,,NaN,,
2024-12-12T12:07:17.000Z,10.568,2,"",M,59.123,2,"",M,6.000,2,"",N,5.218,2,"",M,26.934,2,"",M,5.850,2,"",M,1032.080,2,"",M,385.827,2,"",M,NaN,,,0,NaN,,,M,379.244,2,"",377.674,2,"",NaN,,,NaN,,
2024-12-12T12:09:09.000Z,10.569,2,"",M,59.123,2,"",M,6.000,2,"",N,5.219,2,"",M,26.929,2,"",M,5.860,2,"",M,1032.220,2,"",M,386.278,2,"",M,NaN,,,0,NaN,,,M,379.595,2,"",378.023,2,"",NaN,,,NaN,,
2024-12-12T12:11:00.000Z,10.569,2,"",M,59.123,2,"",M,6.000,2,"",N,5.234,2,"",M,26.928,2,"",M,5.850,2,"",M,1032.090,2,"",M,385.918,2,"",M,NaN,,,0,NaN,,,M,379.604,2,"",378.032,2,"",NaN,,,NaN,,
2024-12-12T12:12:52.000Z,10.569,2,"",M,59.123,2,"",M,6.000,2,"",N,5.232,2,"",M,26.930,2,"",M,5.850,2,"",M,1031.920,2,"",M,385.849,2,"",M,NaN,,,0,NaN,,,M,379.432,2,"",377.861,2,"",NaN,,,NaN,,
2024-12-12T12:14:43.000Z,10.569,2,"",M,59.123,2,"",M,6.000,2,"",N,5.233,2,"",M,26.926,2,"",M,5.850,2,"",M,1031.720,2,"",M,385.920,2,"",M,NaN,,,0,NaN,,,M,379.458,2,"",377.887,2,"",NaN,,,NaN,,
2024-12-12T12:16:34.000Z,10.569,2,"",M,59.123,2,"",M,6.000,2,"",N,5.227,2,"",M,26.922,2,"",M,5.870,2,"",M,1032.150,2,"",M,385.761,2,"",M,NaN,,,0,NaN,,,M,379.026,2,"",377.456,2,"",NaN,,,NaN,,
2024-12-12T12:18:26.000Z,10.569,2,"",M,59.123,2,"",M,6.000,2,"",N,5.225,2,"",M,26.918,2,"",M,5.860,2,"",M,1032.060,2,"",M,386.222,2,"",M,NaN,,,0,NaN,,,M,379.580,2,"",378.008,2,"",NaN,,,NaN,,
2024-12-12T12:20:17.000Z,10.569,2,"",M,59.123,2,"",M,6.000,2,"",N,5.226,2,"",M,26.914,2,"",M,5.850,2,"",M,1032.150,2,"",M,385.802,2,"",M,NaN,,,0,NaN,,,M,379.388,2,"",377.817,2,"",NaN,,,NaN,,
2024-12-12T12:22:08.000Z,10.569,2,"",M,59.123,2,"",M,6.000,2,"",N,5.225,2,"",M,26.916,2,"",M,5.840,2,"",M,1031.950,2,"",M,385.933,2,"",M,NaN,,,0,NaN,,,M,379.591,2,"",378.019,2,"",NaN,,,NaN,,
2024-12-12T12:24:00.000Z,10.569,2,"",M,59.123,2,"",M,6.000,2,"",N,5.230,2,"",M,26.915,2,"",M,5.860,2,"",M,1032.240,2,"",M,385.593,2,"",M,NaN,,,0,NaN,,,M,379.116,2,"",377.546,2,"",NaN,,,NaN,,
2024-12-12T12:26:12.000Z,10.569,2,"",M,59.123,2,"",M,6.000,2,"",N,5.231,2,"",M,26.917,2,"",M,5.870,2,"",M,1032.060,2,"",M,385.794,2,"",M,NaN,,,0,NaN,,,M,379.095,2,"",377.526,2,"",NaN,,,NaN,,
2024-12-12T12:28:03.000Z,10.569,2,"",M,59.123,2,"",M,6.000,2,"",N,5.286,2,"",M,26.935,2,"",M,5.860,2,"",M,1031.850,2,"",M,386.075,2,"",M,NaN,,,0,NaN,,,M,380.340,2,"",378.765,2,"",NaN,,,NaN,,
2024-12-12T12:29:55.000Z,10.568,2,"",M,59.123,2,"",M,6.000,2,"",N,5.437,2,"",M,27.187,2,"",M,5.880,2,"",M,1031.560,2,"",M,386.026,2,"",M,NaN,,,0,NaN,,,M,382.289,2,"",380.707,2,"",NaN,,,NaN,,
2024-12-12T12:31:46.000Z,10.567,2,"",M,59.123,2,"",M,6.000,2,"",N,5.336,2,"",M,27.254,2,"",M,6.030,2,"",M,1032.130,2,"",M,385.947,2,"",M,NaN,,,0,NaN,,,M,378.357,2,"",376.794,2,"",NaN,,,NaN,,
2024-12-12T12:33:38.000Z,10.566,2,"",M,59.123,2,"",M,6.000,2,"",N,5.264,2,"",M,26.973,2,"",M,6.000,2,"",M,1032.270,2,"",M,386.378,2,"",M,NaN,,,0,NaN,,,M,378.167,2,"",376.603,2,"",NaN,,,NaN,,
2024-12-12T12:35:29.000Z,10.565,2,"",M,59.123,2,"",M,6.000,2,"",N,5.292,2,"",M,26.985,2,"",M,5.910,2,"",M,1032.100,2,"",M,386.639,2,"",M,NaN,,,0,NaN,,,M,380.275,2,"",378.701,2,"",NaN,,,NaN,,
2024-12-12T12:37:20.000Z,10.564,2,"",M,59.123,2,"",M,6.000,2,"",N,5.258,2,"",M,27.177,2,"",M,5.900,2,"",M,1031.920,2,"",M,386.399,2,"",M,NaN,,,0,NaN,,,M,379.589,2,"",378.018,2,"",NaN,,,NaN,,
2024-12-12T12:39:12.000Z,10.564,2,"",M,59.123,2,"",M,6.000,2,"",N,5.215,2,"",M,26.928,2,"",M,5.920,2,"",M,1031.870,2,"",M,385.910,2,"",M,NaN,,,0,NaN,,,M,378.078,2,"",376.514,2,"",NaN,,,NaN,,
2024-12-12T12:41:03.000Z,10.564,2,"",M,59.123,2,"",M,6.000,2,"",N,5.298,2,"",M,27.093,2,"",M,5.860,2,"",M,1032.170,2,"",M,386.051,2,"",M,NaN,,,0,NaN,,,M,380.630,2,"",379.053,2,"",NaN,,,NaN,,
2024-12-12T12:42:54.000Z,10.564,2,"",M,59.123,2,"",M,6.000,2,"",N,5.296,2,"",M,27.014,2,"",M,5.910,2,"",M,1032.060,2,"",M,386.091,2,"",M,NaN,,,0,NaN,,,M,379.774,2,"",378.202,2,"",NaN,,,NaN,,
2024-12-12T12:44:46.000Z,10.564,2,"",M,59.123,2,"",M,6.000,2,"",N,5.218,2,"",M,26.937,2,"",M,5.910,2,"",M,1032.110,2,"",M,386.002,2,"",M,NaN,,,0,NaN,,,M,378.454,2,"",376.888,2,"",NaN,,,NaN,,
2024-12-12T12:46:37.000Z,10.564,2,"",M,59.123,2,"",M,6.000,2,"",N,5.220,2,"",M,27.186,2,"",M,5.840,2,"",M,1032.080,2,"",M,385.953,2,"",M,NaN,,,0,NaN,,,M,379.572,2,"",378.000,2,"",NaN,,,NaN,,
2024-12-12T12:48:28.000Z,10.564,2,"",M,59.123,2,"",M,6.000,2,"",N,5.215,2,"",M,26.912,2,"",M,5.910,2,"",M,1032.410,2,"",M,385.553,2,"",M,NaN,,,0,NaN,,,M,378.082,2,"",376.517,2,"",NaN,,,NaN,,
2024-12-12T12:50:20.000Z,10.564,2,"",M,59.123,2,"",M,6.000,2,"",N,5.218,2,"",M,26.908,2,"",M,5.860,2,"",M,1032.340,2,"",M,385.924,2,"",M,NaN,,,0,NaN,,,M,379.290,2,"",377.719,2,"",NaN,,,NaN,,
2024-12-12T12:52:11.000Z,10.564,2,"",M,59.123,2,"",M,6.000,2,"",N,5.215,2,"",M,26.913,2,"",M,5.840,2,"",M,1031.960,2,"",M,385.615,2,"",M,NaN,,,0,NaN,,,M,379.114,2,"",377.544,2,"",NaN,,,NaN,,
2024-12-12T12:54:03.000Z,10.564,2,"",M,59.123,2,"",M,6.000,2,"",N,5.205,2,"",M,26.903,2,"",M,5.830,2,"",M,1032.050,2,"",M,385.175,2,"",M,NaN,,,0,NaN,,,M,378.718,2,"",377.149,2,"",NaN,,,NaN,,
2024-12-12T12:55:54.000Z,10.564,2,"",M,59.123,2,"",M,6.000,2,"",N,5.261,2,"",M,26.914,2,"",M,5.850,2,"",M,1032.240,2,"",M,384.945,2,"",M,NaN,,,0,NaN,,,M,379.132,2,"",377.561,2,"",NaN,,,NaN,,
2024-12-12T12:57:45.000Z,10.563,2,"",M,59.123,2,"",M,6.000,2,"",N,5.632,2,"",M,27.404,2,"",M,5.880,2,"",M,1032.400,2,"",M,385.377,2,"",M,NaN,,,0,NaN,,,M,385.120,2,"",383.525,2,"",NaN,,,NaN,,
2024-12-12T12:59:37.000Z,10.563,2,"",M,59.123,2,"",M,6.000,2,"",N,5.499,2,"",M,27.464,2,"",M,6.180,2,"",M,1032.220,2,"",M,385.387,2,"",M,NaN,,,0,NaN,,,M,378.018,2,"",376.459,2,"",NaN,,,NaN,,
2024-12-12T13:01:28.000Z,10.562,2,"",M,59.122,2,"",M,6.000,2,"",N,5.417,2,"",M,27.309,2,"",M,6.140,2,"",M,1032.010,2,"",M,386.329,2,"",M,NaN,,,0,NaN,,,M,378.194,2,"",376.633,2,"",NaN,,,NaN,,
2024-12-12T13:03:19.000Z,10.561,2,"",M,59.122,2,"",M,6.000,2,"",N,5.479,2,"",M,27.298,2,"",M,6.060,2,"",M,1032.037,2,"",M,386.670,2,"",M,NaN,,,0,NaN,,,M,380.845,2,"",379.272,2,"",NaN,,,NaN,,
2024-12-12T13:05:11.000Z,10.561,2,"",M,59.122,2,"",M,6.000,2,"",N,5.726,2,"",M,27.812,2,"",M,6.080,2,"",M,1032.283,2,"",M,386.401,2,"",M,NaN,,,0,NaN,,,M,384.333,2,"",382.746,2,"",NaN,,,NaN,,
2024-12-12T13:07:02.000Z,10.561,2,"",M,59.122,2,"",M,6.000,2,"",N,5.510,2,"",M,27.300,2,"",M,6.460,2,"",M,1032.160,2,"",M,386.962,2,"",M,NaN,,,0,NaN,,,M,375.174,2,"",373.633,2,"",NaN,,,NaN,,
2024-12-12T13:08:53.000Z,10.562,2,"",M,59.123,2,"",M,6.000,2,"",N,5.180,2,"",M,27.180,2,"",M,6.110,2,"",M,1031.890,2,"",M,387.724,2,"",M,NaN,,,0,NaN,,,M,376.216,2,"",374.663,2,"",NaN,,,NaN,,
2024-12-12T13:10:45.000Z,10.562,2,"",M,59.123,2,"",M,6.000,2,"",N,5.152,2,"",M,26.856,2,"",M,5.880,2,"",M,1031.870,2,"",M,387.194,2,"",M,NaN,,,0,NaN,,,M,378.967,2,"",377.398,2,"",NaN,,,NaN,,
2024-12-12T13:12:36.000Z,10.562,2,"",M,59.124,2,"",M,6.000,2,"",N,5.144,2,"",M,26.897,2,"",M,5.810,2,"",M,1032.250,2,"",M,385.843,2,"",M,NaN,,,0,NaN,,,M,378.803,2,"",377.233,2,"",NaN,,,NaN,,
2024-12-12T13:14:28.000Z,10.561,2,"",M,59.125,2,"",M,6.000,2,"",N,5.192,2,"",M,26.923,2,"",M,5.840,2,"",M,1032.175,2,"",M,384.783,2,"",M,NaN,,,0,NaN,,,M,378.006,2,"",376.440,2,"",NaN,,,NaN,,
2024-12-12T13:16:20.000Z,10.560,2,"",M,59.126,2,"",M,6.000,2,"",N,5.169,2,"",M,26.882,2,"",M,5.830,2,"",M,1031.930,2,"",M,384.703,2,"",M,NaN,,,0,NaN,,,M,377.638,2,"",376.074,2,"",NaN,,,NaN,,
2024-12-12T13:18:12.000Z,10.558,2,"",M,59.127,2,"",M,6.000,2,"",N,5.133,2,"",M,26.875,2,"",M,5.790,2,"",M,1031.760,2,"",M,384.454,2,"",M,NaN,,,0,NaN,,,M,377.399,2,"",375.835,2,"",NaN,,,NaN,,
2024-12-12T13:20:03.000Z,10.557,2,"",M,59.129,2,"",M,6.000,2,"",N,5.124,2,"",M,26.852,2,"",M,5.770,2,"",M,1031.840,2,"",M,384.454,2,"",M,NaN,,,0,NaN,,,M,377.605,2,"",376.040,2,"",NaN,,,NaN,,
2024-12-12T13:21:54.000Z,10.556,2,"",M,59.130,2,"",M,6.000,2,"",N,5.138,2,"",M,26.870,2,"",M,5.770,2,"",M,1032.290,2,"",M,384.405,2,"",M,NaN,,,0,NaN,,,M,377.948,2,"",376.381,2,"",NaN,,,NaN,,
2024-12-12T13:23:46.000Z,10.555,2,"",M,59.131,2,"",M,6.000,2,"",N,5.303,2,"",M,26.924,2,"",M,5.780,2,"",M,1032.220,2,"",M,384.356,2,"",M,NaN,,,0,NaN,,,M,380.357,2,"",378.780,2,"",NaN,,,NaN,,
2024-12-12T13:25:58.000Z,10.555,2,"",M,59.131,2,"",M,6.000,2,"",N,5.237,2,"",M,26.884,2,"",M,5.880,2,"",M,1032.099,2,"",M,384.657,2,"",M,NaN,,,0,NaN,,,M,377.921,2,"",376.357,2,"",NaN,,,NaN,,
2024-12-12T13:27:49.000Z,10.555,2,"",M,59.131,2,"",M,6.000,2,"",N,5.394,2,"",M,26.984,2,"",M,5.820,2,"",M,1032.224,2,"",M,384.678,2,"",M,NaN,,,0,NaN,,,M,381.501,2,"",379.920,2,"",NaN,,,NaN,,
2024-12-12T13:29:41.000Z,10.555,2,"",M,59.131,2,"",M,6.000,2,"",N,5.151,2,"",M,26.887,2,"",M,5.950,2,"",M,1032.440,2,"",M,384.318,2,"",M,NaN,,,0,NaN,,,M,375.216,2,"",373.664,2,"",NaN,,,NaN,,
2024-12-12T13:31:32.000Z,10.555,2,"",M,59.131,2,"",M,6.000,2,"",N,5.248,2,"",M,26.868,2,"",M,5.800,2,"",M,1032.370,2,"",M,384.809,2,"",M,NaN,,,0,NaN,,,M,379.646,2,"",378.073,2,"",NaN,,,NaN,,
2024-12-12T13:33:23.000Z,10.555,2,"",M,59.131,2,"",M,6.000,2,"",N,5.138,2,"",M,26.877,2,"",M,5.800,2,"",M,1032.250,2,"",M,384.770,2,"",M,NaN,,,0,NaN,,,M,377.816,2,"",376.250,2,"",NaN,,,NaN,,
2024-12-12T13:35:15.000Z,10.555,2,"",M,59.131,2,"",M,6.000,2,"",N,5.193,2,"",M,26.961,2,"",M,5.760,2,"",M,1031.990,2,"",M,383.860,2,"",M,NaN,,,0,NaN,,,M,378.350,2,"",376.781,2,"",NaN,,,NaN,,
2024-12-12T13:37:06.000Z,10.555,2,"",M,59.131,2,"",M,6.000,2,"",N,5.133,2,"",M,26.871,2,"",M,5.850,2,"",M,1032.480,2,"",M,384.191,2,"",M,NaN,,,0,NaN,,,M,376.430,2,"",374.870,2,"",NaN,,,NaN,,
2024-12-12T13:38:58.000Z,10.555,2,"",M,59.131,2,"",M,6.000,2,"",N,5.120,2,"",M,26.856,2,"",M,5.780,2,"",M,1032.390,2,"",M,384.602,2,"",M,NaN,,,0,NaN,,,M,377.724,2,"",376.158,2,"",NaN,,,NaN,,
2024-12-12T13:40:49.000Z,10.555,2,"",M,59.131,2,"",M,6.000,2,"",N,5.118,2,"",M,26.855,2,"",M,5.750,2,"",M,1032.180,2,"",M,384.213,2,"",M,NaN,,,0,NaN,,,M,377.725,2,"",376.159,2,"",NaN,,,NaN,,
2024-12-12T13:42:40.000Z,10.555,2,"",M,59.130,2,"",M,6.000,2,"",N,5.114,2,"",M,26.850,2,"",M,5.740,2,"",M,1031.950,2,"",M,384.293,2,"",M,NaN,,,0,NaN,,,M,377.813,2,"",376.246,2,"",NaN,,,NaN,,
2024-12-12T13:44:32.000Z,10.555,2,"",M,59.130,2,"",M,6.000,2,"",N,5.114,2,"",M,26.851,2,"",M,5.750,2,"",M,1032.090,2,"",M,383.834,2,"",M,NaN,,,0,NaN,,,M,377.255,2,"",375.690,2,"",NaN,,,NaN,,
2024-12-12T13:46:23.000Z,10.555,2,"",M,59.130,2,"",M,6.000,2,"",N,5.103,2,"",M,26.851,2,"",M,5.750,2,"",M,1032.170,2,"",M,384.065,2,"",M,NaN,,,0,NaN,,,M,377.335,2,"",375.770,2,"",NaN,,,NaN,,
2024-12-12T13:48:14.000Z,10.555,2,"",M,59.130,2,"",M,6.000,2,"",N,5.099,2,"",M,26.849,2,"",M,5.740,2,"",M,1032.240,2,"",M,384.045,2,"",M,NaN,,,0,NaN,,,M,377.450,2,"",375.884,2,"",NaN,,,NaN,,
2024-12-12T13:50:06.000Z,10.555,2,"",M,59.130,2,"",M,6.000,2,"",N,5.095,2,"",M,26.850,2,"",M,5.720,2,"",M,1031.930,2,"",M,384.006,2,"",M,NaN,,,0,NaN,,,M,377.550,2,"",375.984,2,"",NaN,,,NaN,,
2024-12-12T13:51:57.000Z,10.555,2,"",M,59.130,2,"",M,6.000,2,"",N,5.097,2,"",M,26.848,2,"",M,5.720,2,"",M,1031.960,2,"",M,383.626,2,"",M,NaN,,,0,NaN,,,M,377.219,2,"",375.654,2,"",NaN,,,NaN,,
2024-12-12T13:53:49.000Z,10.555,2,"",M,59.129,2,"",M,6.000,2,"",N,5.084,2,"",M,26.845,2,"",M,5.740,2,"",M,1032.250,2,"",M,383.477,2,"",M,NaN,,,0,NaN,,,M,376.654,2,"",375.092,2,"",NaN,,,NaN,,
2024-12-12T13:55:41.000Z,10.555,2,"",M,59.129,2,"",M,6.000,2,"",N,5.083,2,"",M,26.842,2,"",M,5.720,2,"",M,1032.240,2,"",M,383.638,2,"",M,NaN,,,0,NaN,,,M,377.118,2,"",375.553,2,"",NaN,,,NaN,,
2024-12-12T13:57:32.000Z,10.555,2,"",M,59.129,2,"",M,6.000,2,"",N,5.077,2,"",M,26.840,2,"",M,5.710,2,"",M,1032.070,2,"",M,383.388,2,"",M,NaN,,,0,NaN,,,M,376.873,2,"",375.309,2,"",NaN,,,NaN,,
2024-12-12T13:59:24.000Z,10.555,2,"",M,59.129,2,"",M,6.000,2,"",N,5.252,2,"",M,26.863,2,"",M,5.700,2,"",M,1031.890,2,"",M,383.459,2,"",M,NaN,,,0,NaN,,,M,379.833,2,"",378.257,2,"",NaN,,,NaN,,
2024-12-12T14:01:15.000Z,10.555,2,"",M,59.129,2,"",M,6.000,2,"",N,5.076,2,"",M,26.880,2,"",M,5.780,2,"",M,1032.200,2,"",M,382.749,2,"",M,NaN,,,0,NaN,,,M,375.135,2,"",373.580,2,"",NaN,,,NaN,,
2024-12-12T14:03:07.000Z,10.555,2,"",M,59.129,2,"",M,6.000,2,"",N,5.041,2,"",M,26.824,2,"",M,5.730,2,"",M,1032.210,2,"",M,383.511,2,"",M,NaN,,,0,NaN,,,M,376.138,2,"",374.578,2,"",NaN,,,NaN,,
2024-12-12T14:04:58.000Z,10.555,2,"",M,59.129,2,"",M,6.000,2,"",N,5.040,2,"",M,26.813,2,"",M,5.680,2,"",M,1032.070,2,"",M,383.281,2,"",M,NaN,,,0,NaN,,,M,376.652,2,"",375.089,2,"",NaN,,,NaN,,
2024-12-12T14:06:49.000Z,10.555,2,"",M,59.129,2,"",M,6.000,2,"",N,5.041,2,"",M,26.815,2,"",M,5.660,2,"",M,1031.880,2,"",M,382.851,2,"",M,NaN,,,0,NaN,,,M,376.510,2,"",374.947,2,"",NaN,,,NaN,,
2024-12-12T14:08:41.000Z,10.555,2,"",M,59.129,2,"",M,6.000,2,"",N,5.033,2,"",M,26.814,2,"",M,5.680,2,"",M,1032.040,2,"",M,382.752,2,"",M,NaN,,,0,NaN,,,M,376.014,2,"",374.454,2,"",NaN,,,NaN,,
2024-12-12T14:10:32.000Z,10.555,2,"",M,59.129,2,"",M,6.000,2,"",N,5.034,2,"",M,26.808,2,"",M,5.680,2,"",M,1032.390,2,"",M,382.593,2,"",M,NaN,,,0,NaN,,,M,375.999,2,"",374.437,2,"",NaN,,,NaN,,
2024-12-12T14:12:23.000Z,10.556,2,"",M,59.130,2,"",M,6.000,2,"",N,5.027,2,"",M,27.008,2,"",M,5.670,2,"",M,1032.200,2,"",M,382.783,2,"",M,NaN,,,0,NaN,,,M,376.168,2,"",374.607,2,"",NaN,,,NaN,,
2024-12-12T14:14:15.000Z,10.562,2,"",M,59.131,2,"",M,6.000,2,"",N,5.037,2,"",M,26.780,2,"",M,5.740,2,"",M,1032.100,2,"",M,382.324,2,"",M,NaN,,,0,NaN,,,M,374.714,2,"",373.160,2,"",NaN,,,NaN,,
2024-12-12T14:16:06.000Z,10.570,2,"",M,59.131,2,"",M,6.000,2,"",N,5.045,2,"",M,26.808,2,"",M,5.640,2,"",M,1032.030,2,"",M,382.415,2,"",M,NaN,,,0,NaN,,,M,376.515,2,"",374.951,2,"",NaN,,,NaN,,
2024-12-12T14:17:57.000Z,10.580,2,"",M,59.132,2,"",M,6.000,2,"",N,5.120,2,"",M,26.758,2,"",M,5.700,2,"",M,1032.420,2,"",M,381.875,2,"",M,NaN,,,0,NaN,,,M,376.356,2,"",374.794,2,"",NaN,,,NaN,,
2024-12-12T14:19:49.000Z,10.590,2,"",M,59.132,2,"",M,6.000,2,"",N,5.100,2,"",M,26.767,2,"",M,5.720,2,"",M,1032.420,2,"",M,381.555,2,"",M,NaN,,,0,NaN,,,M,375.401,2,"",373.843,2,"",NaN,,,NaN,,
2024-12-12T14:21:40.000Z,10.600,2,"",M,59.132,2,"",M,6.000,2,"",N,5.226,2,"",M,26.795,2,"",M,5.710,2,"",M,1032.230,2,"",M,381.396,2,"",M,NaN,,,0,NaN,,,M,377.330,2,"",375.765,2,"",NaN,,,NaN,,
2024-12-12T14:23:31.000Z,10.610,2,"",M,59.133,2,"",M,6.000,2,"",N,5.343,2,"",M,26.842,2,"",M,5.800,2,"",M,1032.110,2,"",M,383.268,2,"",M,NaN,,,0,NaN,,,M,379.566,2,"",377.993,2,"",NaN,,,NaN,,
2024-12-12T14:25:23.000Z,10.620,2,"",M,59.133,2,"",M,6.000,2,"",N,5.435,2,"",M,26.889,2,"",M,5.930,2,"",M,1032.340,2,"",M,385.942,2,"",M,NaN,,,0,NaN,,,M,381.651,2,"",380.071,2,"",NaN,,,NaN,,
2024-12-12T14:27:35.000Z,10.632,2,"",M,59.133,2,"",M,6.000,2,"",N,5.559,2,"",M,26.926,2,"",M,6.050,2,"",M,1032.460,2,"",M,388.866,2,"",M,NaN,,,0,NaN,,,M,384.615,2,"",383.026,2,"",NaN,,,NaN,,
2024-12-12T14:29:27.000Z,10.643,2,"",M,59.133,2,"",M,6.000,2,"",N,5.746,2,"",M,27.026,2,"",M,6.130,2,"",M,1032.310,2,"",M,392.181,2,"",M,NaN,,,0,NaN,,,M,389.580,2,"",387.972,2,"",NaN,,,NaN,,
2024-12-12T14:31:18.000Z,10.653,2,"",M,59.133,2,"",M,6.000,2,"",N,5.926,2,"",I,26.929,2,"",M,6.235,2,"",I,1032.230,2,"",M,394.895,2,"",M,NaN,,,0,NaN,,,M,393.465,2,"",391.843,2,"",NaN,,,NaN,,
2024-12-12T14:35:47.000Z,10.678,2,"",M,59.134,2,"",M,6.000,2,"",N,NaN,,,M,NaN,,,M,NaN,,,M,NaN,,,M,NaN,,,0,NaN,,,0,NaN,,,M,NaN,,,NaN,,,NaN,,,NaN,,
2024-12-12T14:37:36.000Z,10.688,2,"",M,59.134,2,"",M,6.000,2,"",N,NaN,,,M,NaN,,,M,NaN,,,M,NaN,,,M,NaN,,,0,NaN,,,0,NaN,,,M,NaN,,,NaN,,,NaN,,,NaN,,
2024-12-12T14:39:25.000Z,10.698,2,"",M,59.134,2,"",M,6.000,2,"",N,NaN,,,M,NaN,,,M,NaN,,,M,NaN,,,M,NaN,,,0,NaN,,,0,NaN,,,M,NaN,,,NaN,,,NaN,,,NaN,,
2024-12-12T14:43:54.000Z,10.723,2,"",M,59.133,2,"",M,6.000,2,"",N,NaN,,,M,NaN,,,M,NaN,,,M,NaN,,,M,NaN,,,0,NaN,,,0,NaN,,,M,NaN,,,NaN,,,NaN,,,NaN,,
2024-12-12T14:45:43.000Z,10.733,2,"",M,59.132,2,"",M,6.000,2,"",N,NaN,,,M,NaN,,,M,NaN,,,M,NaN,,,M,NaN,,,0,NaN,,,0,NaN,,,M,NaN,,,NaN,,,NaN,,,NaN,,
2024-12-12T14:47:32.000Z,10.743,2,"",M,59.130,2,"",M,6.000,2,"",N,NaN,,,M,NaN,,,M,NaN,,,M,NaN,,,M,NaN,,,0,NaN,,,0,NaN,,,M,NaN,,,NaN,,,NaN,,,NaN,,
2024-12-12T14:52:01.000Z,10.767,2,"",M,59.125,2,"",M,6.000,2,"",N,NaN,,,M,NaN,,,M,NaN,,,M,NaN,,,M,NaN,,,0,NaN,,,0,NaN,,,M,NaN,,,NaN,,,NaN,,,NaN,,
2024-12-12T14:53:50.000Z,10.774,2,"",M,59.121,2,"",M,6.000,2,"",N,NaN,,,M,NaN,,,M,NaN,,,M,NaN,,,M,NaN,,,0,NaN,,,0,NaN,,,M,NaN,,,NaN,,,NaN,,,NaN,,
2024-12-12T14:55:39.000Z,10.780,2,"",M,59.117,2,"",M,6.000,2,"",N,NaN,,,M,NaN,,,M,NaN,,,M,NaN,,,M,NaN,,,0,NaN,,,0,NaN,,,M,NaN,,,NaN,,,NaN,,,NaN,,
2024-12-12T15:00:08.000Z,10.793,2,"",M,59.106,2,"",M,6.000,2,"",N,5.797,2,"",M,27.649,2,"",M,NaN,,,M,NaN,,,M,NaN,,,0,441.032,2,"",M,1032.500,2,"",M,NaN,,,NaN,,,446.562,2,"",444.706,2,""
2024-12-12T15:01:57.000Z,10.796,2,"",M,59.104,2,"",M,6.000,2,"",N,6.276,2,"",M,27.938,2,"",M,NaN,,,M,NaN,,,M,NaN,,,0,441.011,2,"",M,1032.500,2,"",M,NaN,,,NaN,,,446.406,2,"",444.562,2,""
2024-12-12T15:03:46.000Z,10.797,2,"",M,59.102,2,"",M,6.000,2,"",N,7.058,2,"",M,28.554,2,"",M,NaN,,,M,NaN,,,M,NaN,,,0,441.960,2,"",M,1032.400,2,"",M,NaN,,,NaN,,,447.096,2,"",445.268,2,""
2024-12-12T15:05:36.000Z,10.796,2,"",M,59.101,2,"",M,6.000,2,"",N,6.460,2,"",M,28.320,2,"",M,NaN,,,M,NaN,,,M,NaN,,,0,442.860,2,"",M,1032.200,2,"",M,NaN,,,NaN,,,448.094,2,"",446.248,2,""
2024-12-12T15:07:25.000Z,10.795,2,"",M,59.101,2,"",M,6.000,2,"",N,6.122,2,"",M,27.964,2,"",M,NaN,,,M,NaN,,,M,NaN,,,0,442.818,2,"",M,1032.200,2,"",M,NaN,,,NaN,,,448.148,2,"",446.294,2,""
2024-12-12T15:12:35.000Z,10.795,2,"",M,59.101,2,"",M,6.000,2,"",N,6.470,3,"ΔT out of range",M,28.821,2,"",M,7.580,3,"ΔT out of range",M,1032.530,2,"",M,403.971,2,"",M,NaN,,,0,NaN,,,M,388.884,3,"Equilibrator Temperature ΔT out of range (32);Water Temperature ΔT out of range (24)",387.309,3,"Equilibrator Temperature ΔT out of range (32);Water Temperature ΔT out of range (24)",NaN,,,NaN,,
2024-12-12T15:14:26.000Z,10.794,2,"",M,59.102,2,"",M,6.000,2,"",N,5.796,3,"ΔT out of range",M,28.005,2,"",M,7.270,3,"ΔT out of range",M,1032.790,2,"",M,406.933,2,"",M,NaN,,,0,NaN,,,M,385.928,3,"Equilibrator Temperature ΔT out of range (31);Water Temperature ΔT out of range (6)",384.358,3,"Equilibrator Temperature ΔT out of range (31);Water Temperature ΔT out of range (6)",NaN,,,NaN,,
2024-12-12T15:16:18.000Z,10.794,2,"",M,59.102,2,"",M,6.000,2,"",N,5.811,2,"",M,27.870,2,"",M,6.550,2,"",M,1032.720,2,"",M,404.309,2,"",M,NaN,,,0,NaN,,,M,395.693,2,"",394.069,2,"",NaN,,,NaN,,
2024-12-12T15:18:09.000Z,10.794,2,"",M,59.102,2,"",M,6.000,2,"",N,5.725,2,"",M,27.871,2,"",M,6.430,2,"",M,1032.540,2,"",M,396.009,2,"",M,NaN,,,0,NaN,,,M,388.094,2,"",386.499,2,"",NaN,,,NaN,,
2024-12-12T15:20:00.000Z,10.793,2,"",M,59.102,2,"",M,6.000,2,"",N,5.805,2,"",M,27.839,2,"",M,6.360,2,"",M,1032.390,2,"",M,391.112,2,"",M,NaN,,,0,NaN,,,M,385.694,2,"",384.106,2,"",NaN,,,NaN,,
2024-12-12T15:21:52.000Z,10.793,2,"",M,59.103,2,"",M,6.000,2,"",N,5.816,2,"",M,27.832,2,"",M,6.390,2,"",M,1032.610,2,"",M,388.428,2,"",M,NaN,,,0,NaN,,,M,382.821,2,"",381.246,2,"",NaN,,,NaN,,
2024-12-12T15:23:43.000Z,10.792,2,"",M,59.103,2,"",M,6.000,2,"",N,5.826,2,"",M,27.888,2,"",M,6.400,2,"",M,1032.960,2,"",M,387.646,2,"",M,NaN,,,0,NaN,,,M,382.177,2,"",380.605,2,"",NaN,,,NaN,,
2024-12-12T15:25:35.000Z,10.792,2,"",M,59.103,2,"",M,6.000,2,"",N,6.900,2,"",M,28.650,2,"",M,6.440,2,"",M,1032.830,2,"",M,387.715,2,"",M,NaN,,,0,NaN,,,M,399.268,2,"",397.626,2,"",NaN,,,NaN,,
2024-12-12T15:27:47.000Z,10.792,2,"",M,59.103,2,"",M,6.000,2,"",N,7.140,2,"",M,28.838,2,"",M,7.340,2,"",M,1032.640,2,"",M,393.950,2,"",M,NaN,,,0,NaN,,,M,394.220,2,"",392.618,2,"",NaN,,,NaN,,
2024-12-12T15:29:38.000Z,10.792,2,"",M,59.103,2,"",M,6.000,2,"",N,7.116,2,"",M,28.996,2,"",M,7.590,2,"",M,1032.710,2,"",M,402.327,2,"",M,NaN,,,0,NaN,,,M,397.925,2,"",396.314,2,"",NaN,,,NaN,,
2024-12-12T15:31:30.000Z,10.792,2,"",M,59.103,2,"",M,6.000,2,"",N,6.930,2,"",M,28.971,2,"",M,7.690,2,"",M,1032.910,2,"",M,406.570,2,"",M,NaN,,,0,NaN,,,M,397.327,2,"",395.720,2,"",NaN,,,NaN,,
2024-12-12T15:33:21.000Z,10.792,2,"",M,59.103,2,"",M,6.000,2,"",N,7.073,2,"",M,28.921,2,"",M,7.570,2,"",M,1032.810,2,"",M,409.983,2,"",M,NaN,,,0,NaN,,,M,405.151,2,"",403.509,2,"",NaN,,,NaN,,
2024-12-12T15:35:14.000Z,10.792,2,"",M,59.103,2,"",M,6.000,2,"",N,7.085,2,"",M,28.966,2,"",M,7.590,2,"",M,1032.680,2,"",M,408.980,2,"",M,NaN,,,0,NaN,,,M,403.969,2,"",402.332,2,"",NaN,,,NaN,,
2024-12-12T15:37:05.000Z,10.792,2,"",M,59.103,2,"",M,6.000,2,"",N,7.113,2,"",M,28.948,2,"",M,7.640,2,"",M,1032.610,2,"",M,408.909,2,"",M,NaN,,,0,NaN,,,M,403.469,2,"",401.836,2,"",NaN,,,NaN,,
2024-12-12T15:38:57.000Z,10.792,2,"",M,59.103,2,"",M,6.000,2,"",N,7.131,2,"",M,29.001,2,"",M,7.700,2,"",M,1032.880,2,"",M,410.489,2,"",M,NaN,,,0,NaN,,,M,404.408,2,"",402.772,2,"",NaN,,,NaN,,
2024-12-12T15:40:48.000Z,10.792,2,"",M,59.103,2,"",M,6.000,2,"",N,7.123,2,"",M,29.035,2,"",M,7.710,2,"",M,1032.780,2,"",M,411.088,2,"",M,NaN,,,0,NaN,,,M,404.635,2,"",402.998,2,"",NaN,,,NaN,,
2024-12-12T15:42:39.000Z,10.792,2,"",M,59.103,2,"",M,6.000,2,"",N,7.120,2,"",M,28.978,2,"",M,7.720,2,"",M,1032.620,2,"",M,411.277,2,"",M,NaN,,,0,NaN,,,M,404.536,2,"",402.900,2,"",NaN,,,NaN,,
2024-12-12T15:44:31.000Z,10.792,2,"",M,59.103,2,"",M,6.000,2,"",N,7.036,2,"",M,28.947,2,"",M,7.700,2,"",M,1032.500,2,"",M,411.225,2,"",M,NaN,,,0,NaN,,,M,403.348,2,"",401.717,2,"",NaN,,,NaN,,
2024-12-12T15:46:22.000Z,10.793,2,"",M,59.103,2,"",M,6.000,2,"",N,6.740,2,"",M,28.991,2,"",M,7.660,2,"",M,1032.780,2,"",M,411.154,2,"",M,NaN,,,0,NaN,,,M,399.066,2,"",397.451,2,"",NaN,,,NaN,,
2024-12-12T15:48:13.000Z,10.793,2,"",M,59.103,2,"",M,6.000,2,"",N,6.879,2,"",M,28.693,2,"",M,7.520,2,"",M,1033.040,2,"",M,410.502,2,"",M,NaN,,,0,NaN,,,M,403.299,2,"",401.664,2,"",NaN,,,NaN,,
2024-12-12T15:50:05.000Z,10.793,2,"",M,59.103,2,"",M,6.000,2,"",N,6.894,2,"",M,28.812,2,"",M,7.440,2,"",M,1032.875,2,"",M,408.659,2,"",M,NaN,,,0,NaN,,,M,403.053,2,"",401.417,2,"",NaN,,,NaN,,
2024-12-12T15:51:56.000Z,10.793,2,"",M,59.103,2,"",M,6.000,2,"",N,6.995,2,"",M,28.789,2,"",M,7.480,2,"",M,1032.770,2,"",M,407.006,2,"",M,NaN,,,0,NaN,,,M,402.421,2,"",400.789,2,"",NaN,,,NaN,,
2024-12-12T15:53:47.000Z,10.793,2,"",M,59.103,2,"",M,6.000,2,"",N,7.006,2,"",M,28.888,2,"",M,7.550,2,"",M,1032.830,2,"",M,406.924,2,"",M,NaN,,,0,NaN,,,M,401.341,2,"",399.715,2,"",NaN,,,NaN,,
2024-12-12T15:55:39.000Z,10.793,2,"",M,59.103,2,"",M,6.000,2,"",N,7.047,2,"",M,28.934,2,"",M,7.600,2,"",M,1032.950,2,"",M,408.174,2,"",M,NaN,,,0,NaN,,,M,402.441,2,"",400.811,2,"",NaN,,,NaN,,
2024-12-12T15:57:30.000Z,10.793,2,"",M,59.103,2,"",M,6.000,2,"",N,7.125,2,"",M,28.971,2,"",M,7.620,2,"",M,1032.730,2,"",M,409.194,2,"",M,NaN,,,0,NaN,,,M,404.355,2,"",402.718,2,"",NaN,,,NaN,,
2024-12-12T15:59:22.000Z,10.793,2,"",M,59.103,2,"",M,6.000,2,"",N,7.115,2,"",M,29.123,2,"",M,7.660,2,"",M,1032.480,2,"",M,409.953,2,"",M,NaN,,,0,NaN,,,M,404.137,2,"",402.502,2,"",NaN,,,NaN,,
2024-12-12T16:01:14.000Z,10.793,2,"",M,59.103,2,"",M,6.000,2,"",N,7.139,2,"",M,29.116,2,"",M,7.690,2,"",M,1032.770,2,"",M,410.392,2,"",M,NaN,,,0,NaN,,,M,404.581,2,"",402.944,2,"",NaN,,,NaN,,
2024-12-12T16:03:06.000Z,10.793,2,"",M,59.103,2,"",M,6.000,2,"",N,7.171,2,"",M,29.185,2,"",M,7.730,2,"",M,1033.010,2,"",M,410.511,2,"",M,NaN,,,0,NaN,,,M,404.647,2,"",403.010,2,"",NaN,,,NaN,,
2024-12-12T16:04:57.000Z,10.793,2,"",M,59.103,2,"",M,6.000,2,"",N,7.161,2,"",M,29.166,2,"",M,7.750,2,"",M,1033.120,2,"",M,411.170,2,"",M,NaN,,,0,NaN,,,M,404.819,2,"",403.183,2,"",NaN,,,NaN,,
2024-12-12T16:06:48.000Z,10.793,2,"",M,59.103,2,"",M,6.000,2,"",N,7.179,2,"",M,29.145,2,"",M,7.740,2,"",M,1032.700,2,"",M,411.449,2,"",M,NaN,,,0,NaN,,,M,405.407,2,"",403.768,2,"",NaN,,,NaN,,
2024-12-12T16:08:40.000Z,10.793,2,"",M,59.103,2,"",M,6.000,2,"",N,7.175,2,"",M,29.144,2,"",M,7.760,2,"",M,1032.640,2,"",M,412.018,2,"",M,NaN,,,0,NaN,,,M,405.531,2,"",403.892,2,"",NaN,,,NaN,,
2024-12-12T16:10:31.000Z,10.793,2,"",M,59.103,2,"",M,6.000,2,"",N,7.170,2,"",M,29.092,2,"",M,7.760,2,"",M,1032.910,2,"",M,411.716,2,"",M,NaN,,,0,NaN,,,M,405.245,2,"",403.607,2,"",NaN,,,NaN,,
2024-12-12T16:12:22.000Z,10.793,2,"",M,59.103,2,"",M,6.000,2,"",N,7.165,2,"",M,29.123,2,"",M,7.770,2,"",M,1032.870,2,"",M,412.085,2,"",M,NaN,,,0,NaN,,,M,405.332,2,"",403.694,2,"",NaN,,,NaN,,
2024-12-12T16:14:14.000Z,10.793,2,"",M,59.103,2,"",M,6.000,2,"",N,7.168,2,"",M,29.139,2,"",M,7.770,2,"",M,1032.710,2,"",M,412.374,2,"",M,NaN,,,0,NaN,,,M,405.611,2,"",403.972,2,"",NaN,,,NaN,,
2024-12-12T16:16:05.000Z,10.793,2,"",M,59.104,2,"",M,6.000,2,"",N,7.146,2,"",M,29.091,2,"",M,7.750,2,"",M,1032.440,2,"",M,412.243,2,"",M,NaN,,,0,NaN,,,M,405.339,2,"",403.701,2,"",NaN,,,NaN,,
2024-12-12T16:17:56.000Z,10.795,2,"",M,59.104,2,"",M,6.000,2,"",N,6.960,2,"",M,29.107,2,"",M,7.720,2,"",M,1032.590,2,"",M,412.051,2,"",M,NaN,,,0,NaN,,,M,402.564,2,"",400.936,2,"",NaN,,,NaN,,
2024-12-12T16:19:48.000Z,10.795,2,"",M,59.104,2,"",M,6.000,2,"",N,6.819,2,"",I,28.940,2,"",M,7.425,2,"",I,1032.670,2,"",M,411.259,2,"",M,NaN,,,0,NaN,,,M,404.525,2,"",402.883,2,"",NaN,,,NaN,,
2024-12-12T16:21:39.000Z,10.796,2,"",M,59.102,2,"",M,6.000,2,"",N,6.679,2,"",I,28.217,2,"",M,7.132,2,"",I,1032.720,2,"",M,410.006,2,"",M,NaN,,,0,NaN,,,M,406.000,2,"",404.346,2,"",NaN,,,NaN,,
2024-12-12T16:23:30.000Z,10.799,2,"",M,59.099,2,"",M,6.000,2,"",N,6.539,2,"",M,28.301,2,"",M,6.840,2,"",M,1032.430,2,"",M,406.822,2,"",M,NaN,,,0,NaN,,,M,405.416,2,"",403.758,2,"",NaN,,,NaN,,
2024-12-12T16:25:22.000Z,10.803,2,"",M,59.095,2,"",M,6.000,2,"",N,6.495,2,"",M,28.402,2,"",M,7.030,2,"",M,1032.580,2,"",M,402.807,2,"",M,NaN,,,0,NaN,,,M,397.470,2,"",395.849,2,"",NaN,,,NaN,,
2024-12-12T16:27:34.000Z,10.805,2,"",M,59.089,2,"",M,6.000,2,"",N,6.199,2,"",M,28.371,2,"",M,7.090,2,"",M,1032.790,2,"",M,403.926,2,"",M,NaN,,,0,NaN,,,M,392.677,2,"",391.076,2,"",NaN,,,NaN,,
2024-12-12T16:29:26.000Z,10.806,2,"",M,59.085,2,"",M,6.000,2,"",N,6.110,2,"",M,28.263,2,"",M,6.870,2,"",M,1032.740,2,"",M,404.636,2,"",M,NaN,,,0,NaN,,,M,395.587,2,"",393.969,2,"",NaN,,,NaN,,
2024-12-12T16:31:17.000Z,10.806,2,"",M,59.080,2,"",M,6.000,2,"",N,6.091,2,"",M,28.242,2,"",M,6.780,2,"",M,1032.520,2,"",M,402.672,2,"",M,NaN,,,0,NaN,,,M,394.797,2,"",393.181,2,"",NaN,,,NaN,,
2024-12-12T16:33:08.000Z,10.805,2,"",M,59.075,2,"",M,6.000,2,"",N,6.833,2,"",M,28.333,2,"",M,6.600,2,"",M,1032.340,2,"",M,399.278,2,"",M,NaN,,,0,NaN,,,M,407.010,2,"",405.341,2,"",NaN,,,NaN,,
2024-12-12T16:35:00.000Z,10.797,2,"",M,59.073,2,"",M,6.000,2,"",N,6.660,2,"",M,28.690,2,"",M,7.290,2,"",M,1032.820,2,"",M,398.416,2,"",M,NaN,,,0,NaN,,,M,391.575,2,"",389.983,2,"",NaN,,,NaN,,
2024-12-12T16:36:51.000Z,10.789,2,"",M,59.072,2,"",M,6.000,2,"",N,6.480,2,"",M,28.354,2,"",M,7.360,2,"",M,1032.820,2,"",M,401.848,2,"",M,NaN,,,0,NaN,,,M,390.786,2,"",389.199,2,"",NaN,,,NaN,,
2024-12-12T16:38:42.000Z,10.780,2,"",M,59.072,2,"",M,6.000,2,"",N,6.608,2,"",M,28.254,2,"",M,6.910,2,"",M,1032.670,2,"",M,403.948,2,"",M,NaN,,,0,NaN,,,M,402.617,2,"",400.972,2,"",NaN,,,NaN,,
2024-12-12T16:40:34.000Z,10.771,2,"",M,59.073,2,"",M,6.000,2,"",N,6.374,2,"",M,28.438,2,"",M,6.960,2,"",M,1032.510,2,"",M,401.164,2,"",M,NaN,,,0,NaN,,,M,394.991,2,"",393.379,2,"",NaN,,,NaN,,
2024-12-12T16:42:25.000Z,10.761,2,"",M,59.074,2,"",M,6.000,2,"",N,6.293,2,"",M,28.111,2,"",M,6.960,2,"",M,1032.690,2,"",M,401.703,2,"",M,NaN,,,0,NaN,,,M,394.230,2,"",392.620,2,"",NaN,,,NaN,,
2024-12-12T16:44:16.000Z,10.752,2,"",M,59.074,2,"",M,6.000,2,"",N,6.298,2,"",M,28.342,2,"",M,6.830,2,"",M,1032.690,2,"",M,401.602,2,"",M,NaN,,,0,NaN,,,M,396.427,2,"",394.805,2,"",NaN,,,NaN,,
2024-12-12T16:46:08.000Z,10.743,2,"",M,59.075,2,"",M,6.000,2,"",N,6.643,2,"",M,28.419,2,"",M,6.900,2,"",M,1032.540,2,"",M,400.350,2,"",M,NaN,,,0,NaN,,,M,399.739,2,"",398.106,2,"",NaN,,,NaN,,
2024-12-12T16:47:59.000Z,10.738,2,"",M,59.075,2,"",M,6.000,2,"",N,6.554,2,"",M,28.742,2,"",M,7.110,2,"",M,1032.360,2,"",M,399.728,2,"",M,NaN,,,0,NaN,,,M,393.978,2,"",392.373,2,"",NaN,,,NaN,,
2024-12-12T16:49:51.000Z,10.736,2,"",M,59.075,2,"",M,6.000,2,"",N,7.008,2,"",M,28.750,2,"",M,7.160,2,"",M,1032.380,2,"",M,399.856,2,"",M,NaN,,,0,NaN,,,M,400.882,2,"",399.250,2,"",NaN,,,NaN,,
2024-12-12T16:51:42.000Z,10.736,2,"",M,59.075,2,"",M,6.000,2,"",N,7.409,2,"",M,29.193,2,"",M,7.490,2,"",M,1032.630,2,"",M,400.365,2,"",M,NaN,,,0,NaN,,,M,402.616,2,"",400.983,2,"",NaN,,,NaN,,
2024-12-12T16:53:33.000Z,10.736,2,"",M,59.075,2,"",M,6.000,2,"",N,7.355,2,"",M,29.605,2,"",M,7.740,2,"",M,1032.490,2,"",M,402.396,2,"",M,NaN,,,0,NaN,,,M,399.371,2,"",397.757,2,"",NaN,,,NaN,,
2024-12-12T16:55:25.000Z,10.736,2,"",M,59.075,2,"",M,6.000,2,"",N,7.196,2,"",M,29.632,2,"",M,7.920,2,"",M,1032.290,2,"",M,404.737,2,"",M,NaN,,,0,NaN,,,M,395.838,2,"",394.242,2,"",NaN,,,NaN,,
2024-12-12T16:57:16.000Z,10.736,2,"",M,59.075,2,"",M,6.000,2,"",N,7.276,2,"",M,29.383,2,"",M,7.800,2,"",M,1032.530,2,"",M,406.637,2,"",M,NaN,,,0,NaN,,,M,401.203,2,"",399.583,2,"",NaN,,,NaN,,
2024-12-12T16:59:07.000Z,10.736,2,"",M,59.075,2,"",M,6.000,2,"",N,7.147,2,"",M,29.370,2,"",M,7.850,2,"",M,1032.780,2,"",M,406.435,2,"",M,NaN,,,0,NaN,,,M,398.072,2,"",396.465,2,"",NaN,,,NaN,,
2024-12-12T17:00:59.000Z,10.736,2,"",M,59.075,2,"",M,6.000,2,"",N,7.197,2,"",M,29.213,2,"",M,7.670,2,"",M,1032.810,2,"",M,406.144,2,"",M,NaN,,,0,NaN,,,M,401.725,2,"",400.099,2,"",NaN,,,NaN,,
2024-12-12T17:02:50.000Z,10.736,2,"",M,59.075,2,"",M,6.000,2,"",N,7.199,2,"",M,29.377,2,"",M,7.700,2,"",M,1032.570,2,"",M,405.412,2,"",M,NaN,,,0,NaN,,,M,400.423,2,"",398.804,2,"",NaN,,,NaN,,
2024-12-12T17:04:41.000Z,10.736,2,"",M,59.075,2,"",M,6.000,2,"",N,7.324,2,"",M,29.483,2,"",M,7.730,2,"",M,1032.500,2,"",M,404.660,2,"",M,NaN,,,0,NaN,,,M,401.257,2,"",399.635,2,"",NaN,,,NaN,,
2024-12-12T17:06:33.000Z,10.736,2,"",M,59.075,2,"",M,6.000,2,"",N,7.313,2,"",M,29.538,2,"",M,7.860,2,"",M,1032.680,2,"",M,405.089,2,"",M,NaN,,,0,NaN,,,M,399.341,2,"",397.729,2,"",NaN,,,NaN,,
2024-12-12T17:08:24.000Z,10.736,2,"",M,59.075,2,"",M,6.000,2,"",N,7.312,2,"",M,29.444,2,"",M,7.930,2,"",M,1032.580,2,"",M,406.388,2,"",M,NaN,,,0,NaN,,,M,399.353,2,"",397.742,2,"",NaN,,,NaN,,
2024-12-12T17:10:15.000Z,10.736,2,"",M,59.075,2,"",M,6.000,2,"",N,7.272,2,"",M,29.405,2,"",M,7.880,2,"",M,1032.460,2,"",M,407.218,2,"",M,NaN,,,0,NaN,,,M,400.304,2,"",398.689,2,"",NaN,,,NaN,,
2024-12-12T17:12:07.000Z,10.736,2,"",M,59.075,2,"",M,6.000,2,"",N,7.250,2,"",M,29.429,2,"",M,7.820,2,"",M,1032.290,2,"",M,406.566,2,"",M,NaN,,,0,NaN,,,M,400.253,2,"",398.638,2,"",NaN,,,NaN,,
2024-12-12T17:13:58.000Z,10.736,2,"",M,59.075,2,"",M,6.000,2,"",N,7.250,2,"",M,29.474,2,"",M,7.820,2,"",M,1032.280,2,"",M,406.234,2,"",M,NaN,,,0,NaN,,,M,399.932,2,"",398.318,2,"",NaN,,,NaN,,
2024-12-12T17:15:50.000Z,10.736,2,"",M,59.075,2,"",M,6.000,2,"",N,7.298,2,"",M,29.528,2,"",M,7.870,2,"",M,1032.380,2,"",M,406.173,2,"",M,NaN,,,0,NaN,,,M,399.858,2,"",398.245,2,"",NaN,,,NaN,,
2024-12-12T17:17:41.000Z,10.736,2,"",M,59.075,2,"",M,6.000,2,"",N,7.267,2,"",M,29.460,2,"",M,7.900,2,"",M,1032.690,2,"",M,406.652,2,"",M,NaN,,,0,NaN,,,M,399.419,2,"",397.807,2,"",NaN,,,NaN,,
2024-12-12T17:19:32.000Z,10.736,2,"",M,59.075,2,"",M,6.000,2,"",N,7.263,2,"",M,29.462,2,"",M,7.840,2,"",M,1032.590,2,"",M,407.111,2,"",M,NaN,,,0,NaN,,,M,400.780,2,"",399.162,2,"",NaN,,,NaN,,
2024-12-12T17:21:24.000Z,10.736,2,"",M,59.075,2,"",M,6.000,2,"",N,7.289,2,"",M,29.471,2,"",M,7.840,2,"",M,1032.500,2,"",M,406.329,2,"",M,NaN,,,0,NaN,,,M,400.423,2,"",398.807,2,"",NaN,,,NaN,,
2024-12-12T17:23:16.000Z,10.736,2,"",M,59.075,2,"",M,6.000,2,"",N,7.235,2,"",M,29.429,2,"",M,7.880,2,"",M,1032.830,2,"",M,406.237,2,"",M,NaN,,,0,NaN,,,M,398.859,2,"",397.249,2,"",NaN,,,NaN,,
2024-12-12T17:25:08.000Z,10.736,2,"",M,59.075,2,"",M,6.000,2,"",N,7.289,2,"",M,29.495,2,"",M,7.840,2,"",M,1032.770,2,"",M,406.796,2,"",M,NaN,,,0,NaN,,,M,400.981,2,"",399.362,2,"",NaN,,,NaN,,
2024-12-12T17:27:20.000Z,10.736,2,"",M,59.075,2,"",M,6.000,2,"",N,7.314,2,"",M,29.462,2,"",M,7.880,2,"",M,1032.690,2,"",M,407.205,2,"",M,NaN,,,0,NaN,,,M,401.099,2,"",399.480,2,"",NaN,,,NaN,,
2024-12-12T17:29:12.000Z,10.736,2,"",M,59.075,2,"",M,6.000,2,"",N,7.226,2,"",M,29.481,2,"",M,7.870,2,"",M,1032.580,2,"",M,406.793,2,"",M,NaN,,,0,NaN,,,M,399.325,2,"",397.713,2,"",NaN,,,NaN,,
2024-12-12T17:31:03.000Z,10.736,2,"",M,59.075,2,"",M,6.000,2,"",N,7.247,2,"",M,29.377,2,"",M,7.850,2,"",M,1032.837,2,"",M,406.582,2,"",M,NaN,,,0,NaN,,,M,399.928,2,"",398.314,2,"",NaN,,,NaN,,
2024-12-12T17:32:54.000Z,10.736,2,"",M,59.075,2,"",M,6.000,2,"",N,7.255,2,"",M,29.537,2,"",M,7.790,2,"",M,1032.783,2,"",M,406.110,2,"",M,NaN,,,0,NaN,,,M,400.605,2,"",398.986,2,"",NaN,,,NaN,,
2024-12-12T17:34:46.000Z,10.736,2,"",M,59.075,2,"",M,6.000,2,"",N,7.183,2,"",M,29.218,2,"",M,7.860,2,"",M,1032.650,2,"",M,406.169,2,"",M,NaN,,,0,NaN,,,M,398.185,2,"",396.578,2,"",NaN,,,NaN,,
2024-12-12T17:36:37.000Z,10.736,2,"",M,59.075,2,"",M,6.000,2,"",N,7.103,2,"",M,29.319,2,"",M,7.710,2,"",M,1032.550,2,"",M,405.677,2,"",M,NaN,,,0,NaN,,,M,398.890,2,"",397.278,2,"",NaN,,,NaN,,
2024-12-12T17:38:28.000Z,10.736,2,"",M,59.075,2,"",M,6.000,2,"",N,7.091,2,"",M,29.299,2,"",M,7.680,2,"",M,1032.610,2,"",M,404.795,2,"",M,NaN,,,0,NaN,,,M,398.349,2,"",396.738,2,"",NaN,,,NaN,,
2024-12-12T17:40:20.000Z,10.736,2,"",M,59.075,2,"",M,6.000,2,"",N,7.102,2,"",M,29.290,2,"",M,7.710,2,"",M,1032.790,2,"",M,403.983,2,"",M,NaN,,,0,NaN,,,M,397.296,2,"",395.689,2,"",NaN,,,NaN,,
2024-12-12T17:42:11.000Z,10.736,2,"",M,59.075,2,"",M,6.000,2,"",N,7.039,2,"",M,29.169,2,"",M,7.710,2,"",M,1032.620,2,"",M,403.471,2,"",M,NaN,,,0,NaN,,,M,395.680,2,"",394.080,2,"",NaN,,,NaN,,
2024-12-12T17:44:02.000Z,10.736,2,"",M,59.075,2,"",M,6.000,2,"",N,7.070,2,"",M,29.196,2,"",M,7.620,2,"",M,1032.700,2,"",M,402.839,2,"",M,NaN,,,0,NaN,,,M,397.137,2,"",395.529,2,"",NaN,,,NaN,,
2024-12-12T17:45:54.000Z,10.736,2,"",M,59.075,2,"",M,6.000,2,"",N,7.042,2,"",M,29.136,2,"",M,7.650,2,"",M,1032.640,2,"",M,402.207,2,"",M,NaN,,,0,NaN,,,M,395.506,2,"",393.905,2,"",NaN,,,NaN,,
2024-12-12T17:47:45.000Z,10.736,2,"",M,59.075,2,"",M,6.000,2,"",N,7.027,2,"",M,29.186,2,"",M,7.620,2,"",M,1032.920,2,"",M,402.006,2,"",M,NaN,,,0,NaN,,,M,395.686,2,"",394.084,2,"",NaN,,,NaN,,
2024-12-12T17:49:36.000Z,10.736,2,"",M,59.075,2,"",M,6.000,2,"",N,7.080,2,"",M,29.135,2,"",M,7.650,2,"",M,1032.880,2,"",M,401.895,2,"",M,NaN,,,0,NaN,,,M,395.929,2,"",394.326,2,"",NaN,,,NaN,,
2024-12-12T17:51:28.000Z,10.736,2,"",M,59.075,2,"",M,6.000,2,"",N,7.061,2,"",M,29.172,2,"",M,7.620,2,"",M,1032.790,2,"",M,402.133,2,"",M,NaN,,,0,NaN,,,M,396.319,2,"",394.714,2,"",NaN,,,NaN,,
2024-12-12T17:53:19.000Z,10.736,2,"",M,59.075,2,"",M,6.000,2,"",N,7.045,2,"",M,29.213,2,"",M,7.630,2,"",M,1032.760,2,"",M,402.002,2,"",M,NaN,,,0,NaN,,,M,395.742,2,"",394.139,2,"",NaN,,,NaN,,
2024-12-12T17:55:11.000Z,10.736,2,"",M,59.075,2,"",M,6.000,2,"",N,7.048,2,"",M,29.161,2,"",M,7.650,2,"",M,1032.980,2,"",M,402.201,2,"",M,NaN,,,0,NaN,,,M,395.736,2,"",394.134,2,"",NaN,,,NaN,,
2024-12-12T17:57:02.000Z,10.736,2,"",M,59.075,2,"",M,6.000,2,"",N,7.056,2,"",M,29.191,2,"",M,7.640,2,"",M,1032.980,2,"",M,402.209,2,"",M,NaN,,,0,NaN,,,M,396.059,2,"",394.455,2,"",NaN,,,NaN,,
2024-12-12T17:58:53.000Z,10.736,2,"",M,59.075,2,"",M,6.000,2,"",N,7.110,2,"",M,29.239,2,"",M,7.660,2,"",M,1032.760,2,"",M,402.058,2,"",M,NaN,,,0,NaN,,,M,396.378,2,"",394.774,2,"",NaN,,,NaN,,
2024-12-12T18:00:45.000Z,10.736,2,"",M,59.075,2,"",M,6.000,2,"",N,7.080,2,"",M,29.196,2,"",M,7.680,2,"",M,1032.590,2,"",M,402.497,2,"",M,NaN,,,0,NaN,,,M,395.902,2,"",394.301,2,"",NaN,,,NaN,,
2024-12-12T18:02:37.000Z,10.736,2,"",M,59.075,2,"",M,6.000,2,"",N,7.123,2,"",M,29.230,2,"",M,7.660,2,"",M,1032.650,2,"",M,402.856,2,"",M,NaN,,,0,NaN,,,M,397.345,2,"",395.737,2,"",NaN,,,NaN,,
2024-12-12T18:04:30.000Z,10.736,2,"",M,59.075,2,"",M,6.000,2,"",N,7.099,2,"",M,29.235,2,"",M,7.700,2,"",M,1033.040,2,"",M,402.584,2,"",M,NaN,,,0,NaN,,,M,396.147,2,"",394.544,2,"",NaN,,,NaN,,
2024-12-12T18:06:21.000Z,10.736,2,"",M,59.075,2,"",M,6.000,2,"",N,7.124,2,"",M,29.234,2,"",M,7.700,2,"",M,1032.965,2,"",M,403.253,2,"",M,NaN,,,0,NaN,,,M,397.195,2,"",395.588,2,"",NaN,,,NaN,,
2024-12-12T18:08:12.000Z,10.736,2,"",M,59.075,2,"",M,6.000,2,"",N,7.111,2,"",M,29.268,2,"",M,7.700,2,"",M,1032.890,2,"",M,402.982,2,"",M,NaN,,,0,NaN,,,M,396.682,2,"",395.077,2,"",NaN,,,NaN,,
2024-12-12T18:10:04.000Z,10.736,2,"",M,59.075,2,"",M,6.000,2,"",N,7.104,2,"",M,29.251,2,"",M,7.690,2,"",M,1032.750,2,"",M,403.240,2,"",M,NaN,,,0,NaN,,,M,396.932,2,"",395.326,2,"",NaN,,,NaN,,
2024-12-12T18:11:55.000Z,10.736,2,"",M,59.075,2,"",M,6.000,2,"",N,7.110,2,"",M,29.240,2,"",M,7.710,2,"",M,1033.040,2,"",M,403.229,2,"",M,NaN,,,0,NaN,,,M,396.797,2,"",395.192,2,"",NaN,,,NaN,,
2024-12-12T18:13:48.000Z,10.736,2,"",M,59.075,2,"",M,6.000,2,"",N,7.159,2,"",M,29.257,2,"",M,7.700,2,"",M,1033.050,2,"",M,403.338,2,"",M,NaN,,,0,NaN,,,M,397.892,2,"",396.282,2,"",NaN,,,NaN,,
2024-12-12T18:15:39.000Z,10.736,2,"",M,59.075,2,"",M,6.000,2,"",N,7.142,2,"",M,29.274,2,"",M,7.710,2,"",M,-0.040,4,"Out of range",M,403.176,2,"",M,NaN,,,0,NaN,,,M,-4.032,4,"Equilibrator Pressure Out of range",-4.032,4,"Equilibrator Pressure Out of range",NaN,,,NaN,,
2024-12-12T18:17:31.000Z,10.736,2,"",M,59.075,2,"",M,6.000,2,"",N,7.142,2,"",M,29.267,2,"",M,7.700,2,"",M,1032.771,2,"",M,403.315,2,"",M,NaN,,,0,NaN,,,M,397.478,2,"",395.870,2,"",NaN,,,NaN,,
2024-12-12T18:22:00.000Z,10.736,2,"",M,59.075,2,"",M,6.000,2,"",N,NaN,,,M,NaN,,,M,NaN,,,M,NaN,,,M,NaN,,,0,NaN,,,0,NaN,,,M,NaN,,,NaN,,,NaN,,,NaN,,
2024-12-12T18:23:49.000Z,10.736,2,"",M,59.075,2,"",M,6.000,2,"",N,NaN,,,M,NaN,,,M,NaN,,,M,NaN,,,M,NaN,,,0,NaN,,,0,NaN,,,M,NaN,,,NaN,,,NaN,,,NaN,,
2024-12-12T18:25:38.000Z,10.736,2,"",M,59.075,2,"",M,6.000,2,"",N,NaN,,,M,NaN,,,M,NaN,,,M,NaN,,,M,NaN,,,0,NaN,,,0,NaN,,,M,NaN,,,NaN,,,NaN,,,NaN,,
2024-12-12T18:30:28.000Z,10.736,2,"",M,59.075,2,"",M,6.000,2,"",N,NaN,,,M,NaN,,,M,NaN,,,M,NaN,,,M,NaN,,,0,NaN,,,0,NaN,,,M,NaN,,,NaN,,,NaN,,,NaN,,
2024-12-12T18:32:17.000Z,10.736,2,"",M,59.075,2,"",M,6.000,2,"",N,NaN,,,M,NaN,,,M,NaN,,,M,NaN,,,M,NaN,,,0,NaN,,,0,NaN,,,M,NaN,,,NaN,,,NaN,,,NaN,,
2024-12-12T18:34:06.000Z,10.736,2,"",M,59.075,2,"",M,6.000,2,"",N,NaN,,,M,NaN,,,M,NaN,,,M,NaN,,,M,NaN,,,0,NaN,,,0,NaN,,,M,NaN,,,NaN,,,NaN,,,NaN,,
2024-12-12T18:38:35.000Z,10.736,2,"",M,59.075,2,"",M,6.000,2,"",N,NaN,,,M,NaN,,,M,NaN,,,M,NaN,,,M,NaN,,,0,NaN,,,0,NaN,,,M,NaN,,,NaN,,,NaN,,,NaN,,
2024-12-12T18:40:24.000Z,10.736,2,"",M,59.075,2,"",M,6.000,2,"",N,NaN,,,M,NaN,,,M,NaN,,,M,NaN,,,M,NaN,,,0,NaN,,,0,NaN,,,M,NaN,,,NaN,,,NaN,,,NaN,,
2024-12-12T18:42:13.000Z,10.736,2,"",M,59.075,2,"",M,6.000,2,"",N,NaN,,,M,NaN,,,M,NaN,,,M,NaN,,,M,NaN,,,0,NaN,,,0,NaN,,,M,NaN,,,NaN,,,NaN,,,NaN,,
2024-12-12T18:47:22.000Z,10.736,2,"",M,59.075,2,"",M,6.000,2,"",N,NaN,,,M,NaN,,,M,NaN,,,M,NaN,,,M,NaN,,,0,NaN,,,0,NaN,,,M,NaN,,,NaN,,,NaN,,,NaN,,
2024-12-12T18:51:56.000Z,10.736,2,"",M,59.075,2,"",M,6.000,2,"",N,NaN,,,M,NaN,,,M,NaN,,,M,NaN,,,M,NaN,,,0,NaN,,,0,NaN,,,M,NaN,,,NaN,,,NaN,,,NaN,,
2024-12-12T18:56:25.000Z,10.736,2,"",M,59.075,2,"",M,6.000,2,"",N,NaN,,,M,NaN,,,M,NaN,,,M,NaN,,,M,NaN,,,0,NaN,,,0,NaN,,,M,NaN,,,NaN,,,NaN,,,NaN,,
2024-12-12T18:58:14.000Z,10.736,2,"",M,59.075,2,"",M,6.000,2,"",N,NaN,,,M,NaN,,,M,NaN,,,M,NaN,,,M,NaN,,,0,NaN,,,0,NaN,,,M,NaN,,,NaN,,,NaN,,,NaN,,
2024-12-12T19:00:03.000Z,10.736,2,"",M,59.075,2,"",M,6.000,2,"",N,NaN,,,M,NaN,,,M,NaN,,,M,NaN,,,M,NaN,,,0,NaN,,,0,NaN,,,M,NaN,,,NaN,,,NaN,,,NaN,,
2024-12-12T19:04:32.000Z,10.736,2,"",M,59.075,2,"",M,6.000,2,"",N,NaN,,,M,NaN,,,M,NaN,,,M,NaN,,,M,NaN,,,0,NaN,,,0,NaN,,,M,NaN,,,NaN,,,NaN,,,NaN,,
2024-12-12T19:06:21.000Z,10.736,2,"",M,59.075,2,"",M,6.000,2,"",N,NaN,,,M,NaN,,,M,NaN,,,M,NaN,,,M,NaN,,,0,NaN,,,0,NaN,,,M,NaN,,,NaN,,,NaN,,,NaN,,
2024-12-12T19:08:10.000Z,10.736,2,"",M,59.075,2,"",M,6.000,2,"",N,NaN,,,M,NaN,,,M,NaN,,,M,NaN,,,M,NaN,,,0,NaN,,,0,NaN,,,M,NaN,,,NaN,,,NaN,,,NaN,,
2024-12-12T19:12:39.000Z,10.736,2,"",M,59.075,2,"",M,6.000,2,"",N,NaN,,,M,NaN,,,M,NaN,,,M,NaN,,,M,NaN,,,0,NaN,,,0,NaN,,,M,NaN,,,NaN,,,NaN,,,NaN,,
2024-12-12T19:14:28.000Z,10.736,2,"",M,59.075,2,"",M,6.000,2,"",N,NaN,,,M,NaN,,,M,NaN,,,M,NaN,,,M,NaN,,,0,NaN,,,0,NaN,,,M,NaN,,,NaN,,,NaN,,,NaN,,
2024-12-12T19:16:17.000Z,10.736,2,"",M,59.075,2,"",M,6.000,2,"",N,NaN,,,M,NaN,,,M,NaN,,,M,NaN,,,M,NaN,,,0,NaN,,,0,NaN,,,M,NaN,,,NaN,,,NaN,,,NaN,,
2024-12-12T19:20:46.000Z,10.736,2,"",M,59.075,2,"",M,6.000,2,"",N,6.967,2,"",M,29.058,2,"",M,NaN,,,M,NaN,,,M,NaN,,,0,436.011,2,"",M,1032.700,2,"",M,NaN,,,NaN,,,441.235,2,"",439.429,2,""
2024-12-12T19:22:35.000Z,10.736,2,"",M,59.075,2,"",M,6.000,2,"",N,6.850,2,"",M,28.802,2,"",M,NaN,,,M,NaN,,,M,NaN,,,0,436.069,2,"",M,1032.800,2,"",M,NaN,,,NaN,,,441.371,2,"",439.561,2,""
2024-12-12T19:24:24.000Z,10.736,2,"",M,59.075,2,"",M,6.000,2,"",N,6.642,2,"",M,28.758,2,"",M,NaN,,,M,NaN,,,M,NaN,,,0,435.987,2,"",M,1032.800,2,"",M,NaN,,,NaN,,,441.348,2,"",439.533,2,""
2024-12-12T19:26:13.000Z,10.736,2,"",M,59.075,2,"",M,6.000,2,"",N,6.724,2,"",M,28.824,2,"",M,NaN,,,M,NaN,,,M,NaN,,,0,438.227,2,"",M,1032.700,2,"",M,NaN,,,NaN,,,443.548,2,"",441.726,2,""
2024-12-12T19:28:02.000Z,10.736,2,"",M,59.074,2,"",M,6.000,2,"",N,6.780,2,"",M,28.800,2,"",M,NaN,,,M,NaN,,,M,NaN,,,0,436.674,2,"",M,1032.700,2,"",M,NaN,,,NaN,,,441.959,2,"",440.146,2,""
2024-12-12T19:33:12.000Z,10.739,2,"",M,59.070,2,"",M,6.000,2,"",N,6.645,2,"",M,28.665,2,"",M,7.380,2,"",M,0.110,4,"Out of range",M,397.450,2,"",M,NaN,,,0,NaN,,,M,-3.804,4,"Equilibrator Pressure Out of range",-3.804,4,"Equilibrator Pressure Out of range",NaN,,,NaN,,
2024-12-12T19:35:04.000Z,10.741,2,"",M,59.069,2,"",M,6.000,2,"",N,6.594,2,"",M,28.584,2,"",M,7.270,2,"",M,1033.250,2,"",M,397.488,2,"",M,NaN,,,0,NaN,,,M,390.077,2,"",388.490,2,"",NaN,,,NaN,,
2024-12-12T19:36:56.000Z,10.742,2,"",M,59.067,2,"",M,6.000,2,"",N,6.466,2,"",M,28.492,2,"",M,7.210,2,"",M,1033.090,2,"",M,396.316,2,"",M,NaN,,,0,NaN,,,M,387.774,2,"",386.195,2,"",NaN,,,NaN,,
2024-12-12T19:38:47.000Z,10.743,2,"",M,59.066,2,"",M,6.000,2,"",N,6.402,2,"",M,28.373,2,"",M,7.110,2,"",M,1032.910,2,"",M,395.124,2,"",M,NaN,,,0,NaN,,,M,387.153,2,"",385.575,2,"",NaN,,,NaN,,
2024-12-12T19:40:38.000Z,10.745,2,"",M,59.064,2,"",M,6.000,2,"",N,6.284,2,"",M,28.252,2,"",M,7.040,2,"",M,1033.130,2,"",M,394.042,2,"",M,NaN,,,0,NaN,,,M,385.405,2,"",383.832,2,"",NaN,,,NaN,,
2024-12-12T19:42:30.000Z,10.746,2,"",M,59.063,2,"",M,6.000,2,"",N,6.126,2,"",M,28.192,2,"",M,6.930,2,"",M,1033.190,2,"",M,393.510,2,"",M,NaN,,,0,NaN,,,M,384.163,2,"",382.592,2,"",NaN,,,NaN,,
2024-12-12T19:44:21.000Z,10.747,2,"",M,59.061,2,"",M,6.000,2,"",N,5.975,2,"",M,28.076,2,"",M,6.800,2,"",M,1033.020,2,"",M,392.438,2,"",M,NaN,,,0,NaN,,,M,382.739,2,"",381.172,2,"",NaN,,,NaN,,
2024-12-12T19:46:33.000Z,10.749,2,"",M,59.059,2,"",M,6.000,2,"",N,5.907,2,"",M,27.953,2,"",M,6.620,2,"",M,1033.060,2,"",M,391.015,2,"",M,NaN,,,0,NaN,,,M,383.226,2,"",381.654,2,"",NaN,,,NaN,,
2024-12-12T19:48:24.000Z,10.749,2,"",M,59.059,2,"",M,6.000,2,"",N,5.859,2,"",M,27.894,2,"",M,6.530,2,"",M,1033.190,2,"",M,389.753,2,"",M,NaN,,,0,NaN,,,M,382.732,2,"",381.160,2,"",NaN,,,NaN,,
2024-12-12T19:50:16.000Z,10.750,2,"",M,59.058,2,"",M,6.000,2,"",N,5.956,2,"",M,27.912,2,"",M,6.510,2,"",M,1033.410,2,"",M,388.731,2,"",M,NaN,,,0,NaN,,,M,383.704,2,"",382.126,2,"",NaN,,,NaN,,
2024-12-12T19:52:07.000Z,10.750,2,"",M,59.058,2,"",M,6.000,2,"",N,6.520,2,"",M,28.344,2,"",M,6.530,2,"",M,1033.250,2,"",M,388.299,2,"",M,NaN,,,0,NaN,,,M,392.149,2,"",390.538,2,"",NaN,,,NaN,,
2024-12-12T19:53:58.000Z,10.750,2,"",M,59.058,2,"",M,6.000,2,"",N,6.728,2,"",M,29.252,2,"",M,7.000,2,"",M,1032.990,2,"",M,389.128,2,"",M,NaN,,,0,NaN,,,M,388.426,2,"",386.840,2,"",NaN,,,NaN,,
2024-12-12T19:55:50.000Z,10.750,2,"",M,59.058,2,"",M,6.000,2,"",N,6.626,2,"",M,28.864,2,"",M,7.310,2,"",M,1032.930,2,"",M,393.558,2,"",M,NaN,,,0,NaN,,,M,385.959,2,"",384.390,2,"",NaN,,,NaN,,
2024-12-12T19:57:41.000Z,10.750,2,"",M,59.058,2,"",M,6.000,2,"",N,6.696,2,"",M,28.877,2,"",M,7.250,2,"",M,1033.145,2,"",M,396.898,2,"",M,NaN,,,0,NaN,,,M,391.474,2,"",389.881,2,"",NaN,,,NaN,,
2024-12-12T19:59:32.000Z,10.750,2,"",M,59.058,2,"",M,6.000,2,"",N,6.678,2,"",M,28.903,2,"",M,7.330,2,"",M,1032.980,2,"",M,397.096,2,"",M,NaN,,,0,NaN,,,M,389.974,2,"",388.388,2,"",NaN,,,NaN,,
2024-12-12T20:01:24.000Z,10.750,2,"",M,59.058,2,"",M,6.000,2,"",N,6.771,2,"",M,28.992,2,"",M,7.320,2,"",M,1033.190,2,"",M,397.245,2,"",M,NaN,,,0,NaN,,,M,391.913,2,"",390.319,2,"",NaN,,,NaN,,
2024-12-12T20:03:15.000Z,10.750,2,"",M,59.058,2,"",M,6.000,2,"",N,6.724,2,"",M,28.876,2,"",M,7.340,2,"",M,1033.070,2,"",M,397.563,2,"",M,NaN,,,0,NaN,,,M,391.065,2,"",389.476,2,"",NaN,,,NaN,,
2024-12-12T20:05:06.000Z,10.750,2,"",M,59.058,2,"",M,6.000,2,"",N,6.836,2,"",M,28.838,2,"",M,7.360,2,"",M,1033.270,2,"",M,397.671,2,"",M,NaN,,,0,NaN,,,M,392.769,2,"",391.172,2,"",NaN,,,NaN,,
2024-12-12T20:06:58.000Z,10.750,2,"",M,59.058,2,"",M,6.000,2,"",N,6.764,2,"",M,28.906,2,"",M,7.370,2,"",M,1033.410,2,"",M,397.110,2,"",M,NaN,,,0,NaN,,,M,390.909,2,"",389.320,2,"",NaN,,,NaN,,
2024-12-12T20:08:51.000Z,10.750,2,"",M,59.058,2,"",M,6.000,2,"",N,6.746,2,"",M,28.896,2,"",M,7.370,2,"",M,1033.210,2,"",M,397.008,2,"",M,NaN,,,0,NaN,,,M,390.433,2,"",388.846,2,"",NaN,,,NaN,,
2024-12-12T20:10:42.000Z,10.750,2,"",M,59.058,2,"",M,6.000,2,"",N,6.880,2,"",M,28.900,2,"",M,7.340,2,"",M,1033.090,2,"",M,396.846,2,"",M,NaN,,,0,NaN,,,M,392.943,2,"",391.346,2,"",NaN,,,NaN,,
2024-12-12T20:12:33.000Z,10.750,2,"",M,59.058,2,"",M,6.000,2,"",N,6.858,2,"",M,28.997,2,"",M,7.400,2,"",M,1033.110,2,"",M,396.474,2,"",M,NaN,,,0,NaN,,,M,391.216,2,"",389.627,2,"",NaN,,,NaN,,
2024-12-12T20:14:24.000Z,10.750,2,"",M,59.058,2,"",M,6.000,2,"",N,6.866,2,"",M,28.982,2,"",M,7.460,2,"",M,1033.280,2,"",M,397.063,2,"",M,NaN,,,0,NaN,,,M,390.982,2,"",389.395,2,"",NaN,,,NaN,,
2024-12-12T20:16:16.000Z,10.750,2,"",M,59.058,2,"",M,6.000,2,"",N,6.887,2,"",M,29.015,2,"",M,7.480,2,"",M,1033.140,2,"",M,397.451,2,"",M,NaN,,,0,NaN,,,M,391.315,2,"",389.727,2,"",NaN,,,NaN,,
2024-12-12T20:18:07.000Z,10.750,2,"",M,59.058,2,"",M,6.000,2,"",N,6.995,2,"",M,29.124,2,"",M,7.450,2,"",M,1032.960,2,"",M,398.000,2,"",M,NaN,,,0,NaN,,,M,394.097,2,"",392.497,2,"",NaN,,,NaN,,
2024-12-12T20:19:59.000Z,10.750,2,"",M,59.058,2,"",M,6.000,2,"",N,7.003,2,"",M,29.076,2,"",M,7.570,2,"",M,1032.800,2,"",M,398.408,2,"",M,NaN,,,0,NaN,,,M,392.540,2,"",390.949,2,"",NaN,,,NaN,,
2024-12-12T20:21:50.000Z,10.750,2,"",M,59.058,2,"",M,6.000,2,"",N,7.018,2,"",M,29.146,2,"",M,7.590,2,"",M,1033.100,2,"",M,398.977,2,"",M,NaN,,,0,NaN,,,M,393.122,2,"",391.529,2,"",NaN,,,NaN,,
2024-12-12T20:23:41.000Z,10.750,2,"",M,59.058,2,"",M,6.000,2,"",N,7.068,2,"",M,29.163,2,"",M,7.600,2,"",M,1033.280,2,"",M,399.715,2,"",M,NaN,,,0,NaN,,,M,394.583,2,"",392.984,2,"",NaN,,,NaN,,
2024-12-12T20:25:33.000Z,10.751,2,"",M,59.059,2,"",M,6.000,2,"",N,7.042,2,"",M,29.210,2,"",M,7.630,2,"",M,1033.130,2,"",M,399.584,2,"",M,NaN,,,0,NaN,,,M,393.450,2,"",391.857,2,"",NaN,,,NaN,,
2024-12-12T20:27:25.000Z,10.751,2,"",M,59.059,2,"",M,6.000,2,"",N,7.074,2,"",M,29.180,2,"",M,7.620,2,"",M,1033.020,2,"",M,400.152,2,"",M,NaN,,,0,NaN,,,M,394.680,2,"",393.082,2,"",NaN,,,NaN,,
2024-12-12T20:29:16.000Z,10.751,2,"",M,59.059,2,"",M,6.000,2,"",N,7.141,2,"",M,29.208,2,"",M,7.650,2,"",M,1033.147,2,"",M,400.150,2,"",M,NaN,,,0,NaN,,,M,395.336,2,"",393.736,2,"",NaN,,,NaN,,
2024-12-12T20:31:08.000Z,10.751,2,"",M,59.059,2,"",M,6.000,2,"",N,7.097,2,"",M,29.214,2,"",M,7.680,2,"",M,1033.383,2,"",M,400.239,2,"",M,NaN,,,0,NaN,,,M,394.267,2,"",392.671,2,"",NaN,,,NaN,,
2024-12-12T20:32:59.000Z,10.751,2,"",M,59.059,2,"",M,6.000,2,"",N,7.094,2,"",M,29.220,2,"",M,7.690,2,"",M,1033.170,2,"",M,400.757,2,"",M,NaN,,,0,NaN,,,M,394.473,2,"",392.876,2,"",NaN,,,NaN,,
2024-12-12T20:34:50.000Z,10.751,2,"",M,59.059,2,"",M,6.000,2,"",N,7.110,2,"",M,29.243,2,"",M,7.660,2,"",M,1032.990,2,"",M,400.765,2,"",M,NaN,,,0,NaN,,,M,395.191,2,"",393.592,2,"",NaN,,,NaN,,
2024-12-12T20:36:42.000Z,10.751,2,"",M,59.059,2,"",M,6.000,2,"",N,7.114,2,"",M,29.285,2,"",M,7.670,2,"",M,1032.870,2,"",M,400.354,2,"",M,NaN,,,0,NaN,,,M,394.643,2,"",393.046,2,"",NaN,,,NaN,,
2024-12-12T20:38:33.000Z,10.751,2,"",M,59.059,2,"",M,6.000,2,"",N,7.137,2,"",M,29.283,2,"",M,7.710,2,"",M,1033.220,2,"",M,400.922,2,"",M,NaN,,,0,NaN,,,M,395.041,2,"",393.443,2,"",NaN,,,NaN,,
2024-12-12T20:40:24.000Z,10.752,2,"",M,59.059,2,"",M,6.000,2,"",N,7.153,2,"",M,29.284,2,"",M,7.730,2,"",M,1033.160,2,"",M,400.870,2,"",M,NaN,,,0,NaN,,,M,394.887,2,"",393.290,2,"",NaN,,,NaN,,
2024-12-12T20:42:16.000Z,10.752,2,"",M,59.059,2,"",M,6.000,2,"",N,7.179,2,"",M,29.282,2,"",M,7.720,2,"",M,1032.970,2,"",M,401.229,2,"",M,NaN,,,0,NaN,,,M,395.781,2,"",394.181,2,"",NaN,,,NaN,,
2024-12-12T20:44:07.000Z,10.752,2,"",M,59.059,2,"",M,6.000,2,"",N,7.130,2,"",M,29.320,2,"",M,7.730,2,"",M,1033.060,2,"",M,401.107,2,"",M,NaN,,,0,NaN,,,M,394.705,2,"",393.108,2,"",NaN,,,NaN,,
2024-12-12T20:46:20.000Z,10.752,2,"",M,59.059,2,"",M,6.000,2,"",N,7.196,2,"",M,29.336,2,"",M,7.740,2,"",M,1033.350,2,"",M,401.755,2,"",M,NaN,,,0,NaN,,,M,396.396,2,"",394.792,2,"",NaN,,,NaN,,
2024-12-12T20:48:11.000Z,10.752,2,"",M,59.059,2,"",M,6.000,2,"",N,7.173,2,"",M,29.359,2,"",M,7.780,2,"",M,1033.340,2,"",M,401.463,2,"",M,NaN,,,0,NaN,,,M,395.030,2,"",393.433,2,"",NaN,,,NaN,,
2024-12-12T20:50:02.000Z,10.752,2,"",M,59.059,2,"",M,6.000,2,"",N,7.137,2,"",M,29.295,2,"",M,7.770,2,"",M,1033.200,2,"",M,401.942,2,"",M,NaN,,,0,NaN,,,M,395.019,2,"",393.422,2,"",NaN,,,NaN,,
2024-12-12T20:51:54.000Z,10.752,2,"",M,59.060,2,"",M,6.000,2,"",N,7.172,2,"",M,29.340,2,"",M,7.720,2,"",M,1033.080,2,"",M,401.700,2,"",M,NaN,,,0,NaN,,,M,396.166,2,"",394.563,2,"",NaN,,,NaN,,
2024-12-12T20:53:45.000Z,10.752,2,"",M,59.060,2,"",M,6.000,2,"",N,7.116,2,"",M,29.281,2,"",M,7.740,2,"",M,1033.110,2,"",M,401.178,2,"",M,NaN,,,0,NaN,,,M,394.390,2,"",392.796,2,"",NaN,,,NaN,,
2024-12-12T20:55:36.000Z,10.752,2,"",M,59.060,2,"",M,6.000,2,"",N,7.111,2,"",M,29.228,2,"",M,7.730,2,"",M,1033.250,2,"",M,401.126,2,"",M,NaN,,,0,NaN,,,M,394.478,2,"",392.882,2,"",NaN,,,NaN,,
2024-12-12T20:57:28.000Z,10.753,2,"",M,59.060,2,"",M,6.000,2,"",N,7.080,2,"",M,29.197,2,"",M,7.710,2,"",M,1033.120,2,"",M,400.705,2,"",M,NaN,,,0,NaN,,,M,393.831,2,"",392.238,2,"",NaN,,,NaN,,
2024-12-12T20:59:20.000Z,10.753,2,"",M,59.060,2,"",M,6.000,2,"",N,7.030,2,"",M,29.121,2,"",M,7.670,2,"",M,1032.900,2,"",M,400.643,2,"",M,NaN,,,0,NaN,,,M,393.542,2,"",391.950,2,"",NaN,,,NaN,,
2024-12-12T21:01:12.000Z,10.753,2,"",M,59.060,2,"",M,6.000,2,"",N,6.969,2,"",M,29.048,2,"",M,7.620,2,"",M,1032.780,2,"",M,399.741,2,"",M,NaN,,,0,NaN,,,M,392.429,2,"",390.840,2,"",NaN,,,NaN,,
2024-12-12T21:03:03.000Z,10.753,2,"",M,59.060,2,"",M,6.000,2,"",N,6.971,2,"",M,29.051,2,"",M,7.590,2,"",M,1033.290,2,"",M,398.870,2,"",M,NaN,,,0,NaN,,,M,392.315,2,"",390.725,2,"",NaN,,,NaN,,
2024-12-12T21:04:55.000Z,10.753,2,"",M,59.060,2,"",M,6.000,2,"",N,6.955,2,"",M,29.023,2,"",M,7.570,2,"",M,1033.340,2,"",M,398.098,2,"",M,NaN,,,0,NaN,,,M,391.637,2,"",390.050,2,"",NaN,,,NaN,,
2024-12-12T21:06:46.000Z,10.753,2,"",M,59.060,2,"",M,6.000,2,"",N,6.899,2,"",M,28.873,2,"",M,7.550,2,"",M,1033.170,2,"",M,397.736,2,"",M,NaN,,,0,NaN,,,M,390.626,2,"",389.043,2,"",NaN,,,NaN,,
2024-12-12T21:08:37.000Z,10.753,2,"",M,59.060,2,"",M,6.000,2,"",N,6.932,2,"",M,28.978,2,"",M,7.500,2,"",M,1033.080,2,"",M,397.404,2,"",M,NaN,,,0,NaN,,,M,391.657,2,"",390.068,2,"",NaN,,,NaN,,
2024-12-12T21:10:29.000Z,10.753,2,"",M,59.060,2,"",M,6.000,2,"",N,6.937,2,"",M,28.970,2,"",M,7.530,2,"",M,1033.220,2,"",M,396.743,2,"",M,NaN,,,0,NaN,,,M,390.645,2,"",389.061,2,"",NaN,,,NaN,,
2024-12-12T21:12:20.000Z,10.753,2,"",M,59.060,2,"",M,6.000,2,"",N,6.983,2,"",M,28.969,2,"",M,7.550,2,"",M,1033.340,2,"",M,397.031,2,"",M,NaN,,,0,NaN,,,M,391.395,2,"",389.807,2,"",NaN,,,NaN,,
2024-12-12T21:14:11.000Z,10.753,2,"",M,59.060,2,"",M,6.000,2,"",N,6.861,2,"",M,28.998,2,"",M,7.550,2,"",M,1033.200,2,"",M,396.959,2,"",M,NaN,,,0,NaN,,,M,389.253,2,"",387.675,2,"",NaN,,,NaN,,
2024-12-12T21:16:03.000Z,10.753,2,"",M,59.061,2,"",M,6.000,2,"",N,6.890,2,"",M,28.899,2,"",M,7.500,2,"",M,1032.930,2,"",M,397.548,2,"",M,NaN,,,0,NaN,,,M,391.052,2,"",389.466,2,"",NaN,,,NaN,,
2024-12-12T21:17:54.000Z,10.751,2,"",M,59.061,2,"",M,6.000,2,"",N,6.849,2,"",M,28.896,2,"",M,7.490,2,"",M,1032.830,2,"",M,397.606,2,"",M,NaN,,,0,NaN,,,M,390.563,2,"",388.979,2,"",NaN,,,NaN,,
2024-12-12T21:19:45.000Z,10.746,2,"",M,59.060,2,"",M,6.000,2,"",N,6.535,2,"",I,28.422,2,"",M,7.201,2,"",I,1033.050,2,"",M,396.795,2,"",M,NaN,,,0,NaN,,,M,389.505,2,"",387.919,2,"",NaN,,,NaN,,
2024-12-12T21:21:37.000Z,10.739,2,"",M,59.057,2,"",M,6.000,2,"",N,6.217,2,"",I,27.806,2,"",M,6.909,2,"",I,-0.210,4,"Out of range",M,395.343,2,"",M,NaN,,,0,NaN,,,M,-3.792,4,"Equilibrator Pressure Out of range",-3.792,4,"Equilibrator Pressure Out of range",NaN,,,NaN,,
2024-12-12T21:23:28.000Z,10.731,2,"",M,59.055,2,"",M,6.000,2,"",N,5.903,2,"",M,27.526,2,"",M,6.620,2,"",M,1032.640,2,"",M,390.041,2,"",M,NaN,,,0,NaN,,,M,382.039,2,"",380.472,2,"",NaN,,,NaN,,
2024-12-12T21:25:20.000Z,10.723,2,"",M,59.052,2,"",M,6.000,2,"",N,5.856,2,"",M,27.441,2,"",M,6.520,2,"",M,32.830,4,"Out of range",M,384.510,2,"",M,NaN,,,0,NaN,,,M,8.593,4,"Equilibrator Pressure Out of range",8.592,4,"Equilibrator Pressure Out of range",NaN,,,NaN,,
2024-12-12T21:27:11.000Z,10.716,2,"",M,59.050,2,"",M,6.000,2,"",N,5.777,2,"",M,27.251,2,"",M,6.520,2,"",M,1033.060,2,"",M,381.689,2,"",M,NaN,,,0,NaN,,,M,373.623,2,"",372.088,2,"",NaN,,,NaN,,
2024-12-12T21:29:02.000Z,10.708,2,"",M,59.047,2,"",M,6.000,2,"",N,5.698,2,"",M,27.192,2,"",M,6.430,2,"",M,1033.030,2,"",M,379.917,2,"",M,NaN,,,0,NaN,,,M,372.085,2,"",370.554,2,"",NaN,,,NaN,,
2024-12-12T21:30:54.000Z,10.700,2,"",M,59.045,2,"",M,6.000,2,"",N,5.600,2,"",M,27.149,2,"",M,6.330,2,"",M,1032.820,2,"",M,377.776,2,"",M,NaN,,,0,NaN,,,M,369.966,2,"",368.442,2,"",NaN,,,NaN,,
2024-12-12T21:32:45.000Z,10.692,2,"",M,59.042,2,"",M,6.000,2,"",N,5.559,2,"",M,27.145,2,"",M,6.250,2,"",M,1032.670,2,"",M,375.805,2,"",M,NaN,,,0,NaN,,,M,368.606,2,"",367.087,2,"",NaN,,,NaN,,
2024-12-12T21:34:36.000Z,10.685,2,"",M,59.040,2,"",M,6.000,2,"",N,5.492,2,"",M,27.184,2,"",M,6.210,2,"",M,1032.800,2,"",M,374.453,2,"",M,NaN,,,0,NaN,,,M,366.910,2,"",365.397,2,"",NaN,,,NaN,,
2024-12-12T21:36:28.000Z,10.677,2,"",M,59.037,2,"",M,6.000,2,"",N,5.473,2,"",M,27.279,2,"",M,6.160,2,"",M,1032.940,2,"",M,373.832,2,"",M,NaN,,,0,NaN,,,M,366.848,2,"",365.334,2,"",NaN,,,NaN,,
2024-12-12T21:38:19.000Z,10.670,2,"",M,59.035,2,"",M,6.000,2,"",N,5.456,2,"",M,27.359,2,"",M,6.120,2,"",M,1032.810,2,"",M,373.510,2,"",M,NaN,,,0,NaN,,,M,366.851,2,"",365.336,2,"",NaN,,,NaN,,
2024-12-12T21:40:11.000Z,10.662,2,"",M,59.032,2,"",M,6.000,2,"",N,5.509,2,"",M,27.500,2,"",M,6.080,2,"",M,1032.630,2,"",M,373.429,2,"",M,NaN,,,0,NaN,,,M,368.167,2,"",366.646,2,"",NaN,,,NaN,,
2024-12-12T21:42:03.000Z,10.655,2,"",M,59.030,2,"",M,6.000,2,"",N,5.540,2,"",M,27.654,2,"",M,6.120,2,"",M,1032.420,2,"",M,373.587,2,"",M,NaN,,,0,NaN,,,M,368.099,2,"",366.579,2,"",NaN,,,NaN,,
2024-12-12T21:43:55.000Z,10.648,2,"",M,59.027,2,"",M,6.000,2,"",N,5.525,2,"",M,27.845,2,"",M,6.180,2,"",M,1032.810,2,"",M,374.926,2,"",M,NaN,,,0,NaN,,,M,368.365,2,"",366.845,2,"",NaN,,,NaN,,
2024-12-12T21:46:07.000Z,10.639,2,"",M,59.024,2,"",M,6.000,2,"",N,5.461,2,"",M,28.000,2,"",M,6.160,2,"",M,1032.870,2,"",M,375.734,2,"",M,NaN,,,0,NaN,,,M,368.507,2,"",366.986,2,"",NaN,,,NaN,,
2024-12-12T21:47:58.000Z,10.632,2,"",M,59.022,2,"",M,6.000,2,"",N,5.399,2,"",M,28.130,2,"",M,6.100,2,"",M,1032.693,2,"",M,376.032,2,"",M,NaN,,,0,NaN,,,M,368.717,2,"",367.194,2,"",NaN,,,NaN,,
2024-12-12T21:49:50.000Z,10.625,2,"",M,59.019,2,"",M,6.000,2,"",N,5.390,2,"",M,28.268,2,"",M,6.040,2,"",M,1032.547,2,"",M,375.201,2,"",M,NaN,,,0,NaN,,,M,368.654,2,"",367.130,2,"",NaN,,,NaN,,
2024-12-12T21:51:41.000Z,10.618,2,"",M,59.016,2,"",M,6.000,2,"",N,5.425,2,"",M,28.441,2,"",M,6.040,2,"",M,1032.880,2,"",M,374.520,2,"",M,NaN,,,0,NaN,,,M,368.649,2,"",367.125,2,"",NaN,,,NaN,,
2024-12-12T21:53:32.000Z,10.612,2,"",M,59.014,2,"",M,6.000,2,"",N,5.419,2,"",M,28.572,2,"",M,6.060,2,"",M,1032.820,2,"",M,374.228,2,"",M,NaN,,,0,NaN,,,M,367.925,2,"",366.405,2,"",NaN,,,NaN,,
2024-12-12T21:55:24.000Z,10.605,2,"",M,59.011,2,"",M,6.000,2,"",N,5.398,2,"",M,28.619,2,"",M,6.050,2,"",M,1032.690,2,"",M,374.237,2,"",M,NaN,,,0,NaN,,,M,367.724,2,"",366.204,2,"",NaN,,,NaN,,
2024-12-12T21:57:15.000Z,10.599,2,"",M,59.009,2,"",M,6.000,2,"",N,5.401,2,"",M,28.663,2,"",M,6.030,2,"",M,1032.460,2,"",M,374.165,2,"",M,NaN,,,0,NaN,,,M,367.941,2,"",366.421,2,"",NaN,,,NaN,,
2024-12-12T21:59:07.000Z,10.592,2,"",M,59.007,2,"",M,6.000,2,"",N,5.417,2,"",M,28.705,2,"",M,6.040,2,"",M,1032.610,2,"",M,373.874,2,"",M,NaN,,,0,NaN,,,M,367.799,2,"",366.279,2,"",NaN,,,NaN,,
2024-12-12T22:00:59.000Z,10.585,2,"",M,59.004,2,"",M,6.000,2,"",N,5.436,2,"",M,28.758,2,"",M,6.060,2,"",M,1032.720,2,"",M,374.282,2,"",M,NaN,,,0,NaN,,,M,368.216,2,"",366.694,2,"",NaN,,,NaN,,
2024-12-12T22:02:50.000Z,10.579,2,"",M,59.002,2,"",M,6.000,2,"",N,5.468,2,"",M,28.802,2,"",M,6.060,2,"",M,1032.740,2,"",M,374.611,2,"",M,NaN,,,0,NaN,,,M,369.040,2,"",367.515,2,"",NaN,,,NaN,,
2024-12-12T22:04:41.000Z,10.572,2,"",M,59.000,2,"",M,6.000,2,"",N,5.505,2,"",M,28.859,2,"",M,6.080,2,"",M,1032.570,2,"",M,374.939,2,"",M,NaN,,,0,NaN,,,M,369.575,2,"",368.049,2,"",NaN,,,NaN,,
2024-12-12T22:06:33.000Z,10.565,2,"",M,58.997,2,"",M,6.000,2,"",N,5.593,2,"",M,28.912,2,"",M,6.120,2,"",M,1032.680,2,"",M,375.368,2,"",M,NaN,,,0,NaN,,,M,370.772,2,"",369.241,2,"",NaN,,,NaN,,
2024-12-12T22:08:24.000Z,10.559,2,"",M,58.995,2,"",M,6.000,2,"",N,5.666,2,"",M,28.950,2,"",M,6.200,2,"",M,1032.860,2,"",M,376.596,2,"",M,NaN,,,0,NaN,,,M,371.920,2,"",370.385,2,"",NaN,,,NaN,,
2024-12-12T22:10:15.000Z,10.552,2,"",M,58.993,2,"",M,6.000,2,"",N,5.732,2,"",M,28.967,2,"",M,6.270,2,"",M,1032.730,2,"",M,378.254,2,"",M,NaN,,,0,NaN,,,M,373.439,2,"",371.900,2,"",NaN,,,NaN,,
2024-12-12T22:12:07.000Z,10.546,2,"",M,58.991,2,"",M,6.000,2,"",N,5.774,2,"",M,28.971,2,"",M,6.330,2,"",M,1032.490,2,"",M,381.052,2,"",M,NaN,,,0,NaN,,,M,375.807,2,"",374.259,2,"",NaN,,,NaN,,
2024-12-12T22:13:58.000Z,10.540,2,"",M,58.989,2,"",M,6.000,2,"",N,5.821,2,"",M,28.976,2,"",M,6.380,2,"",M,1032.390,2,"",M,383.610,2,"",M,NaN,,,0,NaN,,,M,378.226,2,"",376.670,2,"",NaN,,,NaN,,
2024-12-12T22:15:50.000Z,10.533,2,"",M,58.987,2,"",M,6.000,2,"",N,5.842,2,"",M,28.973,2,"",M,6.430,2,"",M,1032.720,2,"",M,385.468,2,"",M,NaN,,,0,NaN,,,M,379.704,2,"",378.143,2,"",NaN,,,NaN,,
2024-12-12T22:17:41.000Z,10.527,2,"",M,58.985,2,"",M,6.000,2,"",N,5.871,2,"",M,28.971,2,"",M,6.470,2,"",M,1032.660,2,"",M,387.415,2,"",M,NaN,,,0,NaN,,,M,381.413,2,"",379.845,2,"",NaN,,,NaN,,
2024-12-12T22:19:32.000Z,10.521,2,"",M,58.983,2,"",M,6.000,2,"",N,5.882,2,"",M,28.968,2,"",M,6.480,2,"",M,1032.550,2,"",M,388.823,2,"",M,NaN,,,0,NaN,,,M,382.773,2,"",381.200,2,"",NaN,,,NaN,,
2024-12-12T22:21:24.000Z,10.514,2,"",M,58.981,2,"",M,6.000,2,"",N,5.911,2,"",M,28.966,2,"",M,6.490,2,"",M,1032.370,2,"",M,389.772,2,"",M,NaN,,,0,NaN,,,M,383.950,2,"",382.373,2,"",NaN,,,NaN,,
2024-12-12T22:23:15.000Z,10.508,2,"",M,58.979,2,"",M,6.000,2,"",N,5.944,2,"",M,28.975,2,"",M,6.520,2,"",M,1032.520,2,"",M,390.430,2,"",M,NaN,,,0,NaN,,,M,384.691,2,"",383.111,2,"",NaN,,,NaN,,
2024-12-12T22:25:06.000Z,10.502,2,"",M,58.977,2,"",M,6.000,2,"",N,5.963,2,"",M,28.994,2,"",M,6.560,2,"",M,1032.860,2,"",M,391.508,2,"",M,NaN,,,0,NaN,,,M,385.536,2,"",383.953,2,"",NaN,,,NaN,,
2024-12-12T22:26:58.000Z,10.495,2,"",M,58.975,2,"",M,6.000,2,"",N,5.990,2,"",M,29.012,2,"",M,6.580,2,"",M,1032.700,2,"",M,391.886,2,"",M,NaN,,,0,NaN,,,M,385.958,2,"",384.374,2,"",NaN,,,NaN,,
2024-12-12T22:28:49.000Z,10.489,2,"",M,58.973,2,"",M,6.000,2,"",N,6.016,2,"",M,29.024,2,"",M,6.600,2,"",M,1032.540,2,"",M,392.584,2,"",M,NaN,,,0,NaN,,,M,386.666,2,"",385.079,2,"",NaN,,,NaN,,
2024-12-12T22:30:41.000Z,10.482,2,"",M,58.971,2,"",M,6.000,2,"",N,6.035,2,"",M,29.044,2,"",M,6.610,2,"",M,1032.500,2,"",M,392.873,2,"",M,NaN,,,0,NaN,,,M,387.094,2,"",385.507,2,"",NaN,,,NaN,,
2024-12-12T22:32:32.000Z,10.476,2,"",M,58.969,2,"",M,6.000,2,"",N,6.055,2,"",M,29.060,2,"",M,6.660,2,"",M,1032.770,2,"",M,393.451,2,"",M,NaN,,,0,NaN,,,M,387.261,2,"",385.673,2,"",NaN,,,NaN,,
2024-12-12T22:34:23.000Z,10.469,2,"",M,58.967,2,"",M,6.000,2,"",N,6.073,2,"",M,29.077,2,"",M,6.670,2,"",M,1032.630,2,"",M,394.119,2,"",M,NaN,,,0,NaN,,,M,387.992,2,"",386.402,2,"",NaN,,,NaN,,
2024-12-12T22:36:15.000Z,10.463,2,"",M,58.965,2,"",M,6.000,2,"",N,6.094,2,"",M,29.093,2,"",M,6.680,2,"",M,1032.460,2,"",M,394.537,2,"",M,NaN,,,0,NaN,,,M,388.513,2,"",386.921,2,"",NaN,,,NaN,,
2024-12-12T22:38:06.000Z,10.456,2,"",M,58.962,2,"",M,6.000,2,"",N,6.101,2,"",M,29.114,2,"",M,6.690,2,"",M,1032.310,2,"",M,394.385,2,"",M,NaN,,,0,NaN,,,M,388.250,2,"",386.660,2,"",NaN,,,NaN,,
2024-12-12T22:42:35.000Z,10.440,2,"",M,58.957,2,"",M,6.000,2,"",N,NaN,,,M,NaN,,,M,NaN,,,M,NaN,,,M,NaN,,,0,NaN,,,0,NaN,,,M,NaN,,,NaN,,,NaN,,,NaN,,
2024-12-12T22:44:24.000Z,10.433,2,"",M,58.955,2,"",M,6.000,2,"",N,NaN,,,M,NaN,,,M,NaN,,,M,NaN,,,M,NaN,,,0,NaN,,,0,NaN,,,M,NaN,,,NaN,,,NaN,,,NaN,,
2024-12-12T22:46:34.000Z,10.425,2,"",M,58.953,2,"",M,6.000,2,"",N,NaN,,,M,NaN,,,M,NaN,,,M,NaN,,,M,NaN,,,0,NaN,,,0,NaN,,,M,NaN,,,NaN,,,NaN,,,NaN,,
2024-12-12T22:51:03.000Z,10.410,2,"",M,58.948,2,"",M,6.000,2,"",N,NaN,,,M,NaN,,,M,NaN,,,M,NaN,,,M,NaN,,,0,NaN,,,0,NaN,,,M,NaN,,,NaN,,,NaN,,,NaN,,
2024-12-12T22:52:53.000Z,10.404,2,"",M,58.946,2,"",M,6.000,2,"",N,NaN,,,M,NaN,,,M,NaN,,,M,NaN,,,M,NaN,,,0,NaN,,,0,NaN,,,M,NaN,,,NaN,,,NaN,,,NaN,,
2024-12-12T22:54:43.000Z,10.398,2,"",M,58.944,2,"",M,6.000,2,"",N,NaN,,,M,NaN,,,M,NaN,,,M,NaN,,,M,NaN,,,0,NaN,,,0,NaN,,,M,NaN,,,NaN,,,NaN,,,NaN,,
2024-12-12T22:59:12.000Z,10.382,2,"",M,58.940,2,"",M,6.000,2,"",N,NaN,,,M,NaN,,,M,NaN,,,M,NaN,,,M,NaN,,,0,NaN,,,0,NaN,,,M,NaN,,,NaN,,,NaN,,,NaN,,
2024-12-12T23:01:01.000Z,10.376,2,"",M,58.938,2,"",M,6.000,2,"",N,NaN,,,M,NaN,,,M,NaN,,,M,NaN,,,M,NaN,,,0,NaN,,,0,NaN,,,M,NaN,,,NaN,,,NaN,,,NaN,,
2024-12-12T23:02:50.000Z,10.370,2,"",M,58.936,2,"",M,6.000,2,"",N,NaN,,,M,NaN,,,M,NaN,,,M,NaN,,,M,NaN,,,0,NaN,,,0,NaN,,,M,NaN,,,NaN,,,NaN,,,NaN,,
2024-12-12T23:07:19.000Z,10.353,2,"",M,58.931,2,"",M,6.000,2,"",N,6.071,2,"",M,28.901,2,"",M,NaN,,,M,NaN,,,M,NaN,,,0,436.144,2,"",M,1031.900,2,"",M,NaN,,,NaN,,,441.281,2,"",439.454,2,""
2024-12-12T23:09:08.000Z,10.347,2,"",M,58.929,2,"",M,6.000,2,"",N,6.070,2,"",M,28.900,2,"",M,NaN,,,M,NaN,,,M,NaN,,,0,436.106,2,"",M,1031.900,2,"",M,NaN,,,NaN,,,441.242,2,"",439.416,2,""
2024-12-12T23:10:57.000Z,10.340,2,"",M,58.927,2,"",M,6.000,2,"",N,6.073,2,"",M,28.905,2,"",M,NaN,,,M,NaN,,,M,NaN,,,0,435.747,2,"",M,1031.900,2,"",M,NaN,,,NaN,,,440.878,2,"",439.054,2,""
2024-12-12T23:12:46.000Z,10.334,2,"",M,58.924,2,"",M,6.000,2,"",N,6.077,2,"",M,28.915,2,"",M,NaN,,,M,NaN,,,M,NaN,,,0,435.809,2,"",M,1031.900,2,"",M,NaN,,,NaN,,,440.939,2,"",439.115,2,""
2024-12-12T23:14:35.000Z,10.327,2,"",M,58.922,2,"",M,6.000,2,"",N,6.080,2,"",M,28.935,2,"",M,NaN,,,M,NaN,,,M,NaN,,,0,435.670,2,"",M,1031.900,2,"",M,NaN,,,NaN,,,440.798,2,"",438.974,2,""
2024-12-12T23:19:45.000Z,10.309,2,"",M,58.916,2,"",M,6.000,2,"",N,6.048,2,"",M,28.967,2,"",M,6.680,2,"",M,-0.100,4,"Out of range",M,395.231,2,"",M,NaN,,,0,NaN,,,M,-3.698,4,"Equilibrator Pressure Out of range",-3.698,4,"Equilibrator Pressure Out of range",NaN,,,NaN,,
2024-12-12T23:21:37.000Z,10.303,2,"",M,58.914,2,"",M,6.000,2,"",N,6.037,2,"",I,28.979,2,"",I,6.680,2,"",M,1032.200,2,"",M,395.452,2,"",M,NaN,,,0,NaN,,,M,388.378,2,"",386.787,2,"",NaN,,,NaN,,
2024-12-12T23:23:28.000Z,10.296,2,"",M,58.912,2,"",M,6.000,2,"",N,6.026,2,"",M,28.990,2,"",M,6.660,2,"",M,1032.030,2,"",M,395.173,2,"",M,NaN,,,0,NaN,,,M,388.189,2,"",386.599,2,"",NaN,,,NaN,,
2024-12-12T23:25:20.000Z,10.290,2,"",M,58.910,2,"",M,6.000,2,"",N,6.020,2,"",M,29.003,2,"",M,6.640,2,"",M,1031.890,2,"",M,394.725,2,"",M,NaN,,,0,NaN,,,M,387.939,2,"",386.350,2,"",NaN,,,NaN,,
2024-12-12T23:27:11.000Z,10.284,2,"",M,58.907,2,"",M,6.000,2,"",N,6.025,2,"",M,29.028,2,"",M,6.620,2,"",M,1031.860,2,"",M,394.476,2,"",M,NaN,,,0,NaN,,,M,388.088,2,"",386.497,2,"",NaN,,,NaN,,
2024-12-12T23:29:02.000Z,10.278,2,"",M,58.905,2,"",M,6.000,2,"",N,6.025,2,"",M,29.052,2,"",M,6.660,2,"",M,1032.150,2,"",M,394.727,2,"",M,NaN,,,0,NaN,,,M,387.782,2,"",386.193,2,"",NaN,,,NaN,,
2024-12-12T23:30:54.000Z,10.272,2,"",M,58.903,2,"",M,6.000,2,"",N,6.021,2,"",M,29.091,2,"",M,6.650,2,"",M,1032.080,2,"",M,394.269,2,"",M,NaN,,,0,NaN,,,M,387.409,2,"",385.822,2,"",NaN,,,NaN,,
2024-12-12T23:32:45.000Z,10.265,2,"",M,58.900,2,"",M,6.000,2,"",N,6.025,2,"",M,29.139,2,"",M,6.640,2,"",M,1031.890,2,"",M,394.170,2,"",M,NaN,,,0,NaN,,,M,387.467,2,"",385.879,2,"",NaN,,,NaN,,
2024-12-12T23:34:36.000Z,10.259,2,"",M,58.898,2,"",M,6.000,2,"",N,6.041,2,"",M,29.208,2,"",M,6.630,2,"",M,1031.760,2,"",M,393.752,2,"",M,NaN,,,0,NaN,,,M,387.441,2,"",385.854,2,"",NaN,,,NaN,,
2024-12-12T23:36:28.000Z,10.253,2,"",M,58.895,2,"",M,6.000,2,"",N,6.060,2,"",M,29.348,2,"",M,6.650,2,"",M,1031.880,2,"",M,393.353,2,"",M,NaN,,,0,NaN,,,M,387.074,2,"",385.489,2,"",NaN,,,NaN,,
2024-12-12T23:38:19.000Z,10.246,2,"",M,58.893,2,"",M,6.000,2,"",N,6.014,2,"",M,29.508,2,"",M,6.690,2,"",M,1031.980,2,"",M,393.264,2,"",M,NaN,,,0,NaN,,,M,385.613,2,"",384.034,2,"",NaN,,,NaN,,
2024-12-12T23:40:11.000Z,10.240,2,"",M,58.890,2,"",M,6.000,2,"",N,5.966,2,"",M,29.688,2,"",M,6.650,2,"",M,1031.830,2,"",M,393.156,2,"",M,NaN,,,0,NaN,,,M,385.316,2,"",383.738,2,"",NaN,,,NaN,,
2024-12-12T23:42:02.000Z,10.234,2,"",M,58.888,2,"",M,6.000,2,"",N,5.968,2,"",M,29.886,2,"",M,6.590,2,"",M,1031.680,2,"",M,392.317,2,"",M,NaN,,,0,NaN,,,M,385.474,2,"",383.893,2,"",NaN,,,NaN,,
2024-12-12T23:43:53.000Z,10.227,2,"",M,58.885,2,"",M,6.000,2,"",N,6.035,2,"",M,30.059,2,"",M,6.580,2,"",M,1031.580,2,"",M,390.919,2,"",M,NaN,,,0,NaN,,,M,385.319,2,"",383.739,2,"",NaN,,,NaN,,
2024-12-12T23:45:45.000Z,10.221,2,"",M,58.883,2,"",M,6.000,2,"",N,6.073,2,"",M,30.165,2,"",M,6.650,2,"",M,1031.810,2,"",M,389.951,2,"",M,NaN,,,0,NaN,,,M,383.915,2,"",382.342,2,"",NaN,,,NaN,,
2024-12-12T23:47:57.000Z,10.214,2,"",M,58.880,2,"",M,6.000,2,"",N,6.083,2,"",M,30.230,2,"",M,6.700,2,"",M,1031.880,2,"",M,388.483,2,"",M,NaN,,,0,NaN,,,M,381.834,2,"",380.270,2,"",NaN,,,NaN,,
2024-12-12T23:49:48.000Z,10.207,2,"",M,58.878,2,"",M,6.000,2,"",N,6.108,2,"",M,30.268,2,"",M,6.690,2,"",M,1031.750,2,"",M,387.315,2,"",M,NaN,,,0,NaN,,,M,381.203,2,"",379.643,2,"",NaN,,,NaN,,
2024-12-12T23:51:40.000Z,10.201,2,"",M,58.875,2,"",M,6.000,2,"",N,6.099,2,"",M,30.326,2,"",M,6.700,2,"",M,1031.570,2,"",M,386.676,2,"",M,NaN,,,0,NaN,,,M,380.195,2,"",378.639,2,"",NaN,,,NaN,,
2024-12-12T23:53:31.000Z,10.194,2,"",M,58.873,2,"",M,6.000,2,"",N,6.107,2,"",M,30.376,2,"",M,6.730,2,"",M,1031.810,2,"",M,385.948,2,"",M,NaN,,,0,NaN,,,M,379.207,2,"",377.655,2,"",NaN,,,NaN,,
2024-12-12T23:55:22.000Z,10.188,2,"",M,58.871,2,"",M,6.000,2,"",N,6.140,2,"",M,30.440,2,"",M,6.730,2,"",M,1031.860,2,"",M,385.719,2,"",M,NaN,,,0,NaN,,,M,379.528,2,"",377.974,2,"",NaN,,,NaN,,
2024-12-12T23:57:14.000Z,10.182,2,"",M,58.868,2,"",M,6.000,2,"",N,6.162,2,"",M,30.503,2,"",M,6.740,2,"",M,1031.760,2,"",M,384.921,2,"",M,NaN,,,0,NaN,,,M,378.908,2,"",377.357,2,"",NaN,,,NaN,,
2024-12-12T23:59:05.000Z,10.175,2,"",M,58.866,2,"",M,6.000,2,"",N,6.194,2,"",M,30.565,2,"",M,6.760,2,"",M,1031.620,2,"",M,384.882,2,"",M,NaN,,,0,NaN,,,M,378.991,2,"",377.441,2,"",NaN,,,NaN,,
2024-12-13T00:00:56.000Z,10.169,2,"",M,58.864,2,"",M,6.000,2,"",N,6.229,2,"",M,30.640,2,"",M,6.790,2,"",M,1031.700,2,"",M,384.433,2,"",M,NaN,,,0,NaN,,,M,378.661,2,"",377.112,2,"",NaN,,,NaN,,
2024-12-13T00:02:48.000Z,10.164,2,"",M,58.862,2,"",M,6.000,2,"",N,6.259,2,"",M,30.734,2,"",M,6.840,2,"",M,1031.780,2,"",M,384.804,2,"",M,NaN,,,0,NaN,,,M,378.714,2,"",377.166,2,"",NaN,,,NaN,,
2024-12-13T00:04:39.000Z,10.157,2,"",M,58.860,2,"",M,6.000,2,"",N,6.300,2,"",M,30.790,2,"",M,6.870,2,"",M,1031.650,2,"",M,385.375,2,"",M,NaN,,,0,NaN,,,M,379.408,2,"",377.858,2,"",NaN,,,NaN,,
2024-12-13T00:06:30.000Z,10.151,2,"",M,58.858,2,"",M,6.000,2,"",N,6.374,2,"",M,30.899,2,"",M,6.890,2,"",M,1031.470,2,"",M,385.517,2,"",M,NaN,,,0,NaN,,,M,380.336,2,"",378.783,2,"",NaN,,,NaN,,
2024-12-13T00:08:22.000Z,10.145,2,"",M,58.856,2,"",M,6.000,2,"",N,6.442,2,"",M,31.041,2,"",M,6.950,2,"",M,1031.420,2,"",M,386.038,2,"",M,NaN,,,0,NaN,,,M,380.957,2,"",379.402,2,"",NaN,,,NaN,,
2024-12-13T00:10:15.000Z,10.139,2,"",M,58.854,2,"",M,6.000,2,"",N,6.477,2,"",M,31.120,2,"",M,7.040,2,"",M,1031.640,2,"",M,386.139,2,"",M,NaN,,,0,NaN,,,M,380.231,2,"",378.682,2,"",NaN,,,NaN,,
2024-12-13T00:12:07.000Z,10.133,2,"",M,58.852,2,"",M,6.000,2,"",N,6.509,2,"",M,31.207,2,"",M,7.080,2,"",M,1031.750,2,"",M,386.860,2,"",M,NaN,,,0,NaN,,,M,380.831,2,"",379.279,2,"",NaN,,,NaN,,
2024-12-13T00:13:58.000Z,10.126,2,"",M,58.850,2,"",M,6.000,2,"",N,6.548,2,"",M,31.273,2,"",M,7.100,2,"",M,1031.640,2,"",M,387.531,2,"",M,NaN,,,0,NaN,,,M,381.749,2,"",380.195,2,"",NaN,,,NaN,,
2024-12-13T00:15:49.000Z,10.120,2,"",M,58.848,2,"",M,6.000,2,"",N,6.574,2,"",M,31.337,2,"",M,7.130,2,"",M,1031.490,2,"",M,387.772,2,"",M,NaN,,,0,NaN,,,M,381.873,2,"",380.319,2,"",NaN,,,NaN,,
2024-12-13T00:17:41.000Z,10.114,2,"",M,58.846,2,"",M,6.000,2,"",N,6.587,2,"",M,31.366,2,"",M,7.180,2,"",M,1031.670,2,"",M,387.983,2,"",M,NaN,,,0,NaN,,,M,381.531,2,"",379.979,2,"",NaN,,,NaN,,
2024-12-13T00:19:32.000Z,10.107,2,"",M,58.844,2,"",M,6.000,2,"",N,6.601,2,"",M,31.417,2,"",M,7.200,2,"",M,1031.730,2,"",M,388.245,2,"",M,NaN,,,0,NaN,,,M,381.709,2,"",380.157,2,"",NaN,,,NaN,,
2024-12-13T00:21:24.000Z,10.101,2,"",M,58.842,2,"",M,6.000,2,"",N,6.623,2,"",M,31.448,2,"",M,7.200,2,"",M,1031.620,2,"",M,388.386,2,"",M,NaN,,,0,NaN,,,M,382.154,2,"",380.600,2,"",NaN,,,NaN,,
2024-12-13T00:23:15.000Z,10.095,2,"",M,58.840,2,"",M,6.000,2,"",N,6.623,2,"",M,31.493,2,"",M,7.210,2,"",M,1031.420,2,"",M,388.547,2,"",M,NaN,,,0,NaN,,,M,382.075,2,"",380.521,2,"",NaN,,,NaN,,
2024-12-13T00:25:06.000Z,10.088,2,"",M,58.838,2,"",M,6.000,2,"",N,6.666,2,"",M,31.537,2,"",M,7.220,2,"",M,1031.480,2,"",M,388.308,2,"",M,NaN,,,0,NaN,,,M,382.399,2,"",380.844,2,"",NaN,,,NaN,,
2024-12-13T00:26:58.000Z,10.082,2,"",M,58.836,2,"",M,6.000,2,"",N,6.701,2,"",M,31.630,2,"",M,7.260,2,"",M,1031.560,2,"",M,388.410,2,"",M,NaN,,,0,NaN,,,M,382.433,2,"",380.879,2,"",NaN,,,NaN,,
2024-12-13T00:28:49.000Z,10.073,2,"",M,58.833,2,"",M,6.000,2,"",N,6.713,2,"",M,31.663,2,"",M,7.300,2,"",M,1031.410,2,"",M,388.521,2,"",M,NaN,,,0,NaN,,,M,382.037,2,"",380.486,2,"",NaN,,,NaN,,
2024-12-13T00:30:40.000Z,10.063,2,"",M,58.830,2,"",M,6.000,2,"",N,6.776,2,"",M,31.735,2,"",M,7.300,2,"",M,1031.330,2,"",M,388.142,2,"",M,NaN,,,0,NaN,,,M,382.644,2,"",381.091,2,"",NaN,,,NaN,,
2024-12-13T00:32:32.000Z,10.054,2,"",M,58.827,2,"",M,6.000,2,"",N,6.819,2,"",M,31.864,2,"",M,7.340,2,"",M,1031.130,2,"",M,387.874,2,"",M,NaN,,,0,NaN,,,M,382.350,2,"",380.799,2,"",NaN,,,NaN,,
2024-12-13T00:34:23.000Z,10.045,2,"",M,58.825,2,"",M,6.000,2,"",N,6.858,2,"",M,31.916,2,"",M,7.420,2,"",M,1031.320,2,"",M,387.605,2,"",M,NaN,,,0,NaN,,,M,381.473,2,"",379.926,2,"",NaN,,,NaN,,
2024-12-13T00:36:15.000Z,10.036,2,"",M,58.822,2,"",M,6.000,2,"",N,6.942,2,"",M,32.011,2,"",M,7.450,2,"",M,1031.530,2,"",M,387.626,2,"",M,NaN,,,0,NaN,,,M,382.434,2,"",380.884,2,"",NaN,,,NaN,,
2024-12-13T00:38:06.000Z,10.028,2,"",M,58.819,2,"",M,6.000,2,"",N,7.044,2,"",M,32.125,2,"",M,7.510,2,"",M,1031.390,2,"",M,387.228,2,"",M,NaN,,,0,NaN,,,M,382.646,2,"",381.096,2,"",NaN,,,NaN,,
2024-12-13T00:39:57.000Z,10.020,2,"",M,58.817,2,"",M,6.000,2,"",N,7.189,2,"",M,32.289,2,"",M,7.590,2,"",M,1031.310,2,"",M,386.779,2,"",M,NaN,,,0,NaN,,,M,383.208,2,"",381.658,2,"",NaN,,,NaN,,
2024-12-13T00:41:49.000Z,10.013,2,"",M,58.815,2,"",M,6.000,2,"",N,7.284,2,"",M,32.379,2,"",M,7.730,2,"",M,1031.490,2,"",M,386.900,2,"",M,NaN,,,0,NaN,,,M,382.627,2,"",381.082,2,"",NaN,,,NaN,,
2024-12-13T00:43:40.000Z,10.006,2,"",M,58.813,2,"",M,6.000,2,"",N,7.334,2,"",M,32.441,2,"",M,7.840,2,"",M,1031.550,2,"",M,387.011,2,"",M,NaN,,,0,NaN,,,M,381.760,2,"",380.221,2,"",NaN,,,NaN,,
2024-12-13T00:45:31.000Z,9.999,2,"",M,58.810,2,"",M,6.000,2,"",N,7.379,2,"",M,32.473,2,"",M,7.900,2,"",M,1031.350,2,"",M,387.463,2,"",M,NaN,,,0,NaN,,,M,381.870,2,"",380.332,2,"",NaN,,,NaN,,
2024-12-13T00:47:44.000Z,9.992,2,"",M,58.808,2,"",M,6.000,2,"",N,7.401,2,"",M,32.464,2,"",M,7.940,2,"",M,1031.363,2,"",M,388.334,2,"",M,NaN,,,0,NaN,,,M,382.444,2,"",380.904,2,"",NaN,,,NaN,,
2024-12-13T00:49:36.000Z,9.986,2,"",M,58.806,2,"",M,6.000,2,"",N,7.400,2,"",M,32.461,2,"",M,7.960,2,"",M,1031.390,2,"",M,388.715,2,"",M,NaN,,,0,NaN,,,M,382.476,2,"",380.936,2,"",NaN,,,NaN,,
2024-12-13T00:51:28.000Z,9.979,2,"",M,58.804,2,"",M,6.000,2,"",N,7.386,2,"",M,32.449,2,"",M,7.990,2,"",M,1031.480,2,"",M,388.596,2,"",M,NaN,,,0,NaN,,,M,381.676,2,"",380.140,2,"",NaN,,,NaN,,
2024-12-13T00:53:19.000Z,9.973,2,"",M,58.802,2,"",M,6.000,2,"",N,7.351,2,"",M,32.401,2,"",M,7.990,2,"",M,1031.470,2,"",M,388.947,2,"",M,NaN,,,0,NaN,,,M,381.446,2,"",379.911,2,"",NaN,,,NaN,,
2024-12-13T00:55:10.000Z,9.967,2,"",M,58.800,2,"",M,6.000,2,"",N,7.314,2,"",M,32.332,2,"",M,7.940,2,"",M,1031.420,2,"",M,389.249,2,"",M,NaN,,,0,NaN,,,M,381.957,2,"",380.419,2,"",NaN,,,NaN,,
2024-12-13T00:57:02.000Z,9.960,2,"",M,58.797,2,"",M,6.000,2,"",N,7.261,2,"",M,32.255,2,"",M,7.890,2,"",M,1031.295,2,"",M,388.670,2,"",M,NaN,,,0,NaN,,,M,381.309,2,"",379.773,2,"",NaN,,,NaN,,
2024-12-13T00:58:53.000Z,9.954,2,"",M,58.795,2,"",M,6.000,2,"",N,7.221,2,"",M,32.237,2,"",M,7.870,2,"",M,1031.430,2,"",M,388.861,2,"",M,NaN,,,0,NaN,,,M,381.220,2,"",379.683,2,"",NaN,,,NaN,,
2024-12-13T01:00:45.000Z,9.948,2,"",M,58.793,2,"",M,6.000,2,"",N,7.196,2,"",M,32.139,2,"",M,7.840,2,"",M,1031.410,2,"",M,388.832,2,"",M,NaN,,,0,NaN,,,M,381.281,2,"",379.743,2,"",NaN,,,NaN,,
2024-12-13T01:02:36.000Z,9.942,2,"",M,58.791,2,"",M,6.000,2,"",N,7.173,2,"",M,32.108,2,"",M,7.790,2,"",M,1031.200,2,"",M,388.964,2,"",M,NaN,,,0,NaN,,,M,381.773,2,"",380.233,2,"",NaN,,,NaN,,
2024-12-13T01:04:27.000Z,9.935,2,"",M,58.789,2,"",M,6.000,2,"",N,7.135,2,"",M,32.032,2,"",M,7.760,2,"",M,1031.070,2,"",M,388.815,2,"",M,NaN,,,0,NaN,,,M,381.466,2,"",379.927,2,"",NaN,,,NaN,,
2024-12-13T01:06:19.000Z,9.929,2,"",M,58.787,2,"",M,6.000,2,"",N,7.096,2,"",M,31.987,2,"",M,7.730,2,"",M,1031.070,2,"",M,388.616,2,"",M,NaN,,,0,NaN,,,M,381.134,2,"",379.595,2,"",NaN,,,NaN,,
2024-12-13T01:08:10.000Z,9.923,2,"",M,58.785,2,"",M,6.000,2,"",N,7.098,2,"",M,31.965,2,"",M,7.720,2,"",M,1031.200,2,"",M,388.848,2,"",M,NaN,,,0,NaN,,,M,381.596,2,"",380.056,2,"",NaN,,,NaN,,
2024-12-13T01:10:01.000Z,9.917,2,"",M,58.782,2,"",M,6.000,2,"",N,7.087,2,"",M,31.924,2,"",M,7.700,2,"",M,1031.330,2,"",M,388.749,2,"",M,NaN,,,0,NaN,,,M,381.702,2,"",380.160,2,"",NaN,,,NaN,,
2024-12-13T01:11:53.000Z,9.911,2,"",M,58.780,2,"",M,6.000,2,"",N,7.062,2,"",M,31.828,2,"",M,7.680,2,"",M,1031.220,2,"",M,388.860,2,"",M,NaN,,,0,NaN,,,M,381.696,2,"",380.154,2,"",NaN,,,NaN,,
2024-12-13T01:13:44.000Z,9.905,2,"",M,58.778,2,"",M,6.000,2,"",N,7.029,2,"",M,31.762,2,"",M,7.650,2,"",M,1031.110,2,"",M,388.621,2,"",M,NaN,,,0,NaN,,,M,381.371,2,"",379.830,2,"",NaN,,,NaN,,
2024-12-13T01:15:35.000Z,9.899,2,"",M,58.776,2,"",M,6.000,2,"",N,6.956,2,"",M,31.653,2,"",M,7.650,2,"",M,1031.220,2,"",M,388.863,2,"",M,NaN,,,0,NaN,,,M,380.481,2,"",378.943,2,"",NaN,,,NaN,,
2024-12-13T01:17:27.000Z,9.893,2,"",M,58.774,2,"",M,6.000,2,"",N,6.932,2,"",M,31.524,2,"",M,7.580,2,"",M,1031.150,2,"",M,388.674,2,"",M,NaN,,,0,NaN,,,M,381.029,2,"",379.488,2,"",NaN,,,NaN,,
2024-12-13T01:19:18.000Z,9.887,2,"",M,58.772,2,"",M,6.000,2,"",N,6.890,2,"",M,31.427,2,"",M,7.540,2,"",M,1030.920,2,"",M,388.485,2,"",M,NaN,,,0,NaN,,,M,380.740,2,"",379.200,2,"",NaN,,,NaN,,
2024-12-13T01:21:09.000Z,9.881,2,"",M,58.770,2,"",M,6.000,2,"",N,6.863,2,"",M,31.344,2,"",M,7.490,2,"",M,1030.760,2,"",M,388.517,2,"",M,NaN,,,0,NaN,,,M,381.092,2,"",379.549,2,"",NaN,,,NaN,,
2024-12-13T01:23:01.000Z,9.876,2,"",M,58.767,2,"",M,6.000,2,"",N,6.815,2,"",M,31.276,2,"",M,7.480,2,"",M,1031.170,2,"",M,388.188,2,"",M,NaN,,,0,NaN,,,M,380.309,2,"",378.768,2,"",NaN,,,NaN,,
2024-12-13T01:24:52.000Z,9.870,2,"",M,58.765,2,"",M,6.000,2,"",N,6.754,2,"",M,31.228,2,"",M,7.450,2,"",M,1031.250,2,"",M,388.239,2,"",M,NaN,,,0,NaN,,,M,379.895,2,"",378.356,2,"",NaN,,,NaN,,
2024-12-13T01:26:43.000Z,9.865,2,"",M,58.763,2,"",M,6.000,2,"",N,6.702,2,"",M,31.164,2,"",M,7.390,2,"",M,1031.140,2,"",M,388.180,2,"",M,NaN,,,0,NaN,,,M,379.938,2,"",378.398,2,"",NaN,,,NaN,,
2024-12-13T01:28:35.000Z,9.859,2,"",M,58.761,2,"",M,6.000,2,"",N,6.615,2,"",M,31.093,2,"",M,7.330,2,"",M,1031.050,2,"",M,387.692,2,"",M,NaN,,,0,NaN,,,M,379.006,2,"",377.468,2,"",NaN,,,NaN,,
2024-12-13T01:30:27.000Z,9.853,2,"",M,58.758,2,"",M,6.000,2,"",N,6.556,2,"",M,30.985,2,"",M,7.250,2,"",M,1030.960,2,"",M,387.123,2,"",M,NaN,,,0,NaN,,,M,378.777,2,"",377.239,2,"",NaN,,,NaN,,
2024-12-13T01:32:19.000Z,9.848,2,"",M,58.756,2,"",M,6.000,2,"",N,6.462,2,"",M,30.901,2,"",M,7.190,2,"",M,1031.120,2,"",M,386.615,2,"",M,NaN,,,0,NaN,,,M,377.813,2,"",376.277,2,"",NaN,,,NaN,,
2024-12-13T01:34:10.000Z,9.842,2,"",M,58.753,2,"",M,6.000,2,"",N,6.395,2,"",M,30.801,2,"",M,7.110,2,"",M,1030.950,2,"",M,386.166,2,"",M,NaN,,,0,NaN,,,M,377.532,2,"",375.996,2,"",NaN,,,NaN,,
2024-12-13T01:36:02.000Z,9.836,2,"",M,58.751,2,"",M,6.000,2,"",N,6.309,2,"",M,30.677,2,"",M,7.030,2,"",M,1030.750,2,"",M,385.558,2,"",M,NaN,,,0,NaN,,,M,376.798,2,"",375.264,2,"",NaN,,,NaN,,
2024-12-13T01:37:53.000Z,9.830,2,"",M,58.748,2,"",M,6.000,2,"",N,6.263,2,"",M,30.512,2,"",M,6.950,2,"",M,1030.660,2,"",M,385.149,2,"",M,NaN,,,0,NaN,,,M,376.922,2,"",375.386,2,"",NaN,,,NaN,,
2024-12-13T01:39:44.000Z,9.825,2,"",M,58.746,2,"",M,6.000,2,"",N,6.160,2,"",M,30.343,2,"",M,6.890,2,"",M,1030.730,2,"",M,384.910,2,"",M,NaN,,,0,NaN,,,M,376.040,2,"",374.506,2,"",NaN,,,NaN,,
2024-12-13T01:41:36.000Z,9.819,2,"",M,58.743,2,"",M,6.000,2,"",N,6.121,2,"",M,30.188,2,"",M,6.820,2,"",M,1030.710,2,"",M,384.522,2,"",M,NaN,,,0,NaN,,,M,376.172,2,"",374.636,2,"",NaN,,,NaN,,
2024-12-13T01:43:27.000Z,9.813,2,"",M,58.741,2,"",M,6.000,2,"",N,6.040,2,"",M,30.043,2,"",M,6.750,2,"",M,1030.630,2,"",M,384.853,2,"",M,NaN,,,0,NaN,,,M,376.309,2,"",374.771,2,"",NaN,,,NaN,,
2024-12-13T01:45:18.000Z,9.807,2,"",M,58.738,2,"",M,6.000,2,"",N,5.961,2,"",M,29.884,2,"",M,6.680,2,"",M,1030.440,2,"",M,384.614,2,"",M,NaN,,,0,NaN,,,M,375.868,2,"",374.331,2,"",NaN,,,NaN,,
2024-12-13T01:47:32.000Z,9.800,2,"",M,58.735,2,"",M,6.000,2,"",N,5.935,2,"",M,29.728,2,"",M,6.600,2,"",M,1030.780,2,"",M,384.886,2,"",M,NaN,,,0,NaN,,,M,377.145,2,"",375.601,2,"",NaN,,,NaN,,
2024-12-13T01:49:23.000Z,9.795,2,"",M,58.733,2,"",M,6.000,2,"",N,5.908,2,"",M,29.643,2,"",M,6.580,2,"",M,1030.870,2,"",M,384.947,2,"",M,NaN,,,0,NaN,,,M,377.137,2,"",375.591,2,"",NaN,,,NaN,,
2024-12-13T01:51:15.000Z,9.789,2,"",M,58.730,2,"",M,6.000,2,"",N,5.886,2,"",M,29.573,2,"",M,6.540,2,"",M,1030.760,2,"",M,385.178,2,"",M,NaN,,,0,NaN,,,M,377.616,2,"",376.068,2,"",NaN,,,NaN,,
2024-12-13T01:53:06.000Z,9.783,2,"",M,58.728,2,"",M,6.000,2,"",N,5.874,2,"",M,29.549,2,"",M,6.510,2,"",M,1030.630,2,"",M,385.719,2,"",M,NaN,,,0,NaN,,,M,378.396,2,"",376.844,2,"",NaN,,,NaN,,
2024-12-13T01:54:57.000Z,9.776,2,"",M,58.725,2,"",M,6.000,2,"",N,5.839,2,"",M,29.471,2,"",M,6.500,2,"",M,1030.660,2,"",M,385.710,2,"",M,NaN,,,0,NaN,,,M,377.994,2,"",376.444,2,"",NaN,,,NaN,,
2024-12-13T01:56:49.000Z,9.770,2,"",M,58.723,2,"",M,6.000,2,"",N,5.834,2,"",M,29.415,2,"",M,6.490,2,"",M,1030.920,2,"",M,386.092,2,"",M,NaN,,,0,NaN,,,M,378.554,2,"",377.001,2,"",NaN,,,NaN,,
2024-12-13T01:58:40.000Z,9.764,2,"",M,58.721,2,"",M,6.000,2,"",N,5.808,2,"",M,29.387,2,"",M,6.460,2,"",M,1030.840,2,"",M,386.153,2,"",M,NaN,,,0,NaN,,,M,378.649,2,"",377.095,2,"",NaN,,,NaN,,
2024-12-13T02:00:31.000Z,9.758,2,"",M,58.718,2,"",M,6.000,2,"",N,5.813,2,"",M,29.373,2,"",M,6.430,2,"",M,1030.710,2,"",M,386.374,2,"",M,NaN,,,0,NaN,,,M,379.393,2,"",377.836,2,"",NaN,,,NaN,,
2024-12-13T02:02:23.000Z,9.752,2,"",M,58.716,2,"",M,6.000,2,"",N,5.811,2,"",M,29.361,2,"",M,6.430,2,"",M,1030.560,2,"",M,386.495,2,"",M,NaN,,,0,NaN,,,M,379.419,2,"",377.862,2,"",NaN,,,NaN,,
2024-12-13T02:04:14.000Z,9.746,2,"",M,58.713,2,"",M,6.000,2,"",N,5.792,2,"",M,29.346,2,"",M,6.450,2,"",M,1030.780,2,"",M,386.806,2,"",M,NaN,,,0,NaN,,,M,379.174,2,"",377.618,2,"",NaN,,,NaN,,
2024-12-13T02:06:05.000Z,9.740,2,"",M,58.711,2,"",M,6.000,2,"",N,5.783,2,"",M,29.321,2,"",M,6.430,2,"",M,1030.770,2,"",M,387.048,2,"",M,NaN,,,0,NaN,,,M,379.587,2,"",378.029,2,"",NaN,,,NaN,,
2024-12-13T02:07:57.000Z,9.734,2,"",M,58.709,2,"",M,6.000,2,"",N,5.775,2,"",M,29.314,2,"",M,6.410,2,"",M,1030.520,2,"",M,387.079,2,"",M,NaN,,,0,NaN,,,M,379.733,2,"",378.175,2,"",NaN,,,NaN,,
2024-12-13T02:09:48.000Z,9.727,2,"",M,58.706,2,"",M,6.000,2,"",N,5.825,2,"",M,29.321,2,"",M,6.390,2,"",M,1030.330,2,"",M,386.870,2,"",M,NaN,,,0,NaN,,,M,380.575,2,"",379.013,2,"",NaN,,,NaN,,
2024-12-13T02:11:39.000Z,9.721,2,"",M,58.704,2,"",M,6.000,2,"",N,5.895,2,"",M,29.366,2,"",M,6.430,2,"",M,1030.550,2,"",M,386.542,2,"",M,NaN,,,0,NaN,,,M,380.807,2,"",379.244,2,"",NaN,,,NaN,,
2024-12-13T02:13:31.000Z,9.715,2,"",M,58.702,2,"",M,6.000,2,"",N,5.956,2,"",M,29.437,2,"",M,6.510,2,"",M,1030.790,2,"",M,386.443,2,"",M,NaN,,,0,NaN,,,M,380.472,2,"",378.912,2,"",NaN,,,NaN,,
2024-12-13T02:15:22.000Z,9.709,2,"",M,58.700,2,"",M,6.000,2,"",N,5.983,2,"",M,29.480,2,"",M,6.560,2,"",M,1030.680,2,"",M,386.264,2,"",M,NaN,,,0,NaN,,,M,379.877,2,"",378.321,2,"",NaN,,,NaN,,
2024-12-13T02:17:13.000Z,9.703,2,"",M,58.697,2,"",M,6.000,2,"",N,5.985,2,"",M,29.480,2,"",M,6.580,2,"",M,1030.580,2,"",M,386.035,2,"",M,NaN,,,0,NaN,,,M,379.324,2,"",377.770,2,"",NaN,,,NaN,,
2024-12-13T02:19:05.000Z,9.697,2,"",M,58.695,2,"",M,6.000,2,"",N,5.969,2,"",M,29.470,2,"",M,6.600,2,"",M,1030.670,2,"",M,386.397,2,"",M,NaN,,,0,NaN,,,M,379.134,2,"",377.581,2,"",NaN,,,NaN,,
2024-12-13T02:20:56.000Z,9.690,2,"",M,58.693,2,"",M,6.000,2,"",N,5.991,2,"",M,29.475,2,"",M,6.600,2,"",M,1030.920,2,"",M,385.928,2,"",M,NaN,,,0,NaN,,,M,379.111,2,"",377.558,2,"",NaN,,,NaN,,
2024-12-13T02:22:48.000Z,9.684,2,"",M,58.691,2,"",M,6.000,2,"",N,5.987,2,"",M,29.505,2,"",M,6.600,2,"",M,1030.830,2,"",M,386.299,2,"",M,NaN,,,0,NaN,,,M,379.383,2,"",377.830,2,"",NaN,,,NaN,,
2024-12-13T02:24:40.000Z,9.678,2,"",M,58.689,2,"",M,6.000,2,"",N,5.990,2,"",M,29.501,2,"",M,6.600,2,"",M,1030.610,2,"",M,386.560,2,"",M,NaN,,,0,NaN,,,M,379.598,2,"",378.043,2,"",NaN,,,NaN,,
2024-12-13T02:29:09.000Z,9.662,2,"",M,58.684,2,"",M,6.000,2,"",N,NaN,,,M,NaN,,,M,NaN,,,M,NaN,,,M,NaN,,,0,NaN,,,0,NaN,,,M,NaN,,,NaN,,,NaN,,,NaN,,
2024-12-13T02:30:58.000Z,9.656,2,"",M,58.682,2,"",M,6.000,2,"",N,NaN,,,M,NaN,,,M,NaN,,,M,NaN,,,M,NaN,,,0,NaN,,,0,NaN,,,M,NaN,,,NaN,,,NaN,,,NaN,,
2024-12-13T02:32:48.000Z,9.650,2,"",M,58.680,2,"",M,6.000,2,"",N,NaN,,,M,NaN,,,M,NaN,,,M,NaN,,,M,NaN,,,0,NaN,,,0,NaN,,,M,NaN,,,NaN,,,NaN,,,NaN,,
2024-12-13T02:37:17.000Z,9.634,2,"",M,58.676,2,"",M,6.000,2,"",N,NaN,,,M,NaN,,,M,NaN,,,M,NaN,,,M,NaN,,,0,NaN,,,0,NaN,,,M,NaN,,,NaN,,,NaN,,,NaN,,
2024-12-13T02:39:06.000Z,9.628,2,"",M,58.674,2,"",M,6.000,2,"",N,NaN,,,M,NaN,,,M,NaN,,,M,NaN,,,M,NaN,,,0,NaN,,,0,NaN,,,M,NaN,,,NaN,,,NaN,,,NaN,,
2024-12-13T02:40:56.000Z,9.622,2,"",M,58.672,2,"",M,6.000,2,"",N,NaN,,,M,NaN,,,M,NaN,,,M,NaN,,,M,NaN,,,0,NaN,,,0,NaN,,,M,NaN,,,NaN,,,NaN,,,NaN,,
2024-12-13T02:45:25.000Z,9.607,2,"",M,58.667,2,"",M,6.000,2,"",N,NaN,,,M,NaN,,,M,NaN,,,M,NaN,,,M,NaN,,,0,NaN,,,0,NaN,,,M,NaN,,,NaN,,,NaN,,,NaN,,
2024-12-13T02:47:34.000Z,9.599,2,"",M,58.665,2,"",M,6.000,2,"",N,NaN,,,M,NaN,,,M,NaN,,,M,NaN,,,M,NaN,,,0,NaN,,,0,NaN,,,M,NaN,,,NaN,,,NaN,,,NaN,,
2024-12-13T02:49:24.000Z,9.593,2,"",M,58.663,2,"",M,6.000,2,"",N,NaN,,,M,NaN,,,M,NaN,,,M,NaN,,,M,NaN,,,0,NaN,,,0,NaN,,,M,NaN,,,NaN,,,NaN,,,NaN,,
2024-12-13T02:53:53.000Z,9.577,2,"",M,58.658,2,"",M,6.000,2,"",N,6.179,2,"",M,29.834,2,"",M,NaN,,,M,NaN,,,M,NaN,,,0,433.347,2,"",M,1029.500,2,"",M,NaN,,,NaN,,,437.393,2,"",435.590,2,""
2024-12-13T02:55:42.000Z,9.571,2,"",M,58.657,2,"",M,6.000,2,"",N,6.171,2,"",M,29.836,2,"",M,NaN,,,M,NaN,,,M,NaN,,,0,433.367,2,"",M,1029.500,2,"",M,NaN,,,NaN,,,437.415,2,"",435.612,2,""
2024-12-13T02:57:31.000Z,9.565,2,"",M,58.655,2,"",M,6.000,2,"",N,6.199,2,"",M,29.845,2,"",M,NaN,,,M,NaN,,,M,NaN,,,0,433.396,2,"",M,1029.400,2,"",M,NaN,,,NaN,,,437.395,2,"",435.592,2,""
2024-12-13T02:59:20.000Z,9.559,2,"",M,58.653,2,"",M,6.000,2,"",N,6.231,2,"",M,29.893,2,"",M,NaN,,,M,NaN,,,M,NaN,,,0,433.026,2,"",M,1029.400,2,"",M,NaN,,,NaN,,,437.012,2,"",435.212,2,""
2024-12-13T03:01:09.000Z,9.552,2,"",M,58.651,2,"",M,6.000,2,"",N,6.243,2,"",M,29.920,2,"",M,NaN,,,M,NaN,,,M,NaN,,,0,433.096,2,"",M,1029.400,2,"",M,NaN,,,NaN,,,437.079,2,"",435.279,2,""
2024-12-13T03:06:20.000Z,9.534,2,"",M,58.646,2,"",M,6.000,2,"",N,6.263,2,"",M,29.945,2,"",M,6.860,2,"",M,1029.920,2,"",M,388.584,2,"",M,NaN,,,0,NaN,,,M,381.486,2,"",379.931,2,"",NaN,,,NaN,,
2024-12-13T03:08:12.000Z,9.528,2,"",M,58.644,2,"",M,6.000,2,"",N,6.268,2,"",M,29.950,2,"",M,6.890,2,"",M,1030.020,2,"",M,389.113,2,"",M,NaN,,,0,NaN,,,M,381.630,2,"",380.074,2,"",NaN,,,NaN,,
2024-12-13T03:10:03.000Z,9.521,2,"",M,58.642,2,"",M,6.000,2,"",N,6.264,2,"",M,29.952,2,"",M,6.880,2,"",M,1029.880,2,"",M,389.133,2,"",M,NaN,,,0,NaN,,,M,381.698,2,"",380.142,2,"",NaN,,,NaN,,
2024-12-13T03:11:55.000Z,9.515,2,"",M,58.641,2,"",M,6.000,2,"",N,6.260,2,"",M,29.948,2,"",M,6.870,2,"",M,1029.960,2,"",M,389.112,2,"",M,NaN,,,0,NaN,,,M,381.805,2,"",380.248,2,"",NaN,,,NaN,,
2024-12-13T03:13:46.000Z,9.508,2,"",M,58.639,2,"",M,6.000,2,"",N,6.248,2,"",M,29.941,2,"",M,6.860,2,"",M,1029.800,2,"",M,388.842,2,"",M,NaN,,,0,NaN,,,M,381.448,2,"",379.892,2,"",NaN,,,NaN,,
2024-12-13T03:15:38.000Z,9.502,2,"",M,58.637,2,"",M,6.000,2,"",N,6.262,2,"",M,29.942,2,"",M,6.870,2,"",M,1029.970,2,"",M,388.751,2,"",M,NaN,,,0,NaN,,,M,381.481,2,"",379.925,2,"",NaN,,,NaN,,
2024-12-13T03:17:29.000Z,9.496,2,"",M,58.635,2,"",M,6.000,2,"",N,6.278,2,"",M,29.956,2,"",M,6.880,2,"",M,1029.970,2,"",M,388.781,2,"",M,NaN,,,0,NaN,,,M,381.612,2,"",380.056,2,"",NaN,,,NaN,,
2024-12-13T03:19:22.000Z,9.490,2,"",M,58.633,2,"",M,6.000,2,"",N,6.291,2,"",M,29.970,2,"",M,6.880,2,"",M,1029.877,2,"",M,388.950,2,"",M,NaN,,,0,NaN,,,M,381.955,2,"",380.398,2,"",NaN,,,NaN,,
2024-12-13T03:21:13.000Z,9.483,2,"",M,58.631,2,"",M,6.000,2,"",N,6.280,2,"",M,29.976,2,"",M,6.890,2,"",M,1029.743,2,"",M,389.340,2,"",M,NaN,,,0,NaN,,,M,381.938,2,"",380.381,2,"",NaN,,,NaN,,
2024-12-13T03:23:04.000Z,9.477,2,"",M,58.629,2,"",M,6.000,2,"",N,6.243,2,"",M,29.957,2,"",M,6.890,2,"",M,1029.850,2,"",M,389.550,2,"",M,NaN,,,0,NaN,,,M,381.594,2,"",380.039,2,"",NaN,,,NaN,,
2024-12-13T03:24:56.000Z,9.471,2,"",M,58.627,2,"",M,6.000,2,"",N,6.218,2,"",M,29.929,2,"",M,6.880,2,"",M,1029.860,2,"",M,389.479,2,"",M,NaN,,,0,NaN,,,M,381.276,2,"",379.722,2,"",NaN,,,NaN,,
2024-12-13T03:26:47.000Z,9.465,2,"",M,58.625,2,"",M,6.000,2,"",N,6.205,2,"",I,29.912,2,"",I,6.840,2,"",M,1029.660,2,"",M,389.649,2,"",M,NaN,,,0,NaN,,,M,381.825,2,"",380.268,2,"",NaN,,,NaN,,
2024-12-13T03:28:38.000Z,9.458,2,"",M,58.623,2,"",M,6.000,2,"",N,6.193,2,"",M,29.895,2,"",M,6.800,2,"",M,1029.520,2,"",M,389.328,2,"",M,NaN,,,0,NaN,,,M,381.917,2,"",380.359,2,"",NaN,,,NaN,,
2024-12-13T03:30:30.000Z,9.452,2,"",M,58.621,2,"",M,6.000,2,"",N,6.204,2,"",M,29.895,2,"",M,6.800,2,"",M,1029.470,2,"",M,388.948,2,"",M,NaN,,,0,NaN,,,M,381.695,2,"",380.137,2,"",NaN,,,NaN,,
2024-12-13T03:32:21.000Z,9.446,2,"",M,58.620,2,"",M,6.000,2,"",N,6.223,2,"",M,29.907,2,"",M,6.830,2,"",M,1029.540,2,"",M,388.558,2,"",M,NaN,,,0,NaN,,,M,381.165,2,"",379.611,2,"",NaN,,,NaN,,
2024-12-13T03:34:12.000Z,9.440,2,"",M,58.618,2,"",M,6.000,2,"",N,6.238,2,"",M,29.922,2,"",M,6.830,2,"",M,1029.380,2,"",M,389.267,2,"",M,NaN,,,0,NaN,,,M,382.043,2,"",380.486,2,"",NaN,,,NaN,,
2024-12-13T03:36:04.000Z,9.434,2,"",M,58.616,2,"",M,6.000,2,"",N,6.239,2,"",M,29.933,2,"",M,6.840,2,"",M,1029.480,2,"",M,389.067,2,"",M,NaN,,,0,NaN,,,M,381.733,2,"",380.176,2,"",NaN,,,NaN,,
2024-12-13T03:37:55.000Z,9.428,2,"",M,58.614,2,"",M,6.000,2,"",N,6.236,2,"",M,29.936,2,"",M,6.840,2,"",M,1029.360,2,"",M,389.206,2,"",M,NaN,,,0,NaN,,,M,381.774,2,"",380.217,2,"",NaN,,,NaN,,
2024-12-13T03:39:47.000Z,9.422,2,"",M,58.612,2,"",M,6.000,2,"",N,6.235,2,"",M,29.935,2,"",M,6.860,2,"",M,1029.580,2,"",M,388.996,2,"",M,NaN,,,0,NaN,,,M,381.303,2,"",379.748,2,"",NaN,,,NaN,,
2024-12-13T03:41:38.000Z,9.416,2,"",M,58.610,2,"",M,6.000,2,"",N,6.243,2,"",M,29.937,2,"",M,6.860,2,"",M,1029.630,2,"",M,389.205,2,"",M,NaN,,,0,NaN,,,M,381.665,2,"",380.109,2,"",NaN,,,NaN,,
2024-12-13T03:43:29.000Z,9.410,2,"",M,58.608,2,"",M,6.000,2,"",N,6.287,2,"",M,29.959,2,"",M,6.840,2,"",M,1029.520,2,"",M,389.435,2,"",M,NaN,,,0,NaN,,,M,382.883,2,"",381.321,2,"",NaN,,,NaN,,
2024-12-13T03:45:21.000Z,9.403,2,"",M,58.606,2,"",M,6.000,2,"",N,6.334,2,"",M,29.998,2,"",M,6.870,2,"",M,1029.450,2,"",M,389.184,2,"",M,NaN,,,0,NaN,,,M,382.880,2,"",381.319,2,"",NaN,,,NaN,,
2024-12-13T03:47:33.000Z,9.396,2,"",M,58.604,2,"",M,6.000,2,"",N,6.380,2,"",M,30.031,2,"",M,6.950,2,"",M,1029.630,2,"",M,389.644,2,"",M,NaN,,,0,NaN,,,M,382.835,2,"",381.276,2,"",NaN,,,NaN,,
2024-12-13T03:49:24.000Z,9.390,2,"",M,58.602,2,"",M,6.000,2,"",N,6.365,2,"",M,30.049,2,"",M,6.990,2,"",M,1029.630,2,"",M,390.273,2,"",M,NaN,,,0,NaN,,,M,382.537,2,"",380.980,2,"",NaN,,,NaN,,
2024-12-13T03:51:16.000Z,9.384,2,"",M,58.600,2,"",M,6.000,2,"",N,6.330,2,"",M,30.030,2,"",M,6.980,2,"",M,1029.520,2,"",M,390.603,2,"",M,NaN,,,0,NaN,,,M,382.421,2,"",380.865,2,"",NaN,,,NaN,,
2024-12-13T03:53:07.000Z,9.378,2,"",M,58.598,2,"",M,6.000,2,"",N,6.299,2,"",M,30.005,2,"",M,6.930,2,"",M,1029.360,2,"",M,390.612,2,"",M,NaN,,,0,NaN,,,M,382.690,2,"",381.131,2,"",NaN,,,NaN,,
2024-12-13T03:54:58.000Z,9.372,2,"",M,58.596,2,"",M,6.000,2,"",N,6.272,2,"",M,29.991,2,"",M,6.910,2,"",M,1029.440,2,"",M,390.062,2,"",M,NaN,,,0,NaN,,,M,382.074,2,"",380.517,2,"",NaN,,,NaN,,
2024-12-13T03:56:50.000Z,9.366,2,"",M,58.594,2,"",M,6.000,2,"",N,6.275,2,"",M,29.986,2,"",M,6.900,2,"",M,1029.485,2,"",M,389.972,2,"",M,NaN,,,0,NaN,,,M,382.222,2,"",380.665,2,"",NaN,,,NaN,,
2024-12-13T03:58:41.000Z,9.360,2,"",M,58.592,2,"",M,6.000,2,"",N,6.300,2,"",M,29.990,2,"",M,6.890,2,"",M,1029.320,2,"",M,389.701,2,"",M,NaN,,,0,NaN,,,M,382.453,2,"",380.895,2,"",NaN,,,NaN,,
2024-12-13T04:00:32.000Z,9.354,2,"",M,58.590,2,"",M,6.000,2,"",N,6.387,2,"",M,30.021,2,"",M,6.890,2,"",M,1029.330,2,"",M,389.581,2,"",M,NaN,,,0,NaN,,,M,383.757,2,"",382.193,2,"",NaN,,,NaN,,
2024-12-13T04:02:24.000Z,9.348,2,"",M,58.588,2,"",M,6.000,2,"",N,6.431,2,"",M,30.064,2,"",M,6.950,2,"",M,1029.320,2,"",M,389.221,2,"",M,NaN,,,0,NaN,,,M,383.126,2,"",381.566,2,"",NaN,,,NaN,,
2024-12-13T04:04:15.000Z,9.343,2,"",M,58.586,2,"",M,6.000,2,"",N,6.503,2,"",M,30.111,2,"",M,7.040,2,"",M,1029.440,2,"",M,390.140,2,"",M,NaN,,,0,NaN,,,M,383.751,2,"",382.190,2,"",NaN,,,NaN,,
2024-12-13T04:06:06.000Z,9.338,2,"",M,58.584,2,"",M,6.000,2,"",N,6.632,2,"",M,30.319,2,"",M,7.090,2,"",M,1029.350,2,"",M,391.459,2,"",M,NaN,,,0,NaN,,,M,386.302,2,"",384.733,2,"",NaN,,,NaN,,
2024-12-13T04:07:58.000Z,9.332,2,"",M,58.581,2,"",M,6.000,2,"",N,6.740,2,"",M,30.721,2,"",M,7.200,2,"",M,1029.280,2,"",M,392.579,2,"",M,NaN,,,0,NaN,,,M,387.314,2,"",385.743,2,"",NaN,,,NaN,,
2024-12-13T04:09:50.000Z,9.328,2,"",M,58.579,2,"",M,6.000,2,"",N,6.800,2,"",M,30.928,2,"",M,7.280,2,"",M,1029.170,2,"",M,392.608,2,"",M,NaN,,,0,NaN,,,M,386.945,2,"",385.377,2,"",NaN,,,NaN,,
2024-12-13T04:11:41.000Z,9.323,2,"",M,58.577,2,"",M,6.000,2,"",N,6.851,2,"",M,31.070,2,"",M,7.380,2,"",M,1029.310,2,"",M,392.108,2,"",M,NaN,,,0,NaN,,,M,385.682,2,"",384.121,2,"",NaN,,,NaN,,
2024-12-13T04:13:34.000Z,9.317,2,"",M,58.574,2,"",M,6.000,2,"",N,6.877,2,"",M,31.123,2,"",M,7.440,2,"",M,1029.230,2,"",M,391.818,2,"",M,NaN,,,0,NaN,,,M,384.802,2,"",383.246,2,"",NaN,,,NaN,,
2024-12-13T04:15:25.000Z,9.311,2,"",M,58.572,2,"",M,6.000,2,"",N,6.878,2,"",M,31.095,2,"",M,7.460,2,"",M,1029.130,2,"",M,392.087,2,"",M,NaN,,,0,NaN,,,M,384.717,2,"",383.162,2,"",NaN,,,NaN,,
2024-12-13T04:17:16.000Z,9.304,2,"",M,58.569,2,"",M,6.000,2,"",N,6.873,2,"",M,31.033,2,"",M,7.460,2,"",M,1028.950,2,"",M,391.957,2,"",M,NaN,,,0,NaN,,,M,384.439,2,"",382.885,2,"",NaN,,,NaN,,
2024-12-13T04:19:08.000Z,9.297,2,"",M,58.566,2,"",M,6.000,2,"",N,6.878,2,"",M,31.015,2,"",M,7.460,2,"",M,1028.930,2,"",M,392.416,2,"",M,NaN,,,0,NaN,,,M,384.959,2,"",383.403,2,"",NaN,,,NaN,,
2024-12-13T04:20:59.000Z,9.291,2,"",M,58.564,2,"",M,6.000,2,"",N,6.896,2,"",M,30.957,2,"",M,7.480,2,"",M,1029.030,2,"",M,392.696,2,"",M,NaN,,,0,NaN,,,M,385.232,2,"",383.675,2,"",NaN,,,NaN,,
2024-12-13T04:22:51.000Z,9.284,2,"",M,58.561,2,"",M,6.000,2,"",N,6.924,2,"",M,30.864,2,"",M,7.490,2,"",M,1029.020,2,"",M,393.165,2,"",M,NaN,,,0,NaN,,,M,385.979,2,"",384.419,2,"",NaN,,,NaN,,
2024-12-13T04:24:42.000Z,9.277,2,"",M,58.559,2,"",M,6.000,2,"",N,6.948,2,"",M,30.762,2,"",M,7.500,2,"",M,1029.080,2,"",M,393.955,2,"",M,NaN,,,0,NaN,,,M,386.999,2,"",385.436,2,"",NaN,,,NaN,,
2024-12-13T04:26:33.000Z,9.271,2,"",M,58.556,2,"",M,6.000,2,"",N,6.940,2,"",M,30.688,2,"",M,7.520,2,"",M,1029.070,2,"",M,395.044,2,"",M,NaN,,,0,NaN,,,M,387.614,2,"",386.048,2,"",NaN,,,NaN,,
2024-12-13T04:28:24.000Z,9.264,2,"",M,58.554,2,"",M,6.000,2,"",N,6.907,2,"",M,30.626,2,"",M,7.550,2,"",M,1029.210,2,"",M,396.504,2,"",M,NaN,,,0,NaN,,,M,388.046,2,"",386.478,2,"",NaN,,,NaN,,
2024-12-13T04:30:16.000Z,9.257,2,"",M,58.551,2,"",M,6.000,2,"",N,6.863,2,"",M,30.535,2,"",M,7.510,2,"",M,1029.120,2,"",M,397.503,2,"",M,NaN,,,0,NaN,,,M,388.939,2,"",387.367,2,"",NaN,,,NaN,,
2024-12-13T04:32:07.000Z,9.250,2,"",M,58.549,2,"",M,6.000,2,"",N,6.862,2,"",M,30.484,2,"",M,7.460,2,"",M,1028.980,2,"",M,398.203,2,"",M,NaN,,,0,NaN,,,M,390.384,2,"",388.806,2,"",NaN,,,NaN,,
2024-12-13T04:33:59.000Z,9.243,2,"",M,58.546,2,"",M,6.000,2,"",N,6.854,2,"",M,30.423,2,"",M,7.450,2,"",M,1028.840,2,"",M,398.032,2,"",M,NaN,,,0,NaN,,,M,390.201,2,"",388.624,2,"",NaN,,,NaN,,
2024-12-13T04:35:50.000Z,9.235,2,"",M,58.544,2,"",M,6.000,2,"",N,6.786,2,"",M,30.394,2,"",M,7.460,2,"",M,1028.950,2,"",M,398.102,2,"",M,NaN,,,0,NaN,,,M,389.026,2,"",387.454,2,"",NaN,,,NaN,,
2024-12-13T04:37:42.000Z,9.228,2,"",M,58.541,2,"",M,6.000,2,"",N,6.730,2,"",M,30.359,2,"",M,7.420,2,"",M,1028.970,2,"",M,398.341,2,"",M,NaN,,,0,NaN,,,M,389.022,2,"",387.448,2,"",NaN,,,NaN,,
2024-12-13T04:39:33.000Z,9.221,2,"",M,58.539,2,"",M,6.000,2,"",N,6.617,2,"",M,30.335,2,"",M,7.340,2,"",M,1028.850,2,"",M,398.511,2,"",M,NaN,,,0,NaN,,,M,388.607,2,"",387.034,2,"",NaN,,,NaN,,
2024-12-13T04:41:24.000Z,9.213,2,"",M,58.537,2,"",M,6.000,2,"",N,6.570,2,"",M,30.322,2,"",M,7.240,2,"",M,1028.700,2,"",M,397.771,2,"",M,NaN,,,0,NaN,,,M,388.734,2,"",387.159,2,"",NaN,,,NaN,,
2024-12-13T04:43:15.000Z,9.206,2,"",M,58.534,2,"",M,6.000,2,"",N,6.548,2,"",M,30.339,2,"",M,7.190,2,"",M,1028.720,2,"",M,396.630,2,"",M,NaN,,,0,NaN,,,M,388.096,2,"",386.522,2,"",NaN,,,NaN,,
2024-12-13T04:45:07.000Z,9.198,2,"",M,58.532,2,"",M,6.000,2,"",N,6.555,2,"",I,30.357,2,"",I,7.170,2,"",M,1028.780,2,"",M,395.730,2,"",M,NaN,,,0,NaN,,,M,387.680,2,"",386.107,2,"",NaN,,,NaN,,
2024-12-13T04:46:58.000Z,9.190,2,"",M,58.529,2,"",M,6.000,2,"",N,6.561,2,"",M,30.375,2,"",M,7.160,2,"",M,1028.800,2,"",M,395.110,2,"",M,NaN,,,0,NaN,,,M,387.354,2,"",385.782,2,"",NaN,,,NaN,,
2024-12-13T04:49:11.000Z,9.181,2,"",M,58.527,2,"",M,6.000,2,"",N,6.586,2,"",M,30.398,2,"",M,7.160,2,"",M,1028.810,2,"",M,394.479,2,"",M,NaN,,,0,NaN,,,M,387.151,2,"",385.580,2,"",NaN,,,NaN,,
2024-12-13T04:51:02.000Z,9.174,2,"",M,58.524,2,"",M,6.000,2,"",N,6.597,2,"",M,30.409,2,"",M,7.180,2,"",M,1028.760,2,"",M,394.209,2,"",M,NaN,,,0,NaN,,,M,386.710,2,"",385.141,2,"",NaN,,,NaN,,
2024-12-13T04:52:53.000Z,9.166,2,"",M,58.522,2,"",M,6.000,2,"",N,6.609,2,"",M,30.416,2,"",M,7.210,2,"",M,1028.770,2,"",M,394.288,2,"",M,NaN,,,0,NaN,,,M,386.485,2,"",384.918,2,"",NaN,,,NaN,,
2024-12-13T04:54:45.000Z,9.159,2,"",M,58.520,2,"",M,6.000,2,"",N,6.620,2,"",M,30.427,2,"",M,7.210,2,"",M,1028.510,2,"",M,394.698,2,"",M,NaN,,,0,NaN,,,M,386.969,2,"",385.400,2,"",NaN,,,NaN,,
2024-12-13T04:56:36.000Z,9.152,2,"",M,58.517,2,"",M,6.000,2,"",N,6.631,2,"",M,30.436,2,"",M,7.210,2,"",M,1028.340,2,"",M,394.508,2,"",M,NaN,,,0,NaN,,,M,386.902,2,"",385.333,2,"",NaN,,,NaN,,
2024-12-13T04:58:27.000Z,9.145,2,"",M,58.515,2,"",M,6.000,2,"",N,6.643,2,"",M,30.442,2,"",M,7.220,2,"",M,1028.260,2,"",M,394.797,2,"",M,NaN,,,0,NaN,,,M,387.179,2,"",385.610,2,"",NaN,,,NaN,,
2024-12-13T05:00:19.000Z,9.138,2,"",M,58.513,2,"",M,6.000,2,"",N,6.657,2,"",M,30.450,2,"",M,7.250,2,"",M,1028.870,2,"",M,394.637,2,"",M,NaN,,,0,NaN,,,M,386.982,2,"",385.413,2,"",NaN,,,NaN,,
2024-12-13T05:02:10.000Z,9.132,2,"",M,58.511,2,"",M,6.000,2,"",N,6.677,2,"",M,30.458,2,"",M,7.260,2,"",M,1028.930,2,"",M,394.626,2,"",M,NaN,,,0,NaN,,,M,387.165,2,"",385.596,2,"",NaN,,,NaN,,
2024-12-13T05:04:01.000Z,9.126,2,"",M,58.509,2,"",M,6.000,2,"",N,6.699,2,"",M,30.465,2,"",M,7.270,2,"",M,1028.880,2,"",M,394.596,2,"",M,NaN,,,0,NaN,,,M,387.313,2,"",385.744,2,"",NaN,,,NaN,,
2024-12-13T05:05:53.000Z,9.120,2,"",M,58.507,2,"",M,6.000,2,"",N,6.724,2,"",M,30.483,2,"",M,7.280,2,"",M,1028.810,2,"",M,394.575,2,"",M,NaN,,,0,NaN,,,M,387.500,2,"",385.930,2,"",NaN,,,NaN,,
2024-12-13T05:07:44.000Z,9.115,2,"",M,58.505,2,"",M,6.000,2,"",N,6.746,2,"",M,30.494,2,"",M,7.320,2,"",M,1028.950,2,"",M,395.005,2,"",M,NaN,,,0,NaN,,,M,387.673,2,"",386.103,2,"",NaN,,,NaN,,
2024-12-13T05:09:35.000Z,9.109,2,"",M,58.503,2,"",M,6.000,2,"",N,6.745,2,"",M,30.507,2,"",M,7.350,2,"",M,1028.990,2,"",M,395.245,2,"",M,NaN,,,0,NaN,,,M,387.417,2,"",385.849,2,"",NaN,,,NaN,,
2024-12-13T05:11:27.000Z,9.104,2,"",M,58.501,2,"",M,6.000,2,"",N,6.737,2,"",M,30.506,2,"",M,7.340,2,"",M,1028.870,2,"",M,395.954,2,"",M,NaN,,,0,NaN,,,M,388.089,2,"",386.518,2,"",NaN,,,NaN,,
2024-12-13T05:13:18.000Z,9.099,2,"",M,58.499,2,"",M,6.000,2,"",N,6.720,2,"",M,30.501,2,"",M,7.330,2,"",M,1028.710,2,"",M,395.704,2,"",M,NaN,,,0,NaN,,,M,387.670,2,"",386.100,2,"",NaN,,,NaN,,
2024-12-13T05:15:10.000Z,9.093,2,"",M,58.497,2,"",M,6.000,2,"",N,6.716,2,"",M,30.496,2,"",M,7.320,2,"",M,1028.760,2,"",M,395.413,2,"",M,NaN,,,0,NaN,,,M,387.518,2,"",385.948,2,"",NaN,,,NaN,,
2024-12-13T05:17:01.000Z,9.088,2,"",M,58.495,2,"",M,6.000,2,"",N,6.725,2,"",M,30.495,2,"",M,7.330,2,"",M,1028.910,2,"",M,395.553,2,"",M,NaN,,,0,NaN,,,M,387.681,2,"",386.111,2,"",NaN,,,NaN,,
2024-12-13T05:18:53.000Z,9.083,2,"",M,58.493,2,"",M,6.000,2,"",N,6.736,2,"",M,30.499,2,"",M,7.320,2,"",M,1028.730,2,"",M,395.462,2,"",M,NaN,,,0,NaN,,,M,387.877,2,"",386.306,2,"",NaN,,,NaN,,
2024-12-13T05:20:45.000Z,9.078,2,"",M,58.491,2,"",M,6.000,2,"",N,6.745,2,"",M,30.502,2,"",M,7.320,2,"",M,1028.600,2,"",M,395.792,2,"",M,NaN,,,0,NaN,,,M,388.300,2,"",386.728,2,"",NaN,,,NaN,,
2024-12-13T05:22:36.000Z,9.072,2,"",M,58.489,2,"",M,6.000,2,"",N,6.753,2,"",M,30.507,2,"",M,7.330,2,"",M,1028.780,2,"",M,395.752,2,"",M,NaN,,,0,NaN,,,M,388.296,2,"",386.724,2,"",NaN,,,NaN,,
2024-12-13T05:24:28.000Z,9.067,2,"",M,58.487,2,"",M,6.000,2,"",N,6.765,2,"",M,30.515,2,"",M,7.360,2,"",M,1028.880,2,"",M,395.721,2,"",M,NaN,,,0,NaN,,,M,387.991,2,"",386.420,2,"",NaN,,,NaN,,
2024-12-13T05:26:19.000Z,9.062,2,"",M,58.485,2,"",M,6.000,2,"",N,6.779,2,"",M,30.522,2,"",M,7.370,2,"",M,1028.880,2,"",M,395.901,2,"",M,NaN,,,0,NaN,,,M,388.237,2,"",386.665,2,"",NaN,,,NaN,,
2024-12-13T05:28:10.000Z,9.056,2,"",M,58.483,2,"",M,6.000,2,"",N,6.789,2,"",M,30.528,2,"",M,7.370,2,"",M,1028.790,2,"",M,395.990,2,"",M,NaN,,,0,NaN,,,M,388.458,2,"",386.886,2,"",NaN,,,NaN,,
2024-12-13T05:30:02.000Z,9.051,2,"",M,58.481,2,"",M,6.000,2,"",N,6.804,2,"",M,30.535,2,"",M,7.370,2,"",M,1028.670,2,"",M,396.080,2,"",M,NaN,,,0,NaN,,,M,388.734,2,"",387.161,2,"",NaN,,,NaN,,
2024-12-13T05:31:53.000Z,9.046,2,"",M,58.479,2,"",M,6.000,2,"",N,6.811,2,"",M,30.540,2,"",M,7.400,2,"",M,1028.860,2,"",M,396.399,2,"",M,NaN,,,0,NaN,,,M,388.745,2,"",387.173,2,"",NaN,,,NaN,,
2024-12-13T05:33:44.000Z,9.040,2,"",M,58.477,2,"",M,6.000,2,"",N,6.820,2,"",M,30.543,2,"",M,7.420,2,"",M,1028.790,2,"",M,396.739,2,"",M,NaN,,,0,NaN,,,M,388.859,2,"",387.286,2,"",NaN,,,NaN,,
2024-12-13T05:35:36.000Z,9.035,2,"",M,58.474,2,"",M,6.000,2,"",N,6.828,2,"",M,30.550,2,"",M,7.410,2,"",M,1028.690,2,"",M,396.769,2,"",M,NaN,,,0,NaN,,,M,389.154,2,"",387.581,2,"",NaN,,,NaN,,
2024-12-13T05:37:27.000Z,9.029,2,"",M,58.472,2,"",M,6.000,2,"",N,6.838,2,"",M,30.553,2,"",M,7.410,2,"",M,1028.560,2,"",M,396.538,2,"",M,NaN,,,0,NaN,,,M,389.035,2,"",387.462,2,"",NaN,,,NaN,,
2024-12-13T05:39:19.000Z,9.024,2,"",M,58.470,2,"",M,6.000,2,"",N,6.847,2,"",M,30.558,2,"",M,7.430,2,"",M,1028.600,2,"",M,396.938,2,"",M,NaN,,,0,NaN,,,M,389.263,2,"",387.690,2,"",NaN,,,NaN,,
2024-12-13T05:41:10.000Z,9.018,2,"",M,58.468,2,"",M,6.000,2,"",N,6.856,2,"",M,30.565,2,"",M,7.450,2,"",M,1028.650,2,"",M,397.317,2,"",M,NaN,,,0,NaN,,,M,389.469,2,"",387.895,2,"",NaN,,,NaN,,
2024-12-13T05:43:01.000Z,9.012,2,"",M,58.466,2,"",M,6.000,2,"",N,6.864,2,"",M,30.571,2,"",M,7.450,2,"",M,1028.550,2,"",M,397.557,2,"",M,NaN,,,0,NaN,,,M,389.791,2,"",388.216,2,"",NaN,,,NaN,,
2024-12-13T05:44:53.000Z,9.007,2,"",M,58.464,2,"",M,6.000,2,"",N,6.871,2,"",M,30.574,2,"",M,7.450,2,"",M,1028.580,2,"",M,397.317,2,"",M,NaN,,,0,NaN,,,M,389.691,2,"",388.116,2,"",NaN,,,NaN,,
2024-12-13T05:46:45.000Z,9.001,2,"",M,58.462,2,"",M,6.000,2,"",N,6.877,2,"",M,30.579,2,"",M,7.460,2,"",M,1028.510,2,"",M,397.556,2,"",M,NaN,,,0,NaN,,,M,389.818,2,"",388.243,2,"",NaN,,,NaN,,
2024-12-13T05:48:57.000Z,8.995,2,"",M,58.459,2,"",M,6.000,2,"",N,6.888,2,"",M,30.582,2,"",M,7.490,2,"",M,1028.740,2,"",M,398.086,2,"",M,NaN,,,0,NaN,,,M,390.112,2,"",388.536,2,"",NaN,,,NaN,,
2024-12-13T05:50:49.000Z,8.989,2,"",M,58.457,2,"",M,6.000,2,"",N,6.904,2,"",M,30.592,2,"",M,7.490,2,"",M,1028.600,2,"",M,398.195,2,"",M,NaN,,,0,NaN,,,M,390.434,2,"",388.857,2,"",NaN,,,NaN,,
2024-12-13T05:52:40.000Z,8.983,2,"",M,58.455,2,"",M,6.000,2,"",N,6.921,2,"",M,30.597,2,"",M,7.490,2,"",M,1028.420,2,"",M,398.265,2,"",M,NaN,,,0,NaN,,,M,390.712,2,"",389.134,2,"",NaN,,,NaN,,
2024-12-13T05:54:31.000Z,8.977,2,"",M,58.453,2,"",M,6.000,2,"",N,6.939,2,"",M,30.607,2,"",M,7.500,2,"",M,1028.260,2,"",M,397.874,2,"",M,NaN,,,0,NaN,,,M,390.386,2,"",388.810,2,"",NaN,,,NaN,,
2024-12-13T05:56:23.000Z,8.972,2,"",M,58.451,2,"",M,6.000,2,"",N,6.956,2,"",M,30.617,2,"",M,7.540,2,"",M,1028.530,2,"",M,398.624,2,"",M,NaN,,,0,NaN,,,M,390.846,2,"",389.269,2,"",NaN,,,NaN,,
2024-12-13T05:58:14.000Z,8.966,2,"",M,58.449,2,"",M,6.000,2,"",N,6.972,2,"",M,30.627,2,"",M,7.550,2,"",M,1028.550,2,"",M,398.854,2,"",M,NaN,,,0,NaN,,,M,391.166,2,"",389.587,2,"",NaN,,,NaN,,
2024-12-13T06:00:05.000Z,8.961,2,"",M,58.446,2,"",M,6.000,2,"",N,6.993,2,"",M,30.639,2,"",M,7.560,2,"",M,1028.460,2,"",M,399.233,2,"",M,NaN,,,0,NaN,,,M,391.682,2,"",390.101,2,"",NaN,,,NaN,,
2024-12-13T06:01:57.000Z,8.956,2,"",M,58.444,2,"",M,6.000,2,"",N,7.009,2,"",M,30.650,2,"",M,7.570,2,"",M,1028.300,2,"",M,399.033,2,"",M,NaN,,,0,NaN,,,M,391.531,2,"",389.952,2,"",NaN,,,NaN,,
2024-12-13T06:03:48.000Z,8.951,2,"",M,58.441,2,"",M,6.000,2,"",N,7.029,2,"",M,30.665,2,"",M,7.600,2,"",M,1028.420,2,"",M,399.482,2,"",M,NaN,,,0,NaN,,,M,391.833,2,"",390.253,2,"",NaN,,,NaN,,
2024-12-13T06:05:40.000Z,8.946,2,"",M,58.438,2,"",M,6.000,2,"",N,7.046,2,"",M,30.677,2,"",M,7.630,2,"",M,1028.420,2,"",M,399.932,2,"",M,NaN,,,0,NaN,,,M,392.056,2,"",390.476,2,"",NaN,,,NaN,,
2024-12-13T06:07:31.000Z,8.941,2,"",M,58.436,2,"",M,6.000,2,"",N,7.073,2,"",M,30.688,2,"",M,7.630,2,"",M,1028.260,2,"",M,400.161,2,"",M,NaN,,,0,NaN,,,M,392.675,2,"",391.092,2,"",NaN,,,NaN,,
2024-12-13T06:09:22.000Z,8.936,2,"",M,58.433,2,"",M,6.000,2,"",N,7.084,2,"",M,30.707,2,"",M,7.640,2,"",M,1028.420,2,"",M,400.561,2,"",M,NaN,,,0,NaN,,,M,393.137,2,"",391.552,2,"",NaN,,,NaN,,
2024-12-13T06:11:14.000Z,8.931,2,"",M,58.430,2,"",M,6.000,2,"",N,7.102,2,"",M,30.723,2,"",M,7.670,2,"",M,1028.460,2,"",M,400.521,2,"",M,NaN,,,0,NaN,,,M,392.902,2,"",391.319,2,"",NaN,,,NaN,,
2024-12-13T06:15:43.000Z,8.918,2,"",M,58.424,2,"",M,6.000,2,"",N,NaN,,,M,NaN,,,M,NaN,,,M,NaN,,,M,NaN,,,0,NaN,,,0,NaN,,,M,NaN,,,NaN,,,NaN,,,NaN,,
2024-12-13T06:17:32.000Z,8.912,2,"",M,58.421,2,"",M,6.000,2,"",N,NaN,,,M,NaN,,,M,NaN,,,M,NaN,,,M,NaN,,,0,NaN,,,0,NaN,,,M,NaN,,,NaN,,,NaN,,,NaN,,
2024-12-13T06:19:21.000Z,8.907,2,"",M,58.419,2,"",M,6.000,2,"",N,NaN,,,M,NaN,,,M,NaN,,,M,NaN,,,M,NaN,,,0,NaN,,,0,NaN,,,M,NaN,,,NaN,,,NaN,,,NaN,,
2024-12-13T06:23:50.000Z,8.892,2,"",M,58.413,2,"",M,6.000,2,"",N,NaN,,,M,NaN,,,M,NaN,,,M,NaN,,,M,NaN,,,0,NaN,,,0,NaN,,,M,NaN,,,NaN,,,NaN,,,NaN,,
2024-12-13T06:25:39.000Z,8.887,2,"",M,58.410,2,"",M,6.000,2,"",N,NaN,,,M,NaN,,,M,NaN,,,M,NaN,,,M,NaN,,,0,NaN,,,0,NaN,,,M,NaN,,,NaN,,,NaN,,,NaN,,
2024-12-13T06:27:28.000Z,8.881,2,"",M,58.408,2,"",M,6.000,2,"",N,NaN,,,M,NaN,,,M,NaN,,,M,NaN,,,M,NaN,,,0,NaN,,,0,NaN,,,M,NaN,,,NaN,,,NaN,,,NaN,,
2024-12-13T06:31:57.000Z,8.866,2,"",M,58.405,2,"",M,6.000,2,"",N,NaN,,,M,NaN,,,M,NaN,,,M,NaN,,,M,NaN,,,0,NaN,,,0,NaN,,,M,NaN,,,NaN,,,NaN,,,NaN,,
2024-12-13T06:33:46.000Z,8.860,2,"",M,58.404,2,"",M,6.000,2,"",N,NaN,,,M,NaN,,,M,NaN,,,M,NaN,,,M,NaN,,,0,NaN,,,0,NaN,,,M,NaN,,,NaN,,,NaN,,,NaN,,
2024-12-13T06:35:35.000Z,8.853,2,"",M,58.403,2,"",M,6.000,2,"",N,NaN,,,M,NaN,,,M,NaN,,,M,NaN,,,M,NaN,,,0,NaN,,,0,NaN,,,M,NaN,,,NaN,,,NaN,,,NaN,,
2024-12-13T06:40:05.000Z,8.834,2,"",M,58.400,2,"",M,6.000,2,"",N,7.452,2,"",M,31.101,2,"",M,NaN,,,M,NaN,,,M,NaN,,,0,433.040,2,"",M,1027.500,2,"",M,NaN,,,NaN,,,435.861,2,"",434.097,2,""
2024-12-13T06:41:55.000Z,8.826,2,"",M,58.399,2,"",M,6.000,2,"",N,7.489,2,"",M,31.131,2,"",M,NaN,,,M,NaN,,,M,NaN,,,0,433.140,2,"",M,1027.500,2,"",M,NaN,,,NaN,,,435.951,2,"",434.188,2,""
2024-12-13T06:43:44.000Z,8.818,2,"",M,58.399,2,"",M,6.000,2,"",N,7.507,2,"",M,31.153,2,"",M,NaN,,,M,NaN,,,M,NaN,,,0,433.191,2,"",M,1027.600,2,"",M,NaN,,,NaN,,,436.039,2,"",434.276,2,""
2024-12-13T06:45:33.000Z,8.810,2,"",M,58.400,2,"",M,6.000,2,"",N,7.502,2,"",M,31.166,2,"",M,NaN,,,M,NaN,,,M,NaN,,,0,432.941,2,"",M,1027.600,2,"",M,NaN,,,NaN,,,435.790,2,"",434.027,2,""
2024-12-13T06:47:22.000Z,8.802,2,"",M,58.401,2,"",M,6.000,2,"",N,7.488,2,"",M,31.172,2,"",M,NaN,,,M,NaN,,,M,NaN,,,0,433.042,2,"",M,1027.500,2,"",M,NaN,,,NaN,,,435.852,2,"",434.089,2,""
2024-12-13T06:52:51.000Z,8.782,2,"",M,58.405,2,"",M,6.000,2,"",N,7.330,2,"",M,31.062,2,"",M,8.020,2,"",M,1028.270,2,"",M,402.684,2,"",M,NaN,,,0,NaN,,,M,392.827,2,"",391.251,2,"",NaN,,,NaN,,
2024-12-13T06:54:43.000Z,8.780,2,"",M,58.407,2,"",M,6.000,2,"",N,7.220,2,"",M,30.971,2,"",M,7.940,2,"",M,1028.220,2,"",M,402.705,2,"",M,NaN,,,0,NaN,,,M,392.357,2,"",390.782,2,"",NaN,,,NaN,,
2024-12-13T06:56:35.000Z,8.778,2,"",M,58.409,2,"",M,6.000,2,"",N,7.263,2,"",M,30.925,2,"",M,7.840,2,"",M,1028.060,2,"",M,400.775,2,"",M,NaN,,,0,NaN,,,M,392.806,2,"",391.227,2,"",NaN,,,NaN,,
2024-12-13T06:58:27.000Z,8.777,2,"",M,58.410,2,"",M,6.000,2,"",N,7.198,2,"",M,30.828,2,"",M,7.850,2,"",M,1027.980,2,"",M,398.836,2,"",M,NaN,,,0,NaN,,,M,389.636,2,"",388.071,2,"",NaN,,,NaN,,
2024-12-13T07:00:18.000Z,8.776,2,"",M,58.411,2,"",M,6.000,2,"",N,7.245,2,"",M,30.718,2,"",M,7.800,2,"",M,1028.010,2,"",M,397.817,2,"",M,NaN,,,0,NaN,,,M,390.258,2,"",388.689,2,"",NaN,,,NaN,,
2024-12-13T07:02:09.000Z,8.776,2,"",M,58.411,2,"",M,6.000,2,"",N,7.302,2,"",M,30.947,2,"",M,7.830,2,"",M,1028.070,2,"",M,396.187,2,"",M,NaN,,,0,NaN,,,M,389.128,2,"",387.564,2,"",NaN,,,NaN,,
2024-12-13T07:04:01.000Z,8.776,2,"",M,58.411,2,"",M,6.000,2,"",N,7.427,2,"",M,31.020,2,"",M,7.880,2,"",M,1028.240,2,"",M,395.678,2,"",M,NaN,,,0,NaN,,,M,389.905,2,"",388.338,2,"",NaN,,,NaN,,
2024-12-13T07:05:52.000Z,8.776,2,"",M,58.411,2,"",M,6.000,2,"",N,7.314,2,"",M,31.022,2,"",M,7.960,2,"",M,1028.190,2,"",M,396.818,2,"",M,NaN,,,0,NaN,,,M,387.805,2,"",386.248,2,"",NaN,,,NaN,,
2024-12-13T07:07:44.000Z,8.776,2,"",M,58.411,2,"",M,6.000,2,"",N,7.315,2,"",M,30.934,2,"",M,7.900,2,"",M,1028.190,2,"",M,397.249,2,"",M,NaN,,,0,NaN,,,M,389.248,2,"",387.685,2,"",NaN,,,NaN,,
2024-12-13T07:09:36.000Z,8.776,2,"",M,58.411,2,"",M,6.000,2,"",N,7.331,2,"",M,30.996,2,"",M,7.920,2,"",M,1028.320,2,"",M,396.889,2,"",M,NaN,,,0,NaN,,,M,388.881,2,"",387.319,2,"",NaN,,,NaN,,
2024-12-13T07:11:27.000Z,8.776,2,"",M,58.411,2,"",M,6.000,2,"",N,7.321,2,"",M,31.007,2,"",M,7.930,2,"",M,1028.260,2,"",M,396.760,2,"",M,NaN,,,0,NaN,,,M,388.389,2,"",386.829,2,"",NaN,,,NaN,,
2024-12-13T07:13:18.000Z,8.776,2,"",M,58.411,2,"",M,6.000,2,"",N,7.319,2,"",M,31.016,2,"",M,7.910,2,"",M,1028.180,2,"",M,396.810,2,"",M,NaN,,,0,NaN,,,M,388.717,2,"",387.156,2,"",NaN,,,NaN,,
2024-12-13T07:15:10.000Z,8.776,2,"",M,58.411,2,"",M,6.000,2,"",N,7.334,2,"",M,31.018,2,"",M,7.900,2,"",M,1028.100,2,"",M,397.080,2,"",M,NaN,,,0,NaN,,,M,389.360,2,"",387.796,2,"",NaN,,,NaN,,
2024-12-13T07:17:01.000Z,8.776,2,"",M,58.411,2,"",M,6.000,2,"",N,7.329,2,"",M,31.078,2,"",M,7.920,2,"",M,1028.200,2,"",M,396.951,2,"",M,NaN,,,0,NaN,,,M,388.863,2,"",387.302,2,"",NaN,,,NaN,,
2024-12-13T07:18:52.000Z,8.776,2,"",M,58.411,2,"",M,6.000,2,"",N,7.339,2,"",M,31.040,2,"",M,7.930,2,"",M,1028.140,2,"",M,397.211,2,"",M,NaN,,,0,NaN,,,M,389.081,2,"",387.519,2,"",NaN,,,NaN,,
2024-12-13T07:20:44.000Z,8.776,2,"",M,58.411,2,"",M,6.000,2,"",N,7.349,2,"",M,31.060,2,"",M,7.920,2,"",M,1028.060,2,"",M,397.802,2,"",M,NaN,,,0,NaN,,,M,389.963,2,"",388.397,2,"",NaN,,,NaN,,
2024-12-13T07:22:36.000Z,8.776,2,"",M,58.411,2,"",M,6.000,2,"",N,7.344,2,"",M,31.076,2,"",M,7.930,2,"",M,1027.950,2,"",M,397.602,2,"",M,NaN,,,0,NaN,,,M,389.476,2,"",387.913,2,"",NaN,,,NaN,,
2024-12-13T07:24:28.000Z,8.776,2,"",M,58.411,2,"",M,6.000,2,"",N,7.344,2,"",M,31.071,2,"",M,7.920,2,"",M,1027.940,2,"",M,398.033,2,"",M,NaN,,,0,NaN,,,M,390.069,2,"",388.503,2,"",NaN,,,NaN,,
2024-12-13T07:26:19.000Z,8.776,2,"",M,58.411,2,"",M,6.000,2,"",N,7.371,2,"",M,31.146,2,"",M,7.950,2,"",M,1028.020,2,"",M,397.813,2,"",M,NaN,,,0,NaN,,,M,389.832,2,"",388.268,2,"",NaN,,,NaN,,
2024-12-13T07:28:11.000Z,8.776,2,"",M,58.411,2,"",M,6.000,2,"",N,7.370,2,"",M,31.089,2,"",M,7.970,2,"",M,1028.150,2,"",M,398.384,2,"",M,NaN,,,0,NaN,,,M,390.083,2,"",388.517,2,"",NaN,,,NaN,,
2024-12-13T07:30:02.000Z,8.776,2,"",M,58.411,2,"",M,6.000,2,"",N,7.358,2,"",M,31.134,2,"",M,7.950,2,"",M,1028.110,2,"",M,398.574,2,"",M,NaN,,,0,NaN,,,M,390.394,2,"",388.828,2,"",NaN,,,NaN,,
2024-12-13T07:31:53.000Z,8.776,2,"",M,58.411,2,"",M,6.000,2,"",N,7.376,2,"",M,31.115,2,"",M,7.940,2,"",M,1028.510,2,"",M,397.945,2,"",M,NaN,,,0,NaN,,,M,390.399,2,"",388.832,2,"",NaN,,,NaN,,
2024-12-13T07:33:45.000Z,8.776,2,"",M,58.411,2,"",M,6.000,2,"",N,7.374,2,"",M,31.114,2,"",M,7.970,2,"",M,1028.310,2,"",M,398.495,2,"",M,NaN,,,0,NaN,,,M,390.314,2,"",388.747,2,"",NaN,,,NaN,,
2024-12-13T07:35:36.000Z,8.776,2,"",M,58.411,2,"",M,6.000,2,"",N,7.375,2,"",M,31.128,2,"",M,7.970,2,"",M,1028.200,2,"",M,398.316,2,"",M,NaN,,,0,NaN,,,M,390.109,2,"",388.544,2,"",NaN,,,NaN,,
2024-12-13T07:37:27.000Z,8.776,2,"",M,58.411,2,"",M,6.000,2,"",N,7.396,2,"",M,31.115,2,"",M,7.950,2,"",M,1027.990,2,"",M,398.386,2,"",M,NaN,,,0,NaN,,,M,390.782,2,"",389.214,2,"",NaN,,,NaN,,
2024-12-13T07:39:19.000Z,8.776,2,"",M,58.411,2,"",M,6.000,2,"",N,7.393,2,"",M,31.148,2,"",M,7.950,2,"",M,1027.730,2,"",M,397.937,2,"",M,NaN,,,0,NaN,,,M,390.200,2,"",388.635,2,"",NaN,,,NaN,,
2024-12-13T07:41:10.000Z,8.776,2,"",M,58.410,2,"",M,6.000,2,"",N,7.333,2,"",M,31.036,2,"",M,7.960,2,"",M,1028.180,2,"",M,398.017,2,"",M,NaN,,,0,NaN,,,M,389.289,2,"",387.727,2,"",NaN,,,NaN,,
2024-12-13T07:43:01.000Z,8.777,2,"",M,58.408,2,"",M,6.000,2,"",N,7.276,2,"",M,30.955,2,"",M,7.940,2,"",M,1028.310,2,"",M,397.838,2,"",M,NaN,,,0,NaN,,,M,388.557,2,"",386.997,2,"",NaN,,,NaN,,
2024-12-13T07:44:53.000Z,8.781,2,"",M,58.406,2,"",M,6.000,2,"",N,7.263,2,"",M,30.829,2,"",M,7.880,2,"",M,1028.500,2,"",M,396.438,2,"",M,NaN,,,0,NaN,,,M,388.049,2,"",386.490,2,"",NaN,,,NaN,,
2024-12-13T07:46:44.000Z,8.786,2,"",M,58.404,2,"",M,6.000,2,"",N,7.209,2,"",M,30.757,2,"",M,7.850,2,"",M,1028.210,2,"",M,394.529,2,"",M,NaN,,,0,NaN,,,M,385.684,2,"",384.134,2,"",NaN,,,NaN,,
2024-12-13T07:48:35.000Z,8.792,2,"",M,58.403,2,"",M,6.000,2,"",N,7.134,2,"",M,30.637,2,"",M,7.820,2,"",M,1028.170,2,"",M,392.950,2,"",M,NaN,,,0,NaN,,,M,383.407,2,"",381.866,2,"",NaN,,,NaN,,
2024-12-13T07:50:47.000Z,8.799,2,"",M,58.401,2,"",M,6.000,2,"",N,7.092,2,"",M,30.571,2,"",M,7.750,2,"",M,1028.260,2,"",M,391.831,2,"",M,NaN,,,0,NaN,,,M,382.820,2,"",381.280,2,"",NaN,,,NaN,,
2024-12-13T07:52:39.000Z,8.805,2,"",M,58.399,2,"",M,6.000,2,"",N,7.099,2,"",M,30.538,2,"",M,7.710,2,"",M,1028.230,2,"",M,390.641,2,"",M,NaN,,,0,NaN,,,M,382.418,2,"",380.879,2,"",NaN,,,NaN,,
2024-12-13T07:54:30.000Z,8.810,2,"",M,58.397,2,"",M,6.000,2,"",N,7.203,2,"",M,30.665,2,"",M,7.670,2,"",M,1028.060,2,"",M,390.022,2,"",M,NaN,,,0,NaN,,,M,384.093,2,"",382.546,2,"",NaN,,,NaN,,
2024-12-13T07:56:21.000Z,8.815,2,"",M,58.394,2,"",M,6.000,2,"",N,7.290,2,"",M,30.833,2,"",M,7.750,2,"",M,1027.970,2,"",M,390.212,2,"",M,NaN,,,0,NaN,,,M,384.335,2,"",382.789,2,"",NaN,,,NaN,,
2024-12-13T07:58:13.000Z,8.818,2,"",M,58.391,2,"",M,6.000,2,"",N,7.397,2,"",M,30.977,2,"",M,7.870,2,"",M,1028.040,2,"",M,392.043,2,"",M,NaN,,,0,NaN,,,M,385.930,2,"",384.380,2,"",NaN,,,NaN,,
2024-12-13T08:00:04.000Z,8.815,2,"",M,58.387,2,"",M,6.000,2,"",N,7.454,2,"",M,31.083,2,"",M,7.960,2,"",M,1027.850,2,"",M,395.103,2,"",M,NaN,,,0,NaN,,,M,388.303,2,"",386.746,2,"",NaN,,,NaN,,
2024-12-13T08:01:55.000Z,8.810,2,"",M,58.383,2,"",M,6.000,2,"",N,7.484,2,"",M,31.088,2,"",M,8.020,2,"",M,1027.730,2,"",M,397.903,2,"",M,NaN,,,0,NaN,,,M,390.486,2,"",388.921,2,"",NaN,,,NaN,,
2024-12-13T08:03:51.000Z,8.806,2,"",M,58.377,2,"",M,6.000,2,"",N,7.507,2,"",M,31.109,2,"",M,8.040,2,"",M,1027.570,2,"",M,399.493,2,"",M,NaN,,,0,NaN,,,M,392.030,2,"",390.459,2,"",NaN,,,NaN,,
2024-12-13T08:05:42.000Z,8.801,2,"",M,58.372,2,"",M,6.000,2,"",N,7.527,2,"",M,31.136,2,"",M,8.090,2,"",M,1027.860,2,"",M,400.133,2,"",M,NaN,,,0,NaN,,,M,392.265,2,"",390.693,2,"",NaN,,,NaN,,
2024-12-13T08:07:33.000Z,8.796,2,"",M,58.366,2,"",M,6.000,2,"",N,7.565,2,"",M,31.185,2,"",M,8.110,2,"",M,1027.870,2,"",M,400.664,2,"",M,NaN,,,0,NaN,,,M,393.074,2,"",391.500,2,"",NaN,,,NaN,,
2024-12-13T08:09:25.000Z,8.791,2,"",M,58.360,2,"",M,6.000,2,"",N,7.591,2,"",M,31.220,2,"",M,8.130,2,"",M,1027.810,2,"",M,401.324,2,"",M,NaN,,,0,NaN,,,M,393.797,2,"",392.221,2,"",NaN,,,NaN,,
2024-12-13T08:11:16.000Z,8.785,2,"",M,58.354,2,"",M,6.000,2,"",N,7.587,2,"",M,31.256,2,"",M,8.150,2,"",M,1027.710,2,"",M,402.004,2,"",M,NaN,,,0,NaN,,,M,394.014,2,"",392.437,2,"",NaN,,,NaN,,
2024-12-13T08:13:07.000Z,8.779,2,"",M,58.349,2,"",M,6.000,2,"",N,7.527,2,"",M,31.130,2,"",M,8.170,2,"",M,1027.800,2,"",M,402.355,2,"",M,NaN,,,0,NaN,,,M,393.055,2,"",391.483,2,"",NaN,,,NaN,,
2024-12-13T08:14:59.000Z,8.772,2,"",M,58.344,2,"",M,6.000,2,"",N,7.491,2,"",M,31.070,2,"",M,8.140,2,"",M,1027.820,2,"",M,402.715,2,"",M,NaN,,,0,NaN,,,M,393.335,2,"",391.760,2,"",NaN,,,NaN,,
2024-12-13T08:16:50.000Z,8.764,2,"",M,58.339,2,"",M,6.000,2,"",N,7.446,2,"",M,31.068,2,"",M,8.090,2,"",M,1027.730,2,"",M,401.276,2,"",M,NaN,,,0,NaN,,,M,391.990,2,"",390.420,2,"",NaN,,,NaN,,
2024-12-13T08:18:41.000Z,8.755,2,"",M,58.334,2,"",M,6.000,2,"",N,7.419,2,"",M,31.077,2,"",M,8.040,2,"",M,1027.590,2,"",M,400.557,2,"",M,NaN,,,0,NaN,,,M,391.631,2,"",390.062,2,"",NaN,,,NaN,,
2024-12-13T08:20:33.000Z,8.747,2,"",M,58.329,2,"",M,6.000,2,"",N,7.409,2,"",M,31.102,2,"",M,8.010,2,"",M,1027.560,2,"",M,399.847,2,"",M,NaN,,,0,NaN,,,M,391.259,2,"",389.691,2,"",NaN,,,NaN,,
2024-12-13T08:22:24.000Z,8.739,2,"",M,58.325,2,"",M,6.000,2,"",N,7.420,2,"",M,31.142,2,"",M,8.010,2,"",M,1027.610,2,"",M,399.648,2,"",M,NaN,,,0,NaN,,,M,391.258,2,"",389.690,2,"",NaN,,,NaN,,
2024-12-13T08:24:15.000Z,8.730,2,"",M,58.320,2,"",M,6.000,2,"",N,7.413,2,"",M,31.166,2,"",M,8.010,2,"",M,1027.530,2,"",M,399.848,2,"",M,NaN,,,0,NaN,,,M,391.312,2,"",389.743,2,"",NaN,,,NaN,,
2024-12-13T08:26:07.000Z,8.722,2,"",M,58.315,2,"",M,6.000,2,"",N,7.417,2,"",M,31.197,2,"",M,7.990,2,"",M,1027.650,2,"",M,399.839,2,"",M,NaN,,,0,NaN,,,M,391.755,2,"",390.184,2,"",NaN,,,NaN,,
2024-12-13T08:27:59.000Z,8.714,2,"",M,58.310,2,"",M,6.000,2,"",N,7.411,2,"",M,31.194,2,"",M,7.990,2,"",M,1027.580,2,"",M,399.589,2,"",M,NaN,,,0,NaN,,,M,391.391,2,"",389.822,2,"",NaN,,,NaN,,
2024-12-13T08:29:51.000Z,8.705,2,"",M,58.306,2,"",M,6.000,2,"",N,7.416,2,"",M,31.199,2,"",M,8.010,2,"",M,1027.730,2,"",M,398.870,2,"",M,NaN,,,0,NaN,,,M,390.485,2,"",388.919,2,"",NaN,,,NaN,,
2024-12-13T08:31:42.000Z,8.697,2,"",M,58.301,2,"",M,6.000,2,"",N,7.402,2,"",M,31.197,2,"",M,8.010,2,"",M,1027.700,2,"",M,398.480,2,"",M,NaN,,,0,NaN,,,M,389.865,2,"",388.302,2,"",NaN,,,NaN,,
2024-12-13T08:33:34.000Z,8.689,2,"",M,58.297,2,"",M,6.000,2,"",N,7.383,2,"",M,31.162,2,"",M,7.990,2,"",M,1027.490,2,"",M,398.101,2,"",M,NaN,,,0,NaN,,,M,389.425,2,"",387.864,2,"",NaN,,,NaN,,
2024-12-13T08:35:25.000Z,8.680,2,"",M,58.292,2,"",M,6.000,2,"",N,7.379,2,"",M,31.150,2,"",M,7.960,2,"",M,1027.630,2,"",M,397.442,2,"",M,NaN,,,0,NaN,,,M,389.279,2,"",387.718,2,"",NaN,,,NaN,,
2024-12-13T08:37:16.000Z,8.672,2,"",M,58.288,2,"",M,6.000,2,"",N,7.383,2,"",M,31.161,2,"",M,7.970,2,"",M,1027.620,2,"",M,396.682,2,"",M,NaN,,,0,NaN,,,M,388.431,2,"",386.873,2,"",NaN,,,NaN,,
2024-12-13T08:39:10.000Z,8.663,2,"",M,58.283,2,"",M,6.000,2,"",N,7.381,2,"",M,31.180,2,"",M,7.980,2,"",M,1027.590,2,"",M,396.383,2,"",M,NaN,,,0,NaN,,,M,387.929,2,"",386.373,2,"",NaN,,,NaN,,
2024-12-13T08:41:02.000Z,8.655,2,"",M,58.278,2,"",M,6.000,2,"",N,7.381,2,"",M,31.192,2,"",M,7.970,2,"",M,1027.420,2,"",M,396.143,2,"",M,NaN,,,0,NaN,,,M,387.793,2,"",386.238,2,"",NaN,,,NaN,,
2024-12-13T08:42:53.000Z,8.646,2,"",M,58.274,2,"",M,6.000,2,"",N,7.381,2,"",M,31.203,2,"",M,7.960,2,"",M,1027.340,2,"",M,396.254,2,"",M,NaN,,,0,NaN,,,M,388.033,2,"",386.477,2,"",NaN,,,NaN,,
2024-12-13T08:44:45.000Z,8.637,2,"",M,58.269,2,"",M,6.000,2,"",N,7.379,2,"",M,31.214,2,"",M,7.960,2,"",M,1027.280,2,"",M,396.424,2,"",M,NaN,,,0,NaN,,,M,388.143,2,"",386.587,2,"",NaN,,,NaN,,
2024-12-13T08:46:36.000Z,8.629,2,"",M,58.265,2,"",M,6.000,2,"",N,7.370,2,"",M,31.221,2,"",M,7.980,2,"",M,1027.380,2,"",M,396.315,2,"",M,NaN,,,0,NaN,,,M,387.588,2,"",386.035,2,"",NaN,,,NaN,,
2024-12-13T08:48:28.000Z,8.620,2,"",M,58.261,2,"",M,6.000,2,"",N,7.365,2,"",M,31.224,2,"",M,7.970,2,"",M,1027.420,2,"",M,396.635,2,"",M,NaN,,,0,NaN,,,M,388.001,2,"",386.445,2,"",NaN,,,NaN,,
2024-12-13T08:50:41.000Z,8.610,2,"",M,58.255,2,"",M,6.000,2,"",N,7.358,2,"",M,31.234,2,"",M,7.950,2,"",M,1027.510,2,"",M,396.736,2,"",M,NaN,,,0,NaN,,,M,388.365,2,"",386.807,2,"",NaN,,,NaN,,
2024-12-13T08:52:32.000Z,8.601,2,"",M,58.251,2,"",M,6.000,2,"",N,7.357,2,"",M,31.239,2,"",M,7.930,2,"",M,1027.450,2,"",M,396.496,2,"",M,NaN,,,0,NaN,,,M,388.420,2,"",386.861,2,"",NaN,,,NaN,,
2024-12-13T08:54:24.000Z,8.593,2,"",M,58.246,2,"",M,6.000,2,"",N,7.354,2,"",M,31.256,2,"",M,7.960,2,"",M,1027.610,2,"",M,396.727,2,"",M,NaN,,,0,NaN,,,M,388.159,2,"",386.602,2,"",NaN,,,NaN,,
2024-12-13T08:56:15.000Z,8.584,2,"",M,58.242,2,"",M,6.000,2,"",N,7.365,2,"",M,31.267,2,"",M,7.950,2,"",M,1027.630,2,"",M,396.637,2,"",M,NaN,,,0,NaN,,,M,388.420,2,"",386.862,2,"",NaN,,,NaN,,
2024-12-13T08:58:07.000Z,8.575,2,"",M,58.238,2,"",M,6.000,2,"",N,7.354,2,"",M,31.300,2,"",M,7.940,2,"",M,1027.560,2,"",M,396.898,2,"",M,NaN,,,0,NaN,,,M,388.636,2,"",387.077,2,"",NaN,,,NaN,,
2024-12-13T08:59:58.000Z,8.567,2,"",M,58.233,2,"",M,6.000,2,"",N,7.306,2,"",M,31.280,2,"",M,7.940,2,"",M,1027.460,2,"",M,396.748,2,"",M,NaN,,,0,NaN,,,M,387.665,2,"",386.110,2,"",NaN,,,NaN,,
2024-12-13T09:01:51.000Z,8.558,2,"",M,58.229,2,"",M,6.000,2,"",N,7.269,2,"",M,31.234,2,"",M,7.910,2,"",M,1027.480,2,"",M,396.969,2,"",M,NaN,,,0,NaN,,,M,387.780,2,"",386.223,2,"",NaN,,,NaN,,
2024-12-13T09:03:42.000Z,8.550,2,"",M,58.224,2,"",M,6.000,2,"",N,7.224,2,"",M,31.191,2,"",M,7.870,2,"",M,1027.460,2,"",M,396.659,2,"",M,NaN,,,0,NaN,,,M,387.409,2,"",385.853,2,"",NaN,,,NaN,,
2024-12-13T09:05:33.000Z,8.541,2,"",M,58.220,2,"",M,6.000,2,"",N,7.191,2,"",M,31.151,2,"",M,7.820,2,"",M,1027.390,2,"",M,395.880,2,"",M,NaN,,,0,NaN,,,M,386.900,2,"",385.345,2,"",NaN,,,NaN,,
2024-12-13T09:07:25.000Z,8.533,2,"",M,58.215,2,"",M,6.000,2,"",N,7.146,2,"",M,31.120,2,"",M,7.770,2,"",M,1027.250,2,"",M,394.911,2,"",M,NaN,,,0,NaN,,,M,385.992,2,"",384.441,2,"",NaN,,,NaN,,
2024-12-13T09:09:16.000Z,8.524,2,"",M,58.211,2,"",M,6.000,2,"",N,7.134,2,"",M,31.096,2,"",M,7.750,2,"",M,1027.260,2,"",M,393.831,2,"",M,NaN,,,0,NaN,,,M,385.083,2,"",383.535,2,"",NaN,,,NaN,,
2024-12-13T09:11:08.000Z,8.516,2,"",M,58.206,2,"",M,6.000,2,"",N,7.134,2,"",M,31.094,2,"",M,7.750,2,"",M,1027.660,2,"",M,393.412,2,"",M,NaN,,,0,NaN,,,M,384.826,2,"",383.278,2,"",NaN,,,NaN,,
2024-12-13T09:12:59.000Z,8.507,2,"",M,58.202,2,"",M,6.000,2,"",N,7.145,2,"",M,31.117,2,"",M,7.730,2,"",M,1027.570,2,"",M,392.553,2,"",M,NaN,,,0,NaN,,,M,384.460,2,"",382.913,2,"",NaN,,,NaN,,
2024-12-13T09:14:50.000Z,8.499,2,"",M,58.197,2,"",M,6.000,2,"",N,7.165,2,"",M,31.146,2,"",M,7.730,2,"",M,1027.480,2,"",M,392.423,2,"",M,NaN,,,0,NaN,,,M,384.625,2,"",383.078,2,"",NaN,,,NaN,,
2024-12-13T09:16:42.000Z,8.490,2,"",M,58.193,2,"",M,6.000,2,"",N,7.187,2,"",M,31.184,2,"",M,7.740,2,"",M,1027.450,2,"",M,391.934,2,"",M,NaN,,,0,NaN,,,M,384.325,2,"",382.779,2,"",NaN,,,NaN,,
2024-12-13T09:18:33.000Z,8.481,2,"",M,58.188,2,"",M,6.000,2,"",N,7.213,2,"",M,31.211,2,"",M,7.780,2,"",M,1027.580,2,"",M,392.234,2,"",M,NaN,,,0,NaN,,,M,384.429,2,"",382.884,2,"",NaN,,,NaN,,
2024-12-13T09:20:24.000Z,8.473,2,"",M,58.184,2,"",M,6.000,2,"",N,7.232,2,"",M,31.245,2,"",M,7.800,2,"",M,1027.490,2,"",M,393.034,2,"",M,NaN,,,0,NaN,,,M,385.165,2,"",383.617,2,"",NaN,,,NaN,,
2024-12-13T09:22:16.000Z,8.464,2,"",M,58.179,2,"",M,6.000,2,"",N,7.259,2,"",M,31.274,2,"",M,7.810,2,"",M,1027.345,2,"",M,393.225,2,"",M,NaN,,,0,NaN,,,M,385.560,2,"",384.011,2,"",NaN,,,NaN,,
2024-12-13T09:24:07.000Z,8.455,2,"",M,58.175,2,"",M,6.000,2,"",N,7.286,2,"",M,31.312,2,"",M,7.830,2,"",M,1027.250,2,"",M,393.625,2,"",M,NaN,,,0,NaN,,,M,386.038,2,"",384.488,2,"",NaN,,,NaN,,
2024-12-13T09:25:59.000Z,8.447,2,"",M,58.170,2,"",M,6.000,2,"",N,7.326,2,"",M,31.357,2,"",M,7.870,2,"",M,1027.400,2,"",M,393.726,2,"",M,NaN,,,0,NaN,,,M,386.181,2,"",384.630,2,"",NaN,,,NaN,,
2024-12-13T09:27:51.000Z,8.438,2,"",M,58.165,2,"",M,6.000,2,"",N,7.376,2,"",M,31.403,2,"",M,7.920,2,"",M,1027.550,2,"",M,394.156,2,"",M,NaN,,,0,NaN,,,M,386.648,2,"",385.096,2,"",NaN,,,NaN,,
2024-12-13T09:29:42.000Z,8.429,2,"",M,58.161,2,"",M,6.000,2,"",N,7.427,2,"",M,31.447,2,"",M,7.950,2,"",M,1027.310,2,"",M,394.936,2,"",M,NaN,,,0,NaN,,,M,387.648,2,"",386.093,2,"",NaN,,,NaN,,
2024-12-13T09:31:34.000Z,8.421,2,"",M,58.156,2,"",M,6.000,2,"",N,7.421,2,"",M,31.479,2,"",M,7.990,2,"",M,1027.390,2,"",M,395.997,2,"",M,NaN,,,0,NaN,,,M,387.963,2,"",386.408,2,"",NaN,,,NaN,,
2024-12-13T09:33:25.000Z,8.412,2,"",M,58.151,2,"",M,6.000,2,"",N,7.403,2,"",M,31.482,2,"",M,8.000,2,"",M,1027.410,2,"",M,396.437,2,"",M,NaN,,,0,NaN,,,M,387.931,2,"",386.376,2,"",NaN,,,NaN,,
2024-12-13T09:35:16.000Z,8.404,2,"",M,58.147,2,"",M,6.000,2,"",N,7.425,2,"",M,31.489,2,"",M,8.000,2,"",M,1027.510,2,"",M,396.727,2,"",M,NaN,,,0,NaN,,,M,388.614,2,"",387.056,2,"",NaN,,,NaN,,
2024-12-13T09:37:09.000Z,8.395,2,"",M,58.142,2,"",M,6.000,2,"",N,7.393,2,"",M,31.513,2,"",M,8.000,2,"",M,1027.475,2,"",M,396.638,2,"",M,NaN,,,0,NaN,,,M,387.993,2,"",386.438,2,"",NaN,,,NaN,,
2024-12-13T09:39:01.000Z,8.387,2,"",M,58.138,2,"",M,6.000,2,"",N,7.378,2,"",M,31.508,2,"",M,7.980,2,"",M,1027.420,2,"",M,396.748,2,"",M,NaN,,,0,NaN,,,M,388.160,2,"",386.603,2,"",NaN,,,NaN,,
2024-12-13T09:40:53.000Z,8.378,2,"",M,58.134,2,"",M,6.000,2,"",N,7.377,2,"",M,31.510,2,"",M,7.950,2,"",M,1027.320,2,"",M,396.609,2,"",M,NaN,,,0,NaN,,,M,388.481,2,"",386.923,2,"",NaN,,,NaN,,
2024-12-13T09:42:44.000Z,8.369,2,"",M,58.129,2,"",M,6.000,2,"",N,7.393,2,"",M,31.521,2,"",M,7.970,2,"",M,1027.320,2,"",M,396.559,2,"",M,NaN,,,0,NaN,,,M,388.360,2,"",386.803,2,"",NaN,,,NaN,,
2024-12-13T09:44:35.000Z,8.361,2,"",M,58.125,2,"",M,6.000,2,"",N,7.399,2,"",M,31.535,2,"",M,7.980,2,"",M,1027.300,2,"",M,396.890,2,"",M,NaN,,,0,NaN,,,M,388.597,2,"",387.039,2,"",NaN,,,NaN,,
2024-12-13T09:46:27.000Z,8.352,2,"",M,58.121,2,"",M,6.000,2,"",N,7.407,2,"",M,31.542,2,"",M,7.980,2,"",M,1027.170,2,"",M,396.910,2,"",M,NaN,,,0,NaN,,,M,388.708,2,"",387.150,2,"",NaN,,,NaN,,
2024-12-13T09:48:18.000Z,8.343,2,"",M,58.117,2,"",M,6.000,2,"",N,7.422,2,"",M,31.557,2,"",M,7.980,2,"",M,1027.090,2,"",M,396.891,2,"",M,NaN,,,0,NaN,,,M,388.899,2,"",387.341,2,"",NaN,,,NaN,,
2024-12-13T09:50:30.000Z,8.333,2,"",M,58.112,2,"",M,6.000,2,"",N,7.425,2,"",M,31.572,2,"",M,8.020,2,"",M,1027.409,2,"",M,397.401,2,"",M,NaN,,,0,NaN,,,M,388.909,2,"",387.351,2,"",NaN,,,NaN,,
2024-12-13T09:52:22.000Z,8.324,2,"",M,58.108,2,"",M,6.000,2,"",N,7.417,2,"",M,31.566,2,"",M,8.020,2,"",M,1027.420,2,"",M,397.432,2,"",M,NaN,,,0,NaN,,,M,388.813,2,"",387.255,2,"",NaN,,,NaN,,
2024-12-13T09:54:13.000Z,8.316,2,"",M,58.104,2,"",M,6.000,2,"",N,7.420,2,"",M,31.561,2,"",M,8.000,2,"",M,1027.280,2,"",M,397.692,2,"",M,NaN,,,0,NaN,,,M,389.390,2,"",387.830,2,"",NaN,,,NaN,,
2024-12-13T09:56:04.000Z,8.307,2,"",M,58.100,2,"",M,6.000,2,"",N,7.429,2,"",M,31.562,2,"",M,7.990,2,"",M,1027.210,2,"",M,397.463,2,"",M,NaN,,,0,NaN,,,M,389.462,2,"",387.902,2,"",NaN,,,NaN,,
2024-12-13T09:57:56.000Z,8.298,2,"",M,58.096,2,"",M,6.000,2,"",N,7.430,2,"",M,31.563,2,"",M,8.010,2,"",M,1027.240,2,"",M,397.223,2,"",M,NaN,,,0,NaN,,,M,388.916,2,"",387.357,2,"",NaN,,,NaN,,
2024-12-13T10:02:25.000Z,8.277,2,"",M,58.087,2,"",M,6.000,2,"",N,NaN,,,M,NaN,,,M,NaN,,,M,NaN,,,M,NaN,,,0,NaN,,,0,NaN,,,M,NaN,,,NaN,,,NaN,,,NaN,,
2024-12-13T10:04:14.000Z,8.268,2,"",M,58.084,2,"",M,6.000,2,"",N,NaN,,,M,NaN,,,M,NaN,,,M,NaN,,,M,NaN,,,0,NaN,,,0,NaN,,,M,NaN,,,NaN,,,NaN,,,NaN,,
2024-12-13T10:06:03.000Z,8.259,2,"",M,58.080,2,"",M,6.000,2,"",N,NaN,,,M,NaN,,,M,NaN,,,M,NaN,,,M,NaN,,,0,NaN,,,0,NaN,,,M,NaN,,,NaN,,,NaN,,,NaN,,
2024-12-13T10:10:32.000Z,8.238,2,"",M,58.072,2,"",M,6.000,2,"",N,NaN,,,M,NaN,,,M,NaN,,,M,NaN,,,M,NaN,,,0,NaN,,,0,NaN,,,M,NaN,,,NaN,,,NaN,,,NaN,,
2024-12-13T10:12:21.000Z,8.228,2,"",M,58.069,2,"",M,6.000,2,"",N,NaN,,,M,NaN,,,M,NaN,,,M,NaN,,,M,NaN,,,0,NaN,,,0,NaN,,,M,NaN,,,NaN,,,NaN,,,NaN,,
2024-12-13T10:14:10.000Z,8.218,2,"",M,58.066,2,"",M,6.000,2,"",N,NaN,,,M,NaN,,,M,NaN,,,M,NaN,,,M,NaN,,,0,NaN,,,0,NaN,,,M,NaN,,,NaN,,,NaN,,,NaN,,
2024-12-13T10:18:39.000Z,8.194,2,"",M,58.060,2,"",M,6.000,2,"",N,NaN,,,M,NaN,,,M,NaN,,,M,NaN,,,M,NaN,,,0,NaN,,,0,NaN,,,M,NaN,,,NaN,,,NaN,,,NaN,,
2024-12-13T10:20:28.000Z,8.184,2,"",M,58.058,2,"",M,6.000,2,"",N,NaN,,,M,NaN,,,M,NaN,,,M,NaN,,,M,NaN,,,0,NaN,,,0,NaN,,,M,NaN,,,NaN,,,NaN,,,NaN,,
2024-12-13T10:22:17.000Z,8.175,2,"",M,58.055,2,"",M,6.000,2,"",N,NaN,,,M,NaN,,,M,NaN,,,M,NaN,,,M,NaN,,,0,NaN,,,0,NaN,,,M,NaN,,,NaN,,,NaN,,,NaN,,
2024-12-13T10:26:46.000Z,8.150,2,"",M,58.050,2,"",M,6.000,2,"",N,7.450,2,"",M,31.612,2,"",M,NaN,,,M,NaN,,,M,NaN,,,0,434.685,2,"",M,1025.800,2,"",M,NaN,,,NaN,,,436.788,2,"",435.023,2,""
2024-12-13T10:28:35.000Z,8.141,2,"",M,58.048,2,"",M,6.000,2,"",N,7.461,2,"",M,31.620,2,"",M,NaN,,,M,NaN,,,M,NaN,,,0,434.760,2,"",M,1025.800,2,"",M,NaN,,,NaN,,,436.860,2,"",435.095,2,""
2024-12-13T10:30:24.000Z,8.131,2,"",M,58.045,2,"",M,6.000,2,"",N,7.471,2,"",M,31.625,2,"",M,NaN,,,M,NaN,,,M,NaN,,,0,434.735,2,"",M,1025.800,2,"",M,NaN,,,NaN,,,436.832,2,"",435.067,2,""
2024-12-13T10:32:13.000Z,8.121,2,"",M,58.044,2,"",M,6.000,2,"",N,7.484,2,"",M,31.633,2,"",M,NaN,,,M,NaN,,,M,NaN,,,0,434.990,2,"",M,1025.700,2,"",M,NaN,,,NaN,,,437.041,2,"",435.276,2,""
2024-12-13T10:34:03.000Z,8.111,2,"",M,58.041,2,"",M,6.000,2,"",N,7.489,2,"",M,31.646,2,"",M,NaN,,,M,NaN,,,M,NaN,,,0,435.585,2,"",M,1025.700,2,"",M,NaN,,,NaN,,,437.637,2,"",435.870,2,""
2024-12-13T10:39:13.000Z,8.083,2,"",M,58.035,2,"",M,6.000,2,"",N,7.504,2,"",M,31.667,2,"",M,8.100,2,"",M,1026.860,2,"",M,397.327,2,"",M,NaN,,,0,NaN,,,M,388.580,2,"",387.026,2,"",NaN,,,NaN,,
2024-12-13T10:41:04.000Z,8.072,2,"",M,58.033,2,"",M,6.000,2,"",N,7.536,2,"",M,31.697,2,"",M,8.090,2,"",M,1026.780,2,"",M,396.432,2,"",M,NaN,,,0,NaN,,,M,388.367,2,"",386.813,2,"",NaN,,,NaN,,
2024-12-13T10:42:56.000Z,8.062,2,"",M,58.031,2,"",M,6.000,2,"",N,7.601,2,"",M,31.741,2,"",M,8.100,2,"",M,1026.730,2,"",M,394.228,2,"",M,NaN,,,0,NaN,,,M,387.096,2,"",385.547,2,"",NaN,,,NaN,,
2024-12-13T10:44:47.000Z,8.051,2,"",M,58.029,2,"",M,6.000,2,"",N,7.668,2,"",M,31.853,2,"",M,8.150,2,"",M,1026.510,2,"",M,393.504,2,"",M,NaN,,,0,NaN,,,M,386.566,2,"",385.021,2,"",NaN,,,NaN,,
2024-12-13T10:46:38.000Z,8.041,2,"",M,58.027,2,"",M,6.000,2,"",N,7.608,2,"",M,31.660,2,"",M,8.250,2,"",M,1026.550,2,"",M,393.139,2,"",M,NaN,,,0,NaN,,,M,383.590,2,"",382.059,2,"",NaN,,,NaN,,
2024-12-13T10:48:30.000Z,8.031,2,"",M,58.025,2,"",M,6.000,2,"",N,7.579,2,"",M,31.577,2,"",M,8.210,2,"",M,1026.450,2,"",M,393.434,2,"",M,NaN,,,0,NaN,,,M,384.029,2,"",382.495,2,"",NaN,,,NaN,,
2024-12-13T10:50:42.000Z,8.019,2,"",M,58.022,2,"",M,6.000,2,"",N,7.559,2,"",M,31.454,2,"",M,8.160,2,"",M,1026.210,2,"",M,391.679,2,"",M,NaN,,,0,NaN,,,M,382.718,2,"",381.189,2,"",NaN,,,NaN,,
2024-12-13T10:52:34.000Z,8.008,2,"",M,58.020,2,"",M,6.000,2,"",N,7.548,2,"",M,31.431,2,"",M,8.130,2,"",M,1025.980,2,"",M,390.285,2,"",M,NaN,,,0,NaN,,,M,381.585,2,"",380.060,2,"",NaN,,,NaN,,
2024-12-13T10:54:25.000Z,7.998,2,"",M,58.018,2,"",M,6.000,2,"",N,7.529,2,"",M,31.426,2,"",M,8.140,2,"",M,1026.520,2,"",M,388.791,2,"",M,NaN,,,0,NaN,,,M,379.856,2,"",378.337,2,"",NaN,,,NaN,,
2024-12-13T10:56:16.000Z,7.988,2,"",M,58.016,2,"",M,6.000,2,"",N,7.504,2,"",M,31.340,2,"",M,8.130,2,"",M,1026.590,2,"",M,388.346,2,"",M,NaN,,,0,NaN,,,M,379.204,2,"",377.687,2,"",NaN,,,NaN,,
2024-12-13T10:58:08.000Z,7.978,2,"",M,58.014,2,"",M,6.000,2,"",N,7.596,2,"",M,31.437,2,"",M,8.080,2,"",M,1026.500,2,"",M,387.582,2,"",M,NaN,,,0,NaN,,,M,380.720,2,"",379.197,2,"",NaN,,,NaN,,
2024-12-13T10:59:59.000Z,7.968,2,"",M,58.013,2,"",M,6.000,2,"",N,7.666,2,"",M,31.719,2,"",M,8.120,2,"",M,1026.460,2,"",M,386.607,2,"",M,NaN,,,0,NaN,,,M,380.231,2,"",378.711,2,"",NaN,,,NaN,,
2024-12-13T11:01:50.000Z,7.958,2,"",M,58.011,2,"",M,6.000,2,"",N,7.725,2,"",M,31.878,2,"",M,8.220,2,"",M,1026.380,2,"",M,387.792,2,"",M,NaN,,,0,NaN,,,M,380.669,2,"",379.149,2,"",NaN,,,NaN,,
2024-12-13T11:03:42.000Z,7.948,2,"",M,58.009,2,"",M,6.000,2,"",N,7.806,2,"",M,32.030,2,"",M,8.290,2,"",M,1026.460,2,"",M,390.806,2,"",M,NaN,,,0,NaN,,,M,383.823,2,"",382.292,2,"",NaN,,,NaN,,
2024-12-13T11:05:33.000Z,7.939,2,"",M,58.007,2,"",M,6.000,2,"",N,7.840,2,"",M,32.140,2,"",M,8.350,2,"",M,1026.420,2,"",M,393.170,2,"",M,NaN,,,0,NaN,,,M,385.689,2,"",384.152,2,"",NaN,,,NaN,,
2024-12-13T11:07:24.000Z,7.929,2,"",M,58.005,2,"",M,6.000,2,"",N,7.879,2,"",M,32.200,2,"",M,8.400,2,"",M,1026.330,2,"",M,395.814,2,"",M,NaN,,,0,NaN,,,M,388.044,2,"",386.498,2,"",NaN,,,NaN,,
2024-12-13T11:09:17.000Z,7.919,2,"",M,58.003,2,"",M,6.000,2,"",N,7.911,2,"",M,32.265,2,"",M,8.430,2,"",M,1026.260,2,"",M,397.308,2,"",M,NaN,,,0,NaN,,,M,389.519,2,"",387.968,2,"",NaN,,,NaN,,
2024-12-13T11:11:08.000Z,7.909,2,"",M,58.001,2,"",M,6.000,2,"",N,7.926,2,"",M,32.294,2,"",M,8.480,2,"",M,1026.310,2,"",M,398.752,2,"",M,NaN,,,0,NaN,,,M,390.352,2,"",388.798,2,"",NaN,,,NaN,,
2024-12-13T11:12:59.000Z,7.899,2,"",M,57.999,2,"",M,6.000,2,"",N,7.942,2,"",M,32.304,2,"",M,8.500,2,"",M,1026.240,2,"",M,400.017,2,"",M,NaN,,,0,NaN,,,M,391.502,2,"",389.945,2,"",NaN,,,NaN,,
2024-12-13T11:14:51.000Z,7.889,2,"",M,57.997,2,"",M,6.000,2,"",N,7.955,2,"",M,32.322,2,"",M,8.500,2,"",M,1026.120,2,"",M,400.482,2,"",M,NaN,,,0,NaN,,,M,392.111,2,"",390.552,2,"",NaN,,,NaN,,
2024-12-13T11:16:42.000Z,7.879,2,"",M,57.995,2,"",M,6.000,2,"",N,7.972,2,"",M,32.335,2,"",M,8.510,2,"",M,1026.000,2,"",M,401.356,2,"",M,NaN,,,0,NaN,,,M,393.038,2,"",391.475,2,"",NaN,,,NaN,,
2024-12-13T11:18:33.000Z,7.869,2,"",M,57.994,2,"",M,6.000,2,"",N,7.985,2,"",M,32.350,2,"",M,8.540,2,"",M,1026.090,2,"",M,401.262,2,"",M,NaN,,,0,NaN,,,M,392.699,2,"",391.138,2,"",NaN,,,NaN,,
2024-12-13T11:20:25.000Z,7.859,2,"",M,57.992,2,"",M,6.000,2,"",N,7.994,2,"",M,32.364,2,"",M,8.560,2,"",M,1026.180,2,"",M,401.617,2,"",M,NaN,,,0,NaN,,,M,392.885,2,"",391.324,2,"",NaN,,,NaN,,
2024-12-13T11:22:16.000Z,7.848,2,"",M,57.990,2,"",M,6.000,2,"",N,8.001,2,"",M,32.377,2,"",M,8.560,2,"",M,1026.000,2,"",M,402.521,2,"",M,NaN,,,0,NaN,,,M,393.811,2,"",392.247,2,"",NaN,,,NaN,,
2024-12-13T11:24:07.000Z,7.838,2,"",M,57.988,2,"",M,6.000,2,"",N,8.007,2,"",M,32.384,2,"",M,8.560,2,"",M,1025.950,2,"",M,402.766,2,"",M,NaN,,,0,NaN,,,M,394.133,2,"",392.567,2,"",NaN,,,NaN,,
2024-12-13T11:25:59.000Z,7.828,2,"",M,57.986,2,"",M,6.000,2,"",N,8.018,2,"",M,32.395,2,"",M,8.570,2,"",M,1025.920,2,"",M,402.511,2,"",M,NaN,,,0,NaN,,,M,393.890,2,"",392.325,2,"",NaN,,,NaN,,
2024-12-13T11:27:50.000Z,7.818,2,"",M,57.985,2,"",M,6.000,2,"",N,8.026,2,"",M,32.404,2,"",M,8.600,2,"",M,1025.970,2,"",M,402.616,2,"",M,NaN,,,0,NaN,,,M,393.641,2,"",392.078,2,"",NaN,,,NaN,,
2024-12-13T11:29:42.000Z,7.808,2,"",M,57.983,2,"",M,6.000,2,"",N,8.030,2,"",M,32.411,2,"",M,8.600,2,"",M,1025.940,2,"",M,403.211,2,"",M,NaN,,,0,NaN,,,M,394.268,2,"",392.702,2,"",NaN,,,NaN,,
2024-12-13T11:31:34.000Z,7.797,2,"",M,57.981,2,"",M,6.000,2,"",N,8.036,2,"",M,32.414,2,"",M,8.590,2,"",M,1025.730,2,"",M,403.416,2,"",M,NaN,,,0,NaN,,,M,394.665,2,"",393.097,2,"",NaN,,,NaN,,
2024-12-13T11:33:25.000Z,7.787,2,"",M,57.979,2,"",M,6.000,2,"",N,8.043,2,"",M,32.421,2,"",M,8.590,2,"",M,1025.520,2,"",M,402.952,2,"",M,NaN,,,0,NaN,,,M,394.253,2,"",392.688,2,"",NaN,,,NaN,,
2024-12-13T11:35:17.000Z,7.776,2,"",M,57.977,2,"",M,6.000,2,"",N,8.052,2,"",M,32.434,2,"",M,8.620,2,"",M,1025.540,2,"",M,403.047,2,"",M,NaN,,,0,NaN,,,M,393.991,2,"",392.427,2,"",NaN,,,NaN,,
2024-12-13T11:37:08.000Z,7.766,2,"",M,57.975,2,"",M,6.000,2,"",N,8.054,2,"",M,32.444,2,"",M,8.630,2,"",M,1025.330,2,"",M,403.342,2,"",M,NaN,,,0,NaN,,,M,394.062,2,"",392.499,2,"",NaN,,,NaN,,
2024-12-13T11:39:00.000Z,7.755,2,"",M,57.973,2,"",M,6.000,2,"",N,8.060,2,"",M,32.450,2,"",M,8.620,2,"",M,1025.280,2,"",M,403.377,2,"",M,NaN,,,0,NaN,,,M,394.346,2,"",392.781,2,"",NaN,,,NaN,,
2024-12-13T11:40:51.000Z,7.745,2,"",M,57.971,2,"",M,6.000,2,"",N,8.075,2,"",M,32.454,2,"",M,8.620,2,"",M,1025.565,2,"",M,403.702,2,"",M,NaN,,,0,NaN,,,M,395.019,2,"",393.451,2,"",NaN,,,NaN,,
2024-12-13T11:42:42.000Z,7.734,2,"",M,57.969,2,"",M,6.000,2,"",N,8.095,2,"",M,32.460,2,"",M,8.640,2,"",M,1025.640,2,"",M,403.297,2,"",M,NaN,,,0,NaN,,,M,394.656,2,"",393.090,2,"",NaN,,,NaN,,
2024-12-13T11:44:34.000Z,7.724,2,"",M,57.967,2,"",M,6.000,2,"",N,8.102,2,"",M,32.466,2,"",M,8.670,2,"",M,1025.480,2,"",M,403.592,2,"",M,NaN,,,0,NaN,,,M,394.476,2,"",392.911,2,"",NaN,,,NaN,,
2024-12-13T11:46:25.000Z,7.714,2,"",M,57.966,2,"",M,6.000,2,"",N,8.102,2,"",M,32.469,2,"",M,8.670,2,"",M,1025.430,2,"",M,404.067,2,"",M,NaN,,,0,NaN,,,M,394.930,2,"",393.363,2,"",NaN,,,NaN,,
2024-12-13T11:48:16.000Z,7.704,2,"",M,57.964,2,"",M,6.000,2,"",N,8.085,2,"",M,32.467,2,"",M,8.660,2,"",M,1025.380,2,"",M,403.942,2,"",M,NaN,,,0,NaN,,,M,394.679,2,"",393.114,2,"",NaN,,,NaN,,
2024-12-13T11:50:29.000Z,7.692,2,"",M,57.961,2,"",M,6.000,2,"",N,8.016,2,"",M,32.450,2,"",M,8.650,2,"",M,1025.480,2,"",M,403.716,2,"",M,NaN,,,0,NaN,,,M,393.504,2,"",391.943,2,"",NaN,,,NaN,,
2024-12-13T11:52:20.000Z,7.682,2,"",M,57.959,2,"",M,6.000,2,"",N,7.925,2,"",M,32.375,2,"",M,8.640,2,"",M,1025.510,2,"",M,403.701,2,"",M,NaN,,,0,NaN,,,M,392.167,2,"",390.611,2,"",NaN,,,NaN,,
2024-12-13T11:54:12.000Z,7.672,2,"",M,57.957,2,"",M,6.000,2,"",N,7.860,2,"",M,32.332,2,"",M,8.530,2,"",M,1025.490,2,"",M,403.037,2,"",M,NaN,,,0,NaN,,,M,392.287,2,"",390.728,2,"",NaN,,,NaN,,
2024-12-13T11:56:03.000Z,7.661,2,"",M,57.956,2,"",M,6.000,2,"",N,7.797,2,"",M,32.298,2,"",M,8.450,2,"",M,1025.360,2,"",M,401.393,2,"",M,NaN,,,0,NaN,,,M,390.939,2,"",389.384,2,"",NaN,,,NaN,,
2024-12-13T11:57:54.000Z,7.651,2,"",M,57.954,2,"",M,6.000,2,"",N,7.776,2,"",M,32.248,2,"",M,8.380,2,"",M,1025.360,2,"",M,399.509,2,"",M,NaN,,,0,NaN,,,M,389.931,2,"",388.379,2,"",NaN,,,NaN,,
2024-12-13T11:59:46.000Z,7.640,2,"",M,57.953,2,"",M,6.000,2,"",N,7.828,2,"",M,32.167,2,"",M,8.370,2,"",M,1025.470,2,"",M,397.896,2,"",M,NaN,,,0,NaN,,,M,389.430,2,"",387.879,2,"",NaN,,,NaN,,
2024-12-13T12:01:37.000Z,7.630,2,"",M,57.951,2,"",M,6.000,2,"",N,7.886,2,"",M,32.101,2,"",M,8.400,2,"",M,1025.430,2,"",M,397.181,2,"",M,NaN,,,0,NaN,,,M,389.161,2,"",387.612,2,"",NaN,,,NaN,,
2024-12-13T12:03:28.000Z,7.619,2,"",M,57.949,2,"",M,6.000,2,"",N,7.821,2,"",M,32.010,2,"",M,8.450,2,"",M,1025.270,2,"",M,397.596,2,"",M,NaN,,,0,NaN,,,M,387.594,2,"",386.053,2,"",NaN,,,NaN,,
2024-12-13T12:05:20.000Z,7.609,2,"",M,57.948,2,"",M,6.000,2,"",N,7.826,2,"",M,31.936,2,"",M,8.400,2,"",M,1025.100,2,"",M,398.191,2,"",M,NaN,,,0,NaN,,,M,389.040,2,"",387.493,2,"",NaN,,,NaN,,
2024-12-13T12:07:11.000Z,7.598,2,"",M,57.947,2,"",M,6.000,2,"",N,7.682,2,"",M,31.884,2,"",M,8.410,2,"",M,1025.150,2,"",M,397.966,2,"",M,NaN,,,0,NaN,,,M,386.311,2,"",384.775,2,"",NaN,,,NaN,,
2024-12-13T12:09:02.000Z,7.587,2,"",M,57.945,2,"",M,6.000,2,"",N,7.523,2,"",M,31.706,2,"",M,8.340,2,"",M,1025.280,2,"",M,398.251,2,"",M,NaN,,,0,NaN,,,M,385.199,2,"",383.665,2,"",NaN,,,NaN,,
2024-12-13T12:10:54.000Z,7.576,2,"",M,57.944,2,"",M,6.000,2,"",N,7.393,2,"",M,31.598,2,"",M,8.150,2,"",M,1025.130,2,"",M,397.007,2,"",M,NaN,,,0,NaN,,,M,384.964,2,"",383.427,2,"",NaN,,,NaN,,
2024-12-13T12:12:45.000Z,7.565,2,"",M,57.943,2,"",M,6.000,2,"",N,7.298,2,"",M,31.505,2,"",M,8.020,2,"",M,1025.040,2,"",M,394.974,2,"",M,NaN,,,0,NaN,,,M,383.566,2,"",382.033,2,"",NaN,,,NaN,,
2024-12-13T12:14:36.000Z,7.554,2,"",M,57.943,2,"",M,6.000,2,"",N,7.252,2,"",M,31.458,2,"",M,7.910,2,"",M,1025.010,2,"",M,393.020,2,"",M,NaN,,,0,NaN,,,M,382.724,2,"",381.192,2,"",NaN,,,NaN,,
2024-12-13T12:16:28.000Z,7.544,2,"",M,57.943,2,"",M,6.000,2,"",N,7.227,2,"",M,31.462,2,"",M,7.870,2,"",M,1025.300,2,"",M,391.586,2,"",M,NaN,,,0,NaN,,,M,381.685,2,"",380.156,2,"",NaN,,,NaN,,
2024-12-13T12:18:19.000Z,7.533,2,"",M,57.943,2,"",M,6.000,2,"",N,7.236,2,"",M,31.467,2,"",M,7.830,2,"",M,1025.085,2,"",M,390.942,2,"",M,NaN,,,0,NaN,,,M,381.776,2,"",380.245,2,"",NaN,,,NaN,,
2024-12-13T12:20:10.000Z,7.522,2,"",M,57.943,2,"",M,6.000,2,"",N,7.268,2,"",M,31.498,2,"",M,7.820,2,"",M,1024.850,2,"",M,390.228,2,"",M,NaN,,,0,NaN,,,M,381.664,2,"",380.134,2,"",NaN,,,NaN,,
2024-12-13T12:22:02.000Z,7.511,2,"",M,57.943,2,"",M,6.000,2,"",N,7.308,2,"",M,31.538,2,"",M,7.850,2,"",M,1024.820,2,"",M,390.563,2,"",M,NaN,,,0,NaN,,,M,382.148,2,"",380.617,2,"",NaN,,,NaN,,
2024-12-13T12:23:53.000Z,7.500,2,"",M,57.943,2,"",M,6.000,2,"",N,7.338,2,"",M,31.557,2,"",M,7.900,2,"",M,1024.680,2,"",M,390.078,2,"",M,NaN,,,0,NaN,,,M,381.274,2,"",379.747,2,"",NaN,,,NaN,,
2024-12-13T12:25:44.000Z,7.490,2,"",M,57.942,2,"",M,6.000,2,"",N,7.367,2,"",M,31.584,2,"",M,7.920,2,"",M,1024.750,2,"",M,390.923,2,"",M,NaN,,,0,NaN,,,M,382.271,2,"",380.742,2,"",NaN,,,NaN,,
2024-12-13T12:27:36.000Z,7.478,2,"",M,57.942,2,"",M,6.000,2,"",N,7.393,2,"",M,31.629,2,"",M,7.940,2,"",M,1024.860,2,"",M,390.858,2,"",M,NaN,,,0,NaN,,,M,382.336,2,"",380.807,2,"",NaN,,,NaN,,
2024-12-13T12:29:27.000Z,7.467,2,"",M,57.942,2,"",M,6.000,2,"",N,7.422,2,"",M,31.666,2,"",M,7.960,2,"",M,1024.780,2,"",M,390.983,2,"",M,NaN,,,0,NaN,,,M,382.573,2,"",381.042,2,"",NaN,,,NaN,,
2024-12-13T12:31:18.000Z,7.456,2,"",M,57.942,2,"",M,6.000,2,"",N,7.472,2,"",M,31.723,2,"",M,8.010,2,"",M,1024.850,2,"",M,391.228,2,"",M,NaN,,,0,NaN,,,M,382.821,2,"",381.291,2,"",NaN,,,NaN,,
2024-12-13T12:33:10.000Z,7.444,2,"",M,57.942,2,"",M,6.000,2,"",N,7.513,2,"",M,31.808,2,"",M,8.050,2,"",M,1024.730,2,"",M,391.553,2,"",M,NaN,,,0,NaN,,,M,383.103,2,"",381.572,2,"",NaN,,,NaN,,
2024-12-13T12:35:01.000Z,7.433,2,"",M,57.942,2,"",M,6.000,2,"",N,7.571,2,"",M,31.903,2,"",M,8.080,2,"",M,1024.710,2,"",M,392.298,2,"",M,NaN,,,0,NaN,,,M,384.263,2,"",382.729,2,"",NaN,,,NaN,,
2024-12-13T12:36:53.000Z,7.422,2,"",M,57.942,2,"",M,6.000,2,"",N,7.618,2,"",M,31.977,2,"",M,8.120,2,"",M,1024.650,2,"",M,392.513,2,"",M,NaN,,,0,NaN,,,M,384.570,2,"",383.035,2,"",NaN,,,NaN,,
2024-12-13T12:38:44.000Z,7.410,2,"",M,57.942,2,"",M,6.000,2,"",N,7.671,2,"",M,32.048,2,"",M,8.180,2,"",M,1024.750,2,"",M,393.017,2,"",M,NaN,,,0,NaN,,,M,384.966,2,"",383.430,2,"",NaN,,,NaN,,
2024-12-13T12:40:35.000Z,7.399,2,"",M,57.942,2,"",M,6.000,2,"",N,7.717,2,"",M,32.095,2,"",M,8.250,2,"",M,1024.750,2,"",M,393.252,2,"",M,NaN,,,0,NaN,,,M,384.785,2,"",383.251,2,"",NaN,,,NaN,,
2024-12-13T12:42:27.000Z,7.388,2,"",M,57.942,2,"",M,6.000,2,"",N,7.799,2,"",I,32.195,2,"",I,8.280,2,"",M,1024.530,2,"",M,393.947,2,"",M,NaN,,,0,NaN,,,M,386.228,2,"",384.690,2,"",NaN,,,NaN,,
2024-12-13T12:44:18.000Z,7.377,2,"",M,57.942,2,"",M,6.000,2,"",N,7.881,2,"",M,32.294,2,"",M,8.320,2,"",M,1024.540,2,"",M,393.682,2,"",M,NaN,,,0,NaN,,,M,386.643,2,"",385.104,2,"",NaN,,,NaN,,
2024-12-13T12:46:09.000Z,7.365,2,"",M,57.942,2,"",M,6.000,2,"",N,7.977,2,"",M,32.394,2,"",M,8.430,2,"",M,1024.470,2,"",M,394.527,2,"",M,NaN,,,0,NaN,,,M,387.191,2,"",385.652,2,"",NaN,,,NaN,,
2024-12-13T12:48:01.000Z,7.354,2,"",M,57.942,2,"",M,6.000,2,"",N,8.024,2,"",M,32.471,2,"",M,8.530,2,"",M,1024.430,2,"",M,395.861,2,"",M,NaN,,,0,NaN,,,M,387.578,2,"",386.039,2,"",NaN,,,NaN,,
2024-12-13T12:49:52.000Z,7.344,2,"",M,57.941,2,"",M,6.000,2,"",N,8.012,2,"",M,32.502,2,"",M,8.580,2,"",M,1024.453,2,"",M,397.714,2,"",M,NaN,,,0,NaN,,,M,388.368,2,"",386.828,2,"",NaN,,,NaN,,
2024-12-13T12:52:04.000Z,7.331,2,"",M,57.941,2,"",M,6.000,2,"",N,8.005,2,"",M,32.479,2,"",M,8.570,2,"",M,1024.390,2,"",M,399.297,2,"",M,NaN,,,0,NaN,,,M,389.937,2,"",388.390,2,"",NaN,,,NaN,,
2024-12-13T12:53:56.000Z,7.321,2,"",M,57.941,2,"",M,6.000,2,"",N,8.029,2,"",M,32.482,2,"",M,8.570,2,"",M,1024.280,2,"",M,398.853,2,"",M,NaN,,,0,NaN,,,M,389.857,2,"",388.311,2,"",NaN,,,NaN,,
2024-12-13T12:55:47.000Z,7.310,2,"",M,57.941,2,"",M,6.000,2,"",N,8.065,2,"",M,32.482,2,"",M,8.610,2,"",M,1024.510,2,"",M,399.108,2,"",M,NaN,,,0,NaN,,,M,390.115,2,"",388.568,2,"",NaN,,,NaN,,
2024-12-13T12:57:39.000Z,7.300,2,"",M,57.940,2,"",M,6.000,2,"",N,8.093,2,"",M,32.491,2,"",M,8.620,2,"",M,1024.390,2,"",M,399.492,2,"",M,NaN,,,0,NaN,,,M,390.754,2,"",389.205,2,"",NaN,,,NaN,,
2024-12-13T12:59:30.000Z,7.289,2,"",M,57.940,2,"",M,6.000,2,"",N,8.158,2,"",M,32.535,2,"",M,8.640,2,"",M,1024.300,2,"",M,399.707,2,"",M,NaN,,,0,NaN,,,M,391.665,2,"",390.113,2,"",NaN,,,NaN,,
2024-12-13T13:01:21.000Z,7.279,2,"",M,57.940,2,"",M,6.000,2,"",N,8.214,2,"",M,32.614,2,"",M,8.690,2,"",M,1024.300,2,"",M,400.022,2,"",M,NaN,,,0,NaN,,,M,392.058,2,"",390.506,2,"",NaN,,,NaN,,
2024-12-13T13:03:13.000Z,7.268,2,"",M,57.939,2,"",M,6.000,2,"",N,8.254,2,"",M,32.663,2,"",M,8.770,2,"",M,1024.420,2,"",M,400.537,2,"",M,NaN,,,0,NaN,,,M,391.920,2,"",390.370,2,"",NaN,,,NaN,,
2024-12-13T13:05:04.000Z,7.258,2,"",M,57.939,2,"",M,6.000,2,"",N,8.277,2,"",M,32.693,2,"",M,8.820,2,"",M,1024.350,2,"",M,401.981,2,"",M,NaN,,,0,NaN,,,M,392.840,2,"",391.287,2,"",NaN,,,NaN,,
2024-12-13T13:06:55.000Z,7.247,2,"",M,57.939,2,"",M,6.000,2,"",N,8.264,2,"",M,32.699,2,"",M,8.840,2,"",M,1024.140,2,"",M,403.035,2,"",M,NaN,,,0,NaN,,,M,393.232,2,"",391.678,2,"",NaN,,,NaN,,
2024-12-13T13:08:47.000Z,7.237,2,"",M,57.939,2,"",M,6.000,2,"",N,8.276,2,"",M,32.696,2,"",M,8.820,2,"",M,1023.970,2,"",M,403.739,2,"",M,NaN,,,0,NaN,,,M,394.390,2,"",392.831,2,"",NaN,,,NaN,,
2024-12-13T13:10:38.000Z,7.227,2,"",M,57.939,2,"",M,6.000,2,"",N,8.291,2,"",M,32.717,2,"",M,8.820,2,"",M,1023.900,2,"",M,403.805,2,"",M,NaN,,,0,NaN,,,M,394.684,2,"",393.124,2,"",NaN,,,NaN,,
2024-12-13T13:12:29.000Z,7.217,2,"",M,57.939,2,"",M,6.000,2,"",N,8.279,2,"",M,32.710,2,"",M,8.870,2,"",M,1023.790,2,"",M,403.870,2,"",M,NaN,,,0,NaN,,,M,393.662,2,"",392.107,2,"",NaN,,,NaN,,
2024-12-13T13:14:21.000Z,7.207,2,"",M,57.938,2,"",M,6.000,2,"",N,8.275,2,"",M,32.699,2,"",M,8.860,2,"",M,1024.030,2,"",M,404.424,2,"",M,NaN,,,0,NaN,,,M,394.395,2,"",392.837,2,"",NaN,,,NaN,,
2024-12-13T13:16:12.000Z,7.198,2,"",M,57.938,2,"",M,6.000,2,"",N,8.275,2,"",M,32.699,2,"",M,8.840,2,"",M,1024.320,2,"",M,404.399,2,"",M,NaN,,,0,NaN,,,M,394.813,2,"",393.253,2,"",NaN,,,NaN,,
2024-12-13T13:18:03.000Z,7.188,2,"",M,57.938,2,"",M,6.000,2,"",N,8.282,2,"",M,32.694,2,"",M,8.840,2,"",M,1024.180,2,"",M,404.185,2,"",M,NaN,,,0,NaN,,,M,394.665,2,"",393.105,2,"",NaN,,,NaN,,
2024-12-13T13:19:55.000Z,7.178,2,"",M,57.938,2,"",M,6.000,2,"",N,8.294,2,"",M,32.699,2,"",M,8.840,2,"",M,1024.140,2,"",M,404.270,2,"",M,NaN,,,0,NaN,,,M,394.939,2,"",393.378,2,"",NaN,,,NaN,,
2024-12-13T13:21:46.000Z,7.168,2,"",M,57.940,2,"",M,6.000,2,"",N,8.294,2,"",M,32.704,2,"",M,8.860,2,"",M,1024.100,2,"",M,403.965,2,"",M,NaN,,,0,NaN,,,M,394.285,2,"",392.727,2,"",NaN,,,NaN,,
2024-12-13T13:23:37.000Z,7.158,2,"",M,57.941,2,"",M,6.000,2,"",N,8.290,2,"",M,32.702,2,"",M,8.870,2,"",M,1024.070,2,"",M,404.420,2,"",M,NaN,,,0,NaN,,,M,394.481,2,"",392.923,2,"",NaN,,,NaN,,
2024-12-13T13:25:29.000Z,7.148,2,"",M,57.942,2,"",M,6.000,2,"",N,8.281,2,"",M,32.698,2,"",M,8.860,2,"",M,1024.220,2,"",M,404.465,2,"",M,NaN,,,0,NaN,,,M,394.612,2,"",393.053,2,"",NaN,,,NaN,,
2024-12-13T13:27:21.000Z,7.138,2,"",M,57.943,2,"",M,6.000,2,"",N,8.274,2,"",M,32.695,2,"",M,8.850,2,"",M,1024.160,2,"",M,404.360,2,"",M,NaN,,,0,NaN,,,M,394.537,2,"",392.978,2,"",NaN,,,NaN,,
2024-12-13T13:29:12.000Z,7.128,2,"",M,57.944,2,"",M,6.000,2,"",N,8.267,2,"",M,32.692,2,"",M,8.840,2,"",M,1024.030,2,"",M,404.415,2,"",M,NaN,,,0,NaN,,,M,394.591,2,"",393.032,2,"",NaN,,,NaN,,
2024-12-13T13:31:03.000Z,7.118,2,"",M,57.945,2,"",M,6.000,2,"",N,8.257,2,"",M,32.690,2,"",M,8.840,2,"",M,1023.970,2,"",M,403.911,2,"",M,NaN,,,0,NaN,,,M,393.914,2,"",392.357,2,"",NaN,,,NaN,,
2024-12-13T13:32:55.000Z,7.108,2,"",M,57.946,2,"",M,6.000,2,"",N,8.247,2,"",M,32.690,2,"",M,8.850,2,"",M,1024.040,2,"",M,404.185,2,"",M,NaN,,,0,NaN,,,M,393.865,2,"",392.308,2,"",NaN,,,NaN,,
2024-12-13T13:34:46.000Z,7.098,2,"",M,57.947,2,"",M,6.000,2,"",N,8.243,2,"",M,32.688,2,"",M,8.830,2,"",M,1024.020,2,"",M,404.130,2,"",M,NaN,,,0,NaN,,,M,394.081,2,"",392.524,2,"",NaN,,,NaN,,
2024-12-13T13:36:38.000Z,7.088,2,"",M,57.949,2,"",M,6.000,2,"",N,8.218,2,"",M,32.687,2,"",M,8.810,2,"",M,1023.950,2,"",M,403.926,2,"",M,NaN,,,0,NaN,,,M,393.774,2,"",392.218,2,"",NaN,,,NaN,,
2024-12-13T13:38:29.000Z,7.079,2,"",M,57.950,2,"",M,6.000,2,"",N,8.192,2,"",M,32.672,2,"",M,8.790,2,"",M,1023.930,2,"",M,403.731,2,"",M,NaN,,,0,NaN,,,M,393.482,2,"",391.926,2,"",NaN,,,NaN,,
2024-12-13T13:40:20.000Z,7.069,2,"",M,57.951,2,"",M,6.000,2,"",N,8.184,2,"",M,32.663,2,"",M,8.760,2,"",M,1023.790,2,"",M,403.027,2,"",M,NaN,,,0,NaN,,,M,393.108,2,"",391.554,2,"",NaN,,,NaN,,
2024-12-13T13:42:11.000Z,7.059,2,"",M,57.952,2,"",M,6.000,2,"",N,8.172,2,"",M,32.654,2,"",M,8.770,2,"",M,1023.910,2,"",M,403.022,2,"",M,NaN,,,0,NaN,,,M,392.795,2,"",391.242,2,"",NaN,,,NaN,,
2024-12-13T13:44:03.000Z,7.050,2,"",M,57.953,2,"",M,6.000,2,"",N,8.178,2,"",M,32.651,2,"",M,8.760,2,"",M,1023.950,2,"",M,402.937,2,"",M,NaN,,,0,NaN,,,M,392.985,2,"",391.430,2,"",NaN,,,NaN,,
2024-12-13T13:48:32.000Z,7.026,2,"",M,57.955,2,"",M,6.000,2,"",N,NaN,,,M,NaN,,,M,NaN,,,M,NaN,,,M,NaN,,,0,NaN,,,0,NaN,,,M,NaN,,,NaN,,,NaN,,,NaN,,
2024-12-13T13:50:21.000Z,7.017,2,"",M,57.956,2,"",M,6.000,2,"",N,NaN,,,M,NaN,,,M,NaN,,,M,NaN,,,M,NaN,,,0,NaN,,,0,NaN,,,M,NaN,,,NaN,,,NaN,,,NaN,,
2024-12-13T13:52:31.000Z,7.005,2,"",M,57.958,2,"",M,6.000,2,"",N,NaN,,,M,NaN,,,M,NaN,,,M,NaN,,,M,NaN,,,0,NaN,,,0,NaN,,,M,NaN,,,NaN,,,NaN,,,NaN,,
2024-12-13T13:57:00.000Z,6.982,2,"",M,57.962,2,"",M,6.000,2,"",N,NaN,,,M,NaN,,,M,NaN,,,M,NaN,,,M,NaN,,,0,NaN,,,0,NaN,,,M,NaN,,,NaN,,,NaN,,,NaN,,
2024-12-13T13:58:49.000Z,6.972,2,"",M,57.964,2,"",M,6.000,2,"",N,NaN,,,M,NaN,,,M,NaN,,,M,NaN,,,M,NaN,,,0,NaN,,,0,NaN,,,M,NaN,,,NaN,,,NaN,,,NaN,,
2024-12-13T14:00:38.000Z,6.963,2,"",M,57.965,2,"",M,6.000,2,"",N,NaN,,,M,NaN,,,M,NaN,,,M,NaN,,,M,NaN,,,0,NaN,,,0,NaN,,,M,NaN,,,NaN,,,NaN,,,NaN,,
2024-12-13T14:05:07.000Z,6.939,2,"",M,57.969,2,"",M,6.000,2,"",N,NaN,,,M,NaN,,,M,NaN,,,M,NaN,,,M,NaN,,,0,NaN,,,0,NaN,,,M,NaN,,,NaN,,,NaN,,,NaN,,
2024-12-13T14:06:56.000Z,6.929,2,"",M,57.971,2,"",M,6.000,2,"",N,NaN,,,M,NaN,,,M,NaN,,,M,NaN,,,M,NaN,,,0,NaN,,,0,NaN,,,M,NaN,,,NaN,,,NaN,,,NaN,,
2024-12-13T14:08:45.000Z,6.920,2,"",M,57.973,2,"",M,6.000,2,"",N,NaN,,,M,NaN,,,M,NaN,,,M,NaN,,,M,NaN,,,0,NaN,,,0,NaN,,,M,NaN,,,NaN,,,NaN,,,NaN,,
2024-12-13T14:13:54.000Z,6.894,2,"",M,57.980,2,"",M,6.000,2,"",N,NaN,,,M,NaN,,,M,NaN,,,M,NaN,,,M,NaN,,,0,NaN,,,0,NaN,,,M,NaN,,,NaN,,,NaN,,,NaN,,
2024-12-13T14:18:28.000Z,6.871,2,"",M,57.986,2,"",M,6.000,2,"",N,NaN,,,M,NaN,,,M,NaN,,,M,NaN,,,M,NaN,,,0,NaN,,,0,NaN,,,M,NaN,,,NaN,,,NaN,,,NaN,,
2024-12-13T14:22:57.000Z,6.848,2,"",M,57.993,2,"",M,6.000,2,"",N,NaN,,,M,NaN,,,M,NaN,,,M,NaN,,,M,NaN,,,0,NaN,,,0,NaN,,,M,NaN,,,NaN,,,NaN,,,NaN,,
2024-12-13T14:24:46.000Z,6.839,2,"",M,57.995,2,"",M,6.000,2,"",N,NaN,,,M,NaN,,,M,NaN,,,M,NaN,,,M,NaN,,,0,NaN,,,0,NaN,,,M,NaN,,,NaN,,,NaN,,,NaN,,
2024-12-13T14:26:35.000Z,6.830,2,"",M,57.998,2,"",M,6.000,2,"",N,NaN,,,M,NaN,,,M,NaN,,,M,NaN,,,M,NaN,,,0,NaN,,,0,NaN,,,M,NaN,,,NaN,,,NaN,,,NaN,,
2024-12-13T14:31:04.000Z,6.806,2,"",M,58.004,2,"",M,6.000,2,"",N,NaN,,,M,NaN,,,M,NaN,,,M,NaN,,,M,NaN,,,0,NaN,,,0,NaN,,,M,NaN,,,NaN,,,NaN,,,NaN,,
2024-12-13T14:32:53.000Z,6.796,2,"",M,58.006,2,"",M,6.000,2,"",N,NaN,,,M,NaN,,,M,NaN,,,M,NaN,,,M,NaN,,,0,NaN,,,0,NaN,,,M,NaN,,,NaN,,,NaN,,,NaN,,
2024-12-13T14:34:42.000Z,6.786,2,"",M,58.009,2,"",M,6.000,2,"",N,NaN,,,M,NaN,,,M,NaN,,,M,NaN,,,M,NaN,,,0,NaN,,,0,NaN,,,M,NaN,,,NaN,,,NaN,,,NaN,,
2024-12-13T14:39:11.000Z,6.761,2,"",M,58.014,2,"",M,6.000,2,"",N,NaN,,,M,NaN,,,M,NaN,,,M,NaN,,,M,NaN,,,0,NaN,,,0,NaN,,,M,NaN,,,NaN,,,NaN,,,NaN,,
2024-12-13T14:41:01.000Z,6.751,2,"",M,58.016,2,"",M,6.000,2,"",N,NaN,,,M,NaN,,,M,NaN,,,M,NaN,,,M,NaN,,,0,NaN,,,0,NaN,,,M,NaN,,,NaN,,,NaN,,,NaN,,
2024-12-13T14:42:49.000Z,6.741,2,"",M,58.019,2,"",M,6.000,2,"",N,NaN,,,M,NaN,,,M,NaN,,,M,NaN,,,M,NaN,,,0,NaN,,,0,NaN,,,M,NaN,,,NaN,,,NaN,,,NaN,,
2024-12-13T14:47:19.000Z,6.717,2,"",M,58.024,2,"",M,6.000,2,"",N,8.063,2,"",M,32.551,2,"",M,NaN,,,M,NaN,,,M,NaN,,,0,428.730,2,"",M,1022.100,2,"",M,NaN,,,NaN,,,429.051,2,"",427.338,2,""
2024-12-13T14:49:08.000Z,6.708,2,"",M,58.026,2,"",M,6.000,2,"",N,8.051,2,"",M,32.452,2,"",M,NaN,,,M,NaN,,,M,NaN,,,0,428.612,2,"",M,1022.000,2,"",M,NaN,,,NaN,,,428.894,2,"",427.181,2,""
2024-12-13T14:50:57.000Z,6.698,2,"",M,58.028,2,"",M,6.000,2,"",N,8.029,2,"",M,32.333,2,"",M,NaN,,,M,NaN,,,M,NaN,,,0,428.515,2,"",M,1022.000,2,"",M,NaN,,,NaN,,,428.803,2,"",427.090,2,""
2024-12-13T14:52:47.000Z,6.688,2,"",M,58.031,2,"",M,6.000,2,"",N,7.997,2,"",M,32.252,2,"",M,NaN,,,M,NaN,,,M,NaN,,,0,428.467,2,"",M,1022.000,2,"",M,NaN,,,NaN,,,428.765,2,"",427.052,2,""
2024-12-13T14:54:37.000Z,6.678,2,"",M,58.033,2,"",M,6.000,2,"",N,7.963,2,"",M,32.138,2,"",M,NaN,,,M,NaN,,,M,NaN,,,0,428.700,2,"",M,1022.000,2,"",M,NaN,,,NaN,,,429.008,2,"",427.293,2,""
2024-12-13T14:59:47.000Z,6.651,2,"",M,58.039,2,"",M,6.000,2,"",N,8.107,2,"",M,32.360,2,"",M,8.600,2,"",M,1022.940,2,"",M,398.047,2,"",M,NaN,,,0,NaN,,,M,389.348,2,"",387.807,2,"",NaN,,,NaN,,
2024-12-13T15:01:39.000Z,6.641,2,"",M,58.042,2,"",M,6.000,2,"",N,8.167,2,"",M,32.480,2,"",M,8.650,2,"",M,1022.980,2,"",M,399.201,2,"",M,NaN,,,0,NaN,,,M,390.630,2,"",389.084,2,"",NaN,,,NaN,,
2024-12-13T15:03:31.000Z,6.631,2,"",M,58.044,2,"",M,6.000,2,"",N,8.205,2,"",M,32.562,2,"",M,8.740,2,"",M,1022.890,2,"",M,400.664,2,"",M,NaN,,,0,NaN,,,M,391.142,2,"",389.596,2,"",NaN,,,NaN,,
2024-12-13T15:05:22.000Z,6.621,2,"",M,58.047,2,"",M,6.000,2,"",N,8.226,2,"",M,32.623,2,"",M,8.780,2,"",M,1022.760,2,"",M,402.408,2,"",M,NaN,,,0,NaN,,,M,392.477,2,"",390.927,2,"",NaN,,,NaN,,
2024-12-13T15:07:13.000Z,6.611,2,"",M,58.049,2,"",M,6.000,2,"",N,8.227,2,"",M,32.644,2,"",M,8.800,2,"",M,1022.717,2,"",M,403.981,2,"",M,NaN,,,0,NaN,,,M,393.665,2,"",392.111,2,"",NaN,,,NaN,,
2024-12-13T15:09:05.000Z,6.601,2,"",M,58.051,2,"",M,6.000,2,"",N,8.236,2,"",M,32.660,2,"",M,8.790,2,"",M,1022.783,2,"",M,404.704,2,"",M,NaN,,,0,NaN,,,M,394.708,2,"",393.149,2,"",NaN,,,NaN,,
2024-12-13T15:10:56.000Z,6.591,2,"",M,58.054,2,"",M,6.000,2,"",N,8.243,2,"",M,32.677,2,"",M,8.800,2,"",M,1022.620,2,"",M,405.137,2,"",M,NaN,,,0,NaN,,,M,395.024,2,"",393.464,2,"",NaN,,,NaN,,
2024-12-13T15:13:08.000Z,6.579,2,"",M,58.056,2,"",M,6.000,2,"",N,8.256,2,"",M,32.698,2,"",M,8.830,2,"",M,1022.660,2,"",M,405.450,2,"",M,NaN,,,0,NaN,,,M,395.046,2,"",393.487,2,"",NaN,,,NaN,,
2024-12-13T15:15:00.000Z,6.569,2,"",M,58.059,2,"",M,6.000,2,"",N,8.267,2,"",M,32.712,2,"",M,8.840,2,"",M,1022.620,2,"",M,406.052,2,"",M,NaN,,,0,NaN,,,M,395.640,2,"",394.079,2,"",NaN,,,NaN,,
2024-12-13T15:16:51.000Z,6.559,2,"",M,58.061,2,"",M,6.000,2,"",N,8.264,2,"",M,32.714,2,"",M,8.840,2,"",M,1022.550,2,"",M,405.795,2,"",M,NaN,,,0,NaN,,,M,395.303,2,"",393.743,2,"",NaN,,,NaN,,
2024-12-13T15:18:43.000Z,6.549,2,"",M,58.063,2,"",M,6.000,2,"",N,8.238,2,"",M,32.711,2,"",M,8.830,2,"",M,1022.550,2,"",M,405.827,2,"",M,NaN,,,0,NaN,,,M,395.081,2,"",393.522,2,"",NaN,,,NaN,,
2024-12-13T15:20:34.000Z,6.539,2,"",M,58.066,2,"",M,6.000,2,"",N,8.206,2,"",M,32.707,2,"",M,8.810,2,"",M,1022.445,2,"",M,405.920,2,"",M,NaN,,,0,NaN,,,M,394.935,2,"",393.376,2,"",NaN,,,NaN,,
2024-12-13T15:22:25.000Z,6.529,2,"",M,58.068,2,"",M,6.000,2,"",N,8.191,2,"",M,32.714,2,"",M,8.800,2,"",M,1022.410,2,"",M,405.482,2,"",M,NaN,,,0,NaN,,,M,394.414,2,"",392.857,2,"",NaN,,,NaN,,
2024-12-13T15:24:17.000Z,6.520,2,"",M,58.071,2,"",M,6.000,2,"",N,8.175,2,"",M,32.713,2,"",M,8.780,2,"",M,1022.220,2,"",M,405.324,2,"",M,NaN,,,0,NaN,,,M,394.257,2,"",392.701,2,"",NaN,,,NaN,,
2024-12-13T15:26:08.000Z,6.512,2,"",M,58.074,2,"",M,6.000,2,"",N,8.159,2,"",M,32.685,2,"",M,8.750,2,"",M,1022.340,2,"",M,404.936,2,"",M,NaN,,,0,NaN,,,M,394.164,2,"",392.607,2,"",NaN,,,NaN,,
2024-12-13T15:27:59.000Z,6.504,2,"",M,58.078,2,"",M,6.000,2,"",N,8.113,2,"",M,32.642,2,"",M,8.730,2,"",M,1022.000,2,"",M,404.268,2,"",M,NaN,,,0,NaN,,,M,392.947,2,"",391.395,2,"",NaN,,,NaN,,
2024-12-13T15:29:51.000Z,6.495,2,"",M,58.081,2,"",M,6.000,2,"",N,8.108,2,"",M,32.598,2,"",M,8.710,2,"",M,1021.720,2,"",M,404.411,2,"",M,NaN,,,0,NaN,,,M,393.246,2,"",391.693,2,"",NaN,,,NaN,,
2024-12-13T15:31:42.000Z,6.487,2,"",M,58.085,2,"",M,6.000,2,"",N,8.157,2,"",M,32.606,2,"",M,8.690,2,"",M,1021.650,2,"",M,403.623,2,"",M,NaN,,,0,NaN,,,M,393.593,2,"",392.038,2,"",NaN,,,NaN,,
2024-12-13T15:33:33.000Z,6.479,2,"",M,58.088,2,"",M,6.000,2,"",N,8.203,2,"",M,32.631,2,"",M,8.720,2,"",M,1021.920,2,"",M,403.125,2,"",M,NaN,,,0,NaN,,,M,393.473,2,"",391.919,2,"",NaN,,,NaN,,
2024-12-13T15:35:25.000Z,6.471,2,"",M,58.092,2,"",M,6.000,2,"",N,8.242,2,"",M,32.667,2,"",M,8.760,2,"",M,1021.890,2,"",M,402.717,2,"",M,NaN,,,0,NaN,,,M,393.037,2,"",391.485,2,"",NaN,,,NaN,,
2024-12-13T15:37:16.000Z,6.463,2,"",M,58.095,2,"",M,6.000,2,"",N,8.288,2,"",M,32.700,2,"",M,8.800,2,"",M,1021.830,2,"",M,402.949,2,"",M,NaN,,,0,NaN,,,M,393.324,2,"",391.772,2,"",NaN,,,NaN,,
2024-12-13T15:39:08.000Z,6.456,2,"",M,58.099,2,"",M,6.000,2,"",N,8.319,2,"",M,32.727,2,"",M,8.860,2,"",M,1021.900,2,"",M,403.642,2,"",M,NaN,,,0,NaN,,,M,393.533,2,"",391.982,2,"",NaN,,,NaN,,
2024-12-13T15:40:59.000Z,6.448,2,"",M,58.103,2,"",M,6.000,2,"",N,8.349,2,"",M,32.752,2,"",M,8.880,2,"",M,1021.770,2,"",M,404.485,2,"",M,NaN,,,0,NaN,,,M,394.462,2,"",392.907,2,"",NaN,,,NaN,,
2024-12-13T15:42:50.000Z,6.441,2,"",M,58.107,2,"",M,6.000,2,"",N,8.355,2,"",M,32.764,2,"",M,8.910,2,"",M,1021.690,2,"",M,405.508,2,"",M,NaN,,,0,NaN,,,M,395.019,2,"",393.463,2,"",NaN,,,NaN,,
2024-12-13T15:44:42.000Z,6.433,2,"",M,58.111,2,"",M,6.000,2,"",N,8.356,2,"",M,32.768,2,"",M,8.910,2,"",M,1021.810,2,"",M,405.801,2,"",M,NaN,,,0,NaN,,,M,395.378,2,"",393.821,2,"",NaN,,,NaN,,
2024-12-13T15:46:33.000Z,6.425,2,"",M,58.115,2,"",M,6.000,2,"",N,8.359,2,"",M,32.776,2,"",M,8.930,2,"",M,1021.750,2,"",M,405.924,2,"",M,NaN,,,0,NaN,,,M,395.180,2,"",393.624,2,"",NaN,,,NaN,,
2024-12-13T15:48:24.000Z,6.418,2,"",M,58.119,2,"",M,6.000,2,"",N,8.381,2,"",M,32.786,2,"",M,8.940,2,"",M,1021.760,2,"",M,406.256,2,"",M,NaN,,,0,NaN,,,M,395.702,2,"",394.144,2,"",NaN,,,NaN,,
2024-12-13T15:50:16.000Z,6.411,2,"",M,58.123,2,"",M,6.000,2,"",N,8.412,2,"",M,32.803,2,"",M,8.950,2,"",M,1021.690,2,"",M,406.609,2,"",M,NaN,,,0,NaN,,,M,396.374,2,"",394.813,2,"",NaN,,,NaN,,
2024-12-13T15:52:07.000Z,6.403,2,"",M,58.127,2,"",M,6.000,2,"",N,8.436,2,"",M,32.815,2,"",M,8.960,2,"",M,1021.650,2,"",M,407.042,2,"",M,NaN,,,0,NaN,,,M,397.004,2,"",395.441,2,"",NaN,,,NaN,,
2024-12-13T15:53:59.000Z,6.396,2,"",M,58.131,2,"",M,6.000,2,"",N,8.448,2,"",M,32.831,2,"",M,8.990,2,"",M,1021.680,2,"",M,407.324,2,"",M,NaN,,,0,NaN,,,M,396.975,2,"",395.413,2,"",NaN,,,NaN,,
2024-12-13T15:55:51.000Z,6.388,2,"",M,58.135,2,"",M,6.000,2,"",N,8.451,2,"",M,32.843,2,"",M,9.020,2,"",M,1021.690,2,"",M,407.997,2,"",M,NaN,,,0,NaN,,,M,397.180,2,"",395.618,2,"",NaN,,,NaN,,
2024-12-13T15:57:42.000Z,6.380,2,"",M,58.139,2,"",M,6.000,2,"",N,8.455,2,"",M,32.857,2,"",M,9.020,2,"",M,1021.670,2,"",M,408.690,2,"",M,NaN,,,0,NaN,,,M,397.904,2,"",396.339,2,"",NaN,,,NaN,,
2024-12-13T15:59:34.000Z,6.373,2,"",M,58.144,2,"",M,6.000,2,"",N,8.470,2,"",M,32.870,2,"",M,9.010,2,"",M,1021.730,2,"",M,408.723,2,"",M,NaN,,,0,NaN,,,M,398.390,2,"",396.822,2,"",NaN,,,NaN,,
2024-12-13T16:01:25.000Z,6.365,2,"",M,58.148,2,"",M,6.000,2,"",N,8.481,2,"",M,32.888,2,"",M,9.020,2,"",M,1021.640,2,"",M,408.825,2,"",M,NaN,,,0,NaN,,,M,398.477,2,"",396.910,2,"",NaN,,,NaN,,
2024-12-13T16:03:17.000Z,6.358,2,"",M,58.152,2,"",M,6.000,2,"",N,8.486,2,"",M,32.906,2,"",M,9.050,2,"",M,1021.680,2,"",M,408.688,2,"",M,NaN,,,0,NaN,,,M,397.916,2,"",396.352,2,"",NaN,,,NaN,,
2024-12-13T16:05:08.000Z,6.350,2,"",M,58.157,2,"",M,6.000,2,"",N,8.492,2,"",M,32.937,2,"",M,9.060,2,"",M,1021.550,2,"",M,409.020,2,"",M,NaN,,,0,NaN,,,M,398.120,2,"",396.555,2,"",NaN,,,NaN,,
2024-12-13T16:06:59.000Z,6.343,2,"",M,58.161,2,"",M,6.000,2,"",N,8.468,2,"",M,32.969,2,"",M,9.060,2,"",M,1021.520,2,"",M,409.263,2,"",M,NaN,,,0,NaN,,,M,397.936,2,"",396.372,2,"",NaN,,,NaN,,
2024-12-13T16:08:51.000Z,6.335,2,"",M,58.166,2,"",M,6.000,2,"",N,8.402,2,"",M,33.007,2,"",M,9.030,2,"",M,1021.010,2,"",M,409.185,2,"",M,NaN,,,0,NaN,,,M,397.079,2,"",395.519,2,"",NaN,,,NaN,,
2024-12-13T16:10:42.000Z,6.327,2,"",M,58.171,2,"",M,6.000,2,"",N,8.345,2,"",M,33.029,2,"",M,8.990,2,"",M,1020.998,2,"",M,408.307,2,"",M,NaN,,,0,NaN,,,M,395.934,2,"",394.377,2,"",NaN,,,NaN,,
2024-12-13T16:12:54.000Z,6.317,2,"",M,58.176,2,"",M,6.000,2,"",N,8.255,2,"",M,33.056,2,"",M,8.940,2,"",M,1021.430,2,"",M,407.779,2,"",M,NaN,,,0,NaN,,,M,394.941,2,"",393.387,2,"",NaN,,,NaN,,
2024-12-13T16:14:46.000Z,6.309,2,"",M,58.181,2,"",M,6.000,2,"",N,8.237,2,"",M,33.120,2,"",M,8.850,2,"",M,1021.340,2,"",M,406.631,2,"",M,NaN,,,0,NaN,,,M,395.026,2,"",393.470,2,"",NaN,,,NaN,,
2024-12-13T16:16:37.000Z,6.301,2,"",M,58.185,2,"",M,6.000,2,"",N,8.240,2,"",M,33.243,2,"",M,8.810,2,"",M,1021.400,2,"",M,405.112,2,"",M,NaN,,,0,NaN,,,M,394.299,2,"",392.745,2,"",NaN,,,NaN,,
2024-12-13T16:18:29.000Z,6.294,2,"",M,58.190,2,"",M,6.000,2,"",N,8.241,2,"",M,33.309,2,"",M,8.780,2,"",M,1021.290,2,"",M,403.694,2,"",M,NaN,,,0,NaN,,,M,393.410,2,"",391.858,2,"",NaN,,,NaN,,
2024-12-13T16:20:20.000Z,6.286,2,"",M,58.194,2,"",M,6.000,2,"",N,8.243,2,"",M,33.361,2,"",M,8.800,2,"",M,1021.150,2,"",M,402.465,2,"",M,NaN,,,0,NaN,,,M,391.843,2,"",390.298,2,"",NaN,,,NaN,,
2024-12-13T16:22:11.000Z,6.278,2,"",M,58.198,2,"",M,6.000,2,"",N,8.259,2,"",M,33.394,2,"",M,8.810,2,"",M,1021.150,2,"",M,401.987,2,"",M,NaN,,,0,NaN,,,M,391.482,2,"",389.939,2,"",NaN,,,NaN,,
2024-12-13T16:24:03.000Z,6.270,2,"",M,58.202,2,"",M,6.000,2,"",N,8.278,2,"",M,33.430,2,"",M,8.820,2,"",M,1021.040,2,"",M,402.079,2,"",M,NaN,,,0,NaN,,,M,391.666,2,"",390.122,2,"",NaN,,,NaN,,
2024-12-13T16:25:54.000Z,6.262,2,"",M,58.206,2,"",M,6.000,2,"",N,8.293,2,"",M,33.456,2,"",M,8.820,2,"",M,1021.050,2,"",M,402.092,2,"",M,NaN,,,0,NaN,,,M,391.935,2,"",390.390,2,"",NaN,,,NaN,,
2024-12-13T16:27:45.000Z,6.253,2,"",M,58.211,2,"",M,6.000,2,"",N,8.299,2,"",M,33.478,2,"",M,8.850,2,"",M,1021.050,2,"",M,402.134,2,"",M,NaN,,,0,NaN,,,M,391.566,2,"",390.024,2,"",NaN,,,NaN,,
2024-12-13T16:29:37.000Z,6.245,2,"",M,58.215,2,"",M,6.000,2,"",N,8.295,2,"",I,33.480,2,"",I,8.870,2,"",M,1020.950,2,"",M,402.567,2,"",M,NaN,,,0,NaN,,,M,391.558,2,"",390.016,2,"",NaN,,,NaN,,
2024-12-13T16:31:28.000Z,6.236,2,"",M,58.219,2,"",M,6.000,2,"",N,8.292,2,"",M,33.483,2,"",M,8.860,2,"",M,1020.890,2,"",M,403.060,2,"",M,NaN,,,0,NaN,,,M,392.130,2,"",390.585,2,"",NaN,,,NaN,,
2024-12-13T16:33:20.000Z,6.228,2,"",M,58.223,2,"",M,6.000,2,"",N,8.286,2,"",M,33.479,2,"",M,8.850,2,"",M,1020.800,2,"",M,402.892,2,"",M,NaN,,,0,NaN,,,M,392.004,2,"",390.460,2,"",NaN,,,NaN,,
2024-12-13T16:35:12.000Z,6.219,2,"",M,58.227,2,"",M,6.000,2,"",N,8.281,2,"",M,33.474,2,"",M,8.840,2,"",M,1020.630,2,"",M,402.885,2,"",M,NaN,,,0,NaN,,,M,392.013,2,"",390.469,2,"",NaN,,,NaN,,
2024-12-13T16:37:03.000Z,6.210,2,"",M,58.231,2,"",M,6.000,2,"",N,8.273,2,"",M,33.470,2,"",M,8.860,2,"",M,1020.700,2,"",M,402.737,2,"",M,NaN,,,0,NaN,,,M,391.422,2,"",389.880,2,"",NaN,,,NaN,,
2024-12-13T16:38:55.000Z,6.202,2,"",M,58.236,2,"",M,6.000,2,"",N,8.264,2,"",M,33.463,2,"",M,8.850,2,"",M,1020.460,2,"",M,403.120,2,"",M,NaN,,,0,NaN,,,M,391.729,2,"",390.186,2,"",NaN,,,NaN,,
2024-12-13T16:40:46.000Z,6.194,2,"",M,58.240,2,"",M,6.000,2,"",N,8.256,2,"",M,33.459,2,"",M,8.830,2,"",M,1020.470,2,"",M,403.032,2,"",M,NaN,,,0,NaN,,,M,391.842,2,"",390.299,2,"",NaN,,,NaN,,
2024-12-13T16:42:38.000Z,6.185,2,"",M,58.244,2,"",M,6.000,2,"",N,8.242,2,"",M,33.447,2,"",M,8.820,2,"",M,1020.270,2,"",M,402.574,2,"",M,NaN,,,0,NaN,,,M,391.259,2,"",389.718,2,"",NaN,,,NaN,,
2024-12-13T16:44:29.000Z,6.177,2,"",M,58.248,2,"",M,6.000,2,"",N,8.221,2,"",M,33.430,2,"",M,8.820,2,"",M,1020.760,2,"",M,402.456,2,"",M,NaN,,,0,NaN,,,M,390.985,2,"",389.444,2,"",NaN,,,NaN,,
2024-12-13T16:46:20.000Z,6.168,2,"",M,58.253,2,"",M,6.000,2,"",N,8.196,2,"",M,33.397,2,"",M,8.810,2,"",M,1020.740,2,"",M,402.329,2,"",M,NaN,,,0,NaN,,,M,390.615,2,"",389.076,2,"",NaN,,,NaN,,
2024-12-13T16:48:12.000Z,6.160,2,"",M,58.257,2,"",M,6.000,2,"",N,8.181,2,"",M,33.364,2,"",M,8.770,2,"",M,1020.850,2,"",M,402.161,2,"",M,NaN,,,0,NaN,,,M,390.909,2,"",389.368,2,"",NaN,,,NaN,,
2024-12-13T16:50:03.000Z,6.151,2,"",M,58.261,2,"",M,6.000,2,"",N,8.166,2,"",M,33.337,2,"",M,8.750,2,"",M,1020.660,2,"",M,401.983,2,"",M,NaN,,,0,NaN,,,M,390.761,2,"",389.220,2,"",NaN,,,NaN,,
2024-12-13T16:51:54.000Z,6.142,2,"",M,58.265,2,"",M,6.000,2,"",N,8.152,2,"",M,33.309,2,"",M,8.730,2,"",M,1020.390,2,"",M,401.495,2,"",M,NaN,,,0,NaN,,,M,390.277,2,"",388.738,2,"",NaN,,,NaN,,
2024-12-13T16:53:46.000Z,6.133,2,"",M,58.269,2,"",M,6.000,2,"",N,8.136,2,"",M,33.289,2,"",M,8.740,2,"",M,1020.740,2,"",M,401.788,2,"",M,NaN,,,0,NaN,,,M,390.275,2,"",388.736,2,"",NaN,,,NaN,,
2024-12-13T16:55:37.000Z,6.124,2,"",M,58.273,2,"",M,6.000,2,"",N,8.126,2,"",M,33.258,2,"",M,8.720,2,"",M,1020.410,2,"",M,401.590,2,"",M,NaN,,,0,NaN,,,M,390.128,2,"",388.589,2,"",NaN,,,NaN,,
2024-12-13T16:57:28.000Z,6.115,2,"",M,58.277,2,"",M,6.000,2,"",N,8.122,2,"",M,33.242,2,"",M,8.690,2,"",M,1020.270,2,"",M,401.422,2,"",M,NaN,,,0,NaN,,,M,390.342,2,"",388.802,2,"",NaN,,,NaN,,
2024-12-13T16:59:20.000Z,6.106,2,"",M,58.281,2,"",M,6.000,2,"",N,8.118,2,"",M,33.230,2,"",M,8.680,2,"",M,1020.250,2,"",M,401.224,2,"",M,NaN,,,0,NaN,,,M,390.248,2,"",388.708,2,"",NaN,,,NaN,,
2024-12-13T17:01:13.000Z,6.097,2,"",M,58.285,2,"",M,6.000,2,"",N,8.123,2,"",M,33.207,2,"",M,8.700,2,"",M,1020.390,2,"",M,401.437,2,"",M,NaN,,,0,NaN,,,M,390.253,2,"",388.714,2,"",NaN,,,NaN,,
2024-12-13T17:03:04.000Z,6.088,2,"",M,58.289,2,"",M,6.000,2,"",N,8.150,2,"",M,33.179,2,"",M,8.700,2,"",M,1020.330,2,"",M,401.690,2,"",M,NaN,,,0,NaN,,,M,390.912,2,"",389.370,2,"",NaN,,,NaN,,
2024-12-13T17:04:55.000Z,6.079,2,"",M,58.293,2,"",M,6.000,2,"",N,8.180,2,"",M,33.151,2,"",M,8.710,2,"",M,1020.240,2,"",M,401.912,2,"",M,NaN,,,0,NaN,,,M,391.426,2,"",389.882,2,"",NaN,,,NaN,,
2024-12-13T17:06:47.000Z,6.070,2,"",M,58.297,2,"",M,6.000,2,"",N,8.215,2,"",M,33.126,2,"",M,8.730,2,"",M,1020.080,2,"",M,402.135,2,"",M,NaN,,,0,NaN,,,M,391.824,2,"",390.279,2,"",NaN,,,NaN,,
2024-12-13T17:08:38.000Z,6.061,2,"",M,58.301,2,"",M,6.000,2,"",N,8.239,2,"",M,33.110,2,"",M,8.770,2,"",M,1020.030,2,"",M,402.668,2,"",M,NaN,,,0,NaN,,,M,392.047,2,"",390.503,2,"",NaN,,,NaN,,
2024-12-13T17:10:29.000Z,6.052,2,"",M,58.305,2,"",M,6.000,2,"",N,8.263,2,"",M,33.099,2,"",M,8.810,2,"",M,1019.750,2,"",M,403.501,2,"",M,NaN,,,0,NaN,,,M,392.481,2,"",390.936,2,"",NaN,,,NaN,,
2024-12-13T17:12:21.000Z,6.043,2,"",M,58.309,2,"",M,6.000,2,"",N,8.276,2,"",M,33.087,2,"",M,8.830,2,"",M,1020.160,2,"",M,404.414,2,"",M,NaN,,,0,NaN,,,M,393.407,2,"",391.858,2,"",NaN,,,NaN,,
2024-12-13T17:14:34.000Z,6.032,2,"",M,58.313,2,"",M,6.000,2,"",N,8.294,2,"",M,33.076,2,"",M,8.830,2,"",M,1020.140,2,"",M,404.848,2,"",M,NaN,,,0,NaN,,,M,394.117,2,"",392.565,2,"",NaN,,,NaN,,
2024-12-13T17:16:26.000Z,6.023,2,"",M,58.317,2,"",M,6.000,2,"",N,8.314,2,"",M,33.066,2,"",M,8.840,2,"",M,1020.140,2,"",M,405.380,2,"",M,NaN,,,0,NaN,,,M,394.792,2,"",393.238,2,"",NaN,,,NaN,,
2024-12-13T17:18:17.000Z,6.014,2,"",M,58.321,2,"",M,6.000,2,"",N,8.328,2,"",M,33.057,2,"",M,8.880,2,"",M,1020.030,2,"",M,405.443,2,"",M,NaN,,,0,NaN,,,M,394.363,2,"",392.811,2,"",NaN,,,NaN,,
2024-12-13T17:20:08.000Z,6.005,2,"",M,58.325,2,"",M,6.000,2,"",N,8.338,2,"",M,33.050,2,"",M,8.900,2,"",M,1019.840,2,"",M,405.866,2,"",M,NaN,,,0,NaN,,,M,394.536,2,"",392.985,2,"",NaN,,,NaN,,
2024-12-13T17:22:00.000Z,5.996,2,"",M,58.329,2,"",M,6.000,2,"",N,8.343,2,"",M,33.050,2,"",M,8.890,2,"",M,1020.080,2,"",M,406.088,2,"",M,NaN,,,0,NaN,,,M,395.100,2,"",393.546,2,"",NaN,,,NaN,,
2024-12-13T17:23:51.000Z,5.988,2,"",M,58.333,2,"",M,6.000,2,"",N,8.354,2,"",M,33.045,2,"",M,8.900,2,"",M,1019.920,2,"",M,405.881,2,"",M,NaN,,,0,NaN,,,M,394.849,2,"",393.296,2,"",NaN,,,NaN,,
2024-12-13T17:25:42.000Z,5.979,2,"",M,58.337,2,"",M,6.000,2,"",N,8.366,2,"",M,33.041,2,"",M,8.910,2,"",M,1019.700,2,"",M,406.484,2,"",M,NaN,,,0,NaN,,,M,395.376,2,"",393.822,2,"",NaN,,,NaN,,
2024-12-13T17:27:34.000Z,5.971,2,"",M,58.340,2,"",M,6.000,2,"",N,8.401,2,"",M,33.026,2,"",M,8.940,2,"",M,1019.750,2,"",M,406.636,2,"",M,NaN,,,0,NaN,,,M,395.617,2,"",394.062,2,"",NaN,,,NaN,,
2024-12-13T17:29:25.000Z,5.963,2,"",M,58.344,2,"",M,6.000,2,"",N,8.430,2,"",M,33.002,2,"",M,8.950,2,"",M,1019.740,2,"",M,407.169,2,"",M,NaN,,,0,NaN,,,M,396.451,2,"",394.893,2,"",NaN,,,NaN,,
2024-12-13T17:31:16.000Z,5.954,2,"",M,58.348,2,"",M,6.000,2,"",N,8.457,2,"",M,32.988,2,"",M,8.970,2,"",M,1019.940,2,"",M,407.652,2,"",M,NaN,,,0,NaN,,,M,397.104,2,"",395.544,2,"",NaN,,,NaN,,
2024-12-13T17:33:08.000Z,5.946,2,"",M,58.352,2,"",M,6.000,2,"",N,8.496,2,"",M,32.983,2,"",M,8.990,2,"",M,1019.640,2,"",M,408.145,2,"",M,NaN,,,0,NaN,,,M,397.790,2,"",396.228,2,"",NaN,,,NaN,,
2024-12-13T17:34:59.000Z,5.937,2,"",M,58.356,2,"",M,6.000,2,"",N,8.521,2,"",M,32.979,2,"",M,9.060,2,"",M,1019.680,2,"",M,408.328,2,"",M,NaN,,,0,NaN,,,M,397.199,2,"",395.641,2,"",NaN,,,NaN,,
2024-12-13T17:36:51.000Z,5.929,2,"",M,58.360,2,"",M,6.000,2,"",N,8.534,2,"",M,32.977,2,"",M,9.080,2,"",M,1019.700,2,"",M,408.891,2,"",M,NaN,,,0,NaN,,,M,397.627,2,"",396.067,2,"",NaN,,,NaN,,
2024-12-13T17:38:42.000Z,5.921,2,"",M,58.363,2,"",M,6.000,2,"",N,8.543,2,"",M,32.975,2,"",M,9.090,2,"",M,1019.610,2,"",M,410.024,2,"",M,NaN,,,0,NaN,,,M,398.676,2,"",397.112,2,"",NaN,,,NaN,,
2024-12-13T17:40:33.000Z,5.912,2,"",M,58.367,2,"",M,6.000,2,"",N,8.556,2,"",M,32.978,2,"",M,9.090,2,"",M,1019.450,2,"",M,409.986,2,"",M,NaN,,,0,NaN,,,M,398.802,2,"",397.238,2,"",NaN,,,NaN,,
2024-12-13T17:42:25.000Z,5.904,2,"",M,58.371,2,"",M,6.000,2,"",N,8.558,2,"",M,32.982,2,"",M,9.110,2,"",M,1019.240,2,"",M,410.409,2,"",M,NaN,,,0,NaN,,,M,398.814,2,"",397.251,2,"",NaN,,,NaN,,
2024-12-13T17:44:16.000Z,5.896,2,"",M,58.375,2,"",M,6.000,2,"",N,8.556,2,"",M,32.981,2,"",M,9.130,2,"",M,1019.360,2,"",M,410.422,2,"",M,NaN,,,0,NaN,,,M,398.500,2,"",396.939,2,"",NaN,,,NaN,,
2024-12-13T17:46:07.000Z,5.888,2,"",M,58.379,2,"",M,6.000,2,"",N,8.553,2,"",M,32.979,2,"",M,9.120,2,"",M,1019.720,2,"",M,410.554,2,"",M,NaN,,,0,NaN,,,M,398.896,2,"",397.332,2,"",NaN,,,NaN,,
2024-12-13T17:47:59.000Z,5.880,2,"",M,58.383,2,"",M,6.000,2,"",N,8.552,2,"",M,32.980,2,"",M,9.110,2,"",M,1019.690,2,"",M,410.787,2,"",M,NaN,,,0,NaN,,,M,399.255,2,"",397.690,2,"",NaN,,,NaN,,
2024-12-13T17:49:50.000Z,5.872,2,"",M,58.387,2,"",M,6.000,2,"",N,8.550,2,"",M,32.980,2,"",M,9.100,2,"",M,1019.670,2,"",M,410.549,2,"",M,NaN,,,0,NaN,,,M,399.160,2,"",397.595,2,"",NaN,,,NaN,,
2024-12-13T17:51:42.000Z,5.864,2,"",M,58.391,2,"",M,6.000,2,"",N,8.551,2,"",M,32.983,2,"",M,9.120,2,"",M,1019.710,2,"",M,410.762,2,"",M,NaN,,,0,NaN,,,M,399.061,2,"",397.496,2,"",NaN,,,NaN,,
2024-12-13T17:53:34.000Z,5.856,2,"",M,58.395,2,"",M,6.000,2,"",N,8.550,2,"",M,32.986,2,"",M,9.120,2,"",M,1019.100,2,"",M,410.975,2,"",M,NaN,,,0,NaN,,,M,399.002,2,"",397.439,2,"",NaN,,,NaN,,
2024-12-13T17:55:26.000Z,5.848,2,"",M,58.399,2,"",M,6.000,2,"",N,8.549,2,"",M,32.990,2,"",M,9.100,2,"",M,1019.305,2,"",M,410.897,2,"",M,NaN,,,0,NaN,,,M,399.330,2,"",397.765,2,"",NaN,,,NaN,,
2024-12-13T17:57:18.000Z,5.841,2,"",M,58.403,2,"",M,6.000,2,"",N,8.515,2,"",M,32.985,2,"",M,9.100,2,"",M,1019.390,2,"",M,410.739,2,"",M,NaN,,,0,NaN,,,M,398.647,2,"",397.084,2,"",NaN,,,NaN,,
2024-12-13T17:59:10.000Z,5.833,2,"",M,58.407,2,"",M,6.000,2,"",N,8.451,2,"",M,32.762,2,"",M,9.080,2,"",M,1019.260,2,"",M,410.562,2,"",M,NaN,,,0,NaN,,,M,397.686,2,"",396.127,2,"",NaN,,,NaN,,
2024-12-13T18:01:01.000Z,5.826,2,"",M,58.411,2,"",M,6.000,2,"",N,8.418,2,"",M,32.614,2,"",M,9.040,2,"",M,1019.340,2,"",M,409.693,2,"",M,NaN,,,0,NaN,,,M,397.001,2,"",395.443,2,"",NaN,,,NaN,,
2024-12-13T18:02:52.000Z,5.818,2,"",M,58.415,2,"",M,6.000,2,"",N,8.401,2,"",M,32.589,2,"",M,8.990,2,"",M,1019.150,2,"",M,407.443,2,"",M,NaN,,,0,NaN,,,M,395.311,2,"",393.759,2,"",NaN,,,NaN,,
2024-12-13T18:04:44.000Z,5.811,2,"",M,58.419,2,"",M,6.000,2,"",N,8.400,2,"",M,32.623,2,"",M,8.970,2,"",M,1019.270,2,"",M,405.514,2,"",M,NaN,,,0,NaN,,,M,393.818,2,"",392.271,2,"",NaN,,,NaN,,
2024-12-13T18:09:13.000Z,5.793,2,"",M,58.429,2,"",M,6.000,2,"",N,NaN,,,M,NaN,,,M,NaN,,,M,NaN,,,M,NaN,,,0,NaN,,,0,NaN,,,M,NaN,,,NaN,,,NaN,,,NaN,,
2024-12-13T18:11:02.000Z,5.787,2,"",M,58.434,2,"",M,6.000,2,"",N,NaN,,,M,NaN,,,M,NaN,,,M,NaN,,,M,NaN,,,0,NaN,,,0,NaN,,,M,NaN,,,NaN,,,NaN,,,NaN,,
2024-12-13T18:12:51.000Z,5.780,2,"",M,58.438,2,"",M,6.000,2,"",N,NaN,,,M,NaN,,,M,NaN,,,M,NaN,,,M,NaN,,,0,NaN,,,0,NaN,,,M,NaN,,,NaN,,,NaN,,,NaN,,
2024-12-13T18:17:41.000Z,5.763,2,"",M,58.450,2,"",M,6.000,2,"",N,NaN,,,M,NaN,,,M,NaN,,,M,NaN,,,M,NaN,,,0,NaN,,,0,NaN,,,M,NaN,,,NaN,,,NaN,,,NaN,,
2024-12-13T18:19:30.000Z,5.756,2,"",M,58.454,2,"",M,6.000,2,"",N,NaN,,,M,NaN,,,M,NaN,,,M,NaN,,,M,NaN,,,0,NaN,,,0,NaN,,,M,NaN,,,NaN,,,NaN,,,NaN,,
2024-12-13T18:21:19.000Z,5.750,2,"",M,58.458,2,"",M,6.000,2,"",N,NaN,,,M,NaN,,,M,NaN,,,M,NaN,,,M,NaN,,,0,NaN,,,0,NaN,,,M,NaN,,,NaN,,,NaN,,,NaN,,
2024-12-13T18:25:48.000Z,5.733,2,"",M,58.468,2,"",M,6.000,2,"",N,NaN,,,M,NaN,,,M,NaN,,,M,NaN,,,M,NaN,,,0,NaN,,,0,NaN,,,M,NaN,,,NaN,,,NaN,,,NaN,,
2024-12-13T18:27:37.000Z,5.727,2,"",M,58.472,2,"",M,6.000,2,"",N,NaN,,,M,NaN,,,M,NaN,,,M,NaN,,,M,NaN,,,0,NaN,,,0,NaN,,,M,NaN,,,NaN,,,NaN,,,NaN,,
2024-12-13T18:29:26.000Z,5.720,2,"",M,58.476,2,"",M,6.000,2,"",N,NaN,,,M,NaN,,,M,NaN,,,M,NaN,,,M,NaN,,,0,NaN,,,0,NaN,,,M,NaN,,,NaN,,,NaN,,,NaN,,
2024-12-13T18:33:55.000Z,5.704,2,"",M,58.486,2,"",M,6.000,2,"",N,NaN,,,0,NaN,,,0,NaN,,,M,NaN,,,M,NaN,,,0,429.600,2,"",M,1018.100,2,"",M,NaN,,,NaN,,,NaN,,,NaN,,
2024-12-13T18:35:45.000Z,5.697,2,"",M,58.490,2,"",M,6.000,2,"",N,NaN,,,0,NaN,,,0,NaN,,,M,NaN,,,M,NaN,,,0,429.181,2,"",M,1018.100,2,"",M,NaN,,,NaN,,,NaN,,,NaN,,
2024-12-13T18:42:40.000Z,5.673,2,"",M,58.505,2,"",M,6.000,2,"",N,NaN,,,M,NaN,,,M,NaN,,,M,NaN,,,M,NaN,,,0,NaN,,,0,NaN,,,M,NaN,,,NaN,,,NaN,,,NaN,,
2024-12-13T18:47:09.000Z,5.658,2,"",M,58.515,2,"",M,6.000,2,"",N,NaN,,,M,NaN,,,M,NaN,,,M,NaN,,,M,NaN,,,0,NaN,,,0,NaN,,,M,NaN,,,NaN,,,NaN,,,NaN,,
2024-12-13T18:51:39.000Z,5.644,2,"",M,58.526,2,"",M,6.000,2,"",N,NaN,,,M,NaN,,,M,NaN,,,M,NaN,,,M,NaN,,,0,NaN,,,0,NaN,,,M,NaN,,,NaN,,,NaN,,,NaN,,
